ensemble_size,actor,state_id,concept,reference_margin,local_ui_gap,structural_no_move,global_ui_certificate_rate,local_ui_certificate_rate,analytical_classification_certificate_rate,ui_set_empirical_invariance_rate,classification_empirical_preservation_rate
10,CN,1,GMR,0.500000000000,,True,0.000000000000,1.000000000000,1.000000000000,1.000000000000,1.000000000000
10,CN,1,Nash,0.500000000000,,True,0.000000000000,1.000000000000,1.000000000000,1.000000000000,1.000000000000
10,CN,1,SEQ,0.500000000000,,True,0.000000000000,1.000000000000,1.000000000000,1.000000000000,1.000000000000
10,CN,1,SMR,0.500000000000,,True,0.000000000000,1.000000000000,1.000000000000,1.000000000000,1.000000000000
10,CN,2,GMR,0.418000000000,0.500000000000,False,0.000000000000,0.870000000000,0.480000000000,1.000000000000,1.000000000000
10,CN,2,Nash,-0.500000000000,0.500000000000,False,0.000000000000,0.870000000000,0.870000000000,1.000000000000,1.000000000000
10,CN,2,SEQ,0.194000000000,0.500000000000,False,0.000000000000,0.870000000000,0.000000000000,1.000000000000,0.970000000000
10,CN,2,SMR,0.112000000000,0.500000000000,False,0.000000000000,0.870000000000,0.000000000000,1.000000000000,0.830000000000
10,CN,3,GMR,0.344000000000,0.344000000000,False,0.000000000000,0.080000000000,0.080000000000,1.000000000000,1.000000000000
10,CN,3,Nash,0.344000000000,0.344000000000,False,0.000000000000,0.080000000000,0.080000000000,1.000000000000,1.000000000000
10,CN,3,SEQ,0.344000000000,0.344000000000,False,0.000000000000,0.080000000000,0.080000000000,1.000000000000,1.000000000000
10,CN,3,SMR,0.344000000000,0.344000000000,False,0.000000000000,0.080000000000,0.080000000000,1.000000000000,1.000000000000
10,CN,4,GMR,-0.374000000000,0.308000000000,False,0.000000000000,0.010000000000,0.010000000000,0.970000000000,0.970000000000
10,CN,4,Nash,-0.370000000000,0.308000000000,False,0.000000000000,0.010000000000,0.010000000000,0.970000000000,1.000000000000
10,CN,4,SEQ,-0.374000000000,0.308000000000,False,0.000000000000,0.010000000000,0.010000000000,0.970000000000,0.970000000000
10,CN,4,SMR,-0.474000000000,0.308000000000,False,0.000000000000,0.010000000000,0.010000000000,0.970000000000,1.000000000000
10,CN,5,GMR,0.486000000000,0.194000000000,False,0.000000000000,0.000000000000,0.000000000000,0.840000000000,1.000000000000
10,CN,5,Nash,-0.194000000000,0.194000000000,False,0.000000000000,0.000000000000,0.000000000000,0.840000000000,0.850000000000
10,CN,5,SEQ,-0.328000000000,0.194000000000,False,0.000000000000,0.000000000000,0.000000000000,0.840000000000,0.820000000000
10,CN,5,SMR,-0.366000000000,0.194000000000,False,0.000000000000,0.000000000000,0.000000000000,0.840000000000,0.850000000000
10,CN,6,GMR,0.148000000000,0.186000000000,False,0.000000000000,0.000000000000,0.000000000000,0.800000000000,0.950000000000
10,CN,6,Nash,-0.444000000000,0.186000000000,False,0.000000000000,0.000000000000,0.000000000000,0.800000000000,1.000000000000
10,CN,6,SEQ,0.148000000000,0.186000000000,False,0.000000000000,0.000000000000,0.000000000000,0.800000000000,0.900000000000
10,CN,6,SMR,-0.384000000000,0.186000000000,False,0.000000000000,0.000000000000,0.000000000000,0.800000000000,1.000000000000
10,CN,7,GMR,0.024000000000,0.234000000000,False,0.000000000000,0.000000000000,0.000000000000,1.000000000000,0.670000000000
10,CN,7,Nash,-0.476000000000,0.234000000000,False,0.000000000000,0.000000000000,0.000000000000,1.000000000000,1.000000000000
10,CN,7,SEQ,-0.236000000000,0.234000000000,False,0.000000000000,0.000000000000,0.000000000000,1.000000000000,0.950000000000
10,CN,7,SMR,-0.384000000000,0.234000000000,False,0.000000000000,0.000000000000,0.000000000000,1.000000000000,1.000000000000
10,CN,8,GMR,0.354000000000,0.354000000000,False,0.000000000000,0.120000000000,0.120000000000,1.000000000000,1.000000000000
10,CN,8,Nash,0.354000000000,0.354000000000,False,0.000000000000,0.120000000000,0.120000000000,1.000000000000,1.000000000000
10,CN,8,SEQ,0.354000000000,0.354000000000,False,0.000000000000,0.120000000000,0.120000000000,1.000000000000,1.000000000000
10,CN,8,SMR,0.354000000000,0.354000000000,False,0.000000000000,0.120000000000,0.120000000000,1.000000000000,1.000000000000
10,CN,9,GMR,0.492000000000,0.042000000000,False,0.000000000000,0.000000000000,0.000000000000,0.780000000000,1.000000000000
10,CN,9,Nash,-0.384000000000,0.042000000000,False,0.000000000000,0.000000000000,0.000000000000,0.780000000000,1.000000000000
10,CN,9,SEQ,-0.500000000000,0.042000000000,False,0.000000000000,0.000000000000,0.000000000000,0.780000000000,1.000000000000
10,CN,9,SMR,-0.280000000000,0.042000000000,False,0.000000000000,0.000000000000,0.000000000000,0.780000000000,0.980000000000
10,CN,10,GMR,0.500000000000,,True,0.000000000000,1.000000000000,1.000000000000,1.000000000000,1.000000000000
10,CN,10,Nash,0.500000000000,,True,0.000000000000,1.000000000000,1.000000000000,1.000000000000,1.000000000000
10,CN,10,SEQ,0.500000000000,,True,0.000000000000,1.000000000000,1.000000000000,1.000000000000,1.000000000000
10,CN,10,SMR,0.500000000000,,True,0.000000000000,1.000000000000,1.000000000000,1.000000000000,1.000000000000
10,CN,11,GMR,-0.084000000000,0.110000000000,False,0.000000000000,0.000000000000,0.000000000000,0.670000000000,0.590000000000
10,CN,11,Nash,-0.446000000000,0.110000000000,False,0.000000000000,0.000000000000,0.000000000000,0.670000000000,1.000000000000
10,CN,11,SEQ,-0.500000000000,0.110000000000,False,0.000000000000,0.000000000000,0.000000000000,0.670000000000,1.000000000000
10,CN,11,SMR,-0.360000000000,0.110000000000,False,0.000000000000,0.000000000000,0.000000000000,0.670000000000,1.000000000000
10,CN,12,GMR,-0.342000000000,0.078000000000,False,0.000000000000,0.000000000000,0.000000000000,0.480000000000,0.980000000000
10,CN,12,Nash,-0.390000000000,0.078000000000,False,0.000000000000,0.000000000000,0.000000000000,0.480000000000,1.000000000000
10,CN,12,SEQ,-0.500000000000,0.078000000000,False,0.000000000000,0.000000000000,0.000000000000,0.480000000000,1.000000000000
10,CN,12,SMR,-0.384000000000,0.078000000000,False,0.000000000000,0.000000000000,0.000000000000,0.480000000000,1.000000000000
10,CN,13,GMR,0.276000000000,0.090000000000,False,0.000000000000,0.000000000000,0.000000000000,0.840000000000,0.990000000000
10,CN,13,Nash,-0.396000000000,0.090000000000,False,0.000000000000,0.000000000000,0.000000000000,0.840000000000,1.000000000000
10,CN,13,SEQ,-0.288000000000,0.090000000000,False,0.000000000000,0.000000000000,0.000000000000,0.840000000000,1.000000000000
10,CN,13,SMR,-0.256000000000,0.090000000000,False,0.000000000000,0.000000000000,0.000000000000,0.840000000000,0.970000000000
10,CN,14,GMR,-0.468000000000,0.124000000000,False,0.000000000000,0.000000000000,0.000000000000,0.630000000000,1.000000000000
10,CN,14,Nash,-0.466000000000,0.124000000000,False,0.000000000000,0.000000000000,0.000000000000,0.630000000000,1.000000000000
10,CN,14,SEQ,-0.468000000000,0.124000000000,False,0.000000000000,0.000000000000,0.000000000000,0.630000000000,1.000000000000
10,CN,14,SMR,-0.468000000000,0.124000000000,False,0.000000000000,0.000000000000,0.000000000000,0.630000000000,1.000000000000
10,CN,15,GMR,0.416000000000,0.028000000000,False,0.000000000000,0.000000000000,0.000000000000,0.250000000000,1.000000000000
10,CN,15,Nash,-0.028000000000,0.028000000000,False,0.000000000000,0.000000000000,0.000000000000,0.250000000000,0.460000000000
10,CN,15,SEQ,-0.434000000000,0.028000000000,False,0.000000000000,0.000000000000,0.000000000000,0.250000000000,0.460000000000
10,CN,15,SMR,-0.306000000000,0.028000000000,False,0.000000000000,0.000000000000,0.000000000000,0.250000000000,0.460000000000
10,CN,16,GMR,-0.486000000000,0.326000000000,False,0.000000000000,0.020000000000,0.020000000000,0.950000000000,1.000000000000
10,CN,16,Nash,-0.464000000000,0.326000000000,False,0.000000000000,0.020000000000,0.020000000000,0.950000000000,1.000000000000
10,CN,16,SEQ,-0.500000000000,0.326000000000,False,0.000000000000,0.020000000000,0.020000000000,0.950000000000,1.000000000000
10,CN,16,SMR,-0.486000000000,0.326000000000,False,0.000000000000,0.020000000000,0.020000000000,0.950000000000,1.000000000000
10,CN,17,GMR,0.500000000000,,True,0.000000000000,1.000000000000,1.000000000000,1.000000000000,1.000000000000
10,CN,17,Nash,0.500000000000,,True,0.000000000000,1.000000000000,1.000000000000,1.000000000000,1.000000000000
10,CN,17,SEQ,0.500000000000,,True,0.000000000000,1.000000000000,1.000000000000,1.000000000000,1.000000000000
10,CN,17,SMR,0.500000000000,,True,0.000000000000,1.000000000000,1.000000000000,1.000000000000,1.000000000000
10,CN,18,GMR,0.324000000000,0.410000000000,False,0.000000000000,0.450000000000,0.020000000000,1.000000000000,1.000000000000
10,CN,18,Nash,-0.498000000000,0.410000000000,False,0.000000000000,0.450000000000,0.450000000000,1.000000000000,1.000000000000
10,CN,18,SEQ,0.182000000000,0.410000000000,False,0.000000000000,0.450000000000,0.000000000000,1.000000000000,0.930000000000
10,CN,18,SMR,-0.104000000000,0.410000000000,False,0.000000000000,0.450000000000,0.000000000000,1.000000000000,0.690000000000
10,CN,19,GMR,0.390000000000,0.286000000000,False,0.000000000000,0.000000000000,0.000000000000,0.960000000000,1.000000000000
10,CN,19,Nash,-0.484000000000,0.286000000000,False,0.000000000000,0.000000000000,0.000000000000,0.960000000000,1.000000000000
10,CN,19,SEQ,-0.492000000000,0.286000000000,False,0.000000000000,0.000000000000,0.000000000000,0.960000000000,0.960000000000
10,CN,19,SMR,0.330000000000,0.286000000000,False,0.000000000000,0.000000000000,0.000000000000,0.960000000000,1.000000000000
10,CN,20,GMR,-0.496000000000,0.498000000000,False,0.000000000000,0.870000000000,0.870000000000,1.000000000000,1.000000000000
10,CN,20,Nash,-0.500000000000,0.498000000000,False,0.000000000000,0.870000000000,0.870000000000,1.000000000000,1.000000000000
10,CN,20,SEQ,-0.496000000000,0.498000000000,False,0.000000000000,0.870000000000,0.870000000000,1.000000000000,1.000000000000
10,CN,20,SMR,-0.498000000000,0.498000000000,False,0.000000000000,0.870000000000,0.870000000000,1.000000000000,1.000000000000
10,CN,21,GMR,-0.210000000000,0.182000000000,False,0.000000000000,0.000000000000,0.000000000000,0.890000000000,0.980000000000
10,CN,21,Nash,-0.498000000000,0.182000000000,False,0.000000000000,0.000000000000,0.000000000000,0.890000000000,1.000000000000
10,CN,21,SEQ,-0.478000000000,0.182000000000,False,0.000000000000,0.000000000000,0.000000000000,0.890000000000,1.000000000000
10,CN,21,SMR,-0.470000000000,0.182000000000,False,0.000000000000,0.000000000000,0.000000000000,0.890000000000,1.000000000000
10,CN,22,GMR,0.498000000000,0.498000000000,False,0.000000000000,0.870000000000,0.870000000000,1.000000000000,1.000000000000
10,CN,22,Nash,0.498000000000,0.498000000000,False,0.000000000000,0.870000000000,0.870000000000,1.000000000000,1.000000000000
10,CN,22,SEQ,0.498000000000,0.498000000000,False,0.000000000000,0.870000000000,0.870000000000,1.000000000000,1.000000000000
10,CN,22,SMR,0.498000000000,0.498000000000,False,0.000000000000,0.870000000000,0.870000000000,1.000000000000,1.000000000000
10,CN,23,GMR,0.456000000000,0.456000000000,False,0.000000000000,0.670000000000,0.670000000000,1.000000000000,1.000000000000
10,CN,23,Nash,0.456000000000,0.456000000000,False,0.000000000000,0.670000000000,0.670000000000,1.000000000000,1.000000000000
10,CN,23,SEQ,0.456000000000,0.456000000000,False,0.000000000000,0.670000000000,0.670000000000,1.000000000000,1.000000000000
10,CN,23,SMR,0.456000000000,0.456000000000,False,0.000000000000,0.670000000000,0.670000000000,1.000000000000,1.000000000000
10,CN,24,GMR,-0.160000000000,0.038000000000,False,0.000000000000,0.000000000000,0.000000000000,0.680000000000,0.840000000000
10,CN,24,Nash,-0.492000000000,0.038000000000,False,0.000000000000,0.000000000000,0.000000000000,0.680000000000,1.000000000000
10,CN,24,SEQ,-0.434000000000,0.038000000000,False,0.000000000000,0.000000000000,0.000000000000,0.680000000000,1.000000000000
10,CN,24,SMR,-0.484000000000,0.038000000000,False,0.000000000000,0.000000000000,0.000000000000,0.680000000000,1.000000000000
10,CN,25,GMR,0.488000000000,0.456000000000,False,0.000000000000,0.670000000000,0.670000000000,1.000000000000,1.000000000000
10,CN,25,Nash,-0.456000000000,0.456000000000,False,0.000000000000,0.670000000000,0.670000000000,1.000000000000,1.000000000000
10,CN,25,SEQ,-0.500000000000,0.456000000000,False,0.000000000000,0.670000000000,0.670000000000,1.000000000000,1.000000000000
10,CN,25,SMR,-0.272000000000,0.456000000000,False,0.000000000000,0.670000000000,0.000000000000,1.000000000000,0.980000000000
10,CN,26,GMR,-0.348000000000,0.410000000000,False,0.000000000000,0.450000000000,0.090000000000,1.000000000000,1.000000000000
10,CN,26,Nash,-0.500000000000,0.410000000000,False,0.000000000000,0.450000000000,0.450000000000,1.000000000000,1.000000000000
10,CN,26,SEQ,-0.430000000000,0.410000000000,False,0.000000000000,0.450000000000,0.450000000000,1.000000000000,1.000000000000
10,CN,26,SMR,-0.430000000000,0.410000000000,False,0.000000000000,0.450000000000,0.450000000000,1.000000000000,1.000000000000
10,CN,27,GMR,0.438000000000,0.438000000000,False,0.000000000000,0.540000000000,0.540000000000,1.000000000000,1.000000000000
10,CN,27,Nash,0.438000000000,0.438000000000,False,0.000000000000,0.540000000000,0.540000000000,1.000000000000,1.000000000000
10,CN,27,SEQ,0.438000000000,0.438000000000,False,0.000000000000,0.540000000000,0.540000000000,1.000000000000,1.000000000000
10,CN,27,SMR,0.438000000000,0.438000000000,False,0.000000000000,0.540000000000,0.540000000000,1.000000000000,1.000000000000
10,CN,28,GMR,0.272000000000,0.272000000000,False,0.000000000000,0.000000000000,0.000000000000,0.970000000000,1.000000000000
10,CN,28,Nash,0.272000000000,0.272000000000,False,0.000000000000,0.000000000000,0.000000000000,0.970000000000,0.970000000000
10,CN,28,SEQ,0.272000000000,0.272000000000,False,0.000000000000,0.000000000000,0.000000000000,0.970000000000,0.970000000000
10,CN,28,SMR,0.272000000000,0.272000000000,False,0.000000000000,0.000000000000,0.000000000000,0.970000000000,1.000000000000
10,CN,29,GMR,0.500000000000,0.134000000000,False,0.000000000000,0.000000000000,0.000000000000,0.700000000000,1.000000000000
10,CN,29,Nash,-0.134000000000,0.134000000000,False,0.000000000000,0.000000000000,0.000000000000,0.700000000000,0.700000000000
10,CN,29,SEQ,0.500000000000,0.134000000000,False,0.000000000000,0.000000000000,0.000000000000,0.700000000000,1.000000000000
10,CN,29,SMR,0.264000000000,0.134000000000,False,0.000000000000,0.000000000000,0.000000000000,0.700000000000,1.000000000000
10,CN,30,GMR,-0.088000000000,0.256000000000,False,0.000000000000,0.000000000000,0.000000000000,0.970000000000,0.570000000000
10,CN,30,Nash,-0.482000000000,0.256000000000,False,0.000000000000,0.000000000000,0.000000000000,0.970000000000,1.000000000000
10,CN,30,SEQ,-0.236000000000,0.256000000000,False,0.000000000000,0.000000000000,0.000000000000,0.970000000000,0.920000000000
10,CN,30,SMR,-0.480000000000,0.256000000000,False,0.000000000000,0.000000000000,0.000000000000,0.970000000000,1.000000000000
10,CN,31,GMR,0.028000000000,0.028000000000,False,0.000000000000,0.000000000000,0.000000000000,0.690000000000,1.000000000000
10,CN,31,Nash,0.028000000000,0.028000000000,False,0.000000000000,0.000000000000,0.000000000000,0.690000000000,0.690000000000
10,CN,31,SEQ,0.028000000000,0.028000000000,False,0.000000000000,0.000000000000,0.000000000000,0.690000000000,0.750000000000
10,CN,31,SMR,0.028000000000,0.028000000000,False,0.000000000000,0.000000000000,0.000000000000,0.690000000000,0.710000000000
10,CN,32,GMR,-0.374000000000,0.066000000000,False,0.000000000000,0.000000000000,0.000000000000,0.530000000000,1.000000000000
10,CN,32,Nash,-0.500000000000,0.066000000000,False,0.000000000000,0.000000000000,0.000000000000,0.530000000000,1.000000000000
10,CN,32,SEQ,-0.500000000000,0.066000000000,False,0.000000000000,0.000000000000,0.000000000000,0.530000000000,1.000000000000
10,CN,32,SMR,-0.374000000000,0.066000000000,False,0.000000000000,0.000000000000,0.000000000000,0.530000000000,1.000000000000
10,CN,33,GMR,0.500000000000,0.482000000000,False,0.000000000000,0.810000000000,0.810000000000,1.000000000000,1.000000000000
10,CN,33,Nash,-0.482000000000,0.482000000000,False,0.000000000000,0.810000000000,0.810000000000,1.000000000000,1.000000000000
10,CN,33,SEQ,0.306000000000,0.482000000000,False,0.000000000000,0.810000000000,0.010000000000,1.000000000000,0.990000000000
10,CN,33,SMR,0.462000000000,0.482000000000,False,0.000000000000,0.810000000000,0.700000000000,1.000000000000,1.000000000000
10,CN,34,GMR,0.448000000000,0.382000000000,False,0.000000000000,0.250000000000,0.250000000000,1.000000000000,1.000000000000
10,CN,34,Nash,-0.500000000000,0.382000000000,False,0.000000000000,0.250000000000,0.250000000000,1.000000000000,1.000000000000
10,CN,34,SEQ,0.194000000000,0.382000000000,False,0.000000000000,0.250000000000,0.000000000000,1.000000000000,0.970000000000
10,CN,34,SMR,0.398000000000,0.382000000000,False,0.000000000000,0.250000000000,0.250000000000,1.000000000000,1.000000000000
10,CN,35,GMR,0.482000000000,0.308000000000,False,0.000000000000,0.010000000000,0.010000000000,0.990000000000,1.000000000000
10,CN,35,Nash,-0.500000000000,0.308000000000,False,0.000000000000,0.010000000000,0.010000000000,0.990000000000,1.000000000000
10,CN,35,SEQ,-0.500000000000,0.308000000000,False,0.000000000000,0.010000000000,0.010000000000,0.990000000000,1.000000000000
10,CN,35,SMR,0.170000000000,0.308000000000,False,0.000000000000,0.010000000000,0.000000000000,0.990000000000,0.950000000000
10,CN,36,GMR,0.476000000000,0.308000000000,False,0.000000000000,0.010000000000,0.010000000000,0.990000000000,0.990000000000
10,CN,36,Nash,-0.312000000000,0.308000000000,False,0.000000000000,0.010000000000,0.010000000000,0.990000000000,1.000000000000
10,CN,36,SEQ,0.234000000000,0.308000000000,False,0.000000000000,0.010000000000,0.000000000000,0.990000000000,0.950000000000
10,CN,36,SMR,-0.394000000000,0.308000000000,False,0.000000000000,0.010000000000,0.010000000000,0.990000000000,1.000000000000
10,CN,37,GMR,0.088000000000,0.002000000000,False,0.000000000000,0.000000000000,0.000000000000,0.260000000000,0.850000000000
10,CN,37,Nash,-0.322000000000,0.002000000000,False,0.000000000000,0.000000000000,0.000000000000,0.260000000000,1.000000000000
10,CN,37,SEQ,-0.478000000000,0.002000000000,False,0.000000000000,0.000000000000,0.000000000000,0.260000000000,0.950000000000
10,CN,37,SMR,-0.400000000000,0.002000000000,False,0.000000000000,0.000000000000,0.000000000000,0.260000000000,1.000000000000
10,CN,38,GMR,0.186000000000,0.186000000000,False,0.000000000000,0.000000000000,0.000000000000,0.930000000000,0.930000000000
10,CN,38,Nash,0.186000000000,0.186000000000,False,0.000000000000,0.000000000000,0.000000000000,0.930000000000,0.930000000000
10,CN,38,SEQ,0.186000000000,0.186000000000,False,0.000000000000,0.000000000000,0.000000000000,0.930000000000,0.930000000000
10,CN,38,SMR,0.186000000000,0.186000000000,False,0.000000000000,0.000000000000,0.000000000000,0.930000000000,0.930000000000
10,CN,39,GMR,0.446000000000,0.446000000000,False,0.000000000000,0.590000000000,0.590000000000,1.000000000000,1.000000000000
10,CN,39,Nash,0.446000000000,0.446000000000,False,0.000000000000,0.590000000000,0.590000000000,1.000000000000,1.000000000000
10,CN,39,SEQ,0.446000000000,0.446000000000,False,0.000000000000,0.590000000000,0.590000000000,1.000000000000,1.000000000000
10,CN,39,SMR,0.446000000000,0.446000000000,False,0.000000000000,0.590000000000,0.590000000000,1.000000000000,1.000000000000
10,CN,40,GMR,-0.294000000000,0.468000000000,False,0.000000000000,0.730000000000,0.000000000000,1.000000000000,1.000000000000
10,CN,40,Nash,-0.488000000000,0.468000000000,False,0.000000000000,0.730000000000,0.730000000000,1.000000000000,1.000000000000
10,CN,40,SEQ,-0.316000000000,0.468000000000,False,0.000000000000,0.730000000000,0.010000000000,1.000000000000,1.000000000000
10,CN,40,SMR,-0.478000000000,0.468000000000,False,0.000000000000,0.730000000000,0.730000000000,1.000000000000,1.000000000000
10,CN,41,GMR,-0.482000000000,0.490000000000,False,0.000000000000,0.860000000000,0.810000000000,1.000000000000,1.000000000000
10,CN,41,Nash,-0.500000000000,0.490000000000,False,0.000000000000,0.860000000000,0.860000000000,1.000000000000,1.000000000000
10,CN,41,SEQ,-0.500000000000,0.490000000000,False,0.000000000000,0.860000000000,0.860000000000,1.000000000000,1.000000000000
10,CN,41,SMR,-0.498000000000,0.490000000000,False,0.000000000000,0.860000000000,0.860000000000,1.000000000000,1.000000000000
10,CN,42,GMR,0.370000000000,0.370000000000,False,0.000000000000,0.170000000000,0.170000000000,1.000000000000,1.000000000000
10,CN,42,Nash,0.370000000000,0.370000000000,False,0.000000000000,0.170000000000,0.170000000000,1.000000000000,1.000000000000
10,CN,42,SEQ,0.370000000000,0.370000000000,False,0.000000000000,0.170000000000,0.170000000000,1.000000000000,1.000000000000
10,CN,42,SMR,0.370000000000,0.370000000000,False,0.000000000000,0.170000000000,0.170000000000,1.000000000000,1.000000000000
10,CN,43,GMR,-0.058000000000,0.372000000000,False,0.000000000000,0.230000000000,0.000000000000,1.000000000000,0.280000000000
10,CN,43,Nash,-0.466000000000,0.372000000000,False,0.000000000000,0.230000000000,0.230000000000,1.000000000000,1.000000000000
10,CN,43,SEQ,-0.492000000000,0.372000000000,False,0.000000000000,0.230000000000,0.230000000000,1.000000000000,1.000000000000
10,CN,43,SMR,-0.058000000000,0.372000000000,False,0.000000000000,0.230000000000,0.000000000000,1.000000000000,0.540000000000
10,CN,44,GMR,0.032000000000,0.032000000000,False,0.000000000000,0.000000000000,0.000000000000,0.780000000000,1.000000000000
10,CN,44,Nash,0.032000000000,0.032000000000,False,0.000000000000,0.000000000000,0.000000000000,0.780000000000,0.780000000000
10,CN,44,SEQ,0.032000000000,0.032000000000,False,0.000000000000,0.000000000000,0.000000000000,0.780000000000,0.780000000000
10,CN,44,SMR,0.032000000000,0.032000000000,False,0.000000000000,0.000000000000,0.000000000000,0.780000000000,0.930000000000
10,CN,45,GMR,0.500000000000,0.006000000000,False,0.000000000000,0.000000000000,0.000000000000,0.330000000000,0.990000000000
10,CN,45,Nash,-0.006000000000,0.006000000000,False,0.000000000000,0.000000000000,0.000000000000,0.330000000000,0.340000000000
10,CN,45,SEQ,0.212000000000,0.006000000000,False,0.000000000000,0.000000000000,0.000000000000,0.330000000000,0.960000000000
10,CN,45,SMR,-0.276000000000,0.006000000000,False,0.000000000000,0.000000000000,0.000000000000,0.330000000000,0.340000000000
10,CN,46,GMR,-0.292000000000,0.258000000000,False,0.000000000000,0.000000000000,0.000000000000,0.990000000000,0.950000000000
10,CN,46,Nash,-0.396000000000,0.258000000000,False,0.000000000000,0.000000000000,0.000000000000,0.990000000000,1.000000000000
10,CN,46,SEQ,-0.292000000000,0.258000000000,False,0.000000000000,0.000000000000,0.000000000000,0.990000000000,0.950000000000
10,CN,46,SMR,-0.480000000000,0.258000000000,False,0.000000000000,0.000000000000,0.000000000000,0.990000000000,1.000000000000
10,CN,47,GMR,0.218000000000,0.066000000000,False,0.000000000000,0.000000000000,0.000000000000,0.490000000000,1.000000000000
10,CN,47,Nash,-0.268000000000,0.066000000000,False,0.000000000000,0.000000000000,0.000000000000,0.490000000000,0.990000000000
10,CN,47,SEQ,-0.316000000000,0.066000000000,False,0.000000000000,0.000000000000,0.000000000000,0.490000000000,0.800000000000
10,CN,47,SMR,-0.370000000000,0.066000000000,False,0.000000000000,0.000000000000,0.000000000000,0.490000000000,0.990000000000
10,CN,48,GMR,0.500000000000,0.252000000000,False,0.000000000000,0.000000000000,0.000000000000,0.930000000000,1.000000000000
10,CN,48,Nash,-0.252000000000,0.252000000000,False,0.000000000000,0.000000000000,0.000000000000,0.930000000000,0.930000000000
10,CN,48,SEQ,-0.500000000000,0.252000000000,False,0.000000000000,0.000000000000,0.000000000000,0.930000000000,0.930000000000
10,CN,48,SMR,0.306000000000,0.252000000000,False,0.000000000000,0.000000000000,0.000000000000,0.930000000000,1.000000000000
10,CN,49,GMR,0.470000000000,0.470000000000,False,0.000000000000,0.750000000000,0.750000000000,1.000000000000,1.000000000000
10,CN,49,Nash,0.470000000000,0.470000000000,False,0.000000000000,0.750000000000,0.750000000000,1.000000000000,1.000000000000
10,CN,49,SEQ,0.470000000000,0.470000000000,False,0.000000000000,0.750000000000,0.750000000000,1.000000000000,1.000000000000
10,CN,49,SMR,0.470000000000,0.470000000000,False,0.000000000000,0.750000000000,0.750000000000,1.000000000000,1.000000000000
10,CN,50,GMR,0.290000000000,0.202000000000,False,0.000000000000,0.000000000000,0.000000000000,0.920000000000,0.990000000000
10,CN,50,Nash,-0.498000000000,0.202000000000,False,0.000000000000,0.000000000000,0.000000000000,0.920000000000,1.000000000000
10,CN,50,SEQ,0.104000000000,0.202000000000,False,0.000000000000,0.000000000000,0.000000000000,0.920000000000,0.880000000000
10,CN,50,SMR,0.088000000000,0.202000000000,False,0.000000000000,0.000000000000,0.000000000000,0.920000000000,0.790000000000
10,CN,51,GMR,0.308000000000,0.308000000000,False,0.000000000000,0.010000000000,0.010000000000,1.000000000000,1.000000000000
10,CN,51,Nash,0.308000000000,0.308000000000,False,0.000000000000,0.010000000000,0.010000000000,1.000000000000,1.000000000000
10,CN,51,SEQ,0.308000000000,0.308000000000,False,0.000000000000,0.010000000000,0.010000000000,1.000000000000,1.000000000000
10,CN,51,SMR,0.308000000000,0.308000000000,False,0.000000000000,0.010000000000,0.010000000000,1.000000000000,1.000000000000
10,CN,52,GMR,0.312000000000,0.312000000000,False,0.000000000000,0.010000000000,0.010000000000,1.000000000000,1.000000000000
10,CN,52,Nash,0.312000000000,0.312000000000,False,0.000000000000,0.010000000000,0.010000000000,1.000000000000,1.000000000000
10,CN,52,SEQ,0.312000000000,0.312000000000,False,0.000000000000,0.010000000000,0.010000000000,1.000000000000,1.000000000000
10,CN,52,SMR,0.312000000000,0.312000000000,False,0.000000000000,0.010000000000,0.010000000000,1.000000000000,1.000000000000
10,CN,53,GMR,-0.418000000000,0.078000000000,False,0.000000000000,0.000000000000,0.000000000000,0.700000000000,1.000000000000
10,CN,53,Nash,-0.498000000000,0.078000000000,False,0.000000000000,0.000000000000,0.000000000000,0.700000000000,1.000000000000
10,CN,53,SEQ,-0.478000000000,0.078000000000,False,0.000000000000,0.000000000000,0.000000000000,0.700000000000,1.000000000000
10,CN,53,SMR,-0.418000000000,0.078000000000,False,0.000000000000,0.000000000000,0.000000000000,0.700000000000,1.000000000000
10,CN,54,GMR,0.310000000000,0.498000000000,False,0.000000000000,0.870000000000,0.010000000000,1.000000000000,0.990000000000
10,CN,54,Nash,-0.498000000000,0.498000000000,False,0.000000000000,0.870000000000,0.870000000000,1.000000000000,1.000000000000
10,CN,54,SEQ,0.212000000000,0.498000000000,False,0.000000000000,0.870000000000,0.000000000000,1.000000000000,0.930000000000
10,CN,54,SMR,-0.470000000000,0.498000000000,False,0.000000000000,0.870000000000,0.750000000000,1.000000000000,1.000000000000
10,CN,55,GMR,-0.358000000000,0.174000000000,False,0.000000000000,0.000000000000,0.000000000000,0.790000000000,0.780000000000
10,CN,55,Nash,-0.500000000000,0.174000000000,False,0.000000000000,0.000000000000,0.000000000000,0.790000000000,1.000000000000
10,CN,55,SEQ,-0.358000000000,0.174000000000,False,0.000000000000,0.000000000000,0.000000000000,0.790000000000,0.780000000000
10,CN,55,SMR,-0.478000000000,0.174000000000,False,0.000000000000,0.000000000000,0.000000000000,0.790000000000,1.000000000000
10,CN,56,GMR,-0.476000000000,0.448000000000,False,0.000000000000,0.600000000000,0.600000000000,1.000000000000,1.000000000000
10,CN,56,Nash,-0.500000000000,0.448000000000,False,0.000000000000,0.600000000000,0.600000000000,1.000000000000,1.000000000000
10,CN,56,SEQ,-0.476000000000,0.448000000000,False,0.000000000000,0.600000000000,0.600000000000,1.000000000000,1.000000000000
10,CN,56,SMR,-0.500000000000,0.448000000000,False,0.000000000000,0.600000000000,0.600000000000,1.000000000000,1.000000000000
10,CN,57,GMR,0.500000000000,0.234000000000,False,0.000000000000,0.000000000000,0.000000000000,0.880000000000,1.000000000000
10,CN,57,Nash,-0.234000000000,0.234000000000,False,0.000000000000,0.000000000000,0.000000000000,0.880000000000,0.880000000000
10,CN,57,SEQ,-0.500000000000,0.234000000000,False,0.000000000000,0.000000000000,0.000000000000,0.880000000000,0.880000000000
10,CN,57,SMR,0.386000000000,0.234000000000,False,0.000000000000,0.000000000000,0.000000000000,0.880000000000,1.000000000000
10,CN,58,GMR,0.476000000000,0.008000000000,False,0.000000000000,0.000000000000,0.000000000000,0.590000000000,1.000000000000
10,CN,58,Nash,-0.364000000000,0.008000000000,False,0.000000000000,0.000000000000,0.000000000000,0.590000000000,0.990000000000
10,CN,58,SEQ,0.476000000000,0.008000000000,False,0.000000000000,0.000000000000,0.000000000000,0.590000000000,1.000000000000
10,CN,58,SMR,0.468000000000,0.008000000000,False,0.000000000000,0.000000000000,0.000000000000,0.590000000000,1.000000000000
10,CN,59,GMR,0.496000000000,0.358000000000,False,0.000000000000,0.130000000000,0.130000000000,1.000000000000,1.000000000000
10,CN,59,Nash,-0.408000000000,0.358000000000,False,0.000000000000,0.130000000000,0.130000000000,1.000000000000,1.000000000000
10,CN,59,SEQ,-0.492000000000,0.358000000000,False,0.000000000000,0.130000000000,0.130000000000,1.000000000000,1.000000000000
10,CN,59,SMR,0.424000000000,0.358000000000,False,0.000000000000,0.130000000000,0.130000000000,1.000000000000,1.000000000000
10,CN,60,GMR,0.126000000000,0.032000000000,False,0.000000000000,0.000000000000,0.000000000000,0.480000000000,0.900000000000
10,CN,60,Nash,-0.032000000000,0.032000000000,False,0.000000000000,0.000000000000,0.000000000000,0.480000000000,0.480000000000
10,CN,60,SEQ,-0.382000000000,0.032000000000,False,0.000000000000,0.000000000000,0.000000000000,0.480000000000,0.480000000000
10,CN,60,SMR,0.108000000000,0.032000000000,False,0.000000000000,0.000000000000,0.000000000000,0.480000000000,0.890000000000
10,CN,61,GMR,-0.184000000000,0.218000000000,False,0.000000000000,0.000000000000,0.000000000000,0.890000000000,0.900000000000
10,CN,61,Nash,-0.252000000000,0.218000000000,False,0.000000000000,0.000000000000,0.000000000000,0.890000000000,1.000000000000
10,CN,61,SEQ,-0.184000000000,0.218000000000,False,0.000000000000,0.000000000000,0.000000000000,0.890000000000,0.910000000000
10,CN,61,SMR,-0.298000000000,0.218000000000,False,0.000000000000,0.000000000000,0.000000000000,0.890000000000,1.000000000000
10,CN,62,GMR,0.466000000000,0.376000000000,False,0.000000000000,0.230000000000,0.230000000000,1.000000000000,1.000000000000
10,CN,62,Nash,-0.376000000000,0.376000000000,False,0.000000000000,0.230000000000,0.230000000000,1.000000000000,1.000000000000
10,CN,62,SEQ,0.200000000000,0.376000000000,False,0.000000000000,0.230000000000,0.000000000000,1.000000000000,0.910000000000
10,CN,62,SMR,0.298000000000,0.376000000000,False,0.000000000000,0.230000000000,0.000000000000,1.000000000000,1.000000000000
10,CN,63,GMR,0.476000000000,0.054000000000,False,0.000000000000,0.000000000000,0.000000000000,0.260000000000,1.000000000000
10,CN,63,Nash,-0.054000000000,0.054000000000,False,0.000000000000,0.000000000000,0.000000000000,0.260000000000,0.550000000000
10,CN,63,SEQ,-0.064000000000,0.054000000000,False,0.000000000000,0.000000000000,0.000000000000,0.260000000000,0.430000000000
10,CN,63,SMR,-0.396000000000,0.054000000000,False,0.000000000000,0.000000000000,0.000000000000,0.260000000000,0.510000000000
10,CN,64,GMR,-0.218000000000,0.442000000000,False,0.000000000000,0.570000000000,0.000000000000,1.000000000000,0.980000000000
10,CN,64,Nash,-0.500000000000,0.442000000000,False,0.000000000000,0.570000000000,0.570000000000,1.000000000000,1.000000000000
10,CN,64,SEQ,-0.500000000000,0.442000000000,False,0.000000000000,0.570000000000,0.570000000000,1.000000000000,1.000000000000
10,CN,64,SMR,-0.328000000000,0.442000000000,False,0.000000000000,0.570000000000,0.020000000000,1.000000000000,1.000000000000
10,CN,65,GMR,0.490000000000,0.490000000000,False,0.000000000000,0.860000000000,0.860000000000,1.000000000000,1.000000000000
10,CN,65,Nash,0.490000000000,0.490000000000,False,0.000000000000,0.860000000000,0.860000000000,1.000000000000,1.000000000000
10,CN,65,SEQ,0.490000000000,0.490000000000,False,0.000000000000,0.860000000000,0.860000000000,1.000000000000,1.000000000000
10,CN,65,SMR,0.490000000000,0.490000000000,False,0.000000000000,0.860000000000,0.860000000000,1.000000000000,1.000000000000
10,CN,66,GMR,0.262000000000,0.262000000000,False,0.000000000000,0.000000000000,0.000000000000,0.980000000000,0.980000000000
10,CN,66,Nash,0.262000000000,0.262000000000,False,0.000000000000,0.000000000000,0.000000000000,0.980000000000,0.980000000000
10,CN,66,SEQ,0.262000000000,0.262000000000,False,0.000000000000,0.000000000000,0.000000000000,0.980000000000,0.980000000000
10,CN,66,SMR,0.262000000000,0.262000000000,False,0.000000000000,0.000000000000,0.000000000000,0.980000000000,0.980000000000
10,CN,67,GMR,0.500000000000,0.292000000000,False,0.000000000000,0.000000000000,0.000000000000,0.920000000000,1.000000000000
10,CN,67,Nash,-0.292000000000,0.292000000000,False,0.000000000000,0.000000000000,0.000000000000,0.920000000000,0.920000000000
10,CN,67,SEQ,-0.500000000000,0.292000000000,False,0.000000000000,0.000000000000,0.000000000000,0.920000000000,0.920000000000
10,CN,67,SMR,0.384000000000,0.292000000000,False,0.000000000000,0.000000000000,0.000000000000,0.920000000000,1.000000000000
10,CN,68,GMR,0.462000000000,0.462000000000,False,0.000000000000,0.700000000000,0.700000000000,1.000000000000,1.000000000000
10,CN,68,Nash,0.462000000000,0.462000000000,False,0.000000000000,0.700000000000,0.700000000000,1.000000000000,1.000000000000
10,CN,68,SEQ,0.462000000000,0.462000000000,False,0.000000000000,0.700000000000,0.700000000000,1.000000000000,1.000000000000
10,CN,68,SMR,0.462000000000,0.462000000000,False,0.000000000000,0.700000000000,0.700000000000,1.000000000000,1.000000000000
10,CN,69,GMR,0.130000000000,0.090000000000,False,0.000000000000,0.000000000000,0.000000000000,0.520000000000,0.910000000000
10,CN,69,Nash,-0.262000000000,0.090000000000,False,0.000000000000,0.000000000000,0.000000000000,0.520000000000,0.930000000000
10,CN,69,SEQ,-0.382000000000,0.090000000000,False,0.000000000000,0.000000000000,0.000000000000,0.520000000000,0.530000000000
10,CN,69,SMR,0.130000000000,0.090000000000,False,0.000000000000,0.000000000000,0.000000000000,0.520000000000,0.910000000000
10,CN,70,GMR,0.482000000000,0.046000000000,False,0.000000000000,0.000000000000,0.000000000000,0.440000000000,1.000000000000
10,CN,70,Nash,-0.142000000000,0.046000000000,False,0.000000000000,0.000000000000,0.000000000000,0.440000000000,0.660000000000
10,CN,70,SEQ,-0.500000000000,0.046000000000,False,0.000000000000,0.000000000000,0.000000000000,0.440000000000,0.660000000000
10,CN,70,SMR,0.444000000000,0.046000000000,False,0.000000000000,0.000000000000,0.000000000000,0.440000000000,1.000000000000
10,CN,71,GMR,0.500000000000,,True,0.000000000000,1.000000000000,1.000000000000,1.000000000000,1.000000000000
10,CN,71,Nash,0.500000000000,,True,0.000000000000,1.000000000000,1.000000000000,1.000000000000,1.000000000000
10,CN,71,SEQ,0.500000000000,,True,0.000000000000,1.000000000000,1.000000000000,1.000000000000,1.000000000000
10,CN,71,SMR,0.500000000000,,True,0.000000000000,1.000000000000,1.000000000000,1.000000000000,1.000000000000
10,CN,72,GMR,0.090000000000,0.090000000000,False,0.000000000000,0.000000000000,0.000000000000,0.750000000000,0.750000000000
10,CN,72,Nash,0.090000000000,0.090000000000,False,0.000000000000,0.000000000000,0.000000000000,0.750000000000,0.750000000000
10,CN,72,SEQ,0.090000000000,0.090000000000,False,0.000000000000,0.000000000000,0.000000000000,0.750000000000,0.750000000000
10,CN,72,SMR,0.090000000000,0.090000000000,False,0.000000000000,0.000000000000,0.000000000000,0.750000000000,0.750000000000
10,CN,73,GMR,0.500000000000,,True,0.000000000000,1.000000000000,1.000000000000,1.000000000000,1.000000000000
10,CN,73,Nash,0.500000000000,,True,0.000000000000,1.000000000000,1.000000000000,1.000000000000,1.000000000000
10,CN,73,SEQ,0.500000000000,,True,0.000000000000,1.000000000000,1.000000000000,1.000000000000,1.000000000000
10,CN,73,SMR,0.500000000000,,True,0.000000000000,1.000000000000,1.000000000000,1.000000000000,1.000000000000
10,CN,74,GMR,0.500000000000,0.500000000000,False,0.000000000000,0.870000000000,0.870000000000,1.000000000000,1.000000000000
10,CN,74,Nash,0.500000000000,0.500000000000,False,0.000000000000,0.870000000000,0.870000000000,1.000000000000,1.000000000000
10,CN,74,SEQ,0.500000000000,0.500000000000,False,0.000000000000,0.870000000000,0.870000000000,1.000000000000,1.000000000000
10,CN,74,SMR,0.500000000000,0.500000000000,False,0.000000000000,0.870000000000,0.870000000000,1.000000000000,1.000000000000
10,CN,75,GMR,-0.482000000000,0.312000000000,False,0.000000000000,0.010000000000,0.010000000000,0.990000000000,0.990000000000
10,CN,75,Nash,-0.346000000000,0.312000000000,False,0.000000000000,0.010000000000,0.010000000000,0.990000000000,1.000000000000
10,CN,75,SEQ,-0.482000000000,0.312000000000,False,0.000000000000,0.010000000000,0.010000000000,0.990000000000,1.000000000000
10,CN,75,SMR,-0.482000000000,0.312000000000,False,0.000000000000,0.010000000000,0.010000000000,0.990000000000,0.990000000000
10,CN,76,GMR,0.410000000000,0.410000000000,False,0.000000000000,0.450000000000,0.450000000000,1.000000000000,1.000000000000
10,CN,76,Nash,0.410000000000,0.410000000000,False,0.000000000000,0.450000000000,0.450000000000,1.000000000000,1.000000000000
10,CN,76,SEQ,0.410000000000,0.410000000000,False,0.000000000000,0.450000000000,0.450000000000,1.000000000000,1.000000000000
10,CN,76,SMR,0.410000000000,0.410000000000,False,0.000000000000,0.450000000000,0.450000000000,1.000000000000,1.000000000000
10,US,1,GMR,0.500000000000,0.306000000000,False,0.000000000000,0.010000000000,0.010000000000,0.990000000000,1.000000000000
10,US,1,Nash,-0.306000000000,0.306000000000,False,0.000000000000,0.010000000000,0.010000000000,0.990000000000,0.990000000000
10,US,1,SEQ,0.308000000000,0.306000000000,False,0.000000000000,0.010000000000,0.010000000000,0.990000000000,0.990000000000
10,US,1,SMR,0.466000000000,0.306000000000,False,0.000000000000,0.010000000000,0.010000000000,0.990000000000,1.000000000000
10,US,2,GMR,-0.132000000000,0.184000000000,False,0.000000000000,0.000000000000,0.000000000000,0.820000000000,0.770000000000
10,US,2,Nash,-0.500000000000,0.184000000000,False,0.000000000000,0.000000000000,0.000000000000,0.820000000000,1.000000000000
10,US,2,SEQ,-0.344000000000,0.184000000000,False,0.000000000000,0.000000000000,0.000000000000,0.820000000000,1.000000000000
10,US,2,SMR,-0.378000000000,0.184000000000,False,0.000000000000,0.000000000000,0.000000000000,0.820000000000,0.970000000000
10,US,3,GMR,0.500000000000,0.500000000000,False,0.000000000000,0.870000000000,0.870000000000,1.000000000000,1.000000000000
10,US,3,Nash,0.500000000000,0.500000000000,False,0.000000000000,0.870000000000,0.870000000000,1.000000000000,1.000000000000
10,US,3,SEQ,0.500000000000,0.500000000000,False,0.000000000000,0.870000000000,0.870000000000,1.000000000000,1.000000000000
10,US,3,SMR,0.500000000000,0.500000000000,False,0.000000000000,0.870000000000,0.870000000000,1.000000000000,1.000000000000
10,US,4,GMR,0.306000000000,0.306000000000,False,0.000000000000,0.010000000000,0.010000000000,0.990000000000,0.990000000000
10,US,4,Nash,0.306000000000,0.306000000000,False,0.000000000000,0.010000000000,0.010000000000,0.990000000000,0.990000000000
10,US,4,SEQ,0.306000000000,0.306000000000,False,0.000000000000,0.010000000000,0.010000000000,0.990000000000,0.990000000000
10,US,4,SMR,0.306000000000,0.306000000000,False,0.000000000000,0.010000000000,0.010000000000,0.990000000000,0.990000000000
10,US,5,GMR,0.184000000000,0.184000000000,False,0.000000000000,0.000000000000,0.000000000000,0.910000000000,0.920000000000
10,US,5,Nash,0.184000000000,0.184000000000,False,0.000000000000,0.000000000000,0.000000000000,0.910000000000,0.910000000000
10,US,5,SEQ,0.184000000000,0.184000000000,False,0.000000000000,0.000000000000,0.000000000000,0.910000000000,0.920000000000
10,US,5,SMR,0.184000000000,0.184000000000,False,0.000000000000,0.000000000000,0.000000000000,0.910000000000,0.920000000000
10,US,6,GMR,-0.500000000000,0.214000000000,False,0.000000000000,0.000000000000,0.000000000000,0.830000000000,1.000000000000
10,US,6,Nash,-0.500000000000,0.214000000000,False,0.000000000000,0.000000000000,0.000000000000,0.830000000000,1.000000000000
10,US,6,SEQ,-0.500000000000,0.214000000000,False,0.000000000000,0.000000000000,0.000000000000,0.830000000000,1.000000000000
10,US,6,SMR,-0.500000000000,0.214000000000,False,0.000000000000,0.000000000000,0.000000000000,0.830000000000,1.000000000000
10,US,7,GMR,0.500000000000,0.230000000000,False,0.000000000000,0.000000000000,0.000000000000,0.980000000000,1.000000000000
10,US,7,Nash,-0.500000000000,0.230000000000,False,0.000000000000,0.000000000000,0.000000000000,0.980000000000,1.000000000000
10,US,7,SEQ,-0.084000000000,0.230000000000,False,0.000000000000,0.000000000000,0.000000000000,0.980000000000,0.590000000000
10,US,7,SMR,0.500000000000,0.230000000000,False,0.000000000000,0.000000000000,0.000000000000,0.980000000000,1.000000000000
10,US,8,GMR,0.498000000000,0.230000000000,False,0.000000000000,0.000000000000,0.000000000000,0.900000000000,1.000000000000
10,US,8,Nash,-0.492000000000,0.230000000000,False,0.000000000000,0.000000000000,0.000000000000,0.900000000000,1.000000000000
10,US,8,SEQ,-0.138000000000,0.230000000000,False,0.000000000000,0.000000000000,0.000000000000,0.900000000000,0.730000000000
10,US,8,SMR,0.498000000000,0.230000000000,False,0.000000000000,0.000000000000,0.000000000000,0.900000000000,1.000000000000
10,US,9,GMR,0.492000000000,0.492000000000,False,0.000000000000,0.860000000000,0.860000000000,1.000000000000,1.000000000000
10,US,9,Nash,0.492000000000,0.492000000000,False,0.000000000000,0.860000000000,0.860000000000,1.000000000000,1.000000000000
10,US,9,SEQ,0.492000000000,0.492000000000,False,0.000000000000,0.860000000000,0.860000000000,1.000000000000,1.000000000000
10,US,9,SMR,0.492000000000,0.492000000000,False,0.000000000000,0.860000000000,0.860000000000,1.000000000000,1.000000000000
10,US,10,GMR,0.412000000000,0.182000000000,False,0.000000000000,0.000000000000,0.000000000000,0.750000000000,1.000000000000
10,US,10,Nash,-0.194000000000,0.182000000000,False,0.000000000000,0.000000000000,0.000000000000,0.750000000000,0.860000000000
10,US,10,SEQ,-0.076000000000,0.182000000000,False,0.000000000000,0.000000000000,0.000000000000,0.750000000000,0.260000000000
10,US,10,SMR,0.190000000000,0.182000000000,False,0.000000000000,0.000000000000,0.000000000000,0.750000000000,0.960000000000
10,US,11,GMR,0.500000000000,0.124000000000,False,0.000000000000,0.000000000000,0.000000000000,0.670000000000,0.960000000000
10,US,11,Nash,-0.124000000000,0.124000000000,False,0.000000000000,0.000000000000,0.000000000000,0.670000000000,0.710000000000
10,US,11,SEQ,-0.050000000000,0.124000000000,False,0.000000000000,0.000000000000,0.000000000000,0.670000000000,0.270000000000
10,US,11,SMR,0.388000000000,0.124000000000,False,0.000000000000,0.000000000000,0.000000000000,0.670000000000,0.960000000000
10,US,12,GMR,-0.500000000000,0.434000000000,False,0.000000000000,0.540000000000,0.540000000000,1.000000000000,1.000000000000
10,US,12,Nash,-0.500000000000,0.434000000000,False,0.000000000000,0.540000000000,0.540000000000,1.000000000000,1.000000000000
10,US,12,SEQ,-0.500000000000,0.434000000000,False,0.000000000000,0.540000000000,0.540000000000,1.000000000000,1.000000000000
10,US,12,SMR,-0.500000000000,0.434000000000,False,0.000000000000,0.540000000000,0.540000000000,1.000000000000,1.000000000000
10,US,13,GMR,0.062000000000,0.062000000000,False,0.000000000000,0.000000000000,0.000000000000,0.710000000000,0.970000000000
10,US,13,Nash,0.062000000000,0.062000000000,False,0.000000000000,0.000000000000,0.000000000000,0.710000000000,0.710000000000
10,US,13,SEQ,0.062000000000,0.062000000000,False,0.000000000000,0.000000000000,0.000000000000,0.710000000000,0.970000000000
10,US,13,SMR,0.062000000000,0.062000000000,False,0.000000000000,0.000000000000,0.000000000000,0.710000000000,0.970000000000
10,US,14,GMR,0.010000000000,0.444000000000,False,0.000000000000,0.590000000000,0.000000000000,1.000000000000,0.610000000000
10,US,14,Nash,-0.500000000000,0.444000000000,False,0.000000000000,0.590000000000,0.590000000000,1.000000000000,1.000000000000
10,US,14,SEQ,-0.086000000000,0.444000000000,False,0.000000000000,0.590000000000,0.000000000000,1.000000000000,0.770000000000
10,US,14,SMR,-0.086000000000,0.444000000000,False,0.000000000000,0.590000000000,0.000000000000,1.000000000000,0.620000000000
10,US,15,GMR,0.064000000000,0.064000000000,False,0.000000000000,0.000000000000,0.000000000000,0.810000000000,1.000000000000
10,US,15,Nash,0.064000000000,0.064000000000,False,0.000000000000,0.000000000000,0.000000000000,0.810000000000,0.810000000000
10,US,15,SEQ,0.064000000000,0.064000000000,False,0.000000000000,0.000000000000,0.000000000000,0.810000000000,1.000000000000
10,US,15,SMR,0.064000000000,0.064000000000,False,0.000000000000,0.000000000000,0.000000000000,0.810000000000,1.000000000000
10,US,16,GMR,0.230000000000,0.064000000000,False,0.000000000000,0.000000000000,0.000000000000,0.500000000000,0.980000000000
10,US,16,Nash,-0.064000000000,0.064000000000,False,0.000000000000,0.000000000000,0.000000000000,0.500000000000,0.500000000000
10,US,16,SEQ,-0.054000000000,0.064000000000,False,0.000000000000,0.000000000000,0.000000000000,0.500000000000,0.320000000000
10,US,16,SMR,0.154000000000,0.064000000000,False,0.000000000000,0.000000000000,0.000000000000,0.500000000000,0.930000000000
10,US,17,GMR,0.498000000000,0.082000000000,False,0.000000000000,0.000000000000,0.000000000000,0.630000000000,1.000000000000
10,US,17,Nash,-0.418000000000,0.082000000000,False,0.000000000000,0.000000000000,0.000000000000,0.630000000000,0.990000000000
10,US,17,SEQ,-0.498000000000,0.082000000000,False,0.000000000000,0.000000000000,0.000000000000,0.630000000000,0.630000000000
10,US,17,SMR,0.394000000000,0.082000000000,False,0.000000000000,0.000000000000,0.000000000000,0.630000000000,1.000000000000
10,US,18,GMR,-0.480000000000,0.304000000000,False,0.000000000000,0.010000000000,0.010000000000,0.980000000000,0.990000000000
10,US,18,Nash,-0.500000000000,0.304000000000,False,0.000000000000,0.010000000000,0.010000000000,0.980000000000,1.000000000000
10,US,18,SEQ,-0.498000000000,0.304000000000,False,0.000000000000,0.010000000000,0.010000000000,0.980000000000,1.000000000000
10,US,18,SMR,-0.480000000000,0.304000000000,False,0.000000000000,0.010000000000,0.010000000000,0.980000000000,1.000000000000
10,US,19,GMR,0.098000000000,0.304000000000,False,0.000000000000,0.010000000000,0.000000000000,1.000000000000,0.930000000000
10,US,19,Nash,-0.500000000000,0.304000000000,False,0.000000000000,0.010000000000,0.010000000000,1.000000000000,1.000000000000
10,US,19,SEQ,-0.498000000000,0.304000000000,False,0.000000000000,0.010000000000,0.010000000000,1.000000000000,1.000000000000
10,US,19,SMR,0.062000000000,0.304000000000,False,0.000000000000,0.010000000000,0.000000000000,1.000000000000,0.600000000000
10,US,20,GMR,0.500000000000,0.240000000000,False,0.000000000000,0.000000000000,0.000000000000,0.960000000000,0.960000000000
10,US,20,Nash,-0.500000000000,0.240000000000,False,0.000000000000,0.000000000000,0.000000000000,0.960000000000,1.000000000000
10,US,20,SEQ,0.336000000000,0.240000000000,False,0.000000000000,0.000000000000,0.000000000000,0.960000000000,0.960000000000
10,US,20,SMR,0.484000000000,0.240000000000,False,0.000000000000,0.000000000000,0.000000000000,0.960000000000,0.960000000000
10,US,21,GMR,0.500000000000,0.500000000000,False,0.000000000000,0.870000000000,0.870000000000,1.000000000000,1.000000000000
10,US,21,Nash,0.500000000000,0.500000000000,False,0.000000000000,0.870000000000,0.870000000000,1.000000000000,1.000000000000
10,US,21,SEQ,0.500000000000,0.500000000000,False,0.000000000000,0.870000000000,0.870000000000,1.000000000000,1.000000000000
10,US,21,SMR,0.500000000000,0.500000000000,False,0.000000000000,0.870000000000,0.870000000000,1.000000000000,1.000000000000
10,US,22,GMR,0.494000000000,0.500000000000,False,0.000000000000,0.870000000000,0.860000000000,1.000000000000,1.000000000000
10,US,22,Nash,-0.500000000000,0.500000000000,False,0.000000000000,0.870000000000,0.870000000000,1.000000000000,1.000000000000
10,US,22,SEQ,-0.028000000000,0.500000000000,False,0.000000000000,0.870000000000,0.000000000000,1.000000000000,0.430000000000
10,US,22,SMR,0.326000000000,0.500000000000,False,0.000000000000,0.870000000000,0.020000000000,1.000000000000,0.990000000000
10,US,23,GMR,0.500000000000,0.236000000000,False,0.000000000000,0.000000000000,0.000000000000,0.980000000000,1.000000000000
10,US,23,Nash,-0.496000000000,0.236000000000,False,0.000000000000,0.000000000000,0.000000000000,0.980000000000,1.000000000000
10,US,23,SEQ,-0.162000000000,0.236000000000,False,0.000000000000,0.000000000000,0.000000000000,0.980000000000,0.780000000000
10,US,23,SMR,0.500000000000,0.236000000000,False,0.000000000000,0.000000000000,0.000000000000,0.980000000000,1.000000000000
10,US,24,GMR,0.134000000000,0.236000000000,False,0.000000000000,0.000000000000,0.000000000000,0.940000000000,0.870000000000
10,US,24,Nash,-0.496000000000,0.236000000000,False,0.000000000000,0.000000000000,0.000000000000,0.940000000000,1.000000000000
10,US,24,SEQ,-0.456000000000,0.236000000000,False,0.000000000000,0.000000000000,0.000000000000,0.940000000000,1.000000000000
10,US,24,SMR,0.134000000000,0.236000000000,False,0.000000000000,0.000000000000,0.000000000000,0.940000000000,0.870000000000
10,US,25,GMR,0.496000000000,0.496000000000,False,0.000000000000,0.870000000000,0.870000000000,1.000000000000,1.000000000000
10,US,25,Nash,0.496000000000,0.496000000000,False,0.000000000000,0.870000000000,0.870000000000,1.000000000000,1.000000000000
10,US,25,SEQ,0.496000000000,0.496000000000,False,0.000000000000,0.870000000000,0.870000000000,1.000000000000,1.000000000000
10,US,25,SMR,0.496000000000,0.496000000000,False,0.000000000000,0.870000000000,0.870000000000,1.000000000000,1.000000000000
10,US,26,GMR,0.448000000000,0.036000000000,False,0.000000000000,0.000000000000,0.000000000000,0.650000000000,1.000000000000
10,US,26,Nash,-0.488000000000,0.036000000000,False,0.000000000000,0.000000000000,0.000000000000,0.650000000000,1.000000000000
10,US,26,SEQ,-0.272000000000,0.036000000000,False,0.000000000000,0.000000000000,0.000000000000,0.650000000000,0.970000000000
10,US,26,SMR,0.366000000000,0.036000000000,False,0.000000000000,0.000000000000,0.000000000000,0.650000000000,0.990000000000
10,US,27,GMR,0.450000000000,0.036000000000,False,0.000000000000,0.000000000000,0.000000000000,0.460000000000,1.000000000000
10,US,27,Nash,-0.482000000000,0.036000000000,False,0.000000000000,0.000000000000,0.000000000000,0.460000000000,1.000000000000
10,US,27,SEQ,-0.272000000000,0.036000000000,False,0.000000000000,0.000000000000,0.000000000000,0.460000000000,0.850000000000
10,US,27,SMR,-0.164000000000,0.036000000000,False,0.000000000000,0.000000000000,0.000000000000,0.460000000000,0.340000000000
10,US,28,GMR,0.498000000000,0.288000000000,False,0.000000000000,0.000000000000,0.000000000000,0.960000000000,1.000000000000
10,US,28,Nash,-0.288000000000,0.288000000000,False,0.000000000000,0.000000000000,0.000000000000,0.960000000000,0.960000000000
10,US,28,SEQ,0.134000000000,0.288000000000,False,0.000000000000,0.000000000000,0.000000000000,0.960000000000,0.890000000000
10,US,28,SMR,0.498000000000,0.288000000000,False,0.000000000000,0.000000000000,0.000000000000,0.960000000000,1.000000000000
10,US,29,GMR,0.288000000000,0.288000000000,False,0.000000000000,0.000000000000,0.000000000000,0.990000000000,1.000000000000
10,US,29,Nash,0.288000000000,0.288000000000,False,0.000000000000,0.000000000000,0.000000000000,0.990000000000,0.990000000000
10,US,29,SEQ,0.288000000000,0.288000000000,False,0.000000000000,0.000000000000,0.000000000000,0.990000000000,0.990000000000
10,US,29,SMR,0.288000000000,0.288000000000,False,0.000000000000,0.000000000000,0.000000000000,0.990000000000,1.000000000000
10,US,30,GMR,-0.024000000000,0.374000000000,False,0.000000000000,0.230000000000,0.000000000000,1.000000000000,0.450000000000
10,US,30,Nash,-0.434000000000,0.374000000000,False,0.000000000000,0.230000000000,0.230000000000,1.000000000000,1.000000000000
10,US,30,SEQ,-0.188000000000,0.374000000000,False,0.000000000000,0.230000000000,0.000000000000,1.000000000000,0.970000000000
10,US,30,SMR,-0.148000000000,0.374000000000,False,0.000000000000,0.230000000000,0.000000000000,1.000000000000,0.740000000000
10,US,31,GMR,0.434000000000,0.434000000000,False,0.000000000000,0.540000000000,0.540000000000,1.000000000000,1.000000000000
10,US,31,Nash,0.434000000000,0.434000000000,False,0.000000000000,0.540000000000,0.540000000000,1.000000000000,1.000000000000
10,US,31,SEQ,0.434000000000,0.434000000000,False,0.000000000000,0.540000000000,0.540000000000,1.000000000000,1.000000000000
10,US,31,SMR,0.434000000000,0.434000000000,False,0.000000000000,0.540000000000,0.540000000000,1.000000000000,1.000000000000
10,US,32,GMR,-0.066000000000,0.458000000000,False,0.000000000000,0.700000000000,0.000000000000,1.000000000000,0.510000000000
10,US,32,Nash,-0.458000000000,0.458000000000,False,0.000000000000,0.700000000000,0.700000000000,1.000000000000,1.000000000000
10,US,32,SEQ,-0.188000000000,0.458000000000,False,0.000000000000,0.700000000000,0.000000000000,1.000000000000,0.960000000000
10,US,32,SMR,-0.186000000000,0.458000000000,False,0.000000000000,0.700000000000,0.000000000000,1.000000000000,0.780000000000
10,US,33,GMR,0.264000000000,0.264000000000,False,0.000000000000,0.000000000000,0.000000000000,0.980000000000,1.000000000000
10,US,33,Nash,0.264000000000,0.264000000000,False,0.000000000000,0.000000000000,0.000000000000,0.980000000000,0.980000000000
10,US,33,SEQ,0.264000000000,0.264000000000,False,0.000000000000,0.000000000000,0.000000000000,0.980000000000,1.000000000000
10,US,33,SMR,0.264000000000,0.264000000000,False,0.000000000000,0.000000000000,0.000000000000,0.980000000000,1.000000000000
10,US,34,GMR,-0.196000000000,0.104000000000,False,0.000000000000,0.000000000000,0.000000000000,0.670000000000,0.830000000000
10,US,34,Nash,-0.500000000000,0.104000000000,False,0.000000000000,0.000000000000,0.000000000000,0.670000000000,1.000000000000
10,US,34,SEQ,-0.202000000000,0.104000000000,False,0.000000000000,0.000000000000,0.000000000000,0.670000000000,0.830000000000
10,US,34,SMR,-0.440000000000,0.104000000000,False,0.000000000000,0.000000000000,0.000000000000,0.670000000000,1.000000000000
10,US,35,GMR,0.492000000000,0.492000000000,False,0.000000000000,0.860000000000,0.860000000000,1.000000000000,1.000000000000
10,US,35,Nash,0.492000000000,0.492000000000,False,0.000000000000,0.860000000000,0.860000000000,1.000000000000,1.000000000000
10,US,35,SEQ,0.492000000000,0.492000000000,False,0.000000000000,0.860000000000,0.860000000000,1.000000000000,1.000000000000
10,US,35,SMR,0.492000000000,0.492000000000,False,0.000000000000,0.860000000000,0.860000000000,1.000000000000,1.000000000000
10,US,36,GMR,-0.500000000000,0.488000000000,False,0.000000000000,0.850000000000,0.850000000000,1.000000000000,1.000000000000
10,US,36,Nash,-0.500000000000,0.488000000000,False,0.000000000000,0.850000000000,0.850000000000,1.000000000000,1.000000000000
10,US,36,SEQ,-0.500000000000,0.488000000000,False,0.000000000000,0.850000000000,0.850000000000,1.000000000000,1.000000000000
10,US,36,SMR,-0.500000000000,0.488000000000,False,0.000000000000,0.850000000000,0.850000000000,1.000000000000,1.000000000000
10,US,37,GMR,0.104000000000,0.104000000000,False,0.000000000000,0.000000000000,0.000000000000,0.810000000000,0.930000000000
10,US,37,Nash,0.104000000000,0.104000000000,False,0.000000000000,0.000000000000,0.000000000000,0.810000000000,0.810000000000
10,US,37,SEQ,0.104000000000,0.104000000000,False,0.000000000000,0.000000000000,0.000000000000,0.810000000000,0.930000000000
10,US,37,SMR,0.104000000000,0.104000000000,False,0.000000000000,0.000000000000,0.000000000000,0.810000000000,0.810000000000
10,US,38,GMR,-0.210000000000,0.212000000000,False,0.000000000000,0.000000000000,0.000000000000,0.860000000000,0.970000000000
10,US,38,Nash,-0.446000000000,0.212000000000,False,0.000000000000,0.000000000000,0.000000000000,0.860000000000,1.000000000000
10,US,38,SEQ,-0.440000000000,0.212000000000,False,0.000000000000,0.000000000000,0.000000000000,0.860000000000,0.990000000000
10,US,38,SMR,-0.500000000000,0.212000000000,False,0.000000000000,0.000000000000,0.000000000000,0.860000000000,1.000000000000
10,US,39,GMR,-0.288000000000,0.300000000000,False,0.000000000000,0.000000000000,0.000000000000,0.960000000000,0.930000000000
10,US,39,Nash,-0.456000000000,0.300000000000,False,0.000000000000,0.000000000000,0.000000000000,0.960000000000,1.000000000000
10,US,39,SEQ,-0.388000000000,0.300000000000,False,0.000000000000,0.000000000000,0.000000000000,0.960000000000,0.960000000000
10,US,39,SMR,-0.288000000000,0.300000000000,False,0.000000000000,0.000000000000,0.000000000000,0.960000000000,0.930000000000
10,US,40,GMR,-0.284000000000,0.300000000000,False,0.000000000000,0.000000000000,0.000000000000,0.990000000000,0.930000000000
10,US,40,Nash,-0.396000000000,0.300000000000,False,0.000000000000,0.000000000000,0.000000000000,0.990000000000,1.000000000000
10,US,40,SEQ,-0.284000000000,0.300000000000,False,0.000000000000,0.000000000000,0.000000000000,0.990000000000,0.940000000000
10,US,40,SMR,-0.284000000000,0.300000000000,False,0.000000000000,0.000000000000,0.000000000000,0.990000000000,0.930000000000
10,US,41,GMR,0.396000000000,0.396000000000,False,0.000000000000,0.360000000000,0.350000000000,1.000000000000,1.000000000000
10,US,41,Nash,0.396000000000,0.396000000000,False,0.000000000000,0.360000000000,0.350000000000,1.000000000000,1.000000000000
10,US,41,SEQ,0.396000000000,0.396000000000,False,0.000000000000,0.360000000000,0.350000000000,1.000000000000,1.000000000000
10,US,41,SMR,0.396000000000,0.396000000000,False,0.000000000000,0.360000000000,0.350000000000,1.000000000000,1.000000000000
10,US,42,GMR,-0.220000000000,0.408000000000,False,0.000000000000,0.450000000000,0.000000000000,1.000000000000,0.870000000000
10,US,42,Nash,-0.500000000000,0.408000000000,False,0.000000000000,0.450000000000,0.450000000000,1.000000000000,1.000000000000
10,US,42,SEQ,-0.428000000000,0.408000000000,False,0.000000000000,0.450000000000,0.450000000000,1.000000000000,1.000000000000
10,US,42,SMR,-0.396000000000,0.408000000000,False,0.000000000000,0.450000000000,0.350000000000,1.000000000000,0.980000000000
10,US,43,GMR,0.500000000000,0.500000000000,False,0.000000000000,0.870000000000,0.870000000000,1.000000000000,1.000000000000
10,US,43,Nash,0.500000000000,0.500000000000,False,0.000000000000,0.870000000000,0.870000000000,1.000000000000,1.000000000000
10,US,43,SEQ,0.500000000000,0.500000000000,False,0.000000000000,0.870000000000,0.870000000000,1.000000000000,1.000000000000
10,US,43,SMR,0.500000000000,0.500000000000,False,0.000000000000,0.870000000000,0.870000000000,1.000000000000,1.000000000000
10,US,44,GMR,0.382000000000,0.382000000000,False,0.000000000000,0.250000000000,0.250000000000,0.990000000000,1.000000000000
10,US,44,Nash,0.382000000000,0.382000000000,False,0.000000000000,0.250000000000,0.250000000000,0.990000000000,0.990000000000
10,US,44,SEQ,0.382000000000,0.382000000000,False,0.000000000000,0.250000000000,0.250000000000,0.990000000000,0.990000000000
10,US,44,SMR,0.382000000000,0.382000000000,False,0.000000000000,0.250000000000,0.250000000000,0.990000000000,0.990000000000
10,US,45,GMR,-0.126000000000,0.382000000000,False,0.000000000000,0.250000000000,0.000000000000,0.990000000000,0.700000000000
10,US,45,Nash,-0.480000000000,0.382000000000,False,0.000000000000,0.250000000000,0.250000000000,0.990000000000,1.000000000000
10,US,45,SEQ,-0.388000000000,0.382000000000,False,0.000000000000,0.250000000000,0.250000000000,0.990000000000,0.990000000000
10,US,45,SMR,-0.326000000000,0.382000000000,False,0.000000000000,0.250000000000,0.020000000000,0.990000000000,0.960000000000
10,US,46,GMR,0.152000000000,0.278000000000,False,0.000000000000,0.000000000000,0.000000000000,0.920000000000,0.920000000000
10,US,46,Nash,-0.298000000000,0.278000000000,False,0.000000000000,0.000000000000,0.000000000000,0.920000000000,0.970000000000
10,US,46,SEQ,-0.092000000000,0.278000000000,False,0.000000000000,0.000000000000,0.000000000000,0.920000000000,0.700000000000
10,US,46,SMR,0.056000000000,0.278000000000,False,0.000000000000,0.000000000000,0.000000000000,0.920000000000,0.770000000000
10,US,47,GMR,0.210000000000,0.210000000000,False,0.000000000000,0.000000000000,0.000000000000,0.950000000000,1.000000000000
10,US,47,Nash,0.210000000000,0.210000000000,False,0.000000000000,0.000000000000,0.000000000000,0.950000000000,0.950000000000
10,US,47,SEQ,0.210000000000,0.210000000000,False,0.000000000000,0.000000000000,0.000000000000,0.950000000000,0.990000000000
10,US,47,SMR,0.210000000000,0.210000000000,False,0.000000000000,0.000000000000,0.000000000000,0.950000000000,1.000000000000
10,US,48,GMR,0.322000000000,0.210000000000,False,0.000000000000,0.000000000000,0.000000000000,0.840000000000,1.000000000000
10,US,48,Nash,-0.210000000000,0.210000000000,False,0.000000000000,0.000000000000,0.000000000000,0.840000000000,0.840000000000
10,US,48,SEQ,0.066000000000,0.210000000000,False,0.000000000000,0.000000000000,0.000000000000,0.840000000000,0.970000000000
10,US,48,SMR,0.298000000000,0.210000000000,False,0.000000000000,0.000000000000,0.000000000000,0.840000000000,1.000000000000
10,US,49,GMR,-0.500000000000,0.110000000000,False,0.000000000000,0.000000000000,0.000000000000,0.620000000000,0.970000000000
10,US,49,Nash,-0.462000000000,0.110000000000,False,0.000000000000,0.000000000000,0.000000000000,0.620000000000,1.000000000000
10,US,49,SEQ,-0.500000000000,0.110000000000,False,0.000000000000,0.000000000000,0.000000000000,0.620000000000,1.000000000000
10,US,49,SMR,-0.500000000000,0.110000000000,False,0.000000000000,0.000000000000,0.000000000000,0.620000000000,1.000000000000
10,US,50,GMR,0.444000000000,0.444000000000,False,0.000000000000,0.590000000000,0.590000000000,1.000000000000,1.000000000000
10,US,50,Nash,0.444000000000,0.444000000000,False,0.000000000000,0.590000000000,0.590000000000,1.000000000000,1.000000000000
10,US,50,SEQ,0.444000000000,0.444000000000,False,0.000000000000,0.590000000000,0.590000000000,1.000000000000,1.000000000000
10,US,50,SMR,0.444000000000,0.444000000000,False,0.000000000000,0.590000000000,0.590000000000,1.000000000000,1.000000000000
10,US,51,GMR,0.220000000000,0.216000000000,False,0.000000000000,0.000000000000,0.000000000000,0.940000000000,0.960000000000
10,US,51,Nash,-0.490000000000,0.216000000000,False,0.000000000000,0.000000000000,0.000000000000,0.940000000000,1.000000000000
10,US,51,SEQ,0.220000000000,0.216000000000,False,0.000000000000,0.000000000000,0.000000000000,0.940000000000,0.960000000000
10,US,51,SMR,-0.190000000000,0.216000000000,False,0.000000000000,0.000000000000,0.000000000000,0.940000000000,0.850000000000
10,US,52,GMR,0.336000000000,0.234000000000,False,0.000000000000,0.000000000000,0.000000000000,0.860000000000,1.000000000000
10,US,52,Nash,-0.492000000000,0.234000000000,False,0.000000000000,0.000000000000,0.000000000000,0.860000000000,1.000000000000
10,US,52,SEQ,0.298000000000,0.234000000000,False,0.000000000000,0.000000000000,0.000000000000,0.860000000000,1.000000000000
10,US,52,SMR,0.170000000000,0.234000000000,False,0.000000000000,0.000000000000,0.000000000000,0.860000000000,0.900000000000
10,US,53,GMR,0.168000000000,0.500000000000,False,0.000000000000,0.870000000000,0.000000000000,1.000000000000,0.880000000000
10,US,53,Nash,-0.500000000000,0.500000000000,False,0.000000000000,0.870000000000,0.870000000000,1.000000000000,1.000000000000
10,US,53,SEQ,0.168000000000,0.500000000000,False,0.000000000000,0.870000000000,0.000000000000,1.000000000000,0.880000000000
10,US,53,SMR,-0.234000000000,0.500000000000,False,0.000000000000,0.870000000000,0.000000000000,1.000000000000,0.910000000000
10,US,54,GMR,0.284000000000,0.444000000000,False,0.000000000000,0.590000000000,0.000000000000,1.000000000000,0.980000000000
10,US,54,Nash,-0.444000000000,0.444000000000,False,0.000000000000,0.590000000000,0.590000000000,1.000000000000,1.000000000000
10,US,54,SEQ,0.278000000000,0.444000000000,False,0.000000000000,0.590000000000,0.000000000000,1.000000000000,0.980000000000
10,US,54,SMR,0.188000000000,0.444000000000,False,0.000000000000,0.590000000000,0.000000000000,1.000000000000,0.930000000000
10,US,55,GMR,0.004000000000,0.148000000000,False,0.000000000000,0.000000000000,0.000000000000,0.720000000000,0.690000000000
10,US,55,Nash,-0.340000000000,0.148000000000,False,0.000000000000,0.000000000000,0.000000000000,0.720000000000,0.970000000000
10,US,55,SEQ,-0.260000000000,0.148000000000,False,0.000000000000,0.000000000000,0.000000000000,0.720000000000,0.920000000000
10,US,55,SMR,0.004000000000,0.148000000000,False,0.000000000000,0.000000000000,0.000000000000,0.720000000000,0.690000000000
10,US,56,GMR,0.120000000000,0.148000000000,False,0.000000000000,0.000000000000,0.000000000000,0.880000000000,0.830000000000
10,US,56,Nash,-0.500000000000,0.148000000000,False,0.000000000000,0.000000000000,0.000000000000,0.880000000000,1.000000000000
10,US,56,SEQ,-0.416000000000,0.148000000000,False,0.000000000000,0.000000000000,0.000000000000,0.880000000000,1.000000000000
10,US,56,SMR,0.120000000000,0.148000000000,False,0.000000000000,0.000000000000,0.000000000000,0.880000000000,0.830000000000
10,US,57,GMR,0.500000000000,0.500000000000,False,0.000000000000,0.870000000000,0.870000000000,1.000000000000,1.000000000000
10,US,57,Nash,0.500000000000,0.500000000000,False,0.000000000000,0.870000000000,0.870000000000,1.000000000000,1.000000000000
10,US,57,SEQ,0.500000000000,0.500000000000,False,0.000000000000,0.870000000000,0.870000000000,1.000000000000,1.000000000000
10,US,57,SMR,0.500000000000,0.500000000000,False,0.000000000000,0.870000000000,0.870000000000,1.000000000000,1.000000000000
10,US,58,GMR,0.432000000000,0.282000000000,False,0.000000000000,0.000000000000,0.000000000000,0.970000000000,1.000000000000
10,US,58,Nash,-0.430000000000,0.282000000000,False,0.000000000000,0.000000000000,0.000000000000,0.970000000000,1.000000000000
10,US,58,SEQ,0.032000000000,0.282000000000,False,0.000000000000,0.000000000000,0.000000000000,0.970000000000,0.750000000000
10,US,58,SMR,0.222000000000,0.282000000000,False,0.000000000000,0.000000000000,0.000000000000,0.970000000000,0.970000000000
10,US,59,GMR,0.494000000000,0.222000000000,False,0.000000000000,0.000000000000,0.000000000000,0.880000000000,1.000000000000
10,US,59,Nash,-0.222000000000,0.222000000000,False,0.000000000000,0.000000000000,0.000000000000,0.880000000000,0.880000000000
10,US,59,SEQ,0.032000000000,0.222000000000,False,0.000000000000,0.000000000000,0.000000000000,0.880000000000,0.820000000000
10,US,59,SMR,0.494000000000,0.222000000000,False,0.000000000000,0.000000000000,0.000000000000,0.880000000000,1.000000000000
10,US,60,GMR,0.430000000000,0.430000000000,False,0.000000000000,0.520000000000,0.520000000000,1.000000000000,1.000000000000
10,US,60,Nash,0.430000000000,0.430000000000,False,0.000000000000,0.520000000000,0.520000000000,1.000000000000,1.000000000000
10,US,60,SEQ,0.430000000000,0.430000000000,False,0.000000000000,0.520000000000,0.520000000000,1.000000000000,1.000000000000
10,US,60,SMR,0.430000000000,0.430000000000,False,0.000000000000,0.520000000000,0.520000000000,1.000000000000,1.000000000000
10,US,61,GMR,0.050000000000,0.062000000000,False,0.000000000000,0.000000000000,0.000000000000,0.780000000000,0.960000000000
10,US,61,Nash,-0.478000000000,0.062000000000,False,0.000000000000,0.000000000000,0.000000000000,0.780000000000,1.000000000000
10,US,61,SEQ,0.032000000000,0.062000000000,False,0.000000000000,0.000000000000,0.000000000000,0.780000000000,0.410000000000
10,US,61,SMR,-0.368000000000,0.062000000000,False,0.000000000000,0.000000000000,0.000000000000,0.780000000000,1.000000000000
10,US,62,GMR,-0.256000000000,0.444000000000,False,0.000000000000,0.590000000000,0.000000000000,1.000000000000,0.920000000000
10,US,62,Nash,-0.500000000000,0.444000000000,False,0.000000000000,0.590000000000,0.590000000000,1.000000000000,1.000000000000
10,US,62,SEQ,-0.256000000000,0.444000000000,False,0.000000000000,0.590000000000,0.000000000000,1.000000000000,0.990000000000
10,US,62,SMR,-0.256000000000,0.444000000000,False,0.000000000000,0.590000000000,0.000000000000,1.000000000000,0.920000000000
10,US,63,GMR,0.316000000000,0.316000000000,False,0.000000000000,0.010000000000,0.010000000000,1.000000000000,1.000000000000
10,US,63,Nash,0.316000000000,0.316000000000,False,0.000000000000,0.010000000000,0.010000000000,1.000000000000,1.000000000000
10,US,63,SEQ,0.316000000000,0.316000000000,False,0.000000000000,0.010000000000,0.010000000000,1.000000000000,1.000000000000
10,US,63,SMR,0.316000000000,0.316000000000,False,0.000000000000,0.010000000000,0.010000000000,1.000000000000,1.000000000000
10,US,64,GMR,-0.048000000000,0.316000000000,False,0.000000000000,0.010000000000,0.000000000000,0.970000000000,0.440000000000
10,US,64,Nash,-0.316000000000,0.316000000000,False,0.000000000000,0.010000000000,0.010000000000,0.970000000000,0.970000000000
10,US,64,SEQ,-0.246000000000,0.316000000000,False,0.000000000000,0.010000000000,0.000000000000,0.970000000000,0.950000000000
10,US,64,SMR,-0.200000000000,0.316000000000,False,0.000000000000,0.010000000000,0.000000000000,0.970000000000,0.820000000000
10,US,65,GMR,-0.398000000000,0.360000000000,False,0.000000000000,0.130000000000,0.130000000000,1.000000000000,0.990000000000
10,US,65,Nash,-0.500000000000,0.360000000000,False,0.000000000000,0.130000000000,0.130000000000,1.000000000000,1.000000000000
10,US,65,SEQ,-0.398000000000,0.360000000000,False,0.000000000000,0.130000000000,0.130000000000,1.000000000000,0.990000000000
10,US,65,SMR,-0.398000000000,0.360000000000,False,0.000000000000,0.130000000000,0.130000000000,1.000000000000,0.990000000000
10,US,66,GMR,-0.480000000000,0.360000000000,False,0.000000000000,0.130000000000,0.130000000000,1.000000000000,1.000000000000
10,US,66,Nash,-0.500000000000,0.360000000000,False,0.000000000000,0.130000000000,0.130000000000,1.000000000000,1.000000000000
10,US,66,SEQ,-0.490000000000,0.360000000000,False,0.000000000000,0.130000000000,0.130000000000,1.000000000000,1.000000000000
10,US,66,SMR,-0.480000000000,0.360000000000,False,0.000000000000,0.130000000000,0.130000000000,1.000000000000,1.000000000000
10,US,67,GMR,0.500000000000,0.500000000000,False,0.000000000000,0.870000000000,0.870000000000,1.000000000000,1.000000000000
10,US,67,Nash,0.500000000000,0.500000000000,False,0.000000000000,0.870000000000,0.870000000000,1.000000000000,1.000000000000
10,US,67,SEQ,0.500000000000,0.500000000000,False,0.000000000000,0.870000000000,0.870000000000,1.000000000000,1.000000000000
10,US,67,SMR,0.500000000000,0.500000000000,False,0.000000000000,0.870000000000,0.870000000000,1.000000000000,1.000000000000
10,US,68,GMR,0.238000000000,0.160000000000,False,0.000000000000,0.000000000000,0.000000000000,0.900000000000,0.920000000000
10,US,68,Nash,-0.320000000000,0.160000000000,False,0.000000000000,0.000000000000,0.000000000000,0.900000000000,0.970000000000
10,US,68,SEQ,0.238000000000,0.160000000000,False,0.000000000000,0.000000000000,0.000000000000,0.900000000000,0.890000000000
10,US,68,SMR,-0.186000000000,0.160000000000,False,0.000000000000,0.000000000000,0.000000000000,0.900000000000,0.820000000000
10,US,69,GMR,0.320000000000,0.320000000000,False,0.000000000000,0.020000000000,0.020000000000,0.990000000000,1.000000000000
10,US,69,Nash,0.320000000000,0.320000000000,False,0.000000000000,0.020000000000,0.020000000000,0.990000000000,0.990000000000
10,US,69,SEQ,0.320000000000,0.320000000000,False,0.000000000000,0.020000000000,0.020000000000,0.990000000000,0.990000000000
10,US,69,SMR,0.320000000000,0.320000000000,False,0.000000000000,0.020000000000,0.020000000000,0.990000000000,1.000000000000
10,US,70,GMR,0.224000000000,0.378000000000,False,0.000000000000,0.230000000000,0.000000000000,0.970000000000,0.970000000000
10,US,70,Nash,-0.378000000000,0.378000000000,False,0.000000000000,0.230000000000,0.230000000000,0.970000000000,0.970000000000
10,US,70,SEQ,0.224000000000,0.378000000000,False,0.000000000000,0.230000000000,0.000000000000,0.970000000000,0.950000000000
10,US,70,SMR,-0.220000000000,0.378000000000,False,0.000000000000,0.230000000000,0.000000000000,0.970000000000,0.850000000000
10,US,71,GMR,-0.500000000000,0.386000000000,False,0.000000000000,0.270000000000,0.270000000000,0.990000000000,1.000000000000
10,US,71,Nash,-0.500000000000,0.386000000000,False,0.000000000000,0.270000000000,0.270000000000,0.990000000000,1.000000000000
10,US,71,SEQ,-0.500000000000,0.386000000000,False,0.000000000000,0.270000000000,0.270000000000,0.990000000000,1.000000000000
10,US,71,SMR,-0.500000000000,0.386000000000,False,0.000000000000,0.270000000000,0.270000000000,0.990000000000,1.000000000000
10,US,72,GMR,-0.500000000000,0.386000000000,False,0.000000000000,0.270000000000,0.270000000000,1.000000000000,1.000000000000
10,US,72,Nash,-0.500000000000,0.386000000000,False,0.000000000000,0.270000000000,0.270000000000,1.000000000000,1.000000000000
10,US,72,SEQ,-0.500000000000,0.386000000000,False,0.000000000000,0.270000000000,0.270000000000,1.000000000000,1.000000000000
10,US,72,SMR,-0.500000000000,0.386000000000,False,0.000000000000,0.270000000000,0.270000000000,1.000000000000,1.000000000000
10,US,73,GMR,0.500000000000,0.500000000000,False,0.000000000000,0.870000000000,0.870000000000,1.000000000000,1.000000000000
10,US,73,Nash,0.500000000000,0.500000000000,False,0.000000000000,0.870000000000,0.870000000000,1.000000000000,1.000000000000
10,US,73,SEQ,0.500000000000,0.500000000000,False,0.000000000000,0.870000000000,0.870000000000,1.000000000000,1.000000000000
10,US,73,SMR,0.500000000000,0.500000000000,False,0.000000000000,0.870000000000,0.870000000000,1.000000000000,1.000000000000
10,US,74,GMR,-0.464000000000,0.200000000000,False,0.000000000000,0.000000000000,0.000000000000,0.830000000000,1.000000000000
10,US,74,Nash,-0.480000000000,0.200000000000,False,0.000000000000,0.000000000000,0.000000000000,0.830000000000,1.000000000000
10,US,74,SEQ,-0.464000000000,0.200000000000,False,0.000000000000,0.000000000000,0.000000000000,0.830000000000,1.000000000000
10,US,74,SMR,-0.464000000000,0.200000000000,False,0.000000000000,0.000000000000,0.000000000000,0.830000000000,1.000000000000
10,US,75,GMR,-0.500000000000,0.200000000000,False,0.000000000000,0.000000000000,0.000000000000,0.910000000000,1.000000000000
10,US,75,Nash,-0.500000000000,0.200000000000,False,0.000000000000,0.000000000000,0.000000000000,0.910000000000,1.000000000000
10,US,75,SEQ,-0.500000000000,0.200000000000,False,0.000000000000,0.000000000000,0.000000000000,0.910000000000,1.000000000000
10,US,75,SMR,-0.500000000000,0.200000000000,False,0.000000000000,0.000000000000,0.000000000000,0.910000000000,1.000000000000
10,US,76,GMR,0.500000000000,0.500000000000,False,0.000000000000,0.870000000000,0.870000000000,1.000000000000,1.000000000000
10,US,76,Nash,0.500000000000,0.500000000000,False,0.000000000000,0.870000000000,0.870000000000,1.000000000000,1.000000000000
10,US,76,SEQ,0.500000000000,0.500000000000,False,0.000000000000,0.870000000000,0.870000000000,1.000000000000,1.000000000000
10,US,76,SMR,0.500000000000,0.500000000000,False,0.000000000000,0.870000000000,0.870000000000,1.000000000000,1.000000000000
50,CN,1,GMR,0.500000000000,,True,0.000000000000,1.000000000000,1.000000000000,1.000000000000,1.000000000000
50,CN,1,Nash,0.500000000000,,True,0.000000000000,1.000000000000,1.000000000000,1.000000000000,1.000000000000
50,CN,1,SEQ,0.500000000000,,True,0.000000000000,1.000000000000,1.000000000000,1.000000000000,1.000000000000
50,CN,1,SMR,0.500000000000,,True,0.000000000000,1.000000000000,1.000000000000,1.000000000000,1.000000000000
50,CN,2,GMR,0.418000000000,0.500000000000,False,0.000000000000,1.000000000000,1.000000000000,1.000000000000,1.000000000000
50,CN,2,Nash,-0.500000000000,0.500000000000,False,0.000000000000,1.000000000000,1.000000000000,1.000000000000,1.000000000000
50,CN,2,SEQ,0.194000000000,0.500000000000,False,0.000000000000,1.000000000000,0.560000000000,1.000000000000,1.000000000000
50,CN,2,SMR,0.112000000000,0.500000000000,False,0.000000000000,1.000000000000,0.000000000000,1.000000000000,0.970000000000
50,CN,3,GMR,0.344000000000,0.344000000000,False,0.000000000000,1.000000000000,1.000000000000,1.000000000000,1.000000000000
50,CN,3,Nash,0.344000000000,0.344000000000,False,0.000000000000,1.000000000000,1.000000000000,1.000000000000,1.000000000000
50,CN,3,SEQ,0.344000000000,0.344000000000,False,0.000000000000,1.000000000000,1.000000000000,1.000000000000,1.000000000000
50,CN,3,SMR,0.344000000000,0.344000000000,False,0.000000000000,1.000000000000,1.000000000000,1.000000000000,1.000000000000
50,CN,4,GMR,-0.374000000000,0.308000000000,False,0.000000000000,1.000000000000,1.000000000000,1.000000000000,1.000000000000
50,CN,4,Nash,-0.370000000000,0.308000000000,False,0.000000000000,1.000000000000,1.000000000000,1.000000000000,1.000000000000
50,CN,4,SEQ,-0.374000000000,0.308000000000,False,0.000000000000,1.000000000000,1.000000000000,1.000000000000,1.000000000000
50,CN,4,SMR,-0.474000000000,0.308000000000,False,0.000000000000,1.000000000000,1.000000000000,1.000000000000,1.000000000000
50,CN,5,GMR,0.486000000000,0.194000000000,False,0.000000000000,0.560000000000,0.560000000000,1.000000000000,1.000000000000
50,CN,5,Nash,-0.194000000000,0.194000000000,False,0.000000000000,0.560000000000,0.560000000000,1.000000000000,1.000000000000
50,CN,5,SEQ,-0.328000000000,0.194000000000,False,0.000000000000,0.560000000000,0.560000000000,1.000000000000,1.000000000000
50,CN,5,SMR,-0.366000000000,0.194000000000,False,0.000000000000,0.560000000000,0.560000000000,1.000000000000,1.000000000000
50,CN,6,GMR,0.148000000000,0.186000000000,False,0.000000000000,0.520000000000,0.090000000000,1.000000000000,0.990000000000
50,CN,6,Nash,-0.444000000000,0.186000000000,False,0.000000000000,0.520000000000,0.520000000000,1.000000000000,1.000000000000
50,CN,6,SEQ,0.148000000000,0.186000000000,False,0.000000000000,0.520000000000,0.090000000000,1.000000000000,0.990000000000
50,CN,6,SMR,-0.384000000000,0.186000000000,False,0.000000000000,0.520000000000,0.520000000000,1.000000000000,1.000000000000
50,CN,7,GMR,0.024000000000,0.234000000000,False,0.000000000000,0.970000000000,0.000000000000,1.000000000000,0.700000000000
50,CN,7,Nash,-0.476000000000,0.234000000000,False,0.000000000000,0.970000000000,0.970000000000,1.000000000000,1.000000000000
50,CN,7,SEQ,-0.236000000000,0.234000000000,False,0.000000000000,0.970000000000,0.970000000000,1.000000000000,1.000000000000
50,CN,7,SMR,-0.384000000000,0.234000000000,False,0.000000000000,0.970000000000,0.970000000000,1.000000000000,1.000000000000
50,CN,8,GMR,0.354000000000,0.354000000000,False,0.000000000000,1.000000000000,1.000000000000,1.000000000000,1.000000000000
50,CN,8,Nash,0.354000000000,0.354000000000,False,0.000000000000,1.000000000000,1.000000000000,1.000000000000,1.000000000000
50,CN,8,SEQ,0.354000000000,0.354000000000,False,0.000000000000,1.000000000000,1.000000000000,1.000000000000,1.000000000000
50,CN,8,SMR,0.354000000000,0.354000000000,False,0.000000000000,1.000000000000,1.000000000000,1.000000000000,1.000000000000
50,CN,9,GMR,0.492000000000,0.042000000000,False,0.000000000000,0.000000000000,0.000000000000,0.780000000000,1.000000000000
50,CN,9,Nash,-0.384000000000,0.042000000000,False,0.000000000000,0.000000000000,0.000000000000,0.780000000000,1.000000000000
50,CN,9,SEQ,-0.500000000000,0.042000000000,False,0.000000000000,0.000000000000,0.000000000000,0.780000000000,1.000000000000
50,CN,9,SMR,-0.280000000000,0.042000000000,False,0.000000000000,0.000000000000,0.000000000000,0.780000000000,1.000000000000
50,CN,10,GMR,0.500000000000,,True,0.000000000000,1.000000000000,1.000000000000,1.000000000000,1.000000000000
50,CN,10,Nash,0.500000000000,,True,0.000000000000,1.000000000000,1.000000000000,1.000000000000,1.000000000000
50,CN,10,SEQ,0.500000000000,,True,0.000000000000,1.000000000000,1.000000000000,1.000000000000,1.000000000000
50,CN,10,SMR,0.500000000000,,True,0.000000000000,1.000000000000,1.000000000000,1.000000000000,1.000000000000
50,CN,11,GMR,-0.084000000000,0.110000000000,False,0.000000000000,0.000000000000,0.000000000000,0.950000000000,0.900000000000
50,CN,11,Nash,-0.446000000000,0.110000000000,False,0.000000000000,0.000000000000,0.000000000000,0.950000000000,1.000000000000
50,CN,11,SEQ,-0.500000000000,0.110000000000,False,0.000000000000,0.000000000000,0.000000000000,0.950000000000,1.000000000000
50,CN,11,SMR,-0.360000000000,0.110000000000,False,0.000000000000,0.000000000000,0.000000000000,0.950000000000,1.000000000000
50,CN,12,GMR,-0.342000000000,0.078000000000,False,0.000000000000,0.000000000000,0.000000000000,0.890000000000,1.000000000000
50,CN,12,Nash,-0.390000000000,0.078000000000,False,0.000000000000,0.000000000000,0.000000000000,0.890000000000,1.000000000000
50,CN,12,SEQ,-0.500000000000,0.078000000000,False,0.000000000000,0.000000000000,0.000000000000,0.890000000000,1.000000000000
50,CN,12,SMR,-0.384000000000,0.078000000000,False,0.000000000000,0.000000000000,0.000000000000,0.890000000000,1.000000000000
50,CN,13,GMR,0.276000000000,0.090000000000,False,0.000000000000,0.000000000000,0.000000000000,0.960000000000,1.000000000000
50,CN,13,Nash,-0.396000000000,0.090000000000,False,0.000000000000,0.000000000000,0.000000000000,0.960000000000,1.000000000000
50,CN,13,SEQ,-0.288000000000,0.090000000000,False,0.000000000000,0.000000000000,0.000000000000,0.960000000000,1.000000000000
50,CN,13,SMR,-0.256000000000,0.090000000000,False,0.000000000000,0.000000000000,0.000000000000,0.960000000000,1.000000000000
50,CN,14,GMR,-0.468000000000,0.124000000000,False,0.000000000000,0.000000000000,0.000000000000,0.970000000000,1.000000000000
50,CN,14,Nash,-0.466000000000,0.124000000000,False,0.000000000000,0.000000000000,0.000000000000,0.970000000000,1.000000000000
50,CN,14,SEQ,-0.468000000000,0.124000000000,False,0.000000000000,0.000000000000,0.000000000000,0.970000000000,1.000000000000
50,CN,14,SMR,-0.468000000000,0.124000000000,False,0.000000000000,0.000000000000,0.000000000000,0.970000000000,1.000000000000
50,CN,15,GMR,0.416000000000,0.028000000000,False,0.000000000000,0.000000000000,0.000000000000,0.420000000000,1.000000000000
50,CN,15,Nash,-0.028000000000,0.028000000000,False,0.000000000000,0.000000000000,0.000000000000,0.420000000000,0.640000000000
50,CN,15,SEQ,-0.434000000000,0.028000000000,False,0.000000000000,0.000000000000,0.000000000000,0.420000000000,0.640000000000
50,CN,15,SMR,-0.306000000000,0.028000000000,False,0.000000000000,0.000000000000,0.000000000000,0.420000000000,0.640000000000
50,CN,16,GMR,-0.486000000000,0.326000000000,False,0.000000000000,1.000000000000,1.000000000000,1.000000000000,1.000000000000
50,CN,16,Nash,-0.464000000000,0.326000000000,False,0.000000000000,1.000000000000,1.000000000000,1.000000000000,1.000000000000
50,CN,16,SEQ,-0.500000000000,0.326000000000,False,0.000000000000,1.000000000000,1.000000000000,1.000000000000,1.000000000000
50,CN,16,SMR,-0.486000000000,0.326000000000,False,0.000000000000,1.000000000000,1.000000000000,1.000000000000,1.000000000000
50,CN,17,GMR,0.500000000000,,True,0.000000000000,1.000000000000,1.000000000000,1.000000000000,1.000000000000
50,CN,17,Nash,0.500000000000,,True,0.000000000000,1.000000000000,1.000000000000,1.000000000000,1.000000000000
50,CN,17,SEQ,0.500000000000,,True,0.000000000000,1.000000000000,1.000000000000,1.000000000000,1.000000000000
50,CN,17,SMR,0.500000000000,,True,0.000000000000,1.000000000000,1.000000000000,1.000000000000,1.000000000000
50,CN,18,GMR,0.324000000000,0.410000000000,False,0.000000000000,1.000000000000,1.000000000000,1.000000000000,1.000000000000
50,CN,18,Nash,-0.498000000000,0.410000000000,False,0.000000000000,1.000000000000,1.000000000000,1.000000000000,1.000000000000
50,CN,18,SEQ,0.182000000000,0.410000000000,False,0.000000000000,1.000000000000,0.450000000000,1.000000000000,1.000000000000
50,CN,18,SMR,-0.104000000000,0.410000000000,False,0.000000000000,1.000000000000,0.000000000000,1.000000000000,0.960000000000
50,CN,19,GMR,0.390000000000,0.286000000000,False,0.000000000000,1.000000000000,1.000000000000,1.000000000000,1.000000000000
50,CN,19,Nash,-0.484000000000,0.286000000000,False,0.000000000000,1.000000000000,1.000000000000,1.000000000000,1.000000000000
50,CN,19,SEQ,-0.492000000000,0.286000000000,False,0.000000000000,1.000000000000,1.000000000000,1.000000000000,1.000000000000
50,CN,19,SMR,0.330000000000,0.286000000000,False,0.000000000000,1.000000000000,1.000000000000,1.000000000000,1.000000000000
50,CN,20,GMR,-0.496000000000,0.498000000000,False,0.000000000000,1.000000000000,1.000000000000,1.000000000000,1.000000000000
50,CN,20,Nash,-0.500000000000,0.498000000000,False,0.000000000000,1.000000000000,1.000000000000,1.000000000000,1.000000000000
50,CN,20,SEQ,-0.496000000000,0.498000000000,False,0.000000000000,1.000000000000,1.000000000000,1.000000000000,1.000000000000
50,CN,20,SMR,-0.498000000000,0.498000000000,False,0.000000000000,1.000000000000,1.000000000000,1.000000000000,1.000000000000
50,CN,21,GMR,-0.210000000000,0.182000000000,False,0.000000000000,0.450000000000,0.450000000000,1.000000000000,1.000000000000
50,CN,21,Nash,-0.498000000000,0.182000000000,False,0.000000000000,0.450000000000,0.450000000000,1.000000000000,1.000000000000
50,CN,21,SEQ,-0.478000000000,0.182000000000,False,0.000000000000,0.450000000000,0.450000000000,1.000000000000,1.000000000000
50,CN,21,SMR,-0.470000000000,0.182000000000,False,0.000000000000,0.450000000000,0.450000000000,1.000000000000,1.000000000000
50,CN,22,GMR,0.498000000000,0.498000000000,False,0.000000000000,1.000000000000,1.000000000000,1.000000000000,1.000000000000
50,CN,22,Nash,0.498000000000,0.498000000000,False,0.000000000000,1.000000000000,1.000000000000,1.000000000000,1.000000000000
50,CN,22,SEQ,0.498000000000,0.498000000000,False,0.000000000000,1.000000000000,1.000000000000,1.000000000000,1.000000000000
50,CN,22,SMR,0.498000000000,0.498000000000,False,0.000000000000,1.000000000000,1.000000000000,1.000000000000,1.000000000000
50,CN,23,GMR,0.456000000000,0.456000000000,False,0.000000000000,1.000000000000,1.000000000000,1.000000000000,1.000000000000
50,CN,23,Nash,0.456000000000,0.456000000000,False,0.000000000000,1.000000000000,1.000000000000,1.000000000000,1.000000000000
50,CN,23,SEQ,0.456000000000,0.456000000000,False,0.000000000000,1.000000000000,1.000000000000,1.000000000000,1.000000000000
50,CN,23,SMR,0.456000000000,0.456000000000,False,0.000000000000,1.000000000000,1.000000000000,1.000000000000,1.000000000000
50,CN,24,GMR,-0.160000000000,0.038000000000,False,0.000000000000,0.000000000000,0.000000000000,0.670000000000,0.990000000000
50,CN,24,Nash,-0.492000000000,0.038000000000,False,0.000000000000,0.000000000000,0.000000000000,0.670000000000,1.000000000000
50,CN,24,SEQ,-0.434000000000,0.038000000000,False,0.000000000000,0.000000000000,0.000000000000,0.670000000000,1.000000000000
50,CN,24,SMR,-0.484000000000,0.038000000000,False,0.000000000000,0.000000000000,0.000000000000,0.670000000000,1.000000000000
50,CN,25,GMR,0.488000000000,0.456000000000,False,0.000000000000,1.000000000000,1.000000000000,1.000000000000,1.000000000000
50,CN,25,Nash,-0.456000000000,0.456000000000,False,0.000000000000,1.000000000000,1.000000000000,1.000000000000,1.000000000000
50,CN,25,SEQ,-0.500000000000,0.456000000000,False,0.000000000000,1.000000000000,1.000000000000,1.000000000000,1.000000000000
50,CN,25,SMR,-0.272000000000,0.456000000000,False,0.000000000000,1.000000000000,0.990000000000,1.000000000000,1.000000000000
50,CN,26,GMR,-0.348000000000,0.410000000000,False,0.000000000000,1.000000000000,1.000000000000,1.000000000000,1.000000000000
50,CN,26,Nash,-0.500000000000,0.410000000000,False,0.000000000000,1.000000000000,1.000000000000,1.000000000000,1.000000000000
50,CN,26,SEQ,-0.430000000000,0.410000000000,False,0.000000000000,1.000000000000,1.000000000000,1.000000000000,1.000000000000
50,CN,26,SMR,-0.430000000000,0.410000000000,False,0.000000000000,1.000000000000,1.000000000000,1.000000000000,1.000000000000
50,CN,27,GMR,0.438000000000,0.438000000000,False,0.000000000000,1.000000000000,1.000000000000,1.000000000000,1.000000000000
50,CN,27,Nash,0.438000000000,0.438000000000,False,0.000000000000,1.000000000000,1.000000000000,1.000000000000,1.000000000000
50,CN,27,SEQ,0.438000000000,0.438000000000,False,0.000000000000,1.000000000000,1.000000000000,1.000000000000,1.000000000000
50,CN,27,SMR,0.438000000000,0.438000000000,False,0.000000000000,1.000000000000,1.000000000000,1.000000000000,1.000000000000
50,CN,28,GMR,0.272000000000,0.272000000000,False,0.000000000000,0.990000000000,0.990000000000,1.000000000000,1.000000000000
50,CN,28,Nash,0.272000000000,0.272000000000,False,0.000000000000,0.990000000000,0.990000000000,1.000000000000,1.000000000000
50,CN,28,SEQ,0.272000000000,0.272000000000,False,0.000000000000,0.990000000000,0.990000000000,1.000000000000,1.000000000000
50,CN,28,SMR,0.272000000000,0.272000000000,False,0.000000000000,0.990000000000,0.990000000000,1.000000000000,1.000000000000
50,CN,29,GMR,0.500000000000,0.134000000000,False,0.000000000000,0.010000000000,0.010000000000,0.960000000000,1.000000000000
50,CN,29,Nash,-0.134000000000,0.134000000000,False,0.000000000000,0.010000000000,0.010000000000,0.960000000000,0.960000000000
50,CN,29,SEQ,0.500000000000,0.134000000000,False,0.000000000000,0.010000000000,0.010000000000,0.960000000000,1.000000000000
50,CN,29,SMR,0.264000000000,0.134000000000,False,0.000000000000,0.010000000000,0.010000000000,0.960000000000,1.000000000000
50,CN,30,GMR,-0.088000000000,0.256000000000,False,0.000000000000,0.980000000000,0.000000000000,1.000000000000,0.890000000000
50,CN,30,Nash,-0.482000000000,0.256000000000,False,0.000000000000,0.980000000000,0.980000000000,1.000000000000,1.000000000000
50,CN,30,SEQ,-0.236000000000,0.256000000000,False,0.000000000000,0.980000000000,0.970000000000,1.000000000000,1.000000000000
50,CN,30,SMR,-0.480000000000,0.256000000000,False,0.000000000000,0.980000000000,0.980000000000,1.000000000000,1.000000000000
50,CN,31,GMR,0.028000000000,0.028000000000,False,0.000000000000,0.000000000000,0.000000000000,0.710000000000,1.000000000000
50,CN,31,Nash,0.028000000000,0.028000000000,False,0.000000000000,0.000000000000,0.000000000000,0.710000000000,0.710000000000
50,CN,31,SEQ,0.028000000000,0.028000000000,False,0.000000000000,0.000000000000,0.000000000000,0.710000000000,0.750000000000
50,CN,31,SMR,0.028000000000,0.028000000000,False,0.000000000000,0.000000000000,0.000000000000,0.710000000000,0.710000000000
50,CN,32,GMR,-0.374000000000,0.066000000000,False,0.000000000000,0.000000000000,0.000000000000,0.790000000000,1.000000000000
50,CN,32,Nash,-0.500000000000,0.066000000000,False,0.000000000000,0.000000000000,0.000000000000,0.790000000000,1.000000000000
50,CN,32,SEQ,-0.500000000000,0.066000000000,False,0.000000000000,0.000000000000,0.000000000000,0.790000000000,1.000000000000
50,CN,32,SMR,-0.374000000000,0.066000000000,False,0.000000000000,0.000000000000,0.000000000000,0.790000000000,1.000000000000
50,CN,33,GMR,0.500000000000,0.482000000000,False,0.000000000000,1.000000000000,1.000000000000,1.000000000000,1.000000000000
50,CN,33,Nash,-0.482000000000,0.482000000000,False,0.000000000000,1.000000000000,1.000000000000,1.000000000000,1.000000000000
50,CN,33,SEQ,0.306000000000,0.482000000000,False,0.000000000000,1.000000000000,1.000000000000,1.000000000000,1.000000000000
50,CN,33,SMR,0.462000000000,0.482000000000,False,0.000000000000,1.000000000000,1.000000000000,1.000000000000,1.000000000000
50,CN,34,GMR,0.448000000000,0.382000000000,False,0.000000000000,1.000000000000,1.000000000000,1.000000000000,1.000000000000
50,CN,34,Nash,-0.500000000000,0.382000000000,False,0.000000000000,1.000000000000,1.000000000000,1.000000000000,1.000000000000
50,CN,34,SEQ,0.194000000000,0.382000000000,False,0.000000000000,1.000000000000,0.560000000000,1.000000000000,1.000000000000
50,CN,34,SMR,0.398000000000,0.382000000000,False,0.000000000000,1.000000000000,1.000000000000,1.000000000000,1.000000000000
50,CN,35,GMR,0.482000000000,0.308000000000,False,0.000000000000,1.000000000000,1.000000000000,1.000000000000,1.000000000000
50,CN,35,Nash,-0.500000000000,0.308000000000,False,0.000000000000,1.000000000000,1.000000000000,1.000000000000,1.000000000000
50,CN,35,SEQ,-0.500000000000,0.308000000000,False,0.000000000000,1.000000000000,1.000000000000,1.000000000000,1.000000000000
50,CN,35,SMR,0.170000000000,0.308000000000,False,0.000000000000,1.000000000000,0.280000000000,1.000000000000,0.990000000000
50,CN,36,GMR,0.476000000000,0.308000000000,False,0.000000000000,1.000000000000,1.000000000000,1.000000000000,1.000000000000
50,CN,36,Nash,-0.312000000000,0.308000000000,False,0.000000000000,1.000000000000,1.000000000000,1.000000000000,1.000000000000
50,CN,36,SEQ,0.234000000000,0.308000000000,False,0.000000000000,1.000000000000,0.970000000000,1.000000000000,1.000000000000
50,CN,36,SMR,-0.394000000000,0.308000000000,False,0.000000000000,1.000000000000,1.000000000000,1.000000000000,1.000000000000
50,CN,37,GMR,0.088000000000,0.002000000000,False,0.000000000000,0.000000000000,0.000000000000,0.400000000000,0.910000000000
50,CN,37,Nash,-0.322000000000,0.002000000000,False,0.000000000000,0.000000000000,0.000000000000,0.400000000000,1.000000000000
50,CN,37,SEQ,-0.478000000000,0.002000000000,False,0.000000000000,0.000000000000,0.000000000000,0.400000000000,1.000000000000
50,CN,37,SMR,-0.400000000000,0.002000000000,False,0.000000000000,0.000000000000,0.000000000000,0.400000000000,1.000000000000
50,CN,38,GMR,0.186000000000,0.186000000000,False,0.000000000000,0.510000000000,0.510000000000,1.000000000000,1.000000000000
50,CN,38,Nash,0.186000000000,0.186000000000,False,0.000000000000,0.510000000000,0.510000000000,1.000000000000,1.000000000000
50,CN,38,SEQ,0.186000000000,0.186000000000,False,0.000000000000,0.510000000000,0.510000000000,1.000000000000,1.000000000000
50,CN,38,SMR,0.186000000000,0.186000000000,False,0.000000000000,0.510000000000,0.510000000000,1.000000000000,1.000000000000
50,CN,39,GMR,0.446000000000,0.446000000000,False,0.000000000000,1.000000000000,1.000000000000,1.000000000000,1.000000000000
50,CN,39,Nash,0.446000000000,0.446000000000,False,0.000000000000,1.000000000000,1.000000000000,1.000000000000,1.000000000000
50,CN,39,SEQ,0.446000000000,0.446000000000,False,0.000000000000,1.000000000000,1.000000000000,1.000000000000,1.000000000000
50,CN,39,SMR,0.446000000000,0.446000000000,False,0.000000000000,1.000000000000,1.000000000000,1.000000000000,1.000000000000
50,CN,40,GMR,-0.294000000000,0.468000000000,False,0.000000000000,1.000000000000,1.000000000000,1.000000000000,1.000000000000
50,CN,40,Nash,-0.488000000000,0.468000000000,False,0.000000000000,1.000000000000,1.000000000000,1.000000000000,1.000000000000
50,CN,40,SEQ,-0.316000000000,0.468000000000,False,0.000000000000,1.000000000000,1.000000000000,1.000000000000,1.000000000000
50,CN,40,SMR,-0.478000000000,0.468000000000,False,0.000000000000,1.000000000000,1.000000000000,1.000000000000,1.000000000000
50,CN,41,GMR,-0.482000000000,0.490000000000,False,0.000000000000,1.000000000000,1.000000000000,1.000000000000,1.000000000000
50,CN,41,Nash,-0.500000000000,0.490000000000,False,0.000000000000,1.000000000000,1.000000000000,1.000000000000,1.000000000000
50,CN,41,SEQ,-0.500000000000,0.490000000000,False,0.000000000000,1.000000000000,1.000000000000,1.000000000000,1.000000000000
50,CN,41,SMR,-0.498000000000,0.490000000000,False,0.000000000000,1.000000000000,1.000000000000,1.000000000000,1.000000000000
50,CN,42,GMR,0.370000000000,0.370000000000,False,0.000000000000,1.000000000000,1.000000000000,1.000000000000,1.000000000000
50,CN,42,Nash,0.370000000000,0.370000000000,False,0.000000000000,1.000000000000,1.000000000000,1.000000000000,1.000000000000
50,CN,42,SEQ,0.370000000000,0.370000000000,False,0.000000000000,1.000000000000,1.000000000000,1.000000000000,1.000000000000
50,CN,42,SMR,0.370000000000,0.370000000000,False,0.000000000000,1.000000000000,1.000000000000,1.000000000000,1.000000000000
50,CN,43,GMR,-0.058000000000,0.372000000000,False,0.000000000000,1.000000000000,0.000000000000,1.000000000000,0.730000000000
50,CN,43,Nash,-0.466000000000,0.372000000000,False,0.000000000000,1.000000000000,1.000000000000,1.000000000000,1.000000000000
50,CN,43,SEQ,-0.492000000000,0.372000000000,False,0.000000000000,1.000000000000,1.000000000000,1.000000000000,1.000000000000
50,CN,43,SMR,-0.058000000000,0.372000000000,False,0.000000000000,1.000000000000,0.000000000000,1.000000000000,0.860000000000
50,CN,44,GMR,0.032000000000,0.032000000000,False,0.000000000000,0.000000000000,0.000000000000,0.770000000000,1.000000000000
50,CN,44,Nash,0.032000000000,0.032000000000,False,0.000000000000,0.000000000000,0.000000000000,0.770000000000,0.770000000000
50,CN,44,SEQ,0.032000000000,0.032000000000,False,0.000000000000,0.000000000000,0.000000000000,0.770000000000,0.770000000000
50,CN,44,SMR,0.032000000000,0.032000000000,False,0.000000000000,0.000000000000,0.000000000000,0.770000000000,0.910000000000
50,CN,45,GMR,0.500000000000,0.006000000000,False,0.000000000000,0.000000000000,0.000000000000,0.440000000000,1.000000000000
50,CN,45,Nash,-0.006000000000,0.006000000000,False,0.000000000000,0.000000000000,0.000000000000,0.440000000000,0.440000000000
50,CN,45,SEQ,0.212000000000,0.006000000000,False,0.000000000000,0.000000000000,0.000000000000,0.440000000000,1.000000000000
50,CN,45,SMR,-0.276000000000,0.006000000000,False,0.000000000000,0.000000000000,0.000000000000,0.440000000000,0.440000000000
50,CN,46,GMR,-0.292000000000,0.258000000000,False,0.000000000000,0.980000000000,0.980000000000,1.000000000000,1.000000000000
50,CN,46,Nash,-0.396000000000,0.258000000000,False,0.000000000000,0.980000000000,0.980000000000,1.000000000000,1.000000000000
50,CN,46,SEQ,-0.292000000000,0.258000000000,False,0.000000000000,0.980000000000,0.980000000000,1.000000000000,1.000000000000
50,CN,46,SMR,-0.480000000000,0.258000000000,False,0.000000000000,0.980000000000,0.980000000000,1.000000000000,1.000000000000
50,CN,47,GMR,0.218000000000,0.066000000000,False,0.000000000000,0.000000000000,0.000000000000,0.810000000000,1.000000000000
50,CN,47,Nash,-0.268000000000,0.066000000000,False,0.000000000000,0.000000000000,0.000000000000,0.810000000000,1.000000000000
50,CN,47,SEQ,-0.316000000000,0.066000000000,False,0.000000000000,0.000000000000,0.000000000000,0.810000000000,0.970000000000
50,CN,47,SMR,-0.370000000000,0.066000000000,False,0.000000000000,0.000000000000,0.000000000000,0.810000000000,1.000000000000
50,CN,48,GMR,0.500000000000,0.252000000000,False,0.000000000000,0.980000000000,0.980000000000,1.000000000000,1.000000000000
50,CN,48,Nash,-0.252000000000,0.252000000000,False,0.000000000000,0.980000000000,0.980000000000,1.000000000000,1.000000000000
50,CN,48,SEQ,-0.500000000000,0.252000000000,False,0.000000000000,0.980000000000,0.980000000000,1.000000000000,1.000000000000
50,CN,48,SMR,0.306000000000,0.252000000000,False,0.000000000000,0.980000000000,0.980000000000,1.000000000000,1.000000000000
50,CN,49,GMR,0.470000000000,0.470000000000,False,0.000000000000,1.000000000000,1.000000000000,1.000000000000,1.000000000000
50,CN,49,Nash,0.470000000000,0.470000000000,False,0.000000000000,1.000000000000,1.000000000000,1.000000000000,1.000000000000
50,CN,49,SEQ,0.470000000000,0.470000000000,False,0.000000000000,1.000000000000,1.000000000000,1.000000000000,1.000000000000
50,CN,49,SMR,0.470000000000,0.470000000000,False,0.000000000000,1.000000000000,1.000000000000,1.000000000000,1.000000000000
50,CN,50,GMR,0.290000000000,0.202000000000,False,0.000000000000,0.650000000000,0.650000000000,1.000000000000,1.000000000000
50,CN,50,Nash,-0.498000000000,0.202000000000,False,0.000000000000,0.650000000000,0.650000000000,1.000000000000,1.000000000000
50,CN,50,SEQ,0.104000000000,0.202000000000,False,0.000000000000,0.650000000000,0.000000000000,1.000000000000,0.970000000000
50,CN,50,SMR,0.088000000000,0.202000000000,False,0.000000000000,0.650000000000,0.000000000000,1.000000000000,0.910000000000
50,CN,51,GMR,0.308000000000,0.308000000000,False,0.000000000000,1.000000000000,1.000000000000,1.000000000000,1.000000000000
50,CN,51,Nash,0.308000000000,0.308000000000,False,0.000000000000,1.000000000000,1.000000000000,1.000000000000,1.000000000000
50,CN,51,SEQ,0.308000000000,0.308000000000,False,0.000000000000,1.000000000000,1.000000000000,1.000000000000,1.000000000000
50,CN,51,SMR,0.308000000000,0.308000000000,False,0.000000000000,1.000000000000,1.000000000000,1.000000000000,1.000000000000
50,CN,52,GMR,0.312000000000,0.312000000000,False,0.000000000000,1.000000000000,1.000000000000,1.000000000000,1.000000000000
50,CN,52,Nash,0.312000000000,0.312000000000,False,0.000000000000,1.000000000000,1.000000000000,1.000000000000,1.000000000000
50,CN,52,SEQ,0.312000000000,0.312000000000,False,0.000000000000,1.000000000000,1.000000000000,1.000000000000,1.000000000000
50,CN,52,SMR,0.312000000000,0.312000000000,False,0.000000000000,1.000000000000,1.000000000000,1.000000000000,1.000000000000
50,CN,53,GMR,-0.418000000000,0.078000000000,False,0.000000000000,0.000000000000,0.000000000000,0.930000000000,1.000000000000
50,CN,53,Nash,-0.498000000000,0.078000000000,False,0.000000000000,0.000000000000,0.000000000000,0.930000000000,1.000000000000
50,CN,53,SEQ,-0.478000000000,0.078000000000,False,0.000000000000,0.000000000000,0.000000000000,0.930000000000,1.000000000000
50,CN,53,SMR,-0.418000000000,0.078000000000,False,0.000000000000,0.000000000000,0.000000000000,0.930000000000,1.000000000000
50,CN,54,GMR,0.310000000000,0.498000000000,False,0.000000000000,1.000000000000,1.000000000000,1.000000000000,1.000000000000
50,CN,54,Nash,-0.498000000000,0.498000000000,False,0.000000000000,1.000000000000,1.000000000000,1.000000000000,1.000000000000
50,CN,54,SEQ,0.212000000000,0.498000000000,False,0.000000000000,1.000000000000,0.820000000000,1.000000000000,1.000000000000
50,CN,54,SMR,-0.470000000000,0.498000000000,False,0.000000000000,1.000000000000,1.000000000000,1.000000000000,1.000000000000
50,CN,55,GMR,-0.358000000000,0.174000000000,False,0.000000000000,0.320000000000,0.320000000000,1.000000000000,1.000000000000
50,CN,55,Nash,-0.500000000000,0.174000000000,False,0.000000000000,0.320000000000,0.320000000000,1.000000000000,1.000000000000
50,CN,55,SEQ,-0.358000000000,0.174000000000,False,0.000000000000,0.320000000000,0.320000000000,1.000000000000,1.000000000000
50,CN,55,SMR,-0.478000000000,0.174000000000,False,0.000000000000,0.320000000000,0.320000000000,1.000000000000,1.000000000000
50,CN,56,GMR,-0.476000000000,0.448000000000,False,0.000000000000,1.000000000000,1.000000000000,1.000000000000,1.000000000000
50,CN,56,Nash,-0.500000000000,0.448000000000,False,0.000000000000,1.000000000000,1.000000000000,1.000000000000,1.000000000000
50,CN,56,SEQ,-0.476000000000,0.448000000000,False,0.000000000000,1.000000000000,1.000000000000,1.000000000000,1.000000000000
50,CN,56,SMR,-0.500000000000,0.448000000000,False,0.000000000000,1.000000000000,1.000000000000,1.000000000000,1.000000000000
50,CN,57,GMR,0.500000000000,0.234000000000,False,0.000000000000,0.970000000000,0.970000000000,1.000000000000,1.000000000000
50,CN,57,Nash,-0.234000000000,0.234000000000,False,0.000000000000,0.970000000000,0.970000000000,1.000000000000,1.000000000000
50,CN,57,SEQ,-0.500000000000,0.234000000000,False,0.000000000000,0.970000000000,0.970000000000,1.000000000000,1.000000000000
50,CN,57,SMR,0.386000000000,0.234000000000,False,0.000000000000,0.970000000000,0.970000000000,1.000000000000,1.000000000000
50,CN,58,GMR,0.476000000000,0.008000000000,False,0.000000000000,0.000000000000,0.000000000000,0.620000000000,1.000000000000
50,CN,58,Nash,-0.364000000000,0.008000000000,False,0.000000000000,0.000000000000,0.000000000000,0.620000000000,1.000000000000
50,CN,58,SEQ,0.476000000000,0.008000000000,False,0.000000000000,0.000000000000,0.000000000000,0.620000000000,1.000000000000
50,CN,58,SMR,0.468000000000,0.008000000000,False,0.000000000000,0.000000000000,0.000000000000,0.620000000000,1.000000000000
50,CN,59,GMR,0.496000000000,0.358000000000,False,0.000000000000,1.000000000000,1.000000000000,1.000000000000,1.000000000000
50,CN,59,Nash,-0.408000000000,0.358000000000,False,0.000000000000,1.000000000000,1.000000000000,1.000000000000,1.000000000000
50,CN,59,SEQ,-0.492000000000,0.358000000000,False,0.000000000000,1.000000000000,1.000000000000,1.000000000000,1.000000000000
50,CN,59,SMR,0.424000000000,0.358000000000,False,0.000000000000,1.000000000000,1.000000000000,1.000000000000,1.000000000000
50,CN,60,GMR,0.126000000000,0.032000000000,False,0.000000000000,0.000000000000,0.000000000000,0.660000000000,0.970000000000
50,CN,60,Nash,-0.032000000000,0.032000000000,False,0.000000000000,0.000000000000,0.000000000000,0.660000000000,0.660000000000
50,CN,60,SEQ,-0.382000000000,0.032000000000,False,0.000000000000,0.000000000000,0.000000000000,0.660000000000,0.660000000000
50,CN,60,SMR,0.108000000000,0.032000000000,False,0.000000000000,0.000000000000,0.000000000000,0.660000000000,0.950000000000
50,CN,61,GMR,-0.184000000000,0.218000000000,False,0.000000000000,0.860000000000,0.470000000000,1.000000000000,1.000000000000
50,CN,61,Nash,-0.252000000000,0.218000000000,False,0.000000000000,0.860000000000,0.860000000000,1.000000000000,1.000000000000
50,CN,61,SEQ,-0.184000000000,0.218000000000,False,0.000000000000,0.860000000000,0.470000000000,1.000000000000,1.000000000000
50,CN,61,SMR,-0.298000000000,0.218000000000,False,0.000000000000,0.860000000000,0.860000000000,1.000000000000,1.000000000000
50,CN,62,GMR,0.466000000000,0.376000000000,False,0.000000000000,1.000000000000,1.000000000000,1.000000000000,1.000000000000
50,CN,62,Nash,-0.376000000000,0.376000000000,False,0.000000000000,1.000000000000,1.000000000000,1.000000000000,1.000000000000
50,CN,62,SEQ,0.200000000000,0.376000000000,False,0.000000000000,1.000000000000,0.610000000000,1.000000000000,1.000000000000
50,CN,62,SMR,0.298000000000,0.376000000000,False,0.000000000000,1.000000000000,1.000000000000,1.000000000000,1.000000000000
50,CN,63,GMR,0.476000000000,0.054000000000,False,0.000000000000,0.000000000000,0.000000000000,0.570000000000,1.000000000000
50,CN,63,Nash,-0.054000000000,0.054000000000,False,0.000000000000,0.000000000000,0.000000000000,0.570000000000,0.690000000000
50,CN,63,SEQ,-0.064000000000,0.054000000000,False,0.000000000000,0.000000000000,0.000000000000,0.570000000000,0.570000000000
50,CN,63,SMR,-0.396000000000,0.054000000000,False,0.000000000000,0.000000000000,0.000000000000,0.570000000000,0.690000000000
50,CN,64,GMR,-0.218000000000,0.442000000000,False,0.000000000000,1.000000000000,0.860000000000,1.000000000000,1.000000000000
50,CN,64,Nash,-0.500000000000,0.442000000000,False,0.000000000000,1.000000000000,1.000000000000,1.000000000000,1.000000000000
50,CN,64,SEQ,-0.500000000000,0.442000000000,False,0.000000000000,1.000000000000,1.000000000000,1.000000000000,1.000000000000
50,CN,64,SMR,-0.328000000000,0.442000000000,False,0.000000000000,1.000000000000,1.000000000000,1.000000000000,1.000000000000
50,CN,65,GMR,0.490000000000,0.490000000000,False,0.000000000000,1.000000000000,1.000000000000,1.000000000000,1.000000000000
50,CN,65,Nash,0.490000000000,0.490000000000,False,0.000000000000,1.000000000000,1.000000000000,1.000000000000,1.000000000000
50,CN,65,SEQ,0.490000000000,0.490000000000,False,0.000000000000,1.000000000000,1.000000000000,1.000000000000,1.000000000000
50,CN,65,SMR,0.490000000000,0.490000000000,False,0.000000000000,1.000000000000,1.000000000000,1.000000000000,1.000000000000
50,CN,66,GMR,0.262000000000,0.262000000000,False,0.000000000000,0.980000000000,0.980000000000,1.000000000000,1.000000000000
50,CN,66,Nash,0.262000000000,0.262000000000,False,0.000000000000,0.980000000000,0.980000000000,1.000000000000,1.000000000000
50,CN,66,SEQ,0.262000000000,0.262000000000,False,0.000000000000,0.980000000000,0.980000000000,1.000000000000,1.000000000000
50,CN,66,SMR,0.262000000000,0.262000000000,False,0.000000000000,0.980000000000,0.980000000000,1.000000000000,1.000000000000
50,CN,67,GMR,0.500000000000,0.292000000000,False,0.000000000000,1.000000000000,1.000000000000,1.000000000000,1.000000000000
50,CN,67,Nash,-0.292000000000,0.292000000000,False,0.000000000000,1.000000000000,1.000000000000,1.000000000000,1.000000000000
50,CN,67,SEQ,-0.500000000000,0.292000000000,False,0.000000000000,1.000000000000,1.000000000000,1.000000000000,1.000000000000
50,CN,67,SMR,0.384000000000,0.292000000000,False,0.000000000000,1.000000000000,1.000000000000,1.000000000000,1.000000000000
50,CN,68,GMR,0.462000000000,0.462000000000,False,0.000000000000,1.000000000000,1.000000000000,1.000000000000,1.000000000000
50,CN,68,Nash,0.462000000000,0.462000000000,False,0.000000000000,1.000000000000,1.000000000000,1.000000000000,1.000000000000
50,CN,68,SEQ,0.462000000000,0.462000000000,False,0.000000000000,1.000000000000,1.000000000000,1.000000000000,1.000000000000
50,CN,68,SMR,0.462000000000,0.462000000000,False,0.000000000000,1.000000000000,1.000000000000,1.000000000000,1.000000000000
50,CN,69,GMR,0.130000000000,0.090000000000,False,0.000000000000,0.000000000000,0.000000000000,0.900000000000,0.970000000000
50,CN,69,Nash,-0.262000000000,0.090000000000,False,0.000000000000,0.000000000000,0.000000000000,0.900000000000,1.000000000000
50,CN,69,SEQ,-0.382000000000,0.090000000000,False,0.000000000000,0.000000000000,0.000000000000,0.900000000000,0.900000000000
50,CN,69,SMR,0.130000000000,0.090000000000,False,0.000000000000,0.000000000000,0.000000000000,0.900000000000,0.970000000000
50,CN,70,GMR,0.482000000000,0.046000000000,False,0.000000000000,0.000000000000,0.000000000000,0.780000000000,1.000000000000
50,CN,70,Nash,-0.142000000000,0.046000000000,False,0.000000000000,0.000000000000,0.000000000000,0.780000000000,0.980000000000
50,CN,70,SEQ,-0.500000000000,0.046000000000,False,0.000000000000,0.000000000000,0.000000000000,0.780000000000,0.980000000000
50,CN,70,SMR,0.444000000000,0.046000000000,False,0.000000000000,0.000000000000,0.000000000000,0.780000000000,1.000000000000
50,CN,71,GMR,0.500000000000,,True,0.000000000000,1.000000000000,1.000000000000,1.000000000000,1.000000000000
50,CN,71,Nash,0.500000000000,,True,0.000000000000,1.000000000000,1.000000000000,1.000000000000,1.000000000000
50,CN,71,SEQ,0.500000000000,,True,0.000000000000,1.000000000000,1.000000000000,1.000000000000,1.000000000000
50,CN,71,SMR,0.500000000000,,True,0.000000000000,1.000000000000,1.000000000000,1.000000000000,1.000000000000
50,CN,72,GMR,0.090000000000,0.090000000000,False,0.000000000000,0.000000000000,0.000000000000,0.930000000000,0.930000000000
50,CN,72,Nash,0.090000000000,0.090000000000,False,0.000000000000,0.000000000000,0.000000000000,0.930000000000,0.930000000000
50,CN,72,SEQ,0.090000000000,0.090000000000,False,0.000000000000,0.000000000000,0.000000000000,0.930000000000,0.930000000000
50,CN,72,SMR,0.090000000000,0.090000000000,False,0.000000000000,0.000000000000,0.000000000000,0.930000000000,0.930000000000
50,CN,73,GMR,0.500000000000,,True,0.000000000000,1.000000000000,1.000000000000,1.000000000000,1.000000000000
50,CN,73,Nash,0.500000000000,,True,0.000000000000,1.000000000000,1.000000000000,1.000000000000,1.000000000000
50,CN,73,SEQ,0.500000000000,,True,0.000000000000,1.000000000000,1.000000000000,1.000000000000,1.000000000000
50,CN,73,SMR,0.500000000000,,True,0.000000000000,1.000000000000,1.000000000000,1.000000000000,1.000000000000
50,CN,74,GMR,0.500000000000,0.500000000000,False,0.000000000000,1.000000000000,1.000000000000,1.000000000000,1.000000000000
50,CN,74,Nash,0.500000000000,0.500000000000,False,0.000000000000,1.000000000000,1.000000000000,1.000000000000,1.000000000000
50,CN,74,SEQ,0.500000000000,0.500000000000,False,0.000000000000,1.000000000000,1.000000000000,1.000000000000,1.000000000000
50,CN,74,SMR,0.500000000000,0.500000000000,False,0.000000000000,1.000000000000,1.000000000000,1.000000000000,1.000000000000
50,CN,75,GMR,-0.482000000000,0.312000000000,False,0.000000000000,1.000000000000,1.000000000000,1.000000000000,1.000000000000
50,CN,75,Nash,-0.346000000000,0.312000000000,False,0.000000000000,1.000000000000,1.000000000000,1.000000000000,1.000000000000
50,CN,75,SEQ,-0.482000000000,0.312000000000,False,0.000000000000,1.000000000000,1.000000000000,1.000000000000,1.000000000000
50,CN,75,SMR,-0.482000000000,0.312000000000,False,0.000000000000,1.000000000000,1.000000000000,1.000000000000,1.000000000000
50,CN,76,GMR,0.410000000000,0.410000000000,False,0.000000000000,1.000000000000,1.000000000000,1.000000000000,1.000000000000
50,CN,76,Nash,0.410000000000,0.410000000000,False,0.000000000000,1.000000000000,1.000000000000,1.000000000000,1.000000000000
50,CN,76,SEQ,0.410000000000,0.410000000000,False,0.000000000000,1.000000000000,1.000000000000,1.000000000000,1.000000000000
50,CN,76,SMR,0.410000000000,0.410000000000,False,0.000000000000,1.000000000000,1.000000000000,1.000000000000,1.000000000000
50,US,1,GMR,0.500000000000,0.306000000000,False,0.000000000000,1.000000000000,1.000000000000,1.000000000000,1.000000000000
50,US,1,Nash,-0.306000000000,0.306000000000,False,0.000000000000,1.000000000000,1.000000000000,1.000000000000,1.000000000000
50,US,1,SEQ,0.308000000000,0.306000000000,False,0.000000000000,1.000000000000,1.000000000000,1.000000000000,1.000000000000
50,US,1,SMR,0.466000000000,0.306000000000,False,0.000000000000,1.000000000000,1.000000000000,1.000000000000,1.000000000000
50,US,2,GMR,-0.132000000000,0.184000000000,False,0.000000000000,0.480000000000,0.010000000000,1.000000000000,0.980000000000
50,US,2,Nash,-0.500000000000,0.184000000000,False,0.000000000000,0.480000000000,0.480000000000,1.000000000000,1.000000000000
50,US,2,SEQ,-0.344000000000,0.184000000000,False,0.000000000000,0.480000000000,0.480000000000,1.000000000000,1.000000000000
50,US,2,SMR,-0.378000000000,0.184000000000,False,0.000000000000,0.480000000000,0.480000000000,1.000000000000,1.000000000000
50,US,3,GMR,0.500000000000,0.500000000000,False,0.000000000000,1.000000000000,1.000000000000,1.000000000000,1.000000000000
50,US,3,Nash,0.500000000000,0.500000000000,False,0.000000000000,1.000000000000,1.000000000000,1.000000000000,1.000000000000
50,US,3,SEQ,0.500000000000,0.500000000000,False,0.000000000000,1.000000000000,1.000000000000,1.000000000000,1.000000000000
50,US,3,SMR,0.500000000000,0.500000000000,False,0.000000000000,1.000000000000,1.000000000000,1.000000000000,1.000000000000
50,US,4,GMR,0.306000000000,0.306000000000,False,0.000000000000,1.000000000000,1.000000000000,1.000000000000,1.000000000000
50,US,4,Nash,0.306000000000,0.306000000000,False,0.000000000000,1.000000000000,1.000000000000,1.000000000000,1.000000000000
50,US,4,SEQ,0.306000000000,0.306000000000,False,0.000000000000,1.000000000000,1.000000000000,1.000000000000,1.000000000000
50,US,4,SMR,0.306000000000,0.306000000000,False,0.000000000000,1.000000000000,1.000000000000,1.000000000000,1.000000000000
50,US,5,GMR,0.184000000000,0.184000000000,False,0.000000000000,0.470000000000,0.470000000000,1.000000000000,1.000000000000
50,US,5,Nash,0.184000000000,0.184000000000,False,0.000000000000,0.470000000000,0.470000000000,1.000000000000,1.000000000000
50,US,5,SEQ,0.184000000000,0.184000000000,False,0.000000000000,0.470000000000,0.470000000000,1.000000000000,1.000000000000
50,US,5,SMR,0.184000000000,0.184000000000,False,0.000000000000,0.470000000000,0.470000000000,1.000000000000,1.000000000000
50,US,6,GMR,-0.500000000000,0.214000000000,False,0.000000000000,0.830000000000,0.830000000000,1.000000000000,1.000000000000
50,US,6,Nash,-0.500000000000,0.214000000000,False,0.000000000000,0.830000000000,0.830000000000,1.000000000000,1.000000000000
50,US,6,SEQ,-0.500000000000,0.214000000000,False,0.000000000000,0.830000000000,0.830000000000,1.000000000000,1.000000000000
50,US,6,SMR,-0.500000000000,0.214000000000,False,0.000000000000,0.830000000000,0.830000000000,1.000000000000,1.000000000000
50,US,7,GMR,0.500000000000,0.230000000000,False,0.000000000000,0.950000000000,0.950000000000,1.000000000000,1.000000000000
50,US,7,Nash,-0.500000000000,0.230000000000,False,0.000000000000,0.950000000000,0.950000000000,1.000000000000,1.000000000000
50,US,7,SEQ,-0.084000000000,0.230000000000,False,0.000000000000,0.950000000000,0.000000000000,1.000000000000,0.910000000000
50,US,7,SMR,0.500000000000,0.230000000000,False,0.000000000000,0.950000000000,0.950000000000,1.000000000000,1.000000000000
50,US,8,GMR,0.498000000000,0.230000000000,False,0.000000000000,0.950000000000,0.950000000000,1.000000000000,1.000000000000
50,US,8,Nash,-0.492000000000,0.230000000000,False,0.000000000000,0.950000000000,0.950000000000,1.000000000000,1.000000000000
50,US,8,SEQ,-0.138000000000,0.230000000000,False,0.000000000000,0.950000000000,0.020000000000,1.000000000000,0.980000000000
50,US,8,SMR,0.498000000000,0.230000000000,False,0.000000000000,0.950000000000,0.950000000000,1.000000000000,1.000000000000
50,US,9,GMR,0.492000000000,0.492000000000,False,0.000000000000,1.000000000000,1.000000000000,1.000000000000,1.000000000000
50,US,9,Nash,0.492000000000,0.492000000000,False,0.000000000000,1.000000000000,1.000000000000,1.000000000000,1.000000000000
50,US,9,SEQ,0.492000000000,0.492000000000,False,0.000000000000,1.000000000000,1.000000000000,1.000000000000,1.000000000000
50,US,9,SMR,0.492000000000,0.492000000000,False,0.000000000000,1.000000000000,1.000000000000,1.000000000000,1.000000000000
50,US,10,GMR,0.412000000000,0.182000000000,False,0.000000000000,0.460000000000,0.460000000000,0.990000000000,1.000000000000
50,US,10,Nash,-0.194000000000,0.182000000000,False,0.000000000000,0.460000000000,0.460000000000,0.990000000000,0.990000000000
50,US,10,SEQ,-0.076000000000,0.182000000000,False,0.000000000000,0.460000000000,0.000000000000,0.990000000000,0.760000000000
50,US,10,SMR,0.190000000000,0.182000000000,False,0.000000000000,0.460000000000,0.460000000000,0.990000000000,1.000000000000
50,US,11,GMR,0.500000000000,0.124000000000,False,0.000000000000,0.000000000000,0.000000000000,0.960000000000,0.990000000000
50,US,11,Nash,-0.124000000000,0.124000000000,False,0.000000000000,0.000000000000,0.000000000000,0.960000000000,0.970000000000
50,US,11,SEQ,-0.050000000000,0.124000000000,False,0.000000000000,0.000000000000,0.000000000000,0.960000000000,0.650000000000
50,US,11,SMR,0.388000000000,0.124000000000,False,0.000000000000,0.000000000000,0.000000000000,0.960000000000,0.990000000000
50,US,12,GMR,-0.500000000000,0.434000000000,False,0.000000000000,1.000000000000,1.000000000000,1.000000000000,1.000000000000
50,US,12,Nash,-0.500000000000,0.434000000000,False,0.000000000000,1.000000000000,1.000000000000,1.000000000000,1.000000000000
50,US,12,SEQ,-0.500000000000,0.434000000000,False,0.000000000000,1.000000000000,1.000000000000,1.000000000000,1.000000000000
50,US,12,SMR,-0.500000000000,0.434000000000,False,0.000000000000,1.000000000000,1.000000000000,1.000000000000,1.000000000000
50,US,13,GMR,0.062000000000,0.062000000000,False,0.000000000000,0.000000000000,0.000000000000,0.850000000000,1.000000000000
50,US,13,Nash,0.062000000000,0.062000000000,False,0.000000000000,0.000000000000,0.000000000000,0.850000000000,0.850000000000
50,US,13,SEQ,0.062000000000,0.062000000000,False,0.000000000000,0.000000000000,0.000000000000,0.850000000000,1.000000000000
50,US,13,SMR,0.062000000000,0.062000000000,False,0.000000000000,0.000000000000,0.000000000000,0.850000000000,1.000000000000
50,US,14,GMR,0.010000000000,0.444000000000,False,0.000000000000,1.000000000000,0.000000000000,1.000000000000,0.630000000000
50,US,14,Nash,-0.500000000000,0.444000000000,False,0.000000000000,1.000000000000,1.000000000000,1.000000000000,1.000000000000
50,US,14,SEQ,-0.086000000000,0.444000000000,False,0.000000000000,1.000000000000,0.000000000000,1.000000000000,0.970000000000
50,US,14,SMR,-0.086000000000,0.444000000000,False,0.000000000000,1.000000000000,0.000000000000,1.000000000000,0.910000000000
50,US,15,GMR,0.064000000000,0.064000000000,False,0.000000000000,0.000000000000,0.000000000000,0.860000000000,1.000000000000
50,US,15,Nash,0.064000000000,0.064000000000,False,0.000000000000,0.000000000000,0.000000000000,0.860000000000,0.860000000000
50,US,15,SEQ,0.064000000000,0.064000000000,False,0.000000000000,0.000000000000,0.000000000000,0.860000000000,1.000000000000
50,US,15,SMR,0.064000000000,0.064000000000,False,0.000000000000,0.000000000000,0.000000000000,0.860000000000,1.000000000000
50,US,16,GMR,0.230000000000,0.064000000000,False,0.000000000000,0.000000000000,0.000000000000,0.830000000000,1.000000000000
50,US,16,Nash,-0.064000000000,0.064000000000,False,0.000000000000,0.000000000000,0.000000000000,0.830000000000,0.830000000000
50,US,16,SEQ,-0.054000000000,0.064000000000,False,0.000000000000,0.000000000000,0.000000000000,0.830000000000,0.550000000000
50,US,16,SMR,0.154000000000,0.064000000000,False,0.000000000000,0.000000000000,0.000000000000,0.830000000000,1.000000000000
50,US,17,GMR,0.498000000000,0.082000000000,False,0.000000000000,0.000000000000,0.000000000000,0.840000000000,1.000000000000
50,US,17,Nash,-0.418000000000,0.082000000000,False,0.000000000000,0.000000000000,0.000000000000,0.840000000000,1.000000000000
50,US,17,SEQ,-0.498000000000,0.082000000000,False,0.000000000000,0.000000000000,0.000000000000,0.840000000000,0.840000000000
50,US,17,SMR,0.394000000000,0.082000000000,False,0.000000000000,0.000000000000,0.000000000000,0.840000000000,1.000000000000
50,US,18,GMR,-0.480000000000,0.304000000000,False,0.000000000000,1.000000000000,1.000000000000,1.000000000000,1.000000000000
50,US,18,Nash,-0.500000000000,0.304000000000,False,0.000000000000,1.000000000000,1.000000000000,1.000000000000,1.000000000000
50,US,18,SEQ,-0.498000000000,0.304000000000,False,0.000000000000,1.000000000000,1.000000000000,1.000000000000,1.000000000000
50,US,18,SMR,-0.480000000000,0.304000000000,False,0.000000000000,1.000000000000,1.000000000000,1.000000000000,1.000000000000
50,US,19,GMR,0.098000000000,0.304000000000,False,0.000000000000,1.000000000000,0.000000000000,1.000000000000,0.940000000000
50,US,19,Nash,-0.500000000000,0.304000000000,False,0.000000000000,1.000000000000,1.000000000000,1.000000000000,1.000000000000
50,US,19,SEQ,-0.498000000000,0.304000000000,False,0.000000000000,1.000000000000,1.000000000000,1.000000000000,1.000000000000
50,US,19,SMR,0.062000000000,0.304000000000,False,0.000000000000,1.000000000000,0.000000000000,1.000000000000,0.780000000000
50,US,20,GMR,0.500000000000,0.240000000000,False,0.000000000000,0.980000000000,0.980000000000,1.000000000000,1.000000000000
50,US,20,Nash,-0.500000000000,0.240000000000,False,0.000000000000,0.980000000000,0.980000000000,1.000000000000,1.000000000000
50,US,20,SEQ,0.336000000000,0.240000000000,False,0.000000000000,0.980000000000,0.980000000000,1.000000000000,1.000000000000
50,US,20,SMR,0.484000000000,0.240000000000,False,0.000000000000,0.980000000000,0.980000000000,1.000000000000,1.000000000000
50,US,21,GMR,0.500000000000,0.500000000000,False,0.000000000000,1.000000000000,1.000000000000,1.000000000000,1.000000000000
50,US,21,Nash,0.500000000000,0.500000000000,False,0.000000000000,1.000000000000,1.000000000000,1.000000000000,1.000000000000
50,US,21,SEQ,0.500000000000,0.500000000000,False,0.000000000000,1.000000000000,1.000000000000,1.000000000000,1.000000000000
50,US,21,SMR,0.500000000000,0.500000000000,False,0.000000000000,1.000000000000,1.000000000000,1.000000000000,1.000000000000
50,US,22,GMR,0.494000000000,0.500000000000,False,0.000000000000,1.000000000000,1.000000000000,1.000000000000,1.000000000000
50,US,22,Nash,-0.500000000000,0.500000000000,False,0.000000000000,1.000000000000,1.000000000000,1.000000000000,1.000000000000
50,US,22,SEQ,-0.028000000000,0.500000000000,False,0.000000000000,1.000000000000,0.000000000000,1.000000000000,0.630000000000
50,US,22,SMR,0.326000000000,0.500000000000,False,0.000000000000,1.000000000000,1.000000000000,1.000000000000,1.000000000000
50,US,23,GMR,0.500000000000,0.236000000000,False,0.000000000000,0.970000000000,0.970000000000,1.000000000000,1.000000000000
50,US,23,Nash,-0.496000000000,0.236000000000,False,0.000000000000,0.970000000000,0.970000000000,1.000000000000,1.000000000000
50,US,23,SEQ,-0.162000000000,0.236000000000,False,0.000000000000,0.970000000000,0.190000000000,1.000000000000,0.990000000000
50,US,23,SMR,0.500000000000,0.236000000000,False,0.000000000000,0.970000000000,0.970000000000,1.000000000000,1.000000000000
50,US,24,GMR,0.134000000000,0.236000000000,False,0.000000000000,0.970000000000,0.010000000000,1.000000000000,0.990000000000
50,US,24,Nash,-0.496000000000,0.236000000000,False,0.000000000000,0.970000000000,0.970000000000,1.000000000000,1.000000000000
50,US,24,SEQ,-0.456000000000,0.236000000000,False,0.000000000000,0.970000000000,0.970000000000,1.000000000000,1.000000000000
50,US,24,SMR,0.134000000000,0.236000000000,False,0.000000000000,0.970000000000,0.010000000000,1.000000000000,0.990000000000
50,US,25,GMR,0.496000000000,0.496000000000,False,0.000000000000,1.000000000000,1.000000000000,1.000000000000,1.000000000000
50,US,25,Nash,0.496000000000,0.496000000000,False,0.000000000000,1.000000000000,1.000000000000,1.000000000000,1.000000000000
50,US,25,SEQ,0.496000000000,0.496000000000,False,0.000000000000,1.000000000000,1.000000000000,1.000000000000,1.000000000000
50,US,25,SMR,0.496000000000,0.496000000000,False,0.000000000000,1.000000000000,1.000000000000,1.000000000000,1.000000000000
50,US,26,GMR,0.448000000000,0.036000000000,False,0.000000000000,0.000000000000,0.000000000000,0.830000000000,1.000000000000
50,US,26,Nash,-0.488000000000,0.036000000000,False,0.000000000000,0.000000000000,0.000000000000,0.830000000000,1.000000000000
50,US,26,SEQ,-0.272000000000,0.036000000000,False,0.000000000000,0.000000000000,0.000000000000,0.830000000000,1.000000000000
50,US,26,SMR,0.366000000000,0.036000000000,False,0.000000000000,0.000000000000,0.000000000000,0.830000000000,1.000000000000
50,US,27,GMR,0.450000000000,0.036000000000,False,0.000000000000,0.000000000000,0.000000000000,0.700000000000,1.000000000000
50,US,27,Nash,-0.482000000000,0.036000000000,False,0.000000000000,0.000000000000,0.000000000000,0.700000000000,1.000000000000
50,US,27,SEQ,-0.272000000000,0.036000000000,False,0.000000000000,0.000000000000,0.000000000000,0.700000000000,1.000000000000
50,US,27,SMR,-0.164000000000,0.036000000000,False,0.000000000000,0.000000000000,0.000000000000,0.700000000000,0.700000000000
50,US,28,GMR,0.498000000000,0.288000000000,False,0.000000000000,1.000000000000,1.000000000000,1.000000000000,1.000000000000
50,US,28,Nash,-0.288000000000,0.288000000000,False,0.000000000000,1.000000000000,1.000000000000,1.000000000000,1.000000000000
50,US,28,SEQ,0.134000000000,0.288000000000,False,0.000000000000,1.000000000000,0.010000000000,1.000000000000,0.970000000000
50,US,28,SMR,0.498000000000,0.288000000000,False,0.000000000000,1.000000000000,1.000000000000,1.000000000000,1.000000000000
50,US,29,GMR,0.288000000000,0.288000000000,False,0.000000000000,1.000000000000,1.000000000000,1.000000000000,1.000000000000
50,US,29,Nash,0.288000000000,0.288000000000,False,0.000000000000,1.000000000000,1.000000000000,1.000000000000,1.000000000000
50,US,29,SEQ,0.288000000000,0.288000000000,False,0.000000000000,1.000000000000,1.000000000000,1.000000000000,1.000000000000
50,US,29,SMR,0.288000000000,0.288000000000,False,0.000000000000,1.000000000000,1.000000000000,1.000000000000,1.000000000000
50,US,30,GMR,-0.024000000000,0.374000000000,False,0.000000000000,1.000000000000,0.000000000000,1.000000000000,0.570000000000
50,US,30,Nash,-0.434000000000,0.374000000000,False,0.000000000000,1.000000000000,1.000000000000,1.000000000000,1.000000000000
50,US,30,SEQ,-0.188000000000,0.374000000000,False,0.000000000000,1.000000000000,0.520000000000,1.000000000000,1.000000000000
50,US,30,SMR,-0.148000000000,0.374000000000,False,0.000000000000,1.000000000000,0.090000000000,1.000000000000,0.990000000000
50,US,31,GMR,0.434000000000,0.434000000000,False,0.000000000000,1.000000000000,1.000000000000,1.000000000000,1.000000000000
50,US,31,Nash,0.434000000000,0.434000000000,False,0.000000000000,1.000000000000,1.000000000000,1.000000000000,1.000000000000
50,US,31,SEQ,0.434000000000,0.434000000000,False,0.000000000000,1.000000000000,1.000000000000,1.000000000000,1.000000000000
50,US,31,SMR,0.434000000000,0.434000000000,False,0.000000000000,1.000000000000,1.000000000000,1.000000000000,1.000000000000
50,US,32,GMR,-0.066000000000,0.458000000000,False,0.000000000000,1.000000000000,0.000000000000,1.000000000000,0.840000000000
50,US,32,Nash,-0.458000000000,0.458000000000,False,0.000000000000,1.000000000000,1.000000000000,1.000000000000,1.000000000000
50,US,32,SEQ,-0.188000000000,0.458000000000,False,0.000000000000,1.000000000000,0.520000000000,1.000000000000,1.000000000000
50,US,32,SMR,-0.186000000000,0.458000000000,False,0.000000000000,1.000000000000,0.510000000000,1.000000000000,0.990000000000
50,US,33,GMR,0.264000000000,0.264000000000,False,0.000000000000,0.990000000000,0.990000000000,1.000000000000,1.000000000000
50,US,33,Nash,0.264000000000,0.264000000000,False,0.000000000000,0.990000000000,0.990000000000,1.000000000000,1.000000000000
50,US,33,SEQ,0.264000000000,0.264000000000,False,0.000000000000,0.990000000000,0.990000000000,1.000000000000,1.000000000000
50,US,33,SMR,0.264000000000,0.264000000000,False,0.000000000000,0.990000000000,0.990000000000,1.000000000000,1.000000000000
50,US,34,GMR,-0.196000000000,0.104000000000,False,0.000000000000,0.000000000000,0.000000000000,0.910000000000,1.000000000000
50,US,34,Nash,-0.500000000000,0.104000000000,False,0.000000000000,0.000000000000,0.000000000000,0.910000000000,1.000000000000
50,US,34,SEQ,-0.202000000000,0.104000000000,False,0.000000000000,0.000000000000,0.000000000000,0.910000000000,1.000000000000
50,US,34,SMR,-0.440000000000,0.104000000000,False,0.000000000000,0.000000000000,0.000000000000,0.910000000000,1.000000000000
50,US,35,GMR,0.492000000000,0.492000000000,False,0.000000000000,1.000000000000,1.000000000000,1.000000000000,1.000000000000
50,US,35,Nash,0.492000000000,0.492000000000,False,0.000000000000,1.000000000000,1.000000000000,1.000000000000,1.000000000000
50,US,35,SEQ,0.492000000000,0.492000000000,False,0.000000000000,1.000000000000,1.000000000000,1.000000000000,1.000000000000
50,US,35,SMR,0.492000000000,0.492000000000,False,0.000000000000,1.000000000000,1.000000000000,1.000000000000,1.000000000000
50,US,36,GMR,-0.500000000000,0.488000000000,False,0.000000000000,1.000000000000,1.000000000000,1.000000000000,1.000000000000
50,US,36,Nash,-0.500000000000,0.488000000000,False,0.000000000000,1.000000000000,1.000000000000,1.000000000000,1.000000000000
50,US,36,SEQ,-0.500000000000,0.488000000000,False,0.000000000000,1.000000000000,1.000000000000,1.000000000000,1.000000000000
50,US,36,SMR,-0.500000000000,0.488000000000,False,0.000000000000,1.000000000000,1.000000000000,1.000000000000,1.000000000000
50,US,37,GMR,0.104000000000,0.104000000000,False,0.000000000000,0.000000000000,0.000000000000,0.970000000000,1.000000000000
50,US,37,Nash,0.104000000000,0.104000000000,False,0.000000000000,0.000000000000,0.000000000000,0.970000000000,0.970000000000
50,US,37,SEQ,0.104000000000,0.104000000000,False,0.000000000000,0.000000000000,0.000000000000,0.970000000000,1.000000000000
50,US,37,SMR,0.104000000000,0.104000000000,False,0.000000000000,0.000000000000,0.000000000000,0.970000000000,0.970000000000
50,US,38,GMR,-0.210000000000,0.212000000000,False,0.000000000000,0.820000000000,0.780000000000,1.000000000000,1.000000000000
50,US,38,Nash,-0.446000000000,0.212000000000,False,0.000000000000,0.820000000000,0.820000000000,1.000000000000,1.000000000000
50,US,38,SEQ,-0.440000000000,0.212000000000,False,0.000000000000,0.820000000000,0.820000000000,1.000000000000,1.000000000000
50,US,38,SMR,-0.500000000000,0.212000000000,False,0.000000000000,0.820000000000,0.820000000000,1.000000000000,1.000000000000
50,US,39,GMR,-0.288000000000,0.300000000000,False,0.000000000000,1.000000000000,1.000000000000,1.000000000000,1.000000000000
50,US,39,Nash,-0.456000000000,0.300000000000,False,0.000000000000,1.000000000000,1.000000000000,1.000000000000,1.000000000000
50,US,39,SEQ,-0.388000000000,0.300000000000,False,0.000000000000,1.000000000000,1.000000000000,1.000000000000,1.000000000000
50,US,39,SMR,-0.288000000000,0.300000000000,False,0.000000000000,1.000000000000,1.000000000000,1.000000000000,1.000000000000
50,US,40,GMR,-0.284000000000,0.300000000000,False,0.000000000000,1.000000000000,1.000000000000,1.000000000000,1.000000000000
50,US,40,Nash,-0.396000000000,0.300000000000,False,0.000000000000,1.000000000000,1.000000000000,1.000000000000,1.000000000000
50,US,40,SEQ,-0.284000000000,0.300000000000,False,0.000000000000,1.000000000000,1.000000000000,1.000000000000,1.000000000000
50,US,40,SMR,-0.284000000000,0.300000000000,False,0.000000000000,1.000000000000,1.000000000000,1.000000000000,1.000000000000
50,US,41,GMR,0.396000000000,0.396000000000,False,0.000000000000,1.000000000000,1.000000000000,1.000000000000,1.000000000000
50,US,41,Nash,0.396000000000,0.396000000000,False,0.000000000000,1.000000000000,1.000000000000,1.000000000000,1.000000000000
50,US,41,SEQ,0.396000000000,0.396000000000,False,0.000000000000,1.000000000000,1.000000000000,1.000000000000,1.000000000000
50,US,41,SMR,0.396000000000,0.396000000000,False,0.000000000000,1.000000000000,1.000000000000,1.000000000000,1.000000000000
50,US,42,GMR,-0.220000000000,0.408000000000,False,0.000000000000,1.000000000000,0.860000000000,1.000000000000,1.000000000000
50,US,42,Nash,-0.500000000000,0.408000000000,False,0.000000000000,1.000000000000,1.000000000000,1.000000000000,1.000000000000
50,US,42,SEQ,-0.428000000000,0.408000000000,False,0.000000000000,1.000000000000,1.000000000000,1.000000000000,1.000000000000
50,US,42,SMR,-0.396000000000,0.408000000000,False,0.000000000000,1.000000000000,1.000000000000,1.000000000000,1.000000000000
50,US,43,GMR,0.500000000000,0.500000000000,False,0.000000000000,1.000000000000,1.000000000000,1.000000000000,1.000000000000
50,US,43,Nash,0.500000000000,0.500000000000,False,0.000000000000,1.000000000000,1.000000000000,1.000000000000,1.000000000000
50,US,43,SEQ,0.500000000000,0.500000000000,False,0.000000000000,1.000000000000,1.000000000000,1.000000000000,1.000000000000
50,US,43,SMR,0.500000000000,0.500000000000,False,0.000000000000,1.000000000000,1.000000000000,1.000000000000,1.000000000000
50,US,44,GMR,0.382000000000,0.382000000000,False,0.000000000000,1.000000000000,1.000000000000,1.000000000000,1.000000000000
50,US,44,Nash,0.382000000000,0.382000000000,False,0.000000000000,1.000000000000,1.000000000000,1.000000000000,1.000000000000
50,US,44,SEQ,0.382000000000,0.382000000000,False,0.000000000000,1.000000000000,1.000000000000,1.000000000000,1.000000000000
50,US,44,SMR,0.382000000000,0.382000000000,False,0.000000000000,1.000000000000,1.000000000000,1.000000000000,1.000000000000
50,US,45,GMR,-0.126000000000,0.382000000000,False,0.000000000000,1.000000000000,0.000000000000,1.000000000000,0.970000000000
50,US,45,Nash,-0.480000000000,0.382000000000,False,0.000000000000,1.000000000000,1.000000000000,1.000000000000,1.000000000000
50,US,45,SEQ,-0.388000000000,0.382000000000,False,0.000000000000,1.000000000000,1.000000000000,1.000000000000,1.000000000000
50,US,45,SMR,-0.326000000000,0.382000000000,False,0.000000000000,1.000000000000,1.000000000000,1.000000000000,1.000000000000
50,US,46,GMR,0.152000000000,0.278000000000,False,0.000000000000,1.000000000000,0.140000000000,1.000000000000,1.000000000000
50,US,46,Nash,-0.298000000000,0.278000000000,False,0.000000000000,1.000000000000,1.000000000000,1.000000000000,1.000000000000
50,US,46,SEQ,-0.092000000000,0.278000000000,False,0.000000000000,1.000000000000,0.000000000000,1.000000000000,0.930000000000
50,US,46,SMR,0.056000000000,0.278000000000,False,0.000000000000,1.000000000000,0.000000000000,1.000000000000,0.800000000000
50,US,47,GMR,0.210000000000,0.210000000000,False,0.000000000000,0.780000000000,0.780000000000,1.000000000000,1.000000000000
50,US,47,Nash,0.210000000000,0.210000000000,False,0.000000000000,0.780000000000,0.780000000000,1.000000000000,1.000000000000
50,US,47,SEQ,0.210000000000,0.210000000000,False,0.000000000000,0.780000000000,0.780000000000,1.000000000000,1.000000000000
50,US,47,SMR,0.210000000000,0.210000000000,False,0.000000000000,0.780000000000,0.780000000000,1.000000000000,1.000000000000
50,US,48,GMR,0.322000000000,0.210000000000,False,0.000000000000,0.780000000000,0.780000000000,1.000000000000,1.000000000000
50,US,48,Nash,-0.210000000000,0.210000000000,False,0.000000000000,0.780000000000,0.780000000000,1.000000000000,1.000000000000
50,US,48,SEQ,0.066000000000,0.210000000000,False,0.000000000000,0.780000000000,0.000000000000,1.000000000000,0.980000000000
50,US,48,SMR,0.298000000000,0.210000000000,False,0.000000000000,0.780000000000,0.780000000000,1.000000000000,1.000000000000
50,US,49,GMR,-0.500000000000,0.110000000000,False,0.000000000000,0.000000000000,0.000000000000,0.960000000000,1.000000000000
50,US,49,Nash,-0.462000000000,0.110000000000,False,0.000000000000,0.000000000000,0.000000000000,0.960000000000,1.000000000000
50,US,49,SEQ,-0.500000000000,0.110000000000,False,0.000000000000,0.000000000000,0.000000000000,0.960000000000,1.000000000000
50,US,49,SMR,-0.500000000000,0.110000000000,False,0.000000000000,0.000000000000,0.000000000000,0.960000000000,1.000000000000
50,US,50,GMR,0.444000000000,0.444000000000,False,0.000000000000,1.000000000000,1.000000000000,1.000000000000,1.000000000000
50,US,50,Nash,0.444000000000,0.444000000000,False,0.000000000000,1.000000000000,1.000000000000,1.000000000000,1.000000000000
50,US,50,SEQ,0.444000000000,0.444000000000,False,0.000000000000,1.000000000000,1.000000000000,1.000000000000,1.000000000000
50,US,50,SMR,0.444000000000,0.444000000000,False,0.000000000000,1.000000000000,1.000000000000,1.000000000000,1.000000000000
50,US,51,GMR,0.220000000000,0.216000000000,False,0.000000000000,0.830000000000,0.830000000000,1.000000000000,1.000000000000
50,US,51,Nash,-0.490000000000,0.216000000000,False,0.000000000000,0.830000000000,0.830000000000,1.000000000000,1.000000000000
50,US,51,SEQ,0.220000000000,0.216000000000,False,0.000000000000,0.830000000000,0.830000000000,1.000000000000,1.000000000000
50,US,51,SMR,-0.190000000000,0.216000000000,False,0.000000000000,0.830000000000,0.530000000000,1.000000000000,1.000000000000
50,US,52,GMR,0.336000000000,0.234000000000,False,0.000000000000,0.970000000000,0.970000000000,1.000000000000,1.000000000000
50,US,52,Nash,-0.492000000000,0.234000000000,False,0.000000000000,0.970000000000,0.970000000000,1.000000000000,1.000000000000
50,US,52,SEQ,0.298000000000,0.234000000000,False,0.000000000000,0.970000000000,0.970000000000,1.000000000000,1.000000000000
50,US,52,SMR,0.170000000000,0.234000000000,False,0.000000000000,0.970000000000,0.280000000000,1.000000000000,1.000000000000
50,US,53,GMR,0.168000000000,0.500000000000,False,0.000000000000,1.000000000000,0.270000000000,1.000000000000,1.000000000000
50,US,53,Nash,-0.500000000000,0.500000000000,False,0.000000000000,1.000000000000,1.000000000000,1.000000000000,1.000000000000
50,US,53,SEQ,0.168000000000,0.500000000000,False,0.000000000000,1.000000000000,0.270000000000,1.000000000000,1.000000000000
50,US,53,SMR,-0.234000000000,0.500000000000,False,0.000000000000,1.000000000000,0.970000000000,1.000000000000,1.000000000000
50,US,54,GMR,0.284000000000,0.444000000000,False,0.000000000000,1.000000000000,1.000000000000,1.000000000000,1.000000000000
50,US,54,Nash,-0.444000000000,0.444000000000,False,0.000000000000,1.000000000000,1.000000000000,1.000000000000,1.000000000000
50,US,54,SEQ,0.278000000000,0.444000000000,False,0.000000000000,1.000000000000,1.000000000000,1.000000000000,1.000000000000
50,US,54,SMR,0.188000000000,0.444000000000,False,0.000000000000,1.000000000000,0.520000000000,1.000000000000,1.000000000000
50,US,55,GMR,0.004000000000,0.148000000000,False,0.000000000000,0.090000000000,0.000000000000,0.980000000000,0.610000000000
50,US,55,Nash,-0.340000000000,0.148000000000,False,0.000000000000,0.090000000000,0.090000000000,0.980000000000,1.000000000000
50,US,55,SEQ,-0.260000000000,0.148000000000,False,0.000000000000,0.090000000000,0.090000000000,0.980000000000,1.000000000000
50,US,55,SMR,0.004000000000,0.148000000000,False,0.000000000000,0.090000000000,0.000000000000,0.980000000000,0.610000000000
50,US,56,GMR,0.120000000000,0.148000000000,False,0.000000000000,0.090000000000,0.000000000000,1.000000000000,0.980000000000
50,US,56,Nash,-0.500000000000,0.148000000000,False,0.000000000000,0.090000000000,0.090000000000,1.000000000000,1.000000000000
50,US,56,SEQ,-0.416000000000,0.148000000000,False,0.000000000000,0.090000000000,0.090000000000,1.000000000000,1.000000000000
50,US,56,SMR,0.120000000000,0.148000000000,False,0.000000000000,0.090000000000,0.000000000000,1.000000000000,0.980000000000
50,US,57,GMR,0.500000000000,0.500000000000,False,0.000000000000,1.000000000000,1.000000000000,1.000000000000,1.000000000000
50,US,57,Nash,0.500000000000,0.500000000000,False,0.000000000000,1.000000000000,1.000000000000,1.000000000000,1.000000000000
50,US,57,SEQ,0.500000000000,0.500000000000,False,0.000000000000,1.000000000000,1.000000000000,1.000000000000,1.000000000000
50,US,57,SMR,0.500000000000,0.500000000000,False,0.000000000000,1.000000000000,1.000000000000,1.000000000000,1.000000000000
50,US,58,GMR,0.432000000000,0.282000000000,False,0.000000000000,1.000000000000,1.000000000000,1.000000000000,1.000000000000
50,US,58,Nash,-0.430000000000,0.282000000000,False,0.000000000000,1.000000000000,1.000000000000,1.000000000000,1.000000000000
50,US,58,SEQ,0.032000000000,0.282000000000,False,0.000000000000,1.000000000000,0.000000000000,1.000000000000,0.770000000000
50,US,58,SMR,0.222000000000,0.282000000000,False,0.000000000000,1.000000000000,0.890000000000,1.000000000000,1.000000000000
50,US,59,GMR,0.494000000000,0.222000000000,False,0.000000000000,0.890000000000,0.890000000000,1.000000000000,1.000000000000
50,US,59,Nash,-0.222000000000,0.222000000000,False,0.000000000000,0.890000000000,0.890000000000,1.000000000000,1.000000000000
50,US,59,SEQ,0.032000000000,0.222000000000,False,0.000000000000,0.890000000000,0.000000000000,1.000000000000,0.770000000000
50,US,59,SMR,0.494000000000,0.222000000000,False,0.000000000000,0.890000000000,0.890000000000,1.000000000000,1.000000000000
50,US,60,GMR,0.430000000000,0.430000000000,False,0.000000000000,1.000000000000,1.000000000000,1.000000000000,1.000000000000
50,US,60,Nash,0.430000000000,0.430000000000,False,0.000000000000,1.000000000000,1.000000000000,1.000000000000,1.000000000000
50,US,60,SEQ,0.430000000000,0.430000000000,False,0.000000000000,1.000000000000,1.000000000000,1.000000000000,1.000000000000
50,US,60,SMR,0.430000000000,0.430000000000,False,0.000000000000,1.000000000000,1.000000000000,1.000000000000,1.000000000000
50,US,61,GMR,0.050000000000,0.062000000000,False,0.000000000000,0.000000000000,0.000000000000,0.890000000000,0.970000000000
50,US,61,Nash,-0.478000000000,0.062000000000,False,0.000000000000,0.000000000000,0.000000000000,0.890000000000,1.000000000000
50,US,61,SEQ,0.032000000000,0.062000000000,False,0.000000000000,0.000000000000,0.000000000000,0.890000000000,0.460000000000
50,US,61,SMR,-0.368000000000,0.062000000000,False,0.000000000000,0.000000000000,0.000000000000,0.890000000000,1.000000000000
50,US,62,GMR,-0.256000000000,0.444000000000,False,0.000000000000,1.000000000000,0.980000000000,1.000000000000,1.000000000000
50,US,62,Nash,-0.500000000000,0.444000000000,False,0.000000000000,1.000000000000,1.000000000000,1.000000000000,1.000000000000
50,US,62,SEQ,-0.256000000000,0.444000000000,False,0.000000000000,1.000000000000,0.980000000000,1.000000000000,1.000000000000
50,US,62,SMR,-0.256000000000,0.444000000000,False,0.000000000000,1.000000000000,0.980000000000,1.000000000000,1.000000000000
50,US,63,GMR,0.316000000000,0.316000000000,False,0.000000000000,1.000000000000,1.000000000000,1.000000000000,1.000000000000
50,US,63,Nash,0.316000000000,0.316000000000,False,0.000000000000,1.000000000000,1.000000000000,1.000000000000,1.000000000000
50,US,63,SEQ,0.316000000000,0.316000000000,False,0.000000000000,1.000000000000,1.000000000000,1.000000000000,1.000000000000
50,US,63,SMR,0.316000000000,0.316000000000,False,0.000000000000,1.000000000000,1.000000000000,1.000000000000,1.000000000000
50,US,64,GMR,-0.048000000000,0.316000000000,False,0.000000000000,1.000000000000,0.000000000000,1.000000000000,0.720000000000
50,US,64,Nash,-0.316000000000,0.316000000000,False,0.000000000000,1.000000000000,1.000000000000,1.000000000000,1.000000000000
50,US,64,SEQ,-0.246000000000,0.316000000000,False,0.000000000000,1.000000000000,0.980000000000,1.000000000000,1.000000000000
50,US,64,SMR,-0.200000000000,0.316000000000,False,0.000000000000,1.000000000000,0.610000000000,1.000000000000,1.000000000000
50,US,65,GMR,-0.398000000000,0.360000000000,False,0.000000000000,1.000000000000,1.000000000000,1.000000000000,1.000000000000
50,US,65,Nash,-0.500000000000,0.360000000000,False,0.000000000000,1.000000000000,1.000000000000,1.000000000000,1.000000000000
50,US,65,SEQ,-0.398000000000,0.360000000000,False,0.000000000000,1.000000000000,1.000000000000,1.000000000000,1.000000000000
50,US,65,SMR,-0.398000000000,0.360000000000,False,0.000000000000,1.000000000000,1.000000000000,1.000000000000,1.000000000000
50,US,66,GMR,-0.480000000000,0.360000000000,False,0.000000000000,1.000000000000,1.000000000000,1.000000000000,1.000000000000
50,US,66,Nash,-0.500000000000,0.360000000000,False,0.000000000000,1.000000000000,1.000000000000,1.000000000000,1.000000000000
50,US,66,SEQ,-0.490000000000,0.360000000000,False,0.000000000000,1.000000000000,1.000000000000,1.000000000000,1.000000000000
50,US,66,SMR,-0.480000000000,0.360000000000,False,0.000000000000,1.000000000000,1.000000000000,1.000000000000,1.000000000000
50,US,67,GMR,0.500000000000,0.500000000000,False,0.000000000000,1.000000000000,1.000000000000,1.000000000000,1.000000000000
50,US,67,Nash,0.500000000000,0.500000000000,False,0.000000000000,1.000000000000,1.000000000000,1.000000000000,1.000000000000
50,US,67,SEQ,0.500000000000,0.500000000000,False,0.000000000000,1.000000000000,1.000000000000,1.000000000000,1.000000000000
50,US,67,SMR,0.500000000000,0.500000000000,False,0.000000000000,1.000000000000,1.000000000000,1.000000000000,1.000000000000
50,US,68,GMR,0.238000000000,0.160000000000,False,0.000000000000,0.170000000000,0.170000000000,1.000000000000,1.000000000000
50,US,68,Nash,-0.320000000000,0.160000000000,False,0.000000000000,0.170000000000,0.170000000000,1.000000000000,1.000000000000
50,US,68,SEQ,0.238000000000,0.160000000000,False,0.000000000000,0.170000000000,0.170000000000,1.000000000000,1.000000000000
50,US,68,SMR,-0.186000000000,0.160000000000,False,0.000000000000,0.170000000000,0.170000000000,1.000000000000,0.990000000000
50,US,69,GMR,0.320000000000,0.320000000000,False,0.000000000000,1.000000000000,1.000000000000,1.000000000000,1.000000000000
50,US,69,Nash,0.320000000000,0.320000000000,False,0.000000000000,1.000000000000,1.000000000000,1.000000000000,1.000000000000
50,US,69,SEQ,0.320000000000,0.320000000000,False,0.000000000000,1.000000000000,1.000000000000,1.000000000000,1.000000000000
50,US,69,SMR,0.320000000000,0.320000000000,False,0.000000000000,1.000000000000,1.000000000000,1.000000000000,1.000000000000
50,US,70,GMR,0.224000000000,0.378000000000,False,0.000000000000,1.000000000000,0.910000000000,1.000000000000,1.000000000000
50,US,70,Nash,-0.378000000000,0.378000000000,False,0.000000000000,1.000000000000,1.000000000000,1.000000000000,1.000000000000
50,US,70,SEQ,0.224000000000,0.378000000000,False,0.000000000000,1.000000000000,0.910000000000,1.000000000000,1.000000000000
50,US,70,SMR,-0.220000000000,0.378000000000,False,0.000000000000,1.000000000000,0.860000000000,1.000000000000,1.000000000000
50,US,71,GMR,-0.500000000000,0.386000000000,False,0.000000000000,1.000000000000,1.000000000000,1.000000000000,1.000000000000
50,US,71,Nash,-0.500000000000,0.386000000000,False,0.000000000000,1.000000000000,1.000000000000,1.000000000000,1.000000000000
50,US,71,SEQ,-0.500000000000,0.386000000000,False,0.000000000000,1.000000000000,1.000000000000,1.000000000000,1.000000000000
50,US,71,SMR,-0.500000000000,0.386000000000,False,0.000000000000,1.000000000000,1.000000000000,1.000000000000,1.000000000000
50,US,72,GMR,-0.500000000000,0.386000000000,False,0.000000000000,1.000000000000,1.000000000000,1.000000000000,1.000000000000
50,US,72,Nash,-0.500000000000,0.386000000000,False,0.000000000000,1.000000000000,1.000000000000,1.000000000000,1.000000000000
50,US,72,SEQ,-0.500000000000,0.386000000000,False,0.000000000000,1.000000000000,1.000000000000,1.000000000000,1.000000000000
50,US,72,SMR,-0.500000000000,0.386000000000,False,0.000000000000,1.000000000000,1.000000000000,1.000000000000,1.000000000000
50,US,73,GMR,0.500000000000,0.500000000000,False,0.000000000000,1.000000000000,1.000000000000,1.000000000000,1.000000000000
50,US,73,Nash,0.500000000000,0.500000000000,False,0.000000000000,1.000000000000,1.000000000000,1.000000000000,1.000000000000
50,US,73,SEQ,0.500000000000,0.500000000000,False,0.000000000000,1.000000000000,1.000000000000,1.000000000000,1.000000000000
50,US,73,SMR,0.500000000000,0.500000000000,False,0.000000000000,1.000000000000,1.000000000000,1.000000000000,1.000000000000
50,US,74,GMR,-0.464000000000,0.200000000000,False,0.000000000000,0.610000000000,0.610000000000,1.000000000000,1.000000000000
50,US,74,Nash,-0.480000000000,0.200000000000,False,0.000000000000,0.610000000000,0.610000000000,1.000000000000,1.000000000000
50,US,74,SEQ,-0.464000000000,0.200000000000,False,0.000000000000,0.610000000000,0.610000000000,1.000000000000,1.000000000000
50,US,74,SMR,-0.464000000000,0.200000000000,False,0.000000000000,0.610000000000,0.610000000000,1.000000000000,1.000000000000
50,US,75,GMR,-0.500000000000,0.200000000000,False,0.000000000000,0.610000000000,0.610000000000,1.000000000000,1.000000000000
50,US,75,Nash,-0.500000000000,0.200000000000,False,0.000000000000,0.610000000000,0.610000000000,1.000000000000,1.000000000000
50,US,75,SEQ,-0.500000000000,0.200000000000,False,0.000000000000,0.610000000000,0.610000000000,1.000000000000,1.000000000000
50,US,75,SMR,-0.500000000000,0.200000000000,False,0.000000000000,0.610000000000,0.610000000000,1.000000000000,1.000000000000
50,US,76,GMR,0.500000000000,0.500000000000,False,0.000000000000,1.000000000000,1.000000000000,1.000000000000,1.000000000000
50,US,76,Nash,0.500000000000,0.500000000000,False,0.000000000000,1.000000000000,1.000000000000,1.000000000000,1.000000000000
50,US,76,SEQ,0.500000000000,0.500000000000,False,0.000000000000,1.000000000000,1.000000000000,1.000000000000,1.000000000000
50,US,76,SMR,0.500000000000,0.500000000000,False,0.000000000000,1.000000000000,1.000000000000,1.000000000000,1.000000000000
100,CN,1,GMR,0.500000000000,,True,0.000000000000,1.000000000000,1.000000000000,1.000000000000,1.000000000000
100,CN,1,Nash,0.500000000000,,True,0.000000000000,1.000000000000,1.000000000000,1.000000000000,1.000000000000
100,CN,1,SEQ,0.500000000000,,True,0.000000000000,1.000000000000,1.000000000000,1.000000000000,1.000000000000
100,CN,1,SMR,0.500000000000,,True,0.000000000000,1.000000000000,1.000000000000,1.000000000000,1.000000000000
100,CN,2,GMR,0.418000000000,0.500000000000,False,0.000000000000,1.000000000000,1.000000000000,1.000000000000,1.000000000000
100,CN,2,Nash,-0.500000000000,0.500000000000,False,0.000000000000,1.000000000000,1.000000000000,1.000000000000,1.000000000000
100,CN,2,SEQ,0.194000000000,0.500000000000,False,0.000000000000,1.000000000000,0.990000000000,1.000000000000,1.000000000000
100,CN,2,SMR,0.112000000000,0.500000000000,False,0.000000000000,1.000000000000,0.280000000000,1.000000000000,1.000000000000
100,CN,3,GMR,0.344000000000,0.344000000000,False,0.000000000000,1.000000000000,1.000000000000,1.000000000000,1.000000000000
100,CN,3,Nash,0.344000000000,0.344000000000,False,0.000000000000,1.000000000000,1.000000000000,1.000000000000,1.000000000000
100,CN,3,SEQ,0.344000000000,0.344000000000,False,0.000000000000,1.000000000000,1.000000000000,1.000000000000,1.000000000000
100,CN,3,SMR,0.344000000000,0.344000000000,False,0.000000000000,1.000000000000,1.000000000000,1.000000000000,1.000000000000
100,CN,4,GMR,-0.374000000000,0.308000000000,False,0.000000000000,1.000000000000,1.000000000000,1.000000000000,1.000000000000
100,CN,4,Nash,-0.370000000000,0.308000000000,False,0.000000000000,1.000000000000,1.000000000000,1.000000000000,1.000000000000
100,CN,4,SEQ,-0.374000000000,0.308000000000,False,0.000000000000,1.000000000000,1.000000000000,1.000000000000,1.000000000000
100,CN,4,SMR,-0.474000000000,0.308000000000,False,0.000000000000,1.000000000000,1.000000000000,1.000000000000,1.000000000000
100,CN,5,GMR,0.486000000000,0.194000000000,False,0.000000000000,0.990000000000,0.990000000000,1.000000000000,1.000000000000
100,CN,5,Nash,-0.194000000000,0.194000000000,False,0.000000000000,0.990000000000,0.990000000000,1.000000000000,1.000000000000
100,CN,5,SEQ,-0.328000000000,0.194000000000,False,0.000000000000,0.990000000000,0.990000000000,1.000000000000,1.000000000000
100,CN,5,SMR,-0.366000000000,0.194000000000,False,0.000000000000,0.990000000000,0.990000000000,1.000000000000,1.000000000000
100,CN,6,GMR,0.148000000000,0.186000000000,False,0.000000000000,0.990000000000,0.810000000000,1.000000000000,1.000000000000
100,CN,6,Nash,-0.444000000000,0.186000000000,False,0.000000000000,0.990000000000,0.990000000000,1.000000000000,1.000000000000
100,CN,6,SEQ,0.148000000000,0.186000000000,False,0.000000000000,0.990000000000,0.810000000000,1.000000000000,1.000000000000
100,CN,6,SMR,-0.384000000000,0.186000000000,False,0.000000000000,0.990000000000,0.990000000000,1.000000000000,1.000000000000
100,CN,7,GMR,0.024000000000,0.234000000000,False,0.000000000000,1.000000000000,0.000000000000,1.000000000000,0.760000000000
100,CN,7,Nash,-0.476000000000,0.234000000000,False,0.000000000000,1.000000000000,1.000000000000,1.000000000000,1.000000000000
100,CN,7,SEQ,-0.236000000000,0.234000000000,False,0.000000000000,1.000000000000,1.000000000000,1.000000000000,1.000000000000
100,CN,7,SMR,-0.384000000000,0.234000000000,False,0.000000000000,1.000000000000,1.000000000000,1.000000000000,1.000000000000
100,CN,8,GMR,0.354000000000,0.354000000000,False,0.000000000000,1.000000000000,1.000000000000,1.000000000000,1.000000000000
100,CN,8,Nash,0.354000000000,0.354000000000,False,0.000000000000,1.000000000000,1.000000000000,1.000000000000,1.000000000000
100,CN,8,SEQ,0.354000000000,0.354000000000,False,0.000000000000,1.000000000000,1.000000000000,1.000000000000,1.000000000000
100,CN,8,SMR,0.354000000000,0.354000000000,False,0.000000000000,1.000000000000,1.000000000000,1.000000000000,1.000000000000
100,CN,9,GMR,0.492000000000,0.042000000000,False,0.000000000000,0.000000000000,0.000000000000,0.880000000000,1.000000000000
100,CN,9,Nash,-0.384000000000,0.042000000000,False,0.000000000000,0.000000000000,0.000000000000,0.880000000000,1.000000000000
100,CN,9,SEQ,-0.500000000000,0.042000000000,False,0.000000000000,0.000000000000,0.000000000000,0.880000000000,1.000000000000
100,CN,9,SMR,-0.280000000000,0.042000000000,False,0.000000000000,0.000000000000,0.000000000000,0.880000000000,1.000000000000
100,CN,10,GMR,0.500000000000,,True,0.000000000000,1.000000000000,1.000000000000,1.000000000000,1.000000000000
100,CN,10,Nash,0.500000000000,,True,0.000000000000,1.000000000000,1.000000000000,1.000000000000,1.000000000000
100,CN,10,SEQ,0.500000000000,,True,0.000000000000,1.000000000000,1.000000000000,1.000000000000,1.000000000000
100,CN,10,SMR,0.500000000000,,True,0.000000000000,1.000000000000,1.000000000000,1.000000000000,1.000000000000
100,CN,11,GMR,-0.084000000000,0.110000000000,False,0.000000000000,0.220000000000,0.010000000000,0.990000000000,0.980000000000
100,CN,11,Nash,-0.446000000000,0.110000000000,False,0.000000000000,0.220000000000,0.220000000000,0.990000000000,1.000000000000
100,CN,11,SEQ,-0.500000000000,0.110000000000,False,0.000000000000,0.220000000000,0.220000000000,0.990000000000,1.000000000000
100,CN,11,SMR,-0.360000000000,0.110000000000,False,0.000000000000,0.220000000000,0.220000000000,0.990000000000,1.000000000000
100,CN,12,GMR,-0.342000000000,0.078000000000,False,0.000000000000,0.010000000000,0.010000000000,0.920000000000,1.000000000000
100,CN,12,Nash,-0.390000000000,0.078000000000,False,0.000000000000,0.010000000000,0.010000000000,0.920000000000,1.000000000000
100,CN,12,SEQ,-0.500000000000,0.078000000000,False,0.000000000000,0.010000000000,0.010000000000,0.920000000000,1.000000000000
100,CN,12,SMR,-0.384000000000,0.078000000000,False,0.000000000000,0.010000000000,0.010000000000,0.920000000000,1.000000000000
100,CN,13,GMR,0.276000000000,0.090000000000,False,0.000000000000,0.040000000000,0.040000000000,0.970000000000,1.000000000000
100,CN,13,Nash,-0.396000000000,0.090000000000,False,0.000000000000,0.040000000000,0.040000000000,0.970000000000,1.000000000000
100,CN,13,SEQ,-0.288000000000,0.090000000000,False,0.000000000000,0.040000000000,0.040000000000,0.970000000000,1.000000000000
100,CN,13,SMR,-0.256000000000,0.090000000000,False,0.000000000000,0.040000000000,0.040000000000,0.970000000000,1.000000000000
100,CN,14,GMR,-0.468000000000,0.124000000000,False,0.000000000000,0.450000000000,0.450000000000,0.990000000000,1.000000000000
100,CN,14,Nash,-0.466000000000,0.124000000000,False,0.000000000000,0.450000000000,0.450000000000,0.990000000000,1.000000000000
100,CN,14,SEQ,-0.468000000000,0.124000000000,False,0.000000000000,0.450000000000,0.450000000000,0.990000000000,1.000000000000
100,CN,14,SMR,-0.468000000000,0.124000000000,False,0.000000000000,0.450000000000,0.450000000000,0.990000000000,1.000000000000
100,CN,15,GMR,0.416000000000,0.028000000000,False,0.000000000000,0.000000000000,0.000000000000,0.570000000000,1.000000000000
100,CN,15,Nash,-0.028000000000,0.028000000000,False,0.000000000000,0.000000000000,0.000000000000,0.570000000000,0.700000000000
100,CN,15,SEQ,-0.434000000000,0.028000000000,False,0.000000000000,0.000000000000,0.000000000000,0.570000000000,0.700000000000
100,CN,15,SMR,-0.306000000000,0.028000000000,False,0.000000000000,0.000000000000,0.000000000000,0.570000000000,0.700000000000
100,CN,16,GMR,-0.486000000000,0.326000000000,False,0.000000000000,1.000000000000,1.000000000000,1.000000000000,1.000000000000
100,CN,16,Nash,-0.464000000000,0.326000000000,False,0.000000000000,1.000000000000,1.000000000000,1.000000000000,1.000000000000
100,CN,16,SEQ,-0.500000000000,0.326000000000,False,0.000000000000,1.000000000000,1.000000000000,1.000000000000,1.000000000000
100,CN,16,SMR,-0.486000000000,0.326000000000,False,0.000000000000,1.000000000000,1.000000000000,1.000000000000,1.000000000000
100,CN,17,GMR,0.500000000000,,True,0.000000000000,1.000000000000,1.000000000000,1.000000000000,1.000000000000
100,CN,17,Nash,0.500000000000,,True,0.000000000000,1.000000000000,1.000000000000,1.000000000000,1.000000000000
100,CN,17,SEQ,0.500000000000,,True,0.000000000000,1.000000000000,1.000000000000,1.000000000000,1.000000000000
100,CN,17,SMR,0.500000000000,,True,0.000000000000,1.000000000000,1.000000000000,1.000000000000,1.000000000000
100,CN,18,GMR,0.324000000000,0.410000000000,False,0.000000000000,1.000000000000,1.000000000000,1.000000000000,1.000000000000
100,CN,18,Nash,-0.498000000000,0.410000000000,False,0.000000000000,1.000000000000,1.000000000000,1.000000000000,1.000000000000
100,CN,18,SEQ,0.182000000000,0.410000000000,False,0.000000000000,1.000000000000,0.990000000000,1.000000000000,1.000000000000
100,CN,18,SMR,-0.104000000000,0.410000000000,False,0.000000000000,1.000000000000,0.130000000000,1.000000000000,1.000000000000
100,CN,19,GMR,0.390000000000,0.286000000000,False,0.000000000000,1.000000000000,1.000000000000,1.000000000000,1.000000000000
100,CN,19,Nash,-0.484000000000,0.286000000000,False,0.000000000000,1.000000000000,1.000000000000,1.000000000000,1.000000000000
100,CN,19,SEQ,-0.492000000000,0.286000000000,False,0.000000000000,1.000000000000,1.000000000000,1.000000000000,1.000000000000
100,CN,19,SMR,0.330000000000,0.286000000000,False,0.000000000000,1.000000000000,1.000000000000,1.000000000000,1.000000000000
100,CN,20,GMR,-0.496000000000,0.498000000000,False,0.000000000000,1.000000000000,1.000000000000,1.000000000000,1.000000000000
100,CN,20,Nash,-0.500000000000,0.498000000000,False,0.000000000000,1.000000000000,1.000000000000,1.000000000000,1.000000000000
100,CN,20,SEQ,-0.496000000000,0.498000000000,False,0.000000000000,1.000000000000,1.000000000000,1.000000000000,1.000000000000
100,CN,20,SMR,-0.498000000000,0.498000000000,False,0.000000000000,1.000000000000,1.000000000000,1.000000000000,1.000000000000
100,CN,21,GMR,-0.210000000000,0.182000000000,False,0.000000000000,0.990000000000,0.990000000000,1.000000000000,1.000000000000
100,CN,21,Nash,-0.498000000000,0.182000000000,False,0.000000000000,0.990000000000,0.990000000000,1.000000000000,1.000000000000
100,CN,21,SEQ,-0.478000000000,0.182000000000,False,0.000000000000,0.990000000000,0.990000000000,1.000000000000,1.000000000000
100,CN,21,SMR,-0.470000000000,0.182000000000,False,0.000000000000,0.990000000000,0.990000000000,1.000000000000,1.000000000000
100,CN,22,GMR,0.498000000000,0.498000000000,False,0.000000000000,1.000000000000,1.000000000000,1.000000000000,1.000000000000
100,CN,22,Nash,0.498000000000,0.498000000000,False,0.000000000000,1.000000000000,1.000000000000,1.000000000000,1.000000000000
100,CN,22,SEQ,0.498000000000,0.498000000000,False,0.000000000000,1.000000000000,1.000000000000,1.000000000000,1.000000000000
100,CN,22,SMR,0.498000000000,0.498000000000,False,0.000000000000,1.000000000000,1.000000000000,1.000000000000,1.000000000000
100,CN,23,GMR,0.456000000000,0.456000000000,False,0.000000000000,1.000000000000,1.000000000000,1.000000000000,1.000000000000
100,CN,23,Nash,0.456000000000,0.456000000000,False,0.000000000000,1.000000000000,1.000000000000,1.000000000000,1.000000000000
100,CN,23,SEQ,0.456000000000,0.456000000000,False,0.000000000000,1.000000000000,1.000000000000,1.000000000000,1.000000000000
100,CN,23,SMR,0.456000000000,0.456000000000,False,0.000000000000,1.000000000000,1.000000000000,1.000000000000,1.000000000000
100,CN,24,GMR,-0.160000000000,0.038000000000,False,0.000000000000,0.000000000000,0.000000000000,0.770000000000,1.000000000000
100,CN,24,Nash,-0.492000000000,0.038000000000,False,0.000000000000,0.000000000000,0.000000000000,0.770000000000,1.000000000000
100,CN,24,SEQ,-0.434000000000,0.038000000000,False,0.000000000000,0.000000000000,0.000000000000,0.770000000000,1.000000000000
100,CN,24,SMR,-0.484000000000,0.038000000000,False,0.000000000000,0.000000000000,0.000000000000,0.770000000000,1.000000000000
100,CN,25,GMR,0.488000000000,0.456000000000,False,0.000000000000,1.000000000000,1.000000000000,1.000000000000,1.000000000000
100,CN,25,Nash,-0.456000000000,0.456000000000,False,0.000000000000,1.000000000000,1.000000000000,1.000000000000,1.000000000000
100,CN,25,SEQ,-0.500000000000,0.456000000000,False,0.000000000000,1.000000000000,1.000000000000,1.000000000000,1.000000000000
100,CN,25,SMR,-0.272000000000,0.456000000000,False,0.000000000000,1.000000000000,1.000000000000,1.000000000000,1.000000000000
100,CN,26,GMR,-0.348000000000,0.410000000000,False,0.000000000000,1.000000000000,1.000000000000,1.000000000000,1.000000000000
100,CN,26,Nash,-0.500000000000,0.410000000000,False,0.000000000000,1.000000000000,1.000000000000,1.000000000000,1.000000000000
100,CN,26,SEQ,-0.430000000000,0.410000000000,False,0.000000000000,1.000000000000,1.000000000000,1.000000000000,1.000000000000
100,CN,26,SMR,-0.430000000000,0.410000000000,False,0.000000000000,1.000000000000,1.000000000000,1.000000000000,1.000000000000
100,CN,27,GMR,0.438000000000,0.438000000000,False,0.000000000000,1.000000000000,1.000000000000,1.000000000000,1.000000000000
100,CN,27,Nash,0.438000000000,0.438000000000,False,0.000000000000,1.000000000000,1.000000000000,1.000000000000,1.000000000000
100,CN,27,SEQ,0.438000000000,0.438000000000,False,0.000000000000,1.000000000000,1.000000000000,1.000000000000,1.000000000000
100,CN,27,SMR,0.438000000000,0.438000000000,False,0.000000000000,1.000000000000,1.000000000000,1.000000000000,1.000000000000
100,CN,28,GMR,0.272000000000,0.272000000000,False,0.000000000000,1.000000000000,1.000000000000,1.000000000000,1.000000000000
100,CN,28,Nash,0.272000000000,0.272000000000,False,0.000000000000,1.000000000000,1.000000000000,1.000000000000,1.000000000000
100,CN,28,SEQ,0.272000000000,0.272000000000,False,0.000000000000,1.000000000000,1.000000000000,1.000000000000,1.000000000000
100,CN,28,SMR,0.272000000000,0.272000000000,False,0.000000000000,1.000000000000,1.000000000000,1.000000000000,1.000000000000
100,CN,29,GMR,0.500000000000,0.134000000000,False,0.000000000000,0.610000000000,0.610000000000,1.000000000000,1.000000000000
100,CN,29,Nash,-0.134000000000,0.134000000000,False,0.000000000000,0.610000000000,0.610000000000,1.000000000000,1.000000000000
100,CN,29,SEQ,0.500000000000,0.134000000000,False,0.000000000000,0.610000000000,0.610000000000,1.000000000000,1.000000000000
100,CN,29,SMR,0.264000000000,0.134000000000,False,0.000000000000,0.610000000000,0.610000000000,1.000000000000,1.000000000000
100,CN,30,GMR,-0.088000000000,0.256000000000,False,0.000000000000,1.000000000000,0.030000000000,1.000000000000,0.970000000000
100,CN,30,Nash,-0.482000000000,0.256000000000,False,0.000000000000,1.000000000000,1.000000000000,1.000000000000,1.000000000000
100,CN,30,SEQ,-0.236000000000,0.256000000000,False,0.000000000000,1.000000000000,1.000000000000,1.000000000000,1.000000000000
100,CN,30,SMR,-0.480000000000,0.256000000000,False,0.000000000000,1.000000000000,1.000000000000,1.000000000000,1.000000000000
100,CN,31,GMR,0.028000000000,0.028000000000,False,0.000000000000,0.000000000000,0.000000000000,0.720000000000,1.000000000000
100,CN,31,Nash,0.028000000000,0.028000000000,False,0.000000000000,0.000000000000,0.000000000000,0.720000000000,0.720000000000
100,CN,31,SEQ,0.028000000000,0.028000000000,False,0.000000000000,0.000000000000,0.000000000000,0.720000000000,0.750000000000
100,CN,31,SMR,0.028000000000,0.028000000000,False,0.000000000000,0.000000000000,0.000000000000,0.720000000000,0.720000000000
100,CN,32,GMR,-0.374000000000,0.066000000000,False,0.000000000000,0.000000000000,0.000000000000,0.940000000000,1.000000000000
100,CN,32,Nash,-0.500000000000,0.066000000000,False,0.000000000000,0.000000000000,0.000000000000,0.940000000000,1.000000000000
100,CN,32,SEQ,-0.500000000000,0.066000000000,False,0.000000000000,0.000000000000,0.000000000000,0.940000000000,1.000000000000
100,CN,32,SMR,-0.374000000000,0.066000000000,False,0.000000000000,0.000000000000,0.000000000000,0.940000000000,1.000000000000
100,CN,33,GMR,0.500000000000,0.482000000000,False,0.000000000000,1.000000000000,1.000000000000,1.000000000000,1.000000000000
100,CN,33,Nash,-0.482000000000,0.482000000000,False,0.000000000000,1.000000000000,1.000000000000,1.000000000000,1.000000000000
100,CN,33,SEQ,0.306000000000,0.482000000000,False,0.000000000000,1.000000000000,1.000000000000,1.000000000000,1.000000000000
100,CN,33,SMR,0.462000000000,0.482000000000,False,0.000000000000,1.000000000000,1.000000000000,1.000000000000,1.000000000000
100,CN,34,GMR,0.448000000000,0.382000000000,False,0.000000000000,1.000000000000,1.000000000000,1.000000000000,1.000000000000
100,CN,34,Nash,-0.500000000000,0.382000000000,False,0.000000000000,1.000000000000,1.000000000000,1.000000000000,1.000000000000
100,CN,34,SEQ,0.194000000000,0.382000000000,False,0.000000000000,1.000000000000,0.990000000000,1.000000000000,1.000000000000
100,CN,34,SMR,0.398000000000,0.382000000000,False,0.000000000000,1.000000000000,1.000000000000,1.000000000000,1.000000000000
100,CN,35,GMR,0.482000000000,0.308000000000,False,0.000000000000,1.000000000000,1.000000000000,1.000000000000,1.000000000000
100,CN,35,Nash,-0.500000000000,0.308000000000,False,0.000000000000,1.000000000000,1.000000000000,1.000000000000,1.000000000000
100,CN,35,SEQ,-0.500000000000,0.308000000000,False,0.000000000000,1.000000000000,1.000000000000,1.000000000000,1.000000000000
100,CN,35,SMR,0.170000000000,0.308000000000,False,0.000000000000,1.000000000000,0.960000000000,1.000000000000,1.000000000000
100,CN,36,GMR,0.476000000000,0.308000000000,False,0.000000000000,1.000000000000,1.000000000000,1.000000000000,1.000000000000
100,CN,36,Nash,-0.312000000000,0.308000000000,False,0.000000000000,1.000000000000,1.000000000000,1.000000000000,1.000000000000
100,CN,36,SEQ,0.234000000000,0.308000000000,False,0.000000000000,1.000000000000,1.000000000000,1.000000000000,1.000000000000
100,CN,36,SMR,-0.394000000000,0.308000000000,False,0.000000000000,1.000000000000,1.000000000000,1.000000000000,1.000000000000
100,CN,37,GMR,0.088000000000,0.002000000000,False,0.000000000000,0.000000000000,0.000000000000,0.360000000000,0.990000000000
100,CN,37,Nash,-0.322000000000,0.002000000000,False,0.000000000000,0.000000000000,0.000000000000,0.360000000000,1.000000000000
100,CN,37,SEQ,-0.478000000000,0.002000000000,False,0.000000000000,0.000000000000,0.000000000000,0.360000000000,1.000000000000
100,CN,37,SMR,-0.400000000000,0.002000000000,False,0.000000000000,0.000000000000,0.000000000000,0.360000000000,1.000000000000
100,CN,38,GMR,0.186000000000,0.186000000000,False,0.000000000000,0.990000000000,0.990000000000,1.000000000000,1.000000000000
100,CN,38,Nash,0.186000000000,0.186000000000,False,0.000000000000,0.990000000000,0.990000000000,1.000000000000,1.000000000000
100,CN,38,SEQ,0.186000000000,0.186000000000,False,0.000000000000,0.990000000000,0.990000000000,1.000000000000,1.000000000000
100,CN,38,SMR,0.186000000000,0.186000000000,False,0.000000000000,0.990000000000,0.990000000000,1.000000000000,1.000000000000
100,CN,39,GMR,0.446000000000,0.446000000000,False,0.000000000000,1.000000000000,1.000000000000,1.000000000000,1.000000000000
100,CN,39,Nash,0.446000000000,0.446000000000,False,0.000000000000,1.000000000000,1.000000000000,1.000000000000,1.000000000000
100,CN,39,SEQ,0.446000000000,0.446000000000,False,0.000000000000,1.000000000000,1.000000000000,1.000000000000,1.000000000000
100,CN,39,SMR,0.446000000000,0.446000000000,False,0.000000000000,1.000000000000,1.000000000000,1.000000000000,1.000000000000
100,CN,40,GMR,-0.294000000000,0.468000000000,False,0.000000000000,1.000000000000,1.000000000000,1.000000000000,1.000000000000
100,CN,40,Nash,-0.488000000000,0.468000000000,False,0.000000000000,1.000000000000,1.000000000000,1.000000000000,1.000000000000
100,CN,40,SEQ,-0.316000000000,0.468000000000,False,0.000000000000,1.000000000000,1.000000000000,1.000000000000,1.000000000000
100,CN,40,SMR,-0.478000000000,0.468000000000,False,0.000000000000,1.000000000000,1.000000000000,1.000000000000,1.000000000000
100,CN,41,GMR,-0.482000000000,0.490000000000,False,0.000000000000,1.000000000000,1.000000000000,1.000000000000,1.000000000000
100,CN,41,Nash,-0.500000000000,0.490000000000,False,0.000000000000,1.000000000000,1.000000000000,1.000000000000,1.000000000000
100,CN,41,SEQ,-0.500000000000,0.490000000000,False,0.000000000000,1.000000000000,1.000000000000,1.000000000000,1.000000000000
100,CN,41,SMR,-0.498000000000,0.490000000000,False,0.000000000000,1.000000000000,1.000000000000,1.000000000000,1.000000000000
100,CN,42,GMR,0.370000000000,0.370000000000,False,0.000000000000,1.000000000000,1.000000000000,1.000000000000,1.000000000000
100,CN,42,Nash,0.370000000000,0.370000000000,False,0.000000000000,1.000000000000,1.000000000000,1.000000000000,1.000000000000
100,CN,42,SEQ,0.370000000000,0.370000000000,False,0.000000000000,1.000000000000,1.000000000000,1.000000000000,1.000000000000
100,CN,42,SMR,0.370000000000,0.370000000000,False,0.000000000000,1.000000000000,1.000000000000,1.000000000000,1.000000000000
100,CN,43,GMR,-0.058000000000,0.372000000000,False,0.000000000000,1.000000000000,0.000000000000,1.000000000000,0.860000000000
100,CN,43,Nash,-0.466000000000,0.372000000000,False,0.000000000000,1.000000000000,1.000000000000,1.000000000000,1.000000000000
100,CN,43,SEQ,-0.492000000000,0.372000000000,False,0.000000000000,1.000000000000,1.000000000000,1.000000000000,1.000000000000
100,CN,43,SMR,-0.058000000000,0.372000000000,False,0.000000000000,1.000000000000,0.000000000000,1.000000000000,0.870000000000
100,CN,44,GMR,0.032000000000,0.032000000000,False,0.000000000000,0.000000000000,0.000000000000,0.840000000000,1.000000000000
100,CN,44,Nash,0.032000000000,0.032000000000,False,0.000000000000,0.000000000000,0.000000000000,0.840000000000,0.840000000000
100,CN,44,SEQ,0.032000000000,0.032000000000,False,0.000000000000,0.000000000000,0.000000000000,0.840000000000,0.840000000000
100,CN,44,SMR,0.032000000000,0.032000000000,False,0.000000000000,0.000000000000,0.000000000000,0.840000000000,0.970000000000
100,CN,45,GMR,0.500000000000,0.006000000000,False,0.000000000000,0.000000000000,0.000000000000,0.500000000000,1.000000000000
100,CN,45,Nash,-0.006000000000,0.006000000000,False,0.000000000000,0.000000000000,0.000000000000,0.500000000000,0.500000000000
100,CN,45,SEQ,0.212000000000,0.006000000000,False,0.000000000000,0.000000000000,0.000000000000,0.500000000000,1.000000000000
100,CN,45,SMR,-0.276000000000,0.006000000000,False,0.000000000000,0.000000000000,0.000000000000,0.500000000000,0.500000000000
100,CN,46,GMR,-0.292000000000,0.258000000000,False,0.000000000000,1.000000000000,1.000000000000,1.000000000000,1.000000000000
100,CN,46,Nash,-0.396000000000,0.258000000000,False,0.000000000000,1.000000000000,1.000000000000,1.000000000000,1.000000000000
100,CN,46,SEQ,-0.292000000000,0.258000000000,False,0.000000000000,1.000000000000,1.000000000000,1.000000000000,1.000000000000
100,CN,46,SMR,-0.480000000000,0.258000000000,False,0.000000000000,1.000000000000,1.000000000000,1.000000000000,1.000000000000
100,CN,47,GMR,0.218000000000,0.066000000000,False,0.000000000000,0.000000000000,0.000000000000,0.880000000000,1.000000000000
100,CN,47,Nash,-0.268000000000,0.066000000000,False,0.000000000000,0.000000000000,0.000000000000,0.880000000000,1.000000000000
100,CN,47,SEQ,-0.316000000000,0.066000000000,False,0.000000000000,0.000000000000,0.000000000000,0.880000000000,0.990000000000
100,CN,47,SMR,-0.370000000000,0.066000000000,False,0.000000000000,0.000000000000,0.000000000000,0.880000000000,1.000000000000
100,CN,48,GMR,0.500000000000,0.252000000000,False,0.000000000000,1.000000000000,1.000000000000,1.000000000000,1.000000000000
100,CN,48,Nash,-0.252000000000,0.252000000000,False,0.000000000000,1.000000000000,1.000000000000,1.000000000000,1.000000000000
100,CN,48,SEQ,-0.500000000000,0.252000000000,False,0.000000000000,1.000000000000,1.000000000000,1.000000000000,1.000000000000
100,CN,48,SMR,0.306000000000,0.252000000000,False,0.000000000000,1.000000000000,1.000000000000,1.000000000000,1.000000000000
100,CN,49,GMR,0.470000000000,0.470000000000,False,0.000000000000,1.000000000000,1.000000000000,1.000000000000,1.000000000000
100,CN,49,Nash,0.470000000000,0.470000000000,False,0.000000000000,1.000000000000,1.000000000000,1.000000000000,1.000000000000
100,CN,49,SEQ,0.470000000000,0.470000000000,False,0.000000000000,1.000000000000,1.000000000000,1.000000000000,1.000000000000
100,CN,49,SMR,0.470000000000,0.470000000000,False,0.000000000000,1.000000000000,1.000000000000,1.000000000000,1.000000000000
100,CN,50,GMR,0.290000000000,0.202000000000,False,0.000000000000,1.000000000000,1.000000000000,1.000000000000,1.000000000000
100,CN,50,Nash,-0.498000000000,0.202000000000,False,0.000000000000,1.000000000000,1.000000000000,1.000000000000,1.000000000000
100,CN,50,SEQ,0.104000000000,0.202000000000,False,0.000000000000,1.000000000000,0.130000000000,1.000000000000,1.000000000000
100,CN,50,SMR,0.088000000000,0.202000000000,False,0.000000000000,1.000000000000,0.030000000000,1.000000000000,0.990000000000
100,CN,51,GMR,0.308000000000,0.308000000000,False,0.000000000000,1.000000000000,1.000000000000,1.000000000000,1.000000000000
100,CN,51,Nash,0.308000000000,0.308000000000,False,0.000000000000,1.000000000000,1.000000000000,1.000000000000,1.000000000000
100,CN,51,SEQ,0.308000000000,0.308000000000,False,0.000000000000,1.000000000000,1.000000000000,1.000000000000,1.000000000000
100,CN,51,SMR,0.308000000000,0.308000000000,False,0.000000000000,1.000000000000,1.000000000000,1.000000000000,1.000000000000
100,CN,52,GMR,0.312000000000,0.312000000000,False,0.000000000000,1.000000000000,1.000000000000,1.000000000000,1.000000000000
100,CN,52,Nash,0.312000000000,0.312000000000,False,0.000000000000,1.000000000000,1.000000000000,1.000000000000,1.000000000000
100,CN,52,SEQ,0.312000000000,0.312000000000,False,0.000000000000,1.000000000000,1.000000000000,1.000000000000,1.000000000000
100,CN,52,SMR,0.312000000000,0.312000000000,False,0.000000000000,1.000000000000,1.000000000000,1.000000000000,1.000000000000
100,CN,53,GMR,-0.418000000000,0.078000000000,False,0.000000000000,0.010000000000,0.010000000000,0.950000000000,1.000000000000
100,CN,53,Nash,-0.498000000000,0.078000000000,False,0.000000000000,0.010000000000,0.010000000000,0.950000000000,1.000000000000
100,CN,53,SEQ,-0.478000000000,0.078000000000,False,0.000000000000,0.010000000000,0.010000000000,0.950000000000,1.000000000000
100,CN,53,SMR,-0.418000000000,0.078000000000,False,0.000000000000,0.010000000000,0.010000000000,0.950000000000,1.000000000000
100,CN,54,GMR,0.310000000000,0.498000000000,False,0.000000000000,1.000000000000,1.000000000000,1.000000000000,1.000000000000
100,CN,54,Nash,-0.498000000000,0.498000000000,False,0.000000000000,1.000000000000,1.000000000000,1.000000000000,1.000000000000
100,CN,54,SEQ,0.212000000000,0.498000000000,False,0.000000000000,1.000000000000,1.000000000000,1.000000000000,1.000000000000
100,CN,54,SMR,-0.470000000000,0.498000000000,False,0.000000000000,1.000000000000,1.000000000000,1.000000000000,1.000000000000
100,CN,55,GMR,-0.358000000000,0.174000000000,False,0.000000000000,0.960000000000,0.960000000000,1.000000000000,1.000000000000
100,CN,55,Nash,-0.500000000000,0.174000000000,False,0.000000000000,0.960000000000,0.960000000000,1.000000000000,1.000000000000
100,CN,55,SEQ,-0.358000000000,0.174000000000,False,0.000000000000,0.960000000000,0.960000000000,1.000000000000,1.000000000000
100,CN,55,SMR,-0.478000000000,0.174000000000,False,0.000000000000,0.960000000000,0.960000000000,1.000000000000,1.000000000000
100,CN,56,GMR,-0.476000000000,0.448000000000,False,0.000000000000,1.000000000000,1.000000000000,1.000000000000,1.000000000000
100,CN,56,Nash,-0.500000000000,0.448000000000,False,0.000000000000,1.000000000000,1.000000000000,1.000000000000,1.000000000000
100,CN,56,SEQ,-0.476000000000,0.448000000000,False,0.000000000000,1.000000000000,1.000000000000,1.000000000000,1.000000000000
100,CN,56,SMR,-0.500000000000,0.448000000000,False,0.000000000000,1.000000000000,1.000000000000,1.000000000000,1.000000000000
100,CN,57,GMR,0.500000000000,0.234000000000,False,0.000000000000,1.000000000000,1.000000000000,1.000000000000,1.000000000000
100,CN,57,Nash,-0.234000000000,0.234000000000,False,0.000000000000,1.000000000000,1.000000000000,1.000000000000,1.000000000000
100,CN,57,SEQ,-0.500000000000,0.234000000000,False,0.000000000000,1.000000000000,1.000000000000,1.000000000000,1.000000000000
100,CN,57,SMR,0.386000000000,0.234000000000,False,0.000000000000,1.000000000000,1.000000000000,1.000000000000,1.000000000000
100,CN,58,GMR,0.476000000000,0.008000000000,False,0.000000000000,0.000000000000,0.000000000000,0.660000000000,1.000000000000
100,CN,58,Nash,-0.364000000000,0.008000000000,False,0.000000000000,0.000000000000,0.000000000000,0.660000000000,1.000000000000
100,CN,58,SEQ,0.476000000000,0.008000000000,False,0.000000000000,0.000000000000,0.000000000000,0.660000000000,1.000000000000
100,CN,58,SMR,0.468000000000,0.008000000000,False,0.000000000000,0.000000000000,0.000000000000,0.660000000000,1.000000000000
100,CN,59,GMR,0.496000000000,0.358000000000,False,0.000000000000,1.000000000000,1.000000000000,1.000000000000,1.000000000000
100,CN,59,Nash,-0.408000000000,0.358000000000,False,0.000000000000,1.000000000000,1.000000000000,1.000000000000,1.000000000000
100,CN,59,SEQ,-0.492000000000,0.358000000000,False,0.000000000000,1.000000000000,1.000000000000,1.000000000000,1.000000000000
100,CN,59,SMR,0.424000000000,0.358000000000,False,0.000000000000,1.000000000000,1.000000000000,1.000000000000,1.000000000000
100,CN,60,GMR,0.126000000000,0.032000000000,False,0.000000000000,0.000000000000,0.000000000000,0.800000000000,1.000000000000
100,CN,60,Nash,-0.032000000000,0.032000000000,False,0.000000000000,0.000000000000,0.000000000000,0.800000000000,0.800000000000
100,CN,60,SEQ,-0.382000000000,0.032000000000,False,0.000000000000,0.000000000000,0.000000000000,0.800000000000,0.800000000000
100,CN,60,SMR,0.108000000000,0.032000000000,False,0.000000000000,0.000000000000,0.000000000000,0.800000000000,0.990000000000
100,CN,61,GMR,-0.184000000000,0.218000000000,False,0.000000000000,1.000000000000,0.990000000000,1.000000000000,1.000000000000
100,CN,61,Nash,-0.252000000000,0.218000000000,False,0.000000000000,1.000000000000,1.000000000000,1.000000000000,1.000000000000
100,CN,61,SEQ,-0.184000000000,0.218000000000,False,0.000000000000,1.000000000000,0.990000000000,1.000000000000,1.000000000000
100,CN,61,SMR,-0.298000000000,0.218000000000,False,0.000000000000,1.000000000000,1.000000000000,1.000000000000,1.000000000000
100,CN,62,GMR,0.466000000000,0.376000000000,False,0.000000000000,1.000000000000,1.000000000000,1.000000000000,1.000000000000
100,CN,62,Nash,-0.376000000000,0.376000000000,False,0.000000000000,1.000000000000,1.000000000000,1.000000000000,1.000000000000
100,CN,62,SEQ,0.200000000000,0.376000000000,False,0.000000000000,1.000000000000,1.000000000000,1.000000000000,1.000000000000
100,CN,62,SMR,0.298000000000,0.376000000000,False,0.000000000000,1.000000000000,1.000000000000,1.000000000000,1.000000000000
100,CN,63,GMR,0.476000000000,0.054000000000,False,0.000000000000,0.000000000000,0.000000000000,0.780000000000,1.000000000000
100,CN,63,Nash,-0.054000000000,0.054000000000,False,0.000000000000,0.000000000000,0.000000000000,0.780000000000,0.860000000000
100,CN,63,SEQ,-0.064000000000,0.054000000000,False,0.000000000000,0.000000000000,0.000000000000,0.780000000000,0.770000000000
100,CN,63,SMR,-0.396000000000,0.054000000000,False,0.000000000000,0.000000000000,0.000000000000,0.780000000000,0.860000000000
100,CN,64,GMR,-0.218000000000,0.442000000000,False,0.000000000000,1.000000000000,1.000000000000,1.000000000000,1.000000000000
100,CN,64,Nash,-0.500000000000,0.442000000000,False,0.000000000000,1.000000000000,1.000000000000,1.000000000000,1.000000000000
100,CN,64,SEQ,-0.500000000000,0.442000000000,False,0.000000000000,1.000000000000,1.000000000000,1.000000000000,1.000000000000
100,CN,64,SMR,-0.328000000000,0.442000000000,False,0.000000000000,1.000000000000,1.000000000000,1.000000000000,1.000000000000
100,CN,65,GMR,0.490000000000,0.490000000000,False,0.000000000000,1.000000000000,1.000000000000,1.000000000000,1.000000000000
100,CN,65,Nash,0.490000000000,0.490000000000,False,0.000000000000,1.000000000000,1.000000000000,1.000000000000,1.000000000000
100,CN,65,SEQ,0.490000000000,0.490000000000,False,0.000000000000,1.000000000000,1.000000000000,1.000000000000,1.000000000000
100,CN,65,SMR,0.490000000000,0.490000000000,False,0.000000000000,1.000000000000,1.000000000000,1.000000000000,1.000000000000
100,CN,66,GMR,0.262000000000,0.262000000000,False,0.000000000000,1.000000000000,1.000000000000,1.000000000000,1.000000000000
100,CN,66,Nash,0.262000000000,0.262000000000,False,0.000000000000,1.000000000000,1.000000000000,1.000000000000,1.000000000000
100,CN,66,SEQ,0.262000000000,0.262000000000,False,0.000000000000,1.000000000000,1.000000000000,1.000000000000,1.000000000000
100,CN,66,SMR,0.262000000000,0.262000000000,False,0.000000000000,1.000000000000,1.000000000000,1.000000000000,1.000000000000
100,CN,67,GMR,0.500000000000,0.292000000000,False,0.000000000000,1.000000000000,1.000000000000,1.000000000000,1.000000000000
100,CN,67,Nash,-0.292000000000,0.292000000000,False,0.000000000000,1.000000000000,1.000000000000,1.000000000000,1.000000000000
100,CN,67,SEQ,-0.500000000000,0.292000000000,False,0.000000000000,1.000000000000,1.000000000000,1.000000000000,1.000000000000
100,CN,67,SMR,0.384000000000,0.292000000000,False,0.000000000000,1.000000000000,1.000000000000,1.000000000000,1.000000000000
100,CN,68,GMR,0.462000000000,0.462000000000,False,0.000000000000,1.000000000000,1.000000000000,1.000000000000,1.000000000000
100,CN,68,Nash,0.462000000000,0.462000000000,False,0.000000000000,1.000000000000,1.000000000000,1.000000000000,1.000000000000
100,CN,68,SEQ,0.462000000000,0.462000000000,False,0.000000000000,1.000000000000,1.000000000000,1.000000000000,1.000000000000
100,CN,68,SMR,0.462000000000,0.462000000000,False,0.000000000000,1.000000000000,1.000000000000,1.000000000000,1.000000000000
100,CN,69,GMR,0.130000000000,0.090000000000,False,0.000000000000,0.030000000000,0.030000000000,0.950000000000,1.000000000000
100,CN,69,Nash,-0.262000000000,0.090000000000,False,0.000000000000,0.030000000000,0.030000000000,0.950000000000,1.000000000000
100,CN,69,SEQ,-0.382000000000,0.090000000000,False,0.000000000000,0.030000000000,0.030000000000,0.950000000000,0.950000000000
100,CN,69,SMR,0.130000000000,0.090000000000,False,0.000000000000,0.030000000000,0.030000000000,0.950000000000,1.000000000000
100,CN,70,GMR,0.482000000000,0.046000000000,False,0.000000000000,0.000000000000,0.000000000000,0.880000000000,1.000000000000
100,CN,70,Nash,-0.142000000000,0.046000000000,False,0.000000000000,0.000000000000,0.000000000000,0.880000000000,0.990000000000
100,CN,70,SEQ,-0.500000000000,0.046000000000,False,0.000000000000,0.000000000000,0.000000000000,0.880000000000,0.990000000000
100,CN,70,SMR,0.444000000000,0.046000000000,False,0.000000000000,0.000000000000,0.000000000000,0.880000000000,1.000000000000
100,CN,71,GMR,0.500000000000,,True,0.000000000000,1.000000000000,1.000000000000,1.000000000000,1.000000000000
100,CN,71,Nash,0.500000000000,,True,0.000000000000,1.000000000000,1.000000000000,1.000000000000,1.000000000000
100,CN,71,SEQ,0.500000000000,,True,0.000000000000,1.000000000000,1.000000000000,1.000000000000,1.000000000000
100,CN,71,SMR,0.500000000000,,True,0.000000000000,1.000000000000,1.000000000000,1.000000000000,1.000000000000
100,CN,72,GMR,0.090000000000,0.090000000000,False,0.000000000000,0.040000000000,0.030000000000,0.980000000000,0.980000000000
100,CN,72,Nash,0.090000000000,0.090000000000,False,0.000000000000,0.040000000000,0.030000000000,0.980000000000,0.980000000000
100,CN,72,SEQ,0.090000000000,0.090000000000,False,0.000000000000,0.040000000000,0.030000000000,0.980000000000,0.980000000000
100,CN,72,SMR,0.090000000000,0.090000000000,False,0.000000000000,0.040000000000,0.030000000000,0.980000000000,0.980000000000
100,CN,73,GMR,0.500000000000,,True,0.000000000000,1.000000000000,1.000000000000,1.000000000000,1.000000000000
100,CN,73,Nash,0.500000000000,,True,0.000000000000,1.000000000000,1.000000000000,1.000000000000,1.000000000000
100,CN,73,SEQ,0.500000000000,,True,0.000000000000,1.000000000000,1.000000000000,1.000000000000,1.000000000000
100,CN,73,SMR,0.500000000000,,True,0.000000000000,1.000000000000,1.000000000000,1.000000000000,1.000000000000
100,CN,74,GMR,0.500000000000,0.500000000000,False,0.000000000000,1.000000000000,1.000000000000,1.000000000000,1.000000000000
100,CN,74,Nash,0.500000000000,0.500000000000,False,0.000000000000,1.000000000000,1.000000000000,1.000000000000,1.000000000000
100,CN,74,SEQ,0.500000000000,0.500000000000,False,0.000000000000,1.000000000000,1.000000000000,1.000000000000,1.000000000000
100,CN,74,SMR,0.500000000000,0.500000000000,False,0.000000000000,1.000000000000,1.000000000000,1.000000000000,1.000000000000
100,CN,75,GMR,-0.482000000000,0.312000000000,False,0.000000000000,1.000000000000,1.000000000000,1.000000000000,1.000000000000
100,CN,75,Nash,-0.346000000000,0.312000000000,False,0.000000000000,1.000000000000,1.000000000000,1.000000000000,1.000000000000
100,CN,75,SEQ,-0.482000000000,0.312000000000,False,0.000000000000,1.000000000000,1.000000000000,1.000000000000,1.000000000000
100,CN,75,SMR,-0.482000000000,0.312000000000,False,0.000000000000,1.000000000000,1.000000000000,1.000000000000,1.000000000000
100,CN,76,GMR,0.410000000000,0.410000000000,False,0.000000000000,1.000000000000,1.000000000000,1.000000000000,1.000000000000
100,CN,76,Nash,0.410000000000,0.410000000000,False,0.000000000000,1.000000000000,1.000000000000,1.000000000000,1.000000000000
100,CN,76,SEQ,0.410000000000,0.410000000000,False,0.000000000000,1.000000000000,1.000000000000,1.000000000000,1.000000000000
100,CN,76,SMR,0.410000000000,0.410000000000,False,0.000000000000,1.000000000000,1.000000000000,1.000000000000,1.000000000000
100,US,1,GMR,0.500000000000,0.306000000000,False,0.000000000000,1.000000000000,1.000000000000,1.000000000000,1.000000000000
100,US,1,Nash,-0.306000000000,0.306000000000,False,0.000000000000,1.000000000000,1.000000000000,1.000000000000,1.000000000000
100,US,1,SEQ,0.308000000000,0.306000000000,False,0.000000000000,1.000000000000,1.000000000000,1.000000000000,1.000000000000
100,US,1,SMR,0.466000000000,0.306000000000,False,0.000000000000,1.000000000000,1.000000000000,1.000000000000,1.000000000000
100,US,2,GMR,-0.132000000000,0.184000000000,False,0.000000000000,0.990000000000,0.570000000000,1.000000000000,1.000000000000
100,US,2,Nash,-0.500000000000,0.184000000000,False,0.000000000000,0.990000000000,0.990000000000,1.000000000000,1.000000000000
100,US,2,SEQ,-0.344000000000,0.184000000000,False,0.000000000000,0.990000000000,0.990000000000,1.000000000000,1.000000000000
100,US,2,SMR,-0.378000000000,0.184000000000,False,0.000000000000,0.990000000000,0.990000000000,1.000000000000,1.000000000000
100,US,3,GMR,0.500000000000,0.500000000000,False,0.000000000000,1.000000000000,1.000000000000,1.000000000000,1.000000000000
100,US,3,Nash,0.500000000000,0.500000000000,False,0.000000000000,1.000000000000,1.000000000000,1.000000000000,1.000000000000
100,US,3,SEQ,0.500000000000,0.500000000000,False,0.000000000000,1.000000000000,1.000000000000,1.000000000000,1.000000000000
100,US,3,SMR,0.500000000000,0.500000000000,False,0.000000000000,1.000000000000,1.000000000000,1.000000000000,1.000000000000
100,US,4,GMR,0.306000000000,0.306000000000,False,0.000000000000,1.000000000000,1.000000000000,1.000000000000,1.000000000000
100,US,4,Nash,0.306000000000,0.306000000000,False,0.000000000000,1.000000000000,1.000000000000,1.000000000000,1.000000000000
100,US,4,SEQ,0.306000000000,0.306000000000,False,0.000000000000,1.000000000000,1.000000000000,1.000000000000,1.000000000000
100,US,4,SMR,0.306000000000,0.306000000000,False,0.000000000000,1.000000000000,1.000000000000,1.000000000000,1.000000000000
100,US,5,GMR,0.184000000000,0.184000000000,False,0.000000000000,0.990000000000,0.990000000000,1.000000000000,1.000000000000
100,US,5,Nash,0.184000000000,0.184000000000,False,0.000000000000,0.990000000000,0.990000000000,1.000000000000,1.000000000000
100,US,5,SEQ,0.184000000000,0.184000000000,False,0.000000000000,0.990000000000,0.990000000000,1.000000000000,1.000000000000
100,US,5,SMR,0.184000000000,0.184000000000,False,0.000000000000,0.990000000000,0.990000000000,1.000000000000,1.000000000000
100,US,6,GMR,-0.500000000000,0.214000000000,False,0.000000000000,1.000000000000,1.000000000000,1.000000000000,1.000000000000
100,US,6,Nash,-0.500000000000,0.214000000000,False,0.000000000000,1.000000000000,1.000000000000,1.000000000000,1.000000000000
100,US,6,SEQ,-0.500000000000,0.214000000000,False,0.000000000000,1.000000000000,1.000000000000,1.000000000000,1.000000000000
100,US,6,SMR,-0.500000000000,0.214000000000,False,0.000000000000,1.000000000000,1.000000000000,1.000000000000,1.000000000000
100,US,7,GMR,0.500000000000,0.230000000000,False,0.000000000000,1.000000000000,1.000000000000,1.000000000000,1.000000000000
100,US,7,Nash,-0.500000000000,0.230000000000,False,0.000000000000,1.000000000000,1.000000000000,1.000000000000,1.000000000000
100,US,7,SEQ,-0.084000000000,0.230000000000,False,0.000000000000,1.000000000000,0.010000000000,1.000000000000,0.990000000000
100,US,7,SMR,0.500000000000,0.230000000000,False,0.000000000000,1.000000000000,1.000000000000,1.000000000000,1.000000000000
100,US,8,GMR,0.498000000000,0.230000000000,False,0.000000000000,1.000000000000,1.000000000000,1.000000000000,1.000000000000
100,US,8,Nash,-0.492000000000,0.230000000000,False,0.000000000000,1.000000000000,1.000000000000,1.000000000000,1.000000000000
100,US,8,SEQ,-0.138000000000,0.230000000000,False,0.000000000000,1.000000000000,0.660000000000,1.000000000000,1.000000000000
100,US,8,SMR,0.498000000000,0.230000000000,False,0.000000000000,1.000000000000,1.000000000000,1.000000000000,1.000000000000
100,US,9,GMR,0.492000000000,0.492000000000,False,0.000000000000,1.000000000000,1.000000000000,1.000000000000,1.000000000000
100,US,9,Nash,0.492000000000,0.492000000000,False,0.000000000000,1.000000000000,1.000000000000,1.000000000000,1.000000000000
100,US,9,SEQ,0.492000000000,0.492000000000,False,0.000000000000,1.000000000000,1.000000000000,1.000000000000,1.000000000000
100,US,9,SMR,0.492000000000,0.492000000000,False,0.000000000000,1.000000000000,1.000000000000,1.000000000000,1.000000000000
100,US,10,GMR,0.412000000000,0.182000000000,False,0.000000000000,0.990000000000,0.990000000000,1.000000000000,1.000000000000
100,US,10,Nash,-0.194000000000,0.182000000000,False,0.000000000000,0.990000000000,0.990000000000,1.000000000000,1.000000000000
100,US,10,SEQ,-0.076000000000,0.182000000000,False,0.000000000000,0.990000000000,0.000000000000,1.000000000000,0.970000000000
100,US,10,SMR,0.190000000000,0.182000000000,False,0.000000000000,0.990000000000,0.990000000000,1.000000000000,1.000000000000
100,US,11,GMR,0.500000000000,0.124000000000,False,0.000000000000,0.450000000000,0.450000000000,1.000000000000,1.000000000000
100,US,11,Nash,-0.124000000000,0.124000000000,False,0.000000000000,0.450000000000,0.450000000000,1.000000000000,1.000000000000
100,US,11,SEQ,-0.050000000000,0.124000000000,False,0.000000000000,0.450000000000,0.000000000000,1.000000000000,0.850000000000
100,US,11,SMR,0.388000000000,0.124000000000,False,0.000000000000,0.450000000000,0.450000000000,1.000000000000,1.000000000000
100,US,12,GMR,-0.500000000000,0.434000000000,False,0.000000000000,1.000000000000,1.000000000000,1.000000000000,1.000000000000
100,US,12,Nash,-0.500000000000,0.434000000000,False,0.000000000000,1.000000000000,1.000000000000,1.000000000000,1.000000000000
100,US,12,SEQ,-0.500000000000,0.434000000000,False,0.000000000000,1.000000000000,1.000000000000,1.000000000000,1.000000000000
100,US,12,SMR,-0.500000000000,0.434000000000,False,0.000000000000,1.000000000000,1.000000000000,1.000000000000,1.000000000000
100,US,13,GMR,0.062000000000,0.062000000000,False,0.000000000000,0.000000000000,0.000000000000,0.890000000000,1.000000000000
100,US,13,Nash,0.062000000000,0.062000000000,False,0.000000000000,0.000000000000,0.000000000000,0.890000000000,0.890000000000
100,US,13,SEQ,0.062000000000,0.062000000000,False,0.000000000000,0.000000000000,0.000000000000,0.890000000000,1.000000000000
100,US,13,SMR,0.062000000000,0.062000000000,False,0.000000000000,0.000000000000,0.000000000000,0.890000000000,1.000000000000
100,US,14,GMR,0.010000000000,0.444000000000,False,0.000000000000,1.000000000000,0.000000000000,1.000000000000,0.650000000000
100,US,14,Nash,-0.500000000000,0.444000000000,False,0.000000000000,1.000000000000,1.000000000000,1.000000000000,1.000000000000
100,US,14,SEQ,-0.086000000000,0.444000000000,False,0.000000000000,1.000000000000,0.010000000000,1.000000000000,1.000000000000
100,US,14,SMR,-0.086000000000,0.444000000000,False,0.000000000000,1.000000000000,0.010000000000,1.000000000000,0.970000000000
100,US,15,GMR,0.064000000000,0.064000000000,False,0.000000000000,0.000000000000,0.000000000000,0.950000000000,1.000000000000
100,US,15,Nash,0.064000000000,0.064000000000,False,0.000000000000,0.000000000000,0.000000000000,0.950000000000,0.950000000000
100,US,15,SEQ,0.064000000000,0.064000000000,False,0.000000000000,0.000000000000,0.000000000000,0.950000000000,1.000000000000
100,US,15,SMR,0.064000000000,0.064000000000,False,0.000000000000,0.000000000000,0.000000000000,0.950000000000,1.000000000000
100,US,16,GMR,0.230000000000,0.064000000000,False,0.000000000000,0.000000000000,0.000000000000,0.870000000000,1.000000000000
100,US,16,Nash,-0.064000000000,0.064000000000,False,0.000000000000,0.000000000000,0.000000000000,0.870000000000,0.870000000000
100,US,16,SEQ,-0.054000000000,0.064000000000,False,0.000000000000,0.000000000000,0.000000000000,0.870000000000,0.760000000000
100,US,16,SMR,0.154000000000,0.064000000000,False,0.000000000000,0.000000000000,0.000000000000,0.870000000000,1.000000000000
100,US,17,GMR,0.498000000000,0.082000000000,False,0.000000000000,0.010000000000,0.010000000000,1.000000000000,1.000000000000
100,US,17,Nash,-0.418000000000,0.082000000000,False,0.000000000000,0.010000000000,0.010000000000,1.000000000000,1.000000000000
100,US,17,SEQ,-0.498000000000,0.082000000000,False,0.000000000000,0.010000000000,0.010000000000,1.000000000000,1.000000000000
100,US,17,SMR,0.394000000000,0.082000000000,False,0.000000000000,0.010000000000,0.010000000000,1.000000000000,1.000000000000
100,US,18,GMR,-0.480000000000,0.304000000000,False,0.000000000000,1.000000000000,1.000000000000,1.000000000000,1.000000000000
100,US,18,Nash,-0.500000000000,0.304000000000,False,0.000000000000,1.000000000000,1.000000000000,1.000000000000,1.000000000000
100,US,18,SEQ,-0.498000000000,0.304000000000,False,0.000000000000,1.000000000000,1.000000000000,1.000000000000,1.000000000000
100,US,18,SMR,-0.480000000000,0.304000000000,False,0.000000000000,1.000000000000,1.000000000000,1.000000000000,1.000000000000
100,US,19,GMR,0.098000000000,0.304000000000,False,0.000000000000,1.000000000000,0.060000000000,1.000000000000,0.990000000000
100,US,19,Nash,-0.500000000000,0.304000000000,False,0.000000000000,1.000000000000,1.000000000000,1.000000000000,1.000000000000
100,US,19,SEQ,-0.498000000000,0.304000000000,False,0.000000000000,1.000000000000,1.000000000000,1.000000000000,1.000000000000
100,US,19,SMR,0.062000000000,0.304000000000,False,0.000000000000,1.000000000000,0.000000000000,1.000000000000,0.940000000000
100,US,20,GMR,0.500000000000,0.240000000000,False,0.000000000000,1.000000000000,1.000000000000,1.000000000000,1.000000000000
100,US,20,Nash,-0.500000000000,0.240000000000,False,0.000000000000,1.000000000000,1.000000000000,1.000000000000,1.000000000000
100,US,20,SEQ,0.336000000000,0.240000000000,False,0.000000000000,1.000000000000,1.000000000000,1.000000000000,1.000000000000
100,US,20,SMR,0.484000000000,0.240000000000,False,0.000000000000,1.000000000000,1.000000000000,1.000000000000,1.000000000000
100,US,21,GMR,0.500000000000,0.500000000000,False,0.000000000000,1.000000000000,1.000000000000,1.000000000000,1.000000000000
100,US,21,Nash,0.500000000000,0.500000000000,False,0.000000000000,1.000000000000,1.000000000000,1.000000000000,1.000000000000
100,US,21,SEQ,0.500000000000,0.500000000000,False,0.000000000000,1.000000000000,1.000000000000,1.000000000000,1.000000000000
100,US,21,SMR,0.500000000000,0.500000000000,False,0.000000000000,1.000000000000,1.000000000000,1.000000000000,1.000000000000
100,US,22,GMR,0.494000000000,0.500000000000,False,0.000000000000,1.000000000000,1.000000000000,1.000000000000,1.000000000000
100,US,22,Nash,-0.500000000000,0.500000000000,False,0.000000000000,1.000000000000,1.000000000000,1.000000000000,1.000000000000
100,US,22,SEQ,-0.028000000000,0.500000000000,False,0.000000000000,1.000000000000,0.000000000000,1.000000000000,0.670000000000
100,US,22,SMR,0.326000000000,0.500000000000,False,0.000000000000,1.000000000000,1.000000000000,1.000000000000,1.000000000000
100,US,23,GMR,0.500000000000,0.236000000000,False,0.000000000000,1.000000000000,1.000000000000,1.000000000000,1.000000000000
100,US,23,Nash,-0.496000000000,0.236000000000,False,0.000000000000,1.000000000000,1.000000000000,1.000000000000,1.000000000000
100,US,23,SEQ,-0.162000000000,0.236000000000,False,0.000000000000,1.000000000000,0.920000000000,1.000000000000,1.000000000000
100,US,23,SMR,0.500000000000,0.236000000000,False,0.000000000000,1.000000000000,1.000000000000,1.000000000000,1.000000000000
100,US,24,GMR,0.134000000000,0.236000000000,False,0.000000000000,1.000000000000,0.610000000000,1.000000000000,1.000000000000
100,US,24,Nash,-0.496000000000,0.236000000000,False,0.000000000000,1.000000000000,1.000000000000,1.000000000000,1.000000000000
100,US,24,SEQ,-0.456000000000,0.236000000000,False,0.000000000000,1.000000000000,1.000000000000,1.000000000000,1.000000000000
100,US,24,SMR,0.134000000000,0.236000000000,False,0.000000000000,1.000000000000,0.610000000000,1.000000000000,1.000000000000
100,US,25,GMR,0.496000000000,0.496000000000,False,0.000000000000,1.000000000000,1.000000000000,1.000000000000,1.000000000000
100,US,25,Nash,0.496000000000,0.496000000000,False,0.000000000000,1.000000000000,1.000000000000,1.000000000000,1.000000000000
100,US,25,SEQ,0.496000000000,0.496000000000,False,0.000000000000,1.000000000000,1.000000000000,1.000000000000,1.000000000000
100,US,25,SMR,0.496000000000,0.496000000000,False,0.000000000000,1.000000000000,1.000000000000,1.000000000000,1.000000000000
100,US,26,GMR,0.448000000000,0.036000000000,False,0.000000000000,0.000000000000,0.000000000000,0.850000000000,1.000000000000
100,US,26,Nash,-0.488000000000,0.036000000000,False,0.000000000000,0.000000000000,0.000000000000,0.850000000000,1.000000000000
100,US,26,SEQ,-0.272000000000,0.036000000000,False,0.000000000000,0.000000000000,0.000000000000,0.850000000000,1.000000000000
100,US,26,SMR,0.366000000000,0.036000000000,False,0.000000000000,0.000000000000,0.000000000000,0.850000000000,1.000000000000
100,US,27,GMR,0.450000000000,0.036000000000,False,0.000000000000,0.000000000000,0.000000000000,0.800000000000,1.000000000000
100,US,27,Nash,-0.482000000000,0.036000000000,False,0.000000000000,0.000000000000,0.000000000000,0.800000000000,1.000000000000
100,US,27,SEQ,-0.272000000000,0.036000000000,False,0.000000000000,0.000000000000,0.000000000000,0.800000000000,1.000000000000
100,US,27,SMR,-0.164000000000,0.036000000000,False,0.000000000000,0.000000000000,0.000000000000,0.800000000000,0.800000000000
100,US,28,GMR,0.498000000000,0.288000000000,False,0.000000000000,1.000000000000,1.000000000000,1.000000000000,1.000000000000
100,US,28,Nash,-0.288000000000,0.288000000000,False,0.000000000000,1.000000000000,1.000000000000,1.000000000000,1.000000000000
100,US,28,SEQ,0.134000000000,0.288000000000,False,0.000000000000,1.000000000000,0.610000000000,1.000000000000,1.000000000000
100,US,28,SMR,0.498000000000,0.288000000000,False,0.000000000000,1.000000000000,1.000000000000,1.000000000000,1.000000000000
100,US,29,GMR,0.288000000000,0.288000000000,False,0.000000000000,1.000000000000,1.000000000000,1.000000000000,1.000000000000
100,US,29,Nash,0.288000000000,0.288000000000,False,0.000000000000,1.000000000000,1.000000000000,1.000000000000,1.000000000000
100,US,29,SEQ,0.288000000000,0.288000000000,False,0.000000000000,1.000000000000,1.000000000000,1.000000000000,1.000000000000
100,US,29,SMR,0.288000000000,0.288000000000,False,0.000000000000,1.000000000000,1.000000000000,1.000000000000,1.000000000000
100,US,30,GMR,-0.024000000000,0.374000000000,False,0.000000000000,1.000000000000,0.000000000000,1.000000000000,0.660000000000
100,US,30,Nash,-0.434000000000,0.374000000000,False,0.000000000000,1.000000000000,1.000000000000,1.000000000000,1.000000000000
100,US,30,SEQ,-0.188000000000,0.374000000000,False,0.000000000000,1.000000000000,0.990000000000,1.000000000000,1.000000000000
100,US,30,SMR,-0.148000000000,0.374000000000,False,0.000000000000,1.000000000000,0.810000000000,1.000000000000,1.000000000000
100,US,31,GMR,0.434000000000,0.434000000000,False,0.000000000000,1.000000000000,1.000000000000,1.000000000000,1.000000000000
100,US,31,Nash,0.434000000000,0.434000000000,False,0.000000000000,1.000000000000,1.000000000000,1.000000000000,1.000000000000
100,US,31,SEQ,0.434000000000,0.434000000000,False,0.000000000000,1.000000000000,1.000000000000,1.000000000000,1.000000000000
100,US,31,SMR,0.434000000000,0.434000000000,False,0.000000000000,1.000000000000,1.000000000000,1.000000000000,1.000000000000
100,US,32,GMR,-0.066000000000,0.458000000000,False,0.000000000000,1.000000000000,0.000000000000,1.000000000000,0.960000000000
100,US,32,Nash,-0.458000000000,0.458000000000,False,0.000000000000,1.000000000000,1.000000000000,1.000000000000,1.000000000000
100,US,32,SEQ,-0.188000000000,0.458000000000,False,0.000000000000,1.000000000000,0.990000000000,1.000000000000,1.000000000000
100,US,32,SMR,-0.186000000000,0.458000000000,False,0.000000000000,1.000000000000,0.990000000000,1.000000000000,1.000000000000
100,US,33,GMR,0.264000000000,0.264000000000,False,0.000000000000,1.000000000000,1.000000000000,1.000000000000,1.000000000000
100,US,33,Nash,0.264000000000,0.264000000000,False,0.000000000000,1.000000000000,1.000000000000,1.000000000000,1.000000000000
100,US,33,SEQ,0.264000000000,0.264000000000,False,0.000000000000,1.000000000000,1.000000000000,1.000000000000,1.000000000000
100,US,33,SMR,0.264000000000,0.264000000000,False,0.000000000000,1.000000000000,1.000000000000,1.000000000000,1.000000000000
100,US,34,GMR,-0.196000000000,0.104000000000,False,0.000000000000,0.130000000000,0.130000000000,0.990000000000,1.000000000000
100,US,34,Nash,-0.500000000000,0.104000000000,False,0.000000000000,0.130000000000,0.130000000000,0.990000000000,1.000000000000
100,US,34,SEQ,-0.202000000000,0.104000000000,False,0.000000000000,0.130000000000,0.130000000000,0.990000000000,1.000000000000
100,US,34,SMR,-0.440000000000,0.104000000000,False,0.000000000000,0.130000000000,0.130000000000,0.990000000000,1.000000000000
100,US,35,GMR,0.492000000000,0.492000000000,False,0.000000000000,1.000000000000,1.000000000000,1.000000000000,1.000000000000
100,US,35,Nash,0.492000000000,0.492000000000,False,0.000000000000,1.000000000000,1.000000000000,1.000000000000,1.000000000000
100,US,35,SEQ,0.492000000000,0.492000000000,False,0.000000000000,1.000000000000,1.000000000000,1.000000000000,1.000000000000
100,US,35,SMR,0.492000000000,0.492000000000,False,0.000000000000,1.000000000000,1.000000000000,1.000000000000,1.000000000000
100,US,36,GMR,-0.500000000000,0.488000000000,False,0.000000000000,1.000000000000,1.000000000000,1.000000000000,1.000000000000
100,US,36,Nash,-0.500000000000,0.488000000000,False,0.000000000000,1.000000000000,1.000000000000,1.000000000000,1.000000000000
100,US,36,SEQ,-0.500000000000,0.488000000000,False,0.000000000000,1.000000000000,1.000000000000,1.000000000000,1.000000000000
100,US,36,SMR,-0.500000000000,0.488000000000,False,0.000000000000,1.000000000000,1.000000000000,1.000000000000,1.000000000000
100,US,37,GMR,0.104000000000,0.104000000000,False,0.000000000000,0.130000000000,0.130000000000,1.000000000000,1.000000000000
100,US,37,Nash,0.104000000000,0.104000000000,False,0.000000000000,0.130000000000,0.130000000000,1.000000000000,1.000000000000
100,US,37,SEQ,0.104000000000,0.104000000000,False,0.000000000000,0.130000000000,0.130000000000,1.000000000000,1.000000000000
100,US,37,SMR,0.104000000000,0.104000000000,False,0.000000000000,0.130000000000,0.130000000000,1.000000000000,1.000000000000
100,US,38,GMR,-0.210000000000,0.212000000000,False,0.000000000000,1.000000000000,1.000000000000,1.000000000000,1.000000000000
100,US,38,Nash,-0.446000000000,0.212000000000,False,0.000000000000,1.000000000000,1.000000000000,1.000000000000,1.000000000000
100,US,38,SEQ,-0.440000000000,0.212000000000,False,0.000000000000,1.000000000000,1.000000000000,1.000000000000,1.000000000000
100,US,38,SMR,-0.500000000000,0.212000000000,False,0.000000000000,1.000000000000,1.000000000000,1.000000000000,1.000000000000
100,US,39,GMR,-0.288000000000,0.300000000000,False,0.000000000000,1.000000000000,1.000000000000,1.000000000000,1.000000000000
100,US,39,Nash,-0.456000000000,0.300000000000,False,0.000000000000,1.000000000000,1.000000000000,1.000000000000,1.000000000000
100,US,39,SEQ,-0.388000000000,0.300000000000,False,0.000000000000,1.000000000000,1.000000000000,1.000000000000,1.000000000000
100,US,39,SMR,-0.288000000000,0.300000000000,False,0.000000000000,1.000000000000,1.000000000000,1.000000000000,1.000000000000
100,US,40,GMR,-0.284000000000,0.300000000000,False,0.000000000000,1.000000000000,1.000000000000,1.000000000000,1.000000000000
100,US,40,Nash,-0.396000000000,0.300000000000,False,0.000000000000,1.000000000000,1.000000000000,1.000000000000,1.000000000000
100,US,40,SEQ,-0.284000000000,0.300000000000,False,0.000000000000,1.000000000000,1.000000000000,1.000000000000,1.000000000000
100,US,40,SMR,-0.284000000000,0.300000000000,False,0.000000000000,1.000000000000,1.000000000000,1.000000000000,1.000000000000
100,US,41,GMR,0.396000000000,0.396000000000,False,0.000000000000,1.000000000000,1.000000000000,1.000000000000,1.000000000000
100,US,41,Nash,0.396000000000,0.396000000000,False,0.000000000000,1.000000000000,1.000000000000,1.000000000000,1.000000000000
100,US,41,SEQ,0.396000000000,0.396000000000,False,0.000000000000,1.000000000000,1.000000000000,1.000000000000,1.000000000000
100,US,41,SMR,0.396000000000,0.396000000000,False,0.000000000000,1.000000000000,1.000000000000,1.000000000000,1.000000000000
100,US,42,GMR,-0.220000000000,0.408000000000,False,0.000000000000,1.000000000000,1.000000000000,1.000000000000,1.000000000000
100,US,42,Nash,-0.500000000000,0.408000000000,False,0.000000000000,1.000000000000,1.000000000000,1.000000000000,1.000000000000
100,US,42,SEQ,-0.428000000000,0.408000000000,False,0.000000000000,1.000000000000,1.000000000000,1.000000000000,1.000000000000
100,US,42,SMR,-0.396000000000,0.408000000000,False,0.000000000000,1.000000000000,1.000000000000,1.000000000000,1.000000000000
100,US,43,GMR,0.500000000000,0.500000000000,False,0.000000000000,1.000000000000,1.000000000000,1.000000000000,1.000000000000
100,US,43,Nash,0.500000000000,0.500000000000,False,0.000000000000,1.000000000000,1.000000000000,1.000000000000,1.000000000000
100,US,43,SEQ,0.500000000000,0.500000000000,False,0.000000000000,1.000000000000,1.000000000000,1.000000000000,1.000000000000
100,US,43,SMR,0.500000000000,0.500000000000,False,0.000000000000,1.000000000000,1.000000000000,1.000000000000,1.000000000000
100,US,44,GMR,0.382000000000,0.382000000000,False,0.000000000000,1.000000000000,1.000000000000,1.000000000000,1.000000000000
100,US,44,Nash,0.382000000000,0.382000000000,False,0.000000000000,1.000000000000,1.000000000000,1.000000000000,1.000000000000
100,US,44,SEQ,0.382000000000,0.382000000000,False,0.000000000000,1.000000000000,1.000000000000,1.000000000000,1.000000000000
100,US,44,SMR,0.382000000000,0.382000000000,False,0.000000000000,1.000000000000,1.000000000000,1.000000000000,1.000000000000
100,US,45,GMR,-0.126000000000,0.382000000000,False,0.000000000000,1.000000000000,0.470000000000,1.000000000000,1.000000000000
100,US,45,Nash,-0.480000000000,0.382000000000,False,0.000000000000,1.000000000000,1.000000000000,1.000000000000,1.000000000000
100,US,45,SEQ,-0.388000000000,0.382000000000,False,0.000000000000,1.000000000000,1.000000000000,1.000000000000,1.000000000000
100,US,45,SMR,-0.326000000000,0.382000000000,False,0.000000000000,1.000000000000,1.000000000000,1.000000000000,1.000000000000
100,US,46,GMR,0.152000000000,0.278000000000,False,0.000000000000,1.000000000000,0.870000000000,1.000000000000,1.000000000000
100,US,46,Nash,-0.298000000000,0.278000000000,False,0.000000000000,1.000000000000,1.000000000000,1.000000000000,1.000000000000
100,US,46,SEQ,-0.092000000000,0.278000000000,False,0.000000000000,1.000000000000,0.050000000000,1.000000000000,0.980000000000
100,US,46,SMR,0.056000000000,0.278000000000,False,0.000000000000,1.000000000000,0.000000000000,1.000000000000,0.910000000000
100,US,47,GMR,0.210000000000,0.210000000000,False,0.000000000000,1.000000000000,1.000000000000,1.000000000000,1.000000000000
100,US,47,Nash,0.210000000000,0.210000000000,False,0.000000000000,1.000000000000,1.000000000000,1.000000000000,1.000000000000
100,US,47,SEQ,0.210000000000,0.210000000000,False,0.000000000000,1.000000000000,1.000000000000,1.000000000000,1.000000000000
100,US,47,SMR,0.210000000000,0.210000000000,False,0.000000000000,1.000000000000,1.000000000000,1.000000000000,1.000000000000
100,US,48,GMR,0.322000000000,0.210000000000,False,0.000000000000,1.000000000000,1.000000000000,1.000000000000,1.000000000000
100,US,48,Nash,-0.210000000000,0.210000000000,False,0.000000000000,1.000000000000,1.000000000000,1.000000000000,1.000000000000
100,US,48,SEQ,0.066000000000,0.210000000000,False,0.000000000000,1.000000000000,0.000000000000,1.000000000000,0.970000000000
100,US,48,SMR,0.298000000000,0.210000000000,False,0.000000000000,1.000000000000,1.000000000000,1.000000000000,1.000000000000
100,US,49,GMR,-0.500000000000,0.110000000000,False,0.000000000000,0.220000000000,0.220000000000,1.000000000000,1.000000000000
100,US,49,Nash,-0.462000000000,0.110000000000,False,0.000000000000,0.220000000000,0.220000000000,1.000000000000,1.000000000000
100,US,49,SEQ,-0.500000000000,0.110000000000,False,0.000000000000,0.220000000000,0.220000000000,1.000000000000,1.000000000000
100,US,49,SMR,-0.500000000000,0.110000000000,False,0.000000000000,0.220000000000,0.220000000000,1.000000000000,1.000000000000
100,US,50,GMR,0.444000000000,0.444000000000,False,0.000000000000,1.000000000000,1.000000000000,1.000000000000,1.000000000000
100,US,50,Nash,0.444000000000,0.444000000000,False,0.000000000000,1.000000000000,1.000000000000,1.000000000000,1.000000000000
100,US,50,SEQ,0.444000000000,0.444000000000,False,0.000000000000,1.000000000000,1.000000000000,1.000000000000,1.000000000000
100,US,50,SMR,0.444000000000,0.444000000000,False,0.000000000000,1.000000000000,1.000000000000,1.000000000000,1.000000000000
100,US,51,GMR,0.220000000000,0.216000000000,False,0.000000000000,1.000000000000,1.000000000000,1.000000000000,1.000000000000
100,US,51,Nash,-0.490000000000,0.216000000000,False,0.000000000000,1.000000000000,1.000000000000,1.000000000000,1.000000000000
100,US,51,SEQ,0.220000000000,0.216000000000,False,0.000000000000,1.000000000000,1.000000000000,1.000000000000,1.000000000000
100,US,51,SMR,-0.190000000000,0.216000000000,False,0.000000000000,1.000000000000,0.990000000000,1.000000000000,1.000000000000
100,US,52,GMR,0.336000000000,0.234000000000,False,0.000000000000,1.000000000000,1.000000000000,1.000000000000,1.000000000000
100,US,52,Nash,-0.492000000000,0.234000000000,False,0.000000000000,1.000000000000,1.000000000000,1.000000000000,1.000000000000
100,US,52,SEQ,0.298000000000,0.234000000000,False,0.000000000000,1.000000000000,1.000000000000,1.000000000000,1.000000000000
100,US,52,SMR,0.170000000000,0.234000000000,False,0.000000000000,1.000000000000,0.960000000000,1.000000000000,1.000000000000
100,US,53,GMR,0.168000000000,0.500000000000,False,0.000000000000,1.000000000000,0.950000000000,1.000000000000,1.000000000000
100,US,53,Nash,-0.500000000000,0.500000000000,False,0.000000000000,1.000000000000,1.000000000000,1.000000000000,1.000000000000
100,US,53,SEQ,0.168000000000,0.500000000000,False,0.000000000000,1.000000000000,0.950000000000,1.000000000000,1.000000000000
100,US,53,SMR,-0.234000000000,0.500000000000,False,0.000000000000,1.000000000000,1.000000000000,1.000000000000,1.000000000000
100,US,54,GMR,0.284000000000,0.444000000000,False,0.000000000000,1.000000000000,1.000000000000,1.000000000000,1.000000000000
100,US,54,Nash,-0.444000000000,0.444000000000,False,0.000000000000,1.000000000000,1.000000000000,1.000000000000,1.000000000000
100,US,54,SEQ,0.278000000000,0.444000000000,False,0.000000000000,1.000000000000,1.000000000000,1.000000000000,1.000000000000
100,US,54,SMR,0.188000000000,0.444000000000,False,0.000000000000,1.000000000000,0.990000000000,1.000000000000,1.000000000000
100,US,55,GMR,0.004000000000,0.148000000000,False,0.000000000000,0.810000000000,0.000000000000,1.000000000000,0.610000000000
100,US,55,Nash,-0.340000000000,0.148000000000,False,0.000000000000,0.810000000000,0.810000000000,1.000000000000,1.000000000000
100,US,55,SEQ,-0.260000000000,0.148000000000,False,0.000000000000,0.810000000000,0.810000000000,1.000000000000,1.000000000000
100,US,55,SMR,0.004000000000,0.148000000000,False,0.000000000000,0.810000000000,0.000000000000,1.000000000000,0.610000000000
100,US,56,GMR,0.120000000000,0.148000000000,False,0.000000000000,0.810000000000,0.370000000000,1.000000000000,1.000000000000
100,US,56,Nash,-0.500000000000,0.148000000000,False,0.000000000000,0.810000000000,0.810000000000,1.000000000000,1.000000000000
100,US,56,SEQ,-0.416000000000,0.148000000000,False,0.000000000000,0.810000000000,0.810000000000,1.000000000000,1.000000000000
100,US,56,SMR,0.120000000000,0.148000000000,False,0.000000000000,0.810000000000,0.370000000000,1.000000000000,1.000000000000
100,US,57,GMR,0.500000000000,0.500000000000,False,0.000000000000,1.000000000000,1.000000000000,1.000000000000,1.000000000000
100,US,57,Nash,0.500000000000,0.500000000000,False,0.000000000000,1.000000000000,1.000000000000,1.000000000000,1.000000000000
100,US,57,SEQ,0.500000000000,0.500000000000,False,0.000000000000,1.000000000000,1.000000000000,1.000000000000,1.000000000000
100,US,57,SMR,0.500000000000,0.500000000000,False,0.000000000000,1.000000000000,1.000000000000,1.000000000000,1.000000000000
100,US,58,GMR,0.432000000000,0.282000000000,False,0.000000000000,1.000000000000,1.000000000000,1.000000000000,1.000000000000
100,US,58,Nash,-0.430000000000,0.282000000000,False,0.000000000000,1.000000000000,1.000000000000,1.000000000000,1.000000000000
100,US,58,SEQ,0.032000000000,0.282000000000,False,0.000000000000,1.000000000000,0.000000000000,1.000000000000,0.840000000000
100,US,58,SMR,0.222000000000,0.282000000000,False,0.000000000000,1.000000000000,1.000000000000,1.000000000000,1.000000000000
100,US,59,GMR,0.494000000000,0.222000000000,False,0.000000000000,1.000000000000,1.000000000000,1.000000000000,1.000000000000
100,US,59,Nash,-0.222000000000,0.222000000000,False,0.000000000000,1.000000000000,1.000000000000,1.000000000000,1.000000000000
100,US,59,SEQ,0.032000000000,0.222000000000,False,0.000000000000,1.000000000000,0.000000000000,1.000000000000,0.840000000000
100,US,59,SMR,0.494000000000,0.222000000000,False,0.000000000000,1.000000000000,1.000000000000,1.000000000000,1.000000000000
100,US,60,GMR,0.430000000000,0.430000000000,False,0.000000000000,1.000000000000,1.000000000000,1.000000000000,1.000000000000
100,US,60,Nash,0.430000000000,0.430000000000,False,0.000000000000,1.000000000000,1.000000000000,1.000000000000,1.000000000000
100,US,60,SEQ,0.430000000000,0.430000000000,False,0.000000000000,1.000000000000,1.000000000000,1.000000000000,1.000000000000
100,US,60,SMR,0.430000000000,0.430000000000,False,0.000000000000,1.000000000000,1.000000000000,1.000000000000,1.000000000000
100,US,61,GMR,0.050000000000,0.062000000000,False,0.000000000000,0.000000000000,0.000000000000,0.930000000000,1.000000000000
100,US,61,Nash,-0.478000000000,0.062000000000,False,0.000000000000,0.000000000000,0.000000000000,0.930000000000,1.000000000000
100,US,61,SEQ,0.032000000000,0.062000000000,False,0.000000000000,0.000000000000,0.000000000000,0.930000000000,0.660000000000
100,US,61,SMR,-0.368000000000,0.062000000000,False,0.000000000000,0.000000000000,0.000000000000,0.930000000000,1.000000000000
100,US,62,GMR,-0.256000000000,0.444000000000,False,0.000000000000,1.000000000000,1.000000000000,1.000000000000,1.000000000000
100,US,62,Nash,-0.500000000000,0.444000000000,False,0.000000000000,1.000000000000,1.000000000000,1.000000000000,1.000000000000
100,US,62,SEQ,-0.256000000000,0.444000000000,False,0.000000000000,1.000000000000,1.000000000000,1.000000000000,1.000000000000
100,US,62,SMR,-0.256000000000,0.444000000000,False,0.000000000000,1.000000000000,1.000000000000,1.000000000000,1.000000000000
100,US,63,GMR,0.316000000000,0.316000000000,False,0.000000000000,1.000000000000,1.000000000000,1.000000000000,1.000000000000
100,US,63,Nash,0.316000000000,0.316000000000,False,0.000000000000,1.000000000000,1.000000000000,1.000000000000,1.000000000000
100,US,63,SEQ,0.316000000000,0.316000000000,False,0.000000000000,1.000000000000,1.000000000000,1.000000000000,1.000000000000
100,US,63,SMR,0.316000000000,0.316000000000,False,0.000000000000,1.000000000000,1.000000000000,1.000000000000,1.000000000000
100,US,64,GMR,-0.048000000000,0.316000000000,False,0.000000000000,1.000000000000,0.000000000000,1.000000000000,0.820000000000
100,US,64,Nash,-0.316000000000,0.316000000000,False,0.000000000000,1.000000000000,1.000000000000,1.000000000000,1.000000000000
100,US,64,SEQ,-0.246000000000,0.316000000000,False,0.000000000000,1.000000000000,1.000000000000,1.000000000000,1.000000000000
100,US,64,SMR,-0.200000000000,0.316000000000,False,0.000000000000,1.000000000000,1.000000000000,1.000000000000,1.000000000000
100,US,65,GMR,-0.398000000000,0.360000000000,False,0.000000000000,1.000000000000,1.000000000000,1.000000000000,1.000000000000
100,US,65,Nash,-0.500000000000,0.360000000000,False,0.000000000000,1.000000000000,1.000000000000,1.000000000000,1.000000000000
100,US,65,SEQ,-0.398000000000,0.360000000000,False,0.000000000000,1.000000000000,1.000000000000,1.000000000000,1.000000000000
100,US,65,SMR,-0.398000000000,0.360000000000,False,0.000000000000,1.000000000000,1.000000000000,1.000000000000,1.000000000000
100,US,66,GMR,-0.480000000000,0.360000000000,False,0.000000000000,1.000000000000,1.000000000000,1.000000000000,1.000000000000
100,US,66,Nash,-0.500000000000,0.360000000000,False,0.000000000000,1.000000000000,1.000000000000,1.000000000000,1.000000000000
100,US,66,SEQ,-0.490000000000,0.360000000000,False,0.000000000000,1.000000000000,1.000000000000,1.000000000000,1.000000000000
100,US,66,SMR,-0.480000000000,0.360000000000,False,0.000000000000,1.000000000000,1.000000000000,1.000000000000,1.000000000000
100,US,67,GMR,0.500000000000,0.500000000000,False,0.000000000000,1.000000000000,1.000000000000,1.000000000000,1.000000000000
100,US,67,Nash,0.500000000000,0.500000000000,False,0.000000000000,1.000000000000,1.000000000000,1.000000000000,1.000000000000
100,US,67,SEQ,0.500000000000,0.500000000000,False,0.000000000000,1.000000000000,1.000000000000,1.000000000000,1.000000000000
100,US,67,SMR,0.500000000000,0.500000000000,False,0.000000000000,1.000000000000,1.000000000000,1.000000000000,1.000000000000
100,US,68,GMR,0.238000000000,0.160000000000,False,0.000000000000,0.920000000000,0.920000000000,1.000000000000,1.000000000000
100,US,68,Nash,-0.320000000000,0.160000000000,False,0.000000000000,0.920000000000,0.920000000000,1.000000000000,1.000000000000
100,US,68,SEQ,0.238000000000,0.160000000000,False,0.000000000000,0.920000000000,0.920000000000,1.000000000000,1.000000000000
100,US,68,SMR,-0.186000000000,0.160000000000,False,0.000000000000,0.920000000000,0.920000000000,1.000000000000,1.000000000000
100,US,69,GMR,0.320000000000,0.320000000000,False,0.000000000000,1.000000000000,1.000000000000,1.000000000000,1.000000000000
100,US,69,Nash,0.320000000000,0.320000000000,False,0.000000000000,1.000000000000,1.000000000000,1.000000000000,1.000000000000
100,US,69,SEQ,0.320000000000,0.320000000000,False,0.000000000000,1.000000000000,1.000000000000,1.000000000000,1.000000000000
100,US,69,SMR,0.320000000000,0.320000000000,False,0.000000000000,1.000000000000,1.000000000000,1.000000000000,1.000000000000
100,US,70,GMR,0.224000000000,0.378000000000,False,0.000000000000,1.000000000000,1.000000000000,1.000000000000,1.000000000000
100,US,70,Nash,-0.378000000000,0.378000000000,False,0.000000000000,1.000000000000,1.000000000000,1.000000000000,1.000000000000
100,US,70,SEQ,0.224000000000,0.378000000000,False,0.000000000000,1.000000000000,1.000000000000,1.000000000000,1.000000000000
100,US,70,SMR,-0.220000000000,0.378000000000,False,0.000000000000,1.000000000000,1.000000000000,1.000000000000,1.000000000000
100,US,71,GMR,-0.500000000000,0.386000000000,False,0.000000000000,1.000000000000,1.000000000000,1.000000000000,1.000000000000
100,US,71,Nash,-0.500000000000,0.386000000000,False,0.000000000000,1.000000000000,1.000000000000,1.000000000000,1.000000000000
100,US,71,SEQ,-0.500000000000,0.386000000000,False,0.000000000000,1.000000000000,1.000000000000,1.000000000000,1.000000000000
100,US,71,SMR,-0.500000000000,0.386000000000,False,0.000000000000,1.000000000000,1.000000000000,1.000000000000,1.000000000000
100,US,72,GMR,-0.500000000000,0.386000000000,False,0.000000000000,1.000000000000,1.000000000000,1.000000000000,1.000000000000
100,US,72,Nash,-0.500000000000,0.386000000000,False,0.000000000000,1.000000000000,1.000000000000,1.000000000000,1.000000000000
100,US,72,SEQ,-0.500000000000,0.386000000000,False,0.000000000000,1.000000000000,1.000000000000,1.000000000000,1.000000000000
100,US,72,SMR,-0.500000000000,0.386000000000,False,0.000000000000,1.000000000000,1.000000000000,1.000000000000,1.000000000000
100,US,73,GMR,0.500000000000,0.500000000000,False,0.000000000000,1.000000000000,1.000000000000,1.000000000000,1.000000000000
100,US,73,Nash,0.500000000000,0.500000000000,False,0.000000000000,1.000000000000,1.000000000000,1.000000000000,1.000000000000
100,US,73,SEQ,0.500000000000,0.500000000000,False,0.000000000000,1.000000000000,1.000000000000,1.000000000000,1.000000000000
100,US,73,SMR,0.500000000000,0.500000000000,False,0.000000000000,1.000000000000,1.000000000000,1.000000000000,1.000000000000
100,US,74,GMR,-0.464000000000,0.200000000000,False,0.000000000000,1.000000000000,1.000000000000,1.000000000000,1.000000000000
100,US,74,Nash,-0.480000000000,0.200000000000,False,0.000000000000,1.000000000000,1.000000000000,1.000000000000,1.000000000000
100,US,74,SEQ,-0.464000000000,0.200000000000,False,0.000000000000,1.000000000000,1.000000000000,1.000000000000,1.000000000000
100,US,74,SMR,-0.464000000000,0.200000000000,False,0.000000000000,1.000000000000,1.000000000000,1.000000000000,1.000000000000
100,US,75,GMR,-0.500000000000,0.200000000000,False,0.000000000000,1.000000000000,1.000000000000,1.000000000000,1.000000000000
100,US,75,Nash,-0.500000000000,0.200000000000,False,0.000000000000,1.000000000000,1.000000000000,1.000000000000,1.000000000000
100,US,75,SEQ,-0.500000000000,0.200000000000,False,0.000000000000,1.000000000000,1.000000000000,1.000000000000,1.000000000000
100,US,75,SMR,-0.500000000000,0.200000000000,False,0.000000000000,1.000000000000,1.000000000000,1.000000000000,1.000000000000
100,US,76,GMR,0.500000000000,0.500000000000,False,0.000000000000,1.000000000000,1.000000000000,1.000000000000,1.000000000000
100,US,76,Nash,0.500000000000,0.500000000000,False,0.000000000000,1.000000000000,1.000000000000,1.000000000000,1.000000000000
100,US,76,SEQ,0.500000000000,0.500000000000,False,0.000000000000,1.000000000000,1.000000000000,1.000000000000,1.000000000000
100,US,76,SMR,0.500000000000,0.500000000000,False,0.000000000000,1.000000000000,1.000000000000,1.000000000000,1.000000000000
200,CN,1,GMR,0.500000000000,,True,0.000000000000,1.000000000000,1.000000000000,1.000000000000,1.000000000000
200,CN,1,Nash,0.500000000000,,True,0.000000000000,1.000000000000,1.000000000000,1.000000000000,1.000000000000
200,CN,1,SEQ,0.500000000000,,True,0.000000000000,1.000000000000,1.000000000000,1.000000000000,1.000000000000
200,CN,1,SMR,0.500000000000,,True,0.000000000000,1.000000000000,1.000000000000,1.000000000000,1.000000000000
200,CN,2,GMR,0.418000000000,0.500000000000,False,0.000000000000,1.000000000000,1.000000000000,1.000000000000,1.000000000000
200,CN,2,Nash,-0.500000000000,0.500000000000,False,0.000000000000,1.000000000000,1.000000000000,1.000000000000,1.000000000000
200,CN,2,SEQ,0.194000000000,0.500000000000,False,0.000000000000,1.000000000000,1.000000000000,1.000000000000,1.000000000000
200,CN,2,SMR,0.112000000000,0.500000000000,False,0.000000000000,1.000000000000,0.980000000000,1.000000000000,1.000000000000
200,CN,3,GMR,0.344000000000,0.344000000000,False,0.000000000000,1.000000000000,1.000000000000,1.000000000000,1.000000000000
200,CN,3,Nash,0.344000000000,0.344000000000,False,0.000000000000,1.000000000000,1.000000000000,1.000000000000,1.000000000000
200,CN,3,SEQ,0.344000000000,0.344000000000,False,0.000000000000,1.000000000000,1.000000000000,1.000000000000,1.000000000000
200,CN,3,SMR,0.344000000000,0.344000000000,False,0.000000000000,1.000000000000,1.000000000000,1.000000000000,1.000000000000
200,CN,4,GMR,-0.374000000000,0.308000000000,False,0.000000000000,1.000000000000,1.000000000000,1.000000000000,1.000000000000
200,CN,4,Nash,-0.370000000000,0.308000000000,False,0.000000000000,1.000000000000,1.000000000000,1.000000000000,1.000000000000
200,CN,4,SEQ,-0.374000000000,0.308000000000,False,0.000000000000,1.000000000000,1.000000000000,1.000000000000,1.000000000000
200,CN,4,SMR,-0.474000000000,0.308000000000,False,0.000000000000,1.000000000000,1.000000000000,1.000000000000,1.000000000000
200,CN,5,GMR,0.486000000000,0.194000000000,False,0.000000000000,1.000000000000,1.000000000000,1.000000000000,1.000000000000
200,CN,5,Nash,-0.194000000000,0.194000000000,False,0.000000000000,1.000000000000,1.000000000000,1.000000000000,1.000000000000
200,CN,5,SEQ,-0.328000000000,0.194000000000,False,0.000000000000,1.000000000000,1.000000000000,1.000000000000,1.000000000000
200,CN,5,SMR,-0.366000000000,0.194000000000,False,0.000000000000,1.000000000000,1.000000000000,1.000000000000,1.000000000000
200,CN,6,GMR,0.148000000000,0.186000000000,False,0.000000000000,1.000000000000,1.000000000000,1.000000000000,1.000000000000
200,CN,6,Nash,-0.444000000000,0.186000000000,False,0.000000000000,1.000000000000,1.000000000000,1.000000000000,1.000000000000
200,CN,6,SEQ,0.148000000000,0.186000000000,False,0.000000000000,1.000000000000,1.000000000000,1.000000000000,1.000000000000
200,CN,6,SMR,-0.384000000000,0.186000000000,False,0.000000000000,1.000000000000,1.000000000000,1.000000000000,1.000000000000
200,CN,7,GMR,0.024000000000,0.234000000000,False,0.000000000000,1.000000000000,0.000000000000,1.000000000000,0.880000000000
200,CN,7,Nash,-0.476000000000,0.234000000000,False,0.000000000000,1.000000000000,1.000000000000,1.000000000000,1.000000000000
200,CN,7,SEQ,-0.236000000000,0.234000000000,False,0.000000000000,1.000000000000,1.000000000000,1.000000000000,1.000000000000
200,CN,7,SMR,-0.384000000000,0.234000000000,False,0.000000000000,1.000000000000,1.000000000000,1.000000000000,1.000000000000
200,CN,8,GMR,0.354000000000,0.354000000000,False,0.000000000000,1.000000000000,1.000000000000,1.000000000000,1.000000000000
200,CN,8,Nash,0.354000000000,0.354000000000,False,0.000000000000,1.000000000000,1.000000000000,1.000000000000,1.000000000000
200,CN,8,SEQ,0.354000000000,0.354000000000,False,0.000000000000,1.000000000000,1.000000000000,1.000000000000,1.000000000000
200,CN,8,SMR,0.354000000000,0.354000000000,False,0.000000000000,1.000000000000,1.000000000000,1.000000000000,1.000000000000
200,CN,9,GMR,0.492000000000,0.042000000000,False,0.000000000000,0.000000000000,0.000000000000,0.960000000000,1.000000000000
200,CN,9,Nash,-0.384000000000,0.042000000000,False,0.000000000000,0.000000000000,0.000000000000,0.960000000000,1.000000000000
200,CN,9,SEQ,-0.500000000000,0.042000000000,False,0.000000000000,0.000000000000,0.000000000000,0.960000000000,1.000000000000
200,CN,9,SMR,-0.280000000000,0.042000000000,False,0.000000000000,0.000000000000,0.000000000000,0.960000000000,1.000000000000
200,CN,10,GMR,0.500000000000,,True,0.000000000000,1.000000000000,1.000000000000,1.000000000000,1.000000000000
200,CN,10,Nash,0.500000000000,,True,0.000000000000,1.000000000000,1.000000000000,1.000000000000,1.000000000000
200,CN,10,SEQ,0.500000000000,,True,0.000000000000,1.000000000000,1.000000000000,1.000000000000,1.000000000000
200,CN,10,SMR,0.500000000000,,True,0.000000000000,1.000000000000,1.000000000000,1.000000000000,1.000000000000
200,CN,11,GMR,-0.084000000000,0.110000000000,False,0.000000000000,0.980000000000,0.730000000000,1.000000000000,1.000000000000
200,CN,11,Nash,-0.446000000000,0.110000000000,False,0.000000000000,0.980000000000,0.980000000000,1.000000000000,1.000000000000
200,CN,11,SEQ,-0.500000000000,0.110000000000,False,0.000000000000,0.980000000000,0.980000000000,1.000000000000,1.000000000000
200,CN,11,SMR,-0.360000000000,0.110000000000,False,0.000000000000,0.980000000000,0.980000000000,1.000000000000,1.000000000000
200,CN,12,GMR,-0.342000000000,0.078000000000,False,0.000000000000,0.590000000000,0.590000000000,1.000000000000,1.000000000000
200,CN,12,Nash,-0.390000000000,0.078000000000,False,0.000000000000,0.590000000000,0.590000000000,1.000000000000,1.000000000000
200,CN,12,SEQ,-0.500000000000,0.078000000000,False,0.000000000000,0.590000000000,0.590000000000,1.000000000000,1.000000000000
200,CN,12,SMR,-0.384000000000,0.078000000000,False,0.000000000000,0.590000000000,0.590000000000,1.000000000000,1.000000000000
200,CN,13,GMR,0.276000000000,0.090000000000,False,0.000000000000,0.830000000000,0.830000000000,1.000000000000,1.000000000000
200,CN,13,Nash,-0.396000000000,0.090000000000,False,0.000000000000,0.830000000000,0.830000000000,1.000000000000,1.000000000000
200,CN,13,SEQ,-0.288000000000,0.090000000000,False,0.000000000000,0.830000000000,0.830000000000,1.000000000000,1.000000000000
200,CN,13,SMR,-0.256000000000,0.090000000000,False,0.000000000000,0.830000000000,0.830000000000,1.000000000000,1.000000000000
200,CN,14,GMR,-0.468000000000,0.124000000000,False,0.000000000000,1.000000000000,1.000000000000,1.000000000000,1.000000000000
200,CN,14,Nash,-0.466000000000,0.124000000000,False,0.000000000000,1.000000000000,1.000000000000,1.000000000000,1.000000000000
200,CN,14,SEQ,-0.468000000000,0.124000000000,False,0.000000000000,1.000000000000,1.000000000000,1.000000000000,1.000000000000
200,CN,14,SMR,-0.468000000000,0.124000000000,False,0.000000000000,1.000000000000,1.000000000000,1.000000000000,1.000000000000
200,CN,15,GMR,0.416000000000,0.028000000000,False,0.000000000000,0.000000000000,0.000000000000,0.810000000000,1.000000000000
200,CN,15,Nash,-0.028000000000,0.028000000000,False,0.000000000000,0.000000000000,0.000000000000,0.810000000000,0.830000000000
200,CN,15,SEQ,-0.434000000000,0.028000000000,False,0.000000000000,0.000000000000,0.000000000000,0.810000000000,0.830000000000
200,CN,15,SMR,-0.306000000000,0.028000000000,False,0.000000000000,0.000000000000,0.000000000000,0.810000000000,0.830000000000
200,CN,16,GMR,-0.486000000000,0.326000000000,False,0.000000000000,1.000000000000,1.000000000000,1.000000000000,1.000000000000
200,CN,16,Nash,-0.464000000000,0.326000000000,False,0.000000000000,1.000000000000,1.000000000000,1.000000000000,1.000000000000
200,CN,16,SEQ,-0.500000000000,0.326000000000,False,0.000000000000,1.000000000000,1.000000000000,1.000000000000,1.000000000000
200,CN,16,SMR,-0.486000000000,0.326000000000,False,0.000000000000,1.000000000000,1.000000000000,1.000000000000,1.000000000000
200,CN,17,GMR,0.500000000000,,True,0.000000000000,1.000000000000,1.000000000000,1.000000000000,1.000000000000
200,CN,17,Nash,0.500000000000,,True,0.000000000000,1.000000000000,1.000000000000,1.000000000000,1.000000000000
200,CN,17,SEQ,0.500000000000,,True,0.000000000000,1.000000000000,1.000000000000,1.000000000000,1.000000000000
200,CN,17,SMR,0.500000000000,,True,0.000000000000,1.000000000000,1.000000000000,1.000000000000,1.000000000000
200,CN,18,GMR,0.324000000000,0.410000000000,False,0.000000000000,1.000000000000,1.000000000000,1.000000000000,1.000000000000
200,CN,18,Nash,-0.498000000000,0.410000000000,False,0.000000000000,1.000000000000,1.000000000000,1.000000000000,1.000000000000
200,CN,18,SEQ,0.182000000000,0.410000000000,False,0.000000000000,1.000000000000,1.000000000000,1.000000000000,1.000000000000
200,CN,18,SMR,-0.104000000000,0.410000000000,False,0.000000000000,1.000000000000,0.970000000000,1.000000000000,1.000000000000
200,CN,19,GMR,0.390000000000,0.286000000000,False,0.000000000000,1.000000000000,1.000000000000,1.000000000000,1.000000000000
200,CN,19,Nash,-0.484000000000,0.286000000000,False,0.000000000000,1.000000000000,1.000000000000,1.000000000000,1.000000000000
200,CN,19,SEQ,-0.492000000000,0.286000000000,False,0.000000000000,1.000000000000,1.000000000000,1.000000000000,1.000000000000
200,CN,19,SMR,0.330000000000,0.286000000000,False,0.000000000000,1.000000000000,1.000000000000,1.000000000000,1.000000000000
200,CN,20,GMR,-0.496000000000,0.498000000000,False,0.000000000000,1.000000000000,1.000000000000,1.000000000000,1.000000000000
200,CN,20,Nash,-0.500000000000,0.498000000000,False,0.000000000000,1.000000000000,1.000000000000,1.000000000000,1.000000000000
200,CN,20,SEQ,-0.496000000000,0.498000000000,False,0.000000000000,1.000000000000,1.000000000000,1.000000000000,1.000000000000
200,CN,20,SMR,-0.498000000000,0.498000000000,False,0.000000000000,1.000000000000,1.000000000000,1.000000000000,1.000000000000
200,CN,21,GMR,-0.210000000000,0.182000000000,False,0.000000000000,1.000000000000,1.000000000000,1.000000000000,1.000000000000
200,CN,21,Nash,-0.498000000000,0.182000000000,False,0.000000000000,1.000000000000,1.000000000000,1.000000000000,1.000000000000
200,CN,21,SEQ,-0.478000000000,0.182000000000,False,0.000000000000,1.000000000000,1.000000000000,1.000000000000,1.000000000000
200,CN,21,SMR,-0.470000000000,0.182000000000,False,0.000000000000,1.000000000000,1.000000000000,1.000000000000,1.000000000000
200,CN,22,GMR,0.498000000000,0.498000000000,False,0.000000000000,1.000000000000,1.000000000000,1.000000000000,1.000000000000
200,CN,22,Nash,0.498000000000,0.498000000000,False,0.000000000000,1.000000000000,1.000000000000,1.000000000000,1.000000000000
200,CN,22,SEQ,0.498000000000,0.498000000000,False,0.000000000000,1.000000000000,1.000000000000,1.000000000000,1.000000000000
200,CN,22,SMR,0.498000000000,0.498000000000,False,0.000000000000,1.000000000000,1.000000000000,1.000000000000,1.000000000000
200,CN,23,GMR,0.456000000000,0.456000000000,False,0.000000000000,1.000000000000,1.000000000000,1.000000000000,1.000000000000
200,CN,23,Nash,0.456000000000,0.456000000000,False,0.000000000000,1.000000000000,1.000000000000,1.000000000000,1.000000000000
200,CN,23,SEQ,0.456000000000,0.456000000000,False,0.000000000000,1.000000000000,1.000000000000,1.000000000000,1.000000000000
200,CN,23,SMR,0.456000000000,0.456000000000,False,0.000000000000,1.000000000000,1.000000000000,1.000000000000,1.000000000000
200,CN,24,GMR,-0.160000000000,0.038000000000,False,0.000000000000,0.000000000000,0.000000000000,0.930000000000,1.000000000000
200,CN,24,Nash,-0.492000000000,0.038000000000,False,0.000000000000,0.000000000000,0.000000000000,0.930000000000,1.000000000000
200,CN,24,SEQ,-0.434000000000,0.038000000000,False,0.000000000000,0.000000000000,0.000000000000,0.930000000000,1.000000000000
200,CN,24,SMR,-0.484000000000,0.038000000000,False,0.000000000000,0.000000000000,0.000000000000,0.930000000000,1.000000000000
200,CN,25,GMR,0.488000000000,0.456000000000,False,0.000000000000,1.000000000000,1.000000000000,1.000000000000,1.000000000000
200,CN,25,Nash,-0.456000000000,0.456000000000,False,0.000000000000,1.000000000000,1.000000000000,1.000000000000,1.000000000000
200,CN,25,SEQ,-0.500000000000,0.456000000000,False,0.000000000000,1.000000000000,1.000000000000,1.000000000000,1.000000000000
200,CN,25,SMR,-0.272000000000,0.456000000000,False,0.000000000000,1.000000000000,1.000000000000,1.000000000000,1.000000000000
200,CN,26,GMR,-0.348000000000,0.410000000000,False,0.000000000000,1.000000000000,1.000000000000,1.000000000000,1.000000000000
200,CN,26,Nash,-0.500000000000,0.410000000000,False,0.000000000000,1.000000000000,1.000000000000,1.000000000000,1.000000000000
200,CN,26,SEQ,-0.430000000000,0.410000000000,False,0.000000000000,1.000000000000,1.000000000000,1.000000000000,1.000000000000
200,CN,26,SMR,-0.430000000000,0.410000000000,False,0.000000000000,1.000000000000,1.000000000000,1.000000000000,1.000000000000
200,CN,27,GMR,0.438000000000,0.438000000000,False,0.000000000000,1.000000000000,1.000000000000,1.000000000000,1.000000000000
200,CN,27,Nash,0.438000000000,0.438000000000,False,0.000000000000,1.000000000000,1.000000000000,1.000000000000,1.000000000000
200,CN,27,SEQ,0.438000000000,0.438000000000,False,0.000000000000,1.000000000000,1.000000000000,1.000000000000,1.000000000000
200,CN,27,SMR,0.438000000000,0.438000000000,False,0.000000000000,1.000000000000,1.000000000000,1.000000000000,1.000000000000
200,CN,28,GMR,0.272000000000,0.272000000000,False,0.000000000000,1.000000000000,1.000000000000,1.000000000000,1.000000000000
200,CN,28,Nash,0.272000000000,0.272000000000,False,0.000000000000,1.000000000000,1.000000000000,1.000000000000,1.000000000000
200,CN,28,SEQ,0.272000000000,0.272000000000,False,0.000000000000,1.000000000000,1.000000000000,1.000000000000,1.000000000000
200,CN,28,SMR,0.272000000000,0.272000000000,False,0.000000000000,1.000000000000,1.000000000000,1.000000000000,1.000000000000
200,CN,29,GMR,0.500000000000,0.134000000000,False,0.000000000000,1.000000000000,1.000000000000,1.000000000000,1.000000000000
200,CN,29,Nash,-0.134000000000,0.134000000000,False,0.000000000000,1.000000000000,1.000000000000,1.000000000000,1.000000000000
200,CN,29,SEQ,0.500000000000,0.134000000000,False,0.000000000000,1.000000000000,1.000000000000,1.000000000000,1.000000000000
200,CN,29,SMR,0.264000000000,0.134000000000,False,0.000000000000,1.000000000000,1.000000000000,1.000000000000,1.000000000000
200,CN,30,GMR,-0.088000000000,0.256000000000,False,0.000000000000,1.000000000000,0.830000000000,1.000000000000,1.000000000000
200,CN,30,Nash,-0.482000000000,0.256000000000,False,0.000000000000,1.000000000000,1.000000000000,1.000000000000,1.000000000000
200,CN,30,SEQ,-0.236000000000,0.256000000000,False,0.000000000000,1.000000000000,1.000000000000,1.000000000000,1.000000000000
200,CN,30,SMR,-0.480000000000,0.256000000000,False,0.000000000000,1.000000000000,1.000000000000,1.000000000000,1.000000000000
200,CN,31,GMR,0.028000000000,0.028000000000,False,0.000000000000,0.000000000000,0.000000000000,0.900000000000,1.000000000000
200,CN,31,Nash,0.028000000000,0.028000000000,False,0.000000000000,0.000000000000,0.000000000000,0.900000000000,0.900000000000
200,CN,31,SEQ,0.028000000000,0.028000000000,False,0.000000000000,0.000000000000,0.000000000000,0.900000000000,0.900000000000
200,CN,31,SMR,0.028000000000,0.028000000000,False,0.000000000000,0.000000000000,0.000000000000,0.900000000000,0.900000000000
200,CN,32,GMR,-0.374000000000,0.066000000000,False,0.000000000000,0.160000000000,0.160000000000,0.970000000000,1.000000000000
200,CN,32,Nash,-0.500000000000,0.066000000000,False,0.000000000000,0.160000000000,0.160000000000,0.970000000000,1.000000000000
200,CN,32,SEQ,-0.500000000000,0.066000000000,False,0.000000000000,0.160000000000,0.160000000000,0.970000000000,1.000000000000
200,CN,32,SMR,-0.374000000000,0.066000000000,False,0.000000000000,0.160000000000,0.160000000000,0.970000000000,1.000000000000
200,CN,33,GMR,0.500000000000,0.482000000000,False,0.000000000000,1.000000000000,1.000000000000,1.000000000000,1.000000000000
200,CN,33,Nash,-0.482000000000,0.482000000000,False,0.000000000000,1.000000000000,1.000000000000,1.000000000000,1.000000000000
200,CN,33,SEQ,0.306000000000,0.482000000000,False,0.000000000000,1.000000000000,1.000000000000,1.000000000000,1.000000000000
200,CN,33,SMR,0.462000000000,0.482000000000,False,0.000000000000,1.000000000000,1.000000000000,1.000000000000,1.000000000000
200,CN,34,GMR,0.448000000000,0.382000000000,False,0.000000000000,1.000000000000,1.000000000000,1.000000000000,1.000000000000
200,CN,34,Nash,-0.500000000000,0.382000000000,False,0.000000000000,1.000000000000,1.000000000000,1.000000000000,1.000000000000
200,CN,34,SEQ,0.194000000000,0.382000000000,False,0.000000000000,1.000000000000,1.000000000000,1.000000000000,1.000000000000
200,CN,34,SMR,0.398000000000,0.382000000000,False,0.000000000000,1.000000000000,1.000000000000,1.000000000000,1.000000000000
200,CN,35,GMR,0.482000000000,0.308000000000,False,0.000000000000,1.000000000000,1.000000000000,1.000000000000,1.000000000000
200,CN,35,Nash,-0.500000000000,0.308000000000,False,0.000000000000,1.000000000000,1.000000000000,1.000000000000,1.000000000000
200,CN,35,SEQ,-0.500000000000,0.308000000000,False,0.000000000000,1.000000000000,1.000000000000,1.000000000000,1.000000000000
200,CN,35,SMR,0.170000000000,0.308000000000,False,0.000000000000,1.000000000000,1.000000000000,1.000000000000,1.000000000000
200,CN,36,GMR,0.476000000000,0.308000000000,False,0.000000000000,1.000000000000,1.000000000000,1.000000000000,1.000000000000
200,CN,36,Nash,-0.312000000000,0.308000000000,False,0.000000000000,1.000000000000,1.000000000000,1.000000000000,1.000000000000
200,CN,36,SEQ,0.234000000000,0.308000000000,False,0.000000000000,1.000000000000,1.000000000000,1.000000000000,1.000000000000
200,CN,36,SMR,-0.394000000000,0.308000000000,False,0.000000000000,1.000000000000,1.000000000000,1.000000000000,1.000000000000
200,CN,37,GMR,0.088000000000,0.002000000000,False,0.000000000000,0.000000000000,0.000000000000,0.580000000000,1.000000000000
200,CN,37,Nash,-0.322000000000,0.002000000000,False,0.000000000000,0.000000000000,0.000000000000,0.580000000000,1.000000000000
200,CN,37,SEQ,-0.478000000000,0.002000000000,False,0.000000000000,0.000000000000,0.000000000000,0.580000000000,1.000000000000
200,CN,37,SMR,-0.400000000000,0.002000000000,False,0.000000000000,0.000000000000,0.000000000000,0.580000000000,1.000000000000
200,CN,38,GMR,0.186000000000,0.186000000000,False,0.000000000000,1.000000000000,1.000000000000,1.000000000000,1.000000000000
200,CN,38,Nash,0.186000000000,0.186000000000,False,0.000000000000,1.000000000000,1.000000000000,1.000000000000,1.000000000000
200,CN,38,SEQ,0.186000000000,0.186000000000,False,0.000000000000,1.000000000000,1.000000000000,1.000000000000,1.000000000000
200,CN,38,SMR,0.186000000000,0.186000000000,False,0.000000000000,1.000000000000,1.000000000000,1.000000000000,1.000000000000
200,CN,39,GMR,0.446000000000,0.446000000000,False,0.000000000000,1.000000000000,1.000000000000,1.000000000000,1.000000000000
200,CN,39,Nash,0.446000000000,0.446000000000,False,0.000000000000,1.000000000000,1.000000000000,1.000000000000,1.000000000000
200,CN,39,SEQ,0.446000000000,0.446000000000,False,0.000000000000,1.000000000000,1.000000000000,1.000000000000,1.000000000000
200,CN,39,SMR,0.446000000000,0.446000000000,False,0.000000000000,1.000000000000,1.000000000000,1.000000000000,1.000000000000
200,CN,40,GMR,-0.294000000000,0.468000000000,False,0.000000000000,1.000000000000,1.000000000000,1.000000000000,1.000000000000
200,CN,40,Nash,-0.488000000000,0.468000000000,False,0.000000000000,1.000000000000,1.000000000000,1.000000000000,1.000000000000
200,CN,40,SEQ,-0.316000000000,0.468000000000,False,0.000000000000,1.000000000000,1.000000000000,1.000000000000,1.000000000000
200,CN,40,SMR,-0.478000000000,0.468000000000,False,0.000000000000,1.000000000000,1.000000000000,1.000000000000,1.000000000000
200,CN,41,GMR,-0.482000000000,0.490000000000,False,0.000000000000,1.000000000000,1.000000000000,1.000000000000,1.000000000000
200,CN,41,Nash,-0.500000000000,0.490000000000,False,0.000000000000,1.000000000000,1.000000000000,1.000000000000,1.000000000000
200,CN,41,SEQ,-0.500000000000,0.490000000000,False,0.000000000000,1.000000000000,1.000000000000,1.000000000000,1.000000000000
200,CN,41,SMR,-0.498000000000,0.490000000000,False,0.000000000000,1.000000000000,1.000000000000,1.000000000000,1.000000000000
200,CN,42,GMR,0.370000000000,0.370000000000,False,0.000000000000,1.000000000000,1.000000000000,1.000000000000,1.000000000000
200,CN,42,Nash,0.370000000000,0.370000000000,False,0.000000000000,1.000000000000,1.000000000000,1.000000000000,1.000000000000
200,CN,42,SEQ,0.370000000000,0.370000000000,False,0.000000000000,1.000000000000,1.000000000000,1.000000000000,1.000000000000
200,CN,42,SMR,0.370000000000,0.370000000000,False,0.000000000000,1.000000000000,1.000000000000,1.000000000000,1.000000000000
200,CN,43,GMR,-0.058000000000,0.372000000000,False,0.000000000000,1.000000000000,0.040000000000,1.000000000000,0.980000000000
200,CN,43,Nash,-0.466000000000,0.372000000000,False,0.000000000000,1.000000000000,1.000000000000,1.000000000000,1.000000000000
200,CN,43,SEQ,-0.492000000000,0.372000000000,False,0.000000000000,1.000000000000,1.000000000000,1.000000000000,1.000000000000
200,CN,43,SMR,-0.058000000000,0.372000000000,False,0.000000000000,1.000000000000,0.040000000000,1.000000000000,0.980000000000
200,CN,44,GMR,0.032000000000,0.032000000000,False,0.000000000000,0.000000000000,0.000000000000,0.890000000000,1.000000000000
200,CN,44,Nash,0.032000000000,0.032000000000,False,0.000000000000,0.000000000000,0.000000000000,0.890000000000,0.890000000000
200,CN,44,SEQ,0.032000000000,0.032000000000,False,0.000000000000,0.000000000000,0.000000000000,0.890000000000,0.890000000000
200,CN,44,SMR,0.032000000000,0.032000000000,False,0.000000000000,0.000000000000,0.000000000000,0.890000000000,0.980000000000
200,CN,45,GMR,0.500000000000,0.006000000000,False,0.000000000000,0.000000000000,0.000000000000,0.610000000000,1.000000000000
200,CN,45,Nash,-0.006000000000,0.006000000000,False,0.000000000000,0.000000000000,0.000000000000,0.610000000000,0.610000000000
200,CN,45,SEQ,0.212000000000,0.006000000000,False,0.000000000000,0.000000000000,0.000000000000,0.610000000000,1.000000000000
200,CN,45,SMR,-0.276000000000,0.006000000000,False,0.000000000000,0.000000000000,0.000000000000,0.610000000000,0.610000000000
200,CN,46,GMR,-0.292000000000,0.258000000000,False,0.000000000000,1.000000000000,1.000000000000,1.000000000000,1.000000000000
200,CN,46,Nash,-0.396000000000,0.258000000000,False,0.000000000000,1.000000000000,1.000000000000,1.000000000000,1.000000000000
200,CN,46,SEQ,-0.292000000000,0.258000000000,False,0.000000000000,1.000000000000,1.000000000000,1.000000000000,1.000000000000
200,CN,46,SMR,-0.480000000000,0.258000000000,False,0.000000000000,1.000000000000,1.000000000000,1.000000000000,1.000000000000
200,CN,47,GMR,0.218000000000,0.066000000000,False,0.000000000000,0.160000000000,0.160000000000,1.000000000000,1.000000000000
200,CN,47,Nash,-0.268000000000,0.066000000000,False,0.000000000000,0.160000000000,0.160000000000,1.000000000000,1.000000000000
200,CN,47,SEQ,-0.316000000000,0.066000000000,False,0.000000000000,0.160000000000,0.160000000000,1.000000000000,1.000000000000
200,CN,47,SMR,-0.370000000000,0.066000000000,False,0.000000000000,0.160000000000,0.160000000000,1.000000000000,1.000000000000
200,CN,48,GMR,0.500000000000,0.252000000000,False,0.000000000000,1.000000000000,1.000000000000,1.000000000000,1.000000000000
200,CN,48,Nash,-0.252000000000,0.252000000000,False,0.000000000000,1.000000000000,1.000000000000,1.000000000000,1.000000000000
200,CN,48,SEQ,-0.500000000000,0.252000000000,False,0.000000000000,1.000000000000,1.000000000000,1.000000000000,1.000000000000
200,CN,48,SMR,0.306000000000,0.252000000000,False,0.000000000000,1.000000000000,1.000000000000,1.000000000000,1.000000000000
200,CN,49,GMR,0.470000000000,0.470000000000,False,0.000000000000,1.000000000000,1.000000000000,1.000000000000,1.000000000000
200,CN,49,Nash,0.470000000000,0.470000000000,False,0.000000000000,1.000000000000,1.000000000000,1.000000000000,1.000000000000
200,CN,49,SEQ,0.470000000000,0.470000000000,False,0.000000000000,1.000000000000,1.000000000000,1.000000000000,1.000000000000
200,CN,49,SMR,0.470000000000,0.470000000000,False,0.000000000000,1.000000000000,1.000000000000,1.000000000000,1.000000000000
200,CN,50,GMR,0.290000000000,0.202000000000,False,0.000000000000,1.000000000000,1.000000000000,1.000000000000,1.000000000000
200,CN,50,Nash,-0.498000000000,0.202000000000,False,0.000000000000,1.000000000000,1.000000000000,1.000000000000,1.000000000000
200,CN,50,SEQ,0.104000000000,0.202000000000,False,0.000000000000,1.000000000000,0.970000000000,1.000000000000,1.000000000000
200,CN,50,SMR,0.088000000000,0.202000000000,False,0.000000000000,1.000000000000,0.830000000000,1.000000000000,1.000000000000
200,CN,51,GMR,0.308000000000,0.308000000000,False,0.000000000000,1.000000000000,1.000000000000,1.000000000000,1.000000000000
200,CN,51,Nash,0.308000000000,0.308000000000,False,0.000000000000,1.000000000000,1.000000000000,1.000000000000,1.000000000000
200,CN,51,SEQ,0.308000000000,0.308000000000,False,0.000000000000,1.000000000000,1.000000000000,1.000000000000,1.000000000000
200,CN,51,SMR,0.308000000000,0.308000000000,False,0.000000000000,1.000000000000,1.000000000000,1.000000000000,1.000000000000
200,CN,52,GMR,0.312000000000,0.312000000000,False,0.000000000000,1.000000000000,1.000000000000,1.000000000000,1.000000000000
200,CN,52,Nash,0.312000000000,0.312000000000,False,0.000000000000,1.000000000000,1.000000000000,1.000000000000,1.000000000000
200,CN,52,SEQ,0.312000000000,0.312000000000,False,0.000000000000,1.000000000000,1.000000000000,1.000000000000,1.000000000000
200,CN,52,SMR,0.312000000000,0.312000000000,False,0.000000000000,1.000000000000,1.000000000000,1.000000000000,1.000000000000
200,CN,53,GMR,-0.418000000000,0.078000000000,False,0.000000000000,0.590000000000,0.590000000000,1.000000000000,1.000000000000
200,CN,53,Nash,-0.498000000000,0.078000000000,False,0.000000000000,0.590000000000,0.590000000000,1.000000000000,1.000000000000
200,CN,53,SEQ,-0.478000000000,0.078000000000,False,0.000000000000,0.590000000000,0.590000000000,1.000000000000,1.000000000000
200,CN,53,SMR,-0.418000000000,0.078000000000,False,0.000000000000,0.590000000000,0.590000000000,1.000000000000,1.000000000000
200,CN,54,GMR,0.310000000000,0.498000000000,False,0.000000000000,1.000000000000,1.000000000000,1.000000000000,1.000000000000
200,CN,54,Nash,-0.498000000000,0.498000000000,False,0.000000000000,1.000000000000,1.000000000000,1.000000000000,1.000000000000
200,CN,54,SEQ,0.212000000000,0.498000000000,False,0.000000000000,1.000000000000,1.000000000000,1.000000000000,1.000000000000
200,CN,54,SMR,-0.470000000000,0.498000000000,False,0.000000000000,1.000000000000,1.000000000000,1.000000000000,1.000000000000
200,CN,55,GMR,-0.358000000000,0.174000000000,False,0.000000000000,1.000000000000,1.000000000000,1.000000000000,1.000000000000
200,CN,55,Nash,-0.500000000000,0.174000000000,False,0.000000000000,1.000000000000,1.000000000000,1.000000000000,1.000000000000
200,CN,55,SEQ,-0.358000000000,0.174000000000,False,0.000000000000,1.000000000000,1.000000000000,1.000000000000,1.000000000000
200,CN,55,SMR,-0.478000000000,0.174000000000,False,0.000000000000,1.000000000000,1.000000000000,1.000000000000,1.000000000000
200,CN,56,GMR,-0.476000000000,0.448000000000,False,0.000000000000,1.000000000000,1.000000000000,1.000000000000,1.000000000000
200,CN,56,Nash,-0.500000000000,0.448000000000,False,0.000000000000,1.000000000000,1.000000000000,1.000000000000,1.000000000000
200,CN,56,SEQ,-0.476000000000,0.448000000000,False,0.000000000000,1.000000000000,1.000000000000,1.000000000000,1.000000000000
200,CN,56,SMR,-0.500000000000,0.448000000000,False,0.000000000000,1.000000000000,1.000000000000,1.000000000000,1.000000000000
200,CN,57,GMR,0.500000000000,0.234000000000,False,0.000000000000,1.000000000000,1.000000000000,1.000000000000,1.000000000000
200,CN,57,Nash,-0.234000000000,0.234000000000,False,0.000000000000,1.000000000000,1.000000000000,1.000000000000,1.000000000000
200,CN,57,SEQ,-0.500000000000,0.234000000000,False,0.000000000000,1.000000000000,1.000000000000,1.000000000000,1.000000000000
200,CN,57,SMR,0.386000000000,0.234000000000,False,0.000000000000,1.000000000000,1.000000000000,1.000000000000,1.000000000000
200,CN,58,GMR,0.476000000000,0.008000000000,False,0.000000000000,0.000000000000,0.000000000000,0.690000000000,1.000000000000
200,CN,58,Nash,-0.364000000000,0.008000000000,False,0.000000000000,0.000000000000,0.000000000000,0.690000000000,1.000000000000
200,CN,58,SEQ,0.476000000000,0.008000000000,False,0.000000000000,0.000000000000,0.000000000000,0.690000000000,1.000000000000
200,CN,58,SMR,0.468000000000,0.008000000000,False,0.000000000000,0.000000000000,0.000000000000,0.690000000000,1.000000000000
200,CN,59,GMR,0.496000000000,0.358000000000,False,0.000000000000,1.000000000000,1.000000000000,1.000000000000,1.000000000000
200,CN,59,Nash,-0.408000000000,0.358000000000,False,0.000000000000,1.000000000000,1.000000000000,1.000000000000,1.000000000000
200,CN,59,SEQ,-0.492000000000,0.358000000000,False,0.000000000000,1.000000000000,1.000000000000,1.000000000000,1.000000000000
200,CN,59,SMR,0.424000000000,0.358000000000,False,0.000000000000,1.000000000000,1.000000000000,1.000000000000,1.000000000000
200,CN,60,GMR,0.126000000000,0.032000000000,False,0.000000000000,0.000000000000,0.000000000000,0.880000000000,1.000000000000
200,CN,60,Nash,-0.032000000000,0.032000000000,False,0.000000000000,0.000000000000,0.000000000000,0.880000000000,0.880000000000
200,CN,60,SEQ,-0.382000000000,0.032000000000,False,0.000000000000,0.000000000000,0.000000000000,0.880000000000,0.880000000000
200,CN,60,SMR,0.108000000000,0.032000000000,False,0.000000000000,0.000000000000,0.000000000000,0.880000000000,1.000000000000
200,CN,61,GMR,-0.184000000000,0.218000000000,False,0.000000000000,1.000000000000,1.000000000000,1.000000000000,1.000000000000
200,CN,61,Nash,-0.252000000000,0.218000000000,False,0.000000000000,1.000000000000,1.000000000000,1.000000000000,1.000000000000
200,CN,61,SEQ,-0.184000000000,0.218000000000,False,0.000000000000,1.000000000000,1.000000000000,1.000000000000,1.000000000000
200,CN,61,SMR,-0.298000000000,0.218000000000,False,0.000000000000,1.000000000000,1.000000000000,1.000000000000,1.000000000000
200,CN,62,GMR,0.466000000000,0.376000000000,False,0.000000000000,1.000000000000,1.000000000000,1.000000000000,1.000000000000
200,CN,62,Nash,-0.376000000000,0.376000000000,False,0.000000000000,1.000000000000,1.000000000000,1.000000000000,1.000000000000
200,CN,62,SEQ,0.200000000000,0.376000000000,False,0.000000000000,1.000000000000,1.000000000000,1.000000000000,1.000000000000
200,CN,62,SMR,0.298000000000,0.376000000000,False,0.000000000000,1.000000000000,1.000000000000,1.000000000000,1.000000000000
200,CN,63,GMR,0.476000000000,0.054000000000,False,0.000000000000,0.020000000000,0.020000000000,0.950000000000,1.000000000000
200,CN,63,Nash,-0.054000000000,0.054000000000,False,0.000000000000,0.020000000000,0.020000000000,0.950000000000,0.950000000000
200,CN,63,SEQ,-0.064000000000,0.054000000000,False,0.000000000000,0.020000000000,0.020000000000,0.950000000000,0.930000000000
200,CN,63,SMR,-0.396000000000,0.054000000000,False,0.000000000000,0.020000000000,0.020000000000,0.950000000000,0.950000000000
200,CN,64,GMR,-0.218000000000,0.442000000000,False,0.000000000000,1.000000000000,1.000000000000,1.000000000000,1.000000000000
200,CN,64,Nash,-0.500000000000,0.442000000000,False,0.000000000000,1.000000000000,1.000000000000,1.000000000000,1.000000000000
200,CN,64,SEQ,-0.500000000000,0.442000000000,False,0.000000000000,1.000000000000,1.000000000000,1.000000000000,1.000000000000
200,CN,64,SMR,-0.328000000000,0.442000000000,False,0.000000000000,1.000000000000,1.000000000000,1.000000000000,1.000000000000
200,CN,65,GMR,0.490000000000,0.490000000000,False,0.000000000000,1.000000000000,1.000000000000,1.000000000000,1.000000000000
200,CN,65,Nash,0.490000000000,0.490000000000,False,0.000000000000,1.000000000000,1.000000000000,1.000000000000,1.000000000000
200,CN,65,SEQ,0.490000000000,0.490000000000,False,0.000000000000,1.000000000000,1.000000000000,1.000000000000,1.000000000000
200,CN,65,SMR,0.490000000000,0.490000000000,False,0.000000000000,1.000000000000,1.000000000000,1.000000000000,1.000000000000
200,CN,66,GMR,0.262000000000,0.262000000000,False,0.000000000000,1.000000000000,1.000000000000,1.000000000000,1.000000000000
200,CN,66,Nash,0.262000000000,0.262000000000,False,0.000000000000,1.000000000000,1.000000000000,1.000000000000,1.000000000000
200,CN,66,SEQ,0.262000000000,0.262000000000,False,0.000000000000,1.000000000000,1.000000000000,1.000000000000,1.000000000000
200,CN,66,SMR,0.262000000000,0.262000000000,False,0.000000000000,1.000000000000,1.000000000000,1.000000000000,1.000000000000
200,CN,67,GMR,0.500000000000,0.292000000000,False,0.000000000000,1.000000000000,1.000000000000,1.000000000000,1.000000000000
200,CN,67,Nash,-0.292000000000,0.292000000000,False,0.000000000000,1.000000000000,1.000000000000,1.000000000000,1.000000000000
200,CN,67,SEQ,-0.500000000000,0.292000000000,False,0.000000000000,1.000000000000,1.000000000000,1.000000000000,1.000000000000
200,CN,67,SMR,0.384000000000,0.292000000000,False,0.000000000000,1.000000000000,1.000000000000,1.000000000000,1.000000000000
200,CN,68,GMR,0.462000000000,0.462000000000,False,0.000000000000,1.000000000000,1.000000000000,1.000000000000,1.000000000000
200,CN,68,Nash,0.462000000000,0.462000000000,False,0.000000000000,1.000000000000,1.000000000000,1.000000000000,1.000000000000
200,CN,68,SEQ,0.462000000000,0.462000000000,False,0.000000000000,1.000000000000,1.000000000000,1.000000000000,1.000000000000
200,CN,68,SMR,0.462000000000,0.462000000000,False,0.000000000000,1.000000000000,1.000000000000,1.000000000000,1.000000000000
200,CN,69,GMR,0.130000000000,0.090000000000,False,0.000000000000,0.830000000000,0.830000000000,1.000000000000,1.000000000000
200,CN,69,Nash,-0.262000000000,0.090000000000,False,0.000000000000,0.830000000000,0.830000000000,1.000000000000,1.000000000000
200,CN,69,SEQ,-0.382000000000,0.090000000000,False,0.000000000000,0.830000000000,0.830000000000,1.000000000000,1.000000000000
200,CN,69,SMR,0.130000000000,0.090000000000,False,0.000000000000,0.830000000000,0.830000000000,1.000000000000,1.000000000000
200,CN,70,GMR,0.482000000000,0.046000000000,False,0.000000000000,0.000000000000,0.000000000000,0.980000000000,1.000000000000
200,CN,70,Nash,-0.142000000000,0.046000000000,False,0.000000000000,0.000000000000,0.000000000000,0.980000000000,1.000000000000
200,CN,70,SEQ,-0.500000000000,0.046000000000,False,0.000000000000,0.000000000000,0.000000000000,0.980000000000,1.000000000000
200,CN,70,SMR,0.444000000000,0.046000000000,False,0.000000000000,0.000000000000,0.000000000000,0.980000000000,1.000000000000
200,CN,71,GMR,0.500000000000,,True,0.000000000000,1.000000000000,1.000000000000,1.000000000000,1.000000000000
200,CN,71,Nash,0.500000000000,,True,0.000000000000,1.000000000000,1.000000000000,1.000000000000,1.000000000000
200,CN,71,SEQ,0.500000000000,,True,0.000000000000,1.000000000000,1.000000000000,1.000000000000,1.000000000000
200,CN,71,SMR,0.500000000000,,True,0.000000000000,1.000000000000,1.000000000000,1.000000000000,1.000000000000
200,CN,72,GMR,0.090000000000,0.090000000000,False,0.000000000000,0.830000000000,0.830000000000,1.000000000000,1.000000000000
200,CN,72,Nash,0.090000000000,0.090000000000,False,0.000000000000,0.830000000000,0.830000000000,1.000000000000,1.000000000000
200,CN,72,SEQ,0.090000000000,0.090000000000,False,0.000000000000,0.830000000000,0.830000000000,1.000000000000,1.000000000000
200,CN,72,SMR,0.090000000000,0.090000000000,False,0.000000000000,0.830000000000,0.830000000000,1.000000000000,1.000000000000
200,CN,73,GMR,0.500000000000,,True,0.000000000000,1.000000000000,1.000000000000,1.000000000000,1.000000000000
200,CN,73,Nash,0.500000000000,,True,0.000000000000,1.000000000000,1.000000000000,1.000000000000,1.000000000000
200,CN,73,SEQ,0.500000000000,,True,0.000000000000,1.000000000000,1.000000000000,1.000000000000,1.000000000000
200,CN,73,SMR,0.500000000000,,True,0.000000000000,1.000000000000,1.000000000000,1.000000000000,1.000000000000
200,CN,74,GMR,0.500000000000,0.500000000000,False,0.000000000000,1.000000000000,1.000000000000,1.000000000000,1.000000000000
200,CN,74,Nash,0.500000000000,0.500000000000,False,0.000000000000,1.000000000000,1.000000000000,1.000000000000,1.000000000000
200,CN,74,SEQ,0.500000000000,0.500000000000,False,0.000000000000,1.000000000000,1.000000000000,1.000000000000,1.000000000000
200,CN,74,SMR,0.500000000000,0.500000000000,False,0.000000000000,1.000000000000,1.000000000000,1.000000000000,1.000000000000
200,CN,75,GMR,-0.482000000000,0.312000000000,False,0.000000000000,1.000000000000,1.000000000000,1.000000000000,1.000000000000
200,CN,75,Nash,-0.346000000000,0.312000000000,False,0.000000000000,1.000000000000,1.000000000000,1.000000000000,1.000000000000
200,CN,75,SEQ,-0.482000000000,0.312000000000,False,0.000000000000,1.000000000000,1.000000000000,1.000000000000,1.000000000000
200,CN,75,SMR,-0.482000000000,0.312000000000,False,0.000000000000,1.000000000000,1.000000000000,1.000000000000,1.000000000000
200,CN,76,GMR,0.410000000000,0.410000000000,False,0.000000000000,1.000000000000,1.000000000000,1.000000000000,1.000000000000
200,CN,76,Nash,0.410000000000,0.410000000000,False,0.000000000000,1.000000000000,1.000000000000,1.000000000000,1.000000000000
200,CN,76,SEQ,0.410000000000,0.410000000000,False,0.000000000000,1.000000000000,1.000000000000,1.000000000000,1.000000000000
200,CN,76,SMR,0.410000000000,0.410000000000,False,0.000000000000,1.000000000000,1.000000000000,1.000000000000,1.000000000000
200,US,1,GMR,0.500000000000,0.306000000000,False,0.000000000000,1.000000000000,1.000000000000,1.000000000000,1.000000000000
200,US,1,Nash,-0.306000000000,0.306000000000,False,0.000000000000,1.000000000000,1.000000000000,1.000000000000,1.000000000000
200,US,1,SEQ,0.308000000000,0.306000000000,False,0.000000000000,1.000000000000,1.000000000000,1.000000000000,1.000000000000
200,US,1,SMR,0.466000000000,0.306000000000,False,0.000000000000,1.000000000000,1.000000000000,1.000000000000,1.000000000000
200,US,2,GMR,-0.132000000000,0.184000000000,False,0.000000000000,1.000000000000,1.000000000000,1.000000000000,1.000000000000
200,US,2,Nash,-0.500000000000,0.184000000000,False,0.000000000000,1.000000000000,1.000000000000,1.000000000000,1.000000000000
200,US,2,SEQ,-0.344000000000,0.184000000000,False,0.000000000000,1.000000000000,1.000000000000,1.000000000000,1.000000000000
200,US,2,SMR,-0.378000000000,0.184000000000,False,0.000000000000,1.000000000000,1.000000000000,1.000000000000,1.000000000000
200,US,3,GMR,0.500000000000,0.500000000000,False,0.000000000000,1.000000000000,1.000000000000,1.000000000000,1.000000000000
200,US,3,Nash,0.500000000000,0.500000000000,False,0.000000000000,1.000000000000,1.000000000000,1.000000000000,1.000000000000
200,US,3,SEQ,0.500000000000,0.500000000000,False,0.000000000000,1.000000000000,1.000000000000,1.000000000000,1.000000000000
200,US,3,SMR,0.500000000000,0.500000000000,False,0.000000000000,1.000000000000,1.000000000000,1.000000000000,1.000000000000
200,US,4,GMR,0.306000000000,0.306000000000,False,0.000000000000,1.000000000000,1.000000000000,1.000000000000,1.000000000000
200,US,4,Nash,0.306000000000,0.306000000000,False,0.000000000000,1.000000000000,1.000000000000,1.000000000000,1.000000000000
200,US,4,SEQ,0.306000000000,0.306000000000,False,0.000000000000,1.000000000000,1.000000000000,1.000000000000,1.000000000000
200,US,4,SMR,0.306000000000,0.306000000000,False,0.000000000000,1.000000000000,1.000000000000,1.000000000000,1.000000000000
200,US,5,GMR,0.184000000000,0.184000000000,False,0.000000000000,1.000000000000,1.000000000000,1.000000000000,1.000000000000
200,US,5,Nash,0.184000000000,0.184000000000,False,0.000000000000,1.000000000000,1.000000000000,1.000000000000,1.000000000000
200,US,5,SEQ,0.184000000000,0.184000000000,False,0.000000000000,1.000000000000,1.000000000000,1.000000000000,1.000000000000
200,US,5,SMR,0.184000000000,0.184000000000,False,0.000000000000,1.000000000000,1.000000000000,1.000000000000,1.000000000000
200,US,6,GMR,-0.500000000000,0.214000000000,False,0.000000000000,1.000000000000,1.000000000000,1.000000000000,1.000000000000
200,US,6,Nash,-0.500000000000,0.214000000000,False,0.000000000000,1.000000000000,1.000000000000,1.000000000000,1.000000000000
200,US,6,SEQ,-0.500000000000,0.214000000000,False,0.000000000000,1.000000000000,1.000000000000,1.000000000000,1.000000000000
200,US,6,SMR,-0.500000000000,0.214000000000,False,0.000000000000,1.000000000000,1.000000000000,1.000000000000,1.000000000000
200,US,7,GMR,0.500000000000,0.230000000000,False,0.000000000000,1.000000000000,1.000000000000,1.000000000000,1.000000000000
200,US,7,Nash,-0.500000000000,0.230000000000,False,0.000000000000,1.000000000000,1.000000000000,1.000000000000,1.000000000000
200,US,7,SEQ,-0.084000000000,0.230000000000,False,0.000000000000,1.000000000000,0.730000000000,1.000000000000,1.000000000000
200,US,7,SMR,0.500000000000,0.230000000000,False,0.000000000000,1.000000000000,1.000000000000,1.000000000000,1.000000000000
200,US,8,GMR,0.498000000000,0.230000000000,False,0.000000000000,1.000000000000,1.000000000000,1.000000000000,1.000000000000
200,US,8,Nash,-0.492000000000,0.230000000000,False,0.000000000000,1.000000000000,1.000000000000,1.000000000000,1.000000000000
200,US,8,SEQ,-0.138000000000,0.230000000000,False,0.000000000000,1.000000000000,1.000000000000,1.000000000000,1.000000000000
200,US,8,SMR,0.498000000000,0.230000000000,False,0.000000000000,1.000000000000,1.000000000000,1.000000000000,1.000000000000
200,US,9,GMR,0.492000000000,0.492000000000,False,0.000000000000,1.000000000000,1.000000000000,1.000000000000,1.000000000000
200,US,9,Nash,0.492000000000,0.492000000000,False,0.000000000000,1.000000000000,1.000000000000,1.000000000000,1.000000000000
200,US,9,SEQ,0.492000000000,0.492000000000,False,0.000000000000,1.000000000000,1.000000000000,1.000000000000,1.000000000000
200,US,9,SMR,0.492000000000,0.492000000000,False,0.000000000000,1.000000000000,1.000000000000,1.000000000000,1.000000000000
200,US,10,GMR,0.412000000000,0.182000000000,False,0.000000000000,1.000000000000,1.000000000000,1.000000000000,1.000000000000
200,US,10,Nash,-0.194000000000,0.182000000000,False,0.000000000000,1.000000000000,1.000000000000,1.000000000000,1.000000000000
200,US,10,SEQ,-0.076000000000,0.182000000000,False,0.000000000000,1.000000000000,0.550000000000,1.000000000000,1.000000000000
200,US,10,SMR,0.190000000000,0.182000000000,False,0.000000000000,1.000000000000,1.000000000000,1.000000000000,1.000000000000
200,US,11,GMR,0.500000000000,0.124000000000,False,0.000000000000,1.000000000000,1.000000000000,1.000000000000,1.000000000000
200,US,11,Nash,-0.124000000000,0.124000000000,False,0.000000000000,1.000000000000,1.000000000000,1.000000000000,1.000000000000
200,US,11,SEQ,-0.050000000000,0.124000000000,False,0.000000000000,1.000000000000,0.000000000000,1.000000000000,0.970000000000
200,US,11,SMR,0.388000000000,0.124000000000,False,0.000000000000,1.000000000000,1.000000000000,1.000000000000,1.000000000000
200,US,12,GMR,-0.500000000000,0.434000000000,False,0.000000000000,1.000000000000,1.000000000000,1.000000000000,1.000000000000
200,US,12,Nash,-0.500000000000,0.434000000000,False,0.000000000000,1.000000000000,1.000000000000,1.000000000000,1.000000000000
200,US,12,SEQ,-0.500000000000,0.434000000000,False,0.000000000000,1.000000000000,1.000000000000,1.000000000000,1.000000000000
200,US,12,SMR,-0.500000000000,0.434000000000,False,0.000000000000,1.000000000000,1.000000000000,1.000000000000,1.000000000000
200,US,13,GMR,0.062000000000,0.062000000000,False,0.000000000000,0.110000000000,0.110000000000,0.970000000000,1.000000000000
200,US,13,Nash,0.062000000000,0.062000000000,False,0.000000000000,0.110000000000,0.110000000000,0.970000000000,0.970000000000
200,US,13,SEQ,0.062000000000,0.062000000000,False,0.000000000000,0.110000000000,0.110000000000,0.970000000000,1.000000000000
200,US,13,SMR,0.062000000000,0.062000000000,False,0.000000000000,0.110000000000,0.110000000000,0.970000000000,1.000000000000
200,US,14,GMR,0.010000000000,0.444000000000,False,0.000000000000,1.000000000000,0.000000000000,1.000000000000,0.670000000000
200,US,14,Nash,-0.500000000000,0.444000000000,False,0.000000000000,1.000000000000,1.000000000000,1.000000000000,1.000000000000
200,US,14,SEQ,-0.086000000000,0.444000000000,False,0.000000000000,1.000000000000,0.800000000000,1.000000000000,1.000000000000
200,US,14,SMR,-0.086000000000,0.444000000000,False,0.000000000000,1.000000000000,0.800000000000,1.000000000000,1.000000000000
200,US,15,GMR,0.064000000000,0.064000000000,False,0.000000000000,0.150000000000,0.150000000000,0.980000000000,1.000000000000
200,US,15,Nash,0.064000000000,0.064000000000,False,0.000000000000,0.150000000000,0.150000000000,0.980000000000,0.980000000000
200,US,15,SEQ,0.064000000000,0.064000000000,False,0.000000000000,0.150000000000,0.150000000000,0.980000000000,1.000000000000
200,US,15,SMR,0.064000000000,0.064000000000,False,0.000000000000,0.150000000000,0.150000000000,0.980000000000,1.000000000000
200,US,16,GMR,0.230000000000,0.064000000000,False,0.000000000000,0.150000000000,0.150000000000,0.980000000000,1.000000000000
200,US,16,Nash,-0.064000000000,0.064000000000,False,0.000000000000,0.150000000000,0.150000000000,0.980000000000,0.980000000000
200,US,16,SEQ,-0.054000000000,0.064000000000,False,0.000000000000,0.150000000000,0.020000000000,0.980000000000,0.930000000000
200,US,16,SMR,0.154000000000,0.064000000000,False,0.000000000000,0.150000000000,0.150000000000,0.980000000000,1.000000000000
200,US,17,GMR,0.498000000000,0.082000000000,False,0.000000000000,0.710000000000,0.710000000000,1.000000000000,1.000000000000
200,US,17,Nash,-0.418000000000,0.082000000000,False,0.000000000000,0.710000000000,0.710000000000,1.000000000000,1.000000000000
200,US,17,SEQ,-0.498000000000,0.082000000000,False,0.000000000000,0.710000000000,0.710000000000,1.000000000000,1.000000000000
200,US,17,SMR,0.394000000000,0.082000000000,False,0.000000000000,0.710000000000,0.710000000000,1.000000000000,1.000000000000
200,US,18,GMR,-0.480000000000,0.304000000000,False,0.000000000000,1.000000000000,1.000000000000,1.000000000000,1.000000000000
200,US,18,Nash,-0.500000000000,0.304000000000,False,0.000000000000,1.000000000000,1.000000000000,1.000000000000,1.000000000000
200,US,18,SEQ,-0.498000000000,0.304000000000,False,0.000000000000,1.000000000000,1.000000000000,1.000000000000,1.000000000000
200,US,18,SMR,-0.480000000000,0.304000000000,False,0.000000000000,1.000000000000,1.000000000000,1.000000000000,1.000000000000
200,US,19,GMR,0.098000000000,0.304000000000,False,0.000000000000,1.000000000000,0.930000000000,1.000000000000,1.000000000000
200,US,19,Nash,-0.500000000000,0.304000000000,False,0.000000000000,1.000000000000,1.000000000000,1.000000000000,1.000000000000
200,US,19,SEQ,-0.498000000000,0.304000000000,False,0.000000000000,1.000000000000,1.000000000000,1.000000000000,1.000000000000
200,US,19,SMR,0.062000000000,0.304000000000,False,0.000000000000,1.000000000000,0.110000000000,1.000000000000,0.990000000000
200,US,20,GMR,0.500000000000,0.240000000000,False,0.000000000000,1.000000000000,1.000000000000,1.000000000000,1.000000000000
200,US,20,Nash,-0.500000000000,0.240000000000,False,0.000000000000,1.000000000000,1.000000000000,1.000000000000,1.000000000000
200,US,20,SEQ,0.336000000000,0.240000000000,False,0.000000000000,1.000000000000,1.000000000000,1.000000000000,1.000000000000
200,US,20,SMR,0.484000000000,0.240000000000,False,0.000000000000,1.000000000000,1.000000000000,1.000000000000,1.000000000000
200,US,21,GMR,0.500000000000,0.500000000000,False,0.000000000000,1.000000000000,1.000000000000,1.000000000000,1.000000000000
200,US,21,Nash,0.500000000000,0.500000000000,False,0.000000000000,1.000000000000,1.000000000000,1.000000000000,1.000000000000
200,US,21,SEQ,0.500000000000,0.500000000000,False,0.000000000000,1.000000000000,1.000000000000,1.000000000000,1.000000000000
200,US,21,SMR,0.500000000000,0.500000000000,False,0.000000000000,1.000000000000,1.000000000000,1.000000000000,1.000000000000
200,US,22,GMR,0.494000000000,0.500000000000,False,0.000000000000,1.000000000000,1.000000000000,1.000000000000,1.000000000000
200,US,22,Nash,-0.500000000000,0.500000000000,False,0.000000000000,1.000000000000,1.000000000000,1.000000000000,1.000000000000
200,US,22,SEQ,-0.028000000000,0.500000000000,False,0.000000000000,1.000000000000,0.000000000000,1.000000000000,0.800000000000
200,US,22,SMR,0.326000000000,0.500000000000,False,0.000000000000,1.000000000000,1.000000000000,1.000000000000,1.000000000000
200,US,23,GMR,0.500000000000,0.236000000000,False,0.000000000000,1.000000000000,1.000000000000,1.000000000000,1.000000000000
200,US,23,Nash,-0.496000000000,0.236000000000,False,0.000000000000,1.000000000000,1.000000000000,1.000000000000,1.000000000000
200,US,23,SEQ,-0.162000000000,0.236000000000,False,0.000000000000,1.000000000000,1.000000000000,1.000000000000,1.000000000000
200,US,23,SMR,0.500000000000,0.236000000000,False,0.000000000000,1.000000000000,1.000000000000,1.000000000000,1.000000000000
200,US,24,GMR,0.134000000000,0.236000000000,False,0.000000000000,1.000000000000,1.000000000000,1.000000000000,1.000000000000
200,US,24,Nash,-0.496000000000,0.236000000000,False,0.000000000000,1.000000000000,1.000000000000,1.000000000000,1.000000000000
200,US,24,SEQ,-0.456000000000,0.236000000000,False,0.000000000000,1.000000000000,1.000000000000,1.000000000000,1.000000000000
200,US,24,SMR,0.134000000000,0.236000000000,False,0.000000000000,1.000000000000,1.000000000000,1.000000000000,1.000000000000
200,US,25,GMR,0.496000000000,0.496000000000,False,0.000000000000,1.000000000000,1.000000000000,1.000000000000,1.000000000000
200,US,25,Nash,0.496000000000,0.496000000000,False,0.000000000000,1.000000000000,1.000000000000,1.000000000000,1.000000000000
200,US,25,SEQ,0.496000000000,0.496000000000,False,0.000000000000,1.000000000000,1.000000000000,1.000000000000,1.000000000000
200,US,25,SMR,0.496000000000,0.496000000000,False,0.000000000000,1.000000000000,1.000000000000,1.000000000000,1.000000000000
200,US,26,GMR,0.448000000000,0.036000000000,False,0.000000000000,0.000000000000,0.000000000000,0.950000000000,1.000000000000
200,US,26,Nash,-0.488000000000,0.036000000000,False,0.000000000000,0.000000000000,0.000000000000,0.950000000000,1.000000000000
200,US,26,SEQ,-0.272000000000,0.036000000000,False,0.000000000000,0.000000000000,0.000000000000,0.950000000000,1.000000000000
200,US,26,SMR,0.366000000000,0.036000000000,False,0.000000000000,0.000000000000,0.000000000000,0.950000000000,1.000000000000
200,US,27,GMR,0.450000000000,0.036000000000,False,0.000000000000,0.000000000000,0.000000000000,0.950000000000,1.000000000000
200,US,27,Nash,-0.482000000000,0.036000000000,False,0.000000000000,0.000000000000,0.000000000000,0.950000000000,1.000000000000
200,US,27,SEQ,-0.272000000000,0.036000000000,False,0.000000000000,0.000000000000,0.000000000000,0.950000000000,1.000000000000
200,US,27,SMR,-0.164000000000,0.036000000000,False,0.000000000000,0.000000000000,0.000000000000,0.950000000000,0.950000000000
200,US,28,GMR,0.498000000000,0.288000000000,False,0.000000000000,1.000000000000,1.000000000000,1.000000000000,1.000000000000
200,US,28,Nash,-0.288000000000,0.288000000000,False,0.000000000000,1.000000000000,1.000000000000,1.000000000000,1.000000000000
200,US,28,SEQ,0.134000000000,0.288000000000,False,0.000000000000,1.000000000000,1.000000000000,1.000000000000,1.000000000000
200,US,28,SMR,0.498000000000,0.288000000000,False,0.000000000000,1.000000000000,1.000000000000,1.000000000000,1.000000000000
200,US,29,GMR,0.288000000000,0.288000000000,False,0.000000000000,1.000000000000,1.000000000000,1.000000000000,1.000000000000
200,US,29,Nash,0.288000000000,0.288000000000,False,0.000000000000,1.000000000000,1.000000000000,1.000000000000,1.000000000000
200,US,29,SEQ,0.288000000000,0.288000000000,False,0.000000000000,1.000000000000,1.000000000000,1.000000000000,1.000000000000
200,US,29,SMR,0.288000000000,0.288000000000,False,0.000000000000,1.000000000000,1.000000000000,1.000000000000,1.000000000000
200,US,30,GMR,-0.024000000000,0.374000000000,False,0.000000000000,1.000000000000,0.000000000000,1.000000000000,0.810000000000
200,US,30,Nash,-0.434000000000,0.374000000000,False,0.000000000000,1.000000000000,1.000000000000,1.000000000000,1.000000000000
200,US,30,SEQ,-0.188000000000,0.374000000000,False,0.000000000000,1.000000000000,1.000000000000,1.000000000000,1.000000000000
200,US,30,SMR,-0.148000000000,0.374000000000,False,0.000000000000,1.000000000000,1.000000000000,1.000000000000,1.000000000000
200,US,31,GMR,0.434000000000,0.434000000000,False,0.000000000000,1.000000000000,1.000000000000,1.000000000000,1.000000000000
200,US,31,Nash,0.434000000000,0.434000000000,False,0.000000000000,1.000000000000,1.000000000000,1.000000000000,1.000000000000
200,US,31,SEQ,0.434000000000,0.434000000000,False,0.000000000000,1.000000000000,1.000000000000,1.000000000000,1.000000000000
200,US,31,SMR,0.434000000000,0.434000000000,False,0.000000000000,1.000000000000,1.000000000000,1.000000000000,1.000000000000
200,US,32,GMR,-0.066000000000,0.458000000000,False,0.000000000000,1.000000000000,0.160000000000,1.000000000000,0.980000000000
200,US,32,Nash,-0.458000000000,0.458000000000,False,0.000000000000,1.000000000000,1.000000000000,1.000000000000,1.000000000000
200,US,32,SEQ,-0.188000000000,0.458000000000,False,0.000000000000,1.000000000000,1.000000000000,1.000000000000,1.000000000000
200,US,32,SMR,-0.186000000000,0.458000000000,False,0.000000000000,1.000000000000,1.000000000000,1.000000000000,1.000000000000
200,US,33,GMR,0.264000000000,0.264000000000,False,0.000000000000,1.000000000000,1.000000000000,1.000000000000,1.000000000000
200,US,33,Nash,0.264000000000,0.264000000000,False,0.000000000000,1.000000000000,1.000000000000,1.000000000000,1.000000000000
200,US,33,SEQ,0.264000000000,0.264000000000,False,0.000000000000,1.000000000000,1.000000000000,1.000000000000,1.000000000000
200,US,33,SMR,0.264000000000,0.264000000000,False,0.000000000000,1.000000000000,1.000000000000,1.000000000000,1.000000000000
200,US,34,GMR,-0.196000000000,0.104000000000,False,0.000000000000,0.970000000000,0.970000000000,1.000000000000,1.000000000000
200,US,34,Nash,-0.500000000000,0.104000000000,False,0.000000000000,0.970000000000,0.970000000000,1.000000000000,1.000000000000
200,US,34,SEQ,-0.202000000000,0.104000000000,False,0.000000000000,0.970000000000,0.970000000000,1.000000000000,1.000000000000
200,US,34,SMR,-0.440000000000,0.104000000000,False,0.000000000000,0.970000000000,0.970000000000,1.000000000000,1.000000000000
200,US,35,GMR,0.492000000000,0.492000000000,False,0.000000000000,1.000000000000,1.000000000000,1.000000000000,1.000000000000
200,US,35,Nash,0.492000000000,0.492000000000,False,0.000000000000,1.000000000000,1.000000000000,1.000000000000,1.000000000000
200,US,35,SEQ,0.492000000000,0.492000000000,False,0.000000000000,1.000000000000,1.000000000000,1.000000000000,1.000000000000
200,US,35,SMR,0.492000000000,0.492000000000,False,0.000000000000,1.000000000000,1.000000000000,1.000000000000,1.000000000000
200,US,36,GMR,-0.500000000000,0.488000000000,False,0.000000000000,1.000000000000,1.000000000000,1.000000000000,1.000000000000
200,US,36,Nash,-0.500000000000,0.488000000000,False,0.000000000000,1.000000000000,1.000000000000,1.000000000000,1.000000000000
200,US,36,SEQ,-0.500000000000,0.488000000000,False,0.000000000000,1.000000000000,1.000000000000,1.000000000000,1.000000000000
200,US,36,SMR,-0.500000000000,0.488000000000,False,0.000000000000,1.000000000000,1.000000000000,1.000000000000,1.000000000000
200,US,37,GMR,0.104000000000,0.104000000000,False,0.000000000000,0.970000000000,0.970000000000,1.000000000000,1.000000000000
200,US,37,Nash,0.104000000000,0.104000000000,False,0.000000000000,0.970000000000,0.970000000000,1.000000000000,1.000000000000
200,US,37,SEQ,0.104000000000,0.104000000000,False,0.000000000000,0.970000000000,0.970000000000,1.000000000000,1.000000000000
200,US,37,SMR,0.104000000000,0.104000000000,False,0.000000000000,0.970000000000,0.970000000000,1.000000000000,1.000000000000
200,US,38,GMR,-0.210000000000,0.212000000000,False,0.000000000000,1.000000000000,1.000000000000,1.000000000000,1.000000000000
200,US,38,Nash,-0.446000000000,0.212000000000,False,0.000000000000,1.000000000000,1.000000000000,1.000000000000,1.000000000000
200,US,38,SEQ,-0.440000000000,0.212000000000,False,0.000000000000,1.000000000000,1.000000000000,1.000000000000,1.000000000000
200,US,38,SMR,-0.500000000000,0.212000000000,False,0.000000000000,1.000000000000,1.000000000000,1.000000000000,1.000000000000
200,US,39,GMR,-0.288000000000,0.300000000000,False,0.000000000000,1.000000000000,1.000000000000,1.000000000000,1.000000000000
200,US,39,Nash,-0.456000000000,0.300000000000,False,0.000000000000,1.000000000000,1.000000000000,1.000000000000,1.000000000000
200,US,39,SEQ,-0.388000000000,0.300000000000,False,0.000000000000,1.000000000000,1.000000000000,1.000000000000,1.000000000000
200,US,39,SMR,-0.288000000000,0.300000000000,False,0.000000000000,1.000000000000,1.000000000000,1.000000000000,1.000000000000
200,US,40,GMR,-0.284000000000,0.300000000000,False,0.000000000000,1.000000000000,1.000000000000,1.000000000000,1.000000000000
200,US,40,Nash,-0.396000000000,0.300000000000,False,0.000000000000,1.000000000000,1.000000000000,1.000000000000,1.000000000000
200,US,40,SEQ,-0.284000000000,0.300000000000,False,0.000000000000,1.000000000000,1.000000000000,1.000000000000,1.000000000000
200,US,40,SMR,-0.284000000000,0.300000000000,False,0.000000000000,1.000000000000,1.000000000000,1.000000000000,1.000000000000
200,US,41,GMR,0.396000000000,0.396000000000,False,0.000000000000,1.000000000000,1.000000000000,1.000000000000,1.000000000000
200,US,41,Nash,0.396000000000,0.396000000000,False,0.000000000000,1.000000000000,1.000000000000,1.000000000000,1.000000000000
200,US,41,SEQ,0.396000000000,0.396000000000,False,0.000000000000,1.000000000000,1.000000000000,1.000000000000,1.000000000000
200,US,41,SMR,0.396000000000,0.396000000000,False,0.000000000000,1.000000000000,1.000000000000,1.000000000000,1.000000000000
200,US,42,GMR,-0.220000000000,0.408000000000,False,0.000000000000,1.000000000000,1.000000000000,1.000000000000,1.000000000000
200,US,42,Nash,-0.500000000000,0.408000000000,False,0.000000000000,1.000000000000,1.000000000000,1.000000000000,1.000000000000
200,US,42,SEQ,-0.428000000000,0.408000000000,False,0.000000000000,1.000000000000,1.000000000000,1.000000000000,1.000000000000
200,US,42,SMR,-0.396000000000,0.408000000000,False,0.000000000000,1.000000000000,1.000000000000,1.000000000000,1.000000000000
200,US,43,GMR,0.500000000000,0.500000000000,False,0.000000000000,1.000000000000,1.000000000000,1.000000000000,1.000000000000
200,US,43,Nash,0.500000000000,0.500000000000,False,0.000000000000,1.000000000000,1.000000000000,1.000000000000,1.000000000000
200,US,43,SEQ,0.500000000000,0.500000000000,False,0.000000000000,1.000000000000,1.000000000000,1.000000000000,1.000000000000
200,US,43,SMR,0.500000000000,0.500000000000,False,0.000000000000,1.000000000000,1.000000000000,1.000000000000,1.000000000000
200,US,44,GMR,0.382000000000,0.382000000000,False,0.000000000000,1.000000000000,1.000000000000,1.000000000000,1.000000000000
200,US,44,Nash,0.382000000000,0.382000000000,False,0.000000000000,1.000000000000,1.000000000000,1.000000000000,1.000000000000
200,US,44,SEQ,0.382000000000,0.382000000000,False,0.000000000000,1.000000000000,1.000000000000,1.000000000000,1.000000000000
200,US,44,SMR,0.382000000000,0.382000000000,False,0.000000000000,1.000000000000,1.000000000000,1.000000000000,1.000000000000
200,US,45,GMR,-0.126000000000,0.382000000000,False,0.000000000000,1.000000000000,1.000000000000,1.000000000000,1.000000000000
200,US,45,Nash,-0.480000000000,0.382000000000,False,0.000000000000,1.000000000000,1.000000000000,1.000000000000,1.000000000000
200,US,45,SEQ,-0.388000000000,0.382000000000,False,0.000000000000,1.000000000000,1.000000000000,1.000000000000,1.000000000000
200,US,45,SMR,-0.326000000000,0.382000000000,False,0.000000000000,1.000000000000,1.000000000000,1.000000000000,1.000000000000
200,US,46,GMR,0.152000000000,0.278000000000,False,0.000000000000,1.000000000000,1.000000000000,1.000000000000,1.000000000000
200,US,46,Nash,-0.298000000000,0.278000000000,False,0.000000000000,1.000000000000,1.000000000000,1.000000000000,1.000000000000
200,US,46,SEQ,-0.092000000000,0.278000000000,False,0.000000000000,1.000000000000,0.840000000000,1.000000000000,1.000000000000
200,US,46,SMR,0.056000000000,0.278000000000,False,0.000000000000,1.000000000000,0.020000000000,1.000000000000,0.970000000000
200,US,47,GMR,0.210000000000,0.210000000000,False,0.000000000000,1.000000000000,1.000000000000,1.000000000000,1.000000000000
200,US,47,Nash,0.210000000000,0.210000000000,False,0.000000000000,1.000000000000,1.000000000000,1.000000000000,1.000000000000
200,US,47,SEQ,0.210000000000,0.210000000000,False,0.000000000000,1.000000000000,1.000000000000,1.000000000000,1.000000000000
200,US,47,SMR,0.210000000000,0.210000000000,False,0.000000000000,1.000000000000,1.000000000000,1.000000000000,1.000000000000
200,US,48,GMR,0.322000000000,0.210000000000,False,0.000000000000,1.000000000000,1.000000000000,1.000000000000,1.000000000000
200,US,48,Nash,-0.210000000000,0.210000000000,False,0.000000000000,1.000000000000,1.000000000000,1.000000000000,1.000000000000
200,US,48,SEQ,0.066000000000,0.210000000000,False,0.000000000000,1.000000000000,0.160000000000,1.000000000000,1.000000000000
200,US,48,SMR,0.298000000000,0.210000000000,False,0.000000000000,1.000000000000,1.000000000000,1.000000000000,1.000000000000
200,US,49,GMR,-0.500000000000,0.110000000000,False,0.000000000000,0.980000000000,0.980000000000,1.000000000000,1.000000000000
200,US,49,Nash,-0.462000000000,0.110000000000,False,0.000000000000,0.980000000000,0.980000000000,1.000000000000,1.000000000000
200,US,49,SEQ,-0.500000000000,0.110000000000,False,0.000000000000,0.980000000000,0.980000000000,1.000000000000,1.000000000000
200,US,49,SMR,-0.500000000000,0.110000000000,False,0.000000000000,0.980000000000,0.980000000000,1.000000000000,1.000000000000
200,US,50,GMR,0.444000000000,0.444000000000,False,0.000000000000,1.000000000000,1.000000000000,1.000000000000,1.000000000000
200,US,50,Nash,0.444000000000,0.444000000000,False,0.000000000000,1.000000000000,1.000000000000,1.000000000000,1.000000000000
200,US,50,SEQ,0.444000000000,0.444000000000,False,0.000000000000,1.000000000000,1.000000000000,1.000000000000,1.000000000000
200,US,50,SMR,0.444000000000,0.444000000000,False,0.000000000000,1.000000000000,1.000000000000,1.000000000000,1.000000000000
200,US,51,GMR,0.220000000000,0.216000000000,False,0.000000000000,1.000000000000,1.000000000000,1.000000000000,1.000000000000
200,US,51,Nash,-0.490000000000,0.216000000000,False,0.000000000000,1.000000000000,1.000000000000,1.000000000000,1.000000000000
200,US,51,SEQ,0.220000000000,0.216000000000,False,0.000000000000,1.000000000000,1.000000000000,1.000000000000,1.000000000000
200,US,51,SMR,-0.190000000000,0.216000000000,False,0.000000000000,1.000000000000,1.000000000000,1.000000000000,1.000000000000
200,US,52,GMR,0.336000000000,0.234000000000,False,0.000000000000,1.000000000000,1.000000000000,1.000000000000,1.000000000000
200,US,52,Nash,-0.492000000000,0.234000000000,False,0.000000000000,1.000000000000,1.000000000000,1.000000000000,1.000000000000
200,US,52,SEQ,0.298000000000,0.234000000000,False,0.000000000000,1.000000000000,1.000000000000,1.000000000000,1.000000000000
200,US,52,SMR,0.170000000000,0.234000000000,False,0.000000000000,1.000000000000,1.000000000000,1.000000000000,1.000000000000
200,US,53,GMR,0.168000000000,0.500000000000,False,0.000000000000,1.000000000000,1.000000000000,1.000000000000,1.000000000000
200,US,53,Nash,-0.500000000000,0.500000000000,False,0.000000000000,1.000000000000,1.000000000000,1.000000000000,1.000000000000
200,US,53,SEQ,0.168000000000,0.500000000000,False,0.000000000000,1.000000000000,1.000000000000,1.000000000000,1.000000000000
200,US,53,SMR,-0.234000000000,0.500000000000,False,0.000000000000,1.000000000000,1.000000000000,1.000000000000,1.000000000000
200,US,54,GMR,0.284000000000,0.444000000000,False,0.000000000000,1.000000000000,1.000000000000,1.000000000000,1.000000000000
200,US,54,Nash,-0.444000000000,0.444000000000,False,0.000000000000,1.000000000000,1.000000000000,1.000000000000,1.000000000000
200,US,54,SEQ,0.278000000000,0.444000000000,False,0.000000000000,1.000000000000,1.000000000000,1.000000000000,1.000000000000
200,US,54,SMR,0.188000000000,0.444000000000,False,0.000000000000,1.000000000000,1.000000000000,1.000000000000,1.000000000000
200,US,55,GMR,0.004000000000,0.148000000000,False,0.000000000000,1.000000000000,0.000000000000,1.000000000000,0.640000000000
200,US,55,Nash,-0.340000000000,0.148000000000,False,0.000000000000,1.000000000000,1.000000000000,1.000000000000,1.000000000000
200,US,55,SEQ,-0.260000000000,0.148000000000,False,0.000000000000,1.000000000000,1.000000000000,1.000000000000,1.000000000000
200,US,55,SMR,0.004000000000,0.148000000000,False,0.000000000000,1.000000000000,0.000000000000,1.000000000000,0.640000000000
200,US,56,GMR,0.120000000000,0.148000000000,False,0.000000000000,1.000000000000,1.000000000000,1.000000000000,1.000000000000
200,US,56,Nash,-0.500000000000,0.148000000000,False,0.000000000000,1.000000000000,1.000000000000,1.000000000000,1.000000000000
200,US,56,SEQ,-0.416000000000,0.148000000000,False,0.000000000000,1.000000000000,1.000000000000,1.000000000000,1.000000000000
200,US,56,SMR,0.120000000000,0.148000000000,False,0.000000000000,1.000000000000,1.000000000000,1.000000000000,1.000000000000
200,US,57,GMR,0.500000000000,0.500000000000,False,0.000000000000,1.000000000000,1.000000000000,1.000000000000,1.000000000000
200,US,57,Nash,0.500000000000,0.500000000000,False,0.000000000000,1.000000000000,1.000000000000,1.000000000000,1.000000000000
200,US,57,SEQ,0.500000000000,0.500000000000,False,0.000000000000,1.000000000000,1.000000000000,1.000000000000,1.000000000000
200,US,57,SMR,0.500000000000,0.500000000000,False,0.000000000000,1.000000000000,1.000000000000,1.000000000000,1.000000000000
200,US,58,GMR,0.432000000000,0.282000000000,False,0.000000000000,1.000000000000,1.000000000000,1.000000000000,1.000000000000
200,US,58,Nash,-0.430000000000,0.282000000000,False,0.000000000000,1.000000000000,1.000000000000,1.000000000000,1.000000000000
200,US,58,SEQ,0.032000000000,0.282000000000,False,0.000000000000,1.000000000000,0.000000000000,1.000000000000,0.890000000000
200,US,58,SMR,0.222000000000,0.282000000000,False,0.000000000000,1.000000000000,1.000000000000,1.000000000000,1.000000000000
200,US,59,GMR,0.494000000000,0.222000000000,False,0.000000000000,1.000000000000,1.000000000000,1.000000000000,1.000000000000
200,US,59,Nash,-0.222000000000,0.222000000000,False,0.000000000000,1.000000000000,1.000000000000,1.000000000000,1.000000000000
200,US,59,SEQ,0.032000000000,0.222000000000,False,0.000000000000,1.000000000000,0.000000000000,1.000000000000,0.890000000000
200,US,59,SMR,0.494000000000,0.222000000000,False,0.000000000000,1.000000000000,1.000000000000,1.000000000000,1.000000000000
200,US,60,GMR,0.430000000000,0.430000000000,False,0.000000000000,1.000000000000,1.000000000000,1.000000000000,1.000000000000
200,US,60,Nash,0.430000000000,0.430000000000,False,0.000000000000,1.000000000000,1.000000000000,1.000000000000,1.000000000000
200,US,60,SEQ,0.430000000000,0.430000000000,False,0.000000000000,1.000000000000,1.000000000000,1.000000000000,1.000000000000
200,US,60,SMR,0.430000000000,0.430000000000,False,0.000000000000,1.000000000000,1.000000000000,1.000000000000,1.000000000000
200,US,61,GMR,0.050000000000,0.062000000000,False,0.000000000000,0.110000000000,0.000000000000,0.990000000000,1.000000000000
200,US,61,Nash,-0.478000000000,0.062000000000,False,0.000000000000,0.110000000000,0.110000000000,0.990000000000,1.000000000000
200,US,61,SEQ,0.032000000000,0.062000000000,False,0.000000000000,0.110000000000,0.000000000000,0.990000000000,0.850000000000
200,US,61,SMR,-0.368000000000,0.062000000000,False,0.000000000000,0.110000000000,0.110000000000,0.990000000000,1.000000000000
200,US,62,GMR,-0.256000000000,0.444000000000,False,0.000000000000,1.000000000000,1.000000000000,1.000000000000,1.000000000000
200,US,62,Nash,-0.500000000000,0.444000000000,False,0.000000000000,1.000000000000,1.000000000000,1.000000000000,1.000000000000
200,US,62,SEQ,-0.256000000000,0.444000000000,False,0.000000000000,1.000000000000,1.000000000000,1.000000000000,1.000000000000
200,US,62,SMR,-0.256000000000,0.444000000000,False,0.000000000000,1.000000000000,1.000000000000,1.000000000000,1.000000000000
200,US,63,GMR,0.316000000000,0.316000000000,False,0.000000000000,1.000000000000,1.000000000000,1.000000000000,1.000000000000
200,US,63,Nash,0.316000000000,0.316000000000,False,0.000000000000,1.000000000000,1.000000000000,1.000000000000,1.000000000000
200,US,63,SEQ,0.316000000000,0.316000000000,False,0.000000000000,1.000000000000,1.000000000000,1.000000000000,1.000000000000
200,US,63,SMR,0.316000000000,0.316000000000,False,0.000000000000,1.000000000000,1.000000000000,1.000000000000,1.000000000000
200,US,64,GMR,-0.048000000000,0.316000000000,False,0.000000000000,1.000000000000,0.000000000000,1.000000000000,0.950000000000
200,US,64,Nash,-0.316000000000,0.316000000000,False,0.000000000000,1.000000000000,1.000000000000,1.000000000000,1.000000000000
200,US,64,SEQ,-0.246000000000,0.316000000000,False,0.000000000000,1.000000000000,1.000000000000,1.000000000000,1.000000000000
200,US,64,SMR,-0.200000000000,0.316000000000,False,0.000000000000,1.000000000000,1.000000000000,1.000000000000,1.000000000000
200,US,65,GMR,-0.398000000000,0.360000000000,False,0.000000000000,1.000000000000,1.000000000000,1.000000000000,1.000000000000
200,US,65,Nash,-0.500000000000,0.360000000000,False,0.000000000000,1.000000000000,1.000000000000,1.000000000000,1.000000000000
200,US,65,SEQ,-0.398000000000,0.360000000000,False,0.000000000000,1.000000000000,1.000000000000,1.000000000000,1.000000000000
200,US,65,SMR,-0.398000000000,0.360000000000,False,0.000000000000,1.000000000000,1.000000000000,1.000000000000,1.000000000000
200,US,66,GMR,-0.480000000000,0.360000000000,False,0.000000000000,1.000000000000,1.000000000000,1.000000000000,1.000000000000
200,US,66,Nash,-0.500000000000,0.360000000000,False,0.000000000000,1.000000000000,1.000000000000,1.000000000000,1.000000000000
200,US,66,SEQ,-0.490000000000,0.360000000000,False,0.000000000000,1.000000000000,1.000000000000,1.000000000000,1.000000000000
200,US,66,SMR,-0.480000000000,0.360000000000,False,0.000000000000,1.000000000000,1.000000000000,1.000000000000,1.000000000000
200,US,67,GMR,0.500000000000,0.500000000000,False,0.000000000000,1.000000000000,1.000000000000,1.000000000000,1.000000000000
200,US,67,Nash,0.500000000000,0.500000000000,False,0.000000000000,1.000000000000,1.000000000000,1.000000000000,1.000000000000
200,US,67,SEQ,0.500000000000,0.500000000000,False,0.000000000000,1.000000000000,1.000000000000,1.000000000000,1.000000000000
200,US,67,SMR,0.500000000000,0.500000000000,False,0.000000000000,1.000000000000,1.000000000000,1.000000000000,1.000000000000
200,US,68,GMR,0.238000000000,0.160000000000,False,0.000000000000,1.000000000000,1.000000000000,1.000000000000,1.000000000000
200,US,68,Nash,-0.320000000000,0.160000000000,False,0.000000000000,1.000000000000,1.000000000000,1.000000000000,1.000000000000
200,US,68,SEQ,0.238000000000,0.160000000000,False,0.000000000000,1.000000000000,1.000000000000,1.000000000000,1.000000000000
200,US,68,SMR,-0.186000000000,0.160000000000,False,0.000000000000,1.000000000000,1.000000000000,1.000000000000,1.000000000000
200,US,69,GMR,0.320000000000,0.320000000000,False,0.000000000000,1.000000000000,1.000000000000,1.000000000000,1.000000000000
200,US,69,Nash,0.320000000000,0.320000000000,False,0.000000000000,1.000000000000,1.000000000000,1.000000000000,1.000000000000
200,US,69,SEQ,0.320000000000,0.320000000000,False,0.000000000000,1.000000000000,1.000000000000,1.000000000000,1.000000000000
200,US,69,SMR,0.320000000000,0.320000000000,False,0.000000000000,1.000000000000,1.000000000000,1.000000000000,1.000000000000
200,US,70,GMR,0.224000000000,0.378000000000,False,0.000000000000,1.000000000000,1.000000000000,1.000000000000,1.000000000000
200,US,70,Nash,-0.378000000000,0.378000000000,False,0.000000000000,1.000000000000,1.000000000000,1.000000000000,1.000000000000
200,US,70,SEQ,0.224000000000,0.378000000000,False,0.000000000000,1.000000000000,1.000000000000,1.000000000000,1.000000000000
200,US,70,SMR,-0.220000000000,0.378000000000,False,0.000000000000,1.000000000000,1.000000000000,1.000000000000,1.000000000000
200,US,71,GMR,-0.500000000000,0.386000000000,False,0.000000000000,1.000000000000,1.000000000000,1.000000000000,1.000000000000
200,US,71,Nash,-0.500000000000,0.386000000000,False,0.000000000000,1.000000000000,1.000000000000,1.000000000000,1.000000000000
200,US,71,SEQ,-0.500000000000,0.386000000000,False,0.000000000000,1.000000000000,1.000000000000,1.000000000000,1.000000000000
200,US,71,SMR,-0.500000000000,0.386000000000,False,0.000000000000,1.000000000000,1.000000000000,1.000000000000,1.000000000000
200,US,72,GMR,-0.500000000000,0.386000000000,False,0.000000000000,1.000000000000,1.000000000000,1.000000000000,1.000000000000
200,US,72,Nash,-0.500000000000,0.386000000000,False,0.000000000000,1.000000000000,1.000000000000,1.000000000000,1.000000000000
200,US,72,SEQ,-0.500000000000,0.386000000000,False,0.000000000000,1.000000000000,1.000000000000,1.000000000000,1.000000000000
200,US,72,SMR,-0.500000000000,0.386000000000,False,0.000000000000,1.000000000000,1.000000000000,1.000000000000,1.000000000000
200,US,73,GMR,0.500000000000,0.500000000000,False,0.000000000000,1.000000000000,1.000000000000,1.000000000000,1.000000000000
200,US,73,Nash,0.500000000000,0.500000000000,False,0.000000000000,1.000000000000,1.000000000000,1.000000000000,1.000000000000
200,US,73,SEQ,0.500000000000,0.500000000000,False,0.000000000000,1.000000000000,1.000000000000,1.000000000000,1.000000000000
200,US,73,SMR,0.500000000000,0.500000000000,False,0.000000000000,1.000000000000,1.000000000000,1.000000000000,1.000000000000
200,US,74,GMR,-0.464000000000,0.200000000000,False,0.000000000000,1.000000000000,1.000000000000,1.000000000000,1.000000000000
200,US,74,Nash,-0.480000000000,0.200000000000,False,0.000000000000,1.000000000000,1.000000000000,1.000000000000,1.000000000000
200,US,74,SEQ,-0.464000000000,0.200000000000,False,0.000000000000,1.000000000000,1.000000000000,1.000000000000,1.000000000000
200,US,74,SMR,-0.464000000000,0.200000000000,False,0.000000000000,1.000000000000,1.000000000000,1.000000000000,1.000000000000
200,US,75,GMR,-0.500000000000,0.200000000000,False,0.000000000000,1.000000000000,1.000000000000,1.000000000000,1.000000000000
200,US,75,Nash,-0.500000000000,0.200000000000,False,0.000000000000,1.000000000000,1.000000000000,1.000000000000,1.000000000000
200,US,75,SEQ,-0.500000000000,0.200000000000,False,0.000000000000,1.000000000000,1.000000000000,1.000000000000,1.000000000000
200,US,75,SMR,-0.500000000000,0.200000000000,False,0.000000000000,1.000000000000,1.000000000000,1.000000000000,1.000000000000
200,US,76,GMR,0.500000000000,0.500000000000,False,0.000000000000,1.000000000000,1.000000000000,1.000000000000,1.000000000000
200,US,76,Nash,0.500000000000,0.500000000000,False,0.000000000000,1.000000000000,1.000000000000,1.000000000000,1.000000000000
200,US,76,SEQ,0.500000000000,0.500000000000,False,0.000000000000,1.000000000000,1.000000000000,1.000000000000,1.000000000000
200,US,76,SMR,0.500000000000,0.500000000000,False,0.000000000000,1.000000000000,1.000000000000,1.000000000000,1.000000000000
300,CN,1,GMR,0.500000000000,,True,0.000000000000,1.000000000000,1.000000000000,1.000000000000,1.000000000000
300,CN,1,Nash,0.500000000000,,True,0.000000000000,1.000000000000,1.000000000000,1.000000000000,1.000000000000
300,CN,1,SEQ,0.500000000000,,True,0.000000000000,1.000000000000,1.000000000000,1.000000000000,1.000000000000
300,CN,1,SMR,0.500000000000,,True,0.000000000000,1.000000000000,1.000000000000,1.000000000000,1.000000000000
300,CN,2,GMR,0.418000000000,0.500000000000,False,0.000000000000,1.000000000000,1.000000000000,1.000000000000,1.000000000000
300,CN,2,Nash,-0.500000000000,0.500000000000,False,0.000000000000,1.000000000000,1.000000000000,1.000000000000,1.000000000000
300,CN,2,SEQ,0.194000000000,0.500000000000,False,0.000000000000,1.000000000000,1.000000000000,1.000000000000,1.000000000000
300,CN,2,SMR,0.112000000000,0.500000000000,False,0.000000000000,1.000000000000,1.000000000000,1.000000000000,1.000000000000
300,CN,3,GMR,0.344000000000,0.344000000000,False,0.000000000000,1.000000000000,1.000000000000,1.000000000000,1.000000000000
300,CN,3,Nash,0.344000000000,0.344000000000,False,0.000000000000,1.000000000000,1.000000000000,1.000000000000,1.000000000000
300,CN,3,SEQ,0.344000000000,0.344000000000,False,0.000000000000,1.000000000000,1.000000000000,1.000000000000,1.000000000000
300,CN,3,SMR,0.344000000000,0.344000000000,False,0.000000000000,1.000000000000,1.000000000000,1.000000000000,1.000000000000
300,CN,4,GMR,-0.374000000000,0.308000000000,False,0.000000000000,1.000000000000,1.000000000000,1.000000000000,1.000000000000
300,CN,4,Nash,-0.370000000000,0.308000000000,False,0.000000000000,1.000000000000,1.000000000000,1.000000000000,1.000000000000
300,CN,4,SEQ,-0.374000000000,0.308000000000,False,0.000000000000,1.000000000000,1.000000000000,1.000000000000,1.000000000000
300,CN,4,SMR,-0.474000000000,0.308000000000,False,0.000000000000,1.000000000000,1.000000000000,1.000000000000,1.000000000000
300,CN,5,GMR,0.486000000000,0.194000000000,False,0.000000000000,1.000000000000,1.000000000000,1.000000000000,1.000000000000
300,CN,5,Nash,-0.194000000000,0.194000000000,False,0.000000000000,1.000000000000,1.000000000000,1.000000000000,1.000000000000
300,CN,5,SEQ,-0.328000000000,0.194000000000,False,0.000000000000,1.000000000000,1.000000000000,1.000000000000,1.000000000000
300,CN,5,SMR,-0.366000000000,0.194000000000,False,0.000000000000,1.000000000000,1.000000000000,1.000000000000,1.000000000000
300,CN,6,GMR,0.148000000000,0.186000000000,False,0.000000000000,1.000000000000,1.000000000000,1.000000000000,1.000000000000
300,CN,6,Nash,-0.444000000000,0.186000000000,False,0.000000000000,1.000000000000,1.000000000000,1.000000000000,1.000000000000
300,CN,6,SEQ,0.148000000000,0.186000000000,False,0.000000000000,1.000000000000,1.000000000000,1.000000000000,1.000000000000
300,CN,6,SMR,-0.384000000000,0.186000000000,False,0.000000000000,1.000000000000,1.000000000000,1.000000000000,1.000000000000
300,CN,7,GMR,0.024000000000,0.234000000000,False,0.000000000000,1.000000000000,0.000000000000,1.000000000000,0.920000000000
300,CN,7,Nash,-0.476000000000,0.234000000000,False,0.000000000000,1.000000000000,1.000000000000,1.000000000000,1.000000000000
300,CN,7,SEQ,-0.236000000000,0.234000000000,False,0.000000000000,1.000000000000,1.000000000000,1.000000000000,1.000000000000
300,CN,7,SMR,-0.384000000000,0.234000000000,False,0.000000000000,1.000000000000,1.000000000000,1.000000000000,1.000000000000
300,CN,8,GMR,0.354000000000,0.354000000000,False,0.000000000000,1.000000000000,1.000000000000,1.000000000000,1.000000000000
300,CN,8,Nash,0.354000000000,0.354000000000,False,0.000000000000,1.000000000000,1.000000000000,1.000000000000,1.000000000000
300,CN,8,SEQ,0.354000000000,0.354000000000,False,0.000000000000,1.000000000000,1.000000000000,1.000000000000,1.000000000000
300,CN,8,SMR,0.354000000000,0.354000000000,False,0.000000000000,1.000000000000,1.000000000000,1.000000000000,1.000000000000
300,CN,9,GMR,0.492000000000,0.042000000000,False,0.000000000000,0.180000000000,0.180000000000,1.000000000000,1.000000000000
300,CN,9,Nash,-0.384000000000,0.042000000000,False,0.000000000000,0.180000000000,0.180000000000,1.000000000000,1.000000000000
300,CN,9,SEQ,-0.500000000000,0.042000000000,False,0.000000000000,0.180000000000,0.180000000000,1.000000000000,1.000000000000
300,CN,9,SMR,-0.280000000000,0.042000000000,False,0.000000000000,0.180000000000,0.180000000000,1.000000000000,1.000000000000
300,CN,10,GMR,0.500000000000,,True,0.000000000000,1.000000000000,1.000000000000,1.000000000000,1.000000000000
300,CN,10,Nash,0.500000000000,,True,0.000000000000,1.000000000000,1.000000000000,1.000000000000,1.000000000000
300,CN,10,SEQ,0.500000000000,,True,0.000000000000,1.000000000000,1.000000000000,1.000000000000,1.000000000000
300,CN,10,SMR,0.500000000000,,True,0.000000000000,1.000000000000,1.000000000000,1.000000000000,1.000000000000
300,CN,11,GMR,-0.084000000000,0.110000000000,False,0.000000000000,1.000000000000,1.000000000000,1.000000000000,1.000000000000
300,CN,11,Nash,-0.446000000000,0.110000000000,False,0.000000000000,1.000000000000,1.000000000000,1.000000000000,1.000000000000
300,CN,11,SEQ,-0.500000000000,0.110000000000,False,0.000000000000,1.000000000000,1.000000000000,1.000000000000,1.000000000000
300,CN,11,SMR,-0.360000000000,0.110000000000,False,0.000000000000,1.000000000000,1.000000000000,1.000000000000,1.000000000000
300,CN,12,GMR,-0.342000000000,0.078000000000,False,0.000000000000,1.000000000000,1.000000000000,1.000000000000,1.000000000000
300,CN,12,Nash,-0.390000000000,0.078000000000,False,0.000000000000,1.000000000000,1.000000000000,1.000000000000,1.000000000000
300,CN,12,SEQ,-0.500000000000,0.078000000000,False,0.000000000000,1.000000000000,1.000000000000,1.000000000000,1.000000000000
300,CN,12,SMR,-0.384000000000,0.078000000000,False,0.000000000000,1.000000000000,1.000000000000,1.000000000000,1.000000000000
300,CN,13,GMR,0.276000000000,0.090000000000,False,0.000000000000,1.000000000000,1.000000000000,1.000000000000,1.000000000000
300,CN,13,Nash,-0.396000000000,0.090000000000,False,0.000000000000,1.000000000000,1.000000000000,1.000000000000,1.000000000000
300,CN,13,SEQ,-0.288000000000,0.090000000000,False,0.000000000000,1.000000000000,1.000000000000,1.000000000000,1.000000000000
300,CN,13,SMR,-0.256000000000,0.090000000000,False,0.000000000000,1.000000000000,1.000000000000,1.000000000000,1.000000000000
300,CN,14,GMR,-0.468000000000,0.124000000000,False,0.000000000000,1.000000000000,1.000000000000,1.000000000000,1.000000000000
300,CN,14,Nash,-0.466000000000,0.124000000000,False,0.000000000000,1.000000000000,1.000000000000,1.000000000000,1.000000000000
300,CN,14,SEQ,-0.468000000000,0.124000000000,False,0.000000000000,1.000000000000,1.000000000000,1.000000000000,1.000000000000
300,CN,14,SMR,-0.468000000000,0.124000000000,False,0.000000000000,1.000000000000,1.000000000000,1.000000000000,1.000000000000
300,CN,15,GMR,0.416000000000,0.028000000000,False,0.000000000000,0.000000000000,0.000000000000,0.930000000000,1.000000000000
300,CN,15,Nash,-0.028000000000,0.028000000000,False,0.000000000000,0.000000000000,0.000000000000,0.930000000000,0.930000000000
300,CN,15,SEQ,-0.434000000000,0.028000000000,False,0.000000000000,0.000000000000,0.000000000000,0.930000000000,0.930000000000
300,CN,15,SMR,-0.306000000000,0.028000000000,False,0.000000000000,0.000000000000,0.000000000000,0.930000000000,0.930000000000
300,CN,16,GMR,-0.486000000000,0.326000000000,False,0.000000000000,1.000000000000,1.000000000000,1.000000000000,1.000000000000
300,CN,16,Nash,-0.464000000000,0.326000000000,False,0.000000000000,1.000000000000,1.000000000000,1.000000000000,1.000000000000
300,CN,16,SEQ,-0.500000000000,0.326000000000,False,0.000000000000,1.000000000000,1.000000000000,1.000000000000,1.000000000000
300,CN,16,SMR,-0.486000000000,0.326000000000,False,0.000000000000,1.000000000000,1.000000000000,1.000000000000,1.000000000000
300,CN,17,GMR,0.500000000000,,True,0.000000000000,1.000000000000,1.000000000000,1.000000000000,1.000000000000
300,CN,17,Nash,0.500000000000,,True,0.000000000000,1.000000000000,1.000000000000,1.000000000000,1.000000000000
300,CN,17,SEQ,0.500000000000,,True,0.000000000000,1.000000000000,1.000000000000,1.000000000000,1.000000000000
300,CN,17,SMR,0.500000000000,,True,0.000000000000,1.000000000000,1.000000000000,1.000000000000,1.000000000000
300,CN,18,GMR,0.324000000000,0.410000000000,False,0.000000000000,1.000000000000,1.000000000000,1.000000000000,1.000000000000
300,CN,18,Nash,-0.498000000000,0.410000000000,False,0.000000000000,1.000000000000,1.000000000000,1.000000000000,1.000000000000
300,CN,18,SEQ,0.182000000000,0.410000000000,False,0.000000000000,1.000000000000,1.000000000000,1.000000000000,1.000000000000
300,CN,18,SMR,-0.104000000000,0.410000000000,False,0.000000000000,1.000000000000,1.000000000000,1.000000000000,1.000000000000
300,CN,19,GMR,0.390000000000,0.286000000000,False,0.000000000000,1.000000000000,1.000000000000,1.000000000000,1.000000000000
300,CN,19,Nash,-0.484000000000,0.286000000000,False,0.000000000000,1.000000000000,1.000000000000,1.000000000000,1.000000000000
300,CN,19,SEQ,-0.492000000000,0.286000000000,False,0.000000000000,1.000000000000,1.000000000000,1.000000000000,1.000000000000
300,CN,19,SMR,0.330000000000,0.286000000000,False,0.000000000000,1.000000000000,1.000000000000,1.000000000000,1.000000000000
300,CN,20,GMR,-0.496000000000,0.498000000000,False,0.000000000000,1.000000000000,1.000000000000,1.000000000000,1.000000000000
300,CN,20,Nash,-0.500000000000,0.498000000000,False,0.000000000000,1.000000000000,1.000000000000,1.000000000000,1.000000000000
300,CN,20,SEQ,-0.496000000000,0.498000000000,False,0.000000000000,1.000000000000,1.000000000000,1.000000000000,1.000000000000
300,CN,20,SMR,-0.498000000000,0.498000000000,False,0.000000000000,1.000000000000,1.000000000000,1.000000000000,1.000000000000
300,CN,21,GMR,-0.210000000000,0.182000000000,False,0.000000000000,1.000000000000,1.000000000000,1.000000000000,1.000000000000
300,CN,21,Nash,-0.498000000000,0.182000000000,False,0.000000000000,1.000000000000,1.000000000000,1.000000000000,1.000000000000
300,CN,21,SEQ,-0.478000000000,0.182000000000,False,0.000000000000,1.000000000000,1.000000000000,1.000000000000,1.000000000000
300,CN,21,SMR,-0.470000000000,0.182000000000,False,0.000000000000,1.000000000000,1.000000000000,1.000000000000,1.000000000000
300,CN,22,GMR,0.498000000000,0.498000000000,False,0.000000000000,1.000000000000,1.000000000000,1.000000000000,1.000000000000
300,CN,22,Nash,0.498000000000,0.498000000000,False,0.000000000000,1.000000000000,1.000000000000,1.000000000000,1.000000000000
300,CN,22,SEQ,0.498000000000,0.498000000000,False,0.000000000000,1.000000000000,1.000000000000,1.000000000000,1.000000000000
300,CN,22,SMR,0.498000000000,0.498000000000,False,0.000000000000,1.000000000000,1.000000000000,1.000000000000,1.000000000000
300,CN,23,GMR,0.456000000000,0.456000000000,False,0.000000000000,1.000000000000,1.000000000000,1.000000000000,1.000000000000
300,CN,23,Nash,0.456000000000,0.456000000000,False,0.000000000000,1.000000000000,1.000000000000,1.000000000000,1.000000000000
300,CN,23,SEQ,0.456000000000,0.456000000000,False,0.000000000000,1.000000000000,1.000000000000,1.000000000000,1.000000000000
300,CN,23,SMR,0.456000000000,0.456000000000,False,0.000000000000,1.000000000000,1.000000000000,1.000000000000,1.000000000000
300,CN,24,GMR,-0.160000000000,0.038000000000,False,0.000000000000,0.030000000000,0.030000000000,1.000000000000,1.000000000000
300,CN,24,Nash,-0.492000000000,0.038000000000,False,0.000000000000,0.030000000000,0.030000000000,1.000000000000,1.000000000000
300,CN,24,SEQ,-0.434000000000,0.038000000000,False,0.000000000000,0.030000000000,0.030000000000,1.000000000000,1.000000000000
300,CN,24,SMR,-0.484000000000,0.038000000000,False,0.000000000000,0.030000000000,0.030000000000,1.000000000000,1.000000000000
300,CN,25,GMR,0.488000000000,0.456000000000,False,0.000000000000,1.000000000000,1.000000000000,1.000000000000,1.000000000000
300,CN,25,Nash,-0.456000000000,0.456000000000,False,0.000000000000,1.000000000000,1.000000000000,1.000000000000,1.000000000000
300,CN,25,SEQ,-0.500000000000,0.456000000000,False,0.000000000000,1.000000000000,1.000000000000,1.000000000000,1.000000000000
300,CN,25,SMR,-0.272000000000,0.456000000000,False,0.000000000000,1.000000000000,1.000000000000,1.000000000000,1.000000000000
300,CN,26,GMR,-0.348000000000,0.410000000000,False,0.000000000000,1.000000000000,1.000000000000,1.000000000000,1.000000000000
300,CN,26,Nash,-0.500000000000,0.410000000000,False,0.000000000000,1.000000000000,1.000000000000,1.000000000000,1.000000000000
300,CN,26,SEQ,-0.430000000000,0.410000000000,False,0.000000000000,1.000000000000,1.000000000000,1.000000000000,1.000000000000
300,CN,26,SMR,-0.430000000000,0.410000000000,False,0.000000000000,1.000000000000,1.000000000000,1.000000000000,1.000000000000
300,CN,27,GMR,0.438000000000,0.438000000000,False,0.000000000000,1.000000000000,1.000000000000,1.000000000000,1.000000000000
300,CN,27,Nash,0.438000000000,0.438000000000,False,0.000000000000,1.000000000000,1.000000000000,1.000000000000,1.000000000000
300,CN,27,SEQ,0.438000000000,0.438000000000,False,0.000000000000,1.000000000000,1.000000000000,1.000000000000,1.000000000000
300,CN,27,SMR,0.438000000000,0.438000000000,False,0.000000000000,1.000000000000,1.000000000000,1.000000000000,1.000000000000
300,CN,28,GMR,0.272000000000,0.272000000000,False,0.000000000000,1.000000000000,1.000000000000,1.000000000000,1.000000000000
300,CN,28,Nash,0.272000000000,0.272000000000,False,0.000000000000,1.000000000000,1.000000000000,1.000000000000,1.000000000000
300,CN,28,SEQ,0.272000000000,0.272000000000,False,0.000000000000,1.000000000000,1.000000000000,1.000000000000,1.000000000000
300,CN,28,SMR,0.272000000000,0.272000000000,False,0.000000000000,1.000000000000,1.000000000000,1.000000000000,1.000000000000
300,CN,29,GMR,0.500000000000,0.134000000000,False,0.000000000000,1.000000000000,1.000000000000,1.000000000000,1.000000000000
300,CN,29,Nash,-0.134000000000,0.134000000000,False,0.000000000000,1.000000000000,1.000000000000,1.000000000000,1.000000000000
300,CN,29,SEQ,0.500000000000,0.134000000000,False,0.000000000000,1.000000000000,1.000000000000,1.000000000000,1.000000000000
300,CN,29,SMR,0.264000000000,0.134000000000,False,0.000000000000,1.000000000000,1.000000000000,1.000000000000,1.000000000000
300,CN,30,GMR,-0.088000000000,0.256000000000,False,0.000000000000,1.000000000000,1.000000000000,1.000000000000,1.000000000000
300,CN,30,Nash,-0.482000000000,0.256000000000,False,0.000000000000,1.000000000000,1.000000000000,1.000000000000,1.000000000000
300,CN,30,SEQ,-0.236000000000,0.256000000000,False,0.000000000000,1.000000000000,1.000000000000,1.000000000000,1.000000000000
300,CN,30,SMR,-0.480000000000,0.256000000000,False,0.000000000000,1.000000000000,1.000000000000,1.000000000000,1.000000000000
300,CN,31,GMR,0.028000000000,0.028000000000,False,0.000000000000,0.000000000000,0.000000000000,0.930000000000,1.000000000000
300,CN,31,Nash,0.028000000000,0.028000000000,False,0.000000000000,0.000000000000,0.000000000000,0.930000000000,0.930000000000
300,CN,31,SEQ,0.028000000000,0.028000000000,False,0.000000000000,0.000000000000,0.000000000000,0.930000000000,0.930000000000
300,CN,31,SMR,0.028000000000,0.028000000000,False,0.000000000000,0.000000000000,0.000000000000,0.930000000000,0.930000000000
300,CN,32,GMR,-0.374000000000,0.066000000000,False,0.000000000000,0.950000000000,0.950000000000,1.000000000000,1.000000000000
300,CN,32,Nash,-0.500000000000,0.066000000000,False,0.000000000000,0.950000000000,0.950000000000,1.000000000000,1.000000000000
300,CN,32,SEQ,-0.500000000000,0.066000000000,False,0.000000000000,0.950000000000,0.950000000000,1.000000000000,1.000000000000
300,CN,32,SMR,-0.374000000000,0.066000000000,False,0.000000000000,0.950000000000,0.950000000000,1.000000000000,1.000000000000
300,CN,33,GMR,0.500000000000,0.482000000000,False,0.000000000000,1.000000000000,1.000000000000,1.000000000000,1.000000000000
300,CN,33,Nash,-0.482000000000,0.482000000000,False,0.000000000000,1.000000000000,1.000000000000,1.000000000000,1.000000000000
300,CN,33,SEQ,0.306000000000,0.482000000000,False,0.000000000000,1.000000000000,1.000000000000,1.000000000000,1.000000000000
300,CN,33,SMR,0.462000000000,0.482000000000,False,0.000000000000,1.000000000000,1.000000000000,1.000000000000,1.000000000000
300,CN,34,GMR,0.448000000000,0.382000000000,False,0.000000000000,1.000000000000,1.000000000000,1.000000000000,1.000000000000
300,CN,34,Nash,-0.500000000000,0.382000000000,False,0.000000000000,1.000000000000,1.000000000000,1.000000000000,1.000000000000
300,CN,34,SEQ,0.194000000000,0.382000000000,False,0.000000000000,1.000000000000,1.000000000000,1.000000000000,1.000000000000
300,CN,34,SMR,0.398000000000,0.382000000000,False,0.000000000000,1.000000000000,1.000000000000,1.000000000000,1.000000000000
300,CN,35,GMR,0.482000000000,0.308000000000,False,0.000000000000,1.000000000000,1.000000000000,1.000000000000,1.000000000000
300,CN,35,Nash,-0.500000000000,0.308000000000,False,0.000000000000,1.000000000000,1.000000000000,1.000000000000,1.000000000000
300,CN,35,SEQ,-0.500000000000,0.308000000000,False,0.000000000000,1.000000000000,1.000000000000,1.000000000000,1.000000000000
300,CN,35,SMR,0.170000000000,0.308000000000,False,0.000000000000,1.000000000000,1.000000000000,1.000000000000,1.000000000000
300,CN,36,GMR,0.476000000000,0.308000000000,False,0.000000000000,1.000000000000,1.000000000000,1.000000000000,1.000000000000
300,CN,36,Nash,-0.312000000000,0.308000000000,False,0.000000000000,1.000000000000,1.000000000000,1.000000000000,1.000000000000
300,CN,36,SEQ,0.234000000000,0.308000000000,False,0.000000000000,1.000000000000,1.000000000000,1.000000000000,1.000000000000
300,CN,36,SMR,-0.394000000000,0.308000000000,False,0.000000000000,1.000000000000,1.000000000000,1.000000000000,1.000000000000
300,CN,37,GMR,0.088000000000,0.002000000000,False,0.000000000000,0.000000000000,0.000000000000,0.490000000000,1.000000000000
300,CN,37,Nash,-0.322000000000,0.002000000000,False,0.000000000000,0.000000000000,0.000000000000,0.490000000000,1.000000000000
300,CN,37,SEQ,-0.478000000000,0.002000000000,False,0.000000000000,0.000000000000,0.000000000000,0.490000000000,1.000000000000
300,CN,37,SMR,-0.400000000000,0.002000000000,False,0.000000000000,0.000000000000,0.000000000000,0.490000000000,1.000000000000
300,CN,38,GMR,0.186000000000,0.186000000000,False,0.000000000000,1.000000000000,1.000000000000,1.000000000000,1.000000000000
300,CN,38,Nash,0.186000000000,0.186000000000,False,0.000000000000,1.000000000000,1.000000000000,1.000000000000,1.000000000000
300,CN,38,SEQ,0.186000000000,0.186000000000,False,0.000000000000,1.000000000000,1.000000000000,1.000000000000,1.000000000000
300,CN,38,SMR,0.186000000000,0.186000000000,False,0.000000000000,1.000000000000,1.000000000000,1.000000000000,1.000000000000
300,CN,39,GMR,0.446000000000,0.446000000000,False,0.000000000000,1.000000000000,1.000000000000,1.000000000000,1.000000000000
300,CN,39,Nash,0.446000000000,0.446000000000,False,0.000000000000,1.000000000000,1.000000000000,1.000000000000,1.000000000000
300,CN,39,SEQ,0.446000000000,0.446000000000,False,0.000000000000,1.000000000000,1.000000000000,1.000000000000,1.000000000000
300,CN,39,SMR,0.446000000000,0.446000000000,False,0.000000000000,1.000000000000,1.000000000000,1.000000000000,1.000000000000
300,CN,40,GMR,-0.294000000000,0.468000000000,False,0.000000000000,1.000000000000,1.000000000000,1.000000000000,1.000000000000
300,CN,40,Nash,-0.488000000000,0.468000000000,False,0.000000000000,1.000000000000,1.000000000000,1.000000000000,1.000000000000
300,CN,40,SEQ,-0.316000000000,0.468000000000,False,0.000000000000,1.000000000000,1.000000000000,1.000000000000,1.000000000000
300,CN,40,SMR,-0.478000000000,0.468000000000,False,0.000000000000,1.000000000000,1.000000000000,1.000000000000,1.000000000000
300,CN,41,GMR,-0.482000000000,0.490000000000,False,0.000000000000,1.000000000000,1.000000000000,1.000000000000,1.000000000000
300,CN,41,Nash,-0.500000000000,0.490000000000,False,0.000000000000,1.000000000000,1.000000000000,1.000000000000,1.000000000000
300,CN,41,SEQ,-0.500000000000,0.490000000000,False,0.000000000000,1.000000000000,1.000000000000,1.000000000000,1.000000000000
300,CN,41,SMR,-0.498000000000,0.490000000000,False,0.000000000000,1.000000000000,1.000000000000,1.000000000000,1.000000000000
300,CN,42,GMR,0.370000000000,0.370000000000,False,0.000000000000,1.000000000000,1.000000000000,1.000000000000,1.000000000000
300,CN,42,Nash,0.370000000000,0.370000000000,False,0.000000000000,1.000000000000,1.000000000000,1.000000000000,1.000000000000
300,CN,42,SEQ,0.370000000000,0.370000000000,False,0.000000000000,1.000000000000,1.000000000000,1.000000000000,1.000000000000
300,CN,42,SMR,0.370000000000,0.370000000000,False,0.000000000000,1.000000000000,1.000000000000,1.000000000000,1.000000000000
300,CN,43,GMR,-0.058000000000,0.372000000000,False,0.000000000000,1.000000000000,0.810000000000,1.000000000000,1.000000000000
300,CN,43,Nash,-0.466000000000,0.372000000000,False,0.000000000000,1.000000000000,1.000000000000,1.000000000000,1.000000000000
300,CN,43,SEQ,-0.492000000000,0.372000000000,False,0.000000000000,1.000000000000,1.000000000000,1.000000000000,1.000000000000
300,CN,43,SMR,-0.058000000000,0.372000000000,False,0.000000000000,1.000000000000,0.810000000000,1.000000000000,1.000000000000
300,CN,44,GMR,0.032000000000,0.032000000000,False,0.000000000000,0.000000000000,0.000000000000,0.960000000000,1.000000000000
300,CN,44,Nash,0.032000000000,0.032000000000,False,0.000000000000,0.000000000000,0.000000000000,0.960000000000,0.960000000000
300,CN,44,SEQ,0.032000000000,0.032000000000,False,0.000000000000,0.000000000000,0.000000000000,0.960000000000,0.960000000000
300,CN,44,SMR,0.032000000000,0.032000000000,False,0.000000000000,0.000000000000,0.000000000000,0.960000000000,1.000000000000
300,CN,45,GMR,0.500000000000,0.006000000000,False,0.000000000000,0.000000000000,0.000000000000,0.580000000000,1.000000000000
300,CN,45,Nash,-0.006000000000,0.006000000000,False,0.000000000000,0.000000000000,0.000000000000,0.580000000000,0.580000000000
300,CN,45,SEQ,0.212000000000,0.006000000000,False,0.000000000000,0.000000000000,0.000000000000,0.580000000000,1.000000000000
300,CN,45,SMR,-0.276000000000,0.006000000000,False,0.000000000000,0.000000000000,0.000000000000,0.580000000000,0.580000000000
300,CN,46,GMR,-0.292000000000,0.258000000000,False,0.000000000000,1.000000000000,1.000000000000,1.000000000000,1.000000000000
300,CN,46,Nash,-0.396000000000,0.258000000000,False,0.000000000000,1.000000000000,1.000000000000,1.000000000000,1.000000000000
300,CN,46,SEQ,-0.292000000000,0.258000000000,False,0.000000000000,1.000000000000,1.000000000000,1.000000000000,1.000000000000
300,CN,46,SMR,-0.480000000000,0.258000000000,False,0.000000000000,1.000000000000,1.000000000000,1.000000000000,1.000000000000
300,CN,47,GMR,0.218000000000,0.066000000000,False,0.000000000000,0.950000000000,0.950000000000,1.000000000000,1.000000000000
300,CN,47,Nash,-0.268000000000,0.066000000000,False,0.000000000000,0.950000000000,0.950000000000,1.000000000000,1.000000000000
300,CN,47,SEQ,-0.316000000000,0.066000000000,False,0.000000000000,0.950000000000,0.950000000000,1.000000000000,1.000000000000
300,CN,47,SMR,-0.370000000000,0.066000000000,False,0.000000000000,0.950000000000,0.950000000000,1.000000000000,1.000000000000
300,CN,48,GMR,0.500000000000,0.252000000000,False,0.000000000000,1.000000000000,1.000000000000,1.000000000000,1.000000000000
300,CN,48,Nash,-0.252000000000,0.252000000000,False,0.000000000000,1.000000000000,1.000000000000,1.000000000000,1.000000000000
300,CN,48,SEQ,-0.500000000000,0.252000000000,False,0.000000000000,1.000000000000,1.000000000000,1.000000000000,1.000000000000
300,CN,48,SMR,0.306000000000,0.252000000000,False,0.000000000000,1.000000000000,1.000000000000,1.000000000000,1.000000000000
300,CN,49,GMR,0.470000000000,0.470000000000,False,0.000000000000,1.000000000000,1.000000000000,1.000000000000,1.000000000000
300,CN,49,Nash,0.470000000000,0.470000000000,False,0.000000000000,1.000000000000,1.000000000000,1.000000000000,1.000000000000
300,CN,49,SEQ,0.470000000000,0.470000000000,False,0.000000000000,1.000000000000,1.000000000000,1.000000000000,1.000000000000
300,CN,49,SMR,0.470000000000,0.470000000000,False,0.000000000000,1.000000000000,1.000000000000,1.000000000000,1.000000000000
300,CN,50,GMR,0.290000000000,0.202000000000,False,0.000000000000,1.000000000000,1.000000000000,1.000000000000,1.000000000000
300,CN,50,Nash,-0.498000000000,0.202000000000,False,0.000000000000,1.000000000000,1.000000000000,1.000000000000,1.000000000000
300,CN,50,SEQ,0.104000000000,0.202000000000,False,0.000000000000,1.000000000000,1.000000000000,1.000000000000,1.000000000000
300,CN,50,SMR,0.088000000000,0.202000000000,False,0.000000000000,1.000000000000,1.000000000000,1.000000000000,1.000000000000
300,CN,51,GMR,0.308000000000,0.308000000000,False,0.000000000000,1.000000000000,1.000000000000,1.000000000000,1.000000000000
300,CN,51,Nash,0.308000000000,0.308000000000,False,0.000000000000,1.000000000000,1.000000000000,1.000000000000,1.000000000000
300,CN,51,SEQ,0.308000000000,0.308000000000,False,0.000000000000,1.000000000000,1.000000000000,1.000000000000,1.000000000000
300,CN,51,SMR,0.308000000000,0.308000000000,False,0.000000000000,1.000000000000,1.000000000000,1.000000000000,1.000000000000
300,CN,52,GMR,0.312000000000,0.312000000000,False,0.000000000000,1.000000000000,1.000000000000,1.000000000000,1.000000000000
300,CN,52,Nash,0.312000000000,0.312000000000,False,0.000000000000,1.000000000000,1.000000000000,1.000000000000,1.000000000000
300,CN,52,SEQ,0.312000000000,0.312000000000,False,0.000000000000,1.000000000000,1.000000000000,1.000000000000,1.000000000000
300,CN,52,SMR,0.312000000000,0.312000000000,False,0.000000000000,1.000000000000,1.000000000000,1.000000000000,1.000000000000
300,CN,53,GMR,-0.418000000000,0.078000000000,False,0.000000000000,1.000000000000,1.000000000000,1.000000000000,1.000000000000
300,CN,53,Nash,-0.498000000000,0.078000000000,False,0.000000000000,1.000000000000,1.000000000000,1.000000000000,1.000000000000
300,CN,53,SEQ,-0.478000000000,0.078000000000,False,0.000000000000,1.000000000000,1.000000000000,1.000000000000,1.000000000000
300,CN,53,SMR,-0.418000000000,0.078000000000,False,0.000000000000,1.000000000000,1.000000000000,1.000000000000,1.000000000000
300,CN,54,GMR,0.310000000000,0.498000000000,False,0.000000000000,1.000000000000,1.000000000000,1.000000000000,1.000000000000
300,CN,54,Nash,-0.498000000000,0.498000000000,False,0.000000000000,1.000000000000,1.000000000000,1.000000000000,1.000000000000
300,CN,54,SEQ,0.212000000000,0.498000000000,False,0.000000000000,1.000000000000,1.000000000000,1.000000000000,1.000000000000
300,CN,54,SMR,-0.470000000000,0.498000000000,False,0.000000000000,1.000000000000,1.000000000000,1.000000000000,1.000000000000
300,CN,55,GMR,-0.358000000000,0.174000000000,False,0.000000000000,1.000000000000,1.000000000000,1.000000000000,1.000000000000
300,CN,55,Nash,-0.500000000000,0.174000000000,False,0.000000000000,1.000000000000,1.000000000000,1.000000000000,1.000000000000
300,CN,55,SEQ,-0.358000000000,0.174000000000,False,0.000000000000,1.000000000000,1.000000000000,1.000000000000,1.000000000000
300,CN,55,SMR,-0.478000000000,0.174000000000,False,0.000000000000,1.000000000000,1.000000000000,1.000000000000,1.000000000000
300,CN,56,GMR,-0.476000000000,0.448000000000,False,0.000000000000,1.000000000000,1.000000000000,1.000000000000,1.000000000000
300,CN,56,Nash,-0.500000000000,0.448000000000,False,0.000000000000,1.000000000000,1.000000000000,1.000000000000,1.000000000000
300,CN,56,SEQ,-0.476000000000,0.448000000000,False,0.000000000000,1.000000000000,1.000000000000,1.000000000000,1.000000000000
300,CN,56,SMR,-0.500000000000,0.448000000000,False,0.000000000000,1.000000000000,1.000000000000,1.000000000000,1.000000000000
300,CN,57,GMR,0.500000000000,0.234000000000,False,0.000000000000,1.000000000000,1.000000000000,1.000000000000,1.000000000000
300,CN,57,Nash,-0.234000000000,0.234000000000,False,0.000000000000,1.000000000000,1.000000000000,1.000000000000,1.000000000000
300,CN,57,SEQ,-0.500000000000,0.234000000000,False,0.000000000000,1.000000000000,1.000000000000,1.000000000000,1.000000000000
300,CN,57,SMR,0.386000000000,0.234000000000,False,0.000000000000,1.000000000000,1.000000000000,1.000000000000,1.000000000000
300,CN,58,GMR,0.476000000000,0.008000000000,False,0.000000000000,0.000000000000,0.000000000000,0.690000000000,1.000000000000
300,CN,58,Nash,-0.364000000000,0.008000000000,False,0.000000000000,0.000000000000,0.000000000000,0.690000000000,1.000000000000
300,CN,58,SEQ,0.476000000000,0.008000000000,False,0.000000000000,0.000000000000,0.000000000000,0.690000000000,1.000000000000
300,CN,58,SMR,0.468000000000,0.008000000000,False,0.000000000000,0.000000000000,0.000000000000,0.690000000000,1.000000000000
300,CN,59,GMR,0.496000000000,0.358000000000,False,0.000000000000,1.000000000000,1.000000000000,1.000000000000,1.000000000000
300,CN,59,Nash,-0.408000000000,0.358000000000,False,0.000000000000,1.000000000000,1.000000000000,1.000000000000,1.000000000000
300,CN,59,SEQ,-0.492000000000,0.358000000000,False,0.000000000000,1.000000000000,1.000000000000,1.000000000000,1.000000000000
300,CN,59,SMR,0.424000000000,0.358000000000,False,0.000000000000,1.000000000000,1.000000000000,1.000000000000,1.000000000000
300,CN,60,GMR,0.126000000000,0.032000000000,False,0.000000000000,0.000000000000,0.000000000000,0.960000000000,1.000000000000
300,CN,60,Nash,-0.032000000000,0.032000000000,False,0.000000000000,0.000000000000,0.000000000000,0.960000000000,0.960000000000
300,CN,60,SEQ,-0.382000000000,0.032000000000,False,0.000000000000,0.000000000000,0.000000000000,0.960000000000,0.960000000000
300,CN,60,SMR,0.108000000000,0.032000000000,False,0.000000000000,0.000000000000,0.000000000000,0.960000000000,1.000000000000
300,CN,61,GMR,-0.184000000000,0.218000000000,False,0.000000000000,1.000000000000,1.000000000000,1.000000000000,1.000000000000
300,CN,61,Nash,-0.252000000000,0.218000000000,False,0.000000000000,1.000000000000,1.000000000000,1.000000000000,1.000000000000
300,CN,61,SEQ,-0.184000000000,0.218000000000,False,0.000000000000,1.000000000000,1.000000000000,1.000000000000,1.000000000000
300,CN,61,SMR,-0.298000000000,0.218000000000,False,0.000000000000,1.000000000000,1.000000000000,1.000000000000,1.000000000000
300,CN,62,GMR,0.466000000000,0.376000000000,False,0.000000000000,1.000000000000,1.000000000000,1.000000000000,1.000000000000
300,CN,62,Nash,-0.376000000000,0.376000000000,False,0.000000000000,1.000000000000,1.000000000000,1.000000000000,1.000000000000
300,CN,62,SEQ,0.200000000000,0.376000000000,False,0.000000000000,1.000000000000,1.000000000000,1.000000000000,1.000000000000
300,CN,62,SMR,0.298000000000,0.376000000000,False,0.000000000000,1.000000000000,1.000000000000,1.000000000000,1.000000000000
300,CN,63,GMR,0.476000000000,0.054000000000,False,0.000000000000,0.640000000000,0.640000000000,1.000000000000,1.000000000000
300,CN,63,Nash,-0.054000000000,0.054000000000,False,0.000000000000,0.640000000000,0.620000000000,1.000000000000,1.000000000000
300,CN,63,SEQ,-0.064000000000,0.054000000000,False,0.000000000000,0.640000000000,0.640000000000,1.000000000000,1.000000000000
300,CN,63,SMR,-0.396000000000,0.054000000000,False,0.000000000000,0.640000000000,0.640000000000,1.000000000000,1.000000000000
300,CN,64,GMR,-0.218000000000,0.442000000000,False,0.000000000000,1.000000000000,1.000000000000,1.000000000000,1.000000000000
300,CN,64,Nash,-0.500000000000,0.442000000000,False,0.000000000000,1.000000000000,1.000000000000,1.000000000000,1.000000000000
300,CN,64,SEQ,-0.500000000000,0.442000000000,False,0.000000000000,1.000000000000,1.000000000000,1.000000000000,1.000000000000
300,CN,64,SMR,-0.328000000000,0.442000000000,False,0.000000000000,1.000000000000,1.000000000000,1.000000000000,1.000000000000
300,CN,65,GMR,0.490000000000,0.490000000000,False,0.000000000000,1.000000000000,1.000000000000,1.000000000000,1.000000000000
300,CN,65,Nash,0.490000000000,0.490000000000,False,0.000000000000,1.000000000000,1.000000000000,1.000000000000,1.000000000000
300,CN,65,SEQ,0.490000000000,0.490000000000,False,0.000000000000,1.000000000000,1.000000000000,1.000000000000,1.000000000000
300,CN,65,SMR,0.490000000000,0.490000000000,False,0.000000000000,1.000000000000,1.000000000000,1.000000000000,1.000000000000
300,CN,66,GMR,0.262000000000,0.262000000000,False,0.000000000000,1.000000000000,1.000000000000,1.000000000000,1.000000000000
300,CN,66,Nash,0.262000000000,0.262000000000,False,0.000000000000,1.000000000000,1.000000000000,1.000000000000,1.000000000000
300,CN,66,SEQ,0.262000000000,0.262000000000,False,0.000000000000,1.000000000000,1.000000000000,1.000000000000,1.000000000000
300,CN,66,SMR,0.262000000000,0.262000000000,False,0.000000000000,1.000000000000,1.000000000000,1.000000000000,1.000000000000
300,CN,67,GMR,0.500000000000,0.292000000000,False,0.000000000000,1.000000000000,1.000000000000,1.000000000000,1.000000000000
300,CN,67,Nash,-0.292000000000,0.292000000000,False,0.000000000000,1.000000000000,1.000000000000,1.000000000000,1.000000000000
300,CN,67,SEQ,-0.500000000000,0.292000000000,False,0.000000000000,1.000000000000,1.000000000000,1.000000000000,1.000000000000
300,CN,67,SMR,0.384000000000,0.292000000000,False,0.000000000000,1.000000000000,1.000000000000,1.000000000000,1.000000000000
300,CN,68,GMR,0.462000000000,0.462000000000,False,0.000000000000,1.000000000000,1.000000000000,1.000000000000,1.000000000000
300,CN,68,Nash,0.462000000000,0.462000000000,False,0.000000000000,1.000000000000,1.000000000000,1.000000000000,1.000000000000
300,CN,68,SEQ,0.462000000000,0.462000000000,False,0.000000000000,1.000000000000,1.000000000000,1.000000000000,1.000000000000
300,CN,68,SMR,0.462000000000,0.462000000000,False,0.000000000000,1.000000000000,1.000000000000,1.000000000000,1.000000000000
300,CN,69,GMR,0.130000000000,0.090000000000,False,0.000000000000,1.000000000000,1.000000000000,1.000000000000,1.000000000000
300,CN,69,Nash,-0.262000000000,0.090000000000,False,0.000000000000,1.000000000000,1.000000000000,1.000000000000,1.000000000000
300,CN,69,SEQ,-0.382000000000,0.090000000000,False,0.000000000000,1.000000000000,1.000000000000,1.000000000000,1.000000000000
300,CN,69,SMR,0.130000000000,0.090000000000,False,0.000000000000,1.000000000000,1.000000000000,1.000000000000,1.000000000000
300,CN,70,GMR,0.482000000000,0.046000000000,False,0.000000000000,0.340000000000,0.340000000000,1.000000000000,1.000000000000
300,CN,70,Nash,-0.142000000000,0.046000000000,False,0.000000000000,0.340000000000,0.340000000000,1.000000000000,1.000000000000
300,CN,70,SEQ,-0.500000000000,0.046000000000,False,0.000000000000,0.340000000000,0.340000000000,1.000000000000,1.000000000000
300,CN,70,SMR,0.444000000000,0.046000000000,False,0.000000000000,0.340000000000,0.340000000000,1.000000000000,1.000000000000
300,CN,71,GMR,0.500000000000,,True,0.000000000000,1.000000000000,1.000000000000,1.000000000000,1.000000000000
300,CN,71,Nash,0.500000000000,,True,0.000000000000,1.000000000000,1.000000000000,1.000000000000,1.000000000000
300,CN,71,SEQ,0.500000000000,,True,0.000000000000,1.000000000000,1.000000000000,1.000000000000,1.000000000000
300,CN,71,SMR,0.500000000000,,True,0.000000000000,1.000000000000,1.000000000000,1.000000000000,1.000000000000
300,CN,72,GMR,0.090000000000,0.090000000000,False,0.000000000000,1.000000000000,1.000000000000,1.000000000000,1.000000000000
300,CN,72,Nash,0.090000000000,0.090000000000,False,0.000000000000,1.000000000000,1.000000000000,1.000000000000,1.000000000000
300,CN,72,SEQ,0.090000000000,0.090000000000,False,0.000000000000,1.000000000000,1.000000000000,1.000000000000,1.000000000000
300,CN,72,SMR,0.090000000000,0.090000000000,False,0.000000000000,1.000000000000,1.000000000000,1.000000000000,1.000000000000
300,CN,73,GMR,0.500000000000,,True,0.000000000000,1.000000000000,1.000000000000,1.000000000000,1.000000000000
300,CN,73,Nash,0.500000000000,,True,0.000000000000,1.000000000000,1.000000000000,1.000000000000,1.000000000000
300,CN,73,SEQ,0.500000000000,,True,0.000000000000,1.000000000000,1.000000000000,1.000000000000,1.000000000000
300,CN,73,SMR,0.500000000000,,True,0.000000000000,1.000000000000,1.000000000000,1.000000000000,1.000000000000
300,CN,74,GMR,0.500000000000,0.500000000000,False,0.000000000000,1.000000000000,1.000000000000,1.000000000000,1.000000000000
300,CN,74,Nash,0.500000000000,0.500000000000,False,0.000000000000,1.000000000000,1.000000000000,1.000000000000,1.000000000000
300,CN,74,SEQ,0.500000000000,0.500000000000,False,0.000000000000,1.000000000000,1.000000000000,1.000000000000,1.000000000000
300,CN,74,SMR,0.500000000000,0.500000000000,False,0.000000000000,1.000000000000,1.000000000000,1.000000000000,1.000000000000
300,CN,75,GMR,-0.482000000000,0.312000000000,False,0.000000000000,1.000000000000,1.000000000000,1.000000000000,1.000000000000
300,CN,75,Nash,-0.346000000000,0.312000000000,False,0.000000000000,1.000000000000,1.000000000000,1.000000000000,1.000000000000
300,CN,75,SEQ,-0.482000000000,0.312000000000,False,0.000000000000,1.000000000000,1.000000000000,1.000000000000,1.000000000000
300,CN,75,SMR,-0.482000000000,0.312000000000,False,0.000000000000,1.000000000000,1.000000000000,1.000000000000,1.000000000000
300,CN,76,GMR,0.410000000000,0.410000000000,False,0.000000000000,1.000000000000,1.000000000000,1.000000000000,1.000000000000
300,CN,76,Nash,0.410000000000,0.410000000000,False,0.000000000000,1.000000000000,1.000000000000,1.000000000000,1.000000000000
300,CN,76,SEQ,0.410000000000,0.410000000000,False,0.000000000000,1.000000000000,1.000000000000,1.000000000000,1.000000000000
300,CN,76,SMR,0.410000000000,0.410000000000,False,0.000000000000,1.000000000000,1.000000000000,1.000000000000,1.000000000000
300,US,1,GMR,0.500000000000,0.306000000000,False,0.000000000000,1.000000000000,1.000000000000,1.000000000000,1.000000000000
300,US,1,Nash,-0.306000000000,0.306000000000,False,0.000000000000,1.000000000000,1.000000000000,1.000000000000,1.000000000000
300,US,1,SEQ,0.308000000000,0.306000000000,False,0.000000000000,1.000000000000,1.000000000000,1.000000000000,1.000000000000
300,US,1,SMR,0.466000000000,0.306000000000,False,0.000000000000,1.000000000000,1.000000000000,1.000000000000,1.000000000000
300,US,2,GMR,-0.132000000000,0.184000000000,False,0.000000000000,1.000000000000,1.000000000000,1.000000000000,1.000000000000
300,US,2,Nash,-0.500000000000,0.184000000000,False,0.000000000000,1.000000000000,1.000000000000,1.000000000000,1.000000000000
300,US,2,SEQ,-0.344000000000,0.184000000000,False,0.000000000000,1.000000000000,1.000000000000,1.000000000000,1.000000000000
300,US,2,SMR,-0.378000000000,0.184000000000,False,0.000000000000,1.000000000000,1.000000000000,1.000000000000,1.000000000000
300,US,3,GMR,0.500000000000,0.500000000000,False,0.000000000000,1.000000000000,1.000000000000,1.000000000000,1.000000000000
300,US,3,Nash,0.500000000000,0.500000000000,False,0.000000000000,1.000000000000,1.000000000000,1.000000000000,1.000000000000
300,US,3,SEQ,0.500000000000,0.500000000000,False,0.000000000000,1.000000000000,1.000000000000,1.000000000000,1.000000000000
300,US,3,SMR,0.500000000000,0.500000000000,False,0.000000000000,1.000000000000,1.000000000000,1.000000000000,1.000000000000
300,US,4,GMR,0.306000000000,0.306000000000,False,0.000000000000,1.000000000000,1.000000000000,1.000000000000,1.000000000000
300,US,4,Nash,0.306000000000,0.306000000000,False,0.000000000000,1.000000000000,1.000000000000,1.000000000000,1.000000000000
300,US,4,SEQ,0.306000000000,0.306000000000,False,0.000000000000,1.000000000000,1.000000000000,1.000000000000,1.000000000000
300,US,4,SMR,0.306000000000,0.306000000000,False,0.000000000000,1.000000000000,1.000000000000,1.000000000000,1.000000000000
300,US,5,GMR,0.184000000000,0.184000000000,False,0.000000000000,1.000000000000,1.000000000000,1.000000000000,1.000000000000
300,US,5,Nash,0.184000000000,0.184000000000,False,0.000000000000,1.000000000000,1.000000000000,1.000000000000,1.000000000000
300,US,5,SEQ,0.184000000000,0.184000000000,False,0.000000000000,1.000000000000,1.000000000000,1.000000000000,1.000000000000
300,US,5,SMR,0.184000000000,0.184000000000,False,0.000000000000,1.000000000000,1.000000000000,1.000000000000,1.000000000000
300,US,6,GMR,-0.500000000000,0.214000000000,False,0.000000000000,1.000000000000,1.000000000000,1.000000000000,1.000000000000
300,US,6,Nash,-0.500000000000,0.214000000000,False,0.000000000000,1.000000000000,1.000000000000,1.000000000000,1.000000000000
300,US,6,SEQ,-0.500000000000,0.214000000000,False,0.000000000000,1.000000000000,1.000000000000,1.000000000000,1.000000000000
300,US,6,SMR,-0.500000000000,0.214000000000,False,0.000000000000,1.000000000000,1.000000000000,1.000000000000,1.000000000000
300,US,7,GMR,0.500000000000,0.230000000000,False,0.000000000000,1.000000000000,1.000000000000,1.000000000000,1.000000000000
300,US,7,Nash,-0.500000000000,0.230000000000,False,0.000000000000,1.000000000000,1.000000000000,1.000000000000,1.000000000000
300,US,7,SEQ,-0.084000000000,0.230000000000,False,0.000000000000,1.000000000000,1.000000000000,1.000000000000,1.000000000000
300,US,7,SMR,0.500000000000,0.230000000000,False,0.000000000000,1.000000000000,1.000000000000,1.000000000000,1.000000000000
300,US,8,GMR,0.498000000000,0.230000000000,False,0.000000000000,1.000000000000,1.000000000000,1.000000000000,1.000000000000
300,US,8,Nash,-0.492000000000,0.230000000000,False,0.000000000000,1.000000000000,1.000000000000,1.000000000000,1.000000000000
300,US,8,SEQ,-0.138000000000,0.230000000000,False,0.000000000000,1.000000000000,1.000000000000,1.000000000000,1.000000000000
300,US,8,SMR,0.498000000000,0.230000000000,False,0.000000000000,1.000000000000,1.000000000000,1.000000000000,1.000000000000
300,US,9,GMR,0.492000000000,0.492000000000,False,0.000000000000,1.000000000000,1.000000000000,1.000000000000,1.000000000000
300,US,9,Nash,0.492000000000,0.492000000000,False,0.000000000000,1.000000000000,1.000000000000,1.000000000000,1.000000000000
300,US,9,SEQ,0.492000000000,0.492000000000,False,0.000000000000,1.000000000000,1.000000000000,1.000000000000,1.000000000000
300,US,9,SMR,0.492000000000,0.492000000000,False,0.000000000000,1.000000000000,1.000000000000,1.000000000000,1.000000000000
300,US,10,GMR,0.412000000000,0.182000000000,False,0.000000000000,1.000000000000,1.000000000000,1.000000000000,1.000000000000
300,US,10,Nash,-0.194000000000,0.182000000000,False,0.000000000000,1.000000000000,1.000000000000,1.000000000000,1.000000000000
300,US,10,SEQ,-0.076000000000,0.182000000000,False,0.000000000000,1.000000000000,1.000000000000,1.000000000000,1.000000000000
300,US,10,SMR,0.190000000000,0.182000000000,False,0.000000000000,1.000000000000,1.000000000000,1.000000000000,1.000000000000
300,US,11,GMR,0.500000000000,0.124000000000,False,0.000000000000,1.000000000000,1.000000000000,1.000000000000,1.000000000000
300,US,11,Nash,-0.124000000000,0.124000000000,False,0.000000000000,1.000000000000,1.000000000000,1.000000000000,1.000000000000
300,US,11,SEQ,-0.050000000000,0.124000000000,False,0.000000000000,1.000000000000,0.460000000000,1.000000000000,1.000000000000
300,US,11,SMR,0.388000000000,0.124000000000,False,0.000000000000,1.000000000000,1.000000000000,1.000000000000,1.000000000000
300,US,12,GMR,-0.500000000000,0.434000000000,False,0.000000000000,1.000000000000,1.000000000000,1.000000000000,1.000000000000
300,US,12,Nash,-0.500000000000,0.434000000000,False,0.000000000000,1.000000000000,1.000000000000,1.000000000000,1.000000000000
300,US,12,SEQ,-0.500000000000,0.434000000000,False,0.000000000000,1.000000000000,1.000000000000,1.000000000000,1.000000000000
300,US,12,SMR,-0.500000000000,0.434000000000,False,0.000000000000,1.000000000000,1.000000000000,1.000000000000,1.000000000000
300,US,13,GMR,0.062000000000,0.062000000000,False,0.000000000000,0.930000000000,0.930000000000,1.000000000000,1.000000000000
300,US,13,Nash,0.062000000000,0.062000000000,False,0.000000000000,0.930000000000,0.930000000000,1.000000000000,1.000000000000
300,US,13,SEQ,0.062000000000,0.062000000000,False,0.000000000000,0.930000000000,0.930000000000,1.000000000000,1.000000000000
300,US,13,SMR,0.062000000000,0.062000000000,False,0.000000000000,0.930000000000,0.930000000000,1.000000000000,1.000000000000
300,US,14,GMR,0.010000000000,0.444000000000,False,0.000000000000,1.000000000000,0.000000000000,1.000000000000,0.700000000000
300,US,14,Nash,-0.500000000000,0.444000000000,False,0.000000000000,1.000000000000,1.000000000000,1.000000000000,1.000000000000
300,US,14,SEQ,-0.086000000000,0.444000000000,False,0.000000000000,1.000000000000,1.000000000000,1.000000000000,1.000000000000
300,US,14,SMR,-0.086000000000,0.444000000000,False,0.000000000000,1.000000000000,1.000000000000,1.000000000000,1.000000000000
300,US,15,GMR,0.064000000000,0.064000000000,False,0.000000000000,0.950000000000,0.950000000000,1.000000000000,1.000000000000
300,US,15,Nash,0.064000000000,0.064000000000,False,0.000000000000,0.950000000000,0.950000000000,1.000000000000,1.000000000000
300,US,15,SEQ,0.064000000000,0.064000000000,False,0.000000000000,0.950000000000,0.950000000000,1.000000000000,1.000000000000
300,US,15,SMR,0.064000000000,0.064000000000,False,0.000000000000,0.950000000000,0.950000000000,1.000000000000,1.000000000000
300,US,16,GMR,0.230000000000,0.064000000000,False,0.000000000000,0.950000000000,0.950000000000,1.000000000000,1.000000000000
300,US,16,Nash,-0.064000000000,0.064000000000,False,0.000000000000,0.950000000000,0.950000000000,1.000000000000,1.000000000000
300,US,16,SEQ,-0.054000000000,0.064000000000,False,0.000000000000,0.950000000000,0.620000000000,1.000000000000,1.000000000000
300,US,16,SMR,0.154000000000,0.064000000000,False,0.000000000000,0.950000000000,0.950000000000,1.000000000000,1.000000000000
300,US,17,GMR,0.498000000000,0.082000000000,False,0.000000000000,1.000000000000,1.000000000000,1.000000000000,1.000000000000
300,US,17,Nash,-0.418000000000,0.082000000000,False,0.000000000000,1.000000000000,1.000000000000,1.000000000000,1.000000000000
300,US,17,SEQ,-0.498000000000,0.082000000000,False,0.000000000000,1.000000000000,1.000000000000,1.000000000000,1.000000000000
300,US,17,SMR,0.394000000000,0.082000000000,False,0.000000000000,1.000000000000,1.000000000000,1.000000000000,1.000000000000
300,US,18,GMR,-0.480000000000,0.304000000000,False,0.000000000000,1.000000000000,1.000000000000,1.000000000000,1.000000000000
300,US,18,Nash,-0.500000000000,0.304000000000,False,0.000000000000,1.000000000000,1.000000000000,1.000000000000,1.000000000000
300,US,18,SEQ,-0.498000000000,0.304000000000,False,0.000000000000,1.000000000000,1.000000000000,1.000000000000,1.000000000000
300,US,18,SMR,-0.480000000000,0.304000000000,False,0.000000000000,1.000000000000,1.000000000000,1.000000000000,1.000000000000
300,US,19,GMR,0.098000000000,0.304000000000,False,0.000000000000,1.000000000000,1.000000000000,1.000000000000,1.000000000000
300,US,19,Nash,-0.500000000000,0.304000000000,False,0.000000000000,1.000000000000,1.000000000000,1.000000000000,1.000000000000
300,US,19,SEQ,-0.498000000000,0.304000000000,False,0.000000000000,1.000000000000,1.000000000000,1.000000000000,1.000000000000
300,US,19,SMR,0.062000000000,0.304000000000,False,0.000000000000,1.000000000000,0.930000000000,1.000000000000,1.000000000000
300,US,20,GMR,0.500000000000,0.240000000000,False,0.000000000000,1.000000000000,1.000000000000,1.000000000000,1.000000000000
300,US,20,Nash,-0.500000000000,0.240000000000,False,0.000000000000,1.000000000000,1.000000000000,1.000000000000,1.000000000000
300,US,20,SEQ,0.336000000000,0.240000000000,False,0.000000000000,1.000000000000,1.000000000000,1.000000000000,1.000000000000
300,US,20,SMR,0.484000000000,0.240000000000,False,0.000000000000,1.000000000000,1.000000000000,1.000000000000,1.000000000000
300,US,21,GMR,0.500000000000,0.500000000000,False,0.000000000000,1.000000000000,1.000000000000,1.000000000000,1.000000000000
300,US,21,Nash,0.500000000000,0.500000000000,False,0.000000000000,1.000000000000,1.000000000000,1.000000000000,1.000000000000
300,US,21,SEQ,0.500000000000,0.500000000000,False,0.000000000000,1.000000000000,1.000000000000,1.000000000000,1.000000000000
300,US,21,SMR,0.500000000000,0.500000000000,False,0.000000000000,1.000000000000,1.000000000000,1.000000000000,1.000000000000
300,US,22,GMR,0.494000000000,0.500000000000,False,0.000000000000,1.000000000000,1.000000000000,1.000000000000,1.000000000000
300,US,22,Nash,-0.500000000000,0.500000000000,False,0.000000000000,1.000000000000,1.000000000000,1.000000000000,1.000000000000
300,US,22,SEQ,-0.028000000000,0.500000000000,False,0.000000000000,1.000000000000,0.000000000000,1.000000000000,0.950000000000
300,US,22,SMR,0.326000000000,0.500000000000,False,0.000000000000,1.000000000000,1.000000000000,1.000000000000,1.000000000000
300,US,23,GMR,0.500000000000,0.236000000000,False,0.000000000000,1.000000000000,1.000000000000,1.000000000000,1.000000000000
300,US,23,Nash,-0.496000000000,0.236000000000,False,0.000000000000,1.000000000000,1.000000000000,1.000000000000,1.000000000000
300,US,23,SEQ,-0.162000000000,0.236000000000,False,0.000000000000,1.000000000000,1.000000000000,1.000000000000,1.000000000000
300,US,23,SMR,0.500000000000,0.236000000000,False,0.000000000000,1.000000000000,1.000000000000,1.000000000000,1.000000000000
300,US,24,GMR,0.134000000000,0.236000000000,False,0.000000000000,1.000000000000,1.000000000000,1.000000000000,1.000000000000
300,US,24,Nash,-0.496000000000,0.236000000000,False,0.000000000000,1.000000000000,1.000000000000,1.000000000000,1.000000000000
300,US,24,SEQ,-0.456000000000,0.236000000000,False,0.000000000000,1.000000000000,1.000000000000,1.000000000000,1.000000000000
300,US,24,SMR,0.134000000000,0.236000000000,False,0.000000000000,1.000000000000,1.000000000000,1.000000000000,1.000000000000
300,US,25,GMR,0.496000000000,0.496000000000,False,0.000000000000,1.000000000000,1.000000000000,1.000000000000,1.000000000000
300,US,25,Nash,0.496000000000,0.496000000000,False,0.000000000000,1.000000000000,1.000000000000,1.000000000000,1.000000000000
300,US,25,SEQ,0.496000000000,0.496000000000,False,0.000000000000,1.000000000000,1.000000000000,1.000000000000,1.000000000000
300,US,25,SMR,0.496000000000,0.496000000000,False,0.000000000000,1.000000000000,1.000000000000,1.000000000000,1.000000000000
300,US,26,GMR,0.448000000000,0.036000000000,False,0.000000000000,0.010000000000,0.010000000000,0.990000000000,1.000000000000
300,US,26,Nash,-0.488000000000,0.036000000000,False,0.000000000000,0.010000000000,0.010000000000,0.990000000000,1.000000000000
300,US,26,SEQ,-0.272000000000,0.036000000000,False,0.000000000000,0.010000000000,0.010000000000,0.990000000000,1.000000000000
300,US,26,SMR,0.366000000000,0.036000000000,False,0.000000000000,0.010000000000,0.010000000000,0.990000000000,1.000000000000
300,US,27,GMR,0.450000000000,0.036000000000,False,0.000000000000,0.010000000000,0.010000000000,0.980000000000,1.000000000000
300,US,27,Nash,-0.482000000000,0.036000000000,False,0.000000000000,0.010000000000,0.010000000000,0.980000000000,1.000000000000
300,US,27,SEQ,-0.272000000000,0.036000000000,False,0.000000000000,0.010000000000,0.010000000000,0.980000000000,1.000000000000
300,US,27,SMR,-0.164000000000,0.036000000000,False,0.000000000000,0.010000000000,0.010000000000,0.980000000000,0.980000000000
300,US,28,GMR,0.498000000000,0.288000000000,False,0.000000000000,1.000000000000,1.000000000000,1.000000000000,1.000000000000
300,US,28,Nash,-0.288000000000,0.288000000000,False,0.000000000000,1.000000000000,1.000000000000,1.000000000000,1.000000000000
300,US,28,SEQ,0.134000000000,0.288000000000,False,0.000000000000,1.000000000000,1.000000000000,1.000000000000,1.000000000000
300,US,28,SMR,0.498000000000,0.288000000000,False,0.000000000000,1.000000000000,1.000000000000,1.000000000000,1.000000000000
300,US,29,GMR,0.288000000000,0.288000000000,False,0.000000000000,1.000000000000,1.000000000000,1.000000000000,1.000000000000
300,US,29,Nash,0.288000000000,0.288000000000,False,0.000000000000,1.000000000000,1.000000000000,1.000000000000,1.000000000000
300,US,29,SEQ,0.288000000000,0.288000000000,False,0.000000000000,1.000000000000,1.000000000000,1.000000000000,1.000000000000
300,US,29,SMR,0.288000000000,0.288000000000,False,0.000000000000,1.000000000000,1.000000000000,1.000000000000,1.000000000000
300,US,30,GMR,-0.024000000000,0.374000000000,False,0.000000000000,1.000000000000,0.000000000000,1.000000000000,0.900000000000
300,US,30,Nash,-0.434000000000,0.374000000000,False,0.000000000000,1.000000000000,1.000000000000,1.000000000000,1.000000000000
300,US,30,SEQ,-0.188000000000,0.374000000000,False,0.000000000000,1.000000000000,1.000000000000,1.000000000000,1.000000000000
300,US,30,SMR,-0.148000000000,0.374000000000,False,0.000000000000,1.000000000000,1.000000000000,1.000000000000,1.000000000000
300,US,31,GMR,0.434000000000,0.434000000000,False,0.000000000000,1.000000000000,1.000000000000,1.000000000000,1.000000000000
300,US,31,Nash,0.434000000000,0.434000000000,False,0.000000000000,1.000000000000,1.000000000000,1.000000000000,1.000000000000
300,US,31,SEQ,0.434000000000,0.434000000000,False,0.000000000000,1.000000000000,1.000000000000,1.000000000000,1.000000000000
300,US,31,SMR,0.434000000000,0.434000000000,False,0.000000000000,1.000000000000,1.000000000000,1.000000000000,1.000000000000
300,US,32,GMR,-0.066000000000,0.458000000000,False,0.000000000000,1.000000000000,0.950000000000,1.000000000000,1.000000000000
300,US,32,Nash,-0.458000000000,0.458000000000,False,0.000000000000,1.000000000000,1.000000000000,1.000000000000,1.000000000000
300,US,32,SEQ,-0.188000000000,0.458000000000,False,0.000000000000,1.000000000000,1.000000000000,1.000000000000,1.000000000000
300,US,32,SMR,-0.186000000000,0.458000000000,False,0.000000000000,1.000000000000,1.000000000000,1.000000000000,1.000000000000
300,US,33,GMR,0.264000000000,0.264000000000,False,0.000000000000,1.000000000000,1.000000000000,1.000000000000,1.000000000000
300,US,33,Nash,0.264000000000,0.264000000000,False,0.000000000000,1.000000000000,1.000000000000,1.000000000000,1.000000000000
300,US,33,SEQ,0.264000000000,0.264000000000,False,0.000000000000,1.000000000000,1.000000000000,1.000000000000,1.000000000000
300,US,33,SMR,0.264000000000,0.264000000000,False,0.000000000000,1.000000000000,1.000000000000,1.000000000000,1.000000000000
300,US,34,GMR,-0.196000000000,0.104000000000,False,0.000000000000,1.000000000000,1.000000000000,1.000000000000,1.000000000000
300,US,34,Nash,-0.500000000000,0.104000000000,False,0.000000000000,1.000000000000,1.000000000000,1.000000000000,1.000000000000
300,US,34,SEQ,-0.202000000000,0.104000000000,False,0.000000000000,1.000000000000,1.000000000000,1.000000000000,1.000000000000
300,US,34,SMR,-0.440000000000,0.104000000000,False,0.000000000000,1.000000000000,1.000000000000,1.000000000000,1.000000000000
300,US,35,GMR,0.492000000000,0.492000000000,False,0.000000000000,1.000000000000,1.000000000000,1.000000000000,1.000000000000
300,US,35,Nash,0.492000000000,0.492000000000,False,0.000000000000,1.000000000000,1.000000000000,1.000000000000,1.000000000000
300,US,35,SEQ,0.492000000000,0.492000000000,False,0.000000000000,1.000000000000,1.000000000000,1.000000000000,1.000000000000
300,US,35,SMR,0.492000000000,0.492000000000,False,0.000000000000,1.000000000000,1.000000000000,1.000000000000,1.000000000000
300,US,36,GMR,-0.500000000000,0.488000000000,False,0.000000000000,1.000000000000,1.000000000000,1.000000000000,1.000000000000
300,US,36,Nash,-0.500000000000,0.488000000000,False,0.000000000000,1.000000000000,1.000000000000,1.000000000000,1.000000000000
300,US,36,SEQ,-0.500000000000,0.488000000000,False,0.000000000000,1.000000000000,1.000000000000,1.000000000000,1.000000000000
300,US,36,SMR,-0.500000000000,0.488000000000,False,0.000000000000,1.000000000000,1.000000000000,1.000000000000,1.000000000000
300,US,37,GMR,0.104000000000,0.104000000000,False,0.000000000000,1.000000000000,1.000000000000,1.000000000000,1.000000000000
300,US,37,Nash,0.104000000000,0.104000000000,False,0.000000000000,1.000000000000,1.000000000000,1.000000000000,1.000000000000
300,US,37,SEQ,0.104000000000,0.104000000000,False,0.000000000000,1.000000000000,1.000000000000,1.000000000000,1.000000000000
300,US,37,SMR,0.104000000000,0.104000000000,False,0.000000000000,1.000000000000,1.000000000000,1.000000000000,1.000000000000
300,US,38,GMR,-0.210000000000,0.212000000000,False,0.000000000000,1.000000000000,1.000000000000,1.000000000000,1.000000000000
300,US,38,Nash,-0.446000000000,0.212000000000,False,0.000000000000,1.000000000000,1.000000000000,1.000000000000,1.000000000000
300,US,38,SEQ,-0.440000000000,0.212000000000,False,0.000000000000,1.000000000000,1.000000000000,1.000000000000,1.000000000000
300,US,38,SMR,-0.500000000000,0.212000000000,False,0.000000000000,1.000000000000,1.000000000000,1.000000000000,1.000000000000
300,US,39,GMR,-0.288000000000,0.300000000000,False,0.000000000000,1.000000000000,1.000000000000,1.000000000000,1.000000000000
300,US,39,Nash,-0.456000000000,0.300000000000,False,0.000000000000,1.000000000000,1.000000000000,1.000000000000,1.000000000000
300,US,39,SEQ,-0.388000000000,0.300000000000,False,0.000000000000,1.000000000000,1.000000000000,1.000000000000,1.000000000000
300,US,39,SMR,-0.288000000000,0.300000000000,False,0.000000000000,1.000000000000,1.000000000000,1.000000000000,1.000000000000
300,US,40,GMR,-0.284000000000,0.300000000000,False,0.000000000000,1.000000000000,1.000000000000,1.000000000000,1.000000000000
300,US,40,Nash,-0.396000000000,0.300000000000,False,0.000000000000,1.000000000000,1.000000000000,1.000000000000,1.000000000000
300,US,40,SEQ,-0.284000000000,0.300000000000,False,0.000000000000,1.000000000000,1.000000000000,1.000000000000,1.000000000000
300,US,40,SMR,-0.284000000000,0.300000000000,False,0.000000000000,1.000000000000,1.000000000000,1.000000000000,1.000000000000
300,US,41,GMR,0.396000000000,0.396000000000,False,0.000000000000,1.000000000000,1.000000000000,1.000000000000,1.000000000000
300,US,41,Nash,0.396000000000,0.396000000000,False,0.000000000000,1.000000000000,1.000000000000,1.000000000000,1.000000000000
300,US,41,SEQ,0.396000000000,0.396000000000,False,0.000000000000,1.000000000000,1.000000000000,1.000000000000,1.000000000000
300,US,41,SMR,0.396000000000,0.396000000000,False,0.000000000000,1.000000000000,1.000000000000,1.000000000000,1.000000000000
300,US,42,GMR,-0.220000000000,0.408000000000,False,0.000000000000,1.000000000000,1.000000000000,1.000000000000,1.000000000000
300,US,42,Nash,-0.500000000000,0.408000000000,False,0.000000000000,1.000000000000,1.000000000000,1.000000000000,1.000000000000
300,US,42,SEQ,-0.428000000000,0.408000000000,False,0.000000000000,1.000000000000,1.000000000000,1.000000000000,1.000000000000
300,US,42,SMR,-0.396000000000,0.408000000000,False,0.000000000000,1.000000000000,1.000000000000,1.000000000000,1.000000000000
300,US,43,GMR,0.500000000000,0.500000000000,False,0.000000000000,1.000000000000,1.000000000000,1.000000000000,1.000000000000
300,US,43,Nash,0.500000000000,0.500000000000,False,0.000000000000,1.000000000000,1.000000000000,1.000000000000,1.000000000000
300,US,43,SEQ,0.500000000000,0.500000000000,False,0.000000000000,1.000000000000,1.000000000000,1.000000000000,1.000000000000
300,US,43,SMR,0.500000000000,0.500000000000,False,0.000000000000,1.000000000000,1.000000000000,1.000000000000,1.000000000000
300,US,44,GMR,0.382000000000,0.382000000000,False,0.000000000000,1.000000000000,1.000000000000,1.000000000000,1.000000000000
300,US,44,Nash,0.382000000000,0.382000000000,False,0.000000000000,1.000000000000,1.000000000000,1.000000000000,1.000000000000
300,US,44,SEQ,0.382000000000,0.382000000000,False,0.000000000000,1.000000000000,1.000000000000,1.000000000000,1.000000000000
300,US,44,SMR,0.382000000000,0.382000000000,False,0.000000000000,1.000000000000,1.000000000000,1.000000000000,1.000000000000
300,US,45,GMR,-0.126000000000,0.382000000000,False,0.000000000000,1.000000000000,1.000000000000,1.000000000000,1.000000000000
300,US,45,Nash,-0.480000000000,0.382000000000,False,0.000000000000,1.000000000000,1.000000000000,1.000000000000,1.000000000000
300,US,45,SEQ,-0.388000000000,0.382000000000,False,0.000000000000,1.000000000000,1.000000000000,1.000000000000,1.000000000000
300,US,45,SMR,-0.326000000000,0.382000000000,False,0.000000000000,1.000000000000,1.000000000000,1.000000000000,1.000000000000
300,US,46,GMR,0.152000000000,0.278000000000,False,0.000000000000,1.000000000000,1.000000000000,1.000000000000,1.000000000000
300,US,46,Nash,-0.298000000000,0.278000000000,False,0.000000000000,1.000000000000,1.000000000000,1.000000000000,1.000000000000
300,US,46,SEQ,-0.092000000000,0.278000000000,False,0.000000000000,1.000000000000,1.000000000000,1.000000000000,1.000000000000
300,US,46,SMR,0.056000000000,0.278000000000,False,0.000000000000,1.000000000000,0.720000000000,1.000000000000,1.000000000000
300,US,47,GMR,0.210000000000,0.210000000000,False,0.000000000000,1.000000000000,1.000000000000,1.000000000000,1.000000000000
300,US,47,Nash,0.210000000000,0.210000000000,False,0.000000000000,1.000000000000,1.000000000000,1.000000000000,1.000000000000
300,US,47,SEQ,0.210000000000,0.210000000000,False,0.000000000000,1.000000000000,1.000000000000,1.000000000000,1.000000000000
300,US,47,SMR,0.210000000000,0.210000000000,False,0.000000000000,1.000000000000,1.000000000000,1.000000000000,1.000000000000
300,US,48,GMR,0.322000000000,0.210000000000,False,0.000000000000,1.000000000000,1.000000000000,1.000000000000,1.000000000000
300,US,48,Nash,-0.210000000000,0.210000000000,False,0.000000000000,1.000000000000,1.000000000000,1.000000000000,1.000000000000
300,US,48,SEQ,0.066000000000,0.210000000000,False,0.000000000000,1.000000000000,0.950000000000,1.000000000000,1.000000000000
300,US,48,SMR,0.298000000000,0.210000000000,False,0.000000000000,1.000000000000,1.000000000000,1.000000000000,1.000000000000
300,US,49,GMR,-0.500000000000,0.110000000000,False,0.000000000000,1.000000000000,1.000000000000,1.000000000000,1.000000000000
300,US,49,Nash,-0.462000000000,0.110000000000,False,0.000000000000,1.000000000000,1.000000000000,1.000000000000,1.000000000000
300,US,49,SEQ,-0.500000000000,0.110000000000,False,0.000000000000,1.000000000000,1.000000000000,1.000000000000,1.000000000000
300,US,49,SMR,-0.500000000000,0.110000000000,False,0.000000000000,1.000000000000,1.000000000000,1.000000000000,1.000000000000
300,US,50,GMR,0.444000000000,0.444000000000,False,0.000000000000,1.000000000000,1.000000000000,1.000000000000,1.000000000000
300,US,50,Nash,0.444000000000,0.444000000000,False,0.000000000000,1.000000000000,1.000000000000,1.000000000000,1.000000000000
300,US,50,SEQ,0.444000000000,0.444000000000,False,0.000000000000,1.000000000000,1.000000000000,1.000000000000,1.000000000000
300,US,50,SMR,0.444000000000,0.444000000000,False,0.000000000000,1.000000000000,1.000000000000,1.000000000000,1.000000000000
300,US,51,GMR,0.220000000000,0.216000000000,False,0.000000000000,1.000000000000,1.000000000000,1.000000000000,1.000000000000
300,US,51,Nash,-0.490000000000,0.216000000000,False,0.000000000000,1.000000000000,1.000000000000,1.000000000000,1.000000000000
300,US,51,SEQ,0.220000000000,0.216000000000,False,0.000000000000,1.000000000000,1.000000000000,1.000000000000,1.000000000000
300,US,51,SMR,-0.190000000000,0.216000000000,False,0.000000000000,1.000000000000,1.000000000000,1.000000000000,1.000000000000
300,US,52,GMR,0.336000000000,0.234000000000,False,0.000000000000,1.000000000000,1.000000000000,1.000000000000,1.000000000000
300,US,52,Nash,-0.492000000000,0.234000000000,False,0.000000000000,1.000000000000,1.000000000000,1.000000000000,1.000000000000
300,US,52,SEQ,0.298000000000,0.234000000000,False,0.000000000000,1.000000000000,1.000000000000,1.000000000000,1.000000000000
300,US,52,SMR,0.170000000000,0.234000000000,False,0.000000000000,1.000000000000,1.000000000000,1.000000000000,1.000000000000
300,US,53,GMR,0.168000000000,0.500000000000,False,0.000000000000,1.000000000000,1.000000000000,1.000000000000,1.000000000000
300,US,53,Nash,-0.500000000000,0.500000000000,False,0.000000000000,1.000000000000,1.000000000000,1.000000000000,1.000000000000
300,US,53,SEQ,0.168000000000,0.500000000000,False,0.000000000000,1.000000000000,1.000000000000,1.000000000000,1.000000000000
300,US,53,SMR,-0.234000000000,0.500000000000,False,0.000000000000,1.000000000000,1.000000000000,1.000000000000,1.000000000000
300,US,54,GMR,0.284000000000,0.444000000000,False,0.000000000000,1.000000000000,1.000000000000,1.000000000000,1.000000000000
300,US,54,Nash,-0.444000000000,0.444000000000,False,0.000000000000,1.000000000000,1.000000000000,1.000000000000,1.000000000000
300,US,54,SEQ,0.278000000000,0.444000000000,False,0.000000000000,1.000000000000,1.000000000000,1.000000000000,1.000000000000
300,US,54,SMR,0.188000000000,0.444000000000,False,0.000000000000,1.000000000000,1.000000000000,1.000000000000,1.000000000000
300,US,55,GMR,0.004000000000,0.148000000000,False,0.000000000000,1.000000000000,0.000000000000,1.000000000000,0.620000000000
300,US,55,Nash,-0.340000000000,0.148000000000,False,0.000000000000,1.000000000000,1.000000000000,1.000000000000,1.000000000000
300,US,55,SEQ,-0.260000000000,0.148000000000,False,0.000000000000,1.000000000000,1.000000000000,1.000000000000,1.000000000000
300,US,55,SMR,0.004000000000,0.148000000000,False,0.000000000000,1.000000000000,0.000000000000,1.000000000000,0.620000000000
300,US,56,GMR,0.120000000000,0.148000000000,False,0.000000000000,1.000000000000,1.000000000000,1.000000000000,1.000000000000
300,US,56,Nash,-0.500000000000,0.148000000000,False,0.000000000000,1.000000000000,1.000000000000,1.000000000000,1.000000000000
300,US,56,SEQ,-0.416000000000,0.148000000000,False,0.000000000000,1.000000000000,1.000000000000,1.000000000000,1.000000000000
300,US,56,SMR,0.120000000000,0.148000000000,False,0.000000000000,1.000000000000,1.000000000000,1.000000000000,1.000000000000
300,US,57,GMR,0.500000000000,0.500000000000,False,0.000000000000,1.000000000000,1.000000000000,1.000000000000,1.000000000000
300,US,57,Nash,0.500000000000,0.500000000000,False,0.000000000000,1.000000000000,1.000000000000,1.000000000000,1.000000000000
300,US,57,SEQ,0.500000000000,0.500000000000,False,0.000000000000,1.000000000000,1.000000000000,1.000000000000,1.000000000000
300,US,57,SMR,0.500000000000,0.500000000000,False,0.000000000000,1.000000000000,1.000000000000,1.000000000000,1.000000000000
300,US,58,GMR,0.432000000000,0.282000000000,False,0.000000000000,1.000000000000,1.000000000000,1.000000000000,1.000000000000
300,US,58,Nash,-0.430000000000,0.282000000000,False,0.000000000000,1.000000000000,1.000000000000,1.000000000000,1.000000000000
300,US,58,SEQ,0.032000000000,0.282000000000,False,0.000000000000,1.000000000000,0.000000000000,1.000000000000,0.960000000000
300,US,58,SMR,0.222000000000,0.282000000000,False,0.000000000000,1.000000000000,1.000000000000,1.000000000000,1.000000000000
300,US,59,GMR,0.494000000000,0.222000000000,False,0.000000000000,1.000000000000,1.000000000000,1.000000000000,1.000000000000
300,US,59,Nash,-0.222000000000,0.222000000000,False,0.000000000000,1.000000000000,1.000000000000,1.000000000000,1.000000000000
300,US,59,SEQ,0.032000000000,0.222000000000,False,0.000000000000,1.000000000000,0.000000000000,1.000000000000,0.960000000000
300,US,59,SMR,0.494000000000,0.222000000000,False,0.000000000000,1.000000000000,1.000000000000,1.000000000000,1.000000000000
300,US,60,GMR,0.430000000000,0.430000000000,False,0.000000000000,1.000000000000,1.000000000000,1.000000000000,1.000000000000
300,US,60,Nash,0.430000000000,0.430000000000,False,0.000000000000,1.000000000000,1.000000000000,1.000000000000,1.000000000000
300,US,60,SEQ,0.430000000000,0.430000000000,False,0.000000000000,1.000000000000,1.000000000000,1.000000000000,1.000000000000
300,US,60,SMR,0.430000000000,0.430000000000,False,0.000000000000,1.000000000000,1.000000000000,1.000000000000,1.000000000000
300,US,61,GMR,0.050000000000,0.062000000000,False,0.000000000000,0.930000000000,0.460000000000,1.000000000000,1.000000000000
300,US,61,Nash,-0.478000000000,0.062000000000,False,0.000000000000,0.930000000000,0.930000000000,1.000000000000,1.000000000000
300,US,61,SEQ,0.032000000000,0.062000000000,False,0.000000000000,0.930000000000,0.000000000000,1.000000000000,0.940000000000
300,US,61,SMR,-0.368000000000,0.062000000000,False,0.000000000000,0.930000000000,0.930000000000,1.000000000000,1.000000000000
300,US,62,GMR,-0.256000000000,0.444000000000,False,0.000000000000,1.000000000000,1.000000000000,1.000000000000,1.000000000000
300,US,62,Nash,-0.500000000000,0.444000000000,False,0.000000000000,1.000000000000,1.000000000000,1.000000000000,1.000000000000
300,US,62,SEQ,-0.256000000000,0.444000000000,False,0.000000000000,1.000000000000,1.000000000000,1.000000000000,1.000000000000
300,US,62,SMR,-0.256000000000,0.444000000000,False,0.000000000000,1.000000000000,1.000000000000,1.000000000000,1.000000000000
300,US,63,GMR,0.316000000000,0.316000000000,False,0.000000000000,1.000000000000,1.000000000000,1.000000000000,1.000000000000
300,US,63,Nash,0.316000000000,0.316000000000,False,0.000000000000,1.000000000000,1.000000000000,1.000000000000,1.000000000000
300,US,63,SEQ,0.316000000000,0.316000000000,False,0.000000000000,1.000000000000,1.000000000000,1.000000000000,1.000000000000
300,US,63,SMR,0.316000000000,0.316000000000,False,0.000000000000,1.000000000000,1.000000000000,1.000000000000,1.000000000000
300,US,64,GMR,-0.048000000000,0.316000000000,False,0.000000000000,1.000000000000,0.380000000000,1.000000000000,1.000000000000
300,US,64,Nash,-0.316000000000,0.316000000000,False,0.000000000000,1.000000000000,1.000000000000,1.000000000000,1.000000000000
300,US,64,SEQ,-0.246000000000,0.316000000000,False,0.000000000000,1.000000000000,1.000000000000,1.000000000000,1.000000000000
300,US,64,SMR,-0.200000000000,0.316000000000,False,0.000000000000,1.000000000000,1.000000000000,1.000000000000,1.000000000000
300,US,65,GMR,-0.398000000000,0.360000000000,False,0.000000000000,1.000000000000,1.000000000000,1.000000000000,1.000000000000
300,US,65,Nash,-0.500000000000,0.360000000000,False,0.000000000000,1.000000000000,1.000000000000,1.000000000000,1.000000000000
300,US,65,SEQ,-0.398000000000,0.360000000000,False,0.000000000000,1.000000000000,1.000000000000,1.000000000000,1.000000000000
300,US,65,SMR,-0.398000000000,0.360000000000,False,0.000000000000,1.000000000000,1.000000000000,1.000000000000,1.000000000000
300,US,66,GMR,-0.480000000000,0.360000000000,False,0.000000000000,1.000000000000,1.000000000000,1.000000000000,1.000000000000
300,US,66,Nash,-0.500000000000,0.360000000000,False,0.000000000000,1.000000000000,1.000000000000,1.000000000000,1.000000000000
300,US,66,SEQ,-0.490000000000,0.360000000000,False,0.000000000000,1.000000000000,1.000000000000,1.000000000000,1.000000000000
300,US,66,SMR,-0.480000000000,0.360000000000,False,0.000000000000,1.000000000000,1.000000000000,1.000000000000,1.000000000000
300,US,67,GMR,0.500000000000,0.500000000000,False,0.000000000000,1.000000000000,1.000000000000,1.000000000000,1.000000000000
300,US,67,Nash,0.500000000000,0.500000000000,False,0.000000000000,1.000000000000,1.000000000000,1.000000000000,1.000000000000
300,US,67,SEQ,0.500000000000,0.500000000000,False,0.000000000000,1.000000000000,1.000000000000,1.000000000000,1.000000000000
300,US,67,SMR,0.500000000000,0.500000000000,False,0.000000000000,1.000000000000,1.000000000000,1.000000000000,1.000000000000
300,US,68,GMR,0.238000000000,0.160000000000,False,0.000000000000,1.000000000000,1.000000000000,1.000000000000,1.000000000000
300,US,68,Nash,-0.320000000000,0.160000000000,False,0.000000000000,1.000000000000,1.000000000000,1.000000000000,1.000000000000
300,US,68,SEQ,0.238000000000,0.160000000000,False,0.000000000000,1.000000000000,1.000000000000,1.000000000000,1.000000000000
300,US,68,SMR,-0.186000000000,0.160000000000,False,0.000000000000,1.000000000000,1.000000000000,1.000000000000,1.000000000000
300,US,69,GMR,0.320000000000,0.320000000000,False,0.000000000000,1.000000000000,1.000000000000,1.000000000000,1.000000000000
300,US,69,Nash,0.320000000000,0.320000000000,False,0.000000000000,1.000000000000,1.000000000000,1.000000000000,1.000000000000
300,US,69,SEQ,0.320000000000,0.320000000000,False,0.000000000000,1.000000000000,1.000000000000,1.000000000000,1.000000000000
300,US,69,SMR,0.320000000000,0.320000000000,False,0.000000000000,1.000000000000,1.000000000000,1.000000000000,1.000000000000
300,US,70,GMR,0.224000000000,0.378000000000,False,0.000000000000,1.000000000000,1.000000000000,1.000000000000,1.000000000000
300,US,70,Nash,-0.378000000000,0.378000000000,False,0.000000000000,1.000000000000,1.000000000000,1.000000000000,1.000000000000
300,US,70,SEQ,0.224000000000,0.378000000000,False,0.000000000000,1.000000000000,1.000000000000,1.000000000000,1.000000000000
300,US,70,SMR,-0.220000000000,0.378000000000,False,0.000000000000,1.000000000000,1.000000000000,1.000000000000,1.000000000000
300,US,71,GMR,-0.500000000000,0.386000000000,False,0.000000000000,1.000000000000,1.000000000000,1.000000000000,1.000000000000
300,US,71,Nash,-0.500000000000,0.386000000000,False,0.000000000000,1.000000000000,1.000000000000,1.000000000000,1.000000000000
300,US,71,SEQ,-0.500000000000,0.386000000000,False,0.000000000000,1.000000000000,1.000000000000,1.000000000000,1.000000000000
300,US,71,SMR,-0.500000000000,0.386000000000,False,0.000000000000,1.000000000000,1.000000000000,1.000000000000,1.000000000000
300,US,72,GMR,-0.500000000000,0.386000000000,False,0.000000000000,1.000000000000,1.000000000000,1.000000000000,1.000000000000
300,US,72,Nash,-0.500000000000,0.386000000000,False,0.000000000000,1.000000000000,1.000000000000,1.000000000000,1.000000000000
300,US,72,SEQ,-0.500000000000,0.386000000000,False,0.000000000000,1.000000000000,1.000000000000,1.000000000000,1.000000000000
300,US,72,SMR,-0.500000000000,0.386000000000,False,0.000000000000,1.000000000000,1.000000000000,1.000000000000,1.000000000000
300,US,73,GMR,0.500000000000,0.500000000000,False,0.000000000000,1.000000000000,1.000000000000,1.000000000000,1.000000000000
300,US,73,Nash,0.500000000000,0.500000000000,False,0.000000000000,1.000000000000,1.000000000000,1.000000000000,1.000000000000
300,US,73,SEQ,0.500000000000,0.500000000000,False,0.000000000000,1.000000000000,1.000000000000,1.000000000000,1.000000000000
300,US,73,SMR,0.500000000000,0.500000000000,False,0.000000000000,1.000000000000,1.000000000000,1.000000000000,1.000000000000
300,US,74,GMR,-0.464000000000,0.200000000000,False,0.000000000000,1.000000000000,1.000000000000,1.000000000000,1.000000000000
300,US,74,Nash,-0.480000000000,0.200000000000,False,0.000000000000,1.000000000000,1.000000000000,1.000000000000,1.000000000000
300,US,74,SEQ,-0.464000000000,0.200000000000,False,0.000000000000,1.000000000000,1.000000000000,1.000000000000,1.000000000000
300,US,74,SMR,-0.464000000000,0.200000000000,False,0.000000000000,1.000000000000,1.000000000000,1.000000000000,1.000000000000
300,US,75,GMR,-0.500000000000,0.200000000000,False,0.000000000000,1.000000000000,1.000000000000,1.000000000000,1.000000000000
300,US,75,Nash,-0.500000000000,0.200000000000,False,0.000000000000,1.000000000000,1.000000000000,1.000000000000,1.000000000000
300,US,75,SEQ,-0.500000000000,0.200000000000,False,0.000000000000,1.000000000000,1.000000000000,1.000000000000,1.000000000000
300,US,75,SMR,-0.500000000000,0.200000000000,False,0.000000000000,1.000000000000,1.000000000000,1.000000000000,1.000000000000
300,US,76,GMR,0.500000000000,0.500000000000,False,0.000000000000,1.000000000000,1.000000000000,1.000000000000,1.000000000000
300,US,76,Nash,0.500000000000,0.500000000000,False,0.000000000000,1.000000000000,1.000000000000,1.000000000000,1.000000000000
300,US,76,SEQ,0.500000000000,0.500000000000,False,0.000000000000,1.000000000000,1.000000000000,1.000000000000,1.000000000000
300,US,76,SMR,0.500000000000,0.500000000000,False,0.000000000000,1.000000000000,1.000000000000,1.000000000000,1.000000000000
400,CN,1,GMR,0.500000000000,,True,0.000000000000,1.000000000000,1.000000000000,1.000000000000,1.000000000000
400,CN,1,Nash,0.500000000000,,True,0.000000000000,1.000000000000,1.000000000000,1.000000000000,1.000000000000
400,CN,1,SEQ,0.500000000000,,True,0.000000000000,1.000000000000,1.000000000000,1.000000000000,1.000000000000
400,CN,1,SMR,0.500000000000,,True,0.000000000000,1.000000000000,1.000000000000,1.000000000000,1.000000000000
400,CN,2,GMR,0.418000000000,0.500000000000,False,0.000000000000,1.000000000000,1.000000000000,1.000000000000,1.000000000000
400,CN,2,Nash,-0.500000000000,0.500000000000,False,0.000000000000,1.000000000000,1.000000000000,1.000000000000,1.000000000000
400,CN,2,SEQ,0.194000000000,0.500000000000,False,0.000000000000,1.000000000000,1.000000000000,1.000000000000,1.000000000000
400,CN,2,SMR,0.112000000000,0.500000000000,False,0.000000000000,1.000000000000,1.000000000000,1.000000000000,1.000000000000
400,CN,3,GMR,0.344000000000,0.344000000000,False,0.000000000000,1.000000000000,1.000000000000,1.000000000000,1.000000000000
400,CN,3,Nash,0.344000000000,0.344000000000,False,0.000000000000,1.000000000000,1.000000000000,1.000000000000,1.000000000000
400,CN,3,SEQ,0.344000000000,0.344000000000,False,0.000000000000,1.000000000000,1.000000000000,1.000000000000,1.000000000000
400,CN,3,SMR,0.344000000000,0.344000000000,False,0.000000000000,1.000000000000,1.000000000000,1.000000000000,1.000000000000
400,CN,4,GMR,-0.374000000000,0.308000000000,False,0.000000000000,1.000000000000,1.000000000000,1.000000000000,1.000000000000
400,CN,4,Nash,-0.370000000000,0.308000000000,False,0.000000000000,1.000000000000,1.000000000000,1.000000000000,1.000000000000
400,CN,4,SEQ,-0.374000000000,0.308000000000,False,0.000000000000,1.000000000000,1.000000000000,1.000000000000,1.000000000000
400,CN,4,SMR,-0.474000000000,0.308000000000,False,0.000000000000,1.000000000000,1.000000000000,1.000000000000,1.000000000000
400,CN,5,GMR,0.486000000000,0.194000000000,False,0.000000000000,1.000000000000,1.000000000000,1.000000000000,1.000000000000
400,CN,5,Nash,-0.194000000000,0.194000000000,False,0.000000000000,1.000000000000,1.000000000000,1.000000000000,1.000000000000
400,CN,5,SEQ,-0.328000000000,0.194000000000,False,0.000000000000,1.000000000000,1.000000000000,1.000000000000,1.000000000000
400,CN,5,SMR,-0.366000000000,0.194000000000,False,0.000000000000,1.000000000000,1.000000000000,1.000000000000,1.000000000000
400,CN,6,GMR,0.148000000000,0.186000000000,False,0.000000000000,1.000000000000,1.000000000000,1.000000000000,1.000000000000
400,CN,6,Nash,-0.444000000000,0.186000000000,False,0.000000000000,1.000000000000,1.000000000000,1.000000000000,1.000000000000
400,CN,6,SEQ,0.148000000000,0.186000000000,False,0.000000000000,1.000000000000,1.000000000000,1.000000000000,1.000000000000
400,CN,6,SMR,-0.384000000000,0.186000000000,False,0.000000000000,1.000000000000,1.000000000000,1.000000000000,1.000000000000
400,CN,7,GMR,0.024000000000,0.234000000000,False,0.000000000000,1.000000000000,0.020000000000,1.000000000000,0.980000000000
400,CN,7,Nash,-0.476000000000,0.234000000000,False,0.000000000000,1.000000000000,1.000000000000,1.000000000000,1.000000000000
400,CN,7,SEQ,-0.236000000000,0.234000000000,False,0.000000000000,1.000000000000,1.000000000000,1.000000000000,1.000000000000
400,CN,7,SMR,-0.384000000000,0.234000000000,False,0.000000000000,1.000000000000,1.000000000000,1.000000000000,1.000000000000
400,CN,8,GMR,0.354000000000,0.354000000000,False,0.000000000000,1.000000000000,1.000000000000,1.000000000000,1.000000000000
400,CN,8,Nash,0.354000000000,0.354000000000,False,0.000000000000,1.000000000000,1.000000000000,1.000000000000,1.000000000000
400,CN,8,SEQ,0.354000000000,0.354000000000,False,0.000000000000,1.000000000000,1.000000000000,1.000000000000,1.000000000000
400,CN,8,SMR,0.354000000000,0.354000000000,False,0.000000000000,1.000000000000,1.000000000000,1.000000000000,1.000000000000
400,CN,9,GMR,0.492000000000,0.042000000000,False,0.000000000000,0.960000000000,0.960000000000,1.000000000000,1.000000000000
400,CN,9,Nash,-0.384000000000,0.042000000000,False,0.000000000000,0.960000000000,0.960000000000,1.000000000000,1.000000000000
400,CN,9,SEQ,-0.500000000000,0.042000000000,False,0.000000000000,0.960000000000,0.960000000000,1.000000000000,1.000000000000
400,CN,9,SMR,-0.280000000000,0.042000000000,False,0.000000000000,0.960000000000,0.960000000000,1.000000000000,1.000000000000
400,CN,10,GMR,0.500000000000,,True,0.000000000000,1.000000000000,1.000000000000,1.000000000000,1.000000000000
400,CN,10,Nash,0.500000000000,,True,0.000000000000,1.000000000000,1.000000000000,1.000000000000,1.000000000000
400,CN,10,SEQ,0.500000000000,,True,0.000000000000,1.000000000000,1.000000000000,1.000000000000,1.000000000000
400,CN,10,SMR,0.500000000000,,True,0.000000000000,1.000000000000,1.000000000000,1.000000000000,1.000000000000
400,CN,11,GMR,-0.084000000000,0.110000000000,False,0.000000000000,1.000000000000,1.000000000000,1.000000000000,1.000000000000
400,CN,11,Nash,-0.446000000000,0.110000000000,False,0.000000000000,1.000000000000,1.000000000000,1.000000000000,1.000000000000
400,CN,11,SEQ,-0.500000000000,0.110000000000,False,0.000000000000,1.000000000000,1.000000000000,1.000000000000,1.000000000000
400,CN,11,SMR,-0.360000000000,0.110000000000,False,0.000000000000,1.000000000000,1.000000000000,1.000000000000,1.000000000000
400,CN,12,GMR,-0.342000000000,0.078000000000,False,0.000000000000,1.000000000000,1.000000000000,1.000000000000,1.000000000000
400,CN,12,Nash,-0.390000000000,0.078000000000,False,0.000000000000,1.000000000000,1.000000000000,1.000000000000,1.000000000000
400,CN,12,SEQ,-0.500000000000,0.078000000000,False,0.000000000000,1.000000000000,1.000000000000,1.000000000000,1.000000000000
400,CN,12,SMR,-0.384000000000,0.078000000000,False,0.000000000000,1.000000000000,1.000000000000,1.000000000000,1.000000000000
400,CN,13,GMR,0.276000000000,0.090000000000,False,0.000000000000,1.000000000000,1.000000000000,1.000000000000,1.000000000000
400,CN,13,Nash,-0.396000000000,0.090000000000,False,0.000000000000,1.000000000000,1.000000000000,1.000000000000,1.000000000000
400,CN,13,SEQ,-0.288000000000,0.090000000000,False,0.000000000000,1.000000000000,1.000000000000,1.000000000000,1.000000000000
400,CN,13,SMR,-0.256000000000,0.090000000000,False,0.000000000000,1.000000000000,1.000000000000,1.000000000000,1.000000000000
400,CN,14,GMR,-0.468000000000,0.124000000000,False,0.000000000000,1.000000000000,1.000000000000,1.000000000000,1.000000000000
400,CN,14,Nash,-0.466000000000,0.124000000000,False,0.000000000000,1.000000000000,1.000000000000,1.000000000000,1.000000000000
400,CN,14,SEQ,-0.468000000000,0.124000000000,False,0.000000000000,1.000000000000,1.000000000000,1.000000000000,1.000000000000
400,CN,14,SMR,-0.468000000000,0.124000000000,False,0.000000000000,1.000000000000,1.000000000000,1.000000000000,1.000000000000
400,CN,15,GMR,0.416000000000,0.028000000000,False,0.000000000000,0.150000000000,0.150000000000,1.000000000000,1.000000000000
400,CN,15,Nash,-0.028000000000,0.028000000000,False,0.000000000000,0.150000000000,0.150000000000,1.000000000000,1.000000000000
400,CN,15,SEQ,-0.434000000000,0.028000000000,False,0.000000000000,0.150000000000,0.150000000000,1.000000000000,1.000000000000
400,CN,15,SMR,-0.306000000000,0.028000000000,False,0.000000000000,0.150000000000,0.150000000000,1.000000000000,1.000000000000
400,CN,16,GMR,-0.486000000000,0.326000000000,False,0.000000000000,1.000000000000,1.000000000000,1.000000000000,1.000000000000
400,CN,16,Nash,-0.464000000000,0.326000000000,False,0.000000000000,1.000000000000,1.000000000000,1.000000000000,1.000000000000
400,CN,16,SEQ,-0.500000000000,0.326000000000,False,0.000000000000,1.000000000000,1.000000000000,1.000000000000,1.000000000000
400,CN,16,SMR,-0.486000000000,0.326000000000,False,0.000000000000,1.000000000000,1.000000000000,1.000000000000,1.000000000000
400,CN,17,GMR,0.500000000000,,True,0.000000000000,1.000000000000,1.000000000000,1.000000000000,1.000000000000
400,CN,17,Nash,0.500000000000,,True,0.000000000000,1.000000000000,1.000000000000,1.000000000000,1.000000000000
400,CN,17,SEQ,0.500000000000,,True,0.000000000000,1.000000000000,1.000000000000,1.000000000000,1.000000000000
400,CN,17,SMR,0.500000000000,,True,0.000000000000,1.000000000000,1.000000000000,1.000000000000,1.000000000000
400,CN,18,GMR,0.324000000000,0.410000000000,False,0.000000000000,1.000000000000,1.000000000000,1.000000000000,1.000000000000
400,CN,18,Nash,-0.498000000000,0.410000000000,False,0.000000000000,1.000000000000,1.000000000000,1.000000000000,1.000000000000
400,CN,18,SEQ,0.182000000000,0.410000000000,False,0.000000000000,1.000000000000,1.000000000000,1.000000000000,1.000000000000
400,CN,18,SMR,-0.104000000000,0.410000000000,False,0.000000000000,1.000000000000,1.000000000000,1.000000000000,1.000000000000
400,CN,19,GMR,0.390000000000,0.286000000000,False,0.000000000000,1.000000000000,1.000000000000,1.000000000000,1.000000000000
400,CN,19,Nash,-0.484000000000,0.286000000000,False,0.000000000000,1.000000000000,1.000000000000,1.000000000000,1.000000000000
400,CN,19,SEQ,-0.492000000000,0.286000000000,False,0.000000000000,1.000000000000,1.000000000000,1.000000000000,1.000000000000
400,CN,19,SMR,0.330000000000,0.286000000000,False,0.000000000000,1.000000000000,1.000000000000,1.000000000000,1.000000000000
400,CN,20,GMR,-0.496000000000,0.498000000000,False,0.000000000000,1.000000000000,1.000000000000,1.000000000000,1.000000000000
400,CN,20,Nash,-0.500000000000,0.498000000000,False,0.000000000000,1.000000000000,1.000000000000,1.000000000000,1.000000000000
400,CN,20,SEQ,-0.496000000000,0.498000000000,False,0.000000000000,1.000000000000,1.000000000000,1.000000000000,1.000000000000
400,CN,20,SMR,-0.498000000000,0.498000000000,False,0.000000000000,1.000000000000,1.000000000000,1.000000000000,1.000000000000
400,CN,21,GMR,-0.210000000000,0.182000000000,False,0.000000000000,1.000000000000,1.000000000000,1.000000000000,1.000000000000
400,CN,21,Nash,-0.498000000000,0.182000000000,False,0.000000000000,1.000000000000,1.000000000000,1.000000000000,1.000000000000
400,CN,21,SEQ,-0.478000000000,0.182000000000,False,0.000000000000,1.000000000000,1.000000000000,1.000000000000,1.000000000000
400,CN,21,SMR,-0.470000000000,0.182000000000,False,0.000000000000,1.000000000000,1.000000000000,1.000000000000,1.000000000000
400,CN,22,GMR,0.498000000000,0.498000000000,False,0.000000000000,1.000000000000,1.000000000000,1.000000000000,1.000000000000
400,CN,22,Nash,0.498000000000,0.498000000000,False,0.000000000000,1.000000000000,1.000000000000,1.000000000000,1.000000000000
400,CN,22,SEQ,0.498000000000,0.498000000000,False,0.000000000000,1.000000000000,1.000000000000,1.000000000000,1.000000000000
400,CN,22,SMR,0.498000000000,0.498000000000,False,0.000000000000,1.000000000000,1.000000000000,1.000000000000,1.000000000000
400,CN,23,GMR,0.456000000000,0.456000000000,False,0.000000000000,1.000000000000,1.000000000000,1.000000000000,1.000000000000
400,CN,23,Nash,0.456000000000,0.456000000000,False,0.000000000000,1.000000000000,1.000000000000,1.000000000000,1.000000000000
400,CN,23,SEQ,0.456000000000,0.456000000000,False,0.000000000000,1.000000000000,1.000000000000,1.000000000000,1.000000000000
400,CN,23,SMR,0.456000000000,0.456000000000,False,0.000000000000,1.000000000000,1.000000000000,1.000000000000,1.000000000000
400,CN,24,GMR,-0.160000000000,0.038000000000,False,0.000000000000,0.940000000000,0.940000000000,1.000000000000,1.000000000000
400,CN,24,Nash,-0.492000000000,0.038000000000,False,0.000000000000,0.940000000000,0.940000000000,1.000000000000,1.000000000000
400,CN,24,SEQ,-0.434000000000,0.038000000000,False,0.000000000000,0.940000000000,0.940000000000,1.000000000000,1.000000000000
400,CN,24,SMR,-0.484000000000,0.038000000000,False,0.000000000000,0.940000000000,0.940000000000,1.000000000000,1.000000000000
400,CN,25,GMR,0.488000000000,0.456000000000,False,0.000000000000,1.000000000000,1.000000000000,1.000000000000,1.000000000000
400,CN,25,Nash,-0.456000000000,0.456000000000,False,0.000000000000,1.000000000000,1.000000000000,1.000000000000,1.000000000000
400,CN,25,SEQ,-0.500000000000,0.456000000000,False,0.000000000000,1.000000000000,1.000000000000,1.000000000000,1.000000000000
400,CN,25,SMR,-0.272000000000,0.456000000000,False,0.000000000000,1.000000000000,1.000000000000,1.000000000000,1.000000000000
400,CN,26,GMR,-0.348000000000,0.410000000000,False,0.000000000000,1.000000000000,1.000000000000,1.000000000000,1.000000000000
400,CN,26,Nash,-0.500000000000,0.410000000000,False,0.000000000000,1.000000000000,1.000000000000,1.000000000000,1.000000000000
400,CN,26,SEQ,-0.430000000000,0.410000000000,False,0.000000000000,1.000000000000,1.000000000000,1.000000000000,1.000000000000
400,CN,26,SMR,-0.430000000000,0.410000000000,False,0.000000000000,1.000000000000,1.000000000000,1.000000000000,1.000000000000
400,CN,27,GMR,0.438000000000,0.438000000000,False,0.000000000000,1.000000000000,1.000000000000,1.000000000000,1.000000000000
400,CN,27,Nash,0.438000000000,0.438000000000,False,0.000000000000,1.000000000000,1.000000000000,1.000000000000,1.000000000000
400,CN,27,SEQ,0.438000000000,0.438000000000,False,0.000000000000,1.000000000000,1.000000000000,1.000000000000,1.000000000000
400,CN,27,SMR,0.438000000000,0.438000000000,False,0.000000000000,1.000000000000,1.000000000000,1.000000000000,1.000000000000
400,CN,28,GMR,0.272000000000,0.272000000000,False,0.000000000000,1.000000000000,1.000000000000,1.000000000000,1.000000000000
400,CN,28,Nash,0.272000000000,0.272000000000,False,0.000000000000,1.000000000000,1.000000000000,1.000000000000,1.000000000000
400,CN,28,SEQ,0.272000000000,0.272000000000,False,0.000000000000,1.000000000000,1.000000000000,1.000000000000,1.000000000000
400,CN,28,SMR,0.272000000000,0.272000000000,False,0.000000000000,1.000000000000,1.000000000000,1.000000000000,1.000000000000
400,CN,29,GMR,0.500000000000,0.134000000000,False,0.000000000000,1.000000000000,1.000000000000,1.000000000000,1.000000000000
400,CN,29,Nash,-0.134000000000,0.134000000000,False,0.000000000000,1.000000000000,1.000000000000,1.000000000000,1.000000000000
400,CN,29,SEQ,0.500000000000,0.134000000000,False,0.000000000000,1.000000000000,1.000000000000,1.000000000000,1.000000000000
400,CN,29,SMR,0.264000000000,0.134000000000,False,0.000000000000,1.000000000000,1.000000000000,1.000000000000,1.000000000000
400,CN,30,GMR,-0.088000000000,0.256000000000,False,0.000000000000,1.000000000000,1.000000000000,1.000000000000,1.000000000000
400,CN,30,Nash,-0.482000000000,0.256000000000,False,0.000000000000,1.000000000000,1.000000000000,1.000000000000,1.000000000000
400,CN,30,SEQ,-0.236000000000,0.256000000000,False,0.000000000000,1.000000000000,1.000000000000,1.000000000000,1.000000000000
400,CN,30,SMR,-0.480000000000,0.256000000000,False,0.000000000000,1.000000000000,1.000000000000,1.000000000000,1.000000000000
400,CN,31,GMR,0.028000000000,0.028000000000,False,0.000000000000,0.150000000000,0.150000000000,1.000000000000,1.000000000000
400,CN,31,Nash,0.028000000000,0.028000000000,False,0.000000000000,0.150000000000,0.150000000000,1.000000000000,1.000000000000
400,CN,31,SEQ,0.028000000000,0.028000000000,False,0.000000000000,0.150000000000,0.150000000000,1.000000000000,1.000000000000
400,CN,31,SMR,0.028000000000,0.028000000000,False,0.000000000000,0.150000000000,0.150000000000,1.000000000000,1.000000000000
400,CN,32,GMR,-0.374000000000,0.066000000000,False,0.000000000000,1.000000000000,1.000000000000,1.000000000000,1.000000000000
400,CN,32,Nash,-0.500000000000,0.066000000000,False,0.000000000000,1.000000000000,1.000000000000,1.000000000000,1.000000000000
400,CN,32,SEQ,-0.500000000000,0.066000000000,False,0.000000000000,1.000000000000,1.000000000000,1.000000000000,1.000000000000
400,CN,32,SMR,-0.374000000000,0.066000000000,False,0.000000000000,1.000000000000,1.000000000000,1.000000000000,1.000000000000
400,CN,33,GMR,0.500000000000,0.482000000000,False,0.000000000000,1.000000000000,1.000000000000,1.000000000000,1.000000000000
400,CN,33,Nash,-0.482000000000,0.482000000000,False,0.000000000000,1.000000000000,1.000000000000,1.000000000000,1.000000000000
400,CN,33,SEQ,0.306000000000,0.482000000000,False,0.000000000000,1.000000000000,1.000000000000,1.000000000000,1.000000000000
400,CN,33,SMR,0.462000000000,0.482000000000,False,0.000000000000,1.000000000000,1.000000000000,1.000000000000,1.000000000000
400,CN,34,GMR,0.448000000000,0.382000000000,False,0.000000000000,1.000000000000,1.000000000000,1.000000000000,1.000000000000
400,CN,34,Nash,-0.500000000000,0.382000000000,False,0.000000000000,1.000000000000,1.000000000000,1.000000000000,1.000000000000
400,CN,34,SEQ,0.194000000000,0.382000000000,False,0.000000000000,1.000000000000,1.000000000000,1.000000000000,1.000000000000
400,CN,34,SMR,0.398000000000,0.382000000000,False,0.000000000000,1.000000000000,1.000000000000,1.000000000000,1.000000000000
400,CN,35,GMR,0.482000000000,0.308000000000,False,0.000000000000,1.000000000000,1.000000000000,1.000000000000,1.000000000000
400,CN,35,Nash,-0.500000000000,0.308000000000,False,0.000000000000,1.000000000000,1.000000000000,1.000000000000,1.000000000000
400,CN,35,SEQ,-0.500000000000,0.308000000000,False,0.000000000000,1.000000000000,1.000000000000,1.000000000000,1.000000000000
400,CN,35,SMR,0.170000000000,0.308000000000,False,0.000000000000,1.000000000000,1.000000000000,1.000000000000,1.000000000000
400,CN,36,GMR,0.476000000000,0.308000000000,False,0.000000000000,1.000000000000,1.000000000000,1.000000000000,1.000000000000
400,CN,36,Nash,-0.312000000000,0.308000000000,False,0.000000000000,1.000000000000,1.000000000000,1.000000000000,1.000000000000
400,CN,36,SEQ,0.234000000000,0.308000000000,False,0.000000000000,1.000000000000,1.000000000000,1.000000000000,1.000000000000
400,CN,36,SMR,-0.394000000000,0.308000000000,False,0.000000000000,1.000000000000,1.000000000000,1.000000000000,1.000000000000
400,CN,37,GMR,0.088000000000,0.002000000000,False,0.000000000000,0.000000000000,0.000000000000,0.520000000000,1.000000000000
400,CN,37,Nash,-0.322000000000,0.002000000000,False,0.000000000000,0.000000000000,0.000000000000,0.520000000000,1.000000000000
400,CN,37,SEQ,-0.478000000000,0.002000000000,False,0.000000000000,0.000000000000,0.000000000000,0.520000000000,1.000000000000
400,CN,37,SMR,-0.400000000000,0.002000000000,False,0.000000000000,0.000000000000,0.000000000000,0.520000000000,1.000000000000
400,CN,38,GMR,0.186000000000,0.186000000000,False,0.000000000000,1.000000000000,1.000000000000,1.000000000000,1.000000000000
400,CN,38,Nash,0.186000000000,0.186000000000,False,0.000000000000,1.000000000000,1.000000000000,1.000000000000,1.000000000000
400,CN,38,SEQ,0.186000000000,0.186000000000,False,0.000000000000,1.000000000000,1.000000000000,1.000000000000,1.000000000000
400,CN,38,SMR,0.186000000000,0.186000000000,False,0.000000000000,1.000000000000,1.000000000000,1.000000000000,1.000000000000
400,CN,39,GMR,0.446000000000,0.446000000000,False,0.000000000000,1.000000000000,1.000000000000,1.000000000000,1.000000000000
400,CN,39,Nash,0.446000000000,0.446000000000,False,0.000000000000,1.000000000000,1.000000000000,1.000000000000,1.000000000000
400,CN,39,SEQ,0.446000000000,0.446000000000,False,0.000000000000,1.000000000000,1.000000000000,1.000000000000,1.000000000000
400,CN,39,SMR,0.446000000000,0.446000000000,False,0.000000000000,1.000000000000,1.000000000000,1.000000000000,1.000000000000
400,CN,40,GMR,-0.294000000000,0.468000000000,False,0.000000000000,1.000000000000,1.000000000000,1.000000000000,1.000000000000
400,CN,40,Nash,-0.488000000000,0.468000000000,False,0.000000000000,1.000000000000,1.000000000000,1.000000000000,1.000000000000
400,CN,40,SEQ,-0.316000000000,0.468000000000,False,0.000000000000,1.000000000000,1.000000000000,1.000000000000,1.000000000000
400,CN,40,SMR,-0.478000000000,0.468000000000,False,0.000000000000,1.000000000000,1.000000000000,1.000000000000,1.000000000000
400,CN,41,GMR,-0.482000000000,0.490000000000,False,0.000000000000,1.000000000000,1.000000000000,1.000000000000,1.000000000000
400,CN,41,Nash,-0.500000000000,0.490000000000,False,0.000000000000,1.000000000000,1.000000000000,1.000000000000,1.000000000000
400,CN,41,SEQ,-0.500000000000,0.490000000000,False,0.000000000000,1.000000000000,1.000000000000,1.000000000000,1.000000000000
400,CN,41,SMR,-0.498000000000,0.490000000000,False,0.000000000000,1.000000000000,1.000000000000,1.000000000000,1.000000000000
400,CN,42,GMR,0.370000000000,0.370000000000,False,0.000000000000,1.000000000000,1.000000000000,1.000000000000,1.000000000000
400,CN,42,Nash,0.370000000000,0.370000000000,False,0.000000000000,1.000000000000,1.000000000000,1.000000000000,1.000000000000
400,CN,42,SEQ,0.370000000000,0.370000000000,False,0.000000000000,1.000000000000,1.000000000000,1.000000000000,1.000000000000
400,CN,42,SMR,0.370000000000,0.370000000000,False,0.000000000000,1.000000000000,1.000000000000,1.000000000000,1.000000000000
400,CN,43,GMR,-0.058000000000,0.372000000000,False,0.000000000000,1.000000000000,1.000000000000,1.000000000000,1.000000000000
400,CN,43,Nash,-0.466000000000,0.372000000000,False,0.000000000000,1.000000000000,1.000000000000,1.000000000000,1.000000000000
400,CN,43,SEQ,-0.492000000000,0.372000000000,False,0.000000000000,1.000000000000,1.000000000000,1.000000000000,1.000000000000
400,CN,43,SMR,-0.058000000000,0.372000000000,False,0.000000000000,1.000000000000,1.000000000000,1.000000000000,1.000000000000
400,CN,44,GMR,0.032000000000,0.032000000000,False,0.000000000000,0.460000000000,0.460000000000,1.000000000000,1.000000000000
400,CN,44,Nash,0.032000000000,0.032000000000,False,0.000000000000,0.460000000000,0.460000000000,1.000000000000,1.000000000000
400,CN,44,SEQ,0.032000000000,0.032000000000,False,0.000000000000,0.460000000000,0.460000000000,1.000000000000,1.000000000000
400,CN,44,SMR,0.032000000000,0.032000000000,False,0.000000000000,0.460000000000,0.460000000000,1.000000000000,1.000000000000
400,CN,45,GMR,0.500000000000,0.006000000000,False,0.000000000000,0.000000000000,0.000000000000,0.630000000000,1.000000000000
400,CN,45,Nash,-0.006000000000,0.006000000000,False,0.000000000000,0.000000000000,0.000000000000,0.630000000000,0.630000000000
400,CN,45,SEQ,0.212000000000,0.006000000000,False,0.000000000000,0.000000000000,0.000000000000,0.630000000000,1.000000000000
400,CN,45,SMR,-0.276000000000,0.006000000000,False,0.000000000000,0.000000000000,0.000000000000,0.630000000000,0.630000000000
400,CN,46,GMR,-0.292000000000,0.258000000000,False,0.000000000000,1.000000000000,1.000000000000,1.000000000000,1.000000000000
400,CN,46,Nash,-0.396000000000,0.258000000000,False,0.000000000000,1.000000000000,1.000000000000,1.000000000000,1.000000000000
400,CN,46,SEQ,-0.292000000000,0.258000000000,False,0.000000000000,1.000000000000,1.000000000000,1.000000000000,1.000000000000
400,CN,46,SMR,-0.480000000000,0.258000000000,False,0.000000000000,1.000000000000,1.000000000000,1.000000000000,1.000000000000
400,CN,47,GMR,0.218000000000,0.066000000000,False,0.000000000000,1.000000000000,1.000000000000,1.000000000000,1.000000000000
400,CN,47,Nash,-0.268000000000,0.066000000000,False,0.000000000000,1.000000000000,1.000000000000,1.000000000000,1.000000000000
400,CN,47,SEQ,-0.316000000000,0.066000000000,False,0.000000000000,1.000000000000,1.000000000000,1.000000000000,1.000000000000
400,CN,47,SMR,-0.370000000000,0.066000000000,False,0.000000000000,1.000000000000,1.000000000000,1.000000000000,1.000000000000
400,CN,48,GMR,0.500000000000,0.252000000000,False,0.000000000000,1.000000000000,1.000000000000,1.000000000000,1.000000000000
400,CN,48,Nash,-0.252000000000,0.252000000000,False,0.000000000000,1.000000000000,1.000000000000,1.000000000000,1.000000000000
400,CN,48,SEQ,-0.500000000000,0.252000000000,False,0.000000000000,1.000000000000,1.000000000000,1.000000000000,1.000000000000
400,CN,48,SMR,0.306000000000,0.252000000000,False,0.000000000000,1.000000000000,1.000000000000,1.000000000000,1.000000000000
400,CN,49,GMR,0.470000000000,0.470000000000,False,0.000000000000,1.000000000000,1.000000000000,1.000000000000,1.000000000000
400,CN,49,Nash,0.470000000000,0.470000000000,False,0.000000000000,1.000000000000,1.000000000000,1.000000000000,1.000000000000
400,CN,49,SEQ,0.470000000000,0.470000000000,False,0.000000000000,1.000000000000,1.000000000000,1.000000000000,1.000000000000
400,CN,49,SMR,0.470000000000,0.470000000000,False,0.000000000000,1.000000000000,1.000000000000,1.000000000000,1.000000000000
400,CN,50,GMR,0.290000000000,0.202000000000,False,0.000000000000,1.000000000000,1.000000000000,1.000000000000,1.000000000000
400,CN,50,Nash,-0.498000000000,0.202000000000,False,0.000000000000,1.000000000000,1.000000000000,1.000000000000,1.000000000000
400,CN,50,SEQ,0.104000000000,0.202000000000,False,0.000000000000,1.000000000000,1.000000000000,1.000000000000,1.000000000000
400,CN,50,SMR,0.088000000000,0.202000000000,False,0.000000000000,1.000000000000,1.000000000000,1.000000000000,1.000000000000
400,CN,51,GMR,0.308000000000,0.308000000000,False,0.000000000000,1.000000000000,1.000000000000,1.000000000000,1.000000000000
400,CN,51,Nash,0.308000000000,0.308000000000,False,0.000000000000,1.000000000000,1.000000000000,1.000000000000,1.000000000000
400,CN,51,SEQ,0.308000000000,0.308000000000,False,0.000000000000,1.000000000000,1.000000000000,1.000000000000,1.000000000000
400,CN,51,SMR,0.308000000000,0.308000000000,False,0.000000000000,1.000000000000,1.000000000000,1.000000000000,1.000000000000
400,CN,52,GMR,0.312000000000,0.312000000000,False,0.000000000000,1.000000000000,1.000000000000,1.000000000000,1.000000000000
400,CN,52,Nash,0.312000000000,0.312000000000,False,0.000000000000,1.000000000000,1.000000000000,1.000000000000,1.000000000000
400,CN,52,SEQ,0.312000000000,0.312000000000,False,0.000000000000,1.000000000000,1.000000000000,1.000000000000,1.000000000000
400,CN,52,SMR,0.312000000000,0.312000000000,False,0.000000000000,1.000000000000,1.000000000000,1.000000000000,1.000000000000
400,CN,53,GMR,-0.418000000000,0.078000000000,False,0.000000000000,1.000000000000,1.000000000000,1.000000000000,1.000000000000
400,CN,53,Nash,-0.498000000000,0.078000000000,False,0.000000000000,1.000000000000,1.000000000000,1.000000000000,1.000000000000
400,CN,53,SEQ,-0.478000000000,0.078000000000,False,0.000000000000,1.000000000000,1.000000000000,1.000000000000,1.000000000000
400,CN,53,SMR,-0.418000000000,0.078000000000,False,0.000000000000,1.000000000000,1.000000000000,1.000000000000,1.000000000000
400,CN,54,GMR,0.310000000000,0.498000000000,False,0.000000000000,1.000000000000,1.000000000000,1.000000000000,1.000000000000
400,CN,54,Nash,-0.498000000000,0.498000000000,False,0.000000000000,1.000000000000,1.000000000000,1.000000000000,1.000000000000
400,CN,54,SEQ,0.212000000000,0.498000000000,False,0.000000000000,1.000000000000,1.000000000000,1.000000000000,1.000000000000
400,CN,54,SMR,-0.470000000000,0.498000000000,False,0.000000000000,1.000000000000,1.000000000000,1.000000000000,1.000000000000
400,CN,55,GMR,-0.358000000000,0.174000000000,False,0.000000000000,1.000000000000,1.000000000000,1.000000000000,1.000000000000
400,CN,55,Nash,-0.500000000000,0.174000000000,False,0.000000000000,1.000000000000,1.000000000000,1.000000000000,1.000000000000
400,CN,55,SEQ,-0.358000000000,0.174000000000,False,0.000000000000,1.000000000000,1.000000000000,1.000000000000,1.000000000000
400,CN,55,SMR,-0.478000000000,0.174000000000,False,0.000000000000,1.000000000000,1.000000000000,1.000000000000,1.000000000000
400,CN,56,GMR,-0.476000000000,0.448000000000,False,0.000000000000,1.000000000000,1.000000000000,1.000000000000,1.000000000000
400,CN,56,Nash,-0.500000000000,0.448000000000,False,0.000000000000,1.000000000000,1.000000000000,1.000000000000,1.000000000000
400,CN,56,SEQ,-0.476000000000,0.448000000000,False,0.000000000000,1.000000000000,1.000000000000,1.000000000000,1.000000000000
400,CN,56,SMR,-0.500000000000,0.448000000000,False,0.000000000000,1.000000000000,1.000000000000,1.000000000000,1.000000000000
400,CN,57,GMR,0.500000000000,0.234000000000,False,0.000000000000,1.000000000000,1.000000000000,1.000000000000,1.000000000000
400,CN,57,Nash,-0.234000000000,0.234000000000,False,0.000000000000,1.000000000000,1.000000000000,1.000000000000,1.000000000000
400,CN,57,SEQ,-0.500000000000,0.234000000000,False,0.000000000000,1.000000000000,1.000000000000,1.000000000000,1.000000000000
400,CN,57,SMR,0.386000000000,0.234000000000,False,0.000000000000,1.000000000000,1.000000000000,1.000000000000,1.000000000000
400,CN,58,GMR,0.476000000000,0.008000000000,False,0.000000000000,0.000000000000,0.000000000000,0.800000000000,1.000000000000
400,CN,58,Nash,-0.364000000000,0.008000000000,False,0.000000000000,0.000000000000,0.000000000000,0.800000000000,1.000000000000
400,CN,58,SEQ,0.476000000000,0.008000000000,False,0.000000000000,0.000000000000,0.000000000000,0.800000000000,1.000000000000
400,CN,58,SMR,0.468000000000,0.008000000000,False,0.000000000000,0.000000000000,0.000000000000,0.800000000000,1.000000000000
400,CN,59,GMR,0.496000000000,0.358000000000,False,0.000000000000,1.000000000000,1.000000000000,1.000000000000,1.000000000000
400,CN,59,Nash,-0.408000000000,0.358000000000,False,0.000000000000,1.000000000000,1.000000000000,1.000000000000,1.000000000000
400,CN,59,SEQ,-0.492000000000,0.358000000000,False,0.000000000000,1.000000000000,1.000000000000,1.000000000000,1.000000000000
400,CN,59,SMR,0.424000000000,0.358000000000,False,0.000000000000,1.000000000000,1.000000000000,1.000000000000,1.000000000000
400,CN,60,GMR,0.126000000000,0.032000000000,False,0.000000000000,0.460000000000,0.460000000000,0.980000000000,1.000000000000
400,CN,60,Nash,-0.032000000000,0.032000000000,False,0.000000000000,0.460000000000,0.460000000000,0.980000000000,0.980000000000
400,CN,60,SEQ,-0.382000000000,0.032000000000,False,0.000000000000,0.460000000000,0.460000000000,0.980000000000,0.980000000000
400,CN,60,SMR,0.108000000000,0.032000000000,False,0.000000000000,0.460000000000,0.460000000000,0.980000000000,1.000000000000
400,CN,61,GMR,-0.184000000000,0.218000000000,False,0.000000000000,1.000000000000,1.000000000000,1.000000000000,1.000000000000
400,CN,61,Nash,-0.252000000000,0.218000000000,False,0.000000000000,1.000000000000,1.000000000000,1.000000000000,1.000000000000
400,CN,61,SEQ,-0.184000000000,0.218000000000,False,0.000000000000,1.000000000000,1.000000000000,1.000000000000,1.000000000000
400,CN,61,SMR,-0.298000000000,0.218000000000,False,0.000000000000,1.000000000000,1.000000000000,1.000000000000,1.000000000000
400,CN,62,GMR,0.466000000000,0.376000000000,False,0.000000000000,1.000000000000,1.000000000000,1.000000000000,1.000000000000
400,CN,62,Nash,-0.376000000000,0.376000000000,False,0.000000000000,1.000000000000,1.000000000000,1.000000000000,1.000000000000
400,CN,62,SEQ,0.200000000000,0.376000000000,False,0.000000000000,1.000000000000,1.000000000000,1.000000000000,1.000000000000
400,CN,62,SMR,0.298000000000,0.376000000000,False,0.000000000000,1.000000000000,1.000000000000,1.000000000000,1.000000000000
400,CN,63,GMR,0.476000000000,0.054000000000,False,0.000000000000,1.000000000000,1.000000000000,1.000000000000,1.000000000000
400,CN,63,Nash,-0.054000000000,0.054000000000,False,0.000000000000,1.000000000000,1.000000000000,1.000000000000,1.000000000000
400,CN,63,SEQ,-0.064000000000,0.054000000000,False,0.000000000000,1.000000000000,1.000000000000,1.000000000000,1.000000000000
400,CN,63,SMR,-0.396000000000,0.054000000000,False,0.000000000000,1.000000000000,1.000000000000,1.000000000000,1.000000000000
400,CN,64,GMR,-0.218000000000,0.442000000000,False,0.000000000000,1.000000000000,1.000000000000,1.000000000000,1.000000000000
400,CN,64,Nash,-0.500000000000,0.442000000000,False,0.000000000000,1.000000000000,1.000000000000,1.000000000000,1.000000000000
400,CN,64,SEQ,-0.500000000000,0.442000000000,False,0.000000000000,1.000000000000,1.000000000000,1.000000000000,1.000000000000
400,CN,64,SMR,-0.328000000000,0.442000000000,False,0.000000000000,1.000000000000,1.000000000000,1.000000000000,1.000000000000
400,CN,65,GMR,0.490000000000,0.490000000000,False,0.000000000000,1.000000000000,1.000000000000,1.000000000000,1.000000000000
400,CN,65,Nash,0.490000000000,0.490000000000,False,0.000000000000,1.000000000000,1.000000000000,1.000000000000,1.000000000000
400,CN,65,SEQ,0.490000000000,0.490000000000,False,0.000000000000,1.000000000000,1.000000000000,1.000000000000,1.000000000000
400,CN,65,SMR,0.490000000000,0.490000000000,False,0.000000000000,1.000000000000,1.000000000000,1.000000000000,1.000000000000
400,CN,66,GMR,0.262000000000,0.262000000000,False,0.000000000000,1.000000000000,1.000000000000,1.000000000000,1.000000000000
400,CN,66,Nash,0.262000000000,0.262000000000,False,0.000000000000,1.000000000000,1.000000000000,1.000000000000,1.000000000000
400,CN,66,SEQ,0.262000000000,0.262000000000,False,0.000000000000,1.000000000000,1.000000000000,1.000000000000,1.000000000000
400,CN,66,SMR,0.262000000000,0.262000000000,False,0.000000000000,1.000000000000,1.000000000000,1.000000000000,1.000000000000
400,CN,67,GMR,0.500000000000,0.292000000000,False,0.000000000000,1.000000000000,1.000000000000,1.000000000000,1.000000000000
400,CN,67,Nash,-0.292000000000,0.292000000000,False,0.000000000000,1.000000000000,1.000000000000,1.000000000000,1.000000000000
400,CN,67,SEQ,-0.500000000000,0.292000000000,False,0.000000000000,1.000000000000,1.000000000000,1.000000000000,1.000000000000
400,CN,67,SMR,0.384000000000,0.292000000000,False,0.000000000000,1.000000000000,1.000000000000,1.000000000000,1.000000000000
400,CN,68,GMR,0.462000000000,0.462000000000,False,0.000000000000,1.000000000000,1.000000000000,1.000000000000,1.000000000000
400,CN,68,Nash,0.462000000000,0.462000000000,False,0.000000000000,1.000000000000,1.000000000000,1.000000000000,1.000000000000
400,CN,68,SEQ,0.462000000000,0.462000000000,False,0.000000000000,1.000000000000,1.000000000000,1.000000000000,1.000000000000
400,CN,68,SMR,0.462000000000,0.462000000000,False,0.000000000000,1.000000000000,1.000000000000,1.000000000000,1.000000000000
400,CN,69,GMR,0.130000000000,0.090000000000,False,0.000000000000,1.000000000000,1.000000000000,1.000000000000,1.000000000000
400,CN,69,Nash,-0.262000000000,0.090000000000,False,0.000000000000,1.000000000000,1.000000000000,1.000000000000,1.000000000000
400,CN,69,SEQ,-0.382000000000,0.090000000000,False,0.000000000000,1.000000000000,1.000000000000,1.000000000000,1.000000000000
400,CN,69,SMR,0.130000000000,0.090000000000,False,0.000000000000,1.000000000000,1.000000000000,1.000000000000,1.000000000000
400,CN,70,GMR,0.482000000000,0.046000000000,False,0.000000000000,0.990000000000,0.990000000000,1.000000000000,1.000000000000
400,CN,70,Nash,-0.142000000000,0.046000000000,False,0.000000000000,0.990000000000,0.990000000000,1.000000000000,1.000000000000
400,CN,70,SEQ,-0.500000000000,0.046000000000,False,0.000000000000,0.990000000000,0.990000000000,1.000000000000,1.000000000000
400,CN,70,SMR,0.444000000000,0.046000000000,False,0.000000000000,0.990000000000,0.990000000000,1.000000000000,1.000000000000
400,CN,71,GMR,0.500000000000,,True,0.000000000000,1.000000000000,1.000000000000,1.000000000000,1.000000000000
400,CN,71,Nash,0.500000000000,,True,0.000000000000,1.000000000000,1.000000000000,1.000000000000,1.000000000000
400,CN,71,SEQ,0.500000000000,,True,0.000000000000,1.000000000000,1.000000000000,1.000000000000,1.000000000000
400,CN,71,SMR,0.500000000000,,True,0.000000000000,1.000000000000,1.000000000000,1.000000000000,1.000000000000
400,CN,72,GMR,0.090000000000,0.090000000000,False,0.000000000000,1.000000000000,1.000000000000,1.000000000000,1.000000000000
400,CN,72,Nash,0.090000000000,0.090000000000,False,0.000000000000,1.000000000000,1.000000000000,1.000000000000,1.000000000000
400,CN,72,SEQ,0.090000000000,0.090000000000,False,0.000000000000,1.000000000000,1.000000000000,1.000000000000,1.000000000000
400,CN,72,SMR,0.090000000000,0.090000000000,False,0.000000000000,1.000000000000,1.000000000000,1.000000000000,1.000000000000
400,CN,73,GMR,0.500000000000,,True,0.000000000000,1.000000000000,1.000000000000,1.000000000000,1.000000000000
400,CN,73,Nash,0.500000000000,,True,0.000000000000,1.000000000000,1.000000000000,1.000000000000,1.000000000000
400,CN,73,SEQ,0.500000000000,,True,0.000000000000,1.000000000000,1.000000000000,1.000000000000,1.000000000000
400,CN,73,SMR,0.500000000000,,True,0.000000000000,1.000000000000,1.000000000000,1.000000000000,1.000000000000
400,CN,74,GMR,0.500000000000,0.500000000000,False,0.000000000000,1.000000000000,1.000000000000,1.000000000000,1.000000000000
400,CN,74,Nash,0.500000000000,0.500000000000,False,0.000000000000,1.000000000000,1.000000000000,1.000000000000,1.000000000000
400,CN,74,SEQ,0.500000000000,0.500000000000,False,0.000000000000,1.000000000000,1.000000000000,1.000000000000,1.000000000000
400,CN,74,SMR,0.500000000000,0.500000000000,False,0.000000000000,1.000000000000,1.000000000000,1.000000000000,1.000000000000
400,CN,75,GMR,-0.482000000000,0.312000000000,False,0.000000000000,1.000000000000,1.000000000000,1.000000000000,1.000000000000
400,CN,75,Nash,-0.346000000000,0.312000000000,False,0.000000000000,1.000000000000,1.000000000000,1.000000000000,1.000000000000
400,CN,75,SEQ,-0.482000000000,0.312000000000,False,0.000000000000,1.000000000000,1.000000000000,1.000000000000,1.000000000000
400,CN,75,SMR,-0.482000000000,0.312000000000,False,0.000000000000,1.000000000000,1.000000000000,1.000000000000,1.000000000000
400,CN,76,GMR,0.410000000000,0.410000000000,False,0.000000000000,1.000000000000,1.000000000000,1.000000000000,1.000000000000
400,CN,76,Nash,0.410000000000,0.410000000000,False,0.000000000000,1.000000000000,1.000000000000,1.000000000000,1.000000000000
400,CN,76,SEQ,0.410000000000,0.410000000000,False,0.000000000000,1.000000000000,1.000000000000,1.000000000000,1.000000000000
400,CN,76,SMR,0.410000000000,0.410000000000,False,0.000000000000,1.000000000000,1.000000000000,1.000000000000,1.000000000000
400,US,1,GMR,0.500000000000,0.306000000000,False,0.000000000000,1.000000000000,1.000000000000,1.000000000000,1.000000000000
400,US,1,Nash,-0.306000000000,0.306000000000,False,0.000000000000,1.000000000000,1.000000000000,1.000000000000,1.000000000000
400,US,1,SEQ,0.308000000000,0.306000000000,False,0.000000000000,1.000000000000,1.000000000000,1.000000000000,1.000000000000
400,US,1,SMR,0.466000000000,0.306000000000,False,0.000000000000,1.000000000000,1.000000000000,1.000000000000,1.000000000000
400,US,2,GMR,-0.132000000000,0.184000000000,False,0.000000000000,1.000000000000,1.000000000000,1.000000000000,1.000000000000
400,US,2,Nash,-0.500000000000,0.184000000000,False,0.000000000000,1.000000000000,1.000000000000,1.000000000000,1.000000000000
400,US,2,SEQ,-0.344000000000,0.184000000000,False,0.000000000000,1.000000000000,1.000000000000,1.000000000000,1.000000000000
400,US,2,SMR,-0.378000000000,0.184000000000,False,0.000000000000,1.000000000000,1.000000000000,1.000000000000,1.000000000000
400,US,3,GMR,0.500000000000,0.500000000000,False,0.000000000000,1.000000000000,1.000000000000,1.000000000000,1.000000000000
400,US,3,Nash,0.500000000000,0.500000000000,False,0.000000000000,1.000000000000,1.000000000000,1.000000000000,1.000000000000
400,US,3,SEQ,0.500000000000,0.500000000000,False,0.000000000000,1.000000000000,1.000000000000,1.000000000000,1.000000000000
400,US,3,SMR,0.500000000000,0.500000000000,False,0.000000000000,1.000000000000,1.000000000000,1.000000000000,1.000000000000
400,US,4,GMR,0.306000000000,0.306000000000,False,0.000000000000,1.000000000000,1.000000000000,1.000000000000,1.000000000000
400,US,4,Nash,0.306000000000,0.306000000000,False,0.000000000000,1.000000000000,1.000000000000,1.000000000000,1.000000000000
400,US,4,SEQ,0.306000000000,0.306000000000,False,0.000000000000,1.000000000000,1.000000000000,1.000000000000,1.000000000000
400,US,4,SMR,0.306000000000,0.306000000000,False,0.000000000000,1.000000000000,1.000000000000,1.000000000000,1.000000000000
400,US,5,GMR,0.184000000000,0.184000000000,False,0.000000000000,1.000000000000,1.000000000000,1.000000000000,1.000000000000
400,US,5,Nash,0.184000000000,0.184000000000,False,0.000000000000,1.000000000000,1.000000000000,1.000000000000,1.000000000000
400,US,5,SEQ,0.184000000000,0.184000000000,False,0.000000000000,1.000000000000,1.000000000000,1.000000000000,1.000000000000
400,US,5,SMR,0.184000000000,0.184000000000,False,0.000000000000,1.000000000000,1.000000000000,1.000000000000,1.000000000000
400,US,6,GMR,-0.500000000000,0.214000000000,False,0.000000000000,1.000000000000,1.000000000000,1.000000000000,1.000000000000
400,US,6,Nash,-0.500000000000,0.214000000000,False,0.000000000000,1.000000000000,1.000000000000,1.000000000000,1.000000000000
400,US,6,SEQ,-0.500000000000,0.214000000000,False,0.000000000000,1.000000000000,1.000000000000,1.000000000000,1.000000000000
400,US,6,SMR,-0.500000000000,0.214000000000,False,0.000000000000,1.000000000000,1.000000000000,1.000000000000,1.000000000000
400,US,7,GMR,0.500000000000,0.230000000000,False,0.000000000000,1.000000000000,1.000000000000,1.000000000000,1.000000000000
400,US,7,Nash,-0.500000000000,0.230000000000,False,0.000000000000,1.000000000000,1.000000000000,1.000000000000,1.000000000000
400,US,7,SEQ,-0.084000000000,0.230000000000,False,0.000000000000,1.000000000000,1.000000000000,1.000000000000,1.000000000000
400,US,7,SMR,0.500000000000,0.230000000000,False,0.000000000000,1.000000000000,1.000000000000,1.000000000000,1.000000000000
400,US,8,GMR,0.498000000000,0.230000000000,False,0.000000000000,1.000000000000,1.000000000000,1.000000000000,1.000000000000
400,US,8,Nash,-0.492000000000,0.230000000000,False,0.000000000000,1.000000000000,1.000000000000,1.000000000000,1.000000000000
400,US,8,SEQ,-0.138000000000,0.230000000000,False,0.000000000000,1.000000000000,1.000000000000,1.000000000000,1.000000000000
400,US,8,SMR,0.498000000000,0.230000000000,False,0.000000000000,1.000000000000,1.000000000000,1.000000000000,1.000000000000
400,US,9,GMR,0.492000000000,0.492000000000,False,0.000000000000,1.000000000000,1.000000000000,1.000000000000,1.000000000000
400,US,9,Nash,0.492000000000,0.492000000000,False,0.000000000000,1.000000000000,1.000000000000,1.000000000000,1.000000000000
400,US,9,SEQ,0.492000000000,0.492000000000,False,0.000000000000,1.000000000000,1.000000000000,1.000000000000,1.000000000000
400,US,9,SMR,0.492000000000,0.492000000000,False,0.000000000000,1.000000000000,1.000000000000,1.000000000000,1.000000000000
400,US,10,GMR,0.412000000000,0.182000000000,False,0.000000000000,1.000000000000,1.000000000000,1.000000000000,1.000000000000
400,US,10,Nash,-0.194000000000,0.182000000000,False,0.000000000000,1.000000000000,1.000000000000,1.000000000000,1.000000000000
400,US,10,SEQ,-0.076000000000,0.182000000000,False,0.000000000000,1.000000000000,1.000000000000,1.000000000000,1.000000000000
400,US,10,SMR,0.190000000000,0.182000000000,False,0.000000000000,1.000000000000,1.000000000000,1.000000000000,1.000000000000
400,US,11,GMR,0.500000000000,0.124000000000,False,0.000000000000,1.000000000000,1.000000000000,1.000000000000,1.000000000000
400,US,11,Nash,-0.124000000000,0.124000000000,False,0.000000000000,1.000000000000,1.000000000000,1.000000000000,1.000000000000
400,US,11,SEQ,-0.050000000000,0.124000000000,False,0.000000000000,1.000000000000,1.000000000000,1.000000000000,1.000000000000
400,US,11,SMR,0.388000000000,0.124000000000,False,0.000000000000,1.000000000000,1.000000000000,1.000000000000,1.000000000000
400,US,12,GMR,-0.500000000000,0.434000000000,False,0.000000000000,1.000000000000,1.000000000000,1.000000000000,1.000000000000
400,US,12,Nash,-0.500000000000,0.434000000000,False,0.000000000000,1.000000000000,1.000000000000,1.000000000000,1.000000000000
400,US,12,SEQ,-0.500000000000,0.434000000000,False,0.000000000000,1.000000000000,1.000000000000,1.000000000000,1.000000000000
400,US,12,SMR,-0.500000000000,0.434000000000,False,0.000000000000,1.000000000000,1.000000000000,1.000000000000,1.000000000000
400,US,13,GMR,0.062000000000,0.062000000000,False,0.000000000000,1.000000000000,1.000000000000,1.000000000000,1.000000000000
400,US,13,Nash,0.062000000000,0.062000000000,False,0.000000000000,1.000000000000,1.000000000000,1.000000000000,1.000000000000
400,US,13,SEQ,0.062000000000,0.062000000000,False,0.000000000000,1.000000000000,1.000000000000,1.000000000000,1.000000000000
400,US,13,SMR,0.062000000000,0.062000000000,False,0.000000000000,1.000000000000,1.000000000000,1.000000000000,1.000000000000
400,US,14,GMR,0.010000000000,0.444000000000,False,0.000000000000,1.000000000000,0.000000000000,1.000000000000,0.810000000000
400,US,14,Nash,-0.500000000000,0.444000000000,False,0.000000000000,1.000000000000,1.000000000000,1.000000000000,1.000000000000
400,US,14,SEQ,-0.086000000000,0.444000000000,False,0.000000000000,1.000000000000,1.000000000000,1.000000000000,1.000000000000
400,US,14,SMR,-0.086000000000,0.444000000000,False,0.000000000000,1.000000000000,1.000000000000,1.000000000000,1.000000000000
400,US,15,GMR,0.064000000000,0.064000000000,False,0.000000000000,1.000000000000,1.000000000000,1.000000000000,1.000000000000
400,US,15,Nash,0.064000000000,0.064000000000,False,0.000000000000,1.000000000000,1.000000000000,1.000000000000,1.000000000000
400,US,15,SEQ,0.064000000000,0.064000000000,False,0.000000000000,1.000000000000,1.000000000000,1.000000000000,1.000000000000
400,US,15,SMR,0.064000000000,0.064000000000,False,0.000000000000,1.000000000000,1.000000000000,1.000000000000,1.000000000000
400,US,16,GMR,0.230000000000,0.064000000000,False,0.000000000000,1.000000000000,1.000000000000,1.000000000000,1.000000000000
400,US,16,Nash,-0.064000000000,0.064000000000,False,0.000000000000,1.000000000000,1.000000000000,1.000000000000,1.000000000000
400,US,16,SEQ,-0.054000000000,0.064000000000,False,0.000000000000,1.000000000000,1.000000000000,1.000000000000,1.000000000000
400,US,16,SMR,0.154000000000,0.064000000000,False,0.000000000000,1.000000000000,1.000000000000,1.000000000000,1.000000000000
400,US,17,GMR,0.498000000000,0.082000000000,False,0.000000000000,1.000000000000,1.000000000000,1.000000000000,1.000000000000
400,US,17,Nash,-0.418000000000,0.082000000000,False,0.000000000000,1.000000000000,1.000000000000,1.000000000000,1.000000000000
400,US,17,SEQ,-0.498000000000,0.082000000000,False,0.000000000000,1.000000000000,1.000000000000,1.000000000000,1.000000000000
400,US,17,SMR,0.394000000000,0.082000000000,False,0.000000000000,1.000000000000,1.000000000000,1.000000000000,1.000000000000
400,US,18,GMR,-0.480000000000,0.304000000000,False,0.000000000000,1.000000000000,1.000000000000,1.000000000000,1.000000000000
400,US,18,Nash,-0.500000000000,0.304000000000,False,0.000000000000,1.000000000000,1.000000000000,1.000000000000,1.000000000000
400,US,18,SEQ,-0.498000000000,0.304000000000,False,0.000000000000,1.000000000000,1.000000000000,1.000000000000,1.000000000000
400,US,18,SMR,-0.480000000000,0.304000000000,False,0.000000000000,1.000000000000,1.000000000000,1.000000000000,1.000000000000
400,US,19,GMR,0.098000000000,0.304000000000,False,0.000000000000,1.000000000000,1.000000000000,1.000000000000,1.000000000000
400,US,19,Nash,-0.500000000000,0.304000000000,False,0.000000000000,1.000000000000,1.000000000000,1.000000000000,1.000000000000
400,US,19,SEQ,-0.498000000000,0.304000000000,False,0.000000000000,1.000000000000,1.000000000000,1.000000000000,1.000000000000
400,US,19,SMR,0.062000000000,0.304000000000,False,0.000000000000,1.000000000000,1.000000000000,1.000000000000,1.000000000000
400,US,20,GMR,0.500000000000,0.240000000000,False,0.000000000000,1.000000000000,1.000000000000,1.000000000000,1.000000000000
400,US,20,Nash,-0.500000000000,0.240000000000,False,0.000000000000,1.000000000000,1.000000000000,1.000000000000,1.000000000000
400,US,20,SEQ,0.336000000000,0.240000000000,False,0.000000000000,1.000000000000,1.000000000000,1.000000000000,1.000000000000
400,US,20,SMR,0.484000000000,0.240000000000,False,0.000000000000,1.000000000000,1.000000000000,1.000000000000,1.000000000000
400,US,21,GMR,0.500000000000,0.500000000000,False,0.000000000000,1.000000000000,1.000000000000,1.000000000000,1.000000000000
400,US,21,Nash,0.500000000000,0.500000000000,False,0.000000000000,1.000000000000,1.000000000000,1.000000000000,1.000000000000
400,US,21,SEQ,0.500000000000,0.500000000000,False,0.000000000000,1.000000000000,1.000000000000,1.000000000000,1.000000000000
400,US,21,SMR,0.500000000000,0.500000000000,False,0.000000000000,1.000000000000,1.000000000000,1.000000000000,1.000000000000
400,US,22,GMR,0.494000000000,0.500000000000,False,0.000000000000,1.000000000000,1.000000000000,1.000000000000,1.000000000000
400,US,22,Nash,-0.500000000000,0.500000000000,False,0.000000000000,1.000000000000,1.000000000000,1.000000000000,1.000000000000
400,US,22,SEQ,-0.028000000000,0.500000000000,False,0.000000000000,1.000000000000,0.150000000000,1.000000000000,0.990000000000
400,US,22,SMR,0.326000000000,0.500000000000,False,0.000000000000,1.000000000000,1.000000000000,1.000000000000,1.000000000000
400,US,23,GMR,0.500000000000,0.236000000000,False,0.000000000000,1.000000000000,1.000000000000,1.000000000000,1.000000000000
400,US,23,Nash,-0.496000000000,0.236000000000,False,0.000000000000,1.000000000000,1.000000000000,1.000000000000,1.000000000000
400,US,23,SEQ,-0.162000000000,0.236000000000,False,0.000000000000,1.000000000000,1.000000000000,1.000000000000,1.000000000000
400,US,23,SMR,0.500000000000,0.236000000000,False,0.000000000000,1.000000000000,1.000000000000,1.000000000000,1.000000000000
400,US,24,GMR,0.134000000000,0.236000000000,False,0.000000000000,1.000000000000,1.000000000000,1.000000000000,1.000000000000
400,US,24,Nash,-0.496000000000,0.236000000000,False,0.000000000000,1.000000000000,1.000000000000,1.000000000000,1.000000000000
400,US,24,SEQ,-0.456000000000,0.236000000000,False,0.000000000000,1.000000000000,1.000000000000,1.000000000000,1.000000000000
400,US,24,SMR,0.134000000000,0.236000000000,False,0.000000000000,1.000000000000,1.000000000000,1.000000000000,1.000000000000
400,US,25,GMR,0.496000000000,0.496000000000,False,0.000000000000,1.000000000000,1.000000000000,1.000000000000,1.000000000000
400,US,25,Nash,0.496000000000,0.496000000000,False,0.000000000000,1.000000000000,1.000000000000,1.000000000000,1.000000000000
400,US,25,SEQ,0.496000000000,0.496000000000,False,0.000000000000,1.000000000000,1.000000000000,1.000000000000,1.000000000000
400,US,25,SMR,0.496000000000,0.496000000000,False,0.000000000000,1.000000000000,1.000000000000,1.000000000000,1.000000000000
400,US,26,GMR,0.448000000000,0.036000000000,False,0.000000000000,0.820000000000,0.820000000000,1.000000000000,1.000000000000
400,US,26,Nash,-0.488000000000,0.036000000000,False,0.000000000000,0.820000000000,0.820000000000,1.000000000000,1.000000000000
400,US,26,SEQ,-0.272000000000,0.036000000000,False,0.000000000000,0.820000000000,0.820000000000,1.000000000000,1.000000000000
400,US,26,SMR,0.366000000000,0.036000000000,False,0.000000000000,0.820000000000,0.820000000000,1.000000000000,1.000000000000
400,US,27,GMR,0.450000000000,0.036000000000,False,0.000000000000,0.830000000000,0.830000000000,1.000000000000,1.000000000000
400,US,27,Nash,-0.482000000000,0.036000000000,False,0.000000000000,0.830000000000,0.830000000000,1.000000000000,1.000000000000
400,US,27,SEQ,-0.272000000000,0.036000000000,False,0.000000000000,0.830000000000,0.830000000000,1.000000000000,1.000000000000
400,US,27,SMR,-0.164000000000,0.036000000000,False,0.000000000000,0.830000000000,0.830000000000,1.000000000000,1.000000000000
400,US,28,GMR,0.498000000000,0.288000000000,False,0.000000000000,1.000000000000,1.000000000000,1.000000000000,1.000000000000
400,US,28,Nash,-0.288000000000,0.288000000000,False,0.000000000000,1.000000000000,1.000000000000,1.000000000000,1.000000000000
400,US,28,SEQ,0.134000000000,0.288000000000,False,0.000000000000,1.000000000000,1.000000000000,1.000000000000,1.000000000000
400,US,28,SMR,0.498000000000,0.288000000000,False,0.000000000000,1.000000000000,1.000000000000,1.000000000000,1.000000000000
400,US,29,GMR,0.288000000000,0.288000000000,False,0.000000000000,1.000000000000,1.000000000000,1.000000000000,1.000000000000
400,US,29,Nash,0.288000000000,0.288000000000,False,0.000000000000,1.000000000000,1.000000000000,1.000000000000,1.000000000000
400,US,29,SEQ,0.288000000000,0.288000000000,False,0.000000000000,1.000000000000,1.000000000000,1.000000000000,1.000000000000
400,US,29,SMR,0.288000000000,0.288000000000,False,0.000000000000,1.000000000000,1.000000000000,1.000000000000,1.000000000000
400,US,30,GMR,-0.024000000000,0.374000000000,False,0.000000000000,1.000000000000,0.020000000000,1.000000000000,0.970000000000
400,US,30,Nash,-0.434000000000,0.374000000000,False,0.000000000000,1.000000000000,1.000000000000,1.000000000000,1.000000000000
400,US,30,SEQ,-0.188000000000,0.374000000000,False,0.000000000000,1.000000000000,1.000000000000,1.000000000000,1.000000000000
400,US,30,SMR,-0.148000000000,0.374000000000,False,0.000000000000,1.000000000000,1.000000000000,1.000000000000,1.000000000000
400,US,31,GMR,0.434000000000,0.434000000000,False,0.000000000000,1.000000000000,1.000000000000,1.000000000000,1.000000000000
400,US,31,Nash,0.434000000000,0.434000000000,False,0.000000000000,1.000000000000,1.000000000000,1.000000000000,1.000000000000
400,US,31,SEQ,0.434000000000,0.434000000000,False,0.000000000000,1.000000000000,1.000000000000,1.000000000000,1.000000000000
400,US,31,SMR,0.434000000000,0.434000000000,False,0.000000000000,1.000000000000,1.000000000000,1.000000000000,1.000000000000
400,US,32,GMR,-0.066000000000,0.458000000000,False,0.000000000000,1.000000000000,1.000000000000,1.000000000000,1.000000000000
400,US,32,Nash,-0.458000000000,0.458000000000,False,0.000000000000,1.000000000000,1.000000000000,1.000000000000,1.000000000000
400,US,32,SEQ,-0.188000000000,0.458000000000,False,0.000000000000,1.000000000000,1.000000000000,1.000000000000,1.000000000000
400,US,32,SMR,-0.186000000000,0.458000000000,False,0.000000000000,1.000000000000,1.000000000000,1.000000000000,1.000000000000
400,US,33,GMR,0.264000000000,0.264000000000,False,0.000000000000,1.000000000000,1.000000000000,1.000000000000,1.000000000000
400,US,33,Nash,0.264000000000,0.264000000000,False,0.000000000000,1.000000000000,1.000000000000,1.000000000000,1.000000000000
400,US,33,SEQ,0.264000000000,0.264000000000,False,0.000000000000,1.000000000000,1.000000000000,1.000000000000,1.000000000000
400,US,33,SMR,0.264000000000,0.264000000000,False,0.000000000000,1.000000000000,1.000000000000,1.000000000000,1.000000000000
400,US,34,GMR,-0.196000000000,0.104000000000,False,0.000000000000,1.000000000000,1.000000000000,1.000000000000,1.000000000000
400,US,34,Nash,-0.500000000000,0.104000000000,False,0.000000000000,1.000000000000,1.000000000000,1.000000000000,1.000000000000
400,US,34,SEQ,-0.202000000000,0.104000000000,False,0.000000000000,1.000000000000,1.000000000000,1.000000000000,1.000000000000
400,US,34,SMR,-0.440000000000,0.104000000000,False,0.000000000000,1.000000000000,1.000000000000,1.000000000000,1.000000000000
400,US,35,GMR,0.492000000000,0.492000000000,False,0.000000000000,1.000000000000,1.000000000000,1.000000000000,1.000000000000
400,US,35,Nash,0.492000000000,0.492000000000,False,0.000000000000,1.000000000000,1.000000000000,1.000000000000,1.000000000000
400,US,35,SEQ,0.492000000000,0.492000000000,False,0.000000000000,1.000000000000,1.000000000000,1.000000000000,1.000000000000
400,US,35,SMR,0.492000000000,0.492000000000,False,0.000000000000,1.000000000000,1.000000000000,1.000000000000,1.000000000000
400,US,36,GMR,-0.500000000000,0.488000000000,False,0.000000000000,1.000000000000,1.000000000000,1.000000000000,1.000000000000
400,US,36,Nash,-0.500000000000,0.488000000000,False,0.000000000000,1.000000000000,1.000000000000,1.000000000000,1.000000000000
400,US,36,SEQ,-0.500000000000,0.488000000000,False,0.000000000000,1.000000000000,1.000000000000,1.000000000000,1.000000000000
400,US,36,SMR,-0.500000000000,0.488000000000,False,0.000000000000,1.000000000000,1.000000000000,1.000000000000,1.000000000000
400,US,37,GMR,0.104000000000,0.104000000000,False,0.000000000000,1.000000000000,1.000000000000,1.000000000000,1.000000000000
400,US,37,Nash,0.104000000000,0.104000000000,False,0.000000000000,1.000000000000,1.000000000000,1.000000000000,1.000000000000
400,US,37,SEQ,0.104000000000,0.104000000000,False,0.000000000000,1.000000000000,1.000000000000,1.000000000000,1.000000000000
400,US,37,SMR,0.104000000000,0.104000000000,False,0.000000000000,1.000000000000,1.000000000000,1.000000000000,1.000000000000
400,US,38,GMR,-0.210000000000,0.212000000000,False,0.000000000000,1.000000000000,1.000000000000,1.000000000000,1.000000000000
400,US,38,Nash,-0.446000000000,0.212000000000,False,0.000000000000,1.000000000000,1.000000000000,1.000000000000,1.000000000000
400,US,38,SEQ,-0.440000000000,0.212000000000,False,0.000000000000,1.000000000000,1.000000000000,1.000000000000,1.000000000000
400,US,38,SMR,-0.500000000000,0.212000000000,False,0.000000000000,1.000000000000,1.000000000000,1.000000000000,1.000000000000
400,US,39,GMR,-0.288000000000,0.300000000000,False,0.000000000000,1.000000000000,1.000000000000,1.000000000000,1.000000000000
400,US,39,Nash,-0.456000000000,0.300000000000,False,0.000000000000,1.000000000000,1.000000000000,1.000000000000,1.000000000000
400,US,39,SEQ,-0.388000000000,0.300000000000,False,0.000000000000,1.000000000000,1.000000000000,1.000000000000,1.000000000000
400,US,39,SMR,-0.288000000000,0.300000000000,False,0.000000000000,1.000000000000,1.000000000000,1.000000000000,1.000000000000
400,US,40,GMR,-0.284000000000,0.300000000000,False,0.000000000000,1.000000000000,1.000000000000,1.000000000000,1.000000000000
400,US,40,Nash,-0.396000000000,0.300000000000,False,0.000000000000,1.000000000000,1.000000000000,1.000000000000,1.000000000000
400,US,40,SEQ,-0.284000000000,0.300000000000,False,0.000000000000,1.000000000000,1.000000000000,1.000000000000,1.000000000000
400,US,40,SMR,-0.284000000000,0.300000000000,False,0.000000000000,1.000000000000,1.000000000000,1.000000000000,1.000000000000
400,US,41,GMR,0.396000000000,0.396000000000,False,0.000000000000,1.000000000000,1.000000000000,1.000000000000,1.000000000000
400,US,41,Nash,0.396000000000,0.396000000000,False,0.000000000000,1.000000000000,1.000000000000,1.000000000000,1.000000000000
400,US,41,SEQ,0.396000000000,0.396000000000,False,0.000000000000,1.000000000000,1.000000000000,1.000000000000,1.000000000000
400,US,41,SMR,0.396000000000,0.396000000000,False,0.000000000000,1.000000000000,1.000000000000,1.000000000000,1.000000000000
400,US,42,GMR,-0.220000000000,0.408000000000,False,0.000000000000,1.000000000000,1.000000000000,1.000000000000,1.000000000000
400,US,42,Nash,-0.500000000000,0.408000000000,False,0.000000000000,1.000000000000,1.000000000000,1.000000000000,1.000000000000
400,US,42,SEQ,-0.428000000000,0.408000000000,False,0.000000000000,1.000000000000,1.000000000000,1.000000000000,1.000000000000
400,US,42,SMR,-0.396000000000,0.408000000000,False,0.000000000000,1.000000000000,1.000000000000,1.000000000000,1.000000000000
400,US,43,GMR,0.500000000000,0.500000000000,False,0.000000000000,1.000000000000,1.000000000000,1.000000000000,1.000000000000
400,US,43,Nash,0.500000000000,0.500000000000,False,0.000000000000,1.000000000000,1.000000000000,1.000000000000,1.000000000000
400,US,43,SEQ,0.500000000000,0.500000000000,False,0.000000000000,1.000000000000,1.000000000000,1.000000000000,1.000000000000
400,US,43,SMR,0.500000000000,0.500000000000,False,0.000000000000,1.000000000000,1.000000000000,1.000000000000,1.000000000000
400,US,44,GMR,0.382000000000,0.382000000000,False,0.000000000000,1.000000000000,1.000000000000,1.000000000000,1.000000000000
400,US,44,Nash,0.382000000000,0.382000000000,False,0.000000000000,1.000000000000,1.000000000000,1.000000000000,1.000000000000
400,US,44,SEQ,0.382000000000,0.382000000000,False,0.000000000000,1.000000000000,1.000000000000,1.000000000000,1.000000000000
400,US,44,SMR,0.382000000000,0.382000000000,False,0.000000000000,1.000000000000,1.000000000000,1.000000000000,1.000000000000
400,US,45,GMR,-0.126000000000,0.382000000000,False,0.000000000000,1.000000000000,1.000000000000,1.000000000000,1.000000000000
400,US,45,Nash,-0.480000000000,0.382000000000,False,0.000000000000,1.000000000000,1.000000000000,1.000000000000,1.000000000000
400,US,45,SEQ,-0.388000000000,0.382000000000,False,0.000000000000,1.000000000000,1.000000000000,1.000000000000,1.000000000000
400,US,45,SMR,-0.326000000000,0.382000000000,False,0.000000000000,1.000000000000,1.000000000000,1.000000000000,1.000000000000
400,US,46,GMR,0.152000000000,0.278000000000,False,0.000000000000,1.000000000000,1.000000000000,1.000000000000,1.000000000000
400,US,46,Nash,-0.298000000000,0.278000000000,False,0.000000000000,1.000000000000,1.000000000000,1.000000000000,1.000000000000
400,US,46,SEQ,-0.092000000000,0.278000000000,False,0.000000000000,1.000000000000,1.000000000000,1.000000000000,1.000000000000
400,US,46,SMR,0.056000000000,0.278000000000,False,0.000000000000,1.000000000000,1.000000000000,1.000000000000,1.000000000000
400,US,47,GMR,0.210000000000,0.210000000000,False,0.000000000000,1.000000000000,1.000000000000,1.000000000000,1.000000000000
400,US,47,Nash,0.210000000000,0.210000000000,False,0.000000000000,1.000000000000,1.000000000000,1.000000000000,1.000000000000
400,US,47,SEQ,0.210000000000,0.210000000000,False,0.000000000000,1.000000000000,1.000000000000,1.000000000000,1.000000000000
400,US,47,SMR,0.210000000000,0.210000000000,False,0.000000000000,1.000000000000,1.000000000000,1.000000000000,1.000000000000
400,US,48,GMR,0.322000000000,0.210000000000,False,0.000000000000,1.000000000000,1.000000000000,1.000000000000,1.000000000000
400,US,48,Nash,-0.210000000000,0.210000000000,False,0.000000000000,1.000000000000,1.000000000000,1.000000000000,1.000000000000
400,US,48,SEQ,0.066000000000,0.210000000000,False,0.000000000000,1.000000000000,1.000000000000,1.000000000000,1.000000000000
400,US,48,SMR,0.298000000000,0.210000000000,False,0.000000000000,1.000000000000,1.000000000000,1.000000000000,1.000000000000
400,US,49,GMR,-0.500000000000,0.110000000000,False,0.000000000000,1.000000000000,1.000000000000,1.000000000000,1.000000000000
400,US,49,Nash,-0.462000000000,0.110000000000,False,0.000000000000,1.000000000000,1.000000000000,1.000000000000,1.000000000000
400,US,49,SEQ,-0.500000000000,0.110000000000,False,0.000000000000,1.000000000000,1.000000000000,1.000000000000,1.000000000000
400,US,49,SMR,-0.500000000000,0.110000000000,False,0.000000000000,1.000000000000,1.000000000000,1.000000000000,1.000000000000
400,US,50,GMR,0.444000000000,0.444000000000,False,0.000000000000,1.000000000000,1.000000000000,1.000000000000,1.000000000000
400,US,50,Nash,0.444000000000,0.444000000000,False,0.000000000000,1.000000000000,1.000000000000,1.000000000000,1.000000000000
400,US,50,SEQ,0.444000000000,0.444000000000,False,0.000000000000,1.000000000000,1.000000000000,1.000000000000,1.000000000000
400,US,50,SMR,0.444000000000,0.444000000000,False,0.000000000000,1.000000000000,1.000000000000,1.000000000000,1.000000000000
400,US,51,GMR,0.220000000000,0.216000000000,False,0.000000000000,1.000000000000,1.000000000000,1.000000000000,1.000000000000
400,US,51,Nash,-0.490000000000,0.216000000000,False,0.000000000000,1.000000000000,1.000000000000,1.000000000000,1.000000000000
400,US,51,SEQ,0.220000000000,0.216000000000,False,0.000000000000,1.000000000000,1.000000000000,1.000000000000,1.000000000000
400,US,51,SMR,-0.190000000000,0.216000000000,False,0.000000000000,1.000000000000,1.000000000000,1.000000000000,1.000000000000
400,US,52,GMR,0.336000000000,0.234000000000,False,0.000000000000,1.000000000000,1.000000000000,1.000000000000,1.000000000000
400,US,52,Nash,-0.492000000000,0.234000000000,False,0.000000000000,1.000000000000,1.000000000000,1.000000000000,1.000000000000
400,US,52,SEQ,0.298000000000,0.234000000000,False,0.000000000000,1.000000000000,1.000000000000,1.000000000000,1.000000000000
400,US,52,SMR,0.170000000000,0.234000000000,False,0.000000000000,1.000000000000,1.000000000000,1.000000000000,1.000000000000
400,US,53,GMR,0.168000000000,0.500000000000,False,0.000000000000,1.000000000000,1.000000000000,1.000000000000,1.000000000000
400,US,53,Nash,-0.500000000000,0.500000000000,False,0.000000000000,1.000000000000,1.000000000000,1.000000000000,1.000000000000
400,US,53,SEQ,0.168000000000,0.500000000000,False,0.000000000000,1.000000000000,1.000000000000,1.000000000000,1.000000000000
400,US,53,SMR,-0.234000000000,0.500000000000,False,0.000000000000,1.000000000000,1.000000000000,1.000000000000,1.000000000000
400,US,54,GMR,0.284000000000,0.444000000000,False,0.000000000000,1.000000000000,1.000000000000,1.000000000000,1.000000000000
400,US,54,Nash,-0.444000000000,0.444000000000,False,0.000000000000,1.000000000000,1.000000000000,1.000000000000,1.000000000000
400,US,54,SEQ,0.278000000000,0.444000000000,False,0.000000000000,1.000000000000,1.000000000000,1.000000000000,1.000000000000
400,US,54,SMR,0.188000000000,0.444000000000,False,0.000000000000,1.000000000000,1.000000000000,1.000000000000,1.000000000000
400,US,55,GMR,0.004000000000,0.148000000000,False,0.000000000000,1.000000000000,0.000000000000,1.000000000000,0.730000000000
400,US,55,Nash,-0.340000000000,0.148000000000,False,0.000000000000,1.000000000000,1.000000000000,1.000000000000,1.000000000000
400,US,55,SEQ,-0.260000000000,0.148000000000,False,0.000000000000,1.000000000000,1.000000000000,1.000000000000,1.000000000000
400,US,55,SMR,0.004000000000,0.148000000000,False,0.000000000000,1.000000000000,0.000000000000,1.000000000000,0.730000000000
400,US,56,GMR,0.120000000000,0.148000000000,False,0.000000000000,1.000000000000,1.000000000000,1.000000000000,1.000000000000
400,US,56,Nash,-0.500000000000,0.148000000000,False,0.000000000000,1.000000000000,1.000000000000,1.000000000000,1.000000000000
400,US,56,SEQ,-0.416000000000,0.148000000000,False,0.000000000000,1.000000000000,1.000000000000,1.000000000000,1.000000000000
400,US,56,SMR,0.120000000000,0.148000000000,False,0.000000000000,1.000000000000,1.000000000000,1.000000000000,1.000000000000
400,US,57,GMR,0.500000000000,0.500000000000,False,0.000000000000,1.000000000000,1.000000000000,1.000000000000,1.000000000000
400,US,57,Nash,0.500000000000,0.500000000000,False,0.000000000000,1.000000000000,1.000000000000,1.000000000000,1.000000000000
400,US,57,SEQ,0.500000000000,0.500000000000,False,0.000000000000,1.000000000000,1.000000000000,1.000000000000,1.000000000000
400,US,57,SMR,0.500000000000,0.500000000000,False,0.000000000000,1.000000000000,1.000000000000,1.000000000000,1.000000000000
400,US,58,GMR,0.432000000000,0.282000000000,False,0.000000000000,1.000000000000,1.000000000000,1.000000000000,1.000000000000
400,US,58,Nash,-0.430000000000,0.282000000000,False,0.000000000000,1.000000000000,1.000000000000,1.000000000000,1.000000000000
400,US,58,SEQ,0.032000000000,0.282000000000,False,0.000000000000,1.000000000000,0.460000000000,1.000000000000,1.000000000000
400,US,58,SMR,0.222000000000,0.282000000000,False,0.000000000000,1.000000000000,1.000000000000,1.000000000000,1.000000000000
400,US,59,GMR,0.494000000000,0.222000000000,False,0.000000000000,1.000000000000,1.000000000000,1.000000000000,1.000000000000
400,US,59,Nash,-0.222000000000,0.222000000000,False,0.000000000000,1.000000000000,1.000000000000,1.000000000000,1.000000000000
400,US,59,SEQ,0.032000000000,0.222000000000,False,0.000000000000,1.000000000000,0.460000000000,1.000000000000,1.000000000000
400,US,59,SMR,0.494000000000,0.222000000000,False,0.000000000000,1.000000000000,1.000000000000,1.000000000000,1.000000000000
400,US,60,GMR,0.430000000000,0.430000000000,False,0.000000000000,1.000000000000,1.000000000000,1.000000000000,1.000000000000
400,US,60,Nash,0.430000000000,0.430000000000,False,0.000000000000,1.000000000000,1.000000000000,1.000000000000,1.000000000000
400,US,60,SEQ,0.430000000000,0.430000000000,False,0.000000000000,1.000000000000,1.000000000000,1.000000000000,1.000000000000
400,US,60,SMR,0.430000000000,0.430000000000,False,0.000000000000,1.000000000000,1.000000000000,1.000000000000,1.000000000000
400,US,61,GMR,0.050000000000,0.062000000000,False,0.000000000000,1.000000000000,1.000000000000,1.000000000000,1.000000000000
400,US,61,Nash,-0.478000000000,0.062000000000,False,0.000000000000,1.000000000000,1.000000000000,1.000000000000,1.000000000000
400,US,61,SEQ,0.032000000000,0.062000000000,False,0.000000000000,1.000000000000,0.460000000000,1.000000000000,1.000000000000
400,US,61,SMR,-0.368000000000,0.062000000000,False,0.000000000000,1.000000000000,1.000000000000,1.000000000000,1.000000000000
400,US,62,GMR,-0.256000000000,0.444000000000,False,0.000000000000,1.000000000000,1.000000000000,1.000000000000,1.000000000000
400,US,62,Nash,-0.500000000000,0.444000000000,False,0.000000000000,1.000000000000,1.000000000000,1.000000000000,1.000000000000
400,US,62,SEQ,-0.256000000000,0.444000000000,False,0.000000000000,1.000000000000,1.000000000000,1.000000000000,1.000000000000
400,US,62,SMR,-0.256000000000,0.444000000000,False,0.000000000000,1.000000000000,1.000000000000,1.000000000000,1.000000000000
400,US,63,GMR,0.316000000000,0.316000000000,False,0.000000000000,1.000000000000,1.000000000000,1.000000000000,1.000000000000
400,US,63,Nash,0.316000000000,0.316000000000,False,0.000000000000,1.000000000000,1.000000000000,1.000000000000,1.000000000000
400,US,63,SEQ,0.316000000000,0.316000000000,False,0.000000000000,1.000000000000,1.000000000000,1.000000000000,1.000000000000
400,US,63,SMR,0.316000000000,0.316000000000,False,0.000000000000,1.000000000000,1.000000000000,1.000000000000,1.000000000000
400,US,64,GMR,-0.048000000000,0.316000000000,False,0.000000000000,1.000000000000,1.000000000000,1.000000000000,1.000000000000
400,US,64,Nash,-0.316000000000,0.316000000000,False,0.000000000000,1.000000000000,1.000000000000,1.000000000000,1.000000000000
400,US,64,SEQ,-0.246000000000,0.316000000000,False,0.000000000000,1.000000000000,1.000000000000,1.000000000000,1.000000000000
400,US,64,SMR,-0.200000000000,0.316000000000,False,0.000000000000,1.000000000000,1.000000000000,1.000000000000,1.000000000000
400,US,65,GMR,-0.398000000000,0.360000000000,False,0.000000000000,1.000000000000,1.000000000000,1.000000000000,1.000000000000
400,US,65,Nash,-0.500000000000,0.360000000000,False,0.000000000000,1.000000000000,1.000000000000,1.000000000000,1.000000000000
400,US,65,SEQ,-0.398000000000,0.360000000000,False,0.000000000000,1.000000000000,1.000000000000,1.000000000000,1.000000000000
400,US,65,SMR,-0.398000000000,0.360000000000,False,0.000000000000,1.000000000000,1.000000000000,1.000000000000,1.000000000000
400,US,66,GMR,-0.480000000000,0.360000000000,False,0.000000000000,1.000000000000,1.000000000000,1.000000000000,1.000000000000
400,US,66,Nash,-0.500000000000,0.360000000000,False,0.000000000000,1.000000000000,1.000000000000,1.000000000000,1.000000000000
400,US,66,SEQ,-0.490000000000,0.360000000000,False,0.000000000000,1.000000000000,1.000000000000,1.000000000000,1.000000000000
400,US,66,SMR,-0.480000000000,0.360000000000,False,0.000000000000,1.000000000000,1.000000000000,1.000000000000,1.000000000000
400,US,67,GMR,0.500000000000,0.500000000000,False,0.000000000000,1.000000000000,1.000000000000,1.000000000000,1.000000000000
400,US,67,Nash,0.500000000000,0.500000000000,False,0.000000000000,1.000000000000,1.000000000000,1.000000000000,1.000000000000
400,US,67,SEQ,0.500000000000,0.500000000000,False,0.000000000000,1.000000000000,1.000000000000,1.000000000000,1.000000000000
400,US,67,SMR,0.500000000000,0.500000000000,False,0.000000000000,1.000000000000,1.000000000000,1.000000000000,1.000000000000
400,US,68,GMR,0.238000000000,0.160000000000,False,0.000000000000,1.000000000000,1.000000000000,1.000000000000,1.000000000000
400,US,68,Nash,-0.320000000000,0.160000000000,False,0.000000000000,1.000000000000,1.000000000000,1.000000000000,1.000000000000
400,US,68,SEQ,0.238000000000,0.160000000000,False,0.000000000000,1.000000000000,1.000000000000,1.000000000000,1.000000000000
400,US,68,SMR,-0.186000000000,0.160000000000,False,0.000000000000,1.000000000000,1.000000000000,1.000000000000,1.000000000000
400,US,69,GMR,0.320000000000,0.320000000000,False,0.000000000000,1.000000000000,1.000000000000,1.000000000000,1.000000000000
400,US,69,Nash,0.320000000000,0.320000000000,False,0.000000000000,1.000000000000,1.000000000000,1.000000000000,1.000000000000
400,US,69,SEQ,0.320000000000,0.320000000000,False,0.000000000000,1.000000000000,1.000000000000,1.000000000000,1.000000000000
400,US,69,SMR,0.320000000000,0.320000000000,False,0.000000000000,1.000000000000,1.000000000000,1.000000000000,1.000000000000
400,US,70,GMR,0.224000000000,0.378000000000,False,0.000000000000,1.000000000000,1.000000000000,1.000000000000,1.000000000000
400,US,70,Nash,-0.378000000000,0.378000000000,False,0.000000000000,1.000000000000,1.000000000000,1.000000000000,1.000000000000
400,US,70,SEQ,0.224000000000,0.378000000000,False,0.000000000000,1.000000000000,1.000000000000,1.000000000000,1.000000000000
400,US,70,SMR,-0.220000000000,0.378000000000,False,0.000000000000,1.000000000000,1.000000000000,1.000000000000,1.000000000000
400,US,71,GMR,-0.500000000000,0.386000000000,False,0.000000000000,1.000000000000,1.000000000000,1.000000000000,1.000000000000
400,US,71,Nash,-0.500000000000,0.386000000000,False,0.000000000000,1.000000000000,1.000000000000,1.000000000000,1.000000000000
400,US,71,SEQ,-0.500000000000,0.386000000000,False,0.000000000000,1.000000000000,1.000000000000,1.000000000000,1.000000000000
400,US,71,SMR,-0.500000000000,0.386000000000,False,0.000000000000,1.000000000000,1.000000000000,1.000000000000,1.000000000000
400,US,72,GMR,-0.500000000000,0.386000000000,False,0.000000000000,1.000000000000,1.000000000000,1.000000000000,1.000000000000
400,US,72,Nash,-0.500000000000,0.386000000000,False,0.000000000000,1.000000000000,1.000000000000,1.000000000000,1.000000000000
400,US,72,SEQ,-0.500000000000,0.386000000000,False,0.000000000000,1.000000000000,1.000000000000,1.000000000000,1.000000000000
400,US,72,SMR,-0.500000000000,0.386000000000,False,0.000000000000,1.000000000000,1.000000000000,1.000000000000,1.000000000000
400,US,73,GMR,0.500000000000,0.500000000000,False,0.000000000000,1.000000000000,1.000000000000,1.000000000000,1.000000000000
400,US,73,Nash,0.500000000000,0.500000000000,False,0.000000000000,1.000000000000,1.000000000000,1.000000000000,1.000000000000
400,US,73,SEQ,0.500000000000,0.500000000000,False,0.000000000000,1.000000000000,1.000000000000,1.000000000000,1.000000000000
400,US,73,SMR,0.500000000000,0.500000000000,False,0.000000000000,1.000000000000,1.000000000000,1.000000000000,1.000000000000
400,US,74,GMR,-0.464000000000,0.200000000000,False,0.000000000000,1.000000000000,1.000000000000,1.000000000000,1.000000000000
400,US,74,Nash,-0.480000000000,0.200000000000,False,0.000000000000,1.000000000000,1.000000000000,1.000000000000,1.000000000000
400,US,74,SEQ,-0.464000000000,0.200000000000,False,0.000000000000,1.000000000000,1.000000000000,1.000000000000,1.000000000000
400,US,74,SMR,-0.464000000000,0.200000000000,False,0.000000000000,1.000000000000,1.000000000000,1.000000000000,1.000000000000
400,US,75,GMR,-0.500000000000,0.200000000000,False,0.000000000000,1.000000000000,1.000000000000,1.000000000000,1.000000000000
400,US,75,Nash,-0.500000000000,0.200000000000,False,0.000000000000,1.000000000000,1.000000000000,1.000000000000,1.000000000000
400,US,75,SEQ,-0.500000000000,0.200000000000,False,0.000000000000,1.000000000000,1.000000000000,1.000000000000,1.000000000000
400,US,75,SMR,-0.500000000000,0.200000000000,False,0.000000000000,1.000000000000,1.000000000000,1.000000000000,1.000000000000
400,US,76,GMR,0.500000000000,0.500000000000,False,0.000000000000,1.000000000000,1.000000000000,1.000000000000,1.000000000000
400,US,76,Nash,0.500000000000,0.500000000000,False,0.000000000000,1.000000000000,1.000000000000,1.000000000000,1.000000000000
400,US,76,SEQ,0.500000000000,0.500000000000,False,0.000000000000,1.000000000000,1.000000000000,1.000000000000,1.000000000000
400,US,76,SMR,0.500000000000,0.500000000000,False,0.000000000000,1.000000000000,1.000000000000,1.000000000000,1.000000000000
490,CN,1,GMR,0.500000000000,,True,0.000000000000,1.000000000000,1.000000000000,1.000000000000,1.000000000000
490,CN,1,Nash,0.500000000000,,True,0.000000000000,1.000000000000,1.000000000000,1.000000000000,1.000000000000
490,CN,1,SEQ,0.500000000000,,True,0.000000000000,1.000000000000,1.000000000000,1.000000000000,1.000000000000
490,CN,1,SMR,0.500000000000,,True,0.000000000000,1.000000000000,1.000000000000,1.000000000000,1.000000000000
490,CN,2,GMR,0.418000000000,0.500000000000,False,0.000000000000,1.000000000000,1.000000000000,1.000000000000,1.000000000000
490,CN,2,Nash,-0.500000000000,0.500000000000,False,0.000000000000,1.000000000000,1.000000000000,1.000000000000,1.000000000000
490,CN,2,SEQ,0.194000000000,0.500000000000,False,0.000000000000,1.000000000000,1.000000000000,1.000000000000,1.000000000000
490,CN,2,SMR,0.112000000000,0.500000000000,False,0.000000000000,1.000000000000,1.000000000000,1.000000000000,1.000000000000
490,CN,3,GMR,0.344000000000,0.344000000000,False,0.000000000000,1.000000000000,1.000000000000,1.000000000000,1.000000000000
490,CN,3,Nash,0.344000000000,0.344000000000,False,0.000000000000,1.000000000000,1.000000000000,1.000000000000,1.000000000000
490,CN,3,SEQ,0.344000000000,0.344000000000,False,0.000000000000,1.000000000000,1.000000000000,1.000000000000,1.000000000000
490,CN,3,SMR,0.344000000000,0.344000000000,False,0.000000000000,1.000000000000,1.000000000000,1.000000000000,1.000000000000
490,CN,4,GMR,-0.374000000000,0.308000000000,False,0.000000000000,1.000000000000,1.000000000000,1.000000000000,1.000000000000
490,CN,4,Nash,-0.370000000000,0.308000000000,False,0.000000000000,1.000000000000,1.000000000000,1.000000000000,1.000000000000
490,CN,4,SEQ,-0.374000000000,0.308000000000,False,0.000000000000,1.000000000000,1.000000000000,1.000000000000,1.000000000000
490,CN,4,SMR,-0.474000000000,0.308000000000,False,0.000000000000,1.000000000000,1.000000000000,1.000000000000,1.000000000000
490,CN,5,GMR,0.486000000000,0.194000000000,False,0.000000000000,1.000000000000,1.000000000000,1.000000000000,1.000000000000
490,CN,5,Nash,-0.194000000000,0.194000000000,False,0.000000000000,1.000000000000,1.000000000000,1.000000000000,1.000000000000
490,CN,5,SEQ,-0.328000000000,0.194000000000,False,0.000000000000,1.000000000000,1.000000000000,1.000000000000,1.000000000000
490,CN,5,SMR,-0.366000000000,0.194000000000,False,0.000000000000,1.000000000000,1.000000000000,1.000000000000,1.000000000000
490,CN,6,GMR,0.148000000000,0.186000000000,False,0.000000000000,1.000000000000,1.000000000000,1.000000000000,1.000000000000
490,CN,6,Nash,-0.444000000000,0.186000000000,False,0.000000000000,1.000000000000,1.000000000000,1.000000000000,1.000000000000
490,CN,6,SEQ,0.148000000000,0.186000000000,False,0.000000000000,1.000000000000,1.000000000000,1.000000000000,1.000000000000
490,CN,6,SMR,-0.384000000000,0.186000000000,False,0.000000000000,1.000000000000,1.000000000000,1.000000000000,1.000000000000
490,CN,7,GMR,0.024000000000,0.234000000000,False,0.000000000000,1.000000000000,1.000000000000,1.000000000000,1.000000000000
490,CN,7,Nash,-0.476000000000,0.234000000000,False,0.000000000000,1.000000000000,1.000000000000,1.000000000000,1.000000000000
490,CN,7,SEQ,-0.236000000000,0.234000000000,False,0.000000000000,1.000000000000,1.000000000000,1.000000000000,1.000000000000
490,CN,7,SMR,-0.384000000000,0.234000000000,False,0.000000000000,1.000000000000,1.000000000000,1.000000000000,1.000000000000
490,CN,8,GMR,0.354000000000,0.354000000000,False,0.000000000000,1.000000000000,1.000000000000,1.000000000000,1.000000000000
490,CN,8,Nash,0.354000000000,0.354000000000,False,0.000000000000,1.000000000000,1.000000000000,1.000000000000,1.000000000000
490,CN,8,SEQ,0.354000000000,0.354000000000,False,0.000000000000,1.000000000000,1.000000000000,1.000000000000,1.000000000000
490,CN,8,SMR,0.354000000000,0.354000000000,False,0.000000000000,1.000000000000,1.000000000000,1.000000000000,1.000000000000
490,CN,9,GMR,0.492000000000,0.042000000000,False,0.000000000000,1.000000000000,1.000000000000,1.000000000000,1.000000000000
490,CN,9,Nash,-0.384000000000,0.042000000000,False,0.000000000000,1.000000000000,1.000000000000,1.000000000000,1.000000000000
490,CN,9,SEQ,-0.500000000000,0.042000000000,False,0.000000000000,1.000000000000,1.000000000000,1.000000000000,1.000000000000
490,CN,9,SMR,-0.280000000000,0.042000000000,False,0.000000000000,1.000000000000,1.000000000000,1.000000000000,1.000000000000
490,CN,10,GMR,0.500000000000,,True,0.000000000000,1.000000000000,1.000000000000,1.000000000000,1.000000000000
490,CN,10,Nash,0.500000000000,,True,0.000000000000,1.000000000000,1.000000000000,1.000000000000,1.000000000000
490,CN,10,SEQ,0.500000000000,,True,0.000000000000,1.000000000000,1.000000000000,1.000000000000,1.000000000000
490,CN,10,SMR,0.500000000000,,True,0.000000000000,1.000000000000,1.000000000000,1.000000000000,1.000000000000
490,CN,11,GMR,-0.084000000000,0.110000000000,False,0.000000000000,1.000000000000,1.000000000000,1.000000000000,1.000000000000
490,CN,11,Nash,-0.446000000000,0.110000000000,False,0.000000000000,1.000000000000,1.000000000000,1.000000000000,1.000000000000
490,CN,11,SEQ,-0.500000000000,0.110000000000,False,0.000000000000,1.000000000000,1.000000000000,1.000000000000,1.000000000000
490,CN,11,SMR,-0.360000000000,0.110000000000,False,0.000000000000,1.000000000000,1.000000000000,1.000000000000,1.000000000000
490,CN,12,GMR,-0.342000000000,0.078000000000,False,0.000000000000,1.000000000000,1.000000000000,1.000000000000,1.000000000000
490,CN,12,Nash,-0.390000000000,0.078000000000,False,0.000000000000,1.000000000000,1.000000000000,1.000000000000,1.000000000000
490,CN,12,SEQ,-0.500000000000,0.078000000000,False,0.000000000000,1.000000000000,1.000000000000,1.000000000000,1.000000000000
490,CN,12,SMR,-0.384000000000,0.078000000000,False,0.000000000000,1.000000000000,1.000000000000,1.000000000000,1.000000000000
490,CN,13,GMR,0.276000000000,0.090000000000,False,0.000000000000,1.000000000000,1.000000000000,1.000000000000,1.000000000000
490,CN,13,Nash,-0.396000000000,0.090000000000,False,0.000000000000,1.000000000000,1.000000000000,1.000000000000,1.000000000000
490,CN,13,SEQ,-0.288000000000,0.090000000000,False,0.000000000000,1.000000000000,1.000000000000,1.000000000000,1.000000000000
490,CN,13,SMR,-0.256000000000,0.090000000000,False,0.000000000000,1.000000000000,1.000000000000,1.000000000000,1.000000000000
490,CN,14,GMR,-0.468000000000,0.124000000000,False,0.000000000000,1.000000000000,1.000000000000,1.000000000000,1.000000000000
490,CN,14,Nash,-0.466000000000,0.124000000000,False,0.000000000000,1.000000000000,1.000000000000,1.000000000000,1.000000000000
490,CN,14,SEQ,-0.468000000000,0.124000000000,False,0.000000000000,1.000000000000,1.000000000000,1.000000000000,1.000000000000
490,CN,14,SMR,-0.468000000000,0.124000000000,False,0.000000000000,1.000000000000,1.000000000000,1.000000000000,1.000000000000
490,CN,15,GMR,0.416000000000,0.028000000000,False,0.000000000000,1.000000000000,1.000000000000,1.000000000000,1.000000000000
490,CN,15,Nash,-0.028000000000,0.028000000000,False,0.000000000000,1.000000000000,1.000000000000,1.000000000000,1.000000000000
490,CN,15,SEQ,-0.434000000000,0.028000000000,False,0.000000000000,1.000000000000,1.000000000000,1.000000000000,1.000000000000
490,CN,15,SMR,-0.306000000000,0.028000000000,False,0.000000000000,1.000000000000,1.000000000000,1.000000000000,1.000000000000
490,CN,16,GMR,-0.486000000000,0.326000000000,False,0.000000000000,1.000000000000,1.000000000000,1.000000000000,1.000000000000
490,CN,16,Nash,-0.464000000000,0.326000000000,False,0.000000000000,1.000000000000,1.000000000000,1.000000000000,1.000000000000
490,CN,16,SEQ,-0.500000000000,0.326000000000,False,0.000000000000,1.000000000000,1.000000000000,1.000000000000,1.000000000000
490,CN,16,SMR,-0.486000000000,0.326000000000,False,0.000000000000,1.000000000000,1.000000000000,1.000000000000,1.000000000000
490,CN,17,GMR,0.500000000000,,True,0.000000000000,1.000000000000,1.000000000000,1.000000000000,1.000000000000
490,CN,17,Nash,0.500000000000,,True,0.000000000000,1.000000000000,1.000000000000,1.000000000000,1.000000000000
490,CN,17,SEQ,0.500000000000,,True,0.000000000000,1.000000000000,1.000000000000,1.000000000000,1.000000000000
490,CN,17,SMR,0.500000000000,,True,0.000000000000,1.000000000000,1.000000000000,1.000000000000,1.000000000000
490,CN,18,GMR,0.324000000000,0.410000000000,False,0.000000000000,1.000000000000,1.000000000000,1.000000000000,1.000000000000
490,CN,18,Nash,-0.498000000000,0.410000000000,False,0.000000000000,1.000000000000,1.000000000000,1.000000000000,1.000000000000
490,CN,18,SEQ,0.182000000000,0.410000000000,False,0.000000000000,1.000000000000,1.000000000000,1.000000000000,1.000000000000
490,CN,18,SMR,-0.104000000000,0.410000000000,False,0.000000000000,1.000000000000,1.000000000000,1.000000000000,1.000000000000
490,CN,19,GMR,0.390000000000,0.286000000000,False,0.000000000000,1.000000000000,1.000000000000,1.000000000000,1.000000000000
490,CN,19,Nash,-0.484000000000,0.286000000000,False,0.000000000000,1.000000000000,1.000000000000,1.000000000000,1.000000000000
490,CN,19,SEQ,-0.492000000000,0.286000000000,False,0.000000000000,1.000000000000,1.000000000000,1.000000000000,1.000000000000
490,CN,19,SMR,0.330000000000,0.286000000000,False,0.000000000000,1.000000000000,1.000000000000,1.000000000000,1.000000000000
490,CN,20,GMR,-0.496000000000,0.498000000000,False,0.000000000000,1.000000000000,1.000000000000,1.000000000000,1.000000000000
490,CN,20,Nash,-0.500000000000,0.498000000000,False,0.000000000000,1.000000000000,1.000000000000,1.000000000000,1.000000000000
490,CN,20,SEQ,-0.496000000000,0.498000000000,False,0.000000000000,1.000000000000,1.000000000000,1.000000000000,1.000000000000
490,CN,20,SMR,-0.498000000000,0.498000000000,False,0.000000000000,1.000000000000,1.000000000000,1.000000000000,1.000000000000
490,CN,21,GMR,-0.210000000000,0.182000000000,False,0.000000000000,1.000000000000,1.000000000000,1.000000000000,1.000000000000
490,CN,21,Nash,-0.498000000000,0.182000000000,False,0.000000000000,1.000000000000,1.000000000000,1.000000000000,1.000000000000
490,CN,21,SEQ,-0.478000000000,0.182000000000,False,0.000000000000,1.000000000000,1.000000000000,1.000000000000,1.000000000000
490,CN,21,SMR,-0.470000000000,0.182000000000,False,0.000000000000,1.000000000000,1.000000000000,1.000000000000,1.000000000000
490,CN,22,GMR,0.498000000000,0.498000000000,False,0.000000000000,1.000000000000,1.000000000000,1.000000000000,1.000000000000
490,CN,22,Nash,0.498000000000,0.498000000000,False,0.000000000000,1.000000000000,1.000000000000,1.000000000000,1.000000000000
490,CN,22,SEQ,0.498000000000,0.498000000000,False,0.000000000000,1.000000000000,1.000000000000,1.000000000000,1.000000000000
490,CN,22,SMR,0.498000000000,0.498000000000,False,0.000000000000,1.000000000000,1.000000000000,1.000000000000,1.000000000000
490,CN,23,GMR,0.456000000000,0.456000000000,False,0.000000000000,1.000000000000,1.000000000000,1.000000000000,1.000000000000
490,CN,23,Nash,0.456000000000,0.456000000000,False,0.000000000000,1.000000000000,1.000000000000,1.000000000000,1.000000000000
490,CN,23,SEQ,0.456000000000,0.456000000000,False,0.000000000000,1.000000000000,1.000000000000,1.000000000000,1.000000000000
490,CN,23,SMR,0.456000000000,0.456000000000,False,0.000000000000,1.000000000000,1.000000000000,1.000000000000,1.000000000000
490,CN,24,GMR,-0.160000000000,0.038000000000,False,0.000000000000,1.000000000000,1.000000000000,1.000000000000,1.000000000000
490,CN,24,Nash,-0.492000000000,0.038000000000,False,0.000000000000,1.000000000000,1.000000000000,1.000000000000,1.000000000000
490,CN,24,SEQ,-0.434000000000,0.038000000000,False,0.000000000000,1.000000000000,1.000000000000,1.000000000000,1.000000000000
490,CN,24,SMR,-0.484000000000,0.038000000000,False,0.000000000000,1.000000000000,1.000000000000,1.000000000000,1.000000000000
490,CN,25,GMR,0.488000000000,0.456000000000,False,0.000000000000,1.000000000000,1.000000000000,1.000000000000,1.000000000000
490,CN,25,Nash,-0.456000000000,0.456000000000,False,0.000000000000,1.000000000000,1.000000000000,1.000000000000,1.000000000000
490,CN,25,SEQ,-0.500000000000,0.456000000000,False,0.000000000000,1.000000000000,1.000000000000,1.000000000000,1.000000000000
490,CN,25,SMR,-0.272000000000,0.456000000000,False,0.000000000000,1.000000000000,1.000000000000,1.000000000000,1.000000000000
490,CN,26,GMR,-0.348000000000,0.410000000000,False,0.000000000000,1.000000000000,1.000000000000,1.000000000000,1.000000000000
490,CN,26,Nash,-0.500000000000,0.410000000000,False,0.000000000000,1.000000000000,1.000000000000,1.000000000000,1.000000000000
490,CN,26,SEQ,-0.430000000000,0.410000000000,False,0.000000000000,1.000000000000,1.000000000000,1.000000000000,1.000000000000
490,CN,26,SMR,-0.430000000000,0.410000000000,False,0.000000000000,1.000000000000,1.000000000000,1.000000000000,1.000000000000
490,CN,27,GMR,0.438000000000,0.438000000000,False,0.000000000000,1.000000000000,1.000000000000,1.000000000000,1.000000000000
490,CN,27,Nash,0.438000000000,0.438000000000,False,0.000000000000,1.000000000000,1.000000000000,1.000000000000,1.000000000000
490,CN,27,SEQ,0.438000000000,0.438000000000,False,0.000000000000,1.000000000000,1.000000000000,1.000000000000,1.000000000000
490,CN,27,SMR,0.438000000000,0.438000000000,False,0.000000000000,1.000000000000,1.000000000000,1.000000000000,1.000000000000
490,CN,28,GMR,0.272000000000,0.272000000000,False,0.000000000000,1.000000000000,1.000000000000,1.000000000000,1.000000000000
490,CN,28,Nash,0.272000000000,0.272000000000,False,0.000000000000,1.000000000000,1.000000000000,1.000000000000,1.000000000000
490,CN,28,SEQ,0.272000000000,0.272000000000,False,0.000000000000,1.000000000000,1.000000000000,1.000000000000,1.000000000000
490,CN,28,SMR,0.272000000000,0.272000000000,False,0.000000000000,1.000000000000,1.000000000000,1.000000000000,1.000000000000
490,CN,29,GMR,0.500000000000,0.134000000000,False,0.000000000000,1.000000000000,1.000000000000,1.000000000000,1.000000000000
490,CN,29,Nash,-0.134000000000,0.134000000000,False,0.000000000000,1.000000000000,1.000000000000,1.000000000000,1.000000000000
490,CN,29,SEQ,0.500000000000,0.134000000000,False,0.000000000000,1.000000000000,1.000000000000,1.000000000000,1.000000000000
490,CN,29,SMR,0.264000000000,0.134000000000,False,0.000000000000,1.000000000000,1.000000000000,1.000000000000,1.000000000000
490,CN,30,GMR,-0.088000000000,0.256000000000,False,0.000000000000,1.000000000000,1.000000000000,1.000000000000,1.000000000000
490,CN,30,Nash,-0.482000000000,0.256000000000,False,0.000000000000,1.000000000000,1.000000000000,1.000000000000,1.000000000000
490,CN,30,SEQ,-0.236000000000,0.256000000000,False,0.000000000000,1.000000000000,1.000000000000,1.000000000000,1.000000000000
490,CN,30,SMR,-0.480000000000,0.256000000000,False,0.000000000000,1.000000000000,1.000000000000,1.000000000000,1.000000000000
490,CN,31,GMR,0.028000000000,0.028000000000,False,0.000000000000,1.000000000000,1.000000000000,1.000000000000,1.000000000000
490,CN,31,Nash,0.028000000000,0.028000000000,False,0.000000000000,1.000000000000,1.000000000000,1.000000000000,1.000000000000
490,CN,31,SEQ,0.028000000000,0.028000000000,False,0.000000000000,1.000000000000,1.000000000000,1.000000000000,1.000000000000
490,CN,31,SMR,0.028000000000,0.028000000000,False,0.000000000000,1.000000000000,1.000000000000,1.000000000000,1.000000000000
490,CN,32,GMR,-0.374000000000,0.066000000000,False,0.000000000000,1.000000000000,1.000000000000,1.000000000000,1.000000000000
490,CN,32,Nash,-0.500000000000,0.066000000000,False,0.000000000000,1.000000000000,1.000000000000,1.000000000000,1.000000000000
490,CN,32,SEQ,-0.500000000000,0.066000000000,False,0.000000000000,1.000000000000,1.000000000000,1.000000000000,1.000000000000
490,CN,32,SMR,-0.374000000000,0.066000000000,False,0.000000000000,1.000000000000,1.000000000000,1.000000000000,1.000000000000
490,CN,33,GMR,0.500000000000,0.482000000000,False,0.000000000000,1.000000000000,1.000000000000,1.000000000000,1.000000000000
490,CN,33,Nash,-0.482000000000,0.482000000000,False,0.000000000000,1.000000000000,1.000000000000,1.000000000000,1.000000000000
490,CN,33,SEQ,0.306000000000,0.482000000000,False,0.000000000000,1.000000000000,1.000000000000,1.000000000000,1.000000000000
490,CN,33,SMR,0.462000000000,0.482000000000,False,0.000000000000,1.000000000000,1.000000000000,1.000000000000,1.000000000000
490,CN,34,GMR,0.448000000000,0.382000000000,False,0.000000000000,1.000000000000,1.000000000000,1.000000000000,1.000000000000
490,CN,34,Nash,-0.500000000000,0.382000000000,False,0.000000000000,1.000000000000,1.000000000000,1.000000000000,1.000000000000
490,CN,34,SEQ,0.194000000000,0.382000000000,False,0.000000000000,1.000000000000,1.000000000000,1.000000000000,1.000000000000
490,CN,34,SMR,0.398000000000,0.382000000000,False,0.000000000000,1.000000000000,1.000000000000,1.000000000000,1.000000000000
490,CN,35,GMR,0.482000000000,0.308000000000,False,0.000000000000,1.000000000000,1.000000000000,1.000000000000,1.000000000000
490,CN,35,Nash,-0.500000000000,0.308000000000,False,0.000000000000,1.000000000000,1.000000000000,1.000000000000,1.000000000000
490,CN,35,SEQ,-0.500000000000,0.308000000000,False,0.000000000000,1.000000000000,1.000000000000,1.000000000000,1.000000000000
490,CN,35,SMR,0.170000000000,0.308000000000,False,0.000000000000,1.000000000000,1.000000000000,1.000000000000,1.000000000000
490,CN,36,GMR,0.476000000000,0.308000000000,False,0.000000000000,1.000000000000,1.000000000000,1.000000000000,1.000000000000
490,CN,36,Nash,-0.312000000000,0.308000000000,False,0.000000000000,1.000000000000,1.000000000000,1.000000000000,1.000000000000
490,CN,36,SEQ,0.234000000000,0.308000000000,False,0.000000000000,1.000000000000,1.000000000000,1.000000000000,1.000000000000
490,CN,36,SMR,-0.394000000000,0.308000000000,False,0.000000000000,1.000000000000,1.000000000000,1.000000000000,1.000000000000
490,CN,37,GMR,0.088000000000,0.002000000000,False,0.000000000000,0.000000000000,0.000000000000,0.570000000000,1.000000000000
490,CN,37,Nash,-0.322000000000,0.002000000000,False,0.000000000000,0.000000000000,0.000000000000,0.570000000000,1.000000000000
490,CN,37,SEQ,-0.478000000000,0.002000000000,False,0.000000000000,0.000000000000,0.000000000000,0.570000000000,1.000000000000
490,CN,37,SMR,-0.400000000000,0.002000000000,False,0.000000000000,0.000000000000,0.000000000000,0.570000000000,1.000000000000
490,CN,38,GMR,0.186000000000,0.186000000000,False,0.000000000000,1.000000000000,1.000000000000,1.000000000000,1.000000000000
490,CN,38,Nash,0.186000000000,0.186000000000,False,0.000000000000,1.000000000000,1.000000000000,1.000000000000,1.000000000000
490,CN,38,SEQ,0.186000000000,0.186000000000,False,0.000000000000,1.000000000000,1.000000000000,1.000000000000,1.000000000000
490,CN,38,SMR,0.186000000000,0.186000000000,False,0.000000000000,1.000000000000,1.000000000000,1.000000000000,1.000000000000
490,CN,39,GMR,0.446000000000,0.446000000000,False,0.000000000000,1.000000000000,1.000000000000,1.000000000000,1.000000000000
490,CN,39,Nash,0.446000000000,0.446000000000,False,0.000000000000,1.000000000000,1.000000000000,1.000000000000,1.000000000000
490,CN,39,SEQ,0.446000000000,0.446000000000,False,0.000000000000,1.000000000000,1.000000000000,1.000000000000,1.000000000000
490,CN,39,SMR,0.446000000000,0.446000000000,False,0.000000000000,1.000000000000,1.000000000000,1.000000000000,1.000000000000
490,CN,40,GMR,-0.294000000000,0.468000000000,False,0.000000000000,1.000000000000,1.000000000000,1.000000000000,1.000000000000
490,CN,40,Nash,-0.488000000000,0.468000000000,False,0.000000000000,1.000000000000,1.000000000000,1.000000000000,1.000000000000
490,CN,40,SEQ,-0.316000000000,0.468000000000,False,0.000000000000,1.000000000000,1.000000000000,1.000000000000,1.000000000000
490,CN,40,SMR,-0.478000000000,0.468000000000,False,0.000000000000,1.000000000000,1.000000000000,1.000000000000,1.000000000000
490,CN,41,GMR,-0.482000000000,0.490000000000,False,0.000000000000,1.000000000000,1.000000000000,1.000000000000,1.000000000000
490,CN,41,Nash,-0.500000000000,0.490000000000,False,0.000000000000,1.000000000000,1.000000000000,1.000000000000,1.000000000000
490,CN,41,SEQ,-0.500000000000,0.490000000000,False,0.000000000000,1.000000000000,1.000000000000,1.000000000000,1.000000000000
490,CN,41,SMR,-0.498000000000,0.490000000000,False,0.000000000000,1.000000000000,1.000000000000,1.000000000000,1.000000000000
490,CN,42,GMR,0.370000000000,0.370000000000,False,0.000000000000,1.000000000000,1.000000000000,1.000000000000,1.000000000000
490,CN,42,Nash,0.370000000000,0.370000000000,False,0.000000000000,1.000000000000,1.000000000000,1.000000000000,1.000000000000
490,CN,42,SEQ,0.370000000000,0.370000000000,False,0.000000000000,1.000000000000,1.000000000000,1.000000000000,1.000000000000
490,CN,42,SMR,0.370000000000,0.370000000000,False,0.000000000000,1.000000000000,1.000000000000,1.000000000000,1.000000000000
490,CN,43,GMR,-0.058000000000,0.372000000000,False,0.000000000000,1.000000000000,1.000000000000,1.000000000000,1.000000000000
490,CN,43,Nash,-0.466000000000,0.372000000000,False,0.000000000000,1.000000000000,1.000000000000,1.000000000000,1.000000000000
490,CN,43,SEQ,-0.492000000000,0.372000000000,False,0.000000000000,1.000000000000,1.000000000000,1.000000000000,1.000000000000
490,CN,43,SMR,-0.058000000000,0.372000000000,False,0.000000000000,1.000000000000,1.000000000000,1.000000000000,1.000000000000
490,CN,44,GMR,0.032000000000,0.032000000000,False,0.000000000000,1.000000000000,1.000000000000,1.000000000000,1.000000000000
490,CN,44,Nash,0.032000000000,0.032000000000,False,0.000000000000,1.000000000000,1.000000000000,1.000000000000,1.000000000000
490,CN,44,SEQ,0.032000000000,0.032000000000,False,0.000000000000,1.000000000000,1.000000000000,1.000000000000,1.000000000000
490,CN,44,SMR,0.032000000000,0.032000000000,False,0.000000000000,1.000000000000,1.000000000000,1.000000000000,1.000000000000
490,CN,45,GMR,0.500000000000,0.006000000000,False,0.000000000000,0.000000000000,0.000000000000,0.940000000000,1.000000000000
490,CN,45,Nash,-0.006000000000,0.006000000000,False,0.000000000000,0.000000000000,0.000000000000,0.940000000000,0.940000000000
490,CN,45,SEQ,0.212000000000,0.006000000000,False,0.000000000000,0.000000000000,0.000000000000,0.940000000000,1.000000000000
490,CN,45,SMR,-0.276000000000,0.006000000000,False,0.000000000000,0.000000000000,0.000000000000,0.940000000000,0.940000000000
490,CN,46,GMR,-0.292000000000,0.258000000000,False,0.000000000000,1.000000000000,1.000000000000,1.000000000000,1.000000000000
490,CN,46,Nash,-0.396000000000,0.258000000000,False,0.000000000000,1.000000000000,1.000000000000,1.000000000000,1.000000000000
490,CN,46,SEQ,-0.292000000000,0.258000000000,False,0.000000000000,1.000000000000,1.000000000000,1.000000000000,1.000000000000
490,CN,46,SMR,-0.480000000000,0.258000000000,False,0.000000000000,1.000000000000,1.000000000000,1.000000000000,1.000000000000
490,CN,47,GMR,0.218000000000,0.066000000000,False,0.000000000000,1.000000000000,1.000000000000,1.000000000000,1.000000000000
490,CN,47,Nash,-0.268000000000,0.066000000000,False,0.000000000000,1.000000000000,1.000000000000,1.000000000000,1.000000000000
490,CN,47,SEQ,-0.316000000000,0.066000000000,False,0.000000000000,1.000000000000,1.000000000000,1.000000000000,1.000000000000
490,CN,47,SMR,-0.370000000000,0.066000000000,False,0.000000000000,1.000000000000,1.000000000000,1.000000000000,1.000000000000
490,CN,48,GMR,0.500000000000,0.252000000000,False,0.000000000000,1.000000000000,1.000000000000,1.000000000000,1.000000000000
490,CN,48,Nash,-0.252000000000,0.252000000000,False,0.000000000000,1.000000000000,1.000000000000,1.000000000000,1.000000000000
490,CN,48,SEQ,-0.500000000000,0.252000000000,False,0.000000000000,1.000000000000,1.000000000000,1.000000000000,1.000000000000
490,CN,48,SMR,0.306000000000,0.252000000000,False,0.000000000000,1.000000000000,1.000000000000,1.000000000000,1.000000000000
490,CN,49,GMR,0.470000000000,0.470000000000,False,0.000000000000,1.000000000000,1.000000000000,1.000000000000,1.000000000000
490,CN,49,Nash,0.470000000000,0.470000000000,False,0.000000000000,1.000000000000,1.000000000000,1.000000000000,1.000000000000
490,CN,49,SEQ,0.470000000000,0.470000000000,False,0.000000000000,1.000000000000,1.000000000000,1.000000000000,1.000000000000
490,CN,49,SMR,0.470000000000,0.470000000000,False,0.000000000000,1.000000000000,1.000000000000,1.000000000000,1.000000000000
490,CN,50,GMR,0.290000000000,0.202000000000,False,0.000000000000,1.000000000000,1.000000000000,1.000000000000,1.000000000000
490,CN,50,Nash,-0.498000000000,0.202000000000,False,0.000000000000,1.000000000000,1.000000000000,1.000000000000,1.000000000000
490,CN,50,SEQ,0.104000000000,0.202000000000,False,0.000000000000,1.000000000000,1.000000000000,1.000000000000,1.000000000000
490,CN,50,SMR,0.088000000000,0.202000000000,False,0.000000000000,1.000000000000,1.000000000000,1.000000000000,1.000000000000
490,CN,51,GMR,0.308000000000,0.308000000000,False,0.000000000000,1.000000000000,1.000000000000,1.000000000000,1.000000000000
490,CN,51,Nash,0.308000000000,0.308000000000,False,0.000000000000,1.000000000000,1.000000000000,1.000000000000,1.000000000000
490,CN,51,SEQ,0.308000000000,0.308000000000,False,0.000000000000,1.000000000000,1.000000000000,1.000000000000,1.000000000000
490,CN,51,SMR,0.308000000000,0.308000000000,False,0.000000000000,1.000000000000,1.000000000000,1.000000000000,1.000000000000
490,CN,52,GMR,0.312000000000,0.312000000000,False,0.000000000000,1.000000000000,1.000000000000,1.000000000000,1.000000000000
490,CN,52,Nash,0.312000000000,0.312000000000,False,0.000000000000,1.000000000000,1.000000000000,1.000000000000,1.000000000000
490,CN,52,SEQ,0.312000000000,0.312000000000,False,0.000000000000,1.000000000000,1.000000000000,1.000000000000,1.000000000000
490,CN,52,SMR,0.312000000000,0.312000000000,False,0.000000000000,1.000000000000,1.000000000000,1.000000000000,1.000000000000
490,CN,53,GMR,-0.418000000000,0.078000000000,False,0.000000000000,1.000000000000,1.000000000000,1.000000000000,1.000000000000
490,CN,53,Nash,-0.498000000000,0.078000000000,False,0.000000000000,1.000000000000,1.000000000000,1.000000000000,1.000000000000
490,CN,53,SEQ,-0.478000000000,0.078000000000,False,0.000000000000,1.000000000000,1.000000000000,1.000000000000,1.000000000000
490,CN,53,SMR,-0.418000000000,0.078000000000,False,0.000000000000,1.000000000000,1.000000000000,1.000000000000,1.000000000000
490,CN,54,GMR,0.310000000000,0.498000000000,False,0.000000000000,1.000000000000,1.000000000000,1.000000000000,1.000000000000
490,CN,54,Nash,-0.498000000000,0.498000000000,False,0.000000000000,1.000000000000,1.000000000000,1.000000000000,1.000000000000
490,CN,54,SEQ,0.212000000000,0.498000000000,False,0.000000000000,1.000000000000,1.000000000000,1.000000000000,1.000000000000
490,CN,54,SMR,-0.470000000000,0.498000000000,False,0.000000000000,1.000000000000,1.000000000000,1.000000000000,1.000000000000
490,CN,55,GMR,-0.358000000000,0.174000000000,False,0.000000000000,1.000000000000,1.000000000000,1.000000000000,1.000000000000
490,CN,55,Nash,-0.500000000000,0.174000000000,False,0.000000000000,1.000000000000,1.000000000000,1.000000000000,1.000000000000
490,CN,55,SEQ,-0.358000000000,0.174000000000,False,0.000000000000,1.000000000000,1.000000000000,1.000000000000,1.000000000000
490,CN,55,SMR,-0.478000000000,0.174000000000,False,0.000000000000,1.000000000000,1.000000000000,1.000000000000,1.000000000000
490,CN,56,GMR,-0.476000000000,0.448000000000,False,0.000000000000,1.000000000000,1.000000000000,1.000000000000,1.000000000000
490,CN,56,Nash,-0.500000000000,0.448000000000,False,0.000000000000,1.000000000000,1.000000000000,1.000000000000,1.000000000000
490,CN,56,SEQ,-0.476000000000,0.448000000000,False,0.000000000000,1.000000000000,1.000000000000,1.000000000000,1.000000000000
490,CN,56,SMR,-0.500000000000,0.448000000000,False,0.000000000000,1.000000000000,1.000000000000,1.000000000000,1.000000000000
490,CN,57,GMR,0.500000000000,0.234000000000,False,0.000000000000,1.000000000000,1.000000000000,1.000000000000,1.000000000000
490,CN,57,Nash,-0.234000000000,0.234000000000,False,0.000000000000,1.000000000000,1.000000000000,1.000000000000,1.000000000000
490,CN,57,SEQ,-0.500000000000,0.234000000000,False,0.000000000000,1.000000000000,1.000000000000,1.000000000000,1.000000000000
490,CN,57,SMR,0.386000000000,0.234000000000,False,0.000000000000,1.000000000000,1.000000000000,1.000000000000,1.000000000000
490,CN,58,GMR,0.476000000000,0.008000000000,False,0.000000000000,0.300000000000,0.300000000000,1.000000000000,1.000000000000
490,CN,58,Nash,-0.364000000000,0.008000000000,False,0.000000000000,0.300000000000,0.300000000000,1.000000000000,1.000000000000
490,CN,58,SEQ,0.476000000000,0.008000000000,False,0.000000000000,0.300000000000,0.300000000000,1.000000000000,1.000000000000
490,CN,58,SMR,0.468000000000,0.008000000000,False,0.000000000000,0.300000000000,0.300000000000,1.000000000000,1.000000000000
490,CN,59,GMR,0.496000000000,0.358000000000,False,0.000000000000,1.000000000000,1.000000000000,1.000000000000,1.000000000000
490,CN,59,Nash,-0.408000000000,0.358000000000,False,0.000000000000,1.000000000000,1.000000000000,1.000000000000,1.000000000000
490,CN,59,SEQ,-0.492000000000,0.358000000000,False,0.000000000000,1.000000000000,1.000000000000,1.000000000000,1.000000000000
490,CN,59,SMR,0.424000000000,0.358000000000,False,0.000000000000,1.000000000000,1.000000000000,1.000000000000,1.000000000000
490,CN,60,GMR,0.126000000000,0.032000000000,False,0.000000000000,1.000000000000,1.000000000000,1.000000000000,1.000000000000
490,CN,60,Nash,-0.032000000000,0.032000000000,False,0.000000000000,1.000000000000,1.000000000000,1.000000000000,1.000000000000
490,CN,60,SEQ,-0.382000000000,0.032000000000,False,0.000000000000,1.000000000000,1.000000000000,1.000000000000,1.000000000000
490,CN,60,SMR,0.108000000000,0.032000000000,False,0.000000000000,1.000000000000,1.000000000000,1.000000000000,1.000000000000
490,CN,61,GMR,-0.184000000000,0.218000000000,False,0.000000000000,1.000000000000,1.000000000000,1.000000000000,1.000000000000
490,CN,61,Nash,-0.252000000000,0.218000000000,False,0.000000000000,1.000000000000,1.000000000000,1.000000000000,1.000000000000
490,CN,61,SEQ,-0.184000000000,0.218000000000,False,0.000000000000,1.000000000000,1.000000000000,1.000000000000,1.000000000000
490,CN,61,SMR,-0.298000000000,0.218000000000,False,0.000000000000,1.000000000000,1.000000000000,1.000000000000,1.000000000000
490,CN,62,GMR,0.466000000000,0.376000000000,False,0.000000000000,1.000000000000,1.000000000000,1.000000000000,1.000000000000
490,CN,62,Nash,-0.376000000000,0.376000000000,False,0.000000000000,1.000000000000,1.000000000000,1.000000000000,1.000000000000
490,CN,62,SEQ,0.200000000000,0.376000000000,False,0.000000000000,1.000000000000,1.000000000000,1.000000000000,1.000000000000
490,CN,62,SMR,0.298000000000,0.376000000000,False,0.000000000000,1.000000000000,1.000000000000,1.000000000000,1.000000000000
490,CN,63,GMR,0.476000000000,0.054000000000,False,0.000000000000,1.000000000000,1.000000000000,1.000000000000,1.000000000000
490,CN,63,Nash,-0.054000000000,0.054000000000,False,0.000000000000,1.000000000000,1.000000000000,1.000000000000,1.000000000000
490,CN,63,SEQ,-0.064000000000,0.054000000000,False,0.000000000000,1.000000000000,1.000000000000,1.000000000000,1.000000000000
490,CN,63,SMR,-0.396000000000,0.054000000000,False,0.000000000000,1.000000000000,1.000000000000,1.000000000000,1.000000000000
490,CN,64,GMR,-0.218000000000,0.442000000000,False,0.000000000000,1.000000000000,1.000000000000,1.000000000000,1.000000000000
490,CN,64,Nash,-0.500000000000,0.442000000000,False,0.000000000000,1.000000000000,1.000000000000,1.000000000000,1.000000000000
490,CN,64,SEQ,-0.500000000000,0.442000000000,False,0.000000000000,1.000000000000,1.000000000000,1.000000000000,1.000000000000
490,CN,64,SMR,-0.328000000000,0.442000000000,False,0.000000000000,1.000000000000,1.000000000000,1.000000000000,1.000000000000
490,CN,65,GMR,0.490000000000,0.490000000000,False,0.000000000000,1.000000000000,1.000000000000,1.000000000000,1.000000000000
490,CN,65,Nash,0.490000000000,0.490000000000,False,0.000000000000,1.000000000000,1.000000000000,1.000000000000,1.000000000000
490,CN,65,SEQ,0.490000000000,0.490000000000,False,0.000000000000,1.000000000000,1.000000000000,1.000000000000,1.000000000000
490,CN,65,SMR,0.490000000000,0.490000000000,False,0.000000000000,1.000000000000,1.000000000000,1.000000000000,1.000000000000
490,CN,66,GMR,0.262000000000,0.262000000000,False,0.000000000000,1.000000000000,1.000000000000,1.000000000000,1.000000000000
490,CN,66,Nash,0.262000000000,0.262000000000,False,0.000000000000,1.000000000000,1.000000000000,1.000000000000,1.000000000000
490,CN,66,SEQ,0.262000000000,0.262000000000,False,0.000000000000,1.000000000000,1.000000000000,1.000000000000,1.000000000000
490,CN,66,SMR,0.262000000000,0.262000000000,False,0.000000000000,1.000000000000,1.000000000000,1.000000000000,1.000000000000
490,CN,67,GMR,0.500000000000,0.292000000000,False,0.000000000000,1.000000000000,1.000000000000,1.000000000000,1.000000000000
490,CN,67,Nash,-0.292000000000,0.292000000000,False,0.000000000000,1.000000000000,1.000000000000,1.000000000000,1.000000000000
490,CN,67,SEQ,-0.500000000000,0.292000000000,False,0.000000000000,1.000000000000,1.000000000000,1.000000000000,1.000000000000
490,CN,67,SMR,0.384000000000,0.292000000000,False,0.000000000000,1.000000000000,1.000000000000,1.000000000000,1.000000000000
490,CN,68,GMR,0.462000000000,0.462000000000,False,0.000000000000,1.000000000000,1.000000000000,1.000000000000,1.000000000000
490,CN,68,Nash,0.462000000000,0.462000000000,False,0.000000000000,1.000000000000,1.000000000000,1.000000000000,1.000000000000
490,CN,68,SEQ,0.462000000000,0.462000000000,False,0.000000000000,1.000000000000,1.000000000000,1.000000000000,1.000000000000
490,CN,68,SMR,0.462000000000,0.462000000000,False,0.000000000000,1.000000000000,1.000000000000,1.000000000000,1.000000000000
490,CN,69,GMR,0.130000000000,0.090000000000,False,0.000000000000,1.000000000000,1.000000000000,1.000000000000,1.000000000000
490,CN,69,Nash,-0.262000000000,0.090000000000,False,0.000000000000,1.000000000000,1.000000000000,1.000000000000,1.000000000000
490,CN,69,SEQ,-0.382000000000,0.090000000000,False,0.000000000000,1.000000000000,1.000000000000,1.000000000000,1.000000000000
490,CN,69,SMR,0.130000000000,0.090000000000,False,0.000000000000,1.000000000000,1.000000000000,1.000000000000,1.000000000000
490,CN,70,GMR,0.482000000000,0.046000000000,False,0.000000000000,1.000000000000,1.000000000000,1.000000000000,1.000000000000
490,CN,70,Nash,-0.142000000000,0.046000000000,False,0.000000000000,1.000000000000,1.000000000000,1.000000000000,1.000000000000
490,CN,70,SEQ,-0.500000000000,0.046000000000,False,0.000000000000,1.000000000000,1.000000000000,1.000000000000,1.000000000000
490,CN,70,SMR,0.444000000000,0.046000000000,False,0.000000000000,1.000000000000,1.000000000000,1.000000000000,1.000000000000
490,CN,71,GMR,0.500000000000,,True,0.000000000000,1.000000000000,1.000000000000,1.000000000000,1.000000000000
490,CN,71,Nash,0.500000000000,,True,0.000000000000,1.000000000000,1.000000000000,1.000000000000,1.000000000000
490,CN,71,SEQ,0.500000000000,,True,0.000000000000,1.000000000000,1.000000000000,1.000000000000,1.000000000000
490,CN,71,SMR,0.500000000000,,True,0.000000000000,1.000000000000,1.000000000000,1.000000000000,1.000000000000
490,CN,72,GMR,0.090000000000,0.090000000000,False,0.000000000000,1.000000000000,1.000000000000,1.000000000000,1.000000000000
490,CN,72,Nash,0.090000000000,0.090000000000,False,0.000000000000,1.000000000000,1.000000000000,1.000000000000,1.000000000000
490,CN,72,SEQ,0.090000000000,0.090000000000,False,0.000000000000,1.000000000000,1.000000000000,1.000000000000,1.000000000000
490,CN,72,SMR,0.090000000000,0.090000000000,False,0.000000000000,1.000000000000,1.000000000000,1.000000000000,1.000000000000
490,CN,73,GMR,0.500000000000,,True,0.000000000000,1.000000000000,1.000000000000,1.000000000000,1.000000000000
490,CN,73,Nash,0.500000000000,,True,0.000000000000,1.000000000000,1.000000000000,1.000000000000,1.000000000000
490,CN,73,SEQ,0.500000000000,,True,0.000000000000,1.000000000000,1.000000000000,1.000000000000,1.000000000000
490,CN,73,SMR,0.500000000000,,True,0.000000000000,1.000000000000,1.000000000000,1.000000000000,1.000000000000
490,CN,74,GMR,0.500000000000,0.500000000000,False,0.000000000000,1.000000000000,1.000000000000,1.000000000000,1.000000000000
490,CN,74,Nash,0.500000000000,0.500000000000,False,0.000000000000,1.000000000000,1.000000000000,1.000000000000,1.000000000000
490,CN,74,SEQ,0.500000000000,0.500000000000,False,0.000000000000,1.000000000000,1.000000000000,1.000000000000,1.000000000000
490,CN,74,SMR,0.500000000000,0.500000000000,False,0.000000000000,1.000000000000,1.000000000000,1.000000000000,1.000000000000
490,CN,75,GMR,-0.482000000000,0.312000000000,False,0.000000000000,1.000000000000,1.000000000000,1.000000000000,1.000000000000
490,CN,75,Nash,-0.346000000000,0.312000000000,False,0.000000000000,1.000000000000,1.000000000000,1.000000000000,1.000000000000
490,CN,75,SEQ,-0.482000000000,0.312000000000,False,0.000000000000,1.000000000000,1.000000000000,1.000000000000,1.000000000000
490,CN,75,SMR,-0.482000000000,0.312000000000,False,0.000000000000,1.000000000000,1.000000000000,1.000000000000,1.000000000000
490,CN,76,GMR,0.410000000000,0.410000000000,False,0.000000000000,1.000000000000,1.000000000000,1.000000000000,1.000000000000
490,CN,76,Nash,0.410000000000,0.410000000000,False,0.000000000000,1.000000000000,1.000000000000,1.000000000000,1.000000000000
490,CN,76,SEQ,0.410000000000,0.410000000000,False,0.000000000000,1.000000000000,1.000000000000,1.000000000000,1.000000000000
490,CN,76,SMR,0.410000000000,0.410000000000,False,0.000000000000,1.000000000000,1.000000000000,1.000000000000,1.000000000000
490,US,1,GMR,0.500000000000,0.306000000000,False,0.000000000000,1.000000000000,1.000000000000,1.000000000000,1.000000000000
490,US,1,Nash,-0.306000000000,0.306000000000,False,0.000000000000,1.000000000000,1.000000000000,1.000000000000,1.000000000000
490,US,1,SEQ,0.308000000000,0.306000000000,False,0.000000000000,1.000000000000,1.000000000000,1.000000000000,1.000000000000
490,US,1,SMR,0.466000000000,0.306000000000,False,0.000000000000,1.000000000000,1.000000000000,1.000000000000,1.000000000000
490,US,2,GMR,-0.132000000000,0.184000000000,False,0.000000000000,1.000000000000,1.000000000000,1.000000000000,1.000000000000
490,US,2,Nash,-0.500000000000,0.184000000000,False,0.000000000000,1.000000000000,1.000000000000,1.000000000000,1.000000000000
490,US,2,SEQ,-0.344000000000,0.184000000000,False,0.000000000000,1.000000000000,1.000000000000,1.000000000000,1.000000000000
490,US,2,SMR,-0.378000000000,0.184000000000,False,0.000000000000,1.000000000000,1.000000000000,1.000000000000,1.000000000000
490,US,3,GMR,0.500000000000,0.500000000000,False,0.000000000000,1.000000000000,1.000000000000,1.000000000000,1.000000000000
490,US,3,Nash,0.500000000000,0.500000000000,False,0.000000000000,1.000000000000,1.000000000000,1.000000000000,1.000000000000
490,US,3,SEQ,0.500000000000,0.500000000000,False,0.000000000000,1.000000000000,1.000000000000,1.000000000000,1.000000000000
490,US,3,SMR,0.500000000000,0.500000000000,False,0.000000000000,1.000000000000,1.000000000000,1.000000000000,1.000000000000
490,US,4,GMR,0.306000000000,0.306000000000,False,0.000000000000,1.000000000000,1.000000000000,1.000000000000,1.000000000000
490,US,4,Nash,0.306000000000,0.306000000000,False,0.000000000000,1.000000000000,1.000000000000,1.000000000000,1.000000000000
490,US,4,SEQ,0.306000000000,0.306000000000,False,0.000000000000,1.000000000000,1.000000000000,1.000000000000,1.000000000000
490,US,4,SMR,0.306000000000,0.306000000000,False,0.000000000000,1.000000000000,1.000000000000,1.000000000000,1.000000000000
490,US,5,GMR,0.184000000000,0.184000000000,False,0.000000000000,1.000000000000,1.000000000000,1.000000000000,1.000000000000
490,US,5,Nash,0.184000000000,0.184000000000,False,0.000000000000,1.000000000000,1.000000000000,1.000000000000,1.000000000000
490,US,5,SEQ,0.184000000000,0.184000000000,False,0.000000000000,1.000000000000,1.000000000000,1.000000000000,1.000000000000
490,US,5,SMR,0.184000000000,0.184000000000,False,0.000000000000,1.000000000000,1.000000000000,1.000000000000,1.000000000000
490,US,6,GMR,-0.500000000000,0.214000000000,False,0.000000000000,1.000000000000,1.000000000000,1.000000000000,1.000000000000
490,US,6,Nash,-0.500000000000,0.214000000000,False,0.000000000000,1.000000000000,1.000000000000,1.000000000000,1.000000000000
490,US,6,SEQ,-0.500000000000,0.214000000000,False,0.000000000000,1.000000000000,1.000000000000,1.000000000000,1.000000000000
490,US,6,SMR,-0.500000000000,0.214000000000,False,0.000000000000,1.000000000000,1.000000000000,1.000000000000,1.000000000000
490,US,7,GMR,0.500000000000,0.230000000000,False,0.000000000000,1.000000000000,1.000000000000,1.000000000000,1.000000000000
490,US,7,Nash,-0.500000000000,0.230000000000,False,0.000000000000,1.000000000000,1.000000000000,1.000000000000,1.000000000000
490,US,7,SEQ,-0.084000000000,0.230000000000,False,0.000000000000,1.000000000000,1.000000000000,1.000000000000,1.000000000000
490,US,7,SMR,0.500000000000,0.230000000000,False,0.000000000000,1.000000000000,1.000000000000,1.000000000000,1.000000000000
490,US,8,GMR,0.498000000000,0.230000000000,False,0.000000000000,1.000000000000,1.000000000000,1.000000000000,1.000000000000
490,US,8,Nash,-0.492000000000,0.230000000000,False,0.000000000000,1.000000000000,1.000000000000,1.000000000000,1.000000000000
490,US,8,SEQ,-0.138000000000,0.230000000000,False,0.000000000000,1.000000000000,1.000000000000,1.000000000000,1.000000000000
490,US,8,SMR,0.498000000000,0.230000000000,False,0.000000000000,1.000000000000,1.000000000000,1.000000000000,1.000000000000
490,US,9,GMR,0.492000000000,0.492000000000,False,0.000000000000,1.000000000000,1.000000000000,1.000000000000,1.000000000000
490,US,9,Nash,0.492000000000,0.492000000000,False,0.000000000000,1.000000000000,1.000000000000,1.000000000000,1.000000000000
490,US,9,SEQ,0.492000000000,0.492000000000,False,0.000000000000,1.000000000000,1.000000000000,1.000000000000,1.000000000000
490,US,9,SMR,0.492000000000,0.492000000000,False,0.000000000000,1.000000000000,1.000000000000,1.000000000000,1.000000000000
490,US,10,GMR,0.412000000000,0.182000000000,False,0.000000000000,1.000000000000,1.000000000000,1.000000000000,1.000000000000
490,US,10,Nash,-0.194000000000,0.182000000000,False,0.000000000000,1.000000000000,1.000000000000,1.000000000000,1.000000000000
490,US,10,SEQ,-0.076000000000,0.182000000000,False,0.000000000000,1.000000000000,1.000000000000,1.000000000000,1.000000000000
490,US,10,SMR,0.190000000000,0.182000000000,False,0.000000000000,1.000000000000,1.000000000000,1.000000000000,1.000000000000
490,US,11,GMR,0.500000000000,0.124000000000,False,0.000000000000,1.000000000000,1.000000000000,1.000000000000,1.000000000000
490,US,11,Nash,-0.124000000000,0.124000000000,False,0.000000000000,1.000000000000,1.000000000000,1.000000000000,1.000000000000
490,US,11,SEQ,-0.050000000000,0.124000000000,False,0.000000000000,1.000000000000,1.000000000000,1.000000000000,1.000000000000
490,US,11,SMR,0.388000000000,0.124000000000,False,0.000000000000,1.000000000000,1.000000000000,1.000000000000,1.000000000000
490,US,12,GMR,-0.500000000000,0.434000000000,False,0.000000000000,1.000000000000,1.000000000000,1.000000000000,1.000000000000
490,US,12,Nash,-0.500000000000,0.434000000000,False,0.000000000000,1.000000000000,1.000000000000,1.000000000000,1.000000000000
490,US,12,SEQ,-0.500000000000,0.434000000000,False,0.000000000000,1.000000000000,1.000000000000,1.000000000000,1.000000000000
490,US,12,SMR,-0.500000000000,0.434000000000,False,0.000000000000,1.000000000000,1.000000000000,1.000000000000,1.000000000000
490,US,13,GMR,0.062000000000,0.062000000000,False,0.000000000000,1.000000000000,1.000000000000,1.000000000000,1.000000000000
490,US,13,Nash,0.062000000000,0.062000000000,False,0.000000000000,1.000000000000,1.000000000000,1.000000000000,1.000000000000
490,US,13,SEQ,0.062000000000,0.062000000000,False,0.000000000000,1.000000000000,1.000000000000,1.000000000000,1.000000000000
490,US,13,SMR,0.062000000000,0.062000000000,False,0.000000000000,1.000000000000,1.000000000000,1.000000000000,1.000000000000
490,US,14,GMR,0.010000000000,0.444000000000,False,0.000000000000,1.000000000000,0.780000000000,1.000000000000,1.000000000000
490,US,14,Nash,-0.500000000000,0.444000000000,False,0.000000000000,1.000000000000,1.000000000000,1.000000000000,1.000000000000
490,US,14,SEQ,-0.086000000000,0.444000000000,False,0.000000000000,1.000000000000,1.000000000000,1.000000000000,1.000000000000
490,US,14,SMR,-0.086000000000,0.444000000000,False,0.000000000000,1.000000000000,1.000000000000,1.000000000000,1.000000000000
490,US,15,GMR,0.064000000000,0.064000000000,False,0.000000000000,1.000000000000,1.000000000000,1.000000000000,1.000000000000
490,US,15,Nash,0.064000000000,0.064000000000,False,0.000000000000,1.000000000000,1.000000000000,1.000000000000,1.000000000000
490,US,15,SEQ,0.064000000000,0.064000000000,False,0.000000000000,1.000000000000,1.000000000000,1.000000000000,1.000000000000
490,US,15,SMR,0.064000000000,0.064000000000,False,0.000000000000,1.000000000000,1.000000000000,1.000000000000,1.000000000000
490,US,16,GMR,0.230000000000,0.064000000000,False,0.000000000000,1.000000000000,1.000000000000,1.000000000000,1.000000000000
490,US,16,Nash,-0.064000000000,0.064000000000,False,0.000000000000,1.000000000000,1.000000000000,1.000000000000,1.000000000000
490,US,16,SEQ,-0.054000000000,0.064000000000,False,0.000000000000,1.000000000000,1.000000000000,1.000000000000,1.000000000000
490,US,16,SMR,0.154000000000,0.064000000000,False,0.000000000000,1.000000000000,1.000000000000,1.000000000000,1.000000000000
490,US,17,GMR,0.498000000000,0.082000000000,False,0.000000000000,1.000000000000,1.000000000000,1.000000000000,1.000000000000
490,US,17,Nash,-0.418000000000,0.082000000000,False,0.000000000000,1.000000000000,1.000000000000,1.000000000000,1.000000000000
490,US,17,SEQ,-0.498000000000,0.082000000000,False,0.000000000000,1.000000000000,1.000000000000,1.000000000000,1.000000000000
490,US,17,SMR,0.394000000000,0.082000000000,False,0.000000000000,1.000000000000,1.000000000000,1.000000000000,1.000000000000
490,US,18,GMR,-0.480000000000,0.304000000000,False,0.000000000000,1.000000000000,1.000000000000,1.000000000000,1.000000000000
490,US,18,Nash,-0.500000000000,0.304000000000,False,0.000000000000,1.000000000000,1.000000000000,1.000000000000,1.000000000000
490,US,18,SEQ,-0.498000000000,0.304000000000,False,0.000000000000,1.000000000000,1.000000000000,1.000000000000,1.000000000000
490,US,18,SMR,-0.480000000000,0.304000000000,False,0.000000000000,1.000000000000,1.000000000000,1.000000000000,1.000000000000
490,US,19,GMR,0.098000000000,0.304000000000,False,0.000000000000,1.000000000000,1.000000000000,1.000000000000,1.000000000000
490,US,19,Nash,-0.500000000000,0.304000000000,False,0.000000000000,1.000000000000,1.000000000000,1.000000000000,1.000000000000
490,US,19,SEQ,-0.498000000000,0.304000000000,False,0.000000000000,1.000000000000,1.000000000000,1.000000000000,1.000000000000
490,US,19,SMR,0.062000000000,0.304000000000,False,0.000000000000,1.000000000000,1.000000000000,1.000000000000,1.000000000000
490,US,20,GMR,0.500000000000,0.240000000000,False,0.000000000000,1.000000000000,1.000000000000,1.000000000000,1.000000000000
490,US,20,Nash,-0.500000000000,0.240000000000,False,0.000000000000,1.000000000000,1.000000000000,1.000000000000,1.000000000000
490,US,20,SEQ,0.336000000000,0.240000000000,False,0.000000000000,1.000000000000,1.000000000000,1.000000000000,1.000000000000
490,US,20,SMR,0.484000000000,0.240000000000,False,0.000000000000,1.000000000000,1.000000000000,1.000000000000,1.000000000000
490,US,21,GMR,0.500000000000,0.500000000000,False,0.000000000000,1.000000000000,1.000000000000,1.000000000000,1.000000000000
490,US,21,Nash,0.500000000000,0.500000000000,False,0.000000000000,1.000000000000,1.000000000000,1.000000000000,1.000000000000
490,US,21,SEQ,0.500000000000,0.500000000000,False,0.000000000000,1.000000000000,1.000000000000,1.000000000000,1.000000000000
490,US,21,SMR,0.500000000000,0.500000000000,False,0.000000000000,1.000000000000,1.000000000000,1.000000000000,1.000000000000
490,US,22,GMR,0.494000000000,0.500000000000,False,0.000000000000,1.000000000000,1.000000000000,1.000000000000,1.000000000000
490,US,22,Nash,-0.500000000000,0.500000000000,False,0.000000000000,1.000000000000,1.000000000000,1.000000000000,1.000000000000
490,US,22,SEQ,-0.028000000000,0.500000000000,False,0.000000000000,1.000000000000,1.000000000000,1.000000000000,1.000000000000
490,US,22,SMR,0.326000000000,0.500000000000,False,0.000000000000,1.000000000000,1.000000000000,1.000000000000,1.000000000000
490,US,23,GMR,0.500000000000,0.236000000000,False,0.000000000000,1.000000000000,1.000000000000,1.000000000000,1.000000000000
490,US,23,Nash,-0.496000000000,0.236000000000,False,0.000000000000,1.000000000000,1.000000000000,1.000000000000,1.000000000000
490,US,23,SEQ,-0.162000000000,0.236000000000,False,0.000000000000,1.000000000000,1.000000000000,1.000000000000,1.000000000000
490,US,23,SMR,0.500000000000,0.236000000000,False,0.000000000000,1.000000000000,1.000000000000,1.000000000000,1.000000000000
490,US,24,GMR,0.134000000000,0.236000000000,False,0.000000000000,1.000000000000,1.000000000000,1.000000000000,1.000000000000
490,US,24,Nash,-0.496000000000,0.236000000000,False,0.000000000000,1.000000000000,1.000000000000,1.000000000000,1.000000000000
490,US,24,SEQ,-0.456000000000,0.236000000000,False,0.000000000000,1.000000000000,1.000000000000,1.000000000000,1.000000000000
490,US,24,SMR,0.134000000000,0.236000000000,False,0.000000000000,1.000000000000,1.000000000000,1.000000000000,1.000000000000
490,US,25,GMR,0.496000000000,0.496000000000,False,0.000000000000,1.000000000000,1.000000000000,1.000000000000,1.000000000000
490,US,25,Nash,0.496000000000,0.496000000000,False,0.000000000000,1.000000000000,1.000000000000,1.000000000000,1.000000000000
490,US,25,SEQ,0.496000000000,0.496000000000,False,0.000000000000,1.000000000000,1.000000000000,1.000000000000,1.000000000000
490,US,25,SMR,0.496000000000,0.496000000000,False,0.000000000000,1.000000000000,1.000000000000,1.000000000000,1.000000000000
490,US,26,GMR,0.448000000000,0.036000000000,False,0.000000000000,1.000000000000,1.000000000000,1.000000000000,1.000000000000
490,US,26,Nash,-0.488000000000,0.036000000000,False,0.000000000000,1.000000000000,1.000000000000,1.000000000000,1.000000000000
490,US,26,SEQ,-0.272000000000,0.036000000000,False,0.000000000000,1.000000000000,1.000000000000,1.000000000000,1.000000000000
490,US,26,SMR,0.366000000000,0.036000000000,False,0.000000000000,1.000000000000,1.000000000000,1.000000000000,1.000000000000
490,US,27,GMR,0.450000000000,0.036000000000,False,0.000000000000,1.000000000000,1.000000000000,1.000000000000,1.000000000000
490,US,27,Nash,-0.482000000000,0.036000000000,False,0.000000000000,1.000000000000,1.000000000000,1.000000000000,1.000000000000
490,US,27,SEQ,-0.272000000000,0.036000000000,False,0.000000000000,1.000000000000,1.000000000000,1.000000000000,1.000000000000
490,US,27,SMR,-0.164000000000,0.036000000000,False,0.000000000000,1.000000000000,1.000000000000,1.000000000000,1.000000000000
490,US,28,GMR,0.498000000000,0.288000000000,False,0.000000000000,1.000000000000,1.000000000000,1.000000000000,1.000000000000
490,US,28,Nash,-0.288000000000,0.288000000000,False,0.000000000000,1.000000000000,1.000000000000,1.000000000000,1.000000000000
490,US,28,SEQ,0.134000000000,0.288000000000,False,0.000000000000,1.000000000000,1.000000000000,1.000000000000,1.000000000000
490,US,28,SMR,0.498000000000,0.288000000000,False,0.000000000000,1.000000000000,1.000000000000,1.000000000000,1.000000000000
490,US,29,GMR,0.288000000000,0.288000000000,False,0.000000000000,1.000000000000,1.000000000000,1.000000000000,1.000000000000
490,US,29,Nash,0.288000000000,0.288000000000,False,0.000000000000,1.000000000000,1.000000000000,1.000000000000,1.000000000000
490,US,29,SEQ,0.288000000000,0.288000000000,False,0.000000000000,1.000000000000,1.000000000000,1.000000000000,1.000000000000
490,US,29,SMR,0.288000000000,0.288000000000,False,0.000000000000,1.000000000000,1.000000000000,1.000000000000,1.000000000000
490,US,30,GMR,-0.024000000000,0.374000000000,False,0.000000000000,1.000000000000,1.000000000000,1.000000000000,1.000000000000
490,US,30,Nash,-0.434000000000,0.374000000000,False,0.000000000000,1.000000000000,1.000000000000,1.000000000000,1.000000000000
490,US,30,SEQ,-0.188000000000,0.374000000000,False,0.000000000000,1.000000000000,1.000000000000,1.000000000000,1.000000000000
490,US,30,SMR,-0.148000000000,0.374000000000,False,0.000000000000,1.000000000000,1.000000000000,1.000000000000,1.000000000000
490,US,31,GMR,0.434000000000,0.434000000000,False,0.000000000000,1.000000000000,1.000000000000,1.000000000000,1.000000000000
490,US,31,Nash,0.434000000000,0.434000000000,False,0.000000000000,1.000000000000,1.000000000000,1.000000000000,1.000000000000
490,US,31,SEQ,0.434000000000,0.434000000000,False,0.000000000000,1.000000000000,1.000000000000,1.000000000000,1.000000000000
490,US,31,SMR,0.434000000000,0.434000000000,False,0.000000000000,1.000000000000,1.000000000000,1.000000000000,1.000000000000
490,US,32,GMR,-0.066000000000,0.458000000000,False,0.000000000000,1.000000000000,1.000000000000,1.000000000000,1.000000000000
490,US,32,Nash,-0.458000000000,0.458000000000,False,0.000000000000,1.000000000000,1.000000000000,1.000000000000,1.000000000000
490,US,32,SEQ,-0.188000000000,0.458000000000,False,0.000000000000,1.000000000000,1.000000000000,1.000000000000,1.000000000000
490,US,32,SMR,-0.186000000000,0.458000000000,False,0.000000000000,1.000000000000,1.000000000000,1.000000000000,1.000000000000
490,US,33,GMR,0.264000000000,0.264000000000,False,0.000000000000,1.000000000000,1.000000000000,1.000000000000,1.000000000000
490,US,33,Nash,0.264000000000,0.264000000000,False,0.000000000000,1.000000000000,1.000000000000,1.000000000000,1.000000000000
490,US,33,SEQ,0.264000000000,0.264000000000,False,0.000000000000,1.000000000000,1.000000000000,1.000000000000,1.000000000000
490,US,33,SMR,0.264000000000,0.264000000000,False,0.000000000000,1.000000000000,1.000000000000,1.000000000000,1.000000000000
490,US,34,GMR,-0.196000000000,0.104000000000,False,0.000000000000,1.000000000000,1.000000000000,1.000000000000,1.000000000000
490,US,34,Nash,-0.500000000000,0.104000000000,False,0.000000000000,1.000000000000,1.000000000000,1.000000000000,1.000000000000
490,US,34,SEQ,-0.202000000000,0.104000000000,False,0.000000000000,1.000000000000,1.000000000000,1.000000000000,1.000000000000
490,US,34,SMR,-0.440000000000,0.104000000000,False,0.000000000000,1.000000000000,1.000000000000,1.000000000000,1.000000000000
490,US,35,GMR,0.492000000000,0.492000000000,False,0.000000000000,1.000000000000,1.000000000000,1.000000000000,1.000000000000
490,US,35,Nash,0.492000000000,0.492000000000,False,0.000000000000,1.000000000000,1.000000000000,1.000000000000,1.000000000000
490,US,35,SEQ,0.492000000000,0.492000000000,False,0.000000000000,1.000000000000,1.000000000000,1.000000000000,1.000000000000
490,US,35,SMR,0.492000000000,0.492000000000,False,0.000000000000,1.000000000000,1.000000000000,1.000000000000,1.000000000000
490,US,36,GMR,-0.500000000000,0.488000000000,False,0.000000000000,1.000000000000,1.000000000000,1.000000000000,1.000000000000
490,US,36,Nash,-0.500000000000,0.488000000000,False,0.000000000000,1.000000000000,1.000000000000,1.000000000000,1.000000000000
490,US,36,SEQ,-0.500000000000,0.488000000000,False,0.000000000000,1.000000000000,1.000000000000,1.000000000000,1.000000000000
490,US,36,SMR,-0.500000000000,0.488000000000,False,0.000000000000,1.000000000000,1.000000000000,1.000000000000,1.000000000000
490,US,37,GMR,0.104000000000,0.104000000000,False,0.000000000000,1.000000000000,1.000000000000,1.000000000000,1.000000000000
490,US,37,Nash,0.104000000000,0.104000000000,False,0.000000000000,1.000000000000,1.000000000000,1.000000000000,1.000000000000
490,US,37,SEQ,0.104000000000,0.104000000000,False,0.000000000000,1.000000000000,1.000000000000,1.000000000000,1.000000000000
490,US,37,SMR,0.104000000000,0.104000000000,False,0.000000000000,1.000000000000,1.000000000000,1.000000000000,1.000000000000
490,US,38,GMR,-0.210000000000,0.212000000000,False,0.000000000000,1.000000000000,1.000000000000,1.000000000000,1.000000000000
490,US,38,Nash,-0.446000000000,0.212000000000,False,0.000000000000,1.000000000000,1.000000000000,1.000000000000,1.000000000000
490,US,38,SEQ,-0.440000000000,0.212000000000,False,0.000000000000,1.000000000000,1.000000000000,1.000000000000,1.000000000000
490,US,38,SMR,-0.500000000000,0.212000000000,False,0.000000000000,1.000000000000,1.000000000000,1.000000000000,1.000000000000
490,US,39,GMR,-0.288000000000,0.300000000000,False,0.000000000000,1.000000000000,1.000000000000,1.000000000000,1.000000000000
490,US,39,Nash,-0.456000000000,0.300000000000,False,0.000000000000,1.000000000000,1.000000000000,1.000000000000,1.000000000000
490,US,39,SEQ,-0.388000000000,0.300000000000,False,0.000000000000,1.000000000000,1.000000000000,1.000000000000,1.000000000000
490,US,39,SMR,-0.288000000000,0.300000000000,False,0.000000000000,1.000000000000,1.000000000000,1.000000000000,1.000000000000
490,US,40,GMR,-0.284000000000,0.300000000000,False,0.000000000000,1.000000000000,1.000000000000,1.000000000000,1.000000000000
490,US,40,Nash,-0.396000000000,0.300000000000,False,0.000000000000,1.000000000000,1.000000000000,1.000000000000,1.000000000000
490,US,40,SEQ,-0.284000000000,0.300000000000,False,0.000000000000,1.000000000000,1.000000000000,1.000000000000,1.000000000000
490,US,40,SMR,-0.284000000000,0.300000000000,False,0.000000000000,1.000000000000,1.000000000000,1.000000000000,1.000000000000
490,US,41,GMR,0.396000000000,0.396000000000,False,0.000000000000,1.000000000000,1.000000000000,1.000000000000,1.000000000000
490,US,41,Nash,0.396000000000,0.396000000000,False,0.000000000000,1.000000000000,1.000000000000,1.000000000000,1.000000000000
490,US,41,SEQ,0.396000000000,0.396000000000,False,0.000000000000,1.000000000000,1.000000000000,1.000000000000,1.000000000000
490,US,41,SMR,0.396000000000,0.396000000000,False,0.000000000000,1.000000000000,1.000000000000,1.000000000000,1.000000000000
490,US,42,GMR,-0.220000000000,0.408000000000,False,0.000000000000,1.000000000000,1.000000000000,1.000000000000,1.000000000000
490,US,42,Nash,-0.500000000000,0.408000000000,False,0.000000000000,1.000000000000,1.000000000000,1.000000000000,1.000000000000
490,US,42,SEQ,-0.428000000000,0.408000000000,False,0.000000000000,1.000000000000,1.000000000000,1.000000000000,1.000000000000
490,US,42,SMR,-0.396000000000,0.408000000000,False,0.000000000000,1.000000000000,1.000000000000,1.000000000000,1.000000000000
490,US,43,GMR,0.500000000000,0.500000000000,False,0.000000000000,1.000000000000,1.000000000000,1.000000000000,1.000000000000
490,US,43,Nash,0.500000000000,0.500000000000,False,0.000000000000,1.000000000000,1.000000000000,1.000000000000,1.000000000000
490,US,43,SEQ,0.500000000000,0.500000000000,False,0.000000000000,1.000000000000,1.000000000000,1.000000000000,1.000000000000
490,US,43,SMR,0.500000000000,0.500000000000,False,0.000000000000,1.000000000000,1.000000000000,1.000000000000,1.000000000000
490,US,44,GMR,0.382000000000,0.382000000000,False,0.000000000000,1.000000000000,1.000000000000,1.000000000000,1.000000000000
490,US,44,Nash,0.382000000000,0.382000000000,False,0.000000000000,1.000000000000,1.000000000000,1.000000000000,1.000000000000
490,US,44,SEQ,0.382000000000,0.382000000000,False,0.000000000000,1.000000000000,1.000000000000,1.000000000000,1.000000000000
490,US,44,SMR,0.382000000000,0.382000000000,False,0.000000000000,1.000000000000,1.000000000000,1.000000000000,1.000000000000
490,US,45,GMR,-0.126000000000,0.382000000000,False,0.000000000000,1.000000000000,1.000000000000,1.000000000000,1.000000000000
490,US,45,Nash,-0.480000000000,0.382000000000,False,0.000000000000,1.000000000000,1.000000000000,1.000000000000,1.000000000000
490,US,45,SEQ,-0.388000000000,0.382000000000,False,0.000000000000,1.000000000000,1.000000000000,1.000000000000,1.000000000000
490,US,45,SMR,-0.326000000000,0.382000000000,False,0.000000000000,1.000000000000,1.000000000000,1.000000000000,1.000000000000
490,US,46,GMR,0.152000000000,0.278000000000,False,0.000000000000,1.000000000000,1.000000000000,1.000000000000,1.000000000000
490,US,46,Nash,-0.298000000000,0.278000000000,False,0.000000000000,1.000000000000,1.000000000000,1.000000000000,1.000000000000
490,US,46,SEQ,-0.092000000000,0.278000000000,False,0.000000000000,1.000000000000,1.000000000000,1.000000000000,1.000000000000
490,US,46,SMR,0.056000000000,0.278000000000,False,0.000000000000,1.000000000000,1.000000000000,1.000000000000,1.000000000000
490,US,47,GMR,0.210000000000,0.210000000000,False,0.000000000000,1.000000000000,1.000000000000,1.000000000000,1.000000000000
490,US,47,Nash,0.210000000000,0.210000000000,False,0.000000000000,1.000000000000,1.000000000000,1.000000000000,1.000000000000
490,US,47,SEQ,0.210000000000,0.210000000000,False,0.000000000000,1.000000000000,1.000000000000,1.000000000000,1.000000000000
490,US,47,SMR,0.210000000000,0.210000000000,False,0.000000000000,1.000000000000,1.000000000000,1.000000000000,1.000000000000
490,US,48,GMR,0.322000000000,0.210000000000,False,0.000000000000,1.000000000000,1.000000000000,1.000000000000,1.000000000000
490,US,48,Nash,-0.210000000000,0.210000000000,False,0.000000000000,1.000000000000,1.000000000000,1.000000000000,1.000000000000
490,US,48,SEQ,0.066000000000,0.210000000000,False,0.000000000000,1.000000000000,1.000000000000,1.000000000000,1.000000000000
490,US,48,SMR,0.298000000000,0.210000000000,False,0.000000000000,1.000000000000,1.000000000000,1.000000000000,1.000000000000
490,US,49,GMR,-0.500000000000,0.110000000000,False,0.000000000000,1.000000000000,1.000000000000,1.000000000000,1.000000000000
490,US,49,Nash,-0.462000000000,0.110000000000,False,0.000000000000,1.000000000000,1.000000000000,1.000000000000,1.000000000000
490,US,49,SEQ,-0.500000000000,0.110000000000,False,0.000000000000,1.000000000000,1.000000000000,1.000000000000,1.000000000000
490,US,49,SMR,-0.500000000000,0.110000000000,False,0.000000000000,1.000000000000,1.000000000000,1.000000000000,1.000000000000
490,US,50,GMR,0.444000000000,0.444000000000,False,0.000000000000,1.000000000000,1.000000000000,1.000000000000,1.000000000000
490,US,50,Nash,0.444000000000,0.444000000000,False,0.000000000000,1.000000000000,1.000000000000,1.000000000000,1.000000000000
490,US,50,SEQ,0.444000000000,0.444000000000,False,0.000000000000,1.000000000000,1.000000000000,1.000000000000,1.000000000000
490,US,50,SMR,0.444000000000,0.444000000000,False,0.000000000000,1.000000000000,1.000000000000,1.000000000000,1.000000000000
490,US,51,GMR,0.220000000000,0.216000000000,False,0.000000000000,1.000000000000,1.000000000000,1.000000000000,1.000000000000
490,US,51,Nash,-0.490000000000,0.216000000000,False,0.000000000000,1.000000000000,1.000000000000,1.000000000000,1.000000000000
490,US,51,SEQ,0.220000000000,0.216000000000,False,0.000000000000,1.000000000000,1.000000000000,1.000000000000,1.000000000000
490,US,51,SMR,-0.190000000000,0.216000000000,False,0.000000000000,1.000000000000,1.000000000000,1.000000000000,1.000000000000
490,US,52,GMR,0.336000000000,0.234000000000,False,0.000000000000,1.000000000000,1.000000000000,1.000000000000,1.000000000000
490,US,52,Nash,-0.492000000000,0.234000000000,False,0.000000000000,1.000000000000,1.000000000000,1.000000000000,1.000000000000
490,US,52,SEQ,0.298000000000,0.234000000000,False,0.000000000000,1.000000000000,1.000000000000,1.000000000000,1.000000000000
490,US,52,SMR,0.170000000000,0.234000000000,False,0.000000000000,1.000000000000,1.000000000000,1.000000000000,1.000000000000
490,US,53,GMR,0.168000000000,0.500000000000,False,0.000000000000,1.000000000000,1.000000000000,1.000000000000,1.000000000000
490,US,53,Nash,-0.500000000000,0.500000000000,False,0.000000000000,1.000000000000,1.000000000000,1.000000000000,1.000000000000
490,US,53,SEQ,0.168000000000,0.500000000000,False,0.000000000000,1.000000000000,1.000000000000,1.000000000000,1.000000000000
490,US,53,SMR,-0.234000000000,0.500000000000,False,0.000000000000,1.000000000000,1.000000000000,1.000000000000,1.000000000000
490,US,54,GMR,0.284000000000,0.444000000000,False,0.000000000000,1.000000000000,1.000000000000,1.000000000000,1.000000000000
490,US,54,Nash,-0.444000000000,0.444000000000,False,0.000000000000,1.000000000000,1.000000000000,1.000000000000,1.000000000000
490,US,54,SEQ,0.278000000000,0.444000000000,False,0.000000000000,1.000000000000,1.000000000000,1.000000000000,1.000000000000
490,US,54,SMR,0.188000000000,0.444000000000,False,0.000000000000,1.000000000000,1.000000000000,1.000000000000,1.000000000000
490,US,55,GMR,0.004000000000,0.148000000000,False,0.000000000000,1.000000000000,0.000000000000,1.000000000000,0.950000000000
490,US,55,Nash,-0.340000000000,0.148000000000,False,0.000000000000,1.000000000000,1.000000000000,1.000000000000,1.000000000000
490,US,55,SEQ,-0.260000000000,0.148000000000,False,0.000000000000,1.000000000000,1.000000000000,1.000000000000,1.000000000000
490,US,55,SMR,0.004000000000,0.148000000000,False,0.000000000000,1.000000000000,0.000000000000,1.000000000000,0.950000000000
490,US,56,GMR,0.120000000000,0.148000000000,False,0.000000000000,1.000000000000,1.000000000000,1.000000000000,1.000000000000
490,US,56,Nash,-0.500000000000,0.148000000000,False,0.000000000000,1.000000000000,1.000000000000,1.000000000000,1.000000000000
490,US,56,SEQ,-0.416000000000,0.148000000000,False,0.000000000000,1.000000000000,1.000000000000,1.000000000000,1.000000000000
490,US,56,SMR,0.120000000000,0.148000000000,False,0.000000000000,1.000000000000,1.000000000000,1.000000000000,1.000000000000
490,US,57,GMR,0.500000000000,0.500000000000,False,0.000000000000,1.000000000000,1.000000000000,1.000000000000,1.000000000000
490,US,57,Nash,0.500000000000,0.500000000000,False,0.000000000000,1.000000000000,1.000000000000,1.000000000000,1.000000000000
490,US,57,SEQ,0.500000000000,0.500000000000,False,0.000000000000,1.000000000000,1.000000000000,1.000000000000,1.000000000000
490,US,57,SMR,0.500000000000,0.500000000000,False,0.000000000000,1.000000000000,1.000000000000,1.000000000000,1.000000000000
490,US,58,GMR,0.432000000000,0.282000000000,False,0.000000000000,1.000000000000,1.000000000000,1.000000000000,1.000000000000
490,US,58,Nash,-0.430000000000,0.282000000000,False,0.000000000000,1.000000000000,1.000000000000,1.000000000000,1.000000000000
490,US,58,SEQ,0.032000000000,0.282000000000,False,0.000000000000,1.000000000000,1.000000000000,1.000000000000,1.000000000000
490,US,58,SMR,0.222000000000,0.282000000000,False,0.000000000000,1.000000000000,1.000000000000,1.000000000000,1.000000000000
490,US,59,GMR,0.494000000000,0.222000000000,False,0.000000000000,1.000000000000,1.000000000000,1.000000000000,1.000000000000
490,US,59,Nash,-0.222000000000,0.222000000000,False,0.000000000000,1.000000000000,1.000000000000,1.000000000000,1.000000000000
490,US,59,SEQ,0.032000000000,0.222000000000,False,0.000000000000,1.000000000000,1.000000000000,1.000000000000,1.000000000000
490,US,59,SMR,0.494000000000,0.222000000000,False,0.000000000000,1.000000000000,1.000000000000,1.000000000000,1.000000000000
490,US,60,GMR,0.430000000000,0.430000000000,False,0.000000000000,1.000000000000,1.000000000000,1.000000000000,1.000000000000
490,US,60,Nash,0.430000000000,0.430000000000,False,0.000000000000,1.000000000000,1.000000000000,1.000000000000,1.000000000000
490,US,60,SEQ,0.430000000000,0.430000000000,False,0.000000000000,1.000000000000,1.000000000000,1.000000000000,1.000000000000
490,US,60,SMR,0.430000000000,0.430000000000,False,0.000000000000,1.000000000000,1.000000000000,1.000000000000,1.000000000000
490,US,61,GMR,0.050000000000,0.062000000000,False,0.000000000000,1.000000000000,1.000000000000,1.000000000000,1.000000000000
490,US,61,Nash,-0.478000000000,0.062000000000,False,0.000000000000,1.000000000000,1.000000000000,1.000000000000,1.000000000000
490,US,61,SEQ,0.032000000000,0.062000000000,False,0.000000000000,1.000000000000,1.000000000000,1.000000000000,1.000000000000
490,US,61,SMR,-0.368000000000,0.062000000000,False,0.000000000000,1.000000000000,1.000000000000,1.000000000000,1.000000000000
490,US,62,GMR,-0.256000000000,0.444000000000,False,0.000000000000,1.000000000000,1.000000000000,1.000000000000,1.000000000000
490,US,62,Nash,-0.500000000000,0.444000000000,False,0.000000000000,1.000000000000,1.000000000000,1.000000000000,1.000000000000
490,US,62,SEQ,-0.256000000000,0.444000000000,False,0.000000000000,1.000000000000,1.000000000000,1.000000000000,1.000000000000
490,US,62,SMR,-0.256000000000,0.444000000000,False,0.000000000000,1.000000000000,1.000000000000,1.000000000000,1.000000000000
490,US,63,GMR,0.316000000000,0.316000000000,False,0.000000000000,1.000000000000,1.000000000000,1.000000000000,1.000000000000
490,US,63,Nash,0.316000000000,0.316000000000,False,0.000000000000,1.000000000000,1.000000000000,1.000000000000,1.000000000000
490,US,63,SEQ,0.316000000000,0.316000000000,False,0.000000000000,1.000000000000,1.000000000000,1.000000000000,1.000000000000
490,US,63,SMR,0.316000000000,0.316000000000,False,0.000000000000,1.000000000000,1.000000000000,1.000000000000,1.000000000000
490,US,64,GMR,-0.048000000000,0.316000000000,False,0.000000000000,1.000000000000,1.000000000000,1.000000000000,1.000000000000
490,US,64,Nash,-0.316000000000,0.316000000000,False,0.000000000000,1.000000000000,1.000000000000,1.000000000000,1.000000000000
490,US,64,SEQ,-0.246000000000,0.316000000000,False,0.000000000000,1.000000000000,1.000000000000,1.000000000000,1.000000000000
490,US,64,SMR,-0.200000000000,0.316000000000,False,0.000000000000,1.000000000000,1.000000000000,1.000000000000,1.000000000000
490,US,65,GMR,-0.398000000000,0.360000000000,False,0.000000000000,1.000000000000,1.000000000000,1.000000000000,1.000000000000
490,US,65,Nash,-0.500000000000,0.360000000000,False,0.000000000000,1.000000000000,1.000000000000,1.000000000000,1.000000000000
490,US,65,SEQ,-0.398000000000,0.360000000000,False,0.000000000000,1.000000000000,1.000000000000,1.000000000000,1.000000000000
490,US,65,SMR,-0.398000000000,0.360000000000,False,0.000000000000,1.000000000000,1.000000000000,1.000000000000,1.000000000000
490,US,66,GMR,-0.480000000000,0.360000000000,False,0.000000000000,1.000000000000,1.000000000000,1.000000000000,1.000000000000
490,US,66,Nash,-0.500000000000,0.360000000000,False,0.000000000000,1.000000000000,1.000000000000,1.000000000000,1.000000000000
490,US,66,SEQ,-0.490000000000,0.360000000000,False,0.000000000000,1.000000000000,1.000000000000,1.000000000000,1.000000000000
490,US,66,SMR,-0.480000000000,0.360000000000,False,0.000000000000,1.000000000000,1.000000000000,1.000000000000,1.000000000000
490,US,67,GMR,0.500000000000,0.500000000000,False,0.000000000000,1.000000000000,1.000000000000,1.000000000000,1.000000000000
490,US,67,Nash,0.500000000000,0.500000000000,False,0.000000000000,1.000000000000,1.000000000000,1.000000000000,1.000000000000
490,US,67,SEQ,0.500000000000,0.500000000000,False,0.000000000000,1.000000000000,1.000000000000,1.000000000000,1.000000000000
490,US,67,SMR,0.500000000000,0.500000000000,False,0.000000000000,1.000000000000,1.000000000000,1.000000000000,1.000000000000
490,US,68,GMR,0.238000000000,0.160000000000,False,0.000000000000,1.000000000000,1.000000000000,1.000000000000,1.000000000000
490,US,68,Nash,-0.320000000000,0.160000000000,False,0.000000000000,1.000000000000,1.000000000000,1.000000000000,1.000000000000
490,US,68,SEQ,0.238000000000,0.160000000000,False,0.000000000000,1.000000000000,1.000000000000,1.000000000000,1.000000000000
490,US,68,SMR,-0.186000000000,0.160000000000,False,0.000000000000,1.000000000000,1.000000000000,1.000000000000,1.000000000000
490,US,69,GMR,0.320000000000,0.320000000000,False,0.000000000000,1.000000000000,1.000000000000,1.000000000000,1.000000000000
490,US,69,Nash,0.320000000000,0.320000000000,False,0.000000000000,1.000000000000,1.000000000000,1.000000000000,1.000000000000
490,US,69,SEQ,0.320000000000,0.320000000000,False,0.000000000000,1.000000000000,1.000000000000,1.000000000000,1.000000000000
490,US,69,SMR,0.320000000000,0.320000000000,False,0.000000000000,1.000000000000,1.000000000000,1.000000000000,1.000000000000
490,US,70,GMR,0.224000000000,0.378000000000,False,0.000000000000,1.000000000000,1.000000000000,1.000000000000,1.000000000000
490,US,70,Nash,-0.378000000000,0.378000000000,False,0.000000000000,1.000000000000,1.000000000000,1.000000000000,1.000000000000
490,US,70,SEQ,0.224000000000,0.378000000000,False,0.000000000000,1.000000000000,1.000000000000,1.000000000000,1.000000000000
490,US,70,SMR,-0.220000000000,0.378000000000,False,0.000000000000,1.000000000000,1.000000000000,1.000000000000,1.000000000000
490,US,71,GMR,-0.500000000000,0.386000000000,False,0.000000000000,1.000000000000,1.000000000000,1.000000000000,1.000000000000
490,US,71,Nash,-0.500000000000,0.386000000000,False,0.000000000000,1.000000000000,1.000000000000,1.000000000000,1.000000000000
490,US,71,SEQ,-0.500000000000,0.386000000000,False,0.000000000000,1.000000000000,1.000000000000,1.000000000000,1.000000000000
490,US,71,SMR,-0.500000000000,0.386000000000,False,0.000000000000,1.000000000000,1.000000000000,1.000000000000,1.000000000000
490,US,72,GMR,-0.500000000000,0.386000000000,False,0.000000000000,1.000000000000,1.000000000000,1.000000000000,1.000000000000
490,US,72,Nash,-0.500000000000,0.386000000000,False,0.000000000000,1.000000000000,1.000000000000,1.000000000000,1.000000000000
490,US,72,SEQ,-0.500000000000,0.386000000000,False,0.000000000000,1.000000000000,1.000000000000,1.000000000000,1.000000000000
490,US,72,SMR,-0.500000000000,0.386000000000,False,0.000000000000,1.000000000000,1.000000000000,1.000000000000,1.000000000000
490,US,73,GMR,0.500000000000,0.500000000000,False,0.000000000000,1.000000000000,1.000000000000,1.000000000000,1.000000000000
490,US,73,Nash,0.500000000000,0.500000000000,False,0.000000000000,1.000000000000,1.000000000000,1.000000000000,1.000000000000
490,US,73,SEQ,0.500000000000,0.500000000000,False,0.000000000000,1.000000000000,1.000000000000,1.000000000000,1.000000000000
490,US,73,SMR,0.500000000000,0.500000000000,False,0.000000000000,1.000000000000,1.000000000000,1.000000000000,1.000000000000
490,US,74,GMR,-0.464000000000,0.200000000000,False,0.000000000000,1.000000000000,1.000000000000,1.000000000000,1.000000000000
490,US,74,Nash,-0.480000000000,0.200000000000,False,0.000000000000,1.000000000000,1.000000000000,1.000000000000,1.000000000000
490,US,74,SEQ,-0.464000000000,0.200000000000,False,0.000000000000,1.000000000000,1.000000000000,1.000000000000,1.000000000000
490,US,74,SMR,-0.464000000000,0.200000000000,False,0.000000000000,1.000000000000,1.000000000000,1.000000000000,1.000000000000
490,US,75,GMR,-0.500000000000,0.200000000000,False,0.000000000000,1.000000000000,1.000000000000,1.000000000000,1.000000000000
490,US,75,Nash,-0.500000000000,0.200000000000,False,0.000000000000,1.000000000000,1.000000000000,1.000000000000,1.000000000000
490,US,75,SEQ,-0.500000000000,0.200000000000,False,0.000000000000,1.000000000000,1.000000000000,1.000000000000,1.000000000000
490,US,75,SMR,-0.500000000000,0.200000000000,False,0.000000000000,1.000000000000,1.000000000000,1.000000000000,1.000000000000
490,US,76,GMR,0.500000000000,0.500000000000,False,0.000000000000,1.000000000000,1.000000000000,1.000000000000,1.000000000000
490,US,76,Nash,0.500000000000,0.500000000000,False,0.000000000000,1.000000000000,1.000000000000,1.000000000000,1.000000000000
490,US,76,SEQ,0.500000000000,0.500000000000,False,0.000000000000,1.000000000000,1.000000000000,1.000000000000,1.000000000000
490,US,76,SMR,0.500000000000,0.500000000000,False,0.000000000000,1.000000000000,1.000000000000,1.000000000000,1.000000000000
