GLOBALEVENTID,SQLDATE,MonthYear,Actor1Code,Actor1Name,Actor1CountryCode,Actor1KnownGroupCode,Actor1EthnicCode,Actor1Religion1Code,Actor1Religion2Code,Actor1Type1Code,Actor1Type2Code,Actor1Type3Code,Actor2Code,Actor2Name,Actor2CountryCode,Actor2KnownGroupCode,Actor2EthnicCode,Actor2Religion1Code,Actor2Religion2Code,Actor2Type1Code,Actor2Type2Code,Actor2Type3Code,IsRootEvent,EventCode,EventBaseCode,EventRootCode,QuadClass,GoldsteinScale,NumMentions,NumSources,NumArticles,AvgTone,Actor1Geo_Type,Actor1Geo_FullName,Actor1Geo_CountryCode,Actor1Geo_ADM1Code,Actor1Geo_ADM2Code,Actor1Geo_Lat,Actor1Geo_Long,Actor1Geo_FeatureID,Actor2Geo_Type,Actor2Geo_FullName,Actor2Geo_CountryCode,Actor2Geo_ADM1Code,Actor2Geo_ADM2Code,Actor2Geo_Lat,Actor2Geo_Long,Actor2Geo_FeatureID,ActionGeo_Type,ActionGeo_FullName,ActionGeo_CountryCode,ActionGeo_ADM1Code,ActionGeo_ADM2Code,ActionGeo_Lat,ActionGeo_Long,ActionGeo_FeatureID,SourceFileTimestamp,EventRootName,QuadClassName
876421386,20191001,201910,CHN,CHINA,CHN,,,,,,,,USA,UNITED STATES,USA,,,,,,,,1,010,010,01,1,0.0,6,3,6,-3.83286534706093,4,"Beijing, Beijing, China",CH,CH22,13001,39.9289,116.388,-1898541,3,"San Francisco, California, United States",US,USCA,,37.7749,-122.419,277593,4,"Beijing, Beijing, China",CH,CH22,13001,39.9289,116.388,-1898541,20191001000000,Make public statement,Verbal cooperation
876421387,20191001,201910,CHN,CHINA,CHN,,,,,,,,USA,UNITED STATES,USA,,,,,,,,1,010,010,01,1,0.0,9,3,9,-3.83286534706093,4,"Beijing, Beijing, China",CH,CH22,13001,39.9289,116.388,-1898541,3,"San Francisco, California, United States",US,USCA,,37.7749,-122.419,277593,3,"San Francisco, California, United States",US,USCA,,37.7749,-122.419,277593,20191001000000,Make public statement,Verbal cooperation
876421389,20191001,201910,CHN,CHINA,CHN,,,,,,,,USA,SAN FRANCISCO,USA,,,,,,,,1,016,016,01,1,-2.0,18,3,18,-3.83286534706093,4,"Beijing, Beijing, China",CH,CH22,13001,39.9289,116.388,-1898541,3,"San Francisco, California, United States",US,USCA,,37.7749,-122.419,277593,3,"San Francisco, California, United States",US,USCA,,37.7749,-122.419,277593,20191001000000,Make public statement,Verbal cooperation
876421392,20191001,201910,CHN,CHINA,CHN,,,,,,,,USA,UNITED STATES,USA,,,,,,,,1,060,060,06,2,6.0,15,3,15,-3.83286534706093,4,"Beijing, Beijing, China",CH,CH22,13001,39.9289,116.388,-1898541,3,"San Francisco, California, United States",US,USCA,,37.7749,-122.419,277593,4,"Beijing, Beijing, China",CH,CH22,13001,39.9289,116.388,-1898541,20191001000000,Engage in material cooperation,Material cooperation
876421395,20191001,201910,CHN,BEIJING,CHN,,,,,,,,USAMED,REUTERS,USA,,,,,MED,,,1,051,051,05,1,3.4,10,2,10,-2.22821302816901,4,"Beijing, Beijing, China",CH,CH22,13001,39.9289,116.388,-1898541,4,"Beijing, Beijing, China",CH,CH22,13001,39.9289,116.388,-1898541,4,"Beijing, Beijing, China",CH,CH22,13001,39.9289,116.388,-1898541,20191001000000,Engage in diplomatic cooperation,Verbal cooperation
876423554,20191001,201910,USA,SAN FRANCISCO,USA,,,,,,,,CHN,CHINA,CHN,,,,,,,,1,173,173,17,4,-5.0,6,3,6,-4.82456140350877,4,"Beijing, Beijing, China",CH,CH22,13001,39.9289,116.388,-1898541,4,"Beijing, Beijing, China",CH,CH22,13001,39.9289,116.388,-1898541,4,"Beijing, Beijing, China",CH,CH22,13001,39.9289,116.388,-1898541,20191001000000,Coerce,Material conflict
876425519,20191001,201910,CHN,CHINA,CHN,,,,,,,,USAMED,THE ASSOCIATED PRESS,USA,,,,,MED,,,1,010,010,01,1,0.0,12,5,12,-1.75793936271076,4,"Beijing, Beijing, China",CH,CH22,13001,39.9289,116.388,-1898541,4,"Beijing, Beijing, China",CH,CH22,13001,39.9289,116.388,-1898541,4,"Beijing, Beijing, China",CH,CH22,13001,39.9289,116.388,-1898541,20191001001500,Make public statement,Verbal cooperation
876425520,20191001,201910,CHN,CHINA,CHN,,,,,,,,USAMED,THE ASSOCIATED PRESS,USA,,,,,MED,,,1,010,010,01,1,0.0,8,4,8,-1.47072828604864,2,"California, United States",US,USCA,,36.17,-119.746,CA,2,"California, United States",US,USCA,,36.17,-119.746,CA,2,"California, United States",US,USCA,,36.17,-119.746,CA,20191001001500,Make public statement,Verbal cooperation
876429226,20191001,201910,CHN,CHINA,CHN,,,,,,,,MNCUSA,SEMPRA ENERGY,USA,,,,,MNC,,,1,061,061,06,2,6.4,8,1,8,-0.662251655629141,4,"Yangtze, China (general), China",CH,CH00,13243,31.7867,121.141,-1899838,4,"Yangtze, China (general), China",CH,CH00,13243,31.7867,121.141,-1899838,1,Peru,PE,PE,,-10.0,-76.0,PE,20191001003000,Engage in material cooperation,Material cooperation
876429227,20191001,201910,CHN,CHINA,CHN,,,,,,,,MNCUSA,SEMPRA ENERGY,USA,,,,,MNC,,,1,061,061,06,2,6.4,10,1,10,-0.662251655629141,4,"Yangtze, China (general), China",CH,CH00,13243,31.7867,121.141,-1899838,1,Peru,PE,PE,,-10.0,-76.0,PE,1,Peru,PE,PE,,-10.0,-76.0,PE,20191001003000,Engage in material cooperation,Material cooperation
876429234,20191001,201910,CHN,CHINA,CHN,,,,,,,,USA,INDIANAPOLIS,USA,,,,,,,,1,043,043,04,1,2.8,10,1,10,-1.3986013986014,4,"Shanghai, Shanghai, China",CH,CH23,13243,31.2222,121.458,-1924465,3,"Indianapolis, Indiana, United States",US,USIN,IN097,39.7684,-86.158,452890,4,"Shanghai, Shanghai, China",CH,CH23,13243,31.2222,121.458,-1924465,20191001003000,Consult,Verbal cooperation
876429235,20191001,201910,CHN,CHINA,CHN,,,,,,,,USA,SAN DIEGO,USA,,,,,,,,1,061,061,06,2,6.4,10,1,10,4.18118466898955,4,"Yangtze, China (general), China",CH,CH00,13243,31.7867,121.141,-1899838,3,"San Diego, California, United States",US,USCA,,32.7153,-117.157,1661377,4,"Lima, Lima, Peru",PE,PE15,91841,-12.05,-77.05,-352647,20191001003000,Engage in material cooperation,Material cooperation
876430486,20191001,201910,MNCUSA,SEMPRA ENERGY,USA,,,,,MNC,,,CHN,CHINA,CHN,,,,,,,,1,061,061,06,2,6.4,8,1,8,-0.662251655629141,4,"Yangtze, China (general), China",CH,CH00,13243,31.7867,121.141,-1899838,4,"Yangtze, China (general), China",CH,CH00,13243,31.7867,121.141,-1899838,1,Peru,PE,PE,,-10.0,-76.0,PE,20191001003000,Engage in material cooperation,Material cooperation
876430487,20191001,201910,MNCUSA,SEMPRA ENERGY,USA,,,,,MNC,,,CHN,CHINA,CHN,,,,,,,,1,061,061,06,2,6.4,10,1,10,-0.662251655629141,1,Chile,CI,CI,,-30.0,-71.0,CI,4,"Yangtze, China (general), China",CH,CH00,13243,31.7867,121.141,-1899838,1,Chile,CI,CI,,-30.0,-71.0,CI,20191001003000,Engage in material cooperation,Material cooperation
876431211,20191001,201910,USA,INDIANAPOLIS,USA,,,,,,,,CHN,CHINA,CHN,,,,,,,,1,042,042,04,1,1.9,6,1,6,-1.3986013986014,1,India,IN,IN,,20.0,77.0,IN,1,Japan,JA,JA,,36.0,138.0,JA,1,Japan,JA,JA,,36.0,138.0,JA,20191001003000,Consult,Verbal cooperation
876431214,20191001,201910,USA,SAN DIEGO,USA,,,,,,,,CHN,CHINA,CHN,,,,,,,,1,061,061,06,2,6.4,10,1,10,4.18118466898955,3,"San Diego, California, United States",US,USCA,CA073,32.7153,-117.157,1661377,4,"Yangtze, China (general), China",CH,CH00,13243,31.7867,121.141,-1899838,4,"Lima, Lima, Peru",PE,PE15,91841,-12.05,-77.05,-352647,20191001003000,Engage in material cooperation,Material cooperation
876431215,20191001,201910,USA,CALIFORNIA,USA,,,,,,,,CHN,CHINESE,CHN,,,,,,,,1,090,090,09,2,-2.0,10,1,10,-2.8436018957346,4,"Beijing, Beijing, China",CH,CH22,13001,39.9289,116.388,-1898541,4,"Beijing, Beijing, China",CH,CH22,13001,39.9289,116.388,-1898541,4,"Beijing, Beijing, China",CH,CH22,13001,39.9289,116.388,-1898541,20191001003000,Investigate,Material cooperation
876433262,20191001,201910,CHN,CANTON,CHN,,,,,,,,USA,COLUMBUS,USA,,,,,,,,1,036,036,03,1,4.0,6,1,6,1.40845070422535,1,China,CH,CH,,35.0,105.0,CH,3,"Columbus, Ohio, United States",US,USOH,OH049,39.9612,-82.9988,1080996,3,"Columbus, Ohio, United States",US,USOH,OH049,39.9612,-82.9988,1080996,20191001004500,Express intent to cooperate,Verbal cooperation
876434870,20191001,201910,USA,COLUMBUS,USA,,,,,,,,CHN,CANTON,CHN,,,,,,,,1,036,036,03,1,4.0,6,1,6,1.40845070422535,3,"Columbus, Ohio, United States",US,USOH,OH049,39.9612,-82.9988,1080996,1,China,CH,CH,,35.0,105.0,CH,3,"Columbus, Ohio, United States",US,USOH,OH049,39.9612,-82.9988,1080996,20191001004500,Express intent to cooperate,Verbal cooperation
876436507,20191001,201910,CHN,CHINA,CHN,,,,,,,,USA,UNITED STATES,USA,,,,,,,,1,010,010,01,1,0.0,12,1,12,-3.125,1,China,CH,CH,,35.0,105.0,CH,2,"California, United States",US,USCA,,36.17,-119.746,CA,2,"California, United States",US,USCA,,36.17,-119.746,CA,20191001010000,Make public statement,Verbal cooperation
876436511,20191001,201910,CHN,CHINA,CHN,,,,,,,,USA,UNITED STATES,USA,,,,,,,,1,060,060,06,2,6.0,12,1,12,-3.125,2,"California, United States",US,USCA,,36.17,-119.746,CA,2,"California, United States",US,USCA,,36.17,-119.746,CA,2,"California, United States",US,USCA,,36.17,-119.746,CA,20191001010000,Engage in material cooperation,Material cooperation
876440823,20191001,201910,USA,CALIFORNIA,USA,,,,,,,,CHNGOV,CHINESE,CHN,,,,,GOV,,,1,1125,112,11,3,-2.0,6,1,6,-4.6875,4,"Beijing, Beijing, China",CH,CH22,13001,39.9289,116.388,-1898541,4,"Beijing, Beijing, China",CH,CH22,13001,39.9289,116.388,-1898541,4,"Beijing, Beijing, China",CH,CH22,13001,39.9289,116.388,-1898541,20191001011500,Disapprove,Verbal conflict
876441033,20191001,201910,USABUS,IOWA,USA,,,,,BUS,,,CHN,CHINA,CHN,,,,,,,,1,012,012,01,1,-0.4,6,1,6,-3.46534653465346,2,"Iowa, United States",US,USIA,,42.0046,-93.214,IA,2,"Iowa, United States",US,USIA,,42.0046,-93.214,IA,2,"Iowa, United States",US,USIA,,42.0046,-93.214,IA,20191001011500,Make public statement,Verbal cooperation
876441046,20191001,201910,USACVL,NEW YORK,USA,,,,,CVL,,,CHN,CHINA,CHN,,,,,,,,1,017,017,01,1,0.0,6,1,6,5.4320987654321,4,"Beijing, Beijing, China",CH,CH22,13001,39.9289,116.388,-1898541,1,Israel,IS,IS,,31.5,34.75,IS,1,Israel,IS,IS,,31.5,34.75,IS,20191001011500,Make public statement,Verbal cooperation
876442235,20191001,201910,CHN,CHINA,CHN,,,,,,,,USAMED,REUTERS,USA,,,,,MED,,,1,026,026,02,1,4.0,6,1,6,-6.41221374045802,4,"Xinjiang, Jiangxi, China",CH,CH03,13167,27.7481,116.274,11065838,4,"Xinjiang, Jiangxi, China",CH,CH03,13167,27.7481,116.274,11065838,4,"Xinjiang, Jiangxi, China",CH,CH03,13167,27.7481,116.274,11065838,20191001013000,Appeal,Verbal cooperation
876444696,20191001,201910,CHN,CHINESE,CHN,,,,,,,,USAMED,THE ASSOCIATED PRESS,USA,,,,,MED,,,1,017,017,01,1,0.0,6,2,6,0.0,4,"Beijing, Beijing, China",CH,CH22,13001,39.9289,116.388,-1898541,4,"Beijing, Beijing, China",CH,CH22,13001,39.9289,116.388,-1898541,4,"Beijing, Beijing, China",CH,CH22,13001,39.9289,116.388,-1898541,20191001014500,Make public statement,Verbal cooperation
876448137,20191001,201910,USA,NEW YORK,USA,,,,,,,,CHN,CHINA,CHN,,,,,,,,1,017,017,01,1,0.0,10,1,10,2.90697674418604,4,"Beijing, Beijing, China",CH,CH22,13001,39.9289,116.388,-1898541,4,"Beijing, Beijing, China",CH,CH22,13001,39.9289,116.388,-1898541,4,"Beijing, Beijing, China",CH,CH22,13001,39.9289,116.388,-1898541,20191001020000,Make public statement,Verbal cooperation
876450465,20191001,201910,USA,UNITED STATES,USA,,,,,,,,CHN,BEIJING,CHN,,,,,,,,1,012,012,01,1,-0.4,8,1,8,0.85470085470085,3,"White House, District of Columbia, United States",US,USDC,,38.8951,-77.0364,531871,4,"Beijing, Beijing, China",CH,CH22,13001,39.9289,116.388,-1898541,3,"White House, District of Columbia, United States",US,USDC,,38.8951,-77.0364,531871,20191001021500,Make public statement,Verbal cooperation
876455304,20191001,201910,USAMED,REUTERS,USA,,,,,MED,,,CHN,CHINA,CHN,,,,,,,,1,017,017,01,1,0.0,6,1,6,-4.52554744525548,4,"Beijing, Beijing, China",CH,CH22,13001,39.9289,116.388,-1898541,4,"Beijing, Beijing, China",CH,CH22,13001,39.9289,116.388,-1898541,4,"Beijing, Beijing, China",CH,CH22,13001,39.9289,116.388,-1898541,20191001024500,Make public statement,Verbal cooperation
876455306,20191001,201910,USAMED,REUTERS,USA,,,,,MED,,,CHN,CHINESE,CHN,,,,,,,,1,051,051,05,1,3.4,8,1,8,-4.52554744525548,4,"Victoria Harbour, Hong Kong (general), Hong Kong",HK,HK00,13031,22.2833,114.167,-1354489,4,"Victoria Harbour, Hong Kong (general), Hong Kong",HK,HK00,13031,22.2833,114.167,-1354489,4,"Victoria Harbour, Hong Kong (general), Hong Kong",HK,HK00,13031,22.2833,114.167,-1354489,20191001024500,Engage in diplomatic cooperation,Verbal cooperation
876460221,20191001,201910,CHN,CHINA,CHN,,,,,,,,USA,CALIFORNIA,USA,,,,,,,,1,090,090,09,2,-2.0,6,1,6,-8.69565217391304,1,China,CH,CH,,35.0,105.0,CH,2,"California, United States",US,USCA,,36.17,-119.746,CA,1,China,CH,CH,,35.0,105.0,CH,20191001033000,Investigate,Material cooperation
876460226,20191001,201910,CHN,CHINA,CHN,,,,,,,,USA,CALIFORNIA,USA,,,,,,,,1,1125,112,11,3,-2.0,10,1,10,-8.69565217391304,1,China,CH,CH,,35.0,105.0,CH,1,China,CH,CH,,35.0,105.0,CH,1,China,CH,CH,,35.0,105.0,CH,20191001033000,Disapprove,Verbal conflict
876468308,20191001,201910,USA,UNITED STATES,USA,,,,,,,,CHN,CHINA,CHN,,,,,,,,1,051,051,05,1,3.4,10,1,10,0.93023255813953,2,"North Carolina, United States",US,USNC,,35.6411,-79.8431,NC,2,"North Carolina, United States",US,USNC,,35.6411,-79.8431,NC,2,"North Carolina, United States",US,USNC,,35.6411,-79.8431,NC,20191001043000,Engage in diplomatic cooperation,Verbal cooperation
876468309,20191001,201910,USA,UNITED STATES,USA,,,,,,,,CHN,CHINA,CHN,,,,,,,,1,190,190,19,4,-10.0,6,1,6,-6.03621730382294,1,United States,US,US,,39.828175,-98.5795,US,4,"Tiananmen Square, Beijing, China",CH,CH22,13001,39.9044,116.391,9244097,1,United States,US,US,,39.828175,-98.5795,US,20191001043000,Fight,Material conflict
876469822,20191001,201910,CHN,CHINA,CHN,,,,,,,,USA,CALIFORNIA,USA,,,,,,,,1,1122,112,11,3,-2.0,16,1,10,-3.65111561866126,1,China,CH,CH,,35.0,105.0,CH,2,"California, United States",US,USCA,,36.17,-119.746,CA,2,"California, United States",US,USCA,,36.17,-119.746,CA,20191001044500,Disapprove,Verbal conflict
876469826,20191001,201910,CHN,CHINA,CHN,,,,,,,,USA,CALIFORNIA,USA,,,,,,,,1,173,173,17,4,-5.0,10,1,10,-3.65111561866126,1,China,CH,CH,,35.0,105.0,CH,2,"California, United States",US,USCA,,36.17,-119.746,CA,1,China,CH,CH,,35.0,105.0,CH,20191001044500,Coerce,Material conflict
876469827,20191001,201910,CHN,CHINA,CHN,,,,,,,,USA,CALIFORNIA,USA,,,,,,,,1,173,173,17,4,-5.0,6,1,6,-3.65111561866126,1,China,CH,CH,,35.0,105.0,CH,1,China,CH,CH,,35.0,105.0,CH,1,China,CH,CH,,35.0,105.0,CH,20191001044500,Coerce,Material conflict
876477518,20191001,201910,CHN,CHINA,CHN,,,,,,,,USAMED,REUTERS,USA,,,,,MED,,,1,017,017,01,1,0.0,10,1,10,-0.378071833648399,4,"Tiananmen Square, Beijing, China",CH,CH22,13001,39.9044,116.391,9244097,4,"Beijing, Beijing, China",CH,CH22,13001,39.9289,116.388,-1898541,4,"Tiananmen Square, Beijing, China",CH,CH22,13001,39.9044,116.391,9244097,20191001054500,Make public statement,Verbal cooperation
876478679,20191001,201910,USA,COLUMBUS,USA,,,,,,,,CHN,CHINA,CHN,,,,,,,,1,1125,112,11,3,-2.0,8,1,8,-7.51445086705203,2,"California, United States",US,USCA,,36.17,-119.746,CA,4,"Beijing, Beijing, China",CH,CH22,13001,39.9289,116.388,-1898541,4,"Beijing, Beijing, China",CH,CH22,13001,39.9289,116.388,-1898541,20191001054500,Disapprove,Verbal conflict
876485608,20191001,201910,USA,UNITED STATES,USA,,,,,,,,CHNBUS,DALIAN,CHN,,,,,BUS,,,1,163,163,16,4,-8.0,10,1,10,-4.05982905982905,1,Russia,RS,RS,,60.0,100.0,RS,1,Russia,RS,RS,,60.0,100.0,RS,1,Russia,RS,RS,,60.0,100.0,RS,20191001063000,Reduce relations,Material conflict
876492466,20191001,201910,CHN,CHINA,CHN,,,,,,,,MNCUSA,SEMPRA ENERGY,USA,,,,,MNC,,,1,061,061,06,2,6.4,8,1,8,-3.33333333333333,1,Peru,PE,PE,,-10.0,-76.0,PE,1,Peru,PE,PE,,-10.0,-76.0,PE,1,Peru,PE,PE,,-10.0,-76.0,PE,20191001073000,Engage in material cooperation,Material cooperation
876493159,20191001,201910,MNCUSA,SEMPRA ENERGY,USA,,,,,MNC,,,CHN,CHINA,CHN,,,,,,,,1,061,061,06,2,6.4,6,1,6,-3.33333333333333,1,Mexico,MX,MX,,23.0,-102.0,MX,2,"California, United States",US,USCA,,36.17,-119.746,CA,2,"California, United States",US,USCA,,36.17,-119.746,CA,20191001073000,Engage in material cooperation,Material cooperation
876495487,20190930,201909,USABUS,PROVIDENCE,USA,,,,,BUS,,,CHNBUS,CHINESE,CHN,,,,,BUS,,,1,071,071,07,2,7.4,6,1,6,0.0,1,China,CH,CH,,35.0,105.0,CH,1,China,CH,CH,,35.0,105.0,CH,1,China,CH,CH,,35.0,105.0,CH,20191001074500,Provide aid,Material cooperation
876496636,20191001,201910,USA,PROVIDENCE,USA,,,,,,,,CHN,CHINESE,CHN,,,,,,,,1,071,071,07,2,7.4,10,1,10,0.0,1,China,CH,CH,,35.0,105.0,CH,1,China,CH,CH,,35.0,105.0,CH,1,China,CH,CH,,35.0,105.0,CH,20191001074500,Provide aid,Material cooperation
876498532,20191001,201910,USA,PROVIDENCE,USA,,,,,,,,CHN,CHINESE,CHN,,,,,,,,1,010,010,01,1,0.0,8,1,8,-6.06060606060606,1,Ireland,EI,EI,,53.0,-8.0,EI,1,China,CH,CH,,35.0,105.0,CH,1,China,CH,CH,,35.0,105.0,CH,20191001080000,Make public statement,Verbal cooperation
876503638,20191001,201910,USAMED,REUTERS,USA,,,,,MED,,,CHN,CHINA,CHN,,,,,,,,1,017,017,01,1,0.0,10,1,10,1.61290322580645,4,"Beijing, Beijing, China",CH,CH22,13001,39.9289,116.388,-1898541,4,"Tiananmen Square, Beijing, China",CH,CH22,13001,39.9044,116.391,9244097,4,"Beijing, Beijing, China",CH,CH22,13001,39.9289,116.388,-1898541,20191001083000,Make public statement,Verbal cooperation
876503644,20191001,201910,USAMEDMIL,REUTERS,USA,,,,,MED,MIL,,CHN,CHINA,CHN,,,,,,,,1,017,017,01,1,0.0,10,1,10,1.61290322580645,4,"Tiananmen Square, Beijing, China",CH,CH22,13001,39.9044,116.391,9244097,4,"Tiananmen Square, Beijing, China",CH,CH22,13001,39.9044,116.391,9244097,4,"Tiananmen Square, Beijing, China",CH,CH22,13001,39.9044,116.391,9244097,20191001083000,Make public statement,Verbal cooperation
876514185,20191001,201910,CHN,CHINA,CHN,,,,,,,,USA,INDIANAPOLIS,USA,,,,,,,,1,043,043,04,1,2.8,10,1,10,-0.64516129032258,4,"Shanghai, Shanghai, China",CH,CH23,13243,31.2222,121.458,-1924465,2,"Indiana, United States",US,USIN,,39.8647,-86.2604,IN,4,"Shanghai, Shanghai, China",CH,CH23,13243,31.2222,121.458,-1924465,20191001093000,Consult,Verbal cooperation
876514188,20191001,201910,CHN,CHINESE,CHN,,,,,,,,USAGOV,THE US,USA,,,,,GOV,,,1,190,190,19,4,-10.0,10,1,10,-0.91623036649215,4,"Shenzhen, Guangdong, China",CH,CH30,13036,22.2,111.117,-1925267,4,"Shenzhen, Guangdong, China",CH,CH30,13036,22.2,111.117,-1925267,4,"Shenzhen, Guangdong, China",CH,CH30,13036,22.2,111.117,-1925267,20191001093000,Fight,Material conflict
876515508,20191001,201910,USAGOV,THE US,USA,,,,,GOV,,,CHN,CHINESE,CHN,,,,,,,,1,190,190,19,4,-10.0,8,1,8,-0.91623036649215,1,United States,US,US,,39.828175,-98.5795,US,1,United States,US,US,,39.828175,-98.5795,US,1,United States,US,US,,39.828175,-98.5795,US,20191001093000,Fight,Material conflict
876522254,20191001,201910,MNCUSA,SEMPRA ENERGY,USA,,,,,MNC,,,CHN,CHINA,CHN,,,,,,,,1,061,061,06,2,6.4,8,1,8,1.96078431372549,1,Peru,PE,PE,,-10.0,-76.0,PE,1,Peru,PE,PE,,-10.0,-76.0,PE,1,Peru,PE,PE,,-10.0,-76.0,PE,20191001101500,Engage in material cooperation,Material cooperation
876522585,20191001,201910,USA,THE US,USA,,,,,,,,CHNBUS,DALIAN,CHN,,,,,BUS,,,1,163,163,16,4,-8.0,8,1,8,-7.09677419354839,1,Iran,IR,IR,,32.0,53.0,IR,1,Iran,IR,IR,,32.0,53.0,IR,1,Iran,IR,IR,,32.0,53.0,IR,20191001101500,Reduce relations,Material conflict
876541365,20191001,201910,USA,THE US,USA,,,,,,,,CHN,CHINA,CHN,,,,,,,,1,016,016,01,1,-2.0,18,2,18,-1.87963771278918,1,China,CH,CH,,35.0,105.0,CH,1,China,CH,CH,,35.0,105.0,CH,1,China,CH,CH,,35.0,105.0,CH,20191001114500,Make public statement,Verbal cooperation
876541367,20191001,201910,USA,WASHINGTON,USA,,,,,,,,CHN,CHINA,CHN,,,,,,,,1,018,018,01,1,3.4,10,1,10,-1.02960102960103,3,"Washington, District of Columbia, United States",US,USDC,DC001,38.8951,-77.0364,531871,4,"Beijing, Beijing, China",CH,CH22,13001,39.9289,116.388,-1898541,4,"Beijing, Beijing, China",CH,CH22,13001,39.9289,116.388,-1898541,20191001114500,Make public statement,Verbal cooperation
876541369,20191001,201910,USA,THE US,USA,,,,,,,,CHN,CHINA,CHN,,,,,,,,1,120,120,12,3,-4.0,20,2,20,-1.81825621999127,1,China,CH,CH,,35.0,105.0,CH,1,China,CH,CH,,35.0,105.0,CH,1,China,CH,CH,,35.0,105.0,CH,20191001114500,Reject,Verbal conflict
876542043,20191001,201910,CHN,CHINA,CHN,,,,,,,,USA,WASHINGTON,USA,,,,,,,,1,036,036,03,1,4.0,10,1,10,-0.540540540540539,1,China,CH,CH,,35.0,105.0,CH,1,China,CH,CH,,35.0,105.0,CH,1,China,CH,CH,,35.0,105.0,CH,20191001120000,Express intent to cooperate,Verbal cooperation
876542048,20191001,201910,CHN,SHENZHEN,CHN,,,,,,,,USA,NEW YORK,USA,,,,,,,,1,043,043,04,1,2.8,6,1,6,1.45530145530145,4,"Shenzhen, Guangdong, China",CH,CH30,13036,22.2,111.117,-1925267,2,"New York, United States",US,USNY,,42.1497,-74.9384,NY,2,"New York, United States",US,USNY,,42.1497,-74.9384,NY,20191001120000,Consult,Verbal cooperation
876543227,20191001,201910,USA,NEW YORK,USA,,,,,,,,CHN,SHENZHEN,CHN,,,,,,,,1,042,042,04,1,1.9,6,1,6,1.45530145530145,2,"New York, United States",US,USNY,,42.1497,-74.9384,NY,4,"Shenzhen, Guangdong, China",CH,CH30,13036,22.2,111.117,-1925267,2,"New York, United States",US,USNY,,42.1497,-74.9384,NY,20191001120000,Consult,Verbal cooperation
876547644,20191001,201910,USA,THE US,USA,,,,,,,,CHN,CHINA,CHN,,,,,,,,1,012,012,01,1,-0.4,6,1,6,-4.66360856269114,4,"Tehran, Tehran, Iran",IR,IR26,41130,35.75,51.5148,10074674,4,"Shanghai, Shanghai, China",CH,CH23,13243,31.2222,121.458,-1924465,4,"Shanghai, Shanghai, China",CH,CH23,13243,31.2222,121.458,-1924465,20191001121500,Make public statement,Verbal cooperation
876547652,20191001,201910,USA,UNITED STATES,USA,,,,,,,,CHNBUS,CHINESE,CHN,,,,,BUS,,,1,071,071,07,2,7.4,8,1,8,-1.27118644067797,1,Japan,JA,JA,,36.0,138.0,JA,1,Japan,JA,JA,,36.0,138.0,JA,1,Japan,JA,JA,,36.0,138.0,JA,20191001121500,Provide aid,Material cooperation
876547653,20191001,201910,USA,THE US,USA,,,,,,,,CHNBUS,CHINESE,CHN,,,,,BUS,,,1,160,160,16,4,-4.0,6,1,6,-4.66360856269114,4,"Shanghai, Shanghai, China",CH,CH23,13243,31.2222,121.458,-1924465,4,"Shanghai, Shanghai, China",CH,CH23,13243,31.2222,121.458,-1924465,4,"Shanghai, Shanghai, China",CH,CH23,13243,31.2222,121.458,-1924465,20191001121500,Reduce relations,Material conflict
876549496,20191001,201910,CHN,BEIJING,CHN,,,,,,,,MNCUSAMED,GOOGLE,USA,,,,,MNC,MED,,1,030,030,03,1,4.0,10,1,10,-4.30107526881721,4,"Beijing, Beijing, China",CH,CH22,13001,39.9289,116.388,-1898541,4,"Beijing, Beijing, China",CH,CH22,13001,39.9289,116.388,-1898541,4,"Beijing, Beijing, China",CH,CH22,13001,39.9289,116.388,-1898541,20191001123000,Express intent to cooperate,Verbal cooperation
876549497,20191001,201910,CHN,BEIJING,CHN,,,,,,,,MNCUSAMED,GOOGLE,USA,,,,,MNC,MED,,1,090,090,09,2,-2.0,10,1,10,-4.30107526881721,4,"Beijing, Beijing, China",CH,CH22,13001,39.9289,116.388,-1898541,4,"Beijing, Beijing, China",CH,CH22,13001,39.9289,116.388,-1898541,4,"Beijing, Beijing, China",CH,CH22,13001,39.9289,116.388,-1898541,20191001123000,Investigate,Material cooperation
876549498,20191001,201910,CHN,BEIJING,CHN,,,,,,,,MNCUSAMED,GOOGLE,USA,,,,,MNC,MED,,1,1721,172,17,4,-5.0,10,1,10,-4.30107526881721,4,"Beijing, Beijing, China",CH,CH22,13001,39.9289,116.388,-1898541,4,"Beijing, Beijing, China",CH,CH22,13001,39.9289,116.388,-1898541,4,"Beijing, Beijing, China",CH,CH22,13001,39.9289,116.388,-1898541,20191001123000,Coerce,Material conflict
876555107,20191001,201910,CHN,CHINA,CHN,,,,,,,,USA,AMERICAN,USA,,,,,,,,1,018,018,01,1,3.4,8,1,8,-3.67298578199053,4,"Waltham, Leicestershire, United Kingdom",UK,UKH5,40126,52.8,-0.8,-2610829,4,"Waltham, Leicestershire, United Kingdom",UK,UKH5,40126,52.8,-0.8,-2610829,4,"Waltham, Leicestershire, United Kingdom",UK,UKH5,40126,52.8,-0.8,-2610829,20191001130000,Make public statement,Verbal cooperation
876559294,20191001,201910,USA,THE US,USA,,,,,,,,CHN,CHINESE,CHN,,,,,,,,1,172,172,17,4,-5.0,10,1,10,-0.840336134453786,1,China,CH,CH,,35.0,105.0,CH,1,China,CH,CH,,35.0,105.0,CH,1,China,CH,CH,,35.0,105.0,CH,20191001131500,Coerce,Material conflict
876559544,20190930,201909,CHN,CHINA,CHN,,,,,,,,USA,UNITED STATES OF AMERICA,USA,,,,,,,,1,017,017,01,1,0.0,8,1,8,-3.98293029871977,1,China,CH,CH,,35.0,105.0,CH,1,United States,US,US,,39.828175,-98.5795,US,1,China,CH,CH,,35.0,105.0,CH,20191001133000,Make public statement,Verbal cooperation
876571629,20191001,201910,USA,CALIFORNIA,USA,,,,,,,,CHN,CHINESE,CHN,,,,,,,,1,090,090,09,2,-2.0,6,1,6,-3.83631713554988,2,"California, United States",US,USCA,,36.17,-119.746,CA,3,"San Francisco, California, United States",US,USCA,,37.7749,-122.419,277593,3,"San Francisco, California, United States",US,USCA,,37.7749,-122.419,277593,20191001141500,Investigate,Material cooperation
876571632,20191001,201910,USA,UNITED STATES,USA,,,,,,,,CHN,CHINA,CHN,,,,,,,,1,112,112,11,3,-2.0,12,3,12,-5.08480552910892,2,"Wisconsin, United States",US,USWI,,44.2563,-89.6385,WI,2,"Wisconsin, United States",US,USWI,,44.2563,-89.6385,WI,2,"Wisconsin, United States",US,USWI,,44.2563,-89.6385,WI,20191001141500,Disapprove,Verbal conflict
876571633,20191001,201910,USA,WASHINGTON,USA,,,,,,,,CHN,BEIJING,CHN,,,,,,,,1,190,190,19,4,-10.0,10,1,10,-1.23456790123456,4,"Buenos Aires, Distrito Federal, Argentina",AR,AR07,22379,-34.5875,-58.6725,-979186,4,"Buenos Aires, Distrito Federal, Argentina",AR,AR07,22379,-34.5875,-58.6725,-979186,4,"Buenos Aires, Distrito Federal, Argentina",AR,AR07,22379,-34.5875,-58.6725,-979186,20191001141500,Fight,Material conflict
876573487,20191001,201910,CHN,CHINA,CHN,,,,,,,,USAGOVBUS,UNITED STATES,USA,,,,,GOV,BUS,,1,010,010,01,1,0.0,8,1,8,-3.01810865191147,4,"Beijing, Beijing, China",CH,CH22,13001,39.9289,116.388,-1898541,4,"Beijing, Beijing, China",CH,CH22,13001,39.9289,116.388,-1898541,4,"Beijing, Beijing, China",CH,CH22,13001,39.9289,116.388,-1898541,20191001143000,Make public statement,Verbal cooperation
876574859,20191001,201910,USA,AMERICAN,USA,,,,,,,,CHN,CHINA,CHN,,,,,,,,1,012,012,01,1,-0.4,10,1,10,-1.98198198198198,1,Russia,RS,RS,,60.0,100.0,RS,1,Russia,RS,RS,,60.0,100.0,RS,1,Russia,RS,RS,,60.0,100.0,RS,20191001143000,Make public statement,Verbal cooperation
876574861,20191001,201910,USA,AMERICAN,USA,,,,,,,,CHN,CHINA,CHN,,,,,,,,1,128,128,12,3,-5.0,10,1,10,-1.98198198198198,1,United States,US,US,,39.828175,-98.5795,US,1,China,CH,CH,,35.0,105.0,CH,1,China,CH,CH,,35.0,105.0,CH,20191001143000,Reject,Verbal conflict
876576532,20191001,201910,CHN,CHINA,CHN,,,,,,,,MNCUSA,SEMPRA ENERGY,USA,,,,,MNC,,,1,057,057,05,1,8.0,10,1,10,2.48447204968944,4,"Yangtze, China (general), China",CH,CH00,13243,31.7867,121.141,-1899838,1,Peru,PE,PE,,-10.0,-76.0,PE,4,"Yangtze, China (general), China",CH,CH00,13243,31.7867,121.141,-1899838,20191001144500,Engage in diplomatic cooperation,Verbal cooperation
876576542,20191001,201910,CHN,CHINA,CHN,,,,,,,,USA,INDIANAPOLIS,USA,,,,,,,,1,043,043,04,1,2.8,10,1,10,-0.71942446043166,4,"Shanghai, Shanghai, China",CH,CH23,13243,31.2222,121.458,-1924465,4,"Shanghai, Shanghai, China",CH,CH23,13243,31.2222,121.458,-1924465,4,"Shanghai, Shanghai, China",CH,CH23,13243,31.2222,121.458,-1924465,20191001144500,Consult,Verbal cooperation
876577478,20191001,201910,MNCUSA,SEMPRA ENERGY,USA,,,,,MNC,,,CHN,CHINESE,CHN,,,,,,,,1,057,057,05,1,8.0,16,1,10,2.48447204968944,4,"Yangtze, China (general), China",CH,CH00,13243,31.7867,121.141,-1899838,4,"Yangtze, China (general), China",CH,CH00,13243,31.7867,121.141,-1899838,4,"Yangtze, China (general), China",CH,CH00,13243,31.7867,121.141,-1899838,20191001144500,Engage in diplomatic cooperation,Verbal cooperation
876599440,20191001,201910,USACVL,A US,USA,,,,,CVL,,,CHN,CHINA,CHN,,,,,,,,1,090,090,09,2,-2.0,10,1,10,-6.76532769556026,4,"Beijing, Beijing, China",CH,CH22,13001,39.9289,116.388,-1898541,4,"Beijing, Beijing, China",CH,CH22,13001,39.9289,116.388,-1898541,4,"Beijing, Beijing, China",CH,CH22,13001,39.9289,116.388,-1898541,20191001163000,Investigate,Material cooperation
876599441,20191001,201910,USACVL,A US,USA,,,,,CVL,,,CHN,CHINA,CHN,,,,,,,,1,1125,112,11,3,-2.0,10,1,10,-6.76532769556026,4,"Beijing, Beijing, China",CH,CH22,13001,39.9289,116.388,-1898541,4,"Beijing, Beijing, China",CH,CH22,13001,39.9289,116.388,-1898541,4,"Beijing, Beijing, China",CH,CH22,13001,39.9289,116.388,-1898541,20191001163000,Disapprove,Verbal conflict
876599443,20191001,201910,USACVL,A US,USA,,,,,CVL,,,CHN,CHINA,CHN,,,,,,,,1,173,173,17,4,-5.0,8,1,8,-6.76532769556026,2,"Georgia, United States",US,USGA,,32.9866,-83.6487,GA,4,"Beijing, Beijing, China",CH,CH22,13001,39.9289,116.388,-1898541,2,"Georgia, United States",US,USGA,,32.9866,-83.6487,GA,20191001163000,Coerce,Material conflict
876607643,20191001,201910,CHN,CHINA,CHN,,,,,,,,USA,THE US,USA,,,,,,,,1,057,057,05,1,8.0,10,1,10,-2.7823240589198,1,China,CH,CH,,35.0,105.0,CH,1,China,CH,CH,,35.0,105.0,CH,1,China,CH,CH,,35.0,105.0,CH,20191001171500,Engage in diplomatic cooperation,Verbal cooperation
876608920,20191001,201910,USA,THE US,USA,,,,,,,,CHN,CHINA,CHN,,,,,,,,1,057,057,05,1,8.0,10,1,10,-2.7823240589198,1,China,CH,CH,,35.0,105.0,CH,1,China,CH,CH,,35.0,105.0,CH,1,China,CH,CH,,35.0,105.0,CH,20191001171500,Engage in diplomatic cooperation,Verbal cooperation
876610755,20191001,201910,CHN,CHINA,CHN,,,,,,,,USAGOV,THE US,USA,,,,,GOV,,,1,043,043,04,1,2.8,10,1,10,3.03030303030303,1,China,CH,CH,,35.0,105.0,CH,4,"Islamabad, Islamabad, Pakistan",PK,PK08,23674,33.7,73.1667,-2762812,1,China,CH,CH,,35.0,105.0,CH,20191001173000,Consult,Verbal cooperation
876612097,20191001,201910,USA,WASHINGTON,USA,,,,,,,,CHN,CHINA,CHN,,,,,,,,1,061,061,06,2,6.4,10,1,10,-1.31147540983607,3,"Washington, District of Columbia, United States",US,USDC,DC001,38.8951,-77.0364,531871,1,China,CH,CH,,35.0,105.0,CH,1,China,CH,CH,,35.0,105.0,CH,20191001173000,Engage in material cooperation,Material cooperation
876612318,20191001,201910,USAGOV,THE US,USA,,,,,GOV,,,CHN,CHINA,CHN,,,,,,,,1,042,042,04,1,1.9,10,1,10,3.03030303030303,4,"Islamabad, Islamabad, Pakistan",PK,PK08,23674,33.7,73.1667,-2762812,1,China,CH,CH,,35.0,105.0,CH,1,China,CH,CH,,35.0,105.0,CH,20191001173000,Consult,Verbal cooperation
876616785,20191001,201910,CHN,CHINA,CHN,,,,,,,,USA,THE US,USA,,,,,,,,1,130,130,13,3,-4.4,6,1,6,-3.13588850174216,4,"Tiananmen Square, Beijing, China",CH,CH22,13001,39.9044,116.391,9244097,4,"Tiananmen Square, Beijing, China",CH,CH22,13001,39.9044,116.391,9244097,4,"Tiananmen Square, Beijing, China",CH,CH22,13001,39.9044,116.391,9244097,20191001180000,Threaten,Verbal conflict
876616789,20191001,201910,CHN,CHINA,CHN,,,,,,,,USALEG,AMERICAN,USA,,,,,LEG,,,1,020,020,02,1,3.0,8,1,8,-3.13588850174216,4,"Tiananmen Square, Beijing, China",CH,CH22,13001,39.9044,116.391,9244097,2,"New York, United States",US,USNY,,42.1497,-74.9384,NY,2,"New York, United States",US,USNY,,42.1497,-74.9384,NY,20191001180000,Appeal,Verbal cooperation
876620470,20191001,201910,USA,AMERICAN,USA,,,,,,,,CHN,CHINA,CHN,,,,,,,,1,061,061,06,2,6.4,8,1,8,1.3215859030837,2,"California, United States",US,USCA,,36.17,-119.746,CA,1,China,CH,CH,,35.0,105.0,CH,1,China,CH,CH,,35.0,105.0,CH,20191001181500,Engage in material cooperation,Material cooperation
876630283,20191001,201910,CHN,CHINA,CHN,,,,,,,,USA,AMERICAN,USA,,,,,,,,1,010,010,01,1,0.0,7,1,7,1.36986301369863,4,"Tiananmen Square, Beijing, China",CH,CH22,13001,39.9044,116.391,9244097,1,United States,US,US,,39.828175,-98.5795,US,1,United States,US,US,,39.828175,-98.5795,US,20191001191500,Make public statement,Verbal cooperation
876630285,20191001,201910,CHN,CHINA,CHN,,,,,,,,USA,UNITED STATES,USA,,,,,,,,1,110,110,11,3,-2.0,24,3,24,-4.85436893203883,1,China,CH,CH,,35.0,105.0,CH,1,United States,US,US,,39.828175,-98.5795,US,1,China,CH,CH,,35.0,105.0,CH,20191001191500,Disapprove,Verbal conflict
876630286,20191001,201910,CHN,CHINA,CHN,,,,,,,,USA,UNITED STATES,USA,,,,,,,,1,110,110,11,3,-2.0,6,3,6,-4.85436893203883,1,United States,US,US,,39.828175,-98.5795,US,1,United States,US,US,,39.828175,-98.5795,US,1,China,CH,CH,,35.0,105.0,CH,20191001191500,Disapprove,Verbal conflict
876630289,20191001,201910,CHN,CHINA,CHN,,,,,,,,USAMED,ASSOCIATED PRESS,USA,,,,,MED,,,1,141,141,14,3,-6.5,7,1,7,1.36986301369863,1,United States,US,US,,39.828175,-98.5795,US,4,"Tiananmen Square, Beijing, China",CH,CH22,13001,39.9044,116.391,9244097,4,"Tiananmen Square, Beijing, China",CH,CH22,13001,39.9044,116.391,9244097,20191001191500,Protest,Verbal conflict
876631614,20191001,201910,USA,AMERICAN,USA,,,,,,,,CHN,BEIJING,CHN,,,,,,,,1,090,090,09,2,-2.0,8,1,8,-4.46280991735538,3,"San Francisco, California, United States",US,USCA,CA075,37.7749,-122.419,277593,4,"Beijing, Beijing, China",CH,CH22,13001,39.9289,116.388,-1898541,4,"Beijing, Beijing, China",CH,CH22,13001,39.9289,116.388,-1898541,20191001191500,Investigate,Material cooperation
876631615,20191001,201910,USA,UNITED STATES,USA,,,,,,,,CHN,CHINA,CHN,,,,,,,,1,110,110,11,3,-2.0,18,3,18,-4.85436893203883,4,"Berlin, Berlin, Germany",GM,GM16,16538,52.5167,13.4,-1746443,4,"Berlin, Berlin, Germany",GM,GM16,16538,52.5167,13.4,-1746443,4,"Berlin, Berlin, Germany",GM,GM16,16538,52.5167,13.4,-1746443,20191001191500,Disapprove,Verbal conflict
876631616,20191001,201910,USA,UNITED STATES,USA,,,,,,,,CHN,CHINA,CHN,,,,,,,,1,110,110,11,3,-2.0,12,3,12,-4.85436893203883,1,United Kingdom,UK,UK,,54.0,-4.0,UK,1,United Kingdom,UK,UK,,54.0,-4.0,UK,1,United Kingdom,UK,UK,,54.0,-4.0,UK,20191001191500,Disapprove,Verbal conflict
876635626,20191001,201910,CHN,CHINA,CHN,,,,,,,,USA,UNITED STATES,USA,,,,,,,,1,180,180,18,4,-9.0,8,1,8,-1.06951871657754,4,"Malyutka, Sakha (Yakutiya), Russia",RS,RS63,25092,63.9667,143.4,-2952838,4,"Malyutka, Sakha (Yakutiya), Russia",RS,RS63,25092,63.9667,143.4,-2952838,4,"Malyutka, Sakha (Yakutiya), Russia",RS,RS63,25092,63.9667,143.4,-2952838,20191001194500,Assault,Material conflict
876637728,20191001,201910,CHN,CHINA,CHN,,,,,,,,USA,WASHINGTON,USA,,,,,,,,1,100,100,10,3,-5.0,7,1,7,-7.49244712990938,1,Russia,RS,RS,,60.0,100.0,RS,4,"Beijing, Beijing, China",CH,CH22,13001,39.9289,116.388,-1898541,4,"Beijing, Beijing, China",CH,CH22,13001,39.9289,116.388,-1898541,20191001200000,Demand,Verbal conflict
876640335,20191001,201910,CHN,CHINA,CHN,,,,,,,,USA,UNITED STATES,USA,,,,,,,,1,040,040,04,1,1.0,8,1,8,2.58620689655173,1,China,CH,CH,,35.0,105.0,CH,1,United States,US,US,,39.828175,-98.5795,US,1,Pakistan,PK,PK,,30.0,70.0,PK,20191001201500,Consult,Verbal cooperation
876641352,20191001,201910,USA,UNITED STATES,USA,,,,,,,,CHN,CHINA,CHN,,,,,,,,1,040,040,04,1,1.0,8,1,8,2.58620689655173,1,United States,US,US,,39.828175,-98.5795,US,1,China,CH,CH,,35.0,105.0,CH,1,Pakistan,PK,PK,,30.0,70.0,PK,20191001201500,Consult,Verbal cooperation
876641353,20191001,201910,USA,UNITED STATES,USA,,,,,,,,CHN,CHINA,CHN,,,,,,,,1,110,110,11,3,-2.0,8,1,8,-4.37956204379562,1,United States,US,US,,39.828175,-98.5795,US,1,China,CH,CH,,35.0,105.0,CH,1,China,CH,CH,,35.0,105.0,CH,20191001201500,Disapprove,Verbal conflict
876642691,20191001,201910,CHN,CHINA,CHN,,,,,,,,USA,UNITED STATES,USA,,,,,,,,1,017,017,01,1,0.0,8,1,8,0.31595576619273,1,Russia,RS,RS,,60.0,100.0,RS,1,India,IN,IN,,20.0,77.0,IN,1,Russia,RS,RS,,60.0,100.0,RS,20191001203000,Make public statement,Verbal cooperation
876643676,20191001,201910,USA,BOSTON,USA,,,,,,,,CHN,CANTON,CHN,,,,,,,,1,112,112,11,3,-2.0,6,1,6,-11.9047619047619,3,"Boston, Massachusetts, United States",US,USMA,MA025,42.3584,-71.0598,617565,1,China,CH,CH,,35.0,105.0,CH,1,China,CH,CH,,35.0,105.0,CH,20191001203000,Disapprove,Verbal conflict
876646149,20191001,201910,USAEDU,MIAMI,USA,,,,,EDU,,,CHN,CHINESE,CHN,,,,,,,,1,051,051,05,1,3.4,6,1,6,11.6666666666667,3,"Miami, Florida, United States",US,USFL,FL086,25.7743,-80.1937,295004,1,China,CH,CH,,35.0,105.0,CH,1,China,CH,CH,,35.0,105.0,CH,20191001204500,Engage in diplomatic cooperation,Verbal cooperation
876648290,20191001,201910,USAMED,ASSOCIATED PRESS,USA,,,,,MED,,,CHNGOV,XI JINPING,CHN,,,,,GOV,,,1,051,051,05,1,3.4,8,1,8,-3.65853658536585,4,"Beijing, Beijing, China",CH,CH22,13001,39.9289,116.388,-1898541,4,"Beijing, Beijing, China",CH,CH22,13001,39.9289,116.388,-1898541,4,"Beijing, Beijing, China",CH,CH22,13001,39.9289,116.388,-1898541,20191001210000,Engage in diplomatic cooperation,Verbal cooperation
876649289,20191001,201910,CHN,CHINA,CHN,,,,,,,,USA,UNITED STATES,USA,,,,,,,,1,017,017,01,1,0.0,20,2,20,1.07361963190184,1,China,CH,CH,,35.0,105.0,CH,1,China,CH,CH,,35.0,105.0,CH,1,China,CH,CH,,35.0,105.0,CH,20191001211500,Make public statement,Verbal cooperation
876649292,20191001,201910,CHN,CANTON,CHN,,,,,,,,USAEDU,LAWRENCE,USA,,,,,EDU,,,1,036,036,03,1,4.0,10,1,10,2.20820189274448,1,China,CH,CH,,35.0,105.0,CH,2,"Oklahoma, United States",US,USOK,,35.5376,-96.9247,OK,2,"Oklahoma, United States",US,USOK,,35.5376,-96.9247,OK,20191001211500,Express intent to cooperate,Verbal cooperation
876649293,20191001,201910,CHN,CANTON,CHN,,,,,,,,USAEDU,LAWRENCE,USA,,,,,EDU,,,1,042,042,04,1,1.9,10,1,10,2.20820189274448,2,"California, United States",US,USCA,,36.17,-119.746,CA,2,"California, United States",US,USCA,,36.17,-119.746,CA,2,"California, United States",US,USCA,,36.17,-119.746,CA,20191001211500,Consult,Verbal cooperation
876649296,20191001,201910,CHNBUS,CHINESE,CHN,,,,,BUS,,,USA,UNITED STATES,USA,,,,,,,,1,0311,031,03,1,5.2,6,1,6,0.7380073800738,1,China,CH,CH,,35.0,105.0,CH,3,"World Bank, District of Columbia, United States",US,USDC,,38.899,-77.0422,2002658,1,China,CH,CH,,35.0,105.0,CH,20191001211500,Express intent to cooperate,Verbal cooperation
876649298,20191001,201910,CHNBUS,CHINESE,CHN,,,,,BUS,,,USA,UNITED STATES,USA,,,,,,,,1,071,071,07,2,7.4,6,1,6,0.7380073800738,1,China,CH,CH,,35.0,105.0,CH,3,"World Bank, District of Columbia, United States",US,USDC,,38.899,-77.0422,2002658,1,China,CH,CH,,35.0,105.0,CH,20191001211500,Provide aid,Material cooperation
876650420,20191001,201910,USAEDU,LAWRENCE,USA,,,,,EDU,,,CHN,CANTON,CHN,,,,,,,,1,036,036,03,1,4.0,10,1,10,2.20820189274448,2,"Oklahoma, United States",US,USOK,,35.5376,-96.9247,OK,1,China,CH,CH,,35.0,105.0,CH,2,"Oklahoma, United States",US,USOK,,35.5376,-96.9247,OK,20191001211500,Express intent to cooperate,Verbal cooperation
876650421,20191001,201910,USAEDU,LAWRENCE,USA,,,,,EDU,,,CHN,CANTON,CHN,,,,,,,,1,043,043,04,1,2.8,10,1,10,2.20820189274448,2,"Oklahoma, United States",US,USOK,,35.5376,-96.9247,OK,1,China,CH,CH,,35.0,105.0,CH,2,"Oklahoma, United States",US,USOK,,35.5376,-96.9247,OK,20191001211500,Consult,Verbal cooperation
876651761,20191001,201910,CHN,CHINA,CHN,,,,,,,,USA,UNITED STATES,USA,,,,,,,,1,030,030,03,1,4.0,8,1,8,0.34071550255536,4,"Tiananmen Square, Beijing, China",CH,CH22,13001,39.9044,116.391,9244097,2,"New York, United States",US,USNY,,42.1497,-74.9384,NY,4,"Tiananmen Square, Beijing, China",CH,CH22,13001,39.9044,116.391,9244097,20191001213000,Express intent to cooperate,Verbal cooperation
876651763,20191001,201910,CHN,CHINA,CHN,,,,,,,,USA,UNITED STATES,USA,,,,,,,,1,046,046,04,1,7.0,8,1,8,0.34071550255536,4,"Tiananmen Square, Beijing, China",CH,CH22,13001,39.9044,116.391,9244097,2,"New York, United States",US,USNY,,42.1497,-74.9384,NY,2,"New York, United States",US,USNY,,42.1497,-74.9384,NY,20191001213000,Consult,Verbal cooperation
876651765,20191001,201910,CHN,CHINA,CHN,,,,,,,,USA,UNITED STATES,USA,,,,,,,,1,060,060,06,2,6.0,6,1,6,0.34071550255536,4,"Tiananmen Square, Beijing, China",CH,CH22,13001,39.9044,116.391,9244097,2,"New York, United States",US,USNY,,42.1497,-74.9384,NY,2,"New York, United States",US,USNY,,42.1497,-74.9384,NY,20191001213000,Engage in material cooperation,Material cooperation
876652862,20191001,201910,USA,UNITED STATES,USA,,,,,,,,CHN,CHINA,CHN,,,,,,,,1,030,030,03,1,4.0,8,1,8,0.34071550255536,2,"New York, United States",US,USNY,,42.1497,-74.9384,NY,4,"Tiananmen Square, Beijing, China",CH,CH22,13001,39.9044,116.391,9244097,4,"Tiananmen Square, Beijing, China",CH,CH22,13001,39.9044,116.391,9244097,20191001213000,Express intent to cooperate,Verbal cooperation
876653122,20191001,201910,USAMED,WALL STREET JOURNAL,USA,,,,,MED,,,CHN,BEIJING,CHN,,,,,,,,1,130,130,13,3,-4.4,10,1,10,-2.20820189274448,4,"Beijing, Beijing, China",CH,CH22,13001,39.9289,116.388,-1898541,4,"Beijing, Beijing, China",CH,CH22,13001,39.9289,116.388,-1898541,4,"Beijing, Beijing, China",CH,CH22,13001,39.9289,116.388,-1898541,20191001213000,Threaten,Verbal conflict
876654155,20191001,201910,CHN,CHINESE,CHN,,,,,,,,USA,AMERICAN,USA,,,,,,,,1,020,020,02,1,3.0,7,1,7,-1.75438596491228,1,China,CH,CH,,35.0,105.0,CH,1,United States,US,US,,39.828175,-98.5795,US,1,United States,US,US,,39.828175,-98.5795,US,20191001214500,Appeal,Verbal cooperation
876658074,20191001,201910,USA,A US,USA,,,,,,,,CHN,CHINA,CHN,,,,,,,,1,084,084,08,2,7.0,20,1,20,-1.5625,3,"Washington, District of Columbia, United States",US,USDC,DC001,38.8951,-77.0364,531871,1,China,CH,CH,,35.0,105.0,CH,3,"Washington, District of Columbia, United States",US,USDC,DC001,38.8951,-77.0364,531871,20191001220000,Yield,Material cooperation
876658840,20190924,201909,USA,UNITED STATES,USA,,,,,,,,CHN,CHINA,CHN,,,,,,,,1,163,163,16,4,-8.0,20,1,20,-3.34128878281623,1,South Korea,KS,KS,,37.0,127.5,KS,1,South Korea,KS,KS,,37.0,127.5,KS,1,South Korea,KS,KS,,37.0,127.5,KS,20191001221500,Reduce relations,Material conflict
876661279,20191001,201910,CHN,CANTON,CHN,,,,,,,,USA,UNITED STATES,USA,,,,,,,,1,051,051,05,1,3.4,7,1,7,3.7037037037037,2,"New York, United States",US,USNY,,42.1497,-74.9384,NY,2,"New York, United States",US,USNY,,42.1497,-74.9384,NY,2,"New York, United States",US,USNY,,42.1497,-74.9384,NY,20191001223000,Engage in diplomatic cooperation,Verbal cooperation
876668872,20191001,201910,USA,AMERICAN,USA,,,,,,,,CHN,BEIJING,CHN,,,,,,,,1,1125,112,11,3,-2.0,8,1,8,-5.15653775322284,3,"San Francisco, California, United States",US,USCA,CA075,37.7749,-122.419,277593,4,"Beijing, Beijing, China",CH,CH22,13001,39.9289,116.388,-1898541,3,"San Francisco, California, United States",US,USCA,,37.7749,-122.419,277593,20191001231500,Disapprove,Verbal conflict
876671763,20191001,201910,CHN,CHINA,CHN,,,,,,,,USAMIL,UNITED STATES,USA,,,,,MIL,,,1,100,100,10,3,-5.0,8,1,8,1.55844155844155,1,China,CH,CH,,35.0,105.0,CH,3,"Washington, District of Columbia, United States",US,USDC,DC001,38.8951,-77.0364,531871,3,"Washington, District of Columbia, United States",US,USDC,DC001,38.8951,-77.0364,531871,20191001234500,Demand,Verbal conflict
876674199,20191002,201910,CHN,CHINA,CHN,,,,,,,,USA,UNITED STATES,USA,,,,,,,,1,017,017,01,1,0.0,10,1,10,1.07361963190184,1,China,CH,CH,,35.0,105.0,CH,1,China,CH,CH,,35.0,105.0,CH,1,China,CH,CH,,35.0,105.0,CH,20191002000000,Make public statement,Verbal cooperation
876679488,20191002,201910,CHN,CHINA,CHN,,,,,,,,USA,AMERICAN,USA,,,,,,,,1,061,061,06,2,6.4,6,1,6,-4.28954423592494,4,"Beijing, Beijing, China",CH,CH22,13001,39.9289,116.388,-1898541,2,"Iowa, United States",US,USIA,,42.0046,-93.214,IA,4,"Beijing, Beijing, China",CH,CH22,13001,39.9289,116.388,-1898541,20191002001500,Engage in material cooperation,Material cooperation
876683046,20190925,201909,USA,UNITED STATES,USA,,,,,,,,CHN,CHINA,CHN,,,,,,,,1,163,163,16,4,-8.0,10,1,10,-3.64963503649635,1,South Korea,KS,KS,,37.0,127.5,KS,1,South Korea,KS,KS,,37.0,127.5,KS,1,South Korea,KS,KS,,37.0,127.5,KS,20191002003000,Reduce relations,Material conflict
876683709,20191002,201910,CHN,CHINA,CHN,,,,,,,,USA,UNITED STATES,USA,,,,,,,,1,013,013,01,1,0.4,10,1,10,1.22699386503068,1,China,CH,CH,,35.0,105.0,CH,1,United States,US,US,,39.828175,-98.5795,US,1,United States,US,US,,39.828175,-98.5795,US,20191002003000,Make public statement,Verbal cooperation
876683710,20191002,201910,CHN,CHINA,CHN,,,,,,,,USAGOV,THE US,USA,,,,,GOV,,,1,043,043,04,1,2.8,10,1,10,3.03030303030303,1,China,CH,CH,,35.0,105.0,CH,4,"Islamabad, Islamabad, Pakistan",PK,PK08,23674,33.7,73.1667,-2762812,1,China,CH,CH,,35.0,105.0,CH,20191002003000,Consult,Verbal cooperation
876685654,20191002,201910,USAGOV,THE US,USA,,,,,GOV,,,CHN,CHINA,CHN,,,,,,,,1,042,042,04,1,1.9,10,1,10,3.03030303030303,4,"Islamabad, Islamabad, Pakistan",PK,PK08,23674,33.7,73.1667,-2762812,1,China,CH,CH,,35.0,105.0,CH,1,China,CH,CH,,35.0,105.0,CH,20191002003000,Consult,Verbal cooperation
876695961,20191002,201910,CHN,CHINA,CHN,,,,,,,,USACVL,HERITAGE FOUNDATION,USA,,,,,CVL,,,1,046,046,04,1,7.0,10,1,10,-3.89344262295082,1,China,CH,CH,,35.0,105.0,CH,1,China,CH,CH,,35.0,105.0,CH,1,China,CH,CH,,35.0,105.0,CH,20191002013000,Consult,Verbal cooperation
876697386,20191002,201910,USACVL,HERITAGE FOUNDATION,USA,,,,,CVL,,,CHN,CHINA,CHN,,,,,,,,1,046,046,04,1,7.0,10,1,10,-3.89344262295082,1,China,CH,CH,,35.0,105.0,CH,1,China,CH,CH,,35.0,105.0,CH,1,China,CH,CH,,35.0,105.0,CH,20191002013000,Consult,Verbal cooperation
876702799,20191002,201910,CHN,CHINA,CHN,,,,,,,,USA,WASHINGTON,USA,,,,,,,,1,012,012,01,1,-0.4,7,1,7,0.35545023696682,4,"Nanyang, Henan, China",CH,CH09,13102,33.8302,112.486,10541456,4,"Nanyang, Henan, China",CH,CH09,13102,33.8302,112.486,10541456,4,"Nanyang, Henan, China",CH,CH09,13102,33.8302,112.486,10541456,20191002021500,Make public statement,Verbal cooperation
876704165,20191002,201910,USAMED,WALL STREET JOURNAL,USA,,,,,MED,,,CHN,BEIJING,CHN,,,,,,,,1,130,130,13,3,-4.4,10,1,10,-2.75689223057644,4,"Beijing, Beijing, China",CH,CH22,13001,39.9289,116.388,-1898541,4,"Beijing, Beijing, China",CH,CH22,13001,39.9289,116.388,-1898541,4,"Beijing, Beijing, China",CH,CH22,13001,39.9289,116.388,-1898541,20191002021500,Threaten,Verbal conflict
876705664,20191002,201910,CHN,CHINA,CHN,,,,,,,,USA,UNITED STATES,USA,,,,,,,,1,110,110,11,3,-2.0,8,1,8,-3.51351351351352,1,China,CH,CH,,35.0,105.0,CH,2,"Maine, United States",US,USME,,44.6074,-69.3977,ME,1,China,CH,CH,,35.0,105.0,CH,20191002023000,Disapprove,Verbal conflict
876706700,20191002,201910,USA,UNITED STATES,USA,,,,,,,,CHN,CHINA,CHN,,,,,,,,1,110,110,11,3,-2.0,10,1,10,-3.51351351351352,2,"Maine, United States",US,USME,,44.6074,-69.3977,ME,2,"Maine, United States",US,USME,,44.6074,-69.3977,ME,2,"Maine, United States",US,USME,,44.6074,-69.3977,ME,20191002023000,Disapprove,Verbal conflict
876706701,20191002,201910,USA,LAWRENCE,USA,,,,,,,,CHN,CHINA,CHN,,,,,,,,1,112,112,11,3,-2.0,8,1,8,0.61349693251534,1,China,CH,CH,,35.0,105.0,CH,1,China,CH,CH,,35.0,105.0,CH,1,China,CH,CH,,35.0,105.0,CH,20191002023000,Disapprove,Verbal conflict
876707264,20191002,201910,CHN,CHINA,CHN,,,,,,,,USA,UNITED STATES,USA,,,,,,,,1,061,061,06,2,6.4,8,1,8,4.36046511627907,1,China,CH,CH,,35.0,105.0,CH,1,United States,US,US,,39.828175,-98.5795,US,1,United States,US,US,,39.828175,-98.5795,US,20191002024500,Engage in material cooperation,Material cooperation
876708121,20191002,201910,USA,UNITED STATES,USA,,,,,,,,CHN,CHINA,CHN,,,,,,,,1,061,061,06,2,6.4,10,1,10,4.36046511627907,1,Canada,CA,CA,,60.0,-96.0,CA,1,Canada,CA,CA,,60.0,-96.0,CA,1,Canada,CA,CA,,60.0,-96.0,CA,20191002024500,Engage in material cooperation,Material cooperation
876714879,20191002,201910,USA,UNITED STATES,USA,,,,,,,,CHNBUS,CHINESE,CHN,,,,,BUS,,,1,071,071,07,2,7.4,8,1,8,-1.27118644067797,1,Japan,JA,JA,,36.0,138.0,JA,1,Japan,JA,JA,,36.0,138.0,JA,1,Japan,JA,JA,,36.0,138.0,JA,20191002033000,Provide aid,Material cooperation
876716704,20191002,201910,CHN,SHANGHAI,CHN,,,,,,,,USA,WASHINGTON,USA,,,,,,,,1,043,043,04,1,2.8,20,1,20,0.67949305237441,4,"Shanghai, Shanghai, China",CH,CH23,13243,31.2222,121.458,-1924465,3,"Washington, District of Columbia, United States",US,USDC,DC001,38.8951,-77.0364,531871,4,"Shanghai, Shanghai, China",CH,CH23,13243,31.2222,121.458,-1924465,20191002034500,Consult,Verbal cooperation
876717623,20191002,201910,USA,WASHINGTON,USA,,,,,,,,CHN,SHANGHAI,CHN,,,,,,,,1,042,042,04,1,1.9,20,1,20,0.67949305237441,3,"Washington, District of Columbia, United States",US,USDC,DC001,38.8951,-77.0364,531871,4,"Shanghai, Shanghai, China",CH,CH23,13243,31.2222,121.458,-1924465,4,"Shanghai, Shanghai, China",CH,CH23,13243,31.2222,121.458,-1924465,20191002034500,Consult,Verbal cooperation
876717627,20191002,201910,USA,WASHINGTON,USA,,,,,,,,CHN,SHANGHAI,CHN,,,,,,,,1,180,180,18,4,-9.0,20,1,20,0.67949305237441,3,"Washington, District of Columbia, United States",US,USDC,DC001,38.8951,-77.0364,531871,4,"Shanghai, Shanghai, China",CH,CH23,13243,31.2222,121.458,-1924465,4,"Shanghai, Shanghai, China",CH,CH23,13243,31.2222,121.458,-1924465,20191002034500,Assault,Material conflict
876717628,20191002,201910,USA,WASHINGTON,USA,,,,,,,,CHN,SHANGHAI,CHN,,,,,,,,1,190,190,19,4,-10.0,10,1,10,2.25988700564972,4,"Shanghai, Shanghai, China",CH,CH23,13243,31.2222,121.458,-1924465,4,"Shanghai, Shanghai, China",CH,CH23,13243,31.2222,121.458,-1924465,4,"Shanghai, Shanghai, China",CH,CH23,13243,31.2222,121.458,-1924465,20191002034500,Fight,Material conflict
876718636,20191002,201910,CHN,CHINA,CHN,,,,,,,,USA,PHILADELPHIA,USA,,,,,,,,1,043,043,04,1,2.8,9,1,9,4.6875,4,"Guan Xia, Jiangxi, China",CH,CH03,13164,28.8217,115.152,-1907308,3,"Philadelphia, Pennsylvania, United States",US,USPA,PA101,39.9523,-75.1638,1209052,3,"Philadelphia, Pennsylvania, United States",US,USPA,PA101,39.9523,-75.1638,1209052,20191002040000,Consult,Verbal cooperation
876719319,20191002,201910,USA,PROVIDENCE,USA,,,,,,,,CHN,CHINA,CHN,,,,,,,,1,012,012,01,1,-0.4,10,1,10,-2.64900662251655,1,Ireland,EI,EI,,53.0,-8.0,EI,1,Ireland,EI,EI,,53.0,-8.0,EI,1,Ireland,EI,EI,,53.0,-8.0,EI,20191002040000,Make public statement,Verbal cooperation
876719320,20191002,201910,USA,OHIO,USA,,,,,,,,CHN,CANTON,CHN,,,,,,,,1,030,030,03,1,4.0,10,1,10,-4.96732026143791,2,"Ohio, United States",US,USOH,,40.3736,-82.7755,OH,2,"Ohio, United States",US,USOH,,40.3736,-82.7755,OH,2,"Ohio, United States",US,USOH,,40.3736,-82.7755,OH,20191002040000,Express intent to cooperate,Verbal cooperation
876719321,20191002,201910,USA,PHILADELPHIA,USA,,,,,,,,CHN,CHINA,CHN,,,,,,,,1,042,042,04,1,1.9,9,1,9,4.6875,3,"Philadelphia, Pennsylvania, United States",US,USPA,PA101,39.9523,-75.1638,1209052,4,"Guan Xia, Jiangxi, China",CH,CH03,13164,28.8217,115.152,-1907308,3,"Philadelphia, Pennsylvania, United States",US,USPA,PA101,39.9523,-75.1638,1209052,20191002040000,Consult,Verbal cooperation
876719322,20191002,201910,USA,NEW YORK,USA,,,,,,,,CHN,CHINA,CHN,,,,,,,,1,051,051,05,1,3.4,10,1,10,4.6875,4,"Guan Xia, Jiangxi, China",CH,CH03,13164,28.8217,115.152,-1907308,4,"Guan Xia, Jiangxi, China",CH,CH03,13164,28.8217,115.152,-1907308,4,"Guan Xia, Jiangxi, China",CH,CH03,13164,28.8217,115.152,-1907308,20191002040000,Engage in diplomatic cooperation,Verbal cooperation
876719324,20191002,201910,USA,PROVIDENCE,USA,,,,,,,,CHN,CHINESE,CHN,,,,,,,,1,071,071,07,2,7.4,7,1,7,1.5625,4,"Dublin, Dublin, Ireland",EI,EI07,18288,53.3331,-6.24889,-1502554,1,United Kingdom,UK,UK,,54.0,-4.0,UK,1,United Kingdom,UK,UK,,54.0,-4.0,UK,20191002040000,Provide aid,Material cooperation
876720253,20191002,201910,CHN,CHINA,CHN,,,,,,,,USA,UNITED STATES,USA,,,,,,,,1,110,110,11,3,-2.0,8,1,8,-4.77707006369427,1,China,CH,CH,,35.0,105.0,CH,1,United States,US,US,,39.828175,-98.5795,US,1,China,CH,CH,,35.0,105.0,CH,20191002041500,Disapprove,Verbal conflict
876720991,20191002,201910,USA,UNITED STATES,USA,,,,,,,,CHN,CHINA,CHN,,,,,,,,1,110,110,11,3,-2.0,6,1,6,-4.77707006369427,4,"Berlin, Berlin, Germany",GM,GM16,16538,52.5167,13.4,-1746443,4,"Berlin, Berlin, Germany",GM,GM16,16538,52.5167,13.4,-1746443,4,"Berlin, Berlin, Germany",GM,GM16,16538,52.5167,13.4,-1746443,20191002041500,Disapprove,Verbal conflict
876726692,20191002,201910,CHN,CHINESE,CHN,,,,,,,,USAGOV,THE US,USA,,,,,GOV,,,1,190,190,19,4,-10.0,20,1,10,-0.32967032967033,1,China,CH,CH,,35.0,105.0,CH,1,China,CH,CH,,35.0,105.0,CH,1,China,CH,CH,,35.0,105.0,CH,20191002050000,Fight,Material conflict
876727807,20191002,201910,USAGOV,THE US,USA,,,,,GOV,,,CHN,CHINESE,CHN,,,,,,,,1,190,190,19,4,-10.0,10,1,10,-0.32967032967033,1,China,CH,CH,,35.0,105.0,CH,1,China,CH,CH,,35.0,105.0,CH,1,China,CH,CH,,35.0,105.0,CH,20191002050000,Fight,Material conflict
876727809,20191002,201910,USAGOV,THE US,USA,,,,,GOV,,,CHN,CHINESE,CHN,,,,,,,,1,190,190,19,4,-10.0,8,1,8,-0.32967032967033,1,United States,US,US,,39.828175,-98.5795,US,1,United States,US,US,,39.828175,-98.5795,US,1,United States,US,US,,39.828175,-98.5795,US,20191002050000,Fight,Material conflict
876728960,20191002,201910,USA,UNITED STATES,USA,,,,,,,,CHN,CHINESE,CHN,,,,,,,,1,113,113,11,3,-2.0,10,1,10,-4.44444444444444,4,"Xinjiang, Jiangxi, China",CH,CH03,13167,27.7481,116.274,11065838,4,"Xinjiang, Jiangxi, China",CH,CH03,13167,27.7481,116.274,11065838,4,"Xinjiang, Jiangxi, China",CH,CH03,13167,27.7481,116.274,11065838,20191002051500,Disapprove,Verbal conflict
876730829,20191002,201910,CHN,CHINESE,CHN,,,,,,,,USA,UNITED STATES,USA,,,,,,,,1,013,013,01,1,0.4,10,1,10,-1.5,4,"Peking, Beijing, China",CH,CH22,13001,39.9289,116.388,-1898541,1,United States,US,US,,39.828175,-98.5795,US,4,"Peking, Beijing, China",CH,CH22,13001,39.9289,116.388,-1898541,20191002053000,Make public statement,Verbal cooperation
876730830,20191002,201910,CHN,CHINA,CHN,,,,,,,,USA,UNITED STATES,USA,,,,,,,,1,040,040,04,1,1.0,10,1,10,-1.5,4,"Peking, Beijing, China",CH,CH22,13001,39.9289,116.388,-1898541,4,"Peking, Beijing, China",CH,CH22,13001,39.9289,116.388,-1898541,4,"Peking, Beijing, China",CH,CH22,13001,39.9289,116.388,-1898541,20191002053000,Consult,Verbal cooperation
876730832,20191002,201910,CHN,CHINESE,CHN,,,,,,,,USA,UNITED STATES,USA,,,,,,,,1,154,154,15,4,-7.2,6,1,6,-1.5,4,"Peking, Beijing, China",CH,CH22,13001,39.9289,116.388,-1898541,1,United States,US,US,,39.828175,-98.5795,US,1,United States,US,US,,39.828175,-98.5795,US,20191002053000,Exhibit force posture,Material conflict
876732003,20191002,201910,USA,UNITED STATES,USA,,,,,,,,CHN,CHINA,CHN,,,,,,,,1,040,040,04,1,1.0,10,1,10,-1.5,1,United States,US,US,,39.828175,-98.5795,US,4,"Peking, Beijing, China",CH,CH22,13001,39.9289,116.388,-1898541,4,"Peking, Beijing, China",CH,CH22,13001,39.9289,116.388,-1898541,20191002053000,Consult,Verbal cooperation
876734759,20191002,201910,CHN,CHINA,CHN,,,,,,,,USAMED,REUTERS,USA,,,,,MED,,,1,017,017,01,1,0.0,8,1,8,2.63157894736842,4,"Tiananmen Square, Beijing, China",CH,CH22,13001,39.9044,116.391,9244097,4,"Beijing, Beijing, China",CH,CH22,13001,39.9289,116.388,-1898541,4,"Tiananmen Square, Beijing, China",CH,CH22,13001,39.9044,116.391,9244097,20191002060000,Make public statement,Verbal cooperation
876735689,20191002,201910,USA,UNITED STATES,USA,,,,,,,,CHNBUS,DALIAN,CHN,,,,,BUS,,,1,163,163,16,4,-8.0,10,1,10,-3.7821482602118,4,"Moscow, Moskva, Russia",RS,RS48,25106,55.7522,37.6156,-2960561,4,"Moscow, Moskva, Russia",RS,RS48,25106,55.7522,37.6156,-2960561,4,"Moscow, Moskva, Russia",RS,RS48,25106,55.7522,37.6156,-2960561,20191002060000,Reduce relations,Material conflict
876736940,20191002,201910,CHNBUS,CHINA,CHN,,,,,BUS,,,MNCUSABUS,SEMPRA ENERGY,USA,,,,,MNC,BUS,,1,057,057,05,1,8.0,10,1,10,0.0,1,China,CH,CH,,35.0,105.0,CH,1,China,CH,CH,,35.0,105.0,CH,1,China,CH,CH,,35.0,105.0,CH,20191002061500,Engage in diplomatic cooperation,Verbal cooperation
876737538,20191002,201910,MNCUSABUS,SEMPRA ENERGY,USA,,,,,MNC,BUS,,CHNBUS,CHINA,CHN,,,,,BUS,,,1,020,020,02,1,3.0,10,1,10,0.0,1,China,CH,CH,,35.0,105.0,CH,1,China,CH,CH,,35.0,105.0,CH,1,China,CH,CH,,35.0,105.0,CH,20191002061500,Appeal,Verbal cooperation
876737539,20191002,201910,MNCUSABUS,SEMPRA ENERGY,USA,,,,,MNC,BUS,,CHNBUS,CHINA,CHN,,,,,BUS,,,1,057,057,05,1,8.0,10,1,10,0.0,1,China,CH,CH,,35.0,105.0,CH,1,China,CH,CH,,35.0,105.0,CH,1,China,CH,CH,,35.0,105.0,CH,20191002061500,Engage in diplomatic cooperation,Verbal cooperation
876743840,20191002,201910,CHN,CHINA,CHN,,,,,,,,USA,THE US,USA,,,,,,,,1,036,036,03,1,4.0,10,1,10,-1.13636363636364,1,China,CH,CH,,35.0,105.0,CH,1,China,CH,CH,,35.0,105.0,CH,1,China,CH,CH,,35.0,105.0,CH,20191002070000,Express intent to cooperate,Verbal cooperation
876743843,20191002,201910,CHN,CHINA,CHN,,,,,,,,USA,THE US,USA,,,,,,,,1,046,046,04,1,7.0,10,1,10,-1.13636363636364,1,China,CH,CH,,35.0,105.0,CH,1,China,CH,CH,,35.0,105.0,CH,1,China,CH,CH,,35.0,105.0,CH,20191002070000,Consult,Verbal cooperation
876745051,20191002,201910,USA,THE US,USA,,,,,,,,CHN,CHINA,CHN,,,,,,,,1,036,036,03,1,4.0,10,1,10,-1.13636363636364,1,China,CH,CH,,35.0,105.0,CH,1,China,CH,CH,,35.0,105.0,CH,1,China,CH,CH,,35.0,105.0,CH,20191002070000,Express intent to cooperate,Verbal cooperation
876745054,20191002,201910,USA,WASHINGTON,USA,,,,,,,,CHN,CHINESE,CHN,,,,,,,,1,051,051,05,1,3.4,6,1,6,2.47524752475248,3,"Washington, District of Columbia, United States",US,USDC,DC001,38.8951,-77.0364,531871,1,China,CH,CH,,35.0,105.0,CH,1,China,CH,CH,,35.0,105.0,CH,20191002070000,Engage in diplomatic cooperation,Verbal cooperation
876745058,20191002,201910,USA,PHILADELPHIA,USA,,,,,,,,CHN,CHINESE,CHN,,,,,,,,1,051,051,05,1,3.4,6,1,6,2.47524752475248,1,China,CH,CH,,35.0,105.0,CH,1,China,CH,CH,,35.0,105.0,CH,1,China,CH,CH,,35.0,105.0,CH,20191002070000,Engage in diplomatic cooperation,Verbal cooperation
876746589,20191002,201910,CHN,CHINA,CHN,,,,,,,,USA,UNITED STATES,USA,,,,,,,,1,017,017,01,1,0.0,10,1,10,1.11111111111111,1,Australia,AS,AS,,-25.0,135.0,AS,1,China,CH,CH,,35.0,105.0,CH,1,Australia,AS,AS,,-25.0,135.0,AS,20191002071500,Make public statement,Verbal cooperation
876755184,20191002,201910,CHN,CHINA,CHN,,,,,,,,USAMIL,UNITED STATES,USA,,,,,MIL,,,1,100,100,10,3,-5.0,8,1,8,1.79310344827586,1,China,CH,CH,,35.0,105.0,CH,3,"Washington, District of Columbia, United States",US,USDC,DC001,38.8951,-77.0364,531871,3,"Washington, District of Columbia, United States",US,USDC,DC001,38.8951,-77.0364,531871,20191002080000,Demand,Verbal conflict
876756693,20191002,201910,CHN,CHINA,CHN,,,,,,,,USA,ORLANDO,USA,,,,,,,,1,042,042,04,1,1.9,10,1,10,4.07649723200805,2,"Florida, United States",US,USFL,,27.8333,-81.717,FL,2,"Florida, United States",US,USFL,,27.8333,-81.717,FL,2,"Florida, United States",US,USFL,,27.8333,-81.717,FL,20191002081500,Consult,Verbal cooperation
876757608,20191002,201910,USA,ORLANDO,USA,,,,,,,,CHN,CHINA,CHN,,,,,,,,1,043,043,04,1,2.8,10,1,10,4.07649723200805,3,"Orlando, Florida, United States",US,USFL,FL095,28.5383,-81.3792,288240,4,"Shanghai, Shanghai, China",CH,CH23,13243,31.2222,121.458,-1924465,3,"Orlando, Florida, United States",US,USFL,FL095,28.5383,-81.3792,288240,20191002081500,Consult,Verbal cooperation
876761704,20191002,201910,CHN,CHINA,CHN,,,,,,,,USA,UNITED STATES,USA,,,,,,,,1,040,040,04,1,1.0,8,1,8,3.67647058823529,1,China,CH,CH,,35.0,105.0,CH,1,United States,US,US,,39.828175,-98.5795,US,1,Pakistan,PK,PK,,30.0,70.0,PK,20191002084500,Consult,Verbal cooperation
876762809,20191002,201910,USA,UNITED STATES,USA,,,,,,,,CHN,CHINA,CHN,,,,,,,,1,040,040,04,1,1.0,8,1,8,3.67647058823529,1,United States,US,US,,39.828175,-98.5795,US,1,China,CH,CH,,35.0,105.0,CH,1,Pakistan,PK,PK,,30.0,70.0,PK,20191002084500,Consult,Verbal cooperation
876764205,20190925,201909,USA,UNITED STATES,USA,,,,,,,,CHN,CHINA,CHN,,,,,,,,1,163,163,16,4,-8.0,30,1,30,-3.89576302414856,2,"Texas, United States",US,USTX,,31.106,-97.6475,TX,2,"Texas, United States",US,USTX,,31.106,-97.6475,TX,2,"Texas, United States",US,USTX,,31.106,-97.6475,TX,20191002090000,Reduce relations,Material conflict
876767212,20191002,201910,CHN,CHINESE,CHN,,,,,,,,USA,MIAMI,USA,,,,,,,,1,042,042,04,1,1.9,24,3,24,4.93180138412954,4,"Zigong, Sichuan, China",CH,CH32,13263,29.3416,104.777,-1939828,3,"Miami, Florida, United States",US,USFL,FL086,25.7743,-80.1937,295004,4,"Zigong, Sichuan, China",CH,CH32,13263,29.3416,104.777,-1939828,20191002091500,Consult,Verbal cooperation
876768256,20191002,201910,USA,MIAMI,USA,,,,,,,,CHN,CHINESE,CHN,,,,,,,,1,043,043,04,1,2.8,24,3,24,4.93180138412954,4,"Zigong, Sichuan, China",CH,CH32,13263,29.3416,104.777,-1939828,3,"Miami, Florida, United States",US,USFL,FL086,25.7743,-80.1937,295004,3,"Miami, Florida, United States",US,USFL,FL086,25.7743,-80.1937,295004,20191002091500,Consult,Verbal cooperation
876770019,20191002,201910,CHN,CHINESE,CHN,,,,,,,,USA,AMERICAN,USA,,,,,,,,1,010,010,01,1,0.0,8,1,8,0.32679738562092,2,"Massachusetts, United States",US,USMA,,42.2373,-71.5314,MA,2,"Massachusetts, United States",US,USMA,,42.2373,-71.5314,MA,2,"Massachusetts, United States",US,USMA,,42.2373,-71.5314,MA,20191002093000,Make public statement,Verbal cooperation
876770020,20191002,201910,CHN,CHINESE,CHN,,,,,,,,USA,AMERICAN,USA,,,,,,,,1,051,051,05,1,3.4,8,1,8,0.32679738562092,1,China,CH,CH,,35.0,105.0,CH,3,"Harvard University, Massachusetts, United States",US,USMA,,42.3784,-71.1164,618399,3,"Harvard University, Massachusetts, United States",US,USMA,,42.3784,-71.1164,618399,20191002093000,Engage in diplomatic cooperation,Verbal cooperation
876771145,20191002,201910,USA,MIAMI,USA,,,,,,,,CHN,CHINESE,CHN,,,,,,,,1,043,043,04,1,2.8,10,1,10,5.80645161290323,3,"Miami, Florida, United States",US,USFL,FL086,25.7743,-80.1937,295004,3,"Miami, Florida, United States",US,USFL,FL086,25.7743,-80.1937,295004,3,"Miami, Florida, United States",US,USFL,FL086,25.7743,-80.1937,295004,20191002093000,Consult,Verbal cooperation
876771146,20191002,201910,USA,AMERICAN,USA,,,,,,,,CHN,CHINESE,CHN,,,,,,,,1,111,111,11,3,-2.0,6,1,6,2.03045685279188,1,United States,US,US,,39.828175,-98.5795,US,1,China,CH,CH,,35.0,105.0,CH,1,China,CH,CH,,35.0,105.0,CH,20191002093000,Disapprove,Verbal conflict
876778154,20191002,201910,USA,THE US,USA,,,,,,,,CHN,CHINA,CHN,,,,,,,,1,012,012,01,1,-0.4,10,1,10,-4.0,1,Canada,CA,CA,,60.0,-96.0,CA,1,Canada,CA,CA,,60.0,-96.0,CA,1,Canada,CA,CA,,60.0,-96.0,CA,20191002100000,Make public statement,Verbal cooperation
876778858,20191002,201910,CHN,CHINESE,CHN,,,,,,,,USA,NEW YORK,USA,,,,,,,,1,051,051,05,1,3.4,8,1,8,4.5016077170418,1,China,CH,CH,,35.0,105.0,CH,1,China,CH,CH,,35.0,105.0,CH,1,China,CH,CH,,35.0,105.0,CH,20191002101500,Engage in diplomatic cooperation,Verbal cooperation
876780121,20191002,201910,USA,NEW YORK,USA,,,,,,,,CHN,CHINA,CHN,,,,,,,,1,050,050,05,1,3.5,6,1,6,4.5016077170418,2,"New York, United States",US,USNY,,42.1497,-74.9384,NY,1,China,CH,CH,,35.0,105.0,CH,1,China,CH,CH,,35.0,105.0,CH,20191002101500,Engage in diplomatic cooperation,Verbal cooperation
876792089,20191001,201910,CHN,CHINA,CHN,,,,,,,,USA,UNITED STATES OF AMERICA,USA,,,,,,,,1,017,017,01,1,0.0,8,1,8,-4.29184549356224,1,China,CH,CH,,35.0,105.0,CH,1,United States,US,US,,39.828175,-98.5795,US,1,China,CH,CH,,35.0,105.0,CH,20191002111500,Make public statement,Verbal cooperation
876792505,20191002,201910,CHN,CHINESE,CHN,,,,,,,,USA,AMERICAN,USA,,,,,,,,1,013,013,01,1,0.4,6,1,6,5.3156146179402,1,China,CH,CH,,35.0,105.0,CH,2,"New York, United States",US,USNY,,42.1497,-74.9384,NY,1,China,CH,CH,,35.0,105.0,CH,20191002111500,Make public statement,Verbal cooperation
876801019,20191002,201910,MNCUSAMED,GOOGLE,USA,,,,,MNC,MED,,CHN,CHINA,CHN,,,,,,,,1,172,172,17,4,-5.0,10,1,10,-1.67910447761194,1,China,CH,CH,,35.0,105.0,CH,1,China,CH,CH,,35.0,105.0,CH,1,China,CH,CH,,35.0,105.0,CH,20191002120000,Coerce,Material conflict
876801633,20191002,201910,USAJUD,THE US,USA,,,,,JUD,,,CHN,CHINESE,CHN,,,,,,,,1,170,170,17,4,-7.0,6,1,6,-9.6085409252669,1,Cayman Islands,CJ,CJ,,19.5,-80.666667,CJ,4,"Hao Zhang, Gansu, China",CH,CH15,13206,36.9822,106.945,10853355,4,"Hao Zhang, Gansu, China",CH,CH15,13206,36.9822,106.945,10853355,20191002120000,Coerce,Material conflict
876804432,20191002,201910,CHN,SIAN,CHN,,,,,,,,USA,MIAMI,USA,,,,,,,,1,193,193,19,4,-10.0,7,1,7,5.89022757697457,4,"London, London, City of, United Kingdom",UK,UKH9,40110,51.5,-0.116667,-2601889,4,"London, London, City of, United Kingdom",UK,UKH9,40110,51.5,-0.116667,-2601889,4,"London, London, City of, United Kingdom",UK,UKH9,40110,51.5,-0.116667,-2601889,20191002121500,Fight,Material conflict
876807999,20191002,201910,USA,AMERICAN,USA,,,,,,,,CHN,CHINA,CHN,,,,,,,,1,020,020,02,1,3.0,8,1,8,-3.31632653061224,1,China,CH,CH,,35.0,105.0,CH,1,China,CH,CH,,35.0,105.0,CH,1,China,CH,CH,,35.0,105.0,CH,20191002123000,Appeal,Verbal cooperation
876821669,20191002,201910,MNCUSA,MORGAN STANLEY,USA,,,,,MNC,,,CHN,CHINESE,CHN,,,,,,,,1,020,020,02,1,3.0,20,2,20,-5.40441942880967,1,China,CH,CH,,35.0,105.0,CH,1,China,CH,CH,,35.0,105.0,CH,1,China,CH,CH,,35.0,105.0,CH,20191002133000,Appeal,Verbal cooperation
876823456,20190925,201909,CHN,CHINA,CHN,,,,,,,,USA,WASHINGTON,USA,,,,,,,,1,042,042,04,1,1.9,8,1,8,-3.40909090909091,1,China,CH,CH,,35.0,105.0,CH,3,"Washington, District of Columbia, United States",US,USDC,DC001,38.8951,-77.0364,531871,1,China,CH,CH,,35.0,105.0,CH,20191002134500,Consult,Verbal cooperation
876823473,20190925,201909,USA,WASHINGTON,USA,,,,,,,,CHN,CHINA,CHN,,,,,,,,1,043,043,04,1,2.8,8,1,8,-3.40909090909091,3,"Washington, District of Columbia, United States",US,USDC,DC001,38.8951,-77.0364,531871,1,China,CH,CH,,35.0,105.0,CH,1,China,CH,CH,,35.0,105.0,CH,20191002134500,Consult,Verbal cooperation
876824897,20191002,201910,MNCUSAMED,GOOGLE,USA,,,,,MNC,MED,,CHNBUS,CHINESE,CHN,,,,,BUS,,,1,172,172,17,4,-5.0,6,1,6,-3.05343511450382,1,China,CH,CH,,35.0,105.0,CH,1,China,CH,CH,,35.0,105.0,CH,1,China,CH,CH,,35.0,105.0,CH,20191002134500,Coerce,Material conflict
876828952,20191002,201910,CHN,CHINESE,CHN,,,,,,,,USA,UNITED STATES,USA,,,,,,,,1,071,071,07,2,7.4,6,1,6,-2.3391812865497,1,Russia,RS,RS,,60.0,100.0,RS,1,Russia,RS,RS,,60.0,100.0,RS,1,Russia,RS,RS,,60.0,100.0,RS,20191002141500,Provide aid,Material cooperation
876830289,20191002,201910,USA,CHICAGO,USA,,,,,,,,CHNOPP,TIBET,CHN,,,,,OPP,,,1,051,051,05,1,3.4,10,1,10,-2.75229357798165,3,"Chicago, Illinois, United States",US,USIL,IL031,41.85,-87.6501,423587,3,"Chicago, Illinois, United States",US,USIL,IL031,41.85,-87.6501,423587,3,"Chicago, Illinois, United States",US,USIL,IL031,41.85,-87.6501,423587,20191002141500,Engage in diplomatic cooperation,Verbal cooperation
876830290,20191002,201910,USA,CHICAGO,USA,,,,,,,,CHNOPP,TIBET,CHN,,,,,OPP,,,1,141,141,14,3,-6.5,10,1,10,-2.75229357798165,3,"Chicago, Illinois, United States",US,USIL,IL031,41.85,-87.6501,423587,3,"Chicago, Illinois, United States",US,USIL,IL031,41.85,-87.6501,423587,3,"Chicago, Illinois, United States",US,USIL,IL031,41.85,-87.6501,423587,20191002141500,Protest,Verbal conflict
876839144,20190925,201909,USA,UNITED STATES,USA,,,,,,,,CHN,CHINA,CHN,,,,,,,,1,163,163,16,4,-8.0,10,1,10,-3.84138785625774,1,Japan,JA,JA,,36.0,138.0,JA,1,Japan,JA,JA,,36.0,138.0,JA,1,Japan,JA,JA,,36.0,138.0,JA,20191002150000,Reduce relations,Material conflict
876849961,20191002,201910,USA,WASHINGTON,USA,,,,,,,,CHN,BEIJING,CHN,,,,,,,,1,190,190,19,4,-10.0,10,1,10,-0.42735042735043,4,"Buenos Aires, Distrito Federal, Argentina",AR,AR07,22379,-34.5875,-58.6725,-979186,4,"Buenos Aires, Distrito Federal, Argentina",AR,AR07,22379,-34.5875,-58.6725,-979186,4,"Buenos Aires, Distrito Federal, Argentina",AR,AR07,22379,-34.5875,-58.6725,-979186,20191002154500,Fight,Material conflict
876849962,20191002,201910,USA,JACKSONVILLE,USA,,,,,,,,CHN,CHINA,CHN,,,,,,,,1,190,190,19,4,-10.0,10,1,10,-2.4390243902439,1,China,CH,CH,,35.0,105.0,CH,1,China,CH,CH,,35.0,105.0,CH,1,China,CH,CH,,35.0,105.0,CH,20191002154500,Fight,Material conflict
876857829,20191002,201910,USA,AMERICAN,USA,,,,,,,,CHN,CHINA,CHN,,,,,,,,1,110,110,11,3,-2.0,6,1,6,0.0,2,"New York, United States",US,USNY,,42.1497,-74.9384,NY,2,"New York, United States",US,USNY,,42.1497,-74.9384,NY,2,"New York, United States",US,USNY,,42.1497,-74.9384,NY,20191002161500,Disapprove,Verbal conflict
876874398,20191002,201910,USA,OHIO,USA,,,,,,,,CHN,CHINESE,CHN,,,,,,,,1,020,020,02,1,3.0,10,1,10,-0.41469194312797,3,"Cleveland, Ohio, United States",US,USOH,OH035,41.4995,-81.6954,1066654,3,"Cleveland, Ohio, United States",US,USOH,OH035,41.4995,-81.6954,1066654,3,"Cleveland, Ohio, United States",US,USOH,OH035,41.4995,-81.6954,1066654,20191002173000,Appeal,Verbal cooperation
876882708,20191002,201910,CHNOPP,CHINA,CHN,,,,,OPP,,,USA,RICHMOND,USA,,,,,,,,1,190,190,19,4,-10.0,10,1,10,-2.36220472440945,4,"Beijing, Beijing, China",CH,CH22,13001,39.9289,116.388,-1898541,1,Hong Kong,HK,HK,,22.25,114.166667,HK,4,"Beijing, Beijing, China",CH,CH22,13001,39.9289,116.388,-1898541,20191002181500,Fight,Material conflict
876883881,20191002,201910,USA,HAWAII,USA,,,,,,,,CHN,CHINA,CHN,,,,,,,,1,036,036,03,1,4.0,8,1,8,-7.03517587939698,2,"Hawaii, United States",US,USHI,,21.1098,-157.531,HI,1,China,CH,CH,,35.0,105.0,CH,1,China,CH,CH,,35.0,105.0,CH,20191002181500,Express intent to cooperate,Verbal cooperation
876883887,20191002,201910,USA,RICHMOND,USA,,,,,,,,CHNOPP,CHINA,CHN,,,,,OPP,,,1,190,190,19,4,-10.0,10,1,10,-2.36220472440945,1,Hong Kong,HK,HK,,22.25,114.166667,HK,4,"Beijing, Beijing, China",CH,CH22,13001,39.9289,116.388,-1898541,4,"Beijing, Beijing, China",CH,CH22,13001,39.9289,116.388,-1898541,20191002181500,Fight,Material conflict
876886780,20191002,201910,USA,UNITED STATES,USA,,,,,,,,CHN,CHINA,CHN,,,,,,,,1,173,173,17,4,-5.0,6,1,6,-5.80110497237569,3,"Des Moines, Iowa, United States",US,USIA,IA153,41.6005,-93.6091,465961,1,China,CH,CH,,35.0,105.0,CH,1,China,CH,CH,,35.0,105.0,CH,20191002183000,Coerce,Material conflict
876886781,20191002,201910,USA,DALLAS,USA,,,,,,,,CHN,CANTON,CHN,,,,,,,,1,193,193,19,4,-10.0,8,1,8,-7.69230769230769,3,"Dallas, Texas, United States",US,USTX,TX113,32.7831,-96.8067,1380944,3,"Dallas, Texas, United States",US,USTX,TX113,32.7831,-96.8067,1380944,3,"Dallas, Texas, United States",US,USTX,TX113,32.7831,-96.8067,1380944,20191002183000,Fight,Material conflict
876887009,20191002,201910,USAELI,JIMMY CARTER,USA,,,,,ELI,,,CHN,CHINA,CHN,,,,,,,,1,050,050,05,1,3.5,6,1,6,5.01432664756447,3,"Washington, District of Columbia, United States",US,USDC,DC001,38.8951,-77.0364,531871,2,"California, United States",US,USCA,,36.17,-119.746,CA,2,"California, United States",US,USCA,,36.17,-119.746,CA,20191002183000,Engage in diplomatic cooperation,Verbal cooperation
876888148,20190925,201909,CHN,CHINA,CHN,,,,,,,,USA,NEW YORK,USA,,,,,,,,1,040,040,04,1,1.0,8,1,8,-0.14245014245015,1,China,CH,CH,,35.0,105.0,CH,1,China,CH,CH,,35.0,105.0,CH,4,"Mongla, Khulna, Bangladesh",BG,BG82,5799,22.4708,89.6149,350823,20191002184500,Consult,Verbal cooperation
876888165,20190925,201909,USA,NEW YORK,USA,,,,,,,,CHN,CHINA,CHN,,,,,,,,1,040,040,04,1,1.0,8,1,8,-0.14245014245015,1,China,CH,CH,,35.0,105.0,CH,1,China,CH,CH,,35.0,105.0,CH,4,"Mongla, Khulna, Bangladesh",BG,BG82,5799,22.4708,89.6149,350823,20191002184500,Consult,Verbal cooperation
876893884,20191002,201910,USA,NEW YORK,USA,,,,,,,,CHN,CHINESE,CHN,,,,,,,,1,163,163,16,4,-8.0,10,1,10,-4.21052631578947,1,Iran,IR,IR,,32.0,53.0,IR,2,"New York, United States",US,USNY,,42.1497,-74.9384,NY,2,"New York, United States",US,USNY,,42.1497,-74.9384,NY,20191002190000,Reduce relations,Material conflict
876905730,20191002,201910,CHN,CHINA,CHN,,,,,,,,USACVL,AMERICAN,USA,,,,,CVL,,,1,173,173,17,4,-5.0,6,1,6,-7.30593607305936,1,China,CH,CH,,35.0,105.0,CH,1,United States,US,US,,39.828175,-98.5795,US,1,United States,US,US,,39.828175,-98.5795,US,20191002201500,Coerce,Material conflict
876911879,20191002,201910,USA,UNITED STATES,USA,,,,,,,,CHN,SHENZHEN,CHN,,,,,,,,1,036,036,03,1,4.0,9,1,9,0.84985835694051,2,"Texas, United States",US,USTX,,31.106,-97.6475,TX,4,"Shenzhen, Guangdong, China",CH,CH30,13036,22.2,111.117,-1925267,4,"Shenzhen, Guangdong, China",CH,CH30,13036,22.2,111.117,-1925267,20191002204500,Express intent to cooperate,Verbal cooperation
876911880,20191002,201910,USA,FLORIDA,USA,,,,,,,,CHN,CHINESE,CHN,,,,,,,,1,043,043,04,1,2.8,6,1,6,4.60526315789473,4,"Zigong, Sichuan, China",CH,CH32,13263,29.3416,104.777,-1939828,4,"Zigong, Sichuan, China",CH,CH32,13263,29.3416,104.777,-1939828,4,"Zigong, Sichuan, China",CH,CH32,13263,29.3416,104.777,-1939828,20191002204500,Consult,Verbal cooperation
876913119,20191002,201910,CHN,CHINA,CHN,,,,,,,,USA,AMERICAN,USA,,,,,,,,1,036,036,03,1,4.0,6,1,6,0.35650623885918,4,"Shanghai, Shanghai, China",CH,CH23,13243,31.2222,121.458,-1924465,2,"Illinois, United States",US,USIL,,40.3363,-89.0022,IL,4,"Shanghai, Shanghai, China",CH,CH23,13243,31.2222,121.458,-1924465,20191002210000,Express intent to cooperate,Verbal cooperation
876917554,20190925,201909,USA,UNITED STATES,USA,,,,,,,,CHN,CHINA,CHN,,,,,,,,1,163,163,16,4,-8.0,10,1,10,-5.39419087136929,1,United States,US,US,,39.828175,-98.5795,US,1,United States,US,US,,39.828175,-98.5795,US,1,United States,US,US,,39.828175,-98.5795,US,20191002213000,Reduce relations,Material conflict
876917887,20191002,201910,CHNEDU,CHINA,CHN,,,,,EDU,,,USAEDU,UNITED STATES,USA,,,,,EDU,,,1,042,042,04,1,1.9,64,8,32,-4.77223427331887,4,"Beijing, Beijing, China",CH,CH22,13001,39.9289,116.388,-1898541,3,"Emerson College, Massachusetts, United States",US,USMA,,42.3548,-71.0753,606983,4,"Beijing, Beijing, China",CH,CH22,13001,39.9289,116.388,-1898541,20191002213000,Consult,Verbal cooperation
876919228,20191002,201910,USAEDU,UNITED STATES,USA,,,,,EDU,,,CHNEDU,CHINA,CHN,,,,,EDU,,,1,043,043,04,1,2.8,32,8,32,-4.77223427331887,3,"Emerson College, Massachusetts, United States",US,USMA,MA025,42.3548,-71.0753,606983,4,"Beijing, Beijing, China",CH,CH22,13001,39.9289,116.388,-1898541,4,"Beijing, Beijing, China",CH,CH22,13001,39.9289,116.388,-1898541,20191002213000,Consult,Verbal cooperation
876919229,20191002,201910,USAEDU,UNITED STATES,USA,,,,,EDU,,,CHNEDU,CHINA,CHN,,,,,EDU,,,1,043,043,04,1,2.8,16,8,16,-4.77223427331887,1,Hong Kong,HK,HK,,22.25,114.166667,HK,3,"Columbia University, New York, United States",US,USNY,,40.809,-73.9613,947193,1,Hong Kong,HK,HK,,22.25,114.166667,HK,20191002213000,Consult,Verbal cooperation
876919230,20191002,201910,USAEDU,UNITED STATES,USA,,,,,EDU,,,CHNEDU,CHINA,CHN,,,,,EDU,,,1,043,043,04,1,2.8,16,8,16,-4.77223427331887,1,Hong Kong,HK,HK,,22.25,114.166667,HK,2,"New York, United States",US,USNY,,42.1497,-74.9384,NY,3,"Columbia University, New York, United States",US,USNY,,40.809,-73.9613,947193,20191002213000,Consult,Verbal cooperation
876924134,20191002,201910,USA,PHILADELPHIA,USA,,,,,,,,CHN,CHINESE,CHN,,,,,,,,1,051,051,05,1,3.4,7,1,7,-2.23684210526316,4,"Toronto, Ontario, Canada",CA,CA08,12686,43.6667,-79.4167,-574890,4,"Toronto, Ontario, Canada",CA,CA08,12686,43.6667,-79.4167,-574890,4,"Toronto, Ontario, Canada",CA,CA08,12686,43.6667,-79.4167,-574890,20191002220000,Engage in diplomatic cooperation,Verbal cooperation
876924136,20191002,201910,USA,THE US,USA,,,,,,,,CHN,CHINA,CHN,,,,,,,,1,120,120,12,3,-4.0,10,1,10,-2.50447227191413,2,"Michigan, United States",US,USMI,,43.3504,-84.5603,MI,2,"Michigan, United States",US,USMI,,43.3504,-84.5603,MI,2,"Michigan, United States",US,USMI,,43.3504,-84.5603,MI,20191002220000,Reject,Verbal conflict
876929528,20191002,201910,CHN,CHINESE,CHN,,,,,,,,USAMED,REUTERS,USA,,,,,MED,,,1,013,013,01,1,0.4,20,1,20,-0.497512437810949,4,"Dongjiakou, Hubei, China",CH,CH12,13160,29.9443,114.913,11068213,4,"Dongjiakou, Hubei, China",CH,CH12,13160,29.9443,114.913,11068213,4,"Dongjiakou, Hubei, China",CH,CH12,13160,29.9443,114.913,11068213,20191002224500,Make public statement,Verbal cooperation
876931873,20191002,201910,CHN,CHINESE,CHN,,,,,,,,USA,FLORIDA,USA,,,,,,,,1,042,042,04,1,1.9,8,1,8,4.83870967741935,4,"Zigong, Sichuan, China",CH,CH32,13263,29.3416,104.777,-1939828,2,"Florida, United States",US,USFL,,27.8333,-81.717,FL,4,"Zigong, Sichuan, China",CH,CH32,13263,29.3416,104.777,-1939828,20191002230000,Consult,Verbal cooperation
876933956,20191002,201910,CHN,BEIJING,CHN,,,,,,,,USAMIL,THE US,USA,,,,,MIL,,,1,051,051,05,1,3.4,8,1,8,-1.22448979591837,4,"Beijing, Beijing, China",CH,CH22,13001,39.9289,116.388,-1898541,4,"Tiananmen Square, Beijing, China",CH,CH22,13001,39.9044,116.391,9244097,4,"Tiananmen Square, Beijing, China",CH,CH22,13001,39.9044,116.391,9244097,20191002231500,Engage in diplomatic cooperation,Verbal cooperation
876935019,20191002,201910,USA,CALIFORNIA,USA,,,,,,,,CHN,CHINA,CHN,,,,,,,,1,090,090,09,2,-2.0,6,1,6,-4.28571428571429,2,"California, United States",US,USCA,,36.17,-119.746,CA,4,"Beijing, Beijing, China",CH,CH22,13001,39.9289,116.388,-1898541,4,"Beijing, Beijing, China",CH,CH22,13001,39.9289,116.388,-1898541,20191002231500,Investigate,Material cooperation
876935021,20191002,201910,USA,CALIFORNIA,USA,,,,,,,,CHN,CHINA,CHN,,,,,,,,1,1125,112,11,3,-2.0,6,1,6,-4.28571428571429,4,"Beijing, Beijing, China",CH,CH22,13001,39.9289,116.388,-1898541,4,"Beijing, Beijing, China",CH,CH22,13001,39.9289,116.388,-1898541,4,"Beijing, Beijing, China",CH,CH22,13001,39.9289,116.388,-1898541,20191002231500,Disapprove,Verbal conflict
876936120,20191002,201910,CHN,CHINA,CHN,,,,,,,,USA,UNITED STATES,USA,,,,,,,,1,045,045,04,1,5.0,8,1,8,-1.36852394916911,1,China,CH,CH,,35.0,105.0,CH,1,United States,US,US,,39.828175,-98.5795,US,1,Russia,RS,RS,,60.0,100.0,RS,20191002233000,Consult,Verbal cooperation
876945488,20191003,201910,CHN,CHINA,CHN,,,,,,,,USA,SAN FRANCISCO,USA,,,,,,,,1,112,112,11,3,-2.0,7,1,7,-6.63265306122449,4,"Beijing, Beijing, China",CH,CH22,13001,39.9289,116.388,-1898541,4,"Beijing, Beijing, China",CH,CH22,13001,39.9289,116.388,-1898541,4,"Beijing, Beijing, China",CH,CH22,13001,39.9289,116.388,-1898541,20191003001500,Disapprove,Verbal conflict
876949824,20191003,201910,CHN,CHINESE,CHN,,,,,,,,USA,MIAMI,USA,,,,,,,,1,042,042,04,1,1.9,8,1,8,4.95867768595041,4,"Zigong, Sichuan, China",CH,CH32,13263,29.3416,104.777,-1939828,3,"Miami, Florida, United States",US,USFL,FL086,25.7743,-80.1937,295004,4,"Zigong, Sichuan, China",CH,CH32,13263,29.3416,104.777,-1939828,20191003003000,Consult,Verbal cooperation
876951625,20191003,201910,USA,UNITED STATES,USA,,,,,,,,CHN,SHENZHEN,CHN,,,,,,,,1,036,036,03,1,4.0,9,1,9,0.84985835694051,2,"Texas, United States",US,USTX,,31.106,-97.6475,TX,4,"Shenzhen, Guangdong, China",CH,CH30,13036,22.2,111.117,-1925267,4,"Shenzhen, Guangdong, China",CH,CH30,13036,22.2,111.117,-1925267,20191003003000,Express intent to cooperate,Verbal cooperation
876951626,20191003,201910,USA,MIAMI,USA,,,,,,,,CHN,CHINESE,CHN,,,,,,,,1,043,043,04,1,2.8,8,1,8,4.95867768595041,4,"Zigong, Sichuan, China",CH,CH32,13263,29.3416,104.777,-1939828,3,"Miami, Florida, United States",US,USFL,FL086,25.7743,-80.1937,295004,3,"Miami, Florida, United States",US,USFL,FL086,25.7743,-80.1937,295004,20191003003000,Consult,Verbal cooperation
876955422,20191003,201910,MNCUSA,BLACKROCK,USA,,,,,MNC,,,CHN,CHINA,CHN,,,,,,,,1,040,040,04,1,1.0,10,1,10,-0.865800865800864,1,China,CH,CH,,35.0,105.0,CH,1,China,CH,CH,,35.0,105.0,CH,1,China,CH,CH,,35.0,105.0,CH,20191003004500,Consult,Verbal cooperation
876958185,20191003,201910,CHN,CANTON,CHN,,,,,,,,USA,OHIO,USA,,,,,,,,1,010,010,01,1,0.0,6,1,6,-11.377245508982,3,"North Royalton, Ohio, United States",US,USOH,OH035,41.3137,-81.7246,1065175,3,"North Royalton, Ohio, United States",US,USOH,,41.3137,-81.7246,1065175,3,"North Royalton, Ohio, United States",US,USOH,,41.3137,-81.7246,1065175,20191003010000,Make public statement,Verbal cooperation
876965235,20191003,201910,USA,UNITED STATES,USA,,,,,,,,CHNGOV,CHINA,CHN,,,,,GOV,,,1,0311,031,03,1,5.2,8,2,8,-2.64893044414349,1,United States,US,US,,39.828175,-98.5795,US,1,China,CH,CH,,35.0,105.0,CH,1,United States,US,US,,39.828175,-98.5795,US,20191003013000,Express intent to cooperate,Verbal cooperation
876966219,20190926,201909,USA,NEW YORK CITY,USA,,,,,,,,CHNGOV,CHINESE,CHN,,,,,GOV,,,1,030,030,03,1,4.0,6,1,6,-1.22699386503068,1,China,CH,CH,,35.0,105.0,CH,1,China,CH,CH,,35.0,105.0,CH,1,China,CH,CH,,35.0,105.0,CH,20191003014500,Express intent to cooperate,Verbal cooperation
876978109,20191003,201910,USAGOV,THE WHITE HOUSE,USA,,,,,GOV,,,CHN,CHINA,CHN,,,,,,,,1,051,051,05,1,3.4,6,1,6,0.62111801242236,3,"White House, District of Columbia, United States",US,USDC,,38.8951,-77.0364,531871,1,China,CH,CH,,35.0,105.0,CH,3,"White House, District of Columbia, United States",US,USDC,,38.8951,-77.0364,531871,20191003024500,Engage in diplomatic cooperation,Verbal cooperation
876981661,20191003,201910,USA,NEW YORK,USA,,,,,,,,CHN,CHINA,CHN,,,,,,,,1,020,020,02,1,3.0,6,1,6,1.87861271676301,1,China,CH,CH,,35.0,105.0,CH,1,China,CH,CH,,35.0,105.0,CH,1,China,CH,CH,,35.0,105.0,CH,20191003031500,Appeal,Verbal cooperation
876982460,20190926,201909,USA,UNITED STATES,USA,,,,,,,,CHN,CHINA,CHN,,,,,,,,1,163,163,16,4,-8.0,10,1,10,-3.92156862745098,2,"Texas, United States",US,USTX,,31.106,-97.6475,TX,2,"Texas, United States",US,USTX,,31.106,-97.6475,TX,2,"Texas, United States",US,USTX,,31.106,-97.6475,TX,20191003033000,Reduce relations,Material conflict
876983783,20191003,201910,USAGOVAGR,UNITED STATES,USA,,,,,GOV,AGR,,CHN,CHINA,CHN,,,,,,,,1,061,061,06,2,6.4,8,1,8,-2.77777777777777,1,Canada,CA,CA,,60.0,-96.0,CA,3,"Chicago Board Of Trade, Illinois, United States",US,USIL,,41.8778,-87.6323,1826553,1,Canada,CA,CA,,60.0,-96.0,CA,20191003033000,Engage in material cooperation,Material cooperation
876985680,20191003,201910,USA,WASHINGTON,USA,,,,,,,,CHN,CHINESE,CHN,,,,,,,,1,051,051,05,1,3.4,6,1,6,2.42718446601942,3,"Washington, District of Columbia, United States",US,USDC,DC001,38.8951,-77.0364,531871,1,China,CH,CH,,35.0,105.0,CH,2,"Pennsylvania, United States",US,USPA,,40.5773,-77.264,PA,20191003034500,Engage in diplomatic cooperation,Verbal cooperation
877000757,20191003,201910,USA,AMERICAN,USA,,,,,,,,CHN,CHINA,CHN,,,,,,,,1,0874,087,08,2,10.0,8,1,8,-4.30107526881721,3,"Washington, District of Columbia, United States",US,USDC,DC001,38.8951,-77.0364,531871,1,China,CH,CH,,35.0,105.0,CH,3,"Washington, District of Columbia, United States",US,USDC,DC001,38.8951,-77.0364,531871,20191003053000,Yield,Material cooperation
877002073,20191003,201910,CHN,CHINESE,CHN,,,,,,,,USA,UNITED STATES,USA,,,,,,,,1,141,141,14,3,-6.5,7,1,7,-2.11097708082026,4,"Sydney, New South Wales, Australia",AS,AS02,154637,-33.8833,151.217,-1603135,5,"Tibet, Xizang, China",CH,CH14,13213,32.0,90.0,-1934604,5,"Tibet, Xizang, China",CH,CH14,13213,32.0,90.0,-1934604,20191003054500,Protest,Verbal conflict
877004415,20190926,201909,USA,THE US,USA,,,,,,,,CHN,CHINA,CHN,,,,,,,,1,046,046,04,1,7.0,10,1,10,-1.67525773195876,4,"Northern Ireland, Craigavon, United Kingdom",UK,UKR8,40152,54.5,-6.5,-2604275,4,"Northern Ireland, Craigavon, United Kingdom",UK,UKR8,40152,54.5,-6.5,-2604275,4,"Northern Ireland, Craigavon, United Kingdom",UK,UKR8,40152,54.5,-6.5,-2604275,20191003060000,Consult,Verbal cooperation
877004792,20191003,201910,CHNGOV,CHINESE,CHN,,,,,GOV,,,USA,THE US,USA,,,,,,,,1,043,043,04,1,2.8,6,1,6,-0.99132589838909,1,China,CH,CH,,35.0,105.0,CH,1,China,CH,CH,,35.0,105.0,CH,1,China,CH,CH,,35.0,105.0,CH,20191003060000,Consult,Verbal cooperation
877005585,20191003,201910,MNCUSA,BLACKROCK,USA,,,,,MNC,,,CHN,CHINA,CHN,,,,,,,,1,111,111,11,3,-2.0,7,1,7,0.5736137667304,4,"Weixin, Guangdong, China",CH,CH30,13028,23.3009,113.69,10470098,4,"Weixin, Guangdong, China",CH,CH30,13028,23.3009,113.69,10470098,4,"Weixin, Guangdong, China",CH,CH30,13028,23.3009,113.69,10470098,20191003060000,Disapprove,Verbal conflict
877006026,20191003,201910,USA,THE US,USA,,,,,,,,CHNGOV,CHINESE,CHN,,,,,GOV,,,1,042,042,04,1,1.9,6,1,6,-0.99132589838909,1,China,CH,CH,,35.0,105.0,CH,1,China,CH,CH,,35.0,105.0,CH,1,China,CH,CH,,35.0,105.0,CH,20191003060000,Consult,Verbal cooperation
877010328,20191003,201910,MNCUSAMED,GOOGLE,USA,,,,,MNC,MED,,CHN,CHINA,CHN,,,,,,,,1,172,172,17,4,-5.0,10,1,10,-0.625,1,China,CH,CH,,35.0,105.0,CH,1,China,CH,CH,,35.0,105.0,CH,1,China,CH,CH,,35.0,105.0,CH,20191003063000,Coerce,Material conflict
877015801,20191003,201910,CHN,CHINA,CHN,,,,,,,,USA,THE US,USA,,,,,,,,1,172,172,17,4,-5.0,8,1,8,-10.4347826086957,4,"Anjin, Guangdong, China",CH,CH30,13139,25.0411,112.674,11179261,4,"Harare, Mashonaland East, Zimbabwe",ZI,ZI04,40197,-17.8178,31.0447,-2312291,4,"Harare, Mashonaland East, Zimbabwe",ZI,ZI04,40197,-17.8178,31.0447,-2312291,20191003071500,Coerce,Material conflict
877015802,20191003,201910,CHN,CHINA,CHN,,,,,,,,USAMED,REUTERS,USA,,,,,MED,,,1,017,017,01,1,0.0,8,1,8,-0.62176165803109,4,"Beijing, Beijing, China",CH,CH22,13001,39.9289,116.388,-1898541,4,"Beijing, Beijing, China",CH,CH22,13001,39.9289,116.388,-1898541,4,"Beijing, Beijing, China",CH,CH22,13001,39.9289,116.388,-1898541,20191003071500,Make public statement,Verbal cooperation
877024653,20191003,201910,USAMED,REUTERS,USA,,,,,MED,,,CHN,CHINA,CHN,,,,,,,,1,020,020,02,1,3.0,10,1,10,-1.53374233128835,4,"Huizhou, Guangdong, China",CH,CH30,13038,23.0833,114.4,-1910990,4,"Huizhou, Guangdong, China",CH,CH30,13038,23.0833,114.4,-1910990,4,"Huizhou, Guangdong, China",CH,CH30,13038,23.0833,114.4,-1910990,20191003080000,Appeal,Verbal cooperation
877034086,20190926,201909,USA,THE US,USA,,,,,,,,CHN,CHINA,CHN,,,,,,,,1,036,036,03,1,4.0,10,1,10,-3.13531353135313,1,China,CH,CH,,35.0,105.0,CH,1,China,CH,CH,,35.0,105.0,CH,1,China,CH,CH,,35.0,105.0,CH,20191003090000,Express intent to cooperate,Verbal cooperation
877042942,20191003,201910,USA,THE US,USA,,,,,,,,CHN,CHINA,CHN,,,,,,,,1,012,012,01,1,-0.4,10,1,10,-1.75609756097561,4,"Beijing, Beijing, China",CH,CH22,13001,39.9289,116.388,-1898541,4,"Beijing, Beijing, China",CH,CH22,13001,39.9289,116.388,-1898541,4,"Beijing, Beijing, China",CH,CH22,13001,39.9289,116.388,-1898541,20191003094500,Make public statement,Verbal cooperation
877042945,20191003,201910,USA,ARKANSAS,USA,,,,,,,,CHNBUS,CHINESE,CHN,,,,,BUS,,,1,111,111,11,3,-2.0,7,1,7,-3.69609856262833,2,"Arkansas, United States",US,USAR,,34.9513,-92.3809,AR,2,"Arkansas, United States",US,USAR,,34.9513,-92.3809,AR,2,"Arkansas, United States",US,USAR,,34.9513,-92.3809,AR,20191003094500,Disapprove,Verbal conflict
877044136,20191002,201910,USA,THE US,USA,,,,,,,,CHN,CHINA,CHN,,,,,,,,1,010,010,01,1,0.0,10,1,10,-2.86975717439293,4,"Kunlun, Zhejiang, China",CH,CH02,13324,29.9197,120.83,10562370,4,"Kunlun, Zhejiang, China",CH,CH02,13324,29.9197,120.83,10562370,4,"Kunlun, Zhejiang, China",CH,CH02,13324,29.9197,120.83,10562370,20191003100000,Make public statement,Verbal cooperation
877045862,20191003,201910,USA,MICHIGAN,USA,,,,,,,,CHN,CHINA,CHN,,,,,,,,1,061,061,06,2,6.4,7,1,7,1.29032258064516,2,"Michigan, United States",US,USMI,,43.3504,-84.5603,MI,2,"Michigan, United States",US,USMI,,43.3504,-84.5603,MI,2,"Michigan, United States",US,USMI,,43.3504,-84.5603,MI,20191003100000,Engage in material cooperation,Material cooperation
877074211,20190926,201909,USA,WASHINGTON,USA,,,,,,,,CHN,BEIJING,CHN,,,,,,,,1,036,036,03,1,4.0,10,1,10,-3.9568345323741,4,"Brussels, Bruxelles-Capitale, Belgium",BE,BE11,5850,50.8333,4.33333,-1955538,4,"Brussels, Bruxelles-Capitale, Belgium",BE,BE11,5850,50.8333,4.33333,-1955538,4,"Brussels, Bruxelles-Capitale, Belgium",BE,BE11,5850,50.8333,4.33333,-1955538,20191003123000,Express intent to cooperate,Verbal cooperation
877075970,20191003,201910,USA,UNITED STATES,USA,,,,,,,,CHN,CHINA,CHN,,,,,,,,1,010,010,01,1,0.0,8,1,8,-2.5,4,"Shanghai, Shanghai, China",CH,CH23,13243,31.2222,121.458,-1924465,4,"Shanghai, Shanghai, China",CH,CH23,13243,31.2222,121.458,-1924465,4,"Shanghai, Shanghai, China",CH,CH23,13243,31.2222,121.458,-1924465,20191003123000,Make public statement,Verbal cooperation
877075974,20191003,201910,USA,UNITED STATES,USA,,,,,,,,CHN,CHINA,CHN,,,,,,,,1,114,114,11,3,-2.0,8,1,8,-2.5,1,United States,US,US,,39.828175,-98.5795,US,4,"Shanghai, Shanghai, China",CH,CH23,13243,31.2222,121.458,-1924465,4,"Shanghai, Shanghai, China",CH,CH23,13243,31.2222,121.458,-1924465,20191003123000,Disapprove,Verbal conflict
877078028,20191003,201910,CHN,CHINESE,CHN,,,,,,,,USAMED,REUTERS,USA,,,,,MED,,,1,013,013,01,1,0.4,20,1,20,-0.475059382422804,4,"Dongjiakou, Hubei, China",CH,CH12,13160,29.9443,114.913,11068213,4,"Dongjiakou, Hubei, China",CH,CH12,13160,29.9443,114.913,11068213,4,"Dongjiakou, Hubei, China",CH,CH12,13160,29.9443,114.913,11068213,20191003124500,Make public statement,Verbal cooperation
877103986,20191003,201910,CHN,CHINA,CHN,,,,,,,,USA,UNITED STATES,USA,,,,,,,,1,020,020,02,1,3.0,10,1,10,0.96491228070176,4,"London, London, City of, United Kingdom",UK,UKH9,40110,51.5,-0.116667,-2601889,4,"London, London, City of, United Kingdom",UK,UKH9,40110,51.5,-0.116667,-2601889,4,"London, London, City of, United Kingdom",UK,UKH9,40110,51.5,-0.116667,-2601889,20191003144500,Appeal,Verbal cooperation
877115446,20191003,201910,USAEDU,CHICAGO,USA,,,,,EDU,,,CHNGOV,CHINESE,CHN,,,,,GOV,,,1,051,051,05,1,3.4,6,1,6,5.79710144927536,4,"Jinan, Shandong, China",CH,CH25,13238,36.6683,116.997,-1912283,4,"Jinan, Shandong, China",CH,CH25,13238,36.6683,116.997,-1912283,4,"Jinan, Shandong, China",CH,CH25,13238,36.6683,116.997,-1912283,20191003153000,Engage in diplomatic cooperation,Verbal cooperation
877116937,20191003,201910,CHN,CHINA,CHN,,,,,,,,USA,UNITED STATES,USA,,,,,,,,1,012,012,01,1,-0.4,10,1,10,-3.70096225018505,3,"Washington, District of Columbia, United States",US,USDC,DC001,38.8951,-77.0364,531871,3,"Washington, District of Columbia, United States",US,USDC,DC001,38.8951,-77.0364,531871,3,"Washington, District of Columbia, United States",US,USDC,DC001,38.8951,-77.0364,531871,20191003154500,Make public statement,Verbal cooperation
877120189,20191003,201910,CHN,CANTON,CHN,,,,,,,,USA,SEATTLE,USA,,,,,,,,1,071,071,07,2,7.4,10,1,10,1.99362041467305,2,"Alaska, United States",US,USAK,,61.385,-152.268,AK,2,"Alaska, United States",US,USAK,,61.385,-152.268,AK,2,"Alaska, United States",US,USAK,,61.385,-152.268,AK,20191003160000,Provide aid,Material cooperation
877123648,20191003,201910,CHN,CHINA,CHN,,,,,,,,USA,CONNECTICUT,USA,,,,,,,,1,020,020,02,1,3.0,10,1,10,-4.60251046025105,4,"Kyiv, Kyyiv, Misto, Ukraine",UP,UP12,28554,50.4333,30.5167,-1044367,4,"Kyiv, Kyyiv, Misto, Ukraine",UP,UP12,28554,50.4333,30.5167,-1044367,4,"Kyiv, Kyyiv, Misto, Ukraine",UP,UP12,28554,50.4333,30.5167,-1044367,20191003161500,Appeal,Verbal cooperation
877123653,20191003,201910,CHN,CHINA,CHN,,,,,,,,USA,FLORIDA,USA,,,,,,,,1,043,043,04,1,2.8,8,1,8,-1.71102661596958,1,China,CH,CH,,35.0,105.0,CH,2,"Florida, United States",US,USFL,,27.8333,-81.717,FL,2,"Florida, United States",US,USFL,,27.8333,-81.717,FL,20191003161500,Consult,Verbal cooperation
877123654,20191003,201910,CHN,CHINA,CHN,,,,,,,,USA,UNITED STATES,USA,,,,,,,,1,046,046,04,1,7.0,6,1,6,-2.35063663075416,4,"Shanghai, Shanghai, China",CH,CH23,13243,31.2222,121.458,-1924465,1,United States,US,US,,39.828175,-98.5795,US,4,"Shanghai, Shanghai, China",CH,CH23,13243,31.2222,121.458,-1924465,20191003161500,Consult,Verbal cooperation
877123657,20191003,201910,CHN,CHINA,CHN,,,,,,,,USA,WASHINGTON,USA,,,,,,,,1,190,190,19,4,-10.0,8,1,8,-6.42398286937901,4,"Beijing, Beijing, China",CH,CH22,13001,39.9289,116.388,-1898541,3,"Washington, District of Columbia, United States",US,USDC,DC001,38.8951,-77.0364,531871,3,"Washington, District of Columbia, United States",US,USDC,DC001,38.8951,-77.0364,531871,20191003161500,Fight,Material conflict
877125013,20191003,201910,USA,WASHINGTON,USA,,,,,,,,CHN,CHINA,CHN,,,,,,,,1,020,020,02,1,3.0,13,2,13,-4.41186170528086,3,"Washington, District of Columbia, United States",US,USDC,DC001,38.8951,-77.0364,531871,1,China,CH,CH,,35.0,105.0,CH,1,China,CH,CH,,35.0,105.0,CH,20191003161500,Appeal,Verbal cooperation
877125018,20191003,201910,USA,FLORIDA,USA,,,,,,,,CHN,CHINA,CHN,,,,,,,,1,042,042,04,1,1.9,8,1,8,-1.71102661596958,3,"Capitol Hill, District of Columbia, United States",US,USDC,DC001,38.889,-77.0003,529313,3,"Capitol Hill, District of Columbia, United States",US,USDC,,38.889,-77.0003,529313,3,"Capitol Hill, District of Columbia, United States",US,USDC,,38.889,-77.0003,529313,20191003161500,Consult,Verbal cooperation
877125021,20191003,201910,USA,UNITED STATES,USA,,,,,,,,CHN,CHINA,CHN,,,,,,,,1,046,046,04,1,7.0,10,1,10,-2.35063663075416,1,United States,US,US,,39.828175,-98.5795,US,1,United States,US,US,,39.828175,-98.5795,US,1,United States,US,US,,39.828175,-98.5795,US,20191003161500,Consult,Verbal cooperation
877125027,20191003,201910,USA,UNITED STATES,USA,,,,,,,,CHN,CHINA,CHN,,,,,,,,1,125,125,12,3,-5.0,6,1,6,-2.35063663075416,1,United States,US,US,,39.828175,-98.5795,US,4,"Shanghai, Shanghai, China",CH,CH23,13243,31.2222,121.458,-1924465,4,"Shanghai, Shanghai, China",CH,CH23,13243,31.2222,121.458,-1924465,20191003161500,Reject,Verbal conflict
877125029,20191003,201910,USA,WASHINGTON,USA,,,,,,,,CHN,CHINA,CHN,,,,,,,,1,190,190,19,4,-10.0,6,1,6,-6.42398286937901,4,"Beijing, Beijing, China",CH,CH22,13001,39.9289,116.388,-1898541,4,"Beijing, Beijing, China",CH,CH22,13001,39.9289,116.388,-1898541,4,"Beijing, Beijing, China",CH,CH22,13001,39.9289,116.388,-1898541,20191003161500,Fight,Material conflict
877126896,20191003,201910,CHN,CHINA,CHN,,,,,,,,USA,AMERICAN,USA,,,,,,,,1,051,051,05,1,3.4,20,2,20,-2.02022492290949,4,"Beijing, Beijing, China",CH,CH22,13001,39.9289,116.388,-1898541,4,"Beijing, Beijing, China",CH,CH22,13001,39.9289,116.388,-1898541,4,"Beijing, Beijing, China",CH,CH22,13001,39.9289,116.388,-1898541,20191003163000,Engage in diplomatic cooperation,Verbal cooperation
877128361,20191003,201910,USAGOV,UNITED STATES,USA,,,,,GOV,,,CHN,CHINA,CHN,,,,,,,,1,020,020,02,1,3.0,10,5,10,-2.76244028241661,1,Ukraine,UP,UP,,49.0,32.0,UP,1,Ukraine,UP,UP,,49.0,32.0,UP,1,Ukraine,UP,UP,,49.0,32.0,UP,20191003163000,Appeal,Verbal cooperation
877134317,20191003,201910,USA,WASHINGTON,USA,,,,,,,,CHN,CHINA,CHN,,,,,,,,1,111,111,11,3,-2.0,14,7,14,-4.41767068273092,3,"Washington, District of Columbia, United States",US,USDC,DC001,38.8951,-77.0364,531871,4,"Beijing, Beijing, China",CH,CH22,13001,39.9289,116.388,-1898541,4,"Beijing, Beijing, China",CH,CH22,13001,39.9289,116.388,-1898541,20191003170000,Disapprove,Verbal conflict
877134319,20191003,201910,USA,WASHINGTON,USA,,,,,,,,CHNGOV,CHINA,CHN,,,,,GOV,,,1,111,111,11,3,-2.0,14,7,14,-4.41767068273092,4,"Kiev, Ukraine (general), Ukraine",UP,UP00,28554,50.4333,30.5167,-1044367,4,"Beijing, Beijing, China",CH,CH22,13001,39.9289,116.388,-1898541,3,"Washington, District of Columbia, United States",US,USDC,DC001,38.8951,-77.0364,531871,20191003170000,Disapprove,Verbal conflict
877137386,20191003,201910,USA,CHICAGO,USA,,,,,,,,CHNOPP,TIBET,CHN,,,,,OPP,,,1,051,051,05,1,3.4,10,1,10,-2.75229357798165,3,"Chicago, Illinois, United States",US,USIL,IL031,41.85,-87.6501,423587,3,"Chicago, Illinois, United States",US,USIL,IL031,41.85,-87.6501,423587,3,"Chicago, Illinois, United States",US,USIL,IL031,41.85,-87.6501,423587,20191003171500,Engage in diplomatic cooperation,Verbal cooperation
877137387,20191003,201910,USA,CHICAGO,USA,,,,,,,,CHNOPP,TIBET,CHN,,,,,OPP,,,1,141,141,14,3,-6.5,10,1,10,-2.75229357798165,3,"Chicago, Illinois, United States",US,USIL,IL031,41.85,-87.6501,423587,3,"Chicago, Illinois, United States",US,USIL,IL031,41.85,-87.6501,423587,3,"Chicago, Illinois, United States",US,USIL,IL031,41.85,-87.6501,423587,20191003171500,Protest,Verbal conflict
877146859,20191003,201910,USAMED,WALL STREET JOURNAL,USA,,,,,MED,,,CHN,CHINA,CHN,,,,,,,,1,020,020,02,1,3.0,10,1,10,0.39370078740157,1,China,CH,CH,,35.0,105.0,CH,1,China,CH,CH,,35.0,105.0,CH,1,China,CH,CH,,35.0,105.0,CH,20191003180000,Appeal,Verbal cooperation
877148202,20191003,201910,CHN,CHINESE,CHN,,,,,,,,USAMED,PHOENIX,USA,,,,,MED,,,1,010,010,01,1,0.0,6,1,6,-1.28205128205129,1,China,CH,CH,,35.0,105.0,CH,1,China,CH,CH,,35.0,105.0,CH,1,Yemen,YM,YM,,15.5,47.5,YM,20191003181500,Make public statement,Verbal cooperation
877148203,20191003,201910,CHN,CHINESE,CHN,,,,,,,,USAMED,REUTERS,USA,,,,,MED,,,1,013,013,01,1,0.4,8,1,8,0.25510204081633,1,Saudi Arabia,SA,SA,,25.0,45.0,SA,1,Saudi Arabia,SA,SA,,25.0,45.0,SA,1,Saudi Arabia,SA,SA,,25.0,45.0,SA,20191003181500,Make public statement,Verbal cooperation
877149593,20191003,201910,USA,WASHINGTON,USA,,,,,,,,CHN,CHINA,CHN,,,,,,,,1,020,020,02,1,3.0,8,1,6,-1.45681581685744,3,"Washington, District of Columbia, United States",US,USDC,DC001,38.8951,-77.0364,531871,4,"Jianming, Fujian, China",CH,CH07,13163,25.8822,116.27,10862961,4,"Jianming, Fujian, China",CH,CH07,13163,25.8822,116.27,10862961,20191003181500,Appeal,Verbal cooperation
877154545,20191003,201910,CHN,CHINA,CHN,,,,,,,,USA,UNITED STATES,USA,,,,,,,,1,061,061,06,2,6.4,8,1,8,3.06905370843989,1,China,CH,CH,,35.0,105.0,CH,1,United States,US,US,,39.828175,-98.5795,US,1,United States,US,US,,39.828175,-98.5795,US,20191003184500,Engage in material cooperation,Material cooperation
877155785,20191003,201910,USA,UNITED STATES,USA,,,,,,,,CHN,CHINA,CHN,,,,,,,,1,061,061,06,2,6.4,10,1,10,3.06905370843989,1,Canada,CA,CA,,60.0,-96.0,CA,1,Canada,CA,CA,,60.0,-96.0,CA,1,Canada,CA,CA,,60.0,-96.0,CA,20191003184500,Engage in material cooperation,Material cooperation
877165015,20191003,201910,CHN,CHINA,CHN,,,,,,,,USA,THE US,USA,,,,,,,,1,020,020,02,1,3.0,8,1,8,-3.1328320802005,4,"Shanghai, Shanghai, China",CH,CH23,13243,31.2222,121.458,-1924465,1,Hong Kong,HK,HK,,22.25,114.166667,HK,1,Hong Kong,HK,HK,,22.25,114.166667,HK,20191003194500,Appeal,Verbal cooperation
877165027,20191003,201910,CHNOPP,CHINA,CHN,,,,,OPP,,,USA,RICHMOND,USA,,,,,,,,1,190,190,19,4,-10.0,8,1,8,-1.78571428571428,4,"Beijing, Beijing, China",CH,CH22,13001,39.9289,116.388,-1898541,1,Hong Kong,HK,HK,,22.25,114.166667,HK,4,"Beijing, Beijing, China",CH,CH22,13001,39.9289,116.388,-1898541,20191003194500,Fight,Material conflict
877166331,20191003,201910,USA,RICHMOND,USA,,,,,,,,CHNOPP,CHINA,CHN,,,,,OPP,,,1,190,190,19,4,-10.0,10,1,10,-1.78571428571428,1,Hong Kong,HK,HK,,22.25,114.166667,HK,4,"Beijing, Beijing, China",CH,CH22,13001,39.9289,116.388,-1898541,4,"Beijing, Beijing, China",CH,CH22,13001,39.9289,116.388,-1898541,20191003194500,Fight,Material conflict
877175952,20191003,201910,USA,UNITED STATES,USA,,,,,,,,CHN,CHINA,CHN,,,,,,,,1,010,010,01,1,0.0,14,4,14,0.324596812012244,4,"Bohai, Zhejiang, China",CH,CH02,13329,28.0355,119.794,-1899025,4,"Bohai, Zhejiang, China",CH,CH02,13329,28.0355,119.794,-1899025,4,"Bohai, Zhejiang, China",CH,CH02,13329,28.0355,119.794,-1899025,20191003204500,Make public statement,Verbal cooperation
877178068,20191003,201910,CHN,CHINA,CHN,,,,,,,,USAGOV,JOE BIDEN,USA,,,,,GOV,,,1,090,090,09,2,-2.0,20,2,20,-3.36700336700336,1,China,CH,CH,,35.0,105.0,CH,1,Ukraine,UP,UP,,49.0,32.0,UP,1,Ukraine,UP,UP,,49.0,32.0,UP,20191003210000,Investigate,Material cooperation
877179174,20191003,201910,USAELI,UNITED STATES,USA,,,,,ELI,,,CHN,CHINA,CHN,,,,,,,,1,020,020,02,1,3.0,8,1,8,-6.18336886993603,3,"White House, District of Columbia, United States",US,USDC,,38.8951,-77.0364,531871,1,China,CH,CH,,35.0,105.0,CH,1,China,CH,CH,,35.0,105.0,CH,20191003210000,Appeal,Verbal cooperation
877181809,20191003,201910,USA,MICHIGAN,USA,,,,,,,,CHN,CHINA,CHN,,,,,,,,1,0214,021,02,1,3.4,6,1,6,-1.84049079754601,4,"Ivanka, L'vivs'ka Oblast', Ukraine",UP,UP15,24377,50.3,23.7667,-1040301,4,"Ivanka, L'vivs'ka Oblast', Ukraine",UP,UP15,24377,50.3,23.7667,-1040301,4,"Ivanka, L'vivs'ka Oblast', Ukraine",UP,UP15,24377,50.3,23.7667,-1040301,20191003211500,Appeal,Verbal cooperation
877183327,20191003,201910,CHN,CHINA,CHN,,,,,,,,USA,FLORIDA,USA,,,,,,,,1,036,036,03,1,4.0,6,1,6,-2.40837696335079,4,"Jianming, Fujian, China",CH,CH07,13163,25.8822,116.27,10862961,2,"Florida, United States",US,USFL,,27.8333,-81.717,FL,2,"Florida, United States",US,USFL,,27.8333,-81.717,FL,20191003213000,Express intent to cooperate,Verbal cooperation
877184484,20191003,201910,USA,WASHINGTON,USA,,,,,,,,CHN,CHINA,CHN,,,,,,,,1,0214,021,02,1,3.4,10,1,10,-2.40837696335079,3,"Washington, District of Columbia, United States",US,USDC,DC001,38.8951,-77.0364,531871,4,"Jianming, Fujian, China",CH,CH07,13163,25.8822,116.27,10862961,4,"Jianming, Fujian, China",CH,CH07,13163,25.8822,116.27,10862961,20191003213000,Appeal,Verbal cooperation
877188000,20191003,201910,CHN,CHINA,CHN,,,,,,,,USA,UNITED STATES,USA,,,,,,,,1,020,020,02,1,3.0,10,1,10,0.36518563603165,1,China,CH,CH,,35.0,105.0,CH,1,United States,US,US,,39.828175,-98.5795,US,1,United States,US,US,,39.828175,-98.5795,US,20191003220000,Appeal,Verbal cooperation
877190449,20191003,201910,CHN,CHINA,CHN,,,,,,,,USA,AMERICAN,USA,,,,,,,,1,010,010,01,1,0.0,10,1,10,-4.24107142857142,5,"Tibet, Xizang, China",CH,CH14,13213,32.0,90.0,-1934604,5,"Tibet, Xizang, China",CH,CH14,13213,32.0,90.0,-1934604,5,"Tibet, Xizang, China",CH,CH14,13213,32.0,90.0,-1934604,20191003221500,Make public statement,Verbal cooperation
877190451,20191003,201910,CHN,CHINA,CHN,,,,,,,,USA,AMERICAN,USA,,,,,,,,1,075,075,07,2,7.0,6,1,6,5.69105691056911,3,"Glenview, California, United States",US,USCA,CA073,32.8323,-116.906,242748,3,"Glenview, California, United States",US,USCA,CA073,32.8323,-116.906,242748,3,"Glenview, California, United States",US,USCA,CA073,32.8323,-116.906,242748,20191003221500,Provide aid,Material cooperation
877190452,20191003,201910,CHN,CHINESE,CHN,,,,,,,,USA,TEXAS,USA,,,,,,,,1,080,080,08,2,5.0,7,1,7,-5.63063063063064,1,China,CH,CH,,35.0,105.0,CH,2,"Texas, United States",US,USTX,,31.106,-97.6475,TX,2,"Texas, United States",US,USTX,,31.106,-97.6475,TX,20191003221500,Yield,Material cooperation
877192694,20191003,201910,CHN,CHINA,CHN,,,,,,,,USAGOV,THE US,USA,,,,,GOV,,,1,033,033,03,1,5.2,6,1,6,-0.82644628099173,4,"Beijing, Beijing, China",CH,CH22,13001,39.9289,116.388,-1898541,1,Taiwan,TW,TW,,24.0,121.0,TW,4,"Beijing, Beijing, China",CH,CH22,13001,39.9289,116.388,-1898541,20191003223000,Express intent to cooperate,Verbal cooperation
877195156,20191003,201910,CHN,CHINA,CHN,,,,,,,,USA,THE US,USA,,,,,,,,1,012,012,01,1,-0.4,6,1,6,-3.92156862745098,4,"Guangdong, Jilin, China",CH,CH05,13176,42.7683,129.336,10884162,4,"Guangdong, Jilin, China",CH,CH05,13176,42.7683,129.336,10884162,4,"Guangdong, Jilin, China",CH,CH05,13176,42.7683,129.336,10884162,20191003224500,Make public statement,Verbal cooperation
877196315,20191003,201910,USA,UNITED STATES,USA,,,,,,,,CHN,CHINA,CHN,,,,,,,,1,0214,021,02,1,3.4,11,4,11,-3.56872106189367,4,"Kyiv, Kyyiv, Misto, Ukraine",UP,UP12,28554,50.4333,30.5167,-1044367,4,"Kyiv, Kyyiv, Misto, Ukraine",UP,UP12,28554,50.4333,30.5167,-1044367,4,"Kyiv, Kyyiv, Misto, Ukraine",UP,UP12,28554,50.4333,30.5167,-1044367,20191003224500,Appeal,Verbal cooperation
877196537,20191003,201910,USAGOV,ILLINOIS,USA,,,,,GOV,,,CHN,CANTON,CHN,,,,,,,,1,0831,083,08,2,5.0,6,1,6,-2.30179028132993,2,"Illinois, United States",US,USIL,,40.3363,-89.0022,IL,1,China,CH,CH,,35.0,105.0,CH,2,"Illinois, United States",US,USIL,,40.3363,-89.0022,IL,20191003224500,Yield,Material cooperation
877196538,20191003,201910,USAGOV,ILLINOIS,USA,,,,,GOV,,,CHN,CANTON,CHN,,,,,,,,1,1014,101,10,3,-5.0,6,1,6,-2.30179028132993,2,"Illinois, United States",US,USIL,,40.3363,-89.0022,IL,2,"Illinois, United States",US,USIL,,40.3363,-89.0022,IL,2,"Illinois, United States",US,USIL,,40.3363,-89.0022,IL,20191003224500,Demand,Verbal conflict
877200656,20191003,201910,USA,UNITED STATES,USA,,,,,,,,CHN,CHINA,CHN,,,,,,,,1,020,020,02,1,3.0,12,6,12,-1.74757281553398,2,"California, United States",US,USCA,,36.17,-119.746,CA,3,"White House, District of Columbia, United States",US,USDC,,38.8951,-77.0364,531871,2,"California, United States",US,USCA,,36.17,-119.746,CA,20191003231500,Appeal,Verbal cooperation
877200657,20191003,201910,USA,UNITED STATES,USA,,,,,,,,CHN,CHINA,CHN,,,,,,,,1,020,020,02,1,3.0,12,6,12,-1.74757281553398,2,"California, United States",US,USCA,,36.17,-119.746,CA,3,"Reno, Nevada, United States",US,USNV,NV031,39.5296,-119.814,861100,3,"Reno, Nevada, United States",US,USNV,NV031,39.5296,-119.814,861100,20191003231500,Appeal,Verbal cooperation
877201725,20191003,201910,CHN,CHINA,CHN,,,,,,,,MNCUSA,BLACKROCK,USA,,,,,MNC,,,1,046,046,04,1,7.0,10,1,10,0.0,1,China,CH,CH,,35.0,105.0,CH,1,China,CH,CH,,35.0,105.0,CH,1,China,CH,CH,,35.0,105.0,CH,20191003233000,Consult,Verbal cooperation
877202452,20191003,201910,MNCUSA,BLACKROCK,USA,,,,,MNC,,,CHN,CHINA,CHN,,,,,,,,1,046,046,04,1,7.0,10,1,10,0.0,4,"Bangalore, Karnataka, India",IN,IN19,70159,12.9833,77.5833,-2090174,4,"Bangalore, Karnataka, India",IN,IN19,70159,12.9833,77.5833,-2090174,4,"Bangalore, Karnataka, India",IN,IN19,70159,12.9833,77.5833,-2090174,20191003233000,Consult,Verbal cooperation
877202767,20191003,201910,USA,UNITED STATES,USA,,,,,,,,CHN,CHINA,CHN,,,,,,,,1,020,020,02,1,3.0,11,6,11,-2.0484996114263,2,"California, United States",US,USCA,,36.17,-119.746,CA,2,"California, United States",US,USCA,,36.17,-119.746,CA,2,"California, United States",US,USCA,,36.17,-119.746,CA,20191003233000,Appeal,Verbal cooperation
877202769,20191003,201910,USA,WASHINGTON,USA,,,,,,,,CHN,CHINA,CHN,,,,,,,,1,111,111,11,3,-2.0,8,1,8,-6.37450199203187,3,"Lewisville, Texas, United States",US,USTX,TX121,33.0462,-96.9942,1339860,3,"Lewisville, Texas, United States",US,USTX,TX121,33.0462,-96.9942,1339860,3,"Lewisville, Texas, United States",US,USTX,TX121,33.0462,-96.9942,1339860,20191003233000,Disapprove,Verbal conflict
877204903,20191003,201910,USA,WASHINGTON,USA,,,,,,,,CHN,CHINA,CHN,,,,,,,,1,020,020,02,1,3.0,8,1,8,-1.61290322580645,1,North Korea,KN,KN,,40.0,127.0,KN,1,North Korea,KN,KN,,40.0,127.0,KN,1,North Korea,KN,KN,,40.0,127.0,KN,20191003234500,Appeal,Verbal cooperation
877206481,20191004,201910,CHN,CHINA,CHN,,,,,,,,USA,UNITED STATES,USA,,,,,,,,1,045,045,04,1,5.0,6,1,6,-1.49253731343283,1,China,CH,CH,,35.0,105.0,CH,1,United States,US,US,,39.828175,-98.5795,US,1,Russia,RS,RS,,60.0,100.0,RS,20191004000000,Consult,Verbal cooperation
877206492,20191004,201910,CHN,CHINA,CHN,,,,,,,,USAGOV,JOE BIDEN,USA,,,,,GOV,,,1,090,090,09,2,-2.0,20,2,20,-3.27020903689138,1,China,CH,CH,,35.0,105.0,CH,1,Ukraine,UP,UP,,49.0,32.0,UP,1,Ukraine,UP,UP,,49.0,32.0,UP,20191004000000,Investigate,Material cooperation
877208781,20191004,201910,USA,WASHINGTON,USA,,,,,,,,CHN,CHINA,CHN,,,,,,,,1,020,020,02,1,3.0,6,2,6,-1.1830201809325,4,"Beijing, Beijing, China",CH,CH22,13001,39.9289,116.388,-1898541,4,"Beijing, Beijing, China",CH,CH22,13001,39.9289,116.388,-1898541,4,"Beijing, Beijing, China",CH,CH22,13001,39.9289,116.388,-1898541,20191004000000,Appeal,Verbal cooperation
877208783,20191004,201910,USA,UNITED STATES,USA,,,,,,,,CHN,CHINA,CHN,,,,,,,,1,020,020,02,1,3.0,8,4,8,-1.74757281553398,2,"California, United States",US,USCA,,36.17,-119.746,CA,3,"White House, District of Columbia, United States",US,USDC,,38.8951,-77.0364,531871,2,"California, United States",US,USCA,,36.17,-119.746,CA,20191004000000,Appeal,Verbal cooperation
877208784,20191004,201910,USA,UNITED STATES,USA,,,,,,,,CHN,CHINA,CHN,,,,,,,,1,020,020,02,1,3.0,8,4,8,-1.74757281553398,2,"California, United States",US,USCA,,36.17,-119.746,CA,3,"Reno, Nevada, United States",US,USNV,NV031,39.5296,-119.814,861100,3,"Reno, Nevada, United States",US,USNV,NV031,39.5296,-119.814,861100,20191004000000,Appeal,Verbal cooperation
877208785,20191004,201910,USA,KANSAS,USA,,,,,,,,CHN,CHINA,CHN,,,,,,,,1,020,020,02,1,3.0,10,1,10,-6.0,1,Ukraine,UP,UP,,49.0,32.0,UP,1,Ukraine,UP,UP,,49.0,32.0,UP,1,Ukraine,UP,UP,,49.0,32.0,UP,20191004000000,Appeal,Verbal cooperation
877213608,20191004,201910,USAGOV,JOE BIDEN,USA,,,,,GOV,,,CHN,CHINA,CHN,,,,,,,,1,0214,021,02,1,3.4,12,2,12,-6.56962406473573,3,"White House, District of Columbia, United States",US,USDC,,38.8951,-77.0364,531871,3,"White House, District of Columbia, United States",US,USDC,,38.8951,-77.0364,531871,3,"White House, District of Columbia, United States",US,USDC,,38.8951,-77.0364,531871,20191004001500,Appeal,Verbal cooperation
877219422,20191004,201910,CHN,CHINA,CHN,,,,,,,,MNCUSA,COSTCO,USA,,,,,MNC,,,1,010,010,01,1,0.0,7,1,7,-0.3448275862069,4,"Shanghai, Shanghai, China",CH,CH23,13243,31.2222,121.458,-1924465,4,"Shanghai, Shanghai, China",CH,CH23,13243,31.2222,121.458,-1924465,4,"Shanghai, Shanghai, China",CH,CH23,13243,31.2222,121.458,-1924465,20191004004500,Make public statement,Verbal cooperation
877219442,20191004,201910,CHN,CHINA,CHN,,,,,,,,USA,UNITED STATES,USA,,,,,,,,1,190,190,19,4,-10.0,8,1,8,-3.96825396825397,1,China,CH,CH,,35.0,105.0,CH,1,United States,US,US,,39.828175,-98.5795,US,1,China,CH,CH,,35.0,105.0,CH,20191004004500,Fight,Material conflict
877221642,20191004,201910,USA,UNITED STATES,USA,,,,,,,,CHN,CHINA,CHN,,,,,,,,1,190,190,19,4,-10.0,10,1,10,-3.96825396825397,1,United Kingdom,UK,UK,,54.0,-4.0,UK,1,United Kingdom,UK,UK,,54.0,-4.0,UK,1,United Kingdom,UK,UK,,54.0,-4.0,UK,20191004004500,Fight,Material conflict
877226899,20191004,201910,CHN,CHINA,CHN,,,,,,,,USA,FLORIDA,USA,,,,,,,,1,042,042,04,1,1.9,6,1,6,-1.60183066361556,4,"Beijing, Beijing, China",CH,CH22,13001,39.9289,116.388,-1898541,2,"Florida, United States",US,USFL,,27.8333,-81.717,FL,3,"White House, District of Columbia, United States",US,USDC,,38.8951,-77.0364,531871,20191004011500,Consult,Verbal cooperation
877227878,20191004,201910,MNCUSA,BLACKROCK,USA,,,,,MNC,,,CHN,CHINA,CHN,,,,,,,,1,111,111,11,3,-2.0,7,1,7,0.56285178236398,4,"Weixin, Guangdong, China",CH,CH30,13028,23.3009,113.69,10470098,4,"Weixin, Guangdong, China",CH,CH30,13028,23.3009,113.69,10470098,4,"Weixin, Guangdong, China",CH,CH30,13028,23.3009,113.69,10470098,20191004011500,Disapprove,Verbal conflict
877228329,20191004,201910,USA,WASHINGTON,USA,,,,,,,,CHN,CHINA,CHN,,,,,,,,1,020,020,02,1,3.0,8,1,8,-1.61290322580645,1,North Korea,KN,KN,,40.0,127.0,KN,1,North Korea,KN,KN,,40.0,127.0,KN,1,North Korea,KN,KN,,40.0,127.0,KN,20191004011500,Appeal,Verbal cooperation
877228334,20191004,201910,USA,FLORIDA,USA,,,,,,,,CHN,CHINA,CHN,,,,,,,,1,043,043,04,1,2.8,6,1,6,-1.60183066361556,2,"Florida, United States",US,USFL,,27.8333,-81.717,FL,4,"Beijing, Beijing, China",CH,CH22,13001,39.9289,116.388,-1898541,3,"White House, District of Columbia, United States",US,USDC,,38.8951,-77.0364,531871,20191004011500,Consult,Verbal cooperation
877234151,20191004,201910,USA,CONNECTICUT,USA,,,,,,,,CHN,CHINA,CHN,,,,,,,,1,100,100,10,3,-5.0,11,2,11,-3.32937083322291,3,"White House, District of Columbia, United States",US,USDC,,38.8951,-77.0364,531871,3,"White House, District of Columbia, United States",US,USDC,,38.8951,-77.0364,531871,3,"White House, District of Columbia, United States",US,USDC,,38.8951,-77.0364,531871,20191004014500,Demand,Verbal conflict
877236580,20191004,201910,USA,LAWRENCE,USA,,,,,,,,CHN,CANTON,CHN,,,,,,,,1,173,173,17,4,-5.0,10,1,10,-11.8012422360248,1,China,CH,CH,,35.0,105.0,CH,1,China,CH,CH,,35.0,105.0,CH,1,China,CH,CH,,35.0,105.0,CH,20191004020000,Coerce,Material conflict
877238459,20191004,201910,USA,AMERICAN,USA,,,,,,,,CHN,CHINESE,CHN,,,,,,,,1,020,020,02,1,3.0,9,1,9,-4.28061831153389,2,"Iowa, United States",US,USIA,,42.0046,-93.214,IA,2,"Iowa, United States",US,USIA,,42.0046,-93.214,IA,2,"Iowa, United States",US,USIA,,42.0046,-93.214,IA,20191004021500,Appeal,Verbal cooperation
877239790,20191004,201910,CHN,CHINA,CHN,,,,,,,,USA,FLORIDA,USA,,,,,,,,1,036,036,03,1,4.0,6,1,6,-2.51916757940854,4,"Jianming, Fujian, China",CH,CH07,13163,25.8822,116.27,10862961,2,"Florida, United States",US,USFL,,27.8333,-81.717,FL,2,"Florida, United States",US,USFL,,27.8333,-81.717,FL,20191004023000,Express intent to cooperate,Verbal cooperation
877239792,20191004,201910,CHN,CHINESE,CHN,,,,,,,,USAGOV,THE US,USA,,,,,GOV,,,1,190,190,19,4,-10.0,10,1,10,-0.95011876484561,1,China,CH,CH,,35.0,105.0,CH,1,China,CH,CH,,35.0,105.0,CH,1,China,CH,CH,,35.0,105.0,CH,20191004023000,Fight,Material conflict
877241296,20191004,201910,USAGOV,THE US,USA,,,,,GOV,,,CHN,CHINESE,CHN,,,,,,,,1,190,190,19,4,-10.0,8,1,8,-0.95011876484561,1,United States,US,US,,39.828175,-98.5795,US,1,United States,US,US,,39.828175,-98.5795,US,1,United States,US,US,,39.828175,-98.5795,US,20191004023000,Fight,Material conflict
877243180,20191004,201910,USA,UNITED STATES,USA,,,,,,,,CHN,CHINA,CHN,,,,,,,,1,020,020,02,1,3.0,10,1,10,-3.22927879440259,1,United States,US,US,,39.828175,-98.5795,US,1,United States,US,US,,39.828175,-98.5795,US,1,United States,US,US,,39.828175,-98.5795,US,20191004024500,Appeal,Verbal cooperation
877243183,20191004,201910,USA,CHICAGO,USA,,,,,,,,CHNOPP,TIBET,CHN,,,,,OPP,,,1,051,051,05,1,3.4,10,1,10,0.0,3,"Chicago, Illinois, United States",US,USIL,IL031,41.85,-87.6501,423587,3,"Chicago, Illinois, United States",US,USIL,IL031,41.85,-87.6501,423587,3,"Chicago, Illinois, United States",US,USIL,IL031,41.85,-87.6501,423587,20191004024500,Engage in diplomatic cooperation,Verbal cooperation
877243184,20191004,201910,USA,CHICAGO,USA,,,,,,,,CHNOPP,TIBET,CHN,,,,,OPP,,,1,141,141,14,3,-6.5,10,1,10,0.0,3,"Chicago, Illinois, United States",US,USIL,IL031,41.85,-87.6501,423587,3,"Chicago, Illinois, United States",US,USIL,IL031,41.85,-87.6501,423587,3,"Chicago, Illinois, United States",US,USIL,IL031,41.85,-87.6501,423587,20191004024500,Protest,Verbal conflict
877250524,20191004,201910,USA,UNITED STATES,USA,,,,,,,,CHN,CANTON,CHN,,,,,,,,1,017,017,01,1,0.0,6,1,6,3.93013100436681,2,"Illinois, United States",US,USIL,,40.3363,-89.0022,IL,2,"Illinois, United States",US,USIL,,40.3363,-89.0022,IL,2,"Illinois, United States",US,USIL,,40.3363,-89.0022,IL,20191004033000,Make public statement,Verbal cooperation
877250528,20191004,201910,USA,AMERICAN,USA,,,,,,,,CHN,CHINESE,CHN,,,,,,,,1,020,020,02,1,3.0,9,1,7,-1.61290322580645,1,United States,US,US,,39.828175,-98.5795,US,4,"Beijing, Beijing, China",CH,CH22,13001,39.9289,116.388,-1898541,1,United States,US,US,,39.828175,-98.5795,US,20191004033000,Appeal,Verbal cooperation
877250532,20191004,201910,USA,AMERICAN,USA,,,,,,,,CHN,CHINESE,CHN,,,,,,,,1,130,130,13,3,-4.4,7,1,7,-1.61290322580645,1,Ukraine,UP,UP,,49.0,32.0,UP,1,Ukraine,UP,UP,,49.0,32.0,UP,1,Ukraine,UP,UP,,49.0,32.0,UP,20191004033000,Threaten,Verbal conflict
877255450,20191004,201910,CHN,CHINA,CHN,,,,,,,,USA,UNITED STATES,USA,,,,,,,,1,025,025,02,1,-0.3,6,2,6,-4.58715596330275,1,China,CH,CH,,35.0,105.0,CH,3,"White House, District of Columbia, United States",US,USDC,,38.8951,-77.0364,531871,3,"White House, District of Columbia, United States",US,USDC,,38.8951,-77.0364,531871,20191004041500,Appeal,Verbal cooperation
877255458,20191004,201910,CHNGOV,XI JINPING,CHN,,,,,GOV,,,USA,UNITED STATES,USA,,,,,,,,1,010,010,01,1,0.0,8,2,8,-4.58715596330275,2,"California, United States",US,USCA,,36.17,-119.746,CA,3,"White House, District of Columbia, United States",US,USDC,,38.8951,-77.0364,531871,3,"White House, District of Columbia, United States",US,USDC,,38.8951,-77.0364,531871,20191004041500,Make public statement,Verbal cooperation
877255459,20191004,201910,CHNGOV,XI JINPING,CHN,,,,,GOV,,,USA,UNITED STATES,USA,,,,,,,,1,025,025,02,1,-0.3,8,2,8,-4.58715596330275,3,"White House, District of Columbia, United States",US,USDC,,38.8951,-77.0364,531871,3,"White House, District of Columbia, United States",US,USDC,,38.8951,-77.0364,531871,3,"White House, District of Columbia, United States",US,USDC,,38.8951,-77.0364,531871,20191004041500,Appeal,Verbal cooperation
877255460,20191004,201910,CHNGOV,XI JINPING,CHN,,,,,GOV,,,USA,UNITED STATES,USA,,,,,,,,1,084,084,08,2,7.0,8,2,8,-4.58715596330275,2,"California, United States",US,USCA,,36.17,-119.746,CA,3,"White House, District of Columbia, United States",US,USDC,,38.8951,-77.0364,531871,3,"White House, District of Columbia, United States",US,USDC,,38.8951,-77.0364,531871,20191004041500,Yield,Material cooperation
877256350,20191004,201910,USA,WASHINGTON,USA,,,,,,,,CHN,CHINA,CHN,,,,,,,,1,0211,021,02,1,3.4,6,1,6,-3.02439024390244,1,Russia,RS,RS,,60.0,100.0,RS,1,Russia,RS,RS,,60.0,100.0,RS,1,Russia,RS,RS,,60.0,100.0,RS,20191004041500,Appeal,Verbal cooperation
877256352,20191004,201910,USA,WASHINGTON,USA,,,,,,,,CHN,CHINA,CHN,,,,,,,,1,0214,021,02,1,3.4,8,1,8,-2.43128964059197,3,"Washington, District of Columbia, United States",US,USDC,DC001,38.8951,-77.0364,531871,4,"Jianming, Fujian, China",CH,CH07,13163,25.8822,116.27,10862961,4,"Jianming, Fujian, China",CH,CH07,13163,25.8822,116.27,10862961,20191004041500,Appeal,Verbal cooperation
877263579,20191004,201910,CHN,CHINA,CHN,,,,,,,,USAGOV,JOE BIDEN,USA,,,,,GOV,,,1,020,020,02,1,3.0,10,1,10,-1.83078563810878,1,China,CH,CH,,35.0,105.0,CH,1,China,CH,CH,,35.0,105.0,CH,1,China,CH,CH,,35.0,105.0,CH,20191004051500,Appeal,Verbal cooperation
877264410,20191004,201910,USA,UNITED STATES,USA,,,,,,,,CHN,CHINA,CHN,,,,,,,,1,020,020,02,1,3.0,6,2,6,-2.00873362445414,2,"Wisconsin, United States",US,USWI,,44.2563,-89.6385,WI,4,"Kyiv, Kyyiv, Misto, Ukraine",UP,UP12,28554,50.4333,30.5167,-1044367,4,"Kyiv, Kyyiv, Misto, Ukraine",UP,UP12,28554,50.4333,30.5167,-1044367,20191004051500,Appeal,Verbal cooperation
877264411,20191004,201910,USA,WISCONSIN,USA,,,,,,,,CHN,CHINA,CHN,,,,,,,,1,020,020,02,1,3.0,8,2,8,-2.00873362445414,2,"Wisconsin, United States",US,USWI,,44.2563,-89.6385,WI,1,China,CH,CH,,35.0,105.0,CH,4,"Kyiv, Kyyiv, Misto, Ukraine",UP,UP12,28554,50.4333,30.5167,-1044367,20191004051500,Appeal,Verbal cooperation
877264520,20191004,201910,USALEG,THE US,USA,,,,,LEG,,,CHN,CHINESE,CHN,,,,,,,,1,020,020,02,1,3.0,10,1,10,0.0,1,China,CH,CH,,35.0,105.0,CH,1,China,CH,CH,,35.0,105.0,CH,1,China,CH,CH,,35.0,105.0,CH,20191004051500,Appeal,Verbal cooperation
877264529,20191004,201910,USAMED,THE ASSOCIATED PRESS,USA,,,,,MED,,,CHN,CHINA,CHN,,,,,,,,1,0871,087,08,2,9.0,10,1,10,-0.735294117647061,4,"Tokyo, Tokyo, Japan",JA,JA40,36340,35.685,139.751,-246227,4,"Tokyo, Tokyo, Japan",JA,JA40,36340,35.685,139.751,-246227,4,"Tokyo, Tokyo, Japan",JA,JA40,36340,35.685,139.751,-246227,20191004051500,Yield,Material cooperation
877264924,20191004,201910,CHNGOV,CHINESE,CHN,,,,,GOV,,,USAGOV,JOE BIDEN,USA,,,,,GOV,,,1,020,020,02,1,3.0,6,1,6,-2.59740259740259,4,"Beijing, Beijing, China",CH,CH22,13001,39.9289,116.388,-1898541,4,"Beijing, Beijing, China",CH,CH22,13001,39.9289,116.388,-1898541,4,"Beijing, Beijing, China",CH,CH22,13001,39.9289,116.388,-1898541,20191004053000,Appeal,Verbal cooperation
877266757,20191004,201910,CHN,CHINA,CHN,,,,,,,,USA,AMERICAN,USA,,,,,,,,1,010,010,01,1,0.0,10,1,10,-3.91304347826087,5,"Tibet, Xizang, China",CH,CH14,13213,32.0,90.0,-1934604,5,"Tibet, Xizang, China",CH,CH14,13213,32.0,90.0,-1934604,5,"Tibet, Xizang, China",CH,CH14,13213,32.0,90.0,-1934604,20191004054500,Make public statement,Verbal cooperation
877273662,20191004,201910,CHN,CHINA,CHN,,,,,,,,USAMED,REUTERS,USA,,,,,MED,,,1,042,042,04,1,1.9,6,1,6,-6.62251655629139,1,Hong Kong,HK,HK,,22.25,114.166667,HK,1,Hong Kong,HK,HK,,22.25,114.166667,HK,1,Hong Kong,HK,HK,,22.25,114.166667,HK,20191004063000,Consult,Verbal cooperation
877274627,20191004,201910,USA,NEW YORK,USA,,,,,,,,CHN,CHINA,CHN,,,,,,,,1,0214,021,02,1,3.4,8,1,8,-3.14009661835749,2,"New York, United States",US,USNY,,42.1497,-74.9384,NY,4,"Beijing, Beijing, China",CH,CH22,13001,39.9289,116.388,-1898541,4,"Beijing, Beijing, China",CH,CH22,13001,39.9289,116.388,-1898541,20191004063000,Appeal,Verbal cooperation
877274776,20191004,201910,USAMED,REUTERS,USA,,,,,MED,,,CHN,CHINA,CHN,,,,,,,,1,043,043,04,1,2.8,6,1,6,-6.62251655629139,1,Hong Kong,HK,HK,,22.25,114.166667,HK,1,Hong Kong,HK,HK,,22.25,114.166667,HK,1,Hong Kong,HK,HK,,22.25,114.166667,HK,20191004063000,Consult,Verbal cooperation
877284210,20191004,201910,CHN,CHINA,CHN,,,,,,,,USAGOV,THE WHITE HOUSE,USA,,,,,GOV,,,1,090,090,09,2,-2.0,22,11,22,-3.28396876067596,1,China,CH,CH,,35.0,105.0,CH,3,"White House, District of Columbia, United States",US,USDC,,38.8951,-77.0364,531871,1,China,CH,CH,,35.0,105.0,CH,20191004074500,Investigate,Material cooperation
877285013,20191004,201910,USAGOV,THE WHITE HOUSE,USA,,,,,GOV,,,CHN,CHINA,CHN,,,,,,,,1,090,090,09,2,-2.0,13,12,13,-3.27555491971083,3,"White House, District of Columbia, United States",US,USDC,,38.8951,-77.0364,531871,1,China,CH,CH,,35.0,105.0,CH,3,"White House, District of Columbia, United States",US,USDC,,38.8951,-77.0364,531871,20191004074500,Investigate,Material cooperation
877297640,20190904,201909,USA,WASHINGTON,USA,,,,,,,,CHN,CHINESE,CHN,,,,,,,,1,163,163,16,4,-8.0,8,1,8,-6.62020905923345,4,"Dalian, Liaoning, China",CH,CH19,13327,38.9122,121.602,-1901835,4,"Dalian, Liaoning, China",CH,CH19,13327,38.9122,121.602,-1901835,4,"Dalian, Liaoning, China",CH,CH19,13327,38.9122,121.602,-1901835,20191004091500,Reduce relations,Material conflict
877301623,20191004,201910,USA,UNITED STATES,USA,,,,,,,,CHN,CHINA,CHN,,,,,,,,1,012,012,01,1,-0.4,6,1,6,-4.07608695652173,1,United States,US,US,,39.828175,-98.5795,US,1,China,CH,CH,,35.0,105.0,CH,1,United States,US,US,,39.828175,-98.5795,US,20191004093000,Make public statement,Verbal cooperation
877313571,20191004,201910,USA,UNITED STATES,USA,,,,,,,,CHN,CHINA,CHN,,,,,,,,1,0214,021,02,1,3.4,8,4,8,-1.95712954333644,3,"Denver, Colorado, United States",US,USCO,CO031,39.7392,-104.985,201738,3,"Chicago, Illinois, United States",US,USIL,IL031,41.85,-87.6501,423587,3,"Chicago, Illinois, United States",US,USIL,IL031,41.85,-87.6501,423587,20191004103000,Appeal,Verbal cooperation
877313734,20191004,201910,USAGOV,THE WHITE HOUSE,USA,,,,,GOV,,,CHN,CHINA,CHN,,,,,,,,1,0214,021,02,1,3.4,8,4,8,-1.95712954333644,3,"Denver, Colorado, United States",US,USCO,CO031,39.7392,-104.985,201738,3,"Chicago, Illinois, United States",US,USIL,IL031,41.85,-87.6501,423587,3,"Chicago, Illinois, United States",US,USIL,IL031,41.85,-87.6501,423587,20191004103000,Appeal,Verbal cooperation
877330210,20191004,201910,CHN,SHANGHAI,CHN,,,,,,,,USAMED,REUTERS,USA,,,,,MED,,,1,042,042,04,1,1.9,8,1,8,-2.08333333333334,4,"Bengaluru, Karnataka, India",IN,IN19,70159,12.9833,77.5833,-2090174,4,"Bengaluru, Karnataka, India",IN,IN19,70159,12.9833,77.5833,-2090174,4,"Bengaluru, Karnataka, India",IN,IN19,70159,12.9833,77.5833,-2090174,20191004120000,Consult,Verbal cooperation
877331476,20191004,201910,USAMED,REUTERS,USA,,,,,MED,,,CHN,SHANGHAI,CHN,,,,,,,,1,043,043,04,1,2.8,8,1,8,-2.08333333333334,4,"Shanghai, Shanghai, China",CH,CH23,13243,31.2222,121.458,-1924465,4,"Shanghai, Shanghai, China",CH,CH23,13243,31.2222,121.458,-1924465,4,"Shanghai, Shanghai, China",CH,CH23,13243,31.2222,121.458,-1924465,20191004120000,Consult,Verbal cooperation
877333272,20191004,201910,USALEG,NEBRASKA,USA,,,,,LEG,,,CHN,CHINA,CHN,,,,,,,,1,020,020,02,1,3.0,6,1,6,-3.0,2,"Nebraska, United States",US,USNE,,41.1289,-98.2883,NE,4,"Beijing, Beijing, China",CH,CH22,13001,39.9289,116.388,-1898541,4,"Beijing, Beijing, China",CH,CH22,13001,39.9289,116.388,-1898541,20191004121500,Appeal,Verbal cooperation
877333277,20191004,201910,USAMED,THE US,USA,,,,,MED,,,CHN,CHINA,CHN,,,,,,,,1,0214,021,02,1,3.4,8,1,8,-7.77777777777778,4,"Paris, France (general), France",FR,FR00,16282,48.8667,2.33333,-1456928,1,China,CH,CH,,35.0,105.0,CH,1,China,CH,CH,,35.0,105.0,CH,20191004121500,Appeal,Verbal cooperation
877340456,20191004,201910,USA,UNITED STATES,USA,,,,,,,,CHN,CHINA,CHN,,,,,,,,1,110,110,11,3,-2.0,10,1,10,-1.54220779220779,1,Japan,JA,JA,,36.0,138.0,JA,1,Japan,JA,JA,,36.0,138.0,JA,1,Japan,JA,JA,,36.0,138.0,JA,20191004124500,Disapprove,Verbal conflict
877343756,20191004,201910,CHN,CHINA,CHN,,,,,,,,USA,AMERICAN,USA,,,,,,,,1,051,051,05,1,3.4,10,1,10,-1.24223602484472,4,"Beijing, Beijing, China",CH,CH22,13001,39.9289,116.388,-1898541,4,"Beijing, Beijing, China",CH,CH22,13001,39.9289,116.388,-1898541,4,"Beijing, Beijing, China",CH,CH22,13001,39.9289,116.388,-1898541,20191004131500,Engage in diplomatic cooperation,Verbal cooperation
877354113,20191004,201910,CHN,CHINA,CHN,,,,,,,,USA,WASHINGTON,USA,,,,,,,,1,080,080,08,2,5.0,8,1,8,-2.8493894165536,3,"Washington, District of Columbia, United States",US,USDC,DC001,38.8951,-77.0364,531871,3,"Washington, District of Columbia, United States",US,USDC,DC001,38.8951,-77.0364,531871,3,"Washington, District of Columbia, United States",US,USDC,DC001,38.8951,-77.0364,531871,20191004140000,Yield,Material cooperation
877357042,20191004,201910,CHN,CHINA,CHN,,,,,,,,USAGOV,JOE BIDEN,USA,,,,,GOV,,,1,110,110,11,3,-2.0,6,1,6,-0.66131317902692,1,Ukraine,UP,UP,,49.0,32.0,UP,1,Ukraine,UP,UP,,49.0,32.0,UP,1,Ukraine,UP,UP,,49.0,32.0,UP,20191004141500,Disapprove,Verbal conflict
877363378,20191004,201910,USA,NEBRASKA,USA,,,,,,,,CHNGOV,CHINESE,CHN,,,,,GOV,,,1,0211,021,02,1,3.4,6,1,6,-4.40528634361234,2,"Nebraska, United States",US,USNE,,41.1289,-98.2883,NE,4,"Beijing, Beijing, China",CH,CH22,13001,39.9289,116.388,-1898541,4,"Beijing, Beijing, China",CH,CH22,13001,39.9289,116.388,-1898541,20191004144500,Appeal,Verbal cooperation
877369596,20191004,201910,CHN,CHINESE,CHN,,,,,,,,USAGOV,THE US,USA,,,,,GOV,,,1,080,080,08,2,5.0,10,1,10,-3.29218106995884,1,China,CH,CH,,35.0,105.0,CH,4,"New Delhi, Delhi, India",IN,IN07,17911,28.6,77.2,-2106102,4,"New Delhi, Delhi, India",IN,IN07,17911,28.6,77.2,-2106102,20191004151500,Yield,Material cooperation
877379825,20191004,201910,USA,UNITED STATES,USA,,,,,,,,CHN,CHINA,CHN,,,,,,,,1,0211,021,02,1,3.4,6,4,6,-2.74001919652128,3,"White House, District of Columbia, United States",US,USDC,,38.8951,-77.0364,531871,3,"White House, District of Columbia, United States",US,USDC,,38.8951,-77.0364,531871,3,"White House, District of Columbia, United States",US,USDC,,38.8951,-77.0364,531871,20191004160000,Appeal,Verbal cooperation
877384176,20190927,201909,USA,UNITED STATES,USA,,,,,,,,CHN,CHINA,CHN,,,,,,,,1,163,163,16,4,-8.0,8,1,8,-4.48877805486285,1,South Korea,KS,KS,,37.0,127.5,KS,2,"New York, United States",US,USNY,,42.1497,-74.9384,NY,2,"New York, United States",US,USNY,,42.1497,-74.9384,NY,20191004163000,Reduce relations,Material conflict
877385898,20191004,201910,USA,WASHINGTON,USA,,,,,,,,CHN,CHINA,CHN,,,,,,,,1,090,090,09,2,-2.0,7,1,7,-1.82094081942337,3,"Washington, District of Columbia, United States",US,USDC,DC001,38.8951,-77.0364,531871,4,"Beijing, Beijing, China",CH,CH22,13001,39.9289,116.388,-1898541,2,"California, United States",US,USCA,,36.17,-119.746,CA,20191004163000,Investigate,Material cooperation
877392942,20190927,201909,USA,UNITED STATES,USA,,,,,,,,CHN,CHINA,CHN,,,,,,,,1,130,130,13,3,-4.4,28,8,28,-4.83033236864992,3,"Washington, District of Columbia, United States",US,USDC,DC001,38.8951,-77.0364,531871,1,China,CH,CH,,35.0,105.0,CH,3,"Washington, District of Columbia, United States",US,USDC,DC001,38.8951,-77.0364,531871,20191004171500,Threaten,Verbal conflict
877393344,20191004,201910,CHN,CHINA,CHN,,,,,,,,USA,UTAH,USA,,,,,,,,1,046,046,04,1,7.0,12,6,12,-4.68361272843317,1,China,CH,CH,,35.0,105.0,CH,1,China,CH,CH,,35.0,105.0,CH,1,China,CH,CH,,35.0,105.0,CH,20191004171500,Consult,Verbal cooperation
877397251,20191004,201910,USA,WASHINGTON,USA,,,,,,,,CHN,CHINA,CHN,,,,,,,,1,020,020,02,1,3.0,6,1,6,-8.22281167108754,3,"Washington, District of Columbia, United States",US,USDC,DC001,38.8951,-77.0364,531871,4,"Beijing, Beijing, China",CH,CH22,13001,39.9289,116.388,-1898541,1,Ukraine,UP,UP,,49.0,32.0,UP,20191004173000,Appeal,Verbal cooperation
877403421,20191004,201910,USA,UTAH,USA,,,,,,,,CHN,CHINA,CHN,,,,,,,,1,020,020,02,1,3.0,6,1,6,-7.61154855643045,2,"Utah, United States",US,USUT,,40.1135,-111.854,UT,4,"Beijing, Beijing, China",CH,CH22,13001,39.9289,116.388,-1898541,1,Ukraine,UP,UP,,49.0,32.0,UP,20191004180000,Appeal,Verbal cooperation
877403422,20191004,201910,USA,UTAH,USA,,,,,,,,CHN,CHINA,CHN,,,,,,,,1,020,020,02,1,3.0,6,3,6,-4.77326968973747,2,"Utah, United States",US,USUT,,40.1135,-111.854,UT,2,"Florida, United States",US,USFL,,27.8333,-81.717,FL,2,"Florida, United States",US,USFL,,27.8333,-81.717,FL,20191004180000,Appeal,Verbal cooperation
877405004,20191004,201910,CHN,CHINA,CHN,,,,,,,,USA,THE US,USA,,,,,,,,1,057,057,05,1,8.0,8,1,8,1.11731843575419,4,"Beijing, Beijing, China",CH,CH22,13001,39.9289,116.388,-1898541,4,"Beijing, Beijing, China",CH,CH22,13001,39.9289,116.388,-1898541,4,"Beijing, Beijing, China",CH,CH22,13001,39.9289,116.388,-1898541,20191004181500,Engage in diplomatic cooperation,Verbal cooperation
877406455,20191004,201910,USA,THE US,USA,,,,,,,,CHN,CHINA,CHN,,,,,,,,1,057,057,05,1,8.0,8,1,8,1.11731843575419,4,"Beijing, Beijing, China",CH,CH22,13001,39.9289,116.388,-1898541,4,"Beijing, Beijing, China",CH,CH22,13001,39.9289,116.388,-1898541,4,"Beijing, Beijing, China",CH,CH22,13001,39.9289,116.388,-1898541,20191004181500,Engage in diplomatic cooperation,Verbal cooperation
877419992,20191004,201910,USA,NEBRASKA,USA,,,,,,,,CHN,CHINA,CHN,,,,,,,,1,111,111,11,3,-2.0,6,1,6,-8.58585858585859,4,"Beijing, Beijing, China",CH,CH22,13001,39.9289,116.388,-1898541,4,"Beijing, Beijing, China",CH,CH22,13001,39.9289,116.388,-1898541,4,"Beijing, Beijing, China",CH,CH22,13001,39.9289,116.388,-1898541,20191004193000,Disapprove,Verbal conflict
877427223,20191004,201910,USA,WASHINGTON,USA,,,,,,,,CHN,CHINA,CHN,,,,,,,,1,173,173,17,4,-5.0,7,1,7,-1.61290322580645,3,"Washington, District of Columbia, United States",US,USDC,DC001,38.8951,-77.0364,531871,4,"Beijing, Beijing, China",CH,CH22,13001,39.9289,116.388,-1898541,2,"California, United States",US,USCA,,36.17,-119.746,CA,20191004201500,Coerce,Material conflict
877440357,20191004,201910,USA,AMERICAN,USA,,,,,,,,CHNGOV,CHINA,CHN,,,,,GOV,,,1,010,010,01,1,0.0,8,1,8,-3.33333333333333,1,United States,US,US,,39.828175,-98.5795,US,1,China,CH,CH,,35.0,105.0,CH,1,China,CH,CH,,35.0,105.0,CH,20191004214500,Make public statement,Verbal cooperation
877441448,20191004,201910,CHN,CHINA,CHN,,,,,,,,USAGOV,JOE BIDEN,USA,,,,,GOV,,,1,020,020,02,1,3.0,6,1,6,-5.59440559440559,1,Ukraine,UP,UP,,49.0,32.0,UP,1,Ukraine,UP,UP,,49.0,32.0,UP,1,Ukraine,UP,UP,,49.0,32.0,UP,20191004220000,Appeal,Verbal cooperation
877447104,20190927,201909,USAGOV,THE US,USA,,,,,GOV,,,CHNBUS,DALIAN,CHN,,,,,BUS,,,1,163,163,16,4,-8.0,8,1,8,-3.42205323193916,4,"Moscow, Moskva, Russia",RS,RS48,25106,55.7522,37.6156,-2960561,4,"Dalian, Liaoning, China",CH,CH19,13327,38.9122,121.602,-1901835,4,"Moscow, Moskva, Russia",RS,RS48,25106,55.7522,37.6156,-2960561,20191004224500,Reduce relations,Material conflict
877448366,20191004,201910,USA,WASHINGTON,USA,,,,,,,,CHN,CHINESE,CHN,,,,,,,,1,036,036,03,1,4.0,8,1,8,-4.39024390243902,3,"Washington, District of Columbia, United States",US,USDC,DC001,38.8951,-77.0364,531871,1,China,CH,CH,,35.0,105.0,CH,3,"Washington, District of Columbia, United States",US,USDC,DC001,38.8951,-77.0364,531871,20191004224500,Express intent to cooperate,Verbal cooperation
877448556,20191004,201910,USAGOV,THE US,USA,,,,,GOV,,,CHN,CHINESE,CHN,,,,,,,,1,163,163,16,4,-8.0,10,1,10,-3.42205323193916,4,"Tangshan, Hebei, China",CH,CH10,13076,39.6333,118.183,-1928048,4,"Tangshan, Hebei, China",CH,CH10,13076,39.6333,118.183,-1928048,4,"Tangshan, Hebei, China",CH,CH10,13076,39.6333,118.183,-1928048,20191004224500,Reduce relations,Material conflict
877452891,20191004,201910,CHN,CHINA,CHN,,,,,,,,USAMIL,UNITED STATES,USA,,,,,MIL,,,1,100,100,10,3,-5.0,8,1,8,1.90249702734839,1,China,CH,CH,,35.0,105.0,CH,3,"Washington, District of Columbia, United States",US,USDC,DC001,38.8951,-77.0364,531871,3,"Washington, District of Columbia, United States",US,USDC,DC001,38.8951,-77.0364,531871,20191004233000,Demand,Verbal conflict
877455608,20191004,201910,USA,UNITED STATES,USA,,,,,,,,CHN,CHINA,CHN,,,,,,,,1,010,010,01,1,0.0,6,1,6,-0.45871559633027,2,"Illinois, United States",US,USIL,,40.3363,-89.0022,IL,2,"Illinois, United States",US,USIL,,40.3363,-89.0022,IL,2,"Illinois, United States",US,USIL,,40.3363,-89.0022,IL,20191004234500,Make public statement,Verbal cooperation
877459213,20191005,201910,USA,WASHINGTON,USA,,,,,,,,CHN,CHINA,CHN,,,,,,,,1,020,020,02,1,3.0,6,1,6,-7.05128205128205,3,"Washington, District of Columbia, United States",US,USDC,DC001,38.8951,-77.0364,531871,4,"Beijing, Beijing, China",CH,CH22,13001,39.9289,116.388,-1898541,1,Ukraine,UP,UP,,49.0,32.0,UP,20191005000000,Appeal,Verbal cooperation
877459217,20191005,201910,USA,UNITED STATES,USA,,,,,,,,CHN,CHINA,CHN,,,,,,,,1,020,020,02,1,3.0,6,2,6,-2.96968507734653,3,"Omaha, Nebraska, United States",US,USNE,NE055,41.2586,-95.9378,835483,4,"Beijing, Beijing, China",CH,CH22,13001,39.9289,116.388,-1898541,4,"Beijing, Beijing, China",CH,CH22,13001,39.9289,116.388,-1898541,20191005000000,Appeal,Verbal cooperation
877459227,20191005,201910,USA,WASHINGTON,USA,,,,,,,,CHN,CHINA,CHN,,,,,,,,1,0214,021,02,1,3.4,10,1,10,-5.77507598784195,1,Iran,IR,IR,,32.0,53.0,IR,1,Iran,IR,IR,,32.0,53.0,IR,1,Iran,IR,IR,,32.0,53.0,IR,20191005000000,Appeal,Verbal cooperation
877461380,20191005,201910,CHN,CHINA,CHN,,,,,,,,USA,THE US,USA,,,,,,,,1,061,061,06,2,6.4,8,1,8,0.39370078740157,4,"Kuala Lumpur, Kuala Lumpur, Malaysia",MY,MY14,18585,3.16667,101.7,-2403010,4,"Kuala Lumpur, Kuala Lumpur, Malaysia",MY,MY14,18585,3.16667,101.7,-2403010,4,"Kuala Lumpur, Kuala Lumpur, Malaysia",MY,MY14,18585,3.16667,101.7,-2403010,20191005001500,Engage in material cooperation,Material cooperation
877463139,20191005,201910,USA,WISCONSIN,USA,,,,,,,,CHN,CHINA,CHN,,,,,,,,1,020,020,02,1,3.0,7,1,7,-5.76208178438661,3,"Shawano County, Wisconsin, United States",US,USWI,WI115,44.8,-88.7668,1581117,3,"Shawano County, Wisconsin, United States",US,USWI,,44.8,-88.7668,1581117,3,"Shawano County, Wisconsin, United States",US,USWI,,44.8,-88.7668,1581117,20191005001500,Appeal,Verbal cooperation
877469296,20191005,201910,USA,UTAH,USA,,,,,,,,CHN,CHINA,CHN,,,,,,,,1,020,020,02,1,3.0,8,1,8,-5.60224089635855,2,"Utah, United States",US,USUT,,40.1135,-111.854,UT,1,China,CH,CH,,35.0,105.0,CH,1,China,CH,CH,,35.0,105.0,CH,20191005004500,Appeal,Verbal cooperation
877469298,20191005,201910,USA,WISCONSIN,USA,,,,,,,,CHN,CHINA,CHN,,,,,,,,1,020,020,02,1,3.0,12,1,6,-2.80936454849498,2,"Wisconsin, United States",US,USWI,,44.2563,-89.6385,WI,4,"Beijing, Beijing, China",CH,CH22,13001,39.9289,116.388,-1898541,4,"Kyiv, Kyyiv, Misto, Ukraine",UP,UP12,28554,50.4333,30.5167,-1044367,20191005004500,Appeal,Verbal cooperation
877472121,20191005,201910,USA,UTAH,USA,,,,,,,,CHN,CHINA,CHN,,,,,,,,1,020,020,02,1,3.0,6,1,6,-8.31099195710456,2,"Utah, United States",US,USUT,,40.1135,-111.854,UT,4,"Beijing, Beijing, China",CH,CH22,13001,39.9289,116.388,-1898541,1,Ukraine,UP,UP,,49.0,32.0,UP,20191005010000,Appeal,Verbal cooperation
877473036,20190928,201909,USA,UNITED STATES,USA,,,,,,,,CHN,CHINA,CHN,,,,,,,,1,163,163,16,4,-8.0,8,1,8,-4.48877805486285,1,South Korea,KS,KS,,37.0,127.5,KS,2,"New York, United States",US,USNY,,42.1497,-74.9384,NY,2,"New York, United States",US,USNY,,42.1497,-74.9384,NY,20191005011500,Reduce relations,Material conflict
877474316,20191005,201910,MNCUSAGOV,MICROSOFT,USA,,,,,MNC,GOV,,CHN,CHINA,CHN,,,,,,,,1,012,012,01,1,-0.4,8,1,8,-1.49659863945578,4,"Beijing, Beijing, China",CH,CH22,13001,39.9289,116.388,-1898541,4,"Beijing, Beijing, China",CH,CH22,13001,39.9289,116.388,-1898541,4,"Beijing, Beijing, China",CH,CH22,13001,39.9289,116.388,-1898541,20191005011500,Make public statement,Verbal cooperation
877474318,20191005,201910,MNCUSAGOV,MICROSOFT,USA,,,,,MNC,GOV,,CHN,CHINA,CHN,,,,,,,,1,0874,087,08,2,10.0,10,1,10,-1.49659863945578,4,"Beijing, Beijing, China",CH,CH22,13001,39.9289,116.388,-1898541,4,"Beijing, Beijing, China",CH,CH22,13001,39.9289,116.388,-1898541,4,"Beijing, Beijing, China",CH,CH22,13001,39.9289,116.388,-1898541,20191005011500,Yield,Material cooperation
877478721,20191005,201910,USA,WASHINGTON,USA,,,,,,,,CHN,CHINA,CHN,,,,,,,,1,090,090,09,2,-2.0,8,1,8,-3.24427480916031,3,"Washington, District of Columbia, United States",US,USDC,DC001,38.8951,-77.0364,531871,4,"Beijing, Beijing, China",CH,CH22,13001,39.9289,116.388,-1898541,2,"California, United States",US,USCA,,36.17,-119.746,CA,20191005014500,Investigate,Material cooperation
877478723,20191005,201910,USA,WASHINGTON,USA,,,,,,,,CHN,CHINA,CHN,,,,,,,,1,173,173,17,4,-5.0,8,1,8,-3.24427480916031,3,"Washington, District of Columbia, United States",US,USDC,DC001,38.8951,-77.0364,531871,4,"Beijing, Beijing, China",CH,CH22,13001,39.9289,116.388,-1898541,2,"California, United States",US,USCA,,36.17,-119.746,CA,20191005014500,Coerce,Material conflict
877481255,20191005,201910,CHN,CHINA,CHN,,,,,,,,USA,UNITED STATES,USA,,,,,,,,1,111,111,11,3,-2.0,6,1,6,-1.43198090692124,4,"Vancouver, British Columbia, Canada",CA,CA02,12552,49.25,-123.133,-575268,4,"Anbang, Zhejiang, China",CH,CH02,13323,30.5336,120.374,11006456,4,"Anbang, Zhejiang, China",CH,CH02,13323,30.5336,120.374,11006456,20191005021500,Disapprove,Verbal conflict
877482157,20191005,201910,USAGOV,NASA,USA,,,,,GOV,,,CHN,CHINA,CHN,,,,,,,,1,070,070,07,2,7.0,10,1,10,1.25284738041003,4,"Hebei, Jilin, China",CH,CH05,13176,43.0999,129.768,10869701,4,"Hebei, Jilin, China",CH,CH05,13176,43.0999,129.768,10869701,4,"Hebei, Jilin, China",CH,CH05,13176,43.0999,129.768,10869701,20191005021500,Provide aid,Material cooperation
877494857,20191005,201910,CHN,CHINA,CHN,,,,,,,,USA,THE US,USA,,,,,,,,1,020,020,02,1,3.0,10,1,10,-0.98231827111984,1,China,CH,CH,,35.0,105.0,CH,1,China,CH,CH,,35.0,105.0,CH,1,China,CH,CH,,35.0,105.0,CH,20191005041500,Appeal,Verbal cooperation
877495611,20191005,201910,USA,UNITED STATES,USA,,,,,,,,CHN,CHINA,CHN,,,,,,,,1,020,020,02,1,3.0,8,1,8,0.0,1,United States,US,US,,39.828175,-98.5795,US,1,China,CH,CH,,35.0,105.0,CH,1,United States,US,US,,39.828175,-98.5795,US,20191005041500,Appeal,Verbal cooperation
877499270,20191005,201910,CHN,CHINA,CHN,,,,,,,,USA,THE US,USA,,,,,,,,1,057,057,05,1,8.0,10,1,10,0.17605633802817,4,"Wuhan, Hubei, China",CH,CH12,13124,30.5833,114.267,-1930776,4,"Wuhan, Hubei, China",CH,CH12,13124,30.5833,114.267,-1930776,4,"Wuhan, Hubei, China",CH,CH12,13124,30.5833,114.267,-1930776,20191005050000,Engage in diplomatic cooperation,Verbal cooperation
877499941,20191005,201910,USA,THE US,USA,,,,,,,,CHN,CHINA,CHN,,,,,,,,1,057,057,05,1,8.0,10,1,10,0.17605633802817,4,"Wuhan, Hubei, China",CH,CH12,13124,30.5833,114.267,-1930776,4,"Wuhan, Hubei, China",CH,CH12,13124,30.5833,114.267,-1930776,4,"Wuhan, Hubei, China",CH,CH12,13124,30.5833,114.267,-1930776,20191005050000,Engage in diplomatic cooperation,Verbal cooperation
877508801,20191005,201910,USA,UNITED STATES,USA,,,,,,,,CHN,CHINA,CHN,,,,,,,,1,020,020,02,1,3.0,6,2,6,-4.33645232344118,3,"White House, District of Columbia, United States",US,USDC,,38.8951,-77.0364,531871,4,"Beijing, Beijing, China",CH,CH22,13001,39.9289,116.388,-1898541,4,"Beijing, Beijing, China",CH,CH22,13001,39.9289,116.388,-1898541,20191005063000,Appeal,Verbal cooperation
877508803,20191005,201910,USA,AMERICAN,USA,,,,,,,,CHN,CHINESE,CHN,,,,,,,,1,020,020,02,1,3.0,8,1,8,-4.292343387471,2,"Iowa, United States",US,USIA,,42.0046,-93.214,IA,2,"Iowa, United States",US,USIA,,42.0046,-93.214,IA,2,"Iowa, United States",US,USIA,,42.0046,-93.214,IA,20191005063000,Appeal,Verbal cooperation
877509470,20190928,201909,CHN,CHINA,CHN,,,,,,,,USA,THE US,USA,,,,,,,,1,046,046,04,1,7.0,10,1,10,-1.53374233128835,1,China,CH,CH,,35.0,105.0,CH,1,China,CH,CH,,35.0,105.0,CH,1,China,CH,CH,,35.0,105.0,CH,20191005064500,Consult,Verbal cooperation
877509472,20190928,201909,USA,THE US,USA,,,,,,,,CHN,CHINA,CHN,,,,,,,,1,046,046,04,1,7.0,10,1,10,-1.53374233128835,1,United States,US,US,,39.828175,-98.5795,US,1,United States,US,US,,39.828175,-98.5795,US,1,United States,US,US,,39.828175,-98.5795,US,20191005064500,Consult,Verbal cooperation
877512840,20191005,201910,CHNGOV,CHINESE,CHN,,,,,GOV,,,USAGOV,JOE BIDEN,USA,,,,,GOV,,,1,120,120,12,3,-4.0,6,1,6,-2.28136882129277,3,"White House, District of Columbia, United States",US,USDC,,38.8951,-77.0364,531871,3,"White House, District of Columbia, United States",US,USDC,,38.8951,-77.0364,531871,3,"White House, District of Columbia, United States",US,USDC,,38.8951,-77.0364,531871,20191005071500,Reject,Verbal conflict
877519439,20191005,201910,USA,WASHINGTON,USA,,,,,,,,CHN,CHINA,CHN,,,,,,,,1,019,019,01,1,3.4,6,1,6,-0.28571428571428,1,Ukraine,UP,UP,,49.0,32.0,UP,1,Ukraine,UP,UP,,49.0,32.0,UP,1,Ukraine,UP,UP,,49.0,32.0,UP,20191005081500,Make public statement,Verbal cooperation
877522301,20191005,201910,CHN,CHINESE,CHN,,,,,,,,MNCUSAELI,COCA COLA,USA,,,,,MNC,ELI,,1,112,112,11,3,-2.0,9,1,9,-2.10896309314587,1,China,CH,CH,,35.0,105.0,CH,1,China,CH,CH,,35.0,105.0,CH,1,China,CH,CH,,35.0,105.0,CH,20191005084500,Disapprove,Verbal conflict
877529201,20191005,201910,MNCUSA,INVESCO,USA,,,,,MNC,,,CHN,CHINA,CHN,,,,,,,,1,010,010,01,1,0.0,10,1,10,1.49892933618844,1,China,CH,CH,,35.0,105.0,CH,1,China,CH,CH,,35.0,105.0,CH,1,China,CH,CH,,35.0,105.0,CH,20191005094500,Make public statement,Verbal cooperation
877532022,20191005,201910,CHN,CHINESE,CHN,,,,,,,,USA,WASHINGTON,USA,,,,,,,,1,036,036,03,1,4.0,8,1,8,-1.92616372391653,4,"Beijing, Beijing, China",CH,CH22,13001,39.9289,116.388,-1898541,4,"Beijing, Beijing, China",CH,CH22,13001,39.9289,116.388,-1898541,4,"Beijing, Beijing, China",CH,CH22,13001,39.9289,116.388,-1898541,20191005101500,Express intent to cooperate,Verbal cooperation
877533789,20191005,201910,CHN,SHANGHAI,CHN,,,,,,,,USACOP,NEW YORK,USA,,,,,COP,,,1,046,046,04,1,7.0,10,1,10,5.04731861198738,4,"Hanoi, Ha N?i, Vietnam, Republic Of",VM,VM44,74067,21.0333,105.85,-3714993,4,"Hanoi, Ha N?i, Vietnam, Republic Of",VM,VM44,74067,21.0333,105.85,-3714993,4,"Hanoi, Ha N?i, Vietnam, Republic Of",VM,VM44,74067,21.0333,105.85,-3714993,20191005103000,Consult,Verbal cooperation
877534588,20191005,201910,USACOP,NEW YORK,USA,,,,,COP,,,CHN,SHANGHAI,CHN,,,,,,,,1,046,046,04,1,7.0,8,1,8,5.04731861198738,2,"New York, United States",US,USNY,,42.1497,-74.9384,NY,4,"Shanghai, Shanghai, China",CH,CH23,13243,31.2222,121.458,-1924465,4,"Shanghai, Shanghai, China",CH,CH23,13243,31.2222,121.458,-1924465,20191005103000,Consult,Verbal cooperation
877537447,20191005,201910,CHN,CHINA,CHN,,,,,,,,USAMED,REUTERS,USA,,,,,MED,,,1,043,043,04,1,2.8,8,1,8,-8.06642941874258,4,"Beijing, Beijing, China",CH,CH22,13001,39.9289,116.388,-1898541,4,"Beijing, Beijing, China",CH,CH22,13001,39.9289,116.388,-1898541,4,"Causeway Bay, Hong Kong (general), Hong Kong",HK,HK00,13031,22.2833,114.183,-1354454,20191005110000,Consult,Verbal cooperation
877538210,20191005,201910,USAMED,REUTERS,USA,,,,,MED,,,CHN,CHINA,CHN,,,,,,,,1,042,042,04,1,1.9,8,1,8,-8.06642941874258,4,"Beijing, Beijing, China",CH,CH22,13001,39.9289,116.388,-1898541,4,"Beijing, Beijing, China",CH,CH22,13001,39.9289,116.388,-1898541,4,"Causeway Bay, Hong Kong (general), Hong Kong",HK,HK00,13031,22.2833,114.183,-1354454,20191005110000,Consult,Verbal cooperation
877549309,20191005,201910,USAGOV,THE US,USA,,,,,GOV,,,CHNGOV,CHINESE,CHN,,,,,GOV,,,1,163,163,16,4,-8.0,6,1,6,-5.21739130434783,1,Iran,IR,IR,,32.0,53.0,IR,4,"Dalian, Liaoning, China",CH,CH19,13327,38.9122,121.602,-1901835,1,Iran,IR,IR,,32.0,53.0,IR,20191005123000,Reduce relations,Material conflict
877554863,20191005,201910,CHN,CHINA,CHN,,,,,,,,USA,UNITED STATES,USA,,,,,,,,1,050,050,05,1,3.5,6,1,6,3.83877159309021,4,"Tianjin, Tianjin, China",CH,CH28,13279,39.1422,117.177,-1928564,2,"New York, United States",US,USNY,,42.1497,-74.9384,NY,2,"New York, United States",US,USNY,,42.1497,-74.9384,NY,20191005133000,Engage in diplomatic cooperation,Verbal cooperation
877554867,20191005,201910,CHN,CHINA,CHN,,,,,,,,USA,PHILADELPHIA,USA,,,,,,,,1,051,051,05,1,3.4,8,1,8,3.83877159309021,4,"Tianjin, Tianjin, China",CH,CH28,13279,39.1422,117.177,-1928564,3,"Philadelphia, Pennsylvania, United States",US,USPA,PA101,39.9523,-75.1638,1209052,3,"Philadelphia, Pennsylvania, United States",US,USPA,PA101,39.9523,-75.1638,1209052,20191005133000,Engage in diplomatic cooperation,Verbal cooperation
877555800,20191005,201910,USA,UNITED STATES,USA,,,,,,,,CHN,CHINA,CHN,,,,,,,,1,050,050,05,1,3.5,8,1,8,3.83877159309021,2,"New York, United States",US,USNY,,42.1497,-74.9384,NY,4,"Tianjin, Tianjin, China",CH,CH28,13279,39.1422,117.177,-1928564,2,"New York, United States",US,USNY,,42.1497,-74.9384,NY,20191005133000,Engage in diplomatic cooperation,Verbal cooperation
877555801,20191005,201910,USA,PHILADELPHIA,USA,,,,,,,,CHN,CHINA,CHN,,,,,,,,1,051,051,05,1,3.4,7,1,7,3.83877159309021,3,"Philadelphia, Pennsylvania, United States",US,USPA,PA101,39.9523,-75.1638,1209052,4,"Tianjin, Tianjin, China",CH,CH28,13279,39.1422,117.177,-1928564,4,"Tianjin, Tianjin, China",CH,CH28,13279,39.1422,117.177,-1928564,20191005133000,Engage in diplomatic cooperation,Verbal cooperation
877561622,20191005,201910,CHN,CHINA,CHN,,,,,,,,USA,UNITED STATES,USA,,,,,,,,1,051,051,05,1,3.4,6,1,6,3.85356454720616,3,"Philadelphia, Pennsylvania, United States",US,USPA,PA101,39.9523,-75.1638,1209052,4,"Tianjin, Tianjin, China",CH,CH28,13279,39.1422,117.177,-1928564,3,"Philadelphia, Pennsylvania, United States",US,USPA,PA101,39.9523,-75.1638,1209052,20191005143000,Engage in diplomatic cooperation,Verbal cooperation
877574071,20191005,201910,USA,WASHINGTON,USA,,,,,,,,CHN,CHINA,CHN,,,,,,,,1,111,111,11,3,-2.0,6,1,6,-4.55357142857143,4,"Kyiv, Kyyiv, Misto, Ukraine",UP,UP12,28554,50.4333,30.5167,-1044367,4,"Kyiv, Kyyiv, Misto, Ukraine",UP,UP12,28554,50.4333,30.5167,-1044367,4,"Kyiv, Kyyiv, Misto, Ukraine",UP,UP12,28554,50.4333,30.5167,-1044367,20191005161500,Disapprove,Verbal conflict
877582864,20191005,201910,USA,UTAH,USA,,,,,,,,CHN,CHINA,CHN,,,,,,,,1,0214,021,02,1,3.4,24,1,24,-3.75779430546165,1,Ukraine,UP,UP,,49.0,32.0,UP,1,China,CH,CH,,35.0,105.0,CH,1,Ukraine,UP,UP,,49.0,32.0,UP,20191005174500,Appeal,Verbal cooperation
877584062,20190928,201909,USA,UNITED STATES,USA,,,,,,,,CHN,CHINA,CHN,,,,,,,,1,163,163,16,4,-8.0,10,1,10,-4.92227979274612,1,South Korea,KS,KS,,37.0,127.5,KS,1,South Korea,KS,KS,,37.0,127.5,KS,1,South Korea,KS,KS,,37.0,127.5,KS,20191005180000,Reduce relations,Material conflict
877587055,20191005,201910,CHN,CHINA,CHN,,,,,,,,USAMIL,UNITED STATES,USA,,,,,MIL,,,1,017,017,01,1,0.0,10,1,10,-4.30107526881721,1,Guam,GQ,GQ,,13.2613,145.096,GQ,1,Guam,GQ,GQ,,13.2613,145.096,GQ,1,Guam,GQ,GQ,,13.2613,145.096,GQ,20191005183000,Make public statement,Verbal cooperation
877595107,20191005,201910,CHN,CHINESE,CHN,,,,,,,,USA,UTAH,USA,,,,,,,,1,020,020,02,1,3.0,7,1,7,-7.22021660649819,1,China,CH,CH,,35.0,105.0,CH,2,"Utah, United States",US,USUT,,40.1135,-111.854,UT,2,"Utah, United States",US,USUT,,40.1135,-111.854,UT,20191005200000,Appeal,Verbal cooperation
877606794,20191005,201910,USA,MAINE,USA,,,,,,,,CHN,CHINA,CHN,,,,,,,,1,0214,021,02,1,3.4,8,1,8,-5.49019607843137,2,"Maine, United States",US,USME,,44.6074,-69.3977,ME,1,China,CH,CH,,35.0,105.0,CH,1,China,CH,CH,,35.0,105.0,CH,20191005221500,Appeal,Verbal cooperation
877608311,20191005,201910,CHN,CHINA,CHN,,,,,,,,USA,UNITED STATES,USA,,,,,,,,1,061,061,06,2,6.4,6,1,6,-4.36590436590437,1,China,CH,CH,,35.0,105.0,CH,3,"Daytona Beach, Florida, United States",US,USFL,,29.2108,-81.0228,281353,1,China,CH,CH,,35.0,105.0,CH,20191005224500,Engage in material cooperation,Material cooperation
877608711,20191005,201910,USA,UNITED STATES,USA,,,,,,,,CHN,CHINA,CHN,,,,,,,,1,020,020,02,1,3.0,8,2,8,-5.22193211488251,2,"New York, United States",US,USNY,,42.1497,-74.9384,NY,2,"New York, United States",US,USNY,,42.1497,-74.9384,NY,2,"New York, United States",US,USNY,,42.1497,-74.9384,NY,20191005224500,Appeal,Verbal cooperation
877617483,20191006,201910,USA,UNITED STATES,USA,,,,,,,,CHN,CHINA,CHN,,,,,,,,1,020,020,02,1,3.0,6,2,6,-4.31965442764579,3,"Omaha, Nebraska, United States",US,USNE,NE055,41.2586,-95.9378,835483,4,"Beijing, Beijing, China",CH,CH22,13001,39.9289,116.388,-1898541,4,"Beijing, Beijing, China",CH,CH22,13001,39.9289,116.388,-1898541,20191006001500,Appeal,Verbal cooperation
877619091,20191006,201910,USA,CHICAGO,USA,,,,,,,,CHN,CHINA,CHN,,,,,,,,1,061,061,06,2,6.4,10,1,10,-0.85836909871245,3,"Chicago, Illinois, United States",US,USIL,IL031,41.85,-87.6501,423587,1,China,CH,CH,,35.0,105.0,CH,1,China,CH,CH,,35.0,105.0,CH,20191006003000,Engage in material cooperation,Material cooperation
877621174,20191006,201910,USA,UTAH,USA,,,,,,,,CHN,CHINA,CHN,,,,,,,,1,020,020,02,1,3.0,6,1,6,-4.90928495197438,3,"White House, District of Columbia, United States",US,USDC,,38.8951,-77.0364,531871,3,"White House, District of Columbia, United States",US,USDC,,38.8951,-77.0364,531871,3,"White House, District of Columbia, United States",US,USDC,,38.8951,-77.0364,531871,20191006004500,Appeal,Verbal cooperation
877640071,20191006,201910,CHN,CHINA,CHN,,,,,,,,USA,UNITED STATES,USA,,,,,,,,1,061,061,06,2,6.4,8,1,8,3.92706872370267,1,China,CH,CH,,35.0,105.0,CH,2,"Alaska, United States",US,USAK,,61.385,-152.268,AK,2,"Alaska, United States",US,USAK,,61.385,-152.268,AK,20191006040000,Engage in material cooperation,Material cooperation
877640072,20191006,201910,CHN,CHINA,CHN,,,,,,,,USA,UNITED STATES,USA,,,,,,,,1,061,061,06,2,6.4,8,1,8,4.24657534246576,1,China,CH,CH,,35.0,105.0,CH,1,United States,US,US,,39.828175,-98.5795,US,1,United States,US,US,,39.828175,-98.5795,US,20191006040000,Engage in material cooperation,Material cooperation
877640877,20191006,201910,USA,UNITED STATES,USA,,,,,,,,CHN,CHINA,CHN,,,,,,,,1,061,061,06,2,6.4,20,2,20,4.08682203308422,1,Canada,CA,CA,,60.0,-96.0,CA,1,Canada,CA,CA,,60.0,-96.0,CA,1,Canada,CA,CA,,60.0,-96.0,CA,20191006040000,Engage in material cooperation,Material cooperation
877651177,20191006,201910,CHN,CHINA,CHN,,,,,,,,USA,UNITED STATES,USA,,,,,,,,1,042,042,04,1,1.9,6,1,6,1.84696569920845,4,"Nassau, New Providence, Bahamas, The",BF,BF23,5747,25.0833,-77.35,-1543832,4,"Nassau, New Providence, Bahamas, The",BF,BF23,5747,25.0833,-77.35,-1543832,4,"Nassau, New Providence, Bahamas, The",BF,BF23,5747,25.0833,-77.35,-1543832,20191006061500,Consult,Verbal cooperation
877651812,20191006,201910,USAEDU,ARKANSAS,USA,,,,,EDU,,,CHNEDU,CHINA,CHN,,,,,EDU,,,1,020,020,02,1,3.0,6,1,6,3.49514563106796,4,"Fuzhou, Fujian, China",CH,CH07,13005,26.0614,119.306,-1905938,4,"Fuzhou, Fujian, China",CH,CH07,13005,26.0614,119.306,-1905938,4,"Fuzhou, Fujian, China",CH,CH07,13005,26.0614,119.306,-1905938,20191006061500,Appeal,Verbal cooperation
877668619,20191006,201910,USA,THE US,USA,,,,,,,,CHN,CHINA,CHN,,,,,,,,1,120,120,12,3,-4.0,10,1,10,-1.25827814569536,4,"Sialkot, Punjab, Pakistan",PK,PK04,23667,30.915,71.8516,-2774709,4,"Sialkot, Punjab, Pakistan",PK,PK04,23667,30.915,71.8516,-2774709,4,"Sialkot, Punjab, Pakistan",PK,PK04,23667,30.915,71.8516,-2774709,20191006090000,Reject,Verbal conflict
877689330,20191006,201910,USA,UTAH,USA,,,,,,,,CHN,CHINA,CHN,,,,,,,,1,0214,021,02,1,3.4,8,1,8,-3.32103321033211,1,Ukraine,UP,UP,,49.0,32.0,UP,1,China,CH,CH,,35.0,105.0,CH,1,Ukraine,UP,UP,,49.0,32.0,UP,20191006123000,Appeal,Verbal cooperation
877691007,20191006,201910,USAGOV,THE WHITE HOUSE,USA,,,,,GOV,,,CHN,CHINA,CHN,,,,,,,,1,020,020,02,1,3.0,6,1,6,-11.8055555555556,1,Ukraine,UP,UP,,49.0,32.0,UP,1,Ukraine,UP,UP,,49.0,32.0,UP,1,Ukraine,UP,UP,,49.0,32.0,UP,20191006124500,Appeal,Verbal cooperation
877692728,20191006,201910,USA,WASHINGTON,USA,,,,,,,,CHN,CHINESE,CHN,,,,,,,,1,130,130,13,3,-4.4,50,5,50,-2.61209303417405,4,"Beijing, Beijing, China",CH,CH22,13001,39.9289,116.388,-1898541,4,"Beijing, Beijing, China",CH,CH22,13001,39.9289,116.388,-1898541,4,"Beijing, Beijing, China",CH,CH22,13001,39.9289,116.388,-1898541,20191006130000,Threaten,Verbal conflict
877692729,20191006,201910,USA,AMERICAN,USA,,,,,,,,CHN,CHINA,CHN,,,,,,,,1,130,130,13,3,-4.4,8,2,6,-2.13540440518678,4,"Xiaoxing, Jiangsu, China",CH,CH04,13237,34.6099,119.105,11265706,4,"Xiaoxing, Jiangsu, China",CH,CH04,13237,34.6099,119.105,11265706,4,"Xiaoxing, Jiangsu, China",CH,CH04,13237,34.6099,119.105,11265706,20191006130000,Threaten,Verbal conflict
877692730,20191006,201910,USA,WASHINGTON,USA,,,,,,,,CHN,CHINESE,CHN,,,,,,,,1,130,130,13,3,-4.4,16,2,16,-2.13462751782133,2,"Colorado, United States",US,USCO,,39.0646,-105.327,CO,2,"Colorado, United States",US,USCO,,39.0646,-105.327,CO,2,"Colorado, United States",US,USCO,,39.0646,-105.327,CO,20191006130000,Threaten,Verbal conflict
877703483,20191006,201910,CHN,CHINA,CHN,,,,,,,,USA,AMERICAN,USA,,,,,,,,1,071,071,07,2,7.4,10,1,10,1.3215859030837,1,China,CH,CH,,35.0,105.0,CH,3,"Washington, District of Columbia, United States",US,USDC,DC001,38.8951,-77.0364,531871,3,"Washington, District of Columbia, United States",US,USDC,DC001,38.8951,-77.0364,531871,20191006144500,Provide aid,Material cooperation
877707344,20191006,201910,CHN,CHINA,CHN,,,,,,,,USA,AMERICAN,USA,,,,,,,,1,0214,021,02,1,3.4,8,1,8,-5.92105263157895,1,China,CH,CH,,35.0,105.0,CH,3,"White House, District of Columbia, United States",US,USDC,,38.8951,-77.0364,531871,1,China,CH,CH,,35.0,105.0,CH,20191006151500,Appeal,Verbal cooperation
877707993,20191006,201910,USA,CHICAGO,USA,,,,,,,,CHN,CHINA,CHN,,,,,,,,1,061,061,06,2,6.4,10,1,10,-0.89418777943368,1,China,CH,CH,,35.0,105.0,CH,1,China,CH,CH,,35.0,105.0,CH,1,China,CH,CH,,35.0,105.0,CH,20191006151500,Engage in material cooperation,Material cooperation
877707995,20191006,201910,USA,THE US,USA,,,,,,,,CHN,CHINA,CHN,,,,,,,,1,112,112,11,3,-2.0,10,1,10,-0.45662100456621,4,"Beijing, Beijing, China",CH,CH22,13001,39.9289,116.388,-1898541,4,"Beijing, Beijing, China",CH,CH22,13001,39.9289,116.388,-1898541,4,"Beijing, Beijing, China",CH,CH22,13001,39.9289,116.388,-1898541,20191006151500,Disapprove,Verbal conflict
877712039,20190929,201909,CHN,CHINA,CHN,,,,,,,,USA,WASHINGTON,USA,,,,,,,,1,040,040,04,1,1.0,7,1,7,-0.536193029490615,3,"Washington, District of Columbia, United States",US,USDC,DC001,38.8951,-77.0364,531871,3,"Washington, District of Columbia, United States",US,USDC,DC001,38.8951,-77.0364,531871,3,"Washington, District of Columbia, United States",US,USDC,DC001,38.8951,-77.0364,531871,20191006160000,Consult,Verbal cooperation
877713056,20191006,201910,CHN,CHINA,CHN,,,,,,,,USA,RICHMOND,USA,,,,,,,,1,141,141,14,3,-6.5,6,2,6,-4.53172205438066,4,"Beijing, Beijing, China",CH,CH22,13001,39.9289,116.388,-1898541,1,Hong Kong,HK,HK,,22.25,114.166667,HK,4,"Beijing, Beijing, China",CH,CH22,13001,39.9289,116.388,-1898541,20191006161500,Protest,Verbal conflict
877714755,20191006,201910,CHN,CHINA,CHN,,,,,,,,USA,RICHMOND,USA,,,,,,,,1,141,141,14,3,-6.5,12,4,12,-4.45619335347431,1,Canada,CA,CA,,60.0,-96.0,CA,1,Canada,CA,CA,,60.0,-96.0,CA,1,Canada,CA,CA,,60.0,-96.0,CA,20191006163000,Protest,Verbal conflict
877716983,20191006,201910,USA,WASHINGTON,USA,,,,,,,,CHN,CHINA,CHN,,,,,,,,1,061,061,06,2,6.4,10,1,10,-1.31147540983607,3,"Washington, District of Columbia, United States",US,USDC,DC001,38.8951,-77.0364,531871,1,China,CH,CH,,35.0,105.0,CH,1,China,CH,CH,,35.0,105.0,CH,20191006164500,Engage in material cooperation,Material cooperation
877720614,20191006,201910,CHN,CHINESE,CHN,,,,,,,,USAGOV,THE US,USA,,,,,GOV,,,1,190,190,19,4,-10.0,10,1,10,-0.35928143712575,1,China,CH,CH,,35.0,105.0,CH,1,China,CH,CH,,35.0,105.0,CH,1,China,CH,CH,,35.0,105.0,CH,20191006173000,Fight,Material conflict
877721298,20191006,201910,USAGOV,THE US,USA,,,,,GOV,,,CHN,CHINESE,CHN,,,,,,,,1,190,190,19,4,-10.0,8,1,8,-0.35928143712575,1,United States,US,US,,39.828175,-98.5795,US,1,United States,US,US,,39.828175,-98.5795,US,1,United States,US,US,,39.828175,-98.5795,US,20191006173000,Fight,Material conflict
877723648,20191006,201910,CHNBUS,CHINESE,CHN,,,,,BUS,,,USA,WASHINGTON,USA,,,,,,,,1,130,130,13,3,-4.4,6,1,6,-2.3696682464455,1,China,CH,CH,,35.0,105.0,CH,3,"Washington, District of Columbia, United States",US,USDC,DC001,38.8951,-77.0364,531871,3,"Washington, District of Columbia, United States",US,USDC,DC001,38.8951,-77.0364,531871,20191006180000,Threaten,Verbal conflict
877724177,20191006,201910,USA,MAINE,USA,,,,,,,,CHN,CHINA,CHN,,,,,,,,1,111,111,11,3,-2.0,8,1,8,-3.69003690036901,1,Ukraine,UP,UP,,49.0,32.0,UP,1,China,CH,CH,,35.0,105.0,CH,1,China,CH,CH,,35.0,105.0,CH,20191006180000,Disapprove,Verbal conflict
877729214,20191006,201910,CHN,BEIJING,CHN,,,,,,,,USA,THE US,USA,,,,,,,,1,182,182,18,4,-9.5,8,1,8,2.82485875706214,4,"Osaka, Osaka, Japan",JA,JA32,35840,34.6667,135.5,-240905,1,Australia,AS,AS,,-25.0,135.0,AS,1,Australia,AS,AS,,-25.0,135.0,AS,20191006190000,Assault,Material conflict
877731432,20191006,201910,USAMIL,AMERICAN,USA,,,,,MIL,,,CHN,CHINESE,CHN,,,,,,,,1,194,194,19,4,-10.0,6,1,6,-2.91545189504373,1,China,CH,CH,,35.0,105.0,CH,1,United States,US,US,,39.828175,-98.5795,US,1,United States,US,US,,39.828175,-98.5795,US,20191006191500,Fight,Material conflict
877734240,20191006,201910,USA,WASHINGTON,USA,,,,,,,,CHN,CHINESE,CHN,,,,,,,,1,130,130,13,3,-4.4,8,1,8,-6.97674418604651,3,"Washington, District of Columbia, United States",US,USDC,DC001,38.8951,-77.0364,531871,1,China,CH,CH,,35.0,105.0,CH,1,China,CH,CH,,35.0,105.0,CH,20191006194500,Threaten,Verbal conflict
877736696,20191006,201910,CHN,CHINA,CHN,,,,,,,,USA,UNITED STATES,USA,,,,,,,,1,040,040,04,1,1.0,8,1,8,-0.52910052910053,1,China,CH,CH,,35.0,105.0,CH,3,"White House, District of Columbia, United States",US,USDC,,38.8951,-77.0364,531871,1,China,CH,CH,,35.0,105.0,CH,20191006201500,Consult,Verbal cooperation
877737217,20191006,201910,USA,UNITED STATES,USA,,,,,,,,CHN,CHINA,CHN,,,,,,,,1,040,040,04,1,1.0,8,1,8,-0.52910052910053,3,"White House, District of Columbia, United States",US,USDC,,38.8951,-77.0364,531871,1,China,CH,CH,,35.0,105.0,CH,1,China,CH,CH,,35.0,105.0,CH,20191006201500,Consult,Verbal cooperation
877737899,20191006,201910,CHN,CHINA,CHN,,,,,,,,USA,THE US,USA,,,,,,,,1,036,036,03,1,4.0,8,1,8,-2.7027027027027,1,China,CH,CH,,35.0,105.0,CH,1,China,CH,CH,,35.0,105.0,CH,1,China,CH,CH,,35.0,105.0,CH,20191006203000,Express intent to cooperate,Verbal cooperation
877737901,20191006,201910,CHN,CHINA,CHN,,,,,,,,USA,UNITED STATES,USA,,,,,,,,1,043,043,04,1,2.8,8,1,8,6.66666666666667,1,China,CH,CH,,35.0,105.0,CH,2,"Florida, United States",US,USFL,,27.8333,-81.717,FL,1,China,CH,CH,,35.0,105.0,CH,20191006203000,Consult,Verbal cooperation
877737902,20191006,201910,CHN,CHINA,CHN,,,,,,,,USA,THE US,USA,,,,,,,,1,046,046,04,1,7.0,8,1,8,-2.7027027027027,1,China,CH,CH,,35.0,105.0,CH,1,China,CH,CH,,35.0,105.0,CH,1,China,CH,CH,,35.0,105.0,CH,20191006203000,Consult,Verbal cooperation
877738371,20191006,201910,USA,THE US,USA,,,,,,,,CHN,CHINA,CHN,,,,,,,,1,036,036,03,1,4.0,8,1,8,-2.7027027027027,1,China,CH,CH,,35.0,105.0,CH,1,China,CH,CH,,35.0,105.0,CH,1,China,CH,CH,,35.0,105.0,CH,20191006203000,Express intent to cooperate,Verbal cooperation
877738374,20191006,201910,USA,UNITED STATES,USA,,,,,,,,CHN,CHINA,CHN,,,,,,,,1,042,042,04,1,1.9,6,1,6,6.66666666666667,2,"Florida, United States",US,USFL,,27.8333,-81.717,FL,1,China,CH,CH,,35.0,105.0,CH,1,China,CH,CH,,35.0,105.0,CH,20191006203000,Consult,Verbal cooperation
877738375,20191006,201910,USA,THE US,USA,,,,,,,,CHN,CHINA,CHN,,,,,,,,1,046,046,04,1,7.0,8,1,8,-2.7027027027027,1,China,CH,CH,,35.0,105.0,CH,1,China,CH,CH,,35.0,105.0,CH,1,China,CH,CH,,35.0,105.0,CH,20191006203000,Consult,Verbal cooperation
877738378,20191006,201910,USA,WASHINGTON,USA,,,,,,,,CHN,CHINESE,CHN,,,,,,,,1,130,130,13,3,-4.4,10,1,10,-1.21065375302664,3,"Cedar Falls, Iowa, United States",US,USIA,IA013,42.5278,-92.4455,455240,3,"Cedar Falls, Iowa, United States",US,USIA,,42.5278,-92.4455,455240,3,"Cedar Falls, Iowa, United States",US,USIA,,42.5278,-92.4455,455240,20191006203000,Threaten,Verbal conflict
877744801,20190929,201909,USA,UNITED STATES,USA,,,,,,,,CHN,CHINA,CHN,,,,,,,,1,163,163,16,4,-8.0,10,1,10,-5.20547945205479,1,South Korea,KS,KS,,37.0,127.5,KS,1,South Korea,KS,KS,,37.0,127.5,KS,1,South Korea,KS,KS,,37.0,127.5,KS,20191006214500,Reduce relations,Material conflict
877745964,20191006,201910,USA,NORTH CAROLINA,USA,,,,,,,,CHN,GREAT WALL,CHN,,,,,,,,1,060,060,06,2,6.0,10,1,10,4.98866213151927,0,,,,,,,,0,,,,,,,,0,,,,,,,,20191006214500,Engage in material cooperation,Material cooperation
877745968,20191006,201910,USA,WASHINGTON,USA,,,,,,,,CHN,CHINESE,CHN,,,,,,,,1,130,130,13,3,-4.4,8,1,8,-2.48868778280543,1,Japan,JA,JA,,36.0,138.0,JA,1,Japan,JA,JA,,36.0,138.0,JA,1,Japan,JA,JA,,36.0,138.0,JA,20191006214500,Threaten,Verbal conflict
877746620,20190929,201909,USA,UNITED STATES,USA,,,,,,,,CHN,CHINA,CHN,,,,,,,,1,163,163,16,4,-8.0,8,1,8,-4.7979797979798,1,South Korea,KS,KS,,37.0,127.5,KS,2,"New York, United States",US,USNY,,42.1497,-74.9384,NY,2,"New York, United States",US,USNY,,42.1497,-74.9384,NY,20191006220000,Reduce relations,Material conflict
877747465,20190929,201909,USA,UNITED STATES,USA,,,,,,,,CHN,CHINA,CHN,,,,,,,,1,0214,021,02,1,3.4,24,6,24,-4.3952684558024,1,Ukraine,UP,UP,,49.0,32.0,UP,1,Ukraine,UP,UP,,49.0,32.0,UP,1,Ukraine,UP,UP,,49.0,32.0,UP,20191006221500,Appeal,Verbal cooperation
877747603,20191006,201910,CHN,CHINESE,CHN,,,,,,,,USA,UNITED STATES,USA,,,,,,,,1,173,173,17,4,-5.0,7,1,7,-10.7551487414187,2,"New York, United States",US,USNY,,42.1497,-74.9384,NY,2,"New York, United States",US,USNY,,42.1497,-74.9384,NY,2,"New York, United States",US,USNY,,42.1497,-74.9384,NY,20191006221500,Coerce,Material conflict
877755649,20190930,201909,USA,UNITED STATES,USA,,,,,,,,CHN,CHINA,CHN,,,,,,,,1,0214,021,02,1,3.4,20,5,20,-4.20544854042458,1,Ukraine,UP,UP,,49.0,32.0,UP,1,Ukraine,UP,UP,,49.0,32.0,UP,1,Ukraine,UP,UP,,49.0,32.0,UP,20191007000000,Appeal,Verbal cooperation
877756279,20191007,201910,CHN,CHINA,CHN,,,,,,,,USA,AMERICAN,USA,,,,,,,,1,020,020,02,1,3.0,10,1,10,-8.0,1,China,CH,CH,,35.0,105.0,CH,1,China,CH,CH,,35.0,105.0,CH,1,China,CH,CH,,35.0,105.0,CH,20191007000000,Appeal,Verbal cooperation
877756284,20191007,201910,CHN,BEIJING,CHN,,,,,,,,USA,THE US,USA,,,,,,,,1,182,182,18,4,-9.5,8,1,8,2.82485875706214,4,"Osaka, Osaka, Japan",JA,JA32,35840,34.6667,135.5,-240905,1,Australia,AS,AS,,-25.0,135.0,AS,1,Australia,AS,AS,,-25.0,135.0,AS,20191007000000,Assault,Material conflict
877757918,20191007,201910,USA,WASHINGTON,USA,,,,,,,,CHN,CHINESE,CHN,,,,,,,,1,130,130,13,3,-4.4,30,3,30,-2.41798701004993,4,"Beijing, Beijing, China",CH,CH22,13001,39.9289,116.388,-1898541,4,"Beijing, Beijing, China",CH,CH22,13001,39.9289,116.388,-1898541,4,"Beijing, Beijing, China",CH,CH22,13001,39.9289,116.388,-1898541,20191007000000,Threaten,Verbal conflict
877757923,20191007,201910,USA,WASHINGTON,USA,,,,,,,,CHN,CHINESE,CHN,,,,,,,,1,130,130,13,3,-4.4,8,1,8,-2.32558139534884,1,Japan,JA,JA,,36.0,138.0,JA,1,Japan,JA,JA,,36.0,138.0,JA,1,Japan,JA,JA,,36.0,138.0,JA,20191007000000,Threaten,Verbal conflict
877757924,20191007,201910,USA,WASHINGTON,USA,,,,,,,,CHN,CHINESE,CHN,,,,,,,,1,130,130,13,3,-4.4,8,1,8,-2.14007782101167,2,"Washington, United States",US,USWA,,47.3917,-121.571,WA,4,"Xiaoxing, Jiangsu, China",CH,CH04,13237,34.6099,119.105,11265706,4,"Xiaoxing, Jiangsu, China",CH,CH04,13237,34.6099,119.105,11265706,20191007000000,Threaten,Verbal conflict
877758565,20190930,201909,CHN,CHINESE,CHN,,,,,,,,USA,UNITED STATES,USA,,,,,,,,1,072,072,07,2,8.3,10,1,10,-1.28205128205128,4,"Xijin, Shaanxi, China",CH,CH26,13218,34.5712,108.23,10549118,4,"Xijin, Shaanxi, China",CH,CH26,13218,34.5712,108.23,10549118,4,"Xijin, Shaanxi, China",CH,CH26,13218,34.5712,108.23,10549118,20191007001500,Provide aid,Material cooperation
877763037,20191007,201910,USA,WASHINGTON,USA,,,,,,,,CHN,CHINESE,CHN,,,,,,,,1,130,130,13,3,-4.4,6,1,6,-1.99430199430199,2,"Colorado, United States",US,USCO,,39.0646,-105.327,CO,2,"Colorado, United States",US,USCO,,39.0646,-105.327,CO,2,"Colorado, United States",US,USCO,,39.0646,-105.327,CO,20191007003000,Threaten,Verbal conflict
877764050,20191007,201910,CHN,CHINA,CHN,,,,,,,,USA,UNITED STATES,USA,,,,,,,,1,043,043,04,1,2.8,8,1,8,6.73575129533678,1,China,CH,CH,,35.0,105.0,CH,2,"Florida, United States",US,USFL,,27.8333,-81.717,FL,1,China,CH,CH,,35.0,105.0,CH,20191007004500,Consult,Verbal cooperation
877765089,20191007,201910,USA,UNITED STATES,USA,,,,,,,,CHN,CHINA,CHN,,,,,,,,1,042,042,04,1,1.9,6,1,6,6.73575129533678,2,"Florida, United States",US,USFL,,27.8333,-81.717,FL,1,China,CH,CH,,35.0,105.0,CH,1,China,CH,CH,,35.0,105.0,CH,20191007004500,Consult,Verbal cooperation
877774940,20191007,201910,CHN,CHINESE,CHN,,,,,,,,USA,WASHINGTON,USA,,,,,,,,1,036,036,03,1,4.0,24,1,24,-5.70570570570571,1,Iraq,IZ,IZ,,33.0,44.0,IZ,1,Iraq,IZ,IZ,,33.0,44.0,IZ,1,Iraq,IZ,IZ,,33.0,44.0,IZ,20191007021500,Express intent to cooperate,Verbal cooperation
877775569,20191007,201910,USA,RICHMOND,USA,,,,,,,,CHN,CHINESE,CHN,,,,,,,,1,013,013,01,1,0.4,6,1,6,-2.4234693877551,4,"Richmond Hill, Ontario, Canada",CA,CA08,12689,43.8667,-79.4333,-572249,4,"Richmond Hill, Ontario, Canada",CA,CA08,12689,43.8667,-79.4333,-572249,4,"Richmond Hill, Ontario, Canada",CA,CA08,12689,43.8667,-79.4333,-572249,20191007021500,Make public statement,Verbal cooperation
877775570,20191007,201910,USA,WASHINGTON,USA,,,,,,,,CHN,CHINESE,CHN,,,,,,,,1,036,036,03,1,4.0,18,1,18,-5.70570570570571,3,"Washington, District of Columbia, United States",US,USDC,DC001,38.8951,-77.0364,531871,1,China,CH,CH,,35.0,105.0,CH,3,"Washington, District of Columbia, United States",US,USDC,DC001,38.8951,-77.0364,531871,20191007021500,Express intent to cooperate,Verbal cooperation
877775571,20191007,201910,USA,UNITED STATES,USA,,,,,,,,CHN,CHINA,CHN,,,,,,,,1,036,036,03,1,4.0,6,1,6,-5.70570570570571,3,"Washington, District of Columbia, United States",US,USDC,DC001,38.8951,-77.0364,531871,1,China,CH,CH,,35.0,105.0,CH,1,China,CH,CH,,35.0,105.0,CH,20191007021500,Express intent to cooperate,Verbal cooperation
877778633,20191007,201910,USA,AMERICAN,USA,,,,,,,,CHN,CHINESE,CHN,,,,,,,,1,010,010,01,1,0.0,12,1,12,-2.62216924910608,3,"Upton, Utah, United States",US,USUT,UT001,38.3241,-113.066,1437708,4,"Beijing, Beijing, China",CH,CH22,13001,39.9289,116.388,-1898541,3,"Upton, Utah, United States",US,USUT,UT001,38.3241,-113.066,1437708,20191007024500,Make public statement,Verbal cooperation
877778639,20191007,201910,USA,UNITED STATES,USA,,,,,,,,CHN,CHINA,CHN,,,,,,,,1,020,020,02,1,3.0,6,1,6,-2.62216924910608,3,"Upton, Utah, United States",US,USUT,UT001,38.3241,-113.066,1437708,4,"Beijing, Beijing, China",CH,CH22,13001,39.9289,116.388,-1898541,4,"Beijing, Beijing, China",CH,CH22,13001,39.9289,116.388,-1898541,20191007024500,Appeal,Verbal cooperation
877778640,20191007,201910,USA,AMERICAN,USA,,,,,,,,CHN,CHINESE,CHN,,,,,,,,1,020,020,02,1,3.0,8,1,8,-2.62216924910608,3,"Upton, Utah, United States",US,USUT,UT001,38.3241,-113.066,1437708,4,"Beijing, Beijing, China",CH,CH22,13001,39.9289,116.388,-1898541,3,"Upton, Utah, United States",US,USUT,UT001,38.3241,-113.066,1437708,20191007024500,Appeal,Verbal cooperation
877781320,20190930,201909,MNCUSA,ANHEUSER BUSCH,USA,,,,,MNC,,,CHN,CHINA,CHN,,,,,,,,1,020,020,02,1,3.0,8,1,8,0.8,4,"Chongqing, Chongqing, China",CH,CH33,13004,29.5628,106.553,-1900774,4,"Chongqing, Chongqing, China",CH,CH33,13004,29.5628,106.553,-1900774,4,"Chongqing, Chongqing, China",CH,CH33,13004,29.5628,106.553,-1900774,20191007031500,Appeal,Verbal cooperation
877781322,20190930,201909,MNCUSA,ANHEUSER BUSCH,USA,,,,,MNC,,,CHN,CHINA,CHN,,,,,,,,1,020,020,02,1,3.0,6,1,6,0.8,1,Hong Kong,HK,HK,,22.25,114.166667,HK,4,"Tsingtao, Shandong, China",CH,CH25,13226,36.0986,120.372,-1922199,4,"Tsingtao, Shandong, China",CH,CH25,13226,36.0986,120.372,-1922199,20191007031500,Appeal,Verbal cooperation
877781606,20191007,201910,CHN,CHINESE,CHN,,,,,,,,USA,THE US,USA,,,,,,,,1,072,072,07,2,8.3,10,1,10,-2.00501253132832,4,"Tiananmen, Beijing, China",CH,CH22,13001,39.9072,116.391,-1928471,4,"Tiananmen, Beijing, China",CH,CH22,13001,39.9072,116.391,-1928471,4,"Tiananmen, Beijing, China",CH,CH22,13001,39.9072,116.391,-1928471,20191007031500,Provide aid,Material cooperation
877782676,20191007,201910,USAMED,ASSOCIATED PRESS,USA,,,,,MED,,,CHN,CHINESE,CHN,,,,,,,,1,130,130,13,3,-4.4,6,1,6,-2.31980115990058,2,"Colorado, United States",US,USCO,,39.0646,-105.327,CO,2,"Colorado, United States",US,USCO,,39.0646,-105.327,CO,2,"Colorado, United States",US,USCO,,39.0646,-105.327,CO,20191007031500,Threaten,Verbal conflict
877784115,20191007,201910,USA,CHICAGO,USA,,,,,,,,CHNOPP,TIBET,CHN,,,,,OPP,,,1,051,051,05,1,3.4,10,1,10,-2.75229357798165,3,"Chicago, Illinois, United States",US,USIL,IL031,41.85,-87.6501,423587,3,"Chicago, Illinois, United States",US,USIL,IL031,41.85,-87.6501,423587,3,"Chicago, Illinois, United States",US,USIL,IL031,41.85,-87.6501,423587,20191007033000,Engage in diplomatic cooperation,Verbal cooperation
877784116,20191007,201910,USA,CHICAGO,USA,,,,,,,,CHNOPP,TIBET,CHN,,,,,OPP,,,1,141,141,14,3,-6.5,10,1,10,-2.75229357798165,3,"Chicago, Illinois, United States",US,USIL,IL031,41.85,-87.6501,423587,3,"Chicago, Illinois, United States",US,USIL,IL031,41.85,-87.6501,423587,3,"Chicago, Illinois, United States",US,USIL,IL031,41.85,-87.6501,423587,20191007033000,Protest,Verbal conflict
877784520,20191007,201910,CHN,CHINESE,CHN,,,,,,,,USA,WASHINGTON,USA,,,,,,,,1,036,036,03,1,4.0,8,1,8,-6.96055684454756,4,"Abqaiq, Ash Sharqiyah, Saudi Arabia",SA,SA06,25307,25.9371,49.6776,-3094116,4,"Abqaiq, Ash Sharqiyah, Saudi Arabia",SA,SA06,25307,25.9371,49.6776,-3094116,4,"Abqaiq, Ash Sharqiyah, Saudi Arabia",SA,SA06,25307,25.9371,49.6776,-3094116,20191007034500,Express intent to cooperate,Verbal cooperation
877786331,20191007,201910,CHN,CHINA,CHN,,,,,,,,USA,AMERICAN,USA,,,,,,,,1,090,090,09,2,-2.0,10,1,10,-2.32389251997096,4,"Lagos, Lagos, Nigeria",NI,NI05,191416,6.45306,3.39583,-2017355,4,"Lagos, Lagos, Nigeria",NI,NI05,191416,6.45306,3.39583,-2017355,4,"Lagos, Lagos, Nigeria",NI,NI05,191416,6.45306,3.39583,-2017355,20191007040000,Investigate,Material cooperation
877788467,20191007,201910,USA,WASHINGTON,USA,,,,,,,,CHN,CHINESE,CHN,,,,,,,,1,036,036,03,1,4.0,20,2,20,-7.17703349282296,1,China,CH,CH,,35.0,105.0,CH,1,China,CH,CH,,35.0,105.0,CH,1,China,CH,CH,,35.0,105.0,CH,20191007041500,Express intent to cooperate,Verbal cooperation
877789490,20191007,201910,CHN,CHINESE,CHN,,,,,,,,USA,WASHINGTON,USA,,,,,,,,1,036,036,03,1,4.0,8,1,8,-5.18731988472623,1,India,IN,IN,,20.0,77.0,IN,1,India,IN,IN,,20.0,77.0,IN,1,India,IN,IN,,20.0,77.0,IN,20191007043000,Express intent to cooperate,Verbal cooperation
877792915,20191007,201910,CHN,CHINA,CHN,,,,,,,,USA,THE US,USA,,,,,,,,1,061,061,06,2,6.4,10,1,10,-3.33333333333334,4,"Beijing, Beijing, China",CH,CH22,13001,39.9289,116.388,-1898541,4,"Beijing, Beijing, China",CH,CH22,13001,39.9289,116.388,-1898541,4,"Beijing, Beijing, China",CH,CH22,13001,39.9289,116.388,-1898541,20191007050000,Engage in material cooperation,Material cooperation
877794722,20191007,201910,CHN,CHINA,CHN,,,,,,,,USA,UNITED STATES,USA,,,,,,,,1,061,061,06,2,6.4,8,1,8,1.55038759689922,1,China,CH,CH,,35.0,105.0,CH,1,United States,US,US,,39.828175,-98.5795,US,1,United States,US,US,,39.828175,-98.5795,US,20191007051500,Engage in material cooperation,Material cooperation
877804470,20191007,201910,CHN,CHINA,CHN,,,,,,,,USAGOV,WASHINGTON,USA,,,,,GOV,,,1,010,010,01,1,0.0,6,1,6,-3.2258064516129,4,"Moscow, Moskva, Russia",RS,RS48,25106,55.7522,37.6156,-2960561,3,"Washington, District of Columbia, United States",US,USDC,DC001,38.8951,-77.0364,531871,4,"Moscow, Moskva, Russia",RS,RS48,25106,55.7522,37.6156,-2960561,20191007063000,Make public statement,Verbal cooperation
877815373,20191007,201910,CHN,CHINESE,CHN,,,,,,,,USA,WASHINGTON,USA,,,,,,,,1,036,036,03,1,4.0,17,3,17,-6.64631800954975,4,"Zueitina, Libya (general), Libya",LY,LY00,19090,30.9522,20.1202,-3163076,1,Russia,RS,RS,,60.0,100.0,RS,1,Russia,RS,RS,,60.0,100.0,RS,20191007074500,Express intent to cooperate,Verbal cooperation
877825279,20190930,201909,USA,THE US,USA,,,,,,,,CHN,CHINA,CHN,,,,,,,,1,046,046,04,1,7.0,10,1,10,-1.41242937853107,1,United States,US,US,,39.828175,-98.5795,US,1,United States,US,US,,39.828175,-98.5795,US,1,United States,US,US,,39.828175,-98.5795,US,20191007084500,Consult,Verbal cooperation
877825684,20191007,201910,CHN,CHINA,CHN,,,,,,,,USA,THE US,USA,,,,,,,,1,046,046,04,1,7.0,6,1,6,-3.85964912280702,4,"Johannesburg, Gauteng, South Africa",SF,SF06,77364,-26.2,28.0833,-1240261,4,"Johannesburg, Gauteng, South Africa",SF,SF06,77364,-26.2,28.0833,-1240261,4,"Johannesburg, Gauteng, South Africa",SF,SF06,77364,-26.2,28.0833,-1240261,20191007084500,Consult,Verbal cooperation
877826813,20191007,201910,USA,THE US,USA,,,,,,,,CHN,CHINA,CHN,,,,,,,,1,046,046,04,1,7.0,8,1,8,-3.85964912280702,1,India,IN,IN,,20.0,77.0,IN,1,China,CH,CH,,35.0,105.0,CH,1,India,IN,IN,,20.0,77.0,IN,20191007084500,Consult,Verbal cooperation
877836757,20191007,201910,USA,AMERICAN,USA,,,,,,,,CHN,CHINA,CHN,,,,,,,,1,120,120,12,3,-4.0,10,1,10,-0.532414657062319,4,"Tiananmen Square, Beijing, China",CH,CH22,13001,39.9044,116.391,9244097,4,"Tiananmen Square, Beijing, China",CH,CH22,13001,39.9044,116.391,9244097,4,"Tiananmen Square, Beijing, China",CH,CH22,13001,39.9044,116.391,9244097,20191007094500,Reject,Verbal conflict
877838475,20191007,201910,CHN,CHINESE,CHN,,,,,,,,USA,WASHINGTON,USA,,,,,,,,1,040,040,04,1,1.0,8,1,8,-4.48877805486284,1,Russia,RS,RS,,60.0,100.0,RS,1,Russia,RS,RS,,60.0,100.0,RS,1,Russia,RS,RS,,60.0,100.0,RS,20191007100000,Consult,Verbal cooperation
877839789,20191007,201910,USA,WASHINGTON,USA,,,,,,,,CHN,CHINESE,CHN,,,,,,,,1,040,040,04,1,1.0,6,1,6,-4.48877805486284,3,"Washington, District of Columbia, United States",US,USDC,DC001,38.8951,-77.0364,531871,1,China,CH,CH,,35.0,105.0,CH,1,China,CH,CH,,35.0,105.0,CH,20191007100000,Consult,Verbal cooperation
877847734,20191007,201910,MNCUSA,MICROSOFT,USA,,,,,MNC,,,CHN,CHINA,CHN,,,,,,,,1,012,012,01,1,-0.4,6,1,6,-2.0703933747412,1,United States,US,US,,39.828175,-98.5795,US,4,"Changsha, Hunan, China",CH,CH11,13130,28.2,112.967,-1899978,1,United States,US,US,,39.828175,-98.5795,US,20191007104500,Make public statement,Verbal cooperation
877855010,20191007,201910,USA,HAWAII,USA,,,,,,,,CHN,CHINA,CHN,,,,,,,,1,036,036,03,1,4.0,8,1,8,-0.47945205479453,4,"Haneda, Wakayama, Japan",JA,JA43,36528,33.75,135.333,-228452,2,"Hawaii, United States",US,USHI,,21.1098,-157.531,HI,4,"Haneda, Wakayama, Japan",JA,JA43,36528,33.75,135.333,-228452,20191007111500,Express intent to cooperate,Verbal cooperation
877856690,20191007,201910,USA,HOUSTON,USA,,,,,,,,CHN,CHINA,CHN,,,,,,,,1,030,030,03,1,4.0,6,1,6,4.16666666666667,3,"Houston, Texas, United States",US,USTX,TX201,29.7633,-95.3633,1380948,1,China,CH,CH,,35.0,105.0,CH,1,China,CH,CH,,35.0,105.0,CH,20191007113000,Express intent to cooperate,Verbal cooperation
877856692,20191007,201910,USA,HOUSTON,USA,,,,,,,,CHN,CHINA,CHN,,,,,,,,1,055,055,05,1,7.0,8,1,8,4.16666666666667,3,"Houston, Texas, United States",US,USTX,TX201,29.7633,-95.3633,1380948,1,China,CH,CH,,35.0,105.0,CH,3,"Houston, Texas, United States",US,USTX,TX201,29.7633,-95.3633,1380948,20191007113000,Engage in diplomatic cooperation,Verbal cooperation
877861363,20191007,201910,CHN,CHINESE,CHN,,,,,,,,USA,UNITED STATES,USA,,,,,,,,1,020,020,02,1,3.0,6,1,6,-3.33475844377939,1,China,CH,CH,,35.0,105.0,CH,3,"Angel Island, California, United States",US,USCA,,37.8627,-122.432,218281,1,China,CH,CH,,35.0,105.0,CH,20191007120000,Appeal,Verbal cooperation
877865301,20191007,201910,USA,UNITED STATES,USA,,,,,,,,CHN,CHINA,CHN,,,,,,,,1,046,046,04,1,7.0,8,1,8,-3.12907431551499,3,"White House, District of Columbia, United States",US,USDC,,38.8951,-77.0364,531871,1,China,CH,CH,,35.0,105.0,CH,3,"White House, District of Columbia, United States",US,USDC,,38.8951,-77.0364,531871,20191007121500,Consult,Verbal cooperation
877865401,20191007,201910,USAGOV,THE US,USA,,,,,GOV,,,CHN,CHINA,CHN,,,,,,,,1,0214,021,02,1,3.4,7,1,7,-3.57852882703777,1,China,CH,CH,,35.0,105.0,CH,1,China,CH,CH,,35.0,105.0,CH,1,China,CH,CH,,35.0,105.0,CH,20191007121500,Appeal,Verbal cooperation
877868494,20191007,201910,CHN,BEIJING,CHN,,,,,,,,USABUS,AMERICAN,USA,,,,,BUS,,,1,020,020,02,1,3.0,6,1,6,0.46970408642555,4,"Beijing, Beijing, China",CH,CH22,13001,39.9289,116.388,-1898541,4,"Beijing, Beijing, China",CH,CH22,13001,39.9289,116.388,-1898541,4,"Beijing, Beijing, China",CH,CH22,13001,39.9289,116.388,-1898541,20191007123000,Appeal,Verbal cooperation
877868495,20191007,201910,CHN,CHINA,CHN,,,,,,,,USAGOV,RICHARD NIXON,USA,,,,,GOV,,,1,043,043,04,1,2.8,10,1,10,-4.17310664605873,1,China,CH,CH,,35.0,105.0,CH,1,China,CH,CH,,35.0,105.0,CH,1,China,CH,CH,,35.0,105.0,CH,20191007123000,Consult,Verbal cooperation
877870022,20191007,201910,USAGOV,RICHARD NIXON,USA,,,,,GOV,,,CHN,CHINA,CHN,,,,,,,,1,042,042,04,1,1.9,10,1,10,-4.17310664605873,1,China,CH,CH,,35.0,105.0,CH,1,China,CH,CH,,35.0,105.0,CH,1,China,CH,CH,,35.0,105.0,CH,20191007123000,Consult,Verbal cooperation
877872936,20191007,201910,USA,UNITED STATES,USA,,,,,,,,CHN,CHINA,CHN,,,,,,,,1,036,036,03,1,4.0,8,1,8,-2.63157894736842,1,United States,US,US,,39.828175,-98.5795,US,1,China,CH,CH,,35.0,105.0,CH,1,China,CH,CH,,35.0,105.0,CH,20191007124500,Express intent to cooperate,Verbal cooperation
877875876,20191007,201910,USA,THE US,USA,,,,,,,,CHN,CHINA,CHN,,,,,,,,1,051,051,05,1,3.4,10,1,10,-4.67625899280576,1,Hong Kong,HK,HK,,22.25,114.166667,HK,1,Hong Kong,HK,HK,,22.25,114.166667,HK,1,Hong Kong,HK,HK,,22.25,114.166667,HK,20191007130000,Engage in diplomatic cooperation,Verbal cooperation
877877728,20191007,201910,USA,OHIO,USA,,,,,,,,CHN,CANTON,CHN,,,,,,,,1,100,100,10,3,-5.0,12,2,12,3.50464947239141,3,"Niagara Falls, New York, United States",US,USNY,NY063,43.0945,-79.0567,970406,3,"Niagara Falls, New York, United States",US,USNY,,43.0945,-79.0567,970406,3,"Niagara Falls, New York, United States",US,USNY,,43.0945,-79.0567,970406,20191007131500,Demand,Verbal conflict
877877918,20191007,201910,USAGOV,JOE BIDEN,USA,,,,,GOV,,,CHN,CHINA,CHN,,,,,,,,1,020,020,02,1,3.0,8,1,8,-2.24032586558044,1,China,CH,CH,,35.0,105.0,CH,1,China,CH,CH,,35.0,105.0,CH,1,China,CH,CH,,35.0,105.0,CH,20191007131500,Appeal,Verbal cooperation
877885466,20191007,201910,USA,WASHINGTON,USA,,,,,,,,CHN,CHINESE,CHN,,,,,,,,1,130,130,13,3,-4.4,10,1,10,-4.79041916167664,4,"London, London, City of, United Kingdom",UK,UKH9,40110,51.5,-0.116667,-2601889,4,"London, London, City of, United Kingdom",UK,UKH9,40110,51.5,-0.116667,-2601889,4,"London, London, City of, United Kingdom",UK,UKH9,40110,51.5,-0.116667,-2601889,20191007134500,Threaten,Verbal conflict
877894676,20191007,201910,USA,NEW YORK,USA,,,,,,,,CHN,CHINA,CHN,,,,,,,,1,017,017,01,1,0.0,8,1,8,-3.86930352536544,4,"Beijing, Beijing, China",CH,CH22,13001,39.9289,116.388,-1898541,1,Australia,AS,AS,,-25.0,135.0,AS,1,Australia,AS,AS,,-25.0,135.0,AS,20191007143000,Make public statement,Verbal cooperation
877901897,20191007,201910,CHN,CHINA,CHN,,,,,,,,USA,AMERICAN,USA,,,,,,,,1,043,043,04,1,2.8,6,1,6,0.11641443538999,4,"Fuzhou, Fujian, China",CH,CH07,13005,26.0614,119.306,-1905938,2,"New York, United States",US,USNY,,42.1497,-74.9384,NY,4,"Fuzhou, Fujian, China",CH,CH07,13005,26.0614,119.306,-1905938,20191007151500,Consult,Verbal cooperation
877901900,20191007,201910,CHN,CHINA,CHN,,,,,,,,USA,AMERICAN,USA,,,,,,,,1,130,130,13,3,-4.4,10,1,10,-2.50297973778308,4,"Beijing, Beijing, China",CH,CH22,13001,39.9289,116.388,-1898541,4,"Beijing, Beijing, China",CH,CH22,13001,39.9289,116.388,-1898541,4,"Beijing, Beijing, China",CH,CH22,13001,39.9289,116.388,-1898541,20191007151500,Threaten,Verbal conflict
877903201,20191007,201910,USA,AMERICAN,USA,,,,,,,,CHN,CHINA,CHN,,,,,,,,1,042,042,04,1,1.9,6,1,6,0.11641443538999,2,"New York, United States",US,USNY,,42.1497,-74.9384,NY,4,"Fuzhou, Fujian, China",CH,CH07,13005,26.0614,119.306,-1905938,4,"Fuzhou, Fujian, China",CH,CH07,13005,26.0614,119.306,-1905938,20191007151500,Consult,Verbal cooperation
877903205,20191007,201910,USA,WASHINGTON,USA,,,,,,,,CHN,CHINESE,CHN,,,,,,,,1,130,130,13,3,-4.4,8,1,8,-2.50297973778308,2,"Washington, United States",US,USWA,,47.3917,-121.571,WA,4,"Beijing, Beijing, China",CH,CH22,13001,39.9289,116.388,-1898541,2,"Washington, United States",US,USWA,,47.3917,-121.571,WA,20191007151500,Threaten,Verbal conflict
877909826,20191007,201910,CHN,CHINA,CHN,,,,,,,,USA,HOUSTON,USA,,,,,,,,1,012,012,01,1,-0.4,6,1,6,-2.52707581227437,4,"Tieba, Gansu, China",CH,CH15,13027,33.3625,104.617,10631613,3,"Houston, Texas, United States",US,USTX,TX201,29.7633,-95.3633,1380948,3,"Houston, Texas, United States",US,USTX,TX201,29.7633,-95.3633,1380948,20191007154500,Make public statement,Verbal cooperation
877909828,20191007,201910,CHN,CHINESE,CHN,,,,,,,,USA,WASHINGTON,USA,,,,,,,,1,040,040,04,1,1.0,7,1,7,-2.07373271889401,2,"South Dakota, United States",US,USSD,,44.2853,-99.4632,SD,2,"South Dakota, United States",US,USSD,,44.2853,-99.4632,SD,2,"South Dakota, United States",US,USSD,,44.2853,-99.4632,SD,20191007154500,Consult,Verbal cooperation
877916246,20191007,201910,CHN,CHINA,CHN,,,,,,,,USAGOV,OVAL OFFICE,USA,,,,,GOV,,,1,036,036,03,1,4.0,18,1,10,-2.76923076923077,4,"Beijing, Beijing, China",CH,CH22,13001,39.9289,116.388,-1898541,3,"White House, District of Columbia, United States",US,USDC,,38.8951,-77.0364,531871,3,"White House, District of Columbia, United States",US,USDC,,38.8951,-77.0364,531871,20191007161500,Express intent to cooperate,Verbal cooperation
877916248,20191007,201910,CHN,CHINA,CHN,,,,,,,,USAGOV,OVAL OFFICE,USA,,,,,GOV,,,1,046,046,04,1,7.0,14,1,8,-2.76923076923077,4,"Beijing, Beijing, China",CH,CH22,13001,39.9289,116.388,-1898541,3,"White House, District of Columbia, United States",US,USDC,,38.8951,-77.0364,531871,4,"Beijing, Beijing, China",CH,CH22,13001,39.9289,116.388,-1898541,20191007161500,Consult,Verbal cooperation
877917867,20191007,201910,USA,OKLAHOMA,USA,,,,,,,,CHN,CHINA,CHN,,,,,,,,1,130,130,13,3,-4.4,10,1,10,-2.59019426456984,2,"Colorado, United States",US,USCO,,39.0646,-105.327,CO,4,"Xiaoxing, Jiangsu, China",CH,CH04,13237,34.6099,119.105,11265706,4,"Xiaoxing, Jiangsu, China",CH,CH04,13237,34.6099,119.105,11265706,20191007161500,Threaten,Verbal conflict
877918085,20191007,201910,USAGOV,OVAL OFFICE,USA,,,,,GOV,,,CHN,CHINA,CHN,,,,,,,,1,036,036,03,1,4.0,18,1,10,-2.76923076923077,3,"White House, District of Columbia, United States",US,USDC,,38.8951,-77.0364,531871,4,"Beijing, Beijing, China",CH,CH22,13001,39.9289,116.388,-1898541,3,"White House, District of Columbia, United States",US,USDC,,38.8951,-77.0364,531871,20191007161500,Express intent to cooperate,Verbal cooperation
877918087,20191007,201910,USAGOV,OVAL OFFICE,USA,,,,,GOV,,,CHN,CHINA,CHN,,,,,,,,1,046,046,04,1,7.0,14,1,8,-2.76923076923077,3,"White House, District of Columbia, United States",US,USDC,,38.8951,-77.0364,531871,4,"Beijing, Beijing, China",CH,CH22,13001,39.9289,116.388,-1898541,4,"Beijing, Beijing, China",CH,CH22,13001,39.9289,116.388,-1898541,20191007161500,Consult,Verbal cooperation
877918634,20191007,201910,CHN,CANTON,CHN,,,,,,,,USA,ALASKA,USA,,,,,,,,1,042,042,04,1,1.9,20,1,20,1.98675496688742,2,"Alaska, United States",US,USAK,,61.385,-152.268,AK,2,"Alaska, United States",US,USAK,,61.385,-152.268,AK,2,"Alaska, United States",US,USAK,,61.385,-152.268,AK,20191007163000,Consult,Verbal cooperation
877918635,20191007,201910,CHN,CHINA,CHN,,,,,,,,USA,UNITED STATES,USA,,,,,,,,1,080,080,08,2,5.0,6,1,6,-5.22388059701492,4,"Beijing, Beijing, China",CH,CH22,13001,39.9289,116.388,-1898541,3,"Washington, District of Columbia, United States",US,USDC,DC001,38.8951,-77.0364,531871,4,"Beijing, Beijing, China",CH,CH22,13001,39.9289,116.388,-1898541,20191007163000,Yield,Material cooperation
877920037,20191007,201910,USA,ALASKA,USA,,,,,,,,CHN,CANTON,CHN,,,,,,,,1,043,043,04,1,2.8,20,1,20,1.98675496688742,2,"Alaska, United States",US,USAK,,61.385,-152.268,AK,1,China,CH,CH,,35.0,105.0,CH,2,"Alaska, United States",US,USAK,,61.385,-152.268,AK,20191007163000,Consult,Verbal cooperation
877920038,20191007,201910,USA,UNITED STATES,USA,,,,,,,,CHN,CHINA,CHN,,,,,,,,1,080,080,08,2,5.0,6,1,6,-5.22388059701492,3,"Washington, District of Columbia, United States",US,USDC,DC001,38.8951,-77.0364,531871,4,"Beijing, Beijing, China",CH,CH22,13001,39.9289,116.388,-1898541,4,"Beijing, Beijing, China",CH,CH22,13001,39.9289,116.388,-1898541,20191007163000,Yield,Material cooperation
877926337,20191007,201910,CHN,CHINA,CHN,,,,,,,,USA,WASHINGTON,USA,,,,,,,,1,020,020,02,1,3.0,6,1,6,-2.24828934506354,1,China,CH,CH,,35.0,105.0,CH,3,"Washington, District of Columbia, United States",US,USDC,DC001,38.8951,-77.0364,531871,3,"Washington, District of Columbia, United States",US,USDC,DC001,38.8951,-77.0364,531871,20191007170000,Appeal,Verbal cooperation
877928162,20190930,201909,CHN,CHINA,CHN,,,,,,,,USA,WASHINGTON,USA,,,,,,,,1,1014,101,10,3,-5.0,6,1,6,-0.91407678244973,4,"Beijing, Beijing, China",CH,CH22,13001,39.9289,116.388,-1898541,4,"Beijing, Beijing, China",CH,CH22,13001,39.9289,116.388,-1898541,4,"Beijing, Beijing, China",CH,CH22,13001,39.9289,116.388,-1898541,20191007171500,Demand,Verbal conflict
877929952,20191007,201910,USA,MAINE,USA,,,,,,,,CHN,CHINA,CHN,,,,,,,,1,0214,021,02,1,3.4,7,1,7,-3.26797385620915,2,"Maine, United States",US,USME,,44.6074,-69.3977,ME,1,China,CH,CH,,35.0,105.0,CH,1,China,CH,CH,,35.0,105.0,CH,20191007171500,Appeal,Verbal cooperation
877938146,20191007,201910,USA,THE US,USA,,,,,,,,CHN,CHINA,CHN,,,,,,,,1,138,138,13,3,-7.0,20,1,10,-14.2857142857143,0,,,,,,,,0,,,,,,,,0,,,,,,,,20191007180000,Threaten,Verbal conflict
877943692,20191007,201910,CHN,CHINESE,CHN,,,,,,,,USA,WASHINGTON,USA,,,,,,,,1,042,042,04,1,1.9,10,1,10,-1.78571428571429,1,China,CH,CH,,35.0,105.0,CH,2,"Washington, United States",US,USWA,,47.3917,-121.571,WA,2,"Washington, United States",US,USWA,,47.3917,-121.571,WA,20191007183000,Consult,Verbal cooperation
877944984,20191007,201910,USA,WASHINGTON,USA,,,,,,,,CHN,CHINESE,CHN,,,,,,,,1,043,043,04,1,2.8,10,1,10,-1.78571428571429,2,"Washington, United States",US,USWA,,47.3917,-121.571,WA,1,China,CH,CH,,35.0,105.0,CH,2,"Washington, United States",US,USWA,,47.3917,-121.571,WA,20191007183000,Consult,Verbal cooperation
877947980,20191007,201910,USA,UNITED STATES,USA,,,,,,,,CHN,CHINA,CHN,,,,,,,,1,163,163,16,4,-8.0,30,2,30,-3.0052850486287,1,Iran,IR,IR,,32.0,53.0,IR,1,Iran,IR,IR,,32.0,53.0,IR,1,Iran,IR,IR,,32.0,53.0,IR,20191007184500,Reduce relations,Material conflict
877949519,20191007,201910,CHN,SHANGHAI,CHN,,,,,,,,USA,UNITED STATES,USA,,,,,,,,1,141,141,14,3,-6.5,10,1,10,0.0,4,"Shanghai, Shanghai, China",CH,CH23,13243,31.2222,121.458,-1924465,4,"Shanghai, Shanghai, China",CH,CH23,13243,31.2222,121.458,-1924465,4,"Shanghai, Shanghai, China",CH,CH23,13243,31.2222,121.458,-1924465,20191007190000,Protest,Verbal conflict
877955025,20191007,201910,CHN,CHINESE,CHN,,,,,,,,USA,WASHINGTON,USA,,,,,,,,1,040,040,04,1,1.0,8,1,8,-1.4760147601476,4,"Mizuho, Sakhalinskaya Oblast', Russia",RS,RS64,25093,46.8773,142.276,-2987338,4,"Mizuho, Sakhalinskaya Oblast', Russia",RS,RS64,25093,46.8773,142.276,-2987338,4,"Mizuho, Sakhalinskaya Oblast', Russia",RS,RS64,25093,46.8773,142.276,-2987338,20191007193000,Consult,Verbal cooperation
877955029,20191007,201910,CHN,CHINA,CHN,,,,,,,,USA,UNITED STATES,USA,,,,,,,,1,186,186,18,4,-10.0,6,1,6,0.97087378640777,4,"Zheng He, Anhui, China",CH,CH01,12998,31.2167,118.508,-3830081,3,"Piasa, Illinois, United States",US,USIL,IL117,39.1159,-90.1237,415623,3,"Piasa, Illinois, United States",US,USIL,IL117,39.1159,-90.1237,415623,20191007193000,Assault,Material conflict
877960154,20191007,201910,CHN,CHINA,CHN,,,,,,,,USA,UNITED STATES,USA,,,,,,,,1,030,030,03,1,4.0,10,1,10,1.01694915254237,1,United States,US,US,,39.828175,-98.5795,US,1,United States,US,US,,39.828175,-98.5795,US,1,United States,US,US,,39.828175,-98.5795,US,20191007200000,Express intent to cooperate,Verbal cooperation
877966815,20191007,201910,USA,WASHINGTON,USA,,,,,,,,CHN,CHINA,CHN,,,,,,,,1,0211,021,02,1,3.4,6,2,6,-3.16903587648878,3,"Washington, District of Columbia, United States",US,USDC,DC001,38.8951,-77.0364,531871,1,China,CH,CH,,35.0,105.0,CH,1,China,CH,CH,,35.0,105.0,CH,20191007203000,Appeal,Verbal cooperation
877966816,20191007,201910,USA,UNITED STATES,USA,,,,,,,,CHN,CHINA,CHN,,,,,,,,1,163,163,16,4,-8.0,10,1,10,-2.93040293040293,2,"New York, United States",US,USNY,,42.1497,-74.9384,NY,2,"New York, United States",US,USNY,,42.1497,-74.9384,NY,2,"New York, United States",US,USNY,,42.1497,-74.9384,NY,20191007203000,Reduce relations,Material conflict
877970584,20191007,201910,CHN,CHINA,CHN,,,,,,,,USA,HOUSTON,USA,,,,,,,,1,161,161,16,4,-4.0,8,1,8,-0.65359477124183,1,China,CH,CH,,35.0,105.0,CH,1,China,CH,CH,,35.0,105.0,CH,1,China,CH,CH,,35.0,105.0,CH,20191007210000,Reduce relations,Material conflict
877976830,20191007,201910,USA,LOS ANGELES,USA,,,,,,,,CHN,CHINA,CHN,,,,,,,,1,017,017,01,1,0.0,8,1,8,7.00934579439252,2,"California, United States",US,USCA,,36.17,-119.746,CA,4,"Beijing, Beijing, China",CH,CH22,13001,39.9289,116.388,-1898541,2,"California, United States",US,USCA,,36.17,-119.746,CA,20191007213000,Make public statement,Verbal cooperation
877976833,20191007,201910,USA,LOS ANGELES,USA,,,,,,,,CHN,CHINA,CHN,,,,,,,,1,173,173,17,4,-5.0,6,1,6,7.00934579439252,2,"California, United States",US,USCA,,36.17,-119.746,CA,4,"Beijing, Beijing, China",CH,CH22,13001,39.9289,116.388,-1898541,2,"California, United States",US,USCA,,36.17,-119.746,CA,20191007213000,Coerce,Material conflict
877980154,20190930,201909,USAGOV,JOE BIDEN,USA,,,,,GOV,,,CHN,CHINA,CHN,,,,,,,,1,1014,101,10,3,-5.0,10,1,10,-4.82954545454546,4,"Beijing, Beijing, China",CH,CH22,13001,39.9289,116.388,-1898541,4,"Beijing, Beijing, China",CH,CH22,13001,39.9289,116.388,-1898541,4,"Beijing, Beijing, China",CH,CH22,13001,39.9289,116.388,-1898541,20191007220000,Demand,Verbal conflict
877987067,20191007,201910,CHN,CHINA,CHN,,,,,,,,USA,HOUSTON,USA,,,,,,,,1,055,055,05,1,7.0,10,1,10,1.85185185185185,3,"Houston, Texas, United States",US,USTX,TX201,29.7633,-95.3633,1380948,3,"Houston, Texas, United States",US,USTX,TX201,29.7633,-95.3633,1380948,3,"Houston, Texas, United States",US,USTX,TX201,29.7633,-95.3633,1380948,20191007224500,Engage in diplomatic cooperation,Verbal cooperation
877990823,20191007,201910,CHN,CHINA,CHN,,,,,,,,USAGOVBUS,UNITED STATES,USA,,,,,GOV,BUS,,1,046,046,04,1,7.0,6,1,6,-2.9045643153527,4,"Beijing, Beijing, China",CH,CH22,13001,39.9289,116.388,-1898541,3,"White House, District of Columbia, United States",US,USDC,,38.8951,-77.0364,531871,4,"Beijing, Beijing, China",CH,CH22,13001,39.9289,116.388,-1898541,20191007231500,Consult,Verbal cooperation
877991759,20191007,201910,USAGOVBUS,UNITED STATES,USA,,,,,GOV,BUS,,CHN,CHINA,CHN,,,,,,,,1,046,046,04,1,7.0,6,1,6,-2.9045643153527,3,"White House, District of Columbia, United States",US,USDC,,38.8951,-77.0364,531871,4,"Beijing, Beijing, China",CH,CH22,13001,39.9289,116.388,-1898541,4,"Beijing, Beijing, China",CH,CH22,13001,39.9289,116.388,-1898541,20191007231500,Consult,Verbal cooperation
877992079,20191007,201910,CHN,CHINA,CHN,,,,,,,,USAGOV,THE US,USA,,,,,GOV,,,1,046,046,04,1,7.0,10,1,10,1.35135135135135,1,China,CH,CH,,35.0,105.0,CH,1,China,CH,CH,,35.0,105.0,CH,1,China,CH,CH,,35.0,105.0,CH,20191007233000,Consult,Verbal cooperation
877993054,20191007,201910,USAGOV,THE US,USA,,,,,GOV,,,CHN,CHINA,CHN,,,,,,,,1,160,160,16,4,-4.0,10,1,10,-6.49819494584837,4,"Beijing, Beijing, China",CH,CH22,13001,39.9289,116.388,-1898541,4,"Xinjiang, Jiangxi, China",CH,CH03,13167,27.7481,116.274,11065838,4,"Beijing, Beijing, China",CH,CH22,13001,39.9289,116.388,-1898541,20191007233000,Reduce relations,Material conflict
877993055,20191007,201910,USAGOV,THE US,USA,,,,,GOV,,,CHNBUS,CHINESE,CHN,,,,,BUS,,,1,160,160,16,4,-4.0,8,1,8,-6.49819494584837,4,"Xinjiang, Jiangxi, China",CH,CH03,13167,27.7481,116.274,11065838,4,"Xinjiang, Jiangxi, China",CH,CH03,13167,27.7481,116.274,11065838,4,"Xinjiang, Jiangxi, China",CH,CH03,13167,27.7481,116.274,11065838,20191007233000,Reduce relations,Material conflict
877994325,20190907,201909,USA,UNITED STATES,USA,,,,,,,,CHN,BEIJING,CHN,,,,,,,,1,012,012,01,1,-0.4,6,1,6,2.89256198347107,4,"Beijing, Beijing, China",CH,CH22,13001,39.9289,116.388,-1898541,4,"Beijing, Beijing, China",CH,CH22,13001,39.9289,116.388,-1898541,4,"Beijing, Beijing, China",CH,CH22,13001,39.9289,116.388,-1898541,20191007234500,Make public statement,Verbal cooperation
877997006,20191008,201910,CHN,CHINA,CHN,,,,,,,,USA,THE US,USA,,,,,,,,1,040,040,04,1,1.0,10,1,10,-0.70175438596491,4,"Beijing, Beijing, China",CH,CH22,13001,39.9289,116.388,-1898541,4,"Beijing, Beijing, China",CH,CH22,13001,39.9289,116.388,-1898541,4,"Beijing, Beijing, China",CH,CH22,13001,39.9289,116.388,-1898541,20191008000000,Consult,Verbal cooperation
877997007,20191008,201910,CHN,CHINESE,CHN,,,,,,,,USA,WASHINGTON,USA,,,,,,,,1,040,040,04,1,1.0,8,1,8,-1.84049079754602,4,"Mizuho, Sakhalinskaya Oblast', Russia",RS,RS64,25093,46.8773,142.276,-2987338,4,"Mizuho, Sakhalinskaya Oblast', Russia",RS,RS64,25093,46.8773,142.276,-2987338,4,"Mizuho, Sakhalinskaya Oblast', Russia",RS,RS64,25093,46.8773,142.276,-2987338,20191008000000,Consult,Verbal cooperation
877997008,20191008,201910,CHN,CHINA,CHN,,,,,,,,USA,THE US,USA,,,,,,,,1,043,043,04,1,2.8,10,1,10,-0.70175438596491,4,"Beijing, Beijing, China",CH,CH22,13001,39.9289,116.388,-1898541,4,"Beijing, Beijing, China",CH,CH22,13001,39.9289,116.388,-1898541,4,"Beijing, Beijing, China",CH,CH22,13001,39.9289,116.388,-1898541,20191008000000,Consult,Verbal cooperation
877997011,20191008,201910,CHN,BEIJING,CHN,,,,,,,,USA,AMERICAN,USA,,,,,,,,1,060,060,06,2,6.0,10,1,10,-0.70175438596491,4,"Beijing, Beijing, China",CH,CH22,13001,39.9289,116.388,-1898541,1,United States,US,US,,39.828175,-98.5795,US,1,United States,US,US,,39.828175,-98.5795,US,20191008000000,Engage in material cooperation,Material cooperation
877997015,20191008,201910,CHN,BEIJING,CHN,,,,,,,,USA,AMERICAN,USA,,,,,,,,1,120,120,12,3,-4.0,10,1,10,-0.70175438596491,4,"Beijing, Beijing, China",CH,CH22,13001,39.9289,116.388,-1898541,1,United States,US,US,,39.828175,-98.5795,US,4,"Beijing, Beijing, China",CH,CH22,13001,39.9289,116.388,-1898541,20191008000000,Reject,Verbal conflict
877999130,20191008,201910,USA,THE US,USA,,,,,,,,CHN,CHINA,CHN,,,,,,,,1,040,040,04,1,1.0,10,1,10,-0.70175438596491,4,"Beijing, Beijing, China",CH,CH22,13001,39.9289,116.388,-1898541,4,"Beijing, Beijing, China",CH,CH22,13001,39.9289,116.388,-1898541,4,"Beijing, Beijing, China",CH,CH22,13001,39.9289,116.388,-1898541,20191008000000,Consult,Verbal cooperation
877999132,20191008,201910,USA,WASHINGTON,USA,,,,,,,,CHN,CHINESE,CHN,,,,,,,,1,040,040,04,1,1.0,6,1,6,-1.84049079754602,3,"Washington, District of Columbia, United States",US,USDC,DC001,38.8951,-77.0364,531871,1,China,CH,CH,,35.0,105.0,CH,1,China,CH,CH,,35.0,105.0,CH,20191008000000,Consult,Verbal cooperation
877999133,20191008,201910,USA,THE US,USA,,,,,,,,CHN,CHINA,CHN,,,,,,,,1,042,042,04,1,1.9,10,1,10,-0.70175438596491,1,Singapore,SN,SN,,1.366667,103.8,SN,1,Singapore,SN,SN,,1.366667,103.8,SN,1,Singapore,SN,SN,,1.366667,103.8,SN,20191008000000,Consult,Verbal cooperation
877999142,20191008,201910,USA,WASHINGTON,USA,,,,,,,,CHN,CHINESE,CHN,,,,,,,,1,160,160,16,4,-4.0,70,7,70,-3.43829050725603,1,China,CH,CH,,35.0,105.0,CH,1,China,CH,CH,,35.0,105.0,CH,1,China,CH,CH,,35.0,105.0,CH,20191008000000,Reduce relations,Material conflict
877999143,20191008,201910,USA,WASHINGTON,USA,,,,,,,,CHNGOV,CHINESE,CHN,,,,,GOV,,,1,141,141,14,3,-6.5,6,1,6,-2.06896551724138,3,"Washington, District of Columbia, United States",US,USDC,DC001,38.8951,-77.0364,531871,1,China,CH,CH,,35.0,105.0,CH,1,China,CH,CH,,35.0,105.0,CH,20191008000000,Protest,Verbal conflict
878005171,20191008,201910,CHN,CHINA,CHN,,,,,,,,USAGOV,UNITED STATES,USA,,,,,GOV,,,1,040,040,04,1,1.0,8,1,8,-1.33982947624848,4,"Xinjiang, Jiangxi, China",CH,CH03,13167,27.7481,116.274,11065838,1,United States,US,US,,39.828175,-98.5795,US,1,United States,US,US,,39.828175,-98.5795,US,20191008003000,Consult,Verbal cooperation
878005174,20191008,201910,CHN,CHINA,CHN,,,,,,,,USAGOV,US OFFICIAL,USA,,,,,GOV,,,1,046,046,04,1,7.0,10,1,10,-3.75782881002087,4,"Xinjiang, Jiangxi, China",CH,CH03,13167,27.7481,116.274,11065838,4,"Xinjiang, Jiangxi, China",CH,CH03,13167,27.7481,116.274,11065838,4,"Xinjiang, Jiangxi, China",CH,CH03,13167,27.7481,116.274,11065838,20191008003000,Consult,Verbal cooperation
878007140,20191008,201910,USA,A US,USA,,,,,,,,CHN,CHINESE,CHN,,,,,,,,1,060,060,06,2,6.0,10,1,10,0.40983606557377,1,China,CH,CH,,35.0,105.0,CH,1,Mexico,MX,MX,,23.0,-102.0,MX,1,China,CH,CH,,35.0,105.0,CH,20191008003000,Engage in material cooperation,Material cooperation
878007439,20191008,201910,USAGOV,UNITED STATES,USA,,,,,GOV,,,CHN,CHINA,CHN,,,,,,,,1,040,040,04,1,1.0,8,1,8,-1.33982947624848,1,United States,US,US,,39.828175,-98.5795,US,4,"Xinjiang, Jiangxi, China",CH,CH03,13167,27.7481,116.274,11065838,1,United States,US,US,,39.828175,-98.5795,US,20191008003000,Consult,Verbal cooperation
878007441,20191008,201910,USAGOV,US OFFICIAL,USA,,,,,GOV,,,CHN,CHINA,CHN,,,,,,,,1,046,046,04,1,7.0,10,1,10,-3.75782881002087,4,"Dahua, Jiangsu, China",CH,CH04,13144,31.2849,118.728,10511986,4,"Dahua, Jiangsu, China",CH,CH04,13144,31.2849,118.728,10511986,4,"Dahua, Jiangsu, China",CH,CH04,13144,31.2849,118.728,10511986,20191008003000,Consult,Verbal cooperation
878009089,20191008,201910,CHN,CHINESE,CHN,,,,,,,,MNCUSA,DISNEY,USA,,,,,MNC,,,1,172,172,17,4,-5.0,6,1,6,-0.396825396825401,3,"Hollywood, California, United States",US,USCA,CA037,34.0983,-118.327,1660757,3,"Hollywood, California, United States",US,USCA,CA037,34.0983,-118.327,1660757,3,"Hollywood, California, United States",US,USCA,CA037,34.0983,-118.327,1660757,20191008004500,Coerce,Material conflict
878009096,20191008,201910,CHN,BEIJING,CHN,,,,,,,,USA,WASHINGTON,USA,,,,,,,,1,046,046,04,1,7.0,10,1,10,1.42857142857142,4,"Zhong Shan, Anhui, China",CH,CH01,12997,30.8938,118.769,10997260,4,"Zhong Shan, Anhui, China",CH,CH01,12997,30.8938,118.769,10997260,4,"Zhong Shan, Anhui, China",CH,CH01,12997,30.8938,118.769,10997260,20191008004500,Consult,Verbal cooperation
878010736,20191008,201910,USA,WASHINGTON,USA,,,,,,,,CHN,CHINESE,CHN,,,,,,,,1,160,160,16,4,-4.0,60,6,60,-2.28233711320392,3,"Washington, District of Columbia, United States",US,USDC,DC001,38.8951,-77.0364,531871,1,China,CH,CH,,35.0,105.0,CH,3,"Washington, District of Columbia, United States",US,USDC,DC001,38.8951,-77.0364,531871,20191008004500,Reduce relations,Material conflict
878010738,20191008,201910,USA,UNITED STATES,USA,,,,,,,,CHN,CHINA,CHN,,,,,,,,1,163,163,16,4,-8.0,10,1,10,-5.72139303482587,2,"New York, United States",US,USNY,,42.1497,-74.9384,NY,2,"New York, United States",US,USNY,,42.1497,-74.9384,NY,2,"New York, United States",US,USNY,,42.1497,-74.9384,NY,20191008004500,Reduce relations,Material conflict
878012271,20191008,201910,CHN,CHINA,CHN,,,,,,,,USA,UNITED STATES,USA,,,,,,,,1,046,046,04,1,7.0,6,3,6,1.62412993039443,2,"Arkansas, United States",US,USAR,,34.9513,-92.3809,AR,3,"Little Rock, Arkansas, United States",US,USAR,,34.7465,-92.2896,83350,2,"Arkansas, United States",US,USAR,,34.9513,-92.3809,AR,20191008010000,Consult,Verbal cooperation
878013448,20191008,201910,USA,UNITED STATES,USA,,,,,,,,CHN,CHINA,CHN,,,,,,,,1,046,046,04,1,7.0,6,3,6,1.62412993039443,3,"Little Rock, Arkansas, United States",US,USAR,AR119,34.7465,-92.2896,83350,2,"Arkansas, United States",US,USAR,,34.9513,-92.3809,AR,2,"Arkansas, United States",US,USAR,,34.9513,-92.3809,AR,20191008010000,Consult,Verbal cooperation
878013451,20191008,201910,USA,WASHINGTON,USA,,,,,,,,CHN,CHINESE,CHN,,,,,,,,1,160,160,16,4,-4.0,8,1,8,-9.56937799043067,3,"Washington, District of Columbia, United States",US,USDC,DC001,38.8951,-77.0364,531871,4,"Beijing, Beijing, China",CH,CH22,13001,39.9289,116.388,-1898541,4,"Beijing, Beijing, China",CH,CH22,13001,39.9289,116.388,-1898541,20191008010000,Reduce relations,Material conflict
878013452,20191008,201910,USA,UNITED STATES,USA,,,,,,,,CHN,CHINESE,CHN,,,,,,,,1,160,160,16,4,-4.0,60,1,30,-0.58479532163742,3,"Las Vegas, Nevada, United States",US,USNV,NV003,36.175,-115.137,847388,1,China,CH,CH,,35.0,105.0,CH,3,"Las Vegas, Nevada, United States",US,USNV,,36.175,-115.137,847388,20191008010000,Reduce relations,Material conflict
878014745,20191008,201910,CHN,CHINA,CHN,,,,,,,,USA,UNITED STATES,USA,,,,,,,,1,010,010,01,1,0.0,8,1,8,-3.6231884057971,1,China,CH,CH,,35.0,105.0,CH,2,"California, United States",US,USCA,,36.17,-119.746,CA,2,"California, United States",US,USCA,,36.17,-119.746,CA,20191008011500,Make public statement,Verbal cooperation
878014747,20191008,201910,CHN,CHINA,CHN,,,,,,,,USA,UNITED STATES,USA,,,,,,,,1,060,060,06,2,6.0,10,1,10,-3.6231884057971,2,"California, United States",US,USCA,,36.17,-119.746,CA,2,"California, United States",US,USCA,,36.17,-119.746,CA,2,"California, United States",US,USCA,,36.17,-119.746,CA,20191008011500,Engage in material cooperation,Material cooperation
878016098,20191008,201910,USA,UNITED STATES,USA,,,,,,,,CHN,CHINA,CHN,,,,,,,,1,163,163,16,4,-8.0,10,1,10,-3.07692307692307,1,Iran,IR,IR,,32.0,53.0,IR,1,Iran,IR,IR,,32.0,53.0,IR,1,Iran,IR,IR,,32.0,53.0,IR,20191008011500,Reduce relations,Material conflict
878018594,20191008,201910,USA,WASHINGTON,USA,,,,,,,,CHN,CHINESE,CHN,,,,,,,,1,130,130,13,3,-4.4,6,1,6,-2.16606498194946,2,"Colorado, United States",US,USCO,,39.0646,-105.327,CO,2,"Colorado, United States",US,USCO,,39.0646,-105.327,CO,2,"Colorado, United States",US,USCO,,39.0646,-105.327,CO,20191008013000,Threaten,Verbal conflict
878022346,20191008,201910,CHN,CHINA,CHN,,,,,,,,USA,AMERICAN,USA,,,,,,,,1,017,017,01,1,0.0,8,1,8,-4.08858603066439,4,"Beijing, Beijing, China",CH,CH22,13001,39.9289,116.388,-1898541,4,"Beijing, Beijing, China",CH,CH22,13001,39.9289,116.388,-1898541,2,"New York, United States",US,USNY,,42.1497,-74.9384,NY,20191008020000,Make public statement,Verbal cooperation
878023328,20191008,201910,USA,WASHINGTON,USA,,,,,,,,CHN,CHINESE,CHN,,,,,,,,1,160,160,16,4,-4.0,6,1,6,-5.55555555555555,1,China,CH,CH,,35.0,105.0,CH,3,"Washington, District of Columbia, United States",US,USDC,DC001,38.8951,-77.0364,531871,1,China,CH,CH,,35.0,105.0,CH,20191008020000,Reduce relations,Material conflict
878024477,20191008,201910,CHNCVL,CHINESE,CHN,,,,,CVL,,,USA,CALIFORNIA,USA,,,,,,,,1,042,042,04,1,1.9,6,1,6,0.40485829959514,1,China,CH,CH,,35.0,105.0,CH,1,China,CH,CH,,35.0,105.0,CH,1,China,CH,CH,,35.0,105.0,CH,20191008021500,Consult,Verbal cooperation
878025732,20191008,201910,USA,WASHINGTON,USA,,,,,,,,CHNBUS,CHINESE,CHN,,,,,BUS,,,1,160,160,16,4,-4.0,6,2,6,-2.86977115901914,4,"Ankara, Ankara, Turkey",TU,TU68,27516,39.9272,32.8644,-735338,4,"Ankara, Ankara, Turkey",TU,TU68,27516,39.9272,32.8644,-735338,4,"Ankara, Ankara, Turkey",TU,TU68,27516,39.9272,32.8644,-735338,20191008021500,Reduce relations,Material conflict
878025736,20191008,201910,USA,CALIFORNIA,USA,,,,,,,,CHNCVL,CHINESE,CHN,,,,,CVL,,,1,043,043,04,1,2.8,6,1,6,0.40485829959514,2,"California, United States",US,USCA,,36.17,-119.746,CA,1,China,CH,CH,,35.0,105.0,CH,2,"California, United States",US,USCA,,36.17,-119.746,CA,20191008021500,Consult,Verbal cooperation
878027361,20191008,201910,USA,UNITED STATES,USA,,,,,,,,CHN,CHINESE,CHN,,,,,,,,1,160,160,16,4,-4.0,8,1,8,-5.35372848948375,3,"Las Vegas, Nevada, United States",US,USNV,NV003,36.175,-115.137,847388,4,"Dahua, Jiangsu, China",CH,CH04,13144,31.2849,118.728,10511986,3,"Las Vegas, Nevada, United States",US,USNV,,36.175,-115.137,847388,20191008023000,Reduce relations,Material conflict
878034077,20191008,201910,CHNGOV,CHINA,CHN,,,,,GOV,,,USA,WASHINGTON,USA,,,,,,,,1,036,036,03,1,4.0,12,3,12,-2.05484255557893,4,"Yi Gang, Gansu, China",CH,CH15,13206,35.4833,105.25,-1936316,3,"Washington, District of Columbia, United States",US,USDC,DC001,38.8951,-77.0364,531871,3,"Washington, District of Columbia, United States",US,USDC,DC001,38.8951,-77.0364,531871,20191008031500,Express intent to cooperate,Verbal cooperation
878034812,20191008,201910,USA,UNITED STATES,USA,,,,,,,,CHN,CHINESE,CHN,,,,,,,,1,160,160,16,4,-4.0,6,1,6,-3.66972477064221,1,United States,US,US,,39.828175,-98.5795,US,1,China,CH,CH,,35.0,105.0,CH,1,China,CH,CH,,35.0,105.0,CH,20191008031500,Reduce relations,Material conflict
878034816,20191008,201910,USA,THE US,USA,,,,,,,,CHNBUS,CHINESE,CHN,,,,,BUS,,,1,160,160,16,4,-4.0,6,1,6,-3.25,4,"Beijing, Beijing, China",CH,CH22,13001,39.9289,116.388,-1898541,4,"Beijing, Beijing, China",CH,CH22,13001,39.9289,116.388,-1898541,4,"Beijing, Beijing, China",CH,CH22,13001,39.9289,116.388,-1898541,20191008031500,Reduce relations,Material conflict
878037352,20191008,201910,USA,WASHINGTON,USA,,,,,,,,CHN,CHINESE,CHN,,,,,,,,1,130,130,13,3,-4.4,10,1,10,-2.42865816636309,4,"Beijing, Beijing, China",CH,CH22,13001,39.9289,116.388,-1898541,4,"Beijing, Beijing, China",CH,CH22,13001,39.9289,116.388,-1898541,4,"Beijing, Beijing, China",CH,CH22,13001,39.9289,116.388,-1898541,20191008033000,Threaten,Verbal conflict
878040513,20191008,201910,MNCCHNGOV,BANK OF CHINA,CHN,,,,,MNC,GOV,,USA,WASHINGTON,USA,,,,,,,,1,042,042,04,1,1.9,10,1,10,-1.69014084507043,1,Japan,JA,JA,,36.0,138.0,JA,1,Japan,JA,JA,,36.0,138.0,JA,1,Japan,JA,JA,,36.0,138.0,JA,20191008040000,Consult,Verbal cooperation
878040872,20191008,201910,USA,WASHINGTON,USA,,,,,,,,MNCCHNGOV,BANK OF CHINA,CHN,,,,,MNC,GOV,,1,043,043,04,1,2.8,10,1,10,-1.69014084507043,3,"Washington, District of Columbia, United States",US,USDC,DC001,38.8951,-77.0364,531871,4,"Shanghai, Shanghai, China",CH,CH23,13243,31.2222,121.458,-1924465,3,"Washington, District of Columbia, United States",US,USDC,DC001,38.8951,-77.0364,531871,20191008040000,Consult,Verbal cooperation
878042818,20191008,201910,USAGOVBUS,THE US,USA,,,,,GOV,BUS,,CHN,CHINESE,CHN,,,,,,,,1,160,160,16,4,-4.0,8,1,8,-5.86854460093897,4,"Beijing, Beijing, China",CH,CH22,13001,39.9289,116.388,-1898541,4,"Beijing, Beijing, China",CH,CH22,13001,39.9289,116.388,-1898541,4,"Beijing, Beijing, China",CH,CH22,13001,39.9289,116.388,-1898541,20191008041500,Reduce relations,Material conflict
878043695,20191008,201910,CHN,CHINESE,CHN,,,,,,,,USA,WASHINGTON,USA,,,,,,,,1,036,036,03,1,4.0,6,1,6,1.47783251231527,4,"Zhong Shan, Anhui, China",CH,CH01,12997,30.8938,118.769,10997260,3,"Washington, District of Columbia, United States",US,USDC,DC001,38.8951,-77.0364,531871,3,"Washington, District of Columbia, United States",US,USDC,DC001,38.8951,-77.0364,531871,20191008043000,Express intent to cooperate,Verbal cooperation
878043697,20191008,201910,CHN,CANTON,CHN,,,,,,,,USA,OHIO,USA,,,,,,,,1,042,042,04,1,1.9,10,1,10,-9.47368421052632,1,China,CH,CH,,35.0,105.0,CH,1,China,CH,CH,,35.0,105.0,CH,1,China,CH,CH,,35.0,105.0,CH,20191008043000,Consult,Verbal cooperation
878044827,20191008,201910,USA,OHIO,USA,,,,,,,,CHN,CANTON,CHN,,,,,,,,1,043,043,04,1,2.8,10,1,10,-9.47368421052632,1,China,CH,CH,,35.0,105.0,CH,1,China,CH,CH,,35.0,105.0,CH,1,China,CH,CH,,35.0,105.0,CH,20191008043000,Consult,Verbal cooperation
878044828,20191008,201910,USA,UNITED STATES,USA,,,,,,,,CHN,CHINA,CHN,,,,,,,,1,046,046,04,1,7.0,10,1,10,-3.80710659898478,1,Australia,AS,AS,,-25.0,135.0,AS,1,Australia,AS,AS,,-25.0,135.0,AS,1,Australia,AS,AS,,-25.0,135.0,AS,20191008043000,Consult,Verbal cooperation
878046365,20191008,201910,CHN,CHINA,CHN,,,,,,,,USA,UNITED STATES,USA,,,,,,,,1,042,042,04,1,1.9,8,1,8,-1.60502442428472,1,China,CH,CH,,35.0,105.0,CH,3,"Washington, District of Columbia, United States",US,USDC,DC001,38.8951,-77.0364,531871,1,China,CH,CH,,35.0,105.0,CH,20191008044500,Consult,Verbal cooperation
878047306,20191008,201910,USA,UNITED STATES,USA,,,,,,,,CHN,CHINA,CHN,,,,,,,,1,043,043,04,1,2.8,8,1,8,-1.60502442428472,3,"Washington, District of Columbia, United States",US,USDC,DC001,38.8951,-77.0364,531871,1,China,CH,CH,,35.0,105.0,CH,1,China,CH,CH,,35.0,105.0,CH,20191008044500,Consult,Verbal cooperation
878047308,20191008,201910,USA,UNITED STATES,USA,,,,,,,,CHN,CHINA,CHN,,,,,,,,1,046,046,04,1,7.0,6,1,6,-1.60502442428472,1,China,CH,CH,,35.0,105.0,CH,1,China,CH,CH,,35.0,105.0,CH,1,China,CH,CH,,35.0,105.0,CH,20191008044500,Consult,Verbal cooperation
878047841,20191008,201910,CHN,CHINA,CHN,,,,,,,,USA,THE US,USA,,,,,,,,1,111,111,11,3,-2.0,10,1,10,-4.23452768729641,1,China,CH,CH,,35.0,105.0,CH,1,China,CH,CH,,35.0,105.0,CH,1,China,CH,CH,,35.0,105.0,CH,20191008050000,Disapprove,Verbal conflict
878048794,20191008,201910,USA,THE US,USA,,,,,,,,CHN,CHINA,CHN,,,,,,,,1,111,111,11,3,-2.0,10,1,10,-4.23452768729641,1,China,CH,CH,,35.0,105.0,CH,1,China,CH,CH,,35.0,105.0,CH,1,China,CH,CH,,35.0,105.0,CH,20191008050000,Disapprove,Verbal conflict
878048796,20191008,201910,USA,UNITED STATES,USA,,,,,,,,CHN,CHINA,CHN,,,,,,,,1,173,173,17,4,-5.0,52,9,52,-2.91502567578645,3,"Baltimore, Maryland, United States",US,USMD,MD510,39.2904,-76.6122,597040,4,"Shanghai, Shanghai, China",CH,CH23,13243,31.2222,121.458,-1924465,4,"Shanghai, Shanghai, China",CH,CH23,13243,31.2222,121.458,-1924465,20191008050000,Coerce,Material conflict
878050519,20191008,201910,CHN,CHINA,CHN,,,,,,,,USA,UNITED STATES,USA,,,,,,,,1,044,044,04,1,2.5,8,1,8,-3.43988881167478,4,"Beijing, Beijing, China",CH,CH22,13001,39.9289,116.388,-1898541,3,"Washington, District of Columbia, United States",US,USDC,DC001,38.8951,-77.0364,531871,4,"Osaka, Osaka, Japan",JA,JA32,35840,34.6667,135.5,-240905,20191008051500,Consult,Verbal cooperation
878050521,20191008,201910,CHN,CHINA,CHN,,,,,,,,USA,UNITED STATES,USA,,,,,,,,1,061,061,06,2,6.4,8,1,8,-3.43988881167478,4,"Beijing, Beijing, China",CH,CH22,13001,39.9289,116.388,-1898541,3,"Washington, District of Columbia, United States",US,USDC,DC001,38.8951,-77.0364,531871,3,"Washington, District of Columbia, United States",US,USDC,DC001,38.8951,-77.0364,531871,20191008051500,Engage in material cooperation,Material cooperation
878051581,20191008,201910,USA,UNITED STATES,USA,,,,,,,,CHN,CHINA,CHN,,,,,,,,1,044,044,04,1,2.5,8,1,8,-3.43988881167478,3,"Washington, District of Columbia, United States",US,USDC,DC001,38.8951,-77.0364,531871,4,"Beijing, Beijing, China",CH,CH22,13001,39.9289,116.388,-1898541,4,"Osaka, Osaka, Japan",JA,JA32,35840,34.6667,135.5,-240905,20191008051500,Consult,Verbal cooperation
878052116,20191008,201910,CHN,CHINA,CHN,,,,,,,,USAGOV,US OFFICIAL,USA,,,,,GOV,,,1,046,046,04,1,7.0,10,1,10,-4.70914127423823,4,"Dahua, Jiangsu, China",CH,CH04,13144,31.2849,118.728,10511986,4,"Dahua, Jiangsu, China",CH,CH04,13144,31.2849,118.728,10511986,4,"Dahua, Jiangsu, China",CH,CH04,13144,31.2849,118.728,10511986,20191008053000,Consult,Verbal cooperation
878052992,20191008,201910,USA,UNITED STATES,USA,,,,,,,,CHN,CHINESE,CHN,,,,,,,,1,160,160,16,4,-4.0,11,1,8,-8.05860805860806,3,"Washington, District of Columbia, United States",US,USDC,DC001,38.8951,-77.0364,531871,4,"Xinjiang, Jiangxi, China",CH,CH03,13167,27.7481,116.274,11065838,3,"Washington, District of Columbia, United States",US,USDC,DC001,38.8951,-77.0364,531871,20191008053000,Reduce relations,Material conflict
878054041,20191008,201910,CHN,CHINESE,CHN,,,,,,,,USA,WASHINGTON,USA,,,,,,,,1,036,036,03,1,4.0,10,1,10,-2.66666666666667,1,Iraq,IZ,IZ,,33.0,44.0,IZ,1,Iraq,IZ,IZ,,33.0,44.0,IZ,1,Iraq,IZ,IZ,,33.0,44.0,IZ,20191008054500,Express intent to cooperate,Verbal cooperation
878054913,20191008,201910,USA,UNITED STATES,USA,,,,,,,,CHN,CHINESE,CHN,,,,,,,,1,160,160,16,4,-4.0,10,1,10,-7.05289672544081,4,"Yitu, Shandong, China",CH,CH25,13231,36.6967,118.48,-1936307,4,"Yitu, Shandong, China",CH,CH25,13231,36.6967,118.48,-1936307,4,"Yitu, Shandong, China",CH,CH25,13231,36.6967,118.48,-1936307,20191008054500,Reduce relations,Material conflict
878062402,20191008,201910,CHN,CHINESE,CHN,,,,,,,,USA,AMERICAN,USA,,,,,,,,1,154,154,15,4,-7.2,10,1,10,0.746268656716421,4,"New Delhi, Delhi, India",IN,IN07,17911,28.6,77.2,-2106102,4,"New Delhi, Delhi, India",IN,IN07,17911,28.6,77.2,-2106102,4,"New Delhi, Delhi, India",IN,IN07,17911,28.6,77.2,-2106102,20191008064500,Exhibit force posture,Material conflict
878069166,20191008,201910,CHN,CHINA,CHN,,,,,,,,USA,A US,USA,,,,,,,,1,0874,087,08,2,10.0,10,1,10,-0.970873786407763,4,"Beijing, Beijing, China",CH,CH22,13001,39.9289,116.388,-1898541,4,"Beijing, Beijing, China",CH,CH22,13001,39.9289,116.388,-1898541,4,"Beijing, Beijing, China",CH,CH22,13001,39.9289,116.388,-1898541,20191008073000,Yield,Material cooperation
878069167,20191008,201910,CHN,CHINA,CHN,,,,,,,,USA,THE US,USA,,,,,,,,1,130,130,13,3,-4.4,10,2,10,-1.58102766798419,1,China,CH,CH,,35.0,105.0,CH,1,China,CH,CH,,35.0,105.0,CH,1,China,CH,CH,,35.0,105.0,CH,20191008073000,Threaten,Verbal conflict
878075282,20191008,201910,USA,THE US,USA,,,,,,,,CHN,CHINESE,CHN,,,,,,,,1,160,160,16,4,-4.0,10,1,10,-4.46521287642783,4,"Shanghai, Shanghai, China",CH,CH23,13243,31.2222,121.458,-1924465,4,"Shanghai, Shanghai, China",CH,CH23,13243,31.2222,121.458,-1924465,4,"Shanghai, Shanghai, China",CH,CH23,13243,31.2222,121.458,-1924465,20191008080000,Reduce relations,Material conflict
878080486,20191008,201910,USA,WASHINGTON,USA,,,,,,,,CHN,CHINA,CHN,,,,,,,,1,112,112,11,3,-2.0,12,1,12,-1.33734951475193,4,"Riga, Riga, Latvia",LG,LG25,18784,56.95,24.1,-3212216,4,"Riga, Riga, Latvia",LG,LG25,18784,56.95,24.1,-3212216,4,"Riga, Riga, Latvia",LG,LG25,18784,56.95,24.1,-3212216,20191008083000,Disapprove,Verbal conflict
878087343,20191008,201910,USAMED,REUTERS,USA,,,,,MED,,,CHN,CHINESE,CHN,,,,,,,,1,160,160,16,4,-4.0,10,1,10,-6.9620253164557,4,"Beijing, Beijing, China",CH,CH22,13001,39.9289,116.388,-1898541,4,"Beijing, Beijing, China",CH,CH22,13001,39.9289,116.388,-1898541,4,"Beijing, Beijing, China",CH,CH22,13001,39.9289,116.388,-1898541,20191008091500,Reduce relations,Material conflict
878088881,20191008,201910,CHN,CHINA,CHN,,,,,,,,USA,UNITED STATES,USA,,,,,,,,1,020,020,02,1,3.0,10,1,10,-2.35294117647059,4,"Beijing, Beijing, China",CH,CH22,13001,39.9289,116.388,-1898541,4,"Beijing, Beijing, China",CH,CH22,13001,39.9289,116.388,-1898541,4,"Beijing, Beijing, China",CH,CH22,13001,39.9289,116.388,-1898541,20191008093000,Appeal,Verbal cooperation
878101907,20191008,201910,CHN,CHINA,CHN,,,,,,,,USA,UNITED STATES,USA,,,,,,,,1,172,172,17,4,-5.0,6,1,6,-6.5989847715736,1,China,CH,CH,,35.0,105.0,CH,3,"Hollywood, California, United States",US,USCA,CA037,34.0983,-118.327,1660757,1,China,CH,CH,,35.0,105.0,CH,20191008104500,Coerce,Material conflict
878102987,20191008,201910,USA,COLUMBUS,USA,,,,,,,,CHN,CHINA,CHN,,,,,,,,1,0214,021,02,1,3.4,6,1,6,-6.0,3,"Columbus, Ohio, United States",US,USOH,OH049,39.9612,-82.9988,1080996,1,China,CH,CH,,35.0,105.0,CH,3,"Columbus, Ohio, United States",US,USOH,OH049,39.9612,-82.9988,1080996,20191008104500,Appeal,Verbal cooperation
878102990,20191008,201910,USA,THE US,USA,,,,,,,,CHNBUS,CHINESE,CHN,,,,,BUS,,,1,160,160,16,4,-4.0,8,1,8,-3.25497287522604,4,"Dahua, Jiangsu, China",CH,CH04,13144,31.2849,118.728,10511986,4,"Dahua, Jiangsu, China",CH,CH04,13144,31.2849,118.728,10511986,4,"Dahua, Jiangsu, China",CH,CH04,13144,31.2849,118.728,10511986,20191008104500,Reduce relations,Material conflict
878108915,20191008,201910,CHN,CHINA,CHN,,,,,,,,USAMED,REUTERS,USA,,,,,MED,,,1,017,017,01,1,0.0,10,1,10,6.15384615384615,4,"Beijing, Beijing, China",CH,CH22,13001,39.9289,116.388,-1898541,4,"Beijing, Beijing, China",CH,CH22,13001,39.9289,116.388,-1898541,4,"Beijing, Beijing, China",CH,CH22,13001,39.9289,116.388,-1898541,20191008111500,Make public statement,Verbal cooperation
878108918,20191008,201910,CHN,BEIJING,CHN,,,,,,,,USAMEDGOV,REUTERS,USA,,,,,MED,GOV,,1,043,043,04,1,2.8,14,1,9,10.3109656301146,4,"Beijing, Beijing, China",CH,CH22,13001,39.9289,116.388,-1898541,4,"Beijing, Beijing, China",CH,CH22,13001,39.9289,116.388,-1898541,4,"Beijing, Beijing, China",CH,CH22,13001,39.9289,116.388,-1898541,20191008111500,Consult,Verbal cooperation
878108931,20191008,201910,CHNGOV,CHINA,CHN,,,,,GOV,,,USAMED,REUTERS,USA,,,,,MED,,,1,042,042,04,1,1.9,10,1,10,6.15384615384615,4,"Beijing, Beijing, China",CH,CH22,13001,39.9289,116.388,-1898541,4,"Beijing, Beijing, China",CH,CH22,13001,39.9289,116.388,-1898541,4,"Beijing, Beijing, China",CH,CH22,13001,39.9289,116.388,-1898541,20191008111500,Consult,Verbal cooperation
878108932,20191008,201910,CHNGOV,CHINESE,CHN,,,,,GOV,,,USAMEDGOV,REUTERS,USA,,,,,MED,GOV,,1,043,043,04,1,2.8,6,1,6,10.3109656301146,4,"Beijing, Beijing, China",CH,CH22,13001,39.9289,116.388,-1898541,4,"Beijing, Beijing, China",CH,CH22,13001,39.9289,116.388,-1898541,4,"Beijing, Beijing, China",CH,CH22,13001,39.9289,116.388,-1898541,20191008111500,Consult,Verbal cooperation
878110256,20191008,201910,USA,FLORIDA,USA,,,,,,,,CHN,CHINA,CHN,,,,,,,,1,020,020,02,1,3.0,10,1,10,-1.97368421052632,1,China,CH,CH,,35.0,105.0,CH,1,China,CH,CH,,35.0,105.0,CH,1,China,CH,CH,,35.0,105.0,CH,20191008111500,Appeal,Verbal cooperation
878110400,20191008,201910,USAMED,REUTERS,USA,,,,,MED,,,CHNGOV,CHINA,CHN,,,,,GOV,,,1,043,043,04,1,2.8,10,1,10,6.15384615384615,4,"Beijing, Beijing, China",CH,CH22,13001,39.9289,116.388,-1898541,4,"Beijing, Beijing, China",CH,CH22,13001,39.9289,116.388,-1898541,4,"Beijing, Beijing, China",CH,CH22,13001,39.9289,116.388,-1898541,20191008111500,Consult,Verbal cooperation
878110408,20191008,201910,USAMEDGOV,REUTERS,USA,,,,,MED,GOV,,CHN,BEIJING,CHN,,,,,,,,1,042,042,04,1,1.9,14,1,9,10.3109656301146,4,"Beijing, Beijing, China",CH,CH22,13001,39.9289,116.388,-1898541,4,"Beijing, Beijing, China",CH,CH22,13001,39.9289,116.388,-1898541,4,"Beijing, Beijing, China",CH,CH22,13001,39.9289,116.388,-1898541,20191008111500,Consult,Verbal cooperation
878110410,20191008,201910,USAMEDGOV,REUTERS,USA,,,,,MED,GOV,,CHNGOV,CHINESE,CHN,,,,,GOV,,,1,017,017,01,1,0.0,6,1,6,10.3109656301146,4,"Beijing, Beijing, China",CH,CH22,13001,39.9289,116.388,-1898541,4,"Beijing, Beijing, China",CH,CH22,13001,39.9289,116.388,-1898541,4,"Beijing, Beijing, China",CH,CH22,13001,39.9289,116.388,-1898541,20191008111500,Make public statement,Verbal cooperation
878110412,20191008,201910,USAMEDGOV,REUTERS,USA,,,,,MED,GOV,,CHNGOV,CHINESE,CHN,,,,,GOV,,,1,042,042,04,1,1.9,6,1,6,10.3109656301146,4,"Beijing, Beijing, China",CH,CH22,13001,39.9289,116.388,-1898541,4,"Beijing, Beijing, China",CH,CH22,13001,39.9289,116.388,-1898541,4,"Beijing, Beijing, China",CH,CH22,13001,39.9289,116.388,-1898541,20191008111500,Consult,Verbal cooperation
878114265,20191008,201910,CHN,CHINA,CHN,,,,,,,,USA,HOUSTON,USA,,,,,,,,1,020,020,02,1,3.0,10,1,10,1.2987012987013,1,China,CH,CH,,35.0,105.0,CH,3,"Houston, Texas, United States",US,USTX,TX201,29.7633,-95.3633,1380948,1,China,CH,CH,,35.0,105.0,CH,20191008114500,Appeal,Verbal cooperation
878114267,20191008,201910,CHN,CHINA,CHN,,,,,,,,USA,UNITED STATES,USA,,,,,,,,1,046,046,04,1,7.0,6,1,6,-4.59770114942529,1,China,CH,CH,,35.0,105.0,CH,1,United States,US,US,,39.828175,-98.5795,US,1,China,CH,CH,,35.0,105.0,CH,20191008114500,Consult,Verbal cooperation
878115795,20191008,201910,USA,NEW YORK,USA,,,,,,,,CHN,CHINA,CHN,,,,,,,,1,017,017,01,1,0.0,10,1,10,1.53150017403411,1,China,CH,CH,,35.0,105.0,CH,1,China,CH,CH,,35.0,105.0,CH,1,China,CH,CH,,35.0,105.0,CH,20191008114500,Make public statement,Verbal cooperation
878115797,20191008,201910,USA,UNITED STATES,USA,,,,,,,,CHN,CHINA,CHN,,,,,,,,1,046,046,04,1,7.0,6,1,6,-4.59770114942529,1,United States,US,US,,39.828175,-98.5795,US,1,China,CH,CH,,35.0,105.0,CH,1,China,CH,CH,,35.0,105.0,CH,20191008114500,Consult,Verbal cooperation
878118854,20191008,201910,CHN,CHINESE,CHN,,,,,,,,MNCUSAMED,GOOGLE,USA,,,,,MNC,MED,,1,040,040,04,1,1.0,7,1,7,1.44927536231884,4,"Beijing, Beijing, China",CH,CH22,13001,39.9289,116.388,-1898541,4,"Beijing, Beijing, China",CH,CH22,13001,39.9289,116.388,-1898541,4,"Beijing, Beijing, China",CH,CH22,13001,39.9289,116.388,-1898541,20191008120000,Consult,Verbal cooperation
878127034,20191008,201910,USA,WASHINGTON,USA,,,,,,,,CHN,CHINESE,CHN,,,,,,,,1,071,071,07,2,7.4,8,1,8,-5.62913907284768,3,"Washington, District of Columbia, United States",US,USDC,DC001,38.8951,-77.0364,531871,4,"Beijing, Beijing, China",CH,CH22,13001,39.9289,116.388,-1898541,3,"Washington, District of Columbia, United States",US,USDC,DC001,38.8951,-77.0364,531871,20191008123000,Provide aid,Material cooperation
878127035,20191008,201910,USA,UNITED STATES,USA,,,,,,,,CHN,CHINA,CHN,,,,,,,,1,071,071,07,2,7.4,8,1,8,-3.06122448979592,3,"White House, District of Columbia, United States",US,USDC,,38.8951,-77.0364,531871,1,China,CH,CH,,35.0,105.0,CH,1,China,CH,CH,,35.0,105.0,CH,20191008123000,Provide aid,Material cooperation
878129181,20191008,201910,USA,THE US,USA,,,,,,,,CHN,CHINA,CHN,,,,,,,,1,112,112,11,3,-2.0,8,1,8,-5.03597122302159,4,"Xinjiang, Jiangxi, China",CH,CH03,13167,27.7481,116.274,11065838,4,"Xinjiang, Jiangxi, China",CH,CH03,13167,27.7481,116.274,11065838,4,"Xinjiang, Jiangxi, China",CH,CH03,13167,27.7481,116.274,11065838,20191008124500,Disapprove,Verbal conflict
878135326,20191008,201910,USA,AMERICAN,USA,,,,,,,,CHN,CHINESE,CHN,,,,,,,,1,110,110,11,3,-2.0,8,1,8,-4.27631578947369,1,United States,US,US,,39.828175,-98.5795,US,1,United States,US,US,,39.828175,-98.5795,US,1,United States,US,US,,39.828175,-98.5795,US,20191008131500,Disapprove,Verbal conflict
878135463,20191008,201910,USAGOV,THE WHITE HOUSE,USA,,,,,GOV,,,CHN,CHINA,CHN,,,,,,,,1,071,071,07,2,7.4,12,1,6,-3.94265232974911,3,"White House, District of Columbia, United States",US,USDC,,38.8951,-77.0364,531871,4,"Taoran, Liaoning, China",CH,CH19,13188,42.7918,124.784,10718969,4,"Taoran, Liaoning, China",CH,CH19,13188,42.7918,124.784,10718969,20191008131500,Provide aid,Material cooperation
878137215,20191008,201910,CHNBUS,CHINESE,CHN,,,,,BUS,,,MNCUSA,COSTCO,USA,,,,,MNC,,,1,112,112,11,3,-2.0,6,1,6,-4.16216216216216,1,Congo,CF,CF,,-1.0,15.0,CF,1,Congo,CF,CF,,-1.0,15.0,CF,1,Congo,CF,CF,,-1.0,15.0,CF,20191008133000,Disapprove,Verbal conflict
878138681,20191008,201910,USA,UNITED STATES,USA,,,,,,,,CHN,CHINA,CHN,,,,,,,,1,112,112,11,3,-2.0,8,1,8,-7.06150341685649,1,United States,US,US,,39.828175,-98.5795,US,4,"Beijing, Beijing, China",CH,CH22,13001,39.9289,116.388,-1898541,4,"Beijing, Beijing, China",CH,CH22,13001,39.9289,116.388,-1898541,20191008133000,Disapprove,Verbal conflict
878138682,20191008,201910,USA,UNITED STATES,USA,,,,,,,,CHN,CHINA,CHN,,,,,,,,1,112,112,11,3,-2.0,10,1,10,-7.32860520094563,1,United States,US,US,,39.828175,-98.5795,US,4,"Dahua, Jiangsu, China",CH,CH04,13144,31.2849,118.728,10511986,4,"Dahua, Jiangsu, China",CH,CH04,13144,31.2849,118.728,10511986,20191008133000,Disapprove,Verbal conflict
878138683,20191008,201910,USA,UNITED STATES,USA,,,,,,,,CHNBUS,CHINESE,CHN,,,,,BUS,,,1,160,160,16,4,-4.0,12,2,12,-7.19505430890106,4,"Xinjiang, Jiangxi, China",CH,CH03,13167,27.7481,116.274,11065838,4,"Xinjiang, Jiangxi, China",CH,CH03,13167,27.7481,116.274,11065838,4,"Xinjiang, Jiangxi, China",CH,CH03,13167,27.7481,116.274,11065838,20191008133000,Reduce relations,Material conflict
878141719,20191008,201910,USA,THE US,USA,,,,,,,,CHN,CHINA,CHN,,,,,,,,1,112,112,11,3,-2.0,10,1,10,-0.89686098654708,1,United Kingdom,UK,UK,,54.0,-4.0,UK,1,United Kingdom,UK,UK,,54.0,-4.0,UK,1,United Kingdom,UK,UK,,54.0,-4.0,UK,20191008134500,Disapprove,Verbal conflict
878144735,20191008,201910,CHN,BEIJING,CHN,,,,,,,,USA,UNITED STATES,USA,,,,,,,,1,013,013,01,1,0.4,8,1,8,-0.934579439252334,4,"Beijing, Beijing, China",CH,CH22,13001,39.9289,116.388,-1898541,1,United States,US,US,,39.828175,-98.5795,US,4,"Beijing, Beijing, China",CH,CH22,13001,39.9289,116.388,-1898541,20191008140000,Make public statement,Verbal cooperation
878144736,20191008,201910,CHN,CHINESE,CHN,,,,,,,,USA,WASHINGTON,USA,,,,,,,,1,036,036,03,1,4.0,8,1,8,-1.67224080267558,1,New Zealand,NZ,NZ,,-42.0,174.0,NZ,1,New Zealand,NZ,NZ,,-42.0,174.0,NZ,1,New Zealand,NZ,NZ,,-42.0,174.0,NZ,20191008140000,Express intent to cooperate,Verbal cooperation
878144741,20191008,201910,CHNBUS,CHINESE,CHN,,,,,BUS,,,USAGOV,US GOVERNMENT,USA,,,,,GOV,,,1,172,172,17,4,-5.0,6,1,6,-4.66417910447761,4,"Dahua, Jiangsu, China",CH,CH04,13144,31.2849,118.728,10511986,4,"Dahua, Jiangsu, China",CH,CH04,13144,31.2849,118.728,10511986,4,"Dahua, Jiangsu, China",CH,CH04,13144,31.2849,118.728,10511986,20191008140000,Coerce,Material conflict
878147986,20191008,201910,CHN,CHINA,CHN,,,,,,,,USA,UNITED STATES,USA,,,,,,,,1,120,120,12,3,-4.0,10,1,10,-9.66183574879226,4,"Xinjiang, Jiangxi, China",CH,CH03,13167,27.7481,116.274,11065838,4,"Xinjiang, Jiangxi, China",CH,CH03,13167,27.7481,116.274,11065838,4,"Xinjiang, Jiangxi, China",CH,CH03,13167,27.7481,116.274,11065838,20191008141500,Reject,Verbal conflict
878147987,20191008,201910,CHN,CHINA,CHN,,,,,,,,USA,UNITED STATES,USA,,,,,,,,1,160,160,16,4,-4.0,8,1,8,-9.66183574879226,4,"Xinjiang, Jiangxi, China",CH,CH03,13167,27.7481,116.274,11065838,1,United States,US,US,,39.828175,-98.5795,US,4,"Xinjiang, Jiangxi, China",CH,CH03,13167,27.7481,116.274,11065838,20191008141500,Reduce relations,Material conflict
878159394,20191008,201910,CHN,CHINA,CHN,,,,,,,,USA,UNITED STATES,USA,,,,,,,,1,013,013,01,1,0.4,8,1,8,-0.943396226415096,1,China,CH,CH,,35.0,105.0,CH,1,United States,US,US,,39.828175,-98.5795,US,1,China,CH,CH,,35.0,105.0,CH,20191008151500,Make public statement,Verbal cooperation
878160716,20191008,201910,USA,THE US,USA,,,,,,,,CHN,CHINA,CHN,,,,,,,,1,111,111,11,3,-2.0,6,1,6,-3.99305555555556,1,Philippines,RP,RP,,13.0,122.0,RP,1,Philippines,RP,RP,,13.0,122.0,RP,1,Philippines,RP,RP,,13.0,122.0,RP,20191008151500,Disapprove,Verbal conflict
878160717,20191008,201910,USA,THE US,USA,,,,,,,,CHN,CHINA,CHN,,,,,,,,1,120,120,12,3,-4.0,10,1,10,-3.99305555555556,4,"Hui Feng, Anhui, China",CH,CH01,13144,31.2698,118.746,10541329,4,"Hui Feng, Anhui, China",CH,CH01,13144,31.2698,118.746,10541329,4,"Hui Feng, Anhui, China",CH,CH01,13144,31.2698,118.746,10541329,20191008151500,Reject,Verbal conflict
878166932,20191008,201910,CHN,CHINA,CHN,,,,,,,,USA,UNITED STATES,USA,,,,,,,,1,061,061,06,2,6.4,6,1,6,0.350877192982458,1,China,CH,CH,,35.0,105.0,CH,1,United States,US,US,,39.828175,-98.5795,US,1,United States,US,US,,39.828175,-98.5795,US,20191008154500,Engage in material cooperation,Material cooperation
878168085,20191008,201910,USA,AMERICAN,USA,,,,,,,,CHN,CHINESE,CHN,,,,,,,,1,013,013,01,1,0.4,8,1,8,-3.64238410596026,3,"Washington, District of Columbia, United States",US,USDC,DC001,38.8951,-77.0364,531871,3,"Washington, District of Columbia, United States",US,USDC,DC001,38.8951,-77.0364,531871,3,"Washington, District of Columbia, United States",US,USDC,DC001,38.8951,-77.0364,531871,20191008154500,Make public statement,Verbal cooperation
878168087,20191008,201910,USA,UNITED STATES,USA,,,,,,,,CHN,CHINA,CHN,,,,,,,,1,061,061,06,2,6.4,10,1,10,0.350877192982458,1,Japan,JA,JA,,36.0,138.0,JA,1,Japan,JA,JA,,36.0,138.0,JA,1,Japan,JA,JA,,36.0,138.0,JA,20191008154500,Engage in material cooperation,Material cooperation
878169840,20191008,201910,CHN,CHINA,CHN,,,,,,,,USA,UNITED STATES,USA,,,,,,,,1,190,190,19,4,-10.0,8,1,8,-3.97727272727273,1,China,CH,CH,,35.0,105.0,CH,2,"Minnesota, United States",US,USMN,,45.7326,-93.9196,MN,1,China,CH,CH,,35.0,105.0,CH,20191008160000,Fight,Material conflict
878171044,20191008,201910,USA,UNITED STATES,USA,,,,,,,,CHN,CHINA,CHN,,,,,,,,1,190,190,19,4,-10.0,10,1,10,-3.97727272727273,1,China,CH,CH,,35.0,105.0,CH,1,China,CH,CH,,35.0,105.0,CH,1,China,CH,CH,,35.0,105.0,CH,20191008160000,Fight,Material conflict
878172871,20191008,201910,CHN,CHINA,CHN,,,,,,,,USAGOV,JOE BIDEN,USA,,,,,GOV,,,1,090,090,09,2,-2.0,10,1,10,-4.58015267175573,4,"Beijing, Beijing, China",CH,CH22,13001,39.9289,116.388,-1898541,4,"Beijing, Beijing, China",CH,CH22,13001,39.9289,116.388,-1898541,4,"Beijing, Beijing, China",CH,CH22,13001,39.9289,116.388,-1898541,20191008161500,Investigate,Material cooperation
878172873,20191008,201910,CHN,CHINA,CHN,,,,,,,,USAGOV,JOE BIDEN,USA,,,,,GOV,,,1,120,120,12,3,-4.0,6,1,6,-4.58015267175573,3,"Capitol Hill, District of Columbia, United States",US,USDC,DC001,38.889,-77.0003,529313,3,"Capitol Hill, District of Columbia, United States",US,USDC,,38.889,-77.0003,529313,3,"Capitol Hill, District of Columbia, United States",US,USDC,,38.889,-77.0003,529313,20191008161500,Reject,Verbal conflict
878174177,20191008,201910,USA,AMERICAN,USA,,,,,,,,CHN,CHINA,CHN,,,,,,,,1,012,012,01,1,-0.4,6,1,6,-0.48309178743961,1,United States,US,US,,39.828175,-98.5795,US,1,China,CH,CH,,35.0,105.0,CH,1,United States,US,US,,39.828175,-98.5795,US,20191008161500,Make public statement,Verbal cooperation
878176176,20191008,201910,CHN,CHINA,CHN,,,,,,,,USAGOV,OBAMA,USA,,,,,GOV,,,1,071,071,07,2,7.4,8,1,8,-2.22222222222222,1,China,CH,CH,,35.0,105.0,CH,1,China,CH,CH,,35.0,105.0,CH,1,China,CH,CH,,35.0,105.0,CH,20191008163000,Provide aid,Material cooperation
878177772,20191008,201910,USA,THE US,USA,,,,,,,,CHN,XINJIANG,CHN,,,,,,,,1,1122,112,11,3,-2.0,20,1,20,-3.89840587662421,4,"Xinjiang, Jiangxi, China",CH,CH03,13167,27.7481,116.274,11065838,4,"Xinjiang, Jiangxi, China",CH,CH03,13167,27.7481,116.274,11065838,4,"Xinjiang, Jiangxi, China",CH,CH03,13167,27.7481,116.274,11065838,20191008163000,Disapprove,Verbal conflict
878177773,20191008,201910,USA,THE US,USA,,,,,,,,CHN,XINJIANG,CHN,,,,,,,,1,160,160,16,4,-4.0,16,1,16,-3.89840587662421,3,"White House, District of Columbia, United States",US,USDC,,38.8951,-77.0364,531871,4,"Xinjiang, Jiangxi, China",CH,CH03,13167,27.7481,116.274,11065838,4,"Xinjiang, Jiangxi, China",CH,CH03,13167,27.7481,116.274,11065838,20191008163000,Reduce relations,Material conflict
878181086,20191008,201910,USAGOV,US GOVERNMENT,USA,,,,,GOV,,,CHN,CHINESE,CHN,,,,,,,,1,071,071,07,2,7.4,8,1,8,-4.1148088023088,4,"Beijing, Beijing, China",CH,CH22,13001,39.9289,116.388,-1898541,4,"Beijing, Beijing, China",CH,CH22,13001,39.9289,116.388,-1898541,4,"Beijing, Beijing, China",CH,CH22,13001,39.9289,116.388,-1898541,20191008164500,Provide aid,Material cooperation
878181088,20191008,201910,USAGOV,US GOVERNMENT,USA,,,,,GOV,,,CHNBUS,CHINESE,CHN,,,,,BUS,,,1,071,071,07,2,7.4,12,1,12,-4.1148088023088,4,"Beijing, Beijing, China",CH,CH22,13001,39.9289,116.388,-1898541,4,"Beijing, Beijing, China",CH,CH22,13001,39.9289,116.388,-1898541,4,"Beijing, Beijing, China",CH,CH22,13001,39.9289,116.388,-1898541,20191008164500,Provide aid,Material cooperation
878182837,20191008,201910,CHN,CHINA,CHN,,,,,,,,USA,HOUSTON,USA,,,,,,,,1,110,110,11,3,-2.0,6,1,6,-2.19298245614035,1,Hong Kong,HK,HK,,22.25,114.166667,HK,1,Hong Kong,HK,HK,,22.25,114.166667,HK,1,Hong Kong,HK,HK,,22.25,114.166667,HK,20191008170000,Disapprove,Verbal conflict
878189981,20191008,201910,USA,UNITED STATES,USA,,,,,,,,CHNBUS,CHINESE,CHN,,,,,BUS,,,1,110,110,11,3,-2.0,6,1,6,-9.0,1,United States,US,US,,39.828175,-98.5795,US,1,China,CH,CH,,35.0,105.0,CH,1,China,CH,CH,,35.0,105.0,CH,20191008173000,Disapprove,Verbal conflict
878191724,20191008,201910,CHN,CHINESE,CHN,,,,,,,,USA,UNITED STATES,USA,,,,,,,,1,172,172,17,4,-5.0,10,1,10,0.0,1,China,CH,CH,,35.0,105.0,CH,3,"Washington, District of Columbia, United States",US,USDC,DC001,38.8951,-77.0364,531871,3,"Washington, District of Columbia, United States",US,USDC,DC001,38.8951,-77.0364,531871,20191008174500,Coerce,Material conflict
878194720,20191008,201910,CHN,CHINA,CHN,,,,,,,,USA,UNITED STATES,USA,,,,,,,,1,110,110,11,3,-2.0,8,2,8,-1.74180327868853,4,"Karlsruhe, Baden-Wüberg, Germany",GM,GM01,16554,49.0047,8.38583,-1803994,4,"Karlsruhe, Baden-Wüberg, Germany",GM,GM01,16554,49.0047,8.38583,-1803994,4,"Karlsruhe, Baden-Wüberg, Germany",GM,GM01,16554,49.0047,8.38583,-1803994,20191008180000,Disapprove,Verbal conflict
878196714,20191008,201910,CHN,CHINA,CHN,,,,,,,,USA,WASHINGTON,USA,,,,,,,,1,042,042,04,1,1.9,8,1,8,-0.68493150684931,4,"Jimin, Hunan, China",CH,CH11,13138,28.935,111.577,6160760,4,"Jimin, Hunan, China",CH,CH11,13138,28.935,111.577,6160760,4,"Jimin, Hunan, China",CH,CH11,13138,28.935,111.577,6160760,20191008181500,Consult,Verbal cooperation
878196715,20191008,201910,CHN,CHINA,CHN,,,,,,,,USA,WASHINGTON,USA,,,,,,,,1,141,141,14,3,-6.5,6,1,6,-0.68493150684931,4,"Jimin, Hunan, China",CH,CH11,13138,28.935,111.577,6160760,4,"Jimin, Hunan, China",CH,CH11,13138,28.935,111.577,6160760,1,Hong Kong,HK,HK,,22.25,114.166667,HK,20191008181500,Protest,Verbal conflict
878196716,20191008,201910,CHN,CHINA,CHN,,,,,,,,USAGOV,JOE BIDEN,USA,,,,,GOV,,,1,020,020,02,1,3.0,8,1,8,-5.53505535055351,4,"Beijing, Beijing, China",CH,CH22,13001,39.9289,116.388,-1898541,4,"Beijing, Beijing, China",CH,CH22,13001,39.9289,116.388,-1898541,4,"Beijing, Beijing, China",CH,CH22,13001,39.9289,116.388,-1898541,20191008181500,Appeal,Verbal cooperation
878197895,20191008,201910,USA,WASHINGTON,USA,,,,,,,,CHN,CHINA,CHN,,,,,,,,1,043,043,04,1,2.8,8,1,8,-0.68493150684931,4,"Jimin, Hunan, China",CH,CH11,13138,28.935,111.577,6160760,4,"Jimin, Hunan, China",CH,CH11,13138,28.935,111.577,6160760,4,"Jimin, Hunan, China",CH,CH11,13138,28.935,111.577,6160760,20191008181500,Consult,Verbal cooperation
878197897,20191008,201910,USA,RICHMOND,USA,,,,,,,,CHN,CHINA,CHN,,,,,,,,1,112,112,11,3,-2.0,6,2,6,-9.97431506849313,1,China,CH,CH,,35.0,105.0,CH,1,China,CH,CH,,35.0,105.0,CH,4,"Richmond Hill, Ontario, Canada",CA,CA08,12689,43.8667,-79.4333,-572249,20191008181500,Disapprove,Verbal conflict
878200345,20191008,201910,CHN,CHINA,CHN,,,,,,,,USAGOV,JOE BIDEN,USA,,,,,GOV,,,1,120,120,12,3,-4.0,10,1,10,-4.36781609195403,4,"Taoran, Liaoning, China",CH,CH19,13188,42.7918,124.784,10718969,4,"Taoran, Liaoning, China",CH,CH19,13188,42.7918,124.784,10718969,4,"Taoran, Liaoning, China",CH,CH19,13188,42.7918,124.784,10718969,20191008183000,Reject,Verbal conflict
878201582,20191008,201910,USA,CHICAGO,USA,,,,,,,,CHNOPP,TIBET,CHN,,,,,OPP,,,1,051,051,05,1,3.4,10,1,10,0.0,3,"Chicago, Illinois, United States",US,USIL,IL031,41.85,-87.6501,423587,3,"Chicago, Illinois, United States",US,USIL,IL031,41.85,-87.6501,423587,3,"Chicago, Illinois, United States",US,USIL,IL031,41.85,-87.6501,423587,20191008183000,Engage in diplomatic cooperation,Verbal cooperation
878201583,20191008,201910,USA,CHICAGO,USA,,,,,,,,CHNOPP,TIBET,CHN,,,,,OPP,,,1,141,141,14,3,-6.5,10,1,10,0.0,3,"Chicago, Illinois, United States",US,USIL,IL031,41.85,-87.6501,423587,3,"Chicago, Illinois, United States",US,USIL,IL031,41.85,-87.6501,423587,3,"Chicago, Illinois, United States",US,USIL,IL031,41.85,-87.6501,423587,20191008183000,Protest,Verbal conflict
878202300,20191008,201910,CHN,CHINESE,CHN,,,,,,,,USA,JERSEY,USA,,,,,,,,1,145,145,14,3,-7.5,10,1,10,1.96078431372549,4,"Beijing, Beijing, China",CH,CH22,13001,39.9289,116.388,-1898541,4,"Beijing, Beijing, China",CH,CH22,13001,39.9289,116.388,-1898541,4,"Beijing, Beijing, China",CH,CH22,13001,39.9289,116.388,-1898541,20191008184500,Protest,Verbal conflict
878202301,20191008,201910,CHN,CHINESE,CHN,,,,,,,,USA,HOUSTON,USA,,,,,,,,1,173,173,17,4,-5.0,10,1,10,1.96078431372549,4,"Beijing, Beijing, China",CH,CH22,13001,39.9289,116.388,-1898541,4,"Beijing, Beijing, China",CH,CH22,13001,39.9289,116.388,-1898541,4,"Beijing, Beijing, China",CH,CH22,13001,39.9289,116.388,-1898541,20191008184500,Coerce,Material conflict
878203921,20191008,201910,USAGOV,THE WHITE HOUSE,USA,,,,,GOV,,,CHN,CHINA,CHN,,,,,,,,1,071,071,07,2,7.4,6,1,6,-6.45161290322581,3,"White House, District of Columbia, United States",US,USDC,,38.8951,-77.0364,531871,1,China,CH,CH,,35.0,105.0,CH,1,China,CH,CH,,35.0,105.0,CH,20191008184500,Provide aid,Material cooperation
878210640,20191008,201910,USA,WASHINGTON,USA,,,,,,,,CHN,BEIJING,CHN,,,,,,,,1,080,080,08,2,5.0,12,1,12,1.86489846663904,4,"Phnom Penh, (CB11), Cambodia",CB,CB11,12390,11.55,104.917,-1033783,4,"Kuangchi, Shaanxi, China",CH,CH26,13215,34.1182,108.148,-1907096,4,"Kuangchi, Shaanxi, China",CH,CH26,13215,34.1182,108.148,-1907096,20191008191500,Yield,Material cooperation
878210644,20191008,201910,USA,WASHINGTON,USA,,,,,,,,CHNMIL,CHINA,CHN,,,,,MIL,,,1,010,010,01,1,0.0,16,1,16,1.86489846663904,3,"Washington, District of Columbia, United States",US,USDC,DC001,38.8951,-77.0364,531871,4,"Beijing, Beijing, China",CH,CH22,13001,39.9289,116.388,-1898541,4,"Beijing, Beijing, China",CH,CH22,13001,39.9289,116.388,-1898541,20191008191500,Make public statement,Verbal cooperation
878214771,20191008,201910,CHNGOV,CHINA,CHN,,,,,GOV,,,USAGOV,JOE BIDEN,USA,,,,,GOV,,,1,020,020,02,1,3.0,10,1,10,-4.34782608695652,1,China,CH,CH,,35.0,105.0,CH,1,China,CH,CH,,35.0,105.0,CH,1,China,CH,CH,,35.0,105.0,CH,20191008194500,Appeal,Verbal cooperation
878218550,20191008,201910,USA,UNITED STATES,USA,,,,,,,,CHN,CHINA,CHN,,,,,,,,1,100,100,10,3,-5.0,10,1,10,-9.85915492957746,1,United States,US,US,,39.828175,-98.5795,US,4,"Xinjiang, Jiangxi, China",CH,CH03,13167,27.7481,116.274,11065838,1,United States,US,US,,39.828175,-98.5795,US,20191008200000,Demand,Verbal conflict
878219646,20191001,201910,USAGOV,JOE BIDEN,USA,,,,,GOV,,,CHN,CHINA,CHN,,,,,,,,1,100,100,10,3,-5.0,16,2,16,-2.02474690663667,1,China,CH,CH,,35.0,105.0,CH,1,China,CH,CH,,35.0,105.0,CH,1,China,CH,CH,,35.0,105.0,CH,20191008201500,Demand,Verbal conflict
878220087,20191008,201910,CHN,CHINA,CHN,,,,,,,,USA,UNITED STATES,USA,,,,,,,,1,0311,031,03,1,5.2,12,2,12,-4.05496345681331,4,"Xinjiang, Jiangxi, China",CH,CH03,13167,27.7481,116.274,11065838,3,"Washington, District of Columbia, United States",US,USDC,DC001,38.8951,-77.0364,531871,3,"Washington, District of Columbia, United States",US,USDC,DC001,38.8951,-77.0364,531871,20191008201500,Express intent to cooperate,Verbal cooperation
878221219,20191008,201910,USA,UNITED STATES,USA,,,,,,,,CHN,CHINA,CHN,,,,,,,,1,0311,031,03,1,5.2,12,2,12,-4.05496345681331,3,"Washington, District of Columbia, United States",US,USDC,DC001,38.8951,-77.0364,531871,4,"Xinjiang, Jiangxi, China",CH,CH03,13167,27.7481,116.274,11065838,3,"Washington, District of Columbia, United States",US,USDC,DC001,38.8951,-77.0364,531871,20191008201500,Express intent to cooperate,Verbal cooperation
878222643,20191008,201910,CHN,CHINA,CHN,,,,,,,,USA,UNITED STATES,USA,,,,,,,,1,0311,031,03,1,5.2,6,1,6,-4.4776119402985,4,"Xinjiang, Jiangxi, China",CH,CH03,13167,27.7481,116.274,11065838,1,United States,US,US,,39.828175,-98.5795,US,1,United States,US,US,,39.828175,-98.5795,US,20191008203000,Express intent to cooperate,Verbal cooperation
878223659,20191008,201910,USA,UNITED STATES,USA,,,,,,,,CHN,CHINA,CHN,,,,,,,,1,0311,031,03,1,5.2,6,1,6,-4.4776119402985,1,United States,US,US,,39.828175,-98.5795,US,4,"Xinjiang, Jiangxi, China",CH,CH03,13167,27.7481,116.274,11065838,1,United States,US,US,,39.828175,-98.5795,US,20191008203000,Express intent to cooperate,Verbal cooperation
878223663,20191008,201910,USA,UNITED STATES,USA,,,,,,,,CHN,CHINA,CHN,,,,,,,,1,100,100,10,3,-5.0,10,1,10,-6.21621621621622,4,"Xinjiang, Jiangxi, China",CH,CH03,13167,27.7481,116.274,11065838,4,"Xinjiang, Jiangxi, China",CH,CH03,13167,27.7481,116.274,11065838,4,"Xinjiang, Jiangxi, China",CH,CH03,13167,27.7481,116.274,11065838,20191008203000,Demand,Verbal conflict
878225071,20191008,201910,CHN,CHINA,CHN,,,,,,,,USAGOV,JOE BIDEN,USA,,,,,GOV,,,1,010,010,01,1,0.0,10,1,10,1.50753768844221,1,United States,US,US,,39.828175,-98.5795,US,1,United States,US,US,,39.828175,-98.5795,US,1,United States,US,US,,39.828175,-98.5795,US,20191008204500,Make public statement,Verbal cooperation
878227561,20191008,201910,CHN,CHINA,CHN,,,,,,,,USAGOV,JOE BIDEN,USA,,,,,GOV,,,1,020,020,02,1,3.0,10,1,10,-7.2463768115942,1,China,CH,CH,,35.0,105.0,CH,1,China,CH,CH,,35.0,105.0,CH,1,China,CH,CH,,35.0,105.0,CH,20191008210000,Appeal,Verbal cooperation
878230072,20191008,201910,CHN,CHINESE,CHN,,,,,,,,USA,WASHINGTON,USA,,,,,,,,1,036,036,03,1,4.0,8,1,8,-5.6640625,3,"Philadelphia, Pennsylvania, United States",US,USPA,PA101,39.9523,-75.1638,1209052,3,"Philadelphia, Pennsylvania, United States",US,USPA,PA101,39.9523,-75.1638,1209052,3,"Philadelphia, Pennsylvania, United States",US,USPA,PA101,39.9523,-75.1638,1209052,20191008211500,Express intent to cooperate,Verbal cooperation
878230075,20191008,201910,CHN,CHINESE,CHN,,,,,,,,USA,WASHINGTON,USA,,,,,,,,1,042,042,04,1,1.9,7,1,7,-5.6640625,1,China,CH,CH,,35.0,105.0,CH,3,"Washington, District of Columbia, United States",US,USDC,DC001,38.8951,-77.0364,531871,3,"Washington, District of Columbia, United States",US,USDC,DC001,38.8951,-77.0364,531871,20191008211500,Consult,Verbal cooperation
878231140,20191008,201910,USA,UNITED STATES,USA,,,,,,,,CHN,CHINA,CHN,,,,,,,,1,020,020,02,1,3.0,8,1,8,-5.93220338983051,3,"Hollywood, California, United States",US,USCA,CA037,34.0983,-118.327,1660757,3,"Hollywood, California, United States",US,USCA,CA037,34.0983,-118.327,1660757,3,"Hollywood, California, United States",US,USCA,CA037,34.0983,-118.327,1660757,20191008211500,Appeal,Verbal cooperation
878231143,20191008,201910,USA,WASHINGTON,USA,,,,,,,,CHN,CHINESE,CHN,,,,,,,,1,043,043,04,1,2.8,7,1,7,-5.6640625,3,"Washington, District of Columbia, United States",US,USDC,DC001,38.8951,-77.0364,531871,1,China,CH,CH,,35.0,105.0,CH,3,"Washington, District of Columbia, United States",US,USDC,DC001,38.8951,-77.0364,531871,20191008211500,Consult,Verbal cooperation
878231336,20191008,201910,USAELI,MASSACHUSETTS,USA,,,,,ELI,,,CHN,CHINA,CHN,,,,,,,,1,050,050,05,1,3.5,8,1,8,-1.12936344969199,2,"Massachusetts, United States",US,USMA,,42.2373,-71.5314,MA,2,"Massachusetts, United States",US,USMA,,42.2373,-71.5314,MA,2,"Massachusetts, United States",US,USMA,,42.2373,-71.5314,MA,20191008211500,Engage in diplomatic cooperation,Verbal cooperation
878232564,20191008,201910,CHN,SHANGHAI,CHN,,,,,,,,USA,BOSTON,USA,,,,,,,,1,042,042,04,1,1.9,7,1,7,1.30548302872063,3,"Boston, Massachusetts, United States",US,USMA,MA025,42.3584,-71.0598,617565,3,"Boston, Massachusetts, United States",US,USMA,MA025,42.3584,-71.0598,617565,3,"Boston, Massachusetts, United States",US,USMA,MA025,42.3584,-71.0598,617565,20191008213000,Consult,Verbal cooperation
878233824,20191008,201910,USA,BOSTON,USA,,,,,,,,CHN,SHANGHAI,CHN,,,,,,,,1,043,043,04,1,2.8,7,1,7,1.30548302872063,3,"Boston, Massachusetts, United States",US,USMA,MA025,42.3584,-71.0598,617565,4,"Shanghai, Shanghai, China",CH,CH23,13243,31.2222,121.458,-1924465,3,"Boston, Massachusetts, United States",US,USMA,MA025,42.3584,-71.0598,617565,20191008213000,Consult,Verbal cooperation
878235174,20191008,201910,CHN,CHINA,CHN,,,,,,,,USA,AMERICAN,USA,,,,,,,,1,017,017,01,1,0.0,8,1,8,-4.09556313993174,2,"New York, United States",US,USNY,,42.1497,-74.9384,NY,2,"New York, United States",US,USNY,,42.1497,-74.9384,NY,2,"New York, United States",US,USNY,,42.1497,-74.9384,NY,20191008214500,Make public statement,Verbal cooperation
878236383,20191008,201910,USA,THE US,USA,,,,,,,,CHNGOV,CHINESE,CHN,,,,,GOV,,,1,160,160,16,4,-4.0,6,1,6,-7.6782449725777,4,"Xinjiang, Jiangxi, China",CH,CH03,13167,27.7481,116.274,11065838,4,"Xinjiang, Jiangxi, China",CH,CH03,13167,27.7481,116.274,11065838,4,"Xinjiang, Jiangxi, China",CH,CH03,13167,27.7481,116.274,11065838,20191008214500,Reduce relations,Material conflict
878245699,20191008,201910,USA,WASHINGTON,USA,,,,,,,,CHN,CHINESE,CHN,,,,,,,,1,111,111,11,3,-2.0,6,3,6,-10.8908121339278,3,"Washington, District of Columbia, United States",US,USDC,DC001,38.8951,-77.0364,531871,4,"Xinjiang, Jiangxi, China",CH,CH03,13167,27.7481,116.274,11065838,3,"Washington, District of Columbia, United States",US,USDC,DC001,38.8951,-77.0364,531871,20191008224500,Disapprove,Verbal conflict
878248061,20191008,201910,USAGOV,UNITED STATES,USA,,,,,GOV,,,CHN,CHINA,CHN,,,,,,,,1,160,160,16,4,-4.0,6,1,6,-4.45969125214408,3,"Washington, District of Columbia, United States",US,USDC,DC001,38.8951,-77.0364,531871,4,"Beijing, Beijing, China",CH,CH22,13001,39.9289,116.388,-1898541,4,"Beijing, Beijing, China",CH,CH22,13001,39.9289,116.388,-1898541,20191008230000,Reduce relations,Material conflict
878250182,20191008,201910,USA,THE US,USA,,,,,,,,CHN,CHINA,CHN,,,,,,,,1,051,051,05,1,3.4,6,1,6,0.0,1,Pakistan,PK,PK,,30.0,70.0,PK,1,United States,US,US,,39.828175,-98.5795,US,1,Pakistan,PK,PK,,30.0,70.0,PK,20191008231500,Engage in diplomatic cooperation,Verbal cooperation
878250185,20191008,201910,USA,WASHINGTON,USA,,,,,,,,CHNBUS,CHINESE,CHN,,,,,BUS,,,1,160,160,16,4,-4.0,6,1,6,-3.43434343434343,4,"Yitu, Shandong, China",CH,CH25,13231,36.6967,118.48,-1936307,4,"Yitu, Shandong, China",CH,CH25,13231,36.6967,118.48,-1936307,4,"Yitu, Shandong, China",CH,CH25,13231,36.6967,118.48,-1936307,20191008231500,Reduce relations,Material conflict
878258210,20191009,201910,USA,THE US,USA,,,,,,,,CHN,CHINA,CHN,,,,,,,,1,010,010,01,1,0.0,6,1,6,-0.21276595744681,1,China,CH,CH,,35.0,105.0,CH,1,China,CH,CH,,35.0,105.0,CH,1,China,CH,CH,,35.0,105.0,CH,20191009000000,Make public statement,Verbal cooperation
878258211,20191009,201910,USA,UNITED STATES,USA,,,,,,,,CHN,CHINA,CHN,,,,,,,,1,100,100,10,3,-5.0,10,1,10,-6.00961538461538,4,"Xinjiang, Jiangxi, China",CH,CH03,13167,27.7481,116.274,11065838,4,"Xinjiang, Jiangxi, China",CH,CH03,13167,27.7481,116.274,11065838,4,"Xinjiang, Jiangxi, China",CH,CH03,13167,27.7481,116.274,11065838,20191009000000,Demand,Verbal conflict
878258218,20191009,201910,USA,UNITED STATES,USA,,,,,,,,CHN,CHINESE,CHN,,,,,,,,1,160,160,16,4,-4.0,20,2,20,-6.76509327692812,4,"Xinjiang, Jiangxi, China",CH,CH03,13167,27.7481,116.274,11065838,4,"Xinjiang, Jiangxi, China",CH,CH03,13167,27.7481,116.274,11065838,4,"Xinjiang, Jiangxi, China",CH,CH03,13167,27.7481,116.274,11065838,20191009000000,Reduce relations,Material conflict
878261229,20191009,201910,USA,THE US,USA,,,,,,,,CHN,CHINA,CHN,,,,,,,,1,010,010,01,1,0.0,6,1,6,-0.23419203747072,1,Hong Kong,HK,HK,,22.25,114.166667,HK,1,Netherlands,NL,NL,,52.5,5.75,NL,1,Hong Kong,HK,HK,,22.25,114.166667,HK,20191009001500,Make public statement,Verbal cooperation
878261536,20191009,201910,USAGOV,THE US,USA,,,,,GOV,,,CHN,CHINESE,CHN,,,,,,,,1,160,160,16,4,-4.0,10,1,10,-7.8003120124805,4,"Xinjiang, Jiangxi, China",CH,CH03,13167,27.7481,116.274,11065838,4,"Xinjiang, Jiangxi, China",CH,CH03,13167,27.7481,116.274,11065838,4,"Xinjiang, Jiangxi, China",CH,CH03,13167,27.7481,116.274,11065838,20191009001500,Reduce relations,Material conflict
878264467,20191009,201910,CHN,CHINA,CHN,,,,,,,,USA,UNITED STATES,USA,,,,,,,,1,0311,031,03,1,5.2,6,1,6,-3.03030303030303,4,"Xinjiang, Jiangxi, China",CH,CH03,13167,27.7481,116.274,11065838,3,"Washington, District of Columbia, United States",US,USDC,DC001,38.8951,-77.0364,531871,3,"Washington, District of Columbia, United States",US,USDC,DC001,38.8951,-77.0364,531871,20191009003000,Express intent to cooperate,Verbal cooperation
878266069,20191009,201910,USA,UNITED STATES,USA,,,,,,,,CHN,CHINA,CHN,,,,,,,,1,0311,031,03,1,5.2,6,1,6,-3.03030303030303,3,"Washington, District of Columbia, United States",US,USDC,DC001,38.8951,-77.0364,531871,4,"Xinjiang, Jiangxi, China",CH,CH03,13167,27.7481,116.274,11065838,3,"Washington, District of Columbia, United States",US,USDC,DC001,38.8951,-77.0364,531871,20191009003000,Express intent to cooperate,Verbal cooperation
878270573,20191009,201910,CHN,CHINA,CHN,,,,,,,,USA,HOUSTON,USA,,,,,,,,1,013,013,01,1,0.4,6,1,6,5.70388349514563,4,"Guangdong, Jilin, China",CH,CH05,13176,42.7683,129.336,10884162,3,"Houston, Texas, United States",US,USTX,TX201,29.7633,-95.3633,1380948,4,"Guangdong, Jilin, China",CH,CH05,13176,42.7683,129.336,10884162,20191009010000,Make public statement,Verbal cooperation
878270574,20191009,201910,CHN,CHINA,CHN,,,,,,,,USA,UNITED STATES,USA,,,,,,,,1,0311,031,03,1,5.2,8,1,8,-3.39805825242718,3,"Washington, District of Columbia, United States",US,USDC,DC001,38.8951,-77.0364,531871,3,"Washington, District of Columbia, United States",US,USDC,DC001,38.8951,-77.0364,531871,3,"Washington, District of Columbia, United States",US,USDC,DC001,38.8951,-77.0364,531871,20191009010000,Express intent to cooperate,Verbal cooperation
878271766,20191009,201910,USA,HOUSTON,USA,,,,,,,,CHN,CHINA,CHN,,,,,,,,1,160,160,16,4,-4.0,6,1,6,-1.59651669085631,4,"Ottawa, Ontario, Canada",CA,CA08,12755,45.4167,-75.7,-570760,4,"Ottawa, Ontario, Canada",CA,CA08,12755,45.4167,-75.7,-570760,4,"Ottawa, Ontario, Canada",CA,CA08,12755,45.4167,-75.7,-570760,20191009010000,Reduce relations,Material conflict
878273197,20191009,201910,CHN,CHINESE,CHN,,,,,,,,USA,THE US,USA,,,,,,,,1,111,111,11,3,-2.0,10,1,10,-2.92553191489361,1,Hong Kong,HK,HK,,22.25,114.166667,HK,1,Hong Kong,HK,HK,,22.25,114.166667,HK,1,Hong Kong,HK,HK,,22.25,114.166667,HK,20191009011500,Disapprove,Verbal conflict
878274326,20191009,201910,USA,AMERICAN,USA,,,,,,,,CHN,CHINESE,CHN,,,,,,,,1,013,013,01,1,0.4,8,1,8,-3.69127516778524,3,"Washington, District of Columbia, United States",US,USDC,DC001,38.8951,-77.0364,531871,3,"Washington, District of Columbia, United States",US,USDC,DC001,38.8951,-77.0364,531871,3,"Washington, District of Columbia, United States",US,USDC,DC001,38.8951,-77.0364,531871,20191009011500,Make public statement,Verbal cooperation
878279220,20191009,201910,USAGOV,UNITED STATES,USA,,,,,GOV,,,CHN,CHINESE,CHN,,,,,,,,1,160,160,16,4,-4.0,8,1,8,-4.64396284829721,1,United States,US,US,,39.828175,-98.5795,US,1,China,CH,CH,,35.0,105.0,CH,1,United States,US,US,,39.828175,-98.5795,US,20191009014500,Reduce relations,Material conflict
878284854,20191009,201910,USA,WASHINGTON,USA,,,,,,,,CHNGOV,CHINESE,CHN,,,,,GOV,,,1,111,111,11,3,-2.0,6,1,6,-2.08333333333334,1,China,CH,CH,,35.0,105.0,CH,1,Hong Kong,HK,HK,,22.25,114.166667,HK,1,Hong Kong,HK,HK,,22.25,114.166667,HK,20191009021500,Disapprove,Verbal conflict
878285020,20191009,201910,USAGOV,UNITED STATES,USA,,,,,GOV,,,CHN,CHINA,CHN,,,,,,,,1,160,160,16,4,-4.0,6,1,6,-4.45969125214408,3,"Washington, District of Columbia, United States",US,USDC,DC001,38.8951,-77.0364,531871,4,"Beijing, Beijing, China",CH,CH22,13001,39.9289,116.388,-1898541,4,"Beijing, Beijing, China",CH,CH22,13001,39.9289,116.388,-1898541,20191009021500,Reduce relations,Material conflict
878291477,20191009,201910,USA,THE US,USA,,,,,,,,CHN,CHINA,CHN,,,,,,,,1,112,112,11,3,-2.0,20,1,20,-7.34701460845932,4,"Xinjiang, Jiangxi, China",CH,CH03,13167,27.7481,116.274,11065838,4,"Xinjiang, Jiangxi, China",CH,CH03,13167,27.7481,116.274,11065838,4,"Xinjiang, Jiangxi, China",CH,CH03,13167,27.7481,116.274,11065838,20191009030000,Disapprove,Verbal conflict
878291479,20191009,201910,USA,UNITED STATES,USA,,,,,,,,CHN,CHINESE,CHN,,,,,,,,1,160,160,16,4,-4.0,28,1,10,-4.74137931034483,3,"Las Vegas, Nevada, United States",US,USNV,NV003,36.175,-115.137,847388,4,"Dahua, Jiangsu, China",CH,CH04,13144,31.2849,118.728,10511986,3,"Las Vegas, Nevada, United States",US,USNV,,36.175,-115.137,847388,20191009030000,Reduce relations,Material conflict
878291482,20191009,201910,USA,CHICAGO,USA,,,,,,,,CHNOPP,TIBET,CHN,,,,,OPP,,,1,051,051,05,1,3.4,10,1,10,-2.75229357798165,3,"Chicago, Illinois, United States",US,USIL,IL031,41.85,-87.6501,423587,3,"Chicago, Illinois, United States",US,USIL,IL031,41.85,-87.6501,423587,3,"Chicago, Illinois, United States",US,USIL,IL031,41.85,-87.6501,423587,20191009030000,Engage in diplomatic cooperation,Verbal cooperation
878291483,20191009,201910,USA,CHICAGO,USA,,,,,,,,CHNOPP,TIBET,CHN,,,,,OPP,,,1,141,141,14,3,-6.5,10,1,10,-2.75229357798165,3,"Chicago, Illinois, United States",US,USIL,IL031,41.85,-87.6501,423587,3,"Chicago, Illinois, United States",US,USIL,IL031,41.85,-87.6501,423587,3,"Chicago, Illinois, United States",US,USIL,IL031,41.85,-87.6501,423587,20191009030000,Protest,Verbal conflict
878292435,20191009,201910,CHN,CHINA,CHN,,,,,,,,USA,UNITED STATES,USA,,,,,,,,1,0311,031,03,1,5.2,6,1,6,-2.52100840336135,4,"Xinjiang, Jiangxi, China",CH,CH03,13167,27.7481,116.274,11065838,1,United States,US,US,,39.828175,-98.5795,US,1,United States,US,US,,39.828175,-98.5795,US,20191009031500,Express intent to cooperate,Verbal cooperation
878292437,20191009,201910,CHN,CHINA,CHN,,,,,,,,USA,UNITED STATES,USA,,,,,,,,1,130,130,13,3,-4.4,6,1,6,-6.43776824034335,4,"Xinjiang, Jiangxi, China",CH,CH03,13167,27.7481,116.274,11065838,3,"Washington, District of Columbia, United States",US,USDC,DC001,38.8951,-77.0364,531871,4,"Xinjiang, Jiangxi, China",CH,CH03,13167,27.7481,116.274,11065838,20191009031500,Threaten,Verbal conflict
878293260,20191009,201910,USA,UNITED STATES,USA,,,,,,,,CHN,CHINA,CHN,,,,,,,,1,0311,031,03,1,5.2,6,1,6,-2.52100840336135,1,United States,US,US,,39.828175,-98.5795,US,4,"Xinjiang, Jiangxi, China",CH,CH03,13167,27.7481,116.274,11065838,1,United States,US,US,,39.828175,-98.5795,US,20191009031500,Express intent to cooperate,Verbal cooperation
878293438,20181009,201810,USA,AMERICAN,USA,,,,,,,,CHN,CHINA,CHN,,,,,,,,1,014,014,01,1,0.0,8,1,8,-0.22727272727273,1,United States,US,US,,39.828175,-98.5795,US,1,China,CH,CH,,35.0,105.0,CH,1,China,CH,CH,,35.0,105.0,CH,20191009033000,Make public statement,Verbal cooperation
878297829,20191009,201910,USA,THE US,USA,,,,,,,,CHN,CHINA,CHN,,,,,,,,1,010,010,01,1,0.0,6,1,6,0.20876826722339,1,India,IN,IN,,20.0,77.0,IN,1,India,IN,IN,,20.0,77.0,IN,1,India,IN,IN,,20.0,77.0,IN,20191009034500,Make public statement,Verbal cooperation
878301177,20191009,201910,USA,THE US,USA,,,,,,,,CHN,CHINA,CHN,,,,,,,,1,046,046,04,1,7.0,10,1,10,-2.40700218818381,1,Canada,CA,CA,,60.0,-96.0,CA,1,Canada,CA,CA,,60.0,-96.0,CA,1,Canada,CA,CA,,60.0,-96.0,CA,20191009041500,Consult,Verbal cooperation
878301179,20191009,201910,USA,TEXAS,USA,,,,,,,,CHN,CHINA,CHN,,,,,,,,1,051,051,05,1,3.4,7,1,7,4.18006430868167,2,"Texas, United States",US,USTX,,31.106,-97.6475,TX,1,China,CH,CH,,35.0,105.0,CH,2,"Texas, United States",US,USTX,,31.106,-97.6475,TX,20191009041500,Engage in diplomatic cooperation,Verbal cooperation
878301345,20191009,201910,USAMED,REUTERS,USA,,,,,MED,,,CHN,CHINA,CHN,,,,,,,,1,160,160,16,4,-4.0,10,1,10,-2.18978102189781,1,China,CH,CH,,35.0,105.0,CH,1,China,CH,CH,,35.0,105.0,CH,1,China,CH,CH,,35.0,105.0,CH,20191009041500,Reduce relations,Material conflict
878302247,20191009,201910,CHNGOV,CHINESE,CHN,,,,,GOV,,,USA,THE US,USA,,,,,,,,1,111,111,11,3,-2.0,6,1,6,-8.93470790378007,4,"Xinjiang, Jiangxi, China",CH,CH03,13167,27.7481,116.274,11065838,4,"Xinjiang, Jiangxi, China",CH,CH03,13167,27.7481,116.274,11065838,4,"Xinjiang, Jiangxi, China",CH,CH03,13167,27.7481,116.274,11065838,20191009043000,Disapprove,Verbal conflict
878303381,20191009,201910,USA,UNITED STATES,USA,,,,,,,,CHN,CHINA,CHN,,,,,,,,1,100,100,10,3,-5.0,10,1,10,-8.93470790378007,3,"Washington, District of Columbia, United States",US,USDC,DC001,38.8951,-77.0364,531871,4,"Xinjiang, Jiangxi, China",CH,CH03,13167,27.7481,116.274,11065838,3,"Washington, District of Columbia, United States",US,USDC,DC001,38.8951,-77.0364,531871,20191009043000,Demand,Verbal conflict
878305020,20191009,201910,CHN,CHINESE,CHN,,,,,,,,MNCUSAMED,GOOGLE,USA,,,,,MNC,MED,,1,040,040,04,1,1.0,7,1,7,1.51133501259446,1,China,CH,CH,,35.0,105.0,CH,1,China,CH,CH,,35.0,105.0,CH,1,China,CH,CH,,35.0,105.0,CH,20191009044500,Consult,Verbal cooperation
878306410,20191009,201910,CHN,CHINA,CHN,,,,,,,,USA,WASHINGTON,USA,,,,,,,,1,085,085,08,2,7.0,12,1,12,-5.76923076923077,4,"Beijing, Beijing, China",CH,CH22,13001,39.9289,116.388,-1898541,3,"Washington, District of Columbia, United States",US,USDC,DC001,38.8951,-77.0364,531871,3,"Washington, District of Columbia, United States",US,USDC,DC001,38.8951,-77.0364,531871,20191009050000,Yield,Material cooperation
878306411,20191009,201910,CHN,CHINA,CHN,,,,,,,,USA,THE US,USA,,,,,,,,1,120,120,12,3,-4.0,20,2,20,-4.26409903713893,1,China,CH,CH,,35.0,105.0,CH,1,China,CH,CH,,35.0,105.0,CH,1,China,CH,CH,,35.0,105.0,CH,20191009050000,Reject,Verbal conflict
878308475,20191009,201910,CHN,CHINA,CHN,,,,,,,,USA,WASHINGTON,USA,,,,,,,,1,040,040,04,1,1.0,6,1,6,-5.17799352750809,4,"Beijing, Beijing, China",CH,CH22,13001,39.9289,116.388,-1898541,3,"Washington, District of Columbia, United States",US,USDC,DC001,38.8951,-77.0364,531871,3,"Washington, District of Columbia, United States",US,USDC,DC001,38.8951,-77.0364,531871,20191009051500,Consult,Verbal cooperation
878309277,20191009,201910,USA,WASHINGTON,USA,,,,,,,,CHN,CHINA,CHN,,,,,,,,1,040,040,04,1,1.0,6,1,6,-5.17799352750809,3,"Washington, District of Columbia, United States",US,USDC,DC001,38.8951,-77.0364,531871,4,"Beijing, Beijing, China",CH,CH22,13001,39.9289,116.388,-1898541,3,"Washington, District of Columbia, United States",US,USDC,DC001,38.8951,-77.0364,531871,20191009051500,Consult,Verbal cooperation
878309279,20191009,201910,USA,PHOENIX,USA,,,,,,,,CHN,BEIJING,CHN,,,,,,,,1,043,043,04,1,2.8,6,1,6,2.47823174815807,4,"Canberra, Australian Capital Territory, Australia",AS,AS01,4940,-35.2833,149.217,-1563952,4,"Canberra, Australian Capital Territory, Australia",AS,AS01,4940,-35.2833,149.217,-1563952,4,"Canberra, Australian Capital Territory, Australia",AS,AS01,4940,-35.2833,149.217,-1563952,20191009051500,Consult,Verbal cooperation
878309280,20191009,201910,USA,WASHINGTON,USA,,,,,,,,CHN,CHINA,CHN,,,,,,,,1,192,192,19,4,-9.5,10,1,10,-5.17799352750809,3,"Washington, District of Columbia, United States",US,USDC,DC001,38.8951,-77.0364,531871,4,"Beijing, Beijing, China",CH,CH22,13001,39.9289,116.388,-1898541,3,"Washington, District of Columbia, United States",US,USDC,DC001,38.8951,-77.0364,531871,20191009051500,Fight,Material conflict
878313862,20191009,201910,USA,THE US,USA,,,,,,,,CHNBUS,CHINESE,CHN,,,,,BUS,,,1,160,160,16,4,-4.0,6,1,6,-4.50450450450451,1,China,CH,CH,,35.0,105.0,CH,1,China,CH,CH,,35.0,105.0,CH,1,China,CH,CH,,35.0,105.0,CH,20191009054500,Reduce relations,Material conflict
878313863,20191009,201910,USA,THE US,USA,,,,,,,,CHNGOV,CHINESE,CHN,,,,,GOV,,,1,160,160,16,4,-4.0,6,1,6,-2.33236151603498,4,"Shanghai, Shanghai, China",CH,CH23,13243,31.2222,121.458,-1924465,4,"Xinjiang, Jiangxi, China",CH,CH03,13167,27.7481,116.274,11065838,4,"Xinjiang, Jiangxi, China",CH,CH03,13167,27.7481,116.274,11065838,20191009054500,Reduce relations,Material conflict
878315146,20191009,201910,CHN,CHINA,CHN,,,,,,,,USA,UNITED STATES,USA,,,,,,,,1,110,110,11,3,-2.0,6,2,6,-0.91324200913242,1,China,CH,CH,,35.0,105.0,CH,1,United States,US,US,,39.828175,-98.5795,US,1,China,CH,CH,,35.0,105.0,CH,20191009060000,Disapprove,Verbal conflict
878318791,20191009,201910,USA,WASHINGTON,USA,,,,,,,,CHN,CHINESE,CHN,,,,,,,,1,014,014,01,1,0.0,6,1,6,-4.63320463320463,1,Germany,GM,GM,,51.5,10.5,GM,1,Germany,GM,GM,,51.5,10.5,GM,4,"Xinjiang, Jiangxi, China",CH,CH03,13167,27.7481,116.274,11065838,20191009061500,Make public statement,Verbal cooperation
878320267,20191009,201910,CHN,CHINA,CHN,,,,,,,,USA,UNITED STATES,USA,,,,,,,,1,0311,031,03,1,5.2,8,1,8,-4.37956204379562,1,Singapore,SN,SN,,1.366667,103.8,SN,1,Singapore,SN,SN,,1.366667,103.8,SN,1,Singapore,SN,SN,,1.366667,103.8,SN,20191009063000,Express intent to cooperate,Verbal cooperation
878321284,20191009,201910,USA,UNITED STATES,USA,,,,,,,,CHN,CHINA,CHN,,,,,,,,1,0311,031,03,1,5.2,6,1,6,-4.37956204379562,3,"Washington, District of Columbia, United States",US,USDC,DC001,38.8951,-77.0364,531871,4,"Beijing, Beijing, China",CH,CH22,13001,39.9289,116.388,-1898541,3,"Washington, District of Columbia, United States",US,USDC,DC001,38.8951,-77.0364,531871,20191009063000,Express intent to cooperate,Verbal cooperation
878330340,20191009,201910,USA,UNITED STATES,USA,,,,,,,,CHN,CHINESE,CHN,,,,,,,,1,012,012,01,1,-0.4,10,1,10,-0.50377833753148,1,China,CH,CH,,35.0,105.0,CH,1,China,CH,CH,,35.0,105.0,CH,1,China,CH,CH,,35.0,105.0,CH,20191009073000,Make public statement,Verbal cooperation
878335547,20191009,201910,USAGOV,THE US,USA,,,,,GOV,,,CHNBUS,CHINESE,CHN,,,,,BUS,,,1,160,160,16,4,-4.0,6,1,6,-2.86806883365201,4,"Xinjiang, Jiangxi, China",CH,CH03,13167,27.7481,116.274,11065838,4,"Xinjiang, Jiangxi, China",CH,CH03,13167,27.7481,116.274,11065838,4,"Xinjiang, Jiangxi, China",CH,CH03,13167,27.7481,116.274,11065838,20191009080000,Reduce relations,Material conflict
878337973,20191009,201910,USA,UNITED STATES,USA,,,,,,,,CHN,CHINA,CHN,,,,,,,,1,163,163,16,4,-8.0,10,1,10,-3.2520325203252,1,Venezuela,VE,VE,,8.0,-66.0,VE,1,Venezuela,VE,VE,,8.0,-66.0,VE,1,Venezuela,VE,VE,,8.0,-66.0,VE,20191009081500,Reduce relations,Material conflict
878341659,20191009,201910,USA,THE US,USA,,,,,,,,CHN,CHINESE,CHN,,,,,,,,1,160,160,16,4,-4.0,8,2,8,-5.16252390057361,4,"Yitu, Shandong, China",CH,CH25,13231,36.6967,118.48,-1936307,4,"Yitu, Shandong, China",CH,CH25,13231,36.6967,118.48,-1936307,4,"Yitu, Shandong, China",CH,CH25,13231,36.6967,118.48,-1936307,20191009083000,Reduce relations,Material conflict
878341660,20191009,201910,USA,THE US,USA,,,,,,,,CHNGOV,CHINESE,CHN,,,,,GOV,,,1,160,160,16,4,-4.0,12,2,12,-5.16252390057361,4,"Yitu, Shandong, China",CH,CH25,13231,36.6967,118.48,-1936307,4,"Yitu, Shandong, China",CH,CH25,13231,36.6967,118.48,-1936307,4,"Yitu, Shandong, China",CH,CH25,13231,36.6967,118.48,-1936307,20191009083000,Reduce relations,Material conflict
878342169,20191009,201910,CHN,CHINA,CHN,,,,,,,,USAGOV,JOE BIDEN,USA,,,,,GOV,,,1,0214,021,02,1,3.4,10,1,10,-4.6195652173913,1,United Kingdom,UK,UK,,54.0,-4.0,UK,1,United Kingdom,UK,UK,,54.0,-4.0,UK,1,United Kingdom,UK,UK,,54.0,-4.0,UK,20191009084500,Appeal,Verbal cooperation
878344856,20191009,201910,CHNGOV,CHINA,CHN,,,,,GOV,,,USA,UNITED STATES,USA,,,,,,,,1,036,036,03,1,4.0,24,6,24,-1.59860509076687,4,"Wuhan, Hubei, China",CH,CH12,13124,30.5833,114.267,-1930776,2,"New York, United States",US,USNY,,42.1497,-74.9384,NY,2,"New York, United States",US,USNY,,42.1497,-74.9384,NY,20191009090000,Express intent to cooperate,Verbal cooperation
878345992,20191009,201910,USA,UNITED STATES,USA,,,,,,,,CHN,BEIJING,CHN,,,,,,,,1,025,025,02,1,-0.3,12,2,12,-6.4343163538874,2,"Connecticut, United States",US,USCT,,41.5834,-72.7622,CT,4,"Beijing, Beijing, China",CH,CH22,13001,39.9289,116.388,-1898541,4,"Beijing, Beijing, China",CH,CH22,13001,39.9289,116.388,-1898541,20191009090000,Appeal,Verbal cooperation
878345995,20191009,201910,USA,UNITED STATES,USA,,,,,,,,CHNGOV,CHINA,CHN,,,,,GOV,,,1,036,036,03,1,4.0,24,6,24,-1.59860509076687,2,"New York, United States",US,USNY,,42.1497,-74.9384,NY,4,"Wuhan, Hubei, China",CH,CH12,13124,30.5833,114.267,-1930776,2,"New York, United States",US,USNY,,42.1497,-74.9384,NY,20191009090000,Express intent to cooperate,Verbal cooperation
878348423,20191009,201910,USA,UNITED STATES,USA,,,,,,,,CHN,BEIJING,CHN,,,,,,,,1,025,025,02,1,-0.3,6,1,6,-7.10227272727272,1,United States,US,US,,39.828175,-98.5795,US,4,"Beijing, Beijing, China",CH,CH22,13001,39.9289,116.388,-1898541,4,"Beijing, Beijing, China",CH,CH22,13001,39.9289,116.388,-1898541,20191009091500,Appeal,Verbal cooperation
878349978,20191009,201910,CHNGOV,CHINESE,CHN,,,,,GOV,,,USA,THE US,USA,,,,,,,,1,100,100,10,3,-5.0,6,1,6,-6.88524590163934,4,"Xinjiang, Jiangxi, China",CH,CH03,13167,27.7481,116.274,11065838,4,"Xinjiang, Jiangxi, China",CH,CH03,13167,27.7481,116.274,11065838,4,"Xinjiang, Jiangxi, China",CH,CH03,13167,27.7481,116.274,11065838,20191009093000,Demand,Verbal conflict
878351151,20191009,201910,USA,AMERICAN,USA,,,,,,,,CHN,CHINA,CHN,,,,,,,,1,030,030,03,1,4.0,7,1,7,-3.95256916996047,3,"Washington, District of Columbia, United States",US,USDC,DC001,38.8951,-77.0364,531871,1,China,CH,CH,,35.0,105.0,CH,3,"Washington, District of Columbia, United States",US,USDC,DC001,38.8951,-77.0364,531871,20191009093000,Express intent to cooperate,Verbal cooperation
878351152,20191009,201910,USA,WASHINGTON,USA,,,,,,,,CHN,CHINA,CHN,,,,,,,,1,163,163,16,4,-8.0,6,1,6,-3.95256916996047,1,China,CH,CH,,35.0,105.0,CH,1,China,CH,CH,,35.0,105.0,CH,1,China,CH,CH,,35.0,105.0,CH,20191009093000,Reduce relations,Material conflict
878352653,20191009,201910,CHN,CHINA,CHN,,,,,,,,USABUS,AMERICAN,USA,,,,,BUS,,,1,0256,025,02,1,-0.3,6,1,6,-0.22222222222223,4,"Fuyao, Fujian, China",CH,CH07,13013,26.8081,119.464,-1905911,4,"Fuyao, Fujian, China",CH,CH07,13013,26.8081,119.464,-1905911,4,"Fuyao, Fujian, China",CH,CH07,13013,26.8081,119.464,-1905911,20191009094500,Appeal,Verbal cooperation
878353684,20191009,201910,USA,THE US,USA,,,,,,,,CHNBUS,CHINESE,CHN,,,,,BUS,,,1,160,160,16,4,-4.0,6,1,6,-5.82959641255605,4,"Shanghai, Shanghai, China",CH,CH23,13243,31.2222,121.458,-1924465,4,"Shanghai, Shanghai, China",CH,CH23,13243,31.2222,121.458,-1924465,4,"Shanghai, Shanghai, China",CH,CH23,13243,31.2222,121.458,-1924465,20191009094500,Reduce relations,Material conflict
878358715,20191009,201910,MNCUSA,ISHARES,USA,,,,,MNC,,,CHN,CHINA,CHN,,,,,,,,1,010,010,01,1,0.0,10,1,10,1.51515151515152,0,,,,,,,,0,,,,,,,,0,,,,,,,,20191009101500,Make public statement,Verbal cooperation
878360918,20191009,201910,CHN,CHINESE,CHN,,,,,,,,USAGOV,THE US,USA,,,,,GOV,,,1,190,190,19,4,-10.0,10,1,10,-0.9400705052879,1,China,CH,CH,,35.0,105.0,CH,1,China,CH,CH,,35.0,105.0,CH,1,China,CH,CH,,35.0,105.0,CH,20191009103000,Fight,Material conflict
878362331,20191009,201910,USA,UNITED STATES,USA,,,,,,,,CHN,CHINA,CHN,,,,,,,,1,120,120,12,3,-4.0,8,1,8,-0.9433962264151,1,United Kingdom,UK,UK,,54.0,-4.0,UK,2,"California, United States",US,USCA,,36.17,-119.746,CA,2,"California, United States",US,USCA,,36.17,-119.746,CA,20191009103000,Reject,Verbal conflict
878362517,20191009,201910,USAGOV,THE US,USA,,,,,GOV,,,CHN,CHINESE,CHN,,,,,,,,1,190,190,19,4,-10.0,8,1,8,-0.9400705052879,1,United States,US,US,,39.828175,-98.5795,US,1,United States,US,US,,39.828175,-98.5795,US,1,United States,US,US,,39.828175,-98.5795,US,20191009103000,Fight,Material conflict
878364440,20191009,201910,CHN,BEIJING,CHN,,,,,,,,USA,UNITED STATES,USA,,,,,,,,1,020,020,02,1,3.0,10,1,10,-5.60747663551402,4,"Beijing, Beijing, China",CH,CH22,13001,39.9289,116.388,-1898541,1,United States,US,US,,39.828175,-98.5795,US,4,"Beijing, Beijing, China",CH,CH22,13001,39.9289,116.388,-1898541,20191009104500,Appeal,Verbal cooperation
878364441,20191009,201910,CHN,BEIJING,CHN,,,,,,,,USA,UNITED STATES,USA,,,,,,,,1,160,160,16,4,-4.0,8,1,8,-5.60747663551402,4,"Beijing, Beijing, China",CH,CH22,13001,39.9289,116.388,-1898541,1,United States,US,US,,39.828175,-98.5795,US,1,United States,US,US,,39.828175,-98.5795,US,20191009104500,Reduce relations,Material conflict
878365527,20191009,201910,USA,UNITED STATES,USA,,,,,,,,CHN,CHINA,CHN,,,,,,,,1,020,020,02,1,3.0,10,1,10,-5.625,1,United States,US,US,,39.828175,-98.5795,US,4,"Beijing, Beijing, China",CH,CH22,13001,39.9289,116.388,-1898541,4,"Beijing, Beijing, China",CH,CH22,13001,39.9289,116.388,-1898541,20191009104500,Appeal,Verbal cooperation
878365528,20191009,201910,USA,UNITED STATES,USA,,,,,,,,CHN,CHINA,CHN,,,,,,,,1,160,160,16,4,-4.0,8,1,8,-5.625,1,United States,US,US,,39.828175,-98.5795,US,4,"Beijing, Beijing, China",CH,CH22,13001,39.9289,116.388,-1898541,1,United States,US,US,,39.828175,-98.5795,US,20191009104500,Reduce relations,Material conflict
878365529,20191009,201910,USA,THE US,USA,,,,,,,,CHN,CHINESE,CHN,,,,,,,,1,163,163,16,4,-8.0,20,2,20,-5.61623831775701,4,"Xinjiang, Jiangxi, China",CH,CH03,13167,27.7481,116.274,11065838,4,"Xinjiang, Jiangxi, China",CH,CH03,13167,27.7481,116.274,11065838,4,"Xinjiang, Jiangxi, China",CH,CH03,13167,27.7481,116.274,11065838,20191009104500,Reduce relations,Material conflict
878368704,20191009,201910,USA,THE US,USA,,,,,,,,CHN,CHINA,CHN,,,,,,,,1,010,010,01,1,0.0,6,1,6,-3.63636363636363,3,"White House, District of Columbia, United States",US,USDC,,38.8951,-77.0364,531871,3,"White House, District of Columbia, United States",US,USDC,,38.8951,-77.0364,531871,3,"White House, District of Columbia, United States",US,USDC,,38.8951,-77.0364,531871,20191009110000,Make public statement,Verbal cooperation
878368709,20191009,201910,USA,UNITED STATES,USA,,,,,,,,CHN,CHINA,CHN,,,,,,,,1,100,100,10,3,-5.0,10,1,10,-7.28083209509659,3,"White House, District of Columbia, United States",US,USDC,,38.8951,-77.0364,531871,3,"White House, District of Columbia, United States",US,USDC,,38.8951,-77.0364,531871,3,"White House, District of Columbia, United States",US,USDC,,38.8951,-77.0364,531871,20191009110000,Demand,Verbal conflict
878370431,20191009,201910,CHN,CHINESE,CHN,,,,,,,,USA,AMERICAN,USA,,,,,,,,1,040,040,04,1,1.0,10,1,10,-4.28893905191874,4,"Qingdao, Shandong, China",CH,CH25,13226,36.0986,120.372,-1922199,3,"Washington, District of Columbia, United States",US,USDC,DC001,38.8951,-77.0364,531871,3,"Washington, District of Columbia, United States",US,USDC,DC001,38.8951,-77.0364,531871,20191009111500,Consult,Verbal cooperation
878370440,20191009,201910,CHNGOVMED,CHINESE,CHN,,,,,GOV,MED,,MNCUSA,APPLE INC,USA,,,,,MNC,,,1,112,112,11,3,-2.0,6,1,6,-4.23728813559322,1,China,CH,CH,,35.0,105.0,CH,1,China,CH,CH,,35.0,105.0,CH,1,China,CH,CH,,35.0,105.0,CH,20191009111500,Disapprove,Verbal conflict
878371357,20191009,201910,USA,AMERICAN,USA,,,,,,,,CHN,CHINESE,CHN,,,,,,,,1,046,046,04,1,7.0,10,1,10,-4.28893905191874,3,"Washington, District of Columbia, United States",US,USDC,DC001,38.8951,-77.0364,531871,4,"Qingdao, Shandong, China",CH,CH25,13226,36.0986,120.372,-1922199,3,"Washington, District of Columbia, United States",US,USDC,DC001,38.8951,-77.0364,531871,20191009111500,Consult,Verbal cooperation
878374658,20191009,201910,CHN,CHINA,CHN,,,,,,,,USA,UNITED STATES,USA,,,,,,,,1,046,046,04,1,7.0,8,1,8,-5.19480519480519,4,"Shanghai, Shanghai, China",CH,CH23,13243,31.2222,121.458,-1924465,1,United States,US,US,,39.828175,-98.5795,US,1,United States,US,US,,39.828175,-98.5795,US,20191009113000,Consult,Verbal cooperation
878376239,20191009,201910,USA,UNITED STATES,USA,,,,,,,,CHN,CHINA,CHN,,,,,,,,1,046,046,04,1,7.0,8,1,8,-5.19480519480519,1,United States,US,US,,39.828175,-98.5795,US,4,"Shanghai, Shanghai, China",CH,CH23,13243,31.2222,121.458,-1924465,1,United States,US,US,,39.828175,-98.5795,US,20191009113000,Consult,Verbal cooperation
878378302,20191009,201910,CHN,BEIJING,CHN,,,,,,,,USA,THE US,USA,,,,,,,,1,010,010,01,1,0.0,8,1,8,3.24483775811209,4,"Baku, Baki*, Azerbaijan",AJ,AJ09,534,40.3953,49.8822,-2705195,4,"Beijing, Beijing, China",CH,CH22,13001,39.9289,116.388,-1898541,4,"Baku, Baki*, Azerbaijan",AJ,AJ09,534,40.3953,49.8822,-2705195,20191009114500,Make public statement,Verbal cooperation
878378303,20191009,201910,CHN,CHINA,CHN,,,,,,,,USA,THE US,USA,,,,,,,,1,100,100,10,3,-5.0,10,1,10,-7.85340314136126,1,Germany,GM,GM,,51.5,10.5,GM,1,Germany,GM,GM,,51.5,10.5,GM,1,Germany,GM,GM,,51.5,10.5,GM,20191009114500,Demand,Verbal conflict
878381654,20191009,201910,CHN,CHINA,CHN,,,,,,,,USAMEDBUS,REUTERS,USA,,,,,MED,BUS,,1,160,160,16,4,-4.0,8,1,8,-3.87096774193549,4,"Shenzhen, Guangdong, China",CH,CH30,13036,22.2,111.117,-1925267,4,"Xinjiang, Jiangxi, China",CH,CH03,13167,27.7481,116.274,11065838,4,"Xinjiang, Jiangxi, China",CH,CH03,13167,27.7481,116.274,11065838,20191009120000,Reduce relations,Material conflict
878382918,20191009,201910,USA,THE US,USA,,,,,,,,CHN,CHINA,CHN,,,,,,,,1,046,046,04,1,7.0,10,1,10,-4.21455938697318,1,Indonesia,ID,ID,,-5.0,120.0,ID,1,Indonesia,ID,ID,,-5.0,120.0,ID,1,Indonesia,ID,ID,,-5.0,120.0,ID,20191009120000,Consult,Verbal cooperation
878389233,20191009,201910,USA,WASHINGTON,USA,,,,,,,,CHN,CHINESE,CHN,,,,,,,,1,051,051,05,1,3.4,6,1,6,-1.32013201320132,2,"Ohio, United States",US,USOH,,40.3736,-82.7755,OH,2,"Ohio, United States",US,USOH,,40.3736,-82.7755,OH,2,"Ohio, United States",US,USOH,,40.3736,-82.7755,OH,20191009123000,Engage in diplomatic cooperation,Verbal cooperation
878392211,20191009,201910,USA,WASHINGTON,USA,,,,,,,,CHNBUS,CHINESE,CHN,,,,,BUS,,,1,160,160,16,4,-4.0,6,1,6,-5.6547619047619,1,Singapore,SN,SN,,1.366667,103.8,SN,4,"Kuala Lumpur, Kuala Lumpur, Malaysia",MY,MY14,18585,3.16667,101.7,-2403010,4,"Kuala Lumpur, Kuala Lumpur, Malaysia",MY,MY14,18585,3.16667,101.7,-2403010,20191009124500,Reduce relations,Material conflict
878396093,20191009,201910,CHN,BEIJING,CHN,,,,,,,,USA,NEW YORK,USA,,,,,,,,1,057,057,05,1,8.0,8,1,8,2.59067357512953,4,"Beijing, Beijing, China",CH,CH22,13001,39.9289,116.388,-1898541,2,"New York, United States",US,USNY,,42.1497,-74.9384,NY,4,"Canberra, Australian Capital Territory, Australia",AS,AS01,4940,-35.2833,149.217,-1563952,20191009131500,Engage in diplomatic cooperation,Verbal cooperation
878397432,20191009,201910,USA,NEW YORK,USA,,,,,,,,CHN,BEIJING,CHN,,,,,,,,1,057,057,05,1,8.0,8,1,8,2.59067357512953,2,"New York, United States",US,USNY,,42.1497,-74.9384,NY,4,"Beijing, Beijing, China",CH,CH22,13001,39.9289,116.388,-1898541,4,"Canberra, Australian Capital Territory, Australia",AS,AS01,4940,-35.2833,149.217,-1563952,20191009131500,Engage in diplomatic cooperation,Verbal cooperation
878397433,20191009,201910,USA,UNITED STATES,USA,,,,,,,,CHN,CHINA,CHN,,,,,,,,1,073,073,07,2,7.4,10,1,10,-3.44827586206896,5,"Zhejiang, Zhejiang, China",CH,CH02,13325,29.0,120.0,-1938694,5,"Zhejiang, Zhejiang, China",CH,CH02,13325,29.0,120.0,-1938694,5,"Zhejiang, Zhejiang, China",CH,CH02,13325,29.0,120.0,-1938694,20191009131500,Provide aid,Material cooperation
878403962,20191009,201910,USA,AMERICAN,USA,,,,,,,,CHN,CHINA,CHN,,,,,,,,1,036,036,03,1,4.0,6,1,6,-1.21317157712305,1,United Kingdom,UK,UK,,54.0,-4.0,UK,1,United Kingdom,UK,UK,,54.0,-4.0,UK,1,United Kingdom,UK,UK,,54.0,-4.0,UK,20191009134500,Express intent to cooperate,Verbal cooperation
878408476,20191009,201910,USA,LOS ANGELES,USA,,,,,,,,CHN,CHINESE,CHN,,,,,,,,1,036,036,03,1,4.0,7,1,7,2.56898192197907,4,"Beijing, Beijing, China",CH,CH22,13001,39.9289,116.388,-1898541,4,"Beijing, Beijing, China",CH,CH22,13001,39.9289,116.388,-1898541,4,"Beijing, Beijing, China",CH,CH22,13001,39.9289,116.388,-1898541,20191009140000,Express intent to cooperate,Verbal cooperation
878410446,20191009,201910,CHN,CANTON,CHN,,,,,,,,USA,LAWRENCE,USA,,,,,,,,1,071,071,07,2,7.4,10,1,10,0.51546391752577,1,China,CH,CH,,35.0,105.0,CH,1,China,CH,CH,,35.0,105.0,CH,1,China,CH,CH,,35.0,105.0,CH,20191009141500,Provide aid,Material cooperation
878419437,20191002,201910,USA,AMERICAN,USA,,,,,,,,CHN,CHINA,CHN,,,,,,,,1,020,020,02,1,3.0,6,1,6,-4.90463215258855,3,"White House, District of Columbia, United States",US,USDC,,38.8951,-77.0364,531871,1,China,CH,CH,,35.0,105.0,CH,1,China,CH,CH,,35.0,105.0,CH,20191009150000,Appeal,Verbal cooperation
878426506,20191009,201910,USA,UNITED STATES,USA,,,,,,,,CHN,CHINESE,CHN,,,,,,,,1,160,160,16,4,-4.0,8,1,8,-2.50696378830084,3,"Houston, Texas, United States",US,USTX,TX201,29.7633,-95.3633,1380948,1,China,CH,CH,,35.0,105.0,CH,3,"Houston, Texas, United States",US,USTX,TX201,29.7633,-95.3633,1380948,20191009151500,Reduce relations,Material conflict
878427245,20191009,201910,CHN,CHINESE,CHN,,,,,,,,USA,SAN DIEGO,USA,,,,,,,,1,061,061,06,2,6.4,8,1,8,0.0,1,China,CH,CH,,35.0,105.0,CH,3,"San Diego, California, United States",US,USCA,,32.7153,-117.157,1661377,1,China,CH,CH,,35.0,105.0,CH,20191009153000,Engage in material cooperation,Material cooperation
878428812,20191009,201910,USA,SAN DIEGO,USA,,,,,,,,CHN,CHINESE,CHN,,,,,,,,1,061,061,06,2,6.4,10,1,10,0.0,3,"San Diego County, California, United States",US,USCA,CA073,33.0334,-116.801,277301,3,"San Diego County, California, United States",US,USCA,,33.0334,-116.801,277301,3,"San Diego County, California, United States",US,USCA,,33.0334,-116.801,277301,20191009153000,Engage in material cooperation,Material cooperation
878428813,20191009,201910,USA,THE US,USA,,,,,,,,CHN,CHINESE,CHN,,,,,,,,1,090,090,09,2,-2.0,10,1,10,-8.14814814814818,1,China,CH,CH,,35.0,105.0,CH,1,China,CH,CH,,35.0,105.0,CH,1,China,CH,CH,,35.0,105.0,CH,20191009153000,Investigate,Material cooperation
878432275,20191009,201910,CHN,CHINESE,CHN,,,,,,,,USAGOV,UNITED STATES,USA,,,,,GOV,,,1,160,160,16,4,-4.0,6,1,6,-2.94117647058824,4,"Bohai, Zhejiang, China",CH,CH02,13329,28.0355,119.794,-1899025,2,"New York, United States",US,USNY,,42.1497,-74.9384,NY,2,"New York, United States",US,USNY,,42.1497,-74.9384,NY,20191009154500,Reduce relations,Material conflict
878453554,20191009,201910,USA,THE US,USA,,,,,,,,CHN,CHINESE,CHN,,,,,,,,1,020,020,02,1,3.0,10,1,10,-3.72596153846154,4,"Xinjiang, Jiangxi, China",CH,CH03,13167,27.7481,116.274,11065838,4,"Xinjiang, Jiangxi, China",CH,CH03,13167,27.7481,116.274,11065838,4,"Xinjiang, Jiangxi, China",CH,CH03,13167,27.7481,116.274,11065838,20191009171500,Appeal,Verbal cooperation
878453557,20191009,201910,USA,HOUSTON,USA,,,,,,,,CHN,CHINA,CHN,,,,,,,,1,051,051,05,1,3.4,6,1,6,3.00751879699248,3,"Houston, Texas, United States",US,USTX,TX201,29.7633,-95.3633,1380948,1,China,CH,CH,,35.0,105.0,CH,1,Hong Kong,HK,HK,,22.25,114.166667,HK,20191009171500,Engage in diplomatic cooperation,Verbal cooperation
878453559,20191009,201910,USA,HOUSTON,USA,,,,,,,,CHN,CHINA,CHN,,,,,,,,1,0841,084,08,2,7.0,8,1,8,3.00751879699248,3,"Houston, Texas, United States",US,USTX,TX201,29.7633,-95.3633,1380948,1,China,CH,CH,,35.0,105.0,CH,1,Hong Kong,HK,HK,,22.25,114.166667,HK,20191009171500,Yield,Material cooperation
878453561,20191009,201910,USA,HOUSTON,USA,,,,,,,,CHN,CHINA,CHN,,,,,,,,1,110,110,11,3,-2.0,6,1,6,3.00751879699248,3,"Houston, Texas, United States",US,USTX,TX201,29.7633,-95.3633,1380948,1,China,CH,CH,,35.0,105.0,CH,1,China,CH,CH,,35.0,105.0,CH,20191009171500,Disapprove,Verbal conflict
878463489,20191009,201910,USA,THE US,USA,,,,,,,,CHN,BEIJING,CHN,,,,,,,,1,030,030,03,1,4.0,20,1,20,-2.45901639344262,4,"Beijing, Beijing, China",CH,CH22,13001,39.9289,116.388,-1898541,3,"Washington, District of Columbia, United States",US,USDC,DC001,38.8951,-77.0364,531871,4,"Beijing, Beijing, China",CH,CH22,13001,39.9289,116.388,-1898541,20191009180000,Express intent to cooperate,Verbal cooperation
878466281,20191009,201910,MNCUSA,GOLDMAN SACHS,USA,,,,,MNC,,,CHN,CHINESE,CHN,,,,,,,,1,160,160,16,4,-4.0,10,1,10,-4.49101796407186,4,"Yitu, Shandong, China",CH,CH25,13231,36.6967,118.48,-1936307,4,"Xinjiang, Jiangxi, China",CH,CH03,13167,27.7481,116.274,11065838,4,"Xinjiang, Jiangxi, China",CH,CH03,13167,27.7481,116.274,11065838,20191009181500,Reduce relations,Material conflict
878466910,20191009,201910,USAGOVBUS,THE US,USA,,,,,GOV,BUS,,CHN,CHINA,CHN,,,,,,,,1,1122,112,11,3,-2.0,10,1,10,-4.49101796407186,3,"Washington, District of Columbia, United States",US,USDC,DC001,38.8951,-77.0364,531871,4,"Xinjiang, Jiangxi, China",CH,CH03,13167,27.7481,116.274,11065838,4,"Xinjiang, Jiangxi, China",CH,CH03,13167,27.7481,116.274,11065838,20191009181500,Disapprove,Verbal conflict
878473018,20191009,201910,USA,NEW YORK,USA,,,,,,,,CHN,CHINA,CHN,,,,,,,,1,010,010,01,1,0.0,7,1,7,2.78637770897833,3,"Harvard University, Massachusetts, United States",US,USMA,MA017,42.3784,-71.1164,618399,4,"Shandong, Jiangsu, China",CH,CH04,13151,32.9793,118.852,11415469,4,"Shandong, Jiangsu, China",CH,CH04,13151,32.9793,118.852,11415469,20191009184500,Make public statement,Verbal cooperation
878473658,20191009,201910,CHN,CANTON,CHN,,,,,,,,USA,OHIO,USA,,,,,,,,1,015,015,01,1,0.0,7,1,7,-8.58895705521475,2,"Ohio, United States",US,USOH,,40.3736,-82.7755,OH,2,"Ohio, United States",US,USOH,,40.3736,-82.7755,OH,2,"Ohio, United States",US,USOH,,40.3736,-82.7755,OH,20191009190000,Make public statement,Verbal cooperation
878474856,20191009,201910,USA,NEW HAMPSHIRE,USA,,,,,,,,CHN,CHINA,CHN,,,,,,,,1,0214,021,02,1,3.4,8,1,8,-7.95631825273011,2,"New Hampshire, United States",US,USNH,,43.4108,-71.5653,NH,1,China,CH,CH,,35.0,105.0,CH,1,Russia,RS,RS,,60.0,100.0,RS,20191009190000,Appeal,Verbal cooperation
878474860,20191009,201910,USA,WASHINGTON,USA,,,,,,,,CHN,CHINESE,CHN,,,,,,,,1,071,071,07,2,7.4,8,1,8,-0.41152263374485,3,"Washington, District of Columbia, United States",US,USDC,DC001,38.8951,-77.0364,531871,3,"Washington, District of Columbia, United States",US,USDC,DC001,38.8951,-77.0364,531871,3,"Washington, District of Columbia, United States",US,USDC,DC001,38.8951,-77.0364,531871,20191009190000,Provide aid,Material cooperation
878474861,20191009,201910,USA,NEW HAMPSHIRE,USA,,,,,,,,CHN,CHINA,CHN,,,,,,,,1,111,111,11,3,-2.0,8,1,8,-7.95631825273011,2,"New Hampshire, United States",US,USNH,,43.4108,-71.5653,NH,1,China,CH,CH,,35.0,105.0,CH,1,Russia,RS,RS,,60.0,100.0,RS,20191009190000,Disapprove,Verbal conflict
878477716,20191009,201910,CHN,CHINA,CHN,,,,,,,,USA,THE US,USA,,,,,,,,1,046,046,04,1,7.0,10,1,10,-1.30718954248366,1,South Korea,KS,KS,,37.0,127.5,KS,1,South Korea,KS,KS,,37.0,127.5,KS,1,South Korea,KS,KS,,37.0,127.5,KS,20191009191500,Consult,Verbal cooperation
878482439,20191009,201910,USA,NEW YORK,USA,,,,,,,,CHN,CHINA,CHN,,,,,,,,1,0874,087,08,2,10.0,10,1,10,-1.90274841437632,2,"New York, United States",US,USNY,,42.1497,-74.9384,NY,1,China,CH,CH,,35.0,105.0,CH,1,China,CH,CH,,35.0,105.0,CH,20191009193000,Yield,Material cooperation
878483984,20191009,201910,CHN,CHINA,CHN,,,,,,,,USA,THE US,USA,,,,,,,,1,150,150,15,4,-7.2,10,1,10,-4.92753623188406,1,China,CH,CH,,35.0,105.0,CH,1,China,CH,CH,,35.0,105.0,CH,1,China,CH,CH,,35.0,105.0,CH,20191009194500,Exhibit force posture,Material conflict
878495474,20191009,201910,CHN,CHINA,CHN,,,,,,,,USA,UNITED STATES,USA,,,,,,,,1,046,046,04,1,7.0,8,1,8,-4.18604651162791,1,China,CH,CH,,35.0,105.0,CH,3,"Washington, District of Columbia, United States",US,USDC,DC001,38.8951,-77.0364,531871,3,"Washington, District of Columbia, United States",US,USDC,DC001,38.8951,-77.0364,531871,20191009204500,Consult,Verbal cooperation
878496974,20191009,201910,USA,UNITED STATES,USA,,,,,,,,CHN,CHINA,CHN,,,,,,,,1,046,046,04,1,7.0,10,1,10,-4.18604651162791,1,"Vietnam, Republic Of",VM,VM,,16.166667,107.833333,VM,1,"Vietnam, Republic Of",VM,VM,,16.166667,107.833333,VM,1,"Vietnam, Republic Of",VM,VM,,16.166667,107.833333,VM,20191009204500,Consult,Verbal cooperation
878498646,20191009,201910,CHN,CHINA,CHN,,,,,,,,USAGOV,THE US,USA,,,,,GOV,,,1,160,160,16,4,-4.0,10,1,10,-5.03512880562061,4,"Xinjiang, Jiangxi, China",CH,CH03,13167,27.7481,116.274,11065838,4,"Xinjiang, Jiangxi, China",CH,CH03,13167,27.7481,116.274,11065838,4,"Xinjiang, Jiangxi, China",CH,CH03,13167,27.7481,116.274,11065838,20191009210000,Reduce relations,Material conflict
878501364,20191009,201910,CHN,CHINA,CHN,,,,,,,,USA,UNITED STATES,USA,,,,,,,,1,030,030,03,1,4.0,6,1,6,2.77777777777778,3,"Washington, District of Columbia, United States",US,USDC,DC001,38.8951,-77.0364,531871,3,"Washington, District of Columbia, United States",US,USDC,DC001,38.8951,-77.0364,531871,3,"Washington, District of Columbia, United States",US,USDC,DC001,38.8951,-77.0364,531871,20191009211500,Express intent to cooperate,Verbal cooperation
878501365,20191009,201910,CHN,CHINA,CHN,,,,,,,,USA,UNITED STATES,USA,,,,,,,,1,030,030,03,1,4.0,10,2,10,3.31615120274914,3,"Washington, District of Columbia, United States",US,USDC,DC001,38.8951,-77.0364,531871,3,"Washington, District of Columbia, United States",US,USDC,DC001,38.8951,-77.0364,531871,1,China,CH,CH,,35.0,105.0,CH,20191009211500,Express intent to cooperate,Verbal cooperation
878501366,20191009,201910,CHN,CHINA,CHN,,,,,,,,USA,UNITED STATES,USA,,,,,,,,1,0311,031,03,1,5.2,6,1,6,2.77777777777778,3,"Washington, District of Columbia, United States",US,USDC,DC001,38.8951,-77.0364,531871,3,"Washington, District of Columbia, United States",US,USDC,DC001,38.8951,-77.0364,531871,1,China,CH,CH,,35.0,105.0,CH,20191009211500,Express intent to cooperate,Verbal cooperation
878501369,20191009,201910,CHN,CHINA,CHN,,,,,,,,USA,WASHINGTON,USA,,,,,,,,1,0311,031,03,1,5.2,24,2,24,3.11426116838488,1,China,CH,CH,,35.0,105.0,CH,3,"Washington, District of Columbia, United States",US,USDC,DC001,38.8951,-77.0364,531871,1,China,CH,CH,,35.0,105.0,CH,20191009211500,Express intent to cooperate,Verbal cooperation
878502667,20191009,201910,USA,WASHINGTON,USA,,,,,,,,CHN,CHINA,CHN,,,,,,,,1,013,013,01,1,0.4,34,2,34,3.17364059025672,1,China,CH,CH,,35.0,105.0,CH,1,China,CH,CH,,35.0,105.0,CH,1,China,CH,CH,,35.0,105.0,CH,20191009211500,Make public statement,Verbal cooperation
878502672,20191009,201910,USA,UNITED STATES,USA,,,,,,,,CHN,CHINA,CHN,,,,,,,,1,030,030,03,1,4.0,6,1,6,2.77777777777778,3,"Washington, District of Columbia, United States",US,USDC,DC001,38.8951,-77.0364,531871,3,"Washington, District of Columbia, United States",US,USDC,DC001,38.8951,-77.0364,531871,3,"Washington, District of Columbia, United States",US,USDC,DC001,38.8951,-77.0364,531871,20191009211500,Express intent to cooperate,Verbal cooperation
878502673,20191009,201910,USA,UNITED STATES,USA,,,,,,,,CHN,CHINA,CHN,,,,,,,,1,030,030,03,1,4.0,10,2,10,3.31615120274914,3,"Washington, District of Columbia, United States",US,USDC,DC001,38.8951,-77.0364,531871,3,"Washington, District of Columbia, United States",US,USDC,DC001,38.8951,-77.0364,531871,1,China,CH,CH,,35.0,105.0,CH,20191009211500,Express intent to cooperate,Verbal cooperation
878502677,20191009,201910,USA,WASHINGTON,USA,,,,,,,,CHN,CHINA,CHN,,,,,,,,1,0311,031,03,1,5.2,6,1,6,2.77777777777778,3,"Washington, District of Columbia, United States",US,USDC,DC001,38.8951,-77.0364,531871,3,"Washington, District of Columbia, United States",US,USDC,DC001,38.8951,-77.0364,531871,3,"Washington, District of Columbia, United States",US,USDC,DC001,38.8951,-77.0364,531871,20191009211500,Express intent to cooperate,Verbal cooperation
878502682,20191009,201910,USA,UNITED STATES,USA,,,,,,,,CHN,CHINA,CHN,,,,,,,,1,061,061,06,2,6.4,10,1,10,0.0,3,"Los Angeles, California, United States",US,USCA,CA037,34.0522,-118.244,1662328,3,"Los Angeles, California, United States",US,USCA,,34.0522,-118.244,1662328,3,"Los Angeles, California, United States",US,USCA,,34.0522,-118.244,1662328,20191009211500,Engage in material cooperation,Material cooperation
878502686,20191009,201910,USA,UNITED STATES,USA,,,,,,,,CHN,CHINESE,CHN,,,,,,,,1,112,112,11,3,-2.0,6,3,6,1.03463964635293,4,"Beijing, Beijing, China",CH,CH22,13001,39.9289,116.388,-1898541,4,"Bengaluru, Karnataka, India",IN,IN19,70159,12.9833,77.5833,-2090174,4,"Beijing, Beijing, China",CH,CH22,13001,39.9289,116.388,-1898541,20191009211500,Disapprove,Verbal conflict
878502689,20191009,201910,USA,UNITED STATES,USA,,,,,,,,CHN,CHINESE,CHN,,,,,,,,1,1721,172,17,4,-5.0,8,2,8,0.979440385559925,3,"Washington, District of Columbia, United States",US,USDC,DC001,38.8951,-77.0364,531871,4,"Beijing, Beijing, China",CH,CH22,13001,39.9289,116.388,-1898541,3,"Washington, District of Columbia, United States",US,USDC,DC001,38.8951,-77.0364,531871,20191009211500,Coerce,Material conflict
878502691,20191009,201910,USA,PENNSYLVANIA,USA,,,,,,,,CHN,CANTON,CHN,,,,,,,,1,190,190,19,4,-10.0,10,1,10,-12.1457489878542,2,"Pennsylvania, United States",US,USPA,,40.5773,-77.264,PA,2,"Pennsylvania, United States",US,USPA,,40.5773,-77.264,PA,2,"Pennsylvania, United States",US,USPA,,40.5773,-77.264,PA,20191009211500,Fight,Material conflict
878502692,20191009,201910,USA,UNITED STATES,USA,,,,,,,,CHNGOV,CHINESE,CHN,,,,,GOV,,,1,112,112,11,3,-2.0,18,3,18,1.03463964635293,4,"Beijing, Beijing, China",CH,CH22,13001,39.9289,116.388,-1898541,4,"Bengaluru, Karnataka, India",IN,IN19,70159,12.9833,77.5833,-2090174,4,"Beijing, Beijing, China",CH,CH22,13001,39.9289,116.388,-1898541,20191009211500,Disapprove,Verbal conflict
878502694,20191009,201910,USA,UNITED STATES,USA,,,,,,,,CHNGOV,CHINESE,CHN,,,,,GOV,,,1,1721,172,17,4,-5.0,12,2,12,0.979440385559925,3,"Washington, District of Columbia, United States",US,USDC,DC001,38.8951,-77.0364,531871,4,"Beijing, Beijing, China",CH,CH22,13001,39.9289,116.388,-1898541,3,"Washington, District of Columbia, United States",US,USDC,DC001,38.8951,-77.0364,531871,20191009211500,Coerce,Material conflict
878502695,20191009,201910,USA,UNITED STATES,USA,,,,,,,,CHNGOV,CHINESE,CHN,,,,,GOV,,,1,1721,172,17,4,-5.0,6,1,6,1.14503816793894,3,"Washington, District of Columbia, United States",US,USDC,DC001,38.8951,-77.0364,531871,5,"Fujian, Fujian, China",CH,CH07,13011,26.545,117.843,-1905684,3,"Washington, District of Columbia, United States",US,USDC,DC001,38.8951,-77.0364,531871,20191009211500,Coerce,Material conflict
878504182,20191009,201910,CHN,CHINA,CHN,,,,,,,,MNCUSA,ARROW ELECTRONICS,USA,,,,,MNC,,,1,057,057,05,1,8.0,10,1,10,3.80710659898477,4,"London, London, City of, United Kingdom",UK,UKH9,40110,51.5,-0.116667,-2601889,4,"London, London, City of, United Kingdom",UK,UKH9,40110,51.5,-0.116667,-2601889,4,"London, London, City of, United Kingdom",UK,UKH9,40110,51.5,-0.116667,-2601889,20191009213000,Engage in diplomatic cooperation,Verbal cooperation
878504187,20191009,201910,CHN,CHINA,CHN,,,,,,,,USA,WASHINGTON,USA,,,,,,,,1,046,046,04,1,7.0,6,1,6,0.3448275862069,4,"Shanghai, Shanghai, China",CH,CH23,13243,31.2222,121.458,-1924465,3,"Washington, District of Columbia, United States",US,USDC,DC001,38.8951,-77.0364,531871,4,"Beijing, Beijing, China",CH,CH22,13001,39.9289,116.388,-1898541,20191009213000,Consult,Verbal cooperation
878505141,20191009,201910,MNCUSA,ARROW ELECTRONICS,USA,,,,,MNC,,,CHN,CHINA,CHN,,,,,,,,1,030,030,03,1,4.0,10,1,10,3.80710659898477,4,"London, London, City of, United Kingdom",UK,UKH9,40110,51.5,-0.116667,-2601889,4,"London, London, City of, United Kingdom",UK,UKH9,40110,51.5,-0.116667,-2601889,4,"London, London, City of, United Kingdom",UK,UKH9,40110,51.5,-0.116667,-2601889,20191009213000,Express intent to cooperate,Verbal cooperation
878505142,20191009,201910,MNCUSA,ARROW ELECTRONICS,USA,,,,,MNC,,,CHN,CHINA,CHN,,,,,,,,1,057,057,05,1,8.0,10,1,10,3.80710659898477,1,China,CH,CH,,35.0,105.0,CH,1,China,CH,CH,,35.0,105.0,CH,1,China,CH,CH,,35.0,105.0,CH,20191009213000,Engage in diplomatic cooperation,Verbal cooperation
878505823,20191009,201910,USA,WASHINGTON,USA,,,,,,,,CHN,CHINA,CHN,,,,,,,,1,046,046,04,1,7.0,6,1,6,0.3448275862069,3,"Washington, District of Columbia, United States",US,USDC,DC001,38.8951,-77.0364,531871,4,"Shanghai, Shanghai, China",CH,CH23,13243,31.2222,121.458,-1924465,4,"Beijing, Beijing, China",CH,CH22,13001,39.9289,116.388,-1898541,20191009213000,Consult,Verbal cooperation
878506094,20191009,201910,USAGOV,JOE BIDEN,USA,,,,,GOV,,,CHN,CANTON,CHN,,,,,,,,1,020,020,02,1,3.0,6,1,6,-4.88676996424315,2,"Minnesota, United States",US,USMN,,45.7326,-93.9196,MN,2,"Minnesota, United States",US,USMN,,45.7326,-93.9196,MN,2,"Minnesota, United States",US,USMN,,45.7326,-93.9196,MN,20191009213000,Appeal,Verbal cooperation
878507372,20191009,201910,CHN,CHINA,CHN,,,,,,,,MNCUSA,BOEING,USA,,,,,MNC,,,1,043,043,04,1,2.8,20,1,20,-2.80373831775701,4,"Shanghai, Shanghai, China",CH,CH23,13243,31.2222,121.458,-1924465,4,"Shanghai, Shanghai, China",CH,CH23,13243,31.2222,121.458,-1924465,4,"Shanghai, Shanghai, China",CH,CH23,13243,31.2222,121.458,-1924465,20191009214500,Consult,Verbal cooperation
878508038,20191009,201910,MNCUSA,BOEING,USA,,,,,MNC,,,CHN,CHINA,CHN,,,,,,,,1,042,042,04,1,1.9,20,1,20,-2.80373831775701,4,"Shanghai, Shanghai, China",CH,CH23,13243,31.2222,121.458,-1924465,4,"Shanghai, Shanghai, China",CH,CH23,13243,31.2222,121.458,-1924465,4,"Shanghai, Shanghai, China",CH,CH23,13243,31.2222,121.458,-1924465,20191009214500,Consult,Verbal cooperation
878508429,20191009,201910,USA,UNITED STATES,USA,,,,,,,,CHNGOV,CHINESE,CHN,,,,,GOV,,,1,1721,172,17,4,-5.0,6,1,6,1.32743362831859,3,"San Francisco, California, United States",US,USCA,CA075,37.7749,-122.419,277593,4,"Beijing, Beijing, China",CH,CH22,13001,39.9289,116.388,-1898541,3,"San Francisco, California, United States",US,USCA,,37.7749,-122.419,277593,20191009214500,Coerce,Material conflict
878510911,20191009,201910,USA,UNITED STATES,USA,,,,,,,,CHNGOV,CHINESE,CHN,,,,,GOV,,,1,112,112,11,3,-2.0,6,1,6,0.75757575757576,4,"Beijing, Beijing, China",CH,CH22,13001,39.9289,116.388,-1898541,4,"Beijing, Beijing, China",CH,CH22,13001,39.9289,116.388,-1898541,4,"Beijing, Beijing, China",CH,CH22,13001,39.9289,116.388,-1898541,20191009220000,Disapprove,Verbal conflict
878511189,20191009,201910,USAGOVPTY,JOE BIDEN,USA,,,,,GOV,,,CHN,CHINA,CHN,,,,,,,,1,110,110,11,3,-2.0,10,1,10,-6.26959247648903,1,China,CH,CH,,35.0,105.0,CH,1,China,CH,CH,,35.0,105.0,CH,1,China,CH,CH,,35.0,105.0,CH,20191009220000,Disapprove,Verbal conflict
878518874,20191009,201910,USA,UTAH,USA,,,,,,,,CHN,CHINA,CHN,,,,,,,,1,020,020,02,1,3.0,8,1,8,-5.88709677419355,1,Ukraine,UP,UP,,49.0,32.0,UP,1,China,CH,CH,,35.0,105.0,CH,1,Ukraine,UP,UP,,49.0,32.0,UP,20191009224500,Appeal,Verbal cooperation
878518875,20191009,201910,USA,UTAH,USA,,,,,,,,CHN,CHINA,CHN,,,,,,,,1,111,111,11,3,-2.0,8,1,8,-5.88709677419355,1,Ukraine,UP,UP,,49.0,32.0,UP,1,China,CH,CH,,35.0,105.0,CH,1,Ukraine,UP,UP,,49.0,32.0,UP,20191009224500,Disapprove,Verbal conflict
878521276,20191009,201910,USA,UNITED STATES,USA,,,,,,,,CHN,XINJIANG,CHN,,,,,,,,1,110,110,11,3,-2.0,6,1,6,-2.17054263565891,1,United States,US,US,,39.828175,-98.5795,US,4,"Xinjiang, Jiangxi, China",CH,CH03,13167,27.7481,116.274,11065838,1,United States,US,US,,39.828175,-98.5795,US,20191009230000,Disapprove,Verbal conflict
878525737,20191009,201910,USA,THE US,USA,,,,,,,,CHN,CHINA,CHN,,,,,,,,1,046,046,04,1,7.0,10,1,10,-2.97619047619048,1,Singapore,SN,SN,,1.366667,103.8,SN,1,Singapore,SN,SN,,1.366667,103.8,SN,1,Singapore,SN,SN,,1.366667,103.8,SN,20191009233000,Consult,Verbal cooperation
878529794,20191010,201910,CHN,CHINA,CHN,,,,,,,,USA,UNITED STATES,USA,,,,,,,,1,020,020,02,1,3.0,6,3,6,-6.74915635545557,2,"New Hampshire, United States",US,USNH,,43.4108,-71.5653,NH,1,Ukraine,UP,UP,,49.0,32.0,UP,2,"New Hampshire, United States",US,USNH,,43.4108,-71.5653,NH,20191010000000,Appeal,Verbal cooperation
878529795,20191010,201910,CHN,CHINA,CHN,,,,,,,,USA,UNITED STATES,USA,,,,,,,,1,030,030,03,1,4.0,8,2,8,4.08163265306122,3,"Washington, District of Columbia, United States",US,USDC,DC001,38.8951,-77.0364,531871,3,"Washington, District of Columbia, United States",US,USDC,DC001,38.8951,-77.0364,531871,1,China,CH,CH,,35.0,105.0,CH,20191010000000,Express intent to cooperate,Verbal cooperation
878529796,20191010,201910,CHN,CHINA,CHN,,,,,,,,USA,UNITED STATES,USA,,,,,,,,1,030,030,03,1,4.0,12,2,12,4.08163265306122,1,China,CH,CH,,35.0,105.0,CH,3,"Washington, District of Columbia, United States",US,USDC,DC001,38.8951,-77.0364,531871,1,China,CH,CH,,35.0,105.0,CH,20191010000000,Express intent to cooperate,Verbal cooperation
878529799,20191010,201910,CHN,CHINA,CHN,,,,,,,,USA,WASHINGTON,USA,,,,,,,,1,0311,031,03,1,5.2,12,2,12,4.08163265306122,1,China,CH,CH,,35.0,105.0,CH,3,"Washington, District of Columbia, United States",US,USDC,DC001,38.8951,-77.0364,531871,1,China,CH,CH,,35.0,105.0,CH,20191010000000,Express intent to cooperate,Verbal cooperation
878531646,20191010,201910,MNCUSA,GOLDMAN SACHS,USA,,,,,MNC,,,CHN,CHINESE,CHN,,,,,,,,1,160,160,16,4,-4.0,10,1,10,-4.80480480480481,4,"Yitu, Shandong, China",CH,CH25,13231,36.6967,118.48,-1936307,4,"Xinjiang, Jiangxi, China",CH,CH03,13167,27.7481,116.274,11065838,4,"Xinjiang, Jiangxi, China",CH,CH03,13167,27.7481,116.274,11065838,20191010000000,Reduce relations,Material conflict
878532952,20191010,201910,USA,WASHINGTON,USA,,,,,,,,CHN,CHINA,CHN,,,,,,,,1,013,013,01,1,0.4,20,2,20,4.08163265306122,1,China,CH,CH,,35.0,105.0,CH,1,China,CH,CH,,35.0,105.0,CH,1,China,CH,CH,,35.0,105.0,CH,20191010000000,Make public statement,Verbal cooperation
878532953,20191010,201910,USA,UNITED STATES,USA,,,,,,,,CHN,CHINA,CHN,,,,,,,,1,030,030,03,1,4.0,8,2,8,4.08163265306122,3,"Washington, District of Columbia, United States",US,USDC,DC001,38.8951,-77.0364,531871,3,"Washington, District of Columbia, United States",US,USDC,DC001,38.8951,-77.0364,531871,1,China,CH,CH,,35.0,105.0,CH,20191010000000,Express intent to cooperate,Verbal cooperation
878532954,20191010,201910,USA,UNITED STATES,USA,,,,,,,,CHN,CHINA,CHN,,,,,,,,1,030,030,03,1,4.0,12,2,12,4.08163265306122,3,"Washington, District of Columbia, United States",US,USDC,DC001,38.8951,-77.0364,531871,1,China,CH,CH,,35.0,105.0,CH,1,China,CH,CH,,35.0,105.0,CH,20191010000000,Express intent to cooperate,Verbal cooperation
878532955,20191010,201910,USA,WASHINGTON,USA,,,,,,,,CHN,CHINA,CHN,,,,,,,,1,0311,031,03,1,5.2,12,2,12,4.08163265306122,3,"Washington, District of Columbia, United States",US,USDC,DC001,38.8951,-77.0364,531871,1,China,CH,CH,,35.0,105.0,CH,1,China,CH,CH,,35.0,105.0,CH,20191010000000,Express intent to cooperate,Verbal cooperation
878533628,20191010,201910,USAGOVBUS,THE US,USA,,,,,GOV,BUS,,CHN,CHINA,CHN,,,,,,,,1,1122,112,11,3,-2.0,10,1,10,-4.80480480480481,3,"Washington, District of Columbia, United States",US,USDC,DC001,38.8951,-77.0364,531871,4,"Xinjiang, Jiangxi, China",CH,CH03,13167,27.7481,116.274,11065838,4,"Xinjiang, Jiangxi, China",CH,CH03,13167,27.7481,116.274,11065838,20191010000000,Disapprove,Verbal conflict
878535855,20191010,201910,CHN,CHINESE,CHN,,,,,,,,USA,WASHINGTON,USA,,,,,,,,1,036,036,03,1,4.0,8,1,8,-1.27118644067797,4,"Beijing, Beijing, China",CH,CH22,13001,39.9289,116.388,-1898541,4,"Beijing, Beijing, China",CH,CH22,13001,39.9289,116.388,-1898541,4,"Beijing, Beijing, China",CH,CH22,13001,39.9289,116.388,-1898541,20191010001500,Express intent to cooperate,Verbal cooperation
878540086,20191010,201910,CHN,CHINA,CHN,,,,,,,,USA,UNITED STATES,USA,,,,,,,,1,046,046,04,1,7.0,6,3,6,-1.63870013807752,4,"Beijing, Beijing, China",CH,CH22,13001,39.9289,116.388,-1898541,3,"Washington, District of Columbia, United States",US,USDC,DC001,38.8951,-77.0364,531871,3,"Washington, District of Columbia, United States",US,USDC,DC001,38.8951,-77.0364,531871,20191010003000,Consult,Verbal cooperation
878540089,20191010,201910,CHN,CHINA,CHN,,,,,,,,USA,UNITED STATES,USA,,,,,,,,1,124,124,12,3,-4.0,6,3,6,-1.63870013807752,4,"Beijing, Beijing, China",CH,CH22,13001,39.9289,116.388,-1898541,3,"Washington, District of Columbia, United States",US,USDC,DC001,38.8951,-77.0364,531871,4,"Beijing, Beijing, China",CH,CH22,13001,39.9289,116.388,-1898541,20191010003000,Reject,Verbal conflict
878541969,20191010,201910,USA,UNITED STATES,USA,,,,,,,,CHN,CHINA,CHN,,,,,,,,1,046,046,04,1,7.0,6,3,6,-1.63870013807752,3,"Washington, District of Columbia, United States",US,USDC,DC001,38.8951,-77.0364,531871,4,"Beijing, Beijing, China",CH,CH22,13001,39.9289,116.388,-1898541,3,"Washington, District of Columbia, United States",US,USDC,DC001,38.8951,-77.0364,531871,20191010003000,Consult,Verbal cooperation
878546457,20191010,201910,USAGOV,THE US,USA,,,,,GOV,,,CHN,CHINESE,CHN,,,,,,,,1,160,160,16,4,-4.0,10,1,10,-3.49462365591398,4,"Beijing, Beijing, China",CH,CH22,13001,39.9289,116.388,-1898541,4,"Beijing, Beijing, China",CH,CH22,13001,39.9289,116.388,-1898541,4,"Beijing, Beijing, China",CH,CH22,13001,39.9289,116.388,-1898541,20191010004500,Reduce relations,Material conflict
878549257,20191010,201910,USA,UNITED STATES,USA,,,,,,,,CHN,CHINA,CHN,,,,,,,,1,016,016,01,1,-2.0,8,1,8,-0.55555555555556,1,China,CH,CH,,35.0,105.0,CH,1,China,CH,CH,,35.0,105.0,CH,1,China,CH,CH,,35.0,105.0,CH,20191010010000,Make public statement,Verbal cooperation
878551617,20191010,201910,MNCUSA,GOLDMAN SACHS,USA,,,,,MNC,,,CHN,CHINESE,CHN,,,,,,,,1,160,160,16,4,-4.0,10,1,10,-4.87106017191977,4,"Xinjiang, Jiangxi, China",CH,CH03,13167,27.7481,116.274,11065838,4,"Xinjiang, Jiangxi, China",CH,CH03,13167,27.7481,116.274,11065838,4,"Xinjiang, Jiangxi, China",CH,CH03,13167,27.7481,116.274,11065838,20191010011500,Reduce relations,Material conflict
878552119,20191010,201910,USA,UNITED STATES,USA,,,,,,,,CHN,CHINA,CHN,,,,,,,,1,084,084,08,2,7.0,6,1,6,-3.9039039039039,3,"Gwinnett County, Georgia, United States",US,USGA,GA135,33.9501,-84.0499,1688166,4,"Yangtze, China (general), China",CH,CH00,13243,31.7867,121.141,-1899838,2,"Georgia, United States",US,USGA,,32.9866,-83.6487,GA,20191010011500,Yield,Material cooperation
878552126,20191010,201910,USA,UNITED STATES,USA,,,,,,,,CHN,CHINA,CHN,,,,,,,,1,112,112,11,3,-2.0,10,1,10,-3.20284697508897,4,"Beijing, Beijing, China",CH,CH22,13001,39.9289,116.388,-1898541,4,"Beijing, Beijing, China",CH,CH22,13001,39.9289,116.388,-1898541,4,"Beijing, Beijing, China",CH,CH22,13001,39.9289,116.388,-1898541,20191010011500,Disapprove,Verbal conflict
878553560,20191010,201910,CHN,CHINESE,CHN,,,,,,,,USA,WASHINGTON,USA,,,,,,,,1,160,160,16,4,-4.0,8,1,8,-7.08661417322835,4,"Yangzhong, Fujian, China",CH,CH07,13013,26.5983,118.907,11044529,3,"Washington, District of Columbia, United States",US,USDC,DC001,38.8951,-77.0364,531871,4,"Yangzhong, Fujian, China",CH,CH07,13013,26.5983,118.907,11044529,20191010013000,Reduce relations,Material conflict
878555751,20191010,201910,CHN,CHINA,CHN,,,,,,,,USA,UNITED STATES,USA,,,,,,,,1,046,046,04,1,7.0,8,1,8,-1.76991150442478,1,China,CH,CH,,35.0,105.0,CH,3,"White House, District of Columbia, United States",US,USDC,,38.8951,-77.0364,531871,3,"White House, District of Columbia, United States",US,USDC,,38.8951,-77.0364,531871,20191010014500,Consult,Verbal cooperation
878557200,20191010,201910,USA,UNITED STATES,USA,,,,,,,,CHN,CHINA,CHN,,,,,,,,1,046,046,04,1,7.0,10,1,10,-1.76991150442478,3,"White House, District of Columbia, United States",US,USDC,,38.8951,-77.0364,531871,3,"White House, District of Columbia, United States",US,USDC,,38.8951,-77.0364,531871,3,"White House, District of Columbia, United States",US,USDC,,38.8951,-77.0364,531871,20191010014500,Consult,Verbal cooperation
878561822,20191010,201910,CHN,CHINA,CHN,,,,,,,,USA,WASHINGTON,USA,,,,,,,,1,042,042,04,1,1.9,10,1,10,-1.0,1,China,CH,CH,,35.0,105.0,CH,3,"Washington, District of Columbia, United States",US,USDC,DC001,38.8951,-77.0364,531871,1,China,CH,CH,,35.0,105.0,CH,20191010021500,Consult,Verbal cooperation
878561826,20191010,201910,CHN,ZHEJIANG,CHN,,,,,,,,USA,WASHINGTON,USA,,,,,,,,1,160,160,16,4,-4.0,7,1,7,-7.31707317073171,3,"Washington, District of Columbia, United States",US,USDC,DC001,38.8951,-77.0364,531871,3,"Washington, District of Columbia, United States",US,USDC,DC001,38.8951,-77.0364,531871,3,"Washington, District of Columbia, United States",US,USDC,DC001,38.8951,-77.0364,531871,20191010021500,Reduce relations,Material conflict
878563019,20191010,201910,USA,WASHINGTON,USA,,,,,,,,CHN,CHINA,CHN,,,,,,,,1,043,043,04,1,2.8,10,1,10,-1.0,3,"Washington, District of Columbia, United States",US,USDC,DC001,38.8951,-77.0364,531871,1,China,CH,CH,,35.0,105.0,CH,1,China,CH,CH,,35.0,105.0,CH,20191010021500,Consult,Verbal cooperation
878563798,20181010,201810,USA,AMERICAN,USA,,,,,,,,CHN,CHINA,CHN,,,,,,,,1,014,014,01,1,0.0,8,1,8,-0.45558086560364,1,United States,US,US,,39.828175,-98.5795,US,1,China,CH,CH,,35.0,105.0,CH,1,China,CH,CH,,35.0,105.0,CH,20191010023000,Make public statement,Verbal cooperation
878565042,20191010,201910,MNCUSA,ISHARES,USA,,,,,MNC,,,CHN,CHINA,CHN,,,,,,,,1,010,010,01,1,0.0,10,1,10,1.18203309692671,1,China,CH,CH,,35.0,105.0,CH,1,China,CH,CH,,35.0,105.0,CH,1,China,CH,CH,,35.0,105.0,CH,20191010023000,Make public statement,Verbal cooperation
878565043,20191010,201910,MNCUSA,ISHARES,USA,,,,,MNC,,,CHN,CHINA,CHN,,,,,,,,1,071,071,07,2,7.4,10,1,10,1.18203309692671,1,China,CH,CH,,35.0,105.0,CH,1,China,CH,CH,,35.0,105.0,CH,1,China,CH,CH,,35.0,105.0,CH,20191010023000,Provide aid,Material cooperation
878565389,20191010,201910,USA,THE US,USA,,,,,,,,CHN,CHINA,CHN,,,,,,,,1,010,010,01,1,0.0,6,1,6,-0.45558086560364,1,Hong Kong,HK,HK,,22.25,114.166667,HK,1,Netherlands,NL,NL,,52.5,5.75,NL,1,Hong Kong,HK,HK,,22.25,114.166667,HK,20191010023000,Make public statement,Verbal cooperation
878565391,20191010,201910,USA,THE US,USA,,,,,,,,CHN,CHINESE,CHN,,,,,,,,1,020,020,02,1,3.0,10,1,10,-3.7621359223301,4,"Xinjiang, Jiangxi, China",CH,CH03,13167,27.7481,116.274,11065838,4,"Xinjiang, Jiangxi, China",CH,CH03,13167,27.7481,116.274,11065838,4,"Xinjiang, Jiangxi, China",CH,CH03,13167,27.7481,116.274,11065838,20191010023000,Appeal,Verbal cooperation
878565395,20191010,201910,USA,WASHINGTON,USA,,,,,,,,CHN,CHINESE,CHN,,,,,,,,1,160,160,16,4,-4.0,7,1,7,-5.70570570570571,4,"Beijing, Beijing, China",CH,CH22,13001,39.9289,116.388,-1898541,4,"Beijing, Beijing, China",CH,CH22,13001,39.9289,116.388,-1898541,4,"Beijing, Beijing, China",CH,CH22,13001,39.9289,116.388,-1898541,20191010023000,Reduce relations,Material conflict
878565397,20191010,201910,USA,WASHINGTON,USA,,,,,,,,CHN,CHINESE,CHN,,,,,,,,1,172,172,17,4,-5.0,6,1,6,-5.70570570570571,3,"Washington, District of Columbia, United States",US,USDC,DC001,38.8951,-77.0364,531871,4,"Xinjiang, Jiangxi, China",CH,CH03,13167,27.7481,116.274,11065838,3,"Washington, District of Columbia, United States",US,USDC,DC001,38.8951,-77.0364,531871,20191010023000,Coerce,Material conflict
878566942,20191010,201910,CHN,CHINESE,CHN,,,,,,,,USA,WASHINGTON,USA,,,,,,,,1,010,010,01,1,0.0,10,1,10,-0.88105726872247,1,New Zealand,NZ,NZ,,-42.0,174.0,NZ,1,New Zealand,NZ,NZ,,-42.0,174.0,NZ,1,New Zealand,NZ,NZ,,-42.0,174.0,NZ,20191010024500,Make public statement,Verbal cooperation
878568114,20191010,201910,USA,THE US,USA,,,,,,,,CHN,CHINA,CHN,,,,,,,,1,010,010,01,1,0.0,6,1,6,0.2994011976048,4,"Geneva, Genè, Switzerland",SZ,SZ07,16329,46.1956,6.14811,-2552151,4,"Geneva, Genè, Switzerland",SZ,SZ07,16329,46.1956,6.14811,-2552151,4,"Geneva, Genè, Switzerland",SZ,SZ07,16329,46.1956,6.14811,-2552151,20191010024500,Make public statement,Verbal cooperation
878568124,20191010,201910,USA,UNITED STATES,USA,,,,,,,,CHNGOV,CHINESE,CHN,,,,,GOV,,,1,112,112,11,3,-2.0,6,1,6,0.93984962406015,4,"Beijing, Beijing, China",CH,CH22,13001,39.9289,116.388,-1898541,4,"Bengaluru, Karnataka, India",IN,IN19,70159,12.9833,77.5833,-2090174,4,"Beijing, Beijing, China",CH,CH22,13001,39.9289,116.388,-1898541,20191010024500,Disapprove,Verbal conflict
878568126,20191010,201910,USA,UNITED STATES,USA,,,,,,,,CHNGOV,CHINESE,CHN,,,,,GOV,,,1,1721,172,17,4,-5.0,6,1,6,0.93984962406015,3,"Washington, District of Columbia, United States",US,USDC,DC001,38.8951,-77.0364,531871,4,"Beijing, Beijing, China",CH,CH22,13001,39.9289,116.388,-1898541,3,"Washington, District of Columbia, United States",US,USDC,DC001,38.8951,-77.0364,531871,20191010024500,Coerce,Material conflict
878575234,20191010,201910,USAMED,REUTERS,USA,,,,,MED,,,CHN,CHINESE,CHN,,,,,,,,1,160,160,16,4,-4.0,10,1,10,0.0,3,"Washington, District of Columbia, United States",US,USDC,DC001,38.8951,-77.0364,531871,3,"Washington, District of Columbia, United States",US,USDC,DC001,38.8951,-77.0364,531871,3,"Washington, District of Columbia, United States",US,USDC,DC001,38.8951,-77.0364,531871,20191010033000,Reduce relations,Material conflict
878577200,20191010,201910,USA,UNITED STATES,USA,,,,,,,,CHNGOV,CHINESE,CHN,,,,,GOV,,,1,112,112,11,3,-2.0,6,1,6,1.42045454545455,1,United States,US,US,,39.828175,-98.5795,US,1,China,CH,CH,,35.0,105.0,CH,1,United States,US,US,,39.828175,-98.5795,US,20191010034500,Disapprove,Verbal conflict
878577201,20191010,201910,USA,UNITED STATES,USA,,,,,,,,CHNGOV,CHINESE,CHN,,,,,GOV,,,1,1721,172,17,4,-5.0,6,1,6,1.42045454545455,1,United States,US,US,,39.828175,-98.5795,US,1,China,CH,CH,,35.0,105.0,CH,1,United States,US,US,,39.828175,-98.5795,US,20191010034500,Coerce,Material conflict
878578254,20191010,201910,CHN,CHINA,CHN,,,,,,,,USA,THE US,USA,,,,,,,,1,046,046,04,1,7.0,15,1,10,0.88235294117647,1,China,CH,CH,,35.0,105.0,CH,1,China,CH,CH,,35.0,105.0,CH,1,China,CH,CH,,35.0,105.0,CH,20191010040000,Consult,Verbal cooperation
878579188,20191010,201910,USA,THE US,USA,,,,,,,,CHN,CHINA,CHN,,,,,,,,1,046,046,04,1,7.0,12,1,10,0.88235294117647,1,China,CH,CH,,35.0,105.0,CH,1,China,CH,CH,,35.0,105.0,CH,1,China,CH,CH,,35.0,105.0,CH,20191010040000,Consult,Verbal cooperation
878581942,20191010,201910,USA,THE US,USA,,,,,,,,CHN,CHINA,CHN,,,,,,,,1,1721,172,17,4,-5.0,10,1,10,-5.18731988472623,4,"Tiananmen Square, Beijing, China",CH,CH22,13001,39.9044,116.391,9244097,4,"Tiananmen Square, Beijing, China",CH,CH22,13001,39.9044,116.391,9244097,4,"Tiananmen Square, Beijing, China",CH,CH22,13001,39.9044,116.391,9244097,20191010041500,Coerce,Material conflict
878583165,20191010,201910,CHN,CHINA,CHN,,,,,,,,USA,HOUSTON,USA,,,,,,,,1,010,010,01,1,0.0,8,1,8,-6.28930817610062,1,China,CH,CH,,35.0,105.0,CH,3,"Houston, Texas, United States",US,USTX,TX201,29.7633,-95.3633,1380948,1,China,CH,CH,,35.0,105.0,CH,20191010043000,Make public statement,Verbal cooperation
878584030,20191010,201910,USA,UNITED STATES,USA,,,,,,,,CHNGOV,CHINESE,CHN,,,,,GOV,,,1,112,112,11,3,-2.0,6,1,6,0.5940594059406,4,"Beijing, Beijing, China",CH,CH22,13001,39.9289,116.388,-1898541,4,"Beijing, Beijing, China",CH,CH22,13001,39.9289,116.388,-1898541,4,"Beijing, Beijing, China",CH,CH22,13001,39.9289,116.388,-1898541,20191010043000,Disapprove,Verbal conflict
878584031,20191010,201910,USA,UNITED STATES,USA,,,,,,,,CHNGOV,CHINESE,CHN,,,,,GOV,,,1,1721,172,17,4,-5.0,6,1,6,0.5940594059406,1,United States,US,US,,39.828175,-98.5795,US,4,"Beijing, Beijing, China",CH,CH22,13001,39.9289,116.388,-1898541,1,United States,US,US,,39.828175,-98.5795,US,20191010043000,Coerce,Material conflict
878595990,20191010,201910,USA,WASHINGTON,USA,,,,,,,,CHN,CHINESE,CHN,,,,,,,,1,043,043,04,1,2.8,8,1,8,-6.49350649350649,3,"Washington, District of Columbia, United States",US,USDC,DC001,38.8951,-77.0364,531871,3,"Washington, District of Columbia, United States",US,USDC,DC001,38.8951,-77.0364,531871,3,"Washington, District of Columbia, United States",US,USDC,DC001,38.8951,-77.0364,531871,20191010054500,Consult,Verbal cooperation
878595994,20191010,201910,USA,UNITED STATES,USA,,,,,,,,CHN,CHINA,CHN,,,,,,,,1,173,173,17,4,-5.0,6,1,6,-2.94117647058823,3,"Baltimore, Maryland, United States",US,USMD,MD510,39.2904,-76.6122,597040,4,"Shanghai, Shanghai, China",CH,CH23,13243,31.2222,121.458,-1924465,4,"Shanghai, Shanghai, China",CH,CH23,13243,31.2222,121.458,-1924465,20191010054500,Coerce,Material conflict
878599429,20191010,201910,USA,THE US,USA,,,,,,,,CHN,CHINESE,CHN,,,,,,,,1,160,160,16,4,-4.0,6,1,6,-3.3003300330033,4,"Xinjiang, Jiangxi, China",CH,CH03,13167,27.7481,116.274,11065838,4,"Beijing, Beijing, China",CH,CH22,13001,39.9289,116.388,-1898541,4,"Beijing, Beijing, China",CH,CH22,13001,39.9289,116.388,-1898541,20191010061500,Reduce relations,Material conflict
878602087,20191010,201910,USA,WASHINGTON,USA,,,,,,,,CHN,CHINA,CHN,,,,,,,,1,013,013,01,1,0.4,8,1,8,1.59574468085107,3,"Washington, District of Columbia, United States",US,USDC,DC001,38.8951,-77.0364,531871,3,"Washington, District of Columbia, United States",US,USDC,DC001,38.8951,-77.0364,531871,3,"Washington, District of Columbia, United States",US,USDC,DC001,38.8951,-77.0364,531871,20191010063000,Make public statement,Verbal cooperation
878602088,20191010,201910,USA,WASHINGTON,USA,,,,,,,,CHN,CHINA,CHN,,,,,,,,1,0311,031,03,1,5.2,8,1,8,1.59574468085107,3,"Washington, District of Columbia, United States",US,USDC,DC001,38.8951,-77.0364,531871,4,"Beijing, Beijing, China",CH,CH22,13001,39.9289,116.388,-1898541,4,"Beijing, Beijing, China",CH,CH22,13001,39.9289,116.388,-1898541,20191010063000,Express intent to cooperate,Verbal cooperation
878602090,20191010,201910,USA,ATLANTA,USA,,,,,,,,CHN,LANZHOU,CHN,,,,,,,,1,051,051,05,1,3.4,6,1,6,3.03358613217768,4,"Lanzhou, Gansu, China",CH,CH15,13026,36.0564,103.792,-1914139,4,"Lanzhou, Gansu, China",CH,CH15,13026,36.0564,103.792,-1914139,4,"Lanzhou, Gansu, China",CH,CH15,13026,36.0564,103.792,-1914139,20191010063000,Engage in diplomatic cooperation,Verbal cooperation
878604764,20191010,201910,USA,THE US,USA,,,,,,,,CHN,CHINA,CHN,,,,,,,,1,036,036,03,1,4.0,9,1,9,-0.64724919093851,3,"Washington, District of Columbia, United States",US,USDC,DC001,38.8951,-77.0364,531871,3,"Washington, District of Columbia, United States",US,USDC,DC001,38.8951,-77.0364,531871,3,"Washington, District of Columbia, United States",US,USDC,DC001,38.8951,-77.0364,531871,20191010064500,Express intent to cooperate,Verbal cooperation
878604769,20191010,201910,USA,THE US,USA,,,,,,,,CHN,CHINA,CHN,,,,,,,,1,071,071,07,2,7.4,10,1,10,-3.64741641337386,4,"Beijing, Beijing, China",CH,CH22,13001,39.9289,116.388,-1898541,4,"Beijing, Beijing, China",CH,CH22,13001,39.9289,116.388,-1898541,4,"Beijing, Beijing, China",CH,CH22,13001,39.9289,116.388,-1898541,20191010064500,Provide aid,Material cooperation
878608319,20191010,201910,CHN,CHINA,CHN,,,,,,,,USA,THE US,USA,,,,,,,,1,150,150,15,4,-7.2,10,1,10,-5.04451038575668,1,China,CH,CH,,35.0,105.0,CH,1,China,CH,CH,,35.0,105.0,CH,1,China,CH,CH,,35.0,105.0,CH,20191010071500,Exhibit force posture,Material conflict
878608320,20191010,201910,CHN,CHINESE,CHN,,,,,,,,USAGOV,US OFFICIAL,USA,,,,,GOV,,,1,046,046,04,1,7.0,10,1,10,1.30434782608695,4,"Beijing, Beijing, China",CH,CH22,13001,39.9289,116.388,-1898541,4,"Beijing, Beijing, China",CH,CH22,13001,39.9289,116.388,-1898541,4,"Beijing, Beijing, China",CH,CH22,13001,39.9289,116.388,-1898541,20191010071500,Consult,Verbal cooperation
878609466,20191010,201910,USAGOV,US OFFICIAL,USA,,,,,GOV,,,CHN,CHINESE,CHN,,,,,,,,1,046,046,04,1,7.0,10,1,10,1.30434782608695,4,"Beijing, Beijing, China",CH,CH22,13001,39.9289,116.388,-1898541,4,"Beijing, Beijing, China",CH,CH22,13001,39.9289,116.388,-1898541,4,"Beijing, Beijing, China",CH,CH22,13001,39.9289,116.388,-1898541,20191010071500,Consult,Verbal cooperation
878610904,20191010,201910,CHN,CHINESE,CHN,,,,,,,,USA,WASHINGTON,USA,,,,,,,,1,036,036,03,1,4.0,12,1,6,-1.13895216400911,4,"Shanghai, Shanghai, China",CH,CH23,13243,31.2222,121.458,-1924465,3,"Washington, District of Columbia, United States",US,USDC,DC001,38.8951,-77.0364,531871,3,"Washington, District of Columbia, United States",US,USDC,DC001,38.8951,-77.0364,531871,20191010073000,Express intent to cooperate,Verbal cooperation
878610906,20191010,201910,CHN,CHINESE,CHN,,,,,,,,USA,UNITED STATES,USA,,,,,,,,1,036,036,03,1,4.0,8,3,8,-2.30769580417764,3,"Washington, District of Columbia, United States",US,USDC,DC001,38.8951,-77.0364,531871,3,"Washington, District of Columbia, United States",US,USDC,DC001,38.8951,-77.0364,531871,3,"Washington, District of Columbia, United States",US,USDC,DC001,38.8951,-77.0364,531871,20191010073000,Express intent to cooperate,Verbal cooperation
878612002,20191010,201910,USA,WASHINGTON,USA,,,,,,,,CHN,CHINESE,CHN,,,,,,,,1,036,036,03,1,4.0,12,1,6,-1.13895216400911,3,"Washington, District of Columbia, United States",US,USDC,DC001,38.8951,-77.0364,531871,4,"Shanghai, Shanghai, China",CH,CH23,13243,31.2222,121.458,-1924465,3,"Washington, District of Columbia, United States",US,USDC,DC001,38.8951,-77.0364,531871,20191010073000,Express intent to cooperate,Verbal cooperation
878612003,20191010,201910,USA,WASHINGTON,USA,,,,,,,,CHN,CHINESE,CHN,,,,,,,,1,036,036,03,1,4.0,10,1,10,-1.72413793103449,3,"Washington, District of Columbia, United States",US,USDC,DC001,38.8951,-77.0364,531871,1,China,CH,CH,,35.0,105.0,CH,3,"Washington, District of Columbia, United States",US,USDC,DC001,38.8951,-77.0364,531871,20191010073000,Express intent to cooperate,Verbal cooperation
878612005,20191010,201910,USA,UNITED STATES,USA,,,,,,,,CHN,CHINA,CHN,,,,,,,,1,061,061,06,2,6.4,10,1,10,0.3690036900369,1,United States,US,US,,39.828175,-98.5795,US,1,United States,US,US,,39.828175,-98.5795,US,1,United States,US,US,,39.828175,-98.5795,US,20191010073000,Engage in material cooperation,Material cooperation
878613493,20191010,201910,CHN,CHINA,CHN,,,,,,,,USA,THE US,USA,,,,,,,,1,020,020,02,1,3.0,10,1,10,-0.388349514563109,1,China,CH,CH,,35.0,105.0,CH,1,China,CH,CH,,35.0,105.0,CH,1,China,CH,CH,,35.0,105.0,CH,20191010074500,Appeal,Verbal cooperation
878616111,20191010,201910,CHN,CHINA,CHN,,,,,,,,USA,UNITED STATES,USA,,,,,,,,1,057,057,05,1,8.0,8,1,8,-0.37037037037037,4,"Nanyang, Henan, China",CH,CH09,13102,33.8302,112.486,10541456,1,United States,US,US,,39.828175,-98.5795,US,1,Singapore,SN,SN,,1.366667,103.8,SN,20191010080000,Engage in diplomatic cooperation,Verbal cooperation
878616987,20191010,201910,USA,WASHINGTON,USA,,,,,,,,CHN,CHINA,CHN,,,,,,,,1,031,031,03,1,5.2,10,1,10,-1.05485232067511,3,"Washington, District of Columbia, United States",US,USDC,DC001,38.8951,-77.0364,531871,4,"Beijing, Beijing, China",CH,CH22,13001,39.9289,116.388,-1898541,4,"Beijing, Beijing, China",CH,CH22,13001,39.9289,116.388,-1898541,20191010080000,Express intent to cooperate,Verbal cooperation
878616988,20191010,201910,USA,WASHINGTON,USA,,,,,,,,CHN,CHINA,CHN,,,,,,,,1,036,036,03,1,4.0,10,1,10,1.92307692307692,3,"Washington, District of Columbia, United States",US,USDC,DC001,38.8951,-77.0364,531871,1,China,CH,CH,,35.0,105.0,CH,1,China,CH,CH,,35.0,105.0,CH,20191010080000,Express intent to cooperate,Verbal cooperation
878616989,20191010,201910,USA,UNITED STATES,USA,,,,,,,,CHN,CHINA,CHN,,,,,,,,1,057,057,05,1,8.0,10,1,10,-0.37037037037037,4,"Bengaluru, Karnataka, India",IN,IN19,70159,12.9833,77.5833,-2090174,4,"Bengaluru, Karnataka, India",IN,IN19,70159,12.9833,77.5833,-2090174,4,"Bengaluru, Karnataka, India",IN,IN19,70159,12.9833,77.5833,-2090174,20191010080000,Engage in diplomatic cooperation,Verbal cooperation
878619627,20191010,201910,USA,THE US,USA,,,,,,,,CHN,CHINA,CHN,,,,,,,,1,014,014,01,1,0.0,10,1,10,-1.15942028985507,1,China,CH,CH,,35.0,105.0,CH,1,China,CH,CH,,35.0,105.0,CH,1,China,CH,CH,,35.0,105.0,CH,20191010081500,Make public statement,Verbal cooperation
878628156,20191010,201910,MNCUSA,MICROSOFT,USA,,,,,MNC,,,CHN,CHINESE,CHN,,,,,,,,1,020,020,02,1,3.0,8,1,8,5.14705882352941,4,"Danang, Ð N?ng, Vietnam, Republic Of",VM,VM78,73992,16.0678,108.221,-3712125,4,"Danang, Ð N?ng, Vietnam, Republic Of",VM,VM78,73992,16.0678,108.221,-3712125,4,"Danang, Ð N?ng, Vietnam, Republic Of",VM,VM78,73992,16.0678,108.221,-3712125,20191010090000,Appeal,Verbal cooperation
878628567,20191010,201910,USA,UNITED STATES,USA,,,,,,,,CHN,CHINA,CHN,,,,,,,,1,057,057,05,1,8.0,10,1,10,-0.7843137254902,1,Singapore,SN,SN,,1.366667,103.8,SN,1,Singapore,SN,SN,,1.366667,103.8,SN,1,Singapore,SN,SN,,1.366667,103.8,SN,20191010090000,Engage in diplomatic cooperation,Verbal cooperation
878630266,20191010,201910,CHN,CHINESE,CHN,,,,,,,,USA,THE US,USA,,,,,,,,1,130,130,13,3,-4.4,10,1,10,-3.15186246418338,4,"Beijing, Beijing, China",CH,CH22,13001,39.9289,116.388,-1898541,4,"Beijing, Beijing, China",CH,CH22,13001,39.9289,116.388,-1898541,4,"Beijing, Beijing, China",CH,CH22,13001,39.9289,116.388,-1898541,20191010091500,Threaten,Verbal conflict
878631159,20191010,201910,USA,THE US,USA,,,,,,,,CHN,CHINA,CHN,,,,,,,,1,036,036,03,1,4.0,6,1,6,-3.15186246418338,4,"Beijing, Beijing, China",CH,CH22,13001,39.9289,116.388,-1898541,4,"Beijing, Beijing, China",CH,CH22,13001,39.9289,116.388,-1898541,4,"Beijing, Beijing, China",CH,CH22,13001,39.9289,116.388,-1898541,20191010091500,Express intent to cooperate,Verbal cooperation
878631240,20191010,201910,USAGOV,THE US,USA,,,,,GOV,,,CHNCOP,CHINESE,CHN,,,,,COP,,,1,160,160,16,4,-4.0,6,1,6,-3.15186246418338,4,"Beijing, Beijing, China",CH,CH22,13001,39.9289,116.388,-1898541,4,"Beijing, Beijing, China",CH,CH22,13001,39.9289,116.388,-1898541,4,"Beijing, Beijing, China",CH,CH22,13001,39.9289,116.388,-1898541,20191010091500,Reduce relations,Material conflict
878632900,20191010,201910,CHN,CHINA,CHN,,,,,,,,USA,WASHINGTON,USA,,,,,,,,1,040,040,04,1,1.0,10,1,10,-2.5,3,"Washington, District of Columbia, United States",US,USDC,DC001,38.8951,-77.0364,531871,3,"Washington, District of Columbia, United States",US,USDC,DC001,38.8951,-77.0364,531871,3,"Washington, District of Columbia, United States",US,USDC,DC001,38.8951,-77.0364,531871,20191010093000,Consult,Verbal cooperation
878632905,20191010,201910,CHN,CHINA,CHN,,,,,,,,USA,UNITED STATES,USA,,,,,,,,1,046,046,04,1,7.0,8,1,8,-1.9047619047619,1,China,CH,CH,,35.0,105.0,CH,1,United States,US,US,,39.828175,-98.5795,US,1,United States,US,US,,39.828175,-98.5795,US,20191010093000,Consult,Verbal cooperation
878632907,20191010,201910,CHN,CHINESE,CHN,,,,,,,,USA,AMERICAN,USA,,,,,,,,1,050,050,05,1,3.5,8,1,8,-4.53514739229025,1,China,CH,CH,,35.0,105.0,CH,3,"Washington, District of Columbia, United States",US,USDC,DC001,38.8951,-77.0364,531871,3,"Washington, District of Columbia, United States",US,USDC,DC001,38.8951,-77.0364,531871,20191010093000,Engage in diplomatic cooperation,Verbal cooperation
878634112,20191010,201910,USA,UNITED STATES,USA,,,,,,,,CHN,CHINA,CHN,,,,,,,,1,046,046,04,1,7.0,8,1,8,-1.9047619047619,1,United States,US,US,,39.828175,-98.5795,US,1,China,CH,CH,,35.0,105.0,CH,1,United States,US,US,,39.828175,-98.5795,US,20191010093000,Consult,Verbal cooperation
878634114,20191010,201910,USA,AMERICAN,USA,,,,,,,,CHN,CHINESE,CHN,,,,,,,,1,050,050,05,1,3.5,8,1,8,-4.53514739229025,3,"Washington, District of Columbia, United States",US,USDC,DC001,38.8951,-77.0364,531871,1,China,CH,CH,,35.0,105.0,CH,3,"Washington, District of Columbia, United States",US,USDC,DC001,38.8951,-77.0364,531871,20191010093000,Engage in diplomatic cooperation,Verbal cooperation
878635921,20191010,201910,CHN,CHINA,CHN,,,,,,,,USA,UNITED STATES,USA,,,,,,,,1,022,022,02,1,3.2,18,2,18,-3.47497864393985,1,China,CH,CH,,35.0,105.0,CH,1,China,CH,CH,,35.0,105.0,CH,1,China,CH,CH,,35.0,105.0,CH,20191010094500,Appeal,Verbal cooperation
878635924,20191010,201910,CHN,CHINA,CHN,,,,,,,,USAGOV,OBAMA,USA,,,,,GOV,,,1,057,057,05,1,8.0,8,1,8,1.94805194805195,1,China,CH,CH,,35.0,105.0,CH,1,Hong Kong,HK,HK,,22.25,114.166667,HK,1,China,CH,CH,,35.0,105.0,CH,20191010094500,Engage in diplomatic cooperation,Verbal cooperation
878637256,20191010,201910,USA,THE US,USA,,,,,,,,CHN,CHINA,CHN,,,,,,,,1,020,020,02,1,3.0,10,1,10,-6.31578947368421,4,"Yuen Long, Hong Kong (general), Hong Kong",HK,HK00,13031,22.4333,114.033,-1354660,4,"Yuen Long, Hong Kong (general), Hong Kong",HK,HK00,13031,22.4333,114.033,-1354660,4,"Yuen Long, Hong Kong (general), Hong Kong",HK,HK00,13031,22.4333,114.033,-1354660,20191010094500,Appeal,Verbal cooperation
878637257,20191010,201910,USA,UTAH,USA,,,,,,,,CHN,CHINA,CHN,,,,,,,,1,020,020,02,1,3.0,6,1,6,-3.95480225988701,2,"Utah, United States",US,USUT,,40.1135,-111.854,UT,1,China,CH,CH,,35.0,105.0,CH,1,Ukraine,UP,UP,,49.0,32.0,UP,20191010094500,Appeal,Verbal cooperation
878637261,20191010,201910,USA,AMERICAN,USA,,,,,,,,CHNBUS,CHINESE,CHN,,,,,BUS,,,1,071,071,07,2,7.4,6,1,6,-3.05790500975927,4,"Beijing, Beijing, China",CH,CH22,13001,39.9289,116.388,-1898541,4,"Beijing, Beijing, China",CH,CH22,13001,39.9289,116.388,-1898541,4,"Beijing, Beijing, China",CH,CH22,13001,39.9289,116.388,-1898541,20191010094500,Provide aid,Material cooperation
878637404,20191010,201910,USAGOV,OBAMA,USA,,,,,GOV,,,CHN,CHINA,CHN,,,,,,,,1,057,057,05,1,8.0,10,1,10,1.94805194805195,3,"Long Beach, California, United States",US,USCA,CA037,33.767,-118.189,1652747,3,"Long Beach, California, United States",US,USCA,,33.767,-118.189,1652747,3,"Long Beach, California, United States",US,USCA,,33.767,-118.189,1652747,20191010094500,Engage in diplomatic cooperation,Verbal cooperation
878643650,20191010,201910,CHN,CHINESE,CHN,,,,,,,,MNCUSA,ROYAL CARIBBEAN,USA,,,,,MNC,,,1,130,130,13,3,-4.4,8,1,8,-3.47129506008011,4,"Glasgow, Glasgow City, United Kingdom",UK,UKV2,40176,55.8333,-4.25,-2597039,4,"Glasgow, Glasgow City, United Kingdom",UK,UKV2,40176,55.8333,-4.25,-2597039,4,"Glasgow, Glasgow City, United Kingdom",UK,UKV2,40176,55.8333,-4.25,-2597039,20191010101500,Threaten,Verbal conflict
878652059,20191010,201910,CHN,CHINA,CHN,,,,,,,,USA,UNITED STATES,USA,,,,,,,,1,046,046,04,1,7.0,8,1,8,0.0,4,"Shanghai, Shanghai, China",CH,CH23,13243,31.2222,121.458,-1924465,1,United States,US,US,,39.828175,-98.5795,US,4,"Shanghai, Shanghai, China",CH,CH23,13243,31.2222,121.458,-1924465,20191010110000,Consult,Verbal cooperation
878653276,20191010,201910,USA,UNITED STATES,USA,,,,,,,,CHN,CHINA,CHN,,,,,,,,1,046,046,04,1,7.0,8,1,8,0.0,1,United States,US,US,,39.828175,-98.5795,US,4,"Shanghai, Shanghai, China",CH,CH23,13243,31.2222,121.458,-1924465,4,"Shanghai, Shanghai, China",CH,CH23,13243,31.2222,121.458,-1924465,20191010110000,Consult,Verbal cooperation
878662813,20191010,201910,USA,UNITED STATES,USA,,,,,,,,CHN,BEIJING,CHN,,,,,,,,1,173,173,17,4,-5.0,11,1,10,1.87949143173024,4,"Beijing, Beijing, China",CH,CH22,13001,39.9289,116.388,-1898541,4,"Beijing, Beijing, China",CH,CH22,13001,39.9289,116.388,-1898541,4,"Beijing, Beijing, China",CH,CH22,13001,39.9289,116.388,-1898541,20191010114500,Coerce,Material conflict
878662816,20191010,201910,USA,UNITED STATES,USA,,,,,,,,CHN,BEIJING,CHN,,,,,,,,1,173,173,17,4,-5.0,8,1,8,1.87949143173024,3,"Great Hall, New York, United States",US,USNY,NY059,40.8197,-73.595,2075034,4,"Beijing, Beijing, China",CH,CH22,13001,39.9289,116.388,-1898541,3,"Great Hall, New York, United States",US,USNY,,40.8197,-73.595,2075034,20191010114500,Coerce,Material conflict
878666117,20191010,201910,USA,UNITED STATES,USA,,,,,,,,CHN,CHINA,CHN,,,,,,,,1,057,057,05,1,8.0,10,1,10,-1.77514792899408,4,"Nanyang, Henan, China",CH,CH09,13102,33.8302,112.486,10541456,4,"Nanyang, Henan, China",CH,CH09,13102,33.8302,112.486,10541456,4,"Nanyang, Henan, China",CH,CH09,13102,33.8302,112.486,10541456,20191010120000,Engage in diplomatic cooperation,Verbal cooperation
878671571,20191010,201910,CHN,CHINA,CHN,,,,,,,,USA,THE US,USA,,,,,,,,1,190,190,19,4,-10.0,10,1,10,-4.01785714285714,1,China,CH,CH,,35.0,105.0,CH,1,China,CH,CH,,35.0,105.0,CH,1,China,CH,CH,,35.0,105.0,CH,20191010123000,Fight,Material conflict
878671573,20191010,201910,CHN,CHINA,CHN,,,,,,,,USAGOV,RICHARD NIXON,USA,,,,,GOV,,,1,043,043,04,1,2.8,6,1,6,3.79008746355685,1,China,CH,CH,,35.0,105.0,CH,1,"Vietnam, Republic Of",VM,VM,,16.166667,107.833333,VM,1,China,CH,CH,,35.0,105.0,CH,20191010123000,Consult,Verbal cooperation
878673164,20191010,201910,USA,THE US,USA,,,,,,,,CHN,CHINA,CHN,,,,,,,,1,190,190,19,4,-10.0,10,1,10,-4.01785714285714,1,China,CH,CH,,35.0,105.0,CH,1,China,CH,CH,,35.0,105.0,CH,1,China,CH,CH,,35.0,105.0,CH,20191010123000,Fight,Material conflict
878673329,20191010,201910,USAGOV,RICHARD NIXON,USA,,,,,GOV,,,CHN,CHINA,CHN,,,,,,,,1,042,042,04,1,1.9,6,1,6,3.79008746355685,1,"Vietnam, Republic Of",VM,VM,,16.166667,107.833333,VM,1,China,CH,CH,,35.0,105.0,CH,1,China,CH,CH,,35.0,105.0,CH,20191010123000,Consult,Verbal cooperation
878680259,20191010,201910,CHN,CHINA,CHN,,,,,,,,USA,UNITED STATES,USA,,,,,,,,1,044,044,04,1,2.5,8,1,8,-5.26315789473684,1,China,CH,CH,,35.0,105.0,CH,1,United States,US,US,,39.828175,-98.5795,US,4,"Osaka, Osaka, Japan",JA,JA32,35840,34.6667,135.5,-240905,20191010130000,Consult,Verbal cooperation
878681479,20191010,201910,USA,UNITED STATES,USA,,,,,,,,CHN,CHINA,CHN,,,,,,,,1,044,044,04,1,2.5,8,1,8,-5.26315789473684,1,United States,US,US,,39.828175,-98.5795,US,1,China,CH,CH,,35.0,105.0,CH,4,"Osaka, Osaka, Japan",JA,JA32,35840,34.6667,135.5,-240905,20191010130000,Consult,Verbal cooperation
878684985,20191010,201910,USAGOV,UNITED STATES,USA,,,,,GOV,,,CHN,CHINA,CHN,,,,,,,,1,010,010,01,1,0.0,10,1,10,-2.14168039538714,1,China,CH,CH,,35.0,105.0,CH,1,China,CH,CH,,35.0,105.0,CH,1,China,CH,CH,,35.0,105.0,CH,20191010131500,Make public statement,Verbal cooperation
878696799,20191010,201910,CHN,BEIJING,CHN,,,,,,,,USA,WASHINGTON,USA,,,,,,,,1,111,111,11,3,-2.0,6,1,6,-6.28571428571429,1,Turkey,TU,TU,,39.059012,34.911546,TU,1,Turkey,TU,TU,,39.059012,34.911546,TU,1,Turkey,TU,TU,,39.059012,34.911546,TU,20191010141500,Disapprove,Verbal conflict
878696801,20191010,201910,CHN,CHINESE,CHN,,,,,,,,USA,UNITED STATES,USA,,,,,,,,1,130,130,13,3,-4.4,8,1,8,-3.6231884057971,4,"Xinjiang, Jiangxi, China",CH,CH03,13167,27.7481,116.274,11065838,3,"Washington, District of Columbia, United States",US,USDC,DC001,38.8951,-77.0364,531871,4,"Xinjiang, Jiangxi, China",CH,CH03,13167,27.7481,116.274,11065838,20191010141500,Threaten,Verbal conflict
878701282,20191010,201910,CHN,CHINESE,CHN,,,,,,,,USA,UNITED STATES,USA,,,,,,,,1,164,164,16,4,-7.0,8,1,8,-1.08932461873638,4,"Xinjiang, Jiangxi, China",CH,CH03,13167,27.7481,116.274,11065838,3,"White House, District of Columbia, United States",US,USDC,,38.8951,-77.0364,531871,4,"Xinjiang, Jiangxi, China",CH,CH03,13167,27.7481,116.274,11065838,20191010143000,Reduce relations,Material conflict
878710254,20191010,201910,USA,A US,USA,,,,,,,,CHN,CHINA,CHN,,,,,,,,1,0874,087,08,2,10.0,10,1,10,-1.77777777777778,1,China,CH,CH,,35.0,105.0,CH,1,China,CH,CH,,35.0,105.0,CH,1,China,CH,CH,,35.0,105.0,CH,20191010150000,Yield,Material cooperation
878712140,20191010,201910,CHN,CHINESE,CHN,,,,,,,,USA,UNITED STATES,USA,,,,,,,,1,130,130,13,3,-4.4,7,1,7,-3.60576923076923,4,"Xinjiang, Jiangxi, China",CH,CH03,13167,27.7481,116.274,11065838,1,United States,US,US,,39.828175,-98.5795,US,4,"Xinjiang, Jiangxi, China",CH,CH03,13167,27.7481,116.274,11065838,20191010151500,Threaten,Verbal conflict
878716016,20191010,201910,USA,UNITED STATES,USA,,,,,,,,CHN,CHINESE,CHN,,,,,,,,1,040,040,04,1,1.0,11,2,11,-2.50650614163689,3,"White House, District of Columbia, United States",US,USDC,,38.8951,-77.0364,531871,3,"White House, District of Columbia, United States",US,USDC,,38.8951,-77.0364,531871,3,"White House, District of Columbia, United States",US,USDC,,38.8951,-77.0364,531871,20191010153000,Consult,Verbal cooperation
878726591,20191010,201910,CHN,CHINA,CHN,,,,,,,,USA,UNITED STATES,USA,,,,,,,,1,110,110,11,3,-2.0,6,1,6,-1.11940298507462,1,China,CH,CH,,35.0,105.0,CH,1,United States,US,US,,39.828175,-98.5795,US,1,China,CH,CH,,35.0,105.0,CH,20191010161500,Disapprove,Verbal conflict
878728160,20191010,201910,USA,THE US,USA,,,,,,,,CHN,CHINA,CHN,,,,,,,,1,061,061,06,2,6.4,10,1,10,-3.21384425216317,4,"Calcutta, West Bengal, India",IN,IN28,70294,22.5697,88.3697,-2092511,1,China,CH,CH,,35.0,105.0,CH,1,China,CH,CH,,35.0,105.0,CH,20191010161500,Engage in material cooperation,Material cooperation
878728161,20191010,201910,USA,UNITED STATES,USA,,,,,,,,CHN,CHINA,CHN,,,,,,,,1,061,061,06,2,6.4,12,2,12,-2.63851973011655,4,"Dongguan, Guizhou, China",CH,CH18,13068,27.2239,105.601,-3832501,4,"Dongguan, Guizhou, China",CH,CH18,13068,27.2239,105.601,-3832501,4,"Dongguan, Guizhou, China",CH,CH18,13068,27.2239,105.601,-3832501,20191010161500,Engage in material cooperation,Material cooperation
878728168,20191010,201910,USA,UNITED STATES,USA,,,,,,,,CHN,CHINA,CHN,,,,,,,,1,110,110,11,3,-2.0,6,1,6,-1.11940298507462,1,United States,US,US,,39.828175,-98.5795,US,1,China,CH,CH,,35.0,105.0,CH,1,China,CH,CH,,35.0,105.0,CH,20191010161500,Disapprove,Verbal conflict
878728171,20191010,201910,USA,UNITED STATES,USA,,,,,,,,CHNBUS,CHINESE,CHN,,,,,BUS,,,1,160,160,16,4,-4.0,6,1,6,-12.3595505617978,4,"Xinjiang, Jiangxi, China",CH,CH03,13167,27.7481,116.274,11065838,4,"Xinjiang, Jiangxi, China",CH,CH03,13167,27.7481,116.274,11065838,4,"Xinjiang, Jiangxi, China",CH,CH03,13167,27.7481,116.274,11065838,20191010161500,Reduce relations,Material conflict
878730262,20191010,201910,CHN,CHINESE,CHN,,,,,,,,USA,UNITED STATES,USA,,,,,,,,1,042,042,04,1,1.9,6,1,6,-5.73643410852713,2,"Georgia, United States",US,USGA,,32.9866,-83.6487,GA,2,"Georgia, United States",US,USGA,,32.9866,-83.6487,GA,2,"Georgia, United States",US,USGA,,32.9866,-83.6487,GA,20191010163000,Consult,Verbal cooperation
878732034,20191010,201910,USA,UNITED STATES,USA,,,,,,,,CHN,CHINESE,CHN,,,,,,,,1,043,043,04,1,2.8,6,1,6,-5.73643410852713,2,"Georgia, United States",US,USGA,,32.9866,-83.6487,GA,1,China,CH,CH,,35.0,105.0,CH,1,China,CH,CH,,35.0,105.0,CH,20191010163000,Consult,Verbal cooperation
878732036,20191010,201910,USA,WASHINGTON,USA,,,,,,,,CHN,CHINESE,CHN,,,,,,,,1,160,160,16,4,-4.0,10,1,10,-3.6697247706422,3,"Washington, District of Columbia, United States",US,USDC,DC001,38.8951,-77.0364,531871,4,"Beijing, Beijing, China",CH,CH22,13001,39.9289,116.388,-1898541,4,"Beijing, Beijing, China",CH,CH22,13001,39.9289,116.388,-1898541,20191010163000,Reduce relations,Material conflict
878734080,20191010,201910,CHN,CHINA,CHN,,,,,,,,USA,UNITED STATES,USA,,,,,,,,1,061,061,06,2,6.4,8,1,8,-2.04545454545454,4,"Beijing, Beijing, China",CH,CH22,13001,39.9289,116.388,-1898541,3,"Chicago, Illinois, United States",US,USIL,IL031,41.85,-87.6501,423587,4,"Beijing, Beijing, China",CH,CH22,13001,39.9289,116.388,-1898541,20191010164500,Engage in material cooperation,Material cooperation
878735462,20191010,201910,USA,UNITED STATES,USA,,,,,,,,CHN,CHINA,CHN,,,,,,,,1,016,016,01,1,-2.0,8,1,8,-6.25,3,"White House, District of Columbia, United States",US,USDC,,38.8951,-77.0364,531871,3,"White House, District of Columbia, United States",US,USDC,,38.8951,-77.0364,531871,3,"White House, District of Columbia, United States",US,USDC,,38.8951,-77.0364,531871,20191010164500,Make public statement,Verbal cooperation
878747160,20191010,201910,CHN,CHINESE,CHN,,,,,,,,USA,WASHINGTON,USA,,,,,,,,1,030,030,03,1,4.0,7,1,7,3.08370044052864,4,"Beijing, Beijing, China",CH,CH22,13001,39.9289,116.388,-1898541,3,"Washington, District of Columbia, United States",US,USDC,DC001,38.8951,-77.0364,531871,4,"Beijing, Beijing, China",CH,CH22,13001,39.9289,116.388,-1898541,20191010174500,Express intent to cooperate,Verbal cooperation
878748572,20191010,201910,USA,WASHINGTON,USA,,,,,,,,CHN,CHINESE,CHN,,,,,,,,1,030,030,03,1,4.0,8,1,8,3.08370044052864,3,"Washington, District of Columbia, United States",US,USDC,DC001,38.8951,-77.0364,531871,4,"Beijing, Beijing, China",CH,CH22,13001,39.9289,116.388,-1898541,4,"Beijing, Beijing, China",CH,CH22,13001,39.9289,116.388,-1898541,20191010174500,Express intent to cooperate,Verbal cooperation
878753724,20191010,201910,CHN,CHINESE,CHN,,,,,,,,USA,WASHINGTON,USA,,,,,,,,1,050,050,05,1,3.5,8,1,8,2.45098039215686,4,"Beijing, Beijing, China",CH,CH22,13001,39.9289,116.388,-1898541,4,"Beijing, Beijing, China",CH,CH22,13001,39.9289,116.388,-1898541,4,"Beijing, Beijing, China",CH,CH22,13001,39.9289,116.388,-1898541,20191010181500,Engage in diplomatic cooperation,Verbal cooperation
878753725,20191010,201910,CHN,CHINA,CHN,,,,,,,,USAGOV,OBAMA,USA,,,,,GOV,,,1,057,057,05,1,8.0,8,1,8,-1.29240710823909,4,"Beijing, Beijing, China",CH,CH22,13001,39.9289,116.388,-1898541,1,Hong Kong,HK,HK,,22.25,114.166667,HK,4,"Beijing, Beijing, China",CH,CH22,13001,39.9289,116.388,-1898541,20191010181500,Engage in diplomatic cooperation,Verbal cooperation
878755119,20191010,201910,USAGOV,OBAMA,USA,,,,,GOV,,,CHN,CHINA,CHN,,,,,,,,1,057,057,05,1,8.0,10,1,10,-1.29240710823909,4,"Beijing, Beijing, China",CH,CH22,13001,39.9289,116.388,-1898541,4,"Beijing, Beijing, China",CH,CH22,13001,39.9289,116.388,-1898541,4,"Beijing, Beijing, China",CH,CH22,13001,39.9289,116.388,-1898541,20191010181500,Engage in diplomatic cooperation,Verbal cooperation
878756641,20191010,201910,CHN,CHINA,CHN,,,,,,,,USA,UNITED STATES,USA,,,,,,,,1,061,061,06,2,6.4,8,1,8,-1.86170212765957,4,"Beijing, Beijing, China",CH,CH22,13001,39.9289,116.388,-1898541,3,"Washington, District of Columbia, United States",US,USDC,DC001,38.8951,-77.0364,531871,4,"Beijing, Beijing, China",CH,CH22,13001,39.9289,116.388,-1898541,20191010183000,Engage in material cooperation,Material cooperation
878759924,20191010,201910,CHN,CHINESE,CHN,,,,,,,,USA,WASHINGTON,USA,,,,,,,,1,042,042,04,1,1.9,8,1,8,-1.36054421768707,1,Canada,CA,CA,,60.0,-96.0,CA,1,Canada,CA,CA,,60.0,-96.0,CA,1,Canada,CA,CA,,60.0,-96.0,CA,20191010184500,Consult,Verbal cooperation
878766231,20191010,201910,CHN,TIANJIN,CHN,,,,,,,,MNCUSA,TEXTRON,USA,,,,,MNC,,,1,051,051,05,1,3.4,10,1,10,3.74531835205993,4,"Tianjin, Tianjin, China",CH,CH28,13279,39.1422,117.177,-1928564,4,"Tianjin, Tianjin, China",CH,CH28,13279,39.1422,117.177,-1928564,4,"Tianjin, Tianjin, China",CH,CH28,13279,39.1422,117.177,-1928564,20191010191500,Engage in diplomatic cooperation,Verbal cooperation
878769318,20191010,201910,CHN,CHINA,CHN,,,,,,,,USA,UNITED STATES,USA,,,,,,,,1,030,030,03,1,4.0,8,1,8,1.69491525423729,1,China,CH,CH,,35.0,105.0,CH,1,United States,US,US,,39.828175,-98.5795,US,1,United States,US,US,,39.828175,-98.5795,US,20191010193000,Express intent to cooperate,Verbal cooperation
878770615,20191010,201910,USA,UNITED STATES,USA,,,,,,,,CHN,CHINA,CHN,,,,,,,,1,030,030,03,1,4.0,8,1,8,1.69491525423729,1,United States,US,US,,39.828175,-98.5795,US,1,China,CH,CH,,35.0,105.0,CH,1,United States,US,US,,39.828175,-98.5795,US,20191010193000,Express intent to cooperate,Verbal cooperation
878770871,20191010,201910,USAGOV,OBAMA,USA,,,,,GOV,,,CHN,CHINA,CHN,,,,,,,,1,057,057,05,1,8.0,10,1,10,-1.56862745098039,1,China,CH,CH,,35.0,105.0,CH,1,China,CH,CH,,35.0,105.0,CH,1,China,CH,CH,,35.0,105.0,CH,20191010193000,Engage in diplomatic cooperation,Verbal cooperation
878773379,20191010,201910,USA,WASHINGTON,USA,,,,,,,,CHNMIL,CHINESE,CHN,,,,,MIL,,,1,012,012,01,1,-0.4,6,1,6,0.75414781297135,3,"Washington, District of Columbia, United States",US,USDC,DC001,38.8951,-77.0364,531871,4,"Beijing, Beijing, China",CH,CH22,13001,39.9289,116.388,-1898541,3,"Washington, District of Columbia, United States",US,USDC,DC001,38.8951,-77.0364,531871,20191010194500,Make public statement,Verbal cooperation
878777631,20191010,201910,MNCUSAMED,GOOGLE,USA,,,,,MNC,MED,,CHN,CHINA,CHN,,,,,,,,1,120,120,12,3,-4.0,10,1,10,-11.7647058823529,1,Hong Kong,HK,HK,,22.25,114.166667,HK,1,China,CH,CH,,35.0,105.0,CH,1,Hong Kong,HK,HK,,22.25,114.166667,HK,20191010201500,Reject,Verbal conflict
878777991,20191010,201910,USA,THE US,USA,,,,,,,,CHN,CHINA,CHN,,,,,,,,1,046,046,04,1,7.0,10,1,10,-5.08474576271187,1,Hong Kong,HK,HK,,22.25,114.166667,HK,1,Hong Kong,HK,HK,,22.25,114.166667,HK,1,Hong Kong,HK,HK,,22.25,114.166667,HK,20191010201500,Consult,Verbal cooperation
878780610,20191010,201910,USA,UNITED STATES,USA,,,,,,,,CHN,CHINA,CHN,,,,,,,,1,100,100,10,3,-5.0,12,6,12,-6.61344971151285,2,"Utah, United States",US,USUT,,40.1135,-111.854,UT,1,China,CH,CH,,35.0,105.0,CH,1,China,CH,CH,,35.0,105.0,CH,20191010203000,Demand,Verbal conflict
878780611,20191010,201910,USA,UNITED STATES,USA,,,,,,,,CHN,CHINA,CHN,,,,,,,,1,100,100,10,3,-5.0,6,3,6,-6.14754098360656,2,"Utah, United States",US,USUT,,40.1135,-111.854,UT,2,"Utah, United States",US,USUT,,40.1135,-111.854,UT,3,"Salt Lake City, Utah, United States",US,USUT,,40.7608,-111.891,1454997,20191010203000,Demand,Verbal conflict
878780612,20191010,201910,USA,UNITED STATES,USA,,,,,,,,CHN,CHINA,CHN,,,,,,,,1,100,100,10,3,-5.0,6,3,6,-7.07935843941913,2,"Utah, United States",US,USUT,,40.1135,-111.854,UT,2,"Utah, United States",US,USUT,,40.1135,-111.854,UT,2,"Utah, United States",US,USUT,,40.1135,-111.854,UT,20191010203000,Demand,Verbal conflict
878786925,20191010,201910,USA,UNITED STATES,USA,,,,,,,,CHNGOV,CHINESE,CHN,,,,,GOV,,,1,1721,172,17,4,-5.0,6,1,6,-1.80412371134021,1,China,CH,CH,,35.0,105.0,CH,1,China,CH,CH,,35.0,105.0,CH,1,China,CH,CH,,35.0,105.0,CH,20191010210000,Coerce,Material conflict
878792361,20191010,201910,USA,UNITED STATES,USA,,,,,,,,CHN,CHINA,CHN,,,,,,,,1,163,163,16,4,-8.0,10,1,10,-5.12249443207127,2,"New York, United States",US,USNY,,42.1497,-74.9384,NY,2,"New York, United States",US,USNY,,42.1497,-74.9384,NY,2,"New York, United States",US,USNY,,42.1497,-74.9384,NY,20191010213000,Reduce relations,Material conflict
878792362,20191010,201910,USA,UNITED STATES,USA,,,,,,,,CHN,CANTON,CHN,,,,,,,,1,193,193,19,4,-10.0,8,1,8,-11.1344537815126,3,"El Paso, Texas, United States",US,USTX,TX141,31.7587,-106.487,1380946,3,"El Paso, Texas, United States",US,USTX,,31.7587,-106.487,1380946,3,"El Paso, Texas, United States",US,USTX,,31.7587,-106.487,1380946,20191010213000,Fight,Material conflict
878793609,20191010,201910,CHN,CHINA,CHN,,,,,,,,USABUS,AMERICAN,USA,,,,,BUS,,,1,020,020,02,1,3.0,6,1,6,-1.6260162601626,1,China,CH,CH,,35.0,105.0,CH,3,"Washington, District of Columbia, United States",US,USDC,DC001,38.8951,-77.0364,531871,1,China,CH,CH,,35.0,105.0,CH,20191010214500,Appeal,Verbal cooperation
878793610,20191010,201910,CHN,CHINA,CHN,,,,,,,,USABUS,AMERICAN,USA,,,,,BUS,,,1,020,020,02,1,3.0,6,1,6,-1.6260162601626,1,Germany,GM,GM,,51.5,10.5,GM,1,Germany,GM,GM,,51.5,10.5,GM,1,Germany,GM,GM,,51.5,10.5,GM,20191010214500,Appeal,Verbal cooperation
878794808,20191010,201910,USA,UNITED STATES,USA,,,,,,,,CHN,CHINA,CHN,,,,,,,,1,061,061,06,2,6.4,10,1,10,0.1610305958132,2,"California, United States",US,USCA,,36.17,-119.746,CA,1,China,CH,CH,,35.0,105.0,CH,2,"California, United States",US,USCA,,36.17,-119.746,CA,20191010214500,Engage in material cooperation,Material cooperation
878796040,20191010,201910,CHN,CHINA,CHN,,,,,,,,USA,HAWAII,USA,,,,,,,,1,031,031,03,1,5.2,6,1,6,4.5,1,China,CH,CH,,35.0,105.0,CH,2,"Hawaii, United States",US,USHI,,21.1098,-157.531,HI,2,"Hawaii, United States",US,USHI,,21.1098,-157.531,HI,20191010220000,Express intent to cooperate,Verbal cooperation
878797201,20191010,201910,USA,HAWAII,USA,,,,,,,,CHN,CHINA,CHN,,,,,,,,1,031,031,03,1,5.2,8,1,8,4.5,2,"Hawaii, United States",US,USHI,,21.1098,-157.531,HI,2,"Hawaii, United States",US,USHI,,21.1098,-157.531,HI,2,"Hawaii, United States",US,USHI,,21.1098,-157.531,HI,20191010220000,Express intent to cooperate,Verbal cooperation
878799830,20191010,201910,USAGOV,JOE BIDEN,USA,,,,,GOV,,,CHN,CHINA,CHN,,,,,,,,1,0214,021,02,1,3.4,10,1,10,-2.90502793296089,1,China,CH,CH,,35.0,105.0,CH,1,China,CH,CH,,35.0,105.0,CH,1,China,CH,CH,,35.0,105.0,CH,20191010221500,Appeal,Verbal cooperation
878799831,20191010,201910,USAGOV,JOE BIDEN,USA,,,,,GOV,,,CHN,CHINA,CHN,,,,,,,,1,111,111,11,3,-2.0,8,1,8,-2.90502793296089,1,China,CH,CH,,35.0,105.0,CH,1,China,CH,CH,,35.0,105.0,CH,1,China,CH,CH,,35.0,105.0,CH,20191010221500,Disapprove,Verbal conflict
878805373,20191010,201910,CHN,CHINA,CHN,,,,,,,,MNCUSAMED,GOOGLE,USA,,,,,MNC,MED,,1,172,172,17,4,-5.0,10,1,10,-0.67567567567568,1,China,CH,CH,,35.0,105.0,CH,1,China,CH,CH,,35.0,105.0,CH,1,China,CH,CH,,35.0,105.0,CH,20191010230000,Coerce,Material conflict
878809609,20191010,201910,CHN,CHINA,CHN,,,,,,,,USA,UNITED STATES,USA,,,,,,,,1,141,141,14,3,-6.5,8,1,8,1.79856115107914,4,"Cheng Lu, Zhejiang, China",CH,CH02,13323,30.5554,120.109,11005373,4,"Cheng Lu, Zhejiang, China",CH,CH02,13323,30.5554,120.109,11005373,4,"Cheng Lu, Zhejiang, China",CH,CH02,13323,30.5554,120.109,11005373,20191010233000,Protest,Verbal conflict
878810717,20191010,201910,USA,UNITED STATES,USA,,,,,,,,CHN,CHINA,CHN,,,,,,,,1,046,046,04,1,7.0,6,1,6,1.72413793103448,1,China,CH,CH,,35.0,105.0,CH,3,"Washington, District of Columbia, United States",US,USDC,DC001,38.8951,-77.0364,531871,3,"Washington, District of Columbia, United States",US,USDC,DC001,38.8951,-77.0364,531871,20191010233000,Consult,Verbal cooperation
878814503,20191011,201910,CHN,CHINESE,CHN,,,,,,,,USA,WASHINGTON,USA,,,,,,,,1,040,040,04,1,1.0,10,1,10,-1.12589559877175,1,China,CH,CH,,35.0,105.0,CH,3,"Washington, District of Columbia, United States",US,USDC,DC001,38.8951,-77.0364,531871,3,"White House, District of Columbia, United States",US,USDC,,38.8951,-77.0364,531871,20191011000000,Consult,Verbal cooperation
878814504,20191011,201910,CHN,CANTON,CHN,,,,,,,,USA,UNITED STATES,USA,,,,,,,,1,042,042,04,1,1.9,6,1,6,3.13588850174216,1,China,CH,CH,,35.0,105.0,CH,3,"Norfolk County, Massachusetts, United States",US,USMA,,42.1668,-71.2495,606937,1,China,CH,CH,,35.0,105.0,CH,20191011000000,Consult,Verbal cooperation
878814505,20191011,201910,CHN,CHINA,CHN,,,,,,,,USA,UNITED STATES,USA,,,,,,,,1,084,084,08,2,7.0,8,2,8,-1.27485654480494,4,"Yangtze River, China (general), China",CH,CH00,13243,31.7867,121.141,-1899838,2,"Georgia, United States",US,USGA,,32.9866,-83.6487,GA,2,"Georgia, United States",US,USGA,,32.9866,-83.6487,GA,20191011000000,Yield,Material cooperation
878817048,20191011,201910,USA,WASHINGTON,USA,,,,,,,,CHN,CANTON,CHN,,,,,,,,1,036,036,03,1,4.0,7,1,7,6.63507109004739,3,"Washington, District of Columbia, United States",US,USDC,DC001,38.8951,-77.0364,531871,1,China,CH,CH,,35.0,105.0,CH,1,China,CH,CH,,35.0,105.0,CH,20191011000000,Express intent to cooperate,Verbal cooperation
878817052,20191011,201910,USA,WASHINGTON,USA,,,,,,,,CHN,CHINESE,CHN,,,,,,,,1,040,040,04,1,1.0,11,2,11,-1.40274512571706,3,"Washington, District of Columbia, United States",US,USDC,DC001,38.8951,-77.0364,531871,1,China,CH,CH,,35.0,105.0,CH,3,"White House, District of Columbia, United States",US,USDC,,38.8951,-77.0364,531871,20191011000000,Consult,Verbal cooperation
878817054,20191011,201910,USA,UNITED STATES,USA,,,,,,,,CHN,CANTON,CHN,,,,,,,,1,043,043,04,1,2.8,6,1,6,3.13588850174216,3,"Dedham, Massachusetts, United States",US,USMA,MA021,42.2418,-71.1662,612438,3,"Dedham, Massachusetts, United States",US,USMA,MA021,42.2418,-71.1662,612438,3,"Dedham, Massachusetts, United States",US,USMA,MA021,42.2418,-71.1662,612438,20191011000000,Consult,Verbal cooperation
878818985,20191010,201910,CHN,CHINA,CHN,,,,,,,,USA,UNITED STATES,USA,,,,,,,,1,046,046,04,1,7.0,8,1,8,0.23640661938534,4,"Yangzijiang, China (general), China",CH,CH00,13243,31.7867,121.141,-1899838,1,United States,US,US,,39.828175,-98.5795,US,1,United States,US,US,,39.828175,-98.5795,US,20191011001500,Consult,Verbal cooperation
878818989,20191010,201910,USA,UNITED STATES,USA,,,,,,,,CHN,CHINA,CHN,,,,,,,,1,046,046,04,1,7.0,10,1,10,0.23640661938534,1,Singapore,SN,SN,,1.366667,103.8,SN,1,Singapore,SN,SN,,1.366667,103.8,SN,1,Singapore,SN,SN,,1.366667,103.8,SN,20191011001500,Consult,Verbal cooperation
878819607,20191011,201910,CHN,CHINESE,CHN,,,,,,,,USA,UNITED STATES,USA,,,,,,,,1,040,040,04,1,1.0,9,2,9,-0.971100971100972,4,"Beijing, Beijing, China",CH,CH22,13001,39.9289,116.388,-1898541,3,"White House, District of Columbia, United States",US,USDC,,38.8951,-77.0364,531871,3,"White House, District of Columbia, United States",US,USDC,,38.8951,-77.0364,531871,20191011001500,Consult,Verbal cooperation
878819608,20191011,201910,CHN,CHINESE,CHN,,,,,,,,USA,UNITED STATES,USA,,,,,,,,1,042,042,04,1,1.9,10,1,10,2.16216216216216,1,China,CH,CH,,35.0,105.0,CH,1,China,CH,CH,,35.0,105.0,CH,1,China,CH,CH,,35.0,105.0,CH,20191011001500,Consult,Verbal cooperation
878821455,20191011,201910,USA,UNITED STATES,USA,,,,,,,,CHN,CHINESE,CHN,,,,,,,,1,040,040,04,1,1.0,6,1,6,-0.64935064935065,2,"Maine, United States",US,USME,,44.6074,-69.3977,ME,2,"Maine, United States",US,USME,,44.6074,-69.3977,ME,2,"Maine, United States",US,USME,,44.6074,-69.3977,ME,20191011001500,Consult,Verbal cooperation
878821456,20191011,201910,USA,UNITED STATES,USA,,,,,,,,CHN,CHINESE,CHN,,,,,,,,1,043,043,04,1,2.8,10,1,10,2.16216216216216,3,"White House, District of Columbia, United States",US,USDC,,38.8951,-77.0364,531871,1,China,CH,CH,,35.0,105.0,CH,1,China,CH,CH,,35.0,105.0,CH,20191011001500,Consult,Verbal cooperation
878821458,20191011,201910,USA,WASHINGTON,USA,,,,,,,,CHN,CHINA,CHN,,,,,,,,1,046,046,04,1,7.0,7,1,7,1.74672489082969,3,"Washington, District of Columbia, United States",US,USDC,DC001,38.8951,-77.0364,531871,1,China,CH,CH,,35.0,105.0,CH,1,China,CH,CH,,35.0,105.0,CH,20191011001500,Consult,Verbal cooperation
878821461,20191011,201910,USA,WASHINGTON,USA,,,,,,,,CHNMIL,CHINESE,CHN,,,,,MIL,,,1,012,012,01,1,-0.4,6,1,6,0.73206442166911,3,"Washington, District of Columbia, United States",US,USDC,DC001,38.8951,-77.0364,531871,4,"Beijing, Beijing, China",CH,CH22,13001,39.9289,116.388,-1898541,3,"Washington, District of Columbia, United States",US,USDC,DC001,38.8951,-77.0364,531871,20191011001500,Make public statement,Verbal cooperation
878823807,20191011,201910,CHN,SHANGHAI,CHN,,,,,,,,USA,NEW YORK,USA,,,,,,,,1,040,040,04,1,1.0,6,1,6,0.12674271229404,4,"Shanghai, Shanghai, China",CH,CH23,13243,31.2222,121.458,-1924465,2,"New York, United States",US,USNY,,42.1497,-74.9384,NY,3,"Miami, Florida, United States",US,USFL,FL086,25.7743,-80.1937,295004,20191011003000,Consult,Verbal cooperation
878823809,20191011,201910,CHN,CHINA,CHN,,,,,,,,USA,THE US,USA,,,,,,,,1,046,046,04,1,7.0,10,1,10,0.0,1,Singapore,SN,SN,,1.366667,103.8,SN,1,Singapore,SN,SN,,1.366667,103.8,SN,1,Singapore,SN,SN,,1.366667,103.8,SN,20191011003000,Consult,Verbal cooperation
878825894,20191011,201910,USA,NEW YORK,USA,,,,,,,,CHN,SHANGHAI,CHN,,,,,,,,1,040,040,04,1,1.0,6,1,6,0.12674271229404,2,"New York, United States",US,USNY,,42.1497,-74.9384,NY,4,"Shanghai, Shanghai, China",CH,CH23,13243,31.2222,121.458,-1924465,3,"Miami, Florida, United States",US,USFL,FL086,25.7743,-80.1937,295004,20191011003000,Consult,Verbal cooperation
878825896,20191011,201910,USA,THE US,USA,,,,,,,,CHN,CHINA,CHN,,,,,,,,1,046,046,04,1,7.0,10,1,10,0.0,1,China,CH,CH,,35.0,105.0,CH,1,China,CH,CH,,35.0,105.0,CH,1,China,CH,CH,,35.0,105.0,CH,20191011003000,Consult,Verbal cooperation
878827992,20191011,201910,CHN,CHINA,CHN,,,,,,,,USA,THE US,USA,,,,,,,,1,046,046,04,1,7.0,10,1,10,-1.61290322580645,1,China,CH,CH,,35.0,105.0,CH,1,China,CH,CH,,35.0,105.0,CH,1,China,CH,CH,,35.0,105.0,CH,20191011004500,Consult,Verbal cooperation
878829117,20191011,201910,MNCUSA,COSTCO,USA,,,,,MNC,,,CHN,CHINESE,CHN,,,,,,,,1,057,057,05,1,8.0,8,1,8,4.3046357615894,1,China,CH,CH,,35.0,105.0,CH,1,China,CH,CH,,35.0,105.0,CH,1,Portugal,PO,PO,,39.5,-8.0,PO,20191011004500,Engage in diplomatic cooperation,Verbal cooperation
878829878,20191011,201910,USA,FLORIDA,USA,,,,,,,,CHN,CHINESE,CHN,,,,,,,,1,186,186,18,4,-10.0,8,1,8,-2.06794682422452,2,"Florida, United States",US,USFL,,27.8333,-81.717,FL,1,China,CH,CH,,35.0,105.0,CH,1,China,CH,CH,,35.0,105.0,CH,20191011004500,Assault,Material conflict
878831967,20191011,201910,CHN,CHINESE,CHN,,,,,,,,USA,WASHINGTON,USA,,,,,,,,1,010,010,01,1,0.0,10,1,10,-0.88105726872247,1,New Zealand,NZ,NZ,,-42.0,174.0,NZ,1,New Zealand,NZ,NZ,,-42.0,174.0,NZ,1,New Zealand,NZ,NZ,,-42.0,174.0,NZ,20191011010000,Make public statement,Verbal cooperation
878834546,20191011,201910,CHN,CHINESE,CHN,,,,,,,,USA,WASHINGTON,USA,,,,,,,,1,046,046,04,1,7.0,7,1,7,-1.08695652173913,1,Germany,GM,GM,,51.5,10.5,GM,1,Germany,GM,GM,,51.5,10.5,GM,1,Germany,GM,GM,,51.5,10.5,GM,20191011011500,Consult,Verbal cooperation
878834550,20191011,201910,CHN,CHINA,CHN,,,,,,,,USAMED,REUTERS,USA,,,,,MED,,,1,182,182,18,4,-9.5,10,1,10,-11.864406779661,4,"Wuxi, Jiangsu, China",CH,CH04,13148,31.5772,120.294,-1931162,4,"Wuxi, Jiangsu, China",CH,CH04,13148,31.5772,120.294,-1931162,4,"Wuxi, Jiangsu, China",CH,CH04,13148,31.5772,120.294,-1931162,20191011011500,Assault,Material conflict
878837435,20191011,201910,CHNBUS,CHINESE,CHN,,,,,BUS,,,USA,UNITED STATES,USA,,,,,,,,1,0311,031,03,1,5.2,6,1,6,1.0752688172043,1,China,CH,CH,,35.0,105.0,CH,3,"World Bank, District of Columbia, United States",US,USDC,,38.899,-77.0422,2002658,1,China,CH,CH,,35.0,105.0,CH,20191011013000,Express intent to cooperate,Verbal cooperation
878837437,20191011,201910,CHNBUS,CHINESE,CHN,,,,,BUS,,,USA,UNITED STATES,USA,,,,,,,,1,071,071,07,2,7.4,6,1,6,1.0752688172043,1,China,CH,CH,,35.0,105.0,CH,3,"World Bank, District of Columbia, United States",US,USDC,,38.899,-77.0422,2002658,1,China,CH,CH,,35.0,105.0,CH,20191011013000,Provide aid,Material cooperation
878842901,20191011,201910,USA,THE US,USA,,,,,,,,CHN,CHINESE,CHN,,,,,,,,1,160,160,16,4,-4.0,16,1,8,-5.88235294117647,4,"Xinjiang, Jiangxi, China",CH,CH03,13167,27.7481,116.274,11065838,4,"Xinjiang, Jiangxi, China",CH,CH03,13167,27.7481,116.274,11065838,4,"Xinjiang, Jiangxi, China",CH,CH03,13167,27.7481,116.274,11065838,20191011014500,Reduce relations,Material conflict
878844315,20191011,201910,CHN,CHENGDU,CHN,,,,,,,,USA,LOS ANGELES,USA,,,,,,,,1,042,042,04,1,1.9,10,1,10,4.30622009569378,4,"Sichuan, Gansu, China",CH,CH15,13024,35.1221,105.48,10650455,4,"Sichuan, Gansu, China",CH,CH15,13024,35.1221,105.48,10650455,4,"Sichuan, Gansu, China",CH,CH15,13024,35.1221,105.48,10650455,20191011020000,Consult,Verbal cooperation
878844318,20191011,201910,CHN,CHINESE,CHN,,,,,,,,USAGOV,THE US,USA,,,,,GOV,,,1,036,036,03,1,4.0,10,1,10,-0.9375,4,"Beijing, Beijing, China",CH,CH22,13001,39.9289,116.388,-1898541,4,"Beijing, Beijing, China",CH,CH22,13001,39.9289,116.388,-1898541,4,"Beijing, Beijing, China",CH,CH22,13001,39.9289,116.388,-1898541,20191011020000,Express intent to cooperate,Verbal cooperation
878845389,20191011,201910,USA,AMERICAN,USA,,,,,,,,CHN,CHINA,CHN,,,,,,,,1,012,012,01,1,-0.4,6,1,6,-2.38095238095238,1,China,CH,CH,,35.0,105.0,CH,1,China,CH,CH,,35.0,105.0,CH,1,China,CH,CH,,35.0,105.0,CH,20191011020000,Make public statement,Verbal cooperation
878845560,20191011,201910,USAGOV,THE US,USA,,,,,GOV,,,CHN,CHINESE,CHN,,,,,,,,1,036,036,03,1,4.0,10,1,10,-0.9375,4,"Beijing, Beijing, China",CH,CH22,13001,39.9289,116.388,-1898541,4,"Beijing, Beijing, China",CH,CH22,13001,39.9289,116.388,-1898541,4,"Beijing, Beijing, China",CH,CH22,13001,39.9289,116.388,-1898541,20191011020000,Express intent to cooperate,Verbal cooperation
878846634,20191011,201910,CHN,CHINA,CHN,,,,,,,,USA,UNITED STATES,USA,,,,,,,,1,046,046,04,1,7.0,6,1,6,0.0,1,China,CH,CH,,35.0,105.0,CH,3,"Washington, District of Columbia, United States",US,USDC,DC001,38.8951,-77.0364,531871,1,China,CH,CH,,35.0,105.0,CH,20191011021500,Consult,Verbal cooperation
878847891,20191011,201910,USA,UNITED STATES,USA,,,,,,,,CHN,CHINA,CHN,,,,,,,,1,163,163,16,4,-8.0,10,1,10,-4.31893687707641,2,"New York, United States",US,USNY,,42.1497,-74.9384,NY,2,"New York, United States",US,USNY,,42.1497,-74.9384,NY,2,"New York, United States",US,USNY,,42.1497,-74.9384,NY,20191011021500,Reduce relations,Material conflict
878848464,20191011,201910,CHN,BEIJING,CHN,,,,,,,,USA,WASHINGTON,USA,,,,,,,,1,111,111,11,3,-2.0,6,1,6,-8.41423948220061,4,"Beijing, Beijing, China",CH,CH22,13001,39.9289,116.388,-1898541,3,"Washington, District of Columbia, United States",US,USDC,DC001,38.8951,-77.0364,531871,3,"Washington, District of Columbia, United States",US,USDC,DC001,38.8951,-77.0364,531871,20191011023000,Disapprove,Verbal conflict
878848471,20191011,201910,CHN,CHINESE,CHN,,,,,,,,USAGOVBUS,US TREASURY,USA,,,,,GOV,BUS,,1,040,040,04,1,1.0,6,1,6,0.40322580645161,4,"Beijing, Beijing, China",CH,CH22,13001,39.9289,116.388,-1898541,4,"Beijing, Beijing, China",CH,CH22,13001,39.9289,116.388,-1898541,4,"Beijing, Beijing, China",CH,CH22,13001,39.9289,116.388,-1898541,20191011023000,Consult,Verbal cooperation
878849272,20191011,201910,USA,CALIFORNIA,USA,,,,,,,,CHN,CANTON,CHN,,,,,,,,1,014,014,01,1,0.0,8,1,8,-4.13016270337922,3,"Stanford University, California, United States",US,USCA,CA085,37.4289,-122.17,235365,3,"Stanford University, California, United States",US,USCA,,37.4289,-122.17,235365,3,"Stanford University, California, United States",US,USCA,,37.4289,-122.17,235365,20191011023000,Make public statement,Verbal cooperation
878849275,20191011,201910,USA,WASHINGTON,USA,,,,,,,,CHN,CHINA,CHN,,,,,,,,1,0214,021,02,1,3.4,10,1,10,-0.76433121019108,3,"Washington, District of Columbia, United States",US,USDC,DC001,38.8951,-77.0364,531871,4,"Beijing, Beijing, China",CH,CH22,13001,39.9289,116.388,-1898541,4,"Beijing, Beijing, China",CH,CH22,13001,39.9289,116.388,-1898541,20191011023000,Appeal,Verbal cooperation
878849452,20191011,201910,USAGOV,UNITED STATES,USA,,,,,GOV,,,CHN,CHINA,CHN,,,,,,,,1,111,111,11,3,-2.0,8,4,8,-3.76766202404746,3,"Washington, District of Columbia, United States",US,USDC,DC001,38.8951,-77.0364,531871,3,"Washington, District of Columbia, United States",US,USDC,DC001,38.8951,-77.0364,531871,3,"Washington, District of Columbia, United States",US,USDC,DC001,38.8951,-77.0364,531871,20191011023000,Disapprove,Verbal conflict
878849465,20191011,201910,USAGOVBUS,US TREASURY,USA,,,,,GOV,BUS,,CHN,CHINESE,CHN,,,,,,,,1,040,040,04,1,1.0,6,1,6,0.40322580645161,4,"Beijing, Beijing, China",CH,CH22,13001,39.9289,116.388,-1898541,4,"Beijing, Beijing, China",CH,CH22,13001,39.9289,116.388,-1898541,4,"Beijing, Beijing, China",CH,CH22,13001,39.9289,116.388,-1898541,20191011023000,Consult,Verbal cooperation
878851295,20191011,201910,CHN,CHINESE,CHN,,,,,,,,USA,UNITED STATES,USA,,,,,,,,1,164,164,16,4,-7.0,8,1,8,-0.90225563909774,4,"Xinjiang, Jiangxi, China",CH,CH03,13167,27.7481,116.274,11065838,3,"White House, District of Columbia, United States",US,USDC,,38.8951,-77.0364,531871,4,"Xinjiang, Jiangxi, China",CH,CH03,13167,27.7481,116.274,11065838,20191011024500,Reduce relations,Material conflict
878853664,20191011,201910,CHN,CHINA,CHN,,,,,,,,USA,THE US,USA,,,,,,,,1,057,057,05,1,8.0,10,1,10,0.0,1,China,CH,CH,,35.0,105.0,CH,1,China,CH,CH,,35.0,105.0,CH,1,China,CH,CH,,35.0,105.0,CH,20191011030000,Engage in diplomatic cooperation,Verbal cooperation
878853667,20191011,201910,CHN,CHINA,CHN,,,,,,,,USAGOV,THE US,USA,,,,,GOV,,,1,036,036,03,1,4.0,10,1,10,0.0,1,China,CH,CH,,35.0,105.0,CH,1,China,CH,CH,,35.0,105.0,CH,1,China,CH,CH,,35.0,105.0,CH,20191011030000,Express intent to cooperate,Verbal cooperation
878854586,20191011,201910,USA,THE US,USA,,,,,,,,CHN,CHINA,CHN,,,,,,,,1,036,036,03,1,4.0,10,1,10,0.0,1,China,CH,CH,,35.0,105.0,CH,1,China,CH,CH,,35.0,105.0,CH,1,China,CH,CH,,35.0,105.0,CH,20191011030000,Express intent to cooperate,Verbal cooperation
878854590,20191011,201910,USA,THE US,USA,,,,,,,,CHN,CHINA,CHN,,,,,,,,1,057,057,05,1,8.0,10,1,10,0.0,1,China,CH,CH,,35.0,105.0,CH,1,China,CH,CH,,35.0,105.0,CH,1,China,CH,CH,,35.0,105.0,CH,20191011030000,Engage in diplomatic cooperation,Verbal cooperation
878854591,20191011,201910,USA,THE US,USA,,,,,,,,CHN,CHINESE,CHN,,,,,,,,1,163,163,16,4,-8.0,16,1,16,-5.69105691056911,4,"Xinjiang, Jiangxi, China",CH,CH03,13167,27.7481,116.274,11065838,4,"Xinjiang, Jiangxi, China",CH,CH03,13167,27.7481,116.274,11065838,4,"Xinjiang, Jiangxi, China",CH,CH03,13167,27.7481,116.274,11065838,20191011030000,Reduce relations,Material conflict
878854700,20191011,201910,USAGOV,THE US,USA,,,,,GOV,,,CHN,CHINA,CHN,,,,,,,,1,036,036,03,1,4.0,10,1,10,0.0,1,China,CH,CH,,35.0,105.0,CH,1,China,CH,CH,,35.0,105.0,CH,1,China,CH,CH,,35.0,105.0,CH,20191011030000,Express intent to cooperate,Verbal cooperation
878854703,20191011,201910,USAGOV,US GOVERNMENT,USA,,,,,GOV,,,CHNBUS,CHINESE,CHN,,,,,BUS,,,1,071,071,07,2,7.4,6,1,6,-1.31195335276968,1,China,CH,CH,,35.0,105.0,CH,1,China,CH,CH,,35.0,105.0,CH,1,China,CH,CH,,35.0,105.0,CH,20191011030000,Provide aid,Material cooperation
878855999,20191011,201910,USA,WASHINGTON,USA,,,,,,,,CHN,CHINA,CHN,,,,,,,,1,051,051,05,1,3.4,6,1,6,-4.8979999002444,4,"Beijing, Beijing, China",CH,CH22,13001,39.9289,116.388,-1898541,4,"Beijing, Beijing, China",CH,CH22,13001,39.9289,116.388,-1898541,4,"Beijing, Beijing, China",CH,CH22,13001,39.9289,116.388,-1898541,20191011031500,Engage in diplomatic cooperation,Verbal cooperation
878861537,20191011,201910,CHN,CHINA,CHN,,,,,,,,USAGOV,US AMBASSADOR,USA,,,,,GOV,,,1,013,013,01,1,0.4,6,1,6,0.0,1,China,CH,CH,,35.0,105.0,CH,1,China,CH,CH,,35.0,105.0,CH,1,China,CH,CH,,35.0,105.0,CH,20191011040000,Make public statement,Verbal cooperation
878862076,20191011,201910,MNCUSA,GOLDMAN SACHS,USA,,,,,MNC,,,CHN,CHINA,CHN,,,,,,,,1,0874,087,08,2,10.0,10,1,10,-3.46820809248554,1,China,CH,CH,,35.0,105.0,CH,1,China,CH,CH,,35.0,105.0,CH,1,China,CH,CH,,35.0,105.0,CH,20191011040000,Yield,Material cooperation
878862077,20191011,201910,MNCUSA,GOLDMAN SACHS,USA,,,,,MNC,,,CHN,CHINA,CHN,,,,,,,,1,172,172,17,4,-5.0,10,1,10,-3.46820809248554,1,China,CH,CH,,35.0,105.0,CH,1,China,CH,CH,,35.0,105.0,CH,1,China,CH,CH,,35.0,105.0,CH,20191011040000,Coerce,Material conflict
878868800,20191011,201910,USA,THE US,USA,,,,,,,,CHN,CHINA,CHN,,,,,,,,1,100,100,10,3,-5.0,6,1,6,1.17508813160987,4,"Chennai, Tamil Nadu, India",IN,IN25,70251,13.0833,80.2833,-2103041,4,"Chennai, Tamil Nadu, India",IN,IN25,70251,13.0833,80.2833,-2103041,4,"Chennai, Tamil Nadu, India",IN,IN25,70251,13.0833,80.2833,-2103041,20191011044500,Demand,Verbal conflict
878868802,20191011,201910,USA,THE US,USA,,,,,,,,CHNBUS,CHINA,CHN,,,,,BUS,,,1,020,020,02,1,3.0,10,1,10,0.48309178743961,1,Ireland,EI,EI,,53.0,-8.0,EI,1,Ireland,EI,EI,,53.0,-8.0,EI,1,Ireland,EI,EI,,53.0,-8.0,EI,20191011044500,Appeal,Verbal cooperation
878868931,20191011,201910,USALAB,SAN FRANCISCO,USA,,,,,LAB,,,CHN,SHANGHAI,CHN,,,,,,,,1,071,071,07,2,7.4,10,1,10,0.0,4,"Shanghai, Shanghai, China",CH,CH23,13243,31.2222,121.458,-1924465,4,"Shanghai, Shanghai, China",CH,CH23,13243,31.2222,121.458,-1924465,4,"Shanghai, Shanghai, China",CH,CH23,13243,31.2222,121.458,-1924465,20191011044500,Provide aid,Material cooperation
878869779,20191011,201910,CHN,CHINA,CHN,,,,,,,,MNCUSAMED,GOOGLE,USA,,,,,MNC,MED,,1,172,172,17,4,-5.0,10,1,10,-0.67567567567568,1,China,CH,CH,,35.0,105.0,CH,1,China,CH,CH,,35.0,105.0,CH,1,China,CH,CH,,35.0,105.0,CH,20191011050000,Coerce,Material conflict
878871694,20191011,201910,CHN,CHINA,CHN,,,,,,,,USAMED,REUTERS,USA,,,,,MED,,,1,061,061,06,2,6.4,20,2,20,-3.08626908578093,4,"Beijing, Beijing, China",CH,CH22,13001,39.9289,116.388,-1898541,4,"Beijing, Beijing, China",CH,CH22,13001,39.9289,116.388,-1898541,4,"Beijing, Beijing, China",CH,CH22,13001,39.9289,116.388,-1898541,20191011051500,Engage in material cooperation,Material cooperation
878875450,20191011,201910,USAGOV,US AMBASSADOR,USA,,,,,GOV,,,CHN,CHINA,CHN,,,,,,,,1,010,010,01,1,0.0,10,1,10,-0.86455331412104,1,China,CH,CH,,35.0,105.0,CH,1,China,CH,CH,,35.0,105.0,CH,1,China,CH,CH,,35.0,105.0,CH,20191011053000,Make public statement,Verbal cooperation
878880554,20191011,201910,CHN,CHINESE,CHN,,,,,,,,USA,WASHINGTON,USA,,,,,,,,1,036,036,03,1,4.0,7,1,7,-0.14619883040935,3,"Boston, Massachusetts, United States",US,USMA,MA025,42.3584,-71.0598,617565,3,"Boston, Massachusetts, United States",US,USMA,MA025,42.3584,-71.0598,617565,3,"Boston, Massachusetts, United States",US,USMA,MA025,42.3584,-71.0598,617565,20191011061500,Express intent to cooperate,Verbal cooperation
878881670,20191011,201910,USA,ATLANTA,USA,,,,,,,,CHN,CHINA,CHN,,,,,,,,1,173,173,17,4,-5.0,10,1,10,-4.42804428044281,3,"Atlanta, Georgia, United States",US,USGA,GA121,33.749,-84.388,351615,3,"Atlanta, Georgia, United States",US,USGA,GA121,33.749,-84.388,351615,3,"Atlanta, Georgia, United States",US,USGA,GA121,33.749,-84.388,351615,20191011061500,Coerce,Material conflict
878886685,20191011,201910,CHN,CHINESE,CHN,,,,,,,,USA,WASHINGTON,USA,,,,,,,,1,036,036,03,1,4.0,20,2,20,0.56925996204933,1,Australia,AS,AS,,-25.0,135.0,AS,1,Australia,AS,AS,,-25.0,135.0,AS,1,Australia,AS,AS,,-25.0,135.0,AS,20191011064500,Express intent to cooperate,Verbal cooperation
878887780,20191011,201910,USA,WASHINGTON,USA,,,,,,,,CHN,CHINESE,CHN,,,,,,,,1,036,036,03,1,4.0,16,2,16,0.56925996204933,2,"Washington, United States",US,USWA,,47.3917,-121.571,WA,1,China,CH,CH,,35.0,105.0,CH,1,China,CH,CH,,35.0,105.0,CH,20191011064500,Express intent to cooperate,Verbal cooperation
878901630,20191011,201910,CHN,CHINA,CHN,,,,,,,,USA,UNITED STATES,USA,,,,,,,,1,043,043,04,1,2.8,8,1,8,-0.52155771905424,1,China,CH,CH,,35.0,105.0,CH,2,"Hawaii, United States",US,USHI,,21.1098,-157.531,HI,2,"Hawaii, United States",US,USHI,,21.1098,-157.531,HI,20191011081500,Consult,Verbal cooperation
878901631,20191011,201910,CHN,CHINA,CHN,,,,,,,,USA,UNITED STATES,USA,,,,,,,,1,110,110,11,3,-2.0,6,1,6,-0.52155771905424,1,China,CH,CH,,35.0,105.0,CH,2,"Hawaii, United States",US,USHI,,21.1098,-157.531,HI,1,Russia,RS,RS,,60.0,100.0,RS,20191011081500,Disapprove,Verbal conflict
878902705,20191011,201910,USA,UNITED STATES,USA,,,,,,,,CHN,CHINA,CHN,,,,,,,,1,020,020,02,1,3.0,6,1,6,-0.52155771905424,2,"Hawaii, United States",US,USHI,,21.1098,-157.531,HI,1,China,CH,CH,,35.0,105.0,CH,1,China,CH,CH,,35.0,105.0,CH,20191011081500,Appeal,Verbal cooperation
878902875,20181011,201810,USA,AMERICAN,USA,,,,,,,,CHN,CHINA,CHN,,,,,,,,1,014,014,01,1,0.0,8,1,8,0.23696682464455,1,United States,US,US,,39.828175,-98.5795,US,1,China,CH,CH,,35.0,105.0,CH,1,China,CH,CH,,35.0,105.0,CH,20191011083000,Make public statement,Verbal cooperation
878905902,20191011,201910,USA,THE US,USA,,,,,,,,CHN,CHINA,CHN,,,,,,,,1,010,010,01,1,0.0,6,1,6,0.23696682464455,1,Hong Kong,HK,HK,,22.25,114.166667,HK,1,Netherlands,NL,NL,,52.5,5.75,NL,1,Hong Kong,HK,HK,,22.25,114.166667,HK,20191011083000,Make public statement,Verbal cooperation
878905904,20191011,201910,USA,AMERICAN,USA,,,,,,,,CHN,CHINA,CHN,,,,,,,,1,012,012,01,1,-0.4,8,1,8,-3.09155766944115,1,United States,US,US,,39.828175,-98.5795,US,1,China,CH,CH,,35.0,105.0,CH,1,China,CH,CH,,35.0,105.0,CH,20191011083000,Make public statement,Verbal cooperation
878910348,20191011,201910,CHN,CHINESE,CHN,,,,,,,,USA,UNITED STATES,USA,,,,,,,,1,042,042,04,1,1.9,8,1,8,1.95822454308094,1,China,CH,CH,,35.0,105.0,CH,3,"Winder Building, District of Columbia, United States",US,USDC,,38.8976,-77.0397,531505,1,China,CH,CH,,35.0,105.0,CH,20191011090000,Consult,Verbal cooperation
878911430,20191011,201910,USA,UNITED STATES,USA,,,,,,,,CHN,CHINESE,CHN,,,,,,,,1,043,043,04,1,2.8,18,1,10,1.95822454308094,3,"Winder Building, District of Columbia, United States",US,USDC,DC001,38.8976,-77.0397,531505,1,China,CH,CH,,35.0,105.0,CH,1,China,CH,CH,,35.0,105.0,CH,20191011090000,Consult,Verbal cooperation
878918143,20191011,201910,USAGOV,THE US,USA,,,,,GOV,,,CHN,CHINESE,CHN,,,,,,,,1,160,160,16,4,-4.0,10,1,10,-4.05405405405406,4,"Xinjiang, Jiangxi, China",CH,CH03,13167,27.7481,116.274,11065838,4,"Xinjiang, Jiangxi, China",CH,CH03,13167,27.7481,116.274,11065838,4,"Xinjiang, Jiangxi, China",CH,CH03,13167,27.7481,116.274,11065838,20191011093000,Reduce relations,Material conflict
878931352,20191011,201910,CHN,CHINA,CHN,,,,,,,,MNCUSA,BOEING,USA,,,,,MNC,,,1,043,043,04,1,2.8,20,1,10,-2.78293135435992,4,"Shanghai, Shanghai, China",CH,CH23,13243,31.2222,121.458,-1924465,4,"Shanghai, Shanghai, China",CH,CH23,13243,31.2222,121.458,-1924465,4,"Shanghai, Shanghai, China",CH,CH23,13243,31.2222,121.458,-1924465,20191011104500,Consult,Verbal cooperation
878931355,20191011,201910,CHN,CHINA,CHN,,,,,,,,USA,WASHINGTON,USA,,,,,,,,1,0311,031,03,1,5.2,10,1,10,1.7094017094017,1,China,CH,CH,,35.0,105.0,CH,3,"Washington, District of Columbia, United States",US,USDC,DC001,38.8951,-77.0364,531871,1,China,CH,CH,,35.0,105.0,CH,20191011104500,Express intent to cooperate,Verbal cooperation
878932222,20191011,201910,MNCUSA,BOEING,USA,,,,,MNC,,,CHN,CHINA,CHN,,,,,,,,1,042,042,04,1,1.9,20,1,10,-2.78293135435992,4,"Shanghai, Shanghai, China",CH,CH23,13243,31.2222,121.458,-1924465,4,"Shanghai, Shanghai, China",CH,CH23,13243,31.2222,121.458,-1924465,4,"Shanghai, Shanghai, China",CH,CH23,13243,31.2222,121.458,-1924465,20191011104500,Consult,Verbal cooperation
878932576,20191011,201910,USA,WASHINGTON,USA,,,,,,,,CHN,CHINA,CHN,,,,,,,,1,0311,031,03,1,5.2,10,1,10,1.7094017094017,1,China,CH,CH,,35.0,105.0,CH,1,China,CH,CH,,35.0,105.0,CH,1,China,CH,CH,,35.0,105.0,CH,20191011104500,Express intent to cooperate,Verbal cooperation
878941776,20191011,201910,CHN,BEIJING,CHN,,,,,,,,USA,AMERICAN,USA,,,,,,,,1,112,112,11,3,-2.0,6,1,6,-8.18897637795278,4,"Beijing, Beijing, China",CH,CH22,13001,39.9289,116.388,-1898541,1,United States,US,US,,39.828175,-98.5795,US,4,"Beijing, Beijing, China",CH,CH22,13001,39.9289,116.388,-1898541,20191011113000,Disapprove,Verbal conflict
878950154,20191011,201910,CHN,CHINESE,CHN,,,,,,,,USAGOV,THE US,USA,,,,,GOV,,,1,030,030,03,1,4.0,10,1,10,0.54644808743169,1,China,CH,CH,,35.0,105.0,CH,1,China,CH,CH,,35.0,105.0,CH,1,China,CH,CH,,35.0,105.0,CH,20191011121500,Express intent to cooperate,Verbal cooperation
878951442,20191011,201910,USAGOV,THE US,USA,,,,,GOV,,,CHN,CHINESE,CHN,,,,,,,,1,030,030,03,1,4.0,10,1,10,0.54644808743169,1,China,CH,CH,,35.0,105.0,CH,1,China,CH,CH,,35.0,105.0,CH,1,China,CH,CH,,35.0,105.0,CH,20191011121500,Express intent to cooperate,Verbal cooperation
878954557,20191011,201910,USABUS,UNITED STATES,USA,,,,,BUS,,,CHN,CHINA,CHN,,,,,,,,1,013,013,01,1,0.4,8,1,8,-4.83221476510067,1,Ukraine,UP,UP,,49.0,32.0,UP,1,Ukraine,UP,UP,,49.0,32.0,UP,1,Ukraine,UP,UP,,49.0,32.0,UP,20191011123000,Make public statement,Verbal cooperation
878967738,20191011,201910,CHN,CHINA,CHN,,,,,,,,USA,UNITED STATES,USA,,,,,,,,1,051,051,05,1,3.4,10,2,10,1.65616291142238,2,"Oregon, United States",US,USOR,,44.5672,-122.127,OR,2,"Oregon, United States",US,USOR,,44.5672,-122.127,OR,2,"Oregon, United States",US,USOR,,44.5672,-122.127,OR,20191011133000,Engage in diplomatic cooperation,Verbal cooperation
878967739,20191011,201910,CHN,CHINA,CHN,,,,,,,,USA,UNITED STATES,USA,,,,,,,,1,061,061,06,2,6.4,8,1,8,0.94228504122497,1,China,CH,CH,,35.0,105.0,CH,2,"Hawaii, United States",US,USHI,,21.1098,-157.531,HI,1,China,CH,CH,,35.0,105.0,CH,20191011133000,Engage in material cooperation,Material cooperation
878976531,20191011,201910,USA,AUSTIN,USA,,,,,,,,CHN,CHINA,CHN,,,,,,,,1,043,043,04,1,2.8,10,1,10,2.40577385725741,2,"Texas, United States",US,USTX,,31.106,-97.6475,TX,1,China,CH,CH,,35.0,105.0,CH,2,"Texas, United States",US,USTX,,31.106,-97.6475,TX,20191011140000,Consult,Verbal cooperation
878978404,20191011,201910,CHN,CHINA,CHN,,,,,,,,USA,UNITED STATES,USA,,,,,,,,1,010,010,01,1,0.0,6,1,6,-1.63398692810457,2,"New York, United States",US,USNY,,42.1497,-74.9384,NY,2,"New York, United States",US,USNY,,42.1497,-74.9384,NY,2,"New York, United States",US,USNY,,42.1497,-74.9384,NY,20191011141500,Make public statement,Verbal cooperation
878978411,20191011,201910,CHN,CHINA,CHN,,,,,,,,USA,U. S.,USA,,,,,,,,1,046,046,04,1,7.0,6,1,6,-1.47679324894515,4,"Beijing, Beijing, China",CH,CH22,13001,39.9289,116.388,-1898541,4,"Beijing, Beijing, China",CH,CH22,13001,39.9289,116.388,-1898541,3,"Washington, District of Columbia, United States",US,USDC,DC001,38.8951,-77.0364,531871,20191011141500,Consult,Verbal cooperation
878979660,20191011,201910,USA,U. S.,USA,,,,,,,,CHN,CHINA,CHN,,,,,,,,1,046,046,04,1,7.0,10,1,10,-1.47679324894515,1,Mexico,MX,MX,,23.0,-102.0,MX,1,Mexico,MX,MX,,23.0,-102.0,MX,1,Mexico,MX,MX,,23.0,-102.0,MX,20191011141500,Consult,Verbal cooperation
878984999,20191011,201910,USA,MISSISSIPPI,USA,,,,,,,,CHN,CHINESE,CHN,,,,,,,,1,172,172,17,4,-5.0,6,1,6,-0.8130081300813,1,China,CH,CH,,35.0,105.0,CH,1,China,CH,CH,,35.0,105.0,CH,1,China,CH,CH,,35.0,105.0,CH,20191011144500,Coerce,Material conflict
878987684,20191011,201910,CHN,CHINA,CHN,,,,,,,,USAGOVBUS,US TREASURY,USA,,,,,GOV,BUS,,1,040,040,04,1,1.0,8,1,8,3.10786106032907,1,United Kingdom,UK,UK,,54.0,-4.0,UK,1,United Kingdom,UK,UK,,54.0,-4.0,UK,1,United Kingdom,UK,UK,,54.0,-4.0,UK,20191011150000,Consult,Verbal cooperation
879001608,20191011,201910,USA,UNITED STATES,USA,,,,,,,,CHN,CHINA,CHN,,,,,,,,1,018,018,01,1,3.4,8,1,8,-1.14167099117799,3,"Washington, District of Columbia, United States",US,USDC,DC001,38.8951,-77.0364,531871,4,"Beijing, Beijing, China",CH,CH22,13001,39.9289,116.388,-1898541,3,"Washington, District of Columbia, United States",US,USDC,DC001,38.8951,-77.0364,531871,20191011160000,Make public statement,Verbal cooperation
879008054,20191011,201910,USA,AMERICAN,USA,,,,,,,,CHN,CHINESE,CHN,,,,,,,,1,071,071,07,2,7.4,8,1,8,0.0,1,United States,US,US,,39.828175,-98.5795,US,1,China,CH,CH,,35.0,105.0,CH,1,China,CH,CH,,35.0,105.0,CH,20191011163000,Provide aid,Material cooperation
879009868,20191011,201910,CHN,CHINA,CHN,,,,,,,,USA,THE US,USA,,,,,,,,1,044,044,04,1,2.5,8,1,8,0.28288543140029,4,"Renmin, Liaoning, China",CH,CH19,13182,40.7703,123.792,11215357,4,"Renmin, Liaoning, China",CH,CH19,13182,40.7703,123.792,11215357,4,"Renmin, Liaoning, China",CH,CH19,13182,40.7703,123.792,11215357,20191011164500,Consult,Verbal cooperation
879009875,20191011,201910,CHN,CHINESE,CHN,,,,,,,,USAMED,REUTERS,USA,,,,,MED,,,1,010,010,01,1,0.0,6,1,6,-0.806451612903224,4,"Beijing, Beijing, China",CH,CH22,13001,39.9289,116.388,-1898541,4,"Beijing, Beijing, China",CH,CH22,13001,39.9289,116.388,-1898541,4,"Beijing, Beijing, China",CH,CH22,13001,39.9289,116.388,-1898541,20191011164500,Make public statement,Verbal cooperation
879011311,20191011,201910,USA,THE US,USA,,,,,,,,CHN,CHINA,CHN,,,,,,,,1,044,044,04,1,2.5,8,1,8,0.28288543140029,4,"Renmin, Liaoning, China",CH,CH19,13182,40.7703,123.792,11215357,4,"Renmin, Liaoning, China",CH,CH19,13182,40.7703,123.792,11215357,4,"Renmin, Liaoning, China",CH,CH19,13182,40.7703,123.792,11215357,20191011164500,Consult,Verbal cooperation
879012067,20191011,201910,CHN,CHINA,CHN,,,,,,,,USA,WASHINGTON,USA,,,,,,,,1,042,042,04,1,1.9,10,1,10,-0.680272108843533,4,"Beijing, Beijing, China",CH,CH22,13001,39.9289,116.388,-1898541,4,"Beijing, Beijing, China",CH,CH22,13001,39.9289,116.388,-1898541,4,"Beijing, Beijing, China",CH,CH22,13001,39.9289,116.388,-1898541,20191011170000,Consult,Verbal cooperation
879030629,20191011,201910,USA,THE US,USA,,,,,,,,CHN,CHINA,CHN,,,,,,,,1,060,060,06,2,6.0,10,1,10,-3.3457249070632,1,China,CH,CH,,35.0,105.0,CH,1,China,CH,CH,,35.0,105.0,CH,1,China,CH,CH,,35.0,105.0,CH,20191011181500,Engage in material cooperation,Material cooperation
879039245,20191011,201910,USA,AMERICAN,USA,,,,,,,,CHN,CHINESE,CHN,,,,,,,,1,020,020,02,1,3.0,6,1,6,-2.76872964169381,3,"South China, Maine, United States",US,USME,ME011,44.3956,-69.5712,575830,3,"South China, Maine, United States",US,USME,,44.3956,-69.5712,575830,3,"South China, Maine, United States",US,USME,,44.3956,-69.5712,575830,20191011190000,Appeal,Verbal cooperation
879040910,20191011,201910,CHN,CHINA,CHN,,,,,,,,USA,THE US,USA,,,,,,,,1,0311,031,03,1,5.2,30,1,20,-4.37410167869657,1,China,CH,CH,,35.0,105.0,CH,1,China,CH,CH,,35.0,105.0,CH,1,China,CH,CH,,35.0,105.0,CH,20191011191500,Express intent to cooperate,Verbal cooperation
879040917,20191011,201910,CHN,CANTON,CHN,,,,,,,,USA,OHIO,USA,,,,,,,,1,190,190,19,4,-10.0,6,1,6,-7.93650793650793,1,China,CH,CH,,35.0,105.0,CH,2,"Ohio, United States",US,USOH,,40.3736,-82.7755,OH,1,China,CH,CH,,35.0,105.0,CH,20191011191500,Fight,Material conflict
879047564,20191011,201910,USA,WASHINGTON,USA,,,,,,,,CHN,CHINESE,CHN,,,,,,,,1,026,026,02,1,4.0,8,1,8,-0.9375,3,"Washington, District of Columbia, United States",US,USDC,DC001,38.8951,-77.0364,531871,4,"Beijing, Beijing, China",CH,CH22,13001,39.9289,116.388,-1898541,4,"Beijing, Beijing, China",CH,CH22,13001,39.9289,116.388,-1898541,20191011194500,Appeal,Verbal cooperation
879049581,20191011,201910,USA,UNITED STATES,USA,,,,,,,,CHN,CHINA,CHN,,,,,,,,1,163,163,16,4,-8.0,10,1,10,-4.32692307692307,1,Hong Kong,HK,HK,,22.25,114.166667,HK,1,Hong Kong,HK,HK,,22.25,114.166667,HK,1,Hong Kong,HK,HK,,22.25,114.166667,HK,20191011200000,Reduce relations,Material conflict
879053498,20190911,201909,CHN,CHINA,CHN,,,,,,,,USA,THE US,USA,,,,,,,,1,057,057,05,1,8.0,6,1,6,2.15827338129496,1,China,CH,CH,,35.0,105.0,CH,1,China,CH,CH,,35.0,105.0,CH,1,China,CH,CH,,35.0,105.0,CH,20191011203000,Engage in diplomatic cooperation,Verbal cooperation
879053509,20190911,201909,USA,THE US,USA,,,,,,,,CHN,CHINA,CHN,,,,,,,,1,057,057,05,1,8.0,6,1,6,2.15827338129496,1,China,CH,CH,,35.0,105.0,CH,1,China,CH,CH,,35.0,105.0,CH,1,China,CH,CH,,35.0,105.0,CH,20191011203000,Engage in diplomatic cooperation,Verbal cooperation
879058773,20191011,201910,CHNGOV,CHINA,CHN,,,,,GOV,,,USA,UNITED STATES,USA,,,,,,,,1,0871,087,08,2,9.0,6,6,6,-0.602284517461787,4,"Beijing, Beijing, China",CH,CH22,13001,39.9289,116.388,-1898541,3,"White House, District of Columbia, United States",US,USDC,,38.8951,-77.0364,531871,4,"Beijing, Beijing, China",CH,CH22,13001,39.9289,116.388,-1898541,20191011210000,Yield,Material cooperation
879059850,20191011,201910,USA,UNITED STATES,USA,,,,,,,,CHN,CHINA,CHN,,,,,,,,1,163,163,16,4,-8.0,6,6,6,-0.602284517461787,3,"Washington, District of Columbia, United States",US,USDC,DC001,38.8951,-77.0364,531871,4,"Beijing, Beijing, China",CH,CH22,13001,39.9289,116.388,-1898541,4,"Beijing, Beijing, China",CH,CH22,13001,39.9289,116.388,-1898541,20191011210000,Reduce relations,Material conflict
879060044,20191011,201910,USAGOV,THE WHITE HOUSE,USA,,,,,GOV,,,CHN,CHINA,CHN,,,,,,,,1,013,013,01,1,0.4,20,4,20,-0.644022967566073,4,"Beijing, Beijing, China",CH,CH22,13001,39.9289,116.388,-1898541,4,"Beijing, Beijing, China",CH,CH22,13001,39.9289,116.388,-1898541,4,"Beijing, Beijing, China",CH,CH22,13001,39.9289,116.388,-1898541,20191011210000,Make public statement,Verbal cooperation
879060045,20191011,201910,USAGOV,THE WHITE HOUSE,USA,,,,,GOV,,,CHN,CHINA,CHN,,,,,,,,1,013,013,01,1,0.4,10,2,10,-0.518807617253215,3,"White House, District of Columbia, United States",US,USDC,,38.8951,-77.0364,531871,4,"Beijing, Beijing, China",CH,CH22,13001,39.9289,116.388,-1898541,3,"White House, District of Columbia, United States",US,USDC,,38.8951,-77.0364,531871,20191011210000,Make public statement,Verbal cooperation
879068433,20191011,201910,CHN,CHINA,CHN,,,,,,,,USA,UNITED STATES,USA,,,,,,,,1,0356,035,03,1,7.0,8,1,8,-2.16450216450216,1,China,CH,CH,,35.0,105.0,CH,1,United States,US,US,,39.828175,-98.5795,US,1,China,CH,CH,,35.0,105.0,CH,20191011220000,Express intent to cooperate,Verbal cooperation
879069604,20191011,201910,USA,UNITED STATES,USA,,,,,,,,CHN,CHINA,CHN,,,,,,,,1,0356,035,03,1,7.0,8,1,8,-2.16450216450216,1,United States,US,US,,39.828175,-98.5795,US,1,China,CH,CH,,35.0,105.0,CH,1,China,CH,CH,,35.0,105.0,CH,20191011220000,Express intent to cooperate,Verbal cooperation
879074857,20191011,201910,CHN,CANTON,CHN,,,,,,,,USA,UNITED STATES,USA,,,,,,,,1,036,036,03,1,4.0,8,1,8,2.45098039215686,3,"Eagle Point, Iowa, United States",US,USIA,IA061,42.5347,-90.6446,464528,3,"Eagle Point, Iowa, United States",US,USIA,,42.5347,-90.6446,464528,3,"Eagle Point, Iowa, United States",US,USIA,,42.5347,-90.6446,464528,20191011224500,Express intent to cooperate,Verbal cooperation
879075969,20191011,201910,USA,UNITED STATES,USA,,,,,,,,CHN,CANTON,CHN,,,,,,,,1,036,036,03,1,4.0,8,1,8,2.45098039215686,3,"Eagle Point, Iowa, United States",US,USIA,IA061,42.5347,-90.6446,464528,3,"Eagle Point, Iowa, United States",US,USIA,,42.5347,-90.6446,464528,3,"Eagle Point, Iowa, United States",US,USIA,,42.5347,-90.6446,464528,20191011224500,Express intent to cooperate,Verbal cooperation
879075971,20191011,201910,USA,UNITED STATES,USA,,,,,,,,CHN,CHINA,CHN,,,,,,,,1,163,163,16,4,-8.0,8,1,8,-2.8322440087146,1,Hong Kong,HK,HK,,22.25,114.166667,HK,1,Iraq,IZ,IZ,,33.0,44.0,IZ,1,Hong Kong,HK,HK,,22.25,114.166667,HK,20191011224500,Reduce relations,Material conflict
879078240,20191011,201910,USAGOVBUS,US TREASURY,USA,,,,,GOV,BUS,,CHN,CHINESE,CHN,,,,,,,,1,019,019,01,1,3.4,6,1,6,-0.22026431718061,4,"Beijing, Beijing, China",CH,CH22,13001,39.9289,116.388,-1898541,4,"Beijing, Beijing, China",CH,CH22,13001,39.9289,116.388,-1898541,4,"Beijing, Beijing, China",CH,CH22,13001,39.9289,116.388,-1898541,20191011230000,Make public statement,Verbal cooperation
879078241,20191011,201910,USAGOVBUS,US TREASURY,USA,,,,,GOV,BUS,,CHN,CHINESE,CHN,,,,,,,,1,030,030,03,1,4.0,10,1,10,-0.22026431718061,4,"Beijing, Beijing, China",CH,CH22,13001,39.9289,116.388,-1898541,4,"Beijing, Beijing, China",CH,CH22,13001,39.9289,116.388,-1898541,4,"Beijing, Beijing, China",CH,CH22,13001,39.9289,116.388,-1898541,20191011230000,Express intent to cooperate,Verbal cooperation
879079096,20191011,201910,CHN,CHINESE,CHN,,,,,,,,USA,AMERICAN,USA,,,,,,,,1,036,036,03,1,4.0,6,1,6,2.10526315789474,4,"Zhong Shan, Anhui, China",CH,CH01,12997,30.8938,118.769,10997260,3,"White House, District of Columbia, United States",US,USDC,,38.8951,-77.0364,531871,1,Chile,CI,CI,,-30.0,-71.0,CI,20191011231500,Express intent to cooperate,Verbal cooperation
879079862,20191011,201910,USA,AMERICAN,USA,,,,,,,,CHN,CHINESE,CHN,,,,,,,,1,036,036,03,1,4.0,6,1,6,2.10526315789474,3,"White House, District of Columbia, United States",US,USDC,,38.8951,-77.0364,531871,4,"Zhong Shan, Anhui, China",CH,CH01,12997,30.8938,118.769,10997260,1,Chile,CI,CI,,-30.0,-71.0,CI,20191011231500,Express intent to cooperate,Verbal cooperation
879079864,20191011,201910,USA,UNITED STATES,USA,,,,,,,,CHN,CHINA,CHN,,,,,,,,1,0871,087,08,2,9.0,8,1,8,0.2132196162047,4,"Beijing, Beijing, China",CH,CH22,13001,39.9289,116.388,-1898541,4,"Beijing, Beijing, China",CH,CH22,13001,39.9289,116.388,-1898541,4,"Beijing, Beijing, China",CH,CH22,13001,39.9289,116.388,-1898541,20191011231500,Yield,Material cooperation
879083615,20191011,201910,USA,NEW YORK,USA,,,,,,,,CHN,CHINESE,CHN,,,,,,,,1,010,010,01,1,0.0,8,1,8,2.73972602739726,2,"New York, United States",US,USNY,,42.1497,-74.9384,NY,4,"Sichuan, Gansu, China",CH,CH15,13024,35.1221,105.48,10650455,4,"Sichuan, Gansu, China",CH,CH15,13024,35.1221,105.48,10650455,20191011234500,Make public statement,Verbal cooperation
879085026,20191012,201910,CHN,CHINA,CHN,,,,,,,,USA,UNITED STATES,USA,,,,,,,,1,0356,035,03,1,7.0,8,1,8,-2.16450216450216,1,China,CH,CH,,35.0,105.0,CH,1,United States,US,US,,39.828175,-98.5795,US,1,China,CH,CH,,35.0,105.0,CH,20191012000000,Express intent to cooperate,Verbal cooperation
879085029,20191012,201910,CHN,CHINESE,CHN,,,,,,,,USA,WASHINGTON,USA,,,,,,,,1,040,040,04,1,1.0,10,1,10,-1.73913043478261,1,China,CH,CH,,35.0,105.0,CH,3,"Washington, District of Columbia, United States",US,USDC,DC001,38.8951,-77.0364,531871,3,"Washington, District of Columbia, United States",US,USDC,DC001,38.8951,-77.0364,531871,20191012000000,Consult,Verbal cooperation
879087299,20191012,201910,USA,UNITED STATES,USA,,,,,,,,CHN,CHINA,CHN,,,,,,,,1,030,030,03,1,4.0,10,1,10,-2.16450216450216,1,China,CH,CH,,35.0,105.0,CH,1,China,CH,CH,,35.0,105.0,CH,1,China,CH,CH,,35.0,105.0,CH,20191012000000,Express intent to cooperate,Verbal cooperation
879087300,20191012,201910,USA,UNITED STATES,USA,,,,,,,,CHN,CHINA,CHN,,,,,,,,1,0356,035,03,1,7.0,8,1,8,-2.16450216450216,1,United States,US,US,,39.828175,-98.5795,US,1,China,CH,CH,,35.0,105.0,CH,1,China,CH,CH,,35.0,105.0,CH,20191012000000,Express intent to cooperate,Verbal cooperation
879087303,20191012,201910,USA,WASHINGTON,USA,,,,,,,,CHN,CHINESE,CHN,,,,,,,,1,040,040,04,1,1.0,10,1,10,-1.73913043478261,3,"Washington, District of Columbia, United States",US,USDC,DC001,38.8951,-77.0364,531871,1,China,CH,CH,,35.0,105.0,CH,3,"Washington, District of Columbia, United States",US,USDC,DC001,38.8951,-77.0364,531871,20191012000000,Consult,Verbal cooperation
879093016,20191012,201910,CHN,CHINESE,CHN,,,,,,,,USA,WASHINGTON,USA,,,,,,,,1,046,046,04,1,7.0,10,1,10,-0.56818181818182,3,"Washington, District of Columbia, United States",US,USDC,DC001,38.8951,-77.0364,531871,3,"Washington, District of Columbia, United States",US,USDC,DC001,38.8951,-77.0364,531871,3,"Washington, District of Columbia, United States",US,USDC,DC001,38.8951,-77.0364,531871,20191012003000,Consult,Verbal cooperation
879095229,20191012,201910,USA,WASHINGTON,USA,,,,,,,,CHN,CHINESE,CHN,,,,,,,,1,046,046,04,1,7.0,10,1,10,-0.56818181818182,3,"Washington, District of Columbia, United States",US,USDC,DC001,38.8951,-77.0364,531871,3,"Washington, District of Columbia, United States",US,USDC,DC001,38.8951,-77.0364,531871,3,"Washington, District of Columbia, United States",US,USDC,DC001,38.8951,-77.0364,531871,20191012003000,Consult,Verbal cooperation
879098538,20191012,201910,USA,UNITED STATES,USA,,,,,,,,CHN,CHINA,CHN,,,,,,,,1,163,163,16,4,-8.0,16,1,16,-3.0241935483871,1,Hong Kong,HK,HK,,22.25,114.166667,HK,1,Iraq,IZ,IZ,,33.0,44.0,IZ,1,Hong Kong,HK,HK,,22.25,114.166667,HK,20191012004500,Reduce relations,Material conflict
879098873,20191012,201910,USAGOVBUS,US TREASURY,USA,,,,,GOV,BUS,,CHN,CHINESE,CHN,,,,,,,,1,019,019,01,1,3.4,6,1,6,-0.22026431718061,4,"Beijing, Beijing, China",CH,CH22,13001,39.9289,116.388,-1898541,4,"Beijing, Beijing, China",CH,CH22,13001,39.9289,116.388,-1898541,4,"Beijing, Beijing, China",CH,CH22,13001,39.9289,116.388,-1898541,20191012004500,Make public statement,Verbal cooperation
879098874,20191012,201910,USAGOVBUS,US TREASURY,USA,,,,,GOV,BUS,,CHN,CHINESE,CHN,,,,,,,,1,030,030,03,1,4.0,10,1,10,-0.22026431718061,4,"Beijing, Beijing, China",CH,CH22,13001,39.9289,116.388,-1898541,4,"Beijing, Beijing, China",CH,CH22,13001,39.9289,116.388,-1898541,4,"Beijing, Beijing, China",CH,CH22,13001,39.9289,116.388,-1898541,20191012004500,Express intent to cooperate,Verbal cooperation
879102997,20191012,201910,CHN,CHINA,CHN,,,,,,,,USAGOV,US AMBASSADOR,USA,,,,,GOV,,,1,013,013,01,1,0.4,6,1,6,0.0,1,China,CH,CH,,35.0,105.0,CH,1,China,CH,CH,,35.0,105.0,CH,1,China,CH,CH,,35.0,105.0,CH,20191012011500,Make public statement,Verbal cooperation
879104250,20191012,201910,USA,UNITED STATES,USA,,,,,,,,CHN,CHINESE,CHN,,,,,,,,1,030,030,03,1,4.0,8,2,8,0.530988421633005,3,"White House, District of Columbia, United States",US,USDC,,38.8951,-77.0364,531871,4,"Beijing, Beijing, China",CH,CH22,13001,39.9289,116.388,-1898541,4,"Beijing, Beijing, China",CH,CH22,13001,39.9289,116.388,-1898541,20191012011500,Express intent to cooperate,Verbal cooperation
879112096,20191012,201910,CHN,CHINESE,CHN,,,,,,,,USA,WASHINGTON,USA,,,,,,,,1,040,040,04,1,1.0,8,1,8,-1.01351351351352,4,"Beijing, Beijing, China",CH,CH22,13001,39.9289,116.388,-1898541,3,"Washington, District of Columbia, United States",US,USDC,DC001,38.8951,-77.0364,531871,4,"Beijing, Beijing, China",CH,CH22,13001,39.9289,116.388,-1898541,20191012021500,Consult,Verbal cooperation
879112962,20191012,201910,USA,WASHINGTON,USA,,,,,,,,CHN,CHINESE,CHN,,,,,,,,1,026,026,02,1,4.0,8,1,8,-1.01351351351352,3,"Washington, District of Columbia, United States",US,USDC,DC001,38.8951,-77.0364,531871,4,"Beijing, Beijing, China",CH,CH22,13001,39.9289,116.388,-1898541,4,"Beijing, Beijing, China",CH,CH22,13001,39.9289,116.388,-1898541,20191012021500,Appeal,Verbal cooperation
879112964,20191012,201910,USA,WASHINGTON,USA,,,,,,,,CHN,CHINESE,CHN,,,,,,,,1,040,040,04,1,1.0,8,1,8,-1.01351351351352,3,"Washington, District of Columbia, United States",US,USDC,DC001,38.8951,-77.0364,531871,4,"Beijing, Beijing, China",CH,CH22,13001,39.9289,116.388,-1898541,4,"Beijing, Beijing, China",CH,CH22,13001,39.9289,116.388,-1898541,20191012021500,Consult,Verbal cooperation
879112965,20191012,201910,USA,UNITED STATES,USA,,,,,,,,CHN,CHINESE,CHN,,,,,,,,1,043,043,04,1,2.8,10,1,10,0.70298769771529,3,"Washington, District of Columbia, United States",US,USDC,DC001,38.8951,-77.0364,531871,1,China,CH,CH,,35.0,105.0,CH,1,China,CH,CH,,35.0,105.0,CH,20191012021500,Consult,Verbal cooperation
879115415,20191012,201910,USA,THE US,USA,,,,,,,,CHN,CHINA,CHN,,,,,,,,1,0871,087,08,2,9.0,10,1,10,1.35593220338984,1,China,CH,CH,,35.0,105.0,CH,1,China,CH,CH,,35.0,105.0,CH,1,China,CH,CH,,35.0,105.0,CH,20191012023000,Yield,Material cooperation
879117944,20191012,201910,CHN,CHINESE,CHN,,,,,,,,USA,UNITED STATES,USA,,,,,,,,1,042,042,04,1,1.9,10,1,10,2.48447204968944,4,"Zhong Shan, Anhui, China",CH,CH01,12997,30.8938,118.769,10997260,4,"Zhong Shan, Anhui, China",CH,CH01,12997,30.8938,118.769,10997260,4,"Zhong Shan, Anhui, China",CH,CH01,12997,30.8938,118.769,10997260,20191012030000,Consult,Verbal cooperation
879118865,20191012,201910,USA,UNITED STATES,USA,,,,,,,,CHN,CHINESE,CHN,,,,,,,,1,043,043,04,1,2.8,8,1,8,2.48447204968944,3,"Washington, District of Columbia, United States",US,USDC,DC001,38.8951,-77.0364,531871,4,"Zhong Shan, Anhui, China",CH,CH01,12997,30.8938,118.769,10997260,4,"Zhong Shan, Anhui, China",CH,CH01,12997,30.8938,118.769,10997260,20191012030000,Consult,Verbal cooperation
879126095,20191012,201910,USA,WASHINGTON,USA,,,,,,,,CHN,CHINESE,CHN,,,,,,,,1,040,040,04,1,1.0,8,1,8,4.88721804511278,3,"Washington, District of Columbia, United States",US,USDC,DC001,38.8951,-77.0364,531871,1,China,CH,CH,,35.0,105.0,CH,1,China,CH,CH,,35.0,105.0,CH,20191012040000,Consult,Verbal cooperation
879126456,20191012,201910,CHN,CANTON,CHN,,,,,,,,USA,WASHINGTON,USA,,,,,,,,1,036,036,03,1,4.0,7,1,7,12.962962962963,3,"Washington, District of Columbia, United States",US,USDC,DC001,38.8951,-77.0364,531871,3,"Washington, District of Columbia, United States",US,USDC,DC001,38.8951,-77.0364,531871,3,"Washington, District of Columbia, United States",US,USDC,DC001,38.8951,-77.0364,531871,20191012041500,Express intent to cooperate,Verbal cooperation
879127144,20191012,201910,USA,WASHINGTON,USA,,,,,,,,CHN,CANTON,CHN,,,,,,,,1,036,036,03,1,4.0,7,1,7,12.962962962963,3,"Washington, District of Columbia, United States",US,USDC,DC001,38.8951,-77.0364,531871,3,"Washington, District of Columbia, United States",US,USDC,DC001,38.8951,-77.0364,531871,3,"Washington, District of Columbia, United States",US,USDC,DC001,38.8951,-77.0364,531871,20191012041500,Express intent to cooperate,Verbal cooperation
879127146,20191012,201910,USA,UNITED STATES OF AMERICA,USA,,,,,,,,CHN,CHINESE,CHN,,,,,,,,1,164,164,16,4,-7.0,8,1,8,1.53846153846154,3,"Washington, District of Columbia, United States",US,USDC,DC001,38.8951,-77.0364,531871,3,"Washington, District of Columbia, United States",US,USDC,DC001,38.8951,-77.0364,531871,3,"Washington, District of Columbia, United States",US,USDC,DC001,38.8951,-77.0364,531871,20191012041500,Reduce relations,Material conflict
879127973,20191012,201910,CHN,CHINA,CHN,,,,,,,,USABUS,AMERICAN,USA,,,,,BUS,,,1,111,111,11,3,-2.0,10,1,10,-0.721500721500719,1,China,CH,CH,,35.0,105.0,CH,1,United States,US,US,,39.828175,-98.5795,US,1,United States,US,US,,39.828175,-98.5795,US,20191012043000,Disapprove,Verbal conflict
879130208,20191012,201910,CHN,CHINA,CHN,,,,,,,,USA,UNITED STATES,USA,,,,,,,,1,080,080,08,2,5.0,10,1,10,0.51020408163266,5,"Uttar Pradesh, Uttar Pradesh, India",IN,IN36,17938,27.25,80.75,-2113996,5,"Uttar Pradesh, Uttar Pradesh, India",IN,IN36,17938,27.25,80.75,-2113996,5,"Uttar Pradesh, Uttar Pradesh, India",IN,IN36,17938,27.25,80.75,-2113996,20191012044500,Yield,Material cooperation
879133797,20191012,201910,USA,UNITED STATES,USA,,,,,,,,CHN,CHINA,CHN,,,,,,,,1,173,173,17,4,-5.0,71,13,71,-2.72537691857429,3,"Baltimore, Maryland, United States",US,USMD,MD510,39.2904,-76.6122,597040,4,"Shanghai, Shanghai, China",CH,CH23,13243,31.2222,121.458,-1924465,4,"Shanghai, Shanghai, China",CH,CH23,13243,31.2222,121.458,-1924465,20191012051500,Coerce,Material conflict
879134957,20191012,201910,CHN,CHINA,CHN,,,,,,,,USAGOV,OVAL OFFICE,USA,,,,,GOV,,,1,040,040,04,1,1.0,10,1,10,0.71090047393365,4,"Shanghai, Shanghai, China",CH,CH23,13243,31.2222,121.458,-1924465,4,"Shanghai, Shanghai, China",CH,CH23,13243,31.2222,121.458,-1924465,4,"Shanghai, Shanghai, China",CH,CH23,13243,31.2222,121.458,-1924465,20191012053000,Consult,Verbal cooperation
879135759,20191012,201910,USAGOV,OVAL OFFICE,USA,,,,,GOV,,,CHN,CHINA,CHN,,,,,,,,1,040,040,04,1,1.0,6,1,6,0.71090047393365,3,"White House, District of Columbia, United States",US,USDC,,38.8951,-77.0364,531871,4,"Shanghai, Shanghai, China",CH,CH23,13243,31.2222,121.458,-1924465,3,"White House, District of Columbia, United States",US,USDC,,38.8951,-77.0364,531871,20191012053000,Consult,Verbal cooperation
879144051,20181012,201810,CHNGOV,CHINA,CHN,,,,,GOV,,,USA,UNITED STATES,USA,,,,,,,,1,050,050,05,1,3.5,10,1,10,-1.20481927710843,4,"Beijing, Beijing, China",CH,CH22,13001,39.9289,116.388,-1898541,3,"Washington, District of Columbia, United States",US,USDC,DC001,38.8951,-77.0364,531871,3,"Washington, District of Columbia, United States",US,USDC,DC001,38.8951,-77.0364,531871,20191012070000,Engage in diplomatic cooperation,Verbal cooperation
879144052,20181012,201810,CHNGOV,CHINA,CHN,,,,,GOV,,,USA,UNITED STATES,USA,,,,,,,,1,051,051,05,1,3.4,10,1,10,-1.20481927710843,4,"Beijing, Beijing, China",CH,CH22,13001,39.9289,116.388,-1898541,3,"Washington, District of Columbia, United States",US,USDC,DC001,38.8951,-77.0364,531871,4,"Beijing, Beijing, China",CH,CH22,13001,39.9289,116.388,-1898541,20191012070000,Engage in diplomatic cooperation,Verbal cooperation
879144059,20181012,201810,USA,UNITED STATES,USA,,,,,,,,CHNGOV,CHINA,CHN,,,,,GOV,,,1,050,050,05,1,3.5,10,1,10,-1.20481927710843,3,"Washington, District of Columbia, United States",US,USDC,DC001,38.8951,-77.0364,531871,4,"Beijing, Beijing, China",CH,CH22,13001,39.9289,116.388,-1898541,3,"Washington, District of Columbia, United States",US,USDC,DC001,38.8951,-77.0364,531871,20191012070000,Engage in diplomatic cooperation,Verbal cooperation
879152912,20191012,201910,USAEDU,ROCHESTER,USA,,,,,EDU,,,CHN,TIBET,CHN,,,,,,,,1,036,036,03,1,4.0,10,1,10,-3.61445783132531,5,"Tibet, Xizang, China",CH,CH14,13213,32.0,90.0,-1934604,5,"Tibet, Xizang, China",CH,CH14,13213,32.0,90.0,-1934604,5,"Tibet, Xizang, China",CH,CH14,13213,32.0,90.0,-1934604,20191012081500,Express intent to cooperate,Verbal cooperation
879181224,20191012,201910,CHN,CHINA,CHN,,,,,,,,USAELIGOV,BILL CLINTON,USA,,,,,ELI,GOV,,1,057,057,05,1,8.0,10,1,10,2.13815789473684,4,"Beijing, Beijing, China",CH,CH22,13001,39.9289,116.388,-1898541,4,"Beijing, Beijing, China",CH,CH22,13001,39.9289,116.388,-1898541,4,"Beijing, Beijing, China",CH,CH22,13001,39.9289,116.388,-1898541,20191012121500,Engage in diplomatic cooperation,Verbal cooperation
879181970,20191012,201910,USAELIGOV,BILL CLINTON,USA,,,,,ELI,GOV,,CHN,CHINA,CHN,,,,,,,,1,057,057,05,1,8.0,10,1,10,2.13815789473684,3,"Chicago, Illinois, United States",US,USIL,IL031,41.85,-87.6501,423587,3,"Chicago, Illinois, United States",US,USIL,IL031,41.85,-87.6501,423587,3,"Chicago, Illinois, United States",US,USIL,IL031,41.85,-87.6501,423587,20191012121500,Engage in diplomatic cooperation,Verbal cooperation
879185704,20191012,201910,USA,UTAH,USA,,,,,,,,CHN,CHINA,CHN,,,,,,,,1,020,020,02,1,3.0,8,1,8,-5.49450549450549,2,"Utah, United States",US,USUT,,40.1135,-111.854,UT,1,China,CH,CH,,35.0,105.0,CH,1,China,CH,CH,,35.0,105.0,CH,20191012124500,Appeal,Verbal cooperation
879202689,20191012,201910,CHN,CHINA,CHN,,,,,,,,USA,AMERICAN,USA,,,,,,,,1,180,180,18,4,-9.0,10,1,10,0.66401062416999,1,Ireland,EI,EI,,53.0,-8.0,EI,1,Ireland,EI,EI,,53.0,-8.0,EI,1,Ireland,EI,EI,,53.0,-8.0,EI,20191012151500,Assault,Material conflict
879206217,20191012,201910,CHNGOV,CHINESE,CHN,,,,,GOV,,,USA,FIRST STATE,USA,,,,,,,,1,042,042,04,1,1.9,6,1,6,8.45070422535211,1,China,CH,CH,,35.0,105.0,CH,4,"Kathmandu, Bagmati, Nepal",NP,NP01,22353,27.7167,85.3167,-1022136,1,China,CH,CH,,35.0,105.0,CH,20191012154500,Consult,Verbal cooperation
879206845,20191012,201910,USA,FIRST STATE,USA,,,,,,,,CHNGOV,CHINESE,CHN,,,,,GOV,,,1,043,043,04,1,2.8,6,1,6,8.45070422535211,4,"Kathmandu, Bagmati, Nepal",NP,NP01,22353,27.7167,85.3167,-1022136,1,China,CH,CH,,35.0,105.0,CH,1,China,CH,CH,,35.0,105.0,CH,20191012154500,Consult,Verbal cooperation
879210030,20191012,201910,USA,AMERICAN,USA,,,,,,,,CHN,CHINA,CHN,,,,,,,,1,061,061,06,2,6.4,6,1,6,-3.99334442595674,2,"Michigan, United States",US,USMI,,43.3504,-84.5603,MI,2,"Michigan, United States",US,USMI,,43.3504,-84.5603,MI,2,"Michigan, United States",US,USMI,,43.3504,-84.5603,MI,20191012161500,Engage in material cooperation,Material cooperation
879214786,20191012,201910,CHNGOV,CHINESE,CHN,,,,,GOV,,,USAAGR,AMERICAN,USA,,,,,AGR,,,1,030,030,03,1,4.0,6,1,6,-2.69058295964126,4,"Xinjiang, Jiangxi, China",CH,CH03,13167,27.7481,116.274,11065838,1,United States,US,US,,39.828175,-98.5795,US,4,"Xinjiang, Jiangxi, China",CH,CH03,13167,27.7481,116.274,11065838,20191012170000,Express intent to cooperate,Verbal cooperation
879217145,20191012,201910,USA,HOUSTON,USA,,,,,,,,CHN,CHINESE,CHN,,,,,,,,1,051,051,05,1,3.4,8,1,8,11.1510791366906,4,"Nanjing, Jiangsu, China",CH,CH04,13144,32.0617,118.778,-1919548,4,"Nanjing, Jiangsu, China",CH,CH04,13144,32.0617,118.778,-1919548,4,"Nanjing, Jiangsu, China",CH,CH04,13144,32.0617,118.778,-1919548,20191012171500,Engage in diplomatic cooperation,Verbal cooperation
879220488,20191012,201910,USAELIGOV,BILL CLINTON,USA,,,,,ELI,GOV,,CHN,CHINA,CHN,,,,,,,,1,051,051,05,1,3.4,10,1,10,-4.82374768089054,4,"Xinjiang, Jiangxi, China",CH,CH03,13167,27.7481,116.274,11065838,4,"Xinjiang, Jiangxi, China",CH,CH03,13167,27.7481,116.274,11065838,4,"Xinjiang, Jiangxi, China",CH,CH03,13167,27.7481,116.274,11065838,20191012174500,Engage in diplomatic cooperation,Verbal cooperation
879223150,20191012,201910,CHN,CHINA,CHN,,,,,,,,USA,UNITED STATES,USA,,,,,,,,1,046,046,04,1,7.0,6,1,6,1.26582278481013,1,China,CH,CH,,35.0,105.0,CH,1,United States,US,US,,39.828175,-98.5795,US,1,Poland,PL,PL,,52.0,20.0,PL,20191012181500,Consult,Verbal cooperation
879223702,20191012,201910,USA,UNITED STATES,USA,,,,,,,,CHN,CHINA,CHN,,,,,,,,1,046,046,04,1,7.0,6,1,6,1.26582278481013,1,United States,US,US,,39.828175,-98.5795,US,1,China,CH,CH,,35.0,105.0,CH,1,Poland,PL,PL,,52.0,20.0,PL,20191012181500,Consult,Verbal cooperation
879231567,20191012,201910,CHN,CHINESE,CHN,,,,,,,,USA,AMERICAN,USA,,,,,,,,1,036,036,03,1,4.0,6,1,6,2.10526315789474,4,"Zhong Shan, Anhui, China",CH,CH01,12997,30.8938,118.769,10997260,3,"White House, District of Columbia, United States",US,USDC,,38.8951,-77.0364,531871,1,Chile,CI,CI,,-30.0,-71.0,CI,20191012193000,Express intent to cooperate,Verbal cooperation
879231571,20191012,201910,CHN,CHINA,CHN,,,,,,,,USA,UNITED STATES,USA,,,,,,,,1,190,190,19,4,-10.0,8,1,8,-7.93499043977056,1,China,CH,CH,,35.0,105.0,CH,3,"Washington, District of Columbia, United States",US,USDC,DC001,38.8951,-77.0364,531871,3,"Washington, District of Columbia, United States",US,USDC,DC001,38.8951,-77.0364,531871,20191012193000,Fight,Material conflict
879232250,20191012,201910,USA,AMERICAN,USA,,,,,,,,CHN,CHINESE,CHN,,,,,,,,1,036,036,03,1,4.0,6,1,6,2.10526315789474,3,"White House, District of Columbia, United States",US,USDC,,38.8951,-77.0364,531871,4,"Zhong Shan, Anhui, China",CH,CH01,12997,30.8938,118.769,10997260,1,Chile,CI,CI,,-30.0,-71.0,CI,20191012193000,Express intent to cooperate,Verbal cooperation
879232253,20191012,201910,USA,UNITED STATES,USA,,,,,,,,CHN,CHINA,CHN,,,,,,,,1,190,190,19,4,-10.0,10,1,10,-7.93499043977056,3,"Army War College, District of Columbia, United States",US,USDC,DC001,38.8634,-77.0169,531541,3,"Army War College, District of Columbia, United States",US,USDC,,38.8634,-77.0169,531541,3,"Army War College, District of Columbia, United States",US,USDC,,38.8634,-77.0169,531541,20191012193000,Fight,Material conflict
879233016,20191012,201910,CHNGOV,CHINESE,CHN,,,,,GOV,,,USA,FIRST STATE,USA,,,,,,,,1,042,042,04,1,1.9,6,1,6,10.5263157894737,1,China,CH,CH,,35.0,105.0,CH,1,Nepal,NP,NP,,28.0,84.0,NP,1,China,CH,CH,,35.0,105.0,CH,20191012194500,Consult,Verbal cooperation
879233712,20191012,201910,USA,FIRST STATE,USA,,,,,,,,CHNGOV,CHINESE,CHN,,,,,GOV,,,1,043,043,04,1,2.8,6,1,6,10.5263157894737,1,Nepal,NP,NP,,28.0,84.0,NP,1,China,CH,CH,,35.0,105.0,CH,1,China,CH,CH,,35.0,105.0,CH,20191012194500,Consult,Verbal cooperation
879245508,20191012,201910,CHN,CHINA,CHN,,,,,,,,USA,UNITED STATES,USA,,,,,,,,1,030,030,03,1,4.0,10,1,10,3.58126721763086,1,China,CH,CH,,35.0,105.0,CH,1,United States,US,US,,39.828175,-98.5795,US,1,China,CH,CH,,35.0,105.0,CH,20191012221500,Express intent to cooperate,Verbal cooperation
879245792,20191012,201910,USA,UNITED STATES,USA,,,,,,,,CHN,CHINA,CHN,,,,,,,,1,030,030,03,1,4.0,10,1,10,3.58126721763086,1,United States,US,US,,39.828175,-98.5795,US,1,China,CH,CH,,35.0,105.0,CH,1,China,CH,CH,,35.0,105.0,CH,20191012221500,Express intent to cooperate,Verbal cooperation
879245793,20191012,201910,USA,UNITED STATES,USA,,,,,,,,CHN,CHINA,CHN,,,,,,,,1,050,050,05,1,3.5,10,1,10,3.58126721763086,1,United States,US,US,,39.828175,-98.5795,US,1,China,CH,CH,,35.0,105.0,CH,1,China,CH,CH,,35.0,105.0,CH,20191012221500,Engage in diplomatic cooperation,Verbal cooperation
879250227,20191012,201910,CHN,CHINA,CHN,,,,,,,,USA,CHICAGO,USA,,,,,,,,1,164,164,16,4,-7.0,10,1,10,-0.80128205128205,1,China,CH,CH,,35.0,105.0,CH,3,"Chicago, Illinois, United States",US,USIL,IL031,41.85,-87.6501,423587,3,"Chicago, Illinois, United States",US,USIL,IL031,41.85,-87.6501,423587,20191012231500,Reduce relations,Material conflict
879251793,20191012,201910,CHN,CANTON,CHN,,,,,,,,USA,LAWRENCE,USA,,,,,,,,1,084,084,08,2,7.0,10,1,10,-3.515625,1,China,CH,CH,,35.0,105.0,CH,1,China,CH,CH,,35.0,105.0,CH,1,China,CH,CH,,35.0,105.0,CH,20191012233000,Yield,Material cooperation
879252813,20091014,200910,CHN,CHINESE,CHN,,,,,,,,USA,AMERICAN,USA,,,,,,,,1,057,057,05,1,8.0,10,1,10,6.26003210272874,1,United States,US,US,,39.828175,-98.5795,US,1,United States,US,US,,39.828175,-98.5795,US,1,United States,US,US,,39.828175,-98.5795,US,20191012234500,Engage in diplomatic cooperation,Verbal cooperation
879252815,20091014,200910,USA,AMERICAN,USA,,,,,,,,CHN,CHINESE,CHN,,,,,,,,1,057,057,05,1,8.0,8,1,8,6.26003210272874,1,United States,US,US,,39.828175,-98.5795,US,4,"Cui Qiao, Henan, China",CH,CH09,13114,34.2333,114.567,-1901066,4,"Cui Qiao, Henan, China",CH,CH09,13114,34.2333,114.567,-1901066,20191012234500,Engage in diplomatic cooperation,Verbal cooperation
879252951,20191012,201910,CHN,CHINA,CHN,,,,,,,,USAGOV,JOE BIDEN,USA,,,,,GOV,,,1,0214,021,02,1,3.4,6,1,6,-3.01724137931035,1,China,CH,CH,,35.0,105.0,CH,1,China,CH,CH,,35.0,105.0,CH,1,China,CH,CH,,35.0,105.0,CH,20191012234500,Appeal,Verbal cooperation
879264935,20191013,201910,USA,IOWA,USA,,,,,,,,CHN,CHINA,CHN,,,,,,,,1,060,060,06,2,6.0,10,1,10,1.40845070422535,2,"Iowa, United States",US,USIA,,42.0046,-93.214,IA,2,"Iowa, United States",US,USIA,,42.0046,-93.214,IA,2,"Iowa, United States",US,USIA,,42.0046,-93.214,IA,20191013011500,Engage in material cooperation,Material cooperation
879269259,20191013,201910,MNCUSA,INVESCO,USA,,,,,MNC,,,CHN,CHINA,CHN,,,,,,,,1,010,010,01,1,0.0,10,1,10,0.852878464818763,1,China,CH,CH,,35.0,105.0,CH,1,China,CH,CH,,35.0,105.0,CH,1,China,CH,CH,,35.0,105.0,CH,20191013020000,Make public statement,Verbal cooperation
879279985,20191013,201910,CHN,CHINESE,CHN,,,,,,,,USA,WASHINGTON,USA,,,,,,,,1,040,040,04,1,1.0,8,1,8,-4.63768115942029,1,Iraq,IZ,IZ,,33.0,44.0,IZ,1,Iraq,IZ,IZ,,33.0,44.0,IZ,1,Iraq,IZ,IZ,,33.0,44.0,IZ,20191013040000,Consult,Verbal cooperation
879280439,20191013,201910,USA,WASHINGTON,USA,,,,,,,,CHN,CHINESE,CHN,,,,,,,,1,040,040,04,1,1.0,6,1,6,-4.63768115942029,3,"Washington, District of Columbia, United States",US,USDC,DC001,38.8951,-77.0364,531871,1,China,CH,CH,,35.0,105.0,CH,1,China,CH,CH,,35.0,105.0,CH,20191013040000,Consult,Verbal cooperation
879280504,20191013,201910,USABUS,AMERICAN,USA,,,,,BUS,,,CHN,CHINA,CHN,,,,,,,,1,020,020,02,1,3.0,8,1,8,3.82513661202186,1,United States,US,US,,39.828175,-98.5795,US,1,United States,US,US,,39.828175,-98.5795,US,1,United States,US,US,,39.828175,-98.5795,US,20191013040000,Appeal,Verbal cooperation
879286886,20191013,201910,USA,A US,USA,,,,,,,,CHN,CHINESE,CHN,,,,,,,,1,160,160,16,4,-4.0,10,1,10,-9.38967136150235,4,"Dahua, Jiangsu, China",CH,CH04,13144,31.2849,118.728,10511986,4,"Dahua, Jiangsu, China",CH,CH04,13144,31.2849,118.728,10511986,4,"Dahua, Jiangsu, China",CH,CH04,13144,31.2849,118.728,10511986,20191013050000,Reduce relations,Material conflict
879288211,20191013,201910,USA,UNITED STATES,USA,,,,,,,,CHN,CHINA,CHN,,,,,,,,1,173,173,17,4,-5.0,6,1,6,-2.79850746268657,3,"Baltimore, Maryland, United States",US,USMD,MD510,39.2904,-76.6122,597040,4,"Shanghai, Shanghai, China",CH,CH23,13243,31.2222,121.458,-1924465,4,"Shanghai, Shanghai, China",CH,CH23,13243,31.2222,121.458,-1924465,20191013051500,Coerce,Material conflict
879289061,20191013,201910,CHN,CHINA,CHN,,,,,,,,USAGOV,JOE BIDEN,USA,,,,,GOV,,,1,0214,021,02,1,3.4,10,1,10,1.96671709531013,1,China,CH,CH,,35.0,105.0,CH,1,China,CH,CH,,35.0,105.0,CH,1,China,CH,CH,,35.0,105.0,CH,20191013053000,Appeal,Verbal cooperation
879289773,20191013,201910,USA,AMERICAN,USA,,,,,,,,CHN,CHINA,CHN,,,,,,,,1,013,013,01,1,0.4,20,2,20,-1.28913443830571,4,"Beijing, Beijing, China",CH,CH22,13001,39.9289,116.388,-1898541,4,"Beijing, Beijing, China",CH,CH22,13001,39.9289,116.388,-1898541,4,"Beijing, Beijing, China",CH,CH22,13001,39.9289,116.388,-1898541,20191013053000,Make public statement,Verbal cooperation
879290592,20191013,201910,USA,HOUSTON,USA,,,,,,,,CHN,CHINESE,CHN,,,,,,,,1,051,051,05,1,3.4,10,1,10,12.303664921466,4,"Nanjing, Jiangsu, China",CH,CH04,13144,32.0617,118.778,-1919548,4,"Nanjing, Jiangsu, China",CH,CH04,13144,32.0617,118.778,-1919548,4,"Nanjing, Jiangsu, China",CH,CH04,13144,32.0617,118.778,-1919548,20191013054500,Engage in diplomatic cooperation,Verbal cooperation
879292557,20191013,201910,CHN,CHINESE,CHN,,,,,,,,USA,WASHINGTON,USA,,,,,,,,1,160,160,16,4,-4.0,6,1,6,-2.69541778975741,4,"Xinjiang, Jiangxi, China",CH,CH03,13167,27.7481,116.274,11065838,3,"Washington, District of Columbia, United States",US,USDC,DC001,38.8951,-77.0364,531871,3,"Washington, District of Columbia, United States",US,USDC,DC001,38.8951,-77.0364,531871,20191013061500,Reduce relations,Material conflict
879296176,20191013,201910,CHN,CHINESE,CHN,,,,,,,,USA,WASHINGTON,USA,,,,,,,,1,160,160,16,4,-4.0,8,1,8,-2.39808153477218,4,"Beijing, Beijing, China",CH,CH22,13001,39.9289,116.388,-1898541,4,"Beijing, Beijing, China",CH,CH22,13001,39.9289,116.388,-1898541,4,"Beijing, Beijing, China",CH,CH22,13001,39.9289,116.388,-1898541,20191013064500,Reduce relations,Material conflict
879296178,20191013,201910,CHN,BEIJING,CHN,,,,,,,,USA,WASHINGTON,USA,,,,,,,,1,160,160,16,4,-4.0,6,1,6,-2.710027100271,4,"Beijing, Beijing, China",CH,CH22,13001,39.9289,116.388,-1898541,3,"Washington, District of Columbia, United States",US,USDC,DC001,38.8951,-77.0364,531871,3,"Washington, District of Columbia, United States",US,USDC,DC001,38.8951,-77.0364,531871,20191013064500,Reduce relations,Material conflict
879298732,20191013,201910,CHN,CHINA,CHN,,,,,,,,USA,WASHINGTON,USA,,,,,,,,1,172,172,17,4,-5.0,10,1,10,-3.3457249070632,1,China,CH,CH,,35.0,105.0,CH,1,China,CH,CH,,35.0,105.0,CH,1,China,CH,CH,,35.0,105.0,CH,20191013071500,Coerce,Material conflict
879300145,20191013,201910,CHN,CHINA,CHN,,,,,,,,USA,AMERICAN,USA,,,,,,,,1,051,051,05,1,3.4,8,1,8,13.4099616858238,3,"Houston, Texas, United States",US,USTX,TX201,29.7633,-95.3633,1380948,4,"Nanjing, Jiangsu, China",CH,CH04,13144,32.0617,118.778,-1919548,4,"Nanjing, Jiangsu, China",CH,CH04,13144,32.0617,118.778,-1919548,20191013073000,Engage in diplomatic cooperation,Verbal cooperation
879315836,20191013,201910,CHN,CHINA,CHN,,,,,,,,USA,THE US,USA,,,,,,,,1,050,050,05,1,3.5,10,1,10,-3.43915343915344,4,"Beijing, Beijing, China",CH,CH22,13001,39.9289,116.388,-1898541,4,"Beijing, Beijing, China",CH,CH22,13001,39.9289,116.388,-1898541,4,"Beijing, Beijing, China",CH,CH22,13001,39.9289,116.388,-1898541,20191013100000,Engage in diplomatic cooperation,Verbal cooperation
879316355,20191013,201910,USA,THE US,USA,,,,,,,,CHN,CHINA,CHN,,,,,,,,1,050,050,05,1,3.5,10,1,10,-3.43915343915344,4,"Beijing, Beijing, China",CH,CH22,13001,39.9289,116.388,-1898541,4,"Beijing, Beijing, China",CH,CH22,13001,39.9289,116.388,-1898541,4,"Beijing, Beijing, China",CH,CH22,13001,39.9289,116.388,-1898541,20191013100000,Engage in diplomatic cooperation,Verbal cooperation
879320817,20191013,201910,CHN,CHINA,CHN,,,,,,,,USA,PHILADELPHIA,USA,,,,,,,,1,042,042,04,1,1.9,7,1,7,4.47761194029851,4,"Shiquan, Sichuan, China",CH,CH32,13003,31.3335,105.761,10341690,3,"Philadelphia, Pennsylvania, United States",US,USPA,PA101,39.9523,-75.1638,1209052,4,"Shiquan, Sichuan, China",CH,CH32,13003,31.3335,105.761,10341690,20191013104500,Consult,Verbal cooperation
879320819,20191013,201910,CHN,CHINA,CHN,,,,,,,,USA,PHILADELPHIA,USA,,,,,,,,1,043,043,04,1,2.8,7,1,7,4.47761194029851,4,"Shiquan, Sichuan, China",CH,CH32,13003,31.3335,105.761,10341690,3,"Philadelphia, Pennsylvania, United States",US,USPA,PA101,39.9523,-75.1638,1209052,3,"Philadelphia, Pennsylvania, United States",US,USPA,PA101,39.9523,-75.1638,1209052,20191013104500,Consult,Verbal cooperation
879321657,20191013,201910,USA,PHILADELPHIA,USA,,,,,,,,CHN,CHINA,CHN,,,,,,,,1,042,042,04,1,1.9,7,1,7,4.47761194029851,3,"Philadelphia, Pennsylvania, United States",US,USPA,PA101,39.9523,-75.1638,1209052,4,"Shiquan, Sichuan, China",CH,CH32,13003,31.3335,105.761,10341690,3,"Philadelphia, Pennsylvania, United States",US,USPA,PA101,39.9523,-75.1638,1209052,20191013104500,Consult,Verbal cooperation
879321659,20191013,201910,USA,PHILADELPHIA,USA,,,,,,,,CHN,CHINA,CHN,,,,,,,,1,043,043,04,1,2.8,7,1,7,4.47761194029851,3,"Philadelphia, Pennsylvania, United States",US,USPA,PA101,39.9523,-75.1638,1209052,4,"Shiquan, Sichuan, China",CH,CH32,13003,31.3335,105.761,10341690,4,"Shiquan, Sichuan, China",CH,CH32,13003,31.3335,105.761,10341690,20191013104500,Consult,Verbal cooperation
879321661,20191013,201910,USA,PHILADELPHIA,USA,,,,,,,,CHN,CHINA,CHN,,,,,,,,1,051,051,05,1,3.4,10,1,10,4.47761194029851,4,"Shiquan, Sichuan, China",CH,CH32,13003,31.3335,105.761,10341690,4,"Shiquan, Sichuan, China",CH,CH32,13003,31.3335,105.761,10341690,4,"Shiquan, Sichuan, China",CH,CH32,13003,31.3335,105.761,10341690,20191013104500,Engage in diplomatic cooperation,Verbal cooperation
879342077,20191013,201910,USA,THE US,USA,,,,,,,,CHN,CHINA,CHN,,,,,,,,1,0874,087,08,2,10.0,10,1,10,-1.0840108401084,1,China,CH,CH,,35.0,105.0,CH,1,China,CH,CH,,35.0,105.0,CH,1,China,CH,CH,,35.0,105.0,CH,20191013133000,Yield,Material cooperation
879343190,20191013,201910,CHN,CHINA,CHN,,,,,,,,USA,UNITED STATES,USA,,,,,,,,1,012,012,01,1,-0.4,8,1,8,0.96153846153846,4,"Hainan Island, Hainan, China",CH,CH31,13072,19.0,109.5,-1908189,1,United States,US,US,,39.828175,-98.5795,US,4,"Hainan Island, Hainan, China",CH,CH31,13072,19.0,109.5,-1908189,20191013134500,Make public statement,Verbal cooperation
879343192,20191013,201910,CHN,CHINA,CHN,,,,,,,,USA,UNITED STATES,USA,,,,,,,,1,051,051,05,1,3.4,10,1,10,0.96153846153846,4,"Hainan Island, Hainan, China",CH,CH31,13072,19.0,109.5,-1908189,4,"Belgrade, Serbia (general),",RB,RB00,47629,44.8186,20.4681,-74897,4,"Hainan Island, Hainan, China",CH,CH31,13072,19.0,109.5,-1908189,20191013134500,Engage in diplomatic cooperation,Verbal cooperation
879355045,20191013,201910,USA,WASHINGTON,USA,,,,,,,,CHN,CHINA,CHN,,,,,,,,1,052,052,05,1,3.5,6,3,6,-5.03581279454012,3,"Washington, District of Columbia, United States",US,USDC,DC001,38.8951,-77.0364,531871,4,"Shanghai, Shanghai, China",CH,CH23,13243,31.2222,121.458,-1924465,3,"Washington, District of Columbia, United States",US,USDC,DC001,38.8951,-77.0364,531871,20191013151500,Engage in diplomatic cooperation,Verbal cooperation
879355046,20191013,201910,USA,WASHINGTON,USA,,,,,,,,CHN,CHINA,CHN,,,,,,,,1,052,052,05,1,3.5,18,3,18,-5.03581279454012,3,"Washington, District of Columbia, United States",US,USDC,DC001,38.8951,-77.0364,531871,4,"Shanghai, Shanghai, China",CH,CH23,13243,31.2222,121.458,-1924465,1,Ukraine,UP,UP,,49.0,32.0,UP,20191013151500,Engage in diplomatic cooperation,Verbal cooperation
879355047,20191013,201910,USA,UNITED STATES,USA,,,,,,,,CHN,CHINA,CHN,,,,,,,,1,052,052,05,1,3.5,6,3,6,-5.03581279454012,3,"Washington, District of Columbia, United States",US,USDC,DC001,38.8951,-77.0364,531871,1,Ukraine,UP,UP,,49.0,32.0,UP,1,Ukraine,UP,UP,,49.0,32.0,UP,20191013151500,Engage in diplomatic cooperation,Verbal cooperation
879355051,20191013,201910,USA,UNITED STATES,USA,,,,,,,,CHNBUS,CHINA,CHN,,,,,BUS,,,1,112,112,11,3,-2.0,6,3,6,-5.03581279454012,3,"Washington, District of Columbia, United States",US,USDC,DC001,38.8951,-77.0364,531871,4,"Shanghai, Shanghai, China",CH,CH23,13243,31.2222,121.458,-1924465,4,"Shanghai, Shanghai, China",CH,CH23,13243,31.2222,121.458,-1924465,20191013151500,Disapprove,Verbal conflict
879355052,20191013,201910,USA,WASHINGTON,USA,,,,,,,,CHNGOV,CHINA,CHN,,,,,GOV,,,1,111,111,11,3,-2.0,6,3,6,-5.03581279454012,3,"Washington, District of Columbia, United States",US,USDC,DC001,38.8951,-77.0364,531871,4,"Shanghai, Shanghai, China",CH,CH23,13243,31.2222,121.458,-1924465,4,"Shanghai, Shanghai, China",CH,CH23,13243,31.2222,121.458,-1924465,20191013151500,Disapprove,Verbal conflict
879357298,20191013,201910,USAMED,REUTERS,USA,,,,,MED,,,CHN,BEIJING,CHN,,,,,,,,1,044,044,04,1,2.5,8,1,8,-4.00696864111498,4,"Beijing, Beijing, China",CH,CH22,13001,39.9289,116.388,-1898541,4,"Beijing, Beijing, China",CH,CH22,13001,39.9289,116.388,-1898541,4,"Beijing, Beijing, China",CH,CH22,13001,39.9289,116.388,-1898541,20191013153000,Consult,Verbal cooperation
879359883,20191013,201910,CHN,CHINA,CHN,,,,,,,,USA,UNITED STATES,USA,,,,,,,,1,190,190,19,4,-10.0,6,1,6,-8.21114369501466,1,China,CH,CH,,35.0,105.0,CH,3,"Washington, District of Columbia, United States",US,USDC,DC001,38.8951,-77.0364,531871,3,"Washington, District of Columbia, United States",US,USDC,DC001,38.8951,-77.0364,531871,20191013160000,Fight,Material conflict
879360523,20191013,201910,USA,UNITED STATES,USA,,,,,,,,CHN,CHINA,CHN,,,,,,,,1,190,190,19,4,-10.0,10,1,10,-8.21114369501466,3,"Army War College, District of Columbia, United States",US,USDC,DC001,38.8634,-77.0169,531541,3,"Army War College, District of Columbia, United States",US,USDC,,38.8634,-77.0169,531541,3,"Army War College, District of Columbia, United States",US,USDC,,38.8634,-77.0169,531541,20191013160000,Fight,Material conflict
879366429,20191013,201910,USA,WASHINGTON,USA,,,,,,,,CHN,CHINESE,CHN,,,,,,,,1,0831,083,08,2,5.0,10,1,10,-5.18518518518519,1,China,CH,CH,,35.0,105.0,CH,1,China,CH,CH,,35.0,105.0,CH,1,China,CH,CH,,35.0,105.0,CH,20191013164500,Yield,Material cooperation
879368361,20191013,201910,CHN,CHINESE,CHN,,,,,,,,USAGOV,OVAL OFFICE,USA,,,,,GOV,,,1,046,046,04,1,7.0,10,1,10,-1.87734668335419,4,"Renmin, Liaoning, China",CH,CH19,13182,40.7703,123.792,11215357,4,"Renmin, Liaoning, China",CH,CH19,13182,40.7703,123.792,11215357,4,"Renmin, Liaoning, China",CH,CH19,13182,40.7703,123.792,11215357,20191013171500,Consult,Verbal cooperation
879368973,20191013,201910,USAGOV,OVAL OFFICE,USA,,,,,GOV,,,CHN,CHINESE,CHN,,,,,,,,1,046,046,04,1,7.0,10,1,10,-1.87734668335419,3,"Washington, District of Columbia, United States",US,USDC,DC001,38.8951,-77.0364,531871,4,"Renmin, Liaoning, China",CH,CH19,13182,40.7703,123.792,11215357,4,"Renmin, Liaoning, China",CH,CH19,13182,40.7703,123.792,11215357,20191013171500,Consult,Verbal cooperation
879375392,20191013,201910,CHN,CHINA,CHN,,,,,,,,USA,UNITED STATES,USA,,,,,,,,1,042,042,04,1,1.9,10,1,10,5.86283185840708,4,"Mingyu, Zhejiang, China",CH,CH02,13328,28.0317,120.81,124379,4,"Mingyu, Zhejiang, China",CH,CH02,13328,28.0317,120.81,124379,4,"Mingyu, Zhejiang, China",CH,CH02,13328,28.0317,120.81,124379,20191013181500,Consult,Verbal cooperation
879375396,20191013,201910,CHN,CHINA,CHN,,,,,,,,USA,UNITED STATES,USA,,,,,,,,1,043,043,04,1,2.8,8,1,8,5.86283185840708,4,"Beijing, Beijing, China",CH,CH22,13001,39.9289,116.388,-1898541,2,"New York, United States",US,USNY,,42.1497,-74.9384,NY,1,Canada,CA,CA,,60.0,-96.0,CA,20191013181500,Consult,Verbal cooperation
879376133,20191013,201910,USA,UNITED STATES,USA,,,,,,,,CHN,CHINA,CHN,,,,,,,,1,042,042,04,1,1.9,8,1,8,5.86283185840708,2,"New York, United States",US,USNY,,42.1497,-74.9384,NY,4,"Beijing, Beijing, China",CH,CH22,13001,39.9289,116.388,-1898541,1,Canada,CA,CA,,60.0,-96.0,CA,20191013181500,Consult,Verbal cooperation
879376137,20191013,201910,USA,UNITED STATES,USA,,,,,,,,CHN,CHINA,CHN,,,,,,,,1,043,043,04,1,2.8,8,1,8,5.86283185840708,2,"New York, United States",US,USNY,,42.1497,-74.9384,NY,4,"Beijing, Beijing, China",CH,CH22,13001,39.9289,116.388,-1898541,1,Canada,CA,CA,,60.0,-96.0,CA,20191013181500,Consult,Verbal cooperation
879379425,20191013,201910,NGOUSAJEW,AMIT,USA,,,JEW,,NGO,,,CHN,CHINA,CHN,,,,,,,,1,017,017,01,1,0.0,8,1,8,0.22988505747127,1,Bangladesh,BG,BG,,24.0,90.0,BG,1,China,CH,CH,,35.0,105.0,CH,1,China,CH,CH,,35.0,105.0,CH,20191013184500,Make public statement,Verbal cooperation
879385338,20191013,201910,CHN,CHINESE,CHN,,,,,,,,USA,CALIFORNIA,USA,,,,,,,,1,051,051,05,1,3.4,9,1,7,2.72232304900181,4,"Beijing, Beijing, China",CH,CH22,13001,39.9289,116.388,-1898541,2,"California, United States",US,USCA,,36.17,-119.746,CA,2,"California, United States",US,USCA,,36.17,-119.746,CA,20191013194500,Engage in diplomatic cooperation,Verbal cooperation
879385339,20191013,201910,CHN,CHINESE,CHN,,,,,,,,USA,CALIFORNIA,USA,,,,,,,,1,051,051,05,1,3.4,8,1,8,2.72232304900181,5,"Guangxi, Guangxi, China",CH,CH16,13062,24.0,109.0,-1907151,3,"Stanford, California, United States",US,USCA,CA085,37.4241,-122.166,1867061,3,"Stanford, California, United States",US,USCA,CA085,37.4241,-122.166,1867061,20191013194500,Engage in diplomatic cooperation,Verbal cooperation
879390764,20191013,201910,CHN,CHINA,CHN,,,,,,,,USA,LOS ANGELES,USA,,,,,,,,1,043,043,04,1,2.8,10,1,10,-1.3215859030837,1,China,CH,CH,,35.0,105.0,CH,1,China,CH,CH,,35.0,105.0,CH,1,China,CH,CH,,35.0,105.0,CH,20191013203000,Consult,Verbal cooperation
879391247,20191013,201910,USA,LOS ANGELES,USA,,,,,,,,CHN,CHINA,CHN,,,,,,,,1,042,042,04,1,1.9,10,1,10,-1.3215859030837,2,"California, United States",US,USCA,,36.17,-119.746,CA,2,"California, United States",US,USCA,,36.17,-119.746,CA,2,"California, United States",US,USCA,,36.17,-119.746,CA,20191013203000,Consult,Verbal cooperation
879399919,20191013,201910,CHN,CHINA,CHN,,,,,,,,USA,UNITED STATES,USA,,,,,,,,1,0311,031,03,1,5.2,10,1,10,-0.74349442379182,1,Singapore,SN,SN,,1.366667,103.8,SN,1,Singapore,SN,SN,,1.366667,103.8,SN,1,Singapore,SN,SN,,1.366667,103.8,SN,20191013221500,Express intent to cooperate,Verbal cooperation
879406559,20191013,201910,USAGOV,THE US,USA,,,,,GOV,,,CHN,CHINA,CHN,,,,,,,,1,130,130,13,3,-4.4,7,1,7,-0.90556274256145,4,"Kathmandu, Bagmati, Nepal",NP,NP01,22353,27.7167,85.3167,-1022136,4,"Beijing, Beijing, China",CH,CH22,13001,39.9289,116.388,-1898541,4,"Kathmandu, Bagmati, Nepal",NP,NP01,22353,27.7167,85.3167,-1022136,20191013231500,Threaten,Verbal conflict
879407852,20191013,201910,USA,THE US,USA,,,,,,,,CHN,CHINA,CHN,,,,,,,,1,046,046,04,1,7.0,10,1,10,1.35135135135136,1,United Kingdom,UK,UK,,54.0,-4.0,UK,1,United Kingdom,UK,UK,,54.0,-4.0,UK,1,United Kingdom,UK,UK,,54.0,-4.0,UK,20191013233000,Consult,Verbal cooperation
879408655,20191013,201910,USA,UNITED STATES,USA,,,,,,,,CHN,CHINESE,CHN,,,,,,,,1,0831,083,08,2,5.0,8,4,8,-1.45244734922756,3,"Washington, District of Columbia, United States",US,USDC,DC001,38.8951,-77.0364,531871,2,"Iowa, United States",US,USIA,,42.0046,-93.214,IA,2,"Iowa, United States",US,USIA,,42.0046,-93.214,IA,20191013234500,Yield,Material cooperation
879409709,20191014,201910,CHN,CHINESE,CHN,,,,,,,,USA,THE US,USA,,,,,,,,1,043,043,04,1,2.8,10,1,10,-0.15174506828528,4,"Beijing, Beijing, China",CH,CH22,13001,39.9289,116.388,-1898541,3,"Washington, District of Columbia, United States",US,USDC,DC001,38.8951,-77.0364,531871,3,"Washington, District of Columbia, United States",US,USDC,DC001,38.8951,-77.0364,531871,20191014000000,Consult,Verbal cooperation
879411570,20191014,201910,USA,THE US,USA,,,,,,,,CHN,CHINESE,CHN,,,,,,,,1,042,042,04,1,1.9,10,1,10,-0.15174506828528,3,"Washington, District of Columbia, United States",US,USDC,DC001,38.8951,-77.0364,531871,4,"Beijing, Beijing, China",CH,CH22,13001,39.9289,116.388,-1898541,3,"Washington, District of Columbia, United States",US,USDC,DC001,38.8951,-77.0364,531871,20191014000000,Consult,Verbal cooperation
879411573,20191014,201910,USA,UNITED STATES,USA,,,,,,,,CHN,CHINESE,CHN,,,,,,,,1,0831,083,08,2,5.0,10,5,10,-1.45351768097207,3,"Washington, District of Columbia, United States",US,USDC,DC001,38.8951,-77.0364,531871,2,"Iowa, United States",US,USIA,,42.0046,-93.214,IA,2,"Iowa, United States",US,USIA,,42.0046,-93.214,IA,20191014000000,Yield,Material cooperation
879411775,20191014,201910,USAGOV,US OFFICIAL,USA,,,,,GOV,,,CHN,CHINA,CHN,,,,,,,,1,030,030,03,1,4.0,8,1,8,-0.15174506828528,4,"Beijing, Beijing, China",CH,CH22,13001,39.9289,116.388,-1898541,4,"Beijing, Beijing, China",CH,CH22,13001,39.9289,116.388,-1898541,4,"Beijing, Beijing, China",CH,CH22,13001,39.9289,116.388,-1898541,20191014000000,Express intent to cooperate,Verbal cooperation
879415373,20191014,201910,CHNBUS,CHINESE,CHN,,,,,BUS,,,USA,IOWA,USA,,,,,,,,1,042,042,04,1,1.9,6,1,6,0.0,1,China,CH,CH,,35.0,105.0,CH,2,"Iowa, United States",US,USIA,,42.0046,-93.214,IA,2,"Iowa, United States",US,USIA,,42.0046,-93.214,IA,20191014003000,Consult,Verbal cooperation
879416872,20191014,201910,USA,IOWA,USA,,,,,,,,CHNBUS,CHINESE,CHN,,,,,BUS,,,1,043,043,04,1,2.8,6,1,6,0.0,2,"Iowa, United States",US,USIA,,42.0046,-93.214,IA,1,China,CH,CH,,35.0,105.0,CH,2,"Iowa, United States",US,USIA,,42.0046,-93.214,IA,20191014003000,Consult,Verbal cooperation
879417057,20191014,201910,USAGOV,JOE BIDEN,USA,,,,,GOV,,,CHNBUS,CHINESE,CHN,,,,,BUS,,,1,0831,083,08,2,5.0,6,1,6,0.0,2,"Iowa, United States",US,USIA,,42.0046,-93.214,IA,1,China,CH,CH,,35.0,105.0,CH,1,China,CH,CH,,35.0,105.0,CH,20191014003000,Yield,Material cooperation
879418073,20191014,201910,CHN,CHINESE,CHN,,,,,,,,USA,WASHINGTON,USA,,,,,,,,1,160,160,16,4,-4.0,6,1,6,-2.33100233100233,4,"Shanghai, Shanghai, China",CH,CH23,13243,31.2222,121.458,-1924465,3,"Washington, District of Columbia, United States",US,USDC,DC001,38.8951,-77.0364,531871,3,"Washington, District of Columbia, United States",US,USDC,DC001,38.8951,-77.0364,531871,20191014004500,Reduce relations,Material conflict
879420919,20191014,201910,CHN,CHINA,CHN,,,,,,,,USA,THE US,USA,,,,,,,,1,061,061,06,2,6.4,10,1,10,-2.87581699346405,1,China,CH,CH,,35.0,105.0,CH,1,China,CH,CH,,35.0,105.0,CH,1,China,CH,CH,,35.0,105.0,CH,20191014010000,Engage in material cooperation,Material cooperation
879420922,20191014,201910,CHN,CHINA,CHN,,,,,,,,USAMEDBUS,REUTERS,USA,,,,,MED,BUS,,1,170,170,17,4,-7.0,10,1,10,-4.68227424749163,1,Thailand,TH,TH,,15.0,100.0,TH,1,Thailand,TH,TH,,15.0,100.0,TH,1,Thailand,TH,TH,,15.0,100.0,TH,20191014010000,Coerce,Material conflict
879426142,20191014,201910,USAGOV,JOE BIDEN,USA,,,,,GOV,,,CHN,CHINESE,CHN,,,,,,,,1,0831,083,08,2,5.0,20,1,10,-2.8169014084507,1,China,CH,CH,,35.0,105.0,CH,1,China,CH,CH,,35.0,105.0,CH,1,China,CH,CH,,35.0,105.0,CH,20191014014500,Yield,Material cooperation
879428114,20191014,201910,CHN,CHINA,CHN,,,,,,,,USA,UNITED STATES,USA,,,,,,,,1,040,040,04,1,1.0,8,1,8,5.85635359116022,4,"Beijing, Beijing, China",CH,CH22,13001,39.9289,116.388,-1898541,2,"New York, United States",US,USNY,,42.1497,-74.9384,NY,2,"New York, United States",US,USNY,,42.1497,-74.9384,NY,20191014021500,Consult,Verbal cooperation
879428115,20191014,201910,CHN,CHINA,CHN,,,,,,,,USA,UNITED STATES,USA,,,,,,,,1,042,042,04,1,1.9,10,1,10,5.85635359116022,4,"Mingyu, Zhejiang, China",CH,CH02,13328,28.0317,120.81,124379,4,"Mingyu, Zhejiang, China",CH,CH02,13328,28.0317,120.81,124379,4,"Mingyu, Zhejiang, China",CH,CH02,13328,28.0317,120.81,124379,20191014021500,Consult,Verbal cooperation
879428119,20191014,201910,CHN,CHINA,CHN,,,,,,,,USA,UNITED STATES,USA,,,,,,,,1,043,043,04,1,2.8,8,1,8,5.85635359116022,4,"Beijing, Beijing, China",CH,CH22,13001,39.9289,116.388,-1898541,2,"New York, United States",US,USNY,,42.1497,-74.9384,NY,1,Canada,CA,CA,,60.0,-96.0,CA,20191014021500,Consult,Verbal cooperation
879428809,20191014,201910,USA,UNITED STATES,USA,,,,,,,,CHN,CHINA,CHN,,,,,,,,1,040,040,04,1,1.0,8,1,8,5.85635359116022,2,"New York, United States",US,USNY,,42.1497,-74.9384,NY,4,"Beijing, Beijing, China",CH,CH22,13001,39.9289,116.388,-1898541,2,"New York, United States",US,USNY,,42.1497,-74.9384,NY,20191014021500,Consult,Verbal cooperation
879428812,20191014,201910,USA,UNITED STATES,USA,,,,,,,,CHN,CHINA,CHN,,,,,,,,1,042,042,04,1,1.9,8,1,8,5.85635359116022,2,"New York, United States",US,USNY,,42.1497,-74.9384,NY,4,"Beijing, Beijing, China",CH,CH22,13001,39.9289,116.388,-1898541,1,Canada,CA,CA,,60.0,-96.0,CA,20191014021500,Consult,Verbal cooperation
879428816,20191014,201910,USA,UNITED STATES,USA,,,,,,,,CHN,CHINA,CHN,,,,,,,,1,043,043,04,1,2.8,8,1,8,5.85635359116022,2,"New York, United States",US,USNY,,42.1497,-74.9384,NY,4,"Beijing, Beijing, China",CH,CH22,13001,39.9289,116.388,-1898541,1,Canada,CA,CA,,60.0,-96.0,CA,20191014021500,Consult,Verbal cooperation
879430730,20191014,201910,USA,UTAH,USA,,,,,,,,CHN,CHINA,CHN,,,,,,,,1,0214,021,02,1,3.4,8,1,8,-3.79746835443038,1,China,CH,CH,,35.0,105.0,CH,1,China,CH,CH,,35.0,105.0,CH,1,China,CH,CH,,35.0,105.0,CH,20191014023000,Appeal,Verbal cooperation
879433314,20191014,201910,CHN,CHINA,CHN,,,,,,,,USA,UNITED STATES,USA,,,,,,,,1,120,120,12,3,-4.0,10,1,10,-2.6431718061674,1,China,CH,CH,,35.0,105.0,CH,1,United States,US,US,,39.828175,-98.5795,US,1,China,CH,CH,,35.0,105.0,CH,20191014030000,Reject,Verbal conflict
879433316,20191014,201910,CHN,CHINESE,CHN,,,,,,,,USA,WASHINGTON,USA,,,,,,,,1,190,190,19,4,-10.0,8,1,8,-3.21428571428572,4,"Beijing, Beijing, China",CH,CH22,13001,39.9289,116.388,-1898541,3,"Washington, District of Columbia, United States",US,USDC,DC001,38.8951,-77.0364,531871,4,"Beijing, Beijing, China",CH,CH22,13001,39.9289,116.388,-1898541,20191014030000,Fight,Material conflict
879434124,20191014,201910,USA,TEXAS,USA,,,,,,,,CHN,CHINESE,CHN,,,,,,,,1,020,020,02,1,3.0,6,1,6,-0.75566750629723,1,Ukraine,UP,UP,,49.0,32.0,UP,1,Ukraine,UP,UP,,49.0,32.0,UP,1,Ukraine,UP,UP,,49.0,32.0,UP,20191014030000,Appeal,Verbal cooperation
879434128,20191014,201910,USA,WASHINGTON,USA,,,,,,,,CHN,CHINESE,CHN,,,,,,,,1,190,190,19,4,-10.0,8,1,8,-3.21428571428572,3,"Washington, District of Columbia, United States",US,USDC,DC001,38.8951,-77.0364,531871,4,"Beijing, Beijing, China",CH,CH22,13001,39.9289,116.388,-1898541,4,"Beijing, Beijing, China",CH,CH22,13001,39.9289,116.388,-1898541,20191014030000,Fight,Material conflict
879435934,20191014,201910,USABUS,AMERICAN,USA,,,,,BUS,,,CHN,CHINA,CHN,,,,,,,,1,010,010,01,1,0.0,6,1,6,0.52910052910053,2,"Nebraska, United States",US,USNE,,41.1289,-98.2883,NE,1,China,CH,CH,,35.0,105.0,CH,2,"Nebraska, United States",US,USNE,,41.1289,-98.2883,NE,20191014031500,Make public statement,Verbal cooperation
879438280,20191014,201910,CHN,BEIJING,CHN,,,,,,,,USA,UNITED STATES,USA,,,,,,,,1,061,061,06,2,6.4,6,1,6,-3.7037037037037,4,"Beijing, Beijing, China",CH,CH22,13001,39.9289,116.388,-1898541,1,United States,US,US,,39.828175,-98.5795,US,1,United States,US,US,,39.828175,-98.5795,US,20191014034500,Engage in material cooperation,Material cooperation
879438281,20191014,201910,CHN,CHINA,CHN,,,,,,,,USA,UNITED STATES,USA,,,,,,,,1,061,061,06,2,6.4,10,1,10,-3.7037037037037,1,United States,US,US,,39.828175,-98.5795,US,1,United States,US,US,,39.828175,-98.5795,US,1,United States,US,US,,39.828175,-98.5795,US,20191014034500,Engage in material cooperation,Material cooperation
879438283,20191014,201910,CHN,BEIJING,CHN,,,,,,,,USA,WASHINGTON,USA,,,,,,,,1,160,160,16,4,-4.0,6,1,6,-2.78514588859417,4,"Beijing, Beijing, China",CH,CH22,13001,39.9289,116.388,-1898541,3,"Washington, District of Columbia, United States",US,USDC,DC001,38.8951,-77.0364,531871,3,"Washington, District of Columbia, United States",US,USDC,DC001,38.8951,-77.0364,531871,20191014034500,Reduce relations,Material conflict
879440159,20191014,201910,CHN,CHINA,CHN,,,,,,,,USA,PHILADELPHIA,USA,,,,,,,,1,042,042,04,1,1.9,7,1,7,4.44874274661508,4,"Shiquan, Sichuan, China",CH,CH32,13003,31.3335,105.761,10341690,3,"Philadelphia, Pennsylvania, United States",US,USPA,PA101,39.9523,-75.1638,1209052,4,"Shiquan, Sichuan, China",CH,CH32,13003,31.3335,105.761,10341690,20191014040000,Consult,Verbal cooperation
879440161,20191014,201910,CHN,CHINA,CHN,,,,,,,,USA,PHILADELPHIA,USA,,,,,,,,1,043,043,04,1,2.8,7,1,7,4.44874274661508,4,"Shiquan, Sichuan, China",CH,CH32,13003,31.3335,105.761,10341690,3,"Philadelphia, Pennsylvania, United States",US,USPA,PA101,39.9523,-75.1638,1209052,3,"Philadelphia, Pennsylvania, United States",US,USPA,PA101,39.9523,-75.1638,1209052,20191014040000,Consult,Verbal cooperation
879440166,20191014,201910,CHN,CHINA,CHN,,,,,,,,USA,UNITED STATES,USA,,,,,,,,1,051,051,05,1,3.4,10,1,10,4.44874274661508,4,"Shiquan, Sichuan, China",CH,CH32,13003,31.3335,105.761,10341690,4,"Shiquan, Sichuan, China",CH,CH32,13003,31.3335,105.761,10341690,4,"Shiquan, Sichuan, China",CH,CH32,13003,31.3335,105.761,10341690,20191014040000,Engage in diplomatic cooperation,Verbal cooperation
879441152,20191014,201910,USA,PHILADELPHIA,USA,,,,,,,,CHN,CHINA,CHN,,,,,,,,1,042,042,04,1,1.9,7,1,7,4.44874274661508,3,"Philadelphia, Pennsylvania, United States",US,USPA,PA101,39.9523,-75.1638,1209052,4,"Shiquan, Sichuan, China",CH,CH32,13003,31.3335,105.761,10341690,3,"Philadelphia, Pennsylvania, United States",US,USPA,PA101,39.9523,-75.1638,1209052,20191014040000,Consult,Verbal cooperation
879441154,20191014,201910,USA,PHILADELPHIA,USA,,,,,,,,CHN,CHINA,CHN,,,,,,,,1,043,043,04,1,2.8,7,1,7,4.44874274661508,3,"Philadelphia, Pennsylvania, United States",US,USPA,PA101,39.9523,-75.1638,1209052,4,"Shiquan, Sichuan, China",CH,CH32,13003,31.3335,105.761,10341690,4,"Shiquan, Sichuan, China",CH,CH32,13003,31.3335,105.761,10341690,20191014040000,Consult,Verbal cooperation
879441159,20191014,201910,USA,PHILADELPHIA,USA,,,,,,,,CHN,CHINA,CHN,,,,,,,,1,051,051,05,1,3.4,8,1,8,4.44874274661508,3,"Philadelphia, Pennsylvania, United States",US,USPA,PA101,39.9523,-75.1638,1209052,4,"Guan Xia, Jiangxi, China",CH,CH03,13164,28.8217,115.152,-1907308,4,"Guan Xia, Jiangxi, China",CH,CH03,13164,28.8217,115.152,-1907308,20191014040000,Engage in diplomatic cooperation,Verbal cooperation
879442922,20191014,201910,USA,THE US,USA,,,,,,,,CHN,CHINESE,CHN,,,,,,,,1,160,160,16,4,-4.0,6,1,6,-2.29508196721311,4,"Kuala Lumpur, Kuala Lumpur, Malaysia",MY,MY14,18585,3.16667,101.7,-2403010,4,"Kuala Lumpur, Kuala Lumpur, Malaysia",MY,MY14,18585,3.16667,101.7,-2403010,4,"Kuala Lumpur, Kuala Lumpur, Malaysia",MY,MY14,18585,3.16667,101.7,-2403010,20191014041500,Reduce relations,Material conflict
879445458,20191014,201910,CHN,CHINA,CHN,,,,,,,,USA,UNITED STATES,USA,,,,,,,,1,061,061,06,2,6.4,10,1,10,-4.91803278688525,4,"Beijing, Beijing, China",CH,CH22,13001,39.9289,116.388,-1898541,4,"Beijing, Beijing, China",CH,CH22,13001,39.9289,116.388,-1898541,4,"Beijing, Beijing, China",CH,CH22,13001,39.9289,116.388,-1898541,20191014044500,Engage in material cooperation,Material cooperation
879447024,20191007,201910,USA,THE US,USA,,,,,,,,CHN,CHINA,CHN,,,,,,,,1,0311,031,03,1,5.2,10,1,10,-3.73831775700934,1,China,CH,CH,,35.0,105.0,CH,1,China,CH,CH,,35.0,105.0,CH,1,China,CH,CH,,35.0,105.0,CH,20191014050000,Express intent to cooperate,Verbal cooperation
879447282,20191014,201910,CHN,CHINA,CHN,,,,,,,,USA,UNITED STATES,USA,,,,,,,,1,040,040,04,1,1.0,8,1,8,4.75206611570248,4,"Hong Xiao, Hunan, China",CH,CH11,13142,27.8322,111.953,9185103,2,"New York, United States",US,USNY,,42.1497,-74.9384,NY,2,"New York, United States",US,USNY,,42.1497,-74.9384,NY,20191014050000,Consult,Verbal cooperation
879447283,20191014,201910,CHN,CHINA,CHN,,,,,,,,USA,UNITED STATES,USA,,,,,,,,1,042,042,04,1,1.9,10,1,10,4.75206611570248,4,"Beijing, Beijing, China",CH,CH22,13001,39.9289,116.388,-1898541,4,"Beijing, Beijing, China",CH,CH22,13001,39.9289,116.388,-1898541,1,Canada,CA,CA,,60.0,-96.0,CA,20191014050000,Consult,Verbal cooperation
879447285,20191014,201910,CHN,CHINA,CHN,,,,,,,,USA,UNITED STATES,USA,,,,,,,,1,042,042,04,1,1.9,8,1,8,4.75206611570248,4,"Hong Xiao, Hunan, China",CH,CH11,13142,27.8322,111.953,9185103,2,"New York, United States",US,USNY,,42.1497,-74.9384,NY,1,Canada,CA,CA,,60.0,-96.0,CA,20191014050000,Consult,Verbal cooperation
879447287,20191014,201910,CHN,CHINA,CHN,,,,,,,,USA,UNITED STATES,USA,,,,,,,,1,043,043,04,1,2.8,16,1,8,4.75206611570248,4,"Hong Xiao, Hunan, China",CH,CH11,13142,27.8322,111.953,9185103,2,"New York, United States",US,USNY,,42.1497,-74.9384,NY,1,Canada,CA,CA,,60.0,-96.0,CA,20191014050000,Consult,Verbal cooperation
879447289,20191014,201910,CHN,CHINA,CHN,,,,,,,,USA,UNITED STATES,USA,,,,,,,,1,061,061,06,2,6.4,16,2,16,-1.7035217035217,1,China,CH,CH,,35.0,105.0,CH,3,"Washington, District of Columbia, United States",US,USDC,DC001,38.8951,-77.0364,531871,1,China,CH,CH,,35.0,105.0,CH,20191014050000,Engage in material cooperation,Material cooperation
879448288,20191014,201910,USA,UNITED STATES,USA,,,,,,,,CHN,CHINA,CHN,,,,,,,,1,040,040,04,1,1.0,8,1,8,4.75206611570248,2,"New York, United States",US,USNY,,42.1497,-74.9384,NY,4,"Hong Xiao, Hunan, China",CH,CH11,13142,27.8322,111.953,9185103,2,"New York, United States",US,USNY,,42.1497,-74.9384,NY,20191014050000,Consult,Verbal cooperation
879448290,20191014,201910,USA,UNITED STATES,USA,,,,,,,,CHN,CHINA,CHN,,,,,,,,1,042,042,04,1,1.9,16,1,8,4.75206611570248,2,"New York, United States",US,USNY,,42.1497,-74.9384,NY,4,"Hong Xiao, Hunan, China",CH,CH11,13142,27.8322,111.953,9185103,1,Canada,CA,CA,,60.0,-96.0,CA,20191014050000,Consult,Verbal cooperation
879448292,20191014,201910,USA,UNITED STATES,USA,,,,,,,,CHN,CHINA,CHN,,,,,,,,1,043,043,04,1,2.8,16,1,8,4.75206611570248,2,"New York, United States",US,USNY,,42.1497,-74.9384,NY,4,"Hong Xiao, Hunan, China",CH,CH11,13142,27.8322,111.953,9185103,1,Canada,CA,CA,,60.0,-96.0,CA,20191014050000,Consult,Verbal cooperation
879454393,20191014,201910,USA,UNITED STATES,USA,,,,,,,,CHN,CHINA,CHN,,,,,,,,1,173,173,17,4,-5.0,6,1,6,-1.38121546961327,3,"Baltimore, Maryland, United States",US,USMD,MD510,39.2904,-76.6122,597040,4,"Shanghai, Shanghai, China",CH,CH23,13243,31.2222,121.458,-1924465,4,"Shanghai, Shanghai, China",CH,CH23,13243,31.2222,121.458,-1924465,20191014054500,Coerce,Material conflict
879456431,20191014,201910,USAMED,REUTERS,USA,,,,,MED,,,CHN,SHANGHAI,CHN,,,,,,,,1,061,061,06,2,6.4,10,1,10,-0.78947368421053,4,"Min Zhang, Sichuan, China",CH,CH32,13297,31.6076,98.7877,10443237,4,"Min Zhang, Sichuan, China",CH,CH32,13297,31.6076,98.7877,10443237,4,"Min Zhang, Sichuan, China",CH,CH32,13297,31.6076,98.7877,10443237,20191014060000,Engage in material cooperation,Material cooperation
879465270,20191014,201910,CHN,CHINESE,CHN,,,,,,,,USA,WASHINGTON,USA,,,,,,,,1,160,160,16,4,-4.0,6,1,6,-2.69905533063428,4,"Xinjiang, Jiangxi, China",CH,CH03,13167,27.7481,116.274,11065838,3,"Washington, District of Columbia, United States",US,USDC,DC001,38.8951,-77.0364,531871,3,"Washington, District of Columbia, United States",US,USDC,DC001,38.8951,-77.0364,531871,20191014071500,Reduce relations,Material conflict
879468997,20191014,201910,USA,WASHINGTON,USA,,,,,,,,CHN,CHINESE,CHN,,,,,,,,1,130,130,13,3,-4.4,10,1,10,-2.51647693229479,4,"Beijing, Beijing, China",CH,CH22,13001,39.9289,116.388,-1898541,4,"Beijing, Beijing, China",CH,CH22,13001,39.9289,116.388,-1898541,4,"Beijing, Beijing, China",CH,CH22,13001,39.9289,116.388,-1898541,20191014073000,Threaten,Verbal conflict
879471246,20191014,201910,USA,THE US,USA,,,,,,,,CHN,CHINESE,CHN,,,,,,,,1,030,030,03,1,4.0,8,1,8,2.37154150197629,4,"Beijing, Beijing, China",CH,CH22,13001,39.9289,116.388,-1898541,4,"Beijing, Beijing, China",CH,CH22,13001,39.9289,116.388,-1898541,4,"Beijing, Beijing, China",CH,CH22,13001,39.9289,116.388,-1898541,20191014074500,Express intent to cooperate,Verbal cooperation
879472710,20191014,201910,CHN,CHINA,CHN,,,,,,,,USA,THE US,USA,,,,,,,,1,046,046,04,1,7.0,10,1,10,-4.06732117812061,4,"Xinjiang, Jiangxi, China",CH,CH03,13167,27.7481,116.274,11065838,4,"Xinjiang, Jiangxi, China",CH,CH03,13167,27.7481,116.274,11065838,4,"Xinjiang, Jiangxi, China",CH,CH03,13167,27.7481,116.274,11065838,20191014080000,Consult,Verbal cooperation
879475978,20191014,201910,CHN,CHINA,CHN,,,,,,,,USA,UNITED STATES,USA,,,,,,,,1,061,061,06,2,6.4,9,2,9,-2.75377634505836,4,"Riyadh, Ar Riya?, Saudi Arabia",SA,SA10,25316,24.6408,46.7728,-3093009,4,"Riyadh, Ar Riya?, Saudi Arabia",SA,SA10,25316,24.6408,46.7728,-3093009,4,"Riyadh, Ar Riya?, Saudi Arabia",SA,SA10,25316,24.6408,46.7728,-3093009,20191014081500,Engage in material cooperation,Material cooperation
879475979,20191014,201910,CHN,CHINA,CHN,,,,,,,,USA,UNITED STATES,USA,,,,,,,,1,061,061,06,2,6.4,20,2,20,-2.73768796690463,4,"Riyadh, Ar Riya?, Saudi Arabia",SA,SA10,25316,24.6408,46.7728,-3093009,1,Syria,SY,SY,,35.0,38.0,SY,4,"Riyadh, Ar Riya?, Saudi Arabia",SA,SA10,25316,24.6408,46.7728,-3093009,20191014081500,Engage in material cooperation,Material cooperation
879475985,20191014,201910,CHN,CHINESE,CHN,,,,,,,,USA,THE US,USA,,,,,,,,1,120,120,12,3,-4.0,15,1,9,-1.72101449275362,4,"Wuhan, Hubei, China",CH,CH12,13124,30.5833,114.267,-1930776,4,"Wuhan, Hubei, China",CH,CH12,13124,30.5833,114.267,-1930776,4,"Wuhan, Hubei, China",CH,CH12,13124,30.5833,114.267,-1930776,20191014081500,Reject,Verbal conflict
879475987,20191014,201910,CHN,BEIJING,CHN,,,,,,,,USA,UNITED STATES,USA,,,,,,,,1,130,130,13,3,-4.4,10,3,10,0.225188301764644,4,"Beijing, Beijing, China",CH,CH22,13001,39.9289,116.388,-1898541,4,"Beijing, Beijing, China",CH,CH22,13001,39.9289,116.388,-1898541,1,Singapore,SN,SN,,1.366667,103.8,SN,20191014081500,Threaten,Verbal conflict
879477109,20191014,201910,USA,THE US,USA,,,,,,,,CHN,CHINESE,CHN,,,,,,,,1,160,160,16,4,-4.0,8,1,8,-2.38805970149254,4,"Petaling, Malaysia (general), Malaysia",MY,MY00,18585,3.08333,101.667,-2403014,4,"Bursa, Bursa, Turkey",TU,TU16,27677,40.1917,29.0611,-740501,4,"Bursa, Bursa, Turkey",TU,TU16,27677,40.1917,29.0611,-740501,20191014081500,Reduce relations,Material conflict
879489022,20191014,201910,USA,WASHINGTON,USA,,,,,,,,CHN,CHINA,CHN,,,,,,,,1,013,013,01,1,0.4,6,1,6,-2.5531914893617,4,"New Delhi, Delhi, India",IN,IN07,17911,28.6,77.2,-2106102,4,"New Delhi, Delhi, India",IN,IN07,17911,28.6,77.2,-2106102,4,"New Delhi, Delhi, India",IN,IN07,17911,28.6,77.2,-2106102,20191014093000,Make public statement,Verbal cooperation
879494541,20191014,201910,USA,UNITED STATES,USA,,,,,,,,CHN,CHINESE,CHN,,,,,,,,1,040,040,04,1,1.0,8,1,8,-2.06185567010309,4,"Shanghai, Shanghai, China",CH,CH23,13243,31.2222,121.458,-1924465,4,"Shanghai, Shanghai, China",CH,CH23,13243,31.2222,121.458,-1924465,4,"Shanghai, Shanghai, China",CH,CH23,13243,31.2222,121.458,-1924465,20191014100000,Consult,Verbal cooperation
879497609,20191014,201910,CHN,BEIJING,CHN,,,,,,,,USA,WASHINGTON,USA,,,,,,,,1,0871,087,08,2,9.0,8,1,8,-2.96296296296297,3,"Washington, District of Columbia, United States",US,USDC,DC001,38.8951,-77.0364,531871,4,"Beijing, Beijing, China",CH,CH22,13001,39.9289,116.388,-1898541,4,"Beijing, Beijing, China",CH,CH22,13001,39.9289,116.388,-1898541,20191014101500,Yield,Material cooperation
879503019,20191014,201910,USA,TEXAS,USA,,,,,,,,CHN,CHINA,CHN,,,,,,,,1,090,090,09,2,-2.0,10,1,10,-1.5625,1,Iran,IR,IR,,32.0,53.0,IR,1,Iran,IR,IR,,32.0,53.0,IR,1,Iran,IR,IR,,32.0,53.0,IR,20191014104500,Investigate,Material cooperation
879503020,20191014,201910,USA,UNITED STATES,USA,,,,,,,,CHN,CHINA,CHN,,,,,,,,1,163,163,16,4,-8.0,10,1,10,-3.47826086956522,1,Hong Kong,HK,HK,,22.25,114.166667,HK,1,Iraq,IZ,IZ,,33.0,44.0,IZ,1,Hong Kong,HK,HK,,22.25,114.166667,HK,20191014104500,Reduce relations,Material conflict
879504824,20191014,201910,CHNGOV,CHINESE,CHN,,,,,GOV,,,USA,THE US,USA,,,,,,,,1,020,020,02,1,3.0,6,1,6,-1.05263157894737,4,"Beijing, Beijing, China",CH,CH22,13001,39.9289,116.388,-1898541,4,"Qingdao, Shandong, China",CH,CH25,13226,36.0986,120.372,-1922199,4,"Beijing, Beijing, China",CH,CH22,13001,39.9289,116.388,-1898541,20191014110000,Appeal,Verbal cooperation
879504825,20191014,201910,CHNGOV,CHINESE,CHN,,,,,GOV,,,USA,THE US,USA,,,,,,,,1,061,061,06,2,6.4,6,1,6,-1.05263157894737,4,"Beijing, Beijing, China",CH,CH22,13001,39.9289,116.388,-1898541,4,"Qingdao, Shandong, China",CH,CH25,13226,36.0986,120.372,-1922199,4,"Qingdao, Shandong, China",CH,CH25,13226,36.0986,120.372,-1922199,20191014110000,Engage in material cooperation,Material cooperation
879510992,20191014,201910,CHN,CHINA,CHN,,,,,,,,USA,UNITED STATES,USA,,,,,,,,1,010,010,01,1,0.0,10,1,10,0.18587360594795,4,"Hangzhou, Zhejiang, China",CH,CH02,13319,30.2553,120.169,-1908366,1,United States,US,US,,39.828175,-98.5795,US,4,"Hangzhou, Zhejiang, China",CH,CH02,13319,30.2553,120.169,-1908366,20191014113000,Make public statement,Verbal cooperation
879512375,20191014,201910,USA,UNITED STATES,USA,,,,,,,,CHN,CHINA,CHN,,,,,,,,1,013,013,01,1,0.4,10,1,10,-1.75438596491228,4,"Beijing, Beijing, China",CH,CH22,13001,39.9289,116.388,-1898541,4,"Beijing, Beijing, China",CH,CH22,13001,39.9289,116.388,-1898541,4,"Beijing, Beijing, China",CH,CH22,13001,39.9289,116.388,-1898541,20191014113000,Make public statement,Verbal cooperation
879512378,20191014,201910,USA,THE US,USA,,,,,,,,CHN,CHINA,CHN,,,,,,,,1,061,061,06,2,6.4,10,1,10,-1.58227848101266,4,"Henan, Henan, China",CH,CH09,13111,33.415,112.422,10521711,4,"Henan, Henan, China",CH,CH09,13111,33.415,112.422,10521711,4,"Henan, Henan, China",CH,CH09,13111,33.415,112.422,10521711,20191014113000,Engage in material cooperation,Material cooperation
879515308,20191014,201910,USA,THE US,USA,,,,,,,,CHN,CHINA,CHN,,,,,,,,1,061,061,06,2,6.4,10,1,10,-1.36518771331058,1,United States,US,US,,39.828175,-98.5795,US,1,United States,US,US,,39.828175,-98.5795,US,1,United States,US,US,,39.828175,-98.5795,US,20191014114500,Engage in material cooperation,Material cooperation
879515370,20191014,201910,USABUS,AMERICAN,USA,,,,,BUS,,,CHN,CHINESE,CHN,,,,,,,,1,090,090,09,2,-2.0,6,1,6,-4.55729166666667,3,"White House, District of Columbia, United States",US,USDC,,38.8951,-77.0364,531871,4,"Beijing, Beijing, China",CH,CH22,13001,39.9289,116.388,-1898541,4,"Beijing, Beijing, China",CH,CH22,13001,39.9289,116.388,-1898541,20191014114500,Investigate,Material cooperation
879517057,20191014,201910,CHN,CHINA,CHN,,,,,,,,USA,UNITED STATES,USA,,,,,,,,1,046,046,04,1,7.0,8,1,8,1.49253731343283,1,China,CH,CH,,35.0,105.0,CH,1,United States,US,US,,39.828175,-98.5795,US,1,United States,US,US,,39.828175,-98.5795,US,20191014120000,Consult,Verbal cooperation
879517060,20191014,201910,CHN,CHINA,CHN,,,,,,,,USAMED,REUTERS,USA,,,,,MED,,,1,061,061,06,2,6.4,10,1,10,1.58730158730159,1,China,CH,CH,,35.0,105.0,CH,1,Chile,CI,CI,,-30.0,-71.0,CI,1,Chile,CI,CI,,-30.0,-71.0,CI,20191014120000,Engage in material cooperation,Material cooperation
879518214,20191014,201910,USAMED,REUTERS,USA,,,,,MED,,,CHN,CHINA,CHN,,,,,,,,1,061,061,06,2,6.4,10,1,10,1.58730158730159,2,"Texas, United States",US,USTX,,31.106,-97.6475,TX,1,Chile,CI,CI,,-30.0,-71.0,CI,1,Chile,CI,CI,,-30.0,-71.0,CI,20191014120000,Engage in material cooperation,Material cooperation
879523380,20191014,201910,CHN,CHINA,CHN,,,,,,,,USA,UNITED STATES,USA,,,,,,,,1,0311,031,03,1,5.2,10,1,10,3.42857142857143,1,China,CH,CH,,35.0,105.0,CH,2,"Iowa, United States",US,USIA,,42.0046,-93.214,IA,2,"Iowa, United States",US,USIA,,42.0046,-93.214,IA,20191014123000,Express intent to cooperate,Verbal cooperation
879528311,20191014,201910,USA,THE US,USA,,,,,,,,CHN,CHINA,CHN,,,,,,,,1,010,010,01,1,0.0,10,1,10,0.32894736842105,1,China,CH,CH,,35.0,105.0,CH,1,China,CH,CH,,35.0,105.0,CH,1,China,CH,CH,,35.0,105.0,CH,20191014124500,Make public statement,Verbal cooperation
879530271,20191014,201910,CHN,CHINA,CHN,,,,,,,,USA,UNITED STATES,USA,,,,,,,,1,100,100,10,3,-5.0,6,1,6,-3.97727272727273,4,"Yitu, Shandong, China",CH,CH25,13231,36.6967,118.48,-1936307,1,United States,US,US,,39.828175,-98.5795,US,4,"Yitu, Shandong, China",CH,CH25,13231,36.6967,118.48,-1936307,20191014130000,Demand,Verbal conflict
879531567,20191014,201910,USA,WASHINGTON,USA,,,,,,,,CHN,CHINA,CHN,,,,,,,,1,0841,084,08,2,7.0,7,1,7,-4.93991989319092,3,"Washington, District of Columbia, United States",US,USDC,DC001,38.8951,-77.0364,531871,4,"Beijing, Beijing, China",CH,CH22,13001,39.9289,116.388,-1898541,4,"Beijing, Beijing, China",CH,CH22,13001,39.9289,116.388,-1898541,20191014130000,Yield,Material cooperation
879542519,20191014,201910,CHN,BEIJING,CHN,,,,,,,,USA,UNITED STATES,USA,,,,,,,,1,046,046,04,1,7.0,8,1,8,0.78125,3,"Washington, District of Columbia, United States",US,USDC,DC001,38.8951,-77.0364,531871,3,"Washington, District of Columbia, United States",US,USDC,DC001,38.8951,-77.0364,531871,3,"Washington, District of Columbia, United States",US,USDC,DC001,38.8951,-77.0364,531871,20191014140000,Consult,Verbal cooperation
879543752,20191014,201910,USA,UNITED STATES,USA,,,,,,,,CHN,BEIJING,CHN,,,,,,,,1,046,046,04,1,7.0,8,1,8,0.78125,3,"Washington, District of Columbia, United States",US,USDC,DC001,38.8951,-77.0364,531871,4,"Beijing, Beijing, China",CH,CH22,13001,39.9289,116.388,-1898541,3,"Washington, District of Columbia, United States",US,USDC,DC001,38.8951,-77.0364,531871,20191014140000,Consult,Verbal cooperation
879555014,20191014,201910,USAGOV,THE WHITE HOUSE,USA,,,,,GOV,,,CHN,CHINESE,CHN,,,,,,,,1,014,014,01,1,0.0,6,1,6,2.8169014084507,4,"Beijing, Beijing, China",CH,CH22,13001,39.9289,116.388,-1898541,4,"Beijing, Beijing, China",CH,CH22,13001,39.9289,116.388,-1898541,4,"Beijing, Beijing, China",CH,CH22,13001,39.9289,116.388,-1898541,20191014144500,Make public statement,Verbal cooperation
879566340,20191014,201910,USA,WASHINGTON,USA,,,,,,,,CHN,CHINA,CHN,,,,,,,,1,020,020,02,1,3.0,7,1,7,-5.21739130434783,3,"Washington, District of Columbia, United States",US,USDC,DC001,38.8951,-77.0364,531871,4,"Beijing, Beijing, China",CH,CH22,13001,39.9289,116.388,-1898541,3,"Washington, District of Columbia, United States",US,USDC,DC001,38.8951,-77.0364,531871,20191014154500,Appeal,Verbal cooperation
879566548,20191014,201910,USAMED,REUTERS,USA,,,,,MED,,,CHN,CHINA,CHN,,,,,,,,1,061,061,06,2,6.4,10,1,10,-1.16959064327485,1,China,CH,CH,,35.0,105.0,CH,1,China,CH,CH,,35.0,105.0,CH,1,China,CH,CH,,35.0,105.0,CH,20191014154500,Engage in material cooperation,Material cooperation
879577141,20191014,201910,USA,THE US,USA,,,,,,,,CHN,CHINA,CHN,,,,,,,,1,010,010,01,1,0.0,10,1,10,2.61627906976744,4,"Mumbai, Maharashtra, India",IN,IN16,70184,18.975,72.8258,-2092174,4,"Mumbai, Maharashtra, India",IN,IN16,70184,18.975,72.8258,-2092174,4,"Mumbai, Maharashtra, India",IN,IN16,70184,18.975,72.8258,-2092174,20191014163000,Make public statement,Verbal cooperation
879578990,20191014,201910,CHN,CHINESE,CHN,,,,,,,,USA,UNITED STATES,USA,,,,,,,,1,043,043,04,1,2.8,6,1,6,2.17391304347826,3,"Hollywood, California, United States",US,USCA,CA037,34.0983,-118.327,1660757,3,"Hollywood, California, United States",US,USCA,CA037,34.0983,-118.327,1660757,2,"California, United States",US,USCA,,36.17,-119.746,CA,20191014164500,Consult,Verbal cooperation
879580365,20191014,201910,USA,UNITED STATES,USA,,,,,,,,CHN,CHINESE,CHN,,,,,,,,1,042,042,04,1,1.9,6,1,6,2.17391304347826,3,"Hollywood, California, United States",US,USCA,CA037,34.0983,-118.327,1660757,3,"Hollywood, California, United States",US,USCA,CA037,34.0983,-118.327,1660757,2,"California, United States",US,USCA,,36.17,-119.746,CA,20191014164500,Consult,Verbal cooperation
879582219,20191014,201910,CHN,CHINA,CHN,,,,,,,,MNCUSABUS,SEMPRA ENERGY,USA,,,,,MNC,BUS,,1,061,061,06,2,6.4,8,1,8,3.19634703196347,1,China,CH,CH,,35.0,105.0,CH,1,Chile,CI,CI,,-30.0,-71.0,CI,1,Chile,CI,CI,,-30.0,-71.0,CI,20191014170000,Engage in material cooperation,Material cooperation
879583124,20191014,201910,MNCUSABUS,SEMPRA ENERGY,USA,,,,,MNC,BUS,,CHN,CHINA,CHN,,,,,,,,1,061,061,06,2,6.4,6,1,6,3.19634703196347,1,Greece,GR,GR,,39.0,22.0,GR,1,United Kingdom,UK,UK,,54.0,-4.0,UK,1,Greece,GR,GR,,39.0,22.0,GR,20191014170000,Engage in material cooperation,Material cooperation
879591706,20191014,201910,CHN,CHINA,CHN,,,,,,,,MNCUSAMED,GOOGLE,USA,,,,,MNC,MED,,1,042,042,04,1,1.9,6,1,6,-2.4330900243309,1,China,CH,CH,,35.0,105.0,CH,1,China,CH,CH,,35.0,105.0,CH,1,China,CH,CH,,35.0,105.0,CH,20191014174500,Consult,Verbal cooperation
879591707,20191014,201910,CHN,CHINA,CHN,,,,,,,,MNCUSAMED,GOOGLE,USA,,,,,MNC,MED,,1,046,046,04,1,7.0,6,1,6,-2.4330900243309,1,China,CH,CH,,35.0,105.0,CH,1,China,CH,CH,,35.0,105.0,CH,1,China,CH,CH,,35.0,105.0,CH,20191014174500,Consult,Verbal cooperation
879592528,20191014,201910,MNCUSAMED,GOOGLE,USA,,,,,MNC,MED,,CHN,CHINA,CHN,,,,,,,,1,043,043,04,1,2.8,6,1,6,-2.4330900243309,4,"Alexandria, Al Iskandariyah, Egypt",EG,EG06,61590,31.1981,29.9192,-290263,4,"Alexandria, Al Iskandariyah, Egypt",EG,EG06,61590,31.1981,29.9192,-290263,4,"Alexandria, Al Iskandariyah, Egypt",EG,EG06,61590,31.1981,29.9192,-290263,20191014174500,Consult,Verbal cooperation
879592529,20191014,201910,MNCUSAMED,GOOGLE,USA,,,,,MNC,MED,,CHN,CHINA,CHN,,,,,,,,1,046,046,04,1,7.0,6,1,6,-2.4330900243309,1,China,CH,CH,,35.0,105.0,CH,1,China,CH,CH,,35.0,105.0,CH,1,China,CH,CH,,35.0,105.0,CH,20191014174500,Consult,Verbal cooperation
879610965,20191014,201910,CHN,CHINA,CHN,,,,,,,,USA,UNITED STATES,USA,,,,,,,,1,046,046,04,1,7.0,6,1,6,-2.82485875706215,1,China,CH,CH,,35.0,105.0,CH,3,"Chicago, Illinois, United States",US,USIL,IL031,41.85,-87.6501,423587,3,"Chicago, Illinois, United States",US,USIL,IL031,41.85,-87.6501,423587,20191014193000,Consult,Verbal cooperation
879612172,20191014,201910,USA,UNITED STATES,USA,,,,,,,,CHN,CHINA,CHN,,,,,,,,1,046,046,04,1,7.0,10,1,10,-2.82485875706215,3,"Chicago, Illinois, United States",US,USIL,IL031,41.85,-87.6501,423587,3,"Chicago, Illinois, United States",US,USIL,IL031,41.85,-87.6501,423587,3,"Chicago, Illinois, United States",US,USIL,IL031,41.85,-87.6501,423587,20191014193000,Consult,Verbal cooperation
879615564,20191014,201910,CHNBUS,CHINESE,CHN,,,,,BUS,,,MNCUSA,SEMPRA ENERGY,USA,,,,,MNC,,,1,061,061,06,2,6.4,6,1,6,1.04321907600596,4,"Beijing, Beijing, China",CH,CH22,13001,39.9289,116.388,-1898541,1,Chile,CI,CI,,-30.0,-71.0,CI,1,Chile,CI,CI,,-30.0,-71.0,CI,20191014200000,Engage in material cooperation,Material cooperation
879616277,20191014,201910,MNCUSA,SEMPRA ENERGY,USA,,,,,MNC,,,CHNBUS,CHINESE,CHN,,,,,BUS,,,1,061,061,06,2,6.4,6,1,6,1.04321907600596,3,"Panama Canal, Louisiana, United States",US,USLA,LA005,30.1569,-90.8834,537956,3,"Panama Canal, Louisiana, United States",US,USLA,,30.1569,-90.8834,537956,3,"Panama Canal, Louisiana, United States",US,USLA,,30.1569,-90.8834,537956,20191014200000,Engage in material cooperation,Material cooperation
879623348,20191014,201910,CHN,CHINA,CHN,,,,,,,,USAAGR,WASHINGTON,USA,,,,,AGR,,,1,061,061,06,2,6.4,6,1,6,-0.15847860538827,1,China,CH,CH,,35.0,105.0,CH,2,"Washington, United States",US,USWA,,47.3917,-121.571,WA,1,China,CH,CH,,35.0,105.0,CH,20191014204500,Engage in material cooperation,Material cooperation
879624698,20191014,201910,USAAGR,WASHINGTON,USA,,,,,AGR,,,CHN,CHINA,CHN,,,,,,,,1,061,061,06,2,6.4,6,1,6,-0.15847860538827,2,"Washington, United States",US,USWA,,47.3917,-121.571,WA,1,China,CH,CH,,35.0,105.0,CH,1,China,CH,CH,,35.0,105.0,CH,20191014204500,Engage in material cooperation,Material cooperation
879626663,20191014,201910,USA,UNITED STATES,USA,,,,,,,,CHN,CANTON,CHN,,,,,,,,1,111,111,11,3,-2.0,6,1,6,-5.89254766031195,3,"White House, District of Columbia, United States",US,USDC,,38.8951,-77.0364,531871,3,"White House, District of Columbia, United States",US,USDC,,38.8951,-77.0364,531871,3,"White House, District of Columbia, United States",US,USDC,,38.8951,-77.0364,531871,20191014210000,Disapprove,Verbal conflict
879633286,20191014,201910,USA,CHICAGO,USA,,,,,,,,CHNOPP,TIBET,CHN,,,,,OPP,,,1,051,051,05,1,3.4,10,1,10,-3.82775119617224,3,"Chicago, Illinois, United States",US,USIL,IL031,41.85,-87.6501,423587,3,"Chicago, Illinois, United States",US,USIL,IL031,41.85,-87.6501,423587,3,"Chicago, Illinois, United States",US,USIL,IL031,41.85,-87.6501,423587,20191014214500,Engage in diplomatic cooperation,Verbal cooperation
879633287,20191014,201910,USA,CHICAGO,USA,,,,,,,,CHNOPP,TIBET,CHN,,,,,OPP,,,1,141,141,14,3,-6.5,10,1,10,-3.82775119617224,3,"Chicago, Illinois, United States",US,USIL,IL031,41.85,-87.6501,423587,3,"Chicago, Illinois, United States",US,USIL,IL031,41.85,-87.6501,423587,3,"Chicago, Illinois, United States",US,USIL,IL031,41.85,-87.6501,423587,20191014214500,Protest,Verbal conflict
879643191,20191014,201910,CHN,BEIJING,CHN,,,,,,,,USA,WASHINGTON,USA,,,,,,,,1,127,127,12,3,-5.0,30,1,30,-2.91666666666667,5,"Zhejiang, Zhejiang, China",CH,CH02,13325,29.0,120.0,-1938694,5,"Zhejiang, Zhejiang, China",CH,CH02,13325,29.0,120.0,-1938694,5,"Zhejiang, Zhejiang, China",CH,CH02,13325,29.0,120.0,-1938694,20191014230000,Reject,Verbal conflict
879646197,20191014,201910,USA,THE US,USA,,,,,,,,CHN,CHINA,CHN,,,,,,,,1,050,050,05,1,3.5,6,1,6,2.61780104712042,1,Taiwan,TW,TW,,24.0,121.0,TW,1,Taiwan,TW,TW,,24.0,121.0,TW,1,Taiwan,TW,TW,,24.0,121.0,TW,20191014231500,Engage in diplomatic cooperation,Verbal cooperation
879646362,20191014,201910,USAGOV,THE US,USA,,,,,GOV,,,CHN,CHINESE,CHN,,,,,,,,1,130,130,13,3,-4.4,6,1,6,1.49253731343283,3,"Washington, District of Columbia, United States",US,USDC,DC001,38.8951,-77.0364,531871,1,China,CH,CH,,35.0,105.0,CH,3,"Washington, District of Columbia, United States",US,USDC,DC001,38.8951,-77.0364,531871,20191014231500,Threaten,Verbal conflict
879647180,20191014,201910,CHNGOV,CHINESE,CHN,,,,,GOV,,,USAMED,REUTERS,USA,,,,,MED,,,1,013,013,01,1,0.4,6,1,6,-0.38910505836576,4,"Shanghai, Shanghai, China",CH,CH23,13243,31.2222,121.458,-1924465,4,"Shanghai, Shanghai, China",CH,CH23,13243,31.2222,121.458,-1924465,4,"Shanghai, Shanghai, China",CH,CH23,13243,31.2222,121.458,-1924465,20191014233000,Make public statement,Verbal cooperation
879648009,20191014,201910,USA,WASHINGTON,USA,,,,,,,,CHN,CHINA,CHN,,,,,,,,1,020,020,02,1,3.0,8,1,8,-4.72779369627507,4,"Tang Ping, Guangdong, China",CH,CH30,13048,23.0368,111.921,10388204,4,"Tang Ping, Guangdong, China",CH,CH30,13048,23.0368,111.921,10388204,4,"Tang Ping, Guangdong, China",CH,CH30,13048,23.0368,111.921,10388204,20191014233000,Appeal,Verbal cooperation
879660578,20191015,201910,CHNGOV,CHINESE,CHN,,,,,GOV,,,USAMED,REUTERS,USA,,,,,MED,,,1,013,013,01,1,0.4,6,1,6,-0.41753653444677,4,"Shanghai, Shanghai, China",CH,CH23,13243,31.2222,121.458,-1924465,4,"Shanghai, Shanghai, China",CH,CH23,13243,31.2222,121.458,-1924465,4,"Shanghai, Shanghai, China",CH,CH23,13243,31.2222,121.458,-1924465,20191015003000,Make public statement,Verbal cooperation
879662502,20191015,201910,USA,THE US,USA,,,,,,,,CHN,CHINA,CHN,,,,,,,,1,061,061,06,2,6.4,10,1,10,0.179211469534049,4,"Dubai, Dubayy, United Arab Emirates",AE,AE03,28575,25.2522,55.28,-782831,4,"Dubai, Dubayy, United Arab Emirates",AE,AE03,28575,25.2522,55.28,-782831,4,"Dubai, Dubayy, United Arab Emirates",AE,AE03,28575,25.2522,55.28,-782831,20191015003000,Engage in material cooperation,Material cooperation
879674212,20191015,201910,CHN,CHINA,CHN,,,,,,,,USA,INDIANA,USA,,,,,,,,1,020,020,02,1,3.0,7,1,7,0.865800865800866,1,China,CH,CH,,35.0,105.0,CH,1,China,CH,CH,,35.0,105.0,CH,1,China,CH,CH,,35.0,105.0,CH,20191015014500,Appeal,Verbal cooperation
879674214,20191015,201910,CHN,CHINA,CHN,,,,,,,,USA,COLUMBUS,USA,,,,,,,,1,036,036,03,1,4.0,6,1,6,0.865800865800866,1,China,CH,CH,,35.0,105.0,CH,1,China,CH,CH,,35.0,105.0,CH,2,"Indiana, United States",US,USIN,,39.8647,-86.2604,IN,20191015014500,Express intent to cooperate,Verbal cooperation
879675424,20191015,201910,USA,COLUMBUS,USA,,,,,,,,CHN,CHINA,CHN,,,,,,,,1,036,036,03,1,4.0,6,1,6,0.865800865800866,1,China,CH,CH,,35.0,105.0,CH,1,China,CH,CH,,35.0,105.0,CH,2,"Indiana, United States",US,USIN,,39.8647,-86.2604,IN,20191015014500,Express intent to cooperate,Verbal cooperation
879675427,20191015,201910,USA,COLUMBUS,USA,,,,,,,,CHN,CHINA,CHN,,,,,,,,1,080,080,08,2,5.0,6,1,6,0.865800865800866,1,China,CH,CH,,35.0,105.0,CH,1,China,CH,CH,,35.0,105.0,CH,1,China,CH,CH,,35.0,105.0,CH,20191015014500,Yield,Material cooperation
879677217,20191015,201910,CHN,CHINA,CHN,,,,,,,,USA,THE US,USA,,,,,,,,1,061,061,06,2,6.4,10,1,10,0.95238095238095,1,China,CH,CH,,35.0,105.0,CH,1,China,CH,CH,,35.0,105.0,CH,1,China,CH,CH,,35.0,105.0,CH,20191015020000,Engage in material cooperation,Material cooperation
879679750,20191015,201910,USA,THE US,USA,,,,,,,,CHN,CHINA,CHN,,,,,,,,1,061,061,06,2,6.4,20,2,20,-0.599319835201545,4,"Beijing, Beijing, China",CH,CH22,13001,39.9289,116.388,-1898541,4,"Beijing, Beijing, China",CH,CH22,13001,39.9289,116.388,-1898541,4,"Beijing, Beijing, China",CH,CH22,13001,39.9289,116.388,-1898541,20191015021500,Engage in material cooperation,Material cooperation
879682927,20191015,201910,USA,WASHINGTON,USA,,,,,,,,CHN,CHINA,CHN,,,,,,,,1,010,010,01,1,0.0,10,1,10,-2.24215246636772,1,China,CH,CH,,35.0,105.0,CH,1,China,CH,CH,,35.0,105.0,CH,1,China,CH,CH,,35.0,105.0,CH,20191015023000,Make public statement,Verbal cooperation
879682930,20191015,201910,USA,WASHINGTON,USA,,,,,,,,CHN,CHINA,CHN,,,,,,,,1,012,012,01,1,-0.4,6,1,6,-2.24215246636772,3,"Washington, District of Columbia, United States",US,USDC,DC001,38.8951,-77.0364,531871,1,China,CH,CH,,35.0,105.0,CH,1,China,CH,CH,,35.0,105.0,CH,20191015023000,Make public statement,Verbal cooperation
879684512,20191015,201910,USAGOVBUS,US TREASURY,USA,,,,,GOV,BUS,,CHN,CHINA,CHN,,,,,,,,1,030,030,03,1,4.0,10,1,10,-0.84985835694051,1,United Kingdom,UK,UK,,54.0,-4.0,UK,1,United Kingdom,UK,UK,,54.0,-4.0,UK,1,United Kingdom,UK,UK,,54.0,-4.0,UK,20191015024500,Express intent to cooperate,Verbal cooperation
879686117,20191015,201910,CHN,CHINESE,CHN,,,,,,,,USA,FIRST STATE,USA,,,,,,,,1,042,042,04,1,1.9,10,1,10,-9.17782026768643,4,"Beijing, Beijing, China",CH,CH22,13001,39.9289,116.388,-1898541,4,"Beijing, Beijing, China",CH,CH22,13001,39.9289,116.388,-1898541,4,"Beijing, Beijing, China",CH,CH22,13001,39.9289,116.388,-1898541,20191015030000,Consult,Verbal cooperation
879687191,20191015,201910,USA,FIRST STATE,USA,,,,,,,,CHN,CHINESE,CHN,,,,,,,,1,043,043,04,1,2.8,10,1,10,-9.17782026768643,4,"Beijing, Beijing, China",CH,CH22,13001,39.9289,116.388,-1898541,4,"Beijing, Beijing, China",CH,CH22,13001,39.9289,116.388,-1898541,4,"Beijing, Beijing, China",CH,CH22,13001,39.9289,116.388,-1898541,20191015030000,Consult,Verbal cooperation
879689212,20191015,201910,USA,THE US,USA,,,,,,,,CHN,CHINA,CHN,,,,,,,,1,0311,031,03,1,5.2,10,1,10,-0.48231511254019,2,"Wisconsin, United States",US,USWI,,44.2563,-89.6385,WI,4,"Beijing, Beijing, China",CH,CH22,13001,39.9289,116.388,-1898541,4,"Beijing, Beijing, China",CH,CH22,13001,39.9289,116.388,-1898541,20191015031500,Express intent to cooperate,Verbal cooperation
879692383,20191015,201910,CHN,CHINA,CHN,,,,,,,,USA,UNITED STATES,USA,,,,,,,,1,010,010,01,1,0.0,10,1,10,0.18587360594795,4,"Hangzhou, Zhejiang, China",CH,CH02,13319,30.2553,120.169,-1908366,1,United States,US,US,,39.828175,-98.5795,US,4,"Hangzhou, Zhejiang, China",CH,CH02,13319,30.2553,120.169,-1908366,20191015034500,Make public statement,Verbal cooperation
879692385,20191015,201910,CHN,BEIJING,CHN,,,,,,,,USA,WASHINGTON,USA,,,,,,,,1,127,127,12,3,-5.0,20,1,20,-4.27350427350428,4,"Beijing, Beijing, China",CH,CH22,13001,39.9289,116.388,-1898541,4,"Beijing, Beijing, China",CH,CH22,13001,39.9289,116.388,-1898541,4,"Beijing, Beijing, China",CH,CH22,13001,39.9289,116.388,-1898541,20191015034500,Reject,Verbal conflict
879703522,20191015,201910,USA,THE US,USA,,,,,,,,CHN,CHINA,CHN,,,,,,,,1,130,130,13,3,-4.4,10,1,10,-0.8130081300813,4,"Hong Kong Special Administrative Region, Hong Kong (general), Hong Kong",HK,HK00,13031,22.25,114.167,-1353148,4,"Hong Kong Special Administrative Region, Hong Kong (general), Hong Kong",HK,HK00,13031,22.25,114.167,-1353148,4,"Hong Kong Special Administrative Region, Hong Kong (general), Hong Kong",HK,HK00,13031,22.25,114.167,-1353148,20191015050000,Threaten,Verbal conflict
879704586,20191015,201910,USA,UNITED STATES,USA,,,,,,,,CHN,SHENZHEN,CHN,,,,,,,,1,160,160,16,4,-4.0,6,1,6,-1.86480186480186,1,United States,US,US,,39.828175,-98.5795,US,1,United States,US,US,,39.828175,-98.5795,US,1,United States,US,US,,39.828175,-98.5795,US,20191015051500,Reduce relations,Material conflict
879705729,20191015,201910,CHNGOV,CHINA,CHN,,,,,GOV,,,USA,AMERICAN,USA,,,,,,,,1,110,110,11,3,-2.0,8,1,8,-4.93827160493827,4,"Beijing, Beijing, China",CH,CH22,13001,39.9289,116.388,-1898541,1,United States,US,US,,39.828175,-98.5795,US,4,"Beijing, Beijing, China",CH,CH22,13001,39.9289,116.388,-1898541,20191015053000,Disapprove,Verbal conflict
879705733,20191015,201910,CHNGOV,CHINA,CHN,,,,,GOV,,,USA,AMERICAN,USA,,,,,,,,1,173,173,17,4,-5.0,6,1,6,-4.93827160493827,1,United States,US,US,,39.828175,-98.5795,US,1,United States,US,US,,39.828175,-98.5795,US,4,"Beijing, Beijing, China",CH,CH22,13001,39.9289,116.388,-1898541,20191015053000,Coerce,Material conflict
879710424,20191015,201910,CHN,CHINA,CHN,,,,,,,,USA,PHILADELPHIA,USA,,,,,,,,1,042,042,04,1,1.9,7,1,7,4.53497309761722,4,"Shiquan, Sichuan, China",CH,CH32,13003,31.3335,105.761,10341690,3,"Philadelphia, Pennsylvania, United States",US,USPA,PA101,39.9523,-75.1638,1209052,4,"Shiquan, Sichuan, China",CH,CH32,13003,31.3335,105.761,10341690,20191015060000,Consult,Verbal cooperation
879710426,20191015,201910,CHN,CHINA,CHN,,,,,,,,USA,PHILADELPHIA,USA,,,,,,,,1,043,043,04,1,2.8,7,1,7,4.53497309761722,4,"Shiquan, Sichuan, China",CH,CH32,13003,31.3335,105.761,10341690,3,"Philadelphia, Pennsylvania, United States",US,USPA,PA101,39.9523,-75.1638,1209052,3,"Philadelphia, Pennsylvania, United States",US,USPA,PA101,39.9523,-75.1638,1209052,20191015060000,Consult,Verbal cooperation
879710428,20191015,201910,CHN,CHINA,CHN,,,,,,,,USA,UNITED STATES,USA,,,,,,,,1,051,051,05,1,3.4,11,1,10,4.53497309761722,4,"Guan Xia, Jiangxi, China",CH,CH03,13164,28.8217,115.152,-1907308,4,"Guan Xia, Jiangxi, China",CH,CH03,13164,28.8217,115.152,-1907308,4,"Guan Xia, Jiangxi, China",CH,CH03,13164,28.8217,115.152,-1907308,20191015060000,Engage in diplomatic cooperation,Verbal cooperation
879711408,20191015,201910,USA,PHILADELPHIA,USA,,,,,,,,CHN,CHINA,CHN,,,,,,,,1,042,042,04,1,1.9,7,1,7,4.53497309761722,3,"Philadelphia, Pennsylvania, United States",US,USPA,PA101,39.9523,-75.1638,1209052,4,"Shiquan, Sichuan, China",CH,CH32,13003,31.3335,105.761,10341690,3,"Philadelphia, Pennsylvania, United States",US,USPA,PA101,39.9523,-75.1638,1209052,20191015060000,Consult,Verbal cooperation
879711410,20191015,201910,USA,PHILADELPHIA,USA,,,,,,,,CHN,CHINA,CHN,,,,,,,,1,043,043,04,1,2.8,7,1,7,4.53497309761722,3,"Philadelphia, Pennsylvania, United States",US,USPA,PA101,39.9523,-75.1638,1209052,4,"Shiquan, Sichuan, China",CH,CH32,13003,31.3335,105.761,10341690,4,"Shiquan, Sichuan, China",CH,CH32,13003,31.3335,105.761,10341690,20191015060000,Consult,Verbal cooperation
879715834,20191015,201910,USA,THE US,USA,,,,,,,,CHN,CHINA,CHN,,,,,,,,1,0871,087,08,2,9.0,10,1,10,2.63852242744064,1,China,CH,CH,,35.0,105.0,CH,1,China,CH,CH,,35.0,105.0,CH,1,China,CH,CH,,35.0,105.0,CH,20191015063000,Yield,Material cooperation
879724570,20191015,201910,CHN,CHINA,CHN,,,,,,,,USA,UNITED STATES,USA,,,,,,,,1,061,061,06,2,6.4,8,1,8,0.66889632107024,1,China,CH,CH,,35.0,105.0,CH,1,United States,US,US,,39.828175,-98.5795,US,1,United States,US,US,,39.828175,-98.5795,US,20191015073000,Engage in material cooperation,Material cooperation
879725684,20191015,201910,USA,UNITED STATES,USA,,,,,,,,CHN,CHINA,CHN,,,,,,,,1,061,061,06,2,6.4,10,1,10,0.66889632107024,1,Japan,JA,JA,,36.0,138.0,JA,1,Japan,JA,JA,,36.0,138.0,JA,1,Japan,JA,JA,,36.0,138.0,JA,20191015073000,Engage in material cooperation,Material cooperation
879727316,20191015,201910,CHNBUS,CHINA,CHN,,,,,BUS,,,USA,PHOENIX,USA,,,,,,,,1,040,040,04,1,1.0,14,2,14,4.29820415026395,1,China,CH,CH,,35.0,105.0,CH,3,"Phoenix, Arizona, United States",US,USAZ,AZ013,33.4484,-112.074,44784,1,China,CH,CH,,35.0,105.0,CH,20191015074500,Consult,Verbal cooperation
879728294,20191015,201910,USA,PHOENIX,USA,,,,,,,,CHNBUS,CHINA,CHN,,,,,BUS,,,1,040,040,04,1,1.0,10,2,10,4.29820415026395,1,China,CH,CH,,35.0,105.0,CH,1,China,CH,CH,,35.0,105.0,CH,1,China,CH,CH,,35.0,105.0,CH,20191015074500,Consult,Verbal cooperation
879735654,20191015,201910,USA,CALIFORNIA,USA,,,,,,,,CHN,BEIJING,CHN,,,,,,,,1,030,030,03,1,4.0,10,1,10,-2.23880597014925,2,"California, United States",US,USCA,,36.17,-119.746,CA,4,"Beijing, Beijing, China",CH,CH22,13001,39.9289,116.388,-1898541,4,"Beijing, Beijing, China",CH,CH22,13001,39.9289,116.388,-1898541,20191015083000,Express intent to cooperate,Verbal cooperation
879737095,20191015,201910,CHNGOV,CHINESE,CHN,,,,,GOV,,,USA,WASHINGTON,USA,,,,,,,,1,040,040,04,1,1.0,6,1,6,-0.87082728592163,4,"Beijing, Beijing, China",CH,CH22,13001,39.9289,116.388,-1898541,3,"Washington, District of Columbia, United States",US,USDC,DC001,38.8951,-77.0364,531871,4,"Beijing, Beijing, China",CH,CH22,13001,39.9289,116.388,-1898541,20191015084500,Consult,Verbal cooperation
879737921,20191015,201910,MNCUSAMED,QUALCOMM,USA,,,,,MNC,MED,,CHN,CHINA,CHN,,,,,,,,1,0353,035,03,1,7.0,10,1,10,0.766283524904214,1,China,CH,CH,,35.0,105.0,CH,1,China,CH,CH,,35.0,105.0,CH,1,China,CH,CH,,35.0,105.0,CH,20191015084500,Express intent to cooperate,Verbal cooperation
879738468,20191015,201910,USA,WASHINGTON,USA,,,,,,,,CHNGOV,CHINESE,CHN,,,,,GOV,,,1,040,040,04,1,1.0,6,1,6,-0.87082728592163,3,"Washington, District of Columbia, United States",US,USDC,DC001,38.8951,-77.0364,531871,4,"Beijing, Beijing, China",CH,CH22,13001,39.9289,116.388,-1898541,4,"Beijing, Beijing, China",CH,CH22,13001,39.9289,116.388,-1898541,20191015084500,Consult,Verbal cooperation
879738469,20191015,201910,USA,WASHINGTON,USA,,,,,,,,CHNGOV,CHINESE,CHN,,,,,GOV,,,1,084,084,08,2,7.0,6,1,6,-0.87082728592163,3,"Washington, District of Columbia, United States",US,USDC,DC001,38.8951,-77.0364,531871,4,"Beijing, Beijing, China",CH,CH22,13001,39.9289,116.388,-1898541,3,"White House, District of Columbia, United States",US,USDC,,38.8951,-77.0364,531871,20191015084500,Yield,Material cooperation
879745171,20191008,201910,USA,WASHINGTON,USA,,,,,,,,CHN,BEIJING,CHN,,,,,,,,1,0311,031,03,1,5.2,8,1,8,-3.53356890459364,1,Venezuela,VE,VE,,8.0,-66.0,VE,1,Venezuela,VE,VE,,8.0,-66.0,VE,1,Venezuela,VE,VE,,8.0,-66.0,VE,20191015093000,Express intent to cooperate,Verbal cooperation
879745524,20191015,201910,CHN,BEIJING,CHN,,,,,,,,USA,WASHINGTON,USA,,,,,,,,1,036,036,03,1,4.0,8,1,8,-3.53356890459364,4,"Beijing, Beijing, China",CH,CH22,13001,39.9289,116.388,-1898541,3,"Washington, District of Columbia, United States",US,USDC,DC001,38.8951,-77.0364,531871,4,"Beijing, Beijing, China",CH,CH22,13001,39.9289,116.388,-1898541,20191015093000,Express intent to cooperate,Verbal cooperation
879746526,20191015,201910,USA,WASHINGTON,USA,,,,,,,,CHN,BEIJING,CHN,,,,,,,,1,036,036,03,1,4.0,8,1,8,-3.53356890459364,3,"Washington, District of Columbia, United States",US,USDC,DC001,38.8951,-77.0364,531871,4,"Beijing, Beijing, China",CH,CH22,13001,39.9289,116.388,-1898541,4,"Beijing, Beijing, China",CH,CH22,13001,39.9289,116.388,-1898541,20191015093000,Express intent to cooperate,Verbal cooperation
879746528,20191015,201910,USA,WASHINGTON,USA,,,,,,,,CHN,BEIJING,CHN,,,,,,,,1,164,164,16,4,-7.0,6,1,6,-3.53356890459364,3,"Washington, District of Columbia, United States",US,USDC,DC001,38.8951,-77.0364,531871,4,"Beijing, Beijing, China",CH,CH22,13001,39.9289,116.388,-1898541,4,"Beijing, Beijing, China",CH,CH22,13001,39.9289,116.388,-1898541,20191015093000,Reduce relations,Material conflict
879768953,20191015,201910,USA,NEW YORK,USA,,,,,,,,CHN,CHINA,CHN,,,,,,,,1,120,120,12,3,-4.0,6,1,6,-4.16666666666667,2,"New York, United States",US,USNY,,42.1497,-74.9384,NY,1,China,CH,CH,,35.0,105.0,CH,2,"New York, United States",US,USNY,,42.1497,-74.9384,NY,20191015111500,Reject,Verbal conflict
879768955,20191015,201910,USA,THE US,USA,,,,,,,,CHN,CHINESE,CHN,,,,,,,,1,163,163,16,4,-8.0,10,1,10,-1.8018018018018,4,"Yangtze River, China (general), China",CH,CH00,13243,31.7867,121.141,-1899838,4,"Yangtze River, China (general), China",CH,CH00,13243,31.7867,121.141,-1899838,4,"Yangtze River, China (general), China",CH,CH00,13243,31.7867,121.141,-1899838,20191015111500,Reduce relations,Material conflict
879775379,20191015,201910,USA,WASHINGTON,USA,,,,,,,,CHN,CHINESE,CHN,,,,,,,,1,130,130,13,3,-4.4,10,1,10,-2.51647693229479,4,"Beijing, Beijing, China",CH,CH22,13001,39.9289,116.388,-1898541,4,"Beijing, Beijing, China",CH,CH22,13001,39.9289,116.388,-1898541,4,"Beijing, Beijing, China",CH,CH22,13001,39.9289,116.388,-1898541,20191015114500,Threaten,Verbal conflict
879776821,20191008,201910,CHN,BEIJING,CHN,,,,,,,,USA,WASHINGTON,USA,,,,,,,,1,037,037,03,1,5.0,6,1,6,0.0,4,"Beijing, Beijing, China",CH,CH22,13001,39.9289,116.388,-1898541,3,"Washington, District of Columbia, United States",US,USDC,DC001,38.8951,-77.0364,531871,4,"Beijing, Beijing, China",CH,CH22,13001,39.9289,116.388,-1898541,20191015120000,Express intent to cooperate,Verbal cooperation
879776836,20191008,201910,USA,WASHINGTON,USA,,,,,,,,CHN,BEIJING,CHN,,,,,,,,1,037,037,03,1,5.0,10,1,10,0.0,3,"Washington, District of Columbia, United States",US,USDC,DC001,38.8951,-77.0364,531871,3,"Washington, District of Columbia, United States",US,USDC,DC001,38.8951,-77.0364,531871,3,"Washington, District of Columbia, United States",US,USDC,DC001,38.8951,-77.0364,531871,20191015120000,Express intent to cooperate,Verbal cooperation
879778597,20191015,201910,USA,LOS ANGELES,USA,,,,,,,,CHN,CHINESE,CHN,,,,,,,,1,084,084,08,2,7.0,30,2,30,1.63299969669397,2,"California, United States",US,USCA,,36.17,-119.746,CA,2,"California, United States",US,USCA,,36.17,-119.746,CA,2,"California, United States",US,USCA,,36.17,-119.746,CA,20191015120000,Yield,Material cooperation
879778598,20191015,201910,USA,UNITED STATES,USA,,,,,,,,CHN,CHINA,CHN,,,,,,,,1,084,084,08,2,7.0,6,1,6,5.02645502645503,1,China,CH,CH,,35.0,105.0,CH,1,China,CH,CH,,35.0,105.0,CH,1,China,CH,CH,,35.0,105.0,CH,20191015120000,Yield,Material cooperation
879793110,20191015,201910,USA,WASHINGTON,USA,,,,,,,,CHN,CHINESE,CHN,,,,,,,,1,160,160,16,4,-4.0,10,1,10,-1.47058823529412,3,"Washington, District of Columbia, United States",US,USDC,DC001,38.8951,-77.0364,531871,4,"Beijing, Beijing, China",CH,CH22,13001,39.9289,116.388,-1898541,4,"Beijing, Beijing, China",CH,CH22,13001,39.9289,116.388,-1898541,20191015130000,Reduce relations,Material conflict
879793389,20191008,201910,USA,WASHINGTON,USA,,,,,,,,CHN,BEIJING,CHN,,,,,,,,1,037,037,03,1,5.0,10,1,10,0.15649452269171,4,"Beijing, Beijing, China",CH,CH22,13001,39.9289,116.388,-1898541,4,"Beijing, Beijing, China",CH,CH22,13001,39.9289,116.388,-1898541,4,"Beijing, Beijing, China",CH,CH22,13001,39.9289,116.388,-1898541,20191015131500,Express intent to cooperate,Verbal cooperation
879805406,20191015,201910,CHN,CHINA,CHN,,,,,,,,USA,UNITED STATES,USA,,,,,,,,1,1721,172,17,4,-5.0,6,1,6,-3.03030303030303,1,China,CH,CH,,35.0,105.0,CH,1,United States,US,US,,39.828175,-98.5795,US,1,United States,US,US,,39.828175,-98.5795,US,20191015140000,Coerce,Material conflict
879805408,20191015,201910,CHN,CHINA,CHN,,,,,,,,USAMED,REUTERS,USA,,,,,MED,,,1,120,120,12,3,-4.0,10,1,10,-6.12691466083151,2,"Texas, United States",US,USTX,,31.106,-97.6475,TX,2,"Texas, United States",US,USTX,,31.106,-97.6475,TX,2,"Texas, United States",US,USTX,,31.106,-97.6475,TX,20191015140000,Reject,Verbal conflict
879815436,20191015,201910,CHN,SHANGHAI,CHN,,,,,,,,USA,LOS ANGELES,USA,,,,,,,,1,036,036,03,1,4.0,10,1,10,0.76045627376425,4,"Shanghai, Shanghai, China",CH,CH23,13243,31.2222,121.458,-1924465,1,Japan,JA,JA,,36.0,138.0,JA,4,"Shanghai, Shanghai, China",CH,CH23,13243,31.2222,121.458,-1924465,20191015144500,Express intent to cooperate,Verbal cooperation
879816794,20191015,201910,USA,LOS ANGELES,USA,,,,,,,,CHN,SHANGHAI,CHN,,,,,,,,1,010,010,01,1,0.0,10,1,10,0.76045627376425,1,Japan,JA,JA,,36.0,138.0,JA,1,Japan,JA,JA,,36.0,138.0,JA,1,Japan,JA,JA,,36.0,138.0,JA,20191015144500,Make public statement,Verbal cooperation
879816795,20191015,201910,USA,LOS ANGELES,USA,,,,,,,,CHN,SHANGHAI,CHN,,,,,,,,1,036,036,03,1,4.0,10,1,10,0.76045627376425,1,Japan,JA,JA,,36.0,138.0,JA,4,"Shanghai, Shanghai, China",CH,CH23,13243,31.2222,121.458,-1924465,4,"Shanghai, Shanghai, China",CH,CH23,13243,31.2222,121.458,-1924465,20191015144500,Express intent to cooperate,Verbal cooperation
879818522,20191015,201910,CHN,CHINA,CHN,,,,,,,,USA,UNITED STATES,USA,,,,,,,,1,020,020,02,1,3.0,6,1,6,-3.07692307692307,1,United States,US,US,,39.828175,-98.5795,US,1,United States,US,US,,39.828175,-98.5795,US,1,United States,US,US,,39.828175,-98.5795,US,20191015150000,Appeal,Verbal cooperation
879820642,20191015,201910,CHN,CHINA,CHN,,,,,,,,USA,THE US,USA,,,,,,,,1,061,061,06,2,6.4,10,1,10,0.0,1,China,CH,CH,,35.0,105.0,CH,1,Brazil,BR,BR,,-10.0,-55.0,BR,1,China,CH,CH,,35.0,105.0,CH,20191015151500,Engage in material cooperation,Material cooperation
879820643,20191015,201910,CHN,CHINA,CHN,,,,,,,,USA,THE US,USA,,,,,,,,1,082,082,08,2,5.0,10,1,10,0.0,0,,,,,,,,0,,,,,,,,0,,,,,,,,20191015151500,Yield,Material cooperation
879822302,20191015,201910,USA,UNITED STATES,USA,,,,,,,,CHN,CHINESE,CHN,,,,,,,,1,0311,031,03,1,5.2,8,1,8,0.4040404040404,3,"Washington, District of Columbia, United States",US,USDC,DC001,38.8951,-77.0364,531871,3,"Washington, District of Columbia, United States",US,USDC,DC001,38.8951,-77.0364,531871,3,"Washington, District of Columbia, United States",US,USDC,DC001,38.8951,-77.0364,531871,20191015151500,Express intent to cooperate,Verbal cooperation
879835950,20191015,201910,USA,THE US,USA,,,,,,,,CHN,CHINA,CHN,,,,,,,,1,036,036,03,1,4.0,7,1,7,-0.21739130434782,1,China,CH,CH,,35.0,105.0,CH,1,China,CH,CH,,35.0,105.0,CH,1,Germany,GM,GM,,51.5,10.5,GM,20191015161500,Express intent to cooperate,Verbal cooperation
879835952,20191015,201910,USA,CHICAGO,USA,,,,,,,,CHNOPP,TIBET,CHN,,,,,OPP,,,1,051,051,05,1,3.4,10,1,10,-5.32544378698225,3,"Chicago, Illinois, United States",US,USIL,IL031,41.85,-87.6501,423587,3,"Chicago, Illinois, United States",US,USIL,IL031,41.85,-87.6501,423587,3,"Chicago, Illinois, United States",US,USIL,IL031,41.85,-87.6501,423587,20191015161500,Engage in diplomatic cooperation,Verbal cooperation
879835953,20191015,201910,USA,CHICAGO,USA,,,,,,,,CHNOPP,TIBET,CHN,,,,,OPP,,,1,141,141,14,3,-6.5,10,1,10,-5.32544378698225,3,"Chicago, Illinois, United States",US,USIL,IL031,41.85,-87.6501,423587,3,"Chicago, Illinois, United States",US,USIL,IL031,41.85,-87.6501,423587,3,"Chicago, Illinois, United States",US,USIL,IL031,41.85,-87.6501,423587,20191015161500,Protest,Verbal conflict
879842381,20191015,201910,CHN,CHINA,CHN,,,,,,,,USA,THE US,USA,,,,,,,,1,037,037,03,1,5.0,10,1,10,1.17994100294985,4,"Shanghai, Shanghai, China",CH,CH23,13243,31.2222,121.458,-1924465,4,"Shanghai, Shanghai, China",CH,CH23,13243,31.2222,121.458,-1924465,4,"Shanghai, Shanghai, China",CH,CH23,13243,31.2222,121.458,-1924465,20191015164500,Express intent to cooperate,Verbal cooperation
879842382,20191015,201910,CHN,CHINA,CHN,,,,,,,,USA,THE US,USA,,,,,,,,1,046,046,04,1,7.0,10,1,10,1.17994100294985,4,"Wuhan, Hubei, China",CH,CH12,13124,30.5833,114.267,-1930776,4,"Wuhan, Hubei, China",CH,CH12,13124,30.5833,114.267,-1930776,4,"Wuhan, Hubei, China",CH,CH12,13124,30.5833,114.267,-1930776,20191015164500,Consult,Verbal cooperation
879843871,20191015,201910,USA,THE US,USA,,,,,,,,CHN,CHINA,CHN,,,,,,,,1,037,037,03,1,5.0,10,1,10,1.17994100294985,4,"Wuhan, Hubei, China",CH,CH12,13124,30.5833,114.267,-1930776,4,"Wuhan, Hubei, China",CH,CH12,13124,30.5833,114.267,-1930776,4,"Wuhan, Hubei, China",CH,CH12,13124,30.5833,114.267,-1930776,20191015164500,Express intent to cooperate,Verbal cooperation
879843872,20191015,201910,USA,THE US,USA,,,,,,,,CHN,CHINA,CHN,,,,,,,,1,046,046,04,1,7.0,10,1,10,1.17994100294985,4,"Wuhan, Hubei, China",CH,CH12,13124,30.5833,114.267,-1930776,4,"Wuhan, Hubei, China",CH,CH12,13124,30.5833,114.267,-1930776,4,"Wuhan, Hubei, China",CH,CH12,13124,30.5833,114.267,-1930776,20191015164500,Consult,Verbal cooperation
879846099,20191015,201910,CHN,CHINA,CHN,,,,,,,,USA,WASHINGTON,USA,,,,,,,,1,010,010,01,1,0.0,10,2,10,-2.07977892586807,1,China,CH,CH,,35.0,105.0,CH,3,"Washington, District of Columbia, United States",US,USDC,DC001,38.8951,-77.0364,531871,3,"Washington, District of Columbia, United States",US,USDC,DC001,38.8951,-77.0364,531871,20191015170000,Make public statement,Verbal cooperation
879846102,20191015,201910,CHN,SHANGHAI,CHN,,,,,,,,USA,LOS ANGELES,USA,,,,,,,,1,042,042,04,1,1.9,8,1,8,3.01003344481606,4,"Tokyo, Tokyo, Japan",JA,JA40,36340,35.685,139.751,-246227,4,"Tokyo, Tokyo, Japan",JA,JA40,36340,35.685,139.751,-246227,4,"Tokyo, Tokyo, Japan",JA,JA40,36340,35.685,139.751,-246227,20191015170000,Consult,Verbal cooperation
879847883,20191015,201910,USA,LOS ANGELES,USA,,,,,,,,CHN,SHANGHAI,CHN,,,,,,,,1,043,043,04,1,2.8,8,1,8,3.01003344481606,4,"Shanghai, Shanghai, China",CH,CH23,13243,31.2222,121.458,-1924465,4,"Shanghai, Shanghai, China",CH,CH23,13243,31.2222,121.458,-1924465,4,"Nottingham, Nottingham, United Kingdom",UK,UKJ8,40126,52.9667,-1.16667,-2604469,20191015170000,Consult,Verbal cooperation
879851082,20191015,201910,USA,UNITED STATES,USA,,,,,,,,CHN,CHINA,CHN,,,,,,,,1,173,173,17,4,-5.0,6,1,6,-2.75735294117647,3,"Baltimore, Maryland, United States",US,USMD,MD510,39.2904,-76.6122,597040,4,"Shanghai, Shanghai, China",CH,CH23,13243,31.2222,121.458,-1924465,4,"Shanghai, Shanghai, China",CH,CH23,13243,31.2222,121.458,-1924465,20191015171500,Coerce,Material conflict
879871380,20191015,201910,CHN,CHINA,CHN,,,,,,,,USAGOV,AMERICAN,USA,,,,,GOV,,,1,020,020,02,1,3.0,6,1,6,-7.52941176470588,4,"Xinjiang, Jiangxi, China",CH,CH03,13167,27.7481,116.274,11065838,4,"Xinjiang, Jiangxi, China",CH,CH03,13167,27.7481,116.274,11065838,4,"Xinjiang, Jiangxi, China",CH,CH03,13167,27.7481,116.274,11065838,20191015190000,Appeal,Verbal cooperation
879878435,20191015,201910,USA,THE US,USA,,,,,,,,CHN,CHINA,CHN,,,,,,,,1,012,012,01,1,-0.4,6,1,6,-3.11418685121108,4,"Beijing, Beijing, China",CH,CH22,13001,39.9289,116.388,-1898541,4,"Beijing, Beijing, China",CH,CH22,13001,39.9289,116.388,-1898541,4,"Beijing, Beijing, China",CH,CH22,13001,39.9289,116.388,-1898541,20191015193000,Make public statement,Verbal cooperation
879880031,20191015,201910,CHN,CANTON,CHN,,,,,,,,USAMIL,OHIO,USA,,,,,MIL,,,1,042,042,04,1,1.9,6,1,6,3.42857142857142,1,China,CH,CH,,35.0,105.0,CH,2,"Ohio, United States",US,USOH,,40.3736,-82.7755,OH,2,"Ohio, United States",US,USOH,,40.3736,-82.7755,OH,20191015194500,Consult,Verbal cooperation
879881293,20191015,201910,USA,THE US,USA,,,,,,,,CHNBUS,CHINESE,CHN,,,,,BUS,,,1,160,160,16,4,-4.0,6,1,6,-4.7872340425532,4,"Beijing, Beijing, China",CH,CH22,13001,39.9289,116.388,-1898541,4,"Beijing, Beijing, China",CH,CH22,13001,39.9289,116.388,-1898541,4,"Beijing, Beijing, China",CH,CH22,13001,39.9289,116.388,-1898541,20191015194500,Reduce relations,Material conflict
879881594,20191015,201910,USAMIL,OHIO,USA,,,,,MIL,,,CHN,CANTON,CHN,,,,,,,,1,043,043,04,1,2.8,6,1,6,3.42857142857142,2,"Ohio, United States",US,USOH,,40.3736,-82.7755,OH,1,China,CH,CH,,35.0,105.0,CH,2,"Ohio, United States",US,USOH,,40.3736,-82.7755,OH,20191015194500,Consult,Verbal cooperation
879891559,20191015,201910,MNCUSA,ISHARES,USA,,,,,MNC,,,CHN,CHINA,CHN,,,,,,,,1,071,071,07,2,7.4,10,1,10,1.26582278481013,1,China,CH,CH,,35.0,105.0,CH,1,China,CH,CH,,35.0,105.0,CH,1,China,CH,CH,,35.0,105.0,CH,20191015204500,Provide aid,Material cooperation
879908510,20191015,201910,CHN,BEIJING,CHN,,,,,,,,USA,UNITED STATES,USA,,,,,,,,1,130,130,13,3,-4.4,10,1,10,-3.21543408360128,4,"Beijing, Beijing, China",CH,CH22,13001,39.9289,116.388,-1898541,3,"Washington, District of Columbia, United States",US,USDC,DC001,38.8951,-77.0364,531871,1,Hong Kong,HK,HK,,22.25,114.166667,HK,20191015223000,Threaten,Verbal conflict
879909677,20191015,201910,USA,UNITED STATES,USA,,,,,,,,CHN,BEIJING,CHN,,,,,,,,1,061,061,06,2,6.4,6,1,6,-3.21543408360128,1,Hong Kong,HK,HK,,22.25,114.166667,HK,1,Hong Kong,HK,HK,,22.25,114.166667,HK,3,"White House, District of Columbia, United States",US,USDC,,38.8951,-77.0364,531871,20191015223000,Engage in material cooperation,Material cooperation
879915527,20191015,201910,CHN,BEIJING,CHN,,,,,,,,USA,THE US,USA,,,,,,,,1,020,020,02,1,3.0,10,1,10,-0.92592592592593,4,"Beijing, Beijing, China",CH,CH22,13001,39.9289,116.388,-1898541,4,"Beijing, Beijing, China",CH,CH22,13001,39.9289,116.388,-1898541,4,"Beijing, Beijing, China",CH,CH22,13001,39.9289,116.388,-1898541,20191015231500,Appeal,Verbal cooperation
879918770,20191015,201910,USA,NASHVILLE,USA,,,,,,,,CHN,CHINA,CHN,,,,,,,,1,0841,084,08,2,7.0,9,1,9,1.67910447761194,4,"Xinjiang, Jiangxi, China",CH,CH03,13167,27.7481,116.274,11065838,4,"Xinjiang, Jiangxi, China",CH,CH03,13167,27.7481,116.274,11065838,4,"Xinjiang, Jiangxi, China",CH,CH03,13167,27.7481,116.274,11065838,20191015233000,Yield,Material cooperation
879923106,20191016,201910,CHN,CHINA,CHN,,,,,,,,USAGOV,OVAL OFFICE,USA,,,,,GOV,,,1,046,046,04,1,7.0,6,1,6,-0.24330900243309,1,China,CH,CH,,35.0,105.0,CH,3,"White House, District of Columbia, United States",US,USDC,,38.8951,-77.0364,531871,1,China,CH,CH,,35.0,105.0,CH,20191016000000,Consult,Verbal cooperation
879926933,20191016,201910,USAGOV,OVAL OFFICE,USA,,,,,GOV,,,CHN,CHINA,CHN,,,,,,,,1,046,046,04,1,7.0,6,1,6,-0.24330900243309,3,"White House, District of Columbia, United States",US,USDC,,38.8951,-77.0364,531871,1,China,CH,CH,,35.0,105.0,CH,1,China,CH,CH,,35.0,105.0,CH,20191016000000,Consult,Verbal cooperation
879930484,20191016,201910,USA,UNITED STATES,USA,,,,,,,,CHN,CHINESE,CHN,,,,,,,,1,163,163,16,4,-8.0,10,1,10,-1.53846153846154,4,"Yangtze River, China (general), China",CH,CH00,13243,31.7867,121.141,-1899838,4,"Yangtze River, China (general), China",CH,CH00,13243,31.7867,121.141,-1899838,4,"Yangtze River, China (general), China",CH,CH00,13243,31.7867,121.141,-1899838,20191016001500,Reduce relations,Material conflict
879938852,20191016,201910,USA,WASHINGTON,USA,,,,,,,,CHN,CHINA,CHN,,,,,,,,1,020,020,02,1,3.0,7,1,7,-7.4074074074074,1,Hong Kong,HK,HK,,22.25,114.166667,HK,1,Hong Kong,HK,HK,,22.25,114.166667,HK,1,Hong Kong,HK,HK,,22.25,114.166667,HK,20191016004500,Appeal,Verbal cooperation
879938854,20191016,201910,USA,WASHINGTON,USA,,,,,,,,CHN,CHINA,CHN,,,,,,,,1,0841,084,08,2,7.0,7,1,7,-7.4074074074074,3,"Washington, District of Columbia, United States",US,USDC,DC001,38.8951,-77.0364,531871,4,"Beijing, Beijing, China",CH,CH22,13001,39.9289,116.388,-1898541,4,"Beijing, Beijing, China",CH,CH22,13001,39.9289,116.388,-1898541,20191016004500,Yield,Material cooperation
879938857,20191016,201910,USA,UNITED STATES,USA,,,,,,,,CHN,CHINA,CHN,,,,,,,,1,120,120,12,3,-4.0,8,1,8,-0.76408787010506,1,United States,US,US,,39.828175,-98.5795,US,4,"Beijing, Beijing, China",CH,CH22,13001,39.9289,116.388,-1898541,1,United States,US,US,,39.828175,-98.5795,US,20191016004500,Reject,Verbal conflict
879948011,20191016,201910,USA,CHICAGO,USA,,,,,,,,CHNOPP,TIBET,CHN,,,,,OPP,,,1,051,051,05,1,3.4,10,1,10,-2.08333333333333,3,"Chicago, Illinois, United States",US,USIL,IL031,41.85,-87.6501,423587,3,"Chicago, Illinois, United States",US,USIL,IL031,41.85,-87.6501,423587,3,"Chicago, Illinois, United States",US,USIL,IL031,41.85,-87.6501,423587,20191016013000,Engage in diplomatic cooperation,Verbal cooperation
879948012,20191016,201910,USA,CHICAGO,USA,,,,,,,,CHNOPP,TIBET,CHN,,,,,OPP,,,1,141,141,14,3,-6.5,10,1,10,-2.08333333333333,3,"Chicago, Illinois, United States",US,USIL,IL031,41.85,-87.6501,423587,3,"Chicago, Illinois, United States",US,USIL,IL031,41.85,-87.6501,423587,3,"Chicago, Illinois, United States",US,USIL,IL031,41.85,-87.6501,423587,20191016013000,Protest,Verbal conflict
879951290,20191016,201910,CHN,BEIJING,CHN,,,,,,,,USA,THE US,USA,,,,,,,,1,020,020,02,1,3.0,10,1,10,-7.36434108527132,1,Hong Kong,HK,HK,,22.25,114.166667,HK,1,Hong Kong,HK,HK,,22.25,114.166667,HK,1,Hong Kong,HK,HK,,22.25,114.166667,HK,20191016020000,Appeal,Verbal cooperation
879957414,20191016,201910,CHN,CHINA,CHN,,,,,,,,USA,THE US,USA,,,,,,,,1,0311,031,03,1,5.2,10,1,10,2.28136882129277,4,"Beijing, Beijing, China",CH,CH22,13001,39.9289,116.388,-1898541,4,"Beijing, Beijing, China",CH,CH22,13001,39.9289,116.388,-1898541,4,"Beijing, Beijing, China",CH,CH22,13001,39.9289,116.388,-1898541,20191016023000,Express intent to cooperate,Verbal cooperation
879964160,20191016,201910,CHNGOV,CHINESE,CHN,,,,,GOV,,,USA,UNITED STATES,USA,,,,,,,,1,130,130,13,3,-4.4,6,1,6,-3.63636363636364,4,"Beijing, Beijing, China",CH,CH22,13001,39.9289,116.388,-1898541,1,United States,US,US,,39.828175,-98.5795,US,1,Hong Kong,HK,HK,,22.25,114.166667,HK,20191016030000,Threaten,Verbal conflict
879964161,20191016,201910,CHNGOV,CHINESE,CHN,,,,,GOV,,,USA,UNITED STATES,USA,,,,,,,,1,130,130,13,3,-4.4,8,1,8,-4.27807486631016,1,China,CH,CH,,35.0,105.0,CH,1,United States,US,US,,39.828175,-98.5795,US,1,Hong Kong,HK,HK,,22.25,114.166667,HK,20191016030000,Threaten,Verbal conflict
879969091,20191016,201910,CHN,CHINESE,CHN,,,,,,,,USA,THE US,USA,,,,,,,,1,042,042,04,1,1.9,8,1,8,2.96010296010296,4,"Shanghai, Shanghai, China",CH,CH23,13243,31.2222,121.458,-1924465,4,"Shanghai, Shanghai, China",CH,CH23,13243,31.2222,121.458,-1924465,4,"Shanghai, Shanghai, China",CH,CH23,13243,31.2222,121.458,-1924465,20191016033000,Consult,Verbal cooperation
879970341,20191016,201910,USA,THE US,USA,,,,,,,,CHN,CHINESE,CHN,,,,,,,,1,043,043,04,1,2.8,8,1,8,2.96010296010296,4,"Shanghai, Shanghai, China",CH,CH23,13243,31.2222,121.458,-1924465,4,"Shanghai, Shanghai, China",CH,CH23,13243,31.2222,121.458,-1924465,4,"Shanghai, Shanghai, China",CH,CH23,13243,31.2222,121.458,-1924465,20191016033000,Consult,Verbal cooperation
879970345,20191016,201910,USA,UNITED STATES,USA,,,,,,,,CHN,CHINA,CHN,,,,,,,,1,172,172,17,4,-5.0,10,1,10,3.05997552019584,1,United States,US,US,,39.828175,-98.5795,US,4,"Beijing, Beijing, China",CH,CH22,13001,39.9289,116.388,-1898541,4,"Beijing, Beijing, China",CH,CH22,13001,39.9289,116.388,-1898541,20191016033000,Coerce,Material conflict
879973059,20191016,201910,USAMED,REUTERS,USA,,,,,MED,,,CHNGOV,CHINA,CHN,,,,,GOV,,,1,090,090,09,2,-2.0,20,2,20,-0.61232705794135,4,"Beijing, Beijing, China",CH,CH22,13001,39.9289,116.388,-1898541,4,"Beijing, Beijing, China",CH,CH22,13001,39.9289,116.388,-1898541,4,"Beijing, Beijing, China",CH,CH22,13001,39.9289,116.388,-1898541,20191016034500,Investigate,Material cooperation
879979862,20191016,201910,CHN,SHANGHAI,CHN,,,,,,,,USAMED,REUTERS,USA,,,,,MED,,,1,055,055,05,1,7.0,6,1,6,-3.00925925925926,4,"Shanghai, Shanghai, China",CH,CH23,13243,31.2222,121.458,-1924465,4,"Beijing, Beijing, China",CH,CH22,13001,39.9289,116.388,-1898541,4,"Beijing, Beijing, China",CH,CH22,13001,39.9289,116.388,-1898541,20191016044500,Engage in diplomatic cooperation,Verbal cooperation
879979863,20191016,201910,CHN,SHANGHAI,CHN,,,,,,,,USAMED,REUTERS,USA,,,,,MED,,,1,112,112,11,3,-2.0,6,1,6,-3.00925925925926,4,"Shanghai, Shanghai, China",CH,CH23,13243,31.2222,121.458,-1924465,4,"Beijing, Beijing, China",CH,CH22,13001,39.9289,116.388,-1898541,4,"Beijing, Beijing, China",CH,CH22,13001,39.9289,116.388,-1898541,20191016044500,Disapprove,Verbal conflict
879980845,20191016,201910,USA,UNITED STATES,USA,,,,,,,,CHN,CHINA,CHN,,,,,,,,1,012,012,01,1,-0.4,6,1,6,0.31055900621118,1,United States,US,US,,39.828175,-98.5795,US,1,China,CH,CH,,35.0,105.0,CH,1,United States,US,US,,39.828175,-98.5795,US,20191016044500,Make public statement,Verbal cooperation
879987196,20191016,201910,CHN,CHINA,CHN,,,,,,,,USA,FIRST STATE,USA,,,,,,,,1,043,043,04,1,2.8,9,1,8,2.51706484641638,4,"Beijing, Beijing, China",CH,CH22,13001,39.9289,116.388,-1898541,4,"Beijing, Beijing, China",CH,CH22,13001,39.9289,116.388,-1898541,4,"Beijing, Beijing, China",CH,CH22,13001,39.9289,116.388,-1898541,20191016053000,Consult,Verbal cooperation
879988411,20191016,201910,USA,FIRST STATE,USA,,,,,,,,CHN,CHINA,CHN,,,,,,,,1,042,042,04,1,1.9,9,1,8,2.51706484641638,4,"Beijing, Beijing, China",CH,CH22,13001,39.9289,116.388,-1898541,4,"Beijing, Beijing, China",CH,CH22,13001,39.9289,116.388,-1898541,4,"Beijing, Beijing, China",CH,CH22,13001,39.9289,116.388,-1898541,20191016053000,Consult,Verbal cooperation
879988412,20191016,201910,USA,THE US,USA,,,,,,,,CHN,CHINA,CHN,,,,,,,,1,061,061,06,2,6.4,10,1,10,-0.63897763578275,4,"Beijing, Beijing, China",CH,CH22,13001,39.9289,116.388,-1898541,4,"Beijing, Beijing, China",CH,CH22,13001,39.9289,116.388,-1898541,4,"Beijing, Beijing, China",CH,CH22,13001,39.9289,116.388,-1898541,20191016053000,Engage in material cooperation,Material cooperation
879995983,20191016,201910,CHN,CHINA,CHN,,,,,,,,USA,THE US,USA,,,,,,,,1,030,030,03,1,4.0,10,1,10,-0.61967467079783,4,"Beijing, Beijing, China",CH,CH22,13001,39.9289,116.388,-1898541,4,"Beijing, Beijing, China",CH,CH22,13001,39.9289,116.388,-1898541,4,"Beijing, Beijing, China",CH,CH22,13001,39.9289,116.388,-1898541,20191016063000,Express intent to cooperate,Verbal cooperation
879996936,20191016,201910,USA,THE US,USA,,,,,,,,CHN,CHINA,CHN,,,,,,,,1,030,030,03,1,4.0,10,1,10,-0.61967467079783,4,"Beijing, Beijing, China",CH,CH22,13001,39.9289,116.388,-1898541,4,"Beijing, Beijing, China",CH,CH22,13001,39.9289,116.388,-1898541,4,"Beijing, Beijing, China",CH,CH22,13001,39.9289,116.388,-1898541,20191016063000,Express intent to cooperate,Verbal cooperation
879998179,20191009,201910,CHN,CHINA,CHN,,,,,,,,USA,THE US,USA,,,,,,,,1,020,020,02,1,3.0,10,1,10,-0.68807339449541,1,Chile,CI,CI,,-30.0,-71.0,CI,1,Chile,CI,CI,,-30.0,-71.0,CI,1,Chile,CI,CI,,-30.0,-71.0,CI,20191016064500,Appeal,Verbal cooperation
880003218,20191009,201910,USA,WASHINGTON,USA,,,,,,,,CHN,BEIJING,CHN,,,,,,,,1,037,037,03,1,5.0,10,1,10,0.78843626806833,4,"Beijing, Beijing, China",CH,CH22,13001,39.9289,116.388,-1898541,4,"Beijing, Beijing, China",CH,CH22,13001,39.9289,116.388,-1898541,4,"Beijing, Beijing, China",CH,CH22,13001,39.9289,116.388,-1898541,20191016071500,Express intent to cooperate,Verbal cooperation
880006114,20191016,201910,CHN,CHINA,CHN,,,,,,,,USA,THE US,USA,,,,,,,,1,037,037,03,1,5.0,20,1,20,1.23456790123457,4,"Shanghai, Shanghai, China",CH,CH23,13243,31.2222,121.458,-1924465,4,"Shanghai, Shanghai, China",CH,CH23,13243,31.2222,121.458,-1924465,4,"Shanghai, Shanghai, China",CH,CH23,13243,31.2222,121.458,-1924465,20191016073000,Express intent to cooperate,Verbal cooperation
880006115,20191016,201910,CHN,CHINA,CHN,,,,,,,,USA,THE US,USA,,,,,,,,1,046,046,04,1,7.0,20,1,20,1.23456790123457,4,"Wuhan, Hubei, China",CH,CH12,13124,30.5833,114.267,-1930776,4,"Wuhan, Hubei, China",CH,CH12,13124,30.5833,114.267,-1930776,4,"Wuhan, Hubei, China",CH,CH12,13124,30.5833,114.267,-1930776,20191016073000,Consult,Verbal cooperation
880007320,20191016,201910,USA,THE US,USA,,,,,,,,CHN,CHINA,CHN,,,,,,,,1,037,037,03,1,5.0,20,1,20,1.23456790123457,4,"Wuhan, Hubei, China",CH,CH12,13124,30.5833,114.267,-1930776,4,"Wuhan, Hubei, China",CH,CH12,13124,30.5833,114.267,-1930776,4,"Wuhan, Hubei, China",CH,CH12,13124,30.5833,114.267,-1930776,20191016073000,Express intent to cooperate,Verbal cooperation
880007321,20191016,201910,USA,THE US,USA,,,,,,,,CHN,CHINA,CHN,,,,,,,,1,046,046,04,1,7.0,20,1,20,1.23456790123457,4,"Wuhan, Hubei, China",CH,CH12,13124,30.5833,114.267,-1930776,4,"Wuhan, Hubei, China",CH,CH12,13124,30.5833,114.267,-1930776,4,"Wuhan, Hubei, China",CH,CH12,13124,30.5833,114.267,-1930776,20191016073000,Consult,Verbal cooperation
880007448,20191016,201910,USAGOV,THE US,USA,,,,,GOV,,,CHNBUS,CHINESE,CHN,,,,,BUS,,,1,160,160,16,4,-4.0,7,1,7,-3.4965034965035,3,"White House, District of Columbia, United States",US,USDC,,38.8951,-77.0364,531871,1,Hong Kong,HK,HK,,22.25,114.166667,HK,1,Hong Kong,HK,HK,,22.25,114.166667,HK,20191016073000,Reduce relations,Material conflict
880011552,20191016,201910,CHN,CHINA,CHN,,,,,,,,USALEG,THE US,USA,,,,,LEG,,,1,133,133,13,3,-5.8,10,1,10,-3.92156862745098,1,Hong Kong,HK,HK,,22.25,114.166667,HK,1,Hong Kong,HK,HK,,22.25,114.166667,HK,1,Hong Kong,HK,HK,,22.25,114.166667,HK,20191016080000,Threaten,Verbal conflict
880012954,20191016,201910,USA,WASHINGTON,USA,,,,,,,,CHN,CHINESE,CHN,,,,,,,,1,130,130,13,3,-4.4,30,2,30,-4.55061106185319,4,"Tehran, Tehran, Iran",IR,IR26,41130,35.75,51.5148,10074674,4,"Tehran, Tehran, Iran",IR,IR26,41130,35.75,51.5148,10074674,4,"Tehran, Tehran, Iran",IR,IR26,41130,35.75,51.5148,10074674,20191016080000,Threaten,Verbal conflict
880012955,20191016,201910,USA,WASHINGTON,USA,,,,,,,,CHN,CHINESE,CHN,,,,,,,,1,130,130,13,3,-4.4,6,2,6,-4.49605733690175,1,Saudi Arabia,SA,SA,,25.0,45.0,SA,4,"Zhang Shu, Zhejiang, China",CH,CH02,13327,30.159,121.318,183795,4,"Zhang Shu, Zhejiang, China",CH,CH02,13327,30.159,121.318,183795,20191016080000,Threaten,Verbal conflict
880018652,20191016,201910,USA,THE US,USA,,,,,,,,CHN,CHINESE,CHN,,,,,,,,1,163,163,16,4,-8.0,8,1,8,-5.03048780487805,4,"Dalian, Liaoning, China",CH,CH19,13327,38.9122,121.602,-1901835,4,"Dalian, Liaoning, China",CH,CH19,13327,38.9122,121.602,-1901835,4,"Dalian, Liaoning, China",CH,CH19,13327,38.9122,121.602,-1901835,20191016083000,Reduce relations,Material conflict
880028897,20191016,201910,CHN,BEIJING,CHN,,,,,,,,USA,WASHINGTON,USA,,,,,,,,1,057,057,05,1,8.0,10,1,10,-2.23214285714285,4,"Shanghai, Shanghai, China",CH,CH23,13243,31.2222,121.458,-1924465,4,"Shanghai, Shanghai, China",CH,CH23,13243,31.2222,121.458,-1924465,4,"Shanghai, Shanghai, China",CH,CH23,13243,31.2222,121.458,-1924465,20191016093000,Engage in diplomatic cooperation,Verbal cooperation
880028898,20191016,201910,CHN,CHINESE,CHN,,,,,,,,USA,WASHINGTON,USA,,,,,,,,1,164,164,16,4,-7.0,72,9,72,-3.91515838848598,3,"Washington, District of Columbia, United States",US,USDC,DC001,38.8951,-77.0364,531871,3,"Washington, District of Columbia, United States",US,USDC,DC001,38.8951,-77.0364,531871,3,"Washington, District of Columbia, United States",US,USDC,DC001,38.8951,-77.0364,531871,20191016093000,Reduce relations,Material conflict
880030015,20191016,201910,USA,WASHINGTON,USA,,,,,,,,CHN,BEIJING,CHN,,,,,,,,1,057,057,05,1,8.0,6,1,6,-2.23214285714285,3,"Washington, District of Columbia, United States",US,USDC,DC001,38.8951,-77.0364,531871,4,"Beijing, Beijing, China",CH,CH22,13001,39.9289,116.388,-1898541,4,"Beijing, Beijing, China",CH,CH22,13001,39.9289,116.388,-1898541,20191016093000,Engage in diplomatic cooperation,Verbal cooperation
880030016,20191016,201910,USA,THE US,USA,,,,,,,,CHN,CHINA,CHN,,,,,,,,1,060,060,06,2,6.0,10,1,10,-1.7921146953405,1,Australia,AS,AS,,-25.0,135.0,AS,1,Australia,AS,AS,,-25.0,135.0,AS,1,Australia,AS,AS,,-25.0,135.0,AS,20191016093000,Engage in material cooperation,Material cooperation
880030017,20191016,201910,USA,WASHINGTON,USA,,,,,,,,CHN,CHINESE,CHN,,,,,,,,1,164,164,16,4,-7.0,54,9,54,-3.91515838848598,3,"Washington, District of Columbia, United States",US,USDC,DC001,38.8951,-77.0364,531871,4,"Beijing, Beijing, China",CH,CH22,13001,39.9289,116.388,-1898541,4,"Beijing, Beijing, China",CH,CH22,13001,39.9289,116.388,-1898541,20191016093000,Reduce relations,Material conflict
880030018,20191016,201910,USA,WASHINGTON,USA,,,,,,,,CHN,CHINESE,CHN,,,,,,,,1,164,164,16,4,-7.0,18,9,18,-3.91515838848598,3,"Washington, District of Columbia, United States",US,USDC,DC001,38.8951,-77.0364,531871,4,"Beijing, Beijing, China",CH,CH22,13001,39.9289,116.388,-1898541,3,"Washington, District of Columbia, United States",US,USDC,DC001,38.8951,-77.0364,531871,20191016093000,Reduce relations,Material conflict
880031837,20191016,201910,CHN,CHINESE,CHN,,,,,,,,USAGOV,THE US,USA,,,,,GOV,,,1,160,160,16,4,-4.0,7,1,7,-4.0,1,China,CH,CH,,35.0,105.0,CH,1,China,CH,CH,,35.0,105.0,CH,1,China,CH,CH,,35.0,105.0,CH,20191016094500,Reduce relations,Material conflict
880037233,20191016,201910,USA,WASHINGTON,USA,,,,,,,,CHN,CHINESE,CHN,,,,,,,,1,164,164,16,4,-7.0,6,1,6,-4.0,3,"Washington, District of Columbia, United States",US,USDC,DC001,38.8951,-77.0364,531871,4,"Liang Hua, Guangdong, China",CH,CH30,13038,23.1127,114.672,6026333,4,"Liang Hua, Guangdong, China",CH,CH30,13038,23.1127,114.672,6026333,20191016100000,Reduce relations,Material conflict
880050507,20191016,201910,USA,THE US,USA,,,,,,,,CHN,CHINA,CHN,,,,,,,,1,012,012,01,1,-0.4,6,1,6,-2.60869565217391,4,"Beijing, Beijing, China",CH,CH22,13001,39.9289,116.388,-1898541,4,"Beijing, Beijing, China",CH,CH22,13001,39.9289,116.388,-1898541,4,"Beijing, Beijing, China",CH,CH22,13001,39.9289,116.388,-1898541,20191016110000,Make public statement,Verbal cooperation
880053648,20191016,201910,USA,U. S.,USA,,,,,,,,CHN,CHINA,CHN,,,,,,,,1,061,061,06,2,6.4,8,1,8,-4.74777448071217,1,China,CH,CH,,35.0,105.0,CH,1,China,CH,CH,,35.0,105.0,CH,1,China,CH,CH,,35.0,105.0,CH,20191016111500,Engage in material cooperation,Material cooperation
880053650,20191016,201910,USA,WASHINGTON,USA,,,,,,,,CHN,BEIJING,CHN,,,,,,,,1,090,090,09,2,-2.0,10,1,10,-0.64516129032258,3,"Washington, District of Columbia, United States",US,USDC,DC001,38.8951,-77.0364,531871,4,"Beijing, Beijing, China",CH,CH22,13001,39.9289,116.388,-1898541,4,"Beijing, Beijing, China",CH,CH22,13001,39.9289,116.388,-1898541,20191016111500,Investigate,Material cooperation
880055690,20191016,201910,CHN,CHINA,CHN,,,,,,,,USA,UNITED STATES,USA,,,,,,,,1,042,042,04,1,1.9,10,1,10,-0.8298755186722,1,United States,US,US,,39.828175,-98.5795,US,1,United States,US,US,,39.828175,-98.5795,US,1,United States,US,US,,39.828175,-98.5795,US,20191016113000,Consult,Verbal cooperation
880056927,20191016,201910,USA,UNITED STATES,USA,,,,,,,,CHN,CHINA,CHN,,,,,,,,1,043,043,04,1,2.8,10,1,10,-0.8298755186722,1,United States,US,US,,39.828175,-98.5795,US,1,China,CH,CH,,35.0,105.0,CH,1,China,CH,CH,,35.0,105.0,CH,20191016113000,Consult,Verbal cooperation
880057082,20191016,201910,USABUS,AMERICAN,USA,,,,,BUS,,,CHN,CHINA,CHN,,,,,,,,1,010,010,01,1,0.0,6,1,6,-2.51046025104603,4,"Beijing, Beijing, China",CH,CH22,13001,39.9289,116.388,-1898541,4,"Beijing, Beijing, China",CH,CH22,13001,39.9289,116.388,-1898541,4,"Beijing, Beijing, China",CH,CH22,13001,39.9289,116.388,-1898541,20191016113000,Make public statement,Verbal cooperation
880063999,20191016,201910,CHN,CHINA,CHN,,,,,,,,USA,THE US,USA,,,,,,,,1,030,030,03,1,4.0,10,1,10,-1.47783251231527,1,China,CH,CH,,35.0,105.0,CH,1,China,CH,CH,,35.0,105.0,CH,1,China,CH,CH,,35.0,105.0,CH,20191016121500,Express intent to cooperate,Verbal cooperation
880065425,20191016,201910,USA,THE US,USA,,,,,,,,CHN,CHINA,CHN,,,,,,,,1,030,030,03,1,4.0,10,1,10,-1.47783251231527,1,China,CH,CH,,35.0,105.0,CH,1,China,CH,CH,,35.0,105.0,CH,1,China,CH,CH,,35.0,105.0,CH,20191016121500,Express intent to cooperate,Verbal cooperation
880073618,20191016,201910,USA,AMERICAN,USA,,,,,,,,CHN,CHINA,CHN,,,,,,,,1,060,060,06,2,6.0,6,1,6,-2.95698924731183,1,United States,US,US,,39.828175,-98.5795,US,1,China,CH,CH,,35.0,105.0,CH,1,United States,US,US,,39.828175,-98.5795,US,20191016124500,Engage in material cooperation,Material cooperation
880080043,20191016,201910,USA,AMERICAN,USA,,,,,,,,CHN,CHINESE,CHN,,,,,,,,1,070,070,07,2,7.0,10,1,10,0.40322580645161,1,United States,US,US,,39.828175,-98.5795,US,1,United States,US,US,,39.828175,-98.5795,US,1,United States,US,US,,39.828175,-98.5795,US,20191016131500,Provide aid,Material cooperation
880080044,20191016,201910,USA,UNITED STATES,USA,,,,,,,,CHN,CHINA,CHN,,,,,,,,1,173,173,17,4,-5.0,6,1,6,-2.79589934762349,3,"Baltimore, Maryland, United States",US,USMD,MD510,39.2904,-76.6122,597040,4,"Shanghai, Shanghai, China",CH,CH23,13243,31.2222,121.458,-1924465,4,"Shanghai, Shanghai, China",CH,CH23,13243,31.2222,121.458,-1924465,20191016131500,Coerce,Material conflict
880082000,20191016,201910,CHN,CHINA,CHN,,,,,,,,USA,UNITED STATES,USA,,,,,,,,1,012,012,01,1,-0.4,8,1,8,-1.50659133709981,1,Ukraine,UP,UP,,49.0,32.0,UP,1,Ukraine,UP,UP,,49.0,32.0,UP,4,"Paris, France (general), France",FR,FR00,16282,48.8667,2.33333,-1456928,20191016133000,Make public statement,Verbal cooperation
880085701,20191016,201910,CHN,CHINA,CHN,,,,,,,,USA,UNITED STATES,USA,,,,,,,,1,042,042,04,1,1.9,10,1,10,-1.23966942148761,4,"Zurich, ZüSZ, Switzerland",SZ,SZ25,26310,47.3667,8.55,-2554935,4,"Zurich, ZüSZ, Switzerland",SZ,SZ25,26310,47.3667,8.55,-2554935,4,"Zurich, ZüSZ, Switzerland",SZ,SZ25,26310,47.3667,8.55,-2554935,20191016134500,Consult,Verbal cooperation
880092474,20191016,201910,CHN,CHINA,CHN,,,,,,,,USA,UNITED STATES,USA,,,,,,,,1,061,061,06,2,6.4,10,1,10,-2.56,1,United Kingdom,UK,UK,,54.0,-4.0,UK,1,United Kingdom,UK,UK,,54.0,-4.0,UK,1,United Kingdom,UK,UK,,54.0,-4.0,UK,20191016141500,Engage in material cooperation,Material cooperation
880096168,20191016,201910,CHN,CHINA,CHN,,,,,,,,USA,UNITED STATES,USA,,,,,,,,1,138,138,13,3,-7.0,10,1,10,0.45662100456621,1,Canada,CA,CA,,60.0,-96.0,CA,1,Canada,CA,CA,,60.0,-96.0,CA,1,Canada,CA,CA,,60.0,-96.0,CA,20191016143000,Threaten,Verbal conflict
880106709,20191016,201910,CHN,CHINA,CHN,,,,,,,,MNCUSA,SEMPRA ENERGY,USA,,,,,MNC,,,1,057,057,05,1,8.0,8,1,8,2.25988700564972,4,"Yangtze, China (general), China",CH,CH00,13243,31.7867,121.141,-1899838,4,"Yangtze, China (general), China",CH,CH00,13243,31.7867,121.141,-1899838,4,"Yangtze, China (general), China",CH,CH00,13243,31.7867,121.141,-1899838,20191016151500,Engage in diplomatic cooperation,Verbal cooperation
880106719,20191016,201910,CHN,CHINA,CHN,,,,,,,,USA,UNITED STATES,USA,,,,,,,,1,014,014,01,1,0.0,6,1,6,-1.92307692307692,1,United States,US,US,,39.828175,-98.5795,US,1,United States,US,US,,39.828175,-98.5795,US,1,United States,US,US,,39.828175,-98.5795,US,20191016151500,Make public statement,Verbal cooperation
880107709,20191016,201910,MNCUSA,SEMPRA ENERGY,USA,,,,,MNC,,,CHN,CHINA,CHN,,,,,,,,1,057,057,05,1,8.0,8,1,8,2.25988700564972,4,"Yangtze, China (general), China",CH,CH00,13243,31.7867,121.141,-1899838,4,"Yangtze, China (general), China",CH,CH00,13243,31.7867,121.141,-1899838,4,"Yangtze, China (general), China",CH,CH00,13243,31.7867,121.141,-1899838,20191016151500,Engage in diplomatic cooperation,Verbal cooperation
880108204,20191016,201910,USA,UNITED STATES,USA,,,,,,,,CHN,CHINA,CHN,,,,,,,,1,120,120,12,3,-4.0,8,1,8,-2.65251989389921,3,"Washington, District of Columbia, United States",US,USDC,DC001,38.8951,-77.0364,531871,4,"Beijing, Beijing, China",CH,CH22,13001,39.9289,116.388,-1898541,4,"Beijing, Beijing, China",CH,CH22,13001,39.9289,116.388,-1898541,20191016151500,Reject,Verbal conflict
880109943,20191016,201910,CHN,CHINA,CHN,,,,,,,,USA,AMERICAN,USA,,,,,,,,1,013,013,01,1,0.4,8,1,8,0.48154093097913,1,China,CH,CH,,35.0,105.0,CH,1,China,CH,CH,,35.0,105.0,CH,1,China,CH,CH,,35.0,105.0,CH,20191016153000,Make public statement,Verbal cooperation
880123418,20191016,201910,CHN,BEIJING,CHN,,,,,,,,USA,UNITED STATES,USA,,,,,,,,1,042,042,04,1,1.9,7,1,7,2.17917675544795,3,"Queens, New York, United States",US,USNY,NY081,40.7498,-73.7976,971983,3,"Queens, New York, United States",US,USNY,NY081,40.7498,-73.7976,971983,3,"Queens, New York, United States",US,USNY,NY081,40.7498,-73.7976,971983,20191016163000,Consult,Verbal cooperation
880125247,20191016,201910,USA,NEW YORK CITY,USA,,,,,,,,CHN,BEIJING,CHN,,,,,,,,1,043,043,04,1,2.8,6,1,6,2.17917675544795,2,"New York, United States",US,USNY,,42.1497,-74.9384,NY,4,"Beijing, Beijing, China",CH,CH22,13001,39.9289,116.388,-1898541,2,"New York, United States",US,USNY,,42.1497,-74.9384,NY,20191016163000,Consult,Verbal cooperation
880127198,20191016,201910,CHN,CHINESE,CHN,,,,,,,,USABUS,AMERICAN,USA,,,,,BUS,,,1,010,010,01,1,0.0,8,1,8,6.32911392405059,1,United States,US,US,,39.828175,-98.5795,US,1,United States,US,US,,39.828175,-98.5795,US,1,United States,US,US,,39.828175,-98.5795,US,20191016164500,Make public statement,Verbal cooperation
880132506,20191016,201910,USA,WASHINGTON,USA,,,,,,,,CHN,CHINESE,CHN,,,,,,,,1,071,071,07,2,7.4,10,1,10,-3.47271438695961,2,"New York, United States",US,USNY,,42.1497,-74.9384,NY,2,"New York, United States",US,USNY,,42.1497,-74.9384,NY,2,"New York, United States",US,USNY,,42.1497,-74.9384,NY,20191016170000,Provide aid,Material cooperation
880134391,20191016,201910,CHN,CHINA,CHN,,,,,,,,USA,NEW YORK,USA,,,,,,,,1,043,043,04,1,2.8,6,1,6,1.53550863723609,1,China,CH,CH,,35.0,105.0,CH,2,"New York, United States",US,USNY,,42.1497,-74.9384,NY,1,China,CH,CH,,35.0,105.0,CH,20191016171500,Consult,Verbal cooperation
880135621,20191016,201910,USA,NEW YORK,USA,,,,,,,,CHN,CHINA,CHN,,,,,,,,1,042,042,04,1,1.9,6,1,6,1.53550863723609,1,China,CH,CH,,35.0,105.0,CH,1,China,CH,CH,,35.0,105.0,CH,1,China,CH,CH,,35.0,105.0,CH,20191016171500,Consult,Verbal cooperation
880139288,20191016,201910,USA,AMERICAN,USA,,,,,,,,CHN,CHINA,CHN,,,,,,,,1,061,061,06,2,6.4,10,1,10,-2.3696682464455,1,United Kingdom,UK,UK,,54.0,-4.0,UK,1,United Kingdom,UK,UK,,54.0,-4.0,UK,1,United Kingdom,UK,UK,,54.0,-4.0,UK,20191016173000,Engage in material cooperation,Material cooperation
880145733,20191016,201910,USA,THE US,USA,,,,,,,,CHNBUS,CHINESE,CHN,,,,,BUS,,,1,084,084,08,2,7.0,10,1,10,-2.33009708737864,4,"Beijing, Beijing, China",CH,CH22,13001,39.9289,116.388,-1898541,4,"Beijing, Beijing, China",CH,CH22,13001,39.9289,116.388,-1898541,4,"Beijing, Beijing, China",CH,CH22,13001,39.9289,116.388,-1898541,20191016180000,Yield,Material cooperation
880154023,20191016,201910,CHNGOV,CHINA,CHN,,,,,GOV,,,USA,THE US,USA,,,,,,,,1,133,133,13,3,-5.8,10,1,10,-6.22406639004149,1,Hong Kong,HK,HK,,22.25,114.166667,HK,1,China,CH,CH,,35.0,105.0,CH,1,Hong Kong,HK,HK,,22.25,114.166667,HK,20191016184500,Threaten,Verbal conflict
880164378,20191016,201910,USA,WASHINGTON,USA,,,,,,,,CHNGOV,CHINESE,CHN,,,,,GOV,,,1,020,020,02,1,3.0,6,1,6,0.0,3,"Washington, District of Columbia, United States",US,USDC,DC001,38.8951,-77.0364,531871,1,China,CH,CH,,35.0,105.0,CH,1,China,CH,CH,,35.0,105.0,CH,20191016193000,Appeal,Verbal cooperation
880164634,20191016,201910,USAMED,REUTERS,USA,,,,,MED,,,CHNBUS,CHINA,CHN,,,,,BUS,,,1,020,020,02,1,3.0,6,1,6,0.0,1,United States,US,US,,39.828175,-98.5795,US,1,China,CH,CH,,35.0,105.0,CH,1,United States,US,US,,39.828175,-98.5795,US,20191016193000,Appeal,Verbal cooperation
880167232,20191016,201910,USA,WASHINGTON,USA,,,,,,,,CHN,CHINESE,CHN,,,,,,,,1,130,130,13,3,-4.4,6,1,6,-4.51977401129944,4,"Tehran, Tehran, Iran",IR,IR26,41130,35.75,51.5148,10074674,4,"Zhang Shu, Zhejiang, China",CH,CH02,13327,30.159,121.318,183795,4,"Zhang Shu, Zhejiang, China",CH,CH02,13327,30.159,121.318,183795,20191016194500,Threaten,Verbal conflict
880167233,20191016,201910,USA,WASHINGTON,USA,,,,,,,,CHNGOV,CHINESE,CHN,,,,,GOV,,,1,020,020,02,1,3.0,6,1,6,0.0,3,"Washington, District of Columbia, United States",US,USDC,DC001,38.8951,-77.0364,531871,3,"Washington, District of Columbia, United States",US,USDC,DC001,38.8951,-77.0364,531871,3,"Washington, District of Columbia, United States",US,USDC,DC001,38.8951,-77.0364,531871,20191016194500,Appeal,Verbal cooperation
880167472,20191016,201910,USAGOV,AMERICAN,USA,,,,,GOV,,,CHN,CHINESE,CHN,,,,,,,,1,020,020,02,1,3.0,56,8,56,-2.526395173454,3,"Washington, District of Columbia, United States",US,USDC,DC001,38.8951,-77.0364,531871,4,"Beijing, Beijing, China",CH,CH22,13001,39.9289,116.388,-1898541,4,"Beijing, Beijing, China",CH,CH22,13001,39.9289,116.388,-1898541,20191016194500,Appeal,Verbal cooperation
880167473,20191016,201910,USAGOV,UNITED STATES,USA,,,,,GOV,,,CHN,CHINESE,CHN,,,,,,,,1,020,020,02,1,3.0,8,8,8,-2.526395173454,3,"Washington, District of Columbia, United States",US,USDC,DC001,38.8951,-77.0364,531871,4,"Beijing, Beijing, China",CH,CH22,13001,39.9289,116.388,-1898541,3,"Washington, District of Columbia, United States",US,USDC,DC001,38.8951,-77.0364,531871,20191016194500,Appeal,Verbal cooperation
880168825,20191016,201910,CHN,BEIJING,CHN,,,,,,,,USA,WASHINGTON,USA,,,,,,,,1,138,138,13,3,-7.0,6,1,6,-4.56852791878173,4,"Beijing, Beijing, China",CH,CH22,13001,39.9289,116.388,-1898541,4,"Beijing, Beijing, China",CH,CH22,13001,39.9289,116.388,-1898541,4,"Beijing, Beijing, China",CH,CH22,13001,39.9289,116.388,-1898541,20191016200000,Threaten,Verbal conflict
880170366,20191016,201910,USAGOV,AMERICAN,USA,,,,,GOV,,,CHN,CHINESE,CHN,,,,,,,,1,020,020,02,1,3.0,7,1,7,-1.52173913043478,1,United States,US,US,,39.828175,-98.5795,US,4,"Beijing, Beijing, China",CH,CH22,13001,39.9289,116.388,-1898541,4,"Beijing, Beijing, China",CH,CH22,13001,39.9289,116.388,-1898541,20191016200000,Appeal,Verbal cooperation
880175750,20191016,201910,USAGOV,AMERICAN,USA,,,,,GOV,,,CHN,CHINESE,CHN,,,,,,,,1,020,020,02,1,3.0,7,1,7,-1.68421052631579,3,"Washington, District of Columbia, United States",US,USDC,DC001,38.8951,-77.0364,531871,4,"Houma, Shanxi, China",CH,CH24,13254,35.6136,111.357,-1909804,4,"Houma, Shanxi, China",CH,CH24,13254,35.6136,111.357,-1909804,20191016203000,Appeal,Verbal cooperation
880175752,20191016,201910,USAGOV,AMERICAN,USA,,,,,GOV,,,CHN,CHINESE,CHN,,,,,,,,1,020,020,02,1,3.0,7,1,7,-1.67364016736402,2,"Washington, United States",US,USWA,,47.3917,-121.571,WA,4,"Beijing, Beijing, China",CH,CH22,13001,39.9289,116.388,-1898541,4,"Beijing, Beijing, China",CH,CH22,13001,39.9289,116.388,-1898541,20191016203000,Appeal,Verbal cooperation
880179842,20191016,201910,CHN,CHINESE,CHN,,,,,,,,USA,CHICAGO,USA,,,,,,,,1,020,020,02,1,3.0,9,1,9,2.04402515723271,4,"Xilin, Guangdong, China",CH,CH30,13046,23.7022,116.958,9204223,4,"Xilin, Guangdong, China",CH,CH30,13046,23.7022,116.958,9204223,4,"Xilin, Guangdong, China",CH,CH30,13046,23.7022,116.958,9204223,20191016210000,Appeal,Verbal cooperation
880180922,20191016,201910,USA,WASHINGTON,USA,,,,,,,,CHN,CHINA,CHN,,,,,,,,1,112,112,11,3,-2.0,6,1,6,-1.98019801980198,3,"Washington, District of Columbia, United States",US,USDC,DC001,38.8951,-77.0364,531871,1,China,CH,CH,,35.0,105.0,CH,3,"Washington, District of Columbia, United States",US,USDC,DC001,38.8951,-77.0364,531871,20191016210000,Disapprove,Verbal conflict
880198370,20191016,201910,CHN,BEIJING,CHN,,,,,,,,USAGOV,US OFFICIAL,USA,,,,,GOV,,,1,043,043,04,1,2.8,10,1,10,2.4390243902439,4,"Beijing, Beijing, China",CH,CH22,13001,39.9289,116.388,-1898541,4,"Beijing, Beijing, China",CH,CH22,13001,39.9289,116.388,-1898541,4,"Beijing, Beijing, China",CH,CH22,13001,39.9289,116.388,-1898541,20191016224500,Consult,Verbal cooperation
880199761,20191016,201910,USAGOV,US OFFICIAL,USA,,,,,GOV,,,CHN,BEIJING,CHN,,,,,,,,1,042,042,04,1,1.9,8,1,8,2.4390243902439,4,"Beijing, Beijing, China",CH,CH22,13001,39.9289,116.388,-1898541,4,"Beijing, Beijing, China",CH,CH22,13001,39.9289,116.388,-1898541,4,"Beijing, Beijing, China",CH,CH22,13001,39.9289,116.388,-1898541,20191016224500,Consult,Verbal cooperation
880202857,20191016,201910,CHN,CHINESE,CHN,,,,,,,,USALEG,THE US,USA,,,,,LEG,,,1,111,111,11,3,-2.0,10,1,10,-0.59171597633136,1,New Zealand,NZ,NZ,,-42.0,174.0,NZ,1,New Zealand,NZ,NZ,,-42.0,174.0,NZ,1,New Zealand,NZ,NZ,,-42.0,174.0,NZ,20191016231500,Disapprove,Verbal conflict
880209750,20191017,201910,CHN,CHINESE,CHN,,,,,,,,USA,CHICAGO,USA,,,,,,,,1,020,020,02,1,3.0,9,1,9,1.9578313253012,4,"Xilin, Guangdong, China",CH,CH30,13046,23.7022,116.958,9204223,4,"Xilin, Guangdong, China",CH,CH30,13046,23.7022,116.958,9204223,4,"Xilin, Guangdong, China",CH,CH30,13046,23.7022,116.958,9204223,20191017000000,Appeal,Verbal cooperation
880213282,20191017,201910,USAGOV,AMERICAN,USA,,,,,GOV,,,CHN,CHINESE,CHN,,,,,,,,1,020,020,02,1,3.0,21,3,21,-1.6748097272294,3,"Washington, District of Columbia, United States",US,USDC,DC001,38.8951,-77.0364,531871,4,"Beijing, Beijing, China",CH,CH22,13001,39.9289,116.388,-1898541,4,"Beijing, Beijing, China",CH,CH22,13001,39.9289,116.388,-1898541,20191017000000,Appeal,Verbal cooperation
880215469,20191017,201910,CHN,CHINESE,CHN,,,,,,,,USA,UNITED STATES,USA,,,,,,,,1,125,125,12,3,-5.0,6,1,6,-0.30120481927711,1,China,CH,CH,,35.0,105.0,CH,1,China,CH,CH,,35.0,105.0,CH,1,China,CH,CH,,35.0,105.0,CH,20191017001500,Reject,Verbal conflict
880219825,20191017,201910,CHNGOV,CHINESE,CHN,,,,,GOV,,,USAGOV,US OFFICIAL,USA,,,,,GOV,,,1,010,010,01,1,0.0,6,1,6,1.09204368174727,1,China,CH,CH,,35.0,105.0,CH,1,China,CH,CH,,35.0,105.0,CH,1,China,CH,CH,,35.0,105.0,CH,20191017003000,Make public statement,Verbal cooperation
880221995,20191017,201910,USA,THE US,USA,,,,,,,,CHN,CHINA,CHN,,,,,,,,1,020,020,02,1,3.0,8,1,8,0.50761421319797,1,Hong Kong,HK,HK,,22.25,114.166667,HK,1,China,CH,CH,,35.0,105.0,CH,1,Hong Kong,HK,HK,,22.25,114.166667,HK,20191017003000,Appeal,Verbal cooperation
880222001,20191017,201910,USA,JERSEY,USA,,,,,,,,CHN,BEIJING,CHN,,,,,,,,1,111,111,11,3,-2.0,10,1,10,-7.47663551401869,4,"Beijing, Beijing, China",CH,CH22,13001,39.9289,116.388,-1898541,4,"Beijing, Beijing, China",CH,CH22,13001,39.9289,116.388,-1898541,4,"Beijing, Beijing, China",CH,CH22,13001,39.9289,116.388,-1898541,20191017003000,Disapprove,Verbal conflict
880222306,20191017,201910,USAGOV,AMERICAN,USA,,,,,GOV,,,CHN,CHINESE,CHN,,,,,,,,1,020,020,02,1,3.0,7,1,7,-1.67714884696017,2,"Washington, United States",US,USWA,,47.3917,-121.571,WA,4,"Beijing, Beijing, China",CH,CH22,13001,39.9289,116.388,-1898541,4,"Beijing, Beijing, China",CH,CH22,13001,39.9289,116.388,-1898541,20191017003000,Appeal,Verbal cooperation
880224283,20191017,201910,CHN,CHINESE,CHN,,,,,,,,USA,WASHINGTON,USA,,,,,,,,1,164,164,16,4,-7.0,8,1,8,-3.96600566572238,3,"Washington, District of Columbia, United States",US,USDC,DC001,38.8951,-77.0364,531871,3,"Washington, District of Columbia, United States",US,USDC,DC001,38.8951,-77.0364,531871,3,"Washington, District of Columbia, United States",US,USDC,DC001,38.8951,-77.0364,531871,20191017004500,Reduce relations,Material conflict
880226559,20191017,201910,USA,WASHINGTON,USA,,,,,,,,CHN,CHINESE,CHN,,,,,,,,1,130,130,13,3,-4.4,6,1,6,-4.45026178010472,4,"Tehran, Tehran, Iran",IR,IR26,41130,35.75,51.5148,10074674,4,"Tehran, Tehran, Iran",IR,IR26,41130,35.75,51.5148,10074674,4,"Tehran, Tehran, Iran",IR,IR26,41130,35.75,51.5148,10074674,20191017004500,Threaten,Verbal conflict
880226562,20191017,201910,USA,WASHINGTON,USA,,,,,,,,CHN,CHINESE,CHN,,,,,,,,1,164,164,16,4,-7.0,6,1,6,-3.96600566572238,3,"Washington, District of Columbia, United States",US,USDC,DC001,38.8951,-77.0364,531871,4,"Beijing, Beijing, China",CH,CH22,13001,39.9289,116.388,-1898541,4,"Beijing, Beijing, China",CH,CH22,13001,39.9289,116.388,-1898541,20191017004500,Reduce relations,Material conflict
880226564,20191017,201910,USA,UNITED STATES,USA,,,,,,,,CHN,HANGZHOU,CHN,,,,,,,,1,173,173,17,4,-5.0,10,1,10,2.21606648199446,3,"Phoenix, Arizona, United States",US,USAZ,AZ013,33.4484,-112.074,44784,4,"Hangzhou, Zhejiang, China",CH,CH02,13319,30.2553,120.169,-1908366,3,"Phoenix, Arizona, United States",US,USAZ,AZ013,33.4484,-112.074,44784,20191017004500,Coerce,Material conflict
880227012,20191017,201910,USAGOVBUS,US TREASURY,USA,,,,,GOV,BUS,,CHN,CHINA,CHN,,,,,,,,1,012,012,01,1,-0.4,8,1,8,-2.01149425287356,1,Japan,JA,JA,,36.0,138.0,JA,1,Japan,JA,JA,,36.0,138.0,JA,1,Japan,JA,JA,,36.0,138.0,JA,20191017004500,Make public statement,Verbal cooperation
880232403,20191017,201910,CHN,HUIZHOU,CHN,,,,,,,,USA,UNITED STATES,USA,,,,,,,,1,061,061,06,2,6.4,10,1,10,-1.76211453744493,4,"Huizhou, Guangdong, China",CH,CH30,13038,23.0833,114.4,-1910990,4,"Huizhou, Guangdong, China",CH,CH30,13038,23.0833,114.4,-1910990,4,"Huizhou, Guangdong, China",CH,CH30,13038,23.0833,114.4,-1910990,20191017011500,Engage in material cooperation,Material cooperation
880232412,20191017,201910,CHN,CHINESE,CHN,,,,,,,,USA,WASHINGTON,USA,,,,,,,,1,130,130,13,3,-4.4,10,1,10,-4.7457627118644,4,"Kunlun, Zhejiang, China",CH,CH02,13324,29.9197,120.83,10562370,4,"Kunlun, Zhejiang, China",CH,CH02,13324,29.9197,120.83,10562370,4,"Kunlun, Zhejiang, China",CH,CH02,13324,29.9197,120.83,10562370,20191017011500,Threaten,Verbal conflict
880232413,20191017,201910,CHN,CHINA,CHN,,,,,,,,USA,UNITED STATES,USA,,,,,,,,1,130,130,13,3,-4.4,10,1,10,-2.02205882352941,1,Hong Kong,HK,HK,,22.25,114.166667,HK,1,Hong Kong,HK,HK,,22.25,114.166667,HK,1,Hong Kong,HK,HK,,22.25,114.166667,HK,20191017011500,Threaten,Verbal conflict
880234005,20191017,201910,USA,AMERICAN,USA,,,,,,,,CHN,CHINA,CHN,,,,,,,,1,061,061,06,2,6.4,8,1,8,0.0,3,"Washington, District of Columbia, United States",US,USDC,DC001,38.8951,-77.0364,531871,4,"Beijing, Beijing, China",CH,CH22,13001,39.9289,116.388,-1898541,4,"Beijing, Beijing, China",CH,CH22,13001,39.9289,116.388,-1898541,20191017011500,Engage in material cooperation,Material cooperation
880259557,20191017,201910,CHN,CHINA,CHN,,,,,,,,USALEG,UNITED STATES,USA,,,,,LEG,,,1,111,111,11,3,-2.0,10,1,10,-7.05596107055961,1,Hong Kong,HK,HK,,22.25,114.166667,HK,1,Hong Kong,HK,HK,,22.25,114.166667,HK,1,Hong Kong,HK,HK,,22.25,114.166667,HK,20191017041500,Disapprove,Verbal conflict
880259562,20191017,201910,CHNGOV,CHINESE,CHN,,,,,GOV,,,USAGOV,US OFFICIAL,USA,,,,,GOV,,,1,040,040,04,1,1.0,6,1,6,-0.390625,1,China,CH,CH,,35.0,105.0,CH,1,United States,US,US,,39.828175,-98.5795,US,1,United States,US,US,,39.828175,-98.5795,US,20191017041500,Consult,Verbal cooperation
880259563,20191017,201910,CHNGOV,CHINESE,CHN,,,,,GOV,,,USAGOV,US OFFICIAL,USA,,,,,GOV,,,1,046,046,04,1,7.0,6,1,6,-0.390625,1,China,CH,CH,,35.0,105.0,CH,1,China,CH,CH,,35.0,105.0,CH,1,China,CH,CH,,35.0,105.0,CH,20191017041500,Consult,Verbal cooperation
880260588,20191017,201910,USAGOV,THE US,USA,,,,,GOV,,,CHN,CHINESE,CHN,,,,,,,,1,160,160,16,4,-4.0,10,1,10,-7.00934579439252,4,"Yitu, Shandong, China",CH,CH25,13231,36.6967,118.48,-1936307,4,"Yitu, Shandong, China",CH,CH25,13231,36.6967,118.48,-1936307,4,"Yitu, Shandong, China",CH,CH25,13231,36.6967,118.48,-1936307,20191017041500,Reduce relations,Material conflict
880260590,20191017,201910,USAGOV,UNITED STATES,USA,,,,,GOV,,,CHN,CHINESE,CHN,,,,,,,,1,160,160,16,4,-4.0,6,1,6,-7.00934579439252,4,"Yitu, Shandong, China",CH,CH25,13231,36.6967,118.48,-1936307,2,"New York, United States",US,USNY,,42.1497,-74.9384,NY,2,"New York, United States",US,USNY,,42.1497,-74.9384,NY,20191017041500,Reduce relations,Material conflict
880260591,20191017,201910,USAGOV,UNITED STATES,USA,,,,,GOV,,,CHN,CHINESE,CHN,,,,,,,,1,160,160,16,4,-4.0,8,1,8,-7.00934579439252,2,"New York, United States",US,USNY,,42.1497,-74.9384,NY,4,"Yitu, Shandong, China",CH,CH25,13231,36.6967,118.48,-1936307,4,"Yitu, Shandong, China",CH,CH25,13231,36.6967,118.48,-1936307,20191017041500,Reduce relations,Material conflict
880260593,20191017,201910,USAGOV,US OFFICIAL,USA,,,,,GOV,,,CHNGOV,CHINESE,CHN,,,,,GOV,,,1,040,040,04,1,1.0,6,1,6,-0.390625,1,United States,US,US,,39.828175,-98.5795,US,1,China,CH,CH,,35.0,105.0,CH,1,United States,US,US,,39.828175,-98.5795,US,20191017041500,Consult,Verbal cooperation
880260594,20191017,201910,USAGOV,US OFFICIAL,USA,,,,,GOV,,,CHNGOV,CHINESE,CHN,,,,,GOV,,,1,046,046,04,1,7.0,6,1,6,-0.390625,1,United States,US,US,,39.828175,-98.5795,US,1,China,CH,CH,,35.0,105.0,CH,1,United States,US,US,,39.828175,-98.5795,US,20191017041500,Consult,Verbal cooperation
880263395,20191017,201910,USA,THE US,USA,,,,,,,,CHN,CHINA,CHN,,,,,,,,1,061,061,06,2,6.4,10,1,10,-3.89380530973451,1,China,CH,CH,,35.0,105.0,CH,1,China,CH,CH,,35.0,105.0,CH,1,China,CH,CH,,35.0,105.0,CH,20191017043000,Engage in material cooperation,Material cooperation
880263397,20191017,201910,USA,UNITED STATES,USA,,,,,,,,CHN,CHINA,CHN,,,,,,,,1,120,120,12,3,-4.0,6,1,6,-0.86872586872587,1,United States,US,US,,39.828175,-98.5795,US,4,"Beijing, Beijing, China",CH,CH22,13001,39.9289,116.388,-1898541,1,United States,US,US,,39.828175,-98.5795,US,20191017043000,Reject,Verbal conflict
880263622,20181017,201810,CHN,CHINA,CHN,,,,,,,,USA,UNITED STATES,USA,,,,,,,,1,061,061,06,2,6.4,6,1,6,-5.94059405940594,1,Russia,RS,RS,,60.0,100.0,RS,1,China,CH,CH,,35.0,105.0,CH,1,Russia,RS,RS,,60.0,100.0,RS,20191017044500,Engage in material cooperation,Material cooperation
880266243,20190917,201909,USA,UNITED STATES,USA,,,,,,,,CHN,JIANGSU,CHN,,,,,,,,1,173,173,17,4,-5.0,10,4,10,-3.40229981338601,2,"Idaho, United States",US,USID,,44.2394,-114.51,ID,2,"Idaho, United States",US,USID,,44.2394,-114.51,ID,2,"Idaho, United States",US,USID,,44.2394,-114.51,ID,20191017050000,Coerce,Material conflict
880266260,20191016,201910,CHN,CHINA,CHN,,,,,,,,USA,THE US,USA,,,,,,,,1,030,030,03,1,4.0,10,1,10,-2.23463687150838,1,China,CH,CH,,35.0,105.0,CH,1,China,CH,CH,,35.0,105.0,CH,1,Cambodia,CB,CB,,13.0,105.0,CB,20191017050000,Express intent to cooperate,Verbal cooperation
880266272,20191016,201910,USA,THE US,USA,,,,,,,,CHN,CHINA,CHN,,,,,,,,1,030,030,03,1,4.0,10,1,10,-2.23463687150838,1,China,CH,CH,,35.0,105.0,CH,1,China,CH,CH,,35.0,105.0,CH,1,Cambodia,CB,CB,,13.0,105.0,CB,20191017050000,Express intent to cooperate,Verbal cooperation
880266565,20191017,201910,CHN,CHINA,CHN,,,,,,,,USA,AMERICAN,USA,,,,,,,,1,173,173,17,4,-5.0,23,4,23,-3.34017507958704,4,"Zhenjiang, Jiangsu, China",CH,CH04,13154,32.2109,119.455,-1938832,4,"Zhenjiang, Jiangsu, China",CH,CH04,13154,32.2109,119.455,-1938832,4,"Zhenjiang, Jiangsu, China",CH,CH04,13154,32.2109,119.455,-1938832,20191017050000,Coerce,Material conflict
880279323,20191017,201910,USAMED,REUTERS,USA,,,,,MED,,,CHN,CHINESE,CHN,,,,,,,,1,071,071,07,2,7.4,6,1,6,-3.26409495548961,2,"Alaska, United States",US,USAK,,61.385,-152.268,AK,2,"Alaska, United States",US,USAK,,61.385,-152.268,AK,2,"Alaska, United States",US,USAK,,61.385,-152.268,AK,20191017061500,Provide aid,Material cooperation
880279324,20191017,201910,USAMED,REUTERS,USA,,,,,MED,,,CHN,CHINESE,CHN,,,,,,,,1,160,160,16,4,-4.0,8,1,8,-3.26409495548961,4,"Yangzhong, Fujian, China",CH,CH07,13013,26.5983,118.907,11044529,4,"Yangzhong, Fujian, China",CH,CH07,13013,26.5983,118.907,11044529,4,"Yangzhong, Fujian, China",CH,CH07,13013,26.5983,118.907,11044529,20191017061500,Reduce relations,Material conflict
880279391,20190917,201909,USAMIL,A US,USA,,,,,MIL,,,CHN,CHINESE,CHN,,,,,,,,1,010,010,01,1,0.0,10,1,10,-4.77272727272727,4,"Beijing, Beijing, China",CH,CH22,13001,39.9289,116.388,-1898541,4,"Beijing, Beijing, China",CH,CH22,13001,39.9289,116.388,-1898541,4,"Beijing, Beijing, China",CH,CH22,13001,39.9289,116.388,-1898541,20191017063000,Make public statement,Verbal cooperation
880285641,20190917,201909,USAMIL,A US,USA,,,,,MIL,,,CHN,CHINESE,CHN,,,,,,,,1,010,010,01,1,0.0,10,1,10,-4.82758620689655,4,"South China Sea, Brunei (general), Brunei",BX,BX00,,15.0,115.0,-1337919,4,"South China Sea, Brunei (general), Brunei",BX,BX00,,15.0,115.0,-1337919,4,"South China Sea, Brunei (general), Brunei",BX,BX00,,15.0,115.0,-1337919,20191017070000,Make public statement,Verbal cooperation
880291293,20191017,201910,CHN,CHINESE,CHN,,,,,,,,USA,WASHINGTON,USA,,,,,,,,1,164,164,16,4,-7.0,8,1,8,-5.21327014218009,4,"Liang Hua, Guangdong, China",CH,CH30,13038,23.1127,114.672,6026333,4,"Liang Hua, Guangdong, China",CH,CH30,13038,23.1127,114.672,6026333,4,"Liang Hua, Guangdong, China",CH,CH30,13038,23.1127,114.672,6026333,20191017073000,Reduce relations,Material conflict
880292583,20191017,201910,USA,AMERICAN,USA,,,,,,,,CHN,CHINA,CHN,,,,,,,,1,060,060,06,2,6.0,8,1,8,-3.77906976744186,1,China,CH,CH,,35.0,105.0,CH,1,China,CH,CH,,35.0,105.0,CH,1,China,CH,CH,,35.0,105.0,CH,20191017073000,Engage in material cooperation,Material cooperation
880294936,20191017,201910,USA,THE US,USA,,,,,,,,CHN,CHINESE,CHN,,,,,,,,1,085,085,08,2,7.0,10,1,10,-2.21774193548388,1,Germany,GM,GM,,51.5,10.5,GM,1,Germany,GM,GM,,51.5,10.5,GM,1,Germany,GM,GM,,51.5,10.5,GM,20191017074500,Yield,Material cooperation
880296382,20191017,201910,MNCUSA,ROYAL CARIBBEAN,USA,,,,,MNC,,,CHN,BEIJING,CHN,,,,,,,,1,120,120,12,3,-4.0,8,1,8,-2.25694444444445,4,"Beijing, Beijing, China",CH,CH22,13001,39.9289,116.388,-1898541,4,"Beijing, Beijing, China",CH,CH22,13001,39.9289,116.388,-1898541,4,"Beijing, Beijing, China",CH,CH22,13001,39.9289,116.388,-1898541,20191017080000,Reject,Verbal conflict
880299415,20191017,201910,USAMED,REUTERS,USA,,,,,MED,,,CHN,DALIAN,CHN,,,,,,,,1,072,072,07,2,8.3,10,1,10,0.62735257214555,4,"Jiangnan, Sichuan, China",CH,CH32,13003,31.5686,105.967,10341749,4,"Beijing, Beijing, China",CH,CH22,13001,39.9289,116.388,-1898541,4,"Beijing, Beijing, China",CH,CH22,13001,39.9289,116.388,-1898541,20191017081500,Provide aid,Material cooperation
880302298,20191017,201910,USAGOV,AMERICAN,USA,,,,,GOV,,,CHN,CHINESE,CHN,,,,,,,,1,020,020,02,1,3.0,7,1,7,-1.47420147420147,1,United States,US,US,,39.828175,-98.5795,US,4,"Beijing, Beijing, China",CH,CH22,13001,39.9289,116.388,-1898541,4,"Beijing, Beijing, China",CH,CH22,13001,39.9289,116.388,-1898541,20191017083000,Appeal,Verbal cooperation
880307417,20191017,201910,MNCUSA,ISHARES,USA,,,,,MNC,,,CHN,CHINA,CHN,,,,,,,,1,010,010,01,1,0.0,10,1,10,0.349650349650349,1,China,CH,CH,,35.0,105.0,CH,1,China,CH,CH,,35.0,105.0,CH,1,China,CH,CH,,35.0,105.0,CH,20191017090000,Make public statement,Verbal cooperation
880307753,20191017,201910,USA,WASHINGTON,USA,,,,,,,,CHN,CHINA,CHN,,,,,,,,1,051,051,05,1,3.4,6,1,6,1.25,2,"Washington, United States",US,USWA,,47.3917,-121.571,WA,1,China,CH,CH,,35.0,105.0,CH,1,China,CH,CH,,35.0,105.0,CH,20191017090000,Engage in diplomatic cooperation,Verbal cooperation
880309287,20191017,201910,CHN,BEIJING,CHN,,,,,,,,USA,WASHINGTON,USA,,,,,,,,1,057,057,05,1,8.0,10,1,10,-1.73160173160173,4,"Shanghai, Shanghai, China",CH,CH23,13243,31.2222,121.458,-1924465,4,"Shanghai, Shanghai, China",CH,CH23,13243,31.2222,121.458,-1924465,4,"Shanghai, Shanghai, China",CH,CH23,13243,31.2222,121.458,-1924465,20191017091500,Engage in diplomatic cooperation,Verbal cooperation
880309288,20191017,201910,CHN,CHINA,CHN,,,,,,,,USA,AMERICAN,USA,,,,,,,,1,173,173,17,4,-5.0,8,1,8,-9.09090909090909,4,"Guangzhou, Guangdong, China",CH,CH30,13033,23.1167,113.25,-1907161,4,"Guangzhou, Guangdong, China",CH,CH30,13033,23.1167,113.25,-1907161,4,"Guangzhou, Guangdong, China",CH,CH30,13033,23.1167,113.25,-1907161,20191017091500,Coerce,Material conflict
880309289,20191017,201910,CHN,CHINA,CHN,,,,,,,,USA,AMERICAN,USA,,,,,,,,1,173,173,17,4,-5.0,8,1,8,-4.95867768595041,1,China,CH,CH,,35.0,105.0,CH,1,China,CH,CH,,35.0,105.0,CH,1,China,CH,CH,,35.0,105.0,CH,20191017091500,Coerce,Material conflict
880316147,20191017,201910,NGOUSAJEW,AMIT,USA,,,JEW,,NGO,,,CHN,GREAT WALL,CHN,,,,,,,,1,111,111,11,3,-2.0,6,1,6,2.04918032786886,4,"Great Wall, China (general), China",CH,CH00,13077,39.9667,119.8,-1930117,4,"Great Wall, China (general), China",CH,CH00,13077,39.9667,119.8,-1930117,4,"Great Wall, China (general), China",CH,CH00,13077,39.9667,119.8,-1930117,20191017094500,Disapprove,Verbal conflict
880320937,20191017,201910,CHN,CHINA,CHN,,,,,,,,USA,WASHINGTON,USA,,,,,,,,1,020,020,02,1,3.0,40,7,40,-2.09952775225223,3,"Washington, District of Columbia, United States",US,USDC,DC001,38.8951,-77.0364,531871,3,"Washington, District of Columbia, United States",US,USDC,DC001,38.8951,-77.0364,531871,3,"Washington, District of Columbia, United States",US,USDC,DC001,38.8951,-77.0364,531871,20191017101500,Appeal,Verbal cooperation
880320938,20191017,201910,CHN,CHINA,CHN,,,,,,,,USA,WASHINGTON,USA,,,,,,,,1,020,020,02,1,3.0,20,5,20,-1.98775329320224,3,"Washington, District of Columbia, United States",US,USDC,DC001,38.8951,-77.0364,531871,1,Japan,JA,JA,,36.0,138.0,JA,3,"Washington, District of Columbia, United States",US,USDC,DC001,38.8951,-77.0364,531871,20191017101500,Appeal,Verbal cooperation
880327470,20191017,201910,CHN,BEIJING,CHN,,,,,,,,USA,THE US,USA,,,,,,,,1,043,043,04,1,2.8,10,1,10,-1.78571428571429,4,"Beijing, Beijing, China",CH,CH22,13001,39.9289,116.388,-1898541,4,"Beijing, Beijing, China",CH,CH22,13001,39.9289,116.388,-1898541,4,"Beijing, Beijing, China",CH,CH22,13001,39.9289,116.388,-1898541,20191017104500,Consult,Verbal cooperation
880331823,20191017,201910,CHN,CHINESE,CHN,,,,,,,,USA,CALIFORNIA,USA,,,,,,,,1,043,043,04,1,2.8,7,1,7,2.42990654205607,1,China,CH,CH,,35.0,105.0,CH,2,"California, United States",US,USCA,,36.17,-119.746,CA,1,China,CH,CH,,35.0,105.0,CH,20191017110000,Consult,Verbal cooperation
880333347,20191017,201910,USA,CALIFORNIA,USA,,,,,,,,CHN,CHINESE,CHN,,,,,,,,1,042,042,04,1,1.9,7,1,7,2.42990654205607,2,"California, United States",US,USCA,,36.17,-119.746,CA,2,"California, United States",US,USCA,,36.17,-119.746,CA,2,"California, United States",US,USCA,,36.17,-119.746,CA,20191017110000,Consult,Verbal cooperation
880340235,20191017,201910,USA,UNITED STATES,USA,,,,,,,,CHNBUS,DALIAN,CHN,,,,,BUS,,,1,163,163,16,4,-8.0,29,3,29,-1.72464871924824,4,"Dalian, Liaoning, China",CH,CH19,13327,38.9122,121.602,-1901835,4,"Dalian, Liaoning, China",CH,CH19,13327,38.9122,121.602,-1901835,4,"Dalian, Liaoning, China",CH,CH19,13327,38.9122,121.602,-1901835,20191017113000,Reduce relations,Material conflict
880340236,20191017,201910,USA,UNITED STATES,USA,,,,,,,,CHNBUS,DALIAN,CHN,,,,,BUS,,,1,163,163,16,4,-8.0,11,3,11,-1.68493337722959,3,"Department Of Energy, District of Columbia, United States",US,USDC,DC001,38.8862,-77.025,530856,4,"Dalian, Liaoning, China",CH,CH19,13327,38.9122,121.602,-1901835,3,"Department Of Energy, District of Columbia, United States",US,USDC,,38.8862,-77.025,530856,20191017113000,Reduce relations,Material conflict
880342230,20191017,201910,CHN,CHINA,CHN,,,,,,,,USA,AMERICAN,USA,,,,,,,,1,173,173,17,4,-5.0,6,1,6,-7.56302521008403,1,China,CH,CH,,35.0,105.0,CH,1,United States,US,US,,39.828175,-98.5795,US,1,United States,US,US,,39.828175,-98.5795,US,20191017114500,Coerce,Material conflict
880342233,20191017,201910,CHNGOV,CHINESE,CHN,,,,,GOV,,,USA,WASHINGTON,USA,,,,,,,,1,020,020,02,1,3.0,12,2,12,2.51012145748988,4,"Shanghai, Shanghai, China",CH,CH23,13243,31.2222,121.458,-1924465,3,"Washington, District of Columbia, United States",US,USDC,DC001,38.8951,-77.0364,531871,4,"Shanghai, Shanghai, China",CH,CH23,13243,31.2222,121.458,-1924465,20191017114500,Appeal,Verbal cooperation
880343536,20191017,201910,USA,UNITED STATES,USA,,,,,,,,CHN,CHINA,CHN,,,,,,,,1,070,070,07,2,7.0,16,1,16,-2.63591433278419,3,"Chicago, Illinois, United States",US,USIL,IL031,41.85,-87.6501,423587,3,"Chicago, Illinois, United States",US,USIL,IL031,41.85,-87.6501,423587,3,"Chicago, Illinois, United States",US,USIL,IL031,41.85,-87.6501,423587,20191017114500,Provide aid,Material cooperation
880350966,20191017,201910,CHN,CHINA,CHN,,,,,,,,USAMED,REUTERS,USA,,,,,MED,,,1,010,010,01,1,0.0,8,1,8,1.1441647597254,4,"Xiaomi, Fujian, China",CH,CH07,13163,25.2225,116.057,10999868,4,"Xiaomi, Fujian, China",CH,CH07,13163,25.2225,116.057,10999868,4,"Xiaomi, Fujian, China",CH,CH07,13163,25.2225,116.057,10999868,20191017123000,Make public statement,Verbal cooperation
880352707,20191017,201910,USAGOV,OBAMA,USA,,,,,GOV,,,CHN,CHINA,CHN,,,,,,,,1,110,110,11,3,-2.0,10,1,10,-1.14942528735632,1,China,CH,CH,,35.0,105.0,CH,1,China,CH,CH,,35.0,105.0,CH,1,China,CH,CH,,35.0,105.0,CH,20191017123000,Disapprove,Verbal conflict
880357524,20191017,201910,CHN,CHINA,CHN,,,,,,,,USA,WASHINGTON,USA,,,,,,,,1,020,020,02,1,3.0,8,1,8,4.45859872611465,4,"Gao Feng, Sichuan, China",CH,CH32,13270,32.0105,104.019,10334640,3,"Washington, District of Columbia, United States",US,USDC,DC001,38.8951,-77.0364,531871,4,"Gao Feng, Sichuan, China",CH,CH32,13270,32.0105,104.019,10334640,20191017130000,Appeal,Verbal cooperation
880357525,20191017,201910,CHN,CHINA,CHN,,,,,,,,USA,THE US,USA,,,,,,,,1,030,030,03,1,4.0,15,1,10,2.38095238095238,4,"Gao Feng, Sichuan, China",CH,CH32,13270,32.0105,104.019,10334640,4,"Gao Feng, Sichuan, China",CH,CH32,13270,32.0105,104.019,10334640,4,"Gao Feng, Sichuan, China",CH,CH32,13270,32.0105,104.019,10334640,20191017130000,Express intent to cooperate,Verbal cooperation
880357533,20191017,201910,CHNGOV,CHINA,CHN,,,,,GOV,,,USA,THE US,USA,,,,,,,,1,032,032,03,1,4.5,10,1,10,2.38095238095238,4,"Gao Feng, Sichuan, China",CH,CH32,13270,32.0105,104.019,10334640,4,"Gao Feng, Sichuan, China",CH,CH32,13270,32.0105,104.019,10334640,4,"Gao Feng, Sichuan, China",CH,CH32,13270,32.0105,104.019,10334640,20191017130000,Express intent to cooperate,Verbal cooperation
880357534,20191017,201910,CHNGOV,CHINA,CHN,,,,,GOV,,,USA,THE US,USA,,,,,,,,1,057,057,05,1,8.0,10,1,10,2.38095238095238,4,"Gao Feng, Sichuan, China",CH,CH32,13270,32.0105,104.019,10334640,4,"Gao Feng, Sichuan, China",CH,CH32,13270,32.0105,104.019,10334640,4,"Gao Feng, Sichuan, China",CH,CH32,13270,32.0105,104.019,10334640,20191017130000,Engage in diplomatic cooperation,Verbal cooperation
880358956,20191017,201910,USA,THE US,USA,,,,,,,,CHN,CHINA,CHN,,,,,,,,1,030,030,03,1,4.0,15,1,10,2.38095238095238,4,"Gao Feng, Sichuan, China",CH,CH32,13270,32.0105,104.019,10334640,4,"Gao Feng, Sichuan, China",CH,CH32,13270,32.0105,104.019,10334640,4,"Gao Feng, Sichuan, China",CH,CH32,13270,32.0105,104.019,10334640,20191017130000,Express intent to cooperate,Verbal cooperation
880358957,20191017,201910,USA,MINNESOTA,USA,,,,,,,,CHN,CHINA,CHN,,,,,,,,1,061,061,06,2,6.4,8,1,8,2.18068535825545,2,"Minnesota, United States",US,USMN,,45.7326,-93.9196,MN,4,"Great Lake, Jiangsu, China",CH,CH04,13323,31.2165,120.198,-1927621,2,"Minnesota, United States",US,USMN,,45.7326,-93.9196,MN,20191017130000,Engage in material cooperation,Material cooperation
880358959,20191017,201910,USA,THE US,USA,,,,,,,,CHNGOV,CHINA,CHN,,,,,GOV,,,1,057,057,05,1,8.0,10,1,10,2.38095238095238,4,"Gao Feng, Sichuan, China",CH,CH32,13270,32.0105,104.019,10334640,4,"Gao Feng, Sichuan, China",CH,CH32,13270,32.0105,104.019,10334640,4,"Gao Feng, Sichuan, China",CH,CH32,13270,32.0105,104.019,10334640,20191017130000,Engage in diplomatic cooperation,Verbal cooperation
880369565,20191017,201910,USAGOVBUS,THE US,USA,,,,,GOV,BUS,,CHN,CHINESE,CHN,,,,,,,,1,160,160,16,4,-4.0,10,1,10,-3.86398763523957,4,"Dahua, Jiangsu, China",CH,CH04,13144,31.2849,118.728,10511986,4,"Dahua, Jiangsu, China",CH,CH04,13144,31.2849,118.728,10511986,4,"Dahua, Jiangsu, China",CH,CH04,13144,31.2849,118.728,10511986,20191017134500,Reduce relations,Material conflict
880371360,20191017,201910,USA,AMERICAN,USA,,,,,,,,CHN,CHINA,CHN,,,,,,,,1,112,112,11,3,-2.0,10,1,10,-4.83333333333333,4,"Beijing, Beijing, China",CH,CH22,13001,39.9289,116.388,-1898541,4,"Beijing, Beijing, China",CH,CH22,13001,39.9289,116.388,-1898541,4,"Beijing, Beijing, China",CH,CH22,13001,39.9289,116.388,-1898541,20191017140000,Disapprove,Verbal conflict
880374525,20191017,201910,CHNGOV,CHINESE,CHN,,,,,GOV,,,USA,UNITED STATES,USA,,,,,,,,1,020,020,02,1,3.0,12,2,12,0.81955857385399,4,"Gao Feng, Sichuan, China",CH,CH32,13270,32.0105,104.019,10334640,4,"Gao Feng, Sichuan, China",CH,CH32,13270,32.0105,104.019,10334640,4,"Gao Feng, Sichuan, China",CH,CH32,13270,32.0105,104.019,10334640,20191017141500,Appeal,Verbal cooperation
880375781,20191017,201910,USA,UNITED STATES,USA,,,,,,,,CHNBUS,DALIAN,CHN,,,,,BUS,,,1,163,163,16,4,-8.0,8,1,8,-1.43198090692124,3,"Washington, District of Columbia, United States",US,USDC,DC001,38.8951,-77.0364,531871,4,"Dalian, Liaoning, China",CH,CH19,13327,38.9122,121.602,-1901835,3,"Washington, District of Columbia, United States",US,USDC,DC001,38.8951,-77.0364,531871,20191017141500,Reduce relations,Material conflict
880376535,20191017,201910,CHN,CHINA,CHN,,,,,,,,USA,THE US,USA,,,,,,,,1,057,057,05,1,8.0,10,1,10,3.32850940665702,1,United Kingdom,UK,UK,,54.0,-4.0,UK,1,United Kingdom,UK,UK,,54.0,-4.0,UK,1,United Kingdom,UK,UK,,54.0,-4.0,UK,20191017143000,Engage in diplomatic cooperation,Verbal cooperation
880378034,20191017,201910,USA,THE US,USA,,,,,,,,CHN,CHINA,CHN,,,,,,,,1,057,057,05,1,8.0,10,1,10,3.32850940665702,1,China,CH,CH,,35.0,105.0,CH,1,China,CH,CH,,35.0,105.0,CH,1,China,CH,CH,,35.0,105.0,CH,20191017143000,Engage in diplomatic cooperation,Verbal cooperation
880382375,20191017,201910,USA,UNITED STATES,USA,,,,,,,,CHNBUS,DALIAN,CHN,,,,,BUS,,,1,163,163,16,4,-8.0,8,1,8,-2.13776722090261,1,China,CH,CH,,35.0,105.0,CH,1,China,CH,CH,,35.0,105.0,CH,1,China,CH,CH,,35.0,105.0,CH,20191017144500,Reduce relations,Material conflict
880384484,20191017,201910,CHN,BEIJING,CHN,,,,,,,,USA,UNITED STATES,USA,,,,,,,,1,120,120,12,3,-4.0,12,1,7,-3.75,4,"Beijing, Beijing, China",CH,CH22,13001,39.9289,116.388,-1898541,3,"Washington, District of Columbia, United States",US,USDC,DC001,38.8951,-77.0364,531871,4,"Beijing, Beijing, China",CH,CH22,13001,39.9289,116.388,-1898541,20191017150000,Reject,Verbal conflict
880388133,20191017,201910,CHNGOV,CHINESE,CHN,,,,,GOV,,,USACVL,AMERICAN,USA,,,,,CVL,,,1,010,010,01,1,0.0,6,1,6,-2.64150943396227,4,"Beijing, Beijing, China",CH,CH22,13001,39.9289,116.388,-1898541,1,United States,US,US,,39.828175,-98.5795,US,1,United States,US,US,,39.828175,-98.5795,US,20191017151500,Make public statement,Verbal cooperation
880388134,20191017,201910,CHNGOV,CHINESE,CHN,,,,,GOV,,,USACVL,AMERICAN,USA,,,,,CVL,,,1,173,173,17,4,-5.0,6,1,6,-2.64150943396227,4,"Beijing, Beijing, China",CH,CH22,13001,39.9289,116.388,-1898541,4,"Beijing, Beijing, China",CH,CH22,13001,39.9289,116.388,-1898541,4,"Beijing, Beijing, China",CH,CH22,13001,39.9289,116.388,-1898541,20191017151500,Coerce,Material conflict
880393051,20191017,201910,USA,THE US,USA,,,,,,,,CHN,CHINA,CHN,,,,,,,,1,036,036,03,1,4.0,10,1,10,-1.83823529411764,4,"Beijing, Beijing, China",CH,CH22,13001,39.9289,116.388,-1898541,4,"Beijing, Beijing, China",CH,CH22,13001,39.9289,116.388,-1898541,4,"Beijing, Beijing, China",CH,CH22,13001,39.9289,116.388,-1898541,20191017153000,Express intent to cooperate,Verbal cooperation
880393058,20191017,201910,USA,WISCONSIN,USA,,,,,,,,CHN,CHINA,CHN,,,,,,,,1,061,061,06,2,6.4,10,1,10,-5.1413881748072,2,"Wisconsin, United States",US,USWI,,44.2563,-89.6385,WI,2,"Wisconsin, United States",US,USWI,,44.2563,-89.6385,WI,2,"Wisconsin, United States",US,USWI,,44.2563,-89.6385,WI,20191017153000,Engage in material cooperation,Material cooperation
880394912,20191017,201910,CHN,CHINA,CHN,,,,,,,,USA,THE US,USA,,,,,,,,1,036,036,03,1,4.0,10,1,10,3.52941176470588,1,China,CH,CH,,35.0,105.0,CH,1,China,CH,CH,,35.0,105.0,CH,1,China,CH,CH,,35.0,105.0,CH,20191017154500,Express intent to cooperate,Verbal cooperation
880394914,20191017,201910,CHN,CHINA,CHN,,,,,,,,USA,THE US,USA,,,,,,,,1,046,046,04,1,7.0,10,1,10,3.52941176470588,1,China,CH,CH,,35.0,105.0,CH,1,China,CH,CH,,35.0,105.0,CH,1,China,CH,CH,,35.0,105.0,CH,20191017154500,Consult,Verbal cooperation
880396246,20191017,201910,USA,THE US,USA,,,,,,,,CHN,CHINA,CHN,,,,,,,,1,036,036,03,1,4.0,10,1,10,3.52941176470588,1,China,CH,CH,,35.0,105.0,CH,1,China,CH,CH,,35.0,105.0,CH,1,China,CH,CH,,35.0,105.0,CH,20191017154500,Express intent to cooperate,Verbal cooperation
880396248,20191017,201910,USA,THE US,USA,,,,,,,,CHN,CHINA,CHN,,,,,,,,1,046,046,04,1,7.0,10,1,10,3.52941176470588,1,China,CH,CH,,35.0,105.0,CH,1,China,CH,CH,,35.0,105.0,CH,1,China,CH,CH,,35.0,105.0,CH,20191017154500,Consult,Verbal cooperation
880409051,20191017,201910,USA,UNITED STATES,USA,,,,,,,,CHN,CHINESE,CHN,,,,,,,,1,075,075,07,2,7.0,8,1,8,2.31292517006803,3,"San Francisco, California, United States",US,USCA,CA075,37.7749,-122.419,277593,3,"San Francisco, California, United States",US,USCA,,37.7749,-122.419,277593,3,"San Francisco, California, United States",US,USCA,,37.7749,-122.419,277593,20191017164500,Provide aid,Material cooperation
880409052,20191017,201910,USA,UNITED STATES,USA,,,,,,,,CHNBUS,DALIAN,CHN,,,,,BUS,,,1,163,163,16,4,-8.0,10,1,10,-2.23214285714286,1,United Kingdom,UK,UK,,54.0,-4.0,UK,1,United Kingdom,UK,UK,,54.0,-4.0,UK,1,United Kingdom,UK,UK,,54.0,-4.0,UK,20191017164500,Reduce relations,Material conflict
880417576,20190917,201909,CHN,JIANGSU,CHN,,,,,,,,USA,AMERICAN,USA,,,,,,,,1,173,173,17,4,-5.0,7,1,7,-1.28805620608899,2,"New York, United States",US,USNY,,42.1497,-74.9384,NY,2,"New York, United States",US,USNY,,42.1497,-74.9384,NY,2,"New York, United States",US,USNY,,42.1497,-74.9384,NY,20191017173000,Coerce,Material conflict
880419542,20191017,201910,USA,UNITED STATES,USA,,,,,,,,CHNBUS,DALIAN,CHN,,,,,BUS,,,1,163,163,16,4,-8.0,8,1,8,-1.79948586118252,4,"Beijing, Beijing, China",CH,CH22,13001,39.9289,116.388,-1898541,4,"Beijing, Beijing, China",CH,CH22,13001,39.9289,116.388,-1898541,4,"Beijing, Beijing, China",CH,CH22,13001,39.9289,116.388,-1898541,20191017173000,Reduce relations,Material conflict
880423049,20191017,201910,USAMED,REUTERS,USA,,,,,MED,,,CHN,ZHEJIANG,CHN,,,,,,,,1,173,173,17,4,-5.0,8,1,8,-1.7825311942959,5,"Zhejiang, Zhejiang, China",CH,CH02,13325,29.0,120.0,-1938694,5,"Zhejiang, Zhejiang, China",CH,CH02,13325,29.0,120.0,-1938694,5,"Zhejiang, Zhejiang, China",CH,CH02,13325,29.0,120.0,-1938694,20191017174500,Coerce,Material conflict
880424233,20191017,201910,CHN,CHINA,CHN,,,,,,,,USA,AMERICAN,USA,,,,,,,,1,120,120,12,3,-4.0,10,1,10,-10.0,1,United States,US,US,,39.828175,-98.5795,US,1,United States,US,US,,39.828175,-98.5795,US,1,United States,US,US,,39.828175,-98.5795,US,20191017180000,Reject,Verbal conflict
880430399,20191017,201910,CHNGOV,CHINESE,CHN,,,,,GOV,,,USA,THE US,USA,,,,,,,,1,100,100,10,3,-5.0,6,1,6,0.37735849056604,3,"Washington, District of Columbia, United States",US,USDC,DC001,38.8951,-77.0364,531871,3,"Washington, District of Columbia, United States",US,USDC,DC001,38.8951,-77.0364,531871,3,"Washington, District of Columbia, United States",US,USDC,DC001,38.8951,-77.0364,531871,20191017183000,Demand,Verbal conflict
880434520,20191017,201910,USA,THE US,USA,,,,,,,,CHN,CHINA,CHN,,,,,,,,1,120,120,12,3,-4.0,10,1,10,-12.5,0,,,,,,,,0,,,,,,,,0,,,,,,,,20191017184500,Reject,Verbal conflict
880434521,20191017,201910,USA,THE US,USA,,,,,,,,CHN,CHINA,CHN,,,,,,,,1,120,120,12,3,-4.0,10,1,10,-2.04081632653061,1,China,CH,CH,,35.0,105.0,CH,1,China,CH,CH,,35.0,105.0,CH,1,China,CH,CH,,35.0,105.0,CH,20191017184500,Reject,Verbal conflict
880434522,20191017,201910,USA,WASHINGTON,USA,,,,,,,,CHN,CHINA,CHN,,,,,,,,1,130,130,13,3,-4.4,6,1,6,-3.78787878787878,3,"Washington, District of Columbia, United States",US,USDC,DC001,38.8951,-77.0364,531871,1,China,CH,CH,,35.0,105.0,CH,3,"Washington, District of Columbia, United States",US,USDC,DC001,38.8951,-77.0364,531871,20191017184500,Threaten,Verbal conflict
880434523,20191017,201910,USA,WASHINGTON,USA,,,,,,,,CHN,CHINA,CHN,,,,,,,,1,130,130,13,3,-4.4,8,1,8,-3.78787878787878,1,China,CH,CH,,35.0,105.0,CH,1,China,CH,CH,,35.0,105.0,CH,1,China,CH,CH,,35.0,105.0,CH,20191017184500,Threaten,Verbal conflict
880439490,20191017,201910,USA,WASHINGTON,USA,,,,,,,,CHN,BEIJING,CHN,,,,,,,,1,040,040,04,1,1.0,10,1,10,-1.85185185185185,4,"Beijing, Beijing, China",CH,CH22,13001,39.9289,116.388,-1898541,4,"Beijing, Beijing, China",CH,CH22,13001,39.9289,116.388,-1898541,4,"Beijing, Beijing, China",CH,CH22,13001,39.9289,116.388,-1898541,20191017191500,Consult,Verbal cooperation
880442138,20191017,201910,CHN,CHINESE,CHN,,,,,,,,USA,UNITED STATES,USA,,,,,,,,1,043,043,04,1,2.8,10,1,10,-3.8022813688213,4,"Beijing, Beijing, China",CH,CH22,13001,39.9289,116.388,-1898541,1,United States,US,US,,39.828175,-98.5795,US,1,United States,US,US,,39.828175,-98.5795,US,20191017193000,Consult,Verbal cooperation
880447608,20191010,201910,CHN,CHINA,CHN,,,,,,,,USA,THE US,USA,,,,,,,,1,164,164,16,4,-7.0,6,1,6,-2.70270270270271,1,China,CH,CH,,35.0,105.0,CH,3,"Washington, District of Columbia, United States",US,USDC,DC001,38.8951,-77.0364,531871,1,China,CH,CH,,35.0,105.0,CH,20191017200000,Reduce relations,Material conflict
880447613,20191010,201910,USA,THE US,USA,,,,,,,,CHN,CHINA,CHN,,,,,,,,1,164,164,16,4,-7.0,6,1,6,-2.70270270270271,3,"Washington, District of Columbia, United States",US,USDC,DC001,38.8951,-77.0364,531871,1,China,CH,CH,,35.0,105.0,CH,1,China,CH,CH,,35.0,105.0,CH,20191017200000,Reduce relations,Material conflict
880449270,20191017,201910,USAGOV,THE US,USA,,,,,GOV,,,CHN,CHINA,CHN,,,,,,,,1,112,112,11,3,-2.0,10,1,10,-7.00808625336928,4,"Xinjiang, Jiangxi, China",CH,CH03,13167,27.7481,116.274,11065838,4,"Xinjiang, Jiangxi, China",CH,CH03,13167,27.7481,116.274,11065838,4,"Xinjiang, Jiangxi, China",CH,CH03,13167,27.7481,116.274,11065838,20191017200000,Disapprove,Verbal conflict
880454887,20191017,201910,USA,UNITED STATES,USA,,,,,,,,CHN,CHINA,CHN,,,,,,,,1,061,061,06,2,6.4,8,1,8,-6.41025641025641,1,United States,US,US,,39.828175,-98.5795,US,4,"Xinjiang, Jiangxi, China",CH,CH03,13167,27.7481,116.274,11065838,1,United States,US,US,,39.828175,-98.5795,US,20191017203000,Engage in material cooperation,Material cooperation
880457548,20191017,201910,USA,CHICAGO,USA,,,,,,,,CHNOPP,TIBET,CHN,,,,,OPP,,,1,051,051,05,1,3.4,10,1,10,-2.75229357798165,3,"Chicago, Illinois, United States",US,USIL,IL031,41.85,-87.6501,423587,3,"Chicago, Illinois, United States",US,USIL,IL031,41.85,-87.6501,423587,3,"Chicago, Illinois, United States",US,USIL,IL031,41.85,-87.6501,423587,20191017204500,Engage in diplomatic cooperation,Verbal cooperation
880457549,20191017,201910,USA,CHICAGO,USA,,,,,,,,CHNOPP,TIBET,CHN,,,,,OPP,,,1,141,141,14,3,-6.5,10,1,10,-2.75229357798165,3,"Chicago, Illinois, United States",US,USIL,IL031,41.85,-87.6501,423587,3,"Chicago, Illinois, United States",US,USIL,IL031,41.85,-87.6501,423587,3,"Chicago, Illinois, United States",US,USIL,IL031,41.85,-87.6501,423587,20191017204500,Protest,Verbal conflict
880460250,20191017,201910,USA,THE US,USA,,,,,,,,CHN,CHINA,CHN,,,,,,,,1,020,020,02,1,3.0,8,1,8,0.18552875695733,1,China,CH,CH,,35.0,105.0,CH,1,China,CH,CH,,35.0,105.0,CH,1,China,CH,CH,,35.0,105.0,CH,20191017210000,Appeal,Verbal cooperation
880464226,20191017,201910,CHN,CHINA,CHN,,,,,,,,USA,THE US,USA,,,,,,,,1,030,030,03,1,4.0,10,1,10,4.29447852760736,1,China,CH,CH,,35.0,105.0,CH,1,China,CH,CH,,35.0,105.0,CH,1,China,CH,CH,,35.0,105.0,CH,20191017213000,Express intent to cooperate,Verbal cooperation
880465683,20191017,201910,USA,THE US,USA,,,,,,,,CHN,CHINA,CHN,,,,,,,,1,030,030,03,1,4.0,10,1,10,4.29447852760736,1,China,CH,CH,,35.0,105.0,CH,1,China,CH,CH,,35.0,105.0,CH,1,China,CH,CH,,35.0,105.0,CH,20191017213000,Express intent to cooperate,Verbal cooperation
880469599,20191017,201910,CHN,CHINA,CHN,,,,,,,,USA,CALIFORNIA,USA,,,,,,,,1,043,043,04,1,2.8,6,1,6,1.14942528735632,1,China,CH,CH,,35.0,105.0,CH,2,"California, United States",US,USCA,,36.17,-119.746,CA,2,"California, United States",US,USCA,,36.17,-119.746,CA,20191017220000,Consult,Verbal cooperation
880469601,20191017,201910,CHN,CHINA,CHN,,,,,,,,USA,UNITED STATES,USA,,,,,,,,1,110,110,11,3,-2.0,8,1,8,1.45985401459854,1,China,CH,CH,,35.0,105.0,CH,1,United States,US,US,,39.828175,-98.5795,US,1,China,CH,CH,,35.0,105.0,CH,20191017220000,Disapprove,Verbal conflict
880476956,20191017,201910,CHN,CHINESE,CHN,,,,,,,,USAMED,AMERICAN,USA,,,,,MED,,,1,090,090,09,2,-2.0,6,1,6,-3.57142857142857,1,China,CH,CH,,35.0,105.0,CH,1,United States,US,US,,39.828175,-98.5795,US,1,United States,US,US,,39.828175,-98.5795,US,20191017224500,Investigate,Material cooperation
880483313,20191017,201910,CHN,CHINA,CHN,,,,,,,,USA,AMERICAN,USA,,,,,,,,1,010,010,01,1,0.0,8,1,8,0.18214936247723,4,"Tiananmen Square, Beijing, China",CH,CH22,13001,39.9044,116.391,9244097,2,"New York, United States",US,USNY,,42.1497,-74.9384,NY,2,"New York, United States",US,USNY,,42.1497,-74.9384,NY,20191017233000,Make public statement,Verbal cooperation
880487918,20191018,201910,CHNGOV,CHINESE,CHN,,,,,GOV,,,USA,WASHINGTON,USA,,,,,,,,1,020,020,02,1,3.0,6,1,6,2.08333333333334,4,"Shanghai, Shanghai, China",CH,CH23,13243,31.2222,121.458,-1924465,3,"Washington, District of Columbia, United States",US,USDC,DC001,38.8951,-77.0364,531871,4,"Shanghai, Shanghai, China",CH,CH23,13243,31.2222,121.458,-1924465,20191018000000,Appeal,Verbal cooperation
880493166,20191018,201910,CHN,CHINA,CHN,,,,,,,,USA,AMERICAN,USA,,,,,,,,1,173,173,17,4,-5.0,8,1,8,-2.85714285714286,4,"Shanghai, Shanghai, China",CH,CH23,13243,31.2222,121.458,-1924465,4,"Shanghai, Shanghai, China",CH,CH23,13243,31.2222,121.458,-1924465,4,"Shanghai, Shanghai, China",CH,CH23,13243,31.2222,121.458,-1924465,20191018001500,Coerce,Material conflict
880494207,20191018,201910,MNCUSA,GOLDMAN SACHS,USA,,,,,MNC,,,CHN,CHINESE,CHN,,,,,,,,1,160,160,16,4,-4.0,10,1,10,-2.04678362573099,1,China,CH,CH,,35.0,105.0,CH,1,China,CH,CH,,35.0,105.0,CH,1,China,CH,CH,,35.0,105.0,CH,20191018001500,Reduce relations,Material conflict
880497038,20191018,201910,CHN,CHINA,CHN,,,,,,,,USA,THE US,USA,,,,,,,,1,036,036,03,1,4.0,6,1,6,-0.31007751937984,4,"Beijing, Beijing, China",CH,CH22,13001,39.9289,116.388,-1898541,4,"Beijing, Beijing, China",CH,CH22,13001,39.9289,116.388,-1898541,4,"Beijing, Beijing, China",CH,CH22,13001,39.9289,116.388,-1898541,20191018003000,Express intent to cooperate,Verbal cooperation
880497049,20191018,201910,CHN,CHINA,CHN,,,,,,,,USA,THE US,USA,,,,,,,,1,046,046,04,1,7.0,8,1,8,-0.31007751937984,4,"Beijing, Beijing, China",CH,CH22,13001,39.9289,116.388,-1898541,4,"Beijing, Beijing, China",CH,CH22,13001,39.9289,116.388,-1898541,4,"Beijing, Beijing, China",CH,CH22,13001,39.9289,116.388,-1898541,20191018003000,Consult,Verbal cooperation
880498976,20191018,201910,USA,THE US,USA,,,,,,,,CHN,CHINA,CHN,,,,,,,,1,036,036,03,1,4.0,6,1,6,-0.31007751937984,4,"Beijing, Beijing, China",CH,CH22,13001,39.9289,116.388,-1898541,4,"Beijing, Beijing, China",CH,CH22,13001,39.9289,116.388,-1898541,4,"Beijing, Beijing, China",CH,CH22,13001,39.9289,116.388,-1898541,20191018003000,Express intent to cooperate,Verbal cooperation
880498984,20191018,201910,USA,THE US,USA,,,,,,,,CHN,CHINA,CHN,,,,,,,,1,046,046,04,1,7.0,6,1,6,-0.31007751937984,3,"World Bank, District of Columbia, United States",US,USDC,DC001,38.899,-77.0422,2002658,3,"World Bank, District of Columbia, United States",US,USDC,,38.899,-77.0422,2002658,3,"World Bank, District of Columbia, United States",US,USDC,,38.899,-77.0422,2002658,20191018003000,Consult,Verbal cooperation
880498991,20191018,201910,USA,UNITED STATES,USA,,,,,,,,CHN,CHINA,CHN,,,,,,,,1,070,070,07,2,7.0,6,1,6,-2.66222961730449,3,"Chicago, Illinois, United States",US,USIL,IL031,41.85,-87.6501,423587,3,"Chicago, Illinois, United States",US,USIL,IL031,41.85,-87.6501,423587,3,"Chicago, Illinois, United States",US,USIL,IL031,41.85,-87.6501,423587,20191018003000,Provide aid,Material cooperation
880519336,20191018,201910,CHN,CHINA,CHN,,,,,,,,USA,CHICAGO,USA,,,,,,,,1,110,110,11,3,-2.0,10,1,10,-6.33245382585752,2,"Kansas, United States",US,USKS,,38.5111,-96.8005,KS,2,"Kansas, United States",US,USKS,,38.5111,-96.8005,KS,2,"Kansas, United States",US,USKS,,38.5111,-96.8005,KS,20191018021500,Disapprove,Verbal conflict
880519340,20191018,201910,CHN,CHINA,CHN,,,,,,,,USA,AMERICAN,USA,,,,,,,,1,173,173,17,4,-5.0,8,1,8,-3.59281437125749,4,"Shandong, Jiangsu, China",CH,CH04,13151,32.9793,118.852,11415469,4,"Shandong, Jiangsu, China",CH,CH04,13151,32.9793,118.852,11415469,4,"Shandong, Jiangsu, China",CH,CH04,13151,32.9793,118.852,11415469,20191018021500,Coerce,Material conflict
880520597,20191018,201910,USA,NEW YORK,USA,,,,,,,,CHN,SHANGHAI,CHN,,,,,,,,1,111,111,11,3,-2.0,10,1,10,4.11522633744856,4,"Shanghai, Shanghai, China",CH,CH23,13243,31.2222,121.458,-1924465,4,"Shanghai, Shanghai, China",CH,CH23,13243,31.2222,121.458,-1924465,4,"Shanghai, Shanghai, China",CH,CH23,13243,31.2222,121.458,-1924465,20191018021500,Disapprove,Verbal conflict
880525715,20191018,201910,CHN,CHINA,CHN,,,,,,,,USA,UNITED STATES,USA,,,,,,,,1,061,061,06,2,6.4,14,3,14,-5.37883169462116,4,"Beijing, Beijing, China",CH,CH22,13001,39.9289,116.388,-1898541,4,"Beijing, Beijing, China",CH,CH22,13001,39.9289,116.388,-1898541,4,"Beijing, Beijing, China",CH,CH22,13001,39.9289,116.388,-1898541,20191018030000,Engage in material cooperation,Material cooperation
880525716,20191018,201910,CHN,CHINA,CHN,,,,,,,,USA,UNITED STATES,USA,,,,,,,,1,061,061,06,2,6.4,16,2,16,-5.66801619433198,4,"Beijing, Beijing, China",CH,CH22,13001,39.9289,116.388,-1898541,3,"Washington, District of Columbia, United States",US,USDC,DC001,38.8951,-77.0364,531871,4,"Beijing, Beijing, China",CH,CH22,13001,39.9289,116.388,-1898541,20191018030000,Engage in material cooperation,Material cooperation
880526826,20191018,201910,USA,GREENVILLE,USA,,,,,,,,CHN,CHINESE,CHN,,,,,,,,1,043,043,04,1,2.8,8,1,8,4.58015267175572,3,"Washington, District of Columbia, United States",US,USDC,DC001,38.8951,-77.0364,531871,3,"Washington, District of Columbia, United States",US,USDC,DC001,38.8951,-77.0364,531871,3,"Washington, District of Columbia, United States",US,USDC,DC001,38.8951,-77.0364,531871,20191018030000,Consult,Verbal cooperation
880528643,20191018,201910,CHN,CHINA,CHN,,,,,,,,USA,AMERICAN,USA,,,,,,,,1,173,173,17,4,-5.0,8,1,8,-8.33333333333333,4,"Beijing, Beijing, China",CH,CH22,13001,39.9289,116.388,-1898541,4,"Beijing, Beijing, China",CH,CH22,13001,39.9289,116.388,-1898541,4,"Beijing, Beijing, China",CH,CH22,13001,39.9289,116.388,-1898541,20191018031500,Coerce,Material conflict
880528645,20191018,201910,CHN,CHINA,CHN,,,,,,,,USA,AMERICAN,USA,,,,,,,,1,173,173,17,4,-5.0,6,1,6,-3.40909090909091,1,United States,US,US,,39.828175,-98.5795,US,1,United States,US,US,,39.828175,-98.5795,US,1,United States,US,US,,39.828175,-98.5795,US,20191018031500,Coerce,Material conflict
880529728,20191018,201910,USA,UNITED STATES,USA,,,,,,,,CHNBUS,DALIAN,CHN,,,,,BUS,,,1,163,163,16,4,-8.0,6,1,6,-1.72413793103449,1,United Kingdom,UK,UK,,54.0,-4.0,UK,1,United Kingdom,UK,UK,,54.0,-4.0,UK,1,United Kingdom,UK,UK,,54.0,-4.0,UK,20191018031500,Reduce relations,Material conflict
880530646,20191018,201910,CHN,CHINA,CHN,,,,,,,,MNCUSA,APPLE INC,USA,,,,,MNC,,,1,040,040,04,1,1.0,25,2,25,0.920676774335309,4,"Beijing, Beijing, China",CH,CH22,13001,39.9289,116.388,-1898541,4,"Beijing, Beijing, China",CH,CH22,13001,39.9289,116.388,-1898541,4,"Beijing, Beijing, China",CH,CH22,13001,39.9289,116.388,-1898541,20191018033000,Consult,Verbal cooperation
880531299,20191018,201910,MNCUSA,APPLE INC,USA,,,,,MNC,,,CHN,CHINA,CHN,,,,,,,,1,040,040,04,1,1.0,25,2,25,0.920676774335309,4,"Beijing, Beijing, China",CH,CH22,13001,39.9289,116.388,-1898541,4,"Beijing, Beijing, China",CH,CH22,13001,39.9289,116.388,-1898541,4,"Beijing, Beijing, China",CH,CH22,13001,39.9289,116.388,-1898541,20191018033000,Consult,Verbal cooperation
880533687,20191011,201910,CHN,CHINESE,CHN,,,,,,,,USA,UNITED STATES,USA,,,,,,,,1,060,060,06,2,6.0,8,1,8,-4.3859649122807,4,"Beijing, Beijing, China",CH,CH22,13001,39.9289,116.388,-1898541,4,"Beijing, Beijing, China",CH,CH22,13001,39.9289,116.388,-1898541,4,"Beijing, Beijing, China",CH,CH22,13001,39.9289,116.388,-1898541,20191018040000,Engage in material cooperation,Material cooperation
880538045,20191018,201910,CHN,BEIJING,CHN,,,,,,,,MNCUSAGOV,APPLE INC,USA,,,,,MNC,GOV,,1,040,040,04,1,1.0,10,1,10,1.28205128205128,4,"Beijing, Beijing, China",CH,CH22,13001,39.9289,116.388,-1898541,4,"Beijing, Beijing, China",CH,CH22,13001,39.9289,116.388,-1898541,4,"Beijing, Beijing, China",CH,CH22,13001,39.9289,116.388,-1898541,20191018043000,Consult,Verbal cooperation
880538053,20191018,201910,CHN,CHINA,CHN,,,,,,,,USA,WASHINGTON,USA,,,,,,,,1,020,020,02,1,3.0,8,1,8,-6.73076923076923,1,China,CH,CH,,35.0,105.0,CH,3,"Washington, District of Columbia, United States",US,USDC,DC001,38.8951,-77.0364,531871,1,China,CH,CH,,35.0,105.0,CH,20191018043000,Appeal,Verbal cooperation
880538055,20191018,201910,CHN,CHINA,CHN,,,,,,,,USA,UNITED STATES,USA,,,,,,,,1,044,044,04,1,2.5,8,1,8,-2.81690140845071,1,China,CH,CH,,35.0,105.0,CH,3,"Washington, District of Columbia, United States",US,USDC,DC001,38.8951,-77.0364,531871,4,"Osaka, Osaka, Japan",JA,JA32,35840,34.6667,135.5,-240905,20191018043000,Consult,Verbal cooperation
880538840,20191018,201910,MNCUSAGOV,APPLE INC,USA,,,,,MNC,GOV,,CHN,BEIJING,CHN,,,,,,,,1,040,040,04,1,1.0,10,1,10,1.28205128205128,4,"Beijing, Beijing, China",CH,CH22,13001,39.9289,116.388,-1898541,4,"Beijing, Beijing, China",CH,CH22,13001,39.9289,116.388,-1898541,4,"Beijing, Beijing, China",CH,CH22,13001,39.9289,116.388,-1898541,20191018043000,Consult,Verbal cooperation
880539249,20191018,201910,USA,UNITED STATES,USA,,,,,,,,CHN,CHINA,CHN,,,,,,,,1,044,044,04,1,2.5,8,1,8,-2.81690140845071,3,"Washington, District of Columbia, United States",US,USDC,DC001,38.8951,-77.0364,531871,1,China,CH,CH,,35.0,105.0,CH,4,"Osaka, Osaka, Japan",JA,JA32,35840,34.6667,135.5,-240905,20191018043000,Consult,Verbal cooperation
880540935,20191018,201910,CHN,CHINA,CHN,,,,,,,,USA,UNITED STATES,USA,,,,,,,,1,061,061,06,2,6.4,10,1,10,-3.68098159509203,1,China,CH,CH,,35.0,105.0,CH,1,United States,US,US,,39.828175,-98.5795,US,1,China,CH,CH,,35.0,105.0,CH,20191018044500,Engage in material cooperation,Material cooperation
880543153,20191018,201910,CHN,CHINA,CHN,,,,,,,,USA,THE US,USA,,,,,,,,1,046,046,04,1,7.0,10,1,10,7.69230769230769,1,China,CH,CH,,35.0,105.0,CH,1,China,CH,CH,,35.0,105.0,CH,1,China,CH,CH,,35.0,105.0,CH,20191018050000,Consult,Verbal cooperation
880544047,20191018,201910,USA,THE US,USA,,,,,,,,CHN,CHINA,CHN,,,,,,,,1,046,046,04,1,7.0,10,1,10,7.69230769230769,1,China,CH,CH,,35.0,105.0,CH,1,China,CH,CH,,35.0,105.0,CH,1,China,CH,CH,,35.0,105.0,CH,20191018050000,Consult,Verbal cooperation
880544855,20191011,201910,USA,AMERICAN,USA,,,,,,,,CHN,CHINA,CHN,,,,,,,,1,013,013,01,1,0.4,10,1,10,-1.19047619047619,1,United States,US,US,,39.828175,-98.5795,US,4,"Beijing, Beijing, China",CH,CH22,13001,39.9289,116.388,-1898541,4,"Beijing, Beijing, China",CH,CH22,13001,39.9289,116.388,-1898541,20191018051500,Make public statement,Verbal cooperation
880545176,20191018,201910,CHN,CHINA,CHN,,,,,,,,USA,AMERICAN,USA,,,,,,,,1,084,084,08,2,7.0,8,1,8,-6.158357771261,4,"Shanghai, Shanghai, China",CH,CH23,13243,31.2222,121.458,-1924465,4,"Shanghai, Shanghai, China",CH,CH23,13243,31.2222,121.458,-1924465,4,"Shanghai, Shanghai, China",CH,CH23,13243,31.2222,121.458,-1924465,20191018051500,Yield,Material cooperation
880545177,20191018,201910,CHN,SHANGHAI,CHN,,,,,,,,USA,AMERICAN,USA,,,,,,,,1,173,173,17,4,-5.0,7,1,7,-6.158357771261,4,"Shanghai, Shanghai, China",CH,CH23,13243,31.2222,121.458,-1924465,2,"Idaho, United States",US,USID,,44.2394,-114.51,ID,4,"Shanghai, Shanghai, China",CH,CH23,13243,31.2222,121.458,-1924465,20191018051500,Coerce,Material conflict
880545877,20191018,201910,USA,CALIFORNIA,USA,,,,,,,,CHN,CHINA,CHN,,,,,,,,1,061,061,06,2,6.4,8,1,8,0.06242197253433,4,"Baijiu, Zhejiang, China",CH,CH02,13325,29.3925,119.631,6025787,4,"Baijiu, Zhejiang, China",CH,CH02,13325,29.3925,119.631,6025787,4,"Baijiu, Zhejiang, China",CH,CH02,13325,29.3925,119.631,6025787,20191018051500,Engage in material cooperation,Material cooperation
880548614,20191018,201910,CHN,CHINA,CHN,,,,,,,,MNCUSA,APPLE INC,USA,,,,,MNC,,,1,046,046,04,1,7.0,24,4,24,0.0,4,"Beijing, Beijing, China",CH,CH22,13001,39.9289,116.388,-1898541,4,"Beijing, Beijing, China",CH,CH22,13001,39.9289,116.388,-1898541,4,"Beijing, Beijing, China",CH,CH22,13001,39.9289,116.388,-1898541,20191018054500,Consult,Verbal cooperation
880549157,20191018,201910,MNCUSA,APPLE INC,USA,,,,,MNC,,,CHN,CHINA,CHN,,,,,,,,1,046,046,04,1,7.0,6,1,6,0.0,4,"Beijing, Beijing, China",CH,CH22,13001,39.9289,116.388,-1898541,4,"Beijing, Beijing, China",CH,CH22,13001,39.9289,116.388,-1898541,4,"Beijing, Beijing, China",CH,CH22,13001,39.9289,116.388,-1898541,20191018054500,Consult,Verbal cooperation
880549158,20191018,201910,MNCUSA,APPLE INC,USA,,,,,MNC,,,CHN,CHINA,CHN,,,,,,,,1,046,046,04,1,7.0,18,3,18,0.0,5,"Zhejiang, Zhejiang, China",CH,CH02,13325,29.0,120.0,-1938694,5,"Zhejiang, Zhejiang, China",CH,CH02,13325,29.0,120.0,-1938694,5,"Zhejiang, Zhejiang, China",CH,CH02,13325,29.0,120.0,-1938694,20191018054500,Consult,Verbal cooperation
880549555,20191018,201910,USAGOV,THE US,USA,,,,,GOV,,,CHN,CHINESE,CHN,,,,,,,,1,030,030,03,1,4.0,8,1,8,-2.90697674418604,1,China,CH,CH,,35.0,105.0,CH,4,"Jakarta, Jakarta Raya, Indonesia",ID,ID04,18585,-6.17444,106.829,-2679652,1,China,CH,CH,,35.0,105.0,CH,20191018054500,Express intent to cooperate,Verbal cooperation
880552652,20191011,201910,USA,AMERICAN,USA,,,,,,,,CHN,CHINA,CHN,,,,,,,,1,013,013,01,1,0.4,10,1,10,-1.19760479041916,1,United States,US,US,,39.828175,-98.5795,US,1,China,CH,CH,,35.0,105.0,CH,1,China,CH,CH,,35.0,105.0,CH,20191018061500,Make public statement,Verbal cooperation
880552986,20191018,201910,CHNGOV,CHINESE,CHN,,,,,GOV,,,USA,THE US,USA,,,,,,,,1,043,043,04,1,2.8,6,1,6,3.33333333333333,4,"Beijing, Beijing, China",CH,CH22,13001,39.9289,116.388,-1898541,4,"Beijing, Beijing, China",CH,CH22,13001,39.9289,116.388,-1898541,4,"Beijing, Beijing, China",CH,CH22,13001,39.9289,116.388,-1898541,20191018061500,Consult,Verbal cooperation
880553974,20191018,201910,USA,THE US,USA,,,,,,,,CHNGOV,CHINESE,CHN,,,,,GOV,,,1,042,042,04,1,1.9,6,1,6,3.33333333333333,4,"Beijing, Beijing, China",CH,CH22,13001,39.9289,116.388,-1898541,4,"Beijing, Beijing, China",CH,CH22,13001,39.9289,116.388,-1898541,4,"Beijing, Beijing, China",CH,CH22,13001,39.9289,116.388,-1898541,20191018061500,Consult,Verbal cooperation
880557657,20191018,201910,CHN,CHINA,CHN,,,,,,,,USA,UNITED STATES,USA,,,,,,,,1,070,070,07,2,7.0,8,1,8,-2.35294117647059,1,China,CH,CH,,35.0,105.0,CH,1,United States,US,US,,39.828175,-98.5795,US,1,United States,US,US,,39.828175,-98.5795,US,20191018064500,Provide aid,Material cooperation
880557658,20191018,201910,CHN,CHINA,CHN,,,,,,,,USA,IDAHO,USA,,,,,,,,1,173,173,17,4,-5.0,6,1,6,-6.99152542372881,1,China,CH,CH,,35.0,105.0,CH,1,China,CH,CH,,35.0,105.0,CH,1,China,CH,CH,,35.0,105.0,CH,20191018064500,Coerce,Material conflict
880557660,20191018,201910,CHN,CHINA,CHN,,,,,,,,USA,IDAHO,USA,,,,,,,,1,173,173,17,4,-5.0,6,1,6,-6.99152542372881,1,China,CH,CH,,35.0,105.0,CH,2,"Idaho, United States",US,USID,,44.2394,-114.51,ID,2,"Idaho, United States",US,USID,,44.2394,-114.51,ID,20191018064500,Coerce,Material conflict
880560146,20191018,201910,CHN,CHINA,CHN,,,,,,,,USA,NEBRASKA,USA,,,,,,,,1,043,043,04,1,2.8,7,1,7,4.05904059040591,1,China,CH,CH,,35.0,105.0,CH,2,"Nebraska, United States",US,USNE,,41.1289,-98.2883,NE,1,China,CH,CH,,35.0,105.0,CH,20191018070000,Consult,Verbal cooperation
880561258,20191018,201910,USA,NEBRASKA,USA,,,,,,,,CHN,CHINA,CHN,,,,,,,,1,042,042,04,1,1.9,7,1,7,4.05904059040591,1,Russia,RS,RS,,60.0,100.0,RS,2,"Nebraska, United States",US,USNE,,41.1289,-98.2883,NE,2,"Nebraska, United States",US,USNE,,41.1289,-98.2883,NE,20191018070000,Consult,Verbal cooperation
880562605,20191018,201910,CHNGOV,CHINESE,CHN,,,,,GOV,,,USAGOV,US OFFICIAL,USA,,,,,GOV,,,1,040,040,04,1,1.0,6,1,6,-1.16822429906543,1,China,CH,CH,,35.0,105.0,CH,1,United States,US,US,,39.828175,-98.5795,US,1,United States,US,US,,39.828175,-98.5795,US,20191018071500,Consult,Verbal cooperation
880562606,20191018,201910,CHNGOV,CHINESE,CHN,,,,,GOV,,,USAGOV,US OFFICIAL,USA,,,,,GOV,,,1,046,046,04,1,7.0,6,1,6,-1.16822429906543,1,China,CH,CH,,35.0,105.0,CH,1,China,CH,CH,,35.0,105.0,CH,1,China,CH,CH,,35.0,105.0,CH,20191018071500,Consult,Verbal cooperation
880563593,20191018,201910,USAGOV,US OFFICIAL,USA,,,,,GOV,,,CHNGOV,CHINESE,CHN,,,,,GOV,,,1,040,040,04,1,1.0,6,1,6,-1.16822429906543,1,United States,US,US,,39.828175,-98.5795,US,1,China,CH,CH,,35.0,105.0,CH,1,United States,US,US,,39.828175,-98.5795,US,20191018071500,Consult,Verbal cooperation
880563594,20191018,201910,USAGOV,US OFFICIAL,USA,,,,,GOV,,,CHNGOV,CHINESE,CHN,,,,,GOV,,,1,046,046,04,1,7.0,6,1,6,-1.16822429906543,1,United States,US,US,,39.828175,-98.5795,US,1,China,CH,CH,,35.0,105.0,CH,1,United States,US,US,,39.828175,-98.5795,US,20191018071500,Consult,Verbal cooperation
880564836,20191018,201910,CHN,CHINA,CHN,,,,,,,,MNCUSA,APPLE INC,USA,,,,,MNC,,,1,046,046,04,1,7.0,6,1,6,0.36101083032491,4,"Beijing, Beijing, China",CH,CH22,13001,39.9289,116.388,-1898541,1,Hong Kong,HK,HK,,22.25,114.166667,HK,4,"Beijing, Beijing, China",CH,CH22,13001,39.9289,116.388,-1898541,20191018073000,Consult,Verbal cooperation
880568288,20191018,201910,CHN,CHINA,CHN,,,,,,,,USA,THE US,USA,,,,,,,,1,192,192,19,4,-9.5,8,1,8,-4.17246175243394,2,"Oklahoma, United States",US,USOK,,35.5376,-96.9247,OK,2,"Oklahoma, United States",US,USOK,,35.5376,-96.9247,OK,2,"Oklahoma, United States",US,USOK,,35.5376,-96.9247,OK,20191018074500,Fight,Material conflict
880569419,20191018,201910,USA,LAWRENCE,USA,,,,,,,,CHN,CANTON,CHN,,,,,,,,1,0353,035,03,1,7.0,10,1,10,-1.68350168350169,1,China,CH,CH,,35.0,105.0,CH,1,China,CH,CH,,35.0,105.0,CH,1,China,CH,CH,,35.0,105.0,CH,20191018074500,Express intent to cooperate,Verbal cooperation
880574843,20191018,201910,CHN,CHINESE,CHN,,,,,,,,USA,AMERICAN,USA,,,,,,,,1,190,190,19,4,-10.0,10,1,10,-1.46412884333821,4,"Fuyao, Fujian, China",CH,CH07,13013,26.8081,119.464,-1905911,2,"Ohio, United States",US,USOH,,40.3736,-82.7755,OH,2,"Ohio, United States",US,USOH,,40.3736,-82.7755,OH,20191018083000,Fight,Material conflict
880575768,20191018,201910,USA,AMERICAN,USA,,,,,,,,CHN,CHINESE,CHN,,,,,,,,1,190,190,19,4,-10.0,8,1,8,-1.46412884333821,2,"Ohio, United States",US,USOH,,40.3736,-82.7755,OH,4,"Fuyao, Fujian, China",CH,CH07,13013,26.8081,119.464,-1905911,2,"Ohio, United States",US,USOH,,40.3736,-82.7755,OH,20191018083000,Fight,Material conflict
880582160,20191018,201910,CHN,CHINA,CHN,,,,,,,,USA,UNITED STATES,USA,,,,,,,,1,061,061,06,2,6.4,8,1,8,4.62724935732648,1,China,CH,CH,,35.0,105.0,CH,1,United States,US,US,,39.828175,-98.5795,US,1,United States,US,US,,39.828175,-98.5795,US,20191018091500,Engage in material cooperation,Material cooperation
880583100,20191018,201910,USA,UNITED STATES,USA,,,,,,,,CHN,CHINA,CHN,,,,,,,,1,061,061,06,2,6.4,10,1,10,4.62724935732648,1,Canada,CA,CA,,60.0,-96.0,CA,1,Canada,CA,CA,,60.0,-96.0,CA,1,Canada,CA,CA,,60.0,-96.0,CA,20191018091500,Engage in material cooperation,Material cooperation
880587691,20191018,201910,CHN,CHINA,CHN,,,,,,,,USA,UNITED STATES,USA,,,,,,,,1,050,050,05,1,3.5,10,1,10,5.91016548463357,4,"Beijing, Beijing, China",CH,CH22,13001,39.9289,116.388,-1898541,4,"Beijing, Beijing, China",CH,CH22,13001,39.9289,116.388,-1898541,4,"Beijing, Beijing, China",CH,CH22,13001,39.9289,116.388,-1898541,20191018094500,Engage in diplomatic cooperation,Verbal cooperation
880587692,20191018,201910,CHN,CHINA,CHN,,,,,,,,USA,THE US,USA,,,,,,,,1,190,190,19,4,-10.0,10,1,10,-0.30581039755352,4,"Changxin, Zhejiang, China",CH,CH02,13322,30.7807,121.102,10859994,4,"Changxin, Zhejiang, China",CH,CH02,13322,30.7807,121.102,10859994,4,"Changxin, Zhejiang, China",CH,CH02,13322,30.7807,121.102,10859994,20191018094500,Fight,Material conflict
880588713,20191018,201910,USA,UNITED STATES,USA,,,,,,,,CHN,CHINA,CHN,,,,,,,,1,050,050,05,1,3.5,8,1,8,5.91016548463357,1,United States,US,US,,39.828175,-98.5795,US,4,"Beijing, Beijing, China",CH,CH22,13001,39.9289,116.388,-1898541,1,United States,US,US,,39.828175,-98.5795,US,20191018094500,Engage in diplomatic cooperation,Verbal cooperation
880588716,20191018,201910,USA,THE US,USA,,,,,,,,CHN,CHINA,CHN,,,,,,,,1,190,190,19,4,-10.0,10,1,10,-0.30581039755352,4,"Changxin, Zhejiang, China",CH,CH02,13322,30.7807,121.102,10859994,4,"Changxin, Zhejiang, China",CH,CH02,13322,30.7807,121.102,10859994,4,"Changxin, Zhejiang, China",CH,CH02,13322,30.7807,121.102,10859994,20191018094500,Fight,Material conflict
880594780,20191018,201910,USAMIL,UNITED STATES,USA,,,,,MIL,,,CHNMIL,CHINESE,CHN,,,,,MIL,,,1,051,051,05,1,3.4,6,1,6,-0.59880239520958,1,China,CH,CH,,35.0,105.0,CH,1,China,CH,CH,,35.0,105.0,CH,1,China,CH,CH,,35.0,105.0,CH,20191018101500,Engage in diplomatic cooperation,Verbal cooperation
880597699,20191018,201910,CHN,CHINESE,CHN,,,,,,,,USA,THE US,USA,,,,,,,,1,100,100,10,3,-5.0,10,1,10,-2.0,1,China,CH,CH,,35.0,105.0,CH,1,China,CH,CH,,35.0,105.0,CH,1,China,CH,CH,,35.0,105.0,CH,20191018103000,Demand,Verbal conflict
880607276,20191018,201910,USAMED,REUTERS,USA,,,,,MED,,,CHN,CHINESE,CHN,,,,,,,,1,040,040,04,1,1.0,10,1,10,-2.31660231660232,1,United Kingdom,UK,UK,,54.0,-4.0,UK,4,"Zhaoqing, Guangdong, China",CH,CH30,13048,23.0512,112.46,-1938581,4,"Zhaoqing, Guangdong, China",CH,CH30,13048,23.0512,112.46,-1938581,20191018111500,Consult,Verbal cooperation
880612782,20191018,201910,USA,THE US,USA,,,,,,,,CHN,CHINA,CHN,,,,,,,,1,061,061,06,2,6.4,10,1,10,-0.58365758754864,4,"Xinjiang, Jiangxi, China",CH,CH03,13167,27.7481,116.274,11065838,4,"Xinjiang, Jiangxi, China",CH,CH03,13167,27.7481,116.274,11065838,4,"Xinjiang, Jiangxi, China",CH,CH03,13167,27.7481,116.274,11065838,20191018114500,Engage in material cooperation,Material cooperation
880618384,20191018,201910,USA,UNITED STATES,USA,,,,,,,,CHN,CHINA,CHN,,,,,,,,1,084,084,08,2,7.0,8,1,8,-0.84269662921348,4,"Yu Dong, Sichuan, China",CH,CH32,13261,32.5662,105.971,10385368,4,"Yu Dong, Sichuan, China",CH,CH32,13261,32.5662,105.971,10385368,4,"Yu Dong, Sichuan, China",CH,CH32,13261,32.5662,105.971,10385368,20191018121500,Yield,Material cooperation
880620305,20191018,201910,CHN,SHANGHAI,CHN,,,,,,,,USAMED,REUTERS,USA,,,,,MED,,,1,172,172,17,4,-5.0,10,1,10,-4.58167330677291,1,Hong Kong,HK,HK,,22.25,114.166667,HK,1,Hong Kong,HK,HK,,22.25,114.166667,HK,1,Hong Kong,HK,HK,,22.25,114.166667,HK,20191018123000,Coerce,Material conflict
880621714,20191018,201910,USA,AUSTIN,USA,,,,,,,,CHN,CANTON,CHN,,,,,,,,1,040,040,04,1,1.0,10,1,10,-1.90763052208836,1,China,CH,CH,,35.0,105.0,CH,1,China,CH,CH,,35.0,105.0,CH,1,China,CH,CH,,35.0,105.0,CH,20191018123000,Consult,Verbal cooperation
880621715,20191018,201910,USA,AMERICAN,USA,,,,,,,,CHN,CHINA,CHN,,,,,,,,1,111,111,11,3,-2.0,8,1,8,1.44927536231884,1,United States,US,US,,39.828175,-98.5795,US,1,China,CH,CH,,35.0,105.0,CH,1,United States,US,US,,39.828175,-98.5795,US,20191018123000,Disapprove,Verbal conflict
880624605,20191018,201910,CHNBUS,CHINA,CHN,,,,,BUS,,,USA,LAS VEGAS,USA,,,,,,,,1,051,051,05,1,3.4,10,1,10,3.33919156414763,1,China,CH,CH,,35.0,105.0,CH,1,China,CH,CH,,35.0,105.0,CH,1,China,CH,CH,,35.0,105.0,CH,20191018124500,Engage in diplomatic cooperation,Verbal cooperation
880635371,20191018,201910,USA,AMERICAN,USA,,,,,,,,CHN,CHINA,CHN,,,,,,,,1,061,061,06,2,6.4,8,1,8,-0.25839793281654,3,"Washington, District of Columbia, United States",US,USDC,DC001,38.8951,-77.0364,531871,4,"Beijing, Beijing, China",CH,CH22,13001,39.9289,116.388,-1898541,4,"Beijing, Beijing, China",CH,CH22,13001,39.9289,116.388,-1898541,20191018133000,Engage in material cooperation,Material cooperation
880635373,20191018,201910,USA,UNITED STATES,USA,,,,,,,,CHN,CHINA,CHN,,,,,,,,1,070,070,07,2,7.0,8,1,8,-3.2312925170068,4,"Beijing, Beijing, China",CH,CH22,13001,39.9289,116.388,-1898541,4,"Beijing, Beijing, China",CH,CH22,13001,39.9289,116.388,-1898541,4,"Beijing, Beijing, China",CH,CH22,13001,39.9289,116.388,-1898541,20191018133000,Provide aid,Material cooperation
880645311,20191018,201910,USA,THE US,USA,,,,,,,,CHN,CHINA,CHN,,,,,,,,1,020,020,02,1,3.0,8,1,8,1.55440414507772,1,China,CH,CH,,35.0,105.0,CH,1,Japan,JA,JA,,36.0,138.0,JA,1,Japan,JA,JA,,36.0,138.0,JA,20191018141500,Appeal,Verbal cooperation
880646668,20191011,201910,CHN,CHINA,CHN,,,,,,,,USA,THE US,USA,,,,,,,,1,164,164,16,4,-7.0,6,1,6,-2.85714285714285,1,China,CH,CH,,35.0,105.0,CH,3,"Washington, District of Columbia, United States",US,USDC,DC001,38.8951,-77.0364,531871,1,China,CH,CH,,35.0,105.0,CH,20191018143000,Reduce relations,Material conflict
880646695,20191011,201910,USA,THE US,USA,,,,,,,,CHN,CHINA,CHN,,,,,,,,1,164,164,16,4,-7.0,6,1,6,-2.85714285714285,3,"Washington, District of Columbia, United States",US,USDC,DC001,38.8951,-77.0364,531871,1,China,CH,CH,,35.0,105.0,CH,1,China,CH,CH,,35.0,105.0,CH,20191018143000,Reduce relations,Material conflict
880648025,20191018,201910,MNCUSA,MORGAN STANLEY,USA,,,,,MNC,,,CHN,CHINA,CHN,,,,,,,,1,071,071,07,2,7.4,40,1,40,-1.40019984452722,1,China,CH,CH,,35.0,105.0,CH,1,United States,US,US,,39.828175,-98.5795,US,1,China,CH,CH,,35.0,105.0,CH,20191018143000,Provide aid,Material cooperation
880663569,20191018,201910,CHN,CHINA,CHN,,,,,,,,USAGOV,OBAMA,USA,,,,,GOV,,,1,057,057,05,1,8.0,8,1,8,-1.16504854368932,4,"Beijing, Beijing, China",CH,CH22,13001,39.9289,116.388,-1898541,1,Hong Kong,HK,HK,,22.25,114.166667,HK,4,"Beijing, Beijing, China",CH,CH22,13001,39.9289,116.388,-1898541,20191018154500,Engage in diplomatic cooperation,Verbal cooperation
880665195,20191018,201910,USAGOV,OBAMA,USA,,,,,GOV,,,CHN,CHINA,CHN,,,,,,,,1,057,057,05,1,8.0,10,1,10,-1.16504854368932,4,"Beijing, Beijing, China",CH,CH22,13001,39.9289,116.388,-1898541,4,"Beijing, Beijing, China",CH,CH22,13001,39.9289,116.388,-1898541,4,"Beijing, Beijing, China",CH,CH22,13001,39.9289,116.388,-1898541,20191018154500,Engage in diplomatic cooperation,Verbal cooperation
880672552,20191018,201910,CHN,CHINA,CHN,,,,,,,,MNCUSAGOV,APPLE INC,USA,,,,,MNC,GOV,,1,046,046,04,1,7.0,6,1,6,0.2865329512894,4,"Beijing, Beijing, China",CH,CH22,13001,39.9289,116.388,-1898541,4,"Beijing, Beijing, China",CH,CH22,13001,39.9289,116.388,-1898541,4,"Beijing, Beijing, China",CH,CH22,13001,39.9289,116.388,-1898541,20191018163000,Consult,Verbal cooperation
880673525,20191018,201910,MNCUSAGOV,APPLE INC,USA,,,,,MNC,GOV,,CHN,CHINA,CHN,,,,,,,,1,046,046,04,1,7.0,6,1,6,0.2865329512894,4,"Beijing, Beijing, China",CH,CH22,13001,39.9289,116.388,-1898541,4,"Beijing, Beijing, China",CH,CH22,13001,39.9289,116.388,-1898541,4,"Beijing, Beijing, China",CH,CH22,13001,39.9289,116.388,-1898541,20191018163000,Consult,Verbal cooperation
880675681,20191018,201910,CHN,BEIJING,CHN,,,,,,,,USA,WASHINGTON,USA,,,,,,,,1,046,046,04,1,7.0,6,1,6,-0.44776119402985,4,"Beijing, Beijing, China",CH,CH22,13001,39.9289,116.388,-1898541,3,"Washington, District of Columbia, United States",US,USDC,DC001,38.8951,-77.0364,531871,3,"Washington, District of Columbia, United States",US,USDC,DC001,38.8951,-77.0364,531871,20191018164500,Consult,Verbal cooperation
880675682,20191018,201910,CHN,CHINESE,CHN,,,,,,,,USA,UNITED STATES,USA,,,,,,,,1,062,062,06,2,7.4,8,1,8,-3.50877192982456,4,"Beijing, Beijing, China",CH,CH22,13001,39.9289,116.388,-1898541,4,"Beijing, Beijing, China",CH,CH22,13001,39.9289,116.388,-1898541,4,"Beijing, Beijing, China",CH,CH22,13001,39.9289,116.388,-1898541,20191018164500,Engage in material cooperation,Material cooperation
880677018,20191018,201910,USA,UNITED STATES,USA,,,,,,,,CHN,CHINESE,CHN,,,,,,,,1,062,062,06,2,7.4,6,1,6,-3.50877192982456,3,"Washington, District of Columbia, United States",US,USDC,DC001,38.8951,-77.0364,531871,4,"Beijing, Beijing, China",CH,CH22,13001,39.9289,116.388,-1898541,4,"Beijing, Beijing, China",CH,CH22,13001,39.9289,116.388,-1898541,20191018164500,Engage in material cooperation,Material cooperation
880680064,20191018,201910,USA,THE US,USA,,,,,,,,CHN,CHINA,CHN,,,,,,,,1,070,070,07,2,7.0,10,1,10,-2.6950354609929,1,China,CH,CH,,35.0,105.0,CH,1,China,CH,CH,,35.0,105.0,CH,1,China,CH,CH,,35.0,105.0,CH,20191018170000,Provide aid,Material cooperation
880685212,20191018,201910,MNCUSAGOV,APPLE INC,USA,,,,,MNC,GOV,,CHN,CHINA,CHN,,,,,,,,1,046,046,04,1,7.0,6,1,6,0.0,5,"Zhejiang, Zhejiang, China",CH,CH02,13325,29.0,120.0,-1938694,5,"Zhejiang, Zhejiang, China",CH,CH02,13325,29.0,120.0,-1938694,5,"Zhejiang, Zhejiang, China",CH,CH02,13325,29.0,120.0,-1938694,20191018173000,Consult,Verbal cooperation
880687330,20191018,201910,CHNMIL,CHINESE,CHN,,,,,MIL,,,USA,UNITED STATES,USA,,,,,,,,1,154,154,15,4,-7.2,6,1,6,-2.27272727272727,1,China,CH,CH,,35.0,105.0,CH,2,"Ohio, United States",US,USOH,,40.3736,-82.7755,OH,2,"Ohio, United States",US,USOH,,40.3736,-82.7755,OH,20191018174500,Exhibit force posture,Material conflict
880692295,20191018,201910,USA,UNITED STATES,USA,,,,,,,,CHN,CHINA,CHN,,,,,,,,1,084,084,08,2,7.0,6,1,6,-1.37614678899083,1,China,CH,CH,,35.0,105.0,CH,1,China,CH,CH,,35.0,105.0,CH,1,China,CH,CH,,35.0,105.0,CH,20191018180000,Yield,Material cooperation
880692296,20191018,201910,USA,CHICAGO,USA,,,,,,,,CHNOPP,TIBET,CHN,,,,,OPP,,,1,051,051,05,1,3.4,10,1,10,0.0,3,"Chicago, Illinois, United States",US,USIL,IL031,41.85,-87.6501,423587,3,"Chicago, Illinois, United States",US,USIL,IL031,41.85,-87.6501,423587,3,"Chicago, Illinois, United States",US,USIL,IL031,41.85,-87.6501,423587,20191018180000,Engage in diplomatic cooperation,Verbal cooperation
880692297,20191018,201910,USA,CHICAGO,USA,,,,,,,,CHNOPP,TIBET,CHN,,,,,OPP,,,1,141,141,14,3,-6.5,10,1,10,0.0,3,"Chicago, Illinois, United States",US,USIL,IL031,41.85,-87.6501,423587,3,"Chicago, Illinois, United States",US,USIL,IL031,41.85,-87.6501,423587,3,"Chicago, Illinois, United States",US,USIL,IL031,41.85,-87.6501,423587,20191018180000,Protest,Verbal conflict
880693831,20191018,201910,CHN,CHINA,CHN,,,,,,,,USAGOV,RICHARD NIXON,USA,,,,,GOV,,,1,043,043,04,1,2.8,10,1,10,1.99004975124378,1,China,CH,CH,,35.0,105.0,CH,1,China,CH,CH,,35.0,105.0,CH,1,China,CH,CH,,35.0,105.0,CH,20191018181500,Consult,Verbal cooperation
880695142,20191018,201910,USAGOV,RICHARD NIXON,USA,,,,,GOV,,,CHN,CHINA,CHN,,,,,,,,1,042,042,04,1,1.9,10,1,10,1.99004975124378,1,China,CH,CH,,35.0,105.0,CH,1,China,CH,CH,,35.0,105.0,CH,1,China,CH,CH,,35.0,105.0,CH,20191018181500,Consult,Verbal cooperation
880702412,20191018,201910,CHN,CHINESE,CHN,,,,,,,,USA,WASHINGTON,USA,,,,,,,,1,010,010,01,1,0.0,10,1,10,-0.88105726872247,1,New Zealand,NZ,NZ,,-42.0,174.0,NZ,1,New Zealand,NZ,NZ,,-42.0,174.0,NZ,1,New Zealand,NZ,NZ,,-42.0,174.0,NZ,20191018190000,Make public statement,Verbal cooperation
880705300,20191018,201910,CHN,CHINA,CHN,,,,,,,,USA,WASHINGTON,USA,,,,,,,,1,043,043,04,1,2.8,10,1,10,1.39860139860139,4,"Chengdu, Sichuan, China",CH,CH32,13270,30.6667,104.067,-1900349,3,"Washington, District of Columbia, United States",US,USDC,DC001,38.8951,-77.0364,531871,4,"Chengdu, Sichuan, China",CH,CH32,13270,30.6667,104.067,-1900349,20191018191500,Consult,Verbal cooperation
880706533,20191018,201910,USA,WASHINGTON,USA,,,,,,,,CHN,CHINA,CHN,,,,,,,,1,042,042,04,1,1.9,10,1,10,1.39860139860139,4,"Chengdu, Sichuan, China",CH,CH32,13270,30.6667,104.067,-1900349,3,"Washington, District of Columbia, United States",US,USDC,DC001,38.8951,-77.0364,531871,3,"Washington, District of Columbia, United States",US,USDC,DC001,38.8951,-77.0364,531871,20191018191500,Consult,Verbal cooperation
880708990,20191018,201910,USA,UNITED STATES,USA,,,,,,,,CHN,CHINA,CHN,,,,,,,,1,014,014,01,1,0.0,8,1,8,2.75229357798165,3,"White House, District of Columbia, United States",US,USDC,,38.8951,-77.0364,531871,1,China,CH,CH,,35.0,105.0,CH,3,"White House, District of Columbia, United States",US,USDC,,38.8951,-77.0364,531871,20191018193000,Make public statement,Verbal cooperation
880708991,20191018,201910,USA,UNITED STATES,USA,,,,,,,,CHN,CHINA,CHN,,,,,,,,1,020,020,02,1,3.0,8,1,8,2.75229357798165,1,China,CH,CH,,35.0,105.0,CH,1,China,CH,CH,,35.0,105.0,CH,1,China,CH,CH,,35.0,105.0,CH,20191018193000,Appeal,Verbal cooperation
880711701,20191018,201910,USA,UNITED STATES,USA,,,,,,,,CHN,CHINA,CHN,,,,,,,,1,030,030,03,1,4.0,10,1,10,-2.26244343891402,4,"Beijing, Beijing, China",CH,CH22,13001,39.9289,116.388,-1898541,4,"Beijing, Beijing, China",CH,CH22,13001,39.9289,116.388,-1898541,4,"Beijing, Beijing, China",CH,CH22,13001,39.9289,116.388,-1898541,20191018194500,Express intent to cooperate,Verbal cooperation
880712320,20191018,201910,CHN,CHINESE,CHN,,,,,,,,USA,UNITED STATES,USA,,,,,,,,1,045,045,04,1,5.0,6,1,6,-5.19262981574539,1,China,CH,CH,,35.0,105.0,CH,2,"Texas, United States",US,USTX,,31.106,-97.6475,TX,1,China,CH,CH,,35.0,105.0,CH,20191018200000,Consult,Verbal cooperation
880715253,20191018,201910,CHN,CHINESE,CHN,,,,,,,,USA,LOS ANGELES,USA,,,,,,,,1,042,042,04,1,1.9,6,1,6,0.62893081761006,4,"Calcutta, West Bengal, India",IN,IN28,70294,22.5697,88.3697,-2092511,4,"Calcutta, West Bengal, India",IN,IN28,70294,22.5697,88.3697,-2092511,4,"Calcutta, West Bengal, India",IN,IN28,70294,22.5697,88.3697,-2092511,20191018201500,Consult,Verbal cooperation
880717515,20191018,201910,CHN,CHINA,CHN,,,,,,,,USA,THE US,USA,,,,,,,,1,173,173,17,4,-5.0,10,1,10,1.45454545454546,4,"Beijing, Beijing, China",CH,CH22,13001,39.9289,116.388,-1898541,1,Australia,AS,AS,,-25.0,135.0,AS,4,"Apia, Samoa (general), Samoa",WS,WS00,25301,-13.8333,-171.733,-1307163,20191018203000,Coerce,Material conflict
880720516,20191018,201910,USA,UNITED STATES,USA,,,,,,,,CHN,HANGZHOU,CHN,,,,,,,,1,173,173,17,4,-5.0,10,1,10,2.1978021978022,3,"Phoenix, Arizona, United States",US,USAZ,AZ013,33.4484,-112.074,44784,4,"Hangzhou, Zhejiang, China",CH,CH02,13319,30.2553,120.169,-1908366,3,"Phoenix, Arizona, United States",US,USAZ,AZ013,33.4484,-112.074,44784,20191018204500,Coerce,Material conflict
880722597,20191018,201910,CHN,CHINA,CHN,,,,,,,,USA,ARIZONA,USA,,,,,,,,1,042,042,04,1,1.9,8,1,8,-3.01204819277108,2,"Arizona, United States",US,USAZ,,33.7712,-111.388,AZ,2,"Arizona, United States",US,USAZ,,33.7712,-111.388,AZ,2,"Arizona, United States",US,USAZ,,33.7712,-111.388,AZ,20191018210000,Consult,Verbal cooperation
880723859,20191018,201910,USA,ARIZONA,USA,,,,,,,,CHN,CHINA,CHN,,,,,,,,1,043,043,04,1,2.8,6,1,6,-3.01204819277108,2,"Arizona, United States",US,USAZ,,33.7712,-111.388,AZ,1,China,CH,CH,,35.0,105.0,CH,1,China,CH,CH,,35.0,105.0,CH,20191018210000,Consult,Verbal cooperation
880724055,20191018,201910,USAGOV,US OFFICIAL,USA,,,,,GOV,,,CHN,CHINA,CHN,,,,,,,,1,111,111,11,3,-2.0,10,1,10,-1.12359550561798,4,"South China Sea, Brunei (general), Brunei",BX,BX00,,15.0,115.0,-1337919,4,"South China Sea, Brunei (general), Brunei",BX,BX00,,15.0,115.0,-1337919,4,"South China Sea, Brunei (general), Brunei",BX,BX00,,15.0,115.0,-1337919,20191018210000,Disapprove,Verbal conflict
880724056,20191018,201910,USAGOV,US OFFICIAL,USA,,,,,GOV,,,CHN,CHINA,CHN,,,,,,,,1,111,111,11,3,-2.0,6,1,6,-1.12359550561798,4,"Manila, Manila, Philippines",RP,RPD9,24210,14.6042,120.982,-2437894,1,China,CH,CH,,35.0,105.0,CH,1,China,CH,CH,,35.0,105.0,CH,20191018210000,Disapprove,Verbal conflict
880725110,20191018,201910,CHN,CHINA,CHN,,,,,,,,USA,AMERICAN,USA,,,,,,,,1,010,010,01,1,0.0,8,1,8,-1.79063360881543,1,United States,US,US,,39.828175,-98.5795,US,1,United States,US,US,,39.828175,-98.5795,US,1,United States,US,US,,39.828175,-98.5795,US,20191018211500,Make public statement,Verbal cooperation
880727351,20191018,201910,CHN,CANTON,CHN,,,,,,,,USA,WASHINGTON,USA,,,,,,,,1,036,036,03,1,4.0,7,1,7,2.31729055258467,2,"Washington, United States",US,USWA,,47.3917,-121.571,WA,2,"Washington, United States",US,USWA,,47.3917,-121.571,WA,2,"Washington, United States",US,USWA,,47.3917,-121.571,WA,20191018213000,Express intent to cooperate,Verbal cooperation
880728602,20191018,201910,USA,WASHINGTON,USA,,,,,,,,CHN,CANTON,CHN,,,,,,,,1,036,036,03,1,4.0,7,1,7,2.31729055258467,2,"Washington, United States",US,USWA,,47.3917,-121.571,WA,2,"Washington, United States",US,USWA,,47.3917,-121.571,WA,2,"Washington, United States",US,USWA,,47.3917,-121.571,WA,20191018213000,Express intent to cooperate,Verbal cooperation
880728604,20191018,201910,USA,WASHINGTON,USA,,,,,,,,CHN,CANTON,CHN,,,,,,,,1,051,051,05,1,3.4,7,1,7,2.31729055258467,2,"Washington, United States",US,USWA,,47.3917,-121.571,WA,2,"Washington, United States",US,USWA,,47.3917,-121.571,WA,2,"Washington, United States",US,USWA,,47.3917,-121.571,WA,20191018213000,Engage in diplomatic cooperation,Verbal cooperation
880731765,20191018,201910,CHN,CHINA,CHN,,,,,,,,USACVL,PORTLAND,USA,,,,,CVL,,,1,173,173,17,4,-5.0,8,1,8,-1.33689839572192,1,China,CH,CH,,35.0,105.0,CH,3,"Portland, Oregon, United States",US,USOR,OR051,45.5235,-122.676,1136645,3,"Portland, Oregon, United States",US,USOR,OR051,45.5235,-122.676,1136645,20191018220000,Coerce,Material conflict
880733967,20191018,201910,CHN,CHINA,CHN,,,,,,,,USACVL,UNITED STATES,USA,,,,,CVL,,,1,173,173,17,4,-5.0,6,3,6,-2.01360300698049,1,Mexico,MX,MX,,23.0,-102.0,MX,3,"Portland, Oregon, United States",US,USOR,OR051,45.5235,-122.676,1136645,3,"Portland, Oregon, United States",US,USOR,OR051,45.5235,-122.676,1136645,20191018221500,Coerce,Material conflict
880738257,20191018,201910,CHNGOV,CHINESE,CHN,,,,,GOV,,,USABUS,AMERICAN,USA,,,,,BUS,,,1,100,100,10,3,-5.0,6,1,6,-2.6525198938992,4,"Beijing, Beijing, China",CH,CH22,13001,39.9289,116.388,-1898541,2,"New Jersey, United States",US,USNJ,,40.314,-74.5089,NJ,2,"New Jersey, United States",US,USNJ,,40.314,-74.5089,NJ,20191018224500,Demand,Verbal conflict
880745829,20191018,201910,CHN,CHINA,CHN,,,,,,,,USA,ARIZONA,USA,,,,,,,,1,042,042,04,1,1.9,6,1,6,-4.91228070175439,1,China,CH,CH,,35.0,105.0,CH,2,"Arizona, United States",US,USAZ,,33.7712,-111.388,AZ,1,China,CH,CH,,35.0,105.0,CH,20191018234500,Consult,Verbal cooperation
880745831,20191018,201910,CHN,CHINA,CHN,,,,,,,,USA,NEW YORK,USA,,,,,,,,1,071,071,07,2,7.4,10,1,10,-4.75059382422802,2,"New York, United States",US,USNY,,42.1497,-74.9384,NY,2,"New York, United States",US,USNY,,42.1497,-74.9384,NY,2,"New York, United States",US,USNY,,42.1497,-74.9384,NY,20191018234500,Provide aid,Material cooperation
880745833,20191018,201910,CHNGOV,CHINESE,CHN,,,,,GOV,,,USABUS,AMERICAN,USA,,,,,BUS,,,1,100,100,10,3,-5.0,6,1,6,-2.94117647058823,4,"Beijing, Beijing, China",CH,CH22,13001,39.9289,116.388,-1898541,4,"Beijing, Beijing, China",CH,CH22,13001,39.9289,116.388,-1898541,4,"Beijing, Beijing, China",CH,CH22,13001,39.9289,116.388,-1898541,20191018234500,Demand,Verbal conflict
880748008,20191019,201910,CHN,CHINA,CHN,,,,,,,,USA,ARIZONA,USA,,,,,,,,1,042,042,04,1,1.9,6,1,6,-3.44827586206897,1,China,CH,CH,,35.0,105.0,CH,2,"Arizona, United States",US,USAZ,,33.7712,-111.388,AZ,1,China,CH,CH,,35.0,105.0,CH,20191019000000,Consult,Verbal cooperation
880748010,20191019,201910,CHN,CHINA,CHN,,,,,,,,USA,THE US,USA,,,,,,,,1,046,046,04,1,7.0,10,1,10,-0.30120481927711,4,"Beijing, Beijing, China",CH,CH22,13001,39.9289,116.388,-1898541,4,"Beijing, Beijing, China",CH,CH22,13001,39.9289,116.388,-1898541,4,"Beijing, Beijing, China",CH,CH22,13001,39.9289,116.388,-1898541,20191019000000,Consult,Verbal cooperation
880748011,20191019,201910,CHN,CHINA,CHN,,,,,,,,USA,UNITED STATES,USA,,,,,,,,1,046,046,04,1,7.0,6,1,6,-2.1978021978022,4,"Beijing, Beijing, China",CH,CH22,13001,39.9289,116.388,-1898541,2,"New York, United States",US,USNY,,42.1497,-74.9384,NY,2,"New York, United States",US,USNY,,42.1497,-74.9384,NY,20191019000000,Consult,Verbal cooperation
880749927,20191019,201910,USA,ARIZONA,USA,,,,,,,,CHN,CHINA,CHN,,,,,,,,1,043,043,04,1,2.8,6,1,6,-3.44827586206897,2,"Arizona, United States",US,USAZ,,33.7712,-111.388,AZ,1,China,CH,CH,,35.0,105.0,CH,1,China,CH,CH,,35.0,105.0,CH,20191019000000,Consult,Verbal cooperation
880749929,20191019,201910,USA,THE US,USA,,,,,,,,CHN,CHINA,CHN,,,,,,,,1,046,046,04,1,7.0,10,1,10,-0.30120481927711,4,"Beijing, Beijing, China",CH,CH22,13001,39.9289,116.388,-1898541,4,"Beijing, Beijing, China",CH,CH22,13001,39.9289,116.388,-1898541,4,"Beijing, Beijing, China",CH,CH22,13001,39.9289,116.388,-1898541,20191019000000,Consult,Verbal cooperation
880749930,20191019,201910,USA,UNITED STATES,USA,,,,,,,,CHN,CHINA,CHN,,,,,,,,1,046,046,04,1,7.0,6,1,6,-2.1978021978022,2,"New York, United States",US,USNY,,42.1497,-74.9384,NY,4,"Beijing, Beijing, China",CH,CH22,13001,39.9289,116.388,-1898541,2,"New York, United States",US,USNY,,42.1497,-74.9384,NY,20191019000000,Consult,Verbal cooperation
880753759,20191019,201910,USA,HOUSTON,USA,,,,,,,,CHN,CHINA,CHN,,,,,,,,1,173,173,17,4,-5.0,8,1,8,2.63157894736842,3,"Houston, Texas, United States",US,USTX,TX201,29.7633,-95.3633,1380948,4,"Shenzhen, Guangdong, China",CH,CH30,13036,22.2,111.117,-1925267,3,"Houston, Texas, United States",US,USTX,TX201,29.7633,-95.3633,1380948,20191019001500,Coerce,Material conflict
880755702,20191019,201910,CHN,CHINA,CHN,,,,,,,,USA,THE US,USA,,,,,,,,1,020,020,02,1,3.0,8,1,8,1.73592845870595,4,"Labu, Negeri Sembilan, Malaysia",MY,MY05,18585,2.7579,101.823,-2403363,4,"Labu, Negeri Sembilan, Malaysia",MY,MY05,18585,2.7579,101.823,-2403363,4,"Labu, Negeri Sembilan, Malaysia",MY,MY05,18585,2.7579,101.823,-2403363,20191019003000,Appeal,Verbal cooperation
880755704,20191019,201910,CHN,CHINA,CHN,,,,,,,,USA,UNITED STATES,USA,,,,,,,,1,030,030,03,1,4.0,6,1,6,-2.64976958525345,4,"Beijing, Beijing, China",CH,CH22,13001,39.9289,116.388,-1898541,3,"White House, District of Columbia, United States",US,USDC,,38.8951,-77.0364,531871,4,"Beijing, Beijing, China",CH,CH22,13001,39.9289,116.388,-1898541,20191019003000,Express intent to cooperate,Verbal cooperation
880755707,20191019,201910,CHN,CHINA,CHN,,,,,,,,USA,UNITED STATES,USA,,,,,,,,1,084,084,08,2,7.0,6,1,6,-1.91846522781774,1,China,CH,CH,,35.0,105.0,CH,1,China,CH,CH,,35.0,105.0,CH,1,China,CH,CH,,35.0,105.0,CH,20191019003000,Yield,Material cooperation
880757432,20191019,201910,USA,UNITED STATES,USA,,,,,,,,CHN,CHINA,CHN,,,,,,,,1,030,030,03,1,4.0,6,1,6,-2.64976958525345,3,"White House, District of Columbia, United States",US,USDC,,38.8951,-77.0364,531871,4,"Beijing, Beijing, China",CH,CH22,13001,39.9289,116.388,-1898541,4,"Beijing, Beijing, China",CH,CH22,13001,39.9289,116.388,-1898541,20191019003000,Express intent to cooperate,Verbal cooperation
880759253,20191019,201910,CHN,CHINA,CHN,,,,,,,,MNCUSA,APPLE INC,USA,,,,,MNC,,,1,046,046,04,1,7.0,6,1,6,0.0,4,"Beijing, Beijing, China",CH,CH22,13001,39.9289,116.388,-1898541,4,"Beijing, Beijing, China",CH,CH22,13001,39.9289,116.388,-1898541,4,"Beijing, Beijing, China",CH,CH22,13001,39.9289,116.388,-1898541,20191019004500,Consult,Verbal cooperation
880760505,20191019,201910,MNCUSA,APPLE INC,USA,,,,,MNC,,,CHN,CHINA,CHN,,,,,,,,1,046,046,04,1,7.0,6,1,6,0.0,5,"Zhejiang, Zhejiang, China",CH,CH02,13325,29.0,120.0,-1938694,5,"Zhejiang, Zhejiang, China",CH,CH02,13325,29.0,120.0,-1938694,5,"Zhejiang, Zhejiang, China",CH,CH02,13325,29.0,120.0,-1938694,20191019004500,Consult,Verbal cooperation
880769727,20191019,201910,CHN,CHINA,CHN,,,,,,,,USA,THE US,USA,,,,,,,,1,042,042,04,1,1.9,6,1,6,1.4362657091562,1,United Kingdom,UK,UK,,54.0,-4.0,UK,1,United Kingdom,UK,UK,,54.0,-4.0,UK,1,United Kingdom,UK,UK,,54.0,-4.0,UK,20191019014500,Consult,Verbal cooperation
880769729,20191019,201910,CHN,CHINA,CHN,,,,,,,,USACVL,PORTLAND,USA,,,,,CVL,,,1,173,173,17,4,-5.0,16,2,16,-1.98675496688742,1,China,CH,CH,,35.0,105.0,CH,3,"Portland, Oregon, United States",US,USOR,OR051,45.5235,-122.676,1136645,3,"Portland, Oregon, United States",US,USOR,OR051,45.5235,-122.676,1136645,20191019014500,Coerce,Material conflict
880775663,20190919,201909,CHN,CHINA,CHN,,,,,,,,USAMED,REUTERS,USA,,,,,MED,,,1,013,013,01,1,0.4,6,1,6,-5.22388059701492,1,Hong Kong,HK,HK,,22.25,114.166667,HK,4,"Beijing, Beijing, China",CH,CH22,13001,39.9289,116.388,-1898541,4,"Beijing, Beijing, China",CH,CH22,13001,39.9289,116.388,-1898541,20191019023000,Make public statement,Verbal cooperation
880778716,20191019,201910,USA,LOS ANGELES,USA,,,,,,,,CHN,CHINA,CHN,,,,,,,,1,084,084,08,2,7.0,10,1,10,-1.0989010989011,4,"Yu Dong, Sichuan, China",CH,CH32,13261,32.5662,105.971,10385368,4,"Yu Dong, Sichuan, China",CH,CH32,13261,32.5662,105.971,10385368,4,"Yu Dong, Sichuan, China",CH,CH32,13261,32.5662,105.971,10385368,20191019024500,Yield,Material cooperation
880783056,20191019,201910,CHN,CHINA,CHN,,,,,,,,USAGOV,OVAL OFFICE,USA,,,,,GOV,,,1,040,040,04,1,1.0,8,1,8,1.75438596491228,4,"Nanchang, Jiangxi, China",CH,CH03,13164,28.55,115.933,-1914863,3,"Washington, District of Columbia, United States",US,USDC,DC001,38.8951,-77.0364,531871,4,"Nanchang, Jiangxi, China",CH,CH03,13164,28.55,115.933,-1914863,20191019033000,Consult,Verbal cooperation
880783057,20191019,201910,CHN,CHINA,CHN,,,,,,,,USAGOV,OVAL OFFICE,USA,,,,,GOV,,,1,040,040,04,1,1.0,8,1,8,1.75438596491228,4,"Nanchang, Jiangxi, China",CH,CH03,13164,28.55,115.933,-1914863,3,"Washington, District of Columbia, United States",US,USDC,DC001,38.8951,-77.0364,531871,3,"Washington, District of Columbia, United States",US,USDC,DC001,38.8951,-77.0364,531871,20191019033000,Consult,Verbal cooperation
880783837,20191019,201910,USAGOV,OVAL OFFICE,USA,,,,,GOV,,,CHN,CHINA,CHN,,,,,,,,1,040,040,04,1,1.0,8,1,8,1.75438596491228,3,"Washington, District of Columbia, United States",US,USDC,DC001,38.8951,-77.0364,531871,4,"Nanchang, Jiangxi, China",CH,CH03,13164,28.55,115.933,-1914863,4,"Nanchang, Jiangxi, China",CH,CH03,13164,28.55,115.933,-1914863,20191019033000,Consult,Verbal cooperation
880783838,20191019,201910,USAGOV,OVAL OFFICE,USA,,,,,GOV,,,CHN,CHINA,CHN,,,,,,,,1,040,040,04,1,1.0,8,1,8,1.75438596491228,3,"Washington, District of Columbia, United States",US,USDC,DC001,38.8951,-77.0364,531871,4,"Nanchang, Jiangxi, China",CH,CH03,13164,28.55,115.933,-1914863,3,"Washington, District of Columbia, United States",US,USDC,DC001,38.8951,-77.0364,531871,20191019033000,Consult,Verbal cooperation
880785173,20191019,201910,CHN,CHINA,CHN,,,,,,,,USA,UNITED STATES,USA,,,,,,,,1,020,020,02,1,3.0,10,1,10,0.0,4,"Beijing, Beijing, China",CH,CH22,13001,39.9289,116.388,-1898541,4,"Beijing, Beijing, China",CH,CH22,13001,39.9289,116.388,-1898541,4,"Beijing, Beijing, China",CH,CH22,13001,39.9289,116.388,-1898541,20191019034500,Appeal,Verbal cooperation
880786540,20191019,201910,CHNGOV,CHINESE,CHN,,,,,GOV,,,USABUS,AMERICAN,USA,,,,,BUS,,,1,100,100,10,3,-5.0,6,1,6,-7.52212389380533,1,China,CH,CH,,35.0,105.0,CH,3,"Anaheim, California, United States",US,USCA,CA059,33.8353,-117.915,1652663,3,"Anaheim, California, United States",US,USCA,CA059,33.8353,-117.915,1652663,20191019040000,Demand,Verbal conflict
880787482,20191019,201910,CHN,CHINA,CHN,,,,,,,,USA,THE US,USA,,,,,,,,1,010,010,01,1,0.0,10,1,10,0.90909090909091,4,"Nanchang, Jiangxi, China",CH,CH03,13164,28.55,115.933,-1914863,4,"Nanchang, Jiangxi, China",CH,CH03,13164,28.55,115.933,-1914863,4,"Nanchang, Jiangxi, China",CH,CH03,13164,28.55,115.933,-1914863,20191019041500,Make public statement,Verbal cooperation
880787483,20191019,201910,CHN,CHINA,CHN,,,,,,,,USA,THE US,USA,,,,,,,,1,013,013,01,1,0.4,10,1,10,0.90909090909091,4,"Nanchang, Jiangxi, China",CH,CH03,13164,28.55,115.933,-1914863,4,"Nanchang, Jiangxi, China",CH,CH03,13164,28.55,115.933,-1914863,4,"Nanchang, Jiangxi, China",CH,CH03,13164,28.55,115.933,-1914863,20191019041500,Make public statement,Verbal cooperation
880787484,20191019,201910,CHN,CHINA,CHN,,,,,,,,USA,UNITED STATES,USA,,,,,,,,1,013,013,01,1,0.4,10,1,10,1.25,4,"Nanchang, Jiangxi, China",CH,CH03,13164,28.55,115.933,-1914863,1,United States,US,US,,39.828175,-98.5795,US,4,"Nanchang, Jiangxi, China",CH,CH03,13164,28.55,115.933,-1914863,20191019041500,Make public statement,Verbal cooperation
880787485,20191019,201910,CHN,CHINA,CHN,,,,,,,,USA,UNITED STATES,USA,,,,,,,,1,020,020,02,1,3.0,10,1,10,-0.31847133757961,4,"Sichuan, Gansu, China",CH,CH15,13024,35.1221,105.48,10650455,4,"Sichuan, Gansu, China",CH,CH15,13024,35.1221,105.48,10650455,4,"Sichuan, Gansu, China",CH,CH15,13024,35.1221,105.48,10650455,20191019041500,Appeal,Verbal cooperation
880788819,20191019,201910,CHN,CHINA,CHN,,,,,,,,USA,UNITED STATES,USA,,,,,,,,1,172,172,17,4,-5.0,6,1,6,-3.83141762452108,1,China,CH,CH,,35.0,105.0,CH,1,China,CH,CH,,35.0,105.0,CH,1,China,CH,CH,,35.0,105.0,CH,20191019043000,Coerce,Material conflict
880805789,20191019,201910,CHN,CHINA,CHN,,,,,,,,USA,UNITED STATES,USA,,,,,,,,1,061,061,06,2,6.4,6,1,6,-3.5799522673031,1,China,CH,CH,,35.0,105.0,CH,2,"Arizona, United States",US,USAZ,,33.7712,-111.388,AZ,2,"Arizona, United States",US,USAZ,,33.7712,-111.388,AZ,20191019071500,Engage in material cooperation,Material cooperation
880806486,20191019,201910,USA,PHOENIX,USA,,,,,,,,CHN,CHINA,CHN,,,,,,,,1,015,015,01,1,0.0,6,1,6,-3.5799522673031,2,"Arizona, United States",US,USAZ,,33.7712,-111.388,AZ,2,"Arizona, United States",US,USAZ,,33.7712,-111.388,AZ,2,"Arizona, United States",US,USAZ,,33.7712,-111.388,AZ,20191019071500,Make public statement,Verbal cooperation
880806489,20191019,201910,USA,PHOENIX,USA,,,,,,,,CHN,CHINA,CHN,,,,,,,,1,061,061,06,2,6.4,10,1,10,-3.5799522673031,3,"Phoenix, Arizona, United States",US,USAZ,AZ013,33.4484,-112.074,44784,1,China,CH,CH,,35.0,105.0,CH,1,China,CH,CH,,35.0,105.0,CH,20191019071500,Engage in material cooperation,Material cooperation
880806492,20191019,201910,USA,AMERICAN,USA,,,,,,,,CHN,CHINA,CHN,,,,,,,,1,190,190,19,4,-10.0,6,1,6,-1.34297520661157,2,"Indiana, United States",US,USIN,,39.8647,-86.2604,IN,2,"Indiana, United States",US,USIN,,39.8647,-86.2604,IN,2,"Indiana, United States",US,USIN,,39.8647,-86.2604,IN,20191019071500,Fight,Material conflict
880816432,20191019,201910,CHN,CHINA,CHN,,,,,,,,MNCUSAGOV,APPLE INC,USA,,,,,MNC,GOV,,1,046,046,04,1,7.0,6,1,6,0.0,4,"Beijing, Beijing, China",CH,CH22,13001,39.9289,116.388,-1898541,1,Hong Kong,HK,HK,,22.25,114.166667,HK,4,"Beijing, Beijing, China",CH,CH22,13001,39.9289,116.388,-1898541,20191019084500,Consult,Verbal cooperation
880816883,20191019,201910,MNCUSAGOV,APPLE INC,USA,,,,,MNC,GOV,,CHN,CHINA,CHN,,,,,,,,1,046,046,04,1,7.0,6,1,6,0.0,5,"Zhejiang, Zhejiang, China",CH,CH02,13325,29.0,120.0,-1938694,5,"Zhejiang, Zhejiang, China",CH,CH02,13325,29.0,120.0,-1938694,5,"Zhejiang, Zhejiang, China",CH,CH02,13325,29.0,120.0,-1938694,20191019084500,Consult,Verbal cooperation
880822215,20191019,201910,MNCUSA,DISNEY,USA,,,,,MNC,,,CHN,CHINESE,CHN,,,,,,,,1,013,013,01,1,0.4,10,1,10,1.71428571428571,4,"Shanghai, Shanghai, China",CH,CH23,13243,31.2222,121.458,-1924465,4,"Shanghai, Shanghai, China",CH,CH23,13243,31.2222,121.458,-1924465,4,"Shanghai, Shanghai, China",CH,CH23,13243,31.2222,121.458,-1924465,20191019093000,Make public statement,Verbal cooperation
880825096,20191019,201910,CHNGOV,CHINESE,CHN,,,,,GOV,,,USA,HOUSTON,USA,,,,,,,,1,051,051,05,1,3.4,6,1,6,3.40557275541795,1,China,CH,CH,,35.0,105.0,CH,3,"Houston, Texas, United States",US,USTX,TX201,29.7633,-95.3633,1380948,3,"Houston, Texas, United States",US,USTX,TX201,29.7633,-95.3633,1380948,20191019100000,Engage in diplomatic cooperation,Verbal cooperation
880832341,20191019,201910,CHNGOV,CHINESE,CHN,,,,,GOV,,,USA,THE US,USA,,,,,,,,1,040,040,04,1,1.0,6,1,6,1.94444444444445,1,China,CH,CH,,35.0,105.0,CH,1,China,CH,CH,,35.0,105.0,CH,1,China,CH,CH,,35.0,105.0,CH,20191019110000,Consult,Verbal cooperation
880833036,20191019,201910,USA,THE US,USA,,,,,,,,CHNGOV,CHINESE,CHN,,,,,GOV,,,1,040,040,04,1,1.0,6,1,6,1.94444444444445,1,China,CH,CH,,35.0,105.0,CH,1,China,CH,CH,,35.0,105.0,CH,1,China,CH,CH,,35.0,105.0,CH,20191019110000,Consult,Verbal cooperation
880837983,20191019,201910,CHN,CHINA,CHN,,,,,,,,USA,UNITED STATES,USA,,,,,,,,1,013,013,01,1,0.4,10,1,10,-0.169779286927,4,"Gao Feng, Sichuan, China",CH,CH32,13270,32.0105,104.019,10334640,4,"Gao Feng, Sichuan, China",CH,CH32,13270,32.0105,104.019,10334640,4,"Gao Feng, Sichuan, China",CH,CH32,13270,32.0105,104.019,10334640,20191019114500,Make public statement,Verbal cooperation
880841204,20191019,201910,CHN,CHINESE,CHN,,,,,,,,MNCUSAMED,GOOGLE,USA,,,,,MNC,MED,,1,051,051,05,1,3.4,10,1,10,0.22624434389141,1,United States,US,US,,39.828175,-98.5795,US,1,United States,US,US,,39.828175,-98.5795,US,1,United States,US,US,,39.828175,-98.5795,US,20191019121500,Engage in diplomatic cooperation,Verbal cooperation
880841542,20191019,201910,MNCUSAMED,GOOGLE,USA,,,,,MNC,MED,,CHN,CHINESE,CHN,,,,,,,,1,020,020,02,1,3.0,10,1,10,0.22624434389141,1,China,CH,CH,,35.0,105.0,CH,1,China,CH,CH,,35.0,105.0,CH,1,China,CH,CH,,35.0,105.0,CH,20191019121500,Appeal,Verbal cooperation
880843085,20191019,201910,CHN,CHINA,CHN,,,,,,,,USAGOV,RICHARD NIXON,USA,,,,,GOV,,,1,043,043,04,1,2.8,10,1,10,1.63934426229509,1,China,CH,CH,,35.0,105.0,CH,1,China,CH,CH,,35.0,105.0,CH,1,China,CH,CH,,35.0,105.0,CH,20191019123000,Consult,Verbal cooperation
880844065,20191019,201910,USAGOV,RICHARD NIXON,USA,,,,,GOV,,,CHN,CHINA,CHN,,,,,,,,1,042,042,04,1,1.9,10,1,10,1.63934426229509,1,China,CH,CH,,35.0,105.0,CH,1,China,CH,CH,,35.0,105.0,CH,1,China,CH,CH,,35.0,105.0,CH,20191019123000,Consult,Verbal cooperation
880854535,20191019,201910,USAAGR,OHIO,USA,,,,,AGR,,,CHN,CHINA,CHN,,,,,,,,1,060,060,06,2,6.0,6,1,6,-1.81543116490167,2,"Ohio, United States",US,USOH,,40.3736,-82.7755,OH,2,"Ohio, United States",US,USOH,,40.3736,-82.7755,OH,2,"Ohio, United States",US,USOH,,40.3736,-82.7755,OH,20191019140000,Engage in material cooperation,Material cooperation
880861643,20191019,201910,USA,WASHINGTON,USA,,,,,,,,CHN,CHINA,CHN,,,,,,,,1,090,090,09,2,-2.0,10,1,10,-3.82775119617225,1,China,CH,CH,,35.0,105.0,CH,1,China,CH,CH,,35.0,105.0,CH,1,China,CH,CH,,35.0,105.0,CH,20191019150000,Investigate,Material cooperation
880870884,20191012,201910,USA,UNITED STATES,USA,,,,,,,,CHN,CHINA,CHN,,,,,,,,1,013,013,01,1,0.4,12,1,12,-2.73972602739726,1,United States,US,US,,39.828175,-98.5795,US,1,United States,US,US,,39.828175,-98.5795,US,1,United States,US,US,,39.828175,-98.5795,US,20191019163000,Make public statement,Verbal cooperation
880872520,20191012,201910,CHN,CHINA,CHN,,,,,,,,USA,UNITED STATES,USA,,,,,,,,1,013,013,01,1,0.4,10,5,10,-2.37580993520519,3,"World Bank, District of Columbia, United States",US,USDC,DC001,38.899,-77.0422,2002658,3,"World Bank, District of Columbia, United States",US,USDC,,38.899,-77.0422,2002658,3,"World Bank, District of Columbia, United States",US,USDC,,38.899,-77.0422,2002658,20191019164500,Make public statement,Verbal cooperation
880872521,20191012,201910,CHN,CHINA,CHN,,,,,,,,USA,UNITED STATES,USA,,,,,,,,1,013,013,01,1,0.4,10,5,10,-2.37580993520519,3,"World Bank, District of Columbia, United States",US,USDC,DC001,38.899,-77.0422,2002658,1,China,CH,CH,,35.0,105.0,CH,3,"World Bank, District of Columbia, United States",US,USDC,,38.899,-77.0422,2002658,20191019164500,Make public statement,Verbal cooperation
880872522,20191012,201910,USA,UNITED STATES,USA,,,,,,,,CHN,CHINA,CHN,,,,,,,,1,013,013,01,1,0.4,30,5,30,-2.37580993520519,3,"World Bank, District of Columbia, United States",US,USDC,DC001,38.899,-77.0422,2002658,3,"World Bank, District of Columbia, United States",US,USDC,,38.899,-77.0422,2002658,3,"World Bank, District of Columbia, United States",US,USDC,,38.899,-77.0422,2002658,20191019164500,Make public statement,Verbal cooperation
880873124,20191019,201910,MNCUSAMED,MOTOROLA,USA,,,,,MNC,MED,,CHN,CHINA,CHN,,,,,,,,1,035,035,03,1,7.0,8,1,8,1.1185682326622,4,"Xiaomi, Fujian, China",CH,CH07,13163,25.2225,116.057,10999868,4,"Xiaomi, Fujian, China",CH,CH07,13163,25.2225,116.057,10999868,4,"Xiaomi, Fujian, China",CH,CH07,13163,25.2225,116.057,10999868,20191019164500,Express intent to cooperate,Verbal cooperation
880875062,20191019,201910,USA,WASHINGTON,USA,,,,,,,,CHN,CHINESE,CHN,,,,,,,,1,173,173,17,4,-5.0,24,3,24,-4.06626506024096,3,"Washington, District of Columbia, United States",US,USDC,DC001,38.8951,-77.0364,531871,1,China,CH,CH,,35.0,105.0,CH,1,China,CH,CH,,35.0,105.0,CH,20191019170000,Coerce,Material conflict
880880344,20191019,201910,USA,WASHINGTON,USA,,,,,,,,CHN,CHINESE,CHN,,,,,,,,1,173,173,17,4,-5.0,10,1,10,-3.6231884057971,2,"New York, United States",US,USNY,,42.1497,-74.9384,NY,2,"New York, United States",US,USNY,,42.1497,-74.9384,NY,2,"New York, United States",US,USNY,,42.1497,-74.9384,NY,20191019174500,Coerce,Material conflict
880885022,20191019,201910,CHN,CHINA,CHN,,,,,,,,USA,NEW YORK,USA,,,,,,,,1,071,071,07,2,7.4,10,1,10,-4.1304347826087,2,"New York, United States",US,USNY,,42.1497,-74.9384,NY,2,"New York, United States",US,USNY,,42.1497,-74.9384,NY,2,"New York, United States",US,USNY,,42.1497,-74.9384,NY,20191019183000,Provide aid,Material cooperation
880887430,20191019,201910,CHN,CHINA,CHN,,,,,,,,USA,HOUSTON,USA,,,,,,,,1,051,051,05,1,3.4,8,1,8,-1.28700128700129,4,"Shanghai, Shanghai, China",CH,CH23,13243,31.2222,121.458,-1924465,3,"Houston, Texas, United States",US,USTX,TX201,29.7633,-95.3633,1380948,2,"New York, United States",US,USNY,,42.1497,-74.9384,NY,20191019190000,Engage in diplomatic cooperation,Verbal cooperation
880892429,20191019,201910,USA,TEXAS,USA,,,,,,,,CHN,CANTON,CHN,,,,,,,,1,193,193,19,4,-10.0,8,1,8,-6.78571428571428,3,"Dallas, Texas, United States",US,USTX,TX113,32.7831,-96.8067,1380944,3,"Dallas, Texas, United States",US,USTX,TX113,32.7831,-96.8067,1380944,3,"Dallas, Texas, United States",US,USTX,TX113,32.7831,-96.8067,1380944,20191019194500,Fight,Material conflict
880912950,20191020,201910,CHN,CHINA,CHN,,,,,,,,USA,UNITED STATES,USA,,,,,,,,1,050,050,05,1,3.5,10,1,10,1.41843971631206,3,"Washington, District of Columbia, United States",US,USDC,DC001,38.8951,-77.0364,531871,3,"Washington, District of Columbia, United States",US,USDC,DC001,38.8951,-77.0364,531871,3,"Washington, District of Columbia, United States",US,USDC,DC001,38.8951,-77.0364,531871,20191020000000,Engage in diplomatic cooperation,Verbal cooperation
880914407,20191020,201910,USA,UNITED STATES,USA,,,,,,,,CHN,CHINA,CHN,,,,,,,,1,050,050,05,1,3.5,8,1,8,1.41843971631206,3,"Washington, District of Columbia, United States",US,USDC,DC001,38.8951,-77.0364,531871,4,"Beijing, Beijing, China",CH,CH22,13001,39.9289,116.388,-1898541,4,"Beijing, Beijing, China",CH,CH22,13001,39.9289,116.388,-1898541,20191020000000,Engage in diplomatic cooperation,Verbal cooperation
880914575,20191020,201910,USABUS,AMERICAN,USA,,,,,BUS,,,CHN,CHINESE,CHN,,,,,,,,1,071,071,07,2,7.4,6,1,6,-7.45098039215686,1,United States,US,US,,39.828175,-98.5795,US,1,United States,US,US,,39.828175,-98.5795,US,1,United States,US,US,,39.828175,-98.5795,US,20191020000000,Provide aid,Material cooperation
880922567,20191020,201910,USA,AMERICAN,USA,,,,,,,,CHN,CHINA,CHN,,,,,,,,1,071,071,07,2,7.4,8,1,8,-0.21186440677966,4,"Tiananmen Square, Beijing, China",CH,CH22,13001,39.9044,116.391,9244097,4,"Tiananmen Square, Beijing, China",CH,CH22,13001,39.9044,116.391,9244097,4,"Tiananmen Square, Beijing, China",CH,CH22,13001,39.9044,116.391,9244097,20191020010000,Provide aid,Material cooperation
880929445,20191020,201910,CHN,CANTON,CHN,,,,,,,,USA,AUSTIN,USA,,,,,,,,1,040,040,04,1,1.0,10,1,10,-1.92864030858245,1,China,CH,CH,,35.0,105.0,CH,1,China,CH,CH,,35.0,105.0,CH,1,China,CH,CH,,35.0,105.0,CH,20191020021500,Consult,Verbal cooperation
880930050,20191020,201910,USA,AUSTIN,USA,,,,,,,,CHN,CANTON,CHN,,,,,,,,1,040,040,04,1,1.0,10,1,10,-1.92864030858245,1,China,CH,CH,,35.0,105.0,CH,1,China,CH,CH,,35.0,105.0,CH,1,China,CH,CH,,35.0,105.0,CH,20191020021500,Consult,Verbal cooperation
880934969,20191020,201910,CHN,CANTON,CHN,,,,,,,,USA,WASHINGTON,USA,,,,,,,,1,036,036,03,1,4.0,7,1,7,2.31729055258467,2,"Washington, United States",US,USWA,,47.3917,-121.571,WA,2,"Washington, United States",US,USWA,,47.3917,-121.571,WA,2,"Washington, United States",US,USWA,,47.3917,-121.571,WA,20191020031500,Express intent to cooperate,Verbal cooperation
880935392,20191020,201910,USA,WASHINGTON,USA,,,,,,,,CHN,CANTON,CHN,,,,,,,,1,036,036,03,1,4.0,7,1,7,2.31729055258467,2,"Washington, United States",US,USWA,,47.3917,-121.571,WA,2,"Washington, United States",US,USWA,,47.3917,-121.571,WA,2,"Washington, United States",US,USWA,,47.3917,-121.571,WA,20191020031500,Express intent to cooperate,Verbal cooperation
880935394,20191020,201910,USA,WASHINGTON,USA,,,,,,,,CHN,CANTON,CHN,,,,,,,,1,051,051,05,1,3.4,7,1,7,2.31729055258467,2,"Washington, United States",US,USWA,,47.3917,-121.571,WA,2,"Washington, United States",US,USWA,,47.3917,-121.571,WA,2,"Washington, United States",US,USWA,,47.3917,-121.571,WA,20191020031500,Engage in diplomatic cooperation,Verbal cooperation
880938726,20191020,201910,CHN,CHINA,CHN,,,,,,,,USA,UNITED STATES,USA,,,,,,,,1,061,061,06,2,6.4,6,1,6,-1.12044817927171,3,"Washington, District of Columbia, United States",US,USDC,DC001,38.8951,-77.0364,531871,3,"Washington, District of Columbia, United States",US,USDC,DC001,38.8951,-77.0364,531871,3,"Washington, District of Columbia, United States",US,USDC,DC001,38.8951,-77.0364,531871,20191020040000,Engage in material cooperation,Material cooperation
880943428,20191020,201910,CHN,BEIJING,CHN,,,,,,,,USA,WASHINGTON,USA,,,,,,,,1,040,040,04,1,1.0,6,1,6,-7.39130434782609,4,"Beijing, Beijing, China",CH,CH22,13001,39.9289,116.388,-1898541,3,"Washington, District of Columbia, United States",US,USDC,DC001,38.8951,-77.0364,531871,4,"Beijing, Beijing, China",CH,CH22,13001,39.9289,116.388,-1898541,20191020044500,Consult,Verbal cooperation
880944047,20191020,201910,USA,WASHINGTON,USA,,,,,,,,CHN,BEIJING,CHN,,,,,,,,1,040,040,04,1,1.0,10,1,10,-7.39130434782609,4,"Beijing, Beijing, China",CH,CH22,13001,39.9289,116.388,-1898541,4,"Beijing, Beijing, China",CH,CH22,13001,39.9289,116.388,-1898541,4,"Beijing, Beijing, China",CH,CH22,13001,39.9289,116.388,-1898541,20191020044500,Consult,Verbal cooperation
880956533,20191020,201910,CHN,CHINESE,CHN,,,,,,,,USA,AMERICAN,USA,,,,,,,,1,020,020,02,1,3.0,10,1,10,-1.5748031496063,4,"Beijing, Beijing, China",CH,CH22,13001,39.9289,116.388,-1898541,4,"Beijing, Beijing, China",CH,CH22,13001,39.9289,116.388,-1898541,4,"Beijing, Beijing, China",CH,CH22,13001,39.9289,116.388,-1898541,20191020071500,Appeal,Verbal cooperation
880957179,20191020,201910,USAGOV,AMERICAN,USA,,,,,GOV,,,CHN,CHINESE,CHN,,,,,,,,1,020,020,02,1,3.0,7,1,7,-1.5748031496063,1,United States,US,US,,39.828175,-98.5795,US,4,"Beijing, Beijing, China",CH,CH22,13001,39.9289,116.388,-1898541,4,"Beijing, Beijing, China",CH,CH22,13001,39.9289,116.388,-1898541,20191020071500,Appeal,Verbal cooperation
880960353,20191020,201910,USAMED,REUTERS,USA,,,,,MED,,,CHN,CHINESE,CHN,,,,,,,,1,040,040,04,1,1.0,10,1,10,-2.14007782101168,1,United Kingdom,UK,UK,,54.0,-4.0,UK,4,"Zhaoqing, Guangdong, China",CH,CH30,13048,23.0512,112.46,-1938581,4,"Zhaoqing, Guangdong, China",CH,CH30,13048,23.0512,112.46,-1938581,20191020074500,Consult,Verbal cooperation
880963278,20191020,201910,CHNGOV,CHINESE,CHN,,,,,GOV,,,USA,UNITED STATES,USA,,,,,,,,1,042,042,04,1,1.9,8,1,8,2.05252037428312,4,"Hefei, Anhui, China",CH,CH01,12998,31.8639,117.281,-1908634,4,"Hefei, Anhui, China",CH,CH01,12998,31.8639,117.281,-1908634,4,"Hefei, Anhui, China",CH,CH01,12998,31.8639,117.281,-1908634,20191020081500,Consult,Verbal cooperation
880963776,20191020,201910,USA,UNITED STATES,USA,,,,,,,,CHNGOV,CHINESE,CHN,,,,,GOV,,,1,043,043,04,1,2.8,8,1,8,2.05252037428312,2,"California, United States",US,USCA,,36.17,-119.746,CA,4,"Shandong, Jiangsu, China",CH,CH04,13151,32.9793,118.852,11415469,4,"Shandong, Jiangsu, China",CH,CH04,13151,32.9793,118.852,11415469,20191020081500,Consult,Verbal cooperation
880970690,20191020,201910,CHN,CHINA,CHN,,,,,,,,USA,UNITED STATES,USA,,,,,,,,1,030,030,03,1,4.0,6,1,6,-2.68378063010502,4,"Beijing, Beijing, China",CH,CH22,13001,39.9289,116.388,-1898541,3,"White House, District of Columbia, United States",US,USDC,,38.8951,-77.0364,531871,4,"Beijing, Beijing, China",CH,CH22,13001,39.9289,116.388,-1898541,20191020093000,Express intent to cooperate,Verbal cooperation
880971276,20191020,201910,USA,UNITED STATES,USA,,,,,,,,CHN,CHINA,CHN,,,,,,,,1,030,030,03,1,4.0,6,1,6,-2.68378063010502,3,"White House, District of Columbia, United States",US,USDC,,38.8951,-77.0364,531871,4,"Beijing, Beijing, China",CH,CH22,13001,39.9289,116.388,-1898541,4,"Beijing, Beijing, China",CH,CH22,13001,39.9289,116.388,-1898541,20191020093000,Express intent to cooperate,Verbal cooperation
880973003,20191020,201910,USA,THE US,USA,,,,,,,,CHNMIL,CHINA,CHN,,,,,MIL,,,1,051,051,05,1,3.4,6,1,6,-2.99727520435968,4,"South China Sea, Brunei (general), Brunei",BX,BX00,,15.0,115.0,-1337919,4,"Beijing, Beijing, China",CH,CH22,13001,39.9289,116.388,-1898541,4,"South China Sea, Brunei (general), Brunei",BX,BX00,,15.0,115.0,-1337919,20191020094500,Engage in diplomatic cooperation,Verbal cooperation
880977914,20191020,201910,USA,THE US,USA,,,,,,,,CHN,CHINA,CHN,,,,,,,,1,191,191,19,4,-9.5,8,1,8,-3.97350993377483,4,"Moscow, Moskva, Russia",RS,RS48,25106,55.7522,37.6156,-2960561,4,"Moscow, Moskva, Russia",RS,RS48,25106,55.7522,37.6156,-2960561,4,"Moscow, Moskva, Russia",RS,RS48,25106,55.7522,37.6156,-2960561,20191020103000,Fight,Material conflict
880982296,20191020,201910,MNCUSA,ISHARES,USA,,,,,MNC,,,CHN,CHINA,CHN,,,,,,,,1,010,010,01,1,0.0,10,1,10,1.61290322580645,1,China,CH,CH,,35.0,105.0,CH,1,China,CH,CH,,35.0,105.0,CH,1,China,CH,CH,,35.0,105.0,CH,20191020111500,Make public statement,Verbal cooperation
880988519,20191020,201910,CHN,CHINESE,CHN,,,,,,,,USA,LAWRENCE,USA,,,,,,,,1,043,043,04,1,2.8,8,1,8,2.24719101123596,1,China,CH,CH,,35.0,105.0,CH,3,"Phoenix, Arizona, United States",US,USAZ,AZ013,33.4484,-112.074,44784,3,"Phoenix, Arizona, United States",US,USAZ,AZ013,33.4484,-112.074,44784,20191020121500,Consult,Verbal cooperation
880988955,20191020,201910,USA,LAWRENCE,USA,,,,,,,,CHN,CHINESE,CHN,,,,,,,,1,042,042,04,1,1.9,6,1,6,2.24719101123596,2,"New York, United States",US,USNY,,42.1497,-74.9384,NY,2,"New York, United States",US,USNY,,42.1497,-74.9384,NY,2,"New York, United States",US,USNY,,42.1497,-74.9384,NY,20191020121500,Consult,Verbal cooperation
880989678,20181020,201810,CHN,CHINA,CHN,,,,,,,,USAMEDBUS,REUTERS,USA,,,,,MED,BUS,,1,035,035,03,1,7.0,8,1,8,0.0,4,"Xiaomi, Fujian, China",CH,CH07,13163,25.2225,116.057,10999868,4,"Wuzhen, Hubei, China",CH,CH12,13129,31.6836,112.004,-1931252,4,"Xiaomi, Fujian, China",CH,CH07,13163,25.2225,116.057,10999868,20191020123000,Express intent to cooperate,Verbal cooperation
880993358,20191020,201910,CHN,CHINA,CHN,,,,,,,,USA,THE US,USA,,,,,,,,1,057,057,05,1,8.0,10,1,10,1.26023944549464,1,China,CH,CH,,35.0,105.0,CH,1,China,CH,CH,,35.0,105.0,CH,1,China,CH,CH,,35.0,105.0,CH,20191020130000,Engage in diplomatic cooperation,Verbal cooperation
880993997,20191020,201910,USA,THE US,USA,,,,,,,,CHN,CHINA,CHN,,,,,,,,1,057,057,05,1,8.0,10,1,10,1.26023944549464,2,"New York, United States",US,USNY,,42.1497,-74.9384,NY,2,"New York, United States",US,USNY,,42.1497,-74.9384,NY,2,"New York, United States",US,USNY,,42.1497,-74.9384,NY,20191020130000,Engage in diplomatic cooperation,Verbal cooperation
881005221,20191020,201910,CHN,CHINA,CHN,,,,,,,,USA,AMERICAN,USA,,,,,,,,1,042,042,04,1,1.9,10,1,10,-2.17391304347826,1,China,CH,CH,,35.0,105.0,CH,1,United States,US,US,,39.828175,-98.5795,US,1,China,CH,CH,,35.0,105.0,CH,20191020144500,Consult,Verbal cooperation
881017076,20191020,201910,CHN,CHINA,CHN,,,,,,,,USA,AMERICAN,USA,,,,,,,,1,046,046,04,1,7.0,10,1,10,0.0,1,China,CH,CH,,35.0,105.0,CH,1,United States,US,US,,39.828175,-98.5795,US,1,United States,US,US,,39.828175,-98.5795,US,20191020163000,Consult,Verbal cooperation
881017926,20191020,201910,USA,AMERICAN,USA,,,,,,,,CHN,CHINA,CHN,,,,,,,,1,046,046,04,1,7.0,10,1,10,0.0,1,China,CH,CH,,35.0,105.0,CH,1,China,CH,CH,,35.0,105.0,CH,1,China,CH,CH,,35.0,105.0,CH,20191020163000,Consult,Verbal cooperation
881018904,20191020,201910,USA,UNITED STATES,USA,,,,,,,,CHN,CHINA,CHN,,,,,,,,1,070,070,07,2,7.0,8,1,8,-3.03571428571428,4,"Beijing, Beijing, China",CH,CH22,13001,39.9289,116.388,-1898541,4,"Beijing, Beijing, China",CH,CH22,13001,39.9289,116.388,-1898541,4,"Beijing, Beijing, China",CH,CH22,13001,39.9289,116.388,-1898541,20191020164500,Provide aid,Material cooperation
881029993,20191020,201910,USA,UNITED STATES,USA,,,,,,,,CHN,CHINA,CHN,,,,,,,,1,046,046,04,1,7.0,8,1,8,-2.51256281407035,1,United States,US,US,,39.828175,-98.5795,US,1,China,CH,CH,,35.0,105.0,CH,1,United States,US,US,,39.828175,-98.5795,US,20191020184500,Consult,Verbal cooperation
881030935,20191020,201910,CHN,CHINA,CHN,,,,,,,,USA,THE US,USA,,,,,,,,1,061,061,06,2,6.4,6,1,6,0.37878787878788,1,Singapore,SN,SN,,1.366667,103.8,SN,1,Singapore,SN,SN,,1.366667,103.8,SN,1,Singapore,SN,SN,,1.366667,103.8,SN,20191020190000,Engage in material cooperation,Material cooperation
881032458,20191020,201910,CHN,CHENGDU,CHN,,,,,,,,USA,WASHINGTON,USA,,,,,,,,1,042,042,04,1,1.9,15,2,15,2.84360317255054,4,"Mei Xing, Sichuan, China",CH,CH32,13271,31.0011,102.364,-1918439,4,"Mei Xing, Sichuan, China",CH,CH32,13271,31.0011,102.364,-1918439,4,"Mei Xing, Sichuan, China",CH,CH32,13271,31.0011,102.364,-1918439,20191020191500,Consult,Verbal cooperation
881045813,20191020,201910,USA,CHICAGO,USA,,,,,,,,CHNOPP,TIBET,CHN,,,,,OPP,,,1,051,051,05,1,3.4,10,1,10,-5.32544378698225,3,"Chicago, Illinois, United States",US,USIL,IL031,41.85,-87.6501,423587,3,"Chicago, Illinois, United States",US,USIL,IL031,41.85,-87.6501,423587,3,"Chicago, Illinois, United States",US,USIL,IL031,41.85,-87.6501,423587,20191020213000,Engage in diplomatic cooperation,Verbal cooperation
881045814,20191020,201910,USA,CHICAGO,USA,,,,,,,,CHNOPP,TIBET,CHN,,,,,OPP,,,1,141,141,14,3,-6.5,10,1,10,-5.32544378698225,3,"Chicago, Illinois, United States",US,USIL,IL031,41.85,-87.6501,423587,3,"Chicago, Illinois, United States",US,USIL,IL031,41.85,-87.6501,423587,3,"Chicago, Illinois, United States",US,USIL,IL031,41.85,-87.6501,423587,20191020213000,Protest,Verbal conflict
881051789,20191020,201910,CHN,CHINA,CHN,,,,,,,,USA,UNITED STATES,USA,,,,,,,,1,013,013,01,1,0.4,10,1,10,-1.36054421768707,4,"Nanchang, Jiangxi, China",CH,CH03,13164,28.55,115.933,-1914863,3,"Washington, District of Columbia, United States",US,USDC,DC001,38.8951,-77.0364,531871,4,"Nanchang, Jiangxi, China",CH,CH03,13164,28.55,115.933,-1914863,20191020224500,Make public statement,Verbal cooperation
881053399,20191020,201910,USA,NEW YORK,USA,,,,,,,,CHN,CHINA,CHN,,,,,,,,1,017,017,01,1,0.0,8,1,8,-4.02449693788277,4,"Beijing, Beijing, China",CH,CH22,13001,39.9289,116.388,-1898541,1,Australia,AS,AS,,-25.0,135.0,AS,1,Australia,AS,AS,,-25.0,135.0,AS,20191020230000,Make public statement,Verbal cooperation
881053402,20191020,201910,USA,THE US,USA,,,,,,,,CHN,CHINA,CHN,,,,,,,,1,112,112,11,3,-2.0,10,1,10,-4.98960498960499,4,"Xinjiang, Jiangxi, China",CH,CH03,13167,27.7481,116.274,11065838,4,"Xinjiang, Jiangxi, China",CH,CH03,13167,27.7481,116.274,11065838,4,"Xinjiang, Jiangxi, China",CH,CH03,13167,27.7481,116.274,11065838,20191020230000,Disapprove,Verbal conflict
881053405,20191020,201910,USA,UNITED STATES,USA,,,,,,,,CHN,CHINA,CHN,,,,,,,,1,190,190,19,4,-10.0,6,1,6,-5.76923076923077,1,China,CH,CH,,35.0,105.0,CH,1,China,CH,CH,,35.0,105.0,CH,1,China,CH,CH,,35.0,105.0,CH,20191020230000,Fight,Material conflict
881055184,20191020,201910,CHN,CHINESE,CHN,,,,,,,,USABUS,HOUSTON,USA,,,,,BUS,,,1,033,033,03,1,5.2,6,1,6,0.0,4,"Incheon, Inch'on-gwangyoksi, South Korea",KS,KS12,24980,37.4536,126.732,-708814,4,"Incheon, Inch'on-gwangyoksi, South Korea",KS,KS12,24980,37.4536,126.732,-708814,4,"Incheon, Inch'on-gwangyoksi, South Korea",KS,KS12,24980,37.4536,126.732,-708814,20191020233000,Express intent to cooperate,Verbal cooperation
881061582,20191021,201910,USA,UTAH,USA,,,,,,,,CHN,CHINA,CHN,,,,,,,,1,0214,021,02,1,3.4,6,1,6,-2.38663484486873,1,Ukraine,UP,UP,,49.0,32.0,UP,1,China,CH,CH,,35.0,105.0,CH,1,Ukraine,UP,UP,,49.0,32.0,UP,20191021001500,Appeal,Verbal cooperation
881061588,20191021,201910,USA,WASHINGTON,USA,,,,,,,,CHN,CHENGDU,CHN,,,,,,,,1,043,043,04,1,2.8,6,1,6,2.81690140845071,3,"Washington, District of Columbia, United States",US,USDC,DC001,38.8951,-77.0364,531871,4,"Chengdu, Sichuan, China",CH,CH32,13270,30.6667,104.067,-1900349,3,"Washington, District of Columbia, United States",US,USDC,DC001,38.8951,-77.0364,531871,20191021001500,Consult,Verbal cooperation
881063221,20181021,201810,CHN,CHINA,CHN,,,,,,,,USA,UNITED STATES,USA,,,,,,,,1,172,172,17,4,-5.0,10,1,10,-0.293255131964809,1,United States,US,US,,39.828175,-98.5795,US,1,United States,US,US,,39.828175,-98.5795,US,1,United States,US,US,,39.828175,-98.5795,US,20191021003000,Coerce,Material conflict
881067560,20191021,201910,CHN,CHINA,CHN,,,,,,,,MNCUSAGOV,APPLE INC,USA,,,,,MNC,GOV,,1,046,046,04,1,7.0,6,1,6,-1.49253731343284,4,"Beijing, Beijing, China",CH,CH22,13001,39.9289,116.388,-1898541,4,"Beijing, Beijing, China",CH,CH22,13001,39.9289,116.388,-1898541,4,"Beijing, Beijing, China",CH,CH22,13001,39.9289,116.388,-1898541,20191021010000,Consult,Verbal cooperation
881068146,20191021,201910,MNCUSAGOV,APPLE INC,USA,,,,,MNC,GOV,,CHN,CHINA,CHN,,,,,,,,1,046,046,04,1,7.0,6,1,6,-1.49253731343284,4,"Wuzhen, Hubei, China",CH,CH12,13129,31.6836,112.004,-1931252,4,"Wuzhen, Hubei, China",CH,CH12,13129,31.6836,112.004,-1931252,4,"Wuzhen, Hubei, China",CH,CH12,13129,31.6836,112.004,-1931252,20191021010000,Consult,Verbal cooperation
881077336,20181021,201810,CHN,CHINA,CHN,,,,,,,,MNCUSA,MORGAN STANLEY,USA,,,,,MNC,,,1,061,061,06,2,6.4,8,1,8,-0.69524913093858,4,"Nantong, Jiangsu, China",CH,CH04,13149,32.0898,121.074,-1912682,4,"Nantong, Jiangsu, China",CH,CH04,13149,32.0898,121.074,-1912682,4,"Nantong, Jiangsu, China",CH,CH04,13149,32.0898,121.074,-1912682,20191021023000,Engage in material cooperation,Material cooperation
881082016,20191021,201910,USA,UNITED STATES,USA,,,,,,,,CHN,CHINESE,CHN,,,,,,,,1,130,130,13,3,-4.4,8,1,8,-3.09178743961353,4,"Xiaoxing, Jiangsu, China",CH,CH04,13237,34.6099,119.105,11265706,4,"Xiaoxing, Jiangsu, China",CH,CH04,13237,34.6099,119.105,11265706,4,"Xiaoxing, Jiangsu, China",CH,CH04,13237,34.6099,119.105,11265706,20191021030000,Threaten,Verbal conflict
881086696,20191021,201910,CHN,CHINA,CHN,,,,,,,,USA,THE US,USA,,,,,,,,1,120,120,12,3,-4.0,8,1,8,-5.28846153846154,4,"Beijing, Beijing, China",CH,CH22,13001,39.9289,116.388,-1898541,4,"Beijing, Beijing, China",CH,CH22,13001,39.9289,116.388,-1898541,4,"Beijing, Beijing, China",CH,CH22,13001,39.9289,116.388,-1898541,20191021034500,Reject,Verbal conflict
881087269,20191021,201910,USA,THE US,USA,,,,,,,,CHN,CHINA,CHN,,,,,,,,1,013,013,01,1,0.4,6,1,6,-5.28846153846154,4,"Moscow, Moskva, Russia",RS,RS48,25106,55.7522,37.6156,-2960561,4,"Xiangshan, Guangdong, China",CH,CH30,13046,23.6326,116.733,10074537,4,"Moscow, Moskva, Russia",RS,RS48,25106,55.7522,37.6156,-2960561,20191021034500,Make public statement,Verbal cooperation
881087271,20191021,201910,USA,THE US,USA,,,,,,,,CHN,CHINA,CHN,,,,,,,,1,161,161,16,4,-4.0,8,1,8,-5.28846153846154,4,"Moscow, Moskva, Russia",RS,RS48,25106,55.7522,37.6156,-2960561,4,"Xiangshan, Guangdong, China",CH,CH30,13046,23.6326,116.733,10074537,4,"Xiangshan, Guangdong, China",CH,CH30,13046,23.6326,116.733,10074537,20191021034500,Reduce relations,Material conflict
881088976,20191021,201910,USAMED,REUTERS,USA,,,,,MED,,,CHN,SHANGHAI,CHN,,,,,,,,1,043,043,04,1,2.8,7,1,7,1.72910662824207,4,"Shanghai, Shanghai, China",CH,CH23,13243,31.2222,121.458,-1924465,4,"Shanghai, Shanghai, China",CH,CH23,13243,31.2222,121.458,-1924465,4,"Shanghai, Shanghai, China",CH,CH23,13243,31.2222,121.458,-1924465,20191021040000,Consult,Verbal cooperation
881094127,20191021,201910,USA,WASHINGTON,USA,,,,,,,,CHN,CHINA,CHN,,,,,,,,1,161,161,16,4,-4.0,10,1,10,-2.2140221402214,4,"Xiangshan, Guangdong, China",CH,CH30,13046,23.6326,116.733,10074537,4,"Xiangshan, Guangdong, China",CH,CH30,13046,23.6326,116.733,10074537,4,"Xiangshan, Guangdong, China",CH,CH30,13046,23.6326,116.733,10074537,20191021044500,Reduce relations,Material conflict
881094129,20191021,201910,USA,AMERICAN,USA,,,,,,,,CHN,CHINESE,CHN,,,,,,,,1,173,173,17,4,-5.0,7,1,7,-4.85327313769751,1,Iran,IR,IR,,32.0,53.0,IR,1,Iran,IR,IR,,32.0,53.0,IR,1,Iran,IR,IR,,32.0,53.0,IR,20191021044500,Coerce,Material conflict
881094237,20191021,201910,USAMIL,THE US,USA,,,,,MIL,,,CHN,CHINA,CHN,,,,,,,,1,014,014,01,1,0.0,8,1,8,-1.19047619047619,4,"Kuala Lumpur, Kuala Lumpur, Malaysia",MY,MY14,18585,3.16667,101.7,-2403010,4,"Kuala Lumpur, Kuala Lumpur, Malaysia",MY,MY14,18585,3.16667,101.7,-2403010,4,"Kuala Lumpur, Kuala Lumpur, Malaysia",MY,MY14,18585,3.16667,101.7,-2403010,20191021044500,Make public statement,Verbal cooperation
881095320,20191021,201910,CHN,CHINESE,CHN,,,,,,,,USA,UNITED STATES,USA,,,,,,,,1,010,010,01,1,0.0,8,1,8,-3.10650887573965,4,"Xiaomi, Fujian, China",CH,CH07,13163,25.2225,116.057,10999868,1,United States,US,US,,39.828175,-98.5795,US,1,United States,US,US,,39.828175,-98.5795,US,20191021050000,Make public statement,Verbal cooperation
881095321,20191021,201910,CHN,CHINESE,CHN,,,,,,,,USA,UNITED STATES,USA,,,,,,,,1,012,012,01,1,-0.4,10,1,10,-3.10650887573965,1,United Kingdom,UK,UK,,54.0,-4.0,UK,1,United Kingdom,UK,UK,,54.0,-4.0,UK,1,United Kingdom,UK,UK,,54.0,-4.0,UK,20191021050000,Make public statement,Verbal cooperation
881095323,20191021,201910,CHN,CHINESE,CHN,,,,,,,,USA,UNITED STATES,USA,,,,,,,,1,013,013,01,1,0.4,8,1,8,-3.10650887573965,4,"Xiaomi, Fujian, China",CH,CH07,13163,25.2225,116.057,10999868,1,United States,US,US,,39.828175,-98.5795,US,4,"Xiaomi, Fujian, China",CH,CH07,13163,25.2225,116.057,10999868,20191021050000,Make public statement,Verbal cooperation
881097144,20191021,201910,CHN,CHINESE,CHN,,,,,,,,USA,UNITED STATES,USA,,,,,,,,1,010,010,01,1,0.0,6,3,6,-1.19760479041916,1,China,CH,CH,,35.0,105.0,CH,1,China,CH,CH,,35.0,105.0,CH,1,United States,US,US,,39.828175,-98.5795,US,20191021051500,Make public statement,Verbal cooperation
881097145,20191021,201910,CHN,CHINESE,CHN,,,,,,,,USA,UNITED STATES,USA,,,,,,,,1,010,010,01,1,0.0,24,3,24,-1.19760479041916,1,China,CH,CH,,35.0,105.0,CH,1,United States,US,US,,39.828175,-98.5795,US,1,United States,US,US,,39.828175,-98.5795,US,20191021051500,Make public statement,Verbal cooperation
881097146,20191021,201910,CHN,CHINESE,CHN,,,,,,,,USA,UNITED STATES,USA,,,,,,,,1,012,012,01,1,-0.4,6,3,6,-1.19760479041916,1,China,CH,CH,,35.0,105.0,CH,1,China,CH,CH,,35.0,105.0,CH,1,China,CH,CH,,35.0,105.0,CH,20191021051500,Make public statement,Verbal cooperation
881097147,20191021,201910,CHN,CHINESE,CHN,,,,,,,,USA,UNITED STATES,USA,,,,,,,,1,012,012,01,1,-0.4,24,3,24,-1.19760479041916,1,China,CH,CH,,35.0,105.0,CH,1,United States,US,US,,39.828175,-98.5795,US,1,China,CH,CH,,35.0,105.0,CH,20191021051500,Make public statement,Verbal cooperation
881097148,20191021,201910,CHN,CHINESE,CHN,,,,,,,,USA,UNITED STATES,USA,,,,,,,,1,013,013,01,1,0.4,6,3,6,-1.19760479041916,1,China,CH,CH,,35.0,105.0,CH,1,China,CH,CH,,35.0,105.0,CH,1,China,CH,CH,,35.0,105.0,CH,20191021051500,Make public statement,Verbal cooperation
881097149,20191021,201910,CHN,CHINESE,CHN,,,,,,,,USA,UNITED STATES,USA,,,,,,,,1,013,013,01,1,0.4,24,3,24,-1.19760479041916,1,China,CH,CH,,35.0,105.0,CH,1,United States,US,US,,39.828175,-98.5795,US,1,China,CH,CH,,35.0,105.0,CH,20191021051500,Make public statement,Verbal cooperation
881098699,20191021,201910,CHN,CHINESE,CHN,,,,,,,,USA,LOUISIANA,USA,,,,,,,,1,036,036,03,1,4.0,6,1,6,-1.68674698795181,1,China,CH,CH,,35.0,105.0,CH,2,"Louisiana, United States",US,USLA,,31.1801,-91.8749,LA,1,China,CH,CH,,35.0,105.0,CH,20191021053000,Express intent to cooperate,Verbal cooperation
881099385,20191021,201910,USA,LOUISIANA,USA,,,,,,,,CHN,CHINESE,CHN,,,,,,,,1,036,036,03,1,4.0,6,1,6,-1.68674698795181,2,"Louisiana, United States",US,USLA,,31.1801,-91.8749,LA,1,China,CH,CH,,35.0,105.0,CH,1,China,CH,CH,,35.0,105.0,CH,20191021053000,Express intent to cooperate,Verbal cooperation
881105486,20191021,201910,USA,UNITED STATES,USA,,,,,,,,CHN,CHINA,CHN,,,,,,,,1,1243,124,12,3,-4.0,8,1,8,-1.84049079754602,3,"Hollywood, California, United States",US,USCA,CA037,34.0983,-118.327,1660757,3,"Hollywood, California, United States",US,USCA,CA037,34.0983,-118.327,1660757,3,"Hollywood, California, United States",US,USCA,CA037,34.0983,-118.327,1660757,20191021061500,Reject,Verbal conflict
881105932,20191021,201910,CHN,CHINESE,CHN,,,,,,,,USA,AMERICAN,USA,,,,,,,,1,020,020,02,1,3.0,8,4,8,-2.05994668455495,3,"Washington, District of Columbia, United States",US,USDC,DC001,38.8951,-77.0364,531871,3,"Washington, District of Columbia, United States",US,USDC,DC001,38.8951,-77.0364,531871,3,"Washington, District of Columbia, United States",US,USDC,DC001,38.8951,-77.0364,531871,20191021063000,Appeal,Verbal cooperation
881105933,20191021,201910,CHN,CHINESE,CHN,,,,,,,,USA,AMERICAN,USA,,,,,,,,1,046,046,04,1,7.0,8,4,8,-2.05994668455495,4,"Beijing, Beijing, China",CH,CH22,13001,39.9289,116.388,-1898541,3,"Washington, District of Columbia, United States",US,USDC,DC001,38.8951,-77.0364,531871,3,"Washington, District of Columbia, United States",US,USDC,DC001,38.8951,-77.0364,531871,20191021063000,Consult,Verbal cooperation
881105935,20191021,201910,CHNGOV,CHINESE,CHN,,,,,GOV,,,USA,AMERICAN,USA,,,,,,,,1,020,020,02,1,3.0,24,4,24,-2.05994668455494,3,"Washington, District of Columbia, United States",US,USDC,DC001,38.8951,-77.0364,531871,3,"Washington, District of Columbia, United States",US,USDC,DC001,38.8951,-77.0364,531871,3,"Washington, District of Columbia, United States",US,USDC,DC001,38.8951,-77.0364,531871,20191021063000,Appeal,Verbal cooperation
881105936,20191021,201910,CHNGOV,CHINESE,CHN,,,,,GOV,,,USA,AMERICAN,USA,,,,,,,,1,046,046,04,1,7.0,24,4,24,-2.05994668455494,4,"Beijing, Beijing, China",CH,CH22,13001,39.9289,116.388,-1898541,3,"Washington, District of Columbia, United States",US,USDC,DC001,38.8951,-77.0364,531871,3,"Washington, District of Columbia, United States",US,USDC,DC001,38.8951,-77.0364,531871,20191021063000,Consult,Verbal cooperation
881105937,20191021,201910,CHNGOVMIL,BEIJING,CHN,,,,,GOV,MIL,,USA,THE US,USA,,,,,,,,1,112,112,11,3,-2.0,10,1,10,-6.06060606060606,4,"Beijing, Beijing, China",CH,CH22,13001,39.9289,116.388,-1898541,4,"Beijing, Beijing, China",CH,CH22,13001,39.9289,116.388,-1898541,4,"Beijing, Beijing, China",CH,CH22,13001,39.9289,116.388,-1898541,20191021063000,Disapprove,Verbal conflict
881105938,20191021,201910,CHNGOVMIL,BEIJING,CHN,,,,,GOV,MIL,,USA,THE US,USA,,,,,,,,1,114,114,11,3,-2.0,8,1,8,-6.06060606060606,4,"Beijing, Beijing, China",CH,CH22,13001,39.9289,116.388,-1898541,4,"Beijing, Beijing, China",CH,CH22,13001,39.9289,116.388,-1898541,4,"Beijing, Beijing, China",CH,CH22,13001,39.9289,116.388,-1898541,20191021063000,Disapprove,Verbal conflict
881106883,20191021,201910,USAMIL,A US,USA,,,,,MIL,,,CHN,BEIJING,CHN,,,,,,,,1,190,190,19,4,-10.0,10,1,10,-6.06060606060606,4,"Beijing, Beijing, China",CH,CH22,13001,39.9289,116.388,-1898541,4,"Beijing, Beijing, China",CH,CH22,13001,39.9289,116.388,-1898541,4,"Beijing, Beijing, China",CH,CH22,13001,39.9289,116.388,-1898541,20191021063000,Fight,Material conflict
881107932,20191021,201910,CHN,CHINA,CHN,,,,,,,,USA,UNITED STATES,USA,,,,,,,,1,110,110,11,3,-2.0,6,1,6,-1.1520737327189,4,"Beijing, Beijing, China",CH,CH22,13001,39.9289,116.388,-1898541,3,"Washington, District of Columbia, United States",US,USDC,DC001,38.8951,-77.0364,531871,4,"Beijing, Beijing, China",CH,CH22,13001,39.9289,116.388,-1898541,20191021064500,Disapprove,Verbal conflict
881107937,20191021,201910,CHNGOV,CHINESE,CHN,,,,,GOV,,,USA,AMERICAN,USA,,,,,,,,1,020,020,02,1,3.0,6,1,6,-1.98198198198198,4,"Qinghai, Guizhou, China",CH,CH18,13069,25.8083,106.075,-3836054,4,"Qinghai, Guizhou, China",CH,CH18,13069,25.8083,106.075,-3836054,4,"Qinghai, Guizhou, China",CH,CH18,13069,25.8083,106.075,-3836054,20191021064500,Appeal,Verbal cooperation
881110683,20191021,201910,USA,THE US,USA,,,,,,,,CHN,BEIJING,CHN,,,,,,,,1,013,013,01,1,0.4,8,1,8,-5.37190082644628,4,"Moscow, Moskva, Russia",RS,RS48,25106,55.7522,37.6156,-2960561,4,"Beijing, Beijing, China",CH,CH22,13001,39.9289,116.388,-1898541,4,"Moscow, Moskva, Russia",RS,RS48,25106,55.7522,37.6156,-2960561,20191021070000,Make public statement,Verbal cooperation
881110685,20191021,201910,USA,THE US,USA,,,,,,,,CHN,CHINA,CHN,,,,,,,,1,161,161,16,4,-4.0,10,1,10,-5.37190082644628,4,"Moscow, Moskva, Russia",RS,RS48,25106,55.7522,37.6156,-2960561,4,"Moscow, Moskva, Russia",RS,RS48,25106,55.7522,37.6156,-2960561,4,"Moscow, Moskva, Russia",RS,RS48,25106,55.7522,37.6156,-2960561,20191021070000,Reduce relations,Material conflict
881112097,20191021,201910,CHN,CHINA,CHN,,,,,,,,USA,UNITED STATES,USA,,,,,,,,1,013,013,01,1,0.4,10,1,10,-3.90804597701149,1,China,CH,CH,,35.0,105.0,CH,1,United States,US,US,,39.828175,-98.5795,US,1,United States,US,US,,39.828175,-98.5795,US,20191021071500,Make public statement,Verbal cooperation
881112098,20191021,201910,CHN,CHINA,CHN,,,,,,,,USA,THE US,USA,,,,,,,,1,046,046,04,1,7.0,10,1,10,-3.90804597701149,1,China,CH,CH,,35.0,105.0,CH,1,China,CH,CH,,35.0,105.0,CH,1,China,CH,CH,,35.0,105.0,CH,20191021071500,Consult,Verbal cooperation
881112924,20191021,201910,USA,THE US,USA,,,,,,,,CHN,CHINA,CHN,,,,,,,,1,046,046,04,1,7.0,10,1,10,-3.90804597701149,1,China,CH,CH,,35.0,105.0,CH,1,China,CH,CH,,35.0,105.0,CH,1,China,CH,CH,,35.0,105.0,CH,20191021071500,Consult,Verbal cooperation
881117550,20191021,201910,CHN,CHINA,CHN,,,,,,,,USA,THE US,USA,,,,,,,,1,160,160,16,4,-4.0,10,1,10,3.97350993377483,1,United States,US,US,,39.828175,-98.5795,US,1,United States,US,US,,39.828175,-98.5795,US,1,United States,US,US,,39.828175,-98.5795,US,20191021074500,Reduce relations,Material conflict
881119893,20191021,201910,USA,NEW YORK,USA,,,,,,,,CHN,BEIJING,CHN,,,,,,,,1,014,014,01,1,0.0,6,1,6,-2.57575757575757,2,"New York, United States",US,USNY,,42.1497,-74.9384,NY,4,"Beijing, Beijing, China",CH,CH22,13001,39.9289,116.388,-1898541,4,"Beijing, Beijing, China",CH,CH22,13001,39.9289,116.388,-1898541,20191021080000,Make public statement,Verbal cooperation
881119897,20191021,201910,USA,UNITED STATES,USA,,,,,,,,CHN,CHINA,CHN,,,,,,,,1,070,070,07,2,7.0,10,2,10,3.48365152512619,1,Turkey,TU,TU,,39.059012,34.911546,TU,1,Turkey,TU,TU,,39.059012,34.911546,TU,1,Turkey,TU,TU,,39.059012,34.911546,TU,20191021080000,Provide aid,Material cooperation
881122036,20191021,201910,CHN,CHINA,CHN,,,,,,,,USAMED,REUTERS,USA,,,,,MED,,,1,042,042,04,1,1.9,8,1,8,1.86915887850467,4,"Xiaomi, Fujian, China",CH,CH07,13163,25.2225,116.057,10999868,4,"Xiaomi, Fujian, China",CH,CH07,13163,25.2225,116.057,10999868,4,"Xiaomi, Fujian, China",CH,CH07,13163,25.2225,116.057,10999868,20191021081500,Consult,Verbal cooperation
881123139,20191021,201910,USAMED,REUTERS,USA,,,,,MED,,,CHN,CHINA,CHN,,,,,,,,1,043,043,04,1,2.8,8,1,8,1.86915887850467,4,"Xiaomi, Fujian, China",CH,CH07,13163,25.2225,116.057,10999868,4,"Xiaomi, Fujian, China",CH,CH07,13163,25.2225,116.057,10999868,4,"Xiaomi, Fujian, China",CH,CH07,13163,25.2225,116.057,10999868,20191021081500,Consult,Verbal cooperation
881125735,20191014,201910,CHNGOV,CHINESE,CHN,,,,,GOV,,,USA,WASHINGTON,USA,,,,,,,,1,036,036,03,1,4.0,6,1,6,-2.63157894736843,4,"Beijing, Beijing, China",CH,CH22,13001,39.9289,116.388,-1898541,3,"Washington, District of Columbia, United States",US,USDC,DC001,38.8951,-77.0364,531871,4,"Beijing, Beijing, China",CH,CH22,13001,39.9289,116.388,-1898541,20191021084500,Express intent to cooperate,Verbal cooperation
881125738,20191014,201910,USA,WASHINGTON,USA,,,,,,,,CHNGOV,CHINESE,CHN,,,,,GOV,,,1,036,036,03,1,4.0,6,1,6,-2.63157894736843,3,"Washington, District of Columbia, United States",US,USDC,DC001,38.8951,-77.0364,531871,4,"Beijing, Beijing, China",CH,CH22,13001,39.9289,116.388,-1898541,4,"Beijing, Beijing, China",CH,CH22,13001,39.9289,116.388,-1898541,20191021084500,Express intent to cooperate,Verbal cooperation
881128579,20191021,201910,CHN,CHINA,CHN,,,,,,,,USA,THE US,USA,,,,,,,,1,061,061,06,2,6.4,10,1,10,-3.46534653465347,4,"Beijing, Beijing, China",CH,CH22,13001,39.9289,116.388,-1898541,4,"Beijing, Beijing, China",CH,CH22,13001,39.9289,116.388,-1898541,4,"Beijing, Beijing, China",CH,CH22,13001,39.9289,116.388,-1898541,20191021090000,Engage in material cooperation,Material cooperation
881130956,20191021,201910,CHN,CHINESE,CHN,,,,,,,,USA,AMERICAN,USA,,,,,,,,1,051,051,05,1,3.4,8,1,8,7.92349726775956,4,"Jing Li, Henan, China",CH,CH09,13109,33.7698,113.861,10852575,3,"Boston, Massachusetts, United States",US,USMA,MA025,42.3584,-71.0598,617565,4,"Jing Li, Henan, China",CH,CH09,13109,33.7698,113.861,10852575,20191021091500,Engage in diplomatic cooperation,Verbal cooperation
881130959,20191021,201910,CHN,CHINESE,CHN,,,,,,,,USA,AMERICAN,USA,,,,,,,,1,111,111,11,3,-2.0,6,1,6,7.92349726775956,4,"Jing Li, Henan, China",CH,CH09,13109,33.7698,113.861,10852575,4,"Jing Li, Henan, China",CH,CH09,13109,33.7698,113.861,10852575,4,"Jing Li, Henan, China",CH,CH09,13109,33.7698,113.861,10852575,20191021091500,Disapprove,Verbal conflict
881130964,20191021,201910,CHNGOVMIL,CHINA,CHN,,,,,GOV,MIL,,USA,UNITED STATES,USA,,,,,,,,1,111,111,11,3,-2.0,10,1,10,-9.67741935483871,4,"Beijing, Beijing, China",CH,CH22,13001,39.9289,116.388,-1898541,1,United States,US,US,,39.828175,-98.5795,US,1,United States,US,US,,39.828175,-98.5795,US,20191021091500,Disapprove,Verbal conflict
881138906,20191021,201910,CHNGOVEDU,ARTHUR LI,CHN,,,,,GOV,EDU,,USA,LOS ANGELES,USA,,,,,,,,1,017,017,01,1,0.0,6,1,6,9.40170940170939,1,France,FR,FR,,46.0,2.0,FR,1,France,FR,FR,,46.0,2.0,FR,1,France,FR,FR,,46.0,2.0,FR,20191021100000,Make public statement,Verbal cooperation
881145344,20191021,201910,CHN,CHINA,CHN,,,,,,,,USA,THE US,USA,,,,,,,,1,010,010,01,1,0.0,8,1,8,-1.13636363636363,4,"Yi Gang, Gansu, China",CH,CH15,13206,35.4833,105.25,-1936316,4,"Yi Gang, Gansu, China",CH,CH15,13206,35.4833,105.25,-1936316,4,"Yi Gang, Gansu, China",CH,CH15,13206,35.4833,105.25,-1936316,20191021103000,Make public statement,Verbal cooperation
881145346,20191021,201910,CHN,CHINA,CHN,,,,,,,,USA,THE US,USA,,,,,,,,1,013,013,01,1,0.4,8,1,8,-1.13636363636363,4,"Yi Gang, Gansu, China",CH,CH15,13206,35.4833,105.25,-1936316,4,"Yi Gang, Gansu, China",CH,CH15,13206,35.4833,105.25,-1936316,4,"Yi Gang, Gansu, China",CH,CH15,13206,35.4833,105.25,-1936316,20191021103000,Make public statement,Verbal cooperation
881145350,20191021,201910,CHN,CHINA,CHN,,,,,,,,USA,THE US,USA,,,,,,,,1,110,110,11,3,-2.0,6,1,6,-1.13636363636363,1,Norway,NO,NO,,62.0,10.0,NO,1,Norway,NO,NO,,62.0,10.0,NO,1,Norway,NO,NO,,62.0,10.0,NO,20191021103000,Disapprove,Verbal conflict
881148624,20191021,201910,CHN,CHINA,CHN,,,,,,,,USA,THE US,USA,,,,,,,,1,020,020,02,1,3.0,8,1,8,-4.83870967741936,4,"Beijing, Beijing, China",CH,CH22,13001,39.9289,116.388,-1898541,1,Hong Kong,HK,HK,,22.25,114.166667,HK,4,"Beijing, Beijing, China",CH,CH22,13001,39.9289,116.388,-1898541,20191021104500,Appeal,Verbal cooperation
881148634,20191021,201910,CHNGOV,CHINESE,CHN,,,,,GOV,,,USA,UNITED STATES,USA,,,,,,,,1,020,020,02,1,3.0,6,1,6,0.53050397877984,4,"Gao Feng, Sichuan, China",CH,CH32,13270,32.0105,104.019,10334640,4,"Gao Feng, Sichuan, China",CH,CH32,13270,32.0105,104.019,10334640,4,"Gao Feng, Sichuan, China",CH,CH32,13270,32.0105,104.019,10334640,20191021104500,Appeal,Verbal cooperation
881149340,20191021,201910,MNCUSA,INVESCO,USA,,,,,MNC,,,CHN,CHINA,CHN,,,,,,,,1,010,010,01,1,0.0,10,1,10,0.623700623700624,1,China,CH,CH,,35.0,105.0,CH,1,China,CH,CH,,35.0,105.0,CH,1,China,CH,CH,,35.0,105.0,CH,20191021104500,Make public statement,Verbal cooperation
881149713,20191021,201910,USA,UNITED STATES,USA,,,,,,,,CHN,CHINA,CHN,,,,,,,,1,051,051,05,1,3.4,10,3,10,-3.03524966992063,3,"White House, District of Columbia, United States",US,USDC,,38.8951,-77.0364,531871,1,China,CH,CH,,35.0,105.0,CH,3,"White House, District of Columbia, United States",US,USDC,,38.8951,-77.0364,531871,20191021104500,Engage in diplomatic cooperation,Verbal cooperation
881149716,20191021,201910,USA,UNITED STATES,USA,,,,,,,,CHN,CHINA,CHN,,,,,,,,1,051,051,05,1,3.4,17,3,17,-2.90824131462449,1,Chile,CI,CI,,-30.0,-71.0,CI,1,Chile,CI,CI,,-30.0,-71.0,CI,1,Chile,CI,CI,,-30.0,-71.0,CI,20191021104500,Engage in diplomatic cooperation,Verbal cooperation
881154431,20191021,201910,CHN,CHINA,CHN,,,,,,,,USA,UNITED STATES,USA,,,,,,,,1,030,030,03,1,4.0,6,1,6,-2.7382256297919,4,"Beijing, Beijing, China",CH,CH22,13001,39.9289,116.388,-1898541,3,"White House, District of Columbia, United States",US,USDC,,38.8951,-77.0364,531871,4,"Beijing, Beijing, China",CH,CH22,13001,39.9289,116.388,-1898541,20191021111500,Express intent to cooperate,Verbal cooperation
881155355,20191021,201910,USA,UNITED STATES,USA,,,,,,,,CHN,CHINA,CHN,,,,,,,,1,030,030,03,1,4.0,6,1,6,-2.7382256297919,3,"White House, District of Columbia, United States",US,USDC,,38.8951,-77.0364,531871,4,"Beijing, Beijing, China",CH,CH22,13001,39.9289,116.388,-1898541,4,"Beijing, Beijing, China",CH,CH22,13001,39.9289,116.388,-1898541,20191021111500,Express intent to cooperate,Verbal cooperation
881159844,20191021,201910,CHN,BEIJING,CHN,,,,,,,,USA,MINNEAPOLIS,USA,,,,,,,,1,043,043,04,1,2.8,8,1,8,3.85144429160935,2,"Massachusetts, United States",US,USMA,,42.2373,-71.5314,MA,4,"Hainan, Hainan, China",CH,CH31,13072,18.9394,109.484,6025157,3,"North Adams, Massachusetts, United States",US,USMA,,42.7009,-73.1087,607610,20191021114500,Consult,Verbal cooperation
881159847,20191021,201910,CHN,CHINA,CHN,,,,,,,,USA,UNITED STATES,USA,,,,,,,,1,161,161,16,4,-4.0,7,1,7,-2.31468935019719,4,"Beijing, Beijing, China",CH,CH22,13001,39.9289,116.388,-1898541,3,"Washington, District of Columbia, United States",US,USDC,DC001,38.8951,-77.0364,531871,3,"Washington, District of Columbia, United States",US,USDC,DC001,38.8951,-77.0364,531871,20191021114500,Reduce relations,Material conflict
881163960,20191021,201910,CHN,CHINA,CHN,,,,,,,,USA,UNITED STATES,USA,,,,,,,,1,190,190,19,4,-10.0,10,1,10,-2.91970802919708,1,China,CH,CH,,35.0,105.0,CH,1,China,CH,CH,,35.0,105.0,CH,1,China,CH,CH,,35.0,105.0,CH,20191021120000,Fight,Material conflict
881163964,20191021,201910,CHNGOV,CHINESE,CHN,,,,,GOV,,,USA,AMERICAN,USA,,,,,,,,1,020,020,02,1,3.0,6,1,6,-2.94599018003273,4,"Beijing, Beijing, China",CH,CH22,13001,39.9289,116.388,-1898541,3,"Washington, District of Columbia, United States",US,USDC,DC001,38.8951,-77.0364,531871,4,"Beijing, Beijing, China",CH,CH22,13001,39.9289,116.388,-1898541,20191021120000,Appeal,Verbal cooperation
881165102,20191021,201910,USA,THE US,USA,,,,,,,,CHN,CHINA,CHN,,,,,,,,1,070,070,07,2,7.0,8,1,8,4.43740095087163,1,Japan,JA,JA,,36.0,138.0,JA,1,China,CH,CH,,35.0,105.0,CH,1,Japan,JA,JA,,36.0,138.0,JA,20191021120000,Provide aid,Material cooperation
881173682,20191021,201910,USA,AMERICAN,USA,,,,,,,,CHN,CHINA,CHN,,,,,,,,1,061,061,06,2,6.4,9,1,9,-0.36199095022625,3,"White House, District of Columbia, United States",US,USDC,,38.8951,-77.0364,531871,3,"White House, District of Columbia, United States",US,USDC,,38.8951,-77.0364,531871,3,"White House, District of Columbia, United States",US,USDC,,38.8951,-77.0364,531871,20191021124500,Engage in material cooperation,Material cooperation
881178383,20191021,201910,CHN,CHINA,CHN,,,,,,,,USAGOV,OBAMA,USA,,,,,GOV,,,1,030,030,03,1,4.0,20,1,10,-5.88235294117647,1,China,CH,CH,,35.0,105.0,CH,1,China,CH,CH,,35.0,105.0,CH,1,China,CH,CH,,35.0,105.0,CH,20191021131500,Express intent to cooperate,Verbal cooperation
881187063,20191021,201910,CHN,CHINA,CHN,,,,,,,,USA,UNITED STATES,USA,,,,,,,,1,036,036,03,1,4.0,6,1,6,3.1055900621118,2,"Hawaii, United States",US,USHI,,21.1098,-157.531,HI,2,"Hawaii, United States",US,USHI,,21.1098,-157.531,HI,2,"Hawaii, United States",US,USHI,,21.1098,-157.531,HI,20191021140000,Express intent to cooperate,Verbal cooperation
881188364,20191021,201910,USA,UNITED STATES,USA,,,,,,,,CHN,CHINA,CHN,,,,,,,,1,036,036,03,1,4.0,6,1,6,3.1055900621118,2,"Hawaii, United States",US,USHI,,21.1098,-157.531,HI,4,"Hainan, Hainan, China",CH,CH31,13072,18.9394,109.484,6025157,2,"Hawaii, United States",US,USHI,,21.1098,-157.531,HI,20191021140000,Express intent to cooperate,Verbal cooperation
881191694,20191021,201910,USA,THE US,USA,,,,,,,,CHN,CHINA,CHN,,,,,,,,1,061,061,06,2,6.4,6,1,6,-3.80434782608695,1,China,CH,CH,,35.0,105.0,CH,1,China,CH,CH,,35.0,105.0,CH,1,China,CH,CH,,35.0,105.0,CH,20191021141500,Engage in material cooperation,Material cooperation
881199078,20191021,201910,USA,WASHINGTON,USA,,,,,,,,CHN,CHINESE,CHN,,,,,,,,1,173,173,17,4,-5.0,8,1,8,0.7936507936508,3,"Washington, District of Columbia, United States",US,USDC,DC001,38.8951,-77.0364,531871,3,"Washington, District of Columbia, United States",US,USDC,DC001,38.8951,-77.0364,531871,3,"Washington, District of Columbia, United States",US,USDC,DC001,38.8951,-77.0364,531871,20191021144500,Coerce,Material conflict
881208164,20191021,201910,USA,THE US,USA,,,,,,,,CHN,CHINA,CHN,,,,,,,,1,070,070,07,2,7.0,10,1,10,2.24719101123596,1,China,CH,CH,,35.0,105.0,CH,1,China,CH,CH,,35.0,105.0,CH,1,China,CH,CH,,35.0,105.0,CH,20191021153000,Provide aid,Material cooperation
881209968,20191021,201910,CHN,CHINA,CHN,,,,,,,,USAMED,REUTERS,USA,,,,,MED,,,1,046,046,04,1,7.0,10,1,10,-0.19723865877712,4,"Beijing, Beijing, China",CH,CH22,13001,39.9289,116.388,-1898541,4,"Beijing, Beijing, China",CH,CH22,13001,39.9289,116.388,-1898541,4,"Seoul, Soul-t'ukpyolsi, South Korea",KS,KS11,24984,37.5664,127.0,-716583,20191021154500,Consult,Verbal cooperation
881211616,20191021,201910,USAMED,REUTERS,USA,,,,,MED,,,CHN,CHINA,CHN,,,,,,,,1,046,046,04,1,7.0,10,1,10,-0.19723865877712,4,"Beijing, Beijing, China",CH,CH22,13001,39.9289,116.388,-1898541,4,"Beijing, Beijing, China",CH,CH22,13001,39.9289,116.388,-1898541,4,"Seoul, Soul-t'ukpyolsi, South Korea",KS,KS11,24984,37.5664,127.0,-716583,20191021154500,Consult,Verbal cooperation
881222981,20191021,201910,USA,UNITED STATES,USA,,,,,,,,CHN,CHINA,CHN,,,,,,,,1,061,061,06,2,6.4,10,1,10,-4.76190476190476,1,United States,US,US,,39.828175,-98.5795,US,1,China,CH,CH,,35.0,105.0,CH,1,China,CH,CH,,35.0,105.0,CH,20191021164500,Engage in material cooperation,Material cooperation
881223181,20191021,201910,USAGOVBUS,THE US,USA,,,,,GOV,BUS,,CHN,CHINA,CHN,,,,,,,,1,090,090,09,2,-2.0,10,1,10,-4.76190476190476,1,China,CH,CH,,35.0,105.0,CH,1,China,CH,CH,,35.0,105.0,CH,1,China,CH,CH,,35.0,105.0,CH,20191021164500,Investigate,Material cooperation
881224627,20191021,201910,CHN,CHINESE,CHN,,,,,,,,USA,UNITED STATES,USA,,,,,,,,1,062,062,06,2,7.4,8,1,8,-3.50877192982456,4,"Beijing, Beijing, China",CH,CH22,13001,39.9289,116.388,-1898541,4,"Beijing, Beijing, China",CH,CH22,13001,39.9289,116.388,-1898541,4,"Beijing, Beijing, China",CH,CH22,13001,39.9289,116.388,-1898541,20191021170000,Engage in material cooperation,Material cooperation
881225974,20191021,201910,USA,UNITED STATES,USA,,,,,,,,CHN,CHINESE,CHN,,,,,,,,1,062,062,06,2,7.4,6,1,6,-3.50877192982456,3,"Washington, District of Columbia, United States",US,USDC,DC001,38.8951,-77.0364,531871,4,"Beijing, Beijing, China",CH,CH22,13001,39.9289,116.388,-1898541,4,"Beijing, Beijing, China",CH,CH22,13001,39.9289,116.388,-1898541,20191021170000,Engage in material cooperation,Material cooperation
881226222,20191021,201910,USAMIL,A US,USA,,,,,MIL,,,CHN,CHINA,CHN,,,,,,,,1,015,015,01,1,0.0,8,1,8,-0.61412487205732,1,India,IN,IN,,20.0,77.0,IN,1,India,IN,IN,,20.0,77.0,IN,1,India,IN,IN,,20.0,77.0,IN,20191021170000,Make public statement,Verbal cooperation
881226224,20191021,201910,USAMIL,A US,USA,,,,,MIL,,,CHN,CHINA,CHN,,,,,,,,1,073,073,07,2,7.4,10,1,10,-0.61412487205732,1,China,CH,CH,,35.0,105.0,CH,1,China,CH,CH,,35.0,105.0,CH,1,China,CH,CH,,35.0,105.0,CH,20191021170000,Provide aid,Material cooperation
881228944,20191021,201910,USA,CHICAGO,USA,,,,,,,,CHNOPP,TIBET,CHN,,,,,OPP,,,1,051,051,05,1,3.4,10,1,10,-3.82775119617224,3,"Chicago, Illinois, United States",US,USIL,IL031,41.85,-87.6501,423587,3,"Chicago, Illinois, United States",US,USIL,IL031,41.85,-87.6501,423587,3,"Chicago, Illinois, United States",US,USIL,IL031,41.85,-87.6501,423587,20191021171500,Engage in diplomatic cooperation,Verbal cooperation
881228945,20191021,201910,USA,CHICAGO,USA,,,,,,,,CHNOPP,TIBET,CHN,,,,,OPP,,,1,141,141,14,3,-6.5,10,1,10,-3.82775119617224,3,"Chicago, Illinois, United States",US,USIL,IL031,41.85,-87.6501,423587,3,"Chicago, Illinois, United States",US,USIL,IL031,41.85,-87.6501,423587,3,"Chicago, Illinois, United States",US,USIL,IL031,41.85,-87.6501,423587,20191021171500,Protest,Verbal conflict
881230825,20191021,201910,CHNGOV,CHINESE,CHN,,,,,GOV,,,USA,AMERICAN,USA,,,,,,,,1,130,130,13,3,-4.4,6,1,6,-9.52380952380952,3,"White House, District of Columbia, United States",US,USDC,,38.8951,-77.0364,531871,3,"White House, District of Columbia, United States",US,USDC,,38.8951,-77.0364,531871,3,"White House, District of Columbia, United States",US,USDC,,38.8951,-77.0364,531871,20191021173000,Threaten,Verbal conflict
881232303,20191021,201910,USA,THE US,USA,,,,,,,,CHN,CHINA,CHN,,,,,,,,1,013,013,01,1,0.4,10,1,10,-0.33840947546531,4,"Beijing, Beijing, China",CH,CH22,13001,39.9289,116.388,-1898541,4,"Beijing, Beijing, China",CH,CH22,13001,39.9289,116.388,-1898541,4,"Beijing, Beijing, China",CH,CH22,13001,39.9289,116.388,-1898541,20191021173000,Make public statement,Verbal cooperation
881232305,20191021,201910,USA,THE US,USA,,,,,,,,CHN,CHINA,CHN,,,,,,,,1,046,046,04,1,7.0,10,1,10,-0.33840947546531,1,Japan,JA,JA,,36.0,138.0,JA,1,Japan,JA,JA,,36.0,138.0,JA,1,Japan,JA,JA,,36.0,138.0,JA,20191021173000,Consult,Verbal cooperation
881240145,20191021,201910,CHN,CHINA,CHN,,,,,,,,USA,THE US,USA,,,,,,,,1,061,061,06,2,6.4,8,1,8,-5.32544378698225,1,China,CH,CH,,35.0,105.0,CH,1,Japan,JA,JA,,36.0,138.0,JA,1,South Korea,KS,KS,,37.0,127.5,KS,20191021181500,Engage in material cooperation,Material cooperation
881248955,20191021,201910,CHN,CHINA,CHN,,,,,,,,USAGOV,RICHARD NIXON,USA,,,,,GOV,,,1,043,043,04,1,2.8,10,1,10,1.83727034120735,1,China,CH,CH,,35.0,105.0,CH,1,China,CH,CH,,35.0,105.0,CH,1,China,CH,CH,,35.0,105.0,CH,20191021190000,Consult,Verbal cooperation
881250239,20191021,201910,USAGOV,RICHARD NIXON,USA,,,,,GOV,,,CHN,CHINA,CHN,,,,,,,,1,042,042,04,1,1.9,10,1,10,1.83727034120735,1,China,CH,CH,,35.0,105.0,CH,1,China,CH,CH,,35.0,105.0,CH,1,China,CH,CH,,35.0,105.0,CH,20191021190000,Consult,Verbal cooperation
881253300,20191021,201910,CHN,CANTON,CHN,,,,,,,,USA,MISSOURI,USA,,,,,,,,1,1712,171,17,4,-9.2,6,1,6,-4.47761194029851,1,China,CH,CH,,35.0,105.0,CH,2,"Missouri, United States",US,USMO,,38.4623,-92.302,MO,2,"Missouri, United States",US,USMO,,38.4623,-92.302,MO,20191021193000,Coerce,Material conflict
881261688,20191021,201910,CHN,CHINESE,CHN,,,,,,,,USA,WASHINGTON,USA,,,,,,,,1,071,071,07,2,7.4,10,1,10,1.20192307692308,4,"Beijing, Beijing, China",CH,CH22,13001,39.9289,116.388,-1898541,4,"Beijing, Beijing, China",CH,CH22,13001,39.9289,116.388,-1898541,4,"Beijing, Beijing, China",CH,CH22,13001,39.9289,116.388,-1898541,20191021201500,Provide aid,Material cooperation
881266576,20191021,201910,CHN,CANTON,CHN,,,,,,,,USA,BOSTON,USA,,,,,,,,1,0874,087,08,2,10.0,10,1,10,1.48148148148148,2,"Connecticut, United States",US,USCT,,41.5834,-72.7622,CT,2,"Connecticut, United States",US,USCT,,41.5834,-72.7622,CT,2,"Connecticut, United States",US,USCT,,41.5834,-72.7622,CT,20191021204500,Yield,Material cooperation
881271074,20190921,201909,USA,WASHINGTON,USA,,,,,,,,CHN,CHINA,CHN,,,,,,,,1,030,030,03,1,4.0,10,1,10,-1.28205128205128,3,"White House, District of Columbia, United States",US,USDC,,38.8951,-77.0364,531871,3,"White House, District of Columbia, United States",US,USDC,,38.8951,-77.0364,531871,3,"White House, District of Columbia, United States",US,USDC,,38.8951,-77.0364,531871,20191021211500,Express intent to cooperate,Verbal cooperation
881274141,20191021,201910,USA,UNITED STATES,USA,,,,,,,,CHN,CHINA,CHN,,,,,,,,1,120,120,12,3,-4.0,10,1,10,-3.77155172413793,2,"Minnesota, United States",US,USMN,,45.7326,-93.9196,MN,1,China,CH,CH,,35.0,105.0,CH,1,China,CH,CH,,35.0,105.0,CH,20191021213000,Reject,Verbal conflict
881278979,20191021,201910,USA,UNITED STATES,USA,,,,,,,,CHN,CHINA,CHN,,,,,,,,1,110,110,11,3,-2.0,6,1,6,-0.34722222222222,1,Chile,CI,CI,,-30.0,-71.0,CI,1,China,CH,CH,,35.0,105.0,CH,1,China,CH,CH,,35.0,105.0,CH,20191021220000,Disapprove,Verbal conflict
881285041,20191020,201910,CHN,BEIJING,CHN,,,,,,,,USA,THE US,USA,,,,,,,,1,112,112,11,3,-2.0,10,1,10,-5.3072625698324,4,"Pyongyang, P'yongyang-si, North Korea",KN,KN12,39681,39.0194,125.755,-183459,4,"Pyongyang, P'yongyang-si, North Korea",KN,KN12,39681,39.0194,125.755,-183459,4,"Pyongyang, P'yongyang-si, North Korea",KN,KN12,39681,39.0194,125.755,-183459,20191021230000,Disapprove,Verbal conflict
881287176,20190921,201909,USA,WASHINGTON,USA,,,,,,,,CHN,CHINA,CHN,,,,,,,,1,030,030,03,1,4.0,10,1,10,-1.35922330097087,1,Japan,JA,JA,,36.0,138.0,JA,1,Japan,JA,JA,,36.0,138.0,JA,1,Japan,JA,JA,,36.0,138.0,JA,20191021231500,Express intent to cooperate,Verbal cooperation
881288309,20191021,201910,USA,WASHINGTON,USA,,,,,,,,CHN,BEIJING,CHN,,,,,,,,1,014,014,01,1,0.0,12,1,12,-4.03877221324717,4,"Beijing, Beijing, China",CH,CH22,13001,39.9289,116.388,-1898541,4,"Beijing, Beijing, China",CH,CH22,13001,39.9289,116.388,-1898541,4,"Beijing, Beijing, China",CH,CH22,13001,39.9289,116.388,-1898541,20191021231500,Make public statement,Verbal cooperation
881288310,20191021,201910,USA,WASHINGTON,USA,,,,,,,,CHN,BEIJING,CHN,,,,,,,,1,014,014,01,1,0.0,16,2,16,-4.61453957996769,3,"Washington, District of Columbia, United States",US,USDC,DC001,38.8951,-77.0364,531871,4,"Beijing, Beijing, China",CH,CH22,13001,39.9289,116.388,-1898541,4,"Beijing, Beijing, China",CH,CH22,13001,39.9289,116.388,-1898541,20191021231500,Make public statement,Verbal cooperation
881291191,20190921,201909,USA,WASHINGTON,USA,,,,,,,,CHN,CHINA,CHN,,,,,,,,1,030,030,03,1,4.0,6,1,6,-2.15686274509804,3,"White House, District of Columbia, United States",US,USDC,,38.8951,-77.0364,531871,1,Japan,JA,JA,,36.0,138.0,JA,3,"White House, District of Columbia, United States",US,USDC,,38.8951,-77.0364,531871,20191021234500,Express intent to cooperate,Verbal cooperation
881294273,20191022,201910,CHNEDU,CHINESE,CHN,,,,,EDU,,,USA,MARYLAND,USA,,,,,,,,1,042,042,04,1,1.9,6,1,6,0.9469696969697,4,"Beijing, Beijing, China",CH,CH22,13001,39.9289,116.388,-1898541,2,"Maryland, United States",US,USMD,,39.0724,-76.7902,MD,4,"Beijing, Beijing, China",CH,CH22,13001,39.9289,116.388,-1898541,20191022000000,Consult,Verbal cooperation
881296357,20191022,201910,USA,MARYLAND,USA,,,,,,,,CHNEDU,CHINESE,CHN,,,,,EDU,,,1,043,043,04,1,2.8,6,1,6,0.9469696969697,2,"Maryland, United States",US,USMD,,39.0724,-76.7902,MD,4,"Beijing, Beijing, China",CH,CH22,13001,39.9289,116.388,-1898541,4,"Beijing, Beijing, China",CH,CH22,13001,39.9289,116.388,-1898541,20191022000000,Consult,Verbal cooperation
881298475,20191022,201910,CHN,CHINA,CHN,,,,,,,,USA,UNITED STATES,USA,,,,,,,,1,014,014,01,1,0.0,10,1,10,-2.65848670756647,1,China,CH,CH,,35.0,105.0,CH,1,United States,US,US,,39.828175,-98.5795,US,1,United States,US,US,,39.828175,-98.5795,US,20191022001500,Make public statement,Verbal cooperation
881298480,20191022,201910,CHN,CHINA,CHN,,,,,,,,USA,UNITED STATES,USA,,,,,,,,1,190,190,19,4,-10.0,8,1,8,-2.65848670756647,1,China,CH,CH,,35.0,105.0,CH,1,United States,US,US,,39.828175,-98.5795,US,1,China,CH,CH,,35.0,105.0,CH,20191022001500,Fight,Material conflict
881300111,20191022,201910,USA,UNITED STATES,USA,,,,,,,,CHN,CHINA,CHN,,,,,,,,1,190,190,19,4,-10.0,10,1,10,-2.65848670756647,4,"Petaling, Malaysia (general), Malaysia",MY,MY00,18585,3.08333,101.667,-2403014,4,"Petaling, Malaysia (general), Malaysia",MY,MY00,18585,3.08333,101.667,-2403014,4,"Petaling, Malaysia (general), Malaysia",MY,MY00,18585,3.08333,101.667,-2403014,20191022001500,Fight,Material conflict
881301967,20191022,201910,CHN,CHINESE,CHN,,,,,,,,USA,WASHINGTON,USA,,,,,,,,1,071,071,07,2,7.4,10,1,10,1.43198090692125,4,"Beijing, Beijing, China",CH,CH22,13001,39.9289,116.388,-1898541,4,"Beijing, Beijing, China",CH,CH22,13001,39.9289,116.388,-1898541,4,"Beijing, Beijing, China",CH,CH22,13001,39.9289,116.388,-1898541,20191022003000,Provide aid,Material cooperation
881301968,20191022,201910,CHN,CHINA,CHN,,,,,,,,USAJUD,PORTLAND,USA,,,,,JUD,,,1,015,015,01,1,0.0,8,1,8,-5.33807829181495,4,"Quan Jiang, Jiangxi, China",CH,CH03,13166,27.7,113.933,-1922889,1,Hong Kong,HK,HK,,22.25,114.166667,HK,4,"Quan Jiang, Jiangxi, China",CH,CH03,13166,27.7,113.933,-1922889,20191022003000,Make public statement,Verbal cooperation
881303980,20191022,201910,USA,WASHINGTON,USA,,,,,,,,CHN,BEIJING,CHN,,,,,,,,1,014,014,01,1,0.0,6,1,6,-4.20032310177706,4,"Beijing, Beijing, China",CH,CH22,13001,39.9289,116.388,-1898541,4,"Beijing, Beijing, China",CH,CH22,13001,39.9289,116.388,-1898541,4,"Beijing, Beijing, China",CH,CH22,13001,39.9289,116.388,-1898541,20191022003000,Make public statement,Verbal cooperation
881313458,20191022,201910,USA,UNITED STATES,USA,,,,,,,,CHN,CHINESE,CHN,,,,,,,,1,020,020,02,1,3.0,7,1,7,-2.27920227920228,4,"Shanghai, Shanghai, China",CH,CH23,13243,31.2222,121.458,-1924465,3,"Chicago, Illinois, United States",US,USIL,IL031,41.85,-87.6501,423587,4,"Shanghai, Shanghai, China",CH,CH23,13243,31.2222,121.458,-1924465,20191022011500,Appeal,Verbal cooperation
881314844,20191022,201910,CHNBUS,CHINA,CHN,,,,,BUS,,,USA,UNITED STATES,USA,,,,,,,,1,042,042,04,1,1.9,6,1,6,3.6231884057971,2,"New York, United States",US,USNY,,42.1497,-74.9384,NY,2,"New York, United States",US,USNY,,42.1497,-74.9384,NY,2,"New York, United States",US,USNY,,42.1497,-74.9384,NY,20191022013000,Consult,Verbal cooperation
881316100,20191022,201910,USA,UNITED STATES,USA,,,,,,,,CHNBUS,CHINA,CHN,,,,,BUS,,,1,043,043,04,1,2.8,6,1,6,3.6231884057971,2,"New York, United States",US,USNY,,42.1497,-74.9384,NY,1,China,CH,CH,,35.0,105.0,CH,4,"Kuala Lumpur, Kuala Lumpur, Malaysia",MY,MY14,18585,3.16667,101.7,-2403010,20191022013000,Consult,Verbal cooperation
881316305,20191022,201910,USAGOV,THE WHITE HOUSE,USA,,,,,GOV,,,CHN,CHINESE,CHN,,,,,,,,1,110,110,11,3,-2.0,10,1,10,1.76991150442478,1,China,CH,CH,,35.0,105.0,CH,1,China,CH,CH,,35.0,105.0,CH,1,China,CH,CH,,35.0,105.0,CH,20191022013000,Disapprove,Verbal conflict
881323239,20191022,201910,CHN,BEIJING,CHN,,,,,,,,USA,WASHINGTON,USA,,,,,,,,1,190,190,19,4,-10.0,8,1,8,-3.53535353535353,4,"Beijing, Beijing, China",CH,CH22,13001,39.9289,116.388,-1898541,3,"Washington, District of Columbia, United States",US,USDC,DC001,38.8951,-77.0364,531871,4,"Beijing, Beijing, China",CH,CH22,13001,39.9289,116.388,-1898541,20191022023000,Fight,Material conflict
881323240,20191022,201910,CHN,CHINA,CHN,,,,,,,,USA,THE US,USA,,,,,,,,1,190,190,19,4,-10.0,10,1,10,-3.53535353535353,4,"Hurun, Guangxi, China",CH,CH16,13061,22.9619,106.709,-1911224,4,"Hurun, Guangxi, China",CH,CH16,13061,22.9619,106.709,-1911224,4,"Hurun, Guangxi, China",CH,CH16,13061,22.9619,106.709,-1911224,20191022023000,Fight,Material conflict
881324024,20191022,201910,USA,THE US,USA,,,,,,,,CHN,CHINA,CHN,,,,,,,,1,190,190,19,4,-10.0,20,1,10,-3.53535353535353,4,"Hurun, Guangxi, China",CH,CH16,13061,22.9619,106.709,-1911224,4,"Hurun, Guangxi, China",CH,CH16,13061,22.9619,106.709,-1911224,4,"Hurun, Guangxi, China",CH,CH16,13061,22.9619,106.709,-1911224,20191022023000,Fight,Material conflict
881326744,20191022,201910,CHN,CHINA,CHN,,,,,,,,USA,UNITED STATES,USA,,,,,,,,1,161,161,16,4,-4.0,9,2,9,-1.40441646465743,4,"Beijing, Beijing, China",CH,CH22,13001,39.9289,116.388,-1898541,4,"Beijing, Beijing, China",CH,CH22,13001,39.9289,116.388,-1898541,1,United States,US,US,,39.828175,-98.5795,US,20191022030000,Reduce relations,Material conflict
881330607,20190922,201909,USA,WASHINGTON,USA,,,,,,,,CHN,CHINA,CHN,,,,,,,,1,030,030,03,1,4.0,10,1,10,-1.29198966408268,3,"White House, District of Columbia, United States",US,USDC,,38.8951,-77.0364,531871,3,"White House, District of Columbia, United States",US,USDC,,38.8951,-77.0364,531871,3,"White House, District of Columbia, United States",US,USDC,,38.8951,-77.0364,531871,20191022033000,Express intent to cooperate,Verbal cooperation
881335681,20191022,201910,CHN,CHINA,CHN,,,,,,,,USA,UNITED STATES,USA,,,,,,,,1,190,190,19,4,-10.0,10,1,10,-2.72108843537415,1,Russia,RS,RS,,60.0,100.0,RS,1,Russia,RS,RS,,60.0,100.0,RS,1,Russia,RS,RS,,60.0,100.0,RS,20191022040000,Fight,Material conflict
881339613,20191022,201910,CHN,BEIJING,CHN,,,,,,,,USA,UNITED STATES,USA,,,,,,,,1,025,025,02,1,-0.3,10,1,10,-2.72572402044293,4,"Xiangshan, Guangdong, China",CH,CH30,13046,23.6326,116.733,10074537,4,"Xiangshan, Guangdong, China",CH,CH30,13046,23.6326,116.733,10074537,4,"Xiangshan, Guangdong, China",CH,CH30,13046,23.6326,116.733,10074537,20191022043000,Appeal,Verbal cooperation
881339614,20191022,201910,CHN,CHINA,CHN,,,,,,,,USA,THE US,USA,,,,,,,,1,111,111,11,3,-2.0,10,1,10,-2.72572402044293,4,"Beijing, Beijing, China",CH,CH22,13001,39.9289,116.388,-1898541,4,"Beijing, Beijing, China",CH,CH22,13001,39.9289,116.388,-1898541,4,"Beijing, Beijing, China",CH,CH22,13001,39.9289,116.388,-1898541,20191022043000,Disapprove,Verbal conflict
881339622,20191022,201910,CHNGOV,CHINESE,CHN,,,,,GOV,,,USAMEDBUS,REUTERS,USA,,,,,MED,BUS,,1,040,040,04,1,1.0,6,1,6,-1.3745704467354,4,"Beijing, Beijing, China",CH,CH22,13001,39.9289,116.388,-1898541,1,United States,US,US,,39.828175,-98.5795,US,1,United States,US,US,,39.828175,-98.5795,US,20191022043000,Consult,Verbal cooperation
881340587,20191022,201910,USA,THE US,USA,,,,,,,,CHN,CHINA,CHN,,,,,,,,1,111,111,11,3,-2.0,10,1,10,-2.72572402044293,4,"Beijing, Beijing, China",CH,CH22,13001,39.9289,116.388,-1898541,4,"Beijing, Beijing, China",CH,CH22,13001,39.9289,116.388,-1898541,4,"Beijing, Beijing, China",CH,CH22,13001,39.9289,116.388,-1898541,20191022043000,Disapprove,Verbal conflict
881341133,20191022,201910,CHN,CHINA,CHN,,,,,,,,USA,UNITED STATES,USA,,,,,,,,1,040,040,04,1,1.0,10,1,10,6.52173913043478,1,United States,US,US,,39.828175,-98.5795,US,4,"Beijing, Beijing, China",CH,CH22,13001,39.9289,116.388,-1898541,4,"Beijing, Beijing, China",CH,CH22,13001,39.9289,116.388,-1898541,20191022044500,Consult,Verbal cooperation
881341134,20191022,201910,CHN,CHINA,CHN,,,,,,,,USA,UNITED STATES,USA,,,,,,,,1,173,173,17,4,-5.0,10,1,10,-2.51256281407035,1,China,CH,CH,,35.0,105.0,CH,1,United States,US,US,,39.828175,-98.5795,US,1,China,CH,CH,,35.0,105.0,CH,20191022044500,Coerce,Material conflict
881343687,20191022,201910,CHN,CHINA,CHN,,,,,,,,USA,THE US,USA,,,,,,,,1,020,020,02,1,3.0,8,1,8,-4.90196078431373,4,"Beijing, Beijing, China",CH,CH22,13001,39.9289,116.388,-1898541,1,Hong Kong,HK,HK,,22.25,114.166667,HK,4,"Beijing, Beijing, China",CH,CH22,13001,39.9289,116.388,-1898541,20191022050000,Appeal,Verbal cooperation
881343689,20191022,201910,CHN,CHINESE,CHN,,,,,,,,USA,STATE COLLEGE,USA,,,,,,,,1,051,051,05,1,3.4,8,1,8,-2.88683602771363,2,"Washington, United States",US,USWA,,47.3917,-121.571,WA,2,"Washington, United States",US,USWA,,47.3917,-121.571,WA,2,"Washington, United States",US,USWA,,47.3917,-121.571,WA,20191022050000,Engage in diplomatic cooperation,Verbal cooperation
881343690,20191022,201910,CHN,CHINA,CHN,,,,,,,,USA,UNITED STATES,USA,,,,,,,,1,057,057,05,1,8.0,8,1,8,-1.75438596491228,1,China,CH,CH,,35.0,105.0,CH,1,United States,US,US,,39.828175,-98.5795,US,1,United States,US,US,,39.828175,-98.5795,US,20191022050000,Engage in diplomatic cooperation,Verbal cooperation
881344534,20191022,201910,USA,UNITED STATES,USA,,,,,,,,CHN,CHINA,CHN,,,,,,,,1,057,057,05,1,8.0,8,1,8,-1.75438596491228,1,United States,US,US,,39.828175,-98.5795,US,1,China,CH,CH,,35.0,105.0,CH,1,United States,US,US,,39.828175,-98.5795,US,20191022050000,Engage in diplomatic cooperation,Verbal cooperation
881345142,20191022,201910,CHN,CHINA,CHN,,,,,,,,USA,THE US,USA,,,,,,,,1,120,120,12,3,-4.0,10,1,10,1.52905198776758,1,China,CH,CH,,35.0,105.0,CH,1,China,CH,CH,,35.0,105.0,CH,1,China,CH,CH,,35.0,105.0,CH,20191022051500,Reject,Verbal conflict
881353734,20191022,201910,CHN,CHINA,CHN,,,,,,,,USA,UNITED STATES,USA,,,,,,,,1,036,036,03,1,4.0,6,1,6,1.97530864197531,4,"Wuzhen, Hubei, China",CH,CH12,13129,31.6836,112.004,-1931252,2,"New York, United States",US,USNY,,42.1497,-74.9384,NY,2,"New York, United States",US,USNY,,42.1497,-74.9384,NY,20191022061500,Express intent to cooperate,Verbal cooperation
881353736,20191022,201910,CHN,CHINA,CHN,,,,,,,,USA,UNITED STATES,USA,,,,,,,,1,043,043,04,1,2.8,6,1,6,1.97530864197531,4,"Wuzhen, Hubei, China",CH,CH12,13129,31.6836,112.004,-1931252,2,"New York, United States",US,USNY,,42.1497,-74.9384,NY,4,"Wuzhen, Hubei, China",CH,CH12,13129,31.6836,112.004,-1931252,20191022061500,Consult,Verbal cooperation
881354535,20191022,201910,USA,UNITED STATES,USA,,,,,,,,CHN,CHINA,CHN,,,,,,,,1,036,036,03,1,4.0,6,1,6,1.97530864197531,2,"New York, United States",US,USNY,,42.1497,-74.9384,NY,4,"Wuzhen, Hubei, China",CH,CH12,13129,31.6836,112.004,-1931252,2,"New York, United States",US,USNY,,42.1497,-74.9384,NY,20191022061500,Express intent to cooperate,Verbal cooperation
881354537,20191022,201910,USA,UNITED STATES,USA,,,,,,,,CHN,CHINA,CHN,,,,,,,,1,042,042,04,1,1.9,6,1,6,1.97530864197531,2,"New York, United States",US,USNY,,42.1497,-74.9384,NY,4,"Wuzhen, Hubei, China",CH,CH12,13129,31.6836,112.004,-1931252,4,"Wuzhen, Hubei, China",CH,CH12,13129,31.6836,112.004,-1931252,20191022061500,Consult,Verbal cooperation
881362824,20191022,201910,CHN,CHINA,CHN,,,,,,,,USA,THE US,USA,,,,,,,,1,036,036,03,1,4.0,10,1,10,-6.99541284403669,1,China,CH,CH,,35.0,105.0,CH,1,China,CH,CH,,35.0,105.0,CH,1,China,CH,CH,,35.0,105.0,CH,20191022071500,Express intent to cooperate,Verbal cooperation
881363749,20191022,201910,USA,THE US,USA,,,,,,,,CHN,CHINA,CHN,,,,,,,,1,036,036,03,1,4.0,10,1,10,-6.99541284403669,1,Syria,SY,SY,,35.0,38.0,SY,1,Syria,SY,SY,,35.0,38.0,SY,1,Syria,SY,SY,,35.0,38.0,SY,20191022071500,Express intent to cooperate,Verbal cooperation
881363750,20191022,201910,USA,THE US,USA,,,,,,,,CHN,CHINA,CHN,,,,,,,,1,070,070,07,2,7.0,10,1,10,-6.99541284403669,1,China,CH,CH,,35.0,105.0,CH,1,China,CH,CH,,35.0,105.0,CH,1,China,CH,CH,,35.0,105.0,CH,20191022071500,Provide aid,Material cooperation
881367753,20191022,201910,USA,WASHINGTON,USA,,,,,,,,CHN,CHINA,CHN,,,,,,,,1,161,161,16,4,-4.0,10,1,10,-2.71084337349398,3,"Washington, District of Columbia, United States",US,USDC,DC001,38.8951,-77.0364,531871,4,"Beijing, Beijing, China",CH,CH22,13001,39.9289,116.388,-1898541,3,"Washington, District of Columbia, United States",US,USDC,DC001,38.8951,-77.0364,531871,20191022073000,Reduce relations,Material conflict
881375448,20191015,201910,CHNGOV,CHINESE,CHN,,,,,GOV,,,USA,WASHINGTON,USA,,,,,,,,1,036,036,03,1,4.0,6,1,6,-3.96366639141205,4,"Beijing, Beijing, China",CH,CH22,13001,39.9289,116.388,-1898541,3,"Washington, District of Columbia, United States",US,USDC,DC001,38.8951,-77.0364,531871,4,"Beijing, Beijing, China",CH,CH22,13001,39.9289,116.388,-1898541,20191022083000,Express intent to cooperate,Verbal cooperation
881378316,20191021,201910,CHN,CHINA,CHN,,,,,,,,USA,UNITED STATES,USA,,,,,,,,1,190,190,19,4,-10.0,6,1,6,-3.0690537084399,1,China,CH,CH,,35.0,105.0,CH,1,Chile,CI,CI,,-30.0,-71.0,CI,1,Chile,CI,CI,,-30.0,-71.0,CI,20191022084500,Fight,Material conflict
881386603,20191022,201910,CHN,CHINA,CHN,,,,,,,,USA,MICHIGAN,USA,,,,,,,,1,043,043,04,1,2.8,8,1,8,1.37614678899082,4,"Xiamen, Fujian, China",CH,CH07,13010,24.4798,118.082,-1931546,2,"Michigan, United States",US,USMI,,43.3504,-84.5603,MI,4,"Xiamen, Fujian, China",CH,CH07,13010,24.4798,118.082,-1931546,20191022093000,Consult,Verbal cooperation
881387855,20191022,201910,USA,MICHIGAN,USA,,,,,,,,CHN,CHINA,CHN,,,,,,,,1,042,042,04,1,1.9,6,1,6,1.37614678899082,1,Sweden,SW,SW,,62.0,15.0,SW,1,Sweden,SW,SW,,62.0,15.0,SW,1,Sweden,SW,SW,,62.0,15.0,SW,20191022093000,Consult,Verbal cooperation
881389677,20191022,201910,CHN,CHINA,CHN,,,,,,,,USA,UNITED STATES,USA,,,,,,,,1,046,046,04,1,7.0,8,1,8,3.20855614973262,1,China,CH,CH,,35.0,105.0,CH,1,United States,US,US,,39.828175,-98.5795,US,1,United States,US,US,,39.828175,-98.5795,US,20191022094500,Consult,Verbal cooperation
881390765,20191022,201910,USA,UNITED STATES,USA,,,,,,,,CHN,CHINA,CHN,,,,,,,,1,046,046,04,1,7.0,10,1,10,3.20855614973262,1,China,CH,CH,,35.0,105.0,CH,1,China,CH,CH,,35.0,105.0,CH,1,China,CH,CH,,35.0,105.0,CH,20191022094500,Consult,Verbal cooperation
881395462,20191022,201910,CHN,CHINA,CHN,,,,,,,,USA,UNITED STATES,USA,,,,,,,,1,046,046,04,1,7.0,9,2,9,3.00385745948062,4,"Wang Tao, Shanxi, China",CH,CH24,13253,36.8667,112.15,-1930009,4,"Wang Tao, Shanxi, China",CH,CH24,13253,36.8667,112.15,-1930009,3,"White House, District of Columbia, United States",US,USDC,,38.8951,-77.0364,531871,20191022101500,Consult,Verbal cooperation
881395463,20191022,201910,CHN,CHINA,CHN,,,,,,,,USA,UNITED STATES,USA,,,,,,,,1,046,046,04,1,7.0,6,2,6,3.01252248615948,4,"Wang Tao, Shanxi, China",CH,CH24,13253,36.8667,112.15,-1930009,3,"White House, District of Columbia, United States",US,USDC,,38.8951,-77.0364,531871,4,"Wang Tao, Shanxi, China",CH,CH24,13253,36.8667,112.15,-1930009,20191022101500,Consult,Verbal cooperation
881395464,20191022,201910,CHN,CHINA,CHN,,,,,,,,USA,CALIFORNIA,USA,,,,,,,,1,051,051,05,1,3.4,6,1,6,2.46913580246914,1,China,CH,CH,,35.0,105.0,CH,2,"California, United States",US,USCA,,36.17,-119.746,CA,1,United Kingdom,UK,UK,,54.0,-4.0,UK,20191022101500,Engage in diplomatic cooperation,Verbal cooperation
881396335,20191022,201910,USA,UNITED STATES,USA,,,,,,,,CHN,CHINA,CHN,,,,,,,,1,046,046,04,1,7.0,8,2,8,3.01252248615948,4,"Wang Tao, Shanxi, China",CH,CH24,13253,36.8667,112.15,-1930009,4,"Wang Tao, Shanxi, China",CH,CH24,13253,36.8667,112.15,-1930009,4,"Wang Tao, Shanxi, China",CH,CH24,13253,36.8667,112.15,-1930009,20191022101500,Consult,Verbal cooperation
881396336,20191022,201910,USA,UNITED STATES,USA,,,,,,,,CHN,CHINA,CHN,,,,,,,,1,046,046,04,1,7.0,12,2,12,3.01252248615948,3,"White House, District of Columbia, United States",US,USDC,,38.8951,-77.0364,531871,4,"Wang Tao, Shanxi, China",CH,CH24,13253,36.8667,112.15,-1930009,4,"Wang Tao, Shanxi, China",CH,CH24,13253,36.8667,112.15,-1930009,20191022101500,Consult,Verbal cooperation
881396337,20191022,201910,USA,CALIFORNIA,USA,,,,,,,,CHN,CHINA,CHN,,,,,,,,1,051,051,05,1,3.4,6,1,6,2.46913580246914,2,"California, United States",US,USCA,,36.17,-119.746,CA,1,China,CH,CH,,35.0,105.0,CH,1,United Kingdom,UK,UK,,54.0,-4.0,UK,20191022101500,Engage in diplomatic cooperation,Verbal cooperation
881397935,20191022,201910,CHNBUS,CHINA,CHN,,,,,BUS,,,USA,LAS VEGAS,USA,,,,,,,,1,1723,172,17,4,-5.0,6,1,6,0.0,4,"Hainan, Hainan, China",CH,CH31,13072,18.9394,109.484,6025157,4,"Hainan, Hainan, China",CH,CH31,13072,18.9394,109.484,6025157,4,"Hainan, Hainan, China",CH,CH31,13072,18.9394,109.484,6025157,20191022103000,Coerce,Material conflict
881399307,20191022,201910,USA,THE US,USA,,,,,,,,CHN,CHINESE,CHN,,,,,,,,1,060,060,06,2,6.0,20,1,10,-0.16220600162206,1,China,CH,CH,,35.0,105.0,CH,1,China,CH,CH,,35.0,105.0,CH,1,China,CH,CH,,35.0,105.0,CH,20191022103000,Engage in material cooperation,Material cooperation
881407570,20191022,201910,CHN,CHINA,CHN,,,,,,,,USA,THE US,USA,,,,,,,,1,042,042,04,1,1.9,10,1,10,2.6431718061674,1,India,IN,IN,,20.0,77.0,IN,1,India,IN,IN,,20.0,77.0,IN,1,India,IN,IN,,20.0,77.0,IN,20191022111500,Consult,Verbal cooperation
881408906,20191022,201910,USA,THE US,USA,,,,,,,,CHN,CHINA,CHN,,,,,,,,1,043,043,04,1,2.8,10,1,10,2.6431718061674,1,India,IN,IN,,20.0,77.0,IN,1,India,IN,IN,,20.0,77.0,IN,1,India,IN,IN,,20.0,77.0,IN,20191022111500,Consult,Verbal cooperation
881411772,20191022,201910,MNCUSA,ISHARES,USA,,,,,MNC,,,CHN,CHINA,CHN,,,,,,,,1,010,010,01,1,0.0,10,1,10,0.958466453674121,1,China,CH,CH,,35.0,105.0,CH,1,China,CH,CH,,35.0,105.0,CH,1,China,CH,CH,,35.0,105.0,CH,20191022113000,Make public statement,Verbal cooperation
881415663,20191022,201910,USA,WASHINGTON,USA,,,,,,,,CHN,CHINA,CHN,,,,,,,,1,061,061,06,2,6.4,7,1,7,-2.23048327137547,4,"Shanghai, Shanghai, China",CH,CH23,13243,31.2222,121.458,-1924465,4,"Shanghai, Shanghai, China",CH,CH23,13243,31.2222,121.458,-1924465,4,"Shanghai, Shanghai, China",CH,CH23,13243,31.2222,121.458,-1924465,20191022114500,Engage in material cooperation,Material cooperation
881417543,20191022,201910,CHN,CHINA,CHN,,,,,,,,USA,UNITED STATES,USA,,,,,,,,1,020,020,02,1,3.0,10,1,10,-1.8641810918775,1,China,CH,CH,,35.0,105.0,CH,1,China,CH,CH,,35.0,105.0,CH,1,China,CH,CH,,35.0,105.0,CH,20191022120000,Appeal,Verbal cooperation
881424365,20191022,201910,MNCUSA,HASBRO,USA,,,,,MNC,,,CHN,CHINA,CHN,,,,,,,,1,061,061,06,2,6.4,10,1,10,0.39370078740158,1,China,CH,CH,,35.0,105.0,CH,1,China,CH,CH,,35.0,105.0,CH,1,China,CH,CH,,35.0,105.0,CH,20191022123000,Engage in material cooperation,Material cooperation
881435263,20191022,201910,CHN,CHINESE,CHN,,,,,,,,USA,UNITED STATES,USA,,,,,,,,1,173,173,17,4,-5.0,6,1,6,-0.61068702290076,1,South Korea,KS,KS,,37.0,127.5,KS,1,South Korea,KS,KS,,37.0,127.5,KS,1,South Korea,KS,KS,,37.0,127.5,KS,20191022131500,Coerce,Material conflict
881436514,20191022,201910,USA,THE US,USA,,,,,,,,CHN,CHINA,CHN,,,,,,,,1,072,072,07,2,8.3,10,1,10,-1.60599571734476,4,"Xiaomi, Fujian, China",CH,CH07,13163,25.2225,116.057,10999868,4,"Xiaomi, Fujian, China",CH,CH07,13163,25.2225,116.057,10999868,4,"Xiaomi, Fujian, China",CH,CH07,13163,25.2225,116.057,10999868,20191022131500,Provide aid,Material cooperation
881436516,20191022,201910,USA,UNITED STATES,USA,,,,,,,,CHN,CHINA,CHN,,,,,,,,1,138,138,13,3,-7.0,10,1,10,-4.17633410672854,4,"Beijing, Beijing, China",CH,CH22,13001,39.9289,116.388,-1898541,4,"Beijing, Beijing, China",CH,CH22,13001,39.9289,116.388,-1898541,4,"Beijing, Beijing, China",CH,CH22,13001,39.9289,116.388,-1898541,20191022131500,Threaten,Verbal conflict
881436658,20191022,201910,USAGOV,US GOVERNMENT,USA,,,,,GOV,,,CHN,CHINA,CHN,,,,,,,,1,060,060,06,2,6.0,8,1,8,-4.17633410672854,1,Taiwan,TW,TW,,24.0,121.0,TW,4,"Beijing, Beijing, China",CH,CH22,13001,39.9289,116.388,-1898541,1,Taiwan,TW,TW,,24.0,121.0,TW,20191022131500,Engage in material cooperation,Material cooperation
881440099,20181022,201810,CHN,CHINA,CHN,,,,,,,,USA,UNITED STATES,USA,,,,,,,,1,042,042,04,1,1.9,10,1,10,1.03626943005182,4,"London, London, City of, United Kingdom",UK,UKH9,40110,51.5,-0.116667,-2601889,4,"London, London, City of, United Kingdom",UK,UKH9,40110,51.5,-0.116667,-2601889,4,"London, London, City of, United Kingdom",UK,UKH9,40110,51.5,-0.116667,-2601889,20191022134500,Consult,Verbal cooperation
881440116,20181022,201810,USA,UNITED STATES,USA,,,,,,,,CHN,CHINA,CHN,,,,,,,,1,043,043,04,1,2.8,8,1,8,1.03626943005182,1,United States,US,US,,39.828175,-98.5795,US,1,China,CH,CH,,35.0,105.0,CH,1,Australia,AS,AS,,-25.0,135.0,AS,20191022134500,Consult,Verbal cooperation
881441733,20191022,201910,USA,UNITED STATES,USA,,,,,,,,CHN,CHINA,CHN,,,,,,,,1,061,061,06,2,6.4,10,1,10,0.0,2,"Georgia, United States",US,USGA,,32.9866,-83.6487,GA,1,China,CH,CH,,35.0,105.0,CH,2,"Georgia, United States",US,USGA,,32.9866,-83.6487,GA,20191022134500,Engage in material cooperation,Material cooperation
881441735,20191022,201910,USA,AMERICAN,USA,,,,,,,,CHN,CHINA,CHN,,,,,,,,1,1721,172,17,4,-5.0,8,1,8,-4.65116279069767,1,United States,US,US,,39.828175,-98.5795,US,1,China,CH,CH,,35.0,105.0,CH,1,United States,US,US,,39.828175,-98.5795,US,20191022134500,Coerce,Material conflict
881443633,20191022,201910,CHNMIL,CHINESE,CHN,,,,,MIL,,,USA,UNITED STATES,USA,,,,,,,,1,154,154,15,4,-7.2,6,1,6,-2.321083172147,4,"Beijing, Beijing, China",CH,CH22,13001,39.9289,116.388,-1898541,2,"Ohio, United States",US,USOH,,40.3736,-82.7755,OH,2,"Ohio, United States",US,USOH,,40.3736,-82.7755,OH,20191022140000,Exhibit force posture,Material conflict
881444979,20191022,201910,USA,THE US,USA,,,,,,,,CHN,CHINESE,CHN,,,,,,,,1,020,020,02,1,3.0,10,1,10,-2.28013029315961,1,China,CH,CH,,35.0,105.0,CH,1,China,CH,CH,,35.0,105.0,CH,1,China,CH,CH,,35.0,105.0,CH,20191022140000,Appeal,Verbal cooperation
881445170,20191022,201910,USAMIL,THE US,USA,,,,,MIL,,,CHN,CHINA,CHN,,,,,,,,1,130,130,13,3,-4.4,10,1,10,-2.321083172147,4,"Beijing, Beijing, China",CH,CH22,13001,39.9289,116.388,-1898541,4,"Beijing, Beijing, China",CH,CH22,13001,39.9289,116.388,-1898541,4,"Beijing, Beijing, China",CH,CH22,13001,39.9289,116.388,-1898541,20191022140000,Threaten,Verbal conflict
881452124,20191022,201910,USAEDU,AMERICAN,USA,,,,,EDU,,,CHN,CHINA,CHN,,,,,,,,1,010,010,01,1,0.0,6,1,6,-5.76923076923077,1,China,CH,CH,,35.0,105.0,CH,1,China,CH,CH,,35.0,105.0,CH,1,China,CH,CH,,35.0,105.0,CH,20191022143000,Make public statement,Verbal cooperation
881453910,20191022,201910,CHN,CHINA,CHN,,,,,,,,USA,UNITED STATES,USA,,,,,,,,1,061,061,06,2,6.4,6,1,6,0.0,1,China,CH,CH,,35.0,105.0,CH,2,"Georgia, United States",US,USGA,,32.9866,-83.6487,GA,2,"Georgia, United States",US,USGA,,32.9866,-83.6487,GA,20191022144500,Engage in material cooperation,Material cooperation
881461957,20191022,201910,CHN,CHINA,CHN,,,,,,,,USA,UNITED STATES,USA,,,,,,,,1,061,061,06,2,6.4,6,1,6,0.0,2,"Georgia, United States",US,USGA,,32.9866,-83.6487,GA,2,"Georgia, United States",US,USGA,,32.9866,-83.6487,GA,2,"Georgia, United States",US,USGA,,32.9866,-83.6487,GA,20191022151500,Engage in material cooperation,Material cooperation
881464897,20191022,201910,CHN,CHINA,CHN,,,,,,,,USA,UNITED STATES,USA,,,,,,,,1,046,046,04,1,7.0,10,1,10,2.01793721973094,4,"Bengaluru, Karnataka, India",IN,IN19,70159,12.9833,77.5833,-2090174,4,"Bengaluru, Karnataka, India",IN,IN19,70159,12.9833,77.5833,-2090174,4,"Bengaluru, Karnataka, India",IN,IN19,70159,12.9833,77.5833,-2090174,20191022153000,Consult,Verbal cooperation
881466292,20191022,201910,USA,UNITED STATES,USA,,,,,,,,CHN,CHINA,CHN,,,,,,,,1,046,046,04,1,7.0,6,1,6,2.01793721973094,3,"White House, District of Columbia, United States",US,USDC,,38.8951,-77.0364,531871,1,China,CH,CH,,35.0,105.0,CH,1,China,CH,CH,,35.0,105.0,CH,20191022153000,Consult,Verbal cooperation
881479052,20191022,201910,USALEG,UNITED STATES,USA,,,,,LEG,,,CHN,CHINA,CHN,,,,,,,,1,061,061,06,2,6.4,10,1,10,-3.11284046692607,2,"Tennessee, United States",US,USTN,,35.7449,-86.7489,TN,1,China,CH,CH,,35.0,105.0,CH,1,China,CH,CH,,35.0,105.0,CH,20191022163000,Engage in material cooperation,Material cooperation
881485086,20191022,201910,USA,MIAMI,USA,,,,,,,,CHN,CHINESE,CHN,,,,,,,,1,020,020,02,1,3.0,10,1,10,-2.07852193995381,0,,,,,,,,0,,,,,,,,0,,,,,,,,20191022170000,Appeal,Verbal cooperation
881493673,20191022,201910,CHN,CHINA,CHN,,,,,,,,USAMED,REUTERS,USA,,,,,MED,,,1,010,010,01,1,0.0,10,1,10,-0.20267531414674,1,Malaysia,MY,MY,,2.5,112.5,MY,1,Malaysia,MY,MY,,2.5,112.5,MY,1,Malaysia,MY,MY,,2.5,112.5,MY,20191022174500,Make public statement,Verbal cooperation
881509127,20191022,201910,CHN,CHINA,CHN,,,,,,,,USA,UNITED STATES,USA,,,,,,,,1,040,040,04,1,1.0,10,1,10,-2.42914979757085,1,Russia,RS,RS,,60.0,100.0,RS,1,Russia,RS,RS,,60.0,100.0,RS,1,Russia,RS,RS,,60.0,100.0,RS,20191022190000,Consult,Verbal cooperation
881519568,20191022,201910,USA,UNITED STATES,USA,,,,,,,,CHNCVL,CHINA,CHN,,,,,CVL,,,1,190,190,19,4,-10.0,8,1,8,-9.78723404255321,3,"Oakland, California, United States",US,USCA,CA001,37.8044,-122.271,277566,3,"Oakland, California, United States",US,USCA,CA001,37.8044,-122.271,277566,3,"Oakland, California, United States",US,USCA,CA001,37.8044,-122.271,277566,20191022194500,Fight,Material conflict
881527055,20191022,201910,USA,UNITED STATES,USA,,,,,,,,CHN,CANTON,CHN,,,,,,,,1,172,172,17,4,-5.0,6,1,6,-0.92307692307692,3,"Blue Hills, Massachusetts, United States",US,USMA,MA021,42.2432,-71.0981,612871,3,"Blue Hills, Massachusetts, United States",US,USMA,,42.2432,-71.0981,612871,3,"Blue Hills, Massachusetts, United States",US,USMA,,42.2432,-71.0981,612871,20191022203000,Coerce,Material conflict
881528437,20191022,201910,CHN,CHINA,CHN,,,,,,,,USAEDU,MICHIGAN,USA,,,,,EDU,,,1,036,036,03,1,4.0,10,1,10,-3.88888888888889,1,China,CH,CH,,35.0,105.0,CH,1,China,CH,CH,,35.0,105.0,CH,1,China,CH,CH,,35.0,105.0,CH,20191022204500,Express intent to cooperate,Verbal cooperation
881530005,20191022,201910,USAEDU,MICHIGAN,USA,,,,,EDU,,,CHN,CHINA,CHN,,,,,,,,1,036,036,03,1,4.0,10,1,10,-3.88888888888889,1,China,CH,CH,,35.0,105.0,CH,1,China,CH,CH,,35.0,105.0,CH,1,China,CH,CH,,35.0,105.0,CH,20191022204500,Express intent to cooperate,Verbal cooperation
881530006,20191022,201910,USAEDU,MICHIGAN,USA,,,,,EDU,,,CHN,CHINA,CHN,,,,,,,,1,090,090,09,2,-2.0,10,1,10,-3.88888888888889,1,China,CH,CH,,35.0,105.0,CH,1,China,CH,CH,,35.0,105.0,CH,1,China,CH,CH,,35.0,105.0,CH,20191022204500,Investigate,Material cooperation
881533463,20181022,201810,USAMED,REUTERS,USA,,,,,MED,,,CHN,CHINA,CHN,,,,,,,,1,0831,083,08,2,5.0,6,1,6,0.0,4,"Beijing, Beijing, China",CH,CH22,13001,39.9289,116.388,-1898541,4,"Beijing, Beijing, China",CH,CH22,13001,39.9289,116.388,-1898541,4,"Beijing, Beijing, China",CH,CH22,13001,39.9289,116.388,-1898541,20191022211500,Yield,Material cooperation
881533795,20191022,201910,CHN,CHINA,CHN,,,,,,,,USA,UNITED STATES,USA,,,,,,,,1,046,046,04,1,7.0,6,1,6,-2.55319148936171,4,"Shanghai, Shanghai, China",CH,CH23,13243,31.2222,121.458,-1924465,1,United States,US,US,,39.828175,-98.5795,US,4,"Shanghai, Shanghai, China",CH,CH23,13243,31.2222,121.458,-1924465,20191022211500,Consult,Verbal cooperation
881534752,20191022,201910,USA,UNITED STATES,USA,,,,,,,,CHN,CHINA,CHN,,,,,,,,1,046,046,04,1,7.0,6,1,6,-2.55319148936171,1,United States,US,US,,39.828175,-98.5795,US,4,"Shanghai, Shanghai, China",CH,CH23,13243,31.2222,121.458,-1924465,4,"Shanghai, Shanghai, China",CH,CH23,13243,31.2222,121.458,-1924465,20191022211500,Consult,Verbal cooperation
881541347,20191022,201910,USA,WASHINGTON,USA,,,,,,,,CHN,BEIJING,CHN,,,,,,,,1,054,054,05,1,6.0,7,1,7,3.16455696202532,3,"Washington, District of Columbia, United States",US,USDC,DC001,38.8951,-77.0364,531871,4,"Beijing, Beijing, China",CH,CH22,13001,39.9289,116.388,-1898541,4,"Beijing, Beijing, China",CH,CH22,13001,39.9289,116.388,-1898541,20191022220000,Engage in diplomatic cooperation,Verbal cooperation
881547462,20191022,201910,CHNGOV,CHINESE,CHN,,,,,GOV,,,USAMEDBUS,REUTERS,USA,,,,,MED,BUS,,1,040,040,04,1,1.0,6,1,6,-2.59938837920489,4,"Paris, France (general), France",FR,FR00,16282,48.8667,2.33333,-1456928,4,"Xinjiang, Jiangxi, China",CH,CH03,13167,27.7481,116.274,11065838,4,"Paris, France (general), France",FR,FR00,16282,48.8667,2.33333,-1456928,20191022224500,Consult,Verbal cooperation
881548653,20191022,201910,USA,AMERICAN,USA,,,,,,,,CHN,CHINA,CHN,,,,,,,,1,020,020,02,1,3.0,7,1,7,3.34728033472804,3,"White House, District of Columbia, United States",US,USDC,,38.8951,-77.0364,531871,1,China,CH,CH,,35.0,105.0,CH,3,"White House, District of Columbia, United States",US,USDC,,38.8951,-77.0364,531871,20191022224500,Appeal,Verbal cooperation
881549900,20191022,201910,CHN,CHINA,CHN,,,,,,,,USA,UNITED STATES,USA,,,,,,,,1,030,030,03,1,4.0,6,1,6,-3.05997552019584,4,"Beijing, Beijing, China",CH,CH22,13001,39.9289,116.388,-1898541,3,"White House, District of Columbia, United States",US,USDC,,38.8951,-77.0364,531871,4,"Beijing, Beijing, China",CH,CH22,13001,39.9289,116.388,-1898541,20191022230000,Express intent to cooperate,Verbal cooperation
881550904,20191022,201910,USA,UNITED STATES,USA,,,,,,,,CHN,CHINA,CHN,,,,,,,,1,030,030,03,1,4.0,6,1,6,-3.05997552019584,3,"White House, District of Columbia, United States",US,USDC,,38.8951,-77.0364,531871,4,"Beijing, Beijing, China",CH,CH22,13001,39.9289,116.388,-1898541,4,"Beijing, Beijing, China",CH,CH22,13001,39.9289,116.388,-1898541,20191022230000,Express intent to cooperate,Verbal cooperation
881559184,20191023,201910,CHN,CHINA,CHN,,,,,,,,USA,UNITED STATES,USA,,,,,,,,1,190,190,19,4,-10.0,8,1,8,-3.68098159509203,1,Russia,RS,RS,,60.0,100.0,RS,1,Saudi Arabia,SA,SA,,25.0,45.0,SA,1,Russia,RS,RS,,60.0,100.0,RS,20191023000000,Fight,Material conflict
881559187,20191023,201910,CHNGOV,CHINESE,CHN,,,,,GOV,,,USABUS,AMERICAN,USA,,,,,BUS,,,1,100,100,10,3,-5.0,6,1,6,-4.98915401301518,1,China,CH,CH,,35.0,105.0,CH,1,United States,US,US,,39.828175,-98.5795,US,1,United States,US,US,,39.828175,-98.5795,US,20191023000000,Demand,Verbal conflict
881561556,20191023,201910,USA,THE US,USA,,,,,,,,CHN,CHINESE,CHN,,,,,,,,1,020,020,02,1,3.0,10,1,10,0.0,1,United Kingdom,UK,UK,,54.0,-4.0,UK,1,United Kingdom,UK,UK,,54.0,-4.0,UK,1,United Kingdom,UK,UK,,54.0,-4.0,UK,20191023000000,Appeal,Verbal cooperation
881563986,20191023,201910,CHN,CHINA,CHN,,,,,,,,USA,AMERICAN,USA,,,,,,,,1,173,173,17,4,-5.0,10,1,10,-3.73134328358208,1,United States,US,US,,39.828175,-98.5795,US,1,United States,US,US,,39.828175,-98.5795,US,1,United States,US,US,,39.828175,-98.5795,US,20191023001500,Coerce,Material conflict
881568523,20191023,201910,CHN,CHINA,CHN,,,,,,,,USA,THE US,USA,,,,,,,,1,036,036,03,1,4.0,10,1,10,-6.03112840466926,4,"Shanghai, Shanghai, China",CH,CH23,13243,31.2222,121.458,-1924465,4,"Shanghai, Shanghai, China",CH,CH23,13243,31.2222,121.458,-1924465,4,"Shanghai, Shanghai, China",CH,CH23,13243,31.2222,121.458,-1924465,20191023003000,Express intent to cooperate,Verbal cooperation
881570425,20191023,201910,USA,THE US,USA,,,,,,,,CHN,CHINA,CHN,,,,,,,,1,036,036,03,1,4.0,6,1,6,-6.03112840466926,1,Singapore,SN,SN,,1.366667,103.8,SN,1,Singapore,SN,SN,,1.366667,103.8,SN,1,Singapore,SN,SN,,1.366667,103.8,SN,20191023003000,Express intent to cooperate,Verbal cooperation
881570426,20191023,201910,USA,THE US,USA,,,,,,,,CHN,CHINA,CHN,,,,,,,,1,070,070,07,2,7.0,10,1,10,-6.03112840466926,4,"Shanghai, Shanghai, China",CH,CH23,13243,31.2222,121.458,-1924465,4,"Shanghai, Shanghai, China",CH,CH23,13243,31.2222,121.458,-1924465,4,"Shanghai, Shanghai, China",CH,CH23,13243,31.2222,121.458,-1924465,20191023003000,Provide aid,Material cooperation
881574087,20191023,201910,USA,UNITED STATES,USA,,,,,,,,CHN,CHINA,CHN,,,,,,,,1,063,063,06,2,7.4,8,1,8,-8.04195804195804,2,"Oregon, United States",US,USOR,,44.5672,-122.127,OR,4,"Quan Jiang, Jiangxi, China",CH,CH03,13166,27.7,113.933,-1922889,4,"Quan Jiang, Jiangxi, China",CH,CH03,13166,27.7,113.933,-1922889,20191023004500,Engage in material cooperation,Material cooperation
881574089,20191023,201910,USA,UNITED STATES,USA,,,,,,,,CHN,CHINA,CHN,,,,,,,,1,173,173,17,4,-5.0,10,1,10,-8.04195804195804,2,"Oregon, United States",US,USOR,,44.5672,-122.127,OR,4,"Quan Jiang, Jiangxi, China",CH,CH03,13166,27.7,113.933,-1922889,4,"Quan Jiang, Jiangxi, China",CH,CH03,13166,27.7,113.933,-1922889,20191023004500,Coerce,Material conflict
881574092,20191023,201910,USA,UNITED STATES,USA,,,,,,,,CHNCVL,CHINA,CHN,,,,,CVL,,,1,190,190,19,4,-10.0,8,1,8,-9.82905982905986,3,"Oakland, California, United States",US,USCA,CA001,37.8044,-122.271,277566,3,"Oakland, California, United States",US,USCA,CA001,37.8044,-122.271,277566,3,"Oakland, California, United States",US,USCA,CA001,37.8044,-122.271,277566,20191023004500,Fight,Material conflict
881574093,20191023,201910,USA,CHICAGO,USA,,,,,,,,CHNOPP,TIBET,CHN,,,,,OPP,,,1,051,051,05,1,3.4,10,1,10,0.0,3,"Chicago, Illinois, United States",US,USIL,IL031,41.85,-87.6501,423587,3,"Chicago, Illinois, United States",US,USIL,IL031,41.85,-87.6501,423587,3,"Chicago, Illinois, United States",US,USIL,IL031,41.85,-87.6501,423587,20191023004500,Engage in diplomatic cooperation,Verbal cooperation
881574094,20191023,201910,USA,CHICAGO,USA,,,,,,,,CHNOPP,TIBET,CHN,,,,,OPP,,,1,141,141,14,3,-6.5,10,1,10,0.0,3,"Chicago, Illinois, United States",US,USIL,IL031,41.85,-87.6501,423587,3,"Chicago, Illinois, United States",US,USIL,IL031,41.85,-87.6501,423587,3,"Chicago, Illinois, United States",US,USIL,IL031,41.85,-87.6501,423587,20191023004500,Protest,Verbal conflict
881576053,20191023,201910,CHN,CHINA,CHN,,,,,,,,USA,UNITED STATES,USA,,,,,,,,1,036,036,03,1,4.0,6,1,6,1.98019801980198,4,"Wuzhen, Hubei, China",CH,CH12,13129,31.6836,112.004,-1931252,2,"New York, United States",US,USNY,,42.1497,-74.9384,NY,2,"New York, United States",US,USNY,,42.1497,-74.9384,NY,20191023010000,Express intent to cooperate,Verbal cooperation
881576055,20191023,201910,CHN,CHINA,CHN,,,,,,,,USA,UNITED STATES,USA,,,,,,,,1,043,043,04,1,2.8,6,1,6,1.98019801980198,4,"Wuzhen, Hubei, China",CH,CH12,13129,31.6836,112.004,-1931252,2,"New York, United States",US,USNY,,42.1497,-74.9384,NY,4,"Wuzhen, Hubei, China",CH,CH12,13129,31.6836,112.004,-1931252,20191023010000,Consult,Verbal cooperation
881577718,20191023,201910,USA,UNITED STATES,USA,,,,,,,,CHN,CHINA,CHN,,,,,,,,1,036,036,03,1,4.0,6,1,6,1.98019801980198,2,"New York, United States",US,USNY,,42.1497,-74.9384,NY,4,"Wuzhen, Hubei, China",CH,CH12,13129,31.6836,112.004,-1931252,2,"New York, United States",US,USNY,,42.1497,-74.9384,NY,20191023010000,Express intent to cooperate,Verbal cooperation
881577720,20191023,201910,USA,UNITED STATES,USA,,,,,,,,CHN,CHINA,CHN,,,,,,,,1,042,042,04,1,1.9,6,1,6,1.98019801980198,2,"New York, United States",US,USNY,,42.1497,-74.9384,NY,4,"Wuzhen, Hubei, China",CH,CH12,13129,31.6836,112.004,-1931252,4,"Wuzhen, Hubei, China",CH,CH12,13129,31.6836,112.004,-1931252,20191023010000,Consult,Verbal cooperation
881577722,20191023,201910,USA,THE US,USA,,,,,,,,CHN,BEIJING,CHN,,,,,,,,1,161,161,16,4,-4.0,10,1,10,-2.45901639344263,4,"Xiangshan, Guangdong, China",CH,CH30,13046,23.6326,116.733,10074537,4,"Xiangshan, Guangdong, China",CH,CH30,13046,23.6326,116.733,10074537,4,"Xiangshan, Guangdong, China",CH,CH30,13046,23.6326,116.733,10074537,20191023010000,Reduce relations,Material conflict
881585099,20191023,201910,CHN,CHINA,CHN,,,,,,,,USA,THE US,USA,,,,,,,,1,046,046,04,1,7.0,18,1,6,-0.2710027100271,1,China,CH,CH,,35.0,105.0,CH,1,China,CH,CH,,35.0,105.0,CH,1,China,CH,CH,,35.0,105.0,CH,20191023014500,Consult,Verbal cooperation
881586212,20191023,201910,USA,THE US,USA,,,,,,,,CHN,CHINA,CHN,,,,,,,,1,046,046,04,1,7.0,18,1,6,-0.2710027100271,1,China,CH,CH,,35.0,105.0,CH,1,China,CH,CH,,35.0,105.0,CH,1,China,CH,CH,,35.0,105.0,CH,20191023014500,Consult,Verbal cooperation
881590111,20191023,201910,CHN,CHINA,CHN,,,,,,,,USA,THE US,USA,,,,,,,,1,051,051,05,1,3.4,8,1,8,0.42918454935622,3,"Washington, District of Columbia, United States",US,USDC,DC001,38.8951,-77.0364,531871,3,"Washington, District of Columbia, United States",US,USDC,DC001,38.8951,-77.0364,531871,4,"Canberra, Australian Capital Territory, Australia",AS,AS01,4940,-35.2833,149.217,-1563952,20191023021500,Engage in diplomatic cooperation,Verbal cooperation
881590112,20191023,201910,CHN,CHINA,CHN,,,,,,,,USA,THE US,USA,,,,,,,,1,057,057,05,1,8.0,10,1,10,0.42918454935622,1,China,CH,CH,,35.0,105.0,CH,1,China,CH,CH,,35.0,105.0,CH,1,China,CH,CH,,35.0,105.0,CH,20191023021500,Engage in diplomatic cooperation,Verbal cooperation
881591214,20191023,201910,USA,THE US,USA,,,,,,,,CHN,CHINA,CHN,,,,,,,,1,057,057,05,1,8.0,10,1,10,0.42918454935622,1,China,CH,CH,,35.0,105.0,CH,1,China,CH,CH,,35.0,105.0,CH,1,China,CH,CH,,35.0,105.0,CH,20191023021500,Engage in diplomatic cooperation,Verbal cooperation
881596664,20191023,201910,CHN,CHINA,CHN,,,,,,,,USA,THE US,USA,,,,,,,,1,042,042,04,1,1.9,10,1,10,1.55844155844156,4,"Sichuan, Gansu, China",CH,CH15,13024,35.1221,105.48,10650455,4,"Sichuan, Gansu, China",CH,CH15,13024,35.1221,105.48,10650455,4,"Sichuan, Gansu, China",CH,CH15,13024,35.1221,105.48,10650455,20191023030000,Consult,Verbal cooperation
881597679,20191023,201910,USA,THE US,USA,,,,,,,,CHN,CHINA,CHN,,,,,,,,1,043,043,04,1,2.8,10,1,10,1.55844155844156,4,"Qiheng, Shaanxi, China",CH,CH26,13218,34.4751,107.963,10673902,4,"Qiheng, Shaanxi, China",CH,CH26,13218,34.4751,107.963,10673902,4,"Qiheng, Shaanxi, China",CH,CH26,13218,34.4751,107.963,10673902,20191023030000,Consult,Verbal cooperation
881605655,20191023,201910,MNCCHN,PETROCHINA,CHN,,,,,MNC,,,USAMED,REUTERS,USA,,,,,MED,,,1,010,010,01,1,0.0,10,1,10,1.05263157894737,1,France,FR,FR,,46.0,2.0,FR,1,France,FR,FR,,46.0,2.0,FR,1,France,FR,FR,,46.0,2.0,FR,20191023040000,Make public statement,Verbal cooperation
881608731,20191023,201910,CHN,CHINA,CHN,,,,,,,,USA,AMERICAN,USA,,,,,,,,1,010,010,01,1,0.0,12,2,12,-1.99652777777778,2,"New York, United States",US,USNY,,42.1497,-74.9384,NY,2,"New York, United States",US,USNY,,42.1497,-74.9384,NY,2,"New York, United States",US,USNY,,42.1497,-74.9384,NY,20191023043000,Make public statement,Verbal cooperation
881608732,20191023,201910,CHN,CHINA,CHN,,,,,,,,USA,CHICAGO,USA,,,,,,,,1,0841,084,08,2,7.0,6,2,6,0.34722222222222,1,Russia,RS,RS,,60.0,100.0,RS,1,Argentina,AR,AR,,-34.0,-64.0,AR,1,Australia,AS,AS,,-25.0,135.0,AS,20191023043000,Yield,Material cooperation
881617802,20191023,201910,CHN,CHINA,CHN,,,,,,,,USA,UNITED STATES,USA,,,,,,,,1,046,046,04,1,7.0,6,1,6,-2.50965250965251,4,"Shenzhen, Guangdong, China",CH,CH30,13036,22.2,111.117,-1925267,1,United States,US,US,,39.828175,-98.5795,US,4,"Shenzhen, Guangdong, China",CH,CH30,13036,22.2,111.117,-1925267,20191023053000,Consult,Verbal cooperation
881617809,20191023,201910,CHNGOV,CHINA,CHN,,,,,GOV,,,USA,UNITED STATES,USA,,,,,,,,1,013,013,01,1,0.4,6,1,6,-2.50965250965251,4,"Shenzhen, Guangdong, China",CH,CH30,13036,22.2,111.117,-1925267,1,United States,US,US,,39.828175,-98.5795,US,4,"Shenzhen, Guangdong, China",CH,CH30,13036,22.2,111.117,-1925267,20191023053000,Make public statement,Verbal cooperation
881618761,20191023,201910,USA,UNITED STATES,USA,,,,,,,,CHN,CHINA,CHN,,,,,,,,1,046,046,04,1,7.0,6,1,6,-2.50965250965251,1,United States,US,US,,39.828175,-98.5795,US,4,"Shenzhen, Guangdong, China",CH,CH30,13036,22.2,111.117,-1925267,4,"Shenzhen, Guangdong, China",CH,CH30,13036,22.2,111.117,-1925267,20191023053000,Consult,Verbal cooperation
881620137,20191023,201910,CHN,BEIJING,CHN,,,,,,,,USA,WASHINGTON,USA,,,,,,,,1,046,046,04,1,7.0,6,1,6,-1.30331753554503,4,"Beijing, Beijing, China",CH,CH22,13001,39.9289,116.388,-1898541,3,"Washington, District of Columbia, United States",US,USDC,DC001,38.8951,-77.0364,531871,3,"Washington, District of Columbia, United States",US,USDC,DC001,38.8951,-77.0364,531871,20191023054500,Consult,Verbal cooperation
881620141,20191023,201910,CHN,CHINA,CHN,,,,,,,,USA,UNITED STATES,USA,,,,,,,,1,061,061,06,2,6.4,8,1,8,-1.30331753554503,4,"Beijing, Beijing, China",CH,CH22,13001,39.9289,116.388,-1898541,3,"Washington, District of Columbia, United States",US,USDC,DC001,38.8951,-77.0364,531871,3,"Washington, District of Columbia, United States",US,USDC,DC001,38.8951,-77.0364,531871,20191023054500,Engage in material cooperation,Material cooperation
881621341,20191023,201910,USA,WASHINGTON,USA,,,,,,,,CHN,BEIJING,CHN,,,,,,,,1,046,046,04,1,7.0,10,1,10,-1.30331753554503,3,"Washington, District of Columbia, United States",US,USDC,DC001,38.8951,-77.0364,531871,3,"Washington, District of Columbia, United States",US,USDC,DC001,38.8951,-77.0364,531871,3,"Washington, District of Columbia, United States",US,USDC,DC001,38.8951,-77.0364,531871,20191023054500,Consult,Verbal cooperation
881634568,20191023,201910,CHN,CHINA,CHN,,,,,,,,USA,HOUSTON,USA,,,,,,,,1,043,043,04,1,2.8,10,1,10,1.94552529182879,5,"Zhejiang, Zhejiang, China",CH,CH02,13325,29.0,120.0,-1938694,3,"Houston, Texas, United States",US,USTX,TX201,29.7633,-95.3633,1380948,5,"Zhejiang, Zhejiang, China",CH,CH02,13325,29.0,120.0,-1938694,20191023071500,Consult,Verbal cooperation
881634569,20191023,201910,CHN,CHINA,CHN,,,,,,,,USA,TEXAS,USA,,,,,,,,1,043,043,04,1,2.8,8,1,8,1.94552529182879,5,"Zhejiang, Zhejiang, China",CH,CH02,13325,29.0,120.0,-1938694,2,"Texas, United States",US,USTX,,31.106,-97.6475,TX,5,"Zhejiang, Zhejiang, China",CH,CH02,13325,29.0,120.0,-1938694,20191023071500,Consult,Verbal cooperation
881634572,20191023,201910,CHN,CHINA,CHN,,,,,,,,USA,UNITED STATES,USA,,,,,,,,1,190,190,19,4,-10.0,34,2,34,-2.17601148924649,1,Russia,RS,RS,,60.0,100.0,RS,4,"Paris, France (general), France",FR,FR00,16282,48.8667,2.33333,-1456928,1,Russia,RS,RS,,60.0,100.0,RS,20191023071500,Fight,Material conflict
881634573,20191023,201910,CHN,CHINA,CHN,,,,,,,,USA,UNITED STATES,USA,,,,,,,,1,190,190,19,4,-10.0,6,1,6,-1.97368421052632,1,Russia,RS,RS,,60.0,100.0,RS,1,Russia,RS,RS,,60.0,100.0,RS,1,Russia,RS,RS,,60.0,100.0,RS,20191023071500,Fight,Material conflict
881635569,20191023,201910,USA,HOUSTON,USA,,,,,,,,CHN,CHINA,CHN,,,,,,,,1,042,042,04,1,1.9,10,1,10,1.94552529182879,3,"Houston, Texas, United States",US,USTX,TX201,29.7633,-95.3633,1380948,5,"Zhejiang, Zhejiang, China",CH,CH02,13325,29.0,120.0,-1938694,5,"Zhejiang, Zhejiang, China",CH,CH02,13325,29.0,120.0,-1938694,20191023071500,Consult,Verbal cooperation
881635570,20191023,201910,USA,TEXAS,USA,,,,,,,,CHN,CHINA,CHN,,,,,,,,1,042,042,04,1,1.9,6,1,6,1.94552529182879,3,"Houston, Texas, United States",US,USTX,TX201,29.7633,-95.3633,1380948,3,"Houston, Texas, United States",US,USTX,TX201,29.7633,-95.3633,1380948,3,"Houston, Texas, United States",US,USTX,TX201,29.7633,-95.3633,1380948,20191023071500,Consult,Verbal cooperation
881635571,20191023,201910,USA,UNITED STATES,USA,,,,,,,,CHN,CHINA,CHN,,,,,,,,1,190,190,19,4,-10.0,40,2,40,-2.14566239743847,1,United States,US,US,,39.828175,-98.5795,US,1,China,CH,CH,,35.0,105.0,CH,1,China,CH,CH,,35.0,105.0,CH,20191023071500,Fight,Material conflict
881642155,20191023,201910,CHN,CHINA,CHN,,,,,,,,USA,THE US,USA,,,,,,,,1,190,190,19,4,-10.0,10,1,10,-3.7037037037037,4,"Hurun, Guangxi, China",CH,CH16,13061,22.9619,106.709,-1911224,4,"Hurun, Guangxi, China",CH,CH16,13061,22.9619,106.709,-1911224,4,"Hurun, Guangxi, China",CH,CH16,13061,22.9619,106.709,-1911224,20191023080000,Fight,Material conflict
881643119,20191023,201910,USA,THE US,USA,,,,,,,,CHN,CHINA,CHN,,,,,,,,1,190,190,19,4,-10.0,20,1,10,-3.7037037037037,4,"Hurun, Guangxi, China",CH,CH16,13061,22.9619,106.709,-1911224,4,"Hurun, Guangxi, China",CH,CH16,13061,22.9619,106.709,-1911224,4,"Hurun, Guangxi, China",CH,CH16,13061,22.9619,106.709,-1911224,20191023080000,Fight,Material conflict
881650530,20190923,201909,USA,WASHINGTON,USA,,,,,,,,CHN,CHINA,CHN,,,,,,,,1,030,030,03,1,4.0,10,1,10,-1.12359550561798,3,"White House, District of Columbia, United States",US,USDC,,38.8951,-77.0364,531871,3,"White House, District of Columbia, United States",US,USDC,,38.8951,-77.0364,531871,3,"White House, District of Columbia, United States",US,USDC,,38.8951,-77.0364,531871,20191023084500,Express intent to cooperate,Verbal cooperation
881657183,20191023,201910,USA,UNITED STATES OF AMERICA,USA,,,,,,,,CHN,CHINA,CHN,,,,,,,,1,040,040,04,1,1.0,7,1,7,-2.08333333333334,1,United States,US,US,,39.828175,-98.5795,US,1,China,CH,CH,,35.0,105.0,CH,1,United States,US,US,,39.828175,-98.5795,US,20191023091500,Consult,Verbal cooperation
881658964,20191023,201910,CHN,CHINA,CHN,,,,,,,,USA,THE US,USA,,,,,,,,1,046,046,04,1,7.0,12,1,12,4.19161676646707,1,China,CH,CH,,35.0,105.0,CH,4,"Moscow, Moskva, Russia",RS,RS48,25106,55.7522,37.6156,-2960561,1,Afghanistan,AF,AF,,33.0,66.0,AF,20191023093000,Consult,Verbal cooperation
881658965,20191023,201910,CHN,BEIJING,CHN,,,,,,,,USA,WASHINGTON,USA,,,,,,,,1,051,051,05,1,3.4,10,1,10,1.80555555555555,1,Canada,CA,CA,,60.0,-96.0,CA,1,Canada,CA,CA,,60.0,-96.0,CA,1,Canada,CA,CA,,60.0,-96.0,CA,20191023093000,Engage in diplomatic cooperation,Verbal cooperation
881658967,20191023,201910,CHN,CHINA,CHN,,,,,,,,USA,UNITED STATES,USA,,,,,,,,1,100,100,10,3,-5.0,6,1,6,2.92887029288703,2,"Georgia, United States",US,USGA,,32.9866,-83.6487,GA,2,"Georgia, United States",US,USGA,,32.9866,-83.6487,GA,2,"Georgia, United States",US,USGA,,32.9866,-83.6487,GA,20191023093000,Demand,Verbal conflict
881660432,20191023,201910,USA,THE US,USA,,,,,,,,CHN,CHINA,CHN,,,,,,,,1,046,046,04,1,7.0,12,1,12,4.19161676646707,4,"Moscow, Moskva, Russia",RS,RS48,25106,55.7522,37.6156,-2960561,1,China,CH,CH,,35.0,105.0,CH,1,Afghanistan,AF,AF,,33.0,66.0,AF,20191023093000,Consult,Verbal cooperation
881665378,20191023,201910,CHN,BEIJING,CHN,,,,,,,,USAMED,REUTERS,USA,,,,,MED,,,1,111,111,11,3,-2.0,6,1,6,1.68918918918919,4,"Beijing, Beijing, China",CH,CH22,13001,39.9289,116.388,-1898541,4,"Beijing, Beijing, China",CH,CH22,13001,39.9289,116.388,-1898541,4,"Beijing, Beijing, China",CH,CH22,13001,39.9289,116.388,-1898541,20191023100000,Disapprove,Verbal conflict
881666686,20191023,201910,USA,UNITED STATES,USA,,,,,,,,CHN,CANTON,CHN,,,,,,,,1,190,190,19,4,-10.0,12,2,12,-5.99104143337066,1,China,CH,CH,,35.0,105.0,CH,1,China,CH,CH,,35.0,105.0,CH,1,China,CH,CH,,35.0,105.0,CH,20191023100000,Fight,Material conflict
881669679,20191023,201910,CHN,CHINA,CHN,,,,,,,,USA,UNITED STATES,USA,,,,,,,,1,190,190,19,4,-10.0,8,1,8,-2.92887029288703,1,Russia,RS,RS,,60.0,100.0,RS,1,France,FR,FR,,46.0,2.0,FR,1,Russia,RS,RS,,60.0,100.0,RS,20191023101500,Fight,Material conflict
881671371,20191023,201910,CHN,CHINA,CHN,,,,,,,,USA,THE US,USA,,,,,,,,1,190,190,19,4,-10.0,10,1,10,-2.16126350789692,4,"Beijing, Beijing, China",CH,CH22,13001,39.9289,116.388,-1898541,4,"Beijing, Beijing, China",CH,CH22,13001,39.9289,116.388,-1898541,4,"Beijing, Beijing, China",CH,CH22,13001,39.9289,116.388,-1898541,20191023103000,Fight,Material conflict
881671372,20191023,201910,CHN,CHINA,CHN,,,,,,,,USA,UNITED STATES,USA,,,,,,,,1,190,190,19,4,-10.0,10,1,10,-1.49253731343284,1,China,CH,CH,,35.0,105.0,CH,1,United States,US,US,,39.828175,-98.5795,US,1,China,CH,CH,,35.0,105.0,CH,20191023103000,Fight,Material conflict
881672583,20191023,201910,USA,THE US,USA,,,,,,,,CHN,CHINA,CHN,,,,,,,,1,072,072,07,2,8.3,10,1,10,-2.16126350789692,4,"Zhen Ding, Yunlin Xian, Taiwan",TW,TW27,13277,23.7067,120.22,-2629052,4,"Zhen Ding, Yunlin Xian, Taiwan",TW,TW27,13277,23.7067,120.22,-2629052,4,"Zhen Ding, Yunlin Xian, Taiwan",TW,TW27,13277,23.7067,120.22,-2629052,20191023103000,Provide aid,Material cooperation
881672584,20191023,201910,USA,THE US,USA,,,,,,,,CHN,CHINA,CHN,,,,,,,,1,190,190,19,4,-10.0,10,1,10,-2.16126350789692,4,"Beijing, Beijing, China",CH,CH22,13001,39.9289,116.388,-1898541,4,"Beijing, Beijing, China",CH,CH22,13001,39.9289,116.388,-1898541,4,"Beijing, Beijing, China",CH,CH22,13001,39.9289,116.388,-1898541,20191023103000,Fight,Material conflict
881677440,20191023,201910,USA,WASHINGTON,USA,,,,,,,,CHN,BEIJING,CHN,,,,,,,,1,046,046,04,1,7.0,10,1,10,-0.73891625615764,4,"Tokyo, Tokyo, Japan",JA,JA40,36340,35.685,139.751,-246227,4,"Tokyo, Tokyo, Japan",JA,JA40,36340,35.685,139.751,-246227,4,"Tokyo, Tokyo, Japan",JA,JA40,36340,35.685,139.751,-246227,20191023104500,Consult,Verbal cooperation
881682701,20191023,201910,CHN,CHINA,CHN,,,,,,,,USA,THE US,USA,,,,,,,,1,023,023,02,1,3.4,8,1,8,-1.84842883548983,1,China,CH,CH,,35.0,105.0,CH,1,China,CH,CH,,35.0,105.0,CH,1,China,CH,CH,,35.0,105.0,CH,20191023111500,Appeal,Verbal cooperation
881699100,20191023,201910,CHNGOV,CHINA,CHN,,,,,GOV,,,USA,WASHINGTON,USA,,,,,,,,1,013,013,01,1,0.4,6,1,6,-1.14155251141552,4,"Beijing, Beijing, China",CH,CH22,13001,39.9289,116.388,-1898541,3,"Washington, District of Columbia, United States",US,USDC,DC001,38.8951,-77.0364,531871,4,"Beijing, Beijing, China",CH,CH22,13001,39.9289,116.388,-1898541,20191023123000,Make public statement,Verbal cooperation
881700541,20191023,201910,USA,WASHINGTON,USA,,,,,,,,CHN,BEIJING,CHN,,,,,,,,1,046,046,04,1,7.0,6,1,6,-1.14155251141552,3,"Washington, District of Columbia, United States",US,USDC,DC001,38.8951,-77.0364,531871,4,"Beijing, Beijing, China",CH,CH22,13001,39.9289,116.388,-1898541,3,"Washington, District of Columbia, United States",US,USDC,DC001,38.8951,-77.0364,531871,20191023123000,Consult,Verbal cooperation
881707325,20191023,201910,USA,WASHINGTON,USA,,,,,,,,CHN,BEIJING,CHN,,,,,,,,1,014,014,01,1,0.0,8,1,8,-0.79365079365079,4,"Incheon, Inch'on-gwangyoksi, South Korea",KS,KS12,24980,37.4536,126.732,-708814,4,"Incheon, Inch'on-gwangyoksi, South Korea",KS,KS12,24980,37.4536,126.732,-708814,1,Japan,JA,JA,,36.0,138.0,JA,20191023130000,Make public statement,Verbal cooperation
881707328,20191023,201910,USA,WASHINGTON,USA,,,,,,,,CHN,BEIJING,CHN,,,,,,,,1,130,130,13,3,-4.4,8,1,8,-2.73684210526315,4,"Beijing, Beijing, China",CH,CH22,13001,39.9289,116.388,-1898541,4,"Beijing, Beijing, China",CH,CH22,13001,39.9289,116.388,-1898541,4,"Beijing, Beijing, China",CH,CH22,13001,39.9289,116.388,-1898541,20191023130000,Threaten,Verbal conflict
881712427,20191023,201910,CHN,CHINA,CHN,,,,,,,,USAMED,REUTERS,USA,,,,,MED,,,1,046,046,04,1,7.0,10,1,10,0.714285714285716,4,"Guangzhou, Guangdong, China",CH,CH30,13033,23.1167,113.25,-1907161,4,"Guangzhou, Guangdong, China",CH,CH30,13033,23.1167,113.25,-1907161,4,"Guangzhou, Guangdong, China",CH,CH30,13033,23.1167,113.25,-1907161,20191023133000,Consult,Verbal cooperation
881713857,20191023,201910,USAMED,REUTERS,USA,,,,,MED,,,CHN,CHINA,CHN,,,,,,,,1,046,046,04,1,7.0,10,1,10,0.714285714285716,1,United States,US,US,,39.828175,-98.5795,US,1,United States,US,US,,39.828175,-98.5795,US,1,United States,US,US,,39.828175,-98.5795,US,20191023133000,Consult,Verbal cooperation
881719349,20191023,201910,USA,THE US,USA,,,,,,,,CHNBUS,CHINESE,CHN,,,,,BUS,,,1,163,163,16,4,-8.0,6,1,6,-1.1070110701107,1,China,CH,CH,,35.0,105.0,CH,1,China,CH,CH,,35.0,105.0,CH,1,China,CH,CH,,35.0,105.0,CH,20191023140000,Reduce relations,Material conflict
881724797,20191023,201910,CHN,CHINA,CHN,,,,,,,,USA,AMERICAN,USA,,,,,,,,1,040,040,04,1,1.0,10,1,10,-4.6875,1,China,CH,CH,,35.0,105.0,CH,1,United States,US,US,,39.828175,-98.5795,US,1,China,CH,CH,,35.0,105.0,CH,20191023143000,Consult,Verbal cooperation
881724798,20191023,201910,CHN,CHINA,CHN,,,,,,,,USA,AMERICAN,USA,,,,,,,,1,042,042,04,1,1.9,10,1,10,-4.6875,1,China,CH,CH,,35.0,105.0,CH,1,United States,US,US,,39.828175,-98.5795,US,1,China,CH,CH,,35.0,105.0,CH,20191023143000,Consult,Verbal cooperation
881726403,20191023,201910,USA,AMERICAN,USA,,,,,,,,CHN,CHINA,CHN,,,,,,,,1,040,040,04,1,1.0,10,1,10,-4.6875,1,United States,US,US,,39.828175,-98.5795,US,1,China,CH,CH,,35.0,105.0,CH,1,China,CH,CH,,35.0,105.0,CH,20191023143000,Consult,Verbal cooperation
881726404,20191023,201910,USA,AMERICAN,USA,,,,,,,,CHN,CHINA,CHN,,,,,,,,1,043,043,04,1,2.8,10,1,10,-4.6875,1,United States,US,US,,39.828175,-98.5795,US,1,China,CH,CH,,35.0,105.0,CH,1,China,CH,CH,,35.0,105.0,CH,20191023143000,Consult,Verbal cooperation
881736987,20191023,201910,USA,UNITED STATES,USA,,,,,,,,CHN,CHINA,CHN,,,,,,,,1,010,010,01,1,0.0,10,2,10,2.28571428571429,1,United States,US,US,,39.828175,-98.5795,US,1,United Kingdom,UK,UK,,54.0,-4.0,UK,1,United States,US,US,,39.828175,-98.5795,US,20191023151500,Make public statement,Verbal cooperation
881736990,20191023,201910,USA,UNITED STATES,USA,,,,,,,,CHN,CHINA,CHN,,,,,,,,1,173,173,17,4,-5.0,6,1,6,0.699300699300699,2,"Georgia, United States",US,USGA,,32.9866,-83.6487,GA,1,China,CH,CH,,35.0,105.0,CH,2,"Georgia, United States",US,USGA,,32.9866,-83.6487,GA,20191023151500,Coerce,Material conflict
881742531,20191023,201910,CHN,CHINESE,CHN,,,,,,,,USA,UNITED STATES,USA,,,,,,,,1,100,100,10,3,-5.0,8,1,8,1.45530145530145,4,"New Delhi, Delhi, India",IN,IN07,17911,28.6,77.2,-2106102,4,"New Delhi, Delhi, India",IN,IN07,17911,28.6,77.2,-2106102,4,"New Delhi, Delhi, India",IN,IN07,17911,28.6,77.2,-2106102,20191023154500,Demand,Verbal conflict
881744244,20191023,201910,USA,UNITED STATES,USA,,,,,,,,CHNMIL,CHINA,CHN,,,,,MIL,,,1,010,010,01,1,0.0,10,1,10,0.402144772117961,4,"Kargil, Jammu and Kashmir, India",IN,IN12,72788,34.5667,76.1,-2099784,4,"Kargil, Jammu and Kashmir, India",IN,IN12,72788,34.5667,76.1,-2099784,4,"Kargil, Jammu and Kashmir, India",IN,IN12,72788,34.5667,76.1,-2099784,20191023154500,Make public statement,Verbal cooperation
881746434,20191023,201910,CHN,CHINA,CHN,,,,,,,,USA,THE US,USA,,,,,,,,1,042,042,04,1,1.9,10,1,10,0.71360608943863,4,"Xinjiang, Jiangxi, China",CH,CH03,13167,27.7481,116.274,11065838,4,"Xinjiang, Jiangxi, China",CH,CH03,13167,27.7481,116.274,11065838,4,"Xinjiang, Jiangxi, China",CH,CH03,13167,27.7481,116.274,11065838,20191023160000,Consult,Verbal cooperation
881747803,20191023,201910,USA,THE US,USA,,,,,,,,CHN,CHINA,CHN,,,,,,,,1,043,043,04,1,2.8,10,1,10,0.71360608943863,4,"Xinjiang, Jiangxi, China",CH,CH03,13167,27.7481,116.274,11065838,4,"Xinjiang, Jiangxi, China",CH,CH03,13167,27.7481,116.274,11065838,4,"Xinjiang, Jiangxi, China",CH,CH03,13167,27.7481,116.274,11065838,20191023160000,Consult,Verbal cooperation
881748536,20191023,201910,CHN,CHINA,CHN,,,,,,,,USA,STATE COLLEGE,USA,,,,,,,,1,020,020,02,1,3.0,10,1,10,4.41767068273093,1,China,CH,CH,,35.0,105.0,CH,1,China,CH,CH,,35.0,105.0,CH,1,China,CH,CH,,35.0,105.0,CH,20191023163000,Appeal,Verbal cooperation
881752202,20191023,201910,CHN,CANTON,CHN,,,,,,,,USACOP,OHIO,USA,,,,,COP,,,1,173,173,17,4,-5.0,8,1,8,-10.759493670886,1,China,CH,CH,,35.0,105.0,CH,2,"Ohio, United States",US,USOH,,40.3736,-82.7755,OH,2,"Ohio, United States",US,USOH,,40.3736,-82.7755,OH,20191023164500,Coerce,Material conflict
881752209,20191023,201910,CHNEDU,CHINESE,CHN,,,,,EDU,,,USA,UNITED STATES,USA,,,,,,,,1,120,120,12,3,-4.0,6,1,6,1.36986301369863,4,"Shanghai, Shanghai, China",CH,CH23,13243,31.2222,121.458,-1924465,2,"New York, United States",US,USNY,,42.1497,-74.9384,NY,4,"Shanghai, Shanghai, China",CH,CH23,13243,31.2222,121.458,-1924465,20191023164500,Reject,Verbal conflict
881753892,20191023,201910,USA,UNITED STATES,USA,,,,,,,,CHN,CHINA,CHN,,,,,,,,1,061,061,06,2,6.4,8,1,8,-2.27272727272727,1,United States,US,US,,39.828175,-98.5795,US,1,China,CH,CH,,35.0,105.0,CH,1,China,CH,CH,,35.0,105.0,CH,20191023164500,Engage in material cooperation,Material cooperation
881756039,20191023,201910,CHN,CHINA,CHN,,,,,,,,USA,ARKANSAS,USA,,,,,,,,1,036,036,03,1,4.0,6,1,6,-0.51150895140665,4,"Yang Luo, Jiangxi, China",CH,CH03,13160,29.4183,116.234,10994874,2,"Arkansas, United States",US,USAR,,34.9513,-92.3809,AR,2,"Arkansas, United States",US,USAR,,34.9513,-92.3809,AR,20191023170000,Express intent to cooperate,Verbal cooperation
881757756,20191023,201910,USA,ARKANSAS,USA,,,,,,,,CHN,CHINA,CHN,,,,,,,,1,036,036,03,1,4.0,6,1,6,-0.51150895140665,3,"Little Rock, Arkansas, United States",US,USAR,AR119,34.7465,-92.2896,83350,2,"Arkansas, United States",US,USAR,,34.9513,-92.3809,AR,2,"Arkansas, United States",US,USAR,,34.9513,-92.3809,AR,20191023170000,Express intent to cooperate,Verbal cooperation
881759725,20191023,201910,CHN,CHINA,CHN,,,,,,,,USA,THE US,USA,,,,,,,,1,025,025,02,1,-0.3,10,1,10,-2.71739130434782,1,China,CH,CH,,35.0,105.0,CH,1,China,CH,CH,,35.0,105.0,CH,1,China,CH,CH,,35.0,105.0,CH,20191023171500,Appeal,Verbal cooperation
881764511,20191023,201910,MNCUSAMED,GOOGLE,USA,,,,,MNC,MED,,CHN,CHINESE,CHN,,,,,,,,1,010,010,01,1,0.0,6,1,6,-0.7380073800738,1,China,CH,CH,,35.0,105.0,CH,1,China,CH,CH,,35.0,105.0,CH,1,China,CH,CH,,35.0,105.0,CH,20191023173000,Make public statement,Verbal cooperation
881793398,20191023,201910,USA,UNITED STATES,USA,,,,,,,,CHN,CHINESE,CHN,,,,,,,,1,012,012,01,1,-0.4,10,3,10,-0.35955163898906,1,United States,US,US,,39.828175,-98.5795,US,4,"Beijing, Beijing, China",CH,CH22,13001,39.9289,116.388,-1898541,1,United States,US,US,,39.828175,-98.5795,US,20191023194500,Make public statement,Verbal cooperation
881793399,20191023,201910,USA,UNITED STATES,USA,,,,,,,,CHNGOV,CHINA,CHN,,,,,GOV,,,1,012,012,01,1,-0.4,6,3,6,-0.372779255363353,4,"Townsville, Queensland, Australia",AS,AS04,40197,-19.2664,146.806,-1605526,4,"Beijing, Beijing, China",CH,CH22,13001,39.9289,116.388,-1898541,1,United States,US,US,,39.828175,-98.5795,US,20191023194500,Make public statement,Verbal cooperation
881793400,20191023,201910,USA,UNITED STATES,USA,,,,,,,,CHNGOV,CHINESE,CHN,,,,,GOV,,,1,012,012,01,1,-0.4,12,3,12,-0.372779255363353,1,United States,US,US,,39.828175,-98.5795,US,4,"Beijing, Beijing, China",CH,CH22,13001,39.9289,116.388,-1898541,1,United States,US,US,,39.828175,-98.5795,US,20191023194500,Make public statement,Verbal cooperation
881814406,20191023,201910,CHNGOV,CHINESE,CHN,,,,,GOV,,,USA,AMERICAN,USA,,,,,,,,1,090,090,09,2,-2.0,6,1,6,-4.56989247311827,4,"Beijing, Beijing, China",CH,CH22,13001,39.9289,116.388,-1898541,4,"Beijing, Beijing, China",CH,CH22,13001,39.9289,116.388,-1898541,4,"Beijing, Beijing, China",CH,CH22,13001,39.9289,116.388,-1898541,20191023220000,Investigate,Material cooperation
881820591,20191023,201910,USA,WASHINGTON,USA,,,,,,,,CHN,BEIJING,CHN,,,,,,,,1,030,030,03,1,4.0,8,1,8,-1.18929633300297,4,"Beijing, Beijing, China",CH,CH22,13001,39.9289,116.388,-1898541,4,"Beijing, Beijing, China",CH,CH22,13001,39.9289,116.388,-1898541,4,"Beijing, Beijing, China",CH,CH22,13001,39.9289,116.388,-1898541,20191023223000,Express intent to cooperate,Verbal cooperation
881824097,20191023,201910,CHNBUS,CHINESE,CHN,,,,,BUS,,,USA,ARKANSAS,USA,,,,,,,,1,051,051,05,1,3.4,6,1,6,1.57790927021696,1,China,CH,CH,,35.0,105.0,CH,2,"Arkansas, United States",US,USAR,,34.9513,-92.3809,AR,2,"Arkansas, United States",US,USAR,,34.9513,-92.3809,AR,20191023230000,Engage in diplomatic cooperation,Verbal cooperation
881828612,20191023,201910,CHN,CHINA,CHN,,,,,,,,USA,UNITED STATES,USA,,,,,,,,1,040,040,04,1,1.0,6,1,6,-6.55737704918033,1,China,CH,CH,,35.0,105.0,CH,3,"Berkeley, California, United States",US,USCA,CA001,37.8716,-122.273,1658037,3,"Berkeley, California, United States",US,USCA,CA001,37.8716,-122.273,1658037,20191023233000,Consult,Verbal cooperation
881829649,20191023,201910,USA,CALIF,USA,,,,,,,,CHN,CHINESE,CHN,,,,,,,,1,111,111,11,3,-2.0,8,1,8,-6.55737704918033,3,"Berkeley, California, United States",US,USCA,CA001,37.8716,-122.273,1658037,1,China,CH,CH,,35.0,105.0,CH,1,China,CH,CH,,35.0,105.0,CH,20191023233000,Disapprove,Verbal conflict
881829652,20191023,201910,USA,CALIF,USA,,,,,,,,CHNJUD,CHINESE,CHN,,,,,JUD,,,1,010,010,01,1,0.0,7,1,7,-6.55737704918033,3,"Berkeley, California, United States",US,USCA,CA001,37.8716,-122.273,1658037,3,"Berkeley, California, United States",US,USCA,CA001,37.8716,-122.273,1658037,3,"Berkeley, California, United States",US,USCA,CA001,37.8716,-122.273,1658037,20191023233000,Make public statement,Verbal cooperation
881833316,20191024,201910,CHN,CHINA,CHN,,,,,,,,USA,THE US,USA,,,,,,,,1,025,025,02,1,-0.3,10,1,10,-2.41935483870968,1,China,CH,CH,,35.0,105.0,CH,1,China,CH,CH,,35.0,105.0,CH,1,China,CH,CH,,35.0,105.0,CH,20191024000000,Appeal,Verbal cooperation
881838689,20191024,201910,CHN,CHINA,CHN,,,,,,,,USA,UNITED STATES,USA,,,,,,,,1,040,040,04,1,1.0,6,1,6,-6.55737704918033,1,China,CH,CH,,35.0,105.0,CH,3,"Berkeley, California, United States",US,USCA,CA001,37.8716,-122.273,1658037,3,"Berkeley, California, United States",US,USCA,CA001,37.8716,-122.273,1658037,20191024001500,Consult,Verbal cooperation
881840544,20191024,201910,USA,CALIF,USA,,,,,,,,CHN,CHINESE,CHN,,,,,,,,1,111,111,11,3,-2.0,8,1,8,-6.55737704918033,3,"Berkeley, California, United States",US,USCA,CA001,37.8716,-122.273,1658037,1,China,CH,CH,,35.0,105.0,CH,1,China,CH,CH,,35.0,105.0,CH,20191024001500,Disapprove,Verbal conflict
881840545,20191024,201910,USA,UNITED STATES,USA,,,,,,,,CHN,CHINA,CHN,,,,,,,,1,190,190,19,4,-10.0,6,1,6,-6.91056910569106,3,"Dickinson County, Kansas, United States",US,USKS,KS041,38.8833,-97.167,484990,3,"Dickinson County, Kansas, United States",US,USKS,,38.8833,-97.167,484990,3,"Dickinson County, Kansas, United States",US,USKS,,38.8833,-97.167,484990,20191024001500,Fight,Material conflict
881840546,20191024,201910,USA,CALIF,USA,,,,,,,,CHNJUD,CHINESE,CHN,,,,,JUD,,,1,010,010,01,1,0.0,7,1,7,-6.55737704918033,3,"Berkeley, California, United States",US,USCA,CA001,37.8716,-122.273,1658037,3,"Berkeley, California, United States",US,USCA,CA001,37.8716,-122.273,1658037,3,"Berkeley, California, United States",US,USCA,CA001,37.8716,-122.273,1658037,20191024001500,Make public statement,Verbal cooperation
881842525,20191024,201910,CHN,CANTON,CHN,,,,,,,,USACOP,OHIO,USA,,,,,COP,,,1,173,173,17,4,-5.0,10,1,10,-10.828025477707,1,China,CH,CH,,35.0,105.0,CH,2,"Ohio, United States",US,USOH,,40.3736,-82.7755,OH,2,"Ohio, United States",US,USOH,,40.3736,-82.7755,OH,20191024003000,Coerce,Material conflict
881861283,20191024,201910,CHN,CHINA,CHN,,,,,,,,USA,UNITED STATES,USA,,,,,,,,1,030,030,03,1,4.0,6,1,6,-0.42194092827005,1,China,CH,CH,,35.0,105.0,CH,3,"Washington, District of Columbia, United States",US,USDC,DC001,38.8951,-77.0364,531871,1,Germany,GM,GM,,51.5,10.5,GM,20191024020000,Express intent to cooperate,Verbal cooperation
881862694,20191024,201910,USA,UNITED STATES,USA,,,,,,,,CHN,CHINA,CHN,,,,,,,,1,030,030,03,1,4.0,6,1,6,-0.42194092827005,3,"Washington, District of Columbia, United States",US,USDC,DC001,38.8951,-77.0364,531871,1,China,CH,CH,,35.0,105.0,CH,1,Germany,GM,GM,,51.5,10.5,GM,20191024020000,Express intent to cooperate,Verbal cooperation
881866306,20191024,201910,CHN,CHINESE,CHN,,,,,,,,USA,UNITED STATES,USA,,,,,,,,1,040,040,04,1,1.0,6,1,6,-1.19793802946903,4,"Beijing, Beijing, China",CH,CH22,13001,39.9289,116.388,-1898541,1,United States,US,US,,39.828175,-98.5795,US,4,"Beijing, Beijing, China",CH,CH22,13001,39.9289,116.388,-1898541,20191024023000,Consult,Verbal cooperation
881868957,20191024,201910,CHNGOV,CHINESE,CHN,,,,,GOV,,,USAGOVBUS,US TREASURY,USA,,,,,GOV,BUS,,1,040,040,04,1,1.0,18,1,6,5.47945205479452,4,"Beijing, Beijing, China",CH,CH22,13001,39.9289,116.388,-1898541,4,"Beijing, Beijing, China",CH,CH22,13001,39.9289,116.388,-1898541,4,"Beijing, Beijing, China",CH,CH22,13001,39.9289,116.388,-1898541,20191024024500,Consult,Verbal cooperation
881870052,20191024,201910,USAGOVBUS,US TREASURY,USA,,,,,GOV,BUS,,CHNGOV,CHINESE,CHN,,,,,GOV,,,1,040,040,04,1,1.0,18,1,6,5.47945205479452,4,"Beijing, Beijing, China",CH,CH22,13001,39.9289,116.388,-1898541,4,"Beijing, Beijing, China",CH,CH22,13001,39.9289,116.388,-1898541,4,"Beijing, Beijing, China",CH,CH22,13001,39.9289,116.388,-1898541,20191024024500,Consult,Verbal cooperation
881874948,20181024,201810,USA,AMERICAN,USA,,,,,,,,CHN,CHINESE,CHN,,,,,,,,1,020,020,02,1,3.0,6,2,6,-0.855605861447835,1,United States,US,US,,39.828175,-98.5795,US,1,China,CH,CH,,35.0,105.0,CH,1,China,CH,CH,,35.0,105.0,CH,20191024033000,Appeal,Verbal cooperation
881875323,20191024,201910,CHN,CHINA,CHN,,,,,,,,USA,LAWRENCE,USA,,,,,,,,1,043,043,04,1,2.8,8,1,8,2.24948875255623,4,"Shanghai, Shanghai, China",CH,CH23,13243,31.2222,121.458,-1924465,4,"Shanghai, Shanghai, China",CH,CH23,13243,31.2222,121.458,-1924465,4,"Shanghai, Shanghai, China",CH,CH23,13243,31.2222,121.458,-1924465,20191024033000,Consult,Verbal cooperation
881875324,20191024,201910,CHN,BEIJING,CHN,,,,,,,,USA,WASHINGTON,USA,,,,,,,,1,046,046,04,1,7.0,8,1,8,-1.33010882708585,4,"Beijing, Beijing, China",CH,CH22,13001,39.9289,116.388,-1898541,3,"Washington, District of Columbia, United States",US,USDC,DC001,38.8951,-77.0364,531871,3,"Washington, District of Columbia, United States",US,USDC,DC001,38.8951,-77.0364,531871,20191024033000,Consult,Verbal cooperation
881875326,20191024,201910,CHN,CHINA,CHN,,,,,,,,USA,UNITED STATES,USA,,,,,,,,1,061,061,06,2,6.4,10,1,10,-1.33010882708585,4,"Beijing, Beijing, China",CH,CH22,13001,39.9289,116.388,-1898541,3,"Washington, District of Columbia, United States",US,USDC,DC001,38.8951,-77.0364,531871,3,"Washington, District of Columbia, United States",US,USDC,DC001,38.8951,-77.0364,531871,20191024033000,Engage in material cooperation,Material cooperation
881876350,20191024,201910,USA,LAWRENCE,USA,,,,,,,,CHN,CHINA,CHN,,,,,,,,1,042,042,04,1,1.9,8,1,8,2.24948875255623,4,"Shanghai, Shanghai, China",CH,CH23,13243,31.2222,121.458,-1924465,4,"Shanghai, Shanghai, China",CH,CH23,13243,31.2222,121.458,-1924465,4,"Shanghai, Shanghai, China",CH,CH23,13243,31.2222,121.458,-1924465,20191024033000,Consult,Verbal cooperation
881876353,20191024,201910,USA,WASHINGTON,USA,,,,,,,,CHN,BEIJING,CHN,,,,,,,,1,046,046,04,1,7.0,10,1,10,-1.33010882708585,3,"Washington, District of Columbia, United States",US,USDC,DC001,38.8951,-77.0364,531871,3,"Washington, District of Columbia, United States",US,USDC,DC001,38.8951,-77.0364,531871,3,"Washington, District of Columbia, United States",US,USDC,DC001,38.8951,-77.0364,531871,20191024033000,Consult,Verbal cooperation
881885975,20191024,201910,USA,THE US,USA,,,,,,,,CHN,CHINA,CHN,,,,,,,,1,111,111,11,3,-2.0,10,1,10,-1.67714884696017,1,China,CH,CH,,35.0,105.0,CH,1,China,CH,CH,,35.0,105.0,CH,1,China,CH,CH,,35.0,105.0,CH,20191024044500,Disapprove,Verbal conflict
881887792,20191024,201910,USA,THE US,USA,,,,,,,,CHN,CHINA,CHN,,,,,,,,1,111,111,11,3,-2.0,10,1,10,-2.68817204301075,1,China,CH,CH,,35.0,105.0,CH,4,"Wellington, New Zealand (general), New Zealand",NZ,NZ00,22391,-41.3,174.783,-1521348,4,"Wellington, New Zealand (general), New Zealand",NZ,NZ00,22391,-41.3,174.783,-1521348,20191024050000,Disapprove,Verbal conflict
881891044,20191024,201910,CHN,CHINA,CHN,,,,,,,,USA,THE US,USA,,,,,,,,1,036,036,03,1,4.0,10,1,10,0.5464480874317,4,"Munich, Bayern, Germany",GM,GM02,16532,48.15,11.5833,-1829149,4,"Munich, Bayern, Germany",GM,GM02,16532,48.15,11.5833,-1829149,4,"Munich, Bayern, Germany",GM,GM02,16532,48.15,11.5833,-1829149,20191024053000,Express intent to cooperate,Verbal cooperation
881891705,20191024,201910,MNCUSA,STARBUCKS,USA,,,,,MNC,,,CHN,SHANGHAI,CHN,,,,,,,,1,172,172,17,4,-5.0,10,1,10,4.62046204620462,4,"Shenzhen, Guangdong, China",CH,CH30,13036,22.2,111.117,-1925267,4,"Shenzhen, Guangdong, China",CH,CH30,13036,22.2,111.117,-1925267,4,"Shenzhen, Guangdong, China",CH,CH30,13036,22.2,111.117,-1925267,20191024053000,Coerce,Material conflict
881892054,20191024,201910,USA,THE US,USA,,,,,,,,CHN,CHINA,CHN,,,,,,,,1,036,036,03,1,4.0,10,1,10,0.5464480874317,1,China,CH,CH,,35.0,105.0,CH,1,China,CH,CH,,35.0,105.0,CH,1,China,CH,CH,,35.0,105.0,CH,20191024053000,Express intent to cooperate,Verbal cooperation
881894928,20191024,201910,USAGOV,JOE BIDEN,USA,,,,,GOV,,,CHN,CHINA,CHN,,,,,,,,1,112,112,11,3,-2.0,10,1,10,-1.86915887850467,1,China,CH,CH,,35.0,105.0,CH,1,China,CH,CH,,35.0,105.0,CH,1,China,CH,CH,,35.0,105.0,CH,20191024054500,Disapprove,Verbal conflict
881901885,20191024,201910,CHN,BEIJING,CHN,,,,,,,,USA,UNITED STATES,USA,,,,,,,,1,084,084,08,2,7.0,10,1,10,-2.85714285714286,4,"Beijing, Beijing, China",CH,CH22,13001,39.9289,116.388,-1898541,1,United States,US,US,,39.828175,-98.5795,US,4,"Beijing, Beijing, China",CH,CH22,13001,39.9289,116.388,-1898541,20191024064500,Yield,Material cooperation
881918630,20191024,201910,USA,WASHINGTON,USA,,,,,,,,CHN,CHINESE,CHN,,,,,,,,1,130,130,13,3,-4.4,7,1,7,-4.76878612716763,4,"Tehran, Tehran, Iran",IR,IR26,41130,35.75,51.5148,10074674,4,"Tehran, Tehran, Iran",IR,IR26,41130,35.75,51.5148,10074674,4,"Tehran, Tehran, Iran",IR,IR26,41130,35.75,51.5148,10074674,20191024081500,Threaten,Verbal conflict
881921609,20191024,201910,USA,UNITED STATES,USA,,,,,,,,CHN,CHINA,CHN,,,,,,,,1,173,173,17,4,-5.0,6,1,6,0.714285714285714,2,"Georgia, United States",US,USGA,,32.9866,-83.6487,GA,1,China,CH,CH,,35.0,105.0,CH,2,"Georgia, United States",US,USGA,,32.9866,-83.6487,GA,20191024083000,Coerce,Material conflict
881933495,20191024,201910,CHN,CHINA,CHN,,,,,,,,USA,UNITED STATES,USA,,,,,,,,1,042,042,04,1,1.9,10,1,10,-4.7008547008547,1,China,CH,CH,,35.0,105.0,CH,1,United States,US,US,,39.828175,-98.5795,US,1,United States,US,US,,39.828175,-98.5795,US,20191024094500,Consult,Verbal cooperation
881934870,20191024,201910,USA,UNITED STATES,USA,,,,,,,,CHN,CHINA,CHN,,,,,,,,1,043,043,04,1,2.8,10,1,10,-4.7008547008547,1,United States,US,US,,39.828175,-98.5795,US,1,China,CH,CH,,35.0,105.0,CH,1,United States,US,US,,39.828175,-98.5795,US,20191024094500,Consult,Verbal cooperation
881939481,20191024,201910,CHN,BEIJING,CHN,,,,,,,,USA,UNITED STATES,USA,,,,,,,,1,120,120,12,3,-4.0,20,2,20,-2.60113651738601,4,"Beijing, Beijing, China",CH,CH22,13001,39.9289,116.388,-1898541,3,"Washington, District of Columbia, United States",US,USDC,DC001,38.8951,-77.0364,531871,3,"Washington, District of Columbia, United States",US,USDC,DC001,38.8951,-77.0364,531871,20191024101500,Reject,Verbal conflict
881940613,20191024,201910,USA,UNITED STATES,USA,,,,,,,,CHN,CHINA,CHN,,,,,,,,1,040,040,04,1,1.0,13,2,13,-2.59879479200275,4,"Beijing, Beijing, China",CH,CH22,13001,39.9289,116.388,-1898541,4,"Beijing, Beijing, China",CH,CH22,13001,39.9289,116.388,-1898541,3,"Washington, District of Columbia, United States",US,USDC,DC001,38.8951,-77.0364,531871,20191024101500,Consult,Verbal cooperation
881944378,20191024,201910,USAMED,REUTERS,USA,,,,,MED,,,CHN,CHINA,CHN,,,,,,,,1,080,080,08,2,5.0,7,1,7,1.40845070422535,4,"Beijing, Beijing, China",CH,CH22,13001,39.9289,116.388,-1898541,4,"Beijing, Beijing, China",CH,CH22,13001,39.9289,116.388,-1898541,4,"Beijing, Beijing, China",CH,CH22,13001,39.9289,116.388,-1898541,20191024104500,Yield,Material cooperation
881954101,20191024,201910,USA,UNITED STATES,USA,,,,,,,,CHN,CHINA,CHN,,,,,,,,1,061,061,06,2,6.4,10,1,10,0.99750623441396,1,Malaysia,MY,MY,,2.5,112.5,MY,1,Malaysia,MY,MY,,2.5,112.5,MY,1,Malaysia,MY,MY,,2.5,112.5,MY,20191024113000,Engage in material cooperation,Material cooperation
881957229,20191024,201910,CHN,CHINA,CHN,,,,,,,,USA,UNITED STATES,USA,,,,,,,,1,061,061,06,2,6.4,8,1,8,-4.11985018726592,1,China,CH,CH,,35.0,105.0,CH,3,"Phoenix, Arizona, United States",US,USAZ,AZ013,33.4484,-112.074,44784,3,"Phoenix, Arizona, United States",US,USAZ,AZ013,33.4484,-112.074,44784,20191024114500,Engage in material cooperation,Material cooperation
881958110,20191024,201910,MNCUSABUS,FORD MOTOR,USA,,,,,MNC,BUS,,CHN,CHINA,CHN,,,,,,,,1,013,013,01,1,0.4,10,1,10,2.98507462686567,3,"Houston, Texas, United States",US,USTX,TX201,29.7633,-95.3633,1380948,1,China,CH,CH,,35.0,105.0,CH,3,"Houston, Texas, United States",US,USTX,TX201,29.7633,-95.3633,1380948,20191024114500,Make public statement,Verbal cooperation
881958111,20191024,201910,MNCUSABUS,FORD MOTOR,USA,,,,,MNC,BUS,,CHN,CHINA,CHN,,,,,,,,1,013,013,01,1,0.4,10,1,10,2.47933884297521,1,United States,US,US,,39.828175,-98.5795,US,1,China,CH,CH,,35.0,105.0,CH,1,United States,US,US,,39.828175,-98.5795,US,20191024114500,Make public statement,Verbal cooperation
881963995,20191024,201910,USA,WASHINGTON,USA,,,,,,,,CHN,BEIJING,CHN,,,,,,,,1,014,014,01,1,0.0,10,1,10,-0.83449235048678,4,"Incheon, Inch'on-gwangyoksi, South Korea",KS,KS12,24980,37.4536,126.732,-708814,1,Japan,JA,JA,,36.0,138.0,JA,1,Japan,JA,JA,,36.0,138.0,JA,20191024121500,Make public statement,Verbal cooperation
881976987,20191024,201910,CHN,CHINA,CHN,,,,,,,,USA,THE US,USA,,,,,,,,1,190,190,19,4,-10.0,20,1,20,0.0,4,"Qingdao, Shandong, China",CH,CH25,13226,36.0986,120.372,-1922199,4,"Qingdao, Shandong, China",CH,CH25,13226,36.0986,120.372,-1922199,4,"Qingdao, Shandong, China",CH,CH25,13226,36.0986,120.372,-1922199,20191024131500,Fight,Material conflict
881976988,20191024,201910,CHN,CHINA,CHN,,,,,,,,USA,THE US,USA,,,,,,,,1,190,190,19,4,-10.0,10,1,10,0.0,4,"Changxin, Zhejiang, China",CH,CH02,13322,30.7807,121.102,10859994,4,"Changxin, Zhejiang, China",CH,CH02,13322,30.7807,121.102,10859994,4,"Changxin, Zhejiang, China",CH,CH02,13322,30.7807,121.102,10859994,20191024131500,Fight,Material conflict
881976989,20191024,201910,CHN,CHINA,CHN,,,,,,,,USAGOV,JOE BIDEN,USA,,,,,GOV,,,1,0214,021,02,1,3.4,7,1,7,-0.86393088552916,1,China,CH,CH,,35.0,105.0,CH,1,China,CH,CH,,35.0,105.0,CH,1,China,CH,CH,,35.0,105.0,CH,20191024131500,Appeal,Verbal cooperation
881977995,20191024,201910,USA,THE US,USA,,,,,,,,CHN,CHINA,CHN,,,,,,,,1,190,190,19,4,-10.0,30,2,30,0.0,4,"Changxin, Zhejiang, China",CH,CH02,13322,30.7807,121.102,10859994,4,"Changxin, Zhejiang, China",CH,CH02,13322,30.7807,121.102,10859994,4,"Changxin, Zhejiang, China",CH,CH02,13322,30.7807,121.102,10859994,20191024131500,Fight,Material conflict
881983131,20191024,201910,CHN,CHINESE,CHN,,,,,,,,MNCUSAMED,GOOGLE,USA,,,,,MNC,MED,,1,172,172,17,4,-5.0,8,1,8,-3.78006872852233,1,China,CH,CH,,35.0,105.0,CH,1,China,CH,CH,,35.0,105.0,CH,1,China,CH,CH,,35.0,105.0,CH,20191024134500,Coerce,Material conflict
881990890,20191023,201910,USAGOV,THE US,USA,,,,,GOV,,,CHN,CHINA,CHN,,,,,,,,1,040,040,04,1,1.0,10,1,10,4.1994750656168,1,United Kingdom,UK,UK,,54.0,-4.0,UK,1,United Kingdom,UK,UK,,54.0,-4.0,UK,1,United Kingdom,UK,UK,,54.0,-4.0,UK,20191024143000,Consult,Verbal cooperation
881999848,20191024,201910,MNCCHNMED,CHINA TELECOM,CHN,,,,,MNC,MED,,USA,AMERICAN,USA,,,,,,,,1,040,040,04,1,1.0,6,1,6,2.2429906542056,1,United States,US,US,,39.828175,-98.5795,US,1,United States,US,US,,39.828175,-98.5795,US,1,United States,US,US,,39.828175,-98.5795,US,20191024150000,Consult,Verbal cooperation
882000252,20191024,201910,USA,CHICAGO,USA,,,,,,,,CHNOPP,TIBET,CHN,,,,,OPP,,,1,051,051,05,1,3.4,10,1,10,0.0,3,"Chicago, Illinois, United States",US,USIL,IL031,41.85,-87.6501,423587,3,"Chicago, Illinois, United States",US,USIL,IL031,41.85,-87.6501,423587,3,"Chicago, Illinois, United States",US,USIL,IL031,41.85,-87.6501,423587,20191024150000,Engage in diplomatic cooperation,Verbal cooperation
882000253,20191024,201910,USA,CHICAGO,USA,,,,,,,,CHNOPP,TIBET,CHN,,,,,OPP,,,1,141,141,14,3,-6.5,10,1,10,0.0,3,"Chicago, Illinois, United States",US,USIL,IL031,41.85,-87.6501,423587,3,"Chicago, Illinois, United States",US,USIL,IL031,41.85,-87.6501,423587,3,"Chicago, Illinois, United States",US,USIL,IL031,41.85,-87.6501,423587,20191024150000,Protest,Verbal conflict
882002162,20191024,201910,CHN,CHINESE,CHN,,,,,,,,USA,UNITED STATES,USA,,,,,,,,1,172,172,17,4,-5.0,7,1,7,-2.8,4,"Beijing, Beijing, China",CH,CH22,13001,39.9289,116.388,-1898541,3,"Washington, District of Columbia, United States",US,USDC,DC001,38.8951,-77.0364,531871,4,"Beijing, Beijing, China",CH,CH22,13001,39.9289,116.388,-1898541,20191024151500,Coerce,Material conflict
882003886,20191024,201910,USAGOV,US OFFICIAL,USA,,,,,GOV,,,CHN,CHINA,CHN,,,,,,,,1,111,111,11,3,-2.0,8,1,8,-0.82191780821918,4,"South China Sea, Brunei (general), Brunei",BX,BX00,,15.0,115.0,-1337919,4,"South China Sea, Brunei (general), Brunei",BX,BX00,,15.0,115.0,-1337919,4,"South China Sea, Brunei (general), Brunei",BX,BX00,,15.0,115.0,-1337919,20191024151500,Disapprove,Verbal conflict
882007305,20191024,201910,USAMED,REUTERS,USA,,,,,MED,,,CHN,CHINA,CHN,,,,,,,,1,173,173,17,4,-5.0,30,2,30,-5.68816898740173,4,"Guangzhou, Guangdong, China",CH,CH30,13033,23.1167,113.25,-1907161,4,"Guangzhou, Guangdong, China",CH,CH30,13033,23.1167,113.25,-1907161,4,"Guangzhou, Guangdong, China",CH,CH30,13033,23.1167,113.25,-1907161,20191024153000,Coerce,Material conflict
882014086,20191024,201910,CHN,CHINA,CHN,,,,,,,,USA,UNITED STATES,USA,,,,,,,,1,080,080,08,2,5.0,9,1,9,-0.46948356807512,1,United States,US,US,,39.828175,-98.5795,US,1,United States,US,US,,39.828175,-98.5795,US,1,United States,US,US,,39.828175,-98.5795,US,20191024161500,Yield,Material cooperation
882020469,20191024,201910,USA,THE US,USA,,,,,,,,CHN,CHINA,CHN,,,,,,,,1,114,114,11,3,-2.0,10,1,10,-9.09090909090909,1,China,CH,CH,,35.0,105.0,CH,1,China,CH,CH,,35.0,105.0,CH,1,China,CH,CH,,35.0,105.0,CH,20191024163000,Disapprove,Verbal conflict
882020470,20191024,201910,USA,WASHINGTON,USA,,,,,,,,CHN,CHINA,CHN,,,,,,,,1,120,120,12,3,-4.0,8,1,8,2.40963855421687,4,"Beijing, Beijing, China",CH,CH22,13001,39.9289,116.388,-1898541,4,"Beijing, Beijing, China",CH,CH22,13001,39.9289,116.388,-1898541,4,"Beijing, Beijing, China",CH,CH22,13001,39.9289,116.388,-1898541,20191024163000,Reject,Verbal conflict
882025380,20191024,201910,CHN,CHINA,CHN,,,,,,,,USA,BOSTON,USA,,,,,,,,1,043,043,04,1,2.8,8,1,8,-0.65727699530516,4,"Dachen, Zhejiang, China",CH,CH02,13328,29.2688,121.227,10563015,3,"Boston, Massachusetts, United States",US,USMA,MA025,42.3584,-71.0598,617565,4,"Dachen, Zhejiang, China",CH,CH02,13328,29.2688,121.227,10563015,20191024170000,Consult,Verbal cooperation
882025381,20191024,201910,CHN,CHINESE,CHN,,,,,,,,USA,WASHINGTON,USA,,,,,,,,1,164,164,16,4,-7.0,8,1,8,-3.81471389645776,3,"Washington, District of Columbia, United States",US,USDC,DC001,38.8951,-77.0364,531871,3,"Washington, District of Columbia, United States",US,USDC,DC001,38.8951,-77.0364,531871,3,"Washington, District of Columbia, United States",US,USDC,DC001,38.8951,-77.0364,531871,20191024170000,Reduce relations,Material conflict
882026650,20191024,201910,USA,BOSTON,USA,,,,,,,,CHN,CHINA,CHN,,,,,,,,1,042,042,04,1,1.9,6,1,6,-0.65727699530516,3,"Boston, Massachusetts, United States",US,USMA,MA025,42.3584,-71.0598,617565,4,"Dachen, Zhejiang, China",CH,CH02,13328,29.2688,121.227,10563015,4,"Dachen, Zhejiang, China",CH,CH02,13328,29.2688,121.227,10563015,20191024170000,Consult,Verbal cooperation
882026652,20191024,201910,USA,WASHINGTON,USA,,,,,,,,CHN,CHINESE,CHN,,,,,,,,1,164,164,16,4,-7.0,6,1,6,-3.81471389645776,3,"Washington, District of Columbia, United States",US,USDC,DC001,38.8951,-77.0364,531871,4,"Liang Hua, Guangdong, China",CH,CH30,13038,23.1127,114.672,6026333,4,"Liang Hua, Guangdong, China",CH,CH30,13038,23.1127,114.672,6026333,20191024170000,Reduce relations,Material conflict
882041298,20191024,201910,CHN,CHINA,CHN,,,,,,,,USA,LOS ANGELES,USA,,,,,,,,1,061,061,06,2,6.4,10,1,10,-1.23647604327666,4,"Beijing, Beijing, China",CH,CH22,13001,39.9289,116.388,-1898541,4,"Beijing, Beijing, China",CH,CH22,13001,39.9289,116.388,-1898541,4,"Beijing, Beijing, China",CH,CH22,13001,39.9289,116.388,-1898541,20191024181500,Engage in material cooperation,Material cooperation
882041299,20191024,201910,CHN,CHINA,CHN,,,,,,,,USA,UNITED STATES,USA,,,,,,,,1,080,080,08,2,5.0,9,1,9,-1.36363636363636,3,"East Carolina University, North Carolina, United States",US,USNC,NC147,35.6004,-77.3644,1001035,3,"East Carolina University, North Carolina, United States",US,USNC,,35.6004,-77.3644,1001035,3,"East Carolina University, North Carolina, United States",US,USNC,,35.6004,-77.3644,1001035,20191024181500,Yield,Material cooperation
882042487,20191024,201910,USA,UNITED STATES,USA,,,,,,,,CHN,CHINA,CHN,,,,,,,,1,061,061,06,2,6.4,6,1,6,-4.36137071651091,3,"Worcester, Massachusetts, United States",US,USMA,MA027,42.2626,-71.8023,617867,1,China,CH,CH,,35.0,105.0,CH,1,China,CH,CH,,35.0,105.0,CH,20191024181500,Engage in material cooperation,Material cooperation
882042488,20191024,201910,USA,UNITED STATES,USA,,,,,,,,CHN,CHINA,CHN,,,,,,,,1,173,173,17,4,-5.0,8,1,8,-4.36137071651091,3,"Worcester, Massachusetts, United States",US,USMA,MA027,42.2626,-71.8023,617867,3,"Worcester, Massachusetts, United States",US,USMA,MA027,42.2626,-71.8023,617867,3,"Worcester, Massachusetts, United States",US,USMA,MA027,42.2626,-71.8023,617867,20191024181500,Coerce,Material conflict
882043192,20191024,201910,CHN,CHINESE,CHN,,,,,,,,USA,AMERICAN,USA,,,,,,,,1,020,020,02,1,3.0,8,2,8,-5.45023696682464,4,"Beijing, Beijing, China",CH,CH22,13001,39.9289,116.388,-1898541,1,United States,US,US,,39.828175,-98.5795,US,4,"Beijing, Beijing, China",CH,CH22,13001,39.9289,116.388,-1898541,20191024183000,Appeal,Verbal cooperation
882043195,20191024,201910,CHN,CHINESE,CHN,,,,,,,,USA,AMERICAN,USA,,,,,,,,1,090,090,09,2,-2.0,12,2,12,-5.45023696682464,4,"Beijing, Beijing, China",CH,CH22,13001,39.9289,116.388,-1898541,1,United States,US,US,,39.828175,-98.5795,US,4,"Beijing, Beijing, China",CH,CH22,13001,39.9289,116.388,-1898541,20191024183000,Investigate,Material cooperation
882044370,20191024,201910,USA,THE US,USA,,,,,,,,CHN,CHINA,CHN,,,,,,,,1,060,060,06,2,6.0,10,1,10,-6.8259385665529,4,"Anatolia, Turkey (general), Turkey",TU,TU00,28356,39.0,35.0,-735281,4,"Anatolia, Turkey (general), Turkey",TU,TU00,28356,39.0,35.0,-735281,4,"Anatolia, Turkey (general), Turkey",TU,TU00,28356,39.0,35.0,-735281,20191024183000,Engage in material cooperation,Material cooperation
882049602,20191024,201910,CHN,CHINESE,CHN,,,,,,,,USA,NEW YORK,USA,,,,,,,,1,042,042,04,1,1.9,10,1,10,-6.75675675675675,4,"Beijing, Beijing, China",CH,CH22,13001,39.9289,116.388,-1898541,4,"Mianzhu, China (general), China",CH,CH00,13274,29.6231,103.694,10407939,4,"Mianzhu, China (general), China",CH,CH00,13274,29.6231,103.694,10407939,20191024190000,Consult,Verbal cooperation
882051109,20191024,201910,USA,NEW YORK,USA,,,,,,,,CHN,CHINESE,CHN,,,,,,,,1,043,043,04,1,2.8,6,1,6,-6.75675675675675,2,"New York, United States",US,USNY,,42.1497,-74.9384,NY,4,"Lin Feng, Sichuan, China",CH,CH32,13003,30.0078,105.574,10341020,1,Hong Kong,HK,HK,,22.25,114.166667,HK,20191024190000,Consult,Verbal cooperation
882051368,20191024,201910,USAGOV,UNITED STATES,USA,,,,,GOV,,,CHN,CHINESE,CHN,,,,,,,,1,051,051,05,1,3.4,14,2,14,-1.34737439279509,1,Italy,IT,IT,,42.833333,12.833333,IT,1,Italy,IT,IT,,42.833333,12.833333,IT,1,Italy,IT,IT,,42.833333,12.833333,IT,20191024190000,Engage in diplomatic cooperation,Verbal cooperation
882052680,20191024,201910,CHN,CHINA,CHN,,,,,,,,USA,THE US,USA,,,,,,,,1,010,010,01,1,0.0,10,1,10,1.46726862302483,1,China,CH,CH,,35.0,105.0,CH,1,Russia,RS,RS,,60.0,100.0,RS,1,Russia,RS,RS,,60.0,100.0,RS,20191024191500,Make public statement,Verbal cooperation
882059649,20191024,201910,USA,UNITED STATES,USA,,,,,,,,CHN,CHINA,CHN,,,,,,,,1,110,110,11,3,-2.0,8,1,8,0.70588235294117,2,"New York, United States",US,USNY,,42.1497,-74.9384,NY,2,"New York, United States",US,USNY,,42.1497,-74.9384,NY,2,"New York, United States",US,USNY,,42.1497,-74.9384,NY,20191024194500,Disapprove,Verbal conflict
882068892,20191024,201910,CHN,CHINA,CHN,,,,,,,,USA,UNITED STATES,USA,,,,,,,,1,050,050,05,1,3.5,6,1,6,-4.10958904109589,4,"Beijing, Beijing, China",CH,CH22,13001,39.9289,116.388,-1898541,3,"Washington, District of Columbia, United States",US,USDC,DC001,38.8951,-77.0364,531871,3,"Washington, District of Columbia, United States",US,USDC,DC001,38.8951,-77.0364,531871,20191024204500,Engage in diplomatic cooperation,Verbal cooperation
882073722,20191024,201910,CHN,CANTON,CHN,,,,,,,,USAEDU,LAWRENCE,USA,,,,,EDU,,,1,036,036,03,1,4.0,10,1,10,-2.5,1,China,CH,CH,,35.0,105.0,CH,1,China,CH,CH,,35.0,105.0,CH,1,China,CH,CH,,35.0,105.0,CH,20191024211500,Express intent to cooperate,Verbal cooperation
882075144,20191024,201910,USAEDU,LAWRENCE,USA,,,,,EDU,,,CHN,CANTON,CHN,,,,,,,,1,036,036,03,1,4.0,10,1,10,-2.5,1,China,CH,CH,,35.0,105.0,CH,1,China,CH,CH,,35.0,105.0,CH,1,China,CH,CH,,35.0,105.0,CH,20191024211500,Express intent to cooperate,Verbal cooperation
882076388,20191024,201910,CHN,CHINA,CHN,,,,,,,,USA,DELAWARE,USA,,,,,,,,1,030,030,03,1,4.0,7,1,7,2.29885057471264,1,China,CH,CH,,35.0,105.0,CH,2,"Delaware, United States",US,USDE,,39.3498,-75.5148,DE,2,"Delaware, United States",US,USDE,,39.3498,-75.5148,DE,20191024213000,Express intent to cooperate,Verbal cooperation
882077352,20191024,201910,USA,DELAWARE,USA,,,,,,,,CHN,CHINA,CHN,,,,,,,,1,030,030,03,1,4.0,7,1,7,2.29885057471264,2,"Delaware, United States",US,USDE,,39.3498,-75.5148,DE,1,China,CH,CH,,35.0,105.0,CH,2,"Delaware, United States",US,USDE,,39.3498,-75.5148,DE,20191024213000,Express intent to cooperate,Verbal cooperation
882082661,20191024,201910,USABUS,AMERICAN,USA,,,,,BUS,,,CHNBUS,CHINA,CHN,,,,,BUS,,,1,080,080,08,2,5.0,6,1,6,-0.33222591362127,3,"White House, District of Columbia, United States",US,USDC,,38.8951,-77.0364,531871,1,China,CH,CH,,35.0,105.0,CH,3,"White House, District of Columbia, United States",US,USDC,,38.8951,-77.0364,531871,20191024220000,Yield,Material cooperation
882083811,20191024,201910,CHN,BEIJING,CHN,,,,,,,,USA,THE US,USA,,,,,,,,1,120,120,12,3,-4.0,7,1,7,-2.65251989389921,4,"Beijing, Beijing, China",CH,CH22,13001,39.9289,116.388,-1898541,3,"Washington, District of Columbia, United States",US,USDC,DC001,38.8951,-77.0364,531871,4,"Beijing, Beijing, China",CH,CH22,13001,39.9289,116.388,-1898541,20191024221500,Reject,Verbal conflict
882094053,20191024,201910,CHN,CHINESE,CHN,,,,,,,,USA,WASHINGTON,USA,,,,,,,,1,042,042,04,1,1.9,6,1,6,0.86410054988217,3,"Washington, District of Columbia, United States",US,USDC,DC001,38.8951,-77.0364,531871,3,"Washington, District of Columbia, United States",US,USDC,DC001,38.8951,-77.0364,531871,3,"Washington, District of Columbia, United States",US,USDC,DC001,38.8951,-77.0364,531871,20191024233000,Consult,Verbal cooperation
882094820,20191024,201910,USA,WASHINGTON,USA,,,,,,,,CHN,CHINESE,CHN,,,,,,,,1,043,043,04,1,2.8,6,1,6,0.86410054988217,3,"Washington, District of Columbia, United States",US,USDC,DC001,38.8951,-77.0364,531871,1,China,CH,CH,,35.0,105.0,CH,1,China,CH,CH,,35.0,105.0,CH,20191024233000,Consult,Verbal cooperation
882095962,20191024,201910,CHN,CHINA,CHN,,,,,,,,USA,WASHINGTON,USA,,,,,,,,1,044,044,04,1,2.5,8,1,8,-2.94117647058823,4,"Beijing, Beijing, China",CH,CH22,13001,39.9289,116.388,-1898541,3,"Washington, District of Columbia, United States",US,USDC,DC001,38.8951,-77.0364,531871,3,"Washington, District of Columbia, United States",US,USDC,DC001,38.8951,-77.0364,531871,20191024234500,Consult,Verbal cooperation
882095963,20191024,201910,CHN,CHINA,CHN,,,,,,,,USA,UNITED STATES,USA,,,,,,,,1,112,112,11,3,-2.0,10,1,10,-2.94117647058823,3,"Washington, District of Columbia, United States",US,USDC,DC001,38.8951,-77.0364,531871,3,"Washington, District of Columbia, United States",US,USDC,DC001,38.8951,-77.0364,531871,3,"Washington, District of Columbia, United States",US,USDC,DC001,38.8951,-77.0364,531871,20191024234500,Disapprove,Verbal conflict
882105490,20191025,201910,CHN,CHINA,CHN,,,,,,,,USA,AMERICAN,USA,,,,,,,,1,010,010,01,1,0.0,10,1,10,-0.71258907363421,4,"Beijing, Beijing, China",CH,CH22,13001,39.9289,116.388,-1898541,4,"Beijing, Beijing, China",CH,CH22,13001,39.9289,116.388,-1898541,4,"Beijing, Beijing, China",CH,CH22,13001,39.9289,116.388,-1898541,20191025003000,Make public statement,Verbal cooperation
882108619,20191025,201910,CHN,CHINA,CHN,,,,,,,,USA,UNITED STATES,USA,,,,,,,,1,111,111,11,3,-2.0,12,1,12,-0.261960945248115,4,"Beijing, Beijing, China",CH,CH22,13001,39.9289,116.388,-1898541,4,"Pacific Island, Solomon Islands (general), Solomon Islands",BP,BP00,18585,-7.91746,156.528,-1545691,4,"Pacific Island, Solomon Islands (general), Solomon Islands",BP,BP00,18585,-7.91746,156.528,-1545691,20191025004500,Disapprove,Verbal conflict
882108620,20191025,201910,CHN,CHINA,CHN,,,,,,,,USA,UNITED STATES,USA,,,,,,,,1,111,111,11,3,-2.0,8,1,8,-0.261960945248115,4,"Beijing, Beijing, China",CH,CH22,13001,39.9289,116.388,-1898541,4,"Sydney, New South Wales, Australia",AS,AS02,154637,-33.8833,151.217,-1603135,4,"Pacific Island, Solomon Islands (general), Solomon Islands",BP,BP00,18585,-7.91746,156.528,-1545691,20191025004500,Disapprove,Verbal conflict
882108621,20191025,201910,CHN,CHINA,CHN,,,,,,,,USA,UNITED STATES,USA,,,,,,,,1,111,111,11,3,-2.0,8,1,8,-0.261960945248115,1,United States,US,US,,39.828175,-98.5795,US,4,"Pacific Island, Solomon Islands (general), Solomon Islands",BP,BP00,18585,-7.91746,156.528,-1545691,4,"Beijing, Beijing, China",CH,CH22,13001,39.9289,116.388,-1898541,20191025004500,Disapprove,Verbal conflict
882110430,20191025,201910,USA,CHICAGO,USA,,,,,,,,CHNOPP,TIBET,CHN,,,,,OPP,,,1,051,051,05,1,3.4,10,1,10,-3.82775119617224,3,"Chicago, Illinois, United States",US,USIL,IL031,41.85,-87.6501,423587,3,"Chicago, Illinois, United States",US,USIL,IL031,41.85,-87.6501,423587,3,"Chicago, Illinois, United States",US,USIL,IL031,41.85,-87.6501,423587,20191025004500,Engage in diplomatic cooperation,Verbal cooperation
882110431,20191025,201910,USA,CHICAGO,USA,,,,,,,,CHNOPP,TIBET,CHN,,,,,OPP,,,1,141,141,14,3,-6.5,10,1,10,-3.82775119617224,3,"Chicago, Illinois, United States",US,USIL,IL031,41.85,-87.6501,423587,3,"Chicago, Illinois, United States",US,USIL,IL031,41.85,-87.6501,423587,3,"Chicago, Illinois, United States",US,USIL,IL031,41.85,-87.6501,423587,20191025004500,Protest,Verbal conflict
882112068,20191025,201910,CHN,CHINA,CHN,,,,,,,,USA,THE US,USA,,,,,,,,1,130,130,13,3,-4.4,10,1,10,0.70588235294118,1,China,CH,CH,,35.0,105.0,CH,1,China,CH,CH,,35.0,105.0,CH,1,China,CH,CH,,35.0,105.0,CH,20191025010000,Threaten,Verbal conflict
882123109,20191025,201910,CHN,CHINA,CHN,,,,,,,,USACVL,HERITAGE FOUNDATION,USA,,,,,CVL,,,1,112,112,11,3,-2.0,10,1,10,-3.16622691292876,4,"Tiananmen Square, Beijing, China",CH,CH22,13001,39.9044,116.391,9244097,4,"Tiananmen Square, Beijing, China",CH,CH22,13001,39.9044,116.391,9244097,4,"Tiananmen Square, Beijing, China",CH,CH22,13001,39.9044,116.391,9244097,20191025020000,Disapprove,Verbal conflict
882131484,20191025,201910,USA,THE US,USA,,,,,,,,CHNGOV,CHINESE,CHN,,,,,GOV,,,1,160,160,16,4,-4.0,6,1,6,-5.93119810201661,4,"Beijing, Beijing, China",CH,CH22,13001,39.9289,116.388,-1898541,4,"Beijing, Beijing, China",CH,CH22,13001,39.9289,116.388,-1898541,4,"Beijing, Beijing, China",CH,CH22,13001,39.9289,116.388,-1898541,20191025030000,Reduce relations,Material conflict
882131582,20191025,201910,USAGOV,THE US,USA,,,,,GOV,,,CHN,CHINESE,CHN,,,,,,,,1,160,160,16,4,-4.0,8,1,8,-5.93119810201661,4,"Beijing, Beijing, China",CH,CH22,13001,39.9289,116.388,-1898541,4,"Beijing, Beijing, China",CH,CH22,13001,39.9289,116.388,-1898541,4,"Beijing, Beijing, China",CH,CH22,13001,39.9289,116.388,-1898541,20191025030000,Reduce relations,Material conflict
882135627,20191025,201910,CHN,CHINA,CHN,,,,,,,,USA,CALIFORNIA,USA,,,,,,,,1,042,042,04,1,1.9,12,2,12,3.59572400388727,4,"Hsuan Hua, Hebei, China",CH,CH10,13081,40.6103,115.045,-1934678,2,"California, United States",US,USCA,,36.17,-119.746,CA,4,"Hsuan Hua, Hebei, China",CH,CH10,13081,40.6103,115.045,-1934678,20191025033000,Consult,Verbal cooperation
882135629,20191025,201910,CHN,CHINA,CHN,,,,,,,,USA,AMERICAN,USA,,,,,,,,1,190,190,19,4,-10.0,6,1,6,-0.48780487804878,4,"Beijing, Beijing, China",CH,CH22,13001,39.9289,116.388,-1898541,3,"Washington, District of Columbia, United States",US,USDC,DC001,38.8951,-77.0364,531871,4,"Beijing, Beijing, China",CH,CH22,13001,39.9289,116.388,-1898541,20191025033000,Fight,Material conflict
882136916,20191025,201910,USA,CALIFORNIA,USA,,,,,,,,CHN,CHINA,CHN,,,,,,,,1,043,043,04,1,2.8,12,2,12,3.59572400388727,2,"California, United States",US,USCA,,36.17,-119.746,CA,4,"Hsuan Hua, Hebei, China",CH,CH10,13081,40.6103,115.045,-1934678,4,"Hsuan Hua, Hebei, China",CH,CH10,13081,40.6103,115.045,-1934678,20191025033000,Consult,Verbal cooperation
882136917,20191025,201910,USA,AMERICAN,USA,,,,,,,,CHN,CHINA,CHN,,,,,,,,1,190,190,19,4,-10.0,7,1,7,-0.48780487804878,3,"White House, District of Columbia, United States",US,USDC,,38.8951,-77.0364,531871,3,"White House, District of Columbia, United States",US,USDC,,38.8951,-77.0364,531871,3,"White House, District of Columbia, United States",US,USDC,,38.8951,-77.0364,531871,20191025033000,Fight,Material conflict
882139998,20191025,201910,CHN,CHINA,CHN,,,,,,,,USA,UNITED STATES,USA,,,,,,,,1,061,061,06,2,6.4,8,1,8,-3.57142857142857,4,"Min Zhang, Sichuan, China",CH,CH32,13297,31.6076,98.7877,10443237,1,United States,US,US,,39.828175,-98.5795,US,4,"Min Zhang, Sichuan, China",CH,CH32,13297,31.6076,98.7877,10443237,20191025040000,Engage in material cooperation,Material cooperation
882141184,20191025,201910,CHN,CHINA,CHN,,,,,,,,USA,UNITED STATES,USA,,,,,,,,1,061,061,06,2,6.4,8,1,8,3.55618776671408,1,China,CH,CH,,35.0,105.0,CH,1,United States,US,US,,39.828175,-98.5795,US,1,United States,US,US,,39.828175,-98.5795,US,20191025041500,Engage in material cooperation,Material cooperation
882142144,20191025,201910,USA,UNITED STATES,USA,,,,,,,,CHN,CHINA,CHN,,,,,,,,1,061,061,06,2,6.4,8,1,8,3.55618776671408,1,United States,US,US,,39.828175,-98.5795,US,1,China,CH,CH,,35.0,105.0,CH,1,United States,US,US,,39.828175,-98.5795,US,20191025041500,Engage in material cooperation,Material cooperation
882150233,20191025,201910,USAGOV,THE WHITE HOUSE,USA,,,,,GOV,,,CHN,CHINA,CHN,,,,,,,,1,020,020,02,1,3.0,6,1,6,-3.28638497652582,3,"White House, District of Columbia, United States",US,USDC,,38.8951,-77.0364,531871,1,China,CH,CH,,35.0,105.0,CH,1,China,CH,CH,,35.0,105.0,CH,20191025051500,Appeal,Verbal cooperation
882159613,20191025,201910,CHN,CHINA,CHN,,,,,,,,USA,UNITED STATES,USA,,,,,,,,1,040,040,04,1,1.0,8,1,8,1.09090909090909,1,China,CH,CH,,35.0,105.0,CH,1,United States,US,US,,39.828175,-98.5795,US,1,Japan,JA,JA,,36.0,138.0,JA,20191025063000,Consult,Verbal cooperation
882160700,20191025,201910,USA,UNITED STATES,USA,,,,,,,,CHN,CHINA,CHN,,,,,,,,1,040,040,04,1,1.0,8,1,8,1.09090909090909,1,United States,US,US,,39.828175,-98.5795,US,1,China,CH,CH,,35.0,105.0,CH,1,Japan,JA,JA,,36.0,138.0,JA,20191025063000,Consult,Verbal cooperation
882163315,20191025,201910,USAGOV,THE US,USA,,,,,GOV,,,CHN,CHINA,CHN,,,,,,,,1,012,012,01,1,-0.4,10,1,10,-2.29007633587786,1,China,CH,CH,,35.0,105.0,CH,1,China,CH,CH,,35.0,105.0,CH,1,China,CH,CH,,35.0,105.0,CH,20191025064500,Make public statement,Verbal cooperation
882163338,20191025,201910,USAMED,REUTERS,USA,,,,,MED,,,CHN,BEIJING,CHN,,,,,,,,1,061,061,06,2,6.4,20,2,20,-1.74510840824961,4,"Beijing, Beijing, China",CH,CH22,13001,39.9289,116.388,-1898541,4,"Beijing, Beijing, China",CH,CH22,13001,39.9289,116.388,-1898541,4,"Beijing, Beijing, China",CH,CH22,13001,39.9289,116.388,-1898541,20191025064500,Engage in material cooperation,Material cooperation
882164309,20190925,201909,MNCUSA,CITIGROUP,USA,,,,,MNC,,,CHN,CHINESE,CHN,,,,,,,,1,020,020,02,1,3.0,7,1,7,-5.03875968992248,1,China,CH,CH,,35.0,105.0,CH,1,China,CH,CH,,35.0,105.0,CH,1,China,CH,CH,,35.0,105.0,CH,20191025070000,Appeal,Verbal cooperation
882165514,20191025,201910,USA,NEW YORK,USA,,,,,,,,CHN,CHINA,CHN,,,,,,,,1,080,080,08,2,5.0,10,1,10,1.24352331606218,2,"New York, United States",US,USNY,,42.1497,-74.9384,NY,2,"New York, United States",US,USNY,,42.1497,-74.9384,NY,2,"New York, United States",US,USNY,,42.1497,-74.9384,NY,20191025070000,Yield,Material cooperation
882166847,20191025,201910,CHN,CHINA,CHN,,,,,,,,USA,UNITED STATES,USA,,,,,,,,1,036,036,03,1,4.0,8,1,8,-1.17565698478562,4,"Beijing, Beijing, China",CH,CH22,13001,39.9289,116.388,-1898541,1,United States,US,US,,39.828175,-98.5795,US,4,"Moscow, Moskva, Russia",RS,RS48,25106,55.7522,37.6156,-2960561,20191025071500,Express intent to cooperate,Verbal cooperation
882166849,20191025,201910,CHN,CHINA,CHN,,,,,,,,USA,UNITED STATES,USA,,,,,,,,1,040,040,04,1,1.0,6,1,6,-1.17565698478562,4,"Beijing, Beijing, China",CH,CH22,13001,39.9289,116.388,-1898541,1,United States,US,US,,39.828175,-98.5795,US,4,"Kabul, Kabol, Afghanistan",AF,AF13,3580,34.5167,69.1833,-3378435,20191025071500,Consult,Verbal cooperation
882168031,20191025,201910,USA,UNITED STATES,USA,,,,,,,,CHN,CHINA,CHN,,,,,,,,1,036,036,03,1,4.0,8,1,8,-1.17565698478562,1,United States,US,US,,39.828175,-98.5795,US,4,"Beijing, Beijing, China",CH,CH22,13001,39.9289,116.388,-1898541,4,"Moscow, Moskva, Russia",RS,RS48,25106,55.7522,37.6156,-2960561,20191025071500,Express intent to cooperate,Verbal cooperation
882168033,20191025,201910,USA,UNITED STATES,USA,,,,,,,,CHN,CHINA,CHN,,,,,,,,1,040,040,04,1,1.0,6,1,6,-1.17565698478562,1,United States,US,US,,39.828175,-98.5795,US,4,"Beijing, Beijing, China",CH,CH22,13001,39.9289,116.388,-1898541,4,"Kabul, Kabol, Afghanistan",AF,AF13,3580,34.5167,69.1833,-3378435,20191025071500,Consult,Verbal cooperation
882181670,20191025,201910,CHN,CHINA,CHN,,,,,,,,USA,UNITED STATES,USA,,,,,,,,1,030,030,03,1,4.0,6,1,6,-2.80701754385965,4,"Beijing, Beijing, China",CH,CH22,13001,39.9289,116.388,-1898541,3,"White House, District of Columbia, United States",US,USDC,,38.8951,-77.0364,531871,4,"Beijing, Beijing, China",CH,CH22,13001,39.9289,116.388,-1898541,20191025084500,Express intent to cooperate,Verbal cooperation
882185122,20191025,201910,CHN,CANTON,CHN,,,,,,,,USA,ILLINOIS,USA,,,,,,,,1,043,043,04,1,2.8,10,1,10,2.13414634146341,1,China,CH,CH,,35.0,105.0,CH,1,China,CH,CH,,35.0,105.0,CH,1,China,CH,CH,,35.0,105.0,CH,20191025090000,Consult,Verbal cooperation
882185123,20191025,201910,CHN,CHINA,CHN,,,,,,,,USA,UNITED STATES,USA,,,,,,,,1,114,114,11,3,-2.0,10,1,10,-0.38610038610039,1,China,CH,CH,,35.0,105.0,CH,1,United States,US,US,,39.828175,-98.5795,US,1,China,CH,CH,,35.0,105.0,CH,20191025090000,Disapprove,Verbal conflict
882185124,20191025,201910,CHN,CHINA,CHN,,,,,,,,USA,UNITED STATES,USA,,,,,,,,1,1313,131,13,3,-5.8,10,1,10,-0.38610038610039,4,"Geneva, Genè, Switzerland",SZ,SZ07,16329,46.1956,6.14811,-2552151,4,"Geneva, Genè, Switzerland",SZ,SZ07,16329,46.1956,6.14811,-2552151,4,"Geneva, Genè, Switzerland",SZ,SZ07,16329,46.1956,6.14811,-2552151,20191025090000,Threaten,Verbal conflict
882186186,20191025,201910,USA,ILLINOIS,USA,,,,,,,,CHN,CANTON,CHN,,,,,,,,1,042,042,04,1,1.9,10,1,10,2.13414634146341,4,"Springfield, Victoria, Australia",AS,AS07,5399,-37.3333,144.817,-1601801,4,"Springfield, Victoria, Australia",AS,AS07,5399,-37.3333,144.817,-1601801,4,"Springfield, Victoria, Australia",AS,AS07,5399,-37.3333,144.817,-1601801,20191025090000,Consult,Verbal cooperation
882204754,20191025,201910,USA,UNITED STATES,USA,,,,,,,,CHN,CHINA,CHN,,,,,,,,1,120,120,12,3,-4.0,6,1,6,-1.24223602484472,1,China,CH,CH,,35.0,105.0,CH,1,China,CH,CH,,35.0,105.0,CH,1,China,CH,CH,,35.0,105.0,CH,20191025104500,Reject,Verbal conflict
882206384,20191025,201910,CHN,CHINA,CHN,,,,,,,,USA,THE US,USA,,,,,,,,1,112,112,11,3,-2.0,14,1,10,-4.91400491400492,1,China,CH,CH,,35.0,105.0,CH,1,China,CH,CH,,35.0,105.0,CH,1,China,CH,CH,,35.0,105.0,CH,20191025110000,Disapprove,Verbal conflict
882206392,20191025,201910,CHNGOV,CHINESE,CHN,,,,,GOV,,,USA,UNITED STATES,USA,,,,,,,,1,112,112,11,3,-2.0,6,1,6,-4.91400491400492,1,China,CH,CH,,35.0,105.0,CH,1,China,CH,CH,,35.0,105.0,CH,1,China,CH,CH,,35.0,105.0,CH,20191025110000,Disapprove,Verbal conflict
882209081,20191025,201910,CHNCOP,CHINA,CHN,,,,,COP,,,USA,UNITED STATES,USA,,,,,,,,1,173,173,17,4,-5.0,15,5,10,-6.67396061269147,2,"Massachusetts, United States",US,USMA,,42.2373,-71.5314,MA,2,"Massachusetts, United States",US,USMA,,42.2373,-71.5314,MA,2,"Massachusetts, United States",US,USMA,,42.2373,-71.5314,MA,20191025111500,Coerce,Material conflict
882217356,20191025,201910,CHN,CHINA,CHN,,,,,,,,USA,THE US,USA,,,,,,,,1,046,046,04,1,7.0,10,1,10,-1.67597765363128,4,"Beijing, Beijing, China",CH,CH22,13001,39.9289,116.388,-1898541,4,"Beijing, Beijing, China",CH,CH22,13001,39.9289,116.388,-1898541,4,"Beijing, Beijing, China",CH,CH22,13001,39.9289,116.388,-1898541,20191025120000,Consult,Verbal cooperation
882218358,20191025,201910,USA,THE US,USA,,,,,,,,CHN,CHINA,CHN,,,,,,,,1,046,046,04,1,7.0,10,1,10,-1.67597765363128,3,"White House, District of Columbia, United States",US,USDC,,38.8951,-77.0364,531871,3,"White House, District of Columbia, United States",US,USDC,,38.8951,-77.0364,531871,3,"White House, District of Columbia, United States",US,USDC,,38.8951,-77.0364,531871,20191025120000,Consult,Verbal cooperation
882221035,20191025,201910,USA,UNITED STATES,USA,,,,,,,,CHN,CHINA,CHN,,,,,,,,1,040,040,04,1,1.0,7,1,7,-2.46305418719211,4,"Beijing, Beijing, China",CH,CH22,13001,39.9289,116.388,-1898541,4,"Beijing, Beijing, China",CH,CH22,13001,39.9289,116.388,-1898541,3,"Washington, District of Columbia, United States",US,USDC,DC001,38.8951,-77.0364,531871,20191025121500,Consult,Verbal cooperation
882226795,20191025,201910,USAGOV,UNITED STATES,USA,,,,,GOV,,,CHN,CHINESE,CHN,,,,,,,,1,051,051,05,1,3.4,7,1,7,-1.31578947368421,1,Italy,IT,IT,,42.833333,12.833333,IT,1,Italy,IT,IT,,42.833333,12.833333,IT,1,Italy,IT,IT,,42.833333,12.833333,IT,20191025124500,Engage in diplomatic cooperation,Verbal cooperation
882235468,20191025,201910,CHN,CHINA,CHN,,,,,,,,USA,UNITED STATES,USA,,,,,,,,1,112,112,11,3,-2.0,8,1,6,-3.71352785145889,4,"Beijing, Beijing, China",CH,CH22,13001,39.9289,116.388,-1898541,3,"Washington, District of Columbia, United States",US,USDC,DC001,38.8951,-77.0364,531871,4,"Beijing, Beijing, China",CH,CH22,13001,39.9289,116.388,-1898541,20191025133000,Disapprove,Verbal conflict
882235473,20191025,201910,CHNGOV,CHINESE,CHN,,,,,GOV,,,USA,UNITED STATES,USA,,,,,,,,1,112,112,11,3,-2.0,6,1,6,-3.71352785145889,4,"Beijing, Beijing, China",CH,CH22,13001,39.9289,116.388,-1898541,4,"Beijing, Beijing, China",CH,CH22,13001,39.9289,116.388,-1898541,4,"Beijing, Beijing, China",CH,CH22,13001,39.9289,116.388,-1898541,20191025133000,Disapprove,Verbal conflict
882238427,20191025,201910,CHN,CHINA,CHN,,,,,,,,USAMED,REUTERS,USA,,,,,MED,,,1,017,017,01,1,0.0,12,1,12,3.78787878787879,4,"Beijing, Beijing, China",CH,CH22,13001,39.9289,116.388,-1898541,4,"Rio De Janeiro, Estado do Rio, Brazil",BR,BR21,9961,-22.9,-43.2333,-666610,4,"Beijing, Beijing, China",CH,CH22,13001,39.9289,116.388,-1898541,20191025134500,Make public statement,Verbal cooperation
882238436,20191025,201910,CHNGOV,CHINA,CHN,,,,,GOV,,,USAMED,REUTERS,USA,,,,,MED,,,1,042,042,04,1,1.9,12,1,12,3.78787878787879,4,"Beijing, Beijing, China",CH,CH22,13001,39.9289,116.388,-1898541,4,"Rio De Janeiro, Estado do Rio, Brazil",BR,BR21,9961,-22.9,-43.2333,-666610,4,"Beijing, Beijing, China",CH,CH22,13001,39.9289,116.388,-1898541,20191025134500,Consult,Verbal cooperation
882240045,20191025,201910,USAMED,REUTERS,USA,,,,,MED,,,CHNGOV,CHINA,CHN,,,,,GOV,,,1,043,043,04,1,2.8,12,1,12,3.78787878787879,4,"Rio De Janeiro, Estado do Rio, Brazil",BR,BR21,9961,-22.9,-43.2333,-666610,4,"Beijing, Beijing, China",CH,CH22,13001,39.9289,116.388,-1898541,4,"Beijing, Beijing, China",CH,CH22,13001,39.9289,116.388,-1898541,20191025134500,Consult,Verbal cooperation
882250622,20191025,201910,CHN,CHINA,CHN,,,,,,,,USA,UNITED STATES,USA,,,,,,,,1,030,030,03,1,4.0,8,1,8,-5.31400966183575,1,China,CH,CH,,35.0,105.0,CH,3,"Washington, District of Columbia, United States",US,USDC,DC001,38.8951,-77.0364,531871,1,Germany,GM,GM,,51.5,10.5,GM,20191025144500,Express intent to cooperate,Verbal cooperation
882250624,20191025,201910,CHN,CHINESE,CHN,,,,,,,,USA,NEW YORK,USA,,,,,,,,1,042,042,04,1,1.9,6,3,6,0.91551875910489,4,"Beijing, Beijing, China",CH,CH22,13001,39.9289,116.388,-1898541,2,"New York, United States",US,USNY,,42.1497,-74.9384,NY,2,"New York, United States",US,USNY,,42.1497,-74.9384,NY,20191025144500,Consult,Verbal cooperation
882251831,20191025,201910,USA,UNITED STATES,USA,,,,,,,,CHN,CHINA,CHN,,,,,,,,1,030,030,03,1,4.0,8,1,8,-5.31400966183575,3,"Washington, District of Columbia, United States",US,USDC,DC001,38.8951,-77.0364,531871,1,China,CH,CH,,35.0,105.0,CH,1,Germany,GM,GM,,51.5,10.5,GM,20191025144500,Express intent to cooperate,Verbal cooperation
882251833,20191025,201910,USA,NEW YORK,USA,,,,,,,,CHN,CHINESE,CHN,,,,,,,,1,043,043,04,1,2.8,6,3,6,0.91551875910489,2,"New York, United States",US,USNY,,42.1497,-74.9384,NY,4,"Beijing, Beijing, China",CH,CH22,13001,39.9289,116.388,-1898541,2,"New York, United States",US,USNY,,42.1497,-74.9384,NY,20191025144500,Consult,Verbal cooperation
882254613,20191025,201910,USA,THE US,USA,,,,,,,,CHN,CHINA,CHN,,,,,,,,1,0871,087,08,2,9.0,10,1,10,-0.6269592476489,1,Singapore,SN,SN,,1.366667,103.8,SN,1,Singapore,SN,SN,,1.366667,103.8,SN,1,Singapore,SN,SN,,1.366667,103.8,SN,20191025150000,Yield,Material cooperation
882256314,20191025,201910,CHN,BEIJING,CHN,,,,,,,,USA,WASHINGTON,USA,,,,,,,,1,190,190,19,4,-10.0,7,1,7,-2.01005025125628,4,"Beijing, Beijing, China",CH,CH22,13001,39.9289,116.388,-1898541,3,"Washington, District of Columbia, United States",US,USDC,DC001,38.8951,-77.0364,531871,3,"Washington, District of Columbia, United States",US,USDC,DC001,38.8951,-77.0364,531871,20191025151500,Fight,Material conflict
882260926,20191025,201910,USA,THE US,USA,,,,,,,,CHN,CHINA,CHN,,,,,,,,1,046,046,04,1,7.0,10,1,10,-1.11214087117701,4,"Beijing, Beijing, China",CH,CH22,13001,39.9289,116.388,-1898541,4,"Beijing, Beijing, China",CH,CH22,13001,39.9289,116.388,-1898541,4,"Beijing, Beijing, China",CH,CH22,13001,39.9289,116.388,-1898541,20191025153000,Consult,Verbal cooperation
882265663,20191025,201910,CHN,CHINA,CHN,,,,,,,,MNCUSAMED,GOOGLE,USA,,,,,MNC,MED,,1,090,090,09,2,-2.0,10,1,10,-2.63157894736842,1,China,CH,CH,,35.0,105.0,CH,1,China,CH,CH,,35.0,105.0,CH,1,China,CH,CH,,35.0,105.0,CH,20191025160000,Investigate,Material cooperation
882265667,20191025,201910,CHN,CHINA,CHN,,,,,,,,USA,UNITED STATES,USA,,,,,,,,1,030,030,03,1,4.0,16,1,16,2.06896551724138,1,China,CH,CH,,35.0,105.0,CH,2,"Washington, United States",US,USWA,,47.3917,-121.571,WA,1,China,CH,CH,,35.0,105.0,CH,20191025160000,Express intent to cooperate,Verbal cooperation
882266811,20191025,201910,USA,DETROIT,USA,,,,,,,,CHN,CANTON,CHN,,,,,,,,1,112,112,11,3,-2.0,7,1,7,-12.3152709359606,1,China,CH,CH,,35.0,105.0,CH,1,China,CH,CH,,35.0,105.0,CH,1,China,CH,CH,,35.0,105.0,CH,20191025160000,Disapprove,Verbal conflict
882266812,20191025,201910,USA,A US,USA,,,,,,,,CHN,CHINA,CHN,,,,,,,,1,173,173,17,4,-5.0,8,1,8,-7.23514211886305,4,"Vancouver, British Columbia, Canada",CA,CA02,12552,49.25,-123.133,-575268,4,"Vancouver, British Columbia, Canada",CA,CA02,12552,49.25,-123.133,-575268,4,"Vancouver, British Columbia, Canada",CA,CA02,12552,49.25,-123.133,-575268,20191025160000,Coerce,Material conflict
882268418,20191025,201910,CHN,CHINA,CHN,,,,,,,,USA,UNITED STATES,USA,,,,,,,,1,030,030,03,1,4.0,6,2,6,3.31912475134981,3,"Washington, District of Columbia, United States",US,USDC,DC001,38.8951,-77.0364,531871,3,"Washington, District of Columbia, United States",US,USDC,DC001,38.8951,-77.0364,531871,1,China,CH,CH,,35.0,105.0,CH,20191025161500,Express intent to cooperate,Verbal cooperation
882268419,20191025,201910,CHN,CHINA,CHN,,,,,,,,USA,UNITED STATES,USA,,,,,,,,1,030,030,03,1,4.0,14,2,14,3.16891974180977,1,China,CH,CH,,35.0,105.0,CH,3,"Washington, District of Columbia, United States",US,USDC,DC001,38.8951,-77.0364,531871,1,China,CH,CH,,35.0,105.0,CH,20191025161500,Express intent to cooperate,Verbal cooperation
882272915,20191025,201910,USA,WASHINGTON,USA,,,,,,,,CHN,CHINA,CHN,,,,,,,,1,013,013,01,1,0.4,6,2,6,2.60853344186678,1,China,CH,CH,,35.0,105.0,CH,1,China,CH,CH,,35.0,105.0,CH,1,China,CH,CH,,35.0,105.0,CH,20191025163000,Make public statement,Verbal cooperation
882272919,20191025,201910,USA,UNITED STATES,USA,,,,,,,,CHN,CHINA,CHN,,,,,,,,1,030,030,03,1,4.0,6,2,6,2.60853344186678,3,"Washington, District of Columbia, United States",US,USDC,DC001,38.8951,-77.0364,531871,1,China,CH,CH,,35.0,105.0,CH,1,China,CH,CH,,35.0,105.0,CH,20191025163000,Express intent to cooperate,Verbal cooperation
882273123,20191025,201910,USALEG,THE US,USA,,,,,LEG,,,CHN,CHINESE,CHN,,,,,,,,1,016,016,01,1,-2.0,10,1,10,-3.34728033472803,1,China,CH,CH,,35.0,105.0,CH,1,China,CH,CH,,35.0,105.0,CH,1,China,CH,CH,,35.0,105.0,CH,20191025163000,Make public statement,Verbal cooperation
882273124,20191025,201910,USALEG,THE US,USA,,,,,LEG,,,CHN,CHINESE,CHN,,,,,,,,1,020,020,02,1,3.0,10,1,10,-3.34728033472803,1,China,CH,CH,,35.0,105.0,CH,1,China,CH,CH,,35.0,105.0,CH,1,China,CH,CH,,35.0,105.0,CH,20191025163000,Appeal,Verbal cooperation
882278290,20191025,201910,USA,THE US,USA,,,,,,,,CHN,CHINA,CHN,,,,,,,,1,020,020,02,1,3.0,6,1,6,-0.5994005994006,4,"Tiananmen Square, Beijing, China",CH,CH22,13001,39.9044,116.391,9244097,4,"Tiananmen Square, Beijing, China",CH,CH22,13001,39.9044,116.391,9244097,4,"Tiananmen Square, Beijing, China",CH,CH22,13001,39.9044,116.391,9244097,20191025170000,Appeal,Verbal cooperation
882294098,20191025,201910,USACVL,DELAWARE,USA,,,,,CVL,,,CHN,CHINA,CHN,,,,,,,,1,061,061,06,2,6.4,6,1,6,-1.8450184501845,1,China,CH,CH,,35.0,105.0,CH,1,China,CH,CH,,35.0,105.0,CH,1,China,CH,CH,,35.0,105.0,CH,20191025181500,Engage in material cooperation,Material cooperation
882294972,20181025,201810,USABUS,AMERICAN,USA,,,,,BUS,,,CHN,CHINA,CHN,,,,,,,,1,130,130,13,3,-4.4,8,1,8,0.62111801242236,1,China,CH,CH,,35.0,105.0,CH,1,China,CH,CH,,35.0,105.0,CH,1,China,CH,CH,,35.0,105.0,CH,20191025183000,Threaten,Verbal conflict
882295408,20191025,201910,CHN,BEIJING,CHN,,,,,,,,USA,WASHINGTON,USA,,,,,,,,1,046,046,04,1,7.0,6,1,6,-3.28820116054159,4,"Beijing, Beijing, China",CH,CH22,13001,39.9289,116.388,-1898541,3,"Washington, District of Columbia, United States",US,USDC,DC001,38.8951,-77.0364,531871,3,"Washington, District of Columbia, United States",US,USDC,DC001,38.8951,-77.0364,531871,20191025183000,Consult,Verbal cooperation
882295414,20191025,201910,CHN,BEIJING,CHN,,,,,,,,USA,WASHINGTON,USA,,,,,,,,1,160,160,16,4,-4.0,10,1,10,-3.28820116054159,3,"White House, District of Columbia, United States",US,USDC,,38.8951,-77.0364,531871,3,"White House, District of Columbia, United States",US,USDC,,38.8951,-77.0364,531871,3,"White House, District of Columbia, United States",US,USDC,,38.8951,-77.0364,531871,20191025183000,Reduce relations,Material conflict
882296751,20191025,201910,USA,WASHINGTON,USA,,,,,,,,CHN,BEIJING,CHN,,,,,,,,1,046,046,04,1,7.0,6,1,6,-3.28820116054159,3,"Washington, District of Columbia, United States",US,USDC,DC001,38.8951,-77.0364,531871,4,"Beijing, Beijing, China",CH,CH22,13001,39.9289,116.388,-1898541,3,"Washington, District of Columbia, United States",US,USDC,DC001,38.8951,-77.0364,531871,20191025183000,Consult,Verbal cooperation
882300424,20191025,201910,CHN,CANTON,CHN,,,,,,,,USA,DETROIT,USA,,,,,,,,1,173,173,17,4,-5.0,10,1,10,-15.6626506024096,1,China,CH,CH,,35.0,105.0,CH,1,China,CH,CH,,35.0,105.0,CH,1,China,CH,CH,,35.0,105.0,CH,20191025190000,Coerce,Material conflict
882302274,20191025,201910,CHN,CHINA,CHN,,,,,,,,USA,AMERICAN,USA,,,,,,,,1,042,042,04,1,1.9,8,1,8,2.73556231003039,4,"Chengji, Fujian, China",CH,CH07,13013,26.7181,119.14,11044488,4,"Chengji, Fujian, China",CH,CH07,13013,26.7181,119.14,11044488,4,"Chengji, Fujian, China",CH,CH07,13013,26.7181,119.14,11044488,20191025191500,Consult,Verbal cooperation
882303620,20191025,201910,USA,WASHINGTON,USA,,,,,,,,CHN,CHINA,CHN,,,,,,,,1,013,013,01,1,0.4,10,1,10,-0.74349442379182,3,"Washington, District of Columbia, United States",US,USDC,DC001,38.8951,-77.0364,531871,3,"Washington, District of Columbia, United States",US,USDC,DC001,38.8951,-77.0364,531871,3,"Washington, District of Columbia, United States",US,USDC,DC001,38.8951,-77.0364,531871,20191025191500,Make public statement,Verbal cooperation
882303622,20191025,201910,USA,AMERICAN,USA,,,,,,,,CHN,CHINA,CHN,,,,,,,,1,043,043,04,1,2.8,8,1,8,2.73556231003039,1,United States,US,US,,39.828175,-98.5795,US,4,"Chongqing, Chongqing, China",CH,CH33,13004,29.5628,106.553,-1900774,1,United States,US,US,,39.828175,-98.5795,US,20191025191500,Consult,Verbal cooperation
882310609,20191025,201910,CHN,CHINA,CHN,,,,,,,,USA,UNITED STATES,USA,,,,,,,,1,040,040,04,1,1.0,8,1,8,4.29184549356223,1,China,CH,CH,,35.0,105.0,CH,3,"Washington, District of Columbia, United States",US,USDC,DC001,38.8951,-77.0364,531871,1,Pakistan,PK,PK,,30.0,70.0,PK,20191025200000,Consult,Verbal cooperation
882311598,20191025,201910,USA,UNITED STATES,USA,,,,,,,,CHN,CHINA,CHN,,,,,,,,1,040,040,04,1,1.0,8,1,8,4.29184549356223,3,"Washington, District of Columbia, United States",US,USDC,DC001,38.8951,-77.0364,531871,1,China,CH,CH,,35.0,105.0,CH,1,Pakistan,PK,PK,,30.0,70.0,PK,20191025200000,Consult,Verbal cooperation
882312911,20191025,201910,CHN,BEIJING,CHN,,,,,,,,USA,WASHINGTON,USA,,,,,,,,1,110,110,11,3,-2.0,8,1,8,-3.43434343434343,4,"Beijing, Beijing, China",CH,CH22,13001,39.9289,116.388,-1898541,4,"Beijing, Beijing, China",CH,CH22,13001,39.9289,116.388,-1898541,4,"Beijing, Beijing, China",CH,CH22,13001,39.9289,116.388,-1898541,20191025201500,Disapprove,Verbal conflict
882314214,20191025,201910,USA,WASHINGTON,USA,,,,,,,,CHN,CHINESE,CHN,,,,,,,,1,016,016,01,1,-2.0,7,1,7,-2.98245614035088,4,"Beijing, Beijing, China",CH,CH22,13001,39.9289,116.388,-1898541,4,"Beijing, Beijing, China",CH,CH22,13001,39.9289,116.388,-1898541,4,"Beijing, Beijing, China",CH,CH22,13001,39.9289,116.388,-1898541,20191025201500,Make public statement,Verbal cooperation
882314224,20191025,201910,USA,WASHINGTON,USA,,,,,,,,CHN,BEIJING,CHN,,,,,,,,1,110,110,11,3,-2.0,6,2,6,-3.20839978734716,4,"Beijing, Beijing, China",CH,CH22,13001,39.9289,116.388,-1898541,4,"Beijing, Beijing, China",CH,CH22,13001,39.9289,116.388,-1898541,3,"Washington, District of Columbia, United States",US,USDC,DC001,38.8951,-77.0364,531871,20191025201500,Disapprove,Verbal conflict
882314225,20191025,201910,USA,WASHINGTON,USA,,,,,,,,CHN,BEIJING,CHN,,,,,,,,1,110,110,11,3,-2.0,10,2,10,-3.20839978734715,3,"Washington, District of Columbia, United States",US,USDC,DC001,38.8951,-77.0364,531871,4,"Beijing, Beijing, China",CH,CH22,13001,39.9289,116.388,-1898541,3,"Washington, District of Columbia, United States",US,USDC,DC001,38.8951,-77.0364,531871,20191025201500,Disapprove,Verbal conflict
882314230,20191025,201910,USA,WASHINGTON,USA,,,,,,,,CHN,BEIJING,CHN,,,,,,,,1,125,125,12,3,-5.0,8,1,8,-2.98245614035088,3,"Washington, District of Columbia, United States",US,USDC,DC001,38.8951,-77.0364,531871,4,"Beijing, Beijing, China",CH,CH22,13001,39.9289,116.388,-1898541,3,"Washington, District of Columbia, United States",US,USDC,DC001,38.8951,-77.0364,531871,20191025201500,Reject,Verbal conflict
882330226,20191025,201910,CHN,CHINA,CHN,,,,,,,,USAGOV,THE WHITE HOUSE,USA,,,,,GOV,,,1,0874,087,08,2,10.0,6,1,6,-2.3696682464455,4,"Beijing, Beijing, China",CH,CH22,13001,39.9289,116.388,-1898541,4,"Beijing, Beijing, China",CH,CH22,13001,39.9289,116.388,-1898541,4,"Beijing, Beijing, China",CH,CH22,13001,39.9289,116.388,-1898541,20191025221500,Yield,Material cooperation
882342956,20191026,201910,CHN,CHINA,CHN,,,,,,,,USA,UNITED STATES,USA,,,,,,,,1,046,046,04,1,7.0,8,1,8,-2.40601503759398,4,"Beijing, Beijing, China",CH,CH22,13001,39.9289,116.388,-1898541,3,"Washington, District of Columbia, United States",US,USDC,DC001,38.8951,-77.0364,531871,4,"Kabul, Kabol, Afghanistan",AF,AF13,3580,34.5167,69.1833,-3378435,20191026000000,Consult,Verbal cooperation
882345017,20191026,201910,USA,UNITED STATES,USA,,,,,,,,CHN,CHINA,CHN,,,,,,,,1,046,046,04,1,7.0,8,1,8,-2.40601503759398,3,"Washington, District of Columbia, United States",US,USDC,DC001,38.8951,-77.0364,531871,4,"Beijing, Beijing, China",CH,CH22,13001,39.9289,116.388,-1898541,4,"Kabul, Kabol, Afghanistan",AF,AF13,3580,34.5167,69.1833,-3378435,20191026000000,Consult,Verbal cooperation
882350443,20191026,201910,CHN,CHINA,CHN,,,,,,,,USA,AMERICAN,USA,,,,,,,,1,042,042,04,1,1.9,8,1,8,2.80373831775701,4,"Chengji, Fujian, China",CH,CH07,13013,26.7181,119.14,11044488,4,"Chengji, Fujian, China",CH,CH07,13013,26.7181,119.14,11044488,4,"Chengji, Fujian, China",CH,CH07,13013,26.7181,119.14,11044488,20191026003000,Consult,Verbal cooperation
882350445,20191026,201910,CHN,CHINA,CHN,,,,,,,,USACVL,CENTER FOR STRATEGIC AND INTERNATIONAL STUDIES,USA,,,,,CVL,,,1,020,020,02,1,3.0,6,1,6,-3.5426731078905,4,"Beijing, Beijing, China",CH,CH22,13001,39.9289,116.388,-1898541,4,"Pacific Island, Solomon Islands (general), Solomon Islands",BP,BP00,18585,-7.91746,156.528,-1545691,4,"Pacific Island, Solomon Islands (general), Solomon Islands",BP,BP00,18585,-7.91746,156.528,-1545691,20191026003000,Appeal,Verbal cooperation
882352591,20191026,201910,USA,AMERICAN,USA,,,,,,,,CHN,CHINA,CHN,,,,,,,,1,043,043,04,1,2.8,8,1,8,2.80373831775701,1,United States,US,US,,39.828175,-98.5795,US,4,"Chongqing, Chongqing, China",CH,CH33,13004,29.5628,106.553,-1900774,1,United States,US,US,,39.828175,-98.5795,US,20191026003000,Consult,Verbal cooperation
882360716,20191026,201910,USA,WASHINGTON,USA,,,,,,,,CHN,CHINA,CHN,,,,,,,,1,013,013,01,1,0.4,10,1,10,-1.96779964221824,3,"Washington, District of Columbia, United States",US,USDC,DC001,38.8951,-77.0364,531871,3,"Washington, District of Columbia, United States",US,USDC,DC001,38.8951,-77.0364,531871,3,"Washington, District of Columbia, United States",US,USDC,DC001,38.8951,-77.0364,531871,20191026011500,Make public statement,Verbal cooperation
882367771,20191026,201910,USA,WASHINGTON,USA,,,,,,,,CHN,CHINESE,CHN,,,,,,,,1,016,016,01,1,-2.0,8,1,8,-3.53817504655494,4,"Beijing, Beijing, China",CH,CH22,13001,39.9289,116.388,-1898541,4,"Beijing, Beijing, China",CH,CH22,13001,39.9289,116.388,-1898541,4,"Beijing, Beijing, China",CH,CH22,13001,39.9289,116.388,-1898541,20191026021500,Make public statement,Verbal cooperation
882367773,20191026,201910,USA,WASHINGTON,USA,,,,,,,,CHN,BEIJING,CHN,,,,,,,,1,112,112,11,3,-2.0,8,1,8,-3.53817504655494,3,"Washington, District of Columbia, United States",US,USDC,DC001,38.8951,-77.0364,531871,4,"Beijing, Beijing, China",CH,CH22,13001,39.9289,116.388,-1898541,4,"Beijing, Beijing, China",CH,CH22,13001,39.9289,116.388,-1898541,20191026021500,Disapprove,Verbal conflict
882373175,20191026,201910,USA,UNITED STATES,USA,,,,,,,,CHN,CHINESE,CHN,,,,,,,,1,012,012,01,1,-0.4,10,1,10,-0.47505938242281,1,United States,US,US,,39.828175,-98.5795,US,1,China,CH,CH,,35.0,105.0,CH,1,China,CH,CH,,35.0,105.0,CH,20191026030000,Make public statement,Verbal cooperation
882378204,20191026,201910,CHN,BEIJING,CHN,,,,,,,,USA,THE US,USA,,,,,,,,1,020,020,02,1,3.0,10,1,10,-4.07673860911271,4,"Beijing, Beijing, China",CH,CH22,13001,39.9289,116.388,-1898541,4,"Beijing, Beijing, China",CH,CH22,13001,39.9289,116.388,-1898541,4,"Beijing, Beijing, China",CH,CH22,13001,39.9289,116.388,-1898541,20191026040000,Appeal,Verbal cooperation
882382892,20191026,201910,CHN,CHINA,CHN,,,,,,,,USA,WASHINGTON,USA,,,,,,,,1,046,046,04,1,7.0,10,1,10,0.75757575757575,4,"Zhong Shan, Anhui, China",CH,CH01,12997,30.8938,118.769,10997260,4,"Zhong Shan, Anhui, China",CH,CH01,12997,30.8938,118.769,10997260,4,"Zhong Shan, Anhui, China",CH,CH01,12997,30.8938,118.769,10997260,20191026044500,Consult,Verbal cooperation
882383527,20191026,201910,USA,WASHINGTON,USA,,,,,,,,CHN,CHINA,CHN,,,,,,,,1,046,046,04,1,7.0,10,1,10,0.75757575757575,3,"Washington, District of Columbia, United States",US,USDC,DC001,38.8951,-77.0364,531871,4,"Shanghai, Shanghai, China",CH,CH23,13243,31.2222,121.458,-1924465,4,"Shanghai, Shanghai, China",CH,CH23,13243,31.2222,121.458,-1924465,20191026044500,Consult,Verbal cooperation
882384638,20191026,201910,CHNLEG,CHINA,CHN,,,,,LEG,,,USA,UNITED STATES,USA,,,,,,,,1,040,040,04,1,1.0,10,2,10,2.67857142857143,4,"Beijing, Beijing, China",CH,CH22,13001,39.9289,116.388,-1898541,1,United States,US,US,,39.828175,-98.5795,US,1,Afghanistan,AF,AF,,33.0,66.0,AF,20191026050000,Consult,Verbal cooperation
882385139,20191026,201910,USA,UNITED STATES,USA,,,,,,,,CHNLEG,CHINA,CHN,,,,,LEG,,,1,040,040,04,1,1.0,10,2,10,2.67857142857143,1,United States,US,US,,39.828175,-98.5795,US,4,"Beijing, Beijing, China",CH,CH22,13001,39.9289,116.388,-1898541,1,Afghanistan,AF,AF,,33.0,66.0,AF,20191026050000,Consult,Verbal cooperation
882386052,20191026,201910,USA,WASHINGTON,USA,,,,,,,,CHN,BEIJING,CHN,,,,,,,,1,125,125,12,3,-5.0,8,1,8,-3.19715808170515,3,"Washington, District of Columbia, United States",US,USDC,DC001,38.8951,-77.0364,531871,4,"Beijing, Beijing, China",CH,CH22,13001,39.9289,116.388,-1898541,3,"Washington, District of Columbia, United States",US,USDC,DC001,38.8951,-77.0364,531871,20191026051500,Reject,Verbal conflict
882387198,20191026,201910,CHNGOV,CHINESE,CHN,,,,,GOV,,,USA,WASHINGTON,USA,,,,,,,,1,010,010,01,1,0.0,6,1,6,-9.04977375565608,4,"Beijing, Beijing, China",CH,CH22,13001,39.9289,116.388,-1898541,3,"Washington, District of Columbia, United States",US,USDC,DC001,38.8951,-77.0364,531871,3,"Washington, District of Columbia, United States",US,USDC,DC001,38.8951,-77.0364,531871,20191026053000,Make public statement,Verbal cooperation
882387200,20191026,201910,CHNGOV,CHINESE,CHN,,,,,GOV,,,USA,WASHINGTON,USA,,,,,,,,1,100,100,10,3,-5.0,6,1,6,-9.04977375565608,4,"Beijing, Beijing, China",CH,CH22,13001,39.9289,116.388,-1898541,3,"Washington, District of Columbia, United States",US,USDC,DC001,38.8951,-77.0364,531871,4,"Beijing, Beijing, China",CH,CH22,13001,39.9289,116.388,-1898541,20191026053000,Demand,Verbal conflict
882391038,20191026,201910,USA,UNITED STATES,USA,,,,,,,,CHN,CHINA,CHN,,,,,,,,1,061,061,06,2,6.4,8,1,8,2.57731958762887,4,"Beijing, Beijing, China",CH,CH22,13001,39.9289,116.388,-1898541,4,"Beijing, Beijing, China",CH,CH22,13001,39.9289,116.388,-1898541,4,"Beijing, Beijing, China",CH,CH22,13001,39.9289,116.388,-1898541,20191026060000,Engage in material cooperation,Material cooperation
882391753,20191026,201910,CHN,CHINA,CHN,,,,,,,,USA,WASHINGTON,USA,,,,,,,,1,046,046,04,1,7.0,10,1,10,-3.41463414634146,1,China,CH,CH,,35.0,105.0,CH,3,"Washington, District of Columbia, United States",US,USDC,DC001,38.8951,-77.0364,531871,3,"Washington, District of Columbia, United States",US,USDC,DC001,38.8951,-77.0364,531871,20191026061500,Consult,Verbal cooperation
882392334,20191026,201910,USA,WASHINGTON,USA,,,,,,,,CHN,CHINA,CHN,,,,,,,,1,046,046,04,1,7.0,10,1,10,-3.41463414634146,3,"Washington, District of Columbia, United States",US,USDC,DC001,38.8951,-77.0364,531871,1,China,CH,CH,,35.0,105.0,CH,3,"Washington, District of Columbia, United States",US,USDC,DC001,38.8951,-77.0364,531871,20191026061500,Consult,Verbal cooperation
882393138,20191026,201910,CHN,CHINA,CHN,,,,,,,,USA,UNITED STATES,USA,,,,,,,,1,030,030,03,1,4.0,6,1,6,-2.81030444964871,4,"Beijing, Beijing, China",CH,CH22,13001,39.9289,116.388,-1898541,3,"White House, District of Columbia, United States",US,USDC,,38.8951,-77.0364,531871,4,"Beijing, Beijing, China",CH,CH22,13001,39.9289,116.388,-1898541,20191026063000,Express intent to cooperate,Verbal cooperation
882393862,20191026,201910,USA,UNITED STATES,USA,,,,,,,,CHN,CHINA,CHN,,,,,,,,1,030,030,03,1,4.0,6,1,6,-2.81030444964871,3,"White House, District of Columbia, United States",US,USDC,,38.8951,-77.0364,531871,4,"Beijing, Beijing, China",CH,CH22,13001,39.9289,116.388,-1898541,4,"Beijing, Beijing, China",CH,CH22,13001,39.9289,116.388,-1898541,20191026063000,Express intent to cooperate,Verbal cooperation
882402775,20191026,201910,USA,UNITED STATES,USA,,,,,,,,CHN,CHINA,CHN,,,,,,,,1,030,030,03,1,4.0,10,1,10,-6.20689655172414,1,China,CH,CH,,35.0,105.0,CH,1,China,CH,CH,,35.0,105.0,CH,1,China,CH,CH,,35.0,105.0,CH,20191026080000,Express intent to cooperate,Verbal cooperation
882411691,20191026,201910,CHN,CHINA,CHN,,,,,,,,USA,UNITED STATES,USA,,,,,,,,1,027,027,02,1,4.0,16,1,16,-0.41322314049586,1,China,CH,CH,,35.0,105.0,CH,1,United States,US,US,,39.828175,-98.5795,US,1,Pakistan,PK,PK,,30.0,70.0,PK,20191026093000,Appeal,Verbal cooperation
882416226,20191026,201910,CHN,CHINA,CHN,,,,,,,,USA,UNITED STATES,USA,,,,,,,,1,046,046,04,1,7.0,8,2,8,2.25410782597011,1,China,CH,CH,,35.0,105.0,CH,1,China,CH,CH,,35.0,105.0,CH,1,China,CH,CH,,35.0,105.0,CH,20191026101500,Consult,Verbal cooperation
882416964,20191026,201910,USA,UNITED STATES,USA,,,,,,,,CHN,CHINA,CHN,,,,,,,,1,046,046,04,1,7.0,8,2,8,2.25410782597011,2,"California, United States",US,USCA,,36.17,-119.746,CA,1,China,CH,CH,,35.0,105.0,CH,2,"Tennessee, United States",US,USTN,,35.7449,-86.7489,TN,20191026101500,Consult,Verbal cooperation
882435429,20191026,201910,CHN,CHINA,CHN,,,,,,,,USA,UNITED STATES,USA,,,,,,,,1,061,061,06,2,6.4,8,1,8,-3.91566265060241,1,China,CH,CH,,35.0,105.0,CH,3,"Phoenix, Arizona, United States",US,USAZ,AZ013,33.4484,-112.074,44784,3,"Phoenix, Arizona, United States",US,USAZ,AZ013,33.4484,-112.074,44784,20191026130000,Engage in material cooperation,Material cooperation
882443261,20191026,201910,CHN,CHINESE,CHN,,,,,,,,USA,THE US,USA,,,,,,,,1,1721,172,17,4,-5.0,10,1,10,0.0,1,China,CH,CH,,35.0,105.0,CH,1,China,CH,CH,,35.0,105.0,CH,1,China,CH,CH,,35.0,105.0,CH,20191026141500,Coerce,Material conflict
882446849,20191026,201910,CHN,BEIJING,CHN,,,,,,,,USA,WASHINGTON,USA,,,,,,,,1,046,046,04,1,7.0,8,1,8,-2.42718446601942,4,"Beijing, Beijing, China",CH,CH22,13001,39.9289,116.388,-1898541,3,"Washington, District of Columbia, United States",US,USDC,DC001,38.8951,-77.0364,531871,3,"Washington, District of Columbia, United States",US,USDC,DC001,38.8951,-77.0364,531871,20191026144500,Consult,Verbal cooperation
882447532,20191026,201910,USA,WASHINGTON,USA,,,,,,,,CHN,BEIJING,CHN,,,,,,,,1,046,046,04,1,7.0,10,1,10,-2.42718446601942,3,"Washington, District of Columbia, United States",US,USDC,DC001,38.8951,-77.0364,531871,3,"Washington, District of Columbia, United States",US,USDC,DC001,38.8951,-77.0364,531871,3,"Washington, District of Columbia, United States",US,USDC,DC001,38.8951,-77.0364,531871,20191026144500,Consult,Verbal cooperation
882461734,20191026,201910,USA,THE US,USA,,,,,,,,CHN,BEIJING,CHN,,,,,,,,1,125,125,12,3,-5.0,8,1,8,-3.80313199105145,4,"Beijing, Beijing, China",CH,CH22,13001,39.9289,116.388,-1898541,4,"Beijing, Beijing, China",CH,CH22,13001,39.9289,116.388,-1898541,3,"Washington, District of Columbia, United States",US,USDC,DC001,38.8951,-77.0364,531871,20191026164500,Reject,Verbal conflict
882466417,20191026,201910,CHN,CHINA,CHN,,,,,,,,USA,NEW JERSEY,USA,,,,,,,,1,040,040,04,1,1.0,8,1,8,-1.5,1,China,CH,CH,,35.0,105.0,CH,2,"New Jersey, United States",US,USNJ,,40.314,-74.5089,NJ,2,"New Jersey, United States",US,USNJ,,40.314,-74.5089,NJ,20191026173000,Consult,Verbal cooperation
882466418,20191026,201910,CHN,CHINA,CHN,,,,,,,,USA,NEW JERSEY,USA,,,,,,,,1,046,046,04,1,7.0,8,1,8,-1.5,1,China,CH,CH,,35.0,105.0,CH,2,"New Jersey, United States",US,USNJ,,40.314,-74.5089,NJ,2,"New Jersey, United States",US,USNJ,,40.314,-74.5089,NJ,20191026173000,Consult,Verbal cooperation
882467323,20191026,201910,USA,NEW JERSEY,USA,,,,,,,,CHN,CHINA,CHN,,,,,,,,1,040,040,04,1,1.0,8,1,8,-1.5,2,"New Jersey, United States",US,USNJ,,40.314,-74.5089,NJ,1,China,CH,CH,,35.0,105.0,CH,2,"New Jersey, United States",US,USNJ,,40.314,-74.5089,NJ,20191026173000,Consult,Verbal cooperation
882467324,20191026,201910,USA,NEW JERSEY,USA,,,,,,,,CHN,CHINA,CHN,,,,,,,,1,046,046,04,1,7.0,6,1,6,-1.5,1,China,CH,CH,,35.0,105.0,CH,2,"New Jersey, United States",US,USNJ,,40.314,-74.5089,NJ,1,China,CH,CH,,35.0,105.0,CH,20191026173000,Consult,Verbal cooperation
882471276,20191026,201910,CHN,CHINA,CHN,,,,,,,,USA,UNITED STATES,USA,,,,,,,,1,046,046,04,1,7.0,8,1,8,1.08695652173913,4,"Beijing, Beijing, China",CH,CH22,13001,39.9289,116.388,-1898541,1,United States,US,US,,39.828175,-98.5795,US,4,"Kabul, Kabol, Afghanistan",AF,AF13,3580,34.5167,69.1833,-3378435,20191026181500,Consult,Verbal cooperation
882471948,20191026,201910,USA,UNITED STATES,USA,,,,,,,,CHN,CHINA,CHN,,,,,,,,1,046,046,04,1,7.0,8,1,8,1.08695652173913,1,United States,US,US,,39.828175,-98.5795,US,4,"Beijing, Beijing, China",CH,CH22,13001,39.9289,116.388,-1898541,4,"Kabul, Kabol, Afghanistan",AF,AF13,3580,34.5167,69.1833,-3378435,20191026181500,Consult,Verbal cooperation
882474089,20191026,201910,CHN,CHINA,CHN,,,,,,,,USA,UNITED STATES,USA,,,,,,,,1,040,040,04,1,1.0,8,1,8,-1.40845070422535,4,"Beijing, Beijing, China",CH,CH22,13001,39.9289,116.388,-1898541,3,"Washington, District of Columbia, United States",US,USDC,DC001,38.8951,-77.0364,531871,4,"Moscow, Moskva, Russia",RS,RS48,25106,55.7522,37.6156,-2960561,20191026184500,Consult,Verbal cooperation
882474091,20191026,201910,CHN,CHINA,CHN,,,,,,,,USA,UNITED STATES,USA,,,,,,,,1,046,046,04,1,7.0,8,1,8,-1.40845070422535,4,"Beijing, Beijing, China",CH,CH22,13001,39.9289,116.388,-1898541,3,"Washington, District of Columbia, United States",US,USDC,DC001,38.8951,-77.0364,531871,1,Pakistan,PK,PK,,30.0,70.0,PK,20191026184500,Consult,Verbal cooperation
882474634,20191026,201910,USA,UNITED STATES,USA,,,,,,,,CHN,CHINESE,CHN,,,,,,,,1,012,012,01,1,-0.4,6,1,6,-2.50589002551793,3,"Washington, District of Columbia, United States",US,USDC,DC001,38.8951,-77.0364,531871,4,"Beijing, Beijing, China",CH,CH22,13001,39.9289,116.388,-1898541,3,"Washington, District of Columbia, United States",US,USDC,DC001,38.8951,-77.0364,531871,20191026184500,Make public statement,Verbal cooperation
882474636,20191026,201910,USA,UNITED STATES,USA,,,,,,,,CHN,CHINA,CHN,,,,,,,,1,040,040,04,1,1.0,8,1,8,-1.40845070422535,3,"Washington, District of Columbia, United States",US,USDC,DC001,38.8951,-77.0364,531871,4,"Beijing, Beijing, China",CH,CH22,13001,39.9289,116.388,-1898541,4,"Moscow, Moskva, Russia",RS,RS48,25106,55.7522,37.6156,-2960561,20191026184500,Consult,Verbal cooperation
882474638,20191026,201910,USA,UNITED STATES,USA,,,,,,,,CHN,CHINA,CHN,,,,,,,,1,046,046,04,1,7.0,8,1,8,-1.40845070422535,3,"Washington, District of Columbia, United States",US,USDC,DC001,38.8951,-77.0364,531871,4,"Beijing, Beijing, China",CH,CH22,13001,39.9289,116.388,-1898541,1,Pakistan,PK,PK,,30.0,70.0,PK,20191026184500,Consult,Verbal cooperation
882475386,20191026,201910,CHN,CHINESE,CHN,,,,,,,,USA,UNITED STATES,USA,,,,,,,,1,110,110,11,3,-2.0,8,1,8,-0.52478134110788,1,China,CH,CH,,35.0,105.0,CH,1,United States,US,US,,39.828175,-98.5795,US,1,United States,US,US,,39.828175,-98.5795,US,20191026190000,Disapprove,Verbal conflict
882477399,20191026,201910,MNCUSAMED,GOOGLE,USA,,,,,MNC,MED,,CHN,CHINA,CHN,,,,,,,,1,061,061,06,2,6.4,8,1,8,0.960878517501714,4,"Cape Town, Western Cape, South Africa",SF,SF11,77317,-33.9167,18.4167,-1217214,4,"Cape Town, Western Cape, South Africa",SF,SF11,77317,-33.9167,18.4167,-1217214,4,"Cape Town, Western Cape, South Africa",SF,SF11,77317,-33.9167,18.4167,-1217214,20191026191500,Engage in material cooperation,Material cooperation
882479193,20191026,201910,USA,CHICAGO,USA,,,,,,,,CHNOPP,TIBET,CHN,,,,,OPP,,,1,051,051,05,1,3.4,10,1,10,-2.08333333333333,3,"Chicago, Illinois, United States",US,USIL,IL031,41.85,-87.6501,423587,3,"Chicago, Illinois, United States",US,USIL,IL031,41.85,-87.6501,423587,3,"Chicago, Illinois, United States",US,USIL,IL031,41.85,-87.6501,423587,20191026193000,Engage in diplomatic cooperation,Verbal cooperation
882479194,20191026,201910,USA,CHICAGO,USA,,,,,,,,CHNOPP,TIBET,CHN,,,,,OPP,,,1,141,141,14,3,-6.5,10,1,10,-2.08333333333333,3,"Chicago, Illinois, United States",US,USIL,IL031,41.85,-87.6501,423587,3,"Chicago, Illinois, United States",US,USIL,IL031,41.85,-87.6501,423587,3,"Chicago, Illinois, United States",US,USIL,IL031,41.85,-87.6501,423587,20191026193000,Protest,Verbal conflict
882489975,20191026,201910,CHN,CHINA,CHN,,,,,,,,USA,LAND OF OPPORTUNITY,USA,,,,,,,,1,013,013,01,1,0.4,7,1,7,4.56204379562044,2,"Alaska, United States",US,USAK,,61.385,-152.268,AK,2,"Alaska, United States",US,USAK,,61.385,-152.268,AK,2,"Alaska, United States",US,USAK,,61.385,-152.268,AK,20191026214500,Make public statement,Verbal cooperation
882493038,20191026,201910,CHN,CHINA,CHN,,,,,,,,USA,UNITED STATES,USA,,,,,,,,1,130,130,13,3,-4.4,8,1,8,-2.31481481481482,1,United States,US,US,,39.828175,-98.5795,US,1,United States,US,US,,39.828175,-98.5795,US,1,United States,US,US,,39.828175,-98.5795,US,20191026221500,Threaten,Verbal conflict
882493628,20191026,201910,USAMED,REUTERS,USA,,,,,MED,,,CHN,CHINA,CHN,,,,,,,,1,061,061,06,2,6.4,10,1,10,0.87815693078851,1,Hong Kong,HK,HK,,22.25,114.166667,HK,4,"Paris, France (general), France",FR,FR00,16282,48.8667,2.33333,-1456928,4,"Paris, France (general), France",FR,FR00,16282,48.8667,2.33333,-1456928,20191026221500,Engage in material cooperation,Material cooperation
882499176,20191026,201910,CHN,CHINA,CHN,,,,,,,,USA,THE US,USA,,,,,,,,1,040,040,04,1,1.0,6,1,6,2.64550264550264,4,"Beijing, Beijing, China",CH,CH22,13001,39.9289,116.388,-1898541,4,"Beijing, Beijing, China",CH,CH22,13001,39.9289,116.388,-1898541,4,"Beijing, Beijing, China",CH,CH22,13001,39.9289,116.388,-1898541,20191026234500,Consult,Verbal cooperation
882499666,20191026,201910,USA,THE US,USA,,,,,,,,CHN,CHINA,CHN,,,,,,,,1,040,040,04,1,1.0,6,1,6,2.64550264550264,4,"Beijing, Beijing, China",CH,CH22,13001,39.9289,116.388,-1898541,4,"Beijing, Beijing, China",CH,CH22,13001,39.9289,116.388,-1898541,4,"Beijing, Beijing, China",CH,CH22,13001,39.9289,116.388,-1898541,20191026234500,Consult,Verbal cooperation
882504871,20191027,201910,CHN,CHINA,CHN,,,,,,,,USA,UNITED STATES,USA,,,,,,,,1,036,036,03,1,4.0,6,1,6,-0.85287846481876,1,China,CH,CH,,35.0,105.0,CH,1,United States,US,US,,39.828175,-98.5795,US,4,"Moscow, Moskva, Russia",RS,RS48,25106,55.7522,37.6156,-2960561,20191027003000,Express intent to cooperate,Verbal cooperation
882504873,20191027,201910,CHN,CHINA,CHN,,,,,,,,USA,UNITED STATES,USA,,,,,,,,1,037,037,03,1,5.0,6,1,6,-0.85287846481876,1,China,CH,CH,,35.0,105.0,CH,1,United States,US,US,,39.828175,-98.5795,US,4,"Moscow, Moskva, Russia",RS,RS48,25106,55.7522,37.6156,-2960561,20191027003000,Express intent to cooperate,Verbal cooperation
882504874,20191027,201910,CHN,CHINA,CHN,,,,,,,,USA,UNITED STATES,USA,,,,,,,,1,046,046,04,1,7.0,8,1,8,1.08695652173913,4,"Beijing, Beijing, China",CH,CH22,13001,39.9289,116.388,-1898541,1,United States,US,US,,39.828175,-98.5795,US,4,"Kabul, Kabol, Afghanistan",AF,AF13,3580,34.5167,69.1833,-3378435,20191027003000,Consult,Verbal cooperation
882506165,20191027,201910,USA,UNITED STATES,USA,,,,,,,,CHN,CHINA,CHN,,,,,,,,1,036,036,03,1,4.0,6,1,6,-0.85287846481876,1,United States,US,US,,39.828175,-98.5795,US,1,China,CH,CH,,35.0,105.0,CH,4,"Moscow, Moskva, Russia",RS,RS48,25106,55.7522,37.6156,-2960561,20191027003000,Express intent to cooperate,Verbal cooperation
882506167,20191027,201910,USA,UNITED STATES,USA,,,,,,,,CHN,CHINA,CHN,,,,,,,,1,037,037,03,1,5.0,6,1,6,-0.85287846481876,1,United States,US,US,,39.828175,-98.5795,US,1,China,CH,CH,,35.0,105.0,CH,4,"Moscow, Moskva, Russia",RS,RS48,25106,55.7522,37.6156,-2960561,20191027003000,Express intent to cooperate,Verbal cooperation
882506169,20191027,201910,USA,UNITED STATES,USA,,,,,,,,CHN,CHINA,CHN,,,,,,,,1,046,046,04,1,7.0,8,1,8,1.08695652173913,1,United States,US,US,,39.828175,-98.5795,US,4,"Beijing, Beijing, China",CH,CH22,13001,39.9289,116.388,-1898541,4,"Kabul, Kabol, Afghanistan",AF,AF13,3580,34.5167,69.1833,-3378435,20191027003000,Consult,Verbal cooperation
882511012,20191027,201910,USAMED,REUTERS,USA,,,,,MED,,,CHN,CHINA,CHN,,,,,,,,1,090,090,09,2,-2.0,10,1,10,-0.72463768115942,1,United Kingdom,UK,UK,,54.0,-4.0,UK,1,United Kingdom,UK,UK,,54.0,-4.0,UK,1,United Kingdom,UK,UK,,54.0,-4.0,UK,20191027010000,Investigate,Material cooperation
882515346,20191027,201910,USABUS,AMERICAN,USA,,,,,BUS,,,CHN,CHINA,CHN,,,,,,,,1,020,020,02,1,3.0,10,1,10,-2.41071428571428,2,"New York, United States",US,USNY,,42.1497,-74.9384,NY,2,"New York, United States",US,USNY,,42.1497,-74.9384,NY,2,"New York, United States",US,USNY,,42.1497,-74.9384,NY,20191027014500,Appeal,Verbal cooperation
882521296,20191027,201910,CHN,CHINA,CHN,,,,,,,,USA,UNITED STATES,USA,,,,,,,,1,046,046,04,1,7.0,8,1,8,-1.96428571428571,4,"Beijing, Beijing, China",CH,CH22,13001,39.9289,116.388,-1898541,3,"Washington, District of Columbia, United States",US,USDC,DC001,38.8951,-77.0364,531871,4,"Kabul, Kabol, Afghanistan",AF,AF13,3580,34.5167,69.1833,-3378435,20191027030000,Consult,Verbal cooperation
882521967,20191027,201910,USA,UNITED STATES,USA,,,,,,,,CHN,CHINA,CHN,,,,,,,,1,046,046,04,1,7.0,8,1,8,-1.96428571428571,3,"Washington, District of Columbia, United States",US,USDC,DC001,38.8951,-77.0364,531871,4,"Beijing, Beijing, China",CH,CH22,13001,39.9289,116.388,-1898541,4,"Kabul, Kabol, Afghanistan",AF,AF13,3580,34.5167,69.1833,-3378435,20191027030000,Consult,Verbal cooperation
882532062,20191027,201910,USA,UNITED STATES,USA,,,,,,,,CHNCVL,CHINESE,CHN,,,,,CVL,,,1,070,070,07,2,7.0,6,1,6,0.41841004184101,1,Hong Kong,HK,HK,,22.25,114.166667,HK,1,Hong Kong,HK,HK,,22.25,114.166667,HK,1,Hong Kong,HK,HK,,22.25,114.166667,HK,20191027051500,Provide aid,Material cooperation
882537587,20191027,201910,CHN,CHINA,CHN,,,,,,,,USA,THE US,USA,,,,,,,,1,046,046,04,1,7.0,10,1,10,-0.25380710659898,1,China,CH,CH,,35.0,105.0,CH,1,China,CH,CH,,35.0,105.0,CH,1,France,FR,FR,,46.0,2.0,FR,20191027063000,Consult,Verbal cooperation
882538369,20191027,201910,USA,THE US,USA,,,,,,,,CHN,CHINA,CHN,,,,,,,,1,046,046,04,1,7.0,10,1,10,-0.25380710659898,1,China,CH,CH,,35.0,105.0,CH,1,China,CH,CH,,35.0,105.0,CH,1,France,FR,FR,,46.0,2.0,FR,20191027063000,Consult,Verbal cooperation
882549940,20191027,201910,CHN,CANTON,CHN,,,,,,,,USA,LAWRENCE,USA,,,,,,,,1,173,173,17,4,-5.0,10,1,10,-20.0,1,China,CH,CH,,35.0,105.0,CH,1,China,CH,CH,,35.0,105.0,CH,1,China,CH,CH,,35.0,105.0,CH,20191027083000,Coerce,Material conflict
882551501,20191027,201910,CHN,CHINA,CHN,,,,,,,,USA,THE US,USA,,,,,,,,1,190,190,19,4,-10.0,10,1,10,-2.58706467661691,4,"Beijing, Beijing, China",CH,CH22,13001,39.9289,116.388,-1898541,4,"Beijing, Beijing, China",CH,CH22,13001,39.9289,116.388,-1898541,4,"Beijing, Beijing, China",CH,CH22,13001,39.9289,116.388,-1898541,20191027084500,Fight,Material conflict
882552102,20191027,201910,USA,THE US,USA,,,,,,,,CHN,CHINA,CHN,,,,,,,,1,190,190,19,4,-10.0,10,1,10,-2.58706467661691,4,"Beijing, Beijing, China",CH,CH22,13001,39.9289,116.388,-1898541,4,"Beijing, Beijing, China",CH,CH22,13001,39.9289,116.388,-1898541,4,"Beijing, Beijing, China",CH,CH22,13001,39.9289,116.388,-1898541,20191027084500,Fight,Material conflict
882553493,20191027,201910,USA,WASHINGTON,USA,,,,,,,,CHN,CHINA,CHN,,,,,,,,1,013,013,01,1,0.4,10,1,10,-1.44628099173554,3,"Washington, District of Columbia, United States",US,USDC,DC001,38.8951,-77.0364,531871,3,"Washington, District of Columbia, United States",US,USDC,DC001,38.8951,-77.0364,531871,3,"Washington, District of Columbia, United States",US,USDC,DC001,38.8951,-77.0364,531871,20191027090000,Make public statement,Verbal cooperation
882570804,20181027,201810,USABUS,AMERICAN,USA,,,,,BUS,,,CHN,CHINA,CHN,,,,,,,,1,130,130,13,3,-4.4,8,1,8,0.8298755186722,1,China,CH,CH,,35.0,105.0,CH,1,China,CH,CH,,35.0,105.0,CH,1,China,CH,CH,,35.0,105.0,CH,20191027114500,Threaten,Verbal conflict
882578426,20191027,201910,CHN,CHINESE,CHN,,,,,,,,USA,WASHINGTON,USA,,,,,,,,1,046,046,04,1,7.0,6,1,6,-0.37735849056604,4,"Beijing, Beijing, China",CH,CH22,13001,39.9289,116.388,-1898541,3,"Washington, District of Columbia, United States",US,USDC,DC001,38.8951,-77.0364,531871,3,"Washington, District of Columbia, United States",US,USDC,DC001,38.8951,-77.0364,531871,20191027130000,Consult,Verbal cooperation
882579089,20191027,201910,USA,WASHINGTON,USA,,,,,,,,CHN,CHINESE,CHN,,,,,,,,1,046,046,04,1,7.0,10,1,10,-0.37735849056604,3,"Washington, District of Columbia, United States",US,USDC,DC001,38.8951,-77.0364,531871,3,"Washington, District of Columbia, United States",US,USDC,DC001,38.8951,-77.0364,531871,3,"Washington, District of Columbia, United States",US,USDC,DC001,38.8951,-77.0364,531871,20191027130000,Consult,Verbal cooperation
882598105,20191027,201910,CHN,CHINESE,CHN,,,,,,,,USA,NEW YORK,USA,,,,,,,,1,010,010,01,1,0.0,8,1,8,-0.42507970244421,4,"Coquitlam, British Columbia, Canada",CA,CA02,12552,49.2667,-122.783,-571568,4,"Coquitlam, British Columbia, Canada",CA,CA02,12552,49.2667,-122.783,-571568,4,"Coquitlam, British Columbia, Canada",CA,CA02,12552,49.2667,-122.783,-571568,20191027154500,Make public statement,Verbal cooperation
882607143,20191027,201910,USALEG,THE US,USA,,,,,LEG,,,CHN,CHINA,CHN,,,,,,,,1,080,080,08,2,5.0,6,1,6,1.06132075471698,3,"Washington, District of Columbia, United States",US,USDC,DC001,38.8951,-77.0364,531871,4,"Beijing, Beijing, China",CH,CH22,13001,39.9289,116.388,-1898541,4,"Beijing, Beijing, China",CH,CH22,13001,39.9289,116.388,-1898541,20191027170000,Yield,Material cooperation
882607144,20191027,201910,USALEG,THE US,USA,,,,,LEG,,,CHN,CHINA,CHN,,,,,,,,1,130,130,13,3,-4.4,10,1,10,1.06132075471698,4,"Beijing, Beijing, China",CH,CH22,13001,39.9289,116.388,-1898541,4,"Beijing, Beijing, China",CH,CH22,13001,39.9289,116.388,-1898541,4,"Beijing, Beijing, China",CH,CH22,13001,39.9289,116.388,-1898541,20191027170000,Threaten,Verbal conflict
882619455,20191027,201910,CHN,BEIJING,CHN,,,,,,,,USA,UNITED STATES,USA,,,,,,,,1,120,120,12,3,-4.0,10,1,10,-2.56410256410257,4,"Beijing, Beijing, China",CH,CH22,13001,39.9289,116.388,-1898541,3,"Washington, District of Columbia, United States",US,USDC,DC001,38.8951,-77.0364,531871,3,"Washington, District of Columbia, United States",US,USDC,DC001,38.8951,-77.0364,531871,20191027190000,Reject,Verbal conflict
882620119,20191027,201910,USA,UNITED STATES,USA,,,,,,,,CHN,CHINA,CHN,,,,,,,,1,040,040,04,1,1.0,7,1,7,-2.56410256410257,4,"Beijing, Beijing, China",CH,CH22,13001,39.9289,116.388,-1898541,4,"Beijing, Beijing, China",CH,CH22,13001,39.9289,116.388,-1898541,3,"Washington, District of Columbia, United States",US,USDC,DC001,38.8951,-77.0364,531871,20191027190000,Consult,Verbal cooperation
882629379,20190927,201909,CHN,CHINA,CHN,,,,,,,,USA,THE US,USA,,,,,,,,1,0311,031,03,1,5.2,10,1,10,-6.68202764976959,1,China,CH,CH,,35.0,105.0,CH,1,China,CH,CH,,35.0,105.0,CH,1,China,CH,CH,,35.0,105.0,CH,20191027203000,Express intent to cooperate,Verbal cooperation
882629388,20190927,201909,USA,THE US,USA,,,,,,,,CHN,CHINA,CHN,,,,,,,,1,0311,031,03,1,5.2,10,1,10,-6.68202764976959,1,China,CH,CH,,35.0,105.0,CH,1,China,CH,CH,,35.0,105.0,CH,1,China,CH,CH,,35.0,105.0,CH,20191027203000,Express intent to cooperate,Verbal cooperation
882630724,20191027,201910,CHN,CHINA,CHN,,,,,,,,USA,UNITED STATES,USA,,,,,,,,1,193,193,19,4,-10.0,8,1,8,-3.56687898089172,1,China,CH,CH,,35.0,105.0,CH,1,United States,US,US,,39.828175,-98.5795,US,1,China,CH,CH,,35.0,105.0,CH,20191027204500,Fight,Material conflict
882637390,20191027,201910,CHN,CHINA,CHN,,,,,,,,USA,UNITED STATES,USA,,,,,,,,1,061,061,06,2,6.4,8,1,8,-3.91566265060241,1,China,CH,CH,,35.0,105.0,CH,3,"Phoenix, Arizona, United States",US,USAZ,AZ013,33.4484,-112.074,44784,3,"Phoenix, Arizona, United States",US,USAZ,AZ013,33.4484,-112.074,44784,20191027220000,Engage in material cooperation,Material cooperation
882638080,20191027,201910,USA,CALIFORNIA,USA,,,,,,,,CHNGOV,STEPHEN LAM,CHN,,,,,GOV,,,1,166,166,16,4,-7.0,7,1,7,-4.78927203065134,3,"Santa Clarita, California, United States",US,USCA,CA037,34.3917,-118.543,1662338,2,"New York, United States",US,USNY,,42.1497,-74.9384,NY,3,"Santa Clarita, California, United States",US,USCA,,34.3917,-118.543,1662338,20191027220000,Reduce relations,Material conflict
882639092,20191027,201910,MNCUSA,MICROSOFT,USA,,,,,MNC,,,CHN,CHINA,CHN,,,,,,,,1,030,030,03,1,4.0,10,1,10,0.18656716417911,4,"Beijing, Beijing, China",CH,CH22,13001,39.9289,116.388,-1898541,4,"Beijing, Beijing, China",CH,CH22,13001,39.9289,116.388,-1898541,4,"Beijing, Beijing, China",CH,CH22,13001,39.9289,116.388,-1898541,20191027221500,Express intent to cooperate,Verbal cooperation
882639250,20191027,201910,USA,DENVER,USA,,,,,,,,CHN,SHANGHAI,CHN,,,,,,,,1,036,036,03,1,4.0,6,1,6,-0.6993006993007,3,"Denver, Colorado, United States",US,USCO,CO031,39.7392,-104.985,201738,4,"Shanghai, Shanghai, China",CH,CH23,13243,31.2222,121.458,-1924465,3,"Denver, Colorado, United States",US,USCO,CO031,39.7392,-104.985,201738,20191027221500,Express intent to cooperate,Verbal cooperation
882640457,20191027,201910,CHN,CHINA,CHN,,,,,,,,USA,UNITED STATES,USA,,,,,,,,1,030,030,03,1,4.0,10,1,10,-0.90791180285344,1,United States,US,US,,39.828175,-98.5795,US,1,United States,US,US,,39.828175,-98.5795,US,1,United States,US,US,,39.828175,-98.5795,US,20191027223000,Express intent to cooperate,Verbal cooperation
882640958,20191027,201910,USA,UNITED STATES,USA,,,,,,,,CHN,CHINA,CHN,,,,,,,,1,030,030,03,1,4.0,8,1,8,-0.90791180285344,1,United States,US,US,,39.828175,-98.5795,US,1,China,CH,CH,,35.0,105.0,CH,1,United States,US,US,,39.828175,-98.5795,US,20191027223000,Express intent to cooperate,Verbal cooperation
882644188,20191027,201910,USA,UNITED STATES,USA,,,,,,,,CHN,CHINA,CHN,,,,,,,,1,030,030,03,1,4.0,10,1,10,-6.26086956521739,1,China,CH,CH,,35.0,105.0,CH,1,China,CH,CH,,35.0,105.0,CH,1,China,CH,CH,,35.0,105.0,CH,20191027231500,Express intent to cooperate,Verbal cooperation
882654834,20191028,201910,CHN,CHINA,CHN,,,,,,,,USAMED,REUTERS,USA,,,,,MED,,,1,061,061,06,2,6.4,10,1,10,-0.71428571428572,1,Australia,AS,AS,,-25.0,135.0,AS,1,Australia,AS,AS,,-25.0,135.0,AS,1,Australia,AS,AS,,-25.0,135.0,AS,20191028004500,Engage in material cooperation,Material cooperation
882658919,20191028,201910,CHN,CHINA,CHN,,,,,,,,USA,UNITED STATES,USA,,,,,,,,1,046,046,04,1,7.0,6,1,6,0.31645569620254,4,"Beijing, Beijing, China",CH,CH22,13001,39.9289,116.388,-1898541,1,United States,US,US,,39.828175,-98.5795,US,4,"Moscow, Moskva, Russia",RS,RS48,25106,55.7522,37.6156,-2960561,20191028011500,Consult,Verbal cooperation
882659834,20191028,201910,USA,UNITED STATES,USA,,,,,,,,CHN,CHINA,CHN,,,,,,,,1,046,046,04,1,7.0,6,1,6,0.31645569620254,1,United States,US,US,,39.828175,-98.5795,US,4,"Beijing, Beijing, China",CH,CH22,13001,39.9289,116.388,-1898541,4,"Moscow, Moskva, Russia",RS,RS48,25106,55.7522,37.6156,-2960561,20191028011500,Consult,Verbal cooperation
882664411,20181028,201810,USA,THE US,USA,,,,,,,,CHN,CHINA,CHN,,,,,,,,1,060,060,06,2,6.0,10,1,10,-3.78048780487805,1,China,CH,CH,,35.0,105.0,CH,1,China,CH,CH,,35.0,105.0,CH,1,China,CH,CH,,35.0,105.0,CH,20191028020000,Engage in material cooperation,Material cooperation
882671609,20191028,201910,CHN,CHINA,CHN,,,,,,,,USA,THE US,USA,,,,,,,,1,030,030,03,1,4.0,8,1,8,1.32890365448506,4,"Yi Gang, Gansu, China",CH,CH15,13206,35.4833,105.25,-1936316,4,"Yi Gang, Gansu, China",CH,CH15,13206,35.4833,105.25,-1936316,4,"Yi Gang, Gansu, China",CH,CH15,13206,35.4833,105.25,-1936316,20191028030000,Express intent to cooperate,Verbal cooperation
882671615,20191028,201910,CHN,CHINESE,CHN,,,,,,,,USA,UNITED STATES,USA,,,,,,,,1,110,110,11,3,-2.0,8,1,8,-0.52478134110788,1,China,CH,CH,,35.0,105.0,CH,1,United States,US,US,,39.828175,-98.5795,US,1,United States,US,US,,39.828175,-98.5795,US,20191028030000,Disapprove,Verbal conflict
882672257,20191028,201910,USA,THE US,USA,,,,,,,,CHN,CHINA,CHN,,,,,,,,1,013,013,01,1,0.4,6,1,6,0.917431192660551,4,"Shanghai, Shanghai, China",CH,CH23,13243,31.2222,121.458,-1924465,4,"Shanghai, Shanghai, China",CH,CH23,13243,31.2222,121.458,-1924465,4,"Shanghai, Shanghai, China",CH,CH23,13243,31.2222,121.458,-1924465,20191028030000,Make public statement,Verbal cooperation
882680984,20191028,201910,CHN,CHINA,CHN,,,,,,,,USA,UNITED STATES,USA,,,,,,,,1,046,046,04,1,7.0,6,1,6,-0.52910052910053,4,"Shanghai, Shanghai, China",CH,CH23,13243,31.2222,121.458,-1924465,1,United States,US,US,,39.828175,-98.5795,US,1,United States,US,US,,39.828175,-98.5795,US,20191028043000,Consult,Verbal cooperation
882681919,20191028,201910,USA,UNITED STATES,USA,,,,,,,,CHN,CHINA,CHN,,,,,,,,1,046,046,04,1,7.0,6,1,6,-0.52910052910053,1,United States,US,US,,39.828175,-98.5795,US,4,"Shanghai, Shanghai, China",CH,CH23,13243,31.2222,121.458,-1924465,1,United States,US,US,,39.828175,-98.5795,US,20191028043000,Consult,Verbal cooperation
882682057,20191028,201910,USAGOV,JOE BIDEN,USA,,,,,GOV,,,CHN,CHINA,CHN,,,,,,,,1,012,012,01,1,-0.4,10,1,10,-2.78884462151394,1,China,CH,CH,,35.0,105.0,CH,1,China,CH,CH,,35.0,105.0,CH,1,China,CH,CH,,35.0,105.0,CH,20191028043000,Make public statement,Verbal cooperation
882693092,20190928,201909,USA,THE US,USA,,,,,,,,CHN,CHINA,CHN,,,,,,,,1,020,020,02,1,3.0,10,1,10,-1.77353342428376,4,"Beijing, Beijing, China",CH,CH22,13001,39.9289,116.388,-1898541,4,"Beijing, Beijing, China",CH,CH22,13001,39.9289,116.388,-1898541,4,"Beijing, Beijing, China",CH,CH22,13001,39.9289,116.388,-1898541,20191028061500,Appeal,Verbal cooperation
882699894,20181028,201810,CHN,BEIJING,CHN,,,,,,,,USA,CALIFORNIA,USA,,,,,,,,1,051,051,05,1,3.4,8,1,8,1.69491525423729,4,"Beijing, Beijing, China",CH,CH22,13001,39.9289,116.388,-1898541,4,"Beijing, Beijing, China",CH,CH22,13001,39.9289,116.388,-1898541,4,"Beijing, Beijing, China",CH,CH22,13001,39.9289,116.388,-1898541,20191028071500,Engage in diplomatic cooperation,Verbal cooperation
882700148,20191028,201910,CHN,CHINA,CHN,,,,,,,,USA,NEW YORK,USA,,,,,,,,1,020,020,02,1,3.0,10,1,10,-0.7177033492823,4,"Beijing, Beijing, China",CH,CH22,13001,39.9289,116.388,-1898541,4,"Beijing, Beijing, China",CH,CH22,13001,39.9289,116.388,-1898541,4,"Beijing, Beijing, China",CH,CH22,13001,39.9289,116.388,-1898541,20191028071500,Appeal,Verbal cooperation
882705946,20191028,201910,CHN,CHINESE,CHN,,,,,,,,MNCUSAMED,GOOGLE,USA,,,,,MNC,MED,,1,020,020,02,1,3.0,10,1,10,0.316455696202531,4,"Xiaomi, Fujian, China",CH,CH07,13163,25.2225,116.057,10999868,4,"Xiaomi, Fujian, China",CH,CH07,13163,25.2225,116.057,10999868,4,"Xiaomi, Fujian, China",CH,CH07,13163,25.2225,116.057,10999868,20191028080000,Appeal,Verbal cooperation
882721983,20191028,201910,CHN,CHINA,CHN,,,,,,,,USA,UNITED STATES,USA,,,,,,,,1,036,036,03,1,4.0,8,1,8,-1.21716848174247,4,"Beijing, Beijing, China",CH,CH22,13001,39.9289,116.388,-1898541,1,United States,US,US,,39.828175,-98.5795,US,4,"Moscow, Moskva, Russia",RS,RS48,25106,55.7522,37.6156,-2960561,20191028094500,Express intent to cooperate,Verbal cooperation
882721985,20191028,201910,CHN,CHINA,CHN,,,,,,,,USA,UNITED STATES,USA,,,,,,,,1,040,040,04,1,1.0,6,1,6,-1.21716848174247,4,"Beijing, Beijing, China",CH,CH22,13001,39.9289,116.388,-1898541,1,United States,US,US,,39.828175,-98.5795,US,4,"Kabul, Kabol, Afghanistan",AF,AF13,3580,34.5167,69.1833,-3378435,20191028094500,Consult,Verbal cooperation
882723197,20191028,201910,USA,UNITED STATES,USA,,,,,,,,CHN,CHINA,CHN,,,,,,,,1,036,036,03,1,4.0,8,1,8,-1.21716848174247,1,United States,US,US,,39.828175,-98.5795,US,4,"Beijing, Beijing, China",CH,CH22,13001,39.9289,116.388,-1898541,4,"Moscow, Moskva, Russia",RS,RS48,25106,55.7522,37.6156,-2960561,20191028094500,Express intent to cooperate,Verbal cooperation
882723199,20191028,201910,USA,UNITED STATES,USA,,,,,,,,CHN,CHINA,CHN,,,,,,,,1,040,040,04,1,1.0,6,1,6,-1.21716848174247,1,United States,US,US,,39.828175,-98.5795,US,4,"Beijing, Beijing, China",CH,CH22,13001,39.9289,116.388,-1898541,4,"Kabul, Kabol, Afghanistan",AF,AF13,3580,34.5167,69.1833,-3378435,20191028094500,Consult,Verbal cooperation
882724427,20191028,201910,CHN,PEARL RIVER,CHN,,,,,,,,USA,UNITED STATES,USA,,,,,,,,1,043,043,04,1,2.8,6,1,6,1.80505415162455,2,"New York, United States",US,USNY,,42.1497,-74.9384,NY,2,"New York, United States",US,USNY,,42.1497,-74.9384,NY,2,"New York, United States",US,USNY,,42.1497,-74.9384,NY,20191028100000,Consult,Verbal cooperation
882725424,20191028,201910,USA,UNITED STATES,USA,,,,,,,,CHN,PEARL RIVER,CHN,,,,,,,,1,042,042,04,1,1.9,8,1,8,1.80505415162455,2,"New York, United States",US,USNY,,42.1497,-74.9384,NY,2,"New York, United States",US,USNY,,42.1497,-74.9384,NY,2,"New York, United States",US,USNY,,42.1497,-74.9384,NY,20191028100000,Consult,Verbal cooperation
882727881,20191028,201910,USA,THE US,USA,,,,,,,,CHN,CHINA,CHN,,,,,,,,1,020,020,02,1,3.0,10,1,10,-2.85714285714286,4,"Beijing, Beijing, China",CH,CH22,13001,39.9289,116.388,-1898541,4,"Beijing, Beijing, China",CH,CH22,13001,39.9289,116.388,-1898541,4,"Beijing, Beijing, China",CH,CH22,13001,39.9289,116.388,-1898541,20191028101500,Appeal,Verbal cooperation
882734476,20191028,201910,CHN,CHINA,CHN,,,,,,,,USA,UNITED STATES,USA,,,,,,,,1,061,061,06,2,6.4,8,1,8,-3.61111111111111,4,"Min Zhang, Sichuan, China",CH,CH32,13297,31.6076,98.7877,10443237,1,United States,US,US,,39.828175,-98.5795,US,4,"Min Zhang, Sichuan, China",CH,CH32,13297,31.6076,98.7877,10443237,20191028110000,Engage in material cooperation,Material cooperation
882735285,20191028,201910,MNCUSAMED,GOOGLE,USA,,,,,MNC,MED,,CHN,CHINA,CHN,,,,,,,,1,090,090,09,2,-2.0,10,1,10,1.50602409638555,1,China,CH,CH,,35.0,105.0,CH,1,China,CH,CH,,35.0,105.0,CH,1,China,CH,CH,,35.0,105.0,CH,20191028110000,Investigate,Material cooperation
882739962,20191028,201910,CHN,BEIJING,CHN,,,,,,,,USA,WASHINGTON,USA,,,,,,,,1,013,013,01,1,0.4,10,1,10,1.38121546961326,1,Philippines,RP,RP,,13.0,122.0,RP,1,Philippines,RP,RP,,13.0,122.0,RP,1,Philippines,RP,RP,,13.0,122.0,RP,20191028113000,Make public statement,Verbal cooperation
882753580,20191028,201910,USA,UNITED STATES,USA,,,,,,,,CHN,CHINA,CHN,,,,,,,,1,010,010,01,1,0.0,6,1,6,-1.39534883720931,3,"White House, District of Columbia, United States",US,USDC,,38.8951,-77.0364,531871,3,"White House, District of Columbia, United States",US,USDC,,38.8951,-77.0364,531871,3,"White House, District of Columbia, United States",US,USDC,,38.8951,-77.0364,531871,20191028123000,Make public statement,Verbal cooperation
882758889,20191028,201910,USA,WASHINGTON,USA,,,,,,,,CHN,BEIJING,CHN,,,,,,,,1,014,014,01,1,0.0,9,1,9,-6.31578947368421,3,"Washington, District of Columbia, United States",US,USDC,DC001,38.8951,-77.0364,531871,4,"Beijing, Beijing, China",CH,CH22,13001,39.9289,116.388,-1898541,4,"Beijing, Beijing, China",CH,CH22,13001,39.9289,116.388,-1898541,20191028130000,Make public statement,Verbal cooperation
882758890,20191028,201910,USA,WASHINGTON,USA,,,,,,,,CHN,BEIJING,CHN,,,,,,,,1,014,014,01,1,0.0,21,1,21,-6.31578947368421,3,"Washington, District of Columbia, United States",US,USDC,DC001,38.8951,-77.0364,531871,3,"Washington, District of Columbia, United States",US,USDC,DC001,38.8951,-77.0364,531871,3,"Washington, District of Columbia, United States",US,USDC,DC001,38.8951,-77.0364,531871,20191028130000,Make public statement,Verbal cooperation
882760418,20191028,201910,CHN,CHINA,CHN,,,,,,,,USA,THE US,USA,,,,,,,,1,043,043,04,1,2.8,10,1,10,0.84626234132581,4,"Tiananmen Square, Beijing, China",CH,CH22,13001,39.9044,116.391,9244097,4,"Tiananmen Square, Beijing, China",CH,CH22,13001,39.9044,116.391,9244097,4,"Tiananmen Square, Beijing, China",CH,CH22,13001,39.9044,116.391,9244097,20191028131500,Consult,Verbal cooperation
882761623,20191028,201910,USA,THE US,USA,,,,,,,,CHN,CHINA,CHN,,,,,,,,1,042,042,04,1,1.9,10,1,10,0.84626234132581,4,"Kunming, Yunnan, China",CH,CH29,13303,25.0389,102.718,-1913826,4,"Kunming, Yunnan, China",CH,CH29,13303,25.0389,102.718,-1913826,4,"Kunming, Yunnan, China",CH,CH29,13303,25.0389,102.718,-1913826,20191028131500,Consult,Verbal cooperation
882761624,20191028,201910,USA,UNITED STATES,USA,,,,,,,,CHN,CHINA,CHN,,,,,,,,1,130,130,13,3,-4.4,10,1,10,0.37523452157599,4,"Mumbai, Maharashtra, India",IN,IN16,70184,18.975,72.8258,-2092174,4,"Mumbai, Maharashtra, India",IN,IN16,70184,18.975,72.8258,-2092174,4,"Mumbai, Maharashtra, India",IN,IN16,70184,18.975,72.8258,-2092174,20191028131500,Threaten,Verbal conflict
882764432,20191028,201910,CHN,CHINA,CHN,,,,,,,,USA,THE US,USA,,,,,,,,1,012,012,01,1,-0.4,8,1,8,0.0,1,China,CH,CH,,35.0,105.0,CH,1,China,CH,CH,,35.0,105.0,CH,1,China,CH,CH,,35.0,105.0,CH,20191028133000,Make public statement,Verbal cooperation
882769849,20191021,201910,CHN,CHINA,CHN,,,,,,,,USA,UNITED STATES,USA,,,,,,,,1,046,046,04,1,7.0,8,1,8,3.85964912280702,1,China,CH,CH,,35.0,105.0,CH,2,"Michigan, United States",US,USMI,,43.3504,-84.5603,MI,2,"Michigan, United States",US,USMI,,43.3504,-84.5603,MI,20191028140000,Consult,Verbal cooperation
882769872,20191021,201910,USA,UNITED STATES,USA,,,,,,,,CHN,CHINA,CHN,,,,,,,,1,046,046,04,1,7.0,10,1,10,3.85964912280702,1,Canada,CA,CA,,60.0,-96.0,CA,1,Canada,CA,CA,,60.0,-96.0,CA,1,Canada,CA,CA,,60.0,-96.0,CA,20191028140000,Consult,Verbal cooperation
882774589,20191028,201910,USA,LAWRENCE,USA,,,,,,,,CHN,CANTON,CHN,,,,,,,,1,070,070,07,2,7.0,6,1,6,6.69291338582677,1,United States,US,US,,39.828175,-98.5795,US,1,United States,US,US,,39.828175,-98.5795,US,1,United States,US,US,,39.828175,-98.5795,US,20191028141500,Provide aid,Material cooperation
882774590,20191028,201910,USA,AMERICAN,USA,,,,,,,,CHN,CHINA,CHN,,,,,,,,1,111,111,11,3,-2.0,10,1,10,3.00429184549356,1,United States,US,US,,39.828175,-98.5795,US,1,China,CH,CH,,35.0,105.0,CH,1,United States,US,US,,39.828175,-98.5795,US,20191028141500,Disapprove,Verbal conflict
882777666,20191028,201910,USA,UNITED STATES,USA,,,,,,,,CHN,CHINA,CHN,,,,,,,,1,010,010,01,1,0.0,10,1,10,-1.18694362017805,4,"Xinjiang, Jiangxi, China",CH,CH03,13167,27.7481,116.274,11065838,4,"Xinjiang, Jiangxi, China",CH,CH03,13167,27.7481,116.274,11065838,4,"Xinjiang, Jiangxi, China",CH,CH03,13167,27.7481,116.274,11065838,20191028143000,Make public statement,Verbal cooperation
882779605,20191028,201910,USA,UNITED STATES,USA,,,,,,,,CHN,CHINA,CHN,,,,,,,,1,100,100,10,3,-5.0,30,2,30,-1.2335624200031,3,"Washington, District of Columbia, United States",US,USDC,DC001,38.8951,-77.0364,531871,3,"Washington, District of Columbia, United States",US,USDC,DC001,38.8951,-77.0364,531871,3,"Washington, District of Columbia, United States",US,USDC,DC001,38.8951,-77.0364,531871,20191028144500,Demand,Verbal conflict
882781289,20191028,201910,CHN,CHINA,CHN,,,,,,,,MNCUSA,SANDERSON FARMS,USA,,,,,MNC,,,1,081,081,08,2,5.0,10,1,10,-1.05263157894737,1,China,CH,CH,,35.0,105.0,CH,1,China,CH,CH,,35.0,105.0,CH,1,China,CH,CH,,35.0,105.0,CH,20191028150000,Yield,Material cooperation
882781950,20191028,201910,MNCUSA,SANDERSON FARMS,USA,,,,,MNC,,,CHN,CHINA,CHN,,,,,,,,1,172,172,17,4,-5.0,10,1,10,-1.05263157894737,1,China,CH,CH,,35.0,105.0,CH,1,China,CH,CH,,35.0,105.0,CH,1,China,CH,CH,,35.0,105.0,CH,20191028150000,Coerce,Material conflict
882786133,20191028,201910,USA,UNITED STATES,USA,,,,,,,,CHN,CHINA,CHN,,,,,,,,1,173,173,17,4,-5.0,6,1,6,-4.81927710843374,3,"Carroll County Jail, Georgia, United States",US,USGA,GA045,33.5807,-85.0727,350088,3,"Carroll County Jail, Georgia, United States",US,USGA,,33.5807,-85.0727,350088,3,"Carroll County Jail, Georgia, United States",US,USGA,,33.5807,-85.0727,350088,20191028151500,Coerce,Material conflict
882803414,20191028,201910,USA,THE US,USA,,,,,,,,CHN,CHINA,CHN,,,,,,,,1,080,080,08,2,5.0,10,1,10,-1.22699386503067,4,"Sharm El-Sheikh, Janub Sina', Egypt",EG,EG26,66041,27.8518,34.305,-302053,4,"Sharm El-Sheikh, Janub Sina', Egypt",EG,EG26,66041,27.8518,34.305,-302053,4,"Sharm El-Sheikh, Janub Sina', Egypt",EG,EG26,66041,27.8518,34.305,-302053,20191028164500,Yield,Material cooperation
882803415,20191028,201910,USA,THE US,USA,,,,,,,,CHN,CHINA,CHN,,,,,,,,1,100,100,10,3,-5.0,10,1,10,-1.22699386503067,4,"Sharm El-Sheikh, Janub Sina', Egypt",EG,EG26,66041,27.8518,34.305,-302053,4,"Sharm El-Sheikh, Janub Sina', Egypt",EG,EG26,66041,27.8518,34.305,-302053,4,"Sharm El-Sheikh, Janub Sina', Egypt",EG,EG26,66041,27.8518,34.305,-302053,20191028164500,Demand,Verbal conflict
882807584,20191028,201910,USA,DALLAS,USA,,,,,,,,CHN,CHINESE,CHN,,,,,,,,1,073,073,07,2,7.4,8,1,8,2.1505376344086,1,Japan,JA,JA,,36.0,138.0,JA,3,"Dallas, Texas, United States",US,USTX,TX113,32.7831,-96.8067,1380944,1,Japan,JA,JA,,36.0,138.0,JA,20191028170000,Provide aid,Material cooperation
882809323,20191028,201910,CHN,CHINA,CHN,,,,,,,,MNCUSAMED,DISNEY,USA,,,,,MNC,MED,,1,043,043,04,1,2.8,10,1,10,4.16666666666667,1,China,CH,CH,,35.0,105.0,CH,1,China,CH,CH,,35.0,105.0,CH,1,China,CH,CH,,35.0,105.0,CH,20191028171500,Consult,Verbal cooperation
882810134,20191028,201910,MNCUSAMED,DISNEY,USA,,,,,MNC,MED,,CHN,CHINA,CHN,,,,,,,,1,042,042,04,1,1.9,10,1,10,4.16666666666667,1,China,CH,CH,,35.0,105.0,CH,1,China,CH,CH,,35.0,105.0,CH,1,China,CH,CH,,35.0,105.0,CH,20191028171500,Consult,Verbal cooperation
882813840,20191028,201910,USALEG,A US,USA,,,,,LEG,,,CHN,CHINA,CHN,,,,,,,,1,130,130,13,3,-4.4,10,1,10,-2.34375,4,"Colombo, Western, Sri Lanka",CE,CE36,25852,6.93194,79.8478,-2214877,1,China,CH,CH,,35.0,105.0,CH,1,China,CH,CH,,35.0,105.0,CH,20191028173000,Threaten,Verbal conflict
882818079,20191028,201910,CHN,CHINA,CHN,,,,,,,,USA,UNITED STATES,USA,,,,,,,,1,043,043,04,1,2.8,22,11,22,-4.95356037151703,1,China,CH,CH,,35.0,105.0,CH,3,"Hollywood, California, United States",US,USCA,CA037,34.0983,-118.327,1660757,3,"Hollywood, California, United States",US,USCA,CA037,34.0983,-118.327,1660757,20191028180000,Consult,Verbal cooperation
882819489,20191028,201910,USA,UNITED STATES,USA,,,,,,,,CHN,CHINA,CHN,,,,,,,,1,017,017,01,1,0.0,22,11,22,-4.95356037151703,2,"California, United States",US,USCA,,36.17,-119.746,CA,2,"California, United States",US,USCA,,36.17,-119.746,CA,2,"California, United States",US,USCA,,36.17,-119.746,CA,20191028180000,Make public statement,Verbal cooperation
882819490,20191028,201910,USA,UNITED STATES,USA,,,,,,,,CHN,CHINA,CHN,,,,,,,,1,042,042,04,1,1.9,22,11,22,-4.95356037151703,3,"Hollywood, California, United States",US,USCA,CA037,34.0983,-118.327,1660757,1,China,CH,CH,,35.0,105.0,CH,3,"Hollywood, California, United States",US,USCA,CA037,34.0983,-118.327,1660757,20191028180000,Consult,Verbal cooperation
882819491,20191028,201910,USA,UNITED STATES,USA,,,,,,,,CHN,CHINA,CHN,,,,,,,,1,051,051,05,1,3.4,8,1,8,6.22710622710622,3,"Valley Brook, Virginia, United States",US,USVA,VA059,38.8498,-77.1853,1493732,3,"Valley Brook, Virginia, United States",US,USVA,,38.8498,-77.1853,1493732,3,"Valley Brook, Virginia, United States",US,USVA,,38.8498,-77.1853,1493732,20191028180000,Engage in diplomatic cooperation,Verbal cooperation
882820173,20191028,201910,CHN,CHINA,CHN,,,,,,,,USA,LOS ANGELES,USA,,,,,,,,1,040,040,04,1,1.0,180,1,180,-7.0175438596491,0,,,,,,,,0,,,,,,,,0,,,,,,,,20191028181500,Consult,Verbal cooperation
882821648,20191028,201910,USA,LOS ANGELES,USA,,,,,,,,CHN,CHINA,CHN,,,,,,,,1,040,040,04,1,1.0,180,1,180,-7.0175438596491,0,,,,,,,,0,,,,,,,,0,,,,,,,,20191028181500,Consult,Verbal cooperation
882835824,20191028,201910,CHN,CHINA,CHN,,,,,,,,USA,UNITED STATES OF AMERICA,USA,,,,,,,,1,040,040,04,1,1.0,6,1,6,3.49075975359343,4,"Beijing, Beijing, China",CH,CH22,13001,39.9289,116.388,-1898541,1,United States,US,US,,39.828175,-98.5795,US,1,United States,US,US,,39.828175,-98.5795,US,20191028193000,Consult,Verbal cooperation
882837164,20191028,201910,USA,UNITED STATES,USA,,,,,,,,CHN,CHINA,CHN,,,,,,,,1,061,061,06,2,6.4,10,1,10,1.56657963446475,1,United States,US,US,,39.828175,-98.5795,US,1,United States,US,US,,39.828175,-98.5795,US,1,United States,US,US,,39.828175,-98.5795,US,20191028193000,Engage in material cooperation,Material cooperation
882842549,20191028,201910,USA,THE US,USA,,,,,,,,CHN,CHINA,CHN,,,,,,,,1,110,110,11,3,-2.0,8,1,8,-1.4018691588785,4,"Shanghai, Shanghai, China",CH,CH23,13243,31.2222,121.458,-1924465,4,"Shanghai, Shanghai, China",CH,CH23,13243,31.2222,121.458,-1924465,4,"Shanghai, Shanghai, China",CH,CH23,13243,31.2222,121.458,-1924465,20191028200000,Disapprove,Verbal conflict
882854648,20191028,201910,MNCUSA,ISHARES,USA,,,,,MNC,,,CHN,CHINA,CHN,,,,,,,,1,071,071,07,2,7.4,20,2,20,2.22575691092585,1,China,CH,CH,,35.0,105.0,CH,1,China,CH,CH,,35.0,105.0,CH,1,China,CH,CH,,35.0,105.0,CH,20191028211500,Provide aid,Material cooperation
882857140,20191028,201910,CHNBUS,CHINESE,CHN,,,,,BUS,,,USA,ARKANSAS,USA,,,,,,,,1,051,051,05,1,3.4,6,1,6,4.84330484330485,1,China,CH,CH,,35.0,105.0,CH,2,"Arkansas, United States",US,USAR,,34.9513,-92.3809,AR,2,"Arkansas, United States",US,USAR,,34.9513,-92.3809,AR,20191028214500,Engage in diplomatic cooperation,Verbal cooperation
882864334,20191028,201910,CHN,CANTON,CHN,,,,,,,,USACVL,UNITED STATES,USA,,,,,CVL,,,1,036,036,03,1,4.0,8,1,8,6.17283950617284,1,China,CH,CH,,35.0,105.0,CH,3,"Canton Public Library, Massachusetts, United States",US,USMA,,42.159,-71.1453,1972228,1,China,CH,CH,,35.0,105.0,CH,20191028223000,Express intent to cooperate,Verbal cooperation
882865690,20191028,201910,USACVL,UNITED STATES,USA,,,,,CVL,,,CHN,CANTON,CHN,,,,,,,,1,036,036,03,1,4.0,8,1,8,6.17283950617284,3,"Canton Public Library, Massachusetts, United States",US,USMA,MA021,42.159,-71.1453,1972228,1,China,CH,CH,,35.0,105.0,CH,1,China,CH,CH,,35.0,105.0,CH,20191028223000,Express intent to cooperate,Verbal cooperation
882867670,20191028,201910,USA,CHICAGO,USA,,,,,,,,CHNOPP,TIBET,CHN,,,,,OPP,,,1,051,051,05,1,3.4,10,1,10,-5.32544378698225,3,"Chicago, Illinois, United States",US,USIL,IL031,41.85,-87.6501,423587,3,"Chicago, Illinois, United States",US,USIL,IL031,41.85,-87.6501,423587,3,"Chicago, Illinois, United States",US,USIL,IL031,41.85,-87.6501,423587,20191028224500,Engage in diplomatic cooperation,Verbal cooperation
882867671,20191028,201910,USA,CHICAGO,USA,,,,,,,,CHNOPP,TIBET,CHN,,,,,OPP,,,1,141,141,14,3,-6.5,10,1,10,-5.32544378698225,3,"Chicago, Illinois, United States",US,USIL,IL031,41.85,-87.6501,423587,3,"Chicago, Illinois, United States",US,USIL,IL031,41.85,-87.6501,423587,3,"Chicago, Illinois, United States",US,USIL,IL031,41.85,-87.6501,423587,20191028224500,Protest,Verbal conflict
882869805,20191028,201910,USAMIL,THE US,USA,,,,,MIL,,,CHN,CHINA,CHN,,,,,,,,1,0841,084,08,2,7.0,7,1,7,-1.27388535031847,4,"Lanzhou, Gansu, China",CH,CH15,13026,36.0564,103.792,-1914139,4,"Lanzhou, Gansu, China",CH,CH15,13026,36.0564,103.792,-1914139,4,"Lanzhou, Gansu, China",CH,CH15,13026,36.0564,103.792,-1914139,20191028230000,Yield,Material cooperation
882869807,20191028,201910,USAMIL,THE US,USA,,,,,MIL,,,CHN,CHINA,CHN,,,,,,,,1,110,110,11,3,-2.0,8,1,8,-1.27388535031847,4,"Lanzhou, Gansu, China",CH,CH15,13026,36.0564,103.792,-1914139,4,"Lanzhou, Gansu, China",CH,CH15,13026,36.0564,103.792,-1914139,4,"Lanzhou, Gansu, China",CH,CH15,13026,36.0564,103.792,-1914139,20191028230000,Disapprove,Verbal conflict
882872024,20191028,201910,CHN,GUIYANG,CHN,,,,,,,,USA,AMERICAN,USA,,,,,,,,1,040,040,04,1,1.0,6,1,6,6.33397312859885,2,"New York, United States",US,USNY,,42.1497,-74.9384,NY,2,"New York, United States",US,USNY,,42.1497,-74.9384,NY,4,"Guiyang, Guizhou, China",CH,CH18,13071,26.5833,106.717,-1907603,20191028233000,Consult,Verbal cooperation
882872570,20191028,201910,MNCUSA,DISNEY,USA,,,,,MNC,,,CHN,CHINA,CHN,,,,,,,,1,017,017,01,1,0.0,10,1,10,9.03490759753595,4,"Shanghai, Shanghai, China",CH,CH23,13243,31.2222,121.458,-1924465,4,"Shanghai, Shanghai, China",CH,CH23,13243,31.2222,121.458,-1924465,4,"Shanghai, Shanghai, China",CH,CH23,13243,31.2222,121.458,-1924465,20191028233000,Make public statement,Verbal cooperation
882872900,20191028,201910,USA,AMERICAN,USA,,,,,,,,CHN,GUIYANG,CHN,,,,,,,,1,040,040,04,1,1.0,6,1,6,6.33397312859885,2,"New York, United States",US,USNY,,42.1497,-74.9384,NY,4,"Guiyang, Guizhou, China",CH,CH18,13071,26.5833,106.717,-1907603,4,"Guiyang, Guizhou, China",CH,CH18,13071,26.5833,106.717,-1907603,20191028233000,Consult,Verbal cooperation
882875718,20191028,201910,USAMED,REUTERS,USA,,,,,MED,,,MNCCHN,CHINA SOUTHERN AIRLINES,CHN,,,,,MNC,,,1,010,010,01,1,0.0,8,1,8,1.1049723756906,1,Thailand,TH,TH,,15.0,100.0,TH,4,"Kuala Lumpur, Kuala Lumpur, Malaysia",MY,MY14,18585,3.16667,101.7,-2403010,1,Thailand,TH,TH,,15.0,100.0,TH,20191028234500,Make public statement,Verbal cooperation
882881649,20191029,201910,CHN,GUIYANG,CHN,,,,,,,,USA,AMERICAN,USA,,,,,,,,1,040,040,04,1,1.0,6,1,6,6.33397312859885,2,"New York, United States",US,USNY,,42.1497,-74.9384,NY,2,"New York, United States",US,USNY,,42.1497,-74.9384,NY,4,"Guiyang, Guizhou, China",CH,CH18,13071,26.5833,106.717,-1907603,20191029001500,Consult,Verbal cooperation
882883492,20191029,201910,USA,AMERICAN,USA,,,,,,,,CHN,GUIYANG,CHN,,,,,,,,1,040,040,04,1,1.0,6,1,6,6.33397312859885,2,"New York, United States",US,USNY,,42.1497,-74.9384,NY,4,"Guiyang, Guizhou, China",CH,CH18,13071,26.5833,106.717,-1907603,4,"Guiyang, Guizhou, China",CH,CH18,13071,26.5833,106.717,-1907603,20191029001500,Consult,Verbal cooperation
882883911,20191029,201910,USALEG,A US,USA,,,,,LEG,,,CHN,CHINA,CHN,,,,,,,,1,130,130,13,3,-4.4,10,1,10,-2.34375,4,"Colombo, Western, Sri Lanka",CE,CE36,25852,6.93194,79.8478,-2214877,1,China,CH,CH,,35.0,105.0,CH,1,China,CH,CH,,35.0,105.0,CH,20191029001500,Threaten,Verbal conflict
882891405,20191029,201910,USA,UTAH,USA,,,,,,,,CHN,CHINA,CHN,,,,,,,,1,020,020,02,1,3.0,6,1,6,-4.65567410281281,2,"Utah, United States",US,USUT,,40.1135,-111.854,UT,1,China,CH,CH,,35.0,105.0,CH,1,China,CH,CH,,35.0,105.0,CH,20191029004500,Appeal,Verbal cooperation
882902571,20191029,201910,USA,THE US,USA,,,,,,,,CHN,CHINA,CHN,,,,,,,,1,112,112,11,3,-2.0,6,1,6,1.88442211055276,1,Russia,RS,RS,,60.0,100.0,RS,1,China,CH,CH,,35.0,105.0,CH,1,Russia,RS,RS,,60.0,100.0,RS,20191029014500,Disapprove,Verbal conflict
882909671,20191029,201910,USA,CHARLOTTE,USA,,,,,,,,CHN,CHINESE,CHN,,,,,,,,1,010,010,01,1,0.0,10,1,10,-1.0250569476082,4,"Gezhouba, Hubei, China",CH,CH12,13129,30.7408,111.255,-1906751,4,"Gezhouba, Hubei, China",CH,CH12,13129,30.7408,111.255,-1906751,4,"Gezhouba, Hubei, China",CH,CH12,13129,30.7408,111.255,-1906751,20191029023000,Make public statement,Verbal cooperation
882918707,20191029,201910,CHN,CHINA,CHN,,,,,,,,USAMED,REUTERS,USA,,,,,MED,,,1,141,141,14,3,-6.5,10,1,10,-5.88235294117647,4,"Beijing, Beijing, China",CH,CH22,13001,39.9289,116.388,-1898541,4,"Beijing, Beijing, China",CH,CH22,13001,39.9289,116.388,-1898541,4,"Beijing, Beijing, China",CH,CH22,13001,39.9289,116.388,-1898541,20191029034500,Protest,Verbal conflict
882939927,20191029,201910,CHN,CHINA,CHN,,,,,,,,USA,UNITED STATES OF AMERICA,USA,,,,,,,,1,040,040,04,1,1.0,6,1,6,3.49075975359343,4,"Beijing, Beijing, China",CH,CH22,13001,39.9289,116.388,-1898541,1,United States,US,US,,39.828175,-98.5795,US,1,United States,US,US,,39.828175,-98.5795,US,20191029063000,Consult,Verbal cooperation
882939930,20191029,201910,CHN,CHINA,CHN,,,,,,,,USA,UNITED STATES OF AMERICA,USA,,,,,,,,1,040,040,04,1,1.0,16,1,16,3.90970098538906,1,China,CH,CH,,35.0,105.0,CH,1,United States,US,US,,39.828175,-98.5795,US,1,United States,US,US,,39.828175,-98.5795,US,20191029063000,Consult,Verbal cooperation
882939931,20191029,201910,CHN,CHINA,CHN,,,,,,,,USA,UNITED STATES,USA,,,,,,,,1,040,040,04,1,1.0,6,1,6,3.6810510816627,1,Russia,RS,RS,,60.0,100.0,RS,1,United States,US,US,,39.828175,-98.5795,US,1,United States,US,US,,39.828175,-98.5795,US,20191029063000,Consult,Verbal cooperation
882940727,20191029,201910,USA,UNITED STATES OF AMERICA,USA,,,,,,,,CHN,CHINA,CHN,,,,,,,,1,040,040,04,1,1.0,6,1,6,3.49075975359343,1,United States,US,US,,39.828175,-98.5795,US,4,"Beijing, Beijing, China",CH,CH22,13001,39.9289,116.388,-1898541,1,United States,US,US,,39.828175,-98.5795,US,20191029063000,Consult,Verbal cooperation
882940729,20191029,201910,USA,UNITED STATES OF AMERICA,USA,,,,,,,,CHN,CHINA,CHN,,,,,,,,1,040,040,04,1,1.0,16,1,16,3.90970098538906,1,United States,US,US,,39.828175,-98.5795,US,1,China,CH,CH,,35.0,105.0,CH,1,United States,US,US,,39.828175,-98.5795,US,20191029063000,Consult,Verbal cooperation
882940730,20191029,201910,USA,UNITED STATES,USA,,,,,,,,CHN,CHINA,CHN,,,,,,,,1,040,040,04,1,1.0,6,1,6,3.6810510816627,1,United States,US,US,,39.828175,-98.5795,US,1,Russia,RS,RS,,60.0,100.0,RS,1,United States,US,US,,39.828175,-98.5795,US,20191029063000,Consult,Verbal cooperation
882940735,20191029,201910,USA,THE US,USA,,,,,,,,CHN,CHINA,CHN,,,,,,,,1,061,061,06,2,6.4,15,2,15,-1.6531960041008,4,"Beijing, Beijing, China",CH,CH22,13001,39.9289,116.388,-1898541,4,"Beijing, Beijing, China",CH,CH22,13001,39.9289,116.388,-1898541,4,"Beijing, Beijing, China",CH,CH22,13001,39.9289,116.388,-1898541,20191029063000,Engage in material cooperation,Material cooperation
882948593,20191029,201910,CHN,CHINA,CHN,,,,,,,,USA,THE US,USA,,,,,,,,1,030,030,03,1,4.0,10,1,10,1.99556541019956,4,"Beijing, Beijing, China",CH,CH22,13001,39.9289,116.388,-1898541,4,"Beijing, Beijing, China",CH,CH22,13001,39.9289,116.388,-1898541,4,"Beijing, Beijing, China",CH,CH22,13001,39.9289,116.388,-1898541,20191029073000,Express intent to cooperate,Verbal cooperation
882948595,20191029,201910,CHN,CHINESE,CHN,,,,,,,,USA,UNITED STATES,USA,,,,,,,,1,043,043,04,1,2.8,10,2,10,-2.30789636572642,1,China,CH,CH,,35.0,105.0,CH,3,"Hollywood, California, United States",US,USCA,CA037,34.0983,-118.327,1660757,1,China,CH,CH,,35.0,105.0,CH,20191029073000,Consult,Verbal cooperation
882949665,20191029,201910,USA,THE US,USA,,,,,,,,CHN,CHINA,CHN,,,,,,,,1,030,030,03,1,4.0,10,1,10,1.99556541019956,4,"Beijing, Beijing, China",CH,CH22,13001,39.9289,116.388,-1898541,4,"Beijing, Beijing, China",CH,CH22,13001,39.9289,116.388,-1898541,4,"Beijing, Beijing, China",CH,CH22,13001,39.9289,116.388,-1898541,20191029073000,Express intent to cooperate,Verbal cooperation
882949667,20191029,201910,USA,UNITED STATES,USA,,,,,,,,CHN,CHINESE,CHN,,,,,,,,1,042,042,04,1,1.9,16,2,16,-2.30347510832081,2,"California, United States",US,USCA,,36.17,-119.746,CA,2,"California, United States",US,USCA,,36.17,-119.746,CA,2,"California, United States",US,USCA,,36.17,-119.746,CA,20191029073000,Consult,Verbal cooperation
882950220,20191029,201910,CHN,CHINA,CHN,,,,,,,,USA,UNITED STATES,USA,,,,,,,,1,046,046,04,1,7.0,6,1,6,1.1461318051576,4,"Beijing, Beijing, China",CH,CH22,13001,39.9289,116.388,-1898541,2,"Connecticut, United States",US,USCT,,41.5834,-72.7622,CT,4,"Moscow, Moskva, Russia",RS,RS48,25106,55.7522,37.6156,-2960561,20191029074500,Consult,Verbal cooperation
882951410,20191029,201910,USA,UNITED STATES,USA,,,,,,,,CHN,CHINA,CHN,,,,,,,,1,046,046,04,1,7.0,6,1,6,1.1461318051576,2,"Connecticut, United States",US,USCT,,41.5834,-72.7622,CT,4,"Beijing, Beijing, China",CH,CH22,13001,39.9289,116.388,-1898541,4,"Moscow, Moskva, Russia",RS,RS48,25106,55.7522,37.6156,-2960561,20191029074500,Consult,Verbal cooperation
882953699,20191029,201910,USAGOV,A US,USA,,,,,GOV,,,CHN,CHINA,CHN,,,,,,,,1,040,040,04,1,1.0,10,1,10,1.67095115681234,5,"Tibet, Xizang, China",CH,CH14,13213,32.0,90.0,-1934604,5,"Tibet, Xizang, China",CH,CH14,13213,32.0,90.0,-1934604,5,"Tibet, Xizang, China",CH,CH14,13213,32.0,90.0,-1934604,20191029080000,Consult,Verbal cooperation
882957464,20191029,201910,CHN,CHINA,CHN,,,,,,,,USALEG,UNITED STATES,USA,,,,,LEG,,,1,040,040,04,1,1.0,6,1,6,-2.25321888412017,1,China,CH,CH,,35.0,105.0,CH,3,"White House, District of Columbia, United States",US,USDC,,38.8951,-77.0364,531871,3,"White House, District of Columbia, United States",US,USDC,,38.8951,-77.0364,531871,20191029083000,Consult,Verbal cooperation
882958353,20191029,201910,USA,AMERICAN,USA,,,,,,,,CHN,CHINA,CHN,,,,,,,,1,020,020,02,1,3.0,6,1,6,-2.25321888412017,3,"White House, District of Columbia, United States",US,USDC,,38.8951,-77.0364,531871,1,China,CH,CH,,35.0,105.0,CH,1,China,CH,CH,,35.0,105.0,CH,20191029083000,Appeal,Verbal cooperation
882958441,20191029,201910,USALEG,UNITED STATES,USA,,,,,LEG,,,CHN,CHINA,CHN,,,,,,,,1,040,040,04,1,1.0,6,1,6,-2.25321888412017,3,"Sacramento, California, United States",US,USCA,CA067,38.5816,-121.494,1659564,3,"Sacramento, California, United States",US,USCA,CA067,38.5816,-121.494,1659564,3,"Sacramento, California, United States",US,USCA,CA067,38.5816,-121.494,1659564,20191029083000,Consult,Verbal cooperation
882967429,20191029,201910,CHN,CHINA,CHN,,,,,,,,USA,AMERICAN,USA,,,,,,,,1,061,061,06,2,6.4,10,1,10,-2.81425891181989,4,"Xinjiang, Jiangxi, China",CH,CH03,13167,27.7481,116.274,11065838,4,"Xinjiang, Jiangxi, China",CH,CH03,13167,27.7481,116.274,11065838,4,"Xinjiang, Jiangxi, China",CH,CH03,13167,27.7481,116.274,11065838,20191029093000,Engage in material cooperation,Material cooperation
882976159,20191029,201910,USA,AMERICAN,USA,,,,,,,,CHNBUS,CHINESE,CHN,,,,,BUS,,,1,130,130,13,3,-4.4,6,1,6,-0.723589001447173,1,Hong Kong,HK,HK,,22.25,114.166667,HK,1,Hong Kong,HK,HK,,22.25,114.166667,HK,1,Hong Kong,HK,HK,,22.25,114.166667,HK,20191029101500,Threaten,Verbal conflict
882986989,20191029,201910,CHN,GUIYANG,CHN,,,,,,,,USA,AMERICAN,USA,,,,,,,,1,040,040,04,1,1.0,8,1,8,4.77386934673367,4,"Guiyang, Guizhou, China",CH,CH18,13071,26.5833,106.717,-1907603,4,"Guiyang, Guizhou, China",CH,CH18,13071,26.5833,106.717,-1907603,4,"Guiyang, Guizhou, China",CH,CH18,13071,26.5833,106.717,-1907603,20191029111500,Consult,Verbal cooperation
882991477,20191029,201910,CHN,CHINA,CHN,,,,,,,,USA,THE US,USA,,,,,,,,1,120,120,12,3,-4.0,10,1,10,-0.80645161290322,5,"Tibet, Xizang, China",CH,CH14,13213,32.0,90.0,-1934604,5,"Tibet, Xizang, China",CH,CH14,13213,32.0,90.0,-1934604,5,"Tibet, Xizang, China",CH,CH14,13213,32.0,90.0,-1934604,20191029114500,Reject,Verbal conflict
882995563,20191029,201910,CHN,BEIJING,CHN,,,,,,,,USA,NEW YORK,USA,,,,,,,,1,173,173,17,4,-5.0,10,1,10,3.9119804400978,4,"Beijing, Beijing, China",CH,CH22,13001,39.9289,116.388,-1898541,4,"Beijing, Beijing, China",CH,CH22,13001,39.9289,116.388,-1898541,4,"Beijing, Beijing, China",CH,CH22,13001,39.9289,116.388,-1898541,20191029120000,Coerce,Material conflict
882996740,20191029,201910,USAGOV,US OFFICIAL,USA,,,,,GOV,,,CHN,CHINESE,CHN,,,,,,,,1,020,020,02,1,3.0,7,1,7,-0.50632911392405,1,China,CH,CH,,35.0,105.0,CH,1,China,CH,CH,,35.0,105.0,CH,1,China,CH,CH,,35.0,105.0,CH,20191029120000,Appeal,Verbal cooperation
883008944,20191029,201910,CHN,BEIJING,CHN,,,,,,,,USA,WASHINGTON,USA,,,,,,,,1,080,080,08,2,5.0,8,4,8,-1.24265632079183,4,"Beijing, Beijing, China",CH,CH22,13001,39.9289,116.388,-1898541,3,"Washington, District of Columbia, United States",US,USDC,DC001,38.8951,-77.0364,531871,3,"Washington, District of Columbia, United States",US,USDC,DC001,38.8951,-77.0364,531871,20191029131500,Yield,Material cooperation
883022953,20191029,201910,CHN,CHINA,CHN,,,,,,,,USA,THE US,USA,,,,,,,,1,057,057,05,1,8.0,10,1,10,0.0,1,China,CH,CH,,35.0,105.0,CH,1,China,CH,CH,,35.0,105.0,CH,1,China,CH,CH,,35.0,105.0,CH,20191029141500,Engage in diplomatic cooperation,Verbal cooperation
883024306,20191029,201910,USA,THE US,USA,,,,,,,,CHN,CHINA,CHN,,,,,,,,1,057,057,05,1,8.0,10,1,10,0.0,1,China,CH,CH,,35.0,105.0,CH,1,China,CH,CH,,35.0,105.0,CH,1,China,CH,CH,,35.0,105.0,CH,20191029141500,Engage in diplomatic cooperation,Verbal cooperation
883026197,20191029,201910,CHN,BEIJING,CHN,,,,,,,,USA,UNITED STATES,USA,,,,,,,,1,020,020,02,1,3.0,10,1,10,-1.75438596491228,4,"Beijing, Beijing, China",CH,CH22,13001,39.9289,116.388,-1898541,1,United States,US,US,,39.828175,-98.5795,US,1,United States,US,US,,39.828175,-98.5795,US,20191029143000,Appeal,Verbal cooperation
883026203,20191029,201910,CHNGOV,CHINESE,CHN,,,,,GOV,,,USA,AMERICAN,USA,,,,,,,,1,020,020,02,1,3.0,6,1,6,-2.41935483870967,4,"Qinghai, Guizhou, China",CH,CH18,13069,25.8083,106.075,-3836054,4,"Qinghai, Guizhou, China",CH,CH18,13069,25.8083,106.075,-3836054,4,"Qinghai, Guizhou, China",CH,CH18,13069,25.8083,106.075,-3836054,20191029143000,Appeal,Verbal cooperation
883026204,20191029,201910,CHNGOV,CHINESE,CHN,,,,,GOV,,,USA,AMERICAN,USA,,,,,,,,1,046,046,04,1,7.0,6,1,6,-2.41935483870967,4,"Beijing, Beijing, China",CH,CH22,13001,39.9289,116.388,-1898541,3,"Washington, District of Columbia, United States",US,USDC,DC001,38.8951,-77.0364,531871,3,"Washington, District of Columbia, United States",US,USDC,DC001,38.8951,-77.0364,531871,20191029143000,Consult,Verbal cooperation
883048081,20191029,201910,CHN,CHINA,CHN,,,,,,,,USAGOV,US AMBASSADOR,USA,,,,,GOV,,,1,043,043,04,1,2.8,6,1,6,-0.92879256965944,4,"Tawang, Shaanxi, China",CH,CH26,13223,34.203,108.651,-1902710,4,"Tawang, Shaanxi, China",CH,CH26,13223,34.203,108.651,-1902710,4,"Tawang, Shaanxi, China",CH,CH26,13223,34.203,108.651,-1902710,20191029161500,Consult,Verbal cooperation
883049501,20191029,201910,USA,THE US,USA,,,,,,,,CHN,CHINA,CHN,,,,,,,,1,138,138,13,3,-7.0,8,1,8,-2.30547550432277,1,Norway,NO,NO,,62.0,10.0,NO,1,Norway,NO,NO,,62.0,10.0,NO,1,Norway,NO,NO,,62.0,10.0,NO,20191029161500,Threaten,Verbal conflict
883056569,20191029,201910,USA,UNITED STATES,USA,,,,,,,,CHN,CHINA,CHN,,,,,,,,1,051,051,05,1,3.4,10,1,10,0.85714285714286,1,Afghanistan,AF,AF,,33.0,66.0,AF,1,Afghanistan,AF,AF,,33.0,66.0,AF,1,Afghanistan,AF,AF,,33.0,66.0,AF,20191029164500,Engage in diplomatic cooperation,Verbal cooperation
883070556,20191029,201910,CHN,CHINA,CHN,,,,,,,,USAGOV,US AMBASSADOR,USA,,,,,GOV,,,1,012,012,01,1,-0.4,16,2,16,4.10560715514276,5,"Tibet, Xizang, China",CH,CH14,13213,32.0,90.0,-1934604,4,"New Delhi, Delhi, India",IN,IN07,17911,28.6,77.2,-2106102,5,"Tibet, Xizang, China",CH,CH14,13213,32.0,90.0,-1934604,20191029180000,Make public statement,Verbal cooperation
883070557,20191029,201910,CHN,CHINA,CHN,,,,,,,,USAGOV,THE US,USA,,,,,GOV,,,1,014,014,01,1,0.0,20,2,20,4.10560715514276,4,"Pasighat, Arunachal Pradesh, India",IN,IN30,17571,28.0667,95.3333,-2107380,4,"Pasighat, Arunachal Pradesh, India",IN,IN30,17571,28.0667,95.3333,-2107380,4,"Pasighat, Arunachal Pradesh, India",IN,IN30,17571,28.0667,95.3333,-2107380,20191029180000,Make public statement,Verbal cooperation
883072218,20191029,201910,USAGOV,US AMBASSADOR,USA,,,,,GOV,,,CHN,BEIJING,CHN,,,,,,,,1,130,130,13,3,-4.4,12,2,12,4.10560715514276,4,"New Delhi, Delhi, India",IN,IN07,17911,28.6,77.2,-2106102,4,"Beijing, Beijing, China",CH,CH22,13001,39.9289,116.388,-1898541,4,"New Delhi, Delhi, India",IN,IN07,17911,28.6,77.2,-2106102,20191029180000,Threaten,Verbal conflict
883073762,20191029,201910,CHN,CHINA,CHN,,,,,,,,USA,AMERICAN,USA,,,,,,,,1,043,043,04,1,2.8,8,1,8,3.23450134770889,1,China,CH,CH,,35.0,105.0,CH,1,United States,US,US,,39.828175,-98.5795,US,1,United Kingdom,UK,UK,,54.0,-4.0,UK,20191029181500,Consult,Verbal cooperation
883074879,20191029,201910,USA,AMERICAN,USA,,,,,,,,CHN,CHINA,CHN,,,,,,,,1,042,042,04,1,1.9,8,1,8,3.23450134770889,1,United Kingdom,UK,UK,,54.0,-4.0,UK,1,United Kingdom,UK,UK,,54.0,-4.0,UK,1,United Kingdom,UK,UK,,54.0,-4.0,UK,20191029181500,Consult,Verbal cooperation
883074884,20191029,201910,USA,CHICAGO,USA,,,,,,,,CHNOPP,TIBET,CHN,,,,,OPP,,,1,051,051,05,1,3.4,10,1,10,-3.52112676056338,3,"Chicago, Illinois, United States",US,USIL,IL031,41.85,-87.6501,423587,3,"Chicago, Illinois, United States",US,USIL,IL031,41.85,-87.6501,423587,3,"Chicago, Illinois, United States",US,USIL,IL031,41.85,-87.6501,423587,20191029181500,Engage in diplomatic cooperation,Verbal cooperation
883074885,20191029,201910,USA,CHICAGO,USA,,,,,,,,CHNOPP,TIBET,CHN,,,,,OPP,,,1,141,141,14,3,-6.5,10,1,10,-3.52112676056338,3,"Chicago, Illinois, United States",US,USIL,IL031,41.85,-87.6501,423587,3,"Chicago, Illinois, United States",US,USIL,IL031,41.85,-87.6501,423587,3,"Chicago, Illinois, United States",US,USIL,IL031,41.85,-87.6501,423587,20191029181500,Protest,Verbal conflict
883076492,20191029,201910,CHN,PEARL RIVER,CHN,,,,,,,,MNCUSAHLH,ABBOTT LABORATORIES,USA,,,,,MNC,HLH,,1,071,071,07,2,7.4,10,1,10,0.10559662090814,0,,,,,,,,0,,,,,,,,0,,,,,,,,20191029183000,Provide aid,Material cooperation
883076501,20191029,201910,CHN,CHINA,CHN,,,,,,,,USAGOV,US AMBASSADOR,USA,,,,,GOV,,,1,012,012,01,1,-0.4,10,1,10,4.17910447761194,5,"Tibet, Xizang, China",CH,CH14,13213,32.0,90.0,-1934604,4,"Arunachal, Assam, India",IN,IN03,70088,24.8667,92.7667,-2089162,5,"Tibet, Xizang, China",CH,CH14,13213,32.0,90.0,-1934604,20191029183000,Make public statement,Verbal cooperation
883076503,20191029,201910,CHN,CHINA,CHN,,,,,,,,USAGOV,THE US,USA,,,,,GOV,,,1,014,014,01,1,0.0,8,1,8,4.17910447761194,4,"Arunachal, Assam, India",IN,IN03,70088,24.8667,92.7667,-2089162,4,"Arunachal, Assam, India",IN,IN03,70088,24.8667,92.7667,-2089162,4,"Arunachal, Assam, India",IN,IN03,70088,24.8667,92.7667,-2089162,20191029183000,Make public statement,Verbal cooperation
883076505,20191029,201910,CHN,CHINA,CHN,,,,,,,,USAGOV,THE US,USA,,,,,GOV,,,1,042,042,04,1,1.9,6,1,6,4.17910447761194,5,"Tibet, Xizang, China",CH,CH14,13213,32.0,90.0,-1934604,4,"Arunachal, Assam, India",IN,IN03,70088,24.8667,92.7667,-2089162,4,"Arunachal, Assam, India",IN,IN03,70088,24.8667,92.7667,-2089162,20191029183000,Consult,Verbal cooperation
883077855,20191029,201910,USAGOV,THE US,USA,,,,,GOV,,,CHN,CHINA,CHN,,,,,,,,1,043,043,04,1,2.8,6,1,6,4.17910447761194,4,"Arunachal, Assam, India",IN,IN03,70088,24.8667,92.7667,-2089162,5,"Tibet, Xizang, China",CH,CH14,13213,32.0,90.0,-1934604,4,"Arunachal, Assam, India",IN,IN03,70088,24.8667,92.7667,-2089162,20191029183000,Consult,Verbal cooperation
883085588,20191029,201910,USAGOV,THE US,USA,,,,,GOV,,,CHNBUS,CHINESE,CHN,,,,,BUS,,,1,160,160,16,4,-4.0,8,1,8,-5.09554140127388,1,China,CH,CH,,35.0,105.0,CH,1,China,CH,CH,,35.0,105.0,CH,1,China,CH,CH,,35.0,105.0,CH,20191029191500,Reduce relations,Material conflict
883087150,20191029,201910,USA,THE US,USA,,,,,,,,CHN,CHINA,CHN,,,,,,,,1,010,010,01,1,0.0,10,1,10,1.94552529182879,4,"Shanghai, Shanghai, China",CH,CH23,13243,31.2222,121.458,-1924465,4,"Shanghai, Shanghai, China",CH,CH23,13243,31.2222,121.458,-1924465,4,"Shanghai, Shanghai, China",CH,CH23,13243,31.2222,121.458,-1924465,20191029193000,Make public statement,Verbal cooperation
883102724,20191029,201910,CHN,CHINESE,CHN,,,,,,,,USA,UNITED STATES,USA,,,,,,,,1,010,010,01,1,0.0,8,1,8,-1.58450704225352,1,Brazil,BR,BR,,-10.0,-55.0,BR,4,"Shanghai, Shanghai, China",CH,CH23,13243,31.2222,121.458,-1924465,4,"Shanghai, Shanghai, China",CH,CH23,13243,31.2222,121.458,-1924465,20191029210000,Make public statement,Verbal cooperation
883108184,20191029,201910,CHNGOV,CHINESE,CHN,,,,,GOV,,,USA,UNITED STATES,USA,,,,,,,,1,051,051,05,1,3.4,6,1,6,-6.70553935860058,1,Hong Kong,HK,HK,,22.25,114.166667,HK,1,Hong Kong,HK,HK,,22.25,114.166667,HK,1,Hong Kong,HK,HK,,22.25,114.166667,HK,20191029213000,Engage in diplomatic cooperation,Verbal cooperation
883113093,20191029,201910,USAAGR,AMERICAN,USA,,,,,AGR,,,CHN,CHINESE,CHN,,,,,,,,1,061,061,06,2,6.4,6,1,6,-1.8348623853211,2,"Indiana, United States",US,USIN,,39.8647,-86.2604,IN,2,"Indiana, United States",US,USIN,,39.8647,-86.2604,IN,2,"Indiana, United States",US,USIN,,39.8647,-86.2604,IN,20191029220000,Engage in material cooperation,Material cooperation
883114304,20191029,201910,CHN,CHINA,CHN,,,,,,,,USA,UNITED STATES,USA,,,,,,,,1,0311,031,03,1,5.2,8,1,8,-0.58823529411764,4,"Beijing, Beijing, China",CH,CH22,13001,39.9289,116.388,-1898541,3,"Washington, District of Columbia, United States",US,USDC,DC001,38.8951,-77.0364,531871,4,"Beijing, Beijing, China",CH,CH22,13001,39.9289,116.388,-1898541,20191029221500,Express intent to cooperate,Verbal cooperation
883114306,20191029,201910,CHN,CHINA,CHN,,,,,,,,USA,UNITED STATES,USA,,,,,,,,1,046,046,04,1,7.0,8,1,8,-0.58823529411764,4,"Beijing, Beijing, China",CH,CH22,13001,39.9289,116.388,-1898541,3,"Washington, District of Columbia, United States",US,USDC,DC001,38.8951,-77.0364,531871,4,"Beijing, Beijing, China",CH,CH22,13001,39.9289,116.388,-1898541,20191029221500,Consult,Verbal cooperation
883115413,20191029,201910,USA,UNITED STATES,USA,,,,,,,,CHN,CHINA,CHN,,,,,,,,1,0311,031,03,1,5.2,10,1,10,-0.58823529411764,4,"Santiago, Regióetropolitana, Chile",CI,CI12,22379,-33.45,-70.6667,-901202,4,"Santiago, Regióetropolitana, Chile",CI,CI12,22379,-33.45,-70.6667,-901202,4,"Santiago, Regióetropolitana, Chile",CI,CI12,22379,-33.45,-70.6667,-901202,20191029221500,Express intent to cooperate,Verbal cooperation
883115414,20191029,201910,USA,UNITED STATES,USA,,,,,,,,CHN,CHINA,CHN,,,,,,,,1,046,046,04,1,7.0,8,1,8,-0.58823529411764,3,"Washington, District of Columbia, United States",US,USDC,DC001,38.8951,-77.0364,531871,4,"Beijing, Beijing, China",CH,CH22,13001,39.9289,116.388,-1898541,4,"Beijing, Beijing, China",CH,CH22,13001,39.9289,116.388,-1898541,20191029221500,Consult,Verbal cooperation
883121564,20191029,201910,USA,UNITED STATES,USA,,,,,,,,CHN,CHINA,CHN,,,,,,,,1,173,173,17,4,-5.0,8,1,8,-3.23624595469255,1,United States,US,US,,39.828175,-98.5795,US,1,China,CH,CH,,35.0,105.0,CH,1,Canada,CA,CA,,60.0,-96.0,CA,20191029230000,Coerce,Material conflict
883121565,20191029,201910,USA,UNITED STATES,USA,,,,,,,,CHN,CHINA,CHN,,,,,,,,1,186,186,18,4,-10.0,6,1,6,-3.23624595469255,1,United States,US,US,,39.828175,-98.5795,US,1,China,CH,CH,,35.0,105.0,CH,1,Canada,CA,CA,,60.0,-96.0,CA,20191029230000,Assault,Material conflict
883124814,20191029,201910,USA,THE US,USA,,,,,,,,CHN,CHINA,CHN,,,,,,,,1,070,070,07,2,7.0,10,1,10,-6.57534246575343,1,China,CH,CH,,35.0,105.0,CH,1,China,CH,CH,,35.0,105.0,CH,1,China,CH,CH,,35.0,105.0,CH,20191029231500,Provide aid,Material cooperation
883125014,20191029,201910,USAMED,WALL STREET JOURNAL,USA,,,,,MED,,,CHN,CHINA,CHN,,,,,,,,1,010,010,01,1,0.0,10,1,10,-0.80645161290323,1,Russia,RS,RS,,60.0,100.0,RS,1,Russia,RS,RS,,60.0,100.0,RS,1,Russia,RS,RS,,60.0,100.0,RS,20191029231500,Make public statement,Verbal cooperation
883128367,20191029,201910,CHN,BEIJING,CHN,,,,,,,,USAMED,REUTERS,USA,,,,,MED,,,1,046,046,04,1,7.0,8,1,8,0.54644808743169,4,"Beijing, Beijing, China",CH,CH22,13001,39.9289,116.388,-1898541,4,"Beijing, Beijing, China",CH,CH22,13001,39.9289,116.388,-1898541,4,"Beijing, Beijing, China",CH,CH22,13001,39.9289,116.388,-1898541,20191029234500,Consult,Verbal cooperation
883129601,20191029,201910,USAMED,REUTERS,USA,,,,,MED,,,CHN,BEIJING,CHN,,,,,,,,1,046,046,04,1,7.0,8,1,8,0.54644808743169,4,"Beijing, Beijing, China",CH,CH22,13001,39.9289,116.388,-1898541,4,"Beijing, Beijing, China",CH,CH22,13001,39.9289,116.388,-1898541,4,"Beijing, Beijing, China",CH,CH22,13001,39.9289,116.388,-1898541,20191029234500,Consult,Verbal cooperation
883130945,20191030,201910,CHN,CHINA,CHN,,,,,,,,USA,THE US,USA,,,,,,,,1,010,010,01,1,0.0,10,1,10,2.46305418719212,1,Hong Kong,HK,HK,,22.25,114.166667,HK,1,Hong Kong,HK,HK,,22.25,114.166667,HK,1,Hong Kong,HK,HK,,22.25,114.166667,HK,20191030000000,Make public statement,Verbal cooperation
883135627,20191030,201910,CHN,BEIJING,CHN,,,,,,,,USAMED,REUTERS,USA,,,,,MED,,,1,046,046,04,1,7.0,8,1,8,0.54644808743169,4,"Beijing, Beijing, China",CH,CH22,13001,39.9289,116.388,-1898541,4,"Beijing, Beijing, China",CH,CH22,13001,39.9289,116.388,-1898541,4,"Beijing, Beijing, China",CH,CH22,13001,39.9289,116.388,-1898541,20191030001500,Consult,Verbal cooperation
883136677,20191030,201910,MNCUSA,MATTEL,USA,,,,,MNC,,,CHN,CHINA,CHN,,,,,,,,1,061,061,06,2,6.4,18,3,18,-1.676038074414,1,China,CH,CH,,35.0,105.0,CH,1,China,CH,CH,,35.0,105.0,CH,1,China,CH,CH,,35.0,105.0,CH,20191030001500,Engage in material cooperation,Material cooperation
883137722,20191030,201910,USAMED,REUTERS,USA,,,,,MED,,,CHN,BEIJING,CHN,,,,,,,,1,046,046,04,1,7.0,8,1,8,0.54644808743169,4,"Beijing, Beijing, China",CH,CH22,13001,39.9289,116.388,-1898541,4,"Beijing, Beijing, China",CH,CH22,13001,39.9289,116.388,-1898541,4,"Beijing, Beijing, China",CH,CH22,13001,39.9289,116.388,-1898541,20191030001500,Consult,Verbal cooperation
883148715,20191030,201910,USAAGR,AMERICAN,USA,,,,,AGR,,,CHN,CHINESE,CHN,,,,,,,,1,061,061,06,2,6.4,6,1,6,-1.85185185185185,2,"Indiana, United States",US,USIN,,39.8647,-86.2604,IN,2,"Indiana, United States",US,USIN,,39.8647,-86.2604,IN,2,"Indiana, United States",US,USIN,,39.8647,-86.2604,IN,20191030010000,Engage in material cooperation,Material cooperation
883154417,20191030,201910,USA,UNITED STATES,USA,,,,,,,,CHN,CHINA,CHN,,,,,,,,1,173,173,17,4,-5.0,8,1,8,-3.01142263759086,1,United States,US,US,,39.828175,-98.5795,US,1,China,CH,CH,,35.0,105.0,CH,1,Canada,CA,CA,,60.0,-96.0,CA,20191030013000,Coerce,Material conflict
883154418,20191030,201910,USA,UNITED STATES,USA,,,,,,,,CHN,CHINA,CHN,,,,,,,,1,186,186,18,4,-10.0,6,1,6,-3.01142263759086,1,United States,US,US,,39.828175,-98.5795,US,1,China,CH,CH,,35.0,105.0,CH,1,Canada,CA,CA,,60.0,-96.0,CA,20191030013000,Assault,Material conflict
883155808,20191030,201910,CHN,CHINA,CHN,,,,,,,,USA,AMERICAN,USA,,,,,,,,1,172,172,17,4,-5.0,10,1,10,-2.15264187866928,1,China,CH,CH,,35.0,105.0,CH,3,"Eastman School Of Music, New York, United States",US,USNY,,43.1581,-77.6003,949302,1,China,CH,CH,,35.0,105.0,CH,20191030014500,Coerce,Material conflict
883156756,20191030,201910,USA,AMERICAN,USA,,,,,,,,CHN,CHINA,CHN,,,,,,,,1,081,081,08,2,5.0,10,1,10,-2.15264187866928,3,"Eastman School Of Music, New York, United States",US,USNY,NY055,43.1581,-77.6003,949302,1,China,CH,CH,,35.0,105.0,CH,3,"Eastman School Of Music, New York, United States",US,USNY,,43.1581,-77.6003,949302,20191030014500,Yield,Material cooperation
883164062,20191030,201910,CHN,CHINA,CHN,,,,,,,,USA,THE US,USA,,,,,,,,1,051,051,05,1,3.4,6,1,6,3.75586854460094,4,"Chongqing, Chongqing, China",CH,CH33,13004,29.5628,106.553,-1900774,4,"Chongqing, Chongqing, China",CH,CH33,13004,29.5628,106.553,-1900774,4,"Chongqing, Chongqing, China",CH,CH33,13004,29.5628,106.553,-1900774,20191030024500,Engage in diplomatic cooperation,Verbal cooperation
883164064,20191030,201910,CHN,CHINA,CHN,,,,,,,,USA,THE US,USA,,,,,,,,1,110,110,11,3,-2.0,6,1,6,3.75586854460094,4,"Chongqing, Chongqing, China",CH,CH33,13004,29.5628,106.553,-1900774,4,"Chongqing, Chongqing, China",CH,CH33,13004,29.5628,106.553,-1900774,4,"Chongqing, Chongqing, China",CH,CH33,13004,29.5628,106.553,-1900774,20191030024500,Disapprove,Verbal conflict
883173937,20191030,201910,CHN,BEIJING,CHN,,,,,,,,USAMED,REUTERS,USA,,,,,MED,,,1,046,046,04,1,7.0,6,1,6,2.02558635394457,4,"Beijing, Beijing, China",CH,CH22,13001,39.9289,116.388,-1898541,4,"Gold Ridge, Solomon Islands (general), Solomon Islands",BP,BP00,18585,-9.6059,160.127,-1545838,4,"Beijing, Beijing, China",CH,CH22,13001,39.9289,116.388,-1898541,20191030040000,Consult,Verbal cooperation
883174752,20191030,201910,USAMED,REUTERS,USA,,,,,MED,,,CHN,BEIJING,CHN,,,,,,,,1,046,046,04,1,7.0,6,1,6,2.02558635394457,4,"Gold Ridge, Solomon Islands (general), Solomon Islands",BP,BP00,18585,-9.6059,160.127,-1545838,4,"Beijing, Beijing, China",CH,CH22,13001,39.9289,116.388,-1898541,4,"Beijing, Beijing, China",CH,CH22,13001,39.9289,116.388,-1898541,20191030040000,Consult,Verbal cooperation
883181259,20191030,201910,CHN,CHINESE,CHN,,,,,,,,USA,THE US,USA,,,,,,,,1,112,112,11,3,-2.0,6,1,6,0.16313213703099,4,"Langkawi, Kedah, Malaysia",MY,MY02,37398,6.32649,99.8432,-2401875,4,"South China Sea, Brunei (general), Brunei",BX,BX00,,15.0,115.0,-1337919,4,"Langkawi, Kedah, Malaysia",MY,MY02,37398,6.32649,99.8432,-2401875,20191030050000,Disapprove,Verbal conflict
883185124,20191030,201910,CHNCVL,CHINESE,CHN,,,,,CVL,,,USA,AMERICAN,USA,,,,,,,,1,043,043,04,1,2.8,6,1,6,-1.36674259681094,4,"Beijing, Beijing, China",CH,CH22,13001,39.9289,116.388,-1898541,3,"Washington, District of Columbia, United States",US,USDC,DC001,38.8951,-77.0364,531871,3,"Washington, District of Columbia, United States",US,USDC,DC001,38.8951,-77.0364,531871,20191030053000,Consult,Verbal cooperation
883185126,20191030,201910,CHNGOV,CHINESE,CHN,,,,,GOV,,,USA,THE US,USA,,,,,,,,1,112,112,11,3,-2.0,6,1,6,-5.22875816993464,4,"Beijing, Beijing, China",CH,CH22,13001,39.9289,116.388,-1898541,4,"Beijing, Beijing, China",CH,CH22,13001,39.9289,116.388,-1898541,4,"Beijing, Beijing, China",CH,CH22,13001,39.9289,116.388,-1898541,20191030053000,Disapprove,Verbal conflict
883186170,20191030,201910,USA,AMERICAN,USA,,,,,,,,CHNCVL,CHINESE,CHN,,,,,CVL,,,1,042,042,04,1,1.9,6,1,6,-1.36674259681094,3,"Boston, Massachusetts, United States",US,USMA,MA025,42.3584,-71.0598,617565,3,"Boston, Massachusetts, United States",US,USMA,MA025,42.3584,-71.0598,617565,3,"Boston, Massachusetts, United States",US,USMA,MA025,42.3584,-71.0598,617565,20191030053000,Consult,Verbal cooperation
883190025,20191030,201910,USA,A US,USA,,,,,,,,CHN,CHINESE,CHN,,,,,,,,1,111,111,11,3,-2.0,16,1,8,-10.5263157894737,1,China,CH,CH,,35.0,105.0,CH,1,China,CH,CH,,35.0,105.0,CH,1,China,CH,CH,,35.0,105.0,CH,20191030060000,Disapprove,Verbal conflict
883199523,20191030,201910,CHN,CHINA,CHN,,,,,,,,USA,AMERICAN,USA,,,,,,,,1,090,090,09,2,-2.0,6,1,6,-2.57731958762886,4,"Beijing, Beijing, China",CH,CH22,13001,39.9289,116.388,-1898541,3,"Washington, District of Columbia, United States",US,USDC,DC001,38.8951,-77.0364,531871,3,"Washington, District of Columbia, United States",US,USDC,DC001,38.8951,-77.0364,531871,20191030071500,Investigate,Material cooperation
883199524,20191030,201910,CHN,CHINA,CHN,,,,,,,,USAGOV,AMERICAN,USA,,,,,GOV,,,1,112,112,11,3,-2.0,6,1,6,0.27548209366391,4,"Beijing, Beijing, China",CH,CH22,13001,39.9289,116.388,-1898541,4,"Beijing, Beijing, China",CH,CH22,13001,39.9289,116.388,-1898541,4,"Beijing, Beijing, China",CH,CH22,13001,39.9289,116.388,-1898541,20191030071500,Disapprove,Verbal conflict
883201789,20191030,201910,CHN,CHINESE,CHN,,,,,,,,USA,NEW YORK,USA,,,,,,,,1,010,010,01,1,0.0,8,1,8,4.5643153526971,4,"Beijing, Beijing, China",CH,CH22,13001,39.9289,116.388,-1898541,2,"New York, United States",US,USNY,,42.1497,-74.9384,NY,4,"Beijing, Beijing, China",CH,CH22,13001,39.9289,116.388,-1898541,20191030073000,Make public statement,Verbal cooperation
883201791,20191030,201910,CHN,CHINESE,CHN,,,,,,,,USA,NEW YORK,USA,,,,,,,,1,060,060,06,2,6.0,10,1,10,4.5643153526971,4,"London, London, City of, United Kingdom",UK,UKH9,40110,51.5,-0.116667,-2601889,4,"London, London, City of, United Kingdom",UK,UKH9,40110,51.5,-0.116667,-2601889,4,"London, London, City of, United Kingdom",UK,UKH9,40110,51.5,-0.116667,-2601889,20191030073000,Engage in material cooperation,Material cooperation
883204133,20191030,201910,CHNGOV,CHINESE,CHN,,,,,GOV,,,USA,UNITED STATES,USA,,,,,,,,1,051,051,05,1,3.4,6,1,6,-6.76056338028169,1,Hong Kong,HK,HK,,22.25,114.166667,HK,1,Hong Kong,HK,HK,,22.25,114.166667,HK,1,Hong Kong,HK,HK,,22.25,114.166667,HK,20191030074500,Engage in diplomatic cooperation,Verbal cooperation
883206549,20191030,201910,CHN,CHINA,CHN,,,,,,,,USA,THE US,USA,,,,,,,,1,020,020,02,1,3.0,10,1,10,-1.76565008025682,1,China,CH,CH,,35.0,105.0,CH,1,China,CH,CH,,35.0,105.0,CH,5,"Auckland, Auckland, New Zealand",NZ,NZE7,22379,-36.75,174.583,11483124,20191030080000,Appeal,Verbal cooperation
883206550,20191030,201910,CHN,CHINA,CHN,,,,,,,,USA,UNITED STATES,USA,,,,,,,,1,042,042,04,1,1.9,6,1,6,-3.87858347386172,1,China,CH,CH,,35.0,105.0,CH,1,China,CH,CH,,35.0,105.0,CH,1,China,CH,CH,,35.0,105.0,CH,20191030080000,Consult,Verbal cooperation
883206551,20191030,201910,CHN,CHINA,CHN,,,,,,,,USA,AMERICAN,USA,,,,,,,,1,042,042,04,1,1.9,10,1,10,-3.87858347386172,1,China,CH,CH,,35.0,105.0,CH,1,United States,US,US,,39.828175,-98.5795,US,1,United States,US,US,,39.828175,-98.5795,US,20191030080000,Consult,Verbal cooperation
883206553,20191030,201910,CHN,BEIJING,CHN,,,,,,,,USA,NEW YORK,USA,,,,,,,,1,173,173,17,4,-5.0,10,1,10,3.94088669950739,4,"Beijing, Beijing, China",CH,CH22,13001,39.9289,116.388,-1898541,4,"Beijing, Beijing, China",CH,CH22,13001,39.9289,116.388,-1898541,4,"Beijing, Beijing, China",CH,CH22,13001,39.9289,116.388,-1898541,20191030080000,Coerce,Material conflict
883207544,20191030,201910,USA,THE US,USA,,,,,,,,CHN,CHINA,CHN,,,,,,,,1,020,020,02,1,3.0,10,1,10,-1.76565008025682,1,China,CH,CH,,35.0,105.0,CH,1,China,CH,CH,,35.0,105.0,CH,5,"Auckland, Auckland, New Zealand",NZ,NZE7,22379,-36.75,174.583,11483124,20191030080000,Appeal,Verbal cooperation
883207547,20191030,201910,USA,AMERICAN,USA,,,,,,,,CHN,CHINA,CHN,,,,,,,,1,043,043,04,1,2.8,6,1,6,-3.87858347386172,1,United States,US,US,,39.828175,-98.5795,US,1,China,CH,CH,,35.0,105.0,CH,1,United States,US,US,,39.828175,-98.5795,US,20191030080000,Consult,Verbal cooperation
883208844,20191030,201910,CHN,CHINA,CHN,,,,,,,,USA,LAND OF OPPORTUNITY,USA,,,,,,,,1,013,013,01,1,0.4,7,1,7,4.0,2,"Alaska, United States",US,USAK,,61.385,-152.268,AK,2,"Alaska, United States",US,USAK,,61.385,-152.268,AK,2,"Alaska, United States",US,USAK,,61.385,-152.268,AK,20191030081500,Make public statement,Verbal cooperation
883208847,20191030,201910,CHNGOV,CHINESE,CHN,,,,,GOV,,,USA,FIRST STATE,USA,,,,,,,,1,042,042,04,1,1.9,6,1,6,1.48514851485148,4,"Beijing, Beijing, China",CH,CH22,13001,39.9289,116.388,-1898541,4,"Beijing, Beijing, China",CH,CH22,13001,39.9289,116.388,-1898541,4,"Beijing, Beijing, China",CH,CH22,13001,39.9289,116.388,-1898541,20191030081500,Consult,Verbal cooperation
883209499,20191030,201910,MNCUSAGOV,MATTEL,USA,,,,,MNC,GOV,,CHN,CHINA,CHN,,,,,,,,1,061,061,06,2,6.4,10,1,10,-5.14705882352941,1,China,CH,CH,,35.0,105.0,CH,1,China,CH,CH,,35.0,105.0,CH,1,China,CH,CH,,35.0,105.0,CH,20191030081500,Engage in material cooperation,Material cooperation
883209786,20191030,201910,USA,FIRST STATE,USA,,,,,,,,CHNGOV,CHINESE,CHN,,,,,GOV,,,1,043,043,04,1,2.8,6,1,6,1.48514851485148,4,"Beijing, Beijing, China",CH,CH22,13001,39.9289,116.388,-1898541,4,"Beijing, Beijing, China",CH,CH22,13001,39.9289,116.388,-1898541,4,"Beijing, Beijing, China",CH,CH22,13001,39.9289,116.388,-1898541,20191030081500,Consult,Verbal cooperation
883212444,20191030,201910,USAMED,WALL STREET JOURNAL,USA,,,,,MED,,,CHN,CHINA,CHN,,,,,,,,1,010,010,01,1,0.0,6,1,6,1.54639175257732,4,"Bengaluru, Karnataka, India",IN,IN19,70159,12.9833,77.5833,-2090174,4,"Bengaluru, Karnataka, India",IN,IN19,70159,12.9833,77.5833,-2090174,4,"Bengaluru, Karnataka, India",IN,IN19,70159,12.9833,77.5833,-2090174,20191030083000,Make public statement,Verbal cooperation
883213393,20181030,201810,USA,THE US,USA,,,,,,,,CHN,CHINA,CHN,,,,,,,,1,014,014,01,1,0.0,8,2,8,-3.29375246353962,1,"Vietnam, Republic Of",VM,VM,,16.166667,107.833333,VM,1,"Vietnam, Republic Of",VM,VM,,16.166667,107.833333,VM,1,"Vietnam, Republic Of",VM,VM,,16.166667,107.833333,VM,20191030084500,Make public statement,Verbal cooperation
883218183,20190930,201909,CHNGOV,CHINA,CHN,,,,,GOV,,,USA,UNITED STATES,USA,,,,,,,,1,061,061,06,2,6.4,10,1,10,-3.77358490566038,1,China,CH,CH,,35.0,105.0,CH,1,China,CH,CH,,35.0,105.0,CH,1,China,CH,CH,,35.0,105.0,CH,20191030091500,Engage in material cooperation,Material cooperation
883220568,20181030,201810,CHN,BEIJING,CHN,,,,,,,,USA,CALIFORNIA,USA,,,,,,,,1,051,051,05,1,3.4,8,1,8,1.69491525423729,4,"Beijing, Beijing, China",CH,CH22,13001,39.9289,116.388,-1898541,4,"Beijing, Beijing, China",CH,CH22,13001,39.9289,116.388,-1898541,4,"Beijing, Beijing, China",CH,CH22,13001,39.9289,116.388,-1898541,20191030093000,Engage in diplomatic cooperation,Verbal cooperation
883226470,20191030,201910,CHN,CHINA,CHN,,,,,,,,USA,THE US,USA,,,,,,,,1,080,080,08,2,5.0,8,1,8,-2.05580029368575,3,"Washington, District of Columbia, United States",US,USDC,DC001,38.8951,-77.0364,531871,3,"Washington, District of Columbia, United States",US,USDC,DC001,38.8951,-77.0364,531871,3,"Washington, District of Columbia, United States",US,USDC,DC001,38.8951,-77.0364,531871,20191030100000,Yield,Material cooperation
883234376,20191030,201910,CHNGOV,CHINESE,CHN,,,,,GOV,,,USA,UNITED STATES,USA,,,,,,,,1,010,010,01,1,0.0,6,1,6,0.76335877862595,1,China,CH,CH,,35.0,105.0,CH,1,China,CH,CH,,35.0,105.0,CH,1,China,CH,CH,,35.0,105.0,CH,20191030104500,Make public statement,Verbal cooperation
883243676,20191030,201910,MNCUSA,DISNEY,USA,,,,,MNC,,,CHN,CHINA,CHN,,,,,,,,1,084,084,08,2,7.0,10,1,10,4.16666666666667,4,"Beijing, Beijing, China",CH,CH22,13001,39.9289,116.388,-1898541,4,"Beijing, Beijing, China",CH,CH22,13001,39.9289,116.388,-1898541,4,"Beijing, Beijing, China",CH,CH22,13001,39.9289,116.388,-1898541,20191030113000,Yield,Material cooperation
883243677,20191030,201910,MNCUSA,BORGWARNER,USA,,,,,MNC,,,CHN,CHINESE,CHN,,,,,,,,1,111,111,11,3,-2.0,7,1,7,3.49650349650349,1,China,CH,CH,,35.0,105.0,CH,1,China,CH,CH,,35.0,105.0,CH,1,China,CH,CH,,35.0,105.0,CH,20191030113000,Disapprove,Verbal conflict
883244118,20191030,201910,USA,LAWRENCE,USA,,,,,,,,CHN,CANTON,CHN,,,,,,,,1,040,040,04,1,1.0,10,1,10,0.0,1,China,CH,CH,,35.0,105.0,CH,1,China,CH,CH,,35.0,105.0,CH,1,China,CH,CH,,35.0,105.0,CH,20191030113000,Consult,Verbal cooperation
883245835,20191030,201910,CHN,CHINA,CHN,,,,,,,,USA,AMERICAN,USA,,,,,,,,1,010,010,01,1,0.0,10,1,10,4.4776119402985,1,China,CH,CH,,35.0,105.0,CH,1,United States,US,US,,39.828175,-98.5795,US,1,United States,US,US,,39.828175,-98.5795,US,20191030114500,Make public statement,Verbal cooperation
883245838,20191030,201910,CHN,CHINESE,CHN,,,,,,,,USAMED,REUTERS,USA,,,,,MED,,,1,036,036,03,1,4.0,7,1,7,-0.89399744572158,4,"Xinjiang, Jiangxi, China",CH,CH03,13167,27.7481,116.274,11065838,4,"Xinjiang, Jiangxi, China",CH,CH03,13167,27.7481,116.274,11065838,4,"Xinjiang, Jiangxi, China",CH,CH03,13167,27.7481,116.274,11065838,20191030114500,Express intent to cooperate,Verbal cooperation
883247376,20191030,201910,USAMED,REUTERS,USA,,,,,MED,,,CHN,CHINESE,CHN,,,,,,,,1,036,036,03,1,4.0,6,1,6,-0.89399744572158,4,"Shanghai, Shanghai, China",CH,CH23,13243,31.2222,121.458,-1924465,4,"Beijing, Beijing, China",CH,CH22,13001,39.9289,116.388,-1898541,4,"Shanghai, Shanghai, China",CH,CH23,13243,31.2222,121.458,-1924465,20191030114500,Express intent to cooperate,Verbal cooperation
883250161,20191030,201910,CHN,NINGBO,CHN,,,,,,,,USA,UNITED STATES,USA,,,,,,,,1,031,031,03,1,5.2,8,1,8,4.95049504950496,4,"Ningbo, Zhejiang, China",CH,CH02,13327,29.8782,121.549,-1920233,1,United States,US,US,,39.828175,-98.5795,US,4,"Ningbo, Zhejiang, China",CH,CH02,13327,29.8782,121.549,-1920233,20191030120000,Express intent to cooperate,Verbal cooperation
883257918,20191030,201910,CHNGOV,CHINA,CHN,,,,,GOV,,,USA,UNITED STATES,USA,,,,,,,,1,010,010,01,1,0.0,6,1,6,1.77514792899409,1,China,CH,CH,,35.0,105.0,CH,2,"Nevada, United States",US,USNV,,38.4199,-117.122,NV,1,China,CH,CH,,35.0,105.0,CH,20191030124500,Make public statement,Verbal cooperation
883262008,20191030,201910,USA,THE US,USA,,,,,,,,CHN,CHINA,CHN,,,,,,,,1,061,061,06,2,6.4,10,1,10,-1.13207547169811,1,China,CH,CH,,35.0,105.0,CH,1,China,CH,CH,,35.0,105.0,CH,1,China,CH,CH,,35.0,105.0,CH,20191030130000,Engage in material cooperation,Material cooperation
883283666,20191030,201910,CHN,CHINESE,CHN,,,,,,,,USA,UNITED STATES,USA,,,,,,,,1,026,026,02,1,4.0,8,1,8,0.99875156054932,1,China,CH,CH,,35.0,105.0,CH,3,"Washington, District of Columbia, United States",US,USDC,DC001,38.8951,-77.0364,531871,4,"Moscow, Moskva, Russia",RS,RS48,25106,55.7522,37.6156,-2960561,20191030144500,Appeal,Verbal cooperation
883285316,20191030,201910,USA,PHILADELPHIA,USA,,,,,,,,CHN,CHINA,CHN,,,,,,,,1,036,036,03,1,4.0,10,1,10,1.5625,1,China,CH,CH,,35.0,105.0,CH,1,China,CH,CH,,35.0,105.0,CH,1,China,CH,CH,,35.0,105.0,CH,20191030144500,Express intent to cooperate,Verbal cooperation
883287211,20191030,201910,CHNGOV,CHINESE,CHN,,,,,GOV,,,USA,UNITED STATES,USA,,,,,,,,1,110,110,11,3,-2.0,6,1,6,-2.72727272727273,4,"Beijing, Beijing, China",CH,CH22,13001,39.9289,116.388,-1898541,4,"Beijing, Beijing, China",CH,CH22,13001,39.9289,116.388,-1898541,4,"Beijing, Beijing, China",CH,CH22,13001,39.9289,116.388,-1898541,20191030150000,Disapprove,Verbal conflict
883288792,20191030,201910,USAGOV,THE US,USA,,,,,GOV,,,CHN,CHINA,CHN,,,,,,,,1,020,020,02,1,3.0,10,1,10,0.0,2,"Texas, United States",US,USTX,,31.106,-97.6475,TX,2,"Texas, United States",US,USTX,,31.106,-97.6475,TX,2,"Texas, United States",US,USTX,,31.106,-97.6475,TX,20191030150000,Appeal,Verbal cooperation
883290504,20191030,201910,CHN,CHINA,CHN,,,,,,,,USA,UNITED STATES,USA,,,,,,,,1,160,160,16,4,-4.0,10,1,10,0.0,4,"Xiaomi, Fujian, China",CH,CH07,13163,25.2225,116.057,10999868,4,"Xiaomi, Fujian, China",CH,CH07,13163,25.2225,116.057,10999868,4,"Xiaomi, Fujian, China",CH,CH07,13163,25.2225,116.057,10999868,20191030151500,Reduce relations,Material conflict
883299201,20191030,201910,CHNEDU,CHINESE,CHN,,,,,EDU,,,USAELI,WILLY LAM,USA,,,,,ELI,,,1,013,013,01,1,0.4,6,1,6,6.03448275862069,4,"University Of Hong Kong, Hong Kong (general), Hong Kong",HK,HK00,13031,22.2833,114.133,-1353150,4,"University Of Hong Kong, Hong Kong (general), Hong Kong",HK,HK00,13031,22.2833,114.133,-1353150,4,"University Of Hong Kong, Hong Kong (general), Hong Kong",HK,HK00,13031,22.2833,114.133,-1353150,20191030160000,Make public statement,Verbal cooperation
883303408,20191030,201910,CHN,CHINESE,CHN,,,,,,,,USA,AMERICAN,USA,,,,,,,,1,111,111,11,3,-2.0,20,1,10,-6.25,1,China,CH,CH,,35.0,105.0,CH,1,United States,US,US,,39.828175,-98.5795,US,1,United States,US,US,,39.828175,-98.5795,US,20191030161500,Disapprove,Verbal conflict
883307080,20191030,201910,USA,NEW JERSEY,USA,,,,,,,,CHN,CHINA,CHN,,,,,,,,1,061,061,06,2,6.4,8,1,8,-2.09205020920502,2,"New Jersey, United States",US,USNJ,,40.314,-74.5089,NJ,1,China,CH,CH,,35.0,105.0,CH,1,China,CH,CH,,35.0,105.0,CH,20191030163000,Engage in material cooperation,Material cooperation
883310013,20191030,201910,CHN,CHINESE,CHN,,,,,,,,USA,DETROIT,USA,,,,,,,,1,036,036,03,1,4.0,8,1,8,-0.17301038062284,1,China,CH,CH,,35.0,105.0,CH,1,China,CH,CH,,35.0,105.0,CH,1,China,CH,CH,,35.0,105.0,CH,20191030164500,Express intent to cooperate,Verbal cooperation
883311364,20191030,201910,USA,JACKSONVILLE,USA,,,,,,,,CHNGOV,CHINESE,CHN,,,,,GOV,,,1,010,010,01,1,0.0,6,1,6,-8.46774193548387,1,China,CH,CH,,35.0,105.0,CH,1,China,CH,CH,,35.0,105.0,CH,1,China,CH,CH,,35.0,105.0,CH,20191030164500,Make public statement,Verbal cooperation
883313035,20191030,201910,CHN,CHINA,CHN,,,,,,,,USA,UNITED STATES,USA,,,,,,,,1,057,057,05,1,8.0,6,3,6,-2.93966101164024,4,"Santiago, Regióetropolitana, Chile",CI,CI12,22379,-33.45,-70.6667,-901202,3,"White House, District of Columbia, United States",US,USDC,,38.8951,-77.0364,531871,4,"Santiago, Regióetropolitana, Chile",CI,CI12,22379,-33.45,-70.6667,-901202,20191030170000,Engage in diplomatic cooperation,Verbal cooperation
883313036,20191030,201910,CHN,CHINA,CHN,,,,,,,,USA,UNITED STATES,USA,,,,,,,,1,057,057,05,1,8.0,6,3,6,-2.93966101164024,1,China,CH,CH,,35.0,105.0,CH,3,"White House, District of Columbia, United States",US,USDC,,38.8951,-77.0364,531871,1,China,CH,CH,,35.0,105.0,CH,20191030170000,Engage in diplomatic cooperation,Verbal cooperation
883314268,20191030,201910,USA,UNITED STATES,USA,,,,,,,,CHN,CHINA,CHN,,,,,,,,1,036,036,03,1,4.0,6,3,6,-2.93966101164024,4,"Santiago, Regióetropolitana, Chile",CI,CI12,22379,-33.45,-70.6667,-901202,1,China,CH,CH,,35.0,105.0,CH,1,China,CH,CH,,35.0,105.0,CH,20191030170000,Express intent to cooperate,Verbal cooperation
883314270,20191030,201910,USA,UNITED STATES,USA,,,,,,,,CHN,CHINA,CHN,,,,,,,,1,036,036,03,1,4.0,6,3,6,-2.93966101164024,3,"White House, District of Columbia, United States",US,USDC,,38.8951,-77.0364,531871,4,"Santiago, Regióetropolitana, Chile",CI,CI12,22379,-33.45,-70.6667,-901202,4,"Santiago, Regióetropolitana, Chile",CI,CI12,22379,-33.45,-70.6667,-901202,20191030170000,Express intent to cooperate,Verbal cooperation
883314271,20191030,201910,USA,UNITED STATES,USA,,,,,,,,CHN,CHINA,CHN,,,,,,,,1,036,036,03,1,4.0,6,3,6,-2.93966101164024,3,"White House, District of Columbia, United States",US,USDC,,38.8951,-77.0364,531871,1,China,CH,CH,,35.0,105.0,CH,4,"Santiago, Regióetropolitana, Chile",CI,CI12,22379,-33.45,-70.6667,-901202,20191030170000,Express intent to cooperate,Verbal cooperation
883314273,20191030,201910,USA,UNITED STATES,USA,,,,,,,,CHN,CHINA,CHN,,,,,,,,1,036,036,03,1,4.0,10,2,10,-2.93408168139479,3,"White House, District of Columbia, United States",US,USDC,,38.8951,-77.0364,531871,1,China,CH,CH,,35.0,105.0,CH,1,China,CH,CH,,35.0,105.0,CH,20191030170000,Express intent to cooperate,Verbal cooperation
883314277,20191030,201910,USA,UNITED STATES,USA,,,,,,,,CHN,CHINA,CHN,,,,,,,,1,057,057,05,1,8.0,6,3,6,-2.93966101164024,3,"White House, District of Columbia, United States",US,USDC,,38.8951,-77.0364,531871,4,"Santiago, Regióetropolitana, Chile",CI,CI12,22379,-33.45,-70.6667,-901202,4,"Santiago, Regióetropolitana, Chile",CI,CI12,22379,-33.45,-70.6667,-901202,20191030170000,Engage in diplomatic cooperation,Verbal cooperation
883314278,20191030,201910,USA,UNITED STATES,USA,,,,,,,,CHN,CHINA,CHN,,,,,,,,1,057,057,05,1,8.0,6,3,6,-2.93966101164024,3,"White House, District of Columbia, United States",US,USDC,,38.8951,-77.0364,531871,1,China,CH,CH,,35.0,105.0,CH,1,China,CH,CH,,35.0,105.0,CH,20191030170000,Engage in diplomatic cooperation,Verbal cooperation
883315832,20191030,201910,CHN,SHENZHEN,CHN,,,,,,,,MNCUSAMED,GOOGLE,USA,,,,,MNC,MED,,1,051,051,05,1,3.4,8,1,8,-2.00471698113207,3,"Washington, District of Columbia, United States",US,USDC,DC001,38.8951,-77.0364,531871,3,"Washington, District of Columbia, United States",US,USDC,DC001,38.8951,-77.0364,531871,3,"Washington, District of Columbia, United States",US,USDC,DC001,38.8951,-77.0364,531871,20191030171500,Engage in diplomatic cooperation,Verbal cooperation
883317324,20191030,201910,USA,UNITED STATES,USA,,,,,,,,CHN,CHINA,CHN,,,,,,,,1,036,036,03,1,4.0,6,1,6,-1.45348837209302,4,"Santiago, Regióetropolitana, Chile",CI,CI12,22379,-33.45,-70.6667,-901202,4,"Santiago, Regióetropolitana, Chile",CI,CI12,22379,-33.45,-70.6667,-901202,4,"Santiago, Regióetropolitana, Chile",CI,CI12,22379,-33.45,-70.6667,-901202,20191030171500,Express intent to cooperate,Verbal cooperation
883323162,20191030,201910,USA,AMERICAN,USA,,,,,,,,CHN,CHINA,CHN,,,,,,,,1,042,042,04,1,1.9,10,1,10,-0.2568493150685,4,"Dubbo, New South Wales, Australia",AS,AS02,5096,-32.243,148.605,-1570695,4,"Dubbo, New South Wales, Australia",AS,AS02,5096,-32.243,148.605,-1570695,4,"Dubbo, New South Wales, Australia",AS,AS02,5096,-32.243,148.605,-1570695,20191030174500,Consult,Verbal cooperation
883336465,20191030,201910,USA,THE US,USA,,,,,,,,CHN,CHINA,CHN,,,,,,,,1,070,070,07,2,7.0,10,1,10,-3.63636363636363,1,China,CH,CH,,35.0,105.0,CH,1,China,CH,CH,,35.0,105.0,CH,1,China,CH,CH,,35.0,105.0,CH,20191030190000,Provide aid,Material cooperation
883350426,20191030,201910,USA,UNITED STATES,USA,,,,,,,,CHN,CHINESE,CHN,,,,,,,,1,012,012,01,1,-0.4,7,1,7,0.0,4,"Jerusalem, Israel (general), Israel",IS,IS00,18315,31.7667,35.2333,-797092,1,China,CH,CH,,35.0,105.0,CH,4,"Jerusalem, Israel (general), Israel",IS,IS00,18315,31.7667,35.2333,-797092,20191030201500,Make public statement,Verbal cooperation
883357026,20191030,201910,CHN,CHINESE,CHN,,,,,,,,USA,NEW YORK,USA,,,,,,,,1,042,042,04,1,1.9,10,1,10,-5.16431924882629,4,"Mianzhu, China (general), China",CH,CH00,13274,29.6231,103.694,10407939,4,"Mianzhu, China (general), China",CH,CH00,13274,29.6231,103.694,10407939,4,"Mianzhu, China (general), China",CH,CH00,13274,29.6231,103.694,10407939,20191030210000,Consult,Verbal cooperation
883358173,20191030,201910,USA,NEW YORK,USA,,,,,,,,CHN,CHINESE,CHN,,,,,,,,1,043,043,04,1,2.8,6,1,6,-5.16431924882629,2,"New York, United States",US,USNY,,42.1497,-74.9384,NY,4,"Lin Feng, Sichuan, China",CH,CH32,13003,30.0078,105.574,10341020,1,Hong Kong,HK,HK,,22.25,114.166667,HK,20191030210000,Consult,Verbal cooperation
883360754,20191030,201910,USA,MINNESOTA,USA,,,,,,,,CHN,CHINA,CHN,,,,,,,,1,012,012,01,1,-0.4,7,1,7,-6.74846625766872,2,"Minnesota, United States",US,USMN,,45.7326,-93.9196,MN,1,China,CH,CH,,35.0,105.0,CH,2,"Minnesota, United States",US,USMN,,45.7326,-93.9196,MN,20191030211500,Make public statement,Verbal cooperation
883363207,20191030,201910,USA,THE US,USA,,,,,,,,CHN,CHINA,CHN,,,,,,,,1,030,030,03,1,4.0,8,1,8,-4.55104551045511,4,"Cerro Castillo, Aisédel General Carlos Ibáz del Campo, Chile",CI,CI02,22391,-46.05,-72.1333,-875768,1,China,CH,CH,,35.0,105.0,CH,4,"Cerro Castillo, Aisédel General Carlos Ibáz del Campo, Chile",CI,CI02,22391,-46.05,-72.1333,-875768,20191030213000,Express intent to cooperate,Verbal cooperation
883378430,20191030,201910,CHN,CHINA,CHN,,,,,,,,USA,UNITED STATES,USA,,,,,,,,1,043,043,04,1,2.8,8,1,8,-1.44144144144144,1,China,CH,CH,,35.0,105.0,CH,1,United States,US,US,,39.828175,-98.5795,US,1,China,CH,CH,,35.0,105.0,CH,20191030231500,Consult,Verbal cooperation
883378431,20191030,201910,CHN,CHINA,CHN,,,,,,,,USA,THE US,USA,,,,,,,,1,192,192,19,4,-9.5,8,1,8,-1.44144144144144,1,China,CH,CH,,35.0,105.0,CH,1,China,CH,CH,,35.0,105.0,CH,1,United States,US,US,,39.828175,-98.5795,US,20191030231500,Fight,Material conflict
883379386,20191030,201910,USA,UNITED STATES,USA,,,,,,,,CHN,CHINA,CHN,,,,,,,,1,042,042,04,1,1.9,8,1,8,-1.44144144144144,1,United States,US,US,,39.828175,-98.5795,US,1,China,CH,CH,,35.0,105.0,CH,1,China,CH,CH,,35.0,105.0,CH,20191030231500,Consult,Verbal cooperation
883379587,20191030,201910,USABUS,AMERICAN,USA,,,,,BUS,,,CHNBUS,CHINESE,CHN,,,,,BUS,,,1,114,114,11,3,-2.0,6,1,6,1.24069478908189,3,"Los Alamos, New Mexico, United States",US,USNM,NM028,35.8881,-106.307,901357,3,"Los Alamos, New Mexico, United States",US,USNM,,35.8881,-106.307,901357,3,"Los Alamos, New Mexico, United States",US,USNM,,35.8881,-106.307,901357,20191030231500,Disapprove,Verbal conflict
883385309,20191031,201910,CHN,CHINA,CHN,,,,,,,,USA,UNITED STATES,USA,,,,,,,,1,050,050,05,1,3.5,10,1,10,-2.62008733624454,1,United States,US,US,,39.828175,-98.5795,US,1,United States,US,US,,39.828175,-98.5795,US,1,United States,US,US,,39.828175,-98.5795,US,20191031000000,Engage in diplomatic cooperation,Verbal cooperation
883385311,20191031,201910,CHN,BEIJING,CHN,,,,,,,,USA,UNITED STATES,USA,,,,,,,,1,190,190,19,4,-10.0,8,1,8,-2.56723716381418,4,"Beijing, Beijing, China",CH,CH22,13001,39.9289,116.388,-1898541,3,"Washington, District of Columbia, United States",US,USDC,DC001,38.8951,-77.0364,531871,4,"Beijing, Beijing, China",CH,CH22,13001,39.9289,116.388,-1898541,20191031000000,Fight,Material conflict
883387737,20191031,201910,USA,UNITED STATES,USA,,,,,,,,CHN,CHINA,CHN,,,,,,,,1,050,050,05,1,3.5,10,1,10,-2.62008733624454,1,United States,US,US,,39.828175,-98.5795,US,1,China,CH,CH,,35.0,105.0,CH,1,China,CH,CH,,35.0,105.0,CH,20191031000000,Engage in diplomatic cooperation,Verbal cooperation
883387739,20191031,201910,USA,UNITED STATES,USA,,,,,,,,CHN,BEIJING,CHN,,,,,,,,1,190,190,19,4,-10.0,8,1,8,-2.56723716381418,3,"Washington, District of Columbia, United States",US,USDC,DC001,38.8951,-77.0364,531871,4,"Beijing, Beijing, China",CH,CH22,13001,39.9289,116.388,-1898541,4,"Beijing, Beijing, China",CH,CH22,13001,39.9289,116.388,-1898541,20191031000000,Fight,Material conflict
883393161,20191031,201910,CHN,CHINA,CHN,,,,,,,,USA,UNITED STATES,USA,,,,,,,,1,030,030,03,1,4.0,18,3,18,-2.43642050863593,1,China,CH,CH,,35.0,105.0,CH,3,"Washington, District of Columbia, United States",US,USDC,DC001,38.8951,-77.0364,531871,4,"Tehran, Tehran, Iran",IR,IR26,41130,35.75,51.5148,10074674,20191031003000,Express intent to cooperate,Verbal cooperation
883393162,20191031,201910,CHN,CHINA,CHN,,,,,,,,USA,UNITED STATES,USA,,,,,,,,1,030,030,03,1,4.0,6,3,6,-2.43642050863593,1,United Kingdom,UK,UK,,54.0,-4.0,UK,1,France,FR,FR,,46.0,2.0,FR,3,"Washington, District of Columbia, United States",US,USDC,DC001,38.8951,-77.0364,531871,20191031003000,Express intent to cooperate,Verbal cooperation
883393163,20191031,201910,CHN,CHINA,CHN,,,,,,,,USA,UNITED STATES,USA,,,,,,,,1,030,030,03,1,4.0,6,3,6,-2.43642050863593,1,United Kingdom,UK,UK,,54.0,-4.0,UK,1,Russia,RS,RS,,60.0,100.0,RS,4,"Tehran, Tehran, Iran",IR,IR26,41130,35.75,51.5148,10074674,20191031003000,Express intent to cooperate,Verbal cooperation
883395222,20191031,201910,USA,UNITED STATES,USA,,,,,,,,CHN,CHINA,CHN,,,,,,,,1,030,030,03,1,4.0,18,3,18,-2.43642050863593,3,"Washington, District of Columbia, United States",US,USDC,DC001,38.8951,-77.0364,531871,1,China,CH,CH,,35.0,105.0,CH,4,"Tehran, Tehran, Iran",IR,IR26,41130,35.75,51.5148,10074674,20191031003000,Express intent to cooperate,Verbal cooperation
883395223,20191031,201910,USA,UNITED STATES,USA,,,,,,,,CHN,CHINA,CHN,,,,,,,,1,030,030,03,1,4.0,6,3,6,-2.43642050863593,1,France,FR,FR,,46.0,2.0,FR,1,United Kingdom,UK,UK,,54.0,-4.0,UK,3,"Washington, District of Columbia, United States",US,USDC,DC001,38.8951,-77.0364,531871,20191031003000,Express intent to cooperate,Verbal cooperation
883395224,20191031,201910,USA,UNITED STATES,USA,,,,,,,,CHN,CHINA,CHN,,,,,,,,1,030,030,03,1,4.0,6,3,6,-2.43642050863593,1,Russia,RS,RS,,60.0,100.0,RS,1,United Kingdom,UK,UK,,54.0,-4.0,UK,4,"Tehran, Tehran, Iran",IR,IR26,41130,35.75,51.5148,10074674,20191031003000,Express intent to cooperate,Verbal cooperation
883395589,20191031,201910,USAMED,REUTERS,USA,,,,,MED,,,CHN,CHINA,CHN,,,,,,,,1,051,051,05,1,3.4,6,1,6,0.25252525252525,2,"California, United States",US,USCA,,36.17,-119.746,CA,2,"California, United States",US,USCA,,36.17,-119.746,CA,2,"California, United States",US,USCA,,36.17,-119.746,CA,20191031003000,Engage in diplomatic cooperation,Verbal cooperation
883398939,20191031,201910,USA,THE US,USA,,,,,,,,CHN,CHINA,CHN,,,,,,,,1,020,020,02,1,3.0,10,1,10,-1.60427807486631,1,Japan,JA,JA,,36.0,138.0,JA,4,"Xinjiang, Jiangxi, China",CH,CH03,13167,27.7481,116.274,11065838,4,"Xinjiang, Jiangxi, China",CH,CH03,13167,27.7481,116.274,11065838,20191031004500,Appeal,Verbal cooperation
883400565,20191031,201910,CHN,CHINA,CHN,,,,,,,,USA,AMERICAN,USA,,,,,,,,1,172,172,17,4,-5.0,10,1,10,-1.953125,1,China,CH,CH,,35.0,105.0,CH,3,"Eastman School Of Music, New York, United States",US,USNY,,43.1581,-77.6003,949302,1,China,CH,CH,,35.0,105.0,CH,20191031010000,Coerce,Material conflict
883402259,20191031,201910,USA,AMERICAN,USA,,,,,,,,CHN,CHINA,CHN,,,,,,,,1,081,081,08,2,5.0,10,1,10,-1.953125,3,"Eastman School Of Music, New York, United States",US,USNY,NY055,43.1581,-77.6003,949302,1,China,CH,CH,,35.0,105.0,CH,3,"Eastman School Of Music, New York, United States",US,USNY,,43.1581,-77.6003,949302,20191031010000,Yield,Material cooperation
883402260,20191031,201910,USA,NEW YORK,USA,,,,,,,,CHN,CHINA,CHN,,,,,,,,1,100,100,10,3,-5.0,10,1,10,-3.93258426966292,4,"Beijing, Beijing, China",CH,CH22,13001,39.9289,116.388,-1898541,4,"Beijing, Beijing, China",CH,CH22,13001,39.9289,116.388,-1898541,4,"Beijing, Beijing, China",CH,CH22,13001,39.9289,116.388,-1898541,20191031010000,Demand,Verbal conflict
883403773,20191031,201910,CHN,CHINESE,CHN,,,,,,,,USA,UNITED STATES,USA,,,,,,,,1,061,061,06,2,6.4,8,1,8,-1.86721991701245,4,"Beijing, Beijing, China",CH,CH22,13001,39.9289,116.388,-1898541,1,United States,US,US,,39.828175,-98.5795,US,1,United States,US,US,,39.828175,-98.5795,US,20191031011500,Engage in material cooperation,Material cooperation
883403775,20191031,201910,CHN,CHINA,CHN,,,,,,,,USA,UNITED STATES,USA,,,,,,,,1,061,061,06,2,6.4,10,1,10,1.08695652173913,1,China,CH,CH,,35.0,105.0,CH,1,China,CH,CH,,35.0,105.0,CH,1,China,CH,CH,,35.0,105.0,CH,20191031011500,Engage in material cooperation,Material cooperation
883406563,20191031,201910,CHN,CHINESE,CHN,,,,,,,,USA,AMERICAN,USA,,,,,,,,1,111,111,11,3,-2.0,10,1,10,6.0,1,China,CH,CH,,35.0,105.0,CH,1,United States,US,US,,39.828175,-98.5795,US,1,United States,US,US,,39.828175,-98.5795,US,20191031013000,Disapprove,Verbal conflict
883412431,20191031,201910,USA,CHICAGO,USA,,,,,,,,CHNOPP,TIBET,CHN,,,,,OPP,,,1,051,051,05,1,3.4,10,1,10,-2.75229357798165,3,"Chicago, Illinois, United States",US,USIL,IL031,41.85,-87.6501,423587,3,"Chicago, Illinois, United States",US,USIL,IL031,41.85,-87.6501,423587,3,"Chicago, Illinois, United States",US,USIL,IL031,41.85,-87.6501,423587,20191031020000,Engage in diplomatic cooperation,Verbal cooperation
883412432,20191031,201910,USA,CHICAGO,USA,,,,,,,,CHNOPP,TIBET,CHN,,,,,OPP,,,1,141,141,14,3,-6.5,10,1,10,-2.75229357798165,3,"Chicago, Illinois, United States",US,USIL,IL031,41.85,-87.6501,423587,3,"Chicago, Illinois, United States",US,USIL,IL031,41.85,-87.6501,423587,3,"Chicago, Illinois, United States",US,USIL,IL031,41.85,-87.6501,423587,20191031020000,Protest,Verbal conflict
883428050,20191031,201910,USAGOV,US OFFICIAL,USA,,,,,GOV,,,CHN,CHINA,CHN,,,,,,,,1,111,111,11,3,-2.0,20,1,10,-6.27306273062731,4,"Beijing, Beijing, China",CH,CH22,13001,39.9289,116.388,-1898541,4,"Beijing, Beijing, China",CH,CH22,13001,39.9289,116.388,-1898541,4,"Beijing, Beijing, China",CH,CH22,13001,39.9289,116.388,-1898541,20191031040000,Disapprove,Verbal conflict
883429298,20191031,201910,CHN,CHINA,CHN,,,,,,,,USA,UNITED STATES,USA,,,,,,,,1,030,030,03,1,4.0,6,1,6,-2.30607966457023,4,"Beijing, Beijing, China",CH,CH22,13001,39.9289,116.388,-1898541,3,"Washington, District of Columbia, United States",US,USDC,DC001,38.8951,-77.0364,531871,4,"Tehran, Tehran, Iran",IR,IR26,41130,35.75,51.5148,10074674,20191031041500,Express intent to cooperate,Verbal cooperation
883429989,20191031,201910,USA,UNITED STATES,USA,,,,,,,,CHN,CHINA,CHN,,,,,,,,1,030,030,03,1,4.0,6,1,6,-2.30607966457023,3,"Washington, District of Columbia, United States",US,USDC,DC001,38.8951,-77.0364,531871,4,"Beijing, Beijing, China",CH,CH22,13001,39.9289,116.388,-1898541,4,"Tehran, Tehran, Iran",IR,IR26,41130,35.75,51.5148,10074674,20191031041500,Express intent to cooperate,Verbal cooperation
883432219,20191031,201910,USA,TEXAS,USA,,,,,,,,CHN,CHINA,CHN,,,,,,,,1,060,060,06,2,6.0,8,1,8,-4.41176470588235,1,China,CH,CH,,35.0,105.0,CH,1,China,CH,CH,,35.0,105.0,CH,1,China,CH,CH,,35.0,105.0,CH,20191031043000,Engage in material cooperation,Material cooperation
883432707,20191031,201910,CHN,CHINESE,CHN,,,,,,,,USAMED,REUTERS,USA,,,,,MED,,,1,044,044,04,1,2.5,20,1,20,-1.09204368174727,4,"Beijing, Beijing, China",CH,CH22,13001,39.9289,116.388,-1898541,4,"Beijing, Beijing, China",CH,CH22,13001,39.9289,116.388,-1898541,4,"Beijing, Beijing, China",CH,CH22,13001,39.9289,116.388,-1898541,20191031044500,Consult,Verbal cooperation
883433684,20191031,201910,USAMED,REUTERS,USA,,,,,MED,,,CHN,CHINESE,CHN,,,,,,,,1,036,036,03,1,4.0,6,1,6,-0.57803468208092,4,"Beijing, Beijing, China",CH,CH22,13001,39.9289,116.388,-1898541,4,"Shanghai, Shanghai, China",CH,CH23,13243,31.2222,121.458,-1924465,4,"Shanghai, Shanghai, China",CH,CH23,13243,31.2222,121.458,-1924465,20191031044500,Express intent to cooperate,Verbal cooperation
883436119,20191031,201910,USAMED,REUTERS,USA,,,,,MED,,,CHN,BEIJING,CHN,,,,,,,,1,044,044,04,1,2.5,8,1,8,-1.22324159021406,4,"Beijing, Beijing, China",CH,CH22,13001,39.9289,116.388,-1898541,4,"Beijing, Beijing, China",CH,CH22,13001,39.9289,116.388,-1898541,4,"Beijing, Beijing, China",CH,CH22,13001,39.9289,116.388,-1898541,20191031050000,Consult,Verbal cooperation
883440739,20191031,201910,CHN,CHINA,CHN,,,,,,,,USA,THE US,USA,,,,,,,,1,010,010,01,1,0.0,10,1,10,-4.67032967032967,4,"Beijing, Beijing, China",CH,CH22,13001,39.9289,116.388,-1898541,1,India,IN,IN,,20.0,77.0,IN,4,"Beijing, Beijing, China",CH,CH22,13001,39.9289,116.388,-1898541,20191031054500,Make public statement,Verbal cooperation
883444866,20191031,201910,CHNBUS,CHINA,CHN,,,,,BUS,,,USAMED,REUTERS,USA,,,,,MED,,,1,013,013,01,1,0.4,15,1,15,-1.33111480865224,4,"Beijing, Beijing, China",CH,CH22,13001,39.9289,116.388,-1898541,4,"Beijing, Beijing, China",CH,CH22,13001,39.9289,116.388,-1898541,4,"Beijing, Beijing, China",CH,CH22,13001,39.9289,116.388,-1898541,20191031061500,Make public statement,Verbal cooperation
883444872,20191031,201910,CHNGOV,CHINA,CHN,,,,,GOV,,,USA,UNITED STATES,USA,,,,,,,,1,010,010,01,1,0.0,6,1,6,1.7725258493353,1,China,CH,CH,,35.0,105.0,CH,2,"Nevada, United States",US,USNV,,38.4199,-117.122,NV,1,China,CH,CH,,35.0,105.0,CH,20191031061500,Make public statement,Verbal cooperation
883451846,20191031,201910,CHN,CHINA,CHN,,,,,,,,USA,THE US,USA,,,,,,,,1,030,030,03,1,4.0,6,1,6,-3.01624129930395,4,"Beijing, Beijing, China",CH,CH22,13001,39.9289,116.388,-1898541,1,Russia,RS,RS,,60.0,100.0,RS,4,"Tehran, Tehran, Iran",IR,IR26,41130,35.75,51.5148,10074674,20191031070000,Express intent to cooperate,Verbal cooperation
883451851,20191031,201910,CHN,BEIJING,CHN,,,,,,,,USA,WASHINGTON,USA,,,,,,,,1,043,043,04,1,2.8,12,2,12,0.520889853499728,4,"Beijing, Beijing, China",CH,CH22,13001,39.9289,116.388,-1898541,3,"Washington, District of Columbia, United States",US,USDC,DC001,38.8951,-77.0364,531871,3,"Washington, District of Columbia, United States",US,USDC,DC001,38.8951,-77.0364,531871,20191031070000,Consult,Verbal cooperation
883451852,20191031,201910,CHN,BEIJING,CHN,,,,,,,,USA,WASHINGTON,USA,,,,,,,,1,057,057,05,1,8.0,20,2,20,0.520889853499728,4,"Beijing, Beijing, China",CH,CH22,13001,39.9289,116.388,-1898541,3,"Washington, District of Columbia, United States",US,USDC,DC001,38.8951,-77.0364,531871,3,"Washington, District of Columbia, United States",US,USDC,DC001,38.8951,-77.0364,531871,20191031070000,Engage in diplomatic cooperation,Verbal cooperation
883452738,20191031,201910,USA,THE US,USA,,,,,,,,CHN,CHINA,CHN,,,,,,,,1,030,030,03,1,4.0,6,1,6,-3.01624129930395,1,Russia,RS,RS,,60.0,100.0,RS,4,"Beijing, Beijing, China",CH,CH22,13001,39.9289,116.388,-1898541,4,"Tehran, Tehran, Iran",IR,IR26,41130,35.75,51.5148,10074674,20191031070000,Express intent to cooperate,Verbal cooperation
883452739,20191031,201910,USA,WASHINGTON,USA,,,,,,,,CHN,BEIJING,CHN,,,,,,,,1,042,042,04,1,1.9,12,2,12,0.520889853499728,4,"Beijing, Beijing, China",CH,CH22,13001,39.9289,116.388,-1898541,4,"Beijing, Beijing, China",CH,CH22,13001,39.9289,116.388,-1898541,4,"Beijing, Beijing, China",CH,CH22,13001,39.9289,116.388,-1898541,20191031070000,Consult,Verbal cooperation
883452741,20191031,201910,USA,UNITED STATES,USA,,,,,,,,CHN,CHINA,CHN,,,,,,,,1,057,057,05,1,8.0,8,2,8,0.520889853499728,4,"Beijing, Beijing, China",CH,CH22,13001,39.9289,116.388,-1898541,4,"Beijing, Beijing, China",CH,CH22,13001,39.9289,116.388,-1898541,4,"Beijing, Beijing, China",CH,CH22,13001,39.9289,116.388,-1898541,20191031070000,Engage in diplomatic cooperation,Verbal cooperation
883452742,20191031,201910,USA,WASHINGTON,USA,,,,,,,,CHN,BEIJING,CHN,,,,,,,,1,057,057,05,1,8.0,12,2,12,0.520889853499728,3,"Washington, District of Columbia, United States",US,USDC,DC001,38.8951,-77.0364,531871,4,"Beijing, Beijing, China",CH,CH22,13001,39.9289,116.388,-1898541,3,"Washington, District of Columbia, United States",US,USDC,DC001,38.8951,-77.0364,531871,20191031070000,Engage in diplomatic cooperation,Verbal cooperation
883461063,20191031,201910,CHN,CHINA,CHN,,,,,,,,USAGOV,AMERICAN,USA,,,,,GOV,,,1,112,112,11,3,-2.0,6,1,6,1.25,4,"Beijing, Beijing, China",CH,CH22,13001,39.9289,116.388,-1898541,4,"Beijing, Beijing, China",CH,CH22,13001,39.9289,116.388,-1898541,4,"Beijing, Beijing, China",CH,CH22,13001,39.9289,116.388,-1898541,20191031080000,Disapprove,Verbal conflict
883472411,20191031,201910,CHN,CHINA,CHN,,,,,,,,USA,UNITED STATES,USA,,,,,,,,1,036,036,03,1,4.0,10,1,10,4.177545691906,1,China,CH,CH,,35.0,105.0,CH,1,United States,US,US,,39.828175,-98.5795,US,1,China,CH,CH,,35.0,105.0,CH,20191031091500,Express intent to cooperate,Verbal cooperation
883473362,20191031,201910,USA,UNITED STATES,USA,,,,,,,,CHNMIL,CHINA,CHN,,,,,MIL,,,1,110,110,11,3,-2.0,8,1,8,1.95488721804511,1,United States,US,US,,39.828175,-98.5795,US,1,China,CH,CH,,35.0,105.0,CH,1,China,CH,CH,,35.0,105.0,CH,20191031091500,Disapprove,Verbal conflict
883473459,20191031,201910,USAGOV,THE US,USA,,,,,GOV,,,CHN,CHINA,CHN,,,,,,,,1,051,051,05,1,3.4,9,1,9,-4.40251572327044,4,"Beijing, Beijing, China",CH,CH22,13001,39.9289,116.388,-1898541,4,"Beijing, Beijing, China",CH,CH22,13001,39.9289,116.388,-1898541,4,"Beijing, Beijing, China",CH,CH22,13001,39.9289,116.388,-1898541,20191031091500,Engage in diplomatic cooperation,Verbal cooperation
883477247,20191031,201910,CHN,CHINESE,CHN,,,,,,,,USAMED,REUTERS,USA,,,,,MED,,,1,036,036,03,1,4.0,7,1,7,-1.35135135135135,4,"Beijing, Beijing, China",CH,CH22,13001,39.9289,116.388,-1898541,4,"Beijing, Beijing, China",CH,CH22,13001,39.9289,116.388,-1898541,4,"Beijing, Beijing, China",CH,CH22,13001,39.9289,116.388,-1898541,20191031094500,Express intent to cooperate,Verbal cooperation
883479746,20191031,201910,CHN,CHINESE,CHN,,,,,,,,USA,AMERICAN,USA,,,,,,,,1,111,111,11,3,-2.0,6,1,6,-0.65934065934066,1,United States,US,US,,39.828175,-98.5795,US,1,United States,US,US,,39.828175,-98.5795,US,1,United States,US,US,,39.828175,-98.5795,US,20191031100000,Disapprove,Verbal conflict
883497255,20191031,201910,CHN,CHINESE,CHN,,,,,,,,USAMED,REUTERS,USA,,,,,MED,,,1,010,010,01,1,0.0,7,1,7,-1.04166666666667,4,"Hong Kong Special Administrative Region, Hong Kong (general), Hong Kong",HK,HK00,13031,22.25,114.167,-1353148,4,"Hong Kong Special Administrative Region, Hong Kong (general), Hong Kong",HK,HK00,13031,22.25,114.167,-1353148,4,"Hong Kong Special Administrative Region, Hong Kong (general), Hong Kong",HK,HK00,13031,22.25,114.167,-1353148,20191031113000,Make public statement,Verbal cooperation
883497258,20191031,201910,CHNGOV,CHINA,CHN,,,,,GOV,,,USA,WASHINGTON,USA,,,,,,,,1,013,013,01,1,0.4,8,1,8,-0.574712643678159,4,"Beijing, Beijing, China",CH,CH22,13001,39.9289,116.388,-1898541,3,"Washington, District of Columbia, United States",US,USDC,DC001,38.8951,-77.0364,531871,4,"Beijing, Beijing, China",CH,CH22,13001,39.9289,116.388,-1898541,20191031113000,Make public statement,Verbal cooperation
883509189,20191031,201910,CHN,CHINA,CHN,,,,,,,,USA,AUSTIN,USA,,,,,,,,1,042,042,04,1,1.9,10,1,10,0.59347181008902,2,"Texas, United States",US,USTX,,31.106,-97.6475,TX,2,"Texas, United States",US,USTX,,31.106,-97.6475,TX,2,"Texas, United States",US,USTX,,31.106,-97.6475,TX,20191031124500,Consult,Verbal cooperation
883510456,20191031,201910,USA,UNITED STATES,USA,,,,,,,,CHN,CHINESE,CHN,,,,,,,,1,012,012,01,1,-0.4,6,1,6,-0.38910505836576,1,United States,US,US,,39.828175,-98.5795,US,1,China,CH,CH,,35.0,105.0,CH,4,"Jerusalem, Israel (general), Israel",IS,IS00,18315,31.7667,35.2333,-797092,20191031124500,Make public statement,Verbal cooperation
883510457,20191031,201910,USA,AUSTIN,USA,,,,,,,,CHN,CHINA,CHN,,,,,,,,1,043,043,04,1,2.8,10,1,10,0.59347181008902,2,"Texas, United States",US,USTX,,31.106,-97.6475,TX,1,China,CH,CH,,35.0,105.0,CH,2,"Texas, United States",US,USTX,,31.106,-97.6475,TX,20191031124500,Consult,Verbal cooperation
883512008,20191031,201910,CHN,CHINA,CHN,,,,,,,,USA,THE US,USA,,,,,,,,1,046,046,04,1,7.0,10,1,10,-1.10294117647059,1,China,CH,CH,,35.0,105.0,CH,1,China,CH,CH,,35.0,105.0,CH,1,China,CH,CH,,35.0,105.0,CH,20191031130000,Consult,Verbal cooperation
883512009,20191031,201910,CHN,CHINA,CHN,,,,,,,,USA,THE US,USA,,,,,,,,1,057,057,05,1,8.0,10,1,10,-3.67816091954023,4,"Beijing, Beijing, China",CH,CH22,13001,39.9289,116.388,-1898541,4,"Beijing, Beijing, China",CH,CH22,13001,39.9289,116.388,-1898541,4,"Beijing, Beijing, China",CH,CH22,13001,39.9289,116.388,-1898541,20191031130000,Engage in diplomatic cooperation,Verbal cooperation
883513142,20191031,201910,USA,THE US,USA,,,,,,,,CHN,CHINA,CHN,,,,,,,,1,046,046,04,1,7.0,8,1,8,-1.10294117647059,1,Singapore,SN,SN,,1.366667,103.8,SN,1,Singapore,SN,SN,,1.366667,103.8,SN,1,China,CH,CH,,35.0,105.0,CH,20191031130000,Consult,Verbal cooperation
883514876,20191031,201910,CHN,CANTON,CHN,,,,,,,,USA,UNITED STATES,USA,,,,,,,,1,173,173,17,4,-5.0,6,1,6,-13.907284768212,1,China,CH,CH,,35.0,105.0,CH,3,"Stark County, Ohio, United States",US,USOH,,40.8167,-81.3665,1065576,2,"Ohio, United States",US,USOH,,40.3736,-82.7755,OH,20191031131500,Coerce,Material conflict
883516116,20191031,201910,USAGOV,US OFFICIAL,USA,,,,,GOV,,,CHN,CHINA,CHN,,,,,,,,1,110,110,11,3,-2.0,10,1,10,-0.18656716417911,4,"Beijing, Beijing, China",CH,CH22,13001,39.9289,116.388,-1898541,4,"Beijing, Beijing, China",CH,CH22,13001,39.9289,116.388,-1898541,4,"Bangkok, Krung Thep Mahanakhon, Thailand",TH,TH40,26423,13.75,100.517,-3250083,20191031131500,Disapprove,Verbal conflict
883518769,20191031,201910,USA,THE US,USA,,,,,,,,CHN,CHINESE,CHN,,,,,,,,1,012,012,01,1,-0.4,10,1,10,-5.98802395209581,1,China,CH,CH,,35.0,105.0,CH,1,China,CH,CH,,35.0,105.0,CH,1,China,CH,CH,,35.0,105.0,CH,20191031133000,Make public statement,Verbal cooperation
883523099,20191031,201910,USAGOVBUS,THE US,USA,,,,,GOV,BUS,,CHN,CHINESE,CHN,,,,,,,,1,172,172,17,4,-5.0,10,1,10,-0.77881619937695,1,China,CH,CH,,35.0,105.0,CH,1,China,CH,CH,,35.0,105.0,CH,1,China,CH,CH,,35.0,105.0,CH,20191031134500,Coerce,Material conflict
883526413,20191031,201910,CHN,CHINA,CHN,,,,,,,,USA,UNITED STATES,USA,,,,,,,,1,057,057,05,1,8.0,12,1,12,1.23762376237624,1,China,CH,CH,,35.0,105.0,CH,1,Macau,MC,MC,,22.157778,113.559722,MC,1,China,CH,CH,,35.0,105.0,CH,20191031141500,Engage in diplomatic cooperation,Verbal cooperation
883527606,20191031,201910,USAGOV,US GOVERNMENT,USA,,,,,GOV,,,CHN,CHINESE,CHN,,,,,,,,1,090,090,09,2,-2.0,8,1,8,-6.60792951541851,4,"Shenzhen, Guangdong, China",CH,CH30,13036,22.2,111.117,-1925267,4,"Shenzhen, Guangdong, China",CH,CH30,13036,22.2,111.117,-1925267,4,"Shenzhen, Guangdong, China",CH,CH30,13036,22.2,111.117,-1925267,20191031141500,Investigate,Material cooperation
883527633,20191031,201910,USAMED,REUTERS,USA,,,,,MED,,,CHN,CHINA,CHN,,,,,,,,1,100,100,10,3,-5.0,6,1,6,-0.86956521739131,4,"Bengaluru, Karnataka, India",IN,IN19,70159,12.9833,77.5833,-2090174,1,China,CH,CH,,35.0,105.0,CH,1,Philippines,RP,RP,,13.0,122.0,RP,20191031141500,Demand,Verbal conflict
883533082,20191031,201910,CHN,CANTON,CHN,,,,,,,,USA,MISSISSIPPI,USA,,,,,,,,1,190,190,19,4,-10.0,8,1,8,-9.74025974025974,1,China,CH,CH,,35.0,105.0,CH,2,"Mississippi, United States",US,USMS,,32.7673,-89.6812,MS,2,"Mississippi, United States",US,USMS,,32.7673,-89.6812,MS,20191031144500,Fight,Material conflict
883534355,20191031,201910,USA,UNITED STATES,USA,,,,,,,,CHN,CHINA,CHN,,,,,,,,1,057,057,05,1,8.0,8,2,8,-3.04487179487179,1,United States,US,US,,39.828175,-98.5795,US,4,"Beijing, Beijing, China",CH,CH22,13001,39.9289,116.388,-1898541,1,United States,US,US,,39.828175,-98.5795,US,20191031144500,Engage in diplomatic cooperation,Verbal cooperation
883539502,20191031,201910,USA,THE US,USA,,,,,,,,CHN,CHINA,CHN,,,,,,,,1,036,036,03,1,4.0,9,1,9,-2.12201591511937,1,China,CH,CH,,35.0,105.0,CH,1,China,CH,CH,,35.0,105.0,CH,1,China,CH,CH,,35.0,105.0,CH,20191031151500,Express intent to cooperate,Verbal cooperation
883539506,20191031,201910,USA,THE US,USA,,,,,,,,CHN,CHINA,CHN,,,,,,,,1,057,057,05,1,8.0,8,1,8,-2.12201591511937,1,China,CH,CH,,35.0,105.0,CH,1,China,CH,CH,,35.0,105.0,CH,1,China,CH,CH,,35.0,105.0,CH,20191031151500,Engage in diplomatic cooperation,Verbal cooperation
883548610,20191031,201910,CHN,CHINA,CHN,,,,,,,,USA,A US,USA,,,,,,,,1,071,071,07,2,7.4,10,1,10,-2.85326086956522,4,"Metro Manila, Philippines (general), Philippines",RP,RP00,24210,14.5833,121.0,-2439768,4,"Metro Manila, Philippines (general), Philippines",RP,RP00,24210,14.5833,121.0,-2439768,4,"Metro Manila, Philippines (general), Philippines",RP,RP00,24210,14.5833,121.0,-2439768,20191031160000,Provide aid,Material cooperation
883560882,20191031,201910,CHNGOV,CHINA,CHN,,,,,GOV,,,USA,NEW YORK,USA,,,,,,,,1,051,051,05,1,3.4,10,1,10,-1.57016683022571,4,"Beijing, Beijing, China",CH,CH22,13001,39.9289,116.388,-1898541,4,"Beijing, Beijing, China",CH,CH22,13001,39.9289,116.388,-1898541,4,"Beijing, Beijing, China",CH,CH22,13001,39.9289,116.388,-1898541,20191031170000,Engage in diplomatic cooperation,Verbal cooperation
883563795,20191031,201910,CHN,CHINA,CHN,,,,,,,,USA,UNITED STATES,USA,,,,,,,,1,0311,031,03,1,5.2,6,1,6,-2.33281493001555,1,China,CH,CH,,35.0,105.0,CH,3,"White House, District of Columbia, United States",US,USDC,,38.8951,-77.0364,531871,3,"White House, District of Columbia, United States",US,USDC,,38.8951,-77.0364,531871,20191031171500,Express intent to cooperate,Verbal cooperation
883563799,20191031,201910,CHN,CHINESE,CHN,,,,,,,,USA,THE US,USA,,,,,,,,1,112,112,11,3,-2.0,6,1,6,0.16313213703099,4,"Langkawi, Kedah, Malaysia",MY,MY02,37398,6.32649,99.8432,-2401875,4,"South China Sea, Brunei (general), Brunei",BX,BX00,,15.0,115.0,-1337919,4,"Langkawi, Kedah, Malaysia",MY,MY02,37398,6.32649,99.8432,-2401875,20191031171500,Disapprove,Verbal conflict
883564988,20191031,201910,USA,UNITED STATES,USA,,,,,,,,CHN,CHINA,CHN,,,,,,,,1,0311,031,03,1,5.2,6,1,6,-2.33281493001555,3,"White House, District of Columbia, United States",US,USDC,,38.8951,-77.0364,531871,1,China,CH,CH,,35.0,105.0,CH,3,"White House, District of Columbia, United States",US,USDC,,38.8951,-77.0364,531871,20191031171500,Express intent to cooperate,Verbal cooperation
883565802,20191031,201910,CHN,CHINESE,CHN,,,,,,,,USA,AMERICAN,USA,,,,,,,,1,112,112,11,3,-2.0,10,1,10,-12.5,1,China,CH,CH,,35.0,105.0,CH,1,United States,US,US,,39.828175,-98.5795,US,1,United States,US,US,,39.828175,-98.5795,US,20191031173000,Disapprove,Verbal conflict
883572643,20191031,201910,CHN,CHINA,CHN,,,,,,,,USAAGR,AMERICAN,USA,,,,,AGR,,,1,061,061,06,2,6.4,6,1,6,-1.37221269296741,1,Mexico,MX,MX,,23.0,-102.0,MX,1,China,CH,CH,,35.0,105.0,CH,1,Mexico,MX,MX,,23.0,-102.0,MX,20191031180000,Engage in material cooperation,Material cooperation
883574783,20191031,201910,CHN,BEIJING,CHN,,,,,,,,USA,UNITED STATES,USA,,,,,,,,1,190,190,19,4,-10.0,8,1,8,-1.92023633677992,4,"Beijing, Beijing, China",CH,CH22,13001,39.9289,116.388,-1898541,3,"Great Hall, New York, United States",US,USNY,,40.8197,-73.595,2075034,4,"Beijing, Beijing, China",CH,CH22,13001,39.9289,116.388,-1898541,20191031181500,Fight,Material conflict
883575770,20191031,201910,USA,UNITED STATES,USA,,,,,,,,CHN,BEIJING,CHN,,,,,,,,1,190,190,19,4,-10.0,8,1,8,-1.92023633677992,3,"Great Hall, New York, United States",US,USNY,NY059,40.8197,-73.595,2075034,4,"Beijing, Beijing, China",CH,CH22,13001,39.9289,116.388,-1898541,4,"Beijing, Beijing, China",CH,CH22,13001,39.9289,116.388,-1898541,20191031181500,Fight,Material conflict
883583728,20191031,201910,CHN,CHINESE,CHN,,,,,,,,USA,AMERICAN,USA,,,,,,,,1,190,190,19,4,-10.0,8,1,8,0.33500837520938,1,China,CH,CH,,35.0,105.0,CH,1,United States,US,US,,39.828175,-98.5795,US,1,United States,US,US,,39.828175,-98.5795,US,20191031190000,Fight,Material conflict
883584746,20191031,201910,USA,AMERICAN,USA,,,,,,,,CHN,CHINESE,CHN,,,,,,,,1,190,190,19,4,-10.0,8,1,8,0.33500837520938,1,United States,US,US,,39.828175,-98.5795,US,1,China,CH,CH,,35.0,105.0,CH,1,United States,US,US,,39.828175,-98.5795,US,20191031190000,Fight,Material conflict
883590060,20191031,201910,USA,THE US,USA,,,,,,,,CHN,CHINA,CHN,,,,,,,,1,110,110,11,3,-2.0,8,1,8,-4.51010886469674,1,Japan,JA,JA,,36.0,138.0,JA,1,Japan,JA,JA,,36.0,138.0,JA,1,Japan,JA,JA,,36.0,138.0,JA,20191031193000,Disapprove,Verbal conflict
883594648,20191031,201910,USA,UNITED STATES,USA,,,,,,,,CHN,CHINA,CHN,,,,,,,,1,054,054,05,1,6.0,6,1,6,2.42424242424242,1,China,CH,CH,,35.0,105.0,CH,1,China,CH,CH,,35.0,105.0,CH,1,China,CH,CH,,35.0,105.0,CH,20191031200000,Engage in diplomatic cooperation,Verbal cooperation
883596839,20191031,201910,CHN,CHINESE,CHN,,,,,,,,USA,AMERICAN,USA,,,,,,,,1,036,036,03,1,4.0,8,1,8,5.89970501474927,3,"San Antonio, Texas, United States",US,USTX,TX029,29.4241,-98.4936,1380951,3,"San Antonio, Texas, United States",US,USTX,,29.4241,-98.4936,1380951,3,"San Antonio, Texas, United States",US,USTX,,29.4241,-98.4936,1380951,20191031201500,Express intent to cooperate,Verbal cooperation
883600447,20191031,201910,USA,THE US,USA,,,,,,,,CHN,CHINESE,CHN,,,,,,,,1,130,130,13,3,-4.4,20,2,20,-4.56808707735062,4,"Beijing, Beijing, China",CH,CH22,13001,39.9289,116.388,-1898541,4,"Beijing, Beijing, China",CH,CH22,13001,39.9289,116.388,-1898541,4,"Beijing, Beijing, China",CH,CH22,13001,39.9289,116.388,-1898541,20191031203000,Threaten,Verbal conflict
883601936,20191031,201910,CHNGOV,CHINESE,CHN,,,,,GOV,,,USA,WASHINGTON,USA,,,,,,,,1,020,020,02,1,3.0,6,1,6,-6.75381263616557,4,"Shenzhen, Guangdong, China",CH,CH30,13036,22.2,111.117,-1925267,3,"Washington, District of Columbia, United States",US,USDC,DC001,38.8951,-77.0364,531871,3,"Washington, District of Columbia, United States",US,USDC,DC001,38.8951,-77.0364,531871,20191031204500,Appeal,Verbal cooperation
883601937,20191031,201910,CHNGOV,CHINESE,CHN,,,,,GOV,,,USA,WASHINGTON,USA,,,,,,,,1,111,111,11,3,-2.0,6,1,6,-6.75381263616557,4,"Shenzhen, Guangdong, China",CH,CH30,13036,22.2,111.117,-1925267,3,"Washington, District of Columbia, United States",US,USDC,DC001,38.8951,-77.0364,531871,3,"Washington, District of Columbia, United States",US,USDC,DC001,38.8951,-77.0364,531871,20191031204500,Disapprove,Verbal conflict
883605820,20191031,201910,USAGOV,UNITED STATES,USA,,,,,GOV,,,CHN,CHINA,CHN,,,,,,,,1,111,111,11,3,-2.0,8,1,8,-3.83480825958702,4,"Beijing, Beijing, China",CH,CH22,13001,39.9289,116.388,-1898541,1,Chile,CI,CI,,-30.0,-71.0,CI,1,Chile,CI,CI,,-30.0,-71.0,CI,20191031210000,Disapprove,Verbal conflict
883612149,20191031,201910,CHN,CHINA,CHN,,,,,,,,USA,NEW YORK,USA,,,,,,,,1,051,051,05,1,3.4,8,2,8,-0.58997050147492,1,China,CH,CH,,35.0,105.0,CH,1,China,CH,CH,,35.0,105.0,CH,1,China,CH,CH,,35.0,105.0,CH,20191031214500,Engage in diplomatic cooperation,Verbal cooperation
883612150,20191031,201910,CHN,CHINA,CHN,,,,,,,,USA,NEW YORK,USA,,,,,,,,1,128,128,12,3,-5.0,8,2,8,-0.58997050147492,1,China,CH,CH,,35.0,105.0,CH,1,China,CH,CH,,35.0,105.0,CH,1,China,CH,CH,,35.0,105.0,CH,20191031214500,Reject,Verbal conflict
883615307,20191031,201910,USA,THE US,USA,,,,,,,,CHN,CHINA,CHN,,,,,,,,1,061,061,06,2,6.4,10,1,10,-0.49019607843137,5,"Province Of British Columbia, British Columbia, Canada",CA,CA02,154724,55.0,-125.0,-561661,5,"Province Of British Columbia, British Columbia, Canada",CA,CA02,154724,55.0,-125.0,-561661,5,"Province Of British Columbia, British Columbia, Canada",CA,CA02,154724,55.0,-125.0,-561661,20191031220000,Engage in material cooperation,Material cooperation
883616479,20191031,201910,CHN,CHINA,CHN,,,,,,,,USAGOV,US OFFICIAL,USA,,,,,GOV,,,1,036,036,03,1,4.0,6,1,6,0.92879256965944,1,China,CH,CH,,35.0,105.0,CH,1,China,CH,CH,,35.0,105.0,CH,3,"White House, District of Columbia, United States",US,USDC,,38.8951,-77.0364,531871,20191031221500,Express intent to cooperate,Verbal cooperation
883616481,20191031,201910,CHN,CHINA,CHN,,,,,,,,USAGOV,US OFFICIAL,USA,,,,,GOV,,,1,057,057,05,1,8.0,10,1,10,0.92879256965944,1,China,CH,CH,,35.0,105.0,CH,1,China,CH,CH,,35.0,105.0,CH,1,China,CH,CH,,35.0,105.0,CH,20191031221500,Engage in diplomatic cooperation,Verbal cooperation
883616482,20191031,201910,CHNCVL,CANTON,CHN,,,,,CVL,,,USA,MASSACHUSETTS,USA,,,,,,,,1,013,013,01,1,0.4,8,1,8,-7.1969696969697,3,"Norfolk County, Massachusetts, United States",US,USMA,MA021,42.1668,-71.2495,606937,3,"Norfolk County, Massachusetts, United States",US,USMA,,42.1668,-71.2495,606937,3,"Norfolk County, Massachusetts, United States",US,USMA,,42.1668,-71.2495,606937,20191031221500,Make public statement,Verbal cooperation
883617893,20191031,201910,USAGOV,US OFFICIAL,USA,,,,,GOV,,,CHN,CHINA,CHN,,,,,,,,1,036,036,03,1,4.0,6,1,6,0.92879256965944,1,China,CH,CH,,35.0,105.0,CH,1,China,CH,CH,,35.0,105.0,CH,3,"White House, District of Columbia, United States",US,USDC,,38.8951,-77.0364,531871,20191031221500,Express intent to cooperate,Verbal cooperation
883617895,20191031,201910,USAGOV,US OFFICIAL,USA,,,,,GOV,,,CHN,CHINA,CHN,,,,,,,,1,057,057,05,1,8.0,10,1,10,0.92879256965944,1,China,CH,CH,,35.0,105.0,CH,1,China,CH,CH,,35.0,105.0,CH,1,China,CH,CH,,35.0,105.0,CH,20191031221500,Engage in diplomatic cooperation,Verbal cooperation
883619060,20191031,201910,CHN,CHINA,CHN,,,,,,,,USA,THE US,USA,,,,,,,,1,036,036,03,1,4.0,10,1,10,-6.4,4,"Shanghai, Shanghai, China",CH,CH23,13243,31.2222,121.458,-1924465,4,"Shanghai, Shanghai, China",CH,CH23,13243,31.2222,121.458,-1924465,4,"Shanghai, Shanghai, China",CH,CH23,13243,31.2222,121.458,-1924465,20191031223000,Express intent to cooperate,Verbal cooperation
883620084,20191031,201910,USA,THE US,USA,,,,,,,,CHN,CHINA,CHN,,,,,,,,1,036,036,03,1,4.0,6,1,6,-6.4,4,"Shanghai, Shanghai, China",CH,CH23,13243,31.2222,121.458,-1924465,4,"Shanghai, Shanghai, China",CH,CH23,13243,31.2222,121.458,-1924465,4,"Shanghai, Shanghai, China",CH,CH23,13243,31.2222,121.458,-1924465,20191031223000,Express intent to cooperate,Verbal cooperation
883620086,20191031,201910,USA,THE US,USA,,,,,,,,CHN,CHINA,CHN,,,,,,,,1,070,070,07,2,7.0,10,1,10,-6.4,4,"Shanghai, Shanghai, China",CH,CH23,13243,31.2222,121.458,-1924465,4,"Shanghai, Shanghai, China",CH,CH23,13243,31.2222,121.458,-1924465,4,"Shanghai, Shanghai, China",CH,CH23,13243,31.2222,121.458,-1924465,20191031223000,Provide aid,Material cooperation
883620087,20191031,201910,USA,THE US,USA,,,,,,,,CHN,CHINA,CHN,,,,,,,,1,070,070,07,2,7.0,10,1,10,-6.46153846153846,1,China,CH,CH,,35.0,105.0,CH,1,China,CH,CH,,35.0,105.0,CH,1,China,CH,CH,,35.0,105.0,CH,20191031223000,Provide aid,Material cooperation
