GLOBALEVENTID,SQLDATE,MonthYear,Actor1Code,Actor1Name,Actor1CountryCode,Actor1KnownGroupCode,Actor1EthnicCode,Actor1Religion1Code,Actor1Religion2Code,Actor1Type1Code,Actor1Type2Code,Actor1Type3Code,Actor2Code,Actor2Name,Actor2CountryCode,Actor2KnownGroupCode,Actor2EthnicCode,Actor2Religion1Code,Actor2Religion2Code,Actor2Type1Code,Actor2Type2Code,Actor2Type3Code,IsRootEvent,EventCode,EventBaseCode,EventRootCode,QuadClass,GoldsteinScale,NumMentions,NumSources,NumArticles,AvgTone,Actor1Geo_Type,Actor1Geo_FullName,Actor1Geo_CountryCode,Actor1Geo_ADM1Code,Actor1Geo_ADM2Code,Actor1Geo_Lat,Actor1Geo_Long,Actor1Geo_FeatureID,Actor2Geo_Type,Actor2Geo_FullName,Actor2Geo_CountryCode,Actor2Geo_ADM1Code,Actor2Geo_ADM2Code,Actor2Geo_Lat,Actor2Geo_Long,Actor2Geo_FeatureID,ActionGeo_Type,ActionGeo_FullName,ActionGeo_CountryCode,ActionGeo_ADM1Code,ActionGeo_ADM2Code,ActionGeo_Lat,ActionGeo_Long,ActionGeo_FeatureID,SourceFileTimestamp,EventRootName,QuadClassName
660802157,20170601,201706,CHNGOV,CHINESE,CHN,,,,,GOV,,,USAMIL,AMERICAN,USA,,,,,MIL,,,1,012,012,01,1,-0.4,6,1,6,-1.76211453744494,1,North Korea,KN,KN,,40.0,127.0,KN,1,North Korea,KN,KN,,40.0,127.0,KN,1,North Korea,KN,KN,,40.0,127.0,KN,20170601003000,Make public statement,Verbal cooperation
660807271,20170601,201706,CHN,CHINESE,CHN,,,,,,,,USA,WASHINGTON,USA,,,,,,,,1,172,172,17,4,-5.0,16,1,16,-2.23642172523961,2,"Kentucky, United States",US,USKY,,37.669,-84.6514,KY,2,"Kentucky, United States",US,USKY,,37.669,-84.6514,KY,2,"Kentucky, United States",US,USKY,,37.669,-84.6514,KY,20170601004500,Coerce,Material conflict
660812271,20170601,201706,CHN,CHINA,CHN,,,,,,,,USA,CALIFORNIA,USA,,,,,,,,1,043,043,04,1,2.8,32,2,16,-0.305648048319945,4,"Beijing, Beijing, China",CH,CH22,13001,39.9289,116.388,-1898541,2,"California, United States",US,USCA,,36.17,-119.746,CA,4,"Beijing, Beijing, China",CH,CH22,13001,39.9289,116.388,-1898541,20170601010000,Consult,Verbal cooperation
660814422,20170601,201706,USA,CALIFORNIA,USA,,,,,,,,CHN,CHINA,CHN,,,,,,,,1,042,042,04,1,1.9,32,2,16,-0.305648048319945,2,"California, United States",US,USCA,,36.17,-119.746,CA,4,"Beijing, Beijing, China",CH,CH22,13001,39.9289,116.388,-1898541,4,"Beijing, Beijing, China",CH,CH22,13001,39.9289,116.388,-1898541,20170601010000,Consult,Verbal cooperation
660816116,20160601,201606,USA,UNITED STATES,USA,,,,,,,,CHN,CHINA,CHN,,,,,,,,1,110,110,11,3,-2.0,6,1,6,-2.13049267643143,1,China,CH,CH,,35.0,105.0,CH,1,China,CH,CH,,35.0,105.0,CH,1,China,CH,CH,,35.0,105.0,CH,20170601011500,Disapprove,Verbal conflict
660820966,20170601,201706,CHN,CANTON,CHN,,,,,,,,USA,OHIO,USA,,,,,,,,1,051,051,05,1,3.4,10,1,10,-0.70422535211267,1,China,CH,CH,,35.0,105.0,CH,2,"Ohio, United States",US,USOH,,40.3736,-82.7755,OH,2,"Ohio, United States",US,USOH,,40.3736,-82.7755,OH,20170601013000,Engage in diplomatic cooperation,Verbal cooperation
660822960,20170601,201706,USAGOV,CALIFORNIA,USA,,,,,GOV,,,CHN,CHINA,CHN,,,,,,,,1,020,020,02,1,3.0,20,2,20,-1.35135135135135,2,"California, United States",US,USCA,,36.17,-119.746,CA,2,"California, United States",US,USCA,,36.17,-119.746,CA,2,"California, United States",US,USCA,,36.17,-119.746,CA,20170601013000,Appeal,Verbal cooperation
660835852,20170601,201706,CHN,ZHENGZHOU,CHN,,,,,,,,USA,UNITED STATES,USA,,,,,,,,1,043,043,04,1,2.8,6,1,6,1.41843971631206,4,"Zhengzhou, Henan, China",CH,CH09,13099,34.7578,113.649,-1938815,2,"New York, United States",US,USNY,,42.1497,-74.9384,NY,4,"Zhengzhou, Henan, China",CH,CH09,13099,34.7578,113.649,-1938815,20170601023000,Consult,Verbal cooperation
660837325,20170601,201706,USA,UNITED STATES,USA,,,,,,,,CHN,ZHENGZHOU,CHN,,,,,,,,1,042,042,04,1,1.9,6,1,6,1.41843971631206,4,"Henan, Henan, China",CH,CH09,13111,33.415,112.422,10521711,4,"Henan, Henan, China",CH,CH09,13111,33.415,112.422,10521711,4,"Henan, Henan, China",CH,CH09,13111,33.415,112.422,10521711,20170601023000,Consult,Verbal cooperation
660837326,20170601,201706,USA,BOSTON,USA,,,,,,,,CHN,CHINA,CHN,,,,,,,,1,050,050,05,1,3.5,7,1,7,-0.74142724745135,4,"Beijing, Beijing, China",CH,CH22,13001,39.9289,116.388,-1898541,4,"Beijing, Beijing, China",CH,CH22,13001,39.9289,116.388,-1898541,4,"Beijing, Beijing, China",CH,CH22,13001,39.9289,116.388,-1898541,20170601023000,Engage in diplomatic cooperation,Verbal cooperation
660839134,20170601,201706,CHN,CHINA,CHN,,,,,,,,MNCUSA,AGILENT TECHNOLOGIES,USA,,,,,MNC,,,1,051,051,05,1,3.4,10,1,10,6.48648648648649,4,"Nanjing, Jiangsu, China",CH,CH04,13144,32.0617,118.778,-1919548,4,"Nanjing, Jiangsu, China",CH,CH04,13144,32.0617,118.778,-1919548,4,"Nanjing, Jiangsu, China",CH,CH04,13144,32.0617,118.778,-1919548,20170601024500,Engage in diplomatic cooperation,Verbal cooperation
660843509,20170601,201706,USAMED,REUTERS,USA,,,,,MED,,,CHN,CHINESE,CHN,,,,,,,,1,173,173,17,4,-5.0,6,2,6,-6.43296853625171,4,"Beijing, Beijing, China",CH,CH22,13001,39.9289,116.388,-1898541,4,"Beijing, Beijing, China",CH,CH22,13001,39.9289,116.388,-1898541,4,"Beijing, Beijing, China",CH,CH22,13001,39.9289,116.388,-1898541,20170601030000,Coerce,Material conflict
660846718,20170601,201706,USAGOV,OBAMA,USA,,,,,GOV,,,CHN,CHINA,CHN,,,,,,,,1,090,090,09,2,-2.0,10,1,10,-5.79710144927536,1,China,CH,CH,,35.0,105.0,CH,1,China,CH,CH,,35.0,105.0,CH,1,China,CH,CH,,35.0,105.0,CH,20170601031500,Investigate,Material cooperation
660846719,20170601,201706,USAGOV,OBAMA,USA,,,,,GOV,,,CHN,CHINA,CHN,,,,,,,,1,100,100,10,3,-5.0,10,1,10,-5.79710144927536,1,China,CH,CH,,35.0,105.0,CH,1,China,CH,CH,,35.0,105.0,CH,1,China,CH,CH,,35.0,105.0,CH,20170601031500,Demand,Verbal conflict
660848354,20170601,201706,CHN,CHINESE,CHN,,,,,,,,USA,UNITED STATES,USA,,,,,,,,1,036,036,03,1,4.0,6,1,6,5.23952095808383,4,"Beijing, Beijing, China",CH,CH22,13001,39.9289,116.388,-1898541,4,"Shanghai, Shanghai, China",CH,CH23,13243,31.2222,121.458,-1924465,4,"Shanghai, Shanghai, China",CH,CH23,13243,31.2222,121.458,-1924465,20170601033000,Express intent to cooperate,Verbal cooperation
660849447,20170601,201706,USA,UNITED STATES,USA,,,,,,,,CHN,CHINESE,CHN,,,,,,,,1,036,036,03,1,4.0,8,1,8,5.23952095808383,3,"San Francisco, California, United States",US,USCA,CA075,37.7749,-122.419,277593,4,"Beijing, Beijing, China",CH,CH22,13001,39.9289,116.388,-1898541,3,"San Francisco, California, United States",US,USCA,,37.7749,-122.419,277593,20170601033000,Express intent to cooperate,Verbal cooperation
660850163,20170601,201706,CHN,CHINESE,CHN,,,,,,,,USA,UNITED STATES,USA,,,,,,,,1,036,036,03,1,4.0,10,1,10,5.00695410292072,4,"Beijing, Beijing, China",CH,CH22,13001,39.9289,116.388,-1898541,4,"Beijing, Beijing, China",CH,CH22,13001,39.9289,116.388,-1898541,4,"Beijing, Beijing, China",CH,CH22,13001,39.9289,116.388,-1898541,20170601034500,Express intent to cooperate,Verbal cooperation
660851254,20170601,201706,USA,UNITED STATES,USA,,,,,,,,CHN,CHINESE,CHN,,,,,,,,1,036,036,03,1,4.0,8,1,8,5.00695410292072,3,"San Francisco, California, United States",US,USCA,CA075,37.7749,-122.419,277593,4,"Chen Nan, Shaanxi, China",CH,CH26,13223,34.2728,108.567,9208662,3,"San Francisco, California, United States",US,USCA,,37.7749,-122.419,277593,20170601034500,Express intent to cooperate,Verbal cooperation
660853839,20170601,201706,USA,THE US,USA,,,,,,,,CHN,CHINA,CHN,,,,,,,,1,160,160,16,4,-4.0,6,1,6,-1.03896103896104,1,Canada,CA,CA,,60.0,-95.0,CA,1,Canada,CA,CA,,60.0,-95.0,CA,1,Canada,CA,CA,,60.0,-95.0,CA,20170601040000,Reduce relations,Material conflict
660855206,20170601,201706,CHN,CHINA,CHN,,,,,,,,USA,UNITED STATES,USA,,,,,,,,1,051,051,05,1,3.4,10,1,10,4.20841683366734,4,"Macao, Macau (general), Macau",MC,MC00,13045,22.2006,113.546,-1204094,4,"Macao, Macau (general), Macau",MC,MC00,13045,22.2006,113.546,-1204094,4,"Macao, Macau (general), Macau",MC,MC00,13045,22.2006,113.546,-1204094,20170601041500,Engage in diplomatic cooperation,Verbal cooperation
660855208,20170601,201706,CHN,ZHENGZHOU,CHN,,,,,,,,USA,THE US,USA,,,,,,,,1,060,060,06,2,6.0,10,1,10,1.11731843575419,4,"Zhengzhou, Henan, China",CH,CH09,13099,34.7578,113.649,-1938815,4,"Zhengzhou, Henan, China",CH,CH09,13099,34.7578,113.649,-1938815,4,"Zhengzhou, Henan, China",CH,CH09,13099,34.7578,113.649,-1938815,20170601041500,Engage in material cooperation,Material cooperation
660856076,20170601,201706,USA,THE US,USA,,,,,,,,CHN,ZHENGZHOU,CHN,,,,,,,,1,060,060,06,2,6.0,8,1,8,1.11731843575419,4,"Henan, Henan, China",CH,CH09,13111,33.415,112.422,10521711,2,"New York, United States",US,USNY,,42.1497,-74.9384,NY,4,"Henan, Henan, China",CH,CH09,13111,33.415,112.422,10521711,20170601041500,Engage in material cooperation,Material cooperation
660868560,20170601,201706,CHN,CHINA,CHN,,,,,,,,MNCUSAMED,GOOGLE,USA,,,,,MNC,MED,,1,172,172,17,4,-5.0,8,1,8,0.740740740740743,1,China,CH,CH,,35.0,105.0,CH,1,India,IN,IN,,20.0,77.0,IN,1,India,IN,IN,,20.0,77.0,IN,20170601053000,Coerce,Material conflict
660874164,20170601,201706,CHN,CHINA,CHN,,,,,,,,USA,THE US,USA,,,,,,,,1,036,036,03,1,4.0,10,1,10,-2.01342281879194,1,China,CH,CH,,35.0,105.0,CH,1,China,CH,CH,,35.0,105.0,CH,1,China,CH,CH,,35.0,105.0,CH,20170601060000,Express intent to cooperate,Verbal cooperation
660874165,20170601,201706,CHN,CANTON,CHN,,,,,,,,USA,OHIO,USA,,,,,,,,1,051,051,05,1,3.4,6,1,6,0.57471264367816,3,"Canton South High School, Ohio, United States",US,USOH,OH151,40.7492,-81.3723,1057552,3,"Canton South High School, Ohio, United States",US,USOH,,40.7492,-81.3723,1057552,3,"Canton South High School, Ohio, United States",US,USOH,,40.7492,-81.3723,1057552,20170601060000,Engage in diplomatic cooperation,Verbal cooperation
660875369,20170601,201706,USA,THE US,USA,,,,,,,,CHN,CHINA,CHN,,,,,,,,1,036,036,03,1,4.0,10,1,10,-2.01342281879194,4,"Mumbai, Maharashtra, India",IN,IN16,70184,18.975,72.8258,-2092174,4,"Mumbai, Maharashtra, India",IN,IN16,70184,18.975,72.8258,-2092174,4,"Mumbai, Maharashtra, India",IN,IN16,70184,18.975,72.8258,-2092174,20170601060000,Express intent to cooperate,Verbal cooperation
660881408,20170525,201705,USAMED,REUTERS,USA,,,,,MED,,,CHN,CHINA,CHN,,,,,,,,1,060,060,06,2,6.0,8,1,8,0.97425238550912,1,China,CH,CH,,35.0,105.0,CH,4,"Genting Highlands, Malaysia (general), Malaysia",MY,MY00,18585,3.4,101.8,-2403039,4,"Genting Highlands, Malaysia (general), Malaysia",MY,MY00,18585,3.4,101.8,-2403039,20170601064500,Engage in material cooperation,Material cooperation
660881934,20170601,201706,CHN,YELLOW RIVER,CHN,,,,,,,,USA,UNITED STATES,USA,,,,,,,,1,051,051,05,1,3.4,6,1,6,0.61601642710472,1,Mexico,MX,MX,,23.0,-102.0,MX,1,Mexico,MX,MX,,23.0,-102.0,MX,1,Mexico,MX,MX,,23.0,-102.0,MX,20170601064500,Engage in diplomatic cooperation,Verbal cooperation
660881938,20170601,201706,CHNLEG,CHINA,CHN,,,,,LEG,,,USA,UNITED STATES,USA,,,,,,,,1,042,042,04,1,1.9,10,1,10,-0.14869888475836,1,China,CH,CH,,35.0,105.0,CH,3,"Washington, District of Columbia, United States",US,USDC,DC001,38.8951,-77.0364,531871,1,China,CH,CH,,35.0,105.0,CH,20170601064500,Consult,Verbal cooperation
660883309,20170601,201706,USA,UNITED STATES,USA,,,,,,,,CHNLEG,CHINA,CHN,,,,,LEG,,,1,043,043,04,1,2.8,10,1,10,-0.14869888475836,3,"Washington, District of Columbia, United States",US,USDC,DC001,38.8951,-77.0364,531871,1,China,CH,CH,,35.0,105.0,CH,1,China,CH,CH,,35.0,105.0,CH,20170601064500,Consult,Verbal cooperation
660888798,20170601,201706,USAMED,REUTERS,USA,,,,,MED,,,CHN,XIAN,CHN,,,,,,,,1,051,051,05,1,3.4,10,1,10,-0.28248587570622,1,China,CH,CH,,35.0,105.0,CH,1,China,CH,CH,,35.0,105.0,CH,1,China,CH,CH,,35.0,105.0,CH,20170601071500,Engage in diplomatic cooperation,Verbal cooperation
660891006,20170601,201706,CHN,BEIJING,CHN,,,,,,,,USA,FLORIDA,USA,,,,,,,,1,043,043,04,1,2.8,8,1,8,2.64150943396226,4,"Beijing, Beijing, China",CH,CH22,13001,39.9289,116.388,-1898541,2,"Florida, United States",US,USFL,,27.8333,-81.717,FL,4,"Beijing, Beijing, China",CH,CH22,13001,39.9289,116.388,-1898541,20170601073000,Consult,Verbal cooperation
660892404,20170601,201706,USA,NEW YORK,USA,,,,,,,,CHN,BEIJING,CHN,,,,,,,,1,036,036,03,1,4.0,10,1,10,2.64150943396226,4,"Beijing, Beijing, China",CH,CH22,13001,39.9289,116.388,-1898541,4,"Beijing, Beijing, China",CH,CH22,13001,39.9289,116.388,-1898541,4,"Beijing, Beijing, China",CH,CH22,13001,39.9289,116.388,-1898541,20170601073000,Express intent to cooperate,Verbal cooperation
660892405,20170601,201706,USA,FLORIDA,USA,,,,,,,,CHN,BEIJING,CHN,,,,,,,,1,042,042,04,1,1.9,8,1,8,2.64150943396226,2,"Florida, United States",US,USFL,,27.8333,-81.717,FL,4,"Beijing, Beijing, China",CH,CH22,13001,39.9289,116.388,-1898541,4,"Beijing, Beijing, China",CH,CH22,13001,39.9289,116.388,-1898541,20170601073000,Consult,Verbal cooperation
660910491,20170601,201706,CHN,SIAN,CHN,,,,,,,,USA,LAS VEGAS,USA,,,,,,,,1,042,042,04,1,1.9,10,1,10,1.31147540983606,1,Spain,SP,SP,,40.0,-4.0,SP,1,Spain,SP,SP,,40.0,-4.0,SP,1,Spain,SP,SP,,40.0,-4.0,SP,20170601090000,Consult,Verbal cooperation
660912547,20170601,201706,USA,LAS VEGAS,USA,,,,,,,,CHN,SIAN,CHN,,,,,,,,1,043,043,04,1,2.8,10,1,10,1.31147540983606,1,Ireland,EI,EI,,53.0,-8.0,EI,1,Ireland,EI,EI,,53.0,-8.0,EI,1,Ireland,EI,EI,,53.0,-8.0,EI,20170601090000,Consult,Verbal cooperation
660919289,20170601,201706,CHN,CHINESE,CHN,,,,,,,,USA,IDAHO,USA,,,,,,,,1,120,120,12,3,-4.0,8,1,8,-6.79785330948121,4,"Beijing, Beijing, China",CH,CH22,13001,39.9289,116.388,-1898541,4,"Beijing, Beijing, China",CH,CH22,13001,39.9289,116.388,-1898541,4,"Beijing, Beijing, China",CH,CH22,13001,39.9289,116.388,-1898541,20170601093000,Reject,Verbal conflict
660919295,20170601,201706,CHNBUS,CHINA,CHN,,,,,BUS,,,MNCUSAMED,DREAMWORKS ANIMATION,USA,,,,,MNC,MED,,1,010,010,01,1,0.0,8,1,8,4.34782608695652,4,"Hainan, Hainan, China",CH,CH31,13072,18.9394,109.484,6025157,4,"Beijing, Beijing, China",CH,CH22,13001,39.9289,116.388,-1898541,4,"Hainan, Hainan, China",CH,CH31,13072,18.9394,109.484,6025157,20170601093000,Make public statement,Verbal cooperation
660919296,20170601,201706,CHNBUS,CHINA,CHN,,,,,BUS,,,MNCUSAMED,DREAMWORKS ANIMATION,USA,,,,,MNC,MED,,1,010,010,01,1,0.0,8,1,8,4.34782608695652,4,"Hainan, Hainan, China",CH,CH31,13072,18.9394,109.484,6025157,4,"Hainan, Hainan, China",CH,CH31,13072,18.9394,109.484,6025157,4,"Hainan, Hainan, China",CH,CH31,13072,18.9394,109.484,6025157,20170601093000,Make public statement,Verbal cooperation
660923355,20170601,201706,CHN,CHINA,CHN,,,,,,,,USA,UNITED STATES,USA,,,,,,,,1,030,030,03,1,4.0,6,1,6,-1.21580547112462,1,China,CH,CH,,35.0,105.0,CH,3,"Washington, District of Columbia, United States",US,USDC,DC001,38.8951,-77.0364,531871,1,China,CH,CH,,35.0,105.0,CH,20170601094500,Express intent to cooperate,Verbal cooperation
660923359,20170601,201706,CHN,CHINA,CHN,,,,,,,,USA,INDIANA,USA,,,,,,,,1,043,043,04,1,2.8,11,1,10,1.57894736842105,4,"Shenyang, Liaoning, China",CH,CH19,13177,41.7922,123.433,-1925258,2,"Indiana, United States",US,USIN,,39.8647,-86.2604,IN,4,"Shenyang, Liaoning, China",CH,CH19,13177,41.7922,123.433,-1925258,20170601094500,Consult,Verbal cooperation
660923361,20170601,201706,CHN,CHINA,CHN,,,,,,,,USA,THE US,USA,,,,,,,,1,051,051,05,1,3.4,8,1,8,-0.49833887043189,1,China,CH,CH,,35.0,105.0,CH,4,"Delhi, Delhi, India",IN,IN07,17911,28.6667,77.2167,-2094230,4,"Delhi, Delhi, India",IN,IN07,17911,28.6667,77.2167,-2094230,20170601094500,Engage in diplomatic cooperation,Verbal cooperation
660923372,20170601,201706,CHNEDU,CHINESE,CHN,,,,,EDU,,,USA,INDIANA,USA,,,,,,,,1,042,042,04,1,1.9,6,1,6,1.57894736842105,4,"Shenyang, Liaoning, China",CH,CH19,13177,41.7922,123.433,-1925258,2,"Indiana, United States",US,USIN,,39.8647,-86.2604,IN,4,"Shenyang, Liaoning, China",CH,CH19,13177,41.7922,123.433,-1925258,20170601094500,Consult,Verbal cooperation
660924355,20170601,201706,MNCUSA,MICROSOFT,USA,,,,,MNC,,,CHNGOV,CHINESE,CHN,,,,,GOV,,,1,030,030,03,1,4.0,6,1,6,6.15384615384615,1,Canada,CA,CA,,60.0,-95.0,CA,1,China,CH,CH,,35.0,105.0,CH,1,China,CH,CH,,35.0,105.0,CH,20170601094500,Express intent to cooperate,Verbal cooperation
660924808,20170601,201706,USA,UNITED STATES,USA,,,,,,,,CHN,CHINA,CHN,,,,,,,,1,030,030,03,1,4.0,6,1,6,-1.21580547112462,3,"Washington, District of Columbia, United States",US,USDC,DC001,38.8951,-77.0364,531871,1,China,CH,CH,,35.0,105.0,CH,1,China,CH,CH,,35.0,105.0,CH,20170601094500,Express intent to cooperate,Verbal cooperation
660924809,20170601,201706,USA,INDIANA,USA,,,,,,,,CHN,CHINA,CHN,,,,,,,,1,042,042,04,1,1.9,6,1,6,1.57894736842105,4,"Shenyang, Liaoning, China",CH,CH19,13177,41.7922,123.433,-1925258,4,"Shenyang, Liaoning, China",CH,CH19,13177,41.7922,123.433,-1925258,4,"Shenyang, Liaoning, China",CH,CH19,13177,41.7922,123.433,-1925258,20170601094500,Consult,Verbal cooperation
660924819,20170601,201706,USA,INDIANA,USA,,,,,,,,CHNEDU,CHINESE,CHN,,,,,EDU,,,1,043,043,04,1,2.8,6,1,6,1.57894736842105,2,"Indiana, United States",US,USIN,,39.8647,-86.2604,IN,4,"Shenyang, Liaoning, China",CH,CH19,13177,41.7922,123.433,-1925258,4,"Shenyang, Liaoning, China",CH,CH19,13177,41.7922,123.433,-1925258,20170601094500,Consult,Verbal cooperation
660927169,20170601,201706,USA,RICHMOND,USA,,,,,,,,CHN,CHINA,CHN,,,,,,,,1,130,130,13,3,-4.4,8,1,8,1.44927536231884,1,China,CH,CH,,35.0,105.0,CH,4,"Paris, France (general), France",FR,FR00,16282,48.8667,2.33333,-1456928,4,"Paris, France (general), France",FR,FR00,16282,48.8667,2.33333,-1456928,20170601100000,Threaten,Verbal conflict
660941229,20170601,201706,CHN,CHINESE,CHN,,,,,,,,USA,THE US,USA,,,,,,,,1,0356,035,03,1,7.0,10,1,10,2.14285714285714,1,China,CH,CH,,35.0,105.0,CH,4,"Paris, France (general), France",FR,FR00,16282,48.8667,2.33333,-1456928,4,"Paris, France (general), France",FR,FR00,16282,48.8667,2.33333,-1456928,20170601111500,Express intent to cooperate,Verbal cooperation
660941230,20170601,201706,CHN,CANTON,CHN,,,,,,,,USA,OHIO,USA,,,,,,,,1,051,051,05,1,3.4,6,1,6,0.0,1,China,CH,CH,,35.0,105.0,CH,1,China,CH,CH,,35.0,105.0,CH,1,China,CH,CH,,35.0,105.0,CH,20170601111500,Engage in diplomatic cooperation,Verbal cooperation
660949769,20170601,201706,USA,UNITED STATES,USA,,,,,,,,CHN,CHINA,CHN,,,,,,,,1,090,090,09,2,-2.0,8,1,8,-6.16438356164384,3,"Norfolk, Virginia, United States",US,USVA,VA710,36.8468,-76.2852,1497051,1,Taiwan,TW,TW,,23.5,121.0,TW,1,Taiwan,TW,TW,,23.5,121.0,TW,20170601114500,Investigate,Material cooperation
660949770,20170601,201706,USA,UNITED STATES,USA,,,,,,,,CHN,CHINA,CHN,,,,,,,,1,173,173,17,4,-5.0,8,1,8,-6.16438356164384,2,"Hawaii, United States",US,USHI,,21.1098,-157.531,HI,2,"Hawaii, United States",US,USHI,,21.1098,-157.531,HI,2,"Hawaii, United States",US,USHI,,21.1098,-157.531,HI,20170601114500,Coerce,Material conflict
660954588,20170601,201706,CHN,CHINA,CHN,,,,,,,,USA,VERMONT,USA,,,,,,,,1,031,031,03,1,5.2,6,1,6,2.4390243902439,4,"Sichuan, Gansu, China",CH,CH15,13024,35.1221,105.48,10650455,4,"Sichuan, Gansu, China",CH,CH15,13024,35.1221,105.48,10650455,4,"Sichuan, Gansu, China",CH,CH15,13024,35.1221,105.48,10650455,20170601121500,Express intent to cooperate,Verbal cooperation
660956964,20170601,201706,USAMED,REUTERS,USA,,,,,MED,,,CHNGOV,CHINA,CHN,,,,,GOV,,,1,130,130,13,3,-4.4,10,1,10,-1.17994100294985,1,China,CH,CH,,35.0,105.0,CH,1,China,CH,CH,,35.0,105.0,CH,1,China,CH,CH,,35.0,105.0,CH,20170601121500,Threaten,Verbal conflict
660964667,20170601,201706,USA,UNITED STATES,USA,,,,,,,,CHN,CHINA,CHN,,,,,,,,1,173,173,17,4,-5.0,6,1,6,-3.03030303030303,2,"Hawaii, United States",US,USHI,,21.1098,-157.531,HI,2,"Virginia, United States",US,USVA,,37.768,-78.2057,VA,2,"Virginia, United States",US,USVA,,37.768,-78.2057,VA,20170601124500,Coerce,Material conflict
660967438,20170601,201706,CHN,CHINA,CHN,,,,,,,,USA,THE US,USA,,,,,,,,1,050,050,05,1,3.5,6,1,6,2.29357798165138,1,China,CH,CH,,35.0,105.0,CH,1,China,CH,CH,,35.0,105.0,CH,1,North Korea,KN,KN,,40.0,127.0,KN,20170601130000,Engage in diplomatic cooperation,Verbal cooperation
660969239,20170601,201706,USA,THE US,USA,,,,,,,,CHN,CHINA,CHN,,,,,,,,1,050,050,05,1,3.5,6,1,6,2.29357798165138,1,China,CH,CH,,35.0,105.0,CH,1,China,CH,CH,,35.0,105.0,CH,1,North Korea,KN,KN,,40.0,127.0,KN,20170601130000,Engage in diplomatic cooperation,Verbal cooperation
660973911,20170601,201706,CHN,BEIJING,CHN,,,,,,,,USA,UNITED STATES,USA,,,,,,,,1,0356,035,03,1,7.0,10,1,10,1.51515151515151,4,"Paris, France (general), France",FR,FR00,16282,48.8667,2.33333,-1456928,4,"Paris, France (general), France",FR,FR00,16282,48.8667,2.33333,-1456928,4,"Paris, France (general), France",FR,FR00,16282,48.8667,2.33333,-1456928,20170601133000,Express intent to cooperate,Verbal cooperation
660978917,20170601,201706,CHN,CHINA,CHN,,,,,,,,USA,THE US,USA,,,,,,,,1,043,043,04,1,2.8,10,1,10,-1.2531328320802,4,"Beijing, Beijing, China",CH,CH22,13001,39.9289,116.388,-1898541,4,"Tokyo, Tokyo, Japan",JA,JA40,36340,35.685,139.751,-246227,4,"Tokyo, Tokyo, Japan",JA,JA40,36340,35.685,139.751,-246227,20170601134500,Consult,Verbal cooperation
660978918,20170601,201706,CHN,CHINESE,CHN,,,,,,,,USAMED,ASSOCIATED PRESS,USA,,,,,MED,,,1,120,120,12,3,-4.0,9,1,9,-6.03829160530191,4,"Chengde, Hebei, China",CH,CH10,13082,40.7703,118.17,-1931354,4,"Chengde, Hebei, China",CH,CH10,13082,40.7703,118.17,-1931354,4,"Chengde, Hebei, China",CH,CH10,13082,40.7703,118.17,-1931354,20170601134500,Reject,Verbal conflict
661005259,20170601,201706,USA,BOSTON,USA,,,,,,,,CHN,CHINA,CHN,,,,,,,,1,050,050,05,1,3.5,8,1,8,0.48543689320388,4,"Paris, France (general), France",FR,FR00,16282,48.8667,2.33333,-1456928,4,"Paris, France (general), France",FR,FR00,16282,48.8667,2.33333,-1456928,4,"Paris, France (general), France",FR,FR00,16282,48.8667,2.33333,-1456928,20170601153000,Engage in diplomatic cooperation,Verbal cooperation
661013336,20170601,201706,CHN,CHINA,CHN,,,,,,,,MNCUSA,BOEING,USA,,,,,MNC,,,1,043,043,04,1,2.8,10,1,10,1.01694915254237,1,China,CH,CH,,35.0,105.0,CH,1,China,CH,CH,,35.0,105.0,CH,1,China,CH,CH,,35.0,105.0,CH,20170601163000,Consult,Verbal cooperation
661013358,20170601,201706,CHN,CHINA,CHN,,,,,,,,USA,UNITED STATES,USA,,,,,,,,1,050,050,05,1,3.5,6,1,6,-3.64145658263305,4,"Beijing, Beijing, China",CH,CH22,13001,39.9289,116.388,-1898541,1,United States,US,US,,38.0,-97.0,US,4,"Beijing, Beijing, China",CH,CH22,13001,39.9289,116.388,-1898541,20170601163000,Engage in diplomatic cooperation,Verbal cooperation
661015088,20170601,201706,MNCUSA,BOEING,USA,,,,,MNC,,,CHN,CHINA,CHN,,,,,,,,1,042,042,04,1,1.9,6,1,6,1.01694915254237,3,"North Idaho College, Idaho, United States",US,USID,ID055,47.6757,-116.796,394834,3,"North Idaho College, Idaho, United States",US,USID,,47.6757,-116.796,394834,3,"North Idaho College, Idaho, United States",US,USID,,47.6757,-116.796,394834,20170601163000,Consult,Verbal cooperation
661015889,20170601,201706,USA,IOWA,USA,,,,,,,,CHN,CHINA,CHN,,,,,,,,1,036,036,03,1,4.0,7,1,7,1.40350877192982,2,"Iowa, United States",US,USIA,,42.0046,-93.214,IA,2,"Iowa, United States",US,USIA,,42.0046,-93.214,IA,2,"Iowa, United States",US,USIA,,42.0046,-93.214,IA,20170601163000,Express intent to cooperate,Verbal cooperation
661015896,20170601,201706,USA,UNITED STATES,USA,,,,,,,,CHN,CHINA,CHN,,,,,,,,1,050,050,05,1,3.5,6,1,6,-3.64145658263305,1,United States,US,US,,38.0,-97.0,US,4,"Beijing, Beijing, China",CH,CH22,13001,39.9289,116.388,-1898541,4,"Beijing, Beijing, China",CH,CH22,13001,39.9289,116.388,-1898541,20170601163000,Engage in diplomatic cooperation,Verbal cooperation
661024140,20170601,201706,CHN,CHINESE,CHN,,,,,,,,USA,FLORIDA,USA,,,,,,,,1,036,036,03,1,4.0,10,1,10,3.06513409961685,4,"Hangzhou, Zhejiang, China",CH,CH02,13319,30.2553,120.169,-1908366,2,"Florida, United States",US,USFL,,27.8333,-81.717,FL,4,"Hangzhou, Zhejiang, China",CH,CH02,13319,30.2553,120.169,-1908366,20170601170000,Express intent to cooperate,Verbal cooperation
661024141,20170601,201706,CHN,CHINA,CHN,,,,,,,,USA,THE US,USA,,,,,,,,1,046,046,04,1,7.0,10,1,10,-0.4920049200492,2,"New York, United States",US,USNY,,42.1497,-74.9384,NY,2,"New York, United States",US,USNY,,42.1497,-74.9384,NY,2,"New York, United States",US,USNY,,42.1497,-74.9384,NY,20170601170000,Consult,Verbal cooperation
661026412,20170601,201706,USA,THE US,USA,,,,,,,,CHN,CHINA,CHN,,,,,,,,1,046,046,04,1,7.0,10,1,10,-0.4920049200492,4,"Beijing, Beijing, China",CH,CH22,13001,39.9289,116.388,-1898541,4,"Beijing, Beijing, China",CH,CH22,13001,39.9289,116.388,-1898541,4,"Beijing, Beijing, China",CH,CH22,13001,39.9289,116.388,-1898541,20170601170000,Consult,Verbal cooperation
661026418,20170601,201706,USA,THE US,USA,,,,,,,,CHNGOV,BEIJING,CHN,,,,,GOV,,,1,011,011,01,1,-0.1,6,1,6,-5.55555555555556,4,"Beijing, Beijing, China",CH,CH22,13001,39.9289,116.388,-1898541,4,"Beijing, Beijing, China",CH,CH22,13001,39.9289,116.388,-1898541,4,"Beijing, Beijing, China",CH,CH22,13001,39.9289,116.388,-1898541,20170601170000,Make public statement,Verbal cooperation
661033886,20170601,201706,CHN,CHINA,CHN,,,,,,,,USA,THE US,USA,,,,,,,,1,030,030,03,1,4.0,10,1,10,0.0,1,China,CH,CH,,35.0,105.0,CH,1,China,CH,CH,,35.0,105.0,CH,4,"Paris, France (general), France",FR,FR00,16282,48.8667,2.33333,-1456928,20170601173000,Express intent to cooperate,Verbal cooperation
661036238,20170601,201706,USA,THE US,USA,,,,,,,,CHN,CHINA,CHN,,,,,,,,1,030,030,03,1,4.0,10,1,10,0.0,1,China,CH,CH,,35.0,105.0,CH,1,China,CH,CH,,35.0,105.0,CH,4,"Paris, France (general), France",FR,FR00,16282,48.8667,2.33333,-1456928,20170601173000,Express intent to cooperate,Verbal cooperation
661038829,20170601,201706,CHN,CHINESE,CHN,,,,,,,,USA,UNITED STATES,USA,,,,,,,,1,042,042,04,1,1.9,7,1,7,2.25563909774436,4,"Beijing, Beijing, China",CH,CH22,13001,39.9289,116.388,-1898541,1,United States,US,US,,38.0,-97.0,US,4,"Beijing, Beijing, China",CH,CH22,13001,39.9289,116.388,-1898541,20170601174500,Consult,Verbal cooperation
661040436,20170601,201706,USA,UNITED STATES,USA,,,,,,,,CHN,CHINESE,CHN,,,,,,,,1,043,043,04,1,2.8,7,1,7,2.25563909774436,1,United States,US,US,,38.0,-97.0,US,4,"Beijing, Beijing, China",CH,CH22,13001,39.9289,116.388,-1898541,4,"Beijing, Beijing, China",CH,CH22,13001,39.9289,116.388,-1898541,20170601174500,Consult,Verbal cooperation
661043323,20170601,201706,USA,NEW YORK,USA,,,,,,,,CHN,CHINESE,CHN,,,,,,,,1,071,071,07,2,7.4,7,1,7,0.0,1,China,CH,CH,,35.0,105.0,CH,1,China,CH,CH,,35.0,105.0,CH,1,China,CH,CH,,35.0,105.0,CH,20170601180000,Provide aid,Material cooperation
661047177,20170601,201706,CHN,BEIJING,CHN,,,,,,,,USA,WASHINGTON,USA,,,,,,,,1,020,020,02,1,3.0,10,1,10,-0.574712643678161,0,,,,,,,,0,,,,,,,,0,,,,,,,,20170601181500,Appeal,Verbal cooperation
661062106,20170601,201706,CHNGOV,CHINESE,CHN,,,,,GOV,,,USA,WASHINGTON,USA,,,,,,,,1,010,010,01,1,0.0,8,1,8,-0.73126142595978,1,China,CH,CH,,35.0,105.0,CH,1,China,CH,CH,,35.0,105.0,CH,1,China,CH,CH,,35.0,105.0,CH,20170601191500,Make public statement,Verbal cooperation
661063822,20170601,201706,USA,UNITED STATES,USA,,,,,,,,CHN,BEIJING,CHN,,,,,,,,1,080,080,08,2,5.0,10,1,10,1.83946488294314,1,United States,US,US,,38.0,-97.0,US,4,"Beijing, Beijing, China",CH,CH22,13001,39.9289,116.388,-1898541,4,"Beijing, Beijing, China",CH,CH22,13001,39.9289,116.388,-1898541,20170601191500,Yield,Material cooperation
661077468,20170601,201706,USA,UNITED STATES,USA,,,,,,,,CHN,CHINESE,CHN,,,,,,,,1,012,012,01,1,-0.4,8,2,8,-0.277777777777779,2,"New York, United States",US,USNY,,42.1497,-74.9384,NY,2,"New York, United States",US,USNY,,42.1497,-74.9384,NY,2,"New York, United States",US,USNY,,42.1497,-74.9384,NY,20170601201500,Make public statement,Verbal cooperation
661081350,20170601,201706,USAMED,ASSOCIATED PRESS,USA,,,,,MED,,,CHN,CHINA,CHN,,,,,,,,1,173,173,17,4,-5.0,7,1,7,-10.8108108108108,4,"Huajian, Hebei, China",CH,CH10,13082,40.3411,118.547,39900,4,"Huajian, Hebei, China",CH,CH10,13082,40.3411,118.547,39900,4,"Huajian, Hebei, China",CH,CH10,13082,40.3411,118.547,39900,20170601204500,Coerce,Material conflict
661088551,20170601,201706,USA,THE US,USA,,,,,,,,CHN,CHINA,CHN,,,,,,,,1,061,061,06,2,6.4,8,1,8,1.38248847926268,1,Nicaragua,NU,NU,,13.0,-85.0,NU,1,Nicaragua,NU,NU,,13.0,-85.0,NU,1,Nicaragua,NU,NU,,13.0,-85.0,NU,20170601213000,Engage in material cooperation,Material cooperation
661090962,20170601,201706,CHNCVL,CHINESE,CHN,,,,,CVL,,,USA,CALIF,USA,,,,,,,,1,190,190,19,4,-10.0,6,1,6,-5.39906103286385,4,"Xia Wang, Guangdong, China",CH,CH30,13163,24.7417,115.29,11117440,4,"Xia Wang, Guangdong, China",CH,CH30,13163,24.7417,115.29,11117440,4,"Xia Wang, Guangdong, China",CH,CH30,13163,24.7417,115.29,11117440,20170601220000,Fight,Material conflict
661093306,20170601,201706,USAMED,REUTERS,USA,,,,,MED,,,CHN,CHINA,CHN,,,,,,,,1,130,130,13,3,-4.4,7,1,7,-1.18343195266273,4,"Xieshan, Guangdong, China",CH,CH30,13048,22.5059,112.433,10320846,4,"Yangtze River, China (general), China",CH,CH00,13243,31.7867,121.141,-1899838,4,"Poyang Lake, Jiangxi, China",CH,CH03,13165,28.8401,116.492,-1921353,20170601220000,Threaten,Verbal conflict
661105450,20170601,201706,CHN,CANTON,CHN,,,,,,,,USA,LAWRENCE,USA,,,,,,,,1,040,040,04,1,1.0,10,1,10,-4.26666666666666,1,China,CH,CH,,35.0,105.0,CH,1,China,CH,CH,,35.0,105.0,CH,1,China,CH,CH,,35.0,105.0,CH,20170601230000,Consult,Verbal cooperation
661106863,20170601,201706,USA,LAWRENCE,USA,,,,,,,,CHN,CANTON,CHN,,,,,,,,1,040,040,04,1,1.0,10,1,10,-4.26666666666666,3,"Syracuse, New York, United States",US,USNY,NY067,43.0481,-76.1474,966966,3,"Syracuse, New York, United States",US,USNY,NY067,43.0481,-76.1474,966966,3,"Syracuse, New York, United States",US,USNY,NY067,43.0481,-76.1474,966966,20170601230000,Consult,Verbal cooperation
661115413,20170601,201706,CHN,CHINA,CHN,,,,,,,,USA,CALIFORNIA,USA,,,,,,,,1,046,046,04,1,7.0,21,3,21,-1.10346361265334,1,China,CH,CH,,35.0,105.0,CH,2,"California, United States",US,USCA,,36.17,-119.746,CA,2,"California, United States",US,USCA,,36.17,-119.746,CA,20170601234500,Consult,Verbal cooperation
661116890,20170601,201706,USA,CALIFORNIA,USA,,,,,,,,CHN,CHINA,CHN,,,,,,,,1,046,046,04,1,7.0,21,3,21,-1.10346361265334,1,China,CH,CH,,35.0,105.0,CH,1,China,CH,CH,,35.0,105.0,CH,1,China,CH,CH,,35.0,105.0,CH,20170601234500,Consult,Verbal cooperation
661119380,20170602,201706,CHN,CHINA,CHN,,,,,,,,USA,CALIFORNIA,USA,,,,,,,,1,046,046,04,1,7.0,22,2,15,-0.924733687930725,1,China,CH,CH,,35.0,105.0,CH,2,"California, United States",US,USCA,,36.17,-119.746,CA,2,"California, United States",US,USCA,,36.17,-119.746,CA,20170602000000,Consult,Verbal cooperation
661123335,20170602,201706,USA,CALIFORNIA,USA,,,,,,,,CHN,CHINA,CHN,,,,,,,,1,046,046,04,1,7.0,7,1,7,-1.09489051094891,2,"California, United States",US,USCA,,36.17,-119.746,CA,1,China,CH,CH,,35.0,105.0,CH,2,"California, United States",US,USCA,,36.17,-119.746,CA,20170602000000,Consult,Verbal cooperation
661123336,20170602,201706,USA,CALIFORNIA,USA,,,,,,,,CHN,CHINA,CHN,,,,,,,,1,046,046,04,1,7.0,15,2,15,-0.845327170522238,1,China,CH,CH,,35.0,105.0,CH,1,China,CH,CH,,35.0,105.0,CH,1,China,CH,CH,,35.0,105.0,CH,20170602000000,Consult,Verbal cooperation
661132169,20170602,201706,CHN,CANTON,CHN,,,,,,,,USA,OHIO,USA,,,,,,,,1,051,051,05,1,3.4,10,1,10,-0.70921985815603,1,China,CH,CH,,35.0,105.0,CH,2,"Ohio, United States",US,USOH,,40.3736,-82.7755,OH,2,"Ohio, United States",US,USOH,,40.3736,-82.7755,OH,20170602003000,Engage in diplomatic cooperation,Verbal cooperation
661144763,20170602,201706,CHN,CHINA,CHN,,,,,,,,USA,UNITED STATES,USA,,,,,,,,1,0874,087,08,2,10.0,6,1,6,1.3986013986014,1,United Kingdom,UK,UK,,54.0,-2.0,UK,1,United Kingdom,UK,UK,,54.0,-2.0,UK,1,United Kingdom,UK,UK,,54.0,-2.0,UK,20170602013000,Yield,Material cooperation
661149065,20170602,201706,CHN,CHINA,CHN,,,,,,,,USA,LOS ANGELES,USA,,,,,,,,1,042,042,04,1,1.9,6,1,6,1.82370820668693,4,"Shanghai, Shanghai, China",CH,CH23,13243,31.2222,121.458,-1924465,4,"Izmir, Izmir, Turkey",TU,TU35,27937,38.4104,27.142,-755097,4,"Shanghai, Shanghai, China",CH,CH23,13243,31.2222,121.458,-1924465,20170602014500,Consult,Verbal cooperation
661151178,20170602,201706,USA,LOS ANGELES,USA,,,,,,,,CHN,CHINA,CHN,,,,,,,,1,043,043,04,1,2.8,6,1,6,1.82370820668693,4,"Izmir, Izmir, Turkey",TU,TU35,27937,38.4104,27.142,-755097,4,"Shanghai, Shanghai, China",CH,CH23,13243,31.2222,121.458,-1924465,4,"Shanghai, Shanghai, China",CH,CH23,13243,31.2222,121.458,-1924465,20170602014500,Consult,Verbal cooperation
661156062,20160602,201606,CHN,CHINA,CHN,,,,,,,,USA,UNITED STATES,USA,,,,,,,,1,080,080,08,2,5.0,8,1,8,-6.48535564853557,4,"Beijing, Beijing, China",CH,CH22,13001,39.9289,116.388,-1898541,4,"Beijing, Beijing, China",CH,CH22,13001,39.9289,116.388,-1898541,4,"Beijing, Beijing, China",CH,CH22,13001,39.9289,116.388,-1898541,20170602021500,Yield,Material cooperation
661163478,20170602,201706,CHN,CHINA,CHN,,,,,,,,USAGOV,CALIFORNIA,USA,,,,,GOV,,,1,043,043,04,1,2.8,6,1,6,1.29017566177452,1,China,CH,CH,,35.0,105.0,CH,2,"California, United States",US,USCA,,36.17,-119.746,CA,1,China,CH,CH,,35.0,105.0,CH,20170602024500,Consult,Verbal cooperation
661165412,20170602,201706,USAGOV,CALIFORNIA,USA,,,,,GOV,,,CHN,CHINA,CHN,,,,,,,,1,042,042,04,1,1.9,6,1,6,2.20264317180617,1,China,CH,CH,,35.0,105.0,CH,2,"California, United States",US,USCA,,36.17,-119.746,CA,2,"California, United States",US,USCA,,36.17,-119.746,CA,20170602024500,Consult,Verbal cooperation
661166311,20170602,201706,CHNGOV,CHINESE,CHN,,,,,GOV,,,USA,THE US,USA,,,,,,,,1,0874,087,08,2,10.0,6,1,6,0.57012542759407,1,United Kingdom,UK,UK,,54.0,-2.0,UK,1,United Kingdom,UK,UK,,54.0,-2.0,UK,1,United Kingdom,UK,UK,,54.0,-2.0,UK,20170602030000,Yield,Material cooperation
661169544,20170602,201706,CHN,CHINA,CHN,,,,,,,,USA,CALIFORNIA,USA,,,,,,,,1,046,046,04,1,7.0,17,1,10,-0.32467532467532,4,"Beijing, Beijing, China",CH,CH22,13001,39.9289,116.388,-1898541,2,"California, United States",US,USCA,,36.17,-119.746,CA,2,"California, United States",US,USCA,,36.17,-119.746,CA,20170602031500,Consult,Verbal cooperation
661169545,20170602,201706,CHN,CHINA,CHN,,,,,,,,USA,UNITED STATES,USA,,,,,,,,1,057,057,05,1,8.0,10,1,10,3.97456279809221,4,"Shanghai, Shanghai, China",CH,CH23,13243,31.2222,121.458,-1924465,4,"Shanghai, Shanghai, China",CH,CH23,13243,31.2222,121.458,-1924465,4,"Shanghai, Shanghai, China",CH,CH23,13243,31.2222,121.458,-1924465,20170602031500,Engage in diplomatic cooperation,Verbal cooperation
661170812,20170602,201706,USA,CALIFORNIA,USA,,,,,,,,CHN,CHINA,CHN,,,,,,,,1,046,046,04,1,7.0,10,1,10,-0.32467532467532,4,"Beijing, Beijing, China",CH,CH22,13001,39.9289,116.388,-1898541,4,"Beijing, Beijing, China",CH,CH22,13001,39.9289,116.388,-1898541,4,"Beijing, Beijing, China",CH,CH22,13001,39.9289,116.388,-1898541,20170602031500,Consult,Verbal cooperation
661170813,20170602,201706,USA,CALIFORNIA,USA,,,,,,,,CHN,CHINA,CHN,,,,,,,,1,046,046,04,1,7.0,7,1,7,-0.32467532467532,2,"California, United States",US,USCA,,36.17,-119.746,CA,4,"Beijing, Beijing, China",CH,CH22,13001,39.9289,116.388,-1898541,2,"California, United States",US,USCA,,36.17,-119.746,CA,20170602031500,Consult,Verbal cooperation
661170815,20170602,201706,USA,UNITED STATES,USA,,,,,,,,CHN,CHINA,CHN,,,,,,,,1,057,057,05,1,8.0,8,1,8,3.97456279809221,1,United States,US,US,,38.0,-97.0,US,4,"Beijing, Beijing, China",CH,CH22,13001,39.9289,116.388,-1898541,1,Germany,GM,GM,,51.0,9.0,GM,20170602031500,Engage in diplomatic cooperation,Verbal cooperation
661175689,20160602,201606,CHN,CHINESE,CHN,,,,,,,,USA,UNITED STATES,USA,,,,,,,,1,042,042,04,1,1.9,10,1,10,-7.9726651480638,4,"Beijing, Beijing, China",CH,CH22,13001,39.9289,116.388,-1898541,4,"Beijing, Beijing, China",CH,CH22,13001,39.9289,116.388,-1898541,4,"Beijing, Beijing, China",CH,CH22,13001,39.9289,116.388,-1898541,20170602034500,Consult,Verbal cooperation
661175690,20160602,201606,CHN,CHINESE,CHN,,,,,,,,USA,UNITED STATES,USA,,,,,,,,1,080,080,08,2,5.0,10,1,10,-7.9726651480638,4,"Beijing, Beijing, China",CH,CH22,13001,39.9289,116.388,-1898541,1,United States,US,US,,38.0,-97.0,US,1,United States,US,US,,38.0,-97.0,US,20170602034500,Yield,Material cooperation
661175700,20160602,201606,USA,UNITED STATES,USA,,,,,,,,CHN,CHINESE,CHN,,,,,,,,1,043,043,04,1,2.8,10,1,10,-7.9726651480638,1,United States,US,US,,38.0,-97.0,US,4,"Beijing, Beijing, China",CH,CH22,13001,39.9289,116.388,-1898541,4,"Beijing, Beijing, China",CH,CH22,13001,39.9289,116.388,-1898541,20170602034500,Consult,Verbal cooperation
661181541,20170602,201706,CHN,CHINA,CHN,,,,,,,,MNCUSA,APPLE INC,USA,,,,,MNC,,,1,043,043,04,1,2.8,10,1,10,-0.64695009242144,1,China,CH,CH,,35.0,105.0,CH,1,China,CH,CH,,35.0,105.0,CH,1,China,CH,CH,,35.0,105.0,CH,20170602041500,Consult,Verbal cooperation
661182293,20170602,201706,MNCUSA,APPLE INC,USA,,,,,MNC,,,CHN,CHINA,CHN,,,,,,,,1,042,042,04,1,1.9,7,1,7,-0.64695009242144,2,"Michigan, United States",US,USMI,,43.3504,-84.5603,MI,2,"Michigan, United States",US,USMI,,43.3504,-84.5603,MI,2,"Michigan, United States",US,USMI,,43.3504,-84.5603,MI,20170602041500,Consult,Verbal cooperation
661193753,20170602,201706,USA,NEW YORK,USA,,,,,,,,CHN,CHINESE,CHN,,,,,,,,1,071,071,07,2,7.4,10,1,10,0.0,1,China,CH,CH,,35.0,105.0,CH,1,China,CH,CH,,35.0,105.0,CH,1,China,CH,CH,,35.0,105.0,CH,20170602051500,Provide aid,Material cooperation
661195445,20170602,201706,USA,CALIFORNIA,USA,,,,,,,,CHN,CHINA,CHN,,,,,,,,1,046,046,04,1,7.0,6,1,6,1.90476190476191,4,"Paris, France (general), France",FR,FR00,16282,48.8667,2.33333,-1456928,4,"Paris, France (general), France",FR,FR00,16282,48.8667,2.33333,-1456928,4,"Paris, France (general), France",FR,FR00,16282,48.8667,2.33333,-1456928,20170602053000,Consult,Verbal cooperation
661195605,20170602,201706,USAGOV,CALIFORNIA,USA,,,,,GOV,,,CHN,CHINA,CHN,,,,,,,,1,020,020,02,1,3.0,8,1,8,-2.23285486443381,4,"Paris, France (general), France",FR,FR00,16282,48.8667,2.33333,-1456928,4,"Paris, France (general), France",FR,FR00,16282,48.8667,2.33333,-1456928,4,"Paris, France (general), France",FR,FR00,16282,48.8667,2.33333,-1456928,20170602053000,Appeal,Verbal cooperation
661197123,20170602,201706,CHN,CHINA,CHN,,,,,,,,USA,CALIFORNIA,USA,,,,,,,,1,040,040,04,1,1.0,8,1,8,-1.13636363636364,1,China,CH,CH,,35.0,105.0,CH,2,"California, United States",US,USCA,,36.17,-119.746,CA,2,"California, United States",US,USCA,,36.17,-119.746,CA,20170602054500,Consult,Verbal cooperation
661198286,20170602,201706,USA,CALIFORNIA,USA,,,,,,,,CHN,CHINA,CHN,,,,,,,,1,040,040,04,1,1.0,7,1,7,-1.13636363636364,2,"California, United States",US,USCA,,36.17,-119.746,CA,2,"California, United States",US,USCA,,36.17,-119.746,CA,2,"California, United States",US,USCA,,36.17,-119.746,CA,20170602054500,Consult,Verbal cooperation
661200067,20170602,201706,CHN,CHINA,CHN,,,,,,,,USA,UNITED STATES,USA,,,,,,,,1,042,042,04,1,1.9,6,1,6,0.928792569659441,1,China,CH,CH,,35.0,105.0,CH,1,United States,US,US,,38.0,-97.0,US,1,United States,US,US,,38.0,-97.0,US,20170602060000,Consult,Verbal cooperation
661201164,20170602,201706,USA,UNITED STATES,USA,,,,,,,,CHN,CHINA,CHN,,,,,,,,1,043,043,04,1,2.8,6,1,6,0.928792569659441,1,United States,US,US,,38.0,-97.0,US,1,China,CH,CH,,35.0,105.0,CH,1,United States,US,US,,38.0,-97.0,US,20170602060000,Consult,Verbal cooperation
661202939,20170602,201706,CHN,CHINA,CHN,,,,,,,,MNCUSA,NEUBERGER BERMAN,USA,,,,,MNC,,,1,071,071,07,2,7.4,14,1,10,0.956022944550668,4,"Tianjin, Tianjin, China",CH,CH28,13279,39.1422,117.177,-1928564,4,"Tianjin, Tianjin, China",CH,CH28,13279,39.1422,117.177,-1928564,4,"Tianjin, Tianjin, China",CH,CH28,13279,39.1422,117.177,-1928564,20170602061500,Provide aid,Material cooperation
661210404,20170602,201706,CHN,CHINA,CHN,,,,,,,,USA,UNITED STATES,USA,,,,,,,,1,050,050,05,1,3.5,6,1,6,-4.56026058631922,1,China,CH,CH,,35.0,105.0,CH,1,United States,US,US,,38.0,-97.0,US,1,China,CH,CH,,35.0,105.0,CH,20170602064500,Engage in diplomatic cooperation,Verbal cooperation
661232136,20170602,201706,CHN,CHINA,CHN,,,,,,,,USA,NEW YORK,USA,,,,,,,,1,042,042,04,1,1.9,8,1,8,2.93012772351615,2,"New York, United States",US,USNY,,42.1497,-74.9384,NY,2,"New York, United States",US,USNY,,42.1497,-74.9384,NY,2,"New York, United States",US,USNY,,42.1497,-74.9384,NY,20170602083000,Consult,Verbal cooperation
661233581,20170602,201706,USA,WASHINGTON,USA,,,,,,,,CHN,CHINA,CHN,,,,,,,,1,040,040,04,1,1.0,10,1,10,1.32743362831859,3,"Washington, District of Columbia, United States",US,USDC,DC001,38.8951,-77.0364,531871,1,China,CH,CH,,35.0,105.0,CH,3,"Washington, District of Columbia, United States",US,USDC,DC001,38.8951,-77.0364,531871,20170602083000,Consult,Verbal cooperation
661233582,20170602,201706,USA,NEW YORK,USA,,,,,,,,CHN,CHINA,CHN,,,,,,,,1,043,043,04,1,2.8,8,1,8,2.93012772351615,2,"New York, United States",US,USNY,,42.1497,-74.9384,NY,1,China,CH,CH,,35.0,105.0,CH,1,China,CH,CH,,35.0,105.0,CH,20170602083000,Consult,Verbal cooperation
661246536,20170602,201706,CHN,CHINA,CHN,,,,,,,,USAGOV,CALIFORNIA,USA,,,,,GOV,,,1,043,043,04,1,2.8,6,1,6,-0.54945054945055,4,"Lingnan, Guangdong, China",CH,CH30,13034,22.4285,112.857,10317483,2,"California, United States",US,USCA,,36.17,-119.746,CA,4,"Lingnan, Guangdong, China",CH,CH30,13034,22.4285,112.857,10317483,20170602093000,Consult,Verbal cooperation
661247937,20170602,201706,USAGOV,CALIFORNIA,USA,,,,,GOV,,,CHN,CHINA,CHN,,,,,,,,1,042,042,04,1,1.9,6,1,6,-0.54945054945055,2,"California, United States",US,USCA,,36.17,-119.746,CA,4,"Lingnan, Guangdong, China",CH,CH30,13034,22.4285,112.857,10317483,4,"Lingnan, Guangdong, China",CH,CH30,13034,22.4285,112.857,10317483,20170602093000,Consult,Verbal cooperation
661251219,20170602,201706,USA,THE US,USA,,,,,,,,CHNGOV,CHINESE,CHN,,,,,GOV,,,1,020,020,02,1,3.0,8,1,8,-0.66115702479338,1,United States,US,US,,38.0,-97.0,US,1,China,CH,CH,,35.0,105.0,CH,1,United States,US,US,,38.0,-97.0,US,20170602094500,Appeal,Verbal cooperation
661251220,20170602,201706,USA,THE US,USA,,,,,,,,CHNGOV,CHINESE,CHN,,,,,GOV,,,1,090,090,09,2,-2.0,6,1,6,-0.66115702479338,1,United States,US,US,,38.0,-97.0,US,1,China,CH,CH,,35.0,105.0,CH,1,United States,US,US,,38.0,-97.0,US,20170602094500,Investigate,Material cooperation
661253444,20170602,201706,CHN,CHINA,CHN,,,,,,,,USA,THE US,USA,,,,,,,,1,036,036,03,1,4.0,8,1,8,-0.21505376344086,1,China,CH,CH,,35.0,105.0,CH,1,China,CH,CH,,35.0,105.0,CH,1,China,CH,CH,,35.0,105.0,CH,20170602100000,Express intent to cooperate,Verbal cooperation
661254782,20170602,201706,USA,THE US,USA,,,,,,,,CHN,CHINA,CHN,,,,,,,,1,036,036,03,1,4.0,10,1,10,-0.21505376344086,1,China,CH,CH,,35.0,105.0,CH,1,China,CH,CH,,35.0,105.0,CH,1,China,CH,CH,,35.0,105.0,CH,20170602100000,Express intent to cooperate,Verbal cooperation
661256861,20170602,201706,CHN,CHINA,CHN,,,,,,,,USA,THE US,USA,,,,,,,,1,036,036,03,1,4.0,10,1,10,0.46728971962617,4,"Huainan, Anhui, China",CH,CH01,12996,32.6264,116.997,-1909977,4,"Paris, France (general), France",FR,FR00,16282,48.8667,2.33333,-1456928,4,"Huainan, Anhui, China",CH,CH01,12996,32.6264,116.997,-1909977,20170602101500,Express intent to cooperate,Verbal cooperation
661258100,20170602,201706,USA,THE US,USA,,,,,,,,CHN,CHINA,CHN,,,,,,,,1,036,036,03,1,4.0,10,1,10,0.46728971962617,4,"Huainan, Anhui, China",CH,CH01,12996,32.6264,116.997,-1909977,4,"Huainan, Anhui, China",CH,CH01,12996,32.6264,116.997,-1909977,4,"Huainan, Anhui, China",CH,CH01,12996,32.6264,116.997,-1909977,20170602101500,Express intent to cooperate,Verbal cooperation
661269503,20170602,201706,CHN,CHINA,CHN,,,,,,,,MNCUSAMED,QUALCOMM,USA,,,,,MNC,MED,,1,057,057,05,1,8.0,10,1,10,4.72222222222222,4,"Jianguang, Jiangxi, China",CH,CH03,13167,28.1938,115.784,-1911704,4,"Jianguang, Jiangxi, China",CH,CH03,13167,28.1938,115.784,-1911704,4,"Jianguang, Jiangxi, China",CH,CH03,13167,28.1938,115.784,-1911704,20170602110000,Engage in diplomatic cooperation,Verbal cooperation
661269526,20170602,201706,CHNGOV,CHINESE,CHN,,,,,GOV,,,USA,THE US,USA,,,,,,,,1,042,042,04,1,1.9,6,1,6,2.03442879499218,1,China,CH,CH,,35.0,105.0,CH,1,China,CH,CH,,35.0,105.0,CH,1,China,CH,CH,,35.0,105.0,CH,20170602110000,Consult,Verbal cooperation
661270643,20170602,201706,MNCUSAMED,QUALCOMM,USA,,,,,MNC,MED,,CHN,CHINA,CHN,,,,,,,,1,057,057,05,1,8.0,10,1,10,4.72222222222222,4,"Jianguang, Jiangxi, China",CH,CH03,13167,28.1938,115.784,-1911704,4,"Jianguang, Jiangxi, China",CH,CH03,13167,28.1938,115.784,-1911704,4,"Jianguang, Jiangxi, China",CH,CH03,13167,28.1938,115.784,-1911704,20170602110000,Engage in diplomatic cooperation,Verbal cooperation
661270644,20170602,201706,MNCUSAMED,QUALCOMM,USA,,,,,MNC,MED,,CHN,CHINESE,CHN,,,,,,,,1,071,071,07,2,7.4,8,1,8,4.72222222222222,4,"Jianguang, Jiangxi, China",CH,CH03,13167,28.1938,115.784,-1911704,4,"Jianguang, Jiangxi, China",CH,CH03,13167,28.1938,115.784,-1911704,4,"Jianguang, Jiangxi, China",CH,CH03,13167,28.1938,115.784,-1911704,20170602110000,Provide aid,Material cooperation
661271189,20170602,201706,USA,THE US,USA,,,,,,,,CHNGOV,CHINESE,CHN,,,,,GOV,,,1,043,043,04,1,2.8,6,1,6,2.03442879499218,1,China,CH,CH,,35.0,105.0,CH,1,China,CH,CH,,35.0,105.0,CH,1,China,CH,CH,,35.0,105.0,CH,20170602110000,Consult,Verbal cooperation
661277131,20170602,201706,CHN,CHINA,CHN,,,,,,,,USAMED,REUTERS,USA,,,,,MED,,,1,173,173,17,4,-5.0,10,1,10,-4.40677966101695,4,"Beijing, Beijing, China",CH,CH22,13001,39.9289,116.388,-1898541,4,"Beijing, Beijing, China",CH,CH22,13001,39.9289,116.388,-1898541,4,"Beijing, Beijing, China",CH,CH22,13001,39.9289,116.388,-1898541,20170602113000,Coerce,Material conflict
661282933,20170602,201706,CHN,CHINA,CHN,,,,,,,,USAGOV,BARACK OBAMA,USA,,,,,GOV,,,1,036,036,03,1,4.0,7,1,7,0.89605734767025,1,China,CH,CH,,35.0,105.0,CH,2,"California, United States",US,USCA,,36.17,-119.746,CA,1,China,CH,CH,,35.0,105.0,CH,20170602120000,Express intent to cooperate,Verbal cooperation
661284422,20170602,201706,USAGOV,BARACK OBAMA,USA,,,,,GOV,,,CHN,CHINA,CHN,,,,,,,,1,036,036,03,1,4.0,7,1,7,0.89605734767025,2,"California, United States",US,USCA,,36.17,-119.746,CA,1,China,CH,CH,,35.0,105.0,CH,1,China,CH,CH,,35.0,105.0,CH,20170602120000,Express intent to cooperate,Verbal cooperation
661298020,20170602,201706,CHN,CHINA,CHN,,,,,,,,USA,UNITED STATES,USA,,,,,,,,1,0356,035,03,1,7.0,8,1,8,-5.10948905109489,1,China,CH,CH,,35.0,105.0,CH,2,"Texas, United States",US,USTX,,31.106,-97.6475,TX,2,"Texas, United States",US,USTX,,31.106,-97.6475,TX,20170602130000,Express intent to cooperate,Verbal cooperation
661298022,20170602,201706,CHN,CHINA,CHN,,,,,,,,USA,UNITED STATES,USA,,,,,,,,1,051,051,05,1,3.4,8,1,8,-5.10948905109489,1,China,CH,CH,,35.0,105.0,CH,2,"Texas, United States",US,USTX,,31.106,-97.6475,TX,1,China,CH,CH,,35.0,105.0,CH,20170602130000,Engage in diplomatic cooperation,Verbal cooperation
661315510,20170602,201706,CHN,CHINA,CHN,,,,,,,,USA,THE US,USA,,,,,,,,1,0874,087,08,2,10.0,8,1,8,-4.10958904109589,1,China,CH,CH,,35.0,105.0,CH,4,"Paris, France (general), France",FR,FR00,16282,48.8667,2.33333,-1456928,1,China,CH,CH,,35.0,105.0,CH,20170602143000,Yield,Material cooperation
661315516,20170602,201706,CHN,CHINESE,CHN,,,,,,,,USAMED,REUTERS,USA,,,,,MED,,,1,016,016,01,1,-2.0,10,1,10,-1.03806228373702,4,"Anbang, Zhejiang, China",CH,CH02,13323,30.5336,120.374,11006456,4,"Anbang, Zhejiang, China",CH,CH02,13323,30.5336,120.374,11006456,4,"Anbang, Zhejiang, China",CH,CH02,13323,30.5336,120.374,11006456,20170602143000,Make public statement,Verbal cooperation
661324026,20170602,201706,USA,IOWA,USA,,,,,,,,CHN,CHINA,CHN,,,,,,,,1,036,036,03,1,4.0,10,1,10,1.6,2,"Iowa, United States",US,USIA,,42.0046,-93.214,IA,2,"Iowa, United States",US,USIA,,42.0046,-93.214,IA,2,"Iowa, United States",US,USIA,,42.0046,-93.214,IA,20170602150000,Express intent to cooperate,Verbal cooperation
661327053,20170602,201706,CHN,CHINA,CHN,,,,,,,,USA,IOWA,USA,,,,,,,,1,043,043,04,1,2.8,6,1,6,-0.67567567567568,1,China,CH,CH,,35.0,105.0,CH,2,"Iowa, United States",US,USIA,,42.0046,-93.214,IA,1,China,CH,CH,,35.0,105.0,CH,20170602151500,Consult,Verbal cooperation
661328726,20170602,201706,USA,IOWA,USA,,,,,,,,CHN,CHINA,CHN,,,,,,,,1,042,042,04,1,1.9,10,1,10,-0.67567567567568,2,"Missouri, United States",US,USMO,,38.4623,-92.302,MO,2,"Missouri, United States",US,USMO,,38.4623,-92.302,MO,2,"Missouri, United States",US,USMO,,38.4623,-92.302,MO,20170602151500,Consult,Verbal cooperation
661336136,20170602,201706,CHN,CHINA,CHN,,,,,,,,USA,UNITED STATES,USA,,,,,,,,1,017,017,01,1,0.0,6,1,6,-2.75923453493547,3,"Washington, District of Columbia, United States",US,USDC,DC001,38.8951,-77.0364,531871,3,"Washington, District of Columbia, United States",US,USDC,DC001,38.8951,-77.0364,531871,3,"Washington, District of Columbia, United States",US,USDC,DC001,38.8951,-77.0364,531871,20170602154500,Make public statement,Verbal cooperation
661336139,20170602,201706,CHN,CHINA,CHN,,,,,,,,USA,THE US,USA,,,,,,,,1,030,030,03,1,4.0,6,1,6,0.21978021978022,1,China,CH,CH,,35.0,105.0,CH,4,"Paris, France (general), France",FR,FR00,16282,48.8667,2.33333,-1456928,4,"Paris, France (general), France",FR,FR00,16282,48.8667,2.33333,-1456928,20170602154500,Express intent to cooperate,Verbal cooperation
661338897,20170602,201706,CHN,CHINA,CHN,,,,,,,,USA,UNITED STATES,USA,,,,,,,,1,030,030,03,1,4.0,6,1,6,0.0,1,China,CH,CH,,35.0,105.0,CH,3,"Washington, District of Columbia, United States",US,USDC,DC001,38.8951,-77.0364,531871,1,Germany,GM,GM,,51.0,9.0,GM,20170602160000,Express intent to cooperate,Verbal cooperation
661340828,20170602,201706,USA,UNITED STATES,USA,,,,,,,,CHN,CHINA,CHN,,,,,,,,1,030,030,03,1,4.0,6,1,6,0.0,3,"Washington, District of Columbia, United States",US,USDC,DC001,38.8951,-77.0364,531871,1,China,CH,CH,,35.0,105.0,CH,1,Germany,GM,GM,,51.0,9.0,GM,20170602160000,Express intent to cooperate,Verbal cooperation
661343294,20170602,201706,CHN,CHINA,CHN,,,,,,,,USA,GOLDEN STATE,USA,,,,,,,,1,043,043,04,1,2.8,6,1,6,3.57142857142857,1,China,CH,CH,,35.0,105.0,CH,1,China,CH,CH,,35.0,105.0,CH,1,China,CH,CH,,35.0,105.0,CH,20170602161500,Consult,Verbal cooperation
661343312,20170602,201706,CHNGOV,CHINESE,CHN,,,,,GOV,,,USA,AMERICAN,USA,,,,,,,,1,050,050,05,1,3.5,6,1,6,-1.23873873873874,3,"Washington, District of Columbia, United States",US,USDC,DC001,38.8951,-77.0364,531871,3,"Washington, District of Columbia, United States",US,USDC,DC001,38.8951,-77.0364,531871,3,"Washington, District of Columbia, United States",US,USDC,DC001,38.8951,-77.0364,531871,20170602161500,Engage in diplomatic cooperation,Verbal cooperation
661344944,20170602,201706,USA,AMERICAN,USA,,,,,,,,CHNGOV,CHINESE,CHN,,,,,GOV,,,1,050,050,05,1,3.5,6,1,6,-1.23873873873874,2,"Ohio, United States",US,USOH,,40.3736,-82.7755,OH,1,China,CH,CH,,35.0,105.0,CH,1,China,CH,CH,,35.0,105.0,CH,20170602161500,Engage in diplomatic cooperation,Verbal cooperation
661347648,20170602,201706,CHN,CHINESE,CHN,,,,,,,,USA,THE US,USA,,,,,,,,1,013,013,01,1,0.4,6,1,6,-0.501253132832081,4,"Beijing, Beijing, China",CH,CH22,13001,39.9289,116.388,-1898541,4,"Paris, France (general), France",FR,FR00,16282,48.8667,2.33333,-1456928,4,"Beijing, Beijing, China",CH,CH22,13001,39.9289,116.388,-1898541,20170602163000,Make public statement,Verbal cooperation
661357842,20170602,201706,CHN,CHINESE,CHN,,,,,,,,USA,AMERICAN,USA,,,,,,,,1,070,070,07,2,7.0,8,1,8,2.12121212121212,1,China,CH,CH,,35.0,105.0,CH,1,China,CH,CH,,35.0,105.0,CH,1,China,CH,CH,,35.0,105.0,CH,20170602171500,Provide aid,Material cooperation
661364244,20170602,201706,CHN,CHINA,CHN,,,,,,,,USA,THE US,USA,,,,,,,,1,141,141,14,3,-6.5,8,1,8,-2.61096605744126,1,China,CH,CH,,35.0,105.0,CH,1,China,CH,CH,,35.0,105.0,CH,1,China,CH,CH,,35.0,105.0,CH,20170602174500,Protest,Verbal conflict
661368673,20170602,201706,USA,PHILADELPHIA,USA,,,,,,,,CHN,CHINESE,CHN,,,,,,,,1,010,010,01,1,0.0,8,1,8,1.14942528735633,1,Russia,RS,RS,,60.0,100.0,RS,1,Russia,RS,RS,,60.0,100.0,RS,1,Russia,RS,RS,,60.0,100.0,RS,20170602181500,Make public statement,Verbal cooperation
661368675,20170602,201706,USA,PHILADELPHIA,USA,,,,,,,,CHN,BEIJING,CHN,,,,,,,,1,084,084,08,2,7.0,8,1,8,1.14942528735633,3,"Philadelphia, Pennsylvania, United States",US,USPA,PA101,39.9523,-75.1638,1209052,4,"Beijing, Beijing, China",CH,CH22,13001,39.9289,116.388,-1898541,4,"Beijing, Beijing, China",CH,CH22,13001,39.9289,116.388,-1898541,20170602181500,Yield,Material cooperation
661371309,20170602,201706,CHN,CHINA,CHN,,,,,,,,USA,THE US,USA,,,,,,,,1,036,036,03,1,4.0,8,1,8,-1.30718954248366,5,"Anhui, Anhui, China",CH,CH01,12996,32.0,117.0,-1896677,4,"Paris, France (general), France",FR,FR00,16282,48.8667,2.33333,-1456928,5,"Anhui, Anhui, China",CH,CH01,12996,32.0,117.0,-1896677,20170602183000,Express intent to cooperate,Verbal cooperation
661373316,20170602,201706,USA,THE US,USA,,,,,,,,CHN,CHINA,CHN,,,,,,,,1,036,036,03,1,4.0,8,1,8,-1.30718954248366,4,"Paris, France (general), France",FR,FR00,16282,48.8667,2.33333,-1456928,5,"Anhui, Anhui, China",CH,CH01,12996,32.0,117.0,-1896677,5,"Anhui, Anhui, China",CH,CH01,12996,32.0,117.0,-1896677,20170602183000,Express intent to cooperate,Verbal cooperation
661373319,20170602,201706,USA,UNITED STATES,USA,,,,,,,,CHN,TIBET,CHN,,,,,,,,1,051,051,05,1,3.4,10,1,7,-1.0948905109489,1,United States,US,US,,38.0,-97.0,US,5,"Tibet, Xizang, China",CH,CH14,13213,32.0,90.0,-1934604,5,"Tibet, Xizang, China",CH,CH14,13213,32.0,90.0,-1934604,20170602183000,Engage in diplomatic cooperation,Verbal cooperation
661375773,20170602,201706,CHNCVL,CHINESE,CHN,,,,,CVL,,,USA,THE US,USA,,,,,,,,1,042,042,04,1,1.9,6,1,6,1.82926829268292,4,"Peking, Beijing, China",CH,CH22,13001,39.9289,116.388,-1898541,4,"Peking, Beijing, China",CH,CH22,13001,39.9289,116.388,-1898541,4,"Peking, Beijing, China",CH,CH22,13001,39.9289,116.388,-1898541,20170602184500,Consult,Verbal cooperation
661377307,20170602,201706,USA,THE US,USA,,,,,,,,CHNCVL,CHINESE,CHN,,,,,CVL,,,1,043,043,04,1,2.8,6,1,6,1.82926829268292,4,"Peking, Beijing, China",CH,CH22,13001,39.9289,116.388,-1898541,4,"Peking, Beijing, China",CH,CH22,13001,39.9289,116.388,-1898541,4,"Peking, Beijing, China",CH,CH22,13001,39.9289,116.388,-1898541,20170602184500,Consult,Verbal cooperation
661379028,20170601,201706,CHNGOV,CHINESE,CHN,,,,,GOV,,,USA,UNITED STATES,USA,,,,,,,,1,040,040,04,1,1.0,6,1,6,-0.32258064516129,1,China,CH,CH,,35.0,105.0,CH,3,"Las Vegas, Nevada, United States",US,USNV,,36.175,-115.137,847388,1,China,CH,CH,,35.0,105.0,CH,20170602190000,Consult,Verbal cooperation
661379049,20170601,201706,USA,UNITED STATES,USA,,,,,,,,CHNGOV,CHINESE,CHN,,,,,GOV,,,1,010,010,01,1,0.0,6,1,6,-0.32258064516129,3,"Las Vegas, Nevada, United States",US,USNV,NV003,36.175,-115.137,847388,1,China,CH,CH,,35.0,105.0,CH,1,China,CH,CH,,35.0,105.0,CH,20170602190000,Make public statement,Verbal cooperation
661379050,20170601,201706,USA,UNITED STATES,USA,,,,,,,,CHNGOV,CHINESE,CHN,,,,,GOV,,,1,040,040,04,1,1.0,6,1,6,-0.32258064516129,3,"Las Vegas, Nevada, United States",US,USNV,NV003,36.175,-115.137,847388,1,China,CH,CH,,35.0,105.0,CH,1,China,CH,CH,,35.0,105.0,CH,20170602190000,Consult,Verbal cooperation
661390949,20170602,201706,CHN,HEBEI,CHN,,,,,,,,USA,IOWA,USA,,,,,,,,1,030,030,03,1,4.0,6,1,6,2.90791599353797,4,"Hebei, Jilin, China",CH,CH05,13176,43.0999,129.768,10869701,2,"Iowa, United States",US,USIA,,42.0046,-93.214,IA,2,"Iowa, United States",US,USIA,,42.0046,-93.214,IA,20170602194500,Express intent to cooperate,Verbal cooperation
661390951,20170602,201706,CHN,CHINA,CHN,,,,,,,,USA,UNITED STATES,USA,,,,,,,,1,040,040,04,1,1.0,10,1,10,2.90791599353797,2,"Iowa, United States",US,USIA,,42.0046,-93.214,IA,2,"Iowa, United States",US,USIA,,42.0046,-93.214,IA,2,"Iowa, United States",US,USIA,,42.0046,-93.214,IA,20170602194500,Consult,Verbal cooperation
661390952,20170602,201706,CHN,HEBEI,CHN,,,,,,,,USA,IOWA,USA,,,,,,,,1,057,057,05,1,8.0,6,1,6,2.90791599353797,4,"Hebei, Jilin, China",CH,CH05,13176,43.0999,129.768,10869701,2,"Iowa, United States",US,USIA,,42.0046,-93.214,IA,2,"Iowa, United States",US,USIA,,42.0046,-93.214,IA,20170602194500,Engage in diplomatic cooperation,Verbal cooperation
661392325,20170602,201706,USA,IOWA,USA,,,,,,,,CHN,HEBEI,CHN,,,,,,,,1,030,030,03,1,4.0,6,1,6,2.90791599353797,2,"Iowa, United States",US,USIA,,42.0046,-93.214,IA,4,"Hebei, Jilin, China",CH,CH05,13176,43.0999,129.768,10869701,2,"Iowa, United States",US,USIA,,42.0046,-93.214,IA,20170602194500,Express intent to cooperate,Verbal cooperation
661392327,20170602,201706,USA,IOWA,USA,,,,,,,,CHN,HEBEI,CHN,,,,,,,,1,057,057,05,1,8.0,6,1,6,2.90791599353797,2,"Iowa, United States",US,USIA,,42.0046,-93.214,IA,4,"Hebei, Jilin, China",CH,CH05,13176,43.0999,129.768,10869701,2,"Iowa, United States",US,USIA,,42.0046,-93.214,IA,20170602194500,Engage in diplomatic cooperation,Verbal cooperation
661402109,20170602,201706,USAGOV,IOWA,USA,,,,,GOV,,,CHN,CHINA,CHN,,,,,,,,1,071,071,07,2,7.4,8,1,8,3.23679727427598,2,"Iowa, United States",US,USIA,,42.0046,-93.214,IA,4,"Zhao Li, Jiangxi, China",CH,CH03,13165,29.1017,116.742,10995393,2,"Iowa, United States",US,USIA,,42.0046,-93.214,IA,20170602203000,Provide aid,Material cooperation
661409647,20170602,201706,CHN,CHINA,CHN,,,,,,,,USA,THE US,USA,,,,,,,,1,112,112,11,3,-2.0,7,1,7,-0.62015503875969,4,"Paris, France (general), France",FR,FR00,16282,48.8667,2.33333,-1456928,4,"Paris, France (general), France",FR,FR00,16282,48.8667,2.33333,-1456928,4,"Paris, France (general), France",FR,FR00,16282,48.8667,2.33333,-1456928,20170602211500,Disapprove,Verbal conflict
661411155,20170602,201706,USAGOV,OBAMA,USA,,,,,GOV,,,CHN,CHINA,CHN,,,,,,,,1,090,090,09,2,-2.0,10,1,10,-5.10948905109489,1,China,CH,CH,,35.0,105.0,CH,1,China,CH,CH,,35.0,105.0,CH,1,China,CH,CH,,35.0,105.0,CH,20170602211500,Investigate,Material cooperation
661411156,20170602,201706,USAGOV,OBAMA,USA,,,,,GOV,,,CHN,CHINA,CHN,,,,,,,,1,100,100,10,3,-5.0,10,1,10,-5.10948905109489,1,China,CH,CH,,35.0,105.0,CH,1,China,CH,CH,,35.0,105.0,CH,1,China,CH,CH,,35.0,105.0,CH,20170602211500,Demand,Verbal conflict
661412847,20170602,201706,CHN,CHINA,CHN,,,,,,,,USA,ROCHESTER,USA,,,,,,,,1,042,042,04,1,1.9,10,1,10,-0.675675675675676,3,"Erie Canal, New York, United States",US,USNY,NY067,43.1098,-76.431,973412,3,"Erie Canal, New York, United States",US,USNY,,43.1098,-76.431,973412,3,"Erie Canal, New York, United States",US,USNY,,43.1098,-76.431,973412,20170602213000,Consult,Verbal cooperation
661412849,20170602,201706,CHN,CHINA,CHN,,,,,,,,USA,THE US,USA,,,,,,,,1,164,164,16,4,-7.0,8,1,8,-4.05405405405405,1,China,CH,CH,,35.0,105.0,CH,1,China,CH,CH,,35.0,105.0,CH,4,"Pyongyang, P'yongyang-si, North Korea",KN,KN12,39681,39.0194,125.755,-183459,20170602213000,Reduce relations,Material conflict
661414286,20170602,201706,USA,ROCHESTER,USA,,,,,,,,CHN,CHINA,CHN,,,,,,,,1,043,043,04,1,2.8,10,1,10,-0.675675675675676,3,"Rochester, New York, United States",US,USNY,NY055,43.1548,-77.6156,962684,1,China,CH,CH,,35.0,105.0,CH,1,China,CH,CH,,35.0,105.0,CH,20170602213000,Consult,Verbal cooperation
661414288,20170602,201706,USA,THE US,USA,,,,,,,,CHN,CHINA,CHN,,,,,,,,1,164,164,16,4,-7.0,8,1,8,-4.05405405405405,1,China,CH,CH,,35.0,105.0,CH,1,China,CH,CH,,35.0,105.0,CH,4,"Pyongyang, P'yongyang-si, North Korea",KN,KN12,39681,39.0194,125.755,-183459,20170602213000,Reduce relations,Material conflict
661414596,20170602,201706,USAGOV,CALIFORNIA,USA,,,,,GOV,,,CHN,CHINA,CHN,,,,,,,,1,043,043,04,1,2.8,6,1,6,2.27272727272727,2,"California, United States",US,USCA,,36.17,-119.746,CA,1,China,CH,CH,,35.0,105.0,CH,1,China,CH,CH,,35.0,105.0,CH,20170602213000,Consult,Verbal cooperation
661416348,20170602,201706,CHN,BEIJING,CHN,,,,,,,,USA,CHICAGO,USA,,,,,,,,1,051,051,05,1,3.4,10,1,10,1.34228187919463,3,"Chicago, Illinois, United States",US,USIL,IL031,41.85,-87.6501,423587,3,"Chicago, Illinois, United States",US,USIL,IL031,41.85,-87.6501,423587,3,"Chicago, Illinois, United States",US,USIL,IL031,41.85,-87.6501,423587,20170602220000,Engage in diplomatic cooperation,Verbal cooperation
661416350,20170602,201706,CHN,BEIJING,CHN,,,,,,,,USA,CHICAGO,USA,,,,,,,,1,084,084,08,2,7.0,10,1,10,1.34228187919463,3,"Chicago, Illinois, United States",US,USIL,IL031,41.85,-87.6501,423587,3,"Chicago, Illinois, United States",US,USIL,IL031,41.85,-87.6501,423587,3,"Chicago, Illinois, United States",US,USIL,IL031,41.85,-87.6501,423587,20170602220000,Yield,Material cooperation
661419613,20170602,201706,CHN,CHINA,CHN,,,,,,,,USA,CALIFORNIA,USA,,,,,,,,1,010,010,01,1,0.0,8,1,8,2.36593059936909,1,China,CH,CH,,35.0,105.0,CH,2,"California, United States",US,USCA,,36.17,-119.746,CA,2,"California, United States",US,USCA,,36.17,-119.746,CA,20170602221500,Make public statement,Verbal cooperation
661420804,20170602,201706,USA,CALIFORNIA,USA,,,,,,,,CHN,CHINA,CHN,,,,,,,,1,040,040,04,1,1.0,10,1,10,2.36593059936909,3,"Oakland, California, United States",US,USCA,CA001,37.8044,-122.271,277566,3,"Oakland, California, United States",US,USCA,CA001,37.8044,-122.271,277566,3,"Oakland, California, United States",US,USCA,CA001,37.8044,-122.271,277566,20170602221500,Consult,Verbal cooperation
661425079,20170602,201706,CHN,CHINA,CHN,,,,,,,,USA,THE US,USA,,,,,,,,1,163,163,16,4,-8.0,10,1,10,-4.12371134020619,1,China,CH,CH,,35.0,105.0,CH,1,China,CH,CH,,35.0,105.0,CH,4,"Pyongyang, P'yongyang-si, North Korea",KN,KN12,39681,39.0194,125.755,-183459,20170602224500,Reduce relations,Material conflict
661428813,20170602,201706,USA,CALIFORNIA,USA,,,,,,,,CHN,CHINA,CHN,,,,,,,,1,190,190,19,4,-10.0,6,1,6,-6.32911392405063,4,"Xia Wang, Guangdong, China",CH,CH30,13163,24.7417,115.29,11117440,4,"Xia Wang, Guangdong, China",CH,CH30,13163,24.7417,115.29,11117440,4,"Xia Wang, Guangdong, China",CH,CH30,13163,24.7417,115.29,11117440,20170602230000,Fight,Material conflict
661431582,20170602,201706,USA,CALIFORNIA,USA,,,,,,,,CHN,CHINA,CHN,,,,,,,,1,030,030,03,1,4.0,8,1,8,-0.230680507497119,2,"California, United States",US,USCA,,36.17,-119.746,CA,1,China,CH,CH,,35.0,105.0,CH,2,"California, United States",US,USCA,,36.17,-119.746,CA,20170602231500,Express intent to cooperate,Verbal cooperation
661431583,20170602,201706,USA,NEBRASKA,USA,,,,,,,,CHN,CHINA,CHN,,,,,,,,1,050,050,05,1,3.5,6,1,6,3.2967032967033,1,China,CH,CH,,35.0,105.0,CH,2,"Nebraska, United States",US,USNE,,41.1289,-98.2883,NE,1,China,CH,CH,,35.0,105.0,CH,20170602231500,Engage in diplomatic cooperation,Verbal cooperation
661431585,20170602,201706,USA,NEBRASKA,USA,,,,,,,,CHN,CHINA,CHN,,,,,,,,1,051,051,05,1,3.4,6,1,6,3.2967032967033,2,"Nebraska, United States",US,USNE,,41.1289,-98.2883,NE,1,China,CH,CH,,35.0,105.0,CH,1,China,CH,CH,,35.0,105.0,CH,20170602231500,Engage in diplomatic cooperation,Verbal cooperation
661432958,20170602,201706,CHN,CHINA,CHN,,,,,,,,USA,UNITED STATES,USA,,,,,,,,1,0874,087,08,2,10.0,10,1,10,0.0,1,United States,US,US,,38.0,-97.0,US,1,China,CH,CH,,35.0,105.0,CH,1,China,CH,CH,,35.0,105.0,CH,20170602233000,Yield,Material cooperation
661433950,20170602,201706,USA,THE US,USA,,,,,,,,CHN,CHINA,CHN,,,,,,,,1,090,090,09,2,-2.0,10,1,10,-4.54545454545455,4,"Beijing, Beijing, China",CH,CH22,13001,39.9289,116.388,-1898541,4,"Beijing, Beijing, China",CH,CH22,13001,39.9289,116.388,-1898541,4,"Beijing, Beijing, China",CH,CH22,13001,39.9289,116.388,-1898541,20170602233000,Investigate,Material cooperation
661434093,20170602,201706,USABUS,HOUSTON,USA,,,,,BUS,,,CHN,CHINA,CHN,,,,,,,,1,112,112,11,3,-2.0,6,1,6,-6.60660660660661,3,"Houston, Texas, United States",US,USTX,TX201,29.7633,-95.3633,1380948,4,"Shan Shi, Guangdong, China",CH,CH30,13057,21.91,110.48,10301119,4,"Shan Shi, Guangdong, China",CH,CH30,13057,21.91,110.48,10301119,20170602233000,Disapprove,Verbal conflict
661438522,20170603,201706,CHN,CHINA,CHN,,,,,,,,USA,ROCHESTER,USA,,,,,,,,1,042,042,04,1,1.9,11,2,11,-0.141442715700141,1,China,CH,CH,,35.0,105.0,CH,1,China,CH,CH,,35.0,105.0,CH,1,China,CH,CH,,35.0,105.0,CH,20170603000000,Consult,Verbal cooperation
661441464,20170603,201706,USA,ROCHESTER,USA,,,,,,,,CHN,CHINA,CHN,,,,,,,,1,043,043,04,1,2.8,11,2,11,-0.141442715700141,1,China,CH,CH,,35.0,105.0,CH,1,China,CH,CH,,35.0,105.0,CH,1,China,CH,CH,,35.0,105.0,CH,20170603000000,Consult,Verbal cooperation
661447966,20170603,201706,CHN,CHINA,CHN,,,,,,,,USA,CALIFORNIA,USA,,,,,,,,1,010,010,01,1,0.0,8,1,8,2.25225225225225,1,China,CH,CH,,35.0,105.0,CH,2,"California, United States",US,USCA,,36.17,-119.746,CA,2,"California, United States",US,USCA,,36.17,-119.746,CA,20170603003000,Make public statement,Verbal cooperation
661447970,20170603,201706,CHN,CHINA,CHN,,,,,,,,USA,CALIFORNIA,USA,,,,,,,,1,040,040,04,1,1.0,10,1,10,2.25225225225225,1,China,CH,CH,,35.0,105.0,CH,2,"California, United States",US,USCA,,36.17,-119.746,CA,2,"California, United States",US,USCA,,36.17,-119.746,CA,20170603003000,Consult,Verbal cooperation
661449937,20170603,201706,USA,CALIFORNIA,USA,,,,,,,,CHN,CHINA,CHN,,,,,,,,1,040,040,04,1,1.0,10,1,10,2.25225225225225,3,"Oakland, California, United States",US,USCA,CA001,37.8044,-122.271,277566,3,"Oakland, California, United States",US,USCA,CA001,37.8044,-122.271,277566,3,"Oakland, California, United States",US,USCA,CA001,37.8044,-122.271,277566,20170603003000,Consult,Verbal cooperation
661452697,20170603,201706,CHN,CHINA,CHN,,,,,,,,USA,THE US,USA,,,,,,,,1,163,163,16,4,-8.0,10,1,10,-3.72670807453416,1,China,CH,CH,,35.0,105.0,CH,1,China,CH,CH,,35.0,105.0,CH,4,"Pyongyang, P'yongyang-si, North Korea",KN,KN12,39681,39.0194,125.755,-183459,20170603004500,Reduce relations,Material conflict
661456542,20170603,201706,CHN,CHINESE,CHN,,,,,,,,USA,THE US,USA,,,,,,,,1,013,013,01,1,0.4,6,1,6,-0.64794816414687,4,"Beijing, Beijing, China",CH,CH22,13001,39.9289,116.388,-1898541,4,"Paris, France (general), France",FR,FR00,16282,48.8667,2.33333,-1456928,4,"Beijing, Beijing, China",CH,CH22,13001,39.9289,116.388,-1898541,20170603010000,Make public statement,Verbal cooperation
661456544,20170603,201706,CHN,CHINESE,CHN,,,,,,,,USA,CALIFORNIA,USA,,,,,,,,1,020,020,02,1,3.0,6,1,6,1.61834120026973,4,"Beijing, Beijing, China",CH,CH22,13001,39.9289,116.388,-1898541,2,"California, United States",US,USCA,,36.17,-119.746,CA,4,"Beijing, Beijing, China",CH,CH22,13001,39.9289,116.388,-1898541,20170603010000,Appeal,Verbal cooperation
661456545,20170603,201706,CHN,CHINA,CHN,,,,,,,,USA,UNITED STATES,USA,,,,,,,,1,030,030,03,1,4.0,6,1,6,-0.30487804878049,1,China,CH,CH,,35.0,105.0,CH,3,"Washington, District of Columbia, United States",US,USDC,DC001,38.8951,-77.0364,531871,1,Germany,GM,GM,,51.0,9.0,GM,20170603010000,Express intent to cooperate,Verbal cooperation
661456548,20170603,201706,CHN,CHINESE,CHN,,,,,,,,USA,CALIFORNIA,USA,,,,,,,,1,042,042,04,1,1.9,6,1,6,1.61834120026973,4,"Beigou, Jilin, China",CH,CH05,13176,43.3356,129.655,10869793,4,"Beigou, Jilin, China",CH,CH05,13176,43.3356,129.655,10869793,4,"Beigou, Jilin, China",CH,CH05,13176,43.3356,129.655,10869793,20170603010000,Consult,Verbal cooperation
661458486,20170603,201706,USA,UNITED STATES,USA,,,,,,,,CHN,CHINA,CHN,,,,,,,,1,030,030,03,1,4.0,6,1,6,-0.30487804878049,3,"Washington, District of Columbia, United States",US,USDC,DC001,38.8951,-77.0364,531871,1,China,CH,CH,,35.0,105.0,CH,1,Germany,GM,GM,,51.0,9.0,GM,20170603010000,Express intent to cooperate,Verbal cooperation
661458489,20170603,201706,USA,CALIFORNIA,USA,,,,,,,,CHN,CHINESE,CHN,,,,,,,,1,043,043,04,1,2.8,6,1,6,1.61834120026973,2,"California, United States",US,USCA,,36.17,-119.746,CA,4,"Beijing, Beijing, China",CH,CH22,13001,39.9289,116.388,-1898541,2,"California, United States",US,USCA,,36.17,-119.746,CA,20170603010000,Consult,Verbal cooperation
661465971,20170603,201706,USA,IOWA,USA,,,,,,,,CHN,CHINA,CHN,,,,,,,,1,036,036,03,1,4.0,7,1,7,2.39043824701195,2,"Iowa, United States",US,USIA,,42.0046,-93.214,IA,1,China,CH,CH,,35.0,105.0,CH,1,China,CH,CH,,35.0,105.0,CH,20170603013000,Express intent to cooperate,Verbal cooperation
661470849,20170603,201706,CHN,CHINA,CHN,,,,,,,,USA,WASHINGTON,USA,,,,,,,,1,042,042,04,1,1.9,10,1,10,-0.15649452269171,4,"Wang Yao, Jiangsu, China",CH,CH04,13153,32.7194,119.246,11431006,4,"Wang Yao, Jiangsu, China",CH,CH04,13153,32.7194,119.246,11431006,4,"Wang Yao, Jiangsu, China",CH,CH04,13153,32.7194,119.246,11431006,20170603021500,Consult,Verbal cooperation
661470850,20170603,201706,CHN,CHINA,CHN,,,,,,,,USA,UNITED STATES,USA,,,,,,,,1,050,050,05,1,3.5,6,1,6,-5.51181102362205,1,China,CH,CH,,35.0,105.0,CH,2,"New York, United States",US,USNY,,42.1497,-74.9384,NY,1,China,CH,CH,,35.0,105.0,CH,20170603021500,Engage in diplomatic cooperation,Verbal cooperation
661470854,20170603,201706,CHN,CHINA,CHN,,,,,,,,USAMED,REUTERS,USA,,,,,MED,,,1,020,020,02,1,3.0,6,1,6,-4.31266846361186,4,"Beijing, Beijing, China",CH,CH22,13001,39.9289,116.388,-1898541,4,"Islamabad, Islamabad, Pakistan",PK,PK08,23674,33.7,73.1667,-2762812,4,"Beijing, Beijing, China",CH,CH22,13001,39.9289,116.388,-1898541,20170603021500,Appeal,Verbal cooperation
661470857,20170603,201706,CHN,CHINA,CHN,,,,,,,,USAMED,REUTERS,USA,,,,,MED,,,1,172,172,17,4,-5.0,6,1,6,-4.31266846361186,4,"Beijing, Beijing, China",CH,CH22,13001,39.9289,116.388,-1898541,4,"Islamabad, Islamabad, Pakistan",PK,PK08,23674,33.7,73.1667,-2762812,4,"Beijing, Beijing, China",CH,CH22,13001,39.9289,116.388,-1898541,20170603021500,Coerce,Material conflict
661472259,20170603,201706,USA,WASHINGTON,USA,,,,,,,,CHN,CHINA,CHN,,,,,,,,1,043,043,04,1,2.8,8,1,8,-0.15649452269171,3,"Washington, District of Columbia, United States",US,USDC,DC001,38.8951,-77.0364,531871,4,"Wang Yao, Jiangsu, China",CH,CH04,13153,32.7194,119.246,11431006,3,"White House, District of Columbia, United States",US,USDC,,38.8951,-77.0364,531871,20170603021500,Consult,Verbal cooperation
661472465,20170603,201706,USAGOV,UNITED STATES,USA,,,,,GOV,,,CHN,CHINA,CHN,,,,,,,,1,051,051,05,1,3.4,6,2,6,-2.19930519462756,1,United States,US,US,,38.0,-97.0,US,4,"Beijing, Beijing, China",CH,CH22,13001,39.9289,116.388,-1898541,4,"Beijing, Beijing, China",CH,CH22,13001,39.9289,116.388,-1898541,20170603021500,Engage in diplomatic cooperation,Verbal cooperation
661473959,20170603,201706,USA,UNITED STATES,USA,,,,,,,,CHN,CHINA,CHN,,,,,,,,1,051,051,05,1,3.4,24,3,24,-1.21786642967644,4,"Beijing, Beijing, China",CH,CH22,13001,39.9289,116.388,-1898541,4,"China Sea, Brunei (general), Brunei",BX,BX00,,15.0,115.0,-1337919,4,"China Sea, Brunei (general), Brunei",BX,BX00,,15.0,115.0,-1337919,20170603023000,Engage in diplomatic cooperation,Verbal cooperation
661473961,20170603,201706,USA,UNITED STATES,USA,,,,,,,,CHN,CHINA,CHN,,,,,,,,1,051,051,05,1,3.4,10,3,10,-1.34146341463415,4,"Beijing, Beijing, China",CH,CH22,13001,39.9289,116.388,-1898541,4,"Beijing, Beijing, China",CH,CH22,13001,39.9289,116.388,-1898541,4,"Beijing, Beijing, China",CH,CH22,13001,39.9289,116.388,-1898541,20170603023000,Engage in diplomatic cooperation,Verbal cooperation
661476987,20170603,201706,USA,WASHINGTON,USA,,,,,,,,CHN,BEIJING,CHN,,,,,,,,1,120,120,12,3,-4.0,10,3,10,-1.39633966759417,3,"Washington, District of Columbia, United States",US,USDC,DC001,38.8951,-77.0364,531871,4,"Beijing, Beijing, China",CH,CH22,13001,39.9289,116.388,-1898541,4,"Beijing, Beijing, China",CH,CH22,13001,39.9289,116.388,-1898541,20170603024500,Reject,Verbal conflict
661483573,20170602,201706,USA,UNITED STATES,USA,,,,,,,,CHNGOV,CHINESE,CHN,,,,,GOV,,,1,010,010,01,1,0.0,6,1,6,-0.84889643463497,3,"White House, District of Columbia, United States",US,USDC,,38.8951,-77.0364,531871,1,China,CH,CH,,35.0,105.0,CH,1,China,CH,CH,,35.0,105.0,CH,20170603033000,Make public statement,Verbal cooperation
661486109,20170603,201706,CHN,CHINA,CHN,,,,,,,,USA,THE US,USA,,,,,,,,1,030,030,03,1,4.0,10,2,10,-0.219152360515024,1,China,CH,CH,,35.0,105.0,CH,1,China,CH,CH,,35.0,105.0,CH,1,China,CH,CH,,35.0,105.0,CH,20170603034500,Express intent to cooperate,Verbal cooperation
661486115,20170603,201706,CHN,CHINA,CHN,,,,,,,,USA,THE US,USA,,,,,,,,1,114,114,11,3,-2.0,8,1,8,-3.74149659863946,1,Germany,GM,GM,,51.0,9.0,GM,1,Germany,GM,GM,,51.0,9.0,GM,1,Germany,GM,GM,,51.0,9.0,GM,20170603034500,Disapprove,Verbal conflict
661487236,20170603,201706,USAGOVMIL,THE US,USA,,,,,GOV,MIL,,CHN,CHINA,CHN,,,,,,,,1,051,051,05,1,3.4,6,1,6,-1.32231404958677,4,"Beijing, Beijing, China",CH,CH22,13001,39.9289,116.388,-1898541,4,"Beijing, Beijing, China",CH,CH22,13001,39.9289,116.388,-1898541,4,"Beijing, Beijing, China",CH,CH22,13001,39.9289,116.388,-1898541,20170603034500,Engage in diplomatic cooperation,Verbal cooperation
661488491,20170603,201706,CHN,CHINA,CHN,,,,,,,,USA,THE US,USA,,,,,,,,1,040,040,04,1,1.0,8,1,8,0.41928721174004,1,China,CH,CH,,35.0,105.0,CH,1,China,CH,CH,,35.0,105.0,CH,1,China,CH,CH,,35.0,105.0,CH,20170603040000,Consult,Verbal cooperation
661488495,20170603,201706,CHN,CHINESE,CHN,,,,,,,,USA,NEW JERSEY,USA,,,,,,,,1,120,120,12,3,-4.0,6,1,6,-6.9271758436945,4,"Fu Ting, Fujian, China",CH,CH07,13321,27.3273,120.214,-1929046,4,"Yu Bing, Yunnan, China",CH,CH29,13308,24.2033,102.52,10280053,4,"Shanghai, Shanghai, China",CH,CH23,13243,31.2222,121.458,-1924465,20170603040000,Reject,Verbal conflict
661489420,20170603,201706,USA,THE US,USA,,,,,,,,CHN,CHINA,CHN,,,,,,,,1,040,040,04,1,1.0,8,1,8,0.41928721174004,1,China,CH,CH,,35.0,105.0,CH,1,China,CH,CH,,35.0,105.0,CH,1,China,CH,CH,,35.0,105.0,CH,20170603040000,Consult,Verbal cooperation
661491614,20170603,201706,CHN,CHINA,CHN,,,,,,,,USA,ROCHESTER,USA,,,,,,,,1,042,042,04,1,1.9,10,1,10,-1.98019801980198,3,"Erie Canal, New York, United States",US,USNY,NY067,43.1098,-76.431,973412,3,"Erie Canal, New York, United States",US,USNY,,43.1098,-76.431,973412,3,"Erie Canal, New York, United States",US,USNY,,43.1098,-76.431,973412,20170603041500,Consult,Verbal cooperation
661491615,20170603,201706,CHN,CHINA,CHN,,,,,,,,USA,THE US,USA,,,,,,,,1,163,163,16,4,-8.0,10,1,10,-4.0169133192389,4,"Beijing, Beijing, China",CH,CH22,13001,39.9289,116.388,-1898541,4,"Beijing, Beijing, China",CH,CH22,13001,39.9289,116.388,-1898541,4,"Pyongyang, P'yongyang-si, North Korea",KN,KN12,39681,39.0194,125.755,-183459,20170603041500,Reduce relations,Material conflict
661492441,20170603,201706,USA,ROCHESTER,USA,,,,,,,,CHN,CHINA,CHN,,,,,,,,1,043,043,04,1,2.8,8,1,8,-1.98019801980198,3,"Rochester, New York, United States",US,USNY,NY055,43.1548,-77.6156,962684,1,China,CH,CH,,35.0,105.0,CH,1,China,CH,CH,,35.0,105.0,CH,20170603041500,Consult,Verbal cooperation
661492444,20170603,201706,USA,THE US,USA,,,,,,,,CHN,CHINA,CHN,,,,,,,,1,120,120,12,3,-4.0,11,2,11,-4.00593064440845,4,"Beijing, Beijing, China",CH,CH22,13001,39.9289,116.388,-1898541,4,"Beijing, Beijing, China",CH,CH22,13001,39.9289,116.388,-1898541,4,"Beijing, Beijing, China",CH,CH22,13001,39.9289,116.388,-1898541,20170603041500,Reject,Verbal conflict
661492445,20170603,201706,USA,THE US,USA,,,,,,,,CHN,BEIJING,CHN,,,,,,,,1,120,120,12,3,-4.0,8,1,8,-3.8961038961039,1,North Korea,KN,KN,,40.0,127.0,KN,4,"Beijing, Beijing, China",CH,CH22,13001,39.9289,116.388,-1898541,4,"Beijing, Beijing, China",CH,CH22,13001,39.9289,116.388,-1898541,20170603041500,Reject,Verbal conflict
661492449,20170603,201706,USA,THE US,USA,,,,,,,,CHN,BEIJING,CHN,,,,,,,,1,130,130,13,3,-4.4,7,1,7,-3.8961038961039,1,North Korea,KN,KN,,40.0,127.0,KN,4,"Beijing, Beijing, China",CH,CH22,13001,39.9289,116.388,-1898541,1,North Korea,KN,KN,,40.0,127.0,KN,20170603041500,Threaten,Verbal conflict
661493025,20170603,201706,CHN,CHINA,CHN,,,,,,,,USA,THE US,USA,,,,,,,,1,138,138,13,3,-7.0,8,1,8,-2.10280373831776,4,"Zhao Tong, Yunnan, China",CH,CH29,13306,27.3167,103.717,-1938599,4,"Beijing, Beijing, China",CH,CH22,13001,39.9289,116.388,-1898541,4,"Beijing, Beijing, China",CH,CH22,13001,39.9289,116.388,-1898541,20170603043000,Threaten,Verbal conflict
661493889,20170603,201706,USA,UNITED STATES,USA,,,,,,,,CHN,CHINA,CHN,,,,,,,,1,051,051,05,1,3.4,6,1,6,0.0,1,China,CH,CH,,35.0,105.0,CH,1,Philippines,RP,RP,,13.0,122.0,RP,1,China,CH,CH,,35.0,105.0,CH,20170603043000,Engage in diplomatic cooperation,Verbal cooperation
661493890,20170603,201706,USA,UNITED STATES,USA,,,,,,,,CHN,TIBET,CHN,,,,,,,,1,051,051,05,1,3.4,10,1,7,-0.93808630393996,1,United States,US,US,,38.0,-97.0,US,5,"Tibet, Xizang, China",CH,CH14,13213,32.0,90.0,-1934604,5,"Tibet, Xizang, China",CH,CH14,13213,32.0,90.0,-1934604,20170603043000,Engage in diplomatic cooperation,Verbal cooperation
661493892,20170603,201706,USA,LOS ANGELES,USA,,,,,,,,CHN,CHINA,CHN,,,,,,,,1,057,057,05,1,8.0,10,1,10,3.39366515837104,1,China,CH,CH,,35.0,105.0,CH,1,China,CH,CH,,35.0,105.0,CH,1,China,CH,CH,,35.0,105.0,CH,20170603043000,Engage in diplomatic cooperation,Verbal cooperation
661495152,20170603,201706,CHN,BEIJING,CHN,,,,,,,,USA,WASHINGTON,USA,,,,,,,,1,046,046,04,1,7.0,6,1,6,-5.64516129032258,4,"Beijing, Beijing, China",CH,CH22,13001,39.9289,116.388,-1898541,3,"Washington, District of Columbia, United States",US,USDC,DC001,38.8951,-77.0364,531871,3,"Washington, District of Columbia, United States",US,USDC,DC001,38.8951,-77.0364,531871,20170603044500,Consult,Verbal cooperation
661495848,20170603,201706,USA,WASHINGTON,USA,,,,,,,,CHN,BEIJING,CHN,,,,,,,,1,046,046,04,1,7.0,6,1,6,-5.64516129032258,3,"Washington, District of Columbia, United States",US,USDC,DC001,38.8951,-77.0364,531871,4,"Beijing, Beijing, China",CH,CH22,13001,39.9289,116.388,-1898541,3,"Washington, District of Columbia, United States",US,USDC,DC001,38.8951,-77.0364,531871,20170603044500,Consult,Verbal cooperation
661500164,20170603,201706,USA,UNITED STATES,USA,,,,,,,,CHN,CHINA,CHN,,,,,,,,1,051,051,05,1,3.4,6,1,6,-1.58415841584158,4,"Yaounde, Centre, Cameroon",CM,CM11,18585,3.86667,11.5167,-3160026,4,"Yaounde, Centre, Cameroon",CM,CM11,18585,3.86667,11.5167,-3160026,4,"Yaounde, Centre, Cameroon",CM,CM11,18585,3.86667,11.5167,-3160026,20170603051500,Engage in diplomatic cooperation,Verbal cooperation
661510606,20170603,201706,USAGOV,US OFFICIAL,USA,,,,,GOV,,,CHN,CHINA,CHN,,,,,,,,1,0841,084,08,2,7.0,8,1,8,-3.58851674641148,4,"Beijing, Beijing, China",CH,CH22,13001,39.9289,116.388,-1898541,4,"Beijing, Beijing, China",CH,CH22,13001,39.9289,116.388,-1898541,4,"Beijing, Beijing, China",CH,CH22,13001,39.9289,116.388,-1898541,20170603063000,Yield,Material cooperation
661513676,20170603,201706,CHN,CHINA,CHN,,,,,,,,USA,NEW YORK,USA,,,,,,,,1,036,036,03,1,4.0,8,1,8,0.64102564102564,4,"Pyongyang, P'yongyang-si, North Korea",KN,KN12,39681,39.0194,125.755,-183459,4,"Pyongyang, P'yongyang-si, North Korea",KN,KN12,39681,39.0194,125.755,-183459,4,"Pyongyang, P'yongyang-si, North Korea",KN,KN12,39681,39.0194,125.755,-183459,20170603070000,Express intent to cooperate,Verbal cooperation
661518006,20170603,201706,CHNGOV,CHINESE,CHN,,,,,GOV,,,USA,AMERICAN,USA,,,,,,,,1,050,050,05,1,3.5,6,1,6,-1.23734533183352,3,"Washington, District of Columbia, United States",US,USDC,DC001,38.8951,-77.0364,531871,3,"Washington, District of Columbia, United States",US,USDC,DC001,38.8951,-77.0364,531871,3,"Washington, District of Columbia, United States",US,USDC,DC001,38.8951,-77.0364,531871,20170603073000,Engage in diplomatic cooperation,Verbal cooperation
661518879,20170603,201706,USA,AMERICAN,USA,,,,,,,,CHNGOV,CHINESE,CHN,,,,,GOV,,,1,050,050,05,1,3.5,6,1,6,-1.23734533183352,2,"Ohio, United States",US,USOH,,40.3736,-82.7755,OH,1,China,CH,CH,,35.0,105.0,CH,1,China,CH,CH,,35.0,105.0,CH,20170603073000,Engage in diplomatic cooperation,Verbal cooperation
661530519,20170603,201706,CHN,CHINA,CHN,,,,,,,,USA,THE US,USA,,,,,,,,1,163,163,16,4,-8.0,10,1,10,-4.0625,1,Italy,IT,IT,,42.8333,12.8333,IT,1,Italy,IT,IT,,42.8333,12.8333,IT,1,France,FR,FR,,46.0,2.0,FR,20170603090000,Reduce relations,Material conflict
661531235,20170603,201706,USA,WASHINGTON,USA,,,,,,,,CHN,BEIJING,CHN,,,,,,,,1,013,013,01,1,0.4,6,1,6,-5.33333333333334,3,"Washington, District of Columbia, United States",US,USDC,DC001,38.8951,-77.0364,531871,4,"Beijing, Beijing, China",CH,CH22,13001,39.9289,116.388,-1898541,3,"Washington, District of Columbia, United States",US,USDC,DC001,38.8951,-77.0364,531871,20170603090000,Make public statement,Verbal cooperation
661531244,20170603,201706,USA,THE US,USA,,,,,,,,CHN,CHINA,CHN,,,,,,,,1,120,120,12,3,-4.0,8,1,8,-5.33333333333334,4,"Pyongyang, P'yongyang-si, North Korea",KN,KN12,39681,39.0194,125.755,-183459,4,"Beijing, Beijing, China",CH,CH22,13001,39.9289,116.388,-1898541,4,"Beijing, Beijing, China",CH,CH22,13001,39.9289,116.388,-1898541,20170603090000,Reject,Verbal conflict
661536168,20160603,201606,USAMED,THE ASSOCIATED PRESS,USA,,,,,MED,,,CHN,BEIJING,CHN,,,,,,,,1,170,170,17,4,-7.0,8,1,8,-7.00636942675159,1,Hong Kong,HK,HK,,22.25,114.167,HK,1,Hong Kong,HK,HK,,22.25,114.167,HK,1,Hong Kong,HK,HK,,22.25,114.167,HK,20170603100000,Coerce,Material conflict
661536491,20170603,201706,CHN,CHINA,CHN,,,,,,,,USA,CALIFORNIA,USA,,,,,,,,1,042,042,04,1,1.9,10,1,10,8.66666666666667,2,"California, United States",US,USCA,,36.17,-119.746,CA,2,"California, United States",US,USCA,,36.17,-119.746,CA,2,"California, United States",US,USCA,,36.17,-119.746,CA,20170603100000,Consult,Verbal cooperation
661536494,20170603,201706,CHN,CHINA,CHN,,,,,,,,USA,CALIFORNIA,USA,,,,,,,,1,043,043,04,1,2.8,8,1,6,1.08527131782946,4,"Chengdu, Sichuan, China",CH,CH32,13270,30.6667,104.067,-1900349,2,"California, United States",US,USCA,,36.17,-119.746,CA,4,"Chengdu, Sichuan, China",CH,CH32,13270,30.6667,104.067,-1900349,20170603100000,Consult,Verbal cooperation
661536497,20170603,201706,CHN,CHENGDU,CHN,,,,,,,,USA,AMERICAN,USA,,,,,,,,1,051,051,05,1,3.4,14,1,14,1.48148148148148,4,"Chengdu, Sichuan, China",CH,CH32,13270,30.6667,104.067,-1900349,2,"California, United States",US,USCA,,36.17,-119.746,CA,2,"California, United States",US,USCA,,36.17,-119.746,CA,20170603100000,Engage in diplomatic cooperation,Verbal cooperation
661536499,20170603,201706,CHN,CHINA,CHN,,,,,,,,USA,UNITED STATES,USA,,,,,,,,1,0874,087,08,2,10.0,8,1,8,1.08527131782946,4,"Chengdu, Sichuan, China",CH,CH32,13270,30.6667,104.067,-1900349,2,"California, United States",US,USCA,,36.17,-119.746,CA,2,"California, United States",US,USCA,,36.17,-119.746,CA,20170603100000,Yield,Material cooperation
661536501,20170603,201706,CHN,CHINA,CHN,,,,,,,,USAGOV,CALIFORNIA,USA,,,,,GOV,,,1,043,043,04,1,2.8,8,1,8,1.08527131782946,4,"Chengdu, Sichuan, China",CH,CH32,13270,30.6667,104.067,-1900349,2,"California, United States",US,USCA,,36.17,-119.746,CA,2,"California, United States",US,USCA,,36.17,-119.746,CA,20170603100000,Consult,Verbal cooperation
661537511,20170603,201706,USA,CALIFORNIA,USA,,,,,,,,CHN,CHINA,CHN,,,,,,,,1,043,043,04,1,2.8,8,1,8,8.66666666666667,2,"California, United States",US,USCA,,36.17,-119.746,CA,1,China,CH,CH,,35.0,105.0,CH,2,"California, United States",US,USCA,,36.17,-119.746,CA,20170603100000,Consult,Verbal cooperation
661537595,20170603,201706,USAGOV,CALIFORNIA,USA,,,,,GOV,,,CHN,CHINA,CHN,,,,,,,,1,042,042,04,1,1.9,12,1,12,1.08527131782946,4,"Nanjing, Jiangsu, China",CH,CH04,13144,32.0617,118.778,-1919548,4,"Nanjing, Jiangsu, China",CH,CH04,13144,32.0617,118.778,-1919548,4,"Nanjing, Jiangsu, China",CH,CH04,13144,32.0617,118.778,-1919548,20170603100000,Consult,Verbal cooperation
661541878,20170603,201706,USA,UNITED STATES,USA,,,,,,,,CHN,CHINA,CHN,,,,,,,,1,051,051,05,1,3.4,8,1,8,-1.43198090692124,4,"South China Sea, Brunei (general), Brunei",BX,BX00,,15.0,115.0,-1337919,4,"South China Sea, Brunei (general), Brunei",BX,BX00,,15.0,115.0,-1337919,4,"South China Sea, Brunei (general), Brunei",BX,BX00,,15.0,115.0,-1337919,20170603103000,Engage in diplomatic cooperation,Verbal cooperation
661546403,20170603,201706,CHN,CHINA,CHN,,,,,,,,USA,HAWAII,USA,,,,,,,,1,130,130,13,3,-4.4,8,1,8,-2.734375,4,"Beijing, Beijing, China",CH,CH22,13001,39.9289,116.388,-1898541,2,"Hawaii, United States",US,USHI,,21.1098,-157.531,HI,1,North Korea,KN,KN,,40.0,127.0,KN,20170603110000,Threaten,Verbal conflict
661546405,20170603,201706,CHN,CHINA,CHN,,,,,,,,USAMED,THE ASSOCIATED PRESS,USA,,,,,MED,,,1,130,130,13,3,-4.4,8,1,8,-3.85964912280702,4,"Beijing, Beijing, China",CH,CH22,13001,39.9289,116.388,-1898541,4,"Beijing, Beijing, China",CH,CH22,13001,39.9289,116.388,-1898541,4,"Beijing, Beijing, China",CH,CH22,13001,39.9289,116.388,-1898541,20170603110000,Threaten,Verbal conflict
661549821,20170603,201706,USA,THE US,USA,,,,,,,,CHN,CHINA,CHN,,,,,,,,1,051,051,05,1,3.4,8,1,8,0.0,4,"Serdang, Terengganu, Malaysia",MY,MY13,37464,4.78333,103.35,-2393680,4,"Serdang, Terengganu, Malaysia",MY,MY13,37464,4.78333,103.35,-2393680,4,"Serdang, Terengganu, Malaysia",MY,MY13,37464,4.78333,103.35,-2393680,20170603111500,Engage in diplomatic cooperation,Verbal cooperation
661555260,20170603,201706,CHN,CHINA,CHN,,,,,,,,USAMED,ASSOCIATED PRESS,USA,,,,,MED,,,1,130,130,13,3,-4.4,8,1,8,-3.4065934065934,4,"Beijing, Beijing, China",CH,CH22,13001,39.9289,116.388,-1898541,4,"Beijing, Beijing, China",CH,CH22,13001,39.9289,116.388,-1898541,1,North Korea,KN,KN,,40.0,127.0,KN,20170603120000,Threaten,Verbal conflict
661556589,20170603,201706,CHN,CHINA,CHN,,,,,,,,USA,UNITED STATES,USA,,,,,,,,1,0874,087,08,2,10.0,8,1,8,-1.22950819672131,2,"California, United States",US,USCA,,36.17,-119.746,CA,1,China,CH,CH,,35.0,105.0,CH,1,China,CH,CH,,35.0,105.0,CH,20170603121500,Yield,Material cooperation
661566373,20170603,201706,CHN,BEIJING,CHN,,,,,,,,USA,UNITED STATES,USA,,,,,,,,1,040,040,04,1,1.0,18,3,18,1.89937566174435,4,"Beijing, Beijing, China",CH,CH22,13001,39.9289,116.388,-1898541,2,"Texas, United States",US,USTX,,31.106,-97.6475,TX,4,"Beijing, Beijing, China",CH,CH22,13001,39.9289,116.388,-1898541,20170603133000,Consult,Verbal cooperation
661566374,20170603,201706,CHN,BEIJING,CHN,,,,,,,,USA,UNITED STATES,USA,,,,,,,,1,040,040,04,1,1.0,6,3,6,1.89937566174435,1,Japan,JA,JA,,36.0,138.0,JA,3,"Washington, District of Columbia, United States",US,USDC,DC001,38.8951,-77.0364,531871,1,Japan,JA,JA,,36.0,138.0,JA,20170603133000,Consult,Verbal cooperation
661566375,20170603,201706,CHN,CHINA,CHN,,,,,,,,USA,UNITED STATES,USA,,,,,,,,1,043,043,04,1,2.8,6,1,6,-1.43266475644699,4,"Shanghai, Shanghai, China",CH,CH23,13243,31.2222,121.458,-1924465,2,"California, United States",US,USCA,,36.17,-119.746,CA,4,"Shanghai, Shanghai, China",CH,CH23,13243,31.2222,121.458,-1924465,20170603133000,Consult,Verbal cooperation
661567219,20170603,201706,USA,UNITED STATES,USA,,,,,,,,CHN,BEIJING,CHN,,,,,,,,1,040,040,04,1,1.0,12,3,12,1.89937566174435,3,"Washington, District of Columbia, United States",US,USDC,DC001,38.8951,-77.0364,531871,3,"Washington, District of Columbia, United States",US,USDC,DC001,38.8951,-77.0364,531871,3,"Washington, District of Columbia, United States",US,USDC,DC001,38.8951,-77.0364,531871,20170603133000,Consult,Verbal cooperation
661567220,20170603,201706,USA,UNITED STATES,USA,,,,,,,,CHN,BEIJING,CHN,,,,,,,,1,040,040,04,1,1.0,18,3,18,1.89937566174435,2,"Texas, United States",US,USTX,,31.106,-97.6475,TX,2,"Texas, United States",US,USTX,,31.106,-97.6475,TX,2,"Texas, United States",US,USTX,,31.106,-97.6475,TX,20170603133000,Consult,Verbal cooperation
661567221,20170603,201706,USA,UNITED STATES,USA,,,,,,,,CHN,CHINA,CHN,,,,,,,,1,042,042,04,1,1.9,6,1,6,-1.43266475644699,2,"California, United States",US,USCA,,36.17,-119.746,CA,4,"Shanghai, Shanghai, China",CH,CH23,13243,31.2222,121.458,-1924465,4,"Shanghai, Shanghai, China",CH,CH23,13243,31.2222,121.458,-1924465,20170603133000,Consult,Verbal cooperation
661567681,20170603,201706,CHN,CHINA,CHN,,,,,,,,USA,IDAHO,USA,,,,,,,,1,130,130,13,3,-4.4,8,1,8,-3.85064177362894,4,"Beijing, Beijing, China",CH,CH22,13001,39.9289,116.388,-1898541,2,"Idaho, United States",US,USID,,44.2394,-114.51,ID,1,North Korea,KN,KN,,40.0,127.0,KN,20170603134500,Threaten,Verbal conflict
661567685,20170603,201706,CHNBUS,CHINESE,CHN,,,,,BUS,,,USA,NEW YORK,USA,,,,,,,,1,192,192,19,4,-9.5,6,1,6,0.68493150684932,3,"Washington, District of Columbia, United States",US,USDC,DC001,38.8951,-77.0364,531871,3,"Washington, District of Columbia, United States",US,USDC,DC001,38.8951,-77.0364,531871,3,"Washington, District of Columbia, United States",US,USDC,DC001,38.8951,-77.0364,531871,20170603134500,Fight,Material conflict
661568558,20170603,201706,USA,UNITED STATES,USA,,,,,,,,CHN,BEIJING,CHN,,,,,,,,1,040,040,04,1,1.0,6,3,6,2.04530692895091,3,"Washington, District of Columbia, United States",US,USDC,DC001,38.8951,-77.0364,531871,4,"Beijing, Beijing, China",CH,CH22,13001,39.9289,116.388,-1898541,4,"Beijing, Beijing, China",CH,CH22,13001,39.9289,116.388,-1898541,20170603134500,Consult,Verbal cooperation
661568559,20170603,201706,USA,UNITED STATES,USA,,,,,,,,CHN,BEIJING,CHN,,,,,,,,1,040,040,04,1,1.0,6,3,6,2.04530692895091,3,"Washington, District of Columbia, United States",US,USDC,DC001,38.8951,-77.0364,531871,1,Japan,JA,JA,,36.0,138.0,JA,1,Japan,JA,JA,,36.0,138.0,JA,20170603134500,Consult,Verbal cooperation
661576471,20170603,201706,USA,UNITED STATES,USA,,,,,,,,CHN,CHINA,CHN,,,,,,,,1,110,110,11,3,-2.0,8,1,8,0.17825311942959,3,"Washington, District of Columbia, United States",US,USDC,DC001,38.8951,-77.0364,531871,4,"Beijing, Beijing, China",CH,CH22,13001,39.9289,116.388,-1898541,3,"Washington, District of Columbia, United States",US,USDC,DC001,38.8951,-77.0364,531871,20170603143000,Disapprove,Verbal conflict
661576561,20170603,201706,USAELIGOV,JIMMY CARTER,USA,,,,,ELI,GOV,,CHN,CHINA,CHN,,,,,,,,1,054,054,05,1,6.0,8,1,8,0.31847133757962,4,"Beijing, Beijing, China",CH,CH22,13001,39.9289,116.388,-1898541,4,"Beijing, Beijing, China",CH,CH22,13001,39.9289,116.388,-1898541,4,"Beijing, Beijing, China",CH,CH22,13001,39.9289,116.388,-1898541,20170603143000,Engage in diplomatic cooperation,Verbal cooperation
661578910,20170603,201706,USA,UNITED STATES,USA,,,,,,,,CHN,BEIJING,CHN,,,,,,,,1,040,040,04,1,1.0,6,1,6,1.95852534562212,3,"Boston, Massachusetts, United States",US,USMA,MA025,42.3584,-71.0598,617565,3,"Boston, Massachusetts, United States",US,USMA,MA025,42.3584,-71.0598,617565,3,"Boston, Massachusetts, United States",US,USMA,MA025,42.3584,-71.0598,617565,20170603144500,Consult,Verbal cooperation
661584282,20170603,201706,USAMED,REUTERS,USA,,,,,MED,,,CHN,CHINA,CHN,,,,,,,,1,051,051,05,1,3.4,8,1,8,-1.30796670630202,4,"South China Sea, Brunei (general), Brunei",BX,BX00,,15.0,115.0,-1337919,4,"South China Sea, Brunei (general), Brunei",BX,BX00,,15.0,115.0,-1337919,4,"South China Sea, Brunei (general), Brunei",BX,BX00,,15.0,115.0,-1337919,20170603151500,Engage in diplomatic cooperation,Verbal cooperation
661585586,20170602,201706,CHN,CHINA,CHN,,,,,,,,USA,THE US,USA,,,,,,,,1,163,163,16,4,-8.0,6,1,6,-1.52838427947598,4,"Beijing, Beijing, China",CH,CH22,13001,39.9289,116.388,-1898541,4,"Beijing, Beijing, China",CH,CH22,13001,39.9289,116.388,-1898541,4,"Beijing, Beijing, China",CH,CH22,13001,39.9289,116.388,-1898541,20170603153000,Reduce relations,Material conflict
661585880,20170603,201706,CHN,CHINESE,CHN,,,,,,,,USA,MINNEAPOLIS,USA,,,,,,,,1,120,120,12,3,-4.0,8,1,8,6.36363636363636,1,China,CH,CH,,35.0,105.0,CH,1,China,CH,CH,,35.0,105.0,CH,1,China,CH,CH,,35.0,105.0,CH,20170603153000,Reject,Verbal conflict
661586781,20170603,201706,USA,THE US,USA,,,,,,,,CHN,CHINA,CHN,,,,,,,,1,0874,087,08,2,10.0,6,1,6,-1.04529616724739,1,India,IN,IN,,20.0,77.0,IN,1,China,CH,CH,,35.0,105.0,CH,1,India,IN,IN,,20.0,77.0,IN,20170603153000,Yield,Material cooperation
661592118,20170603,201706,USAGOV,SUSAN RICE,USA,,,,,GOV,,,CHN,CHINA,CHN,,,,,,,,1,020,020,02,1,3.0,6,1,6,-1.71149144254279,1,China,CH,CH,,35.0,105.0,CH,1,China,CH,CH,,35.0,105.0,CH,1,Russia,RS,RS,,60.0,100.0,RS,20170603160000,Appeal,Verbal cooperation
661593567,20170603,201706,CHN,CHINA,CHN,,,,,,,,USA,NEW JERSEY,USA,,,,,,,,1,042,042,04,1,1.9,6,1,6,-4.05156537753223,4,"Chengdu, Sichuan, China",CH,CH32,13270,30.6667,104.067,-1900349,4,"Chengdu, Sichuan, China",CH,CH32,13270,30.6667,104.067,-1900349,4,"Chengdu, Sichuan, China",CH,CH32,13270,30.6667,104.067,-1900349,20170603161500,Consult,Verbal cooperation
661593568,20170603,201706,CHN,CHINA,CHN,,,,,,,,USA,RICHMOND,USA,,,,,,,,1,042,042,04,1,1.9,8,1,8,2.88461538461539,4,"Suzhou, Jiangsu, China",CH,CH04,13148,31.3114,120.618,79514,4,"Suzhou, Jiangsu, China",CH,CH04,13148,31.3114,120.618,79514,4,"Suzhou, Jiangsu, China",CH,CH04,13148,31.3114,120.618,79514,20170603161500,Consult,Verbal cooperation
661594470,20170603,201706,USA,RICHMOND,USA,,,,,,,,CHN,CHINA,CHN,,,,,,,,1,043,043,04,1,2.8,8,1,8,2.88461538461539,4,"Suzhou, Jiangsu, China",CH,CH04,13148,31.3114,120.618,79514,4,"Suzhou, Jiangsu, China",CH,CH04,13148,31.3114,120.618,79514,4,"Suzhou, Jiangsu, China",CH,CH04,13148,31.3114,120.618,79514,20170603161500,Consult,Verbal cooperation
661597089,20170603,201706,CHN,CHINA,CHN,,,,,,,,USA,UNITED STATES,USA,,,,,,,,1,010,010,01,1,0.0,6,1,6,-4.16666666666667,1,China,CH,CH,,35.0,105.0,CH,1,United States,US,US,,38.0,-97.0,US,1,United States,US,US,,38.0,-97.0,US,20170603163000,Make public statement,Verbal cooperation
661597090,20170603,201706,CHN,CHINA,CHN,,,,,,,,USA,UNITED STATES,USA,,,,,,,,1,080,080,08,2,5.0,6,1,6,-4.16666666666667,1,Philippines,RP,RP,,13.0,122.0,RP,1,United States,US,US,,38.0,-97.0,US,1,Philippines,RP,RP,,13.0,122.0,RP,20170603163000,Yield,Material cooperation
661602015,20170603,201706,CHN,CHINESE,CHN,,,,,,,,USA,THE US,USA,,,,,,,,1,100,100,10,3,-5.0,10,1,10,-0.94212651413189,4,"Beijing, Beijing, China",CH,CH22,13001,39.9289,116.388,-1898541,4,"Beijing, Beijing, China",CH,CH22,13001,39.9289,116.388,-1898541,4,"Beijing, Beijing, China",CH,CH22,13001,39.9289,116.388,-1898541,20170603171500,Demand,Verbal conflict
661603093,20170603,201706,CHN,CHINA,CHN,,,,,,,,USA,NEW YORK,USA,,,,,,,,1,173,173,17,4,-5.0,8,1,8,-2.65486725663717,4,"Beijing, Beijing, China",CH,CH22,13001,39.9289,116.388,-1898541,2,"New York, United States",US,USNY,,42.1497,-74.9384,NY,4,"Beijing, Beijing, China",CH,CH22,13001,39.9289,116.388,-1898541,20170603173000,Coerce,Material conflict
661603095,20170603,201706,CHN,CHINA,CHN,,,,,,,,USAJUD,NEW YORK,USA,,,,,JUD,,,1,115,115,11,3,-2.0,8,1,8,-2.65486725663717,4,"Beijing, Beijing, China",CH,CH22,13001,39.9289,116.388,-1898541,2,"New York, United States",US,USNY,,42.1497,-74.9384,NY,2,"New York, United States",US,USNY,,42.1497,-74.9384,NY,20170603173000,Disapprove,Verbal conflict
661628094,20170603,201706,USA,WASHINGTON,USA,,,,,,,,CHN,CHINA,CHN,,,,,,,,1,120,120,12,3,-4.0,8,1,8,-4.13625304136253,4,"South China Sea, Brunei (general), Brunei",BX,BX00,,15.0,115.0,-1337919,4,"South China Sea, Brunei (general), Brunei",BX,BX00,,15.0,115.0,-1337919,4,"South China Sea, Brunei (general), Brunei",BX,BX00,,15.0,115.0,-1337919,20170603204500,Reject,Verbal conflict
661631063,20170603,201706,USA,CALIFORNIA,USA,,,,,,,,CHN,CHINA,CHN,,,,,,,,1,051,051,05,1,3.4,8,1,8,-0.848896434634975,4,"Paris, France (general), France",FR,FR00,16282,48.8667,2.33333,-1456928,4,"Paris, France (general), France",FR,FR00,16282,48.8667,2.33333,-1456928,4,"Paris, France (general), France",FR,FR00,16282,48.8667,2.33333,-1456928,20170603211500,Engage in diplomatic cooperation,Verbal cooperation
661647787,20170604,201706,CHN,BEIJING,CHN,,,,,,,,USA,UNITED STATES,USA,,,,,,,,1,040,040,04,1,1.0,12,2,12,1.99871769309861,4,"Beijing, Beijing, China",CH,CH22,13001,39.9289,116.388,-1898541,2,"Texas, United States",US,USTX,,31.106,-97.6475,TX,4,"Beijing, Beijing, China",CH,CH22,13001,39.9289,116.388,-1898541,20170604001500,Consult,Verbal cooperation
661648915,20170604,201706,USA,UNITED STATES,USA,,,,,,,,CHN,BEIJING,CHN,,,,,,,,1,040,040,04,1,1.0,6,1,6,2.29095074455899,2,"Texas, United States",US,USTX,,31.106,-97.6475,TX,4,"Beijing, Beijing, China",CH,CH22,13001,39.9289,116.388,-1898541,4,"Beijing, Beijing, China",CH,CH22,13001,39.9289,116.388,-1898541,20170604001500,Consult,Verbal cooperation
661648916,20170604,201706,USA,UNITED STATES,USA,,,,,,,,CHN,BEIJING,CHN,,,,,,,,1,040,040,04,1,1.0,6,1,6,1.70648464163823,2,"Texas, United States",US,USTX,,31.106,-97.6475,TX,2,"Texas, United States",US,USTX,,31.106,-97.6475,TX,2,"Texas, United States",US,USTX,,31.106,-97.6475,TX,20170604001500,Consult,Verbal cooperation
661663726,20170604,201706,USA,UNITED STATES,USA,,,,,,,,CHN,BEIJING,CHN,,,,,,,,1,020,020,02,1,3.0,6,2,6,-1.67372966459129,3,"Washington, District of Columbia, United States",US,USDC,DC001,38.8951,-77.0364,531871,4,"Beijing, Beijing, China",CH,CH22,13001,39.9289,116.388,-1898541,4,"Beijing, Beijing, China",CH,CH22,13001,39.9289,116.388,-1898541,20170604013000,Appeal,Verbal cooperation
661669293,20170604,201706,CHN,BEIJING,CHN,,,,,,,,USA,FLORIDA,USA,,,,,,,,1,043,043,04,1,2.8,8,1,8,2.51937984496124,4,"Beijing, Beijing, China",CH,CH22,13001,39.9289,116.388,-1898541,2,"Florida, United States",US,USFL,,27.8333,-81.717,FL,4,"Beijing, Beijing, China",CH,CH22,13001,39.9289,116.388,-1898541,20170604021500,Consult,Verbal cooperation
661670072,20170604,201706,USA,NEW YORK,USA,,,,,,,,CHN,BEIJING,CHN,,,,,,,,1,036,036,03,1,4.0,10,1,10,2.51937984496124,4,"Beijing, Beijing, China",CH,CH22,13001,39.9289,116.388,-1898541,4,"Beijing, Beijing, China",CH,CH22,13001,39.9289,116.388,-1898541,4,"Beijing, Beijing, China",CH,CH22,13001,39.9289,116.388,-1898541,20170604021500,Express intent to cooperate,Verbal cooperation
661670074,20170604,201706,USA,FLORIDA,USA,,,,,,,,CHN,BEIJING,CHN,,,,,,,,1,042,042,04,1,1.9,8,1,8,2.51937984496124,2,"Florida, United States",US,USFL,,27.8333,-81.717,FL,4,"Beijing, Beijing, China",CH,CH22,13001,39.9289,116.388,-1898541,4,"Beijing, Beijing, China",CH,CH22,13001,39.9289,116.388,-1898541,20170604021500,Consult,Verbal cooperation
661674417,20170604,201706,USA,THE US,USA,,,,,,,,CHN,CHINA,CHN,,,,,,,,1,030,030,03,1,4.0,6,1,6,-2.3489932885906,4,"Beijing, Beijing, China",CH,CH22,13001,39.9289,116.388,-1898541,4,"Beijing, Beijing, China",CH,CH22,13001,39.9289,116.388,-1898541,4,"Beijing, Beijing, China",CH,CH22,13001,39.9289,116.388,-1898541,20170604024500,Express intent to cooperate,Verbal cooperation
661677343,20170604,201706,CHN,CHINA,CHN,,,,,,,,MNCUSAMED,QUALCOMM,USA,,,,,MNC,MED,,1,172,172,17,4,-5.0,10,1,10,-5.51181102362205,1,China,CH,CH,,35.0,105.0,CH,1,China,CH,CH,,35.0,105.0,CH,1,China,CH,CH,,35.0,105.0,CH,20170604031500,Coerce,Material conflict
661679206,20170604,201706,CHN,CHINA,CHN,,,,,,,,USA,THE US,USA,,,,,,,,1,163,163,16,4,-8.0,6,1,6,-4.3731778425656,4,"Beijing, Beijing, China",CH,CH22,13001,39.9289,116.388,-1898541,4,"Beijing, Beijing, China",CH,CH22,13001,39.9289,116.388,-1898541,4,"Beijing, Beijing, China",CH,CH22,13001,39.9289,116.388,-1898541,20170604033000,Reduce relations,Material conflict
661679961,20170604,201706,USA,THE US,USA,,,,,,,,CHN,CHINA,CHN,,,,,,,,1,120,120,12,3,-4.0,6,1,6,-4.3731778425656,1,Singapore,SN,SN,,1.3667,103.8,SN,1,Singapore,SN,SN,,1.3667,103.8,SN,1,Singapore,SN,SN,,1.3667,103.8,SN,20170604033000,Reject,Verbal conflict
661688791,20170604,201706,USA,UNITED STATES,USA,,,,,,,,CHN,BEIJING,CHN,,,,,,,,1,040,040,04,1,1.0,8,1,8,2.00945626477541,2,"Iowa, United States",US,USIA,,42.0046,-93.214,IA,2,"Iowa, United States",US,USIA,,42.0046,-93.214,IA,2,"Iowa, United States",US,USIA,,42.0046,-93.214,IA,20170604044500,Consult,Verbal cooperation
661708848,20170604,201706,USA,THE US,USA,,,,,,,,CHN,CHINA,CHN,,,,,,,,1,110,110,11,3,-2.0,8,1,8,-5.1063829787234,1,Russia,RS,RS,,60.0,100.0,RS,1,China,CH,CH,,35.0,105.0,CH,1,Russia,RS,RS,,60.0,100.0,RS,20170604073000,Disapprove,Verbal conflict
661713250,20170604,201706,USA,UNITED STATES,USA,,,,,,,,CHN,CHINA,CHN,,,,,,,,1,051,051,05,1,3.4,6,1,6,0.0,1,China,CH,CH,,35.0,105.0,CH,1,Philippines,RP,RP,,13.0,122.0,RP,1,China,CH,CH,,35.0,105.0,CH,20170604080000,Engage in diplomatic cooperation,Verbal cooperation
661725845,20170604,201706,CHN,CHINA,CHN,,,,,,,,USA,UNITED STATES,USA,,,,,,,,1,051,051,05,1,3.4,8,1,8,-1.25,4,"Yang Shuping, Henan, China",CH,CH09,13111,33.5875,112.601,10529630,3,"University Of Maryland, Maryland, United States",US,USMD,,38.9859,-76.9386,598205,4,"Yang Shuping, Henan, China",CH,CH09,13111,33.5875,112.601,10529630,20170604093000,Engage in diplomatic cooperation,Verbal cooperation
661730737,20170604,201706,MNCCHN,CHINA DISTANCE EDUCATION HOLDINGS,CHN,,,,,MNC,,,MNCUSA,PIPER JAFFRAY,USA,,,,,MNC,,,1,010,010,01,1,0.0,10,1,10,0.430107526881719,1,China,CH,CH,,35.0,105.0,CH,1,China,CH,CH,,35.0,105.0,CH,1,China,CH,CH,,35.0,105.0,CH,20170604100000,Make public statement,Verbal cooperation
661737243,20170604,201706,CHN,CHINESE,CHN,,,,,,,,USA,WASHINGTON,USA,,,,,,,,1,043,043,04,1,2.8,8,1,8,-2.58964143426295,1,China,CH,CH,,35.0,105.0,CH,3,"Washington, District of Columbia, United States",US,USDC,DC001,38.8951,-77.0364,531871,1,China,CH,CH,,35.0,105.0,CH,20170604110000,Consult,Verbal cooperation
661737942,20170604,201706,USA,WASHINGTON,USA,,,,,,,,CHN,CHINESE,CHN,,,,,,,,1,042,042,04,1,1.9,8,1,8,-2.58964143426295,3,"Washington, District of Columbia, United States",US,USDC,DC001,38.8951,-77.0364,531871,1,China,CH,CH,,35.0,105.0,CH,1,China,CH,CH,,35.0,105.0,CH,20170604110000,Consult,Verbal cooperation
661755304,20170604,201706,CHNGOV,CHINESE,CHN,,,,,GOV,,,USAEDU,WASHINGTON,USA,,,,,EDU,,,1,042,042,04,1,1.9,6,1,6,-4.92021276595745,4,"Tiananmen, Beijing, China",CH,CH22,13001,39.9072,116.391,-1928471,1,United States,US,US,,38.0,-97.0,US,4,"Tiananmen, Beijing, China",CH,CH22,13001,39.9072,116.391,-1928471,20170604131500,Consult,Verbal cooperation
661756417,20170604,201706,USAEDU,WASHINGTON,USA,,,,,EDU,,,CHNGOV,CHINESE,CHN,,,,,GOV,,,1,043,043,04,1,2.8,6,1,6,-4.92021276595745,1,United States,US,US,,38.0,-97.0,US,4,"Tiananmen, Beijing, China",CH,CH22,13001,39.9072,116.391,-1928471,4,"Tiananmen, Beijing, China",CH,CH22,13001,39.9072,116.391,-1928471,20170604131500,Consult,Verbal cooperation
661790982,20170604,201706,MNCCHNMED,CHINA MOBILE,CHN,,,,,MNC,MED,,MNCUSA,CITIGROUP,USA,,,,,MNC,,,1,010,010,01,1,0.0,8,1,8,0.5089058524173,1,China,CH,CH,,35.0,105.0,CH,1,China,CH,CH,,35.0,105.0,CH,1,China,CH,CH,,35.0,105.0,CH,20170604171500,Make public statement,Verbal cooperation
661794873,20170604,201706,CHN,CHINA,CHN,,,,,,,,USA,AMERICAN,USA,,,,,,,,1,012,012,01,1,-0.4,8,1,8,-3.15398886827459,4,"Beijing, Beijing, China",CH,CH22,13001,39.9289,116.388,-1898541,1,United States,US,US,,38.0,-97.0,US,1,United States,US,US,,38.0,-97.0,US,20170604174500,Make public statement,Verbal cooperation
661794874,20170604,201706,CHN,CHINA,CHN,,,,,,,,USA,AMERICAN,USA,,,,,,,,1,110,110,11,3,-2.0,6,1,6,-3.15398886827459,1,Germany,GM,GM,,51.0,9.0,GM,4,"Beijing, Beijing, China",CH,CH22,13001,39.9289,116.388,-1898541,1,United States,US,US,,38.0,-97.0,US,20170604174500,Disapprove,Verbal conflict
661823783,20170604,201706,USA,UNITED STATES,USA,,,,,,,,CHN,CHINA,CHN,,,,,,,,1,100,100,10,3,-5.0,6,1,6,-1.59489633173844,3,"Washington, District of Columbia, United States",US,USDC,DC001,38.8951,-77.0364,531871,4,"Beijing, Beijing, China",CH,CH22,13001,39.9289,116.388,-1898541,4,"Beijing, Beijing, China",CH,CH22,13001,39.9289,116.388,-1898541,20170604223000,Demand,Verbal conflict
661835198,20170605,201706,CHN,CHINA,CHN,,,,,,,,USA,THE US,USA,,,,,,,,1,043,043,04,1,2.8,10,1,10,-3.83838383838383,1,China,CH,CH,,35.0,105.0,CH,1,China,CH,CH,,35.0,105.0,CH,1,China,CH,CH,,35.0,105.0,CH,20170605001500,Consult,Verbal cooperation
661835200,20170605,201706,CHN,CHINA,CHN,,,,,,,,USAMED,REUTERS,USA,,,,,MED,,,1,013,013,01,1,0.4,8,1,8,0.0,4,"Horgos, Xinjiang, China",CH,CH13,13292,44.1256,80.4144,-1913694,4,"Horgos, Xinjiang, China",CH,CH13,13292,44.1256,80.4144,-1913694,4,"Horgos, Xinjiang, China",CH,CH13,13292,44.1256,80.4144,-1913694,20170605001500,Make public statement,Verbal cooperation
661836756,20170605,201706,USA,THE US,USA,,,,,,,,CHN,CHINA,CHN,,,,,,,,1,042,042,04,1,1.9,10,1,10,-3.83838383838383,1,China,CH,CH,,35.0,105.0,CH,1,China,CH,CH,,35.0,105.0,CH,1,China,CH,CH,,35.0,105.0,CH,20170605001500,Consult,Verbal cooperation
661836757,20170605,201706,USA,THE US,USA,,,,,,,,CHN,CHINA,CHN,,,,,,,,1,061,061,06,2,6.4,10,1,10,-3.83838383838383,2,"Alaska, United States",US,USAK,,61.385,-152.268,AK,2,"Alaska, United States",US,USAK,,61.385,-152.268,AK,2,"Alaska, United States",US,USAK,,61.385,-152.268,AK,20170605001500,Engage in material cooperation,Material cooperation
661841787,20170605,201706,USAEDU,WASHINGTON,USA,,,,,EDU,,,CHN,XIAN,CHN,,,,,,,,1,110,110,11,3,-2.0,10,1,10,0.0,0,,,,,,,,0,,,,,,,,0,,,,,,,,20170605003000,Disapprove,Verbal conflict
661841788,20170605,201706,USAEDU,WASHINGTON,USA,,,,,EDU,,,CHNEDU,XIAN,CHN,,,,,EDU,,,1,173,173,17,4,-5.0,10,1,10,0.0,0,,,,,,,,0,,,,,,,,0,,,,,,,,20170605003000,Coerce,Material conflict
661842336,20170605,201706,CHN,CANTON,CHN,,,,,,,,USA,LAWRENCE,USA,,,,,,,,1,036,036,03,1,4.0,10,1,10,-1.12359550561797,1,China,CH,CH,,35.0,105.0,CH,1,China,CH,CH,,35.0,105.0,CH,1,China,CH,CH,,35.0,105.0,CH,20170605004500,Express intent to cooperate,Verbal cooperation
661843537,20170605,201706,USA,LAWRENCE,USA,,,,,,,,CHN,CANTON,CHN,,,,,,,,1,036,036,03,1,4.0,10,1,10,-1.12359550561797,1,China,CH,CH,,35.0,105.0,CH,1,China,CH,CH,,35.0,105.0,CH,1,China,CH,CH,,35.0,105.0,CH,20170605004500,Express intent to cooperate,Verbal cooperation
661853900,20170605,201706,CHN,CHINA,CHN,,,,,,,,USAGOV,RICHARD NIXON,USA,,,,,GOV,,,1,043,043,04,1,2.8,20,1,20,1.5527950310559,4,"Peking, Beijing, China",CH,CH22,13001,39.9289,116.388,-1898541,4,"Beijing, Beijing, China",CH,CH22,13001,39.9289,116.388,-1898541,4,"Peking, Beijing, China",CH,CH22,13001,39.9289,116.388,-1898541,20170605014500,Consult,Verbal cooperation
661855405,20170605,201706,USAGOV,RICHARD NIXON,USA,,,,,GOV,,,CHN,CHINA,CHN,,,,,,,,1,042,042,04,1,1.9,20,1,20,1.5527950310559,4,"Hainan Island, Hainan, China",CH,CH31,13072,19.0,109.5,-1908189,4,"Hainan Island, Hainan, China",CH,CH31,13072,19.0,109.5,-1908189,4,"Hainan Island, Hainan, China",CH,CH31,13072,19.0,109.5,-1908189,20170605014500,Consult,Verbal cooperation
661861266,20170605,201706,CHN,CHINA,CHN,,,,,,,,USAGOV,NASA,USA,,,,,GOV,,,1,172,172,17,4,-5.0,10,1,10,-0.255102040816327,4,"Beijing, Beijing, China",CH,CH22,13001,39.9289,116.388,-1898541,4,"Beijing, Beijing, China",CH,CH22,13001,39.9289,116.388,-1898541,4,"Beijing, Beijing, China",CH,CH22,13001,39.9289,116.388,-1898541,20170605023000,Coerce,Material conflict
661862212,20170605,201706,USAGOV,NASA,USA,,,,,GOV,,,CHN,CHINESE,CHN,,,,,,,,1,042,042,04,1,1.9,8,1,8,-0.255102040816327,2,"Florida, United States",US,USFL,,27.8333,-81.717,FL,2,"Florida, United States",US,USFL,,27.8333,-81.717,FL,2,"Florida, United States",US,USFL,,27.8333,-81.717,FL,20170605023000,Consult,Verbal cooperation
661862213,20170605,201706,USAGOV,NASA,USA,,,,,GOV,,,CHN,CHINA,CHN,,,,,,,,1,172,172,17,4,-5.0,10,1,10,-0.255102040816327,4,"Beijing, Beijing, China",CH,CH22,13001,39.9289,116.388,-1898541,4,"Beijing, Beijing, China",CH,CH22,13001,39.9289,116.388,-1898541,4,"Beijing, Beijing, China",CH,CH22,13001,39.9289,116.388,-1898541,20170605023000,Coerce,Material conflict
661866265,20170605,201706,USAGOV,RICHARD NIXON,USA,,,,,GOV,,,CHN,CHINA,CHN,,,,,,,,1,042,042,04,1,1.9,10,1,10,1.48148148148148,4,"Beijing, Beijing, China",CH,CH22,13001,39.9289,116.388,-1898541,4,"Peking, Beijing, China",CH,CH22,13001,39.9289,116.388,-1898541,4,"Peking, Beijing, China",CH,CH22,13001,39.9289,116.388,-1898541,20170605030000,Consult,Verbal cooperation
661871900,20170605,201706,CHN,BEIJING,CHN,,,,,,,,USA,UNITED STATES,USA,,,,,,,,1,040,040,04,1,1.0,6,3,6,2.05172987358616,4,"Beijing, Beijing, China",CH,CH22,13001,39.9289,116.388,-1898541,3,"Washington, District of Columbia, United States",US,USDC,DC001,38.8951,-77.0364,531871,4,"Beijing, Beijing, China",CH,CH22,13001,39.9289,116.388,-1898541,20170605034500,Consult,Verbal cooperation
661871901,20170605,201706,CHN,BEIJING,CHN,,,,,,,,USA,UNITED STATES,USA,,,,,,,,1,040,040,04,1,1.0,18,3,18,2.05172987358616,4,"Beijing, Beijing, China",CH,CH22,13001,39.9289,116.388,-1898541,2,"Texas, United States",US,USTX,,31.106,-97.6475,TX,4,"Beijing, Beijing, China",CH,CH22,13001,39.9289,116.388,-1898541,20170605034500,Consult,Verbal cooperation
661871902,20170605,201706,CHN,BEIJING,CHN,,,,,,,,USA,UNITED STATES,USA,,,,,,,,1,040,040,04,1,1.0,6,3,6,2.05172987358616,1,Japan,JA,JA,,36.0,138.0,JA,3,"Washington, District of Columbia, United States",US,USDC,DC001,38.8951,-77.0364,531871,1,Japan,JA,JA,,36.0,138.0,JA,20170605034500,Consult,Verbal cooperation
661872839,20170605,201706,USA,UNITED STATES,USA,,,,,,,,CHN,BEIJING,CHN,,,,,,,,1,040,040,04,1,1.0,18,3,18,2.05172987358616,2,"Texas, United States",US,USTX,,31.106,-97.6475,TX,2,"Texas, United States",US,USTX,,31.106,-97.6475,TX,2,"Texas, United States",US,USTX,,31.106,-97.6475,TX,20170605034500,Consult,Verbal cooperation
661879013,20170605,201706,CHN,CHINA,CHN,,,,,,,,USA,AMERICAN,USA,,,,,,,,1,012,012,01,1,-0.4,7,1,7,-3.98148148148148,4,"Tiananmen, Beijing, China",CH,CH22,13001,39.9072,116.391,-1928471,2,"New York, United States",US,USNY,,42.1497,-74.9384,NY,2,"New York, United States",US,USNY,,42.1497,-74.9384,NY,20170605043000,Make public statement,Verbal cooperation
661879018,20170605,201706,CHN,CHINA,CHN,,,,,,,,USAMED,REUTERS,USA,,,,,MED,,,1,040,040,04,1,1.0,8,1,8,0.0,4,"Shanghai, Shanghai, China",CH,CH23,13243,31.2222,121.458,-1924465,4,"Beijing, Beijing, China",CH,CH22,13001,39.9289,116.388,-1898541,4,"Shanghai, Shanghai, China",CH,CH23,13243,31.2222,121.458,-1924465,20170605043000,Consult,Verbal cooperation
661880386,20170605,201706,USAMED,REUTERS,USA,,,,,MED,,,CHN,CHINA,CHN,,,,,,,,1,040,040,04,1,1.0,10,1,10,0.0,4,"Beijing, Beijing, China",CH,CH22,13001,39.9289,116.388,-1898541,4,"Shanghai, Shanghai, China",CH,CH23,13243,31.2222,121.458,-1924465,4,"Shanghai, Shanghai, China",CH,CH23,13243,31.2222,121.458,-1924465,20170605043000,Consult,Verbal cooperation
661882871,20170605,201706,USAGOV,RICHARD NIXON,USA,,,,,GOV,,,CHN,CHINA,CHN,,,,,,,,1,042,042,04,1,1.9,10,1,10,1.36986301369863,4,"Hainan, Hainan, China",CH,CH31,13072,18.9394,109.484,6025157,4,"Hainan, Hainan, China",CH,CH31,13072,18.9394,109.484,6025157,4,"Hainan, Hainan, China",CH,CH31,13072,18.9394,109.484,6025157,20170605044500,Consult,Verbal cooperation
661890407,20170605,201706,CHN,CHINA,CHN,,,,,,,,USAMED,REUTERS,USA,,,,,MED,,,1,010,010,01,1,0.0,10,1,10,5.88235294117647,1,China,CH,CH,,35.0,105.0,CH,1,North Korea,KN,KN,,40.0,127.0,KN,1,North Korea,KN,KN,,40.0,127.0,KN,20170605053000,Make public statement,Verbal cooperation
661890409,20170605,201706,CHN,SHANGHAI,CHN,,,,,,,,USAMED,REUTERS,USA,,,,,MED,,,1,013,013,01,1,0.4,6,1,6,-1.2216404886562,4,"Guodian, Liaoning, China",CH,CH19,13178,39.8367,121.967,10713179,4,"Guodian, Liaoning, China",CH,CH19,13178,39.8367,121.967,10713179,4,"Guodian, Liaoning, China",CH,CH19,13178,39.8367,121.967,10713179,20170605053000,Make public statement,Verbal cooperation
661894760,20170605,201706,CHN,CHINA,CHN,,,,,,,,USAMED,REUTERS,USA,,,,,MED,,,1,111,111,11,3,-2.0,9,2,9,-10.9330807684261,4,"Tianjin, Tianjin, China",CH,CH28,13279,39.1422,117.177,-1928564,4,"Tianjin, Tianjin, China",CH,CH28,13279,39.1422,117.177,-1928564,4,"Tianjin, Tianjin, China",CH,CH28,13279,39.1422,117.177,-1928564,20170605060000,Disapprove,Verbal conflict
661895800,20170605,201706,USA,WASHINGTON,USA,,,,,,,,CHN,CHINA,CHN,,,,,,,,1,141,141,14,3,-6.5,8,3,8,-2.762641134771,3,"Washington, District of Columbia, United States",US,USDC,DC001,38.8951,-77.0364,531871,4,"South China Sea, Brunei (general), Brunei",BX,BX00,,15.0,115.0,-1337919,3,"Washington, District of Columbia, United States",US,USDC,DC001,38.8951,-77.0364,531871,20170605060000,Protest,Verbal conflict
661902917,20170605,201706,CHN,CHINA,CHN,,,,,,,,USA,WASHINGTON,USA,,,,,,,,1,036,036,03,1,4.0,6,1,6,1.24610591900311,2,"California, United States",US,USCA,,36.17,-119.746,CA,2,"California, United States",US,USCA,,36.17,-119.746,CA,2,"California, United States",US,USCA,,36.17,-119.746,CA,20170605064500,Express intent to cooperate,Verbal cooperation
661906735,20170605,201706,USA,UNITED STATES,USA,,,,,,,,CHN,TIBET,CHN,,,,,,,,1,051,051,05,1,3.4,10,1,7,-0.91911764705883,1,United States,US,US,,38.0,-97.0,US,5,"Tibet, Xizang, China",CH,CH14,13213,32.0,90.0,-1934604,5,"Tibet, Xizang, China",CH,CH14,13213,32.0,90.0,-1934604,20170605070000,Engage in diplomatic cooperation,Verbal cooperation
661908479,20170605,201706,CHN,CHINA,CHN,,,,,,,,USAMED,REUTERS,USA,,,,,MED,,,1,013,013,01,1,0.4,8,4,8,-3.40560738104106,1,China,CH,CH,,35.0,105.0,CH,1,China,CH,CH,,35.0,105.0,CH,1,China,CH,CH,,35.0,105.0,CH,20170605071500,Make public statement,Verbal cooperation
661912349,20170605,201706,MNCUSAMED,QUALCOMM,USA,,,,,MNC,MED,,CHNBUS,CHINESE,CHN,,,,,BUS,,,1,051,051,05,1,3.4,6,1,6,-1.05633802816901,1,China,CH,CH,,35.0,105.0,CH,1,China,CH,CH,,35.0,105.0,CH,1,China,CH,CH,,35.0,105.0,CH,20170605073000,Engage in diplomatic cooperation,Verbal cooperation
661914324,20170605,201706,CHNOPP,CHINESE,CHN,,,,,OPP,,,USA,WASHINGTON,USA,,,,,,,,1,140,140,14,3,-6.5,6,1,6,-6.35838150289017,4,"Beijing, Beijing, China",CH,CH22,13001,39.9289,116.388,-1898541,3,"Washington, District of Columbia, United States",US,USDC,DC001,38.8951,-77.0364,531871,2,"New Mexico, United States",US,USNM,,34.8375,-106.237,NM,20170605074500,Protest,Verbal conflict
661915190,20170605,201706,USA,WASHINGTON,USA,,,,,,,,CHNOPP,BEIJING,CHN,,,,,OPP,,,1,017,017,01,1,0.0,10,1,10,-6.35838150289017,3,"Washington, District of Columbia, United States",US,USDC,DC001,38.8951,-77.0364,531871,4,"Beijing, Beijing, China",CH,CH22,13001,39.9289,116.388,-1898541,4,"Beijing, Beijing, China",CH,CH22,13001,39.9289,116.388,-1898541,20170605074500,Make public statement,Verbal cooperation
661915191,20170605,201706,USA,WASHINGTON,USA,,,,,,,,CHNOPP,BEIJING,CHN,,,,,OPP,,,1,170,170,17,4,-7.0,10,1,10,-6.35838150289017,3,"Washington, District of Columbia, United States",US,USDC,DC001,38.8951,-77.0364,531871,4,"Beijing, Beijing, China",CH,CH22,13001,39.9289,116.388,-1898541,4,"Beijing, Beijing, China",CH,CH22,13001,39.9289,116.388,-1898541,20170605074500,Coerce,Material conflict
661928351,20170605,201706,CHN,CHINA,CHN,,,,,,,,USA,AMERICAN,USA,,,,,,,,1,012,012,01,1,-0.4,8,1,8,-3.20754716981132,1,China,CH,CH,,35.0,105.0,CH,1,United States,US,US,,38.0,-97.0,US,1,United States,US,US,,38.0,-97.0,US,20170605090000,Make public statement,Verbal cooperation
661928352,20170605,201706,CHN,CHINA,CHN,,,,,,,,USA,AMERICAN,USA,,,,,,,,1,110,110,11,3,-2.0,7,1,7,-3.20754716981132,1,Germany,GM,GM,,51.0,9.0,GM,1,China,CH,CH,,35.0,105.0,CH,1,China,CH,CH,,35.0,105.0,CH,20170605090000,Disapprove,Verbal conflict
661932335,20170605,201706,CHN,CHINESE,CHN,,,,,,,,USA,CALIFORNIA,USA,,,,,,,,1,020,020,02,1,3.0,6,1,6,1.61834120026973,4,"Beijing, Beijing, China",CH,CH22,13001,39.9289,116.388,-1898541,2,"California, United States",US,USCA,,36.17,-119.746,CA,4,"Beijing, Beijing, China",CH,CH22,13001,39.9289,116.388,-1898541,20170605091500,Appeal,Verbal cooperation
661932336,20170605,201706,CHN,CHINESE,CHN,,,,,,,,USA,CALIFORNIA,USA,,,,,,,,1,042,042,04,1,1.9,6,1,6,1.61834120026973,4,"Beigou, Jilin, China",CH,CH05,13176,43.3356,129.655,10869793,4,"Beigou, Jilin, China",CH,CH05,13176,43.3356,129.655,10869793,4,"Beigou, Jilin, China",CH,CH05,13176,43.3356,129.655,10869793,20170605091500,Consult,Verbal cooperation
661933603,20170605,201706,USA,CALIFORNIA,USA,,,,,,,,CHN,CHINESE,CHN,,,,,,,,1,043,043,04,1,2.8,6,1,6,1.61834120026973,2,"California, United States",US,USCA,,36.17,-119.746,CA,4,"Beijing, Beijing, China",CH,CH22,13001,39.9289,116.388,-1898541,2,"California, United States",US,USCA,,36.17,-119.746,CA,20170605091500,Consult,Verbal cooperation
661937855,20170605,201706,CHN,SHANGHAI,CHN,,,,,,,,USAMED,REUTERS,USA,,,,,MED,,,1,040,040,04,1,1.0,10,1,10,0.0,4,"Shanghai, Shanghai, China",CH,CH23,13243,31.2222,121.458,-1924465,4,"Shanghai, Shanghai, China",CH,CH23,13243,31.2222,121.458,-1924465,4,"Shanghai, Shanghai, China",CH,CH23,13243,31.2222,121.458,-1924465,20170605094500,Consult,Verbal cooperation
661939801,20170605,201706,USA,WASHINGTON,USA,,,,,,,,CHN,CHINA,CHN,,,,,,,,1,012,012,01,1,-0.4,10,1,10,-4.12087912087912,3,"Washington, District of Columbia, United States",US,USDC,DC001,38.8951,-77.0364,531871,4,"Beijing, Beijing, China",CH,CH22,13001,39.9289,116.388,-1898541,3,"Washington, District of Columbia, United States",US,USDC,DC001,38.8951,-77.0364,531871,20170605094500,Make public statement,Verbal cooperation
661939802,20170605,201706,USA,WASHINGTON,USA,,,,,,,,CHN,CHINA,CHN,,,,,,,,1,120,120,12,3,-4.0,6,1,6,-4.12087912087912,3,"Washington, District of Columbia, United States",US,USDC,DC001,38.8951,-77.0364,531871,4,"Beijing, Beijing, China",CH,CH22,13001,39.9289,116.388,-1898541,4,"Beijing, Beijing, China",CH,CH22,13001,39.9289,116.388,-1898541,20170605094500,Reject,Verbal conflict
661939941,20170605,201706,USAGOVMIL,THE US,USA,,,,,GOV,MIL,,CHN,BEIJING,CHN,,,,,,,,1,112,112,11,3,-2.0,10,1,10,-4.12087912087912,4,"Beijing, Beijing, China",CH,CH22,13001,39.9289,116.388,-1898541,4,"Beijing, Beijing, China",CH,CH22,13001,39.9289,116.388,-1898541,4,"Beijing, Beijing, China",CH,CH22,13001,39.9289,116.388,-1898541,20170605094500,Disapprove,Verbal conflict
661939951,20170605,201706,USAMED,REUTERS,USA,,,,,MED,,,CHN,SHANGHAI,CHN,,,,,,,,1,040,040,04,1,1.0,6,1,6,0.0,4,"Beijing, Beijing, China",CH,CH22,13001,39.9289,116.388,-1898541,1,Kyrgyzstan,KG,KG,,41.0,75.0,KG,1,Uzbekistan,UZ,UZ,,41.0,64.0,UZ,20170605094500,Consult,Verbal cooperation
661940540,20170605,201706,CHN,CHINA,CHN,,,,,,,,USAGOV,NASA,USA,,,,,GOV,,,1,040,040,04,1,1.0,10,1,10,-2.18340611353712,1,China,CH,CH,,35.0,105.0,CH,1,China,CH,CH,,35.0,105.0,CH,1,China,CH,CH,,35.0,105.0,CH,20170605100000,Consult,Verbal cooperation
661940541,20170605,201706,CHN,CHINA,CHN,,,,,,,,USAGOV,NASA,USA,,,,,GOV,,,1,043,043,04,1,2.8,10,1,10,-2.18340611353712,1,China,CH,CH,,35.0,105.0,CH,1,China,CH,CH,,35.0,105.0,CH,1,China,CH,CH,,35.0,105.0,CH,20170605100000,Consult,Verbal cooperation
661942036,20170605,201706,USAGOV,NASA,USA,,,,,GOV,,,CHN,CHINA,CHN,,,,,,,,1,040,040,04,1,1.0,10,1,10,-2.18340611353712,1,China,CH,CH,,35.0,105.0,CH,1,China,CH,CH,,35.0,105.0,CH,1,China,CH,CH,,35.0,105.0,CH,20170605100000,Consult,Verbal cooperation
661942037,20170605,201706,USAGOV,NASA,USA,,,,,GOV,,,CHN,CHINA,CHN,,,,,,,,1,042,042,04,1,1.9,10,1,10,-2.18340611353712,1,China,CH,CH,,35.0,105.0,CH,1,China,CH,CH,,35.0,105.0,CH,1,China,CH,CH,,35.0,105.0,CH,20170605100000,Consult,Verbal cooperation
661945755,20170605,201706,CHN,BEIJING,CHN,,,,,,,,USA,THE US,USA,,,,,,,,1,111,111,11,3,-2.0,8,1,8,-5.83756345177665,4,"Beijing, Beijing, China",CH,CH22,13001,39.9289,116.388,-1898541,4,"Beijing, Beijing, China",CH,CH22,13001,39.9289,116.388,-1898541,4,"Beijing, Beijing, China",CH,CH22,13001,39.9289,116.388,-1898541,20170605101500,Disapprove,Verbal conflict
661962191,20170605,201706,USA,THE US,USA,,,,,,,,CHN,CHINESE,CHN,,,,,,,,1,173,173,17,4,-5.0,10,1,10,1.89873417721519,4,"Beijing, Beijing, China",CH,CH22,13001,39.9289,116.388,-1898541,4,"Beijing, Beijing, China",CH,CH22,13001,39.9289,116.388,-1898541,4,"Beijing, Beijing, China",CH,CH22,13001,39.9289,116.388,-1898541,20170605113000,Coerce,Material conflict
661977518,20160605,201606,CHN,BEIJING,CHN,,,,,,,,USA,UNITED STATES,USA,,,,,,,,1,112,112,11,3,-2.0,8,1,8,-4.80480480480481,4,"Ankara, Ankara, Turkey",TU,TU68,27516,39.9272,32.8644,-735338,1,Yemen,YM,YM,,15.0,48.0,YM,1,Yemen,YM,YM,,15.0,48.0,YM,20170605123000,Disapprove,Verbal conflict
661985141,20170605,201706,CHN,CHINA,CHN,,,,,,,,USAMED,REUTERS,USA,,,,,MED,,,1,013,013,01,1,0.4,6,1,6,0.0,4,"Khorgos, Almaty, Kazakhstan",KZ,KZ01,13292,44.2243,80.3854,-2339062,4,"Lianyungang, Jiangsu, China",CH,CH04,13150,34.7319,119.442,-1914881,4,"Lianyungang, Jiangsu, China",CH,CH04,13150,34.7319,119.442,-1914881,20170605130000,Make public statement,Verbal cooperation
661986676,20170605,201706,USA,WASHINGTON,USA,,,,,,,,CHN,CHINA,CHN,,,,,,,,1,111,111,11,3,-2.0,7,1,7,-2.79329608938548,3,"Washington, District of Columbia, United States",US,USDC,DC001,38.8951,-77.0364,531871,4,"Beijing, Beijing, China",CH,CH22,13001,39.9289,116.388,-1898541,4,"Beijing, Beijing, China",CH,CH22,13001,39.9289,116.388,-1898541,20170605130000,Disapprove,Verbal conflict
661992354,20170605,201706,USA,UNITED STATES,USA,,,,,,,,CHN,CHINA,CHN,,,,,,,,1,051,051,05,1,3.4,6,1,6,0.0,1,China,CH,CH,,35.0,105.0,CH,1,Philippines,RP,RP,,13.0,122.0,RP,1,China,CH,CH,,35.0,105.0,CH,20170605131500,Engage in diplomatic cooperation,Verbal cooperation
661998420,20170605,201706,CHN,GREAT WALL,CHN,,,,,,,,USA,LOS ANGELES,USA,,,,,,,,1,084,084,08,2,7.0,8,1,8,5.38461538461538,4,"Great Wall, China (general), China",CH,CH00,13077,39.9667,119.8,-1930117,4,"Great Wall, China (general), China",CH,CH00,13077,39.9667,119.8,-1930117,4,"Great Wall, China (general), China",CH,CH00,13077,39.9667,119.8,-1930117,20170605134500,Yield,Material cooperation
662000413,20170605,201706,USAMED,REUTERS,USA,,,,,MED,,,CHN,CHINA,CHN,,,,,,,,1,100,100,10,3,-5.0,8,1,8,-2.85714285714286,1,China,CH,CH,,35.0,105.0,CH,1,China,CH,CH,,35.0,105.0,CH,1,China,CH,CH,,35.0,105.0,CH,20170605134500,Demand,Verbal conflict
662009258,20170605,201706,USAMED,THE ASSOCIATED PRESS,USA,,,,,MED,,,CHN,CHINA,CHN,,,,,,,,1,194,194,19,4,-10.0,8,1,8,1.62337662337662,4,"Sriharikota, Andhra Pradesh, India",IN,IN02,17561,13.75,80.1667,-2111956,1,China,CH,CH,,35.0,105.0,CH,4,"Sriharikota, Andhra Pradesh, India",IN,IN02,17561,13.75,80.1667,-2111956,20170605141500,Fight,Material conflict
662011557,20170605,201706,CHN,CHINA,CHN,,,,,,,,USA,CALIFORNIA,USA,,,,,,,,1,020,020,02,1,3.0,6,1,6,2.29885057471265,1,China,CH,CH,,35.0,105.0,CH,1,China,CH,CH,,35.0,105.0,CH,1,China,CH,CH,,35.0,105.0,CH,20170605143000,Appeal,Verbal cooperation
662016216,20170605,201706,CHN,CHINESE,CHN,,,,,,,,USA,AMERICAN,USA,,,,,,,,1,043,043,04,1,2.8,10,1,10,4.93827160493827,1,United States,US,US,,38.0,-97.0,US,1,United States,US,US,,38.0,-97.0,US,1,United States,US,US,,38.0,-97.0,US,20170605144500,Consult,Verbal cooperation
662017339,20170605,201706,MNCUSA,MICROSOFT,USA,,,,,MNC,,,CHN,CHINA,CHN,,,,,,,,1,173,173,17,4,-5.0,6,1,6,1.43737166324435,4,"Xiaomi, Fujian, China",CH,CH07,13163,25.2225,116.057,10999868,4,"Xiaomi, Fujian, China",CH,CH07,13163,25.2225,116.057,10999868,4,"Xiaomi, Fujian, China",CH,CH07,13163,25.2225,116.057,10999868,20170605144500,Coerce,Material conflict
662018055,20170605,201706,USA,AMERICAN,USA,,,,,,,,CHN,CHINESE,CHN,,,,,,,,1,042,042,04,1,1.9,8,1,8,4.93827160493827,1,United States,US,US,,38.0,-97.0,US,1,China,CH,CH,,35.0,105.0,CH,1,United States,US,US,,38.0,-97.0,US,20170605144500,Consult,Verbal cooperation
662018057,20170605,201706,USA,UNITED STATES,USA,,,,,,,,CHN,CHINA,CHN,,,,,,,,1,194,194,19,4,-10.0,8,1,8,0.934579439252333,1,United States,US,US,,38.0,-97.0,US,1,China,CH,CH,,35.0,105.0,CH,4,"Sriharikota, Andhra Pradesh, India",IN,IN02,17561,13.75,80.1667,-2111956,20170605144500,Fight,Material conflict
662020284,20170605,201706,USA,SAN FRANCISCO,USA,,,,,,,,CHN,CHINA,CHN,,,,,,,,1,070,070,07,2,7.0,8,1,8,2.17391304347826,3,"San Francisco Bay, California, United States",US,USCA,CA081,37.7083,-122.28,1654951,4,"Hangzhou, Zhejiang, China",CH,CH02,13319,30.2553,120.169,-1908366,4,"Hangzhou, Zhejiang, China",CH,CH02,13319,30.2553,120.169,-1908366,20170605150000,Provide aid,Material cooperation
662029270,20170605,201706,CHN,CHINA,CHN,,,,,,,,USA,WASHINGTON,USA,,,,,,,,1,043,043,04,1,2.8,10,1,10,-0.34013605442176,4,"Beijing, Beijing, China",CH,CH22,13001,39.9289,116.388,-1898541,4,"Beijing, Beijing, China",CH,CH22,13001,39.9289,116.388,-1898541,4,"Beijing, Beijing, China",CH,CH22,13001,39.9289,116.388,-1898541,20170605154500,Consult,Verbal cooperation
662031199,20170605,201706,USA,WASHINGTON,USA,,,,,,,,CHN,CHINA,CHN,,,,,,,,1,042,042,04,1,1.9,6,1,6,-0.34013605442176,4,"Jiaolong, Fujian, China",CH,CH07,13163,25.1565,116.43,10999705,4,"Shanghai, Shanghai, China",CH,CH23,13243,31.2222,121.458,-1924465,4,"Jiaolong, Fujian, China",CH,CH07,13163,25.1565,116.43,10999705,20170605154500,Consult,Verbal cooperation
662031456,20170605,201706,USAGOV,IOWA,USA,,,,,GOV,,,CHN,CHINA,CHN,,,,,,,,1,036,036,03,1,4.0,6,1,6,0.757575757575758,2,"Iowa, United States",US,USIA,,42.0046,-93.214,IA,1,China,CH,CH,,35.0,105.0,CH,1,China,CH,CH,,35.0,105.0,CH,20170605154500,Express intent to cooperate,Verbal cooperation
662032225,20170605,201706,CHN,CHINESE,CHN,,,,,,,,USA,SOUTH CAROLINA,USA,,,,,,,,1,031,031,03,1,5.2,8,1,8,0.709219858156028,3,"Chester County, South Carolina, United States",US,USSC,SC023,34.6835,-81.1331,1247988,3,"Chester County, South Carolina, United States",US,USSC,,34.6835,-81.1331,1247988,3,"Chester County, South Carolina, United States",US,USSC,,34.6835,-81.1331,1247988,20170605160000,Express intent to cooperate,Verbal cooperation
662032226,20170605,201706,CHN,CHINESE,CHN,,,,,,,,USA,SOUTH CAROLINA,USA,,,,,,,,1,0311,031,03,1,5.2,8,1,8,0.709219858156028,4,"Wanli, Anhui, China",CH,CH01,13144,31.3975,118.608,10519880,2,"South Carolina, United States",US,USSC,,33.8191,-80.9066,SC,4,"Wanli, Anhui, China",CH,CH01,13144,31.3975,118.608,10519880,20170605160000,Express intent to cooperate,Verbal cooperation
662032231,20170605,201706,CHN,GUIYANG,CHN,,,,,,,,USA,AMERICAN,USA,,,,,,,,1,040,040,04,1,1.0,8,1,8,0.56980056980057,4,"Guiyang, Guizhou, China",CH,CH18,13071,26.5833,106.717,-1907603,2,"New York, United States",US,USNY,,42.1497,-74.9384,NY,4,"Guiyang, Guizhou, China",CH,CH18,13071,26.5833,106.717,-1907603,20170605160000,Consult,Verbal cooperation
662033907,20170605,201706,USA,AMERICAN,USA,,,,,,,,CHN,GUIYANG,CHN,,,,,,,,1,040,040,04,1,1.0,8,1,8,0.56980056980057,2,"New York, United States",US,USNY,,42.1497,-74.9384,NY,4,"Guiyang, Guizhou, China",CH,CH18,13071,26.5833,106.717,-1907603,4,"Guiyang, Guizhou, China",CH,CH18,13071,26.5833,106.717,-1907603,20170605160000,Consult,Verbal cooperation
662033908,20170605,201706,USA,AMERICAN,USA,,,,,,,,CHN,CHINA,CHN,,,,,,,,1,051,051,05,1,3.4,10,1,10,0.56980056980057,1,Cuba,CU,CU,,21.5,-80.0,CU,1,Cuba,CU,CU,,21.5,-80.0,CU,1,Cuba,CU,CU,,21.5,-80.0,CU,20170605160000,Engage in diplomatic cooperation,Verbal cooperation
662036749,20170605,201706,CHN,CHINA,CHN,,,,,,,,USA,UNITED STATES,USA,,,,,,,,1,043,043,04,1,2.8,6,1,6,-2.37247924080664,1,China,CH,CH,,35.0,105.0,CH,3,"Washington, District of Columbia, United States",US,USDC,DC001,38.8951,-77.0364,531871,4,"Kabul, Kabol, Afghanistan",AF,AF13,3580,34.5167,69.1833,-3378435,20170605161500,Consult,Verbal cooperation
662038232,20170605,201706,USA,UNITED STATES,USA,,,,,,,,CHN,CHINA,CHN,,,,,,,,1,042,042,04,1,1.9,6,1,6,-2.37247924080664,3,"Washington, District of Columbia, United States",US,USDC,DC001,38.8951,-77.0364,531871,1,China,CH,CH,,35.0,105.0,CH,4,"Kabul, Kabol, Afghanistan",AF,AF13,3580,34.5167,69.1833,-3378435,20170605161500,Consult,Verbal cooperation
662038240,20170605,201706,USA,UNITED STATES,USA,,,,,,,,CHN,CHINA,CHN,,,,,,,,1,110,110,11,3,-2.0,8,1,8,0.0912408759124101,3,"Washington, District of Columbia, United States",US,USDC,DC001,38.8951,-77.0364,531871,4,"Beijing, Beijing, China",CH,CH22,13001,39.9289,116.388,-1898541,3,"Washington, District of Columbia, United States",US,USDC,DC001,38.8951,-77.0364,531871,20170605161500,Disapprove,Verbal conflict
662044100,20170605,201706,USA,UNITED STATES,USA,,,,,,,,CHN,CHINA,CHN,,,,,,,,1,037,037,03,1,5.0,6,3,6,0.803519309204861,4,"Beijing, Beijing, China",CH,CH22,13001,39.9289,116.388,-1898541,4,"Beijing, Beijing, China",CH,CH22,13001,39.9289,116.388,-1898541,4,"Beijing, Beijing, China",CH,CH22,13001,39.9289,116.388,-1898541,20170605163000,Express intent to cooperate,Verbal cooperation
662049466,20170605,201706,CHN,CHINESE,CHN,,,,,,,,USA,THE US,USA,,,,,,,,1,100,100,10,3,-5.0,8,1,8,-2.78551532033426,4,"Zhongping, Jilin, China",CH,CH05,13176,43.0671,129.075,10869844,1,North Korea,KN,KN,,40.0,127.0,KN,1,North Korea,KN,KN,,40.0,127.0,KN,20170605170000,Demand,Verbal conflict
662059015,20170605,201706,CHN,JIANGSU,CHN,,,,,,,,USA,CALIFORNIA,USA,,,,,,,,1,057,057,05,1,8.0,6,1,6,4.21348314606741,4,"Nanjing, Jiangsu, China",CH,CH04,13144,32.0617,118.778,-1919548,2,"California, United States",US,USCA,,36.17,-119.746,CA,2,"California, United States",US,USCA,,36.17,-119.746,CA,20170605173000,Engage in diplomatic cooperation,Verbal cooperation
662060970,20170605,201706,USA,CALIFORNIA,USA,,,,,,,,CHN,JIANGSU,CHN,,,,,,,,1,057,057,05,1,8.0,8,1,8,4.21348314606741,4,"Peking, Beijing, China",CH,CH22,13001,39.9289,116.388,-1898541,4,"Peking, Beijing, China",CH,CH22,13001,39.9289,116.388,-1898541,4,"Peking, Beijing, China",CH,CH22,13001,39.9289,116.388,-1898541,20170605173000,Engage in diplomatic cooperation,Verbal cooperation
662069868,20170605,201706,USA,UNITED STATES,USA,,,,,,,,CHN,CHINA,CHN,,,,,,,,1,111,111,11,3,-2.0,10,1,10,-4.29447852760736,1,Qatar,QA,QA,,25.5,51.25,QA,1,Qatar,QA,QA,,25.5,51.25,QA,1,Qatar,QA,QA,,25.5,51.25,QA,20170605181500,Disapprove,Verbal conflict
662077379,20170605,201706,USA,CALIFORNIA,USA,,,,,,,,CHN,CHINA,CHN,,,,,,,,1,023,023,02,1,3.4,8,1,8,0.43103448275862,4,"Nanjing, Jiangsu, China",CH,CH04,13144,32.0617,118.778,-1919548,4,"Nanjing, Jiangsu, China",CH,CH04,13144,32.0617,118.778,-1919548,4,"Nanjing, Jiangsu, China",CH,CH04,13144,32.0617,118.778,-1919548,20170605184500,Appeal,Verbal cooperation
662079570,20170605,201706,CHN,CHINESE,CHN,,,,,,,,USA,SOUTH CAROLINA,USA,,,,,,,,1,031,031,03,1,5.2,8,1,8,0.90579710144928,3,"Orangeburg County, South Carolina, United States",US,USSC,SC075,33.4335,-80.7665,1248014,3,"Orangeburg County, South Carolina, United States",US,USSC,,33.4335,-80.7665,1248014,3,"Orangeburg County, South Carolina, United States",US,USSC,,33.4335,-80.7665,1248014,20170605190000,Express intent to cooperate,Verbal cooperation
662079571,20170605,201706,CHN,CHINA,CHN,,,,,,,,USA,UNITED STATES,USA,,,,,,,,1,0311,031,03,1,5.2,18,9,18,0.735294117647059,2,"South Carolina, United States",US,USSC,,33.8191,-80.9066,SC,2,"South Carolina, United States",US,USSC,,33.8191,-80.9066,SC,4,"Wanli, Anhui, China",CH,CH01,13144,31.3975,118.608,10519880,20170605190000,Express intent to cooperate,Verbal cooperation
662081044,20170605,201706,USA,TEXAS,USA,,,,,,,,CHN,QINGDAO,CHN,,,,,,,,1,0311,031,03,1,5.2,10,1,10,2.20183486238532,1,Australia,AS,AS,,-27.0,133.0,AS,1,Australia,AS,AS,,-27.0,133.0,AS,1,Australia,AS,AS,,-27.0,133.0,AS,20170605190000,Express intent to cooperate,Verbal cooperation
662091934,20170605,201706,USA,UNITED STATES,USA,,,,,,,,CHN,BEIJING,CHN,,,,,,,,1,040,040,04,1,1.0,8,1,8,1.78147268408551,2,"New Mexico, United States",US,USNM,,34.8375,-106.237,NM,2,"New Mexico, United States",US,USNM,,34.8375,-106.237,NM,2,"New Mexico, United States",US,USNM,,34.8375,-106.237,NM,20170605194500,Consult,Verbal cooperation
662095456,20170605,201706,USA,SEATTLE,USA,,,,,,,,CHN,CHINESE,CHN,,,,,,,,1,042,042,04,1,1.9,10,1,10,0.0,1,United States,US,US,,38.0,-97.0,US,1,United States,US,US,,38.0,-97.0,US,1,United States,US,US,,38.0,-97.0,US,20170605200000,Consult,Verbal cooperation
662102599,20170605,201706,USA,UNITED STATES,USA,,,,,,,,CHN,BEIJING,CHN,,,,,,,,1,040,040,04,1,1.0,16,1,16,0.62594712508325,2,"Idaho, United States",US,USID,,44.2394,-114.51,ID,2,"Idaho, United States",US,USID,,44.2394,-114.51,ID,2,"Idaho, United States",US,USID,,44.2394,-114.51,ID,20170605203000,Consult,Verbal cooperation
662110679,20170605,201706,CHN,CHINESE,CHN,,,,,,,,USA,SOUTH CAROLINA,USA,,,,,,,,1,031,031,03,1,5.2,8,1,8,0.602409638554217,4,"Wanli, Anhui, China",CH,CH01,13144,31.3975,118.608,10519880,4,"Wanli, Anhui, China",CH,CH01,13144,31.3975,118.608,10519880,4,"Wanli, Anhui, China",CH,CH01,13144,31.3975,118.608,10519880,20170605211500,Express intent to cooperate,Verbal cooperation
662110680,20170605,201706,CHN,CHINA,CHN,,,,,,,,USA,UNITED STATES,USA,,,,,,,,1,0311,031,03,1,5.2,6,1,6,4.25531914893617,4,"Wanli, Anhui, China",CH,CH01,13144,31.3975,118.608,10519880,3,"Orangeburg, South Carolina, United States",US,USSC,SC075,33.4918,-80.8556,1249990,4,"Wanli, Anhui, China",CH,CH01,13144,31.3975,118.608,10519880,20170605211500,Express intent to cooperate,Verbal cooperation
662112068,20170605,201706,USAGOV,IOWA,USA,,,,,GOV,,,CHN,BEIJING,CHN,,,,,,,,1,154,154,15,4,-7.2,6,1,6,-1.12359550561798,4,"Beijing, Beijing, China",CH,CH22,13001,39.9289,116.388,-1898541,4,"Beijing, Beijing, China",CH,CH22,13001,39.9289,116.388,-1898541,4,"Beijing, Beijing, China",CH,CH22,13001,39.9289,116.388,-1898541,20170605211500,Exhibit force posture,Material conflict
662117027,20170605,201706,CHN,CHINESE,CHN,,,,,,,,USA,SOUTH CAROLINA,USA,,,,,,,,1,031,031,03,1,5.2,8,1,8,0.628930817610063,2,"South Carolina, United States",US,USSC,,33.8191,-80.9066,SC,2,"South Carolina, United States",US,USSC,,33.8191,-80.9066,SC,2,"South Carolina, United States",US,USSC,,33.8191,-80.9066,SC,20170605214500,Express intent to cooperate,Verbal cooperation
662118645,20170605,201706,USAGOV,IOWA,USA,,,,,GOV,,,CHN,BEIJING,CHN,,,,,,,,1,154,154,15,4,-7.2,6,1,6,-1.18203309692672,2,"Iowa, United States",US,USIA,,42.0046,-93.214,IA,4,"Beijing, Beijing, China",CH,CH22,13001,39.9289,116.388,-1898541,4,"Beijing, Beijing, China",CH,CH22,13001,39.9289,116.388,-1898541,20170605214500,Exhibit force posture,Material conflict
662120246,20170605,201706,CHN,SHANDONG,CHN,,,,,,,,USAMED,REUTERS,USA,,,,,MED,,,1,182,182,18,4,-9.5,8,1,8,-9.50920245398773,1,Qatar,QA,QA,,25.5,51.25,QA,1,South Sudan,OD,OD,,8.0,30.0,OD,1,Qatar,QA,QA,,25.5,51.25,QA,20170605220000,Assault,Material conflict
662123588,20170605,201706,CHN,CHINA,CHN,,,,,,,,USA,UNITED STATES,USA,,,,,,,,1,031,031,03,1,5.2,6,3,6,1.00814096130256,3,"Aiken County, South Carolina, United States",US,USSC,SC003,33.5835,-81.5998,1247979,3,"Aiken County, South Carolina, United States",US,USSC,,33.5835,-81.5998,1247979,3,"Aiken County, South Carolina, United States",US,USSC,,33.5835,-81.5998,1247979,20170605221500,Express intent to cooperate,Verbal cooperation
662123589,20170605,201706,CHN,CHINESE,CHN,,,,,,,,USA,SOUTH CAROLINA,USA,,,,,,,,1,031,031,03,1,5.2,18,3,18,1.00814096130256,3,"Aiken County, South Carolina, United States",US,USSC,SC003,33.5835,-81.5998,1247979,2,"Tennessee, United States",US,USTN,,35.7449,-86.7489,TN,3,"Aiken County, South Carolina, United States",US,USSC,,33.5835,-81.5998,1247979,20170605221500,Express intent to cooperate,Verbal cooperation
662123593,20170605,201706,CHNBUS,CHINESE,CHN,,,,,BUS,,,USA,SOUTH CAROLINA,USA,,,,,,,,1,031,031,03,1,5.2,6,1,6,0.62111801242236,4,"Wanli, Anhui, China",CH,CH01,13144,31.3975,118.608,10519880,2,"South Carolina, United States",US,USSC,,33.8191,-80.9066,SC,4,"Wanli, Anhui, China",CH,CH01,13144,31.3975,118.608,10519880,20170605221500,Express intent to cooperate,Verbal cooperation
662126398,20170605,201706,CHN,CHINESE,CHN,,,,,,,,USA,SOUTH CAROLINA,USA,,,,,,,,1,0311,031,03,1,5.2,17,8,17,0.930287192129819,3,"Aiken County, South Carolina, United States",US,USSC,SC003,33.5835,-81.5998,1247979,3,"Aiken County, South Carolina, United States",US,USSC,,33.5835,-81.5998,1247979,3,"Aiken County, South Carolina, United States",US,USSC,,33.5835,-81.5998,1247979,20170605223000,Express intent to cooperate,Verbal cooperation
662133135,20170605,201706,CHNCVL,CHINESE,CHN,,,,,CVL,,,USA,CHICAGO,USA,,,,,,,,1,046,046,04,1,7.0,6,1,6,-2.71132376395534,4,"Jiaotong, Guizhou, China",CH,CH18,13258,27.8189,106.365,-3832550,3,"Chicago, Illinois, United States",US,USIL,IL031,41.85,-87.6501,423587,3,"Chicago, Illinois, United States",US,USIL,IL031,41.85,-87.6501,423587,20170605230000,Consult,Verbal cooperation
662134812,20170605,201706,USA,AMERICAN,USA,,,,,,,,CHNCVL,CHINESE,CHN,,,,,CVL,,,1,040,040,04,1,1.0,10,1,10,-2.71132376395534,3,"Chicago, Illinois, United States",US,USIL,IL031,41.85,-87.6501,423587,4,"Jiaotong, Guizhou, China",CH,CH18,13258,27.8189,106.365,-3832550,3,"Chicago, Illinois, United States",US,USIL,IL031,41.85,-87.6501,423587,20170605230000,Consult,Verbal cooperation
662134813,20170605,201706,USA,CHICAGO,USA,,,,,,,,CHNCVL,CHINESE,CHN,,,,,CVL,,,1,046,046,04,1,7.0,6,1,6,-2.71132376395534,3,"Chicago, Illinois, United States",US,USIL,IL031,41.85,-87.6501,423587,4,"Jiaotong, Guizhou, China",CH,CH18,13258,27.8189,106.365,-3832550,3,"Chicago, Illinois, United States",US,USIL,IL031,41.85,-87.6501,423587,20170605230000,Consult,Verbal cooperation
662137614,20170605,201706,USA,THE US,USA,,,,,,,,CHN,CHINA,CHN,,,,,,,,1,061,061,06,2,6.4,8,1,8,-2.1505376344086,1,China,CH,CH,,35.0,105.0,CH,1,China,CH,CH,,35.0,105.0,CH,1,China,CH,CH,,35.0,105.0,CH,20170605231500,Engage in material cooperation,Material cooperation
662137616,20170605,201706,USA,SOUTH CAROLINA,USA,,,,,,,,CHN,CHINESE,CHN,,,,,,,,1,071,071,07,2,7.4,10,1,10,0.87463556851312,4,"Wanli, Anhui, China",CH,CH01,13144,31.3975,118.608,10519880,4,"Wanli, Anhui, China",CH,CH01,13144,31.3975,118.608,10519880,4,"Wanli, Anhui, China",CH,CH01,13144,31.3975,118.608,10519880,20170605231500,Provide aid,Material cooperation
662137618,20170605,201706,USA,THE US,USA,,,,,,,,CHN,CHINA,CHN,,,,,,,,1,120,120,12,3,-4.0,10,1,10,-2.1505376344086,1,China,CH,CH,,35.0,105.0,CH,1,China,CH,CH,,35.0,105.0,CH,1,China,CH,CH,,35.0,105.0,CH,20170605231500,Reject,Verbal conflict
662141995,20170604,201706,USA,UNITED STATES,USA,,,,,,,,CHN,CHINA,CHN,,,,,,,,1,194,194,19,4,-10.0,6,1,6,-0.24875621890548,3,"Washington, District of Columbia, United States",US,USDC,DC001,38.8951,-77.0364,531871,1,China,CH,CH,,35.0,105.0,CH,1,India,IN,IN,,20.0,77.0,IN,20170605234500,Fight,Material conflict
662142405,20170605,201706,CHN,CHINA,CHN,,,,,,,,MNCUSAHLHLAB,PFIZER,USA,,,,,MNC,HLH,LAB,1,043,043,04,1,2.8,6,1,6,1.13765642775882,4,"Dongbei, Shaanxi, China",CH,CH26,13218,34.4334,108.55,9208562,4,"Dongbei, Shaanxi, China",CH,CH26,13218,34.4334,108.55,9208562,4,"Dongbei, Shaanxi, China",CH,CH26,13218,34.4334,108.55,9208562,20170605234500,Consult,Verbal cooperation
662143236,20170605,201706,MNCUSAHLHLAB,PFIZER,USA,,,,,MNC,HLH,LAB,CHN,CHINA,CHN,,,,,,,,1,042,042,04,1,1.9,6,1,6,1.13765642775882,4,"Dongbei, Shaanxi, China",CH,CH26,13218,34.4334,108.55,9208562,4,"Dongbei, Shaanxi, China",CH,CH26,13218,34.4334,108.55,9208562,4,"Dongbei, Shaanxi, China",CH,CH26,13218,34.4334,108.55,9208562,20170605234500,Consult,Verbal cooperation
662143888,20170605,201706,USAGOV,IOWA,USA,,,,,GOV,,,CHN,BEIJING,CHN,,,,,,,,1,154,154,15,4,-7.2,6,1,6,-0.70298769771529,1,Afghanistan,AF,AF,,33.0,65.0,AF,4,"Paris, France (general), France",FR,FR00,16282,48.8667,2.33333,-1456928,4,"Paris, France (general), France",FR,FR00,16282,48.8667,2.33333,-1456928,20170605234500,Exhibit force posture,Material conflict
662149049,20170606,201706,USA,IOWA,USA,,,,,,,,CHN,CHINA,CHN,,,,,,,,1,154,154,15,4,-7.2,6,3,6,-0.822857290304747,4,"Beijing, Beijing, China",CH,CH22,13001,39.9289,116.388,-1898541,4,"Paris, France (general), France",FR,FR00,16282,48.8667,2.33333,-1456928,4,"Paris, France (general), France",FR,FR00,16282,48.8667,2.33333,-1456928,20170606000000,Exhibit force posture,Material conflict
662149054,20170606,201706,USA,UNITED STATES,USA,,,,,,,,CHN,CHINA,CHN,,,,,,,,1,194,194,19,4,-10.0,8,1,8,10.1694915254237,1,United States,US,US,,38.0,-97.0,US,1,China,CH,CH,,35.0,105.0,CH,1,India,IN,IN,,20.0,77.0,IN,20170606000000,Fight,Material conflict
662149569,20170606,201706,USAGOV,US AMBASSADOR,USA,,,,,GOV,,,CHN,CHINA,CHN,,,,,,,,1,0831,083,08,2,5.0,11,5,11,-1.64466200355808,4,"Beijing, Beijing, China",CH,CH22,13001,39.9289,116.388,-1898541,4,"London, London, City of, United Kingdom",UK,UKH9,40110,51.5,-0.116667,-2601889,4,"London, London, City of, United Kingdom",UK,UKH9,40110,51.5,-0.116667,-2601889,20170606000000,Yield,Material cooperation
662149572,20170606,201706,USAGOV,IOWA,USA,,,,,GOV,,,CHN,BEIJING,CHN,,,,,,,,1,154,154,15,4,-7.2,18,3,18,-0.822857290304747,1,Afghanistan,AF,AF,,33.0,65.0,AF,4,"Paris, France (general), France",FR,FR00,16282,48.8667,2.33333,-1456928,4,"Paris, France (general), France",FR,FR00,16282,48.8667,2.33333,-1456928,20170606000000,Exhibit force posture,Material conflict
662153093,20170606,201706,CHN,CHINESE,CHN,,,,,,,,USA,SOUTH CAROLINA,USA,,,,,,,,1,031,031,03,1,5.2,6,1,6,0.993377483443709,3,"Aiken County, South Carolina, United States",US,USSC,SC003,33.5835,-81.5998,1247979,2,"Tennessee, United States",US,USTN,,35.7449,-86.7489,TN,3,"Aiken County, South Carolina, United States",US,USSC,,33.5835,-81.5998,1247979,20170606001500,Express intent to cooperate,Verbal cooperation
662164225,20170606,201706,USA,CALIFORNIA,USA,,,,,,,,CHN,SHANGHAI,CHN,,,,,,,,1,036,036,03,1,4.0,6,1,6,0.73170731707317,2,"California, United States",US,USCA,,36.17,-119.746,CA,4,"Shanghai, Shanghai, China",CH,CH23,13243,31.2222,121.458,-1924465,3,"Beverly Hills, California, United States",US,USCA,,34.0736,-118.4,1652672,20170606004500,Express intent to cooperate,Verbal cooperation
662168751,20170606,201706,CHN,CHINESE,CHN,,,,,,,,USA,SOUTH CAROLINA,USA,,,,,,,,1,031,031,03,1,5.2,8,1,8,0.813008130081299,3,"Chester County, South Carolina, United States",US,USSC,SC023,34.6835,-81.1331,1247988,3,"Chester County, South Carolina, United States",US,USSC,,34.6835,-81.1331,1247988,3,"Chester County, South Carolina, United States",US,USSC,,34.6835,-81.1331,1247988,20170606010000,Express intent to cooperate,Verbal cooperation
662171105,20170606,201706,USAGOV,IOWA,USA,,,,,GOV,,,CHN,BEIJING,CHN,,,,,,,,1,154,154,15,4,-7.2,12,2,12,-0.80645161290323,4,"Beijing, Beijing, China",CH,CH22,13001,39.9289,116.388,-1898541,4,"Beijing, Beijing, China",CH,CH22,13001,39.9289,116.388,-1898541,4,"Beijing, Beijing, China",CH,CH22,13001,39.9289,116.388,-1898541,20170606010000,Exhibit force posture,Material conflict
662171868,20170606,201706,CHN,BEIJING,CHN,,,,,,,,USA,WASHINGTON,USA,,,,,,,,1,050,050,05,1,3.5,6,6,6,-2.72433276578208,4,"Beijing, Beijing, China",CH,CH22,13001,39.9289,116.388,-1898541,4,"Beijing, Beijing, China",CH,CH22,13001,39.9289,116.388,-1898541,4,"Beijing, Beijing, China",CH,CH22,13001,39.9289,116.388,-1898541,20170606011500,Engage in diplomatic cooperation,Verbal cooperation
662171869,20170606,201706,CHN,BEIJING,CHN,,,,,,,,USA,WASHINGTON,USA,,,,,,,,1,050,050,05,1,3.5,30,6,30,-2.72433276578208,4,"Beijing, Beijing, China",CH,CH22,13001,39.9289,116.388,-1898541,3,"Washington, District of Columbia, United States",US,USDC,DC001,38.8951,-77.0364,531871,4,"Beijing, Beijing, China",CH,CH22,13001,39.9289,116.388,-1898541,20170606011500,Engage in diplomatic cooperation,Verbal cooperation
662171870,20170606,201706,CHN,CHINA,CHN,,,,,,,,USA,UNITED STATES,USA,,,,,,,,1,050,050,05,1,3.5,12,6,12,-2.72433276578208,3,"Washington, District of Columbia, United States",US,USDC,DC001,38.8951,-77.0364,531871,3,"Washington, District of Columbia, United States",US,USDC,DC001,38.8951,-77.0364,531871,4,"Beijing, Beijing, China",CH,CH22,13001,39.9289,116.388,-1898541,20170606011500,Engage in diplomatic cooperation,Verbal cooperation
662171871,20170606,201706,CHN,CHINA,CHN,,,,,,,,USAGOV,OBAMA,USA,,,,,GOV,,,1,190,190,19,4,-10.0,60,6,60,-2.72433276578208,4,"Paris, France (general), France",FR,FR00,16282,48.8667,2.33333,-1456928,4,"Paris, France (general), France",FR,FR00,16282,48.8667,2.33333,-1456928,4,"Paris, France (general), France",FR,FR00,16282,48.8667,2.33333,-1456928,20170606011500,Fight,Material conflict
662173384,20170606,201706,USA,WASHINGTON,USA,,,,,,,,CHN,BEIJING,CHN,,,,,,,,1,050,050,05,1,3.5,6,6,6,-2.72433276578208,4,"Beijing, Beijing, China",CH,CH22,13001,39.9289,116.388,-1898541,4,"Beijing, Beijing, China",CH,CH22,13001,39.9289,116.388,-1898541,4,"Beijing, Beijing, China",CH,CH22,13001,39.9289,116.388,-1898541,20170606011500,Engage in diplomatic cooperation,Verbal cooperation
662173385,20170606,201706,USA,WASHINGTON,USA,,,,,,,,CHN,BEIJING,CHN,,,,,,,,1,050,050,05,1,3.5,30,6,30,-2.72433276578208,3,"Washington, District of Columbia, United States",US,USDC,DC001,38.8951,-77.0364,531871,4,"Beijing, Beijing, China",CH,CH22,13001,39.9289,116.388,-1898541,4,"Beijing, Beijing, China",CH,CH22,13001,39.9289,116.388,-1898541,20170606011500,Engage in diplomatic cooperation,Verbal cooperation
662173386,20170606,201706,USA,UNITED STATES,USA,,,,,,,,CHN,CHINA,CHN,,,,,,,,1,050,050,05,1,3.5,12,6,12,-2.72433276578208,3,"Washington, District of Columbia, United States",US,USDC,DC001,38.8951,-77.0364,531871,3,"Washington, District of Columbia, United States",US,USDC,DC001,38.8951,-77.0364,531871,4,"Beijing, Beijing, China",CH,CH22,13001,39.9289,116.388,-1898541,20170606011500,Engage in diplomatic cooperation,Verbal cooperation
662175955,20170606,201706,CHN,BEIJING,CHN,,,,,,,,USA,UNITED STATES,USA,,,,,,,,1,040,040,04,1,1.0,8,1,8,0.60422960725075,4,"Beijing, Beijing, China",CH,CH22,13001,39.9289,116.388,-1898541,2,"Texas, United States",US,USTX,,31.106,-97.6475,TX,4,"Beijing, Beijing, China",CH,CH22,13001,39.9289,116.388,-1898541,20170606013000,Consult,Verbal cooperation
662175957,20170606,201706,CHN,BEIJING,CHN,,,,,,,,USA,NEW YORK,USA,,,,,,,,1,046,046,04,1,7.0,8,1,8,2.45098039215686,2,"New York, United States",US,USNY,,42.1497,-74.9384,NY,2,"New York, United States",US,USNY,,42.1497,-74.9384,NY,2,"New York, United States",US,USNY,,42.1497,-74.9384,NY,20170606013000,Consult,Verbal cooperation
662177709,20170606,201706,USA,UNITED STATES,USA,,,,,,,,CHN,BEIJING,CHN,,,,,,,,1,040,040,04,1,1.0,6,1,6,0.60422960725075,2,"Idaho, United States",US,USID,,44.2394,-114.51,ID,2,"Idaho, United States",US,USID,,44.2394,-114.51,ID,2,"Idaho, United States",US,USID,,44.2394,-114.51,ID,20170606013000,Consult,Verbal cooperation
662181238,20170606,201706,CHN,CHINA,CHN,,,,,,,,USAGOV,OBAMA,USA,,,,,GOV,,,1,190,190,19,4,-10.0,6,3,6,-2.81298200673282,4,"Paris, France (general), France",FR,FR00,16282,48.8667,2.33333,-1456928,4,"Beijing, Beijing, China",CH,CH22,13001,39.9289,116.388,-1898541,4,"Paris, France (general), France",FR,FR00,16282,48.8667,2.33333,-1456928,20170606014500,Fight,Material conflict
662181240,20170606,201706,CHN,CHINA,CHN,,,,,,,,USAGOV,OBAMA,USA,,,,,GOV,,,1,190,190,19,4,-10.0,6,3,6,-2.81298200673282,4,"Beijing, Beijing, China",CH,CH22,13001,39.9289,116.388,-1898541,4,"Beijing, Beijing, China",CH,CH22,13001,39.9289,116.388,-1898541,4,"Beijing, Beijing, China",CH,CH22,13001,39.9289,116.388,-1898541,20170606014500,Fight,Material conflict
662181241,20170606,201706,CHN,CHINA,CHN,,,,,,,,USAGOV,OBAMA,USA,,,,,GOV,,,1,190,190,19,4,-10.0,18,3,18,-2.81298200673282,4,"Beijing, Beijing, China",CH,CH22,13001,39.9289,116.388,-1898541,3,"Washington, District of Columbia, United States",US,USDC,DC001,38.8951,-77.0364,531871,4,"Beijing, Beijing, China",CH,CH22,13001,39.9289,116.388,-1898541,20170606014500,Fight,Material conflict
662181243,20170606,201706,CHN,CHINA,CHN,,,,,,,,USAGOV,OBAMA,USA,,,,,GOV,,,1,190,190,19,4,-10.0,6,1,6,-2.55220417633411,3,"Washington, District of Columbia, United States",US,USDC,DC001,38.8951,-77.0364,531871,3,"Washington, District of Columbia, United States",US,USDC,DC001,38.8951,-77.0364,531871,3,"Washington, District of Columbia, United States",US,USDC,DC001,38.8951,-77.0364,531871,20170606014500,Fight,Material conflict
662182675,20170606,201706,USA,SAN FRANCISCO,USA,,,,,,,,CHN,CHINA,CHN,,,,,,,,1,070,070,07,2,7.0,8,1,8,2.17391304347826,3,"San Francisco Bay, California, United States",US,USCA,CA081,37.7083,-122.28,1654951,4,"Hangzhou, Zhejiang, China",CH,CH02,13319,30.2553,120.169,-1908366,4,"Hangzhou, Zhejiang, China",CH,CH02,13319,30.2553,120.169,-1908366,20170606014500,Provide aid,Material cooperation
662186347,20170606,201706,USA,AMERICAN,USA,,,,,,,,CHN,CHINESE,CHN,,,,,,,,1,163,163,16,4,-8.0,7,1,7,-1.92634560906515,4,"Renmin, Liaoning, China",CH,CH19,13182,40.7703,123.792,11215357,4,"Renmin, Liaoning, China",CH,CH19,13182,40.7703,123.792,11215357,4,"Renmin, Liaoning, China",CH,CH19,13182,40.7703,123.792,11215357,20170606020000,Reduce relations,Material conflict
662195954,20170606,201706,CHNCVL,CHINESE,CHN,,,,,CVL,,,USA,AMERICAN,USA,,,,,,,,1,040,040,04,1,1.0,10,1,10,-2.91095890410959,4,"Jiaotong, Guizhou, China",CH,CH18,13258,27.8189,106.365,-3832550,4,"Jiaotong, Guizhou, China",CH,CH18,13258,27.8189,106.365,-3832550,4,"Jiaotong, Guizhou, China",CH,CH18,13258,27.8189,106.365,-3832550,20170606024500,Consult,Verbal cooperation
662195955,20170606,201706,CHNCVL,CHINESE,CHN,,,,,CVL,,,USA,CHICAGO,USA,,,,,,,,1,046,046,04,1,7.0,6,1,6,-2.91095890410959,4,"Jiaotong, Guizhou, China",CH,CH18,13258,27.8189,106.365,-3832550,3,"Chicago, Illinois, United States",US,USIL,IL031,41.85,-87.6501,423587,3,"Chicago, Illinois, United States",US,USIL,IL031,41.85,-87.6501,423587,20170606024500,Consult,Verbal cooperation
662197376,20170606,201706,USA,AMERICAN,USA,,,,,,,,CHNCVL,CHINESE,CHN,,,,,CVL,,,1,040,040,04,1,1.0,10,1,10,-2.91095890410959,3,"Chicago, Illinois, United States",US,USIL,IL031,41.85,-87.6501,423587,4,"Jiaotong, Guizhou, China",CH,CH18,13258,27.8189,106.365,-3832550,3,"Chicago, Illinois, United States",US,USIL,IL031,41.85,-87.6501,423587,20170606024500,Consult,Verbal cooperation
662197377,20170606,201706,USA,CHICAGO,USA,,,,,,,,CHNCVL,CHINESE,CHN,,,,,CVL,,,1,046,046,04,1,7.0,6,1,6,-2.91095890410959,3,"Chicago, Illinois, United States",US,USIL,IL031,41.85,-87.6501,423587,4,"Jiaotong, Guizhou, China",CH,CH18,13258,27.8189,106.365,-3832550,3,"Chicago, Illinois, United States",US,USIL,IL031,41.85,-87.6501,423587,20170606024500,Consult,Verbal cooperation
662198864,20170606,201706,MNCUSA,MICROSOFT,USA,,,,,MNC,,,CHN,CHINA,CHN,,,,,,,,1,050,050,05,1,3.5,6,1,6,1.72413793103448,1,"Vietnam, Republic Of",VM,VM,,16.0,106.0,VM,1,China,CH,CH,,35.0,105.0,CH,1,China,CH,CH,,35.0,105.0,CH,20170606030000,Engage in diplomatic cooperation,Verbal cooperation
662203909,20170606,201706,CHN,CHINA,CHN,,,,,,,,USA,CALIFORNIA,USA,,,,,,,,1,057,057,05,1,8.0,6,1,6,-1.78041543026706,1,China,CH,CH,,35.0,105.0,CH,2,"California, United States",US,USCA,,36.17,-119.746,CA,1,China,CH,CH,,35.0,105.0,CH,20170606033000,Engage in diplomatic cooperation,Verbal cooperation
662205049,20170606,201706,USA,CALIFORNIA,USA,,,,,,,,CHN,CHINA,CHN,,,,,,,,1,057,057,05,1,8.0,7,1,7,-1.78041543026706,1,China,CH,CH,,35.0,105.0,CH,1,China,CH,CH,,35.0,105.0,CH,1,China,CH,CH,,35.0,105.0,CH,20170606033000,Engage in diplomatic cooperation,Verbal cooperation
662209042,20170606,201706,CHNBUS,CHINESE,CHN,,,,,BUS,,,USA,TEXAS,USA,,,,,,,,1,040,040,04,1,1.0,6,1,6,5.04587155963303,4,"Shanghai, Shanghai, China",CH,CH23,13243,31.2222,121.458,-1924465,2,"Texas, United States",US,USTX,,31.106,-97.6475,TX,4,"Shanghai, Shanghai, China",CH,CH23,13243,31.2222,121.458,-1924465,20170606040000,Consult,Verbal cooperation
662210244,20170606,201706,USA,TEXAS,USA,,,,,,,,CHNBUS,CHINESE,CHN,,,,,BUS,,,1,040,040,04,1,1.0,6,1,6,5.04587155963303,2,"Texas, United States",US,USTX,,31.106,-97.6475,TX,4,"Shanghai, Shanghai, China",CH,CH23,13243,31.2222,121.458,-1924465,4,"Shanghai, Shanghai, China",CH,CH23,13243,31.2222,121.458,-1924465,20170606040000,Consult,Verbal cooperation
662213069,20170606,201706,USAGOV,IOWA,USA,,,,,GOV,,,CHN,BEIJING,CHN,,,,,,,,1,154,154,15,4,-7.2,6,1,6,-1.04166666666666,4,"Paris, France (general), France",FR,FR00,16282,48.8667,2.33333,-1456928,4,"Paris, France (general), France",FR,FR00,16282,48.8667,2.33333,-1456928,1,Qatar,QA,QA,,25.5,51.25,QA,20170606041500,Exhibit force posture,Material conflict
662215545,20170606,201706,CHN,CHINA,CHN,,,,,,,,USA,SOUTH CAROLINA,USA,,,,,,,,1,014,014,01,1,0.0,6,1,6,1.32890365448505,4,"Wanli, Anhui, China",CH,CH01,13144,31.3975,118.608,10519880,2,"South Carolina, United States",US,USSC,,33.8191,-80.9066,SC,4,"Wanli, Anhui, China",CH,CH01,13144,31.3975,118.608,10519880,20170606043000,Make public statement,Verbal cooperation
662221583,20170606,201706,CHN,CHINESE,CHN,,,,,,,,USA,UNITED STATES,USA,,,,,,,,1,173,173,17,4,-5.0,10,2,10,-9.44946772972253,4,"Xie Yang, Zhejiang, China",CH,CH02,13319,30.2227,119.833,11019049,1,United States,US,US,,38.0,-97.0,US,4,"Xie Yang, Zhejiang, China",CH,CH02,13319,30.2227,119.833,11019049,20170606051500,Coerce,Material conflict
662224946,20170606,201706,CHN,CANTON,CHN,,,,,,,,USA,LAWRENCE,USA,,,,,,,,1,112,112,11,3,-2.0,10,1,10,-9.86342943854326,1,China,CH,CH,,35.0,105.0,CH,1,China,CH,CH,,35.0,105.0,CH,1,China,CH,CH,,35.0,105.0,CH,20170606053000,Disapprove,Verbal conflict
662233631,20170606,201706,USA,CALIFORNIA,USA,,,,,,,,CHN,CHINA,CHN,,,,,,,,1,057,057,05,1,8.0,7,1,6,-0.625,2,"California, United States",US,USCA,,36.17,-119.746,CA,4,"Beijing, Beijing, China",CH,CH22,13001,39.9289,116.388,-1898541,2,"California, United States",US,USCA,,36.17,-119.746,CA,20170606061500,Engage in diplomatic cooperation,Verbal cooperation
662237176,20170606,201706,USA,CALIFORNIA,USA,,,,,,,,CHN,CHINA,CHN,,,,,,,,1,031,031,03,1,5.2,12,2,12,-0.7909614618551,2,"California, United States",US,USCA,,36.17,-119.746,CA,4,"Wan Gang, Henan, China",CH,CH09,13111,33.2102,112.896,10548839,4,"Wan Gang, Henan, China",CH,CH09,13111,33.2102,112.896,10548839,20170606063000,Express intent to cooperate,Verbal cooperation
662256565,20170606,201706,CHN,SHANGHAI,CHN,,,,,,,,MNCUSA,MICROSOFT,USA,,,,,MNC,,,1,173,173,17,4,-5.0,10,1,10,1.7632241813602,1,South Korea,KS,KS,,37.0,127.5,KS,1,South Korea,KS,KS,,37.0,127.5,KS,1,South Korea,KS,KS,,37.0,127.5,KS,20170606081500,Coerce,Material conflict
662262358,20170606,201706,CHN,CHINA,CHN,,,,,,,,USA,UNITED STATES,USA,,,,,,,,1,061,061,06,2,6.4,8,1,8,0.68728522336769,4,"Daqing, Sichuan, China",CH,CH32,13003,31.5805,106.142,10341761,1,United States,US,US,,38.0,-97.0,US,1,United States,US,US,,38.0,-97.0,US,20170606084500,Engage in material cooperation,Material cooperation
662270944,20170606,201706,USA,UNITED STATES,USA,,,,,,,,CHN,CHINA,CHN,,,,,,,,1,172,172,17,4,-5.0,6,1,6,-5.08771929824561,1,United States,US,US,,38.0,-97.0,US,1,China,CH,CH,,35.0,105.0,CH,1,China,CH,CH,,35.0,105.0,CH,20170606091500,Coerce,Material conflict
662275758,20170606,201706,CHN,CHINA,CHN,,,,,,,,USAMED,THE ASSOCIATED PRESS,USA,,,,,MED,,,1,013,013,01,1,0.4,9,3,9,-5.51499157406048,3,"Washington, District of Columbia, United States",US,USDC,DC001,38.8951,-77.0364,531871,3,"Washington, District of Columbia, United States",US,USDC,DC001,38.8951,-77.0364,531871,3,"Washington, District of Columbia, United States",US,USDC,DC001,38.8951,-77.0364,531871,20170606093000,Make public statement,Verbal cooperation
662277571,20170606,201706,USA,UNITED STATES,USA,,,,,,,,CHN,CHINA,CHN,,,,,,,,1,172,172,17,4,-5.0,6,2,6,-5.47344789801427,1,Hong Kong,HK,HK,,22.25,114.167,HK,1,Hong Kong,HK,HK,,22.25,114.167,HK,1,Hong Kong,HK,HK,,22.25,114.167,HK,20170606093000,Coerce,Material conflict
662277704,20170606,201706,USAGOV,IOWA,USA,,,,,GOV,,,CHN,BEIJING,CHN,,,,,,,,1,154,154,15,4,-7.2,6,1,6,-3.42857142857142,2,"Iowa, United States",US,USIA,,42.0046,-93.214,IA,4,"Beijing, Beijing, China",CH,CH22,13001,39.9289,116.388,-1898541,4,"Beijing, Beijing, China",CH,CH22,13001,39.9289,116.388,-1898541,20170606093000,Exhibit force posture,Material conflict
662278548,20170606,201706,CHN,CHINA,CHN,,,,,,,,USA,UNITED STATES,USA,,,,,,,,1,130,130,13,3,-4.4,10,1,10,-5.34591194968553,4,"South China Sea, Brunei (general), Brunei",BX,BX00,,15.0,115.0,-1337919,4,"South China Sea, Brunei (general), Brunei",BX,BX00,,15.0,115.0,-1337919,4,"South China Sea, Brunei (general), Brunei",BX,BX00,,15.0,115.0,-1337919,20170606094500,Threaten,Verbal conflict
662285798,20170606,201706,USAGOV,IOWA,USA,,,,,GOV,,,CHN,BEIJING,CHN,,,,,,,,1,154,154,15,4,-7.2,12,2,12,-0.8530823817448,4,"Paris, France (general), France",FR,FR00,16282,48.8667,2.33333,-1456928,4,"Beijing, Beijing, China",CH,CH22,13001,39.9289,116.388,-1898541,4,"Beijing, Beijing, China",CH,CH22,13001,39.9289,116.388,-1898541,20170606100000,Exhibit force posture,Material conflict
662290348,20170606,201706,USA,JERSEY,USA,,,,,,,,CHNBUS,CHINESE,CHN,,,,,BUS,,,1,020,020,02,1,3.0,6,1,6,-1.11111111111111,1,China,CH,CH,,35.0,105.0,CH,1,China,CH,CH,,35.0,105.0,CH,1,China,CH,CH,,35.0,105.0,CH,20170606101500,Appeal,Verbal cooperation
662290349,20170606,201706,USA,JERSEY,USA,,,,,,,,CHNBUS,CHINESE,CHN,,,,,BUS,,,1,071,071,07,2,7.4,6,1,6,-1.11111111111111,1,China,CH,CH,,35.0,105.0,CH,1,China,CH,CH,,35.0,105.0,CH,1,China,CH,CH,,35.0,105.0,CH,20170606101500,Provide aid,Material cooperation
662292993,20170606,201706,CHN,BEIJING,CHN,,,,,,,,USAGOV,CALIFORNIA,USA,,,,,GOV,,,1,042,042,04,1,1.9,6,1,6,4.66666666666667,4,"Beijing, Beijing, China",CH,CH22,13001,39.9289,116.388,-1898541,2,"California, United States",US,USCA,,36.17,-119.746,CA,2,"California, United States",US,USCA,,36.17,-119.746,CA,20170606103000,Consult,Verbal cooperation
662292994,20170606,201706,CHN,BEIJING,CHN,,,,,,,,USAGOV,CALIFORNIA,USA,,,,,GOV,,,1,043,043,04,1,2.8,6,1,6,4.66666666666667,4,"Beijing, Beijing, China",CH,CH22,13001,39.9289,116.388,-1898541,2,"California, United States",US,USCA,,36.17,-119.746,CA,2,"California, United States",US,USCA,,36.17,-119.746,CA,20170606103000,Consult,Verbal cooperation
662294864,20170606,201706,USAGOV,CALIFORNIA,USA,,,,,GOV,,,CHN,BEIJING,CHN,,,,,,,,1,043,043,04,1,2.8,6,1,6,4.66666666666667,2,"California, United States",US,USCA,,36.17,-119.746,CA,4,"Beijing, Beijing, China",CH,CH22,13001,39.9289,116.388,-1898541,2,"California, United States",US,USCA,,36.17,-119.746,CA,20170606103000,Consult,Verbal cooperation
662295537,20170606,201706,CHN,CHINA,CHN,,,,,,,,USAGOV,CALIFORNIA,USA,,,,,GOV,,,1,043,043,04,1,2.8,6,1,6,1.2636899747262,4,"Beijing, Beijing, China",CH,CH22,13001,39.9289,116.388,-1898541,2,"California, United States",US,USCA,,36.17,-119.746,CA,4,"Beijing, Beijing, China",CH,CH22,13001,39.9289,116.388,-1898541,20170606104500,Consult,Verbal cooperation
662296927,20170606,201706,USA,WASHINGTON,USA,,,,,,,,CHN,CHINA,CHN,,,,,,,,1,172,172,17,4,-5.0,6,1,6,-4.33954933954934,3,"Washington, District of Columbia, United States",US,USDC,DC001,38.8951,-77.0364,531871,1,China,CH,CH,,35.0,105.0,CH,1,China,CH,CH,,35.0,105.0,CH,20170606104500,Coerce,Material conflict
662297026,20170606,201706,USAGOV,CALIFORNIA,USA,,,,,GOV,,,CHN,CHINA,CHN,,,,,,,,1,042,042,04,1,1.9,6,1,6,1.2636899747262,2,"California, United States",US,USCA,,36.17,-119.746,CA,4,"Beijing, Beijing, China",CH,CH22,13001,39.9289,116.388,-1898541,4,"Beijing, Beijing, China",CH,CH22,13001,39.9289,116.388,-1898541,20170606104500,Consult,Verbal cooperation
662297032,20170606,201706,USAGOV,THE US,USA,,,,,GOV,,,CHNGOV,CHINA,CHN,,,,,GOV,,,1,010,010,01,1,0.0,8,1,8,-0.90909090909091,4,"Beijing, Beijing, China",CH,CH22,13001,39.9289,116.388,-1898541,3,"Washington, District of Columbia, United States",US,USDC,DC001,38.8951,-77.0364,531871,3,"Washington, District of Columbia, United States",US,USDC,DC001,38.8951,-77.0364,531871,20170606104500,Make public statement,Verbal cooperation
662301712,20170606,201706,CHN,CHANGSHA,CHN,,,,,,,,USAMED,THE ASSOCIATED PRESS,USA,,,,,MED,,,1,013,013,01,1,0.4,7,1,7,-9.04109589041096,4,"Changsha, Hunan, China",CH,CH11,13130,28.2,112.967,-1899978,4,"Changsha, Hunan, China",CH,CH11,13130,28.2,112.967,-1899978,4,"Changsha, Hunan, China",CH,CH11,13130,28.2,112.967,-1899978,20170606111500,Make public statement,Verbal cooperation
662301713,20170606,201706,CHN,CHINA,CHN,,,,,,,,USAMED,REUTERS,USA,,,,,MED,,,1,120,120,12,3,-4.0,10,1,10,-6.07287449392713,4,"Beijing, Beijing, China",CH,CH22,13001,39.9289,116.388,-1898541,4,"Beijing, Beijing, China",CH,CH22,13001,39.9289,116.388,-1898541,4,"Beijing, Beijing, China",CH,CH22,13001,39.9289,116.388,-1898541,20170606111500,Reject,Verbal conflict
662318163,20170606,201706,USAGOV,IOWA,USA,,,,,GOV,,,CHN,BEIJING,CHN,,,,,,,,1,154,154,15,4,-7.2,6,1,6,-0.52631578947368,4,"Beijing, Beijing, China",CH,CH22,13001,39.9289,116.388,-1898541,4,"Beijing, Beijing, China",CH,CH22,13001,39.9289,116.388,-1898541,4,"Paris, France (general), France",FR,FR00,16282,48.8667,2.33333,-1456928,20170606123000,Exhibit force posture,Material conflict
662320639,20170606,201706,USAGOV,UNITED STATES,USA,,,,,GOV,,,CHN,CHINA,CHN,,,,,,,,1,042,042,04,1,1.9,6,3,6,5.08087382387027,4,"Beijing, Beijing, China",CH,CH22,13001,39.9289,116.388,-1898541,2,"California, United States",US,USCA,,36.17,-119.746,CA,4,"Beijing, Beijing, China",CH,CH22,13001,39.9289,116.388,-1898541,20170606124500,Consult,Verbal cooperation
662320640,20170606,201706,USAGOV,CALIFORNIA,USA,,,,,GOV,,,CHN,BEIJING,CHN,,,,,,,,1,042,042,04,1,1.9,12,3,12,5.08087382387027,2,"California, United States",US,USCA,,36.17,-119.746,CA,2,"California, United States",US,USCA,,36.17,-119.746,CA,4,"Beijing, Beijing, China",CH,CH22,13001,39.9289,116.388,-1898541,20170606124500,Consult,Verbal cooperation
662335624,20170606,201706,CHN,CHINESE,CHN,,,,,,,,USA,SOUTH CAROLINA,USA,,,,,,,,1,0311,031,03,1,5.2,6,1,6,0.719424460431655,3,"Orangeburg, South Carolina, United States",US,USSC,SC075,33.4918,-80.8556,1249990,2,"South Carolina, United States",US,USSC,,33.8191,-80.9066,SC,2,"South Carolina, United States",US,USSC,,33.8191,-80.9066,SC,20170606133000,Express intent to cooperate,Verbal cooperation
662341708,20170606,201706,MNCUSA,GOLDMAN SACHS,USA,,,,,MNC,,,CHN,CHINA,CHN,,,,,,,,1,051,051,05,1,3.4,8,1,8,1.08108108108108,4,"Paris, France (general), France",FR,FR00,16282,48.8667,2.33333,-1456928,2,"Ohio, United States",US,USOH,,40.3736,-82.7755,OH,2,"Ohio, United States",US,USOH,,40.3736,-82.7755,OH,20170606134500,Engage in diplomatic cooperation,Verbal cooperation
662345450,20170606,201706,CHN,CHINESE,CHN,,,,,,,,USA,UNITED STATES,USA,,,,,,,,1,110,110,11,3,-2.0,8,1,8,-3.36134453781512,1,Australia,AS,AS,,-27.0,133.0,AS,1,Australia,AS,AS,,-27.0,133.0,AS,1,Australia,AS,AS,,-27.0,133.0,AS,20170606141500,Disapprove,Verbal conflict
662345455,20170606,201706,CHN,CHINA,CHN,,,,,,,,USAGOV,CALIFORNIA,USA,,,,,GOV,,,1,020,020,02,1,3.0,7,1,7,-4.22535211267606,1,China,CH,CH,,35.0,105.0,CH,1,China,CH,CH,,35.0,105.0,CH,1,China,CH,CH,,35.0,105.0,CH,20170606141500,Appeal,Verbal cooperation
662347470,20170606,201706,USA,SEATTLE,USA,,,,,,,,CHN,SHANGHAI,CHN,,,,,,,,1,033,033,03,1,5.2,20,1,20,1.30718954248366,4,"Shanghai, Shanghai, China",CH,CH23,13243,31.2222,121.458,-1924465,4,"Shanghai, Shanghai, China",CH,CH23,13243,31.2222,121.458,-1924465,4,"Shanghai, Shanghai, China",CH,CH23,13243,31.2222,121.458,-1924465,20170606141500,Express intent to cooperate,Verbal cooperation
662347471,20170606,201706,USA,SEATTLE,USA,,,,,,,,CHN,SHANGHAI,CHN,,,,,,,,1,036,036,03,1,4.0,20,1,20,1.30718954248366,4,"Shanghai, Shanghai, China",CH,CH23,13243,31.2222,121.458,-1924465,4,"Shanghai, Shanghai, China",CH,CH23,13243,31.2222,121.458,-1924465,4,"Shanghai, Shanghai, China",CH,CH23,13243,31.2222,121.458,-1924465,20170606141500,Express intent to cooperate,Verbal cooperation
662350725,20170606,201706,CHN,CHINESE,CHN,,,,,,,,USAMED,REUTERS,USA,,,,,MED,,,1,044,044,04,1,2.5,9,1,9,-1.23042505592841,4,"Xinjiang, Jiangxi, China",CH,CH03,13167,27.7481,116.274,11065838,4,"Beijing, Beijing, China",CH,CH22,13001,39.9289,116.388,-1898541,4,"Beijing, Beijing, China",CH,CH22,13001,39.9289,116.388,-1898541,20170606143000,Consult,Verbal cooperation
662355425,20170606,201706,CHN,CHINA,CHN,,,,,,,,USA,ILLINOIS,USA,,,,,,,,1,042,042,04,1,1.9,6,1,6,1.84842883548984,1,China,CH,CH,,35.0,105.0,CH,2,"Illinois, United States",US,USIL,,40.3363,-89.0022,IL,2,"Illinois, United States",US,USIL,,40.3363,-89.0022,IL,20170606144500,Consult,Verbal cooperation
662357136,20170606,201706,USA,ILLINOIS,USA,,,,,,,,CHN,CHINA,CHN,,,,,,,,1,043,043,04,1,2.8,10,1,10,1.84842883548984,3,"Chicago, Illinois, United States",US,USIL,IL031,41.85,-87.6501,423587,3,"Chicago, Illinois, United States",US,USIL,IL031,41.85,-87.6501,423587,3,"Chicago, Illinois, United States",US,USIL,IL031,41.85,-87.6501,423587,20170606144500,Consult,Verbal cooperation
662358136,20170606,201706,CHN,CHINA,CHN,,,,,,,,USA,AMERICAN,USA,,,,,,,,1,061,061,06,2,6.4,6,2,6,0.539795114263198,1,Bangladesh,BG,BG,,24.0,90.0,BG,1,United States,US,US,,38.0,-97.0,US,1,China,CH,CH,,35.0,105.0,CH,20170606150000,Engage in material cooperation,Material cooperation
662358137,20170606,201706,CHN,CHINA,CHN,,,,,,,,USA,AMERICAN,USA,,,,,,,,1,061,061,06,2,6.4,10,2,10,0.539795114263198,1,China,CH,CH,,35.0,105.0,CH,1,United States,US,US,,38.0,-97.0,US,1,China,CH,CH,,35.0,105.0,CH,20170606150000,Engage in material cooperation,Material cooperation
662367884,20170606,201706,CHNEDU,CHINESE,CHN,,,,,EDU,,,USA,AMERICAN,USA,,,,,,,,1,046,046,04,1,7.0,6,1,6,7.69230769230765,1,Malaysia,MY,MY,,2.5,112.5,MY,1,Malaysia,MY,MY,,2.5,112.5,MY,1,Malaysia,MY,MY,,2.5,112.5,MY,20170606153000,Consult,Verbal cooperation
662369767,20170606,201706,USA,AMERICAN,USA,,,,,,,,CHNEDU,CHINESE,CHN,,,,,EDU,,,1,046,046,04,1,7.0,6,1,6,7.69230769230765,1,China,CH,CH,,35.0,105.0,CH,1,China,CH,CH,,35.0,105.0,CH,1,China,CH,CH,,35.0,105.0,CH,20170606153000,Consult,Verbal cooperation
662374808,20170606,201706,CHN,SHANDONG,CHN,,,,,,,,USAMED,REUTERS,USA,,,,,MED,,,1,182,182,18,4,-9.5,6,1,6,-8.9430894308943,4,"Tianjin, Tianjin, China",CH,CH28,13279,39.1422,117.177,-1928564,4,"Tianjin, Tianjin, China",CH,CH28,13279,39.1422,117.177,-1928564,4,"Tianjin, Tianjin, China",CH,CH28,13279,39.1422,117.177,-1928564,20170606154500,Assault,Material conflict
662388450,20170606,201706,CHN,CHINESE,CHN,,,,,,,,USA,SOUTH CAROLINA,USA,,,,,,,,1,031,031,03,1,5.2,8,1,8,0.943396226415094,4,"Wanli, Anhui, China",CH,CH01,13144,31.3975,118.608,10519880,2,"South Carolina, United States",US,USSC,,33.8191,-80.9066,SC,4,"Wanli, Anhui, China",CH,CH01,13144,31.3975,118.608,10519880,20170606163000,Express intent to cooperate,Verbal cooperation
662388463,20170606,201706,CHNGOV,CHINA,CHN,,,,,GOV,,,USA,CALIFORNIA,USA,,,,,,,,1,030,030,03,1,4.0,8,1,8,2.56410256410257,1,China,CH,CH,,35.0,105.0,CH,2,"California, United States",US,USCA,,36.17,-119.746,CA,2,"California, United States",US,USCA,,36.17,-119.746,CA,20170606163000,Express intent to cooperate,Verbal cooperation
662390164,20170606,201706,USA,CALIFORNIA,USA,,,,,,,,CHNGOV,CHINA,CHN,,,,,GOV,,,1,030,030,03,1,4.0,8,1,8,2.56410256410257,2,"California, United States",US,USCA,,36.17,-119.746,CA,1,China,CH,CH,,35.0,105.0,CH,2,"California, United States",US,USCA,,36.17,-119.746,CA,20170606163000,Express intent to cooperate,Verbal cooperation
662394482,20170606,201706,USA,NEBRASKA,USA,,,,,,,,CHN,CHINA,CHN,,,,,,,,1,071,071,07,2,7.4,6,1,6,3.125,4,"Beijing, Beijing, China",CH,CH22,13001,39.9289,116.388,-1898541,2,"Iowa, United States",US,USIA,,42.0046,-93.214,IA,2,"Iowa, United States",US,USIA,,42.0046,-93.214,IA,20170606164500,Provide aid,Material cooperation
662396924,20170606,201706,CHN,CHINA,CHN,,,,,,,,USA,UNITED STATES,USA,,,,,,,,1,050,050,05,1,3.5,6,1,6,1.88679245283019,1,China,CH,CH,,35.0,105.0,CH,2,"Kentucky, United States",US,USKY,,37.669,-84.6514,KY,1,China,CH,CH,,35.0,105.0,CH,20170606170000,Engage in diplomatic cooperation,Verbal cooperation
662396926,20170606,201706,CHN,CHINA,CHN,,,,,,,,USAGOV,CALIFORNIA,USA,,,,,GOV,,,1,020,020,02,1,3.0,8,1,8,1.38696255201109,4,"Chengdu, Sichuan, China",CH,CH32,13270,30.6667,104.067,-1900349,2,"California, United States",US,USCA,,36.17,-119.746,CA,4,"Chengdu, Sichuan, China",CH,CH32,13270,30.6667,104.067,-1900349,20170606170000,Appeal,Verbal cooperation
662396928,20170606,201706,CHN,CHINA,CHN,,,,,,,,USAMED,WASHINGTON,USA,,,,,MED,,,1,036,036,03,1,4.0,10,1,10,2.29357798165138,4,"Beijing, Beijing, China",CH,CH22,13001,39.9289,116.388,-1898541,4,"Beijing, Beijing, China",CH,CH22,13001,39.9289,116.388,-1898541,4,"Beijing, Beijing, China",CH,CH22,13001,39.9289,116.388,-1898541,20170606170000,Express intent to cooperate,Verbal cooperation
662398804,20170606,201706,USA,UNITED STATES,USA,,,,,,,,CHN,CHINA,CHN,,,,,,,,1,050,050,05,1,3.5,6,1,6,1.88679245283019,2,"Kentucky, United States",US,USKY,,37.669,-84.6514,KY,1,China,CH,CH,,35.0,105.0,CH,1,China,CH,CH,,35.0,105.0,CH,20170606170000,Engage in diplomatic cooperation,Verbal cooperation
662398806,20170606,201706,USA,KENTUCKY,USA,,,,,,,,CHN,CHINA,CHN,,,,,,,,1,061,061,06,2,6.4,10,1,10,1.88679245283019,2,"Kentucky, United States",US,USKY,,37.669,-84.6514,KY,1,China,CH,CH,,35.0,105.0,CH,1,China,CH,CH,,35.0,105.0,CH,20170606170000,Engage in material cooperation,Material cooperation
662401374,20170606,201706,CHN,CHINA,CHN,,,,,,,,USA,THE US,USA,,,,,,,,1,030,030,03,1,4.0,8,1,8,-3.42679127725857,1,Russia,RS,RS,,60.0,100.0,RS,1,China,CH,CH,,35.0,105.0,CH,1,Germany,GM,GM,,51.0,9.0,GM,20170606171500,Express intent to cooperate,Verbal cooperation
662401375,20170606,201706,CHN,CHINESE,CHN,,,,,,,,USA,SOUTH CAROLINA,USA,,,,,,,,1,0311,031,03,1,5.2,10,1,10,0.735294117647059,3,"Orangeburg, South Carolina, United States",US,USSC,SC075,33.4918,-80.8556,1249990,2,"South Carolina, United States",US,USSC,,33.8191,-80.9066,SC,3,"Orangeburg, South Carolina, United States",US,USSC,SC075,33.4918,-80.8556,1249990,20170606171500,Express intent to cooperate,Verbal cooperation
662401380,20170606,201706,CHN,CHINA,CHN,,,,,,,,USAMED,THE ASSOCIATED PRESS,USA,,,,,MED,,,1,010,010,01,1,0.0,8,6,8,-5.61262603900072,4,"Hubei, Guangdong, China",CH,CH30,13047,23.2656,116.054,10073728,4,"Hubei, Guangdong, China",CH,CH30,13047,23.2656,116.054,10073728,4,"Hubei, Guangdong, China",CH,CH30,13047,23.2656,116.054,10073728,20170606171500,Make public statement,Verbal cooperation
662403390,20170606,201706,USA,THE US,USA,,,,,,,,CHN,CHINA,CHN,,,,,,,,1,030,030,03,1,4.0,8,1,8,-3.42679127725857,1,China,CH,CH,,35.0,105.0,CH,1,Russia,RS,RS,,60.0,100.0,RS,1,Germany,GM,GM,,51.0,9.0,GM,20170606171500,Express intent to cooperate,Verbal cooperation
662406181,20170606,201706,CHN,CHINA,CHN,,,,,,,,USA,CALIFORNIA,USA,,,,,,,,1,060,060,06,2,6.0,10,1,10,4.39560439560439,4,"Beijing, Beijing, China",CH,CH22,13001,39.9289,116.388,-1898541,4,"Beijing, Beijing, China",CH,CH22,13001,39.9289,116.388,-1898541,4,"Beijing, Beijing, China",CH,CH22,13001,39.9289,116.388,-1898541,20170606173000,Engage in material cooperation,Material cooperation
662407961,20170606,201706,USA,CALIFORNIA,USA,,,,,,,,CHN,CHINA,CHN,,,,,,,,1,060,060,06,2,6.0,10,1,10,4.39560439560439,2,"California, United States",US,USCA,,36.17,-119.746,CA,4,"Beijing, Beijing, China",CH,CH22,13001,39.9289,116.388,-1898541,4,"Beijing, Beijing, China",CH,CH22,13001,39.9289,116.388,-1898541,20170606173000,Engage in material cooperation,Material cooperation
662422004,20170606,201706,CHN,CHINA,CHN,,,,,,,,USA,THE US,USA,,,,,,,,1,0831,083,08,2,5.0,10,1,10,2.13004484304932,1,United Kingdom,UK,UK,,54.0,-2.0,UK,1,United Kingdom,UK,UK,,54.0,-2.0,UK,1,United Kingdom,UK,UK,,54.0,-2.0,UK,20170606184500,Yield,Material cooperation
662422005,20170606,201706,CHN,CHINA,CHN,,,,,,,,USAMED,ASSOCIATED PRESS,USA,,,,,MED,,,1,084,084,08,2,7.0,6,1,6,-4.07288317256163,4,"Ganzhou, Jiangxi, China",CH,CH03,13164,28.8184,115.433,-1906174,4,"Ganzhou, Jiangxi, China",CH,CH03,13164,28.8184,115.433,-1906174,4,"Ganzhou, Jiangxi, China",CH,CH03,13164,28.8184,115.433,-1906174,20170606184500,Yield,Material cooperation
662427705,20170606,201706,USA,UNITED STATES,USA,,,,,,,,CHN,CHINA,CHN,,,,,,,,1,1053,105,10,3,-5.0,10,1,10,-3.39622641509434,4,"Shanghai, Shanghai, China",CH,CH23,13243,31.2222,121.458,-1924465,4,"Shanghai, Shanghai, China",CH,CH23,13243,31.2222,121.458,-1924465,4,"Shanghai, Shanghai, China",CH,CH23,13243,31.2222,121.458,-1924465,20170606190000,Demand,Verbal conflict
662427706,20170606,201706,USA,UNITED STATES,USA,,,,,,,,CHN,CHINA,CHN,,,,,,,,1,1053,105,10,3,-5.0,6,1,6,-3.39622641509434,2,"New York, United States",US,USNY,,42.1497,-74.9384,NY,4,"Shanghai, Shanghai, China",CH,CH23,13243,31.2222,121.458,-1924465,4,"Shanghai, Shanghai, China",CH,CH23,13243,31.2222,121.458,-1924465,20170606190000,Demand,Verbal conflict
662433987,20170606,201706,USAMED,REUTERS,USA,,,,,MED,,,CHN,CHINESE,CHN,,,,,,,,1,010,010,01,1,0.0,6,1,6,-0.57803468208092,3,"San Francisco, California, United States",US,USCA,CA075,37.7749,-122.419,277593,3,"San Francisco, California, United States",US,USCA,,37.7749,-122.419,277593,3,"San Francisco, California, United States",US,USCA,,37.7749,-122.419,277593,20170606191500,Make public statement,Verbal cooperation
662440322,20170606,201706,CHN,CHINA,CHN,,,,,,,,USA,CALIFORNIA,USA,,,,,,,,1,057,057,05,1,8.0,6,1,6,2.54777070063694,4,"Wan Gang, Henan, China",CH,CH09,13111,33.2102,112.896,10548839,2,"California, United States",US,USCA,,36.17,-119.746,CA,2,"California, United States",US,USCA,,36.17,-119.746,CA,20170606194500,Engage in diplomatic cooperation,Verbal cooperation
662442104,20170606,201706,USA,MASSACHUSETTS,USA,,,,,,,,CHN,CANTON,CHN,,,,,,,,1,042,042,04,1,1.9,6,1,6,-4.93096646942801,2,"Massachusetts, United States",US,USMA,,42.2373,-71.5314,MA,3,"Canton Public Library, Massachusetts, United States",US,USMA,,42.159,-71.1453,1972228,2,"Massachusetts, United States",US,USMA,,42.2373,-71.5314,MA,20170606194500,Consult,Verbal cooperation
662442108,20170606,201706,USA,CALIFORNIA,USA,,,,,,,,CHN,CHINA,CHN,,,,,,,,1,057,057,05,1,8.0,7,1,7,2.54777070063694,2,"Massachusetts, United States",US,USMA,,42.2373,-71.5314,MA,2,"Massachusetts, United States",US,USMA,,42.2373,-71.5314,MA,2,"Massachusetts, United States",US,USMA,,42.2373,-71.5314,MA,20170606194500,Engage in diplomatic cooperation,Verbal cooperation
662442112,20170606,201706,USA,UNITED STATES,USA,,,,,,,,CHN,CHINA,CHN,,,,,,,,1,172,172,17,4,-5.0,8,1,8,-4.10958904109589,1,United States,US,US,,38.0,-97.0,US,4,"Pearl River, Guangdong, China",CH,CH30,13044,22.7694,113.622,-1939637,4,"Pearl River, Guangdong, China",CH,CH30,13044,22.7694,113.622,-1939637,20170606194500,Coerce,Material conflict
662442114,20170606,201706,USA,CALIFORNIA,USA,,,,,,,,CHN,CHINA,CHN,,,,,,,,1,190,190,19,4,-10.0,8,1,8,2.54777070063694,2,"California, United States",US,USCA,,36.17,-119.746,CA,4,"Wan Gang, Henan, China",CH,CH09,13111,33.2102,112.896,10548839,4,"Wan Gang, Henan, China",CH,CH09,13111,33.2102,112.896,10548839,20170606194500,Fight,Material conflict
662451818,20170606,201706,CHN,CHINA,CHN,,,,,,,,USAGOV,CALIFORNIA,USA,,,,,GOV,,,1,020,020,02,1,3.0,6,1,6,1.4030612244898,2,"California, United States",US,USCA,,36.17,-119.746,CA,2,"California, United States",US,USCA,,36.17,-119.746,CA,2,"California, United States",US,USCA,,36.17,-119.746,CA,20170606203000,Appeal,Verbal cooperation
662453256,20170606,201706,USA,CALIFORNIA,USA,,,,,,,,CHN,CHINA,CHN,,,,,,,,1,057,057,05,1,8.0,6,1,6,-0.36330608537693,2,"Texas, United States",US,USTX,,31.106,-97.6475,TX,2,"Texas, United States",US,USTX,,31.106,-97.6475,TX,2,"Texas, United States",US,USTX,,31.106,-97.6475,TX,20170606203000,Engage in diplomatic cooperation,Verbal cooperation
662455127,20170605,201706,CHN,CHINA,CHN,,,,,,,,USA,CALIFORNIA,USA,,,,,,,,1,050,050,05,1,3.5,6,1,6,-0.53908355795148,4,"Beijing, Beijing, China",CH,CH22,13001,39.9289,116.388,-1898541,2,"California, United States",US,USCA,,36.17,-119.746,CA,2,"California, United States",US,USCA,,36.17,-119.746,CA,20170606204500,Engage in diplomatic cooperation,Verbal cooperation
662455130,20170605,201706,CHN,CHINA,CHN,,,,,,,,USA,CALIFORNIA,USA,,,,,,,,1,057,057,05,1,8.0,6,1,6,-0.53908355795148,4,"Beijing, Beijing, China",CH,CH22,13001,39.9289,116.388,-1898541,2,"California, United States",US,USCA,,36.17,-119.746,CA,2,"California, United States",US,USCA,,36.17,-119.746,CA,20170606204500,Engage in diplomatic cooperation,Verbal cooperation
662455141,20170605,201706,USA,CALIFORNIA,USA,,,,,,,,CHN,CHINA,CHN,,,,,,,,1,050,050,05,1,3.5,6,1,6,-0.53908355795148,2,"California, United States",US,USCA,,36.17,-119.746,CA,4,"Beijing, Beijing, China",CH,CH22,13001,39.9289,116.388,-1898541,2,"California, United States",US,USCA,,36.17,-119.746,CA,20170606204500,Engage in diplomatic cooperation,Verbal cooperation
662455144,20170605,201706,USA,CALIFORNIA,USA,,,,,,,,CHN,CHINA,CHN,,,,,,,,1,057,057,05,1,8.0,6,1,6,-0.53908355795148,2,"California, United States",US,USCA,,36.17,-119.746,CA,4,"Beijing, Beijing, China",CH,CH22,13001,39.9289,116.388,-1898541,2,"California, United States",US,USCA,,36.17,-119.746,CA,20170606204500,Engage in diplomatic cooperation,Verbal cooperation
662457279,20170606,201706,USA,CLEVELAND,USA,,,,,,,,CHN,CANTON,CHN,,,,,,,,1,051,051,05,1,3.4,10,1,10,4.67032967032967,2,"Ohio, United States",US,USOH,,40.3736,-82.7755,OH,2,"Ohio, United States",US,USOH,,40.3736,-82.7755,OH,2,"Ohio, United States",US,USOH,,40.3736,-82.7755,OH,20170606204500,Engage in diplomatic cooperation,Verbal cooperation
662457281,20170606,201706,USA,UNITED STATES,USA,,,,,,,,CHN,SHANGHAI,CHN,,,,,,,,1,173,173,17,4,-5.0,7,1,7,3.16742081447964,1,United States,US,US,,38.0,-97.0,US,4,"Shanghai, Shanghai, China",CH,CH23,13243,31.2222,121.458,-1924465,4,"Shanghai, Shanghai, China",CH,CH23,13243,31.2222,121.458,-1924465,20170606204500,Coerce,Material conflict
662463487,20170606,201706,CHN,CHINA,CHN,,,,,,,,USA,UNITED STATES,USA,,,,,,,,1,043,043,04,1,2.8,10,1,10,-0.44101433296582,1,China,CH,CH,,35.0,105.0,CH,1,United States,US,US,,38.0,-97.0,US,1,China,CH,CH,,35.0,105.0,CH,20170606213000,Consult,Verbal cooperation
662465018,20170606,201706,USA,UNITED STATES,USA,,,,,,,,CHN,CHINA,CHN,,,,,,,,1,042,042,04,1,1.9,10,1,10,-0.44101433296582,1,United States,US,US,,38.0,-97.0,US,1,United States,US,US,,38.0,-97.0,US,1,United States,US,US,,38.0,-97.0,US,20170606213000,Consult,Verbal cooperation
662470850,20170606,201706,CHNGOV,XI JINPING,CHN,,,,,GOV,,,USA,CALIF,USA,,,,,,,,1,043,043,04,1,2.8,8,1,8,1.28205128205128,4,"Beijing, Beijing, China",CH,CH22,13001,39.9289,116.388,-1898541,4,"Beijing, Beijing, China",CH,CH22,13001,39.9289,116.388,-1898541,4,"Beijing, Beijing, China",CH,CH22,13001,39.9289,116.388,-1898541,20170606220000,Consult,Verbal cooperation
662472271,20170606,201706,USA,CALIF,USA,,,,,,,,CHNGOV,XI JINPING,CHN,,,,,GOV,,,1,042,042,04,1,1.9,10,1,10,1.28205128205128,2,"California, United States",US,USCA,,36.17,-119.746,CA,2,"California, United States",US,USCA,,36.17,-119.746,CA,2,"California, United States",US,USCA,,36.17,-119.746,CA,20170606220000,Consult,Verbal cooperation
662478954,20170606,201706,USA,DALLAS,USA,,,,,,,,CHNBUS,CHINESE,CHN,,,,,BUS,,,1,166,166,16,4,-7.0,6,1,6,-0.819672131147539,3,"Nashville, Tennessee, United States",US,USTN,TN037,36.1659,-86.7844,1652484,3,"Nashville, Tennessee, United States",US,USTN,TN037,36.1659,-86.7844,1652484,3,"Nashville, Tennessee, United States",US,USTN,TN037,36.1659,-86.7844,1652484,20170606223000,Reduce relations,Material conflict
662480943,20170606,201706,CHN,SHANGHAI,CHN,,,,,,,,USA,UNITED STATES,USA,,,,,,,,1,036,036,03,1,4.0,6,1,6,0.964630225080384,3,"Broward County, Florida, United States",US,USFL,FL011,26.1504,-80.4831,295753,2,"Florida, United States",US,USFL,,27.8333,-81.717,FL,2,"Florida, United States",US,USFL,,27.8333,-81.717,FL,20170606224500,Express intent to cooperate,Verbal cooperation
662480946,20170606,201706,CHN,CHANGSHA,CHN,,,,,,,,USAMED,THE ASSOCIATED PRESS,USA,,,,,MED,,,1,013,013,01,1,0.4,7,1,7,-10.1063829787234,1,United States,US,US,,38.0,-97.0,US,1,United States,US,US,,38.0,-97.0,US,1,United States,US,US,,38.0,-97.0,US,20170606224500,Make public statement,Verbal cooperation
662482533,20170606,201706,USA,UNITED STATES,USA,,,,,,,,CHN,SHANGHAI,CHN,,,,,,,,1,036,036,03,1,4.0,6,1,6,0.964630225080384,3,"Fort Lauderdale, Florida, United States",US,USFL,FL011,26.1223,-80.1434,282693,3,"Fort Lauderdale, Florida, United States",US,USFL,,26.1223,-80.1434,282693,3,"Fort Lauderdale, Florida, United States",US,USFL,,26.1223,-80.1434,282693,20170606224500,Express intent to cooperate,Verbal cooperation
662484550,20170606,201706,CHNGOV,CHINESE,CHN,,,,,GOV,,,USA,UNITED STATES,USA,,,,,,,,1,061,061,06,2,6.4,8,1,8,-1.50891632373114,3,"Washington, District of Columbia, United States",US,USDC,DC001,38.8951,-77.0364,531871,3,"Washington, District of Columbia, United States",US,USDC,DC001,38.8951,-77.0364,531871,3,"Washington, District of Columbia, United States",US,USDC,DC001,38.8951,-77.0364,531871,20170606230000,Engage in material cooperation,Material cooperation
662486769,20170606,201706,CHN,CHINA,CHN,,,,,,,,USA,CALIFORNIA,USA,,,,,,,,1,040,040,04,1,1.0,15,1,10,0.0,1,China,CH,CH,,35.0,105.0,CH,2,"California, United States",US,USCA,,36.17,-119.746,CA,1,China,CH,CH,,35.0,105.0,CH,20170606233000,Consult,Verbal cooperation
662486771,20170606,201706,CHN,CHINESE,CHN,,,,,,,,USA,AMERICAN,USA,,,,,,,,1,060,060,06,2,6.0,8,1,8,0.673400673400673,1,China,CH,CH,,35.0,105.0,CH,1,China,CH,CH,,35.0,105.0,CH,1,China,CH,CH,,35.0,105.0,CH,20170606233000,Engage in material cooperation,Material cooperation
662486777,20170606,201706,CHNGOV,CHINESE,CHN,,,,,GOV,,,USAGOV,CALIFORNIA,USA,,,,,GOV,,,1,043,043,04,1,2.8,6,1,6,0.69767441860465,4,"Beijing, Beijing, China",CH,CH22,13001,39.9289,116.388,-1898541,2,"California, United States",US,USCA,,36.17,-119.746,CA,4,"Beijing, Beijing, China",CH,CH22,13001,39.9289,116.388,-1898541,20170606233000,Consult,Verbal cooperation
662488093,20170606,201706,USA,CALIFORNIA,USA,,,,,,,,CHN,CHINA,CHN,,,,,,,,1,040,040,04,1,1.0,6,1,6,0.0,4,"Paris, France (general), France",FR,FR00,16282,48.8667,2.33333,-1456928,4,"Paris, France (general), France",FR,FR00,16282,48.8667,2.33333,-1456928,4,"Paris, France (general), France",FR,FR00,16282,48.8667,2.33333,-1456928,20170606233000,Consult,Verbal cooperation
662488317,20170606,201706,USAGOV,CALIFORNIA,USA,,,,,GOV,,,CHNGOV,CHINESE,CHN,,,,,GOV,,,1,042,042,04,1,1.9,6,1,6,0.69767441860465,2,"California, United States",US,USCA,,36.17,-119.746,CA,4,"Beijing, Beijing, China",CH,CH22,13001,39.9289,116.388,-1898541,4,"Beijing, Beijing, China",CH,CH22,13001,39.9289,116.388,-1898541,20170606233000,Consult,Verbal cooperation
662489928,20170607,201706,CHN,CHINA,CHN,,,,,,,,USAMED,THE ASSOCIATED PRESS,USA,,,,,MED,,,1,013,013,01,1,0.4,12,3,12,-4.90940681763562,4,"Hubei, Guangdong, China",CH,CH30,13047,23.2656,116.054,10073728,4,"Hubei, Guangdong, China",CH,CH30,13047,23.2656,116.054,10073728,4,"Hubei, Guangdong, China",CH,CH30,13047,23.2656,116.054,10073728,20170607000000,Make public statement,Verbal cooperation
662489929,20170607,201706,CHN,CHANGSHA,CHN,,,,,,,,USAMED,THE ASSOCIATED PRESS,USA,,,,,MED,,,1,013,013,01,1,0.4,7,1,7,-9.2071611253197,4,"Xie Yang, Zhejiang, China",CH,CH02,13319,30.2227,119.833,11019049,4,"Xie Yang, Zhejiang, China",CH,CH02,13319,30.2227,119.833,11019049,4,"Xie Yang, Zhejiang, China",CH,CH02,13319,30.2227,119.833,11019049,20170607000000,Make public statement,Verbal cooperation
662499245,20170607,201706,CHN,CHINA,CHN,,,,,,,,USA,CALIFORNIA,USA,,,,,,,,1,057,057,05,1,8.0,6,1,6,0.35273368606702,4,"Beijing, Beijing, China",CH,CH22,13001,39.9289,116.388,-1898541,2,"California, United States",US,USCA,,36.17,-119.746,CA,2,"California, United States",US,USCA,,36.17,-119.746,CA,20170607001500,Engage in diplomatic cooperation,Verbal cooperation
662501995,20170607,201706,USA,CALIFORNIA,USA,,,,,,,,CHN,CHINA,CHN,,,,,,,,1,057,057,05,1,8.0,6,1,6,0.35273368606702,2,"California, United States",US,USCA,,36.17,-119.746,CA,4,"Beijing, Beijing, China",CH,CH22,13001,39.9289,116.388,-1898541,2,"California, United States",US,USCA,,36.17,-119.746,CA,20170607001500,Engage in diplomatic cooperation,Verbal cooperation
662501998,20170607,201706,USA,CALIFORNIA,USA,,,,,,,,CHN,CHINA,CHN,,,,,,,,1,057,057,05,1,8.0,8,1,8,0.35273368606702,2,"Texas, United States",US,USTX,,31.106,-97.6475,TX,2,"Texas, United States",US,USTX,,31.106,-97.6475,TX,2,"Texas, United States",US,USTX,,31.106,-97.6475,TX,20170607001500,Engage in diplomatic cooperation,Verbal cooperation
662502000,20170607,201706,USA,UNITED STATES,USA,,,,,,,,CHN,CHINA,CHN,,,,,,,,1,172,172,17,4,-5.0,6,1,6,-5.3742802303263,1,United States,US,US,,38.0,-97.0,US,1,China,CH,CH,,35.0,105.0,CH,1,China,CH,CH,,35.0,105.0,CH,20170607001500,Coerce,Material conflict
662507202,20170607,201706,MNCUSA,GOLDMAN SACHS,USA,,,,,MNC,,,CHN,CHINA,CHN,,,,,,,,1,051,051,05,1,3.4,6,1,6,1.31578947368421,2,"Ohio, United States",US,USOH,,40.3736,-82.7755,OH,2,"Ohio, United States",US,USOH,,40.3736,-82.7755,OH,2,"Ohio, United States",US,USOH,,40.3736,-82.7755,OH,20170607003000,Engage in diplomatic cooperation,Verbal cooperation
662508067,20170607,201706,USA,MASSACHUSETTS,USA,,,,,,,,CHN,CANTON,CHN,,,,,,,,1,042,042,04,1,1.9,6,1,6,-5.0880626223092,2,"Massachusetts, United States",US,USMA,,42.2373,-71.5314,MA,3,"Canton Public Library, Massachusetts, United States",US,USMA,,42.159,-71.1453,1972228,2,"Massachusetts, United States",US,USMA,,42.2373,-71.5314,MA,20170607003000,Consult,Verbal cooperation
662508069,20170607,201706,USA,A US,USA,,,,,,,,CHN,CHINA,CHN,,,,,,,,1,112,112,11,3,-2.0,6,1,6,-6.29370629370629,4,"Huishan, Anhui, China",CH,CH01,12994,33.5,116.517,-3789190,4,"Huishan, Anhui, China",CH,CH01,12994,33.5,116.517,-3789190,4,"Huishan, Anhui, China",CH,CH01,12994,33.5,116.517,-3789190,20170607003000,Disapprove,Verbal conflict
662508480,20170607,201706,USAMED,WALL STREET JOURNAL,USA,,,,,MED,,,CHN,CHINA,CHN,,,,,,,,1,040,040,04,1,1.0,6,1,6,-6.29370629370629,4,"Huishan, Anhui, China",CH,CH01,12994,33.5,116.517,-3789190,4,"Huishan, Anhui, China",CH,CH01,12994,33.5,116.517,-3789190,4,"Huishan, Anhui, China",CH,CH01,12994,33.5,116.517,-3789190,20170607003000,Consult,Verbal cooperation
662513209,20170607,201706,USA,CALIFORNIA,USA,,,,,,,,CHN,CHINA,CHN,,,,,,,,1,057,057,05,1,8.0,10,1,10,-4.34782608695652,4,"Paris, France (general), France",FR,FR00,16282,48.8667,2.33333,-1456928,4,"Paris, France (general), France",FR,FR00,16282,48.8667,2.33333,-1456928,4,"Paris, France (general), France",FR,FR00,16282,48.8667,2.33333,-1456928,20170607004500,Engage in diplomatic cooperation,Verbal cooperation
662516558,20170607,201706,CHN,CHINA,CHN,,,,,,,,USA,WASHINGTON,USA,,,,,,,,1,057,057,05,1,8.0,10,1,10,-6.63353087363792,4,"Peking, Beijing, China",CH,CH22,13001,39.9289,116.388,-1898541,3,"Washington, District of Columbia, United States",US,USDC,DC001,38.8951,-77.0364,531871,4,"Seoul, Soul-t'ukpyolsi, South Korea",KS,KS11,24984,37.5664,127.0,-716583,20170607010000,Engage in diplomatic cooperation,Verbal cooperation
662516560,20170607,201706,CHN,CHANGSHA,CHN,,,,,,,,USAMED,THE ASSOCIATED PRESS,USA,,,,,MED,,,1,013,013,01,1,0.4,7,1,7,-8.74704491725768,4,"Changsha, Hunan, China",CH,CH11,13130,28.2,112.967,-1899978,4,"Changsha, Hunan, China",CH,CH11,13130,28.2,112.967,-1899978,4,"Changsha, Hunan, China",CH,CH11,13130,28.2,112.967,-1899978,20170607010000,Make public statement,Verbal cooperation
662519001,20170607,201706,USA,WASHINGTON,USA,,,,,,,,CHN,CHINA,CHN,,,,,,,,1,057,057,05,1,8.0,8,1,8,-6.63353087363792,4,"Berlin, Berlin, Germany",GM,GM16,16538,52.5167,13.4,-1746443,1,Iran,IR,IR,,32.0,53.0,IR,1,Iran,IR,IR,,32.0,53.0,IR,20170607010000,Engage in diplomatic cooperation,Verbal cooperation
662519490,20170607,201706,USAMED,ASSOCIATED PRESS,USA,,,,,MED,,,CHNOPP,CHINESE,CHN,,,,,OPP,,,1,112,112,11,3,-2.0,6,1,6,-8.74704491725768,4,"Xie Yang, Zhejiang, China",CH,CH02,13319,30.2227,119.833,11019049,4,"Xie Yang, Zhejiang, China",CH,CH02,13319,30.2227,119.833,11019049,4,"Xie Yang, Zhejiang, China",CH,CH02,13319,30.2227,119.833,11019049,20170607010000,Disapprove,Verbal conflict
662521600,20170607,201706,CHN,BEIJING,CHN,,,,,,,,USAGOV,CALIFORNIA,USA,,,,,GOV,,,1,042,042,04,1,1.9,6,1,6,4.7486033519553,4,"Beijing, Beijing, China",CH,CH22,13001,39.9289,116.388,-1898541,2,"California, United States",US,USCA,,36.17,-119.746,CA,2,"California, United States",US,USCA,,36.17,-119.746,CA,20170607011500,Consult,Verbal cooperation
662521601,20170607,201706,CHN,BEIJING,CHN,,,,,,,,USAGOV,CALIFORNIA,USA,,,,,GOV,,,1,043,043,04,1,2.8,6,1,6,4.7486033519553,4,"Beijing, Beijing, China",CH,CH22,13001,39.9289,116.388,-1898541,2,"California, United States",US,USCA,,36.17,-119.746,CA,2,"California, United States",US,USCA,,36.17,-119.746,CA,20170607011500,Consult,Verbal cooperation
662523432,20170607,201706,USA,HAWAII,USA,,,,,,,,CHNOPP,CHINESE,CHN,,,,,OPP,,,1,112,112,11,3,-2.0,6,1,6,-9.45273631840798,4,"Xie Yang, Zhejiang, China",CH,CH02,13319,30.2227,119.833,11019049,4,"Xie Yang, Zhejiang, China",CH,CH02,13319,30.2227,119.833,11019049,4,"Xie Yang, Zhejiang, China",CH,CH02,13319,30.2227,119.833,11019049,20170607011500,Disapprove,Verbal conflict
662523691,20170607,201706,USAGOV,CALIFORNIA,USA,,,,,GOV,,,CHN,BEIJING,CHN,,,,,,,,1,043,043,04,1,2.8,6,1,6,4.7486033519553,2,"California, United States",US,USCA,,36.17,-119.746,CA,4,"Beijing, Beijing, China",CH,CH22,13001,39.9289,116.388,-1898541,2,"California, United States",US,USCA,,36.17,-119.746,CA,20170607011500,Consult,Verbal cooperation
662530010,20170607,201706,CHN,CHINA,CHN,,,,,,,,USA,UNITED STATES,USA,,,,,,,,1,032,032,03,1,4.5,6,1,6,-2.09617755856966,1,China,CH,CH,,35.0,105.0,CH,1,United States,US,US,,38.0,-97.0,US,1,China,CH,CH,,35.0,105.0,CH,20170607014500,Express intent to cooperate,Verbal cooperation
662531709,20170607,201706,USA,UNITED STATES,USA,,,,,,,,CHN,CHINA,CHN,,,,,,,,1,032,032,03,1,4.5,6,1,6,-2.09617755856966,1,United States,US,US,,38.0,-97.0,US,1,China,CH,CH,,35.0,105.0,CH,1,China,CH,CH,,35.0,105.0,CH,20170607014500,Express intent to cooperate,Verbal cooperation
662531711,20170607,201706,USA,UNITED STATES,USA,,,,,,,,CHN,CHINA,CHN,,,,,,,,1,051,051,05,1,3.4,10,1,10,0.0,1,United States,US,US,,38.0,-97.0,US,1,United States,US,US,,38.0,-97.0,US,1,United States,US,US,,38.0,-97.0,US,20170607014500,Engage in diplomatic cooperation,Verbal cooperation
662531712,20170607,201706,USA,NEW YORK,USA,,,,,,,,CHN,CHINESE,CHN,,,,,,,,1,111,111,11,3,-2.0,10,1,10,0.863930885529161,4,"Ping An, Jilin, China",CH,CH05,13176,43.2894,129.601,10869879,4,"Ping An, Jilin, China",CH,CH05,13176,43.2894,129.601,10869879,4,"Ping An, Jilin, China",CH,CH05,13176,43.2894,129.601,10869879,20170607014500,Disapprove,Verbal conflict
662532803,20170607,201706,CHN,SHANGHAI,CHN,,,,,,,,USA,UNITED STATES,USA,,,,,,,,1,036,036,03,1,4.0,6,1,6,1.28205128205128,3,"Hollywood, California, United States",US,USCA,CA037,34.0983,-118.327,1660757,3,"Hollywood, California, United States",US,USCA,CA037,34.0983,-118.327,1660757,3,"Hollywood, California, United States",US,USCA,CA037,34.0983,-118.327,1660757,20170607021500,Express intent to cooperate,Verbal cooperation
662534591,20170607,201706,USA,UNITED STATES,USA,,,,,,,,CHN,SHANGHAI,CHN,,,,,,,,1,036,036,03,1,4.0,6,1,6,1.28205128205128,3,"Hollywood, California, United States",US,USCA,CA037,34.0983,-118.327,1660757,4,"Zhenhua, Heilongjiang, China",CH,CH08,13097,46.0163,127.429,10936218,4,"Zhenhua, Heilongjiang, China",CH,CH08,13097,46.0163,127.429,10936218,20170607021500,Express intent to cooperate,Verbal cooperation
662534598,20170607,201706,USA,UNITED STATES,USA,,,,,,,,CHN,SHANGHAI,CHN,,,,,,,,1,173,173,17,4,-5.0,7,1,7,3.09734513274337,1,United States,US,US,,38.0,-97.0,US,4,"Shanghai, Shanghai, China",CH,CH23,13243,31.2222,121.458,-1924465,4,"Shanghai, Shanghai, China",CH,CH23,13243,31.2222,121.458,-1924465,20170607021500,Coerce,Material conflict
662534864,20170607,201706,USAGOV,CALIFORNIA,USA,,,,,GOV,,,CHN,BEIJING,CHN,,,,,,,,1,042,042,04,1,1.9,6,1,6,5.47112462006079,2,"California, United States",US,USCA,,36.17,-119.746,CA,4,"Beijing, Beijing, China",CH,CH22,13001,39.9289,116.388,-1898541,2,"California, United States",US,USCA,,36.17,-119.746,CA,20170607021500,Consult,Verbal cooperation
662538775,20170607,201706,USA,NEW YORK,USA,,,,,,,,CHN,GUIZHOU,CHN,,,,,,,,1,173,173,17,4,-5.0,10,1,10,5.51181102362205,4,"Guizhou, Hubei, China",CH,CH12,13129,31.0167,110.583,-1907618,4,"Guizhou, Hubei, China",CH,CH12,13129,31.0167,110.583,-1907618,4,"Guizhou, Hubei, China",CH,CH12,13129,31.0167,110.583,-1907618,20170607023000,Coerce,Material conflict
662539092,20170607,201706,USAGOV,IOWA,USA,,,,,GOV,,,CHN,BEIJING,CHN,,,,,,,,1,154,154,15,4,-7.2,6,1,6,-0.87873462214411,4,"Paris, France (general), France",FR,FR00,16282,48.8667,2.33333,-1456928,4,"Beijing, Beijing, China",CH,CH22,13001,39.9289,116.388,-1898541,4,"Beijing, Beijing, China",CH,CH22,13001,39.9289,116.388,-1898541,20170607023000,Exhibit force posture,Material conflict
662543120,20170607,201706,CHN,CHINA,CHN,,,,,,,,USA,CALIFORNIA,USA,,,,,,,,1,057,057,05,1,8.0,6,1,6,-0.32414910858995,4,"Paris, France (general), France",FR,FR00,16282,48.8667,2.33333,-1456928,4,"Paris, France (general), France",FR,FR00,16282,48.8667,2.33333,-1456928,4,"Paris, France (general), France",FR,FR00,16282,48.8667,2.33333,-1456928,20170607030000,Engage in diplomatic cooperation,Verbal cooperation
662549350,20170607,201706,CHN,CHINA,CHN,,,,,,,,USAGOV,CALIFORNIA,USA,,,,,GOV,,,1,057,057,05,1,8.0,6,1,6,-1.1703511053316,4,"Beijing, Beijing, China",CH,CH22,13001,39.9289,116.388,-1898541,2,"California, United States",US,USCA,,36.17,-119.746,CA,2,"California, United States",US,USCA,,36.17,-119.746,CA,20170607033000,Engage in diplomatic cooperation,Verbal cooperation
662549356,20170607,201706,CHNGOV,XI JINPING,CHN,,,,,GOV,,,USAGOV,CALIFORNIA,USA,,,,,GOV,,,1,040,040,04,1,1.0,6,1,6,4.12186379928316,4,"Beijing, Beijing, China",CH,CH22,13001,39.9289,116.388,-1898541,4,"Beijing, Beijing, China",CH,CH22,13001,39.9289,116.388,-1898541,4,"Beijing, Beijing, China",CH,CH22,13001,39.9289,116.388,-1898541,20170607033000,Consult,Verbal cooperation
662550644,20170607,201706,USAGOV,CALIFORNIA,USA,,,,,GOV,,,CHN,CHINA,CHN,,,,,,,,1,057,057,05,1,8.0,6,1,6,-1.1703511053316,2,"Texas, United States",US,USTX,,31.106,-97.6475,TX,2,"Texas, United States",US,USTX,,31.106,-97.6475,TX,2,"Texas, United States",US,USTX,,31.106,-97.6475,TX,20170607033000,Engage in diplomatic cooperation,Verbal cooperation
662552277,20170607,201706,CHNMIL,CHINA,CHN,,,,,MIL,,,USA,THE US,USA,,,,,,,,1,160,160,16,4,-4.0,10,1,10,-1.27118644067796,1,United States,US,US,,38.0,-97.0,US,1,United States,US,US,,38.0,-97.0,US,1,United States,US,US,,38.0,-97.0,US,20170607034500,Reduce relations,Material conflict
662561018,20170607,201706,USAGOV,THE WHITE HOUSE,USA,,,,,GOV,,,CHN,CHINA,CHN,,,,,,,,1,020,020,02,1,3.0,6,1,6,-0.21344717182497,3,"White House, District of Columbia, United States",US,USDC,,38.8951,-77.0364,531871,3,"White House, District of Columbia, United States",US,USDC,,38.8951,-77.0364,531871,3,"White House, District of Columbia, United States",US,USDC,,38.8951,-77.0364,531871,20170607041500,Appeal,Verbal cooperation
662562881,20170607,201706,CHN,CHINA,CHN,,,,,,,,USAGOV,CALIFORNIA,USA,,,,,GOV,,,1,020,020,02,1,3.0,6,1,6,1.4030612244898,2,"California, United States",US,USCA,,36.17,-119.746,CA,2,"California, United States",US,USCA,,36.17,-119.746,CA,2,"California, United States",US,USCA,,36.17,-119.746,CA,20170607044500,Appeal,Verbal cooperation
662566588,20170607,201706,CHN,SHANGHAI,CHN,,,,,,,,USA,UNITED STATES,USA,,,,,,,,1,042,042,04,1,1.9,6,1,6,-4.69314079422383,4,"Shanghai, Shanghai, China",CH,CH23,13243,31.2222,121.458,-1924465,1,United States,US,US,,38.0,-97.0,US,4,"Shanghai, Shanghai, China",CH,CH23,13243,31.2222,121.458,-1924465,20170607050000,Consult,Verbal cooperation
662568022,20170607,201706,USA,UNITED STATES,USA,,,,,,,,CHN,SHANGHAI,CHN,,,,,,,,1,043,043,04,1,2.8,6,1,6,-4.69314079422383,1,United States,US,US,,38.0,-97.0,US,4,"Shanghai, Shanghai, China",CH,CH23,13243,31.2222,121.458,-1924465,4,"Shanghai, Shanghai, China",CH,CH23,13243,31.2222,121.458,-1924465,20170607050000,Consult,Verbal cooperation
662575716,20170607,201706,CHN,CHINA,CHN,,,,,,,,USA,UNITED STATES,USA,,,,,,,,1,057,057,05,1,8.0,6,1,6,1.23239436619719,1,China,CH,CH,,35.0,105.0,CH,2,"New York, United States",US,USNY,,42.1497,-74.9384,NY,1,China,CH,CH,,35.0,105.0,CH,20170607054500,Engage in diplomatic cooperation,Verbal cooperation
662577192,20170607,201706,USA,UNITED STATES,USA,,,,,,,,CHN,CHINA,CHN,,,,,,,,1,057,057,05,1,8.0,6,1,6,1.23239436619719,2,"New York, United States",US,USNY,,42.1497,-74.9384,NY,1,China,CH,CH,,35.0,105.0,CH,1,China,CH,CH,,35.0,105.0,CH,20170607054500,Engage in diplomatic cooperation,Verbal cooperation
662581707,20170607,201706,USA,CHICAGO,USA,,,,,,,,CHN,CHINESE,CHN,,,,,,,,1,030,030,03,1,4.0,7,1,7,3.30459770114943,4,"Dongfang, Zhejiang, China",CH,CH02,13324,29.9866,120.018,11018121,4,"Dongfang, Zhejiang, China",CH,CH02,13324,29.9866,120.018,11018121,4,"Dongfang, Zhejiang, China",CH,CH02,13324,29.9866,120.018,11018121,20170607060000,Express intent to cooperate,Verbal cooperation
662586129,20160607,201606,USA,PENNSYLVANIA,USA,,,,,,,,CHN,CHINA,CHN,,,,,,,,1,192,192,19,4,-9.5,6,1,6,0.09587727708533,2,"Pennsylvania, United States",US,USPA,,40.5773,-77.264,PA,2,"Pennsylvania, United States",US,USPA,,40.5773,-77.264,PA,2,"Pennsylvania, United States",US,USPA,,40.5773,-77.264,PA,20170607063000,Fight,Material conflict
662593737,20170607,201706,CHN,CHINA,CHN,,,,,,,,USA,UNITED STATES,USA,,,,,,,,1,042,042,04,1,1.9,16,2,16,4.33564349057307,1,China,CH,CH,,35.0,105.0,CH,1,China,CH,CH,,35.0,105.0,CH,1,China,CH,CH,,35.0,105.0,CH,20170607071500,Consult,Verbal cooperation
662595328,20170607,201706,USA,UNITED STATES,USA,,,,,,,,CHN,CHINA,CHN,,,,,,,,1,043,043,04,1,2.8,14,2,14,4.35033481311147,2,"Florida, United States",US,USFL,,27.8333,-81.717,FL,1,China,CH,CH,,35.0,105.0,CH,1,China,CH,CH,,35.0,105.0,CH,20170607071500,Consult,Verbal cooperation
662595329,20170607,201706,USA,THE US,USA,,,,,,,,CHNMIL,CHINA,CHN,,,,,MIL,,,1,138,138,13,3,-7.0,8,1,8,-0.75,1,North Korea,KN,KN,,40.0,127.0,KN,4,"Beijing, Beijing, China",CH,CH22,13001,39.9289,116.388,-1898541,1,South Korea,KS,KS,,37.0,127.5,KS,20170607071500,Threaten,Verbal conflict
662603192,20170607,201706,USA,UNITED STATES,USA,,,,,,,,CHN,CHINA,CHN,,,,,,,,1,141,141,14,3,-6.5,10,1,10,-3.09446254071661,1,North Korea,KN,KN,,40.0,127.0,KN,1,North Korea,KN,KN,,40.0,127.0,KN,1,North Korea,KN,KN,,40.0,127.0,KN,20170607074500,Protest,Verbal conflict
662613601,20170607,201706,CHN,CHINA,CHN,,,,,,,,USA,CALIFORNIA,USA,,,,,,,,1,057,057,05,1,8.0,6,1,6,-0.77369439071567,4,"Sichuan, Gansu, China",CH,CH15,13024,35.1221,105.48,10650455,4,"Sichuan, Gansu, China",CH,CH15,13024,35.1221,105.48,10650455,4,"Sichuan, Gansu, China",CH,CH15,13024,35.1221,105.48,10650455,20170607083000,Engage in diplomatic cooperation,Verbal cooperation
662636127,20170607,201706,CHNGOV,BEIJING,CHN,,,,,GOV,,,USA,THE US,USA,,,,,,,,1,057,057,05,1,8.0,6,1,6,-0.65217391304347,4,"Beijing, Beijing, China",CH,CH22,13001,39.9289,116.388,-1898541,4,"Beijing, Beijing, China",CH,CH22,13001,39.9289,116.388,-1898541,4,"Beijing, Beijing, China",CH,CH22,13001,39.9289,116.388,-1898541,20170607104500,Engage in diplomatic cooperation,Verbal cooperation
662636129,20170607,201706,CHNGOV,CHINESE,CHN,,,,,GOV,,,USA,CALIFORNIA,USA,,,,,,,,1,057,057,05,1,8.0,10,1,6,1.2396694214876,4,"Wan Gang, Henan, China",CH,CH09,13111,33.2102,112.896,10548839,2,"California, United States",US,USCA,,36.17,-119.746,CA,2,"California, United States",US,USCA,,36.17,-119.746,CA,20170607104500,Engage in diplomatic cooperation,Verbal cooperation
662638394,20170607,201706,USA,THE US,USA,,,,,,,,CHNGOV,BEIJING,CHN,,,,,GOV,,,1,057,057,05,1,8.0,6,1,6,-0.65217391304347,4,"Beijing, Beijing, China",CH,CH22,13001,39.9289,116.388,-1898541,4,"Beijing, Beijing, China",CH,CH22,13001,39.9289,116.388,-1898541,4,"Beijing, Beijing, China",CH,CH22,13001,39.9289,116.388,-1898541,20170607104500,Engage in diplomatic cooperation,Verbal cooperation
662672835,20170607,201706,USAGOV,IOWA,USA,,,,,GOV,,,CHN,BEIJING,CHN,,,,,,,,1,154,154,15,4,-7.2,6,1,6,-0.9478672985782,1,Afghanistan,AF,AF,,33.0,65.0,AF,1,Afghanistan,AF,AF,,33.0,65.0,AF,1,Afghanistan,AF,AF,,33.0,65.0,AF,20170607124500,Exhibit force posture,Material conflict
662673679,20170607,201706,CHNGOV,XI JINPING,CHN,,,,,GOV,,,USA,FIRST STATE,USA,,,,,,,,1,051,051,05,1,3.4,10,1,10,-0.72886297376094,4,"Beijing, Beijing, China",CH,CH22,13001,39.9289,116.388,-1898541,4,"Beijing, Beijing, China",CH,CH22,13001,39.9289,116.388,-1898541,4,"Beijing, Beijing, China",CH,CH22,13001,39.9289,116.388,-1898541,20170607130000,Engage in diplomatic cooperation,Verbal cooperation
662700546,20170607,201706,USAGOV,UNITED STATES,USA,,,,,GOV,,,CHN,CHINA,CHN,,,,,,,,1,120,120,12,3,-4.0,6,1,6,-4.85436893203884,3,"White House, District of Columbia, United States",US,USDC,,38.8951,-77.0364,531871,4,"Diaoyu, Liaoning, China",CH,CH19,13188,42.8333,124.633,-1903386,4,"Diaoyu, Liaoning, China",CH,CH19,13188,42.8333,124.633,-1903386,20170607144500,Reject,Verbal conflict
662709852,20170607,201706,CHN,CHINA,CHN,,,,,,,,MNCUSA,GOLDMAN SACHS,USA,,,,,MNC,,,1,043,043,04,1,2.8,10,1,10,-0.3831417624521,4,"Beijing, Beijing, China",CH,CH22,13001,39.9289,116.388,-1898541,4,"Beijing, Beijing, China",CH,CH22,13001,39.9289,116.388,-1898541,4,"Beijing, Beijing, China",CH,CH22,13001,39.9289,116.388,-1898541,20170607151500,Consult,Verbal cooperation
662711348,20170607,201706,MNCUSA,GOLDMAN SACHS,USA,,,,,MNC,,,CHN,CHINA,CHN,,,,,,,,1,042,042,04,1,1.9,10,1,10,-0.3831417624521,3,"Washington, District of Columbia, United States",US,USDC,DC001,38.8951,-77.0364,531871,3,"Washington, District of Columbia, United States",US,USDC,DC001,38.8951,-77.0364,531871,3,"Washington, District of Columbia, United States",US,USDC,DC001,38.8951,-77.0364,531871,20170607151500,Consult,Verbal cooperation
662731441,20170607,201706,CHN,CHINA,CHN,,,,,,,,USA,THE US,USA,,,,,,,,1,061,061,06,2,6.4,10,1,10,-1.03896103896104,4,"Bhadla, Gujarat, India",IN,IN09,17650,22.1833,71.1,-2091170,4,"Bhadla, Gujarat, India",IN,IN09,17650,22.1833,71.1,-2091170,4,"Bhadla, Gujarat, India",IN,IN09,17650,22.1833,71.1,-2091170,20170607163000,Engage in material cooperation,Material cooperation
662742222,20170607,201706,CHN,CHINESE,CHN,,,,,,,,USA,THE US,USA,,,,,,,,1,046,046,04,1,7.0,8,1,8,1.87541528239203,1,China,CH,CH,,35.0,105.0,CH,1,China,CH,CH,,35.0,105.0,CH,1,China,CH,CH,,35.0,105.0,CH,20170607170000,Consult,Verbal cooperation
662742225,20170607,201706,CHN,CHINA,CHN,,,,,,,,USA,UNITED STATES,USA,,,,,,,,1,111,111,11,3,-2.0,6,1,6,1.21065375302663,4,"Ping An, Jilin, China",CH,CH05,13176,43.2894,129.601,10869879,4,"Ping An, Jilin, China",CH,CH05,13176,43.2894,129.601,10869879,4,"Ping An, Jilin, China",CH,CH05,13176,43.2894,129.601,10869879,20170607170000,Disapprove,Verbal conflict
662744285,20170607,201706,USAGOVMIL,THE US,USA,,,,,GOV,MIL,,CHNMIL,CHINA,CHN,,,,,MIL,,,1,010,010,01,1,0.0,10,1,10,-1.23762376237624,4,"Beijing, Beijing, China",CH,CH22,13001,39.9289,116.388,-1898541,4,"Beijing, Beijing, China",CH,CH22,13001,39.9289,116.388,-1898541,4,"Beijing, Beijing, China",CH,CH22,13001,39.9289,116.388,-1898541,20170607170000,Make public statement,Verbal cooperation
662744286,20170607,201706,USAGOVMIL,THE US,USA,,,,,GOV,MIL,,CHNMIL,CHINA,CHN,,,,,MIL,,,1,138,138,13,3,-7.0,10,1,10,-1.23762376237624,1,Pakistan,PK,PK,,30.0,70.0,PK,1,Pakistan,PK,PK,,30.0,70.0,PK,1,Pakistan,PK,PK,,30.0,70.0,PK,20170607170000,Threaten,Verbal conflict
662753503,20170607,201706,USA,WASHINGTON,USA,,,,,,,,CHN,CHINA,CHN,,,,,,,,1,020,020,02,1,3.0,8,1,8,-0.50632911392405,3,"Washington, District of Columbia, United States",US,USDC,DC001,38.8951,-77.0364,531871,4,"Beijing, Beijing, China",CH,CH22,13001,39.9289,116.388,-1898541,3,"Washington, District of Columbia, United States",US,USDC,DC001,38.8951,-77.0364,531871,20170607173000,Appeal,Verbal cooperation
662762728,20170607,201706,USA,WASHINGTON,USA,,,,,,,,CHN,CHINA,CHN,,,,,,,,1,020,020,02,1,3.0,6,1,6,-4.01913875598086,4,"Paris, France (general), France",FR,FR00,16282,48.8667,2.33333,-1456928,3,"Notre-Dame Cathedral, Massachusetts, United States",US,USMA,,41.6904,-71.132,598879,3,"Notre-Dame Cathedral, Massachusetts, United States",US,USMA,,41.6904,-71.132,598879,20170607180000,Appeal,Verbal cooperation
662765119,20170607,201706,CHN,CHINA,CHN,,,,,,,,USA,CALIFORNIA,USA,,,,,,,,1,020,020,02,1,3.0,10,1,10,2.54545454545455,4,"Nanjing, Jiangsu, China",CH,CH04,13144,32.0617,118.778,-1919548,4,"Nanjing, Jiangsu, China",CH,CH04,13144,32.0617,118.778,-1919548,4,"Nanjing, Jiangsu, China",CH,CH04,13144,32.0617,118.778,-1919548,20170607181500,Appeal,Verbal cooperation
662765124,20170607,201706,CHN,CHINA,CHN,,,,,,,,USA,THE US,USA,,,,,,,,1,043,043,04,1,2.8,6,1,6,-0.40816326530612,1,China,CH,CH,,35.0,105.0,CH,1,China,CH,CH,,35.0,105.0,CH,1,India,IN,IN,,20.0,77.0,IN,20170607181500,Consult,Verbal cooperation
662766836,20170607,201706,USA,THE US,USA,,,,,,,,CHN,CHINA,CHN,,,,,,,,1,042,042,04,1,1.9,6,1,6,-0.40816326530612,1,China,CH,CH,,35.0,105.0,CH,1,China,CH,CH,,35.0,105.0,CH,1,India,IN,IN,,20.0,77.0,IN,20170607181500,Consult,Verbal cooperation
662774066,20170607,201706,CHN,CHINA,CHN,,,,,,,,USA,KENTUCKY,USA,,,,,,,,1,061,061,06,2,6.4,6,1,6,-0.40650406504065,1,China,CH,CH,,35.0,105.0,CH,2,"Kentucky, United States",US,USKY,,37.669,-84.6514,KY,2,"Kentucky, United States",US,USKY,,37.669,-84.6514,KY,20170607184500,Engage in material cooperation,Material cooperation
662774069,20170607,201706,CHN,CANTON,CHN,,,,,,,,USA,WASHINGTON,USA,,,,,,,,1,173,173,17,4,-5.0,8,1,8,-6.83229813664596,3,"Washington, District of Columbia, United States",US,USDC,DC001,38.8951,-77.0364,531871,3,"Washington, District of Columbia, United States",US,USDC,DC001,38.8951,-77.0364,531871,3,"Washington, District of Columbia, United States",US,USDC,DC001,38.8951,-77.0364,531871,20170607184500,Coerce,Material conflict
662775932,20170607,201706,USA,KENTUCKY,USA,,,,,,,,CHN,CHINA,CHN,,,,,,,,1,061,061,06,2,6.4,8,1,8,-0.40650406504065,1,China,CH,CH,,35.0,105.0,CH,1,China,CH,CH,,35.0,105.0,CH,1,China,CH,CH,,35.0,105.0,CH,20170607184500,Engage in material cooperation,Material cooperation
662775935,20170607,201706,USA,WASHINGTON,USA,,,,,,,,CHN,CANTON,CHN,,,,,,,,1,173,173,17,4,-5.0,18,1,10,-6.83229813664596,3,"Washington, District of Columbia, United States",US,USDC,DC001,38.8951,-77.0364,531871,1,China,CH,CH,,35.0,105.0,CH,3,"Washington, District of Columbia, United States",US,USDC,DC001,38.8951,-77.0364,531871,20170607184500,Coerce,Material conflict
662776209,20170607,201706,USAGOV,IOWA,USA,,,,,GOV,,,CHN,BEIJING,CHN,,,,,,,,1,154,154,15,4,-7.2,6,1,6,1.18279569892473,4,"Puebla, Puebla, Mexico",MX,MX21,20772,19.05,-98.2,-1690063,4,"Puebla, Puebla, Mexico",MX,MX21,20772,19.05,-98.2,-1690063,4,"Puebla, Puebla, Mexico",MX,MX21,20772,19.05,-98.2,-1690063,20170607184500,Exhibit force posture,Material conflict
662776272,20170607,201706,USAMIL,THE US,USA,,,,,MIL,,,CHN,CHINA,CHN,,,,,,,,1,012,012,01,1,-0.4,10,1,10,0.10504201680672,4,"Beijing, Beijing, China",CH,CH22,13001,39.9289,116.388,-1898541,4,"Beijing, Beijing, China",CH,CH22,13001,39.9289,116.388,-1898541,4,"Beijing, Beijing, China",CH,CH22,13001,39.9289,116.388,-1898541,20170607184500,Make public statement,Verbal cooperation
662784843,20170607,201706,USAMIL,THE US,USA,,,,,MIL,,,CHN,CHINA,CHN,,,,,,,,1,012,012,01,1,-0.4,10,1,10,0.27422303473492,4,"Qingdao, Shandong, China",CH,CH25,13226,36.0986,120.372,-1922199,4,"Qingdao, Shandong, China",CH,CH25,13226,36.0986,120.372,-1922199,4,"Qingdao, Shandong, China",CH,CH25,13226,36.0986,120.372,-1922199,20170607191500,Make public statement,Verbal cooperation
662790721,20170607,201706,CHN,CHINA,CHN,,,,,,,,USA,THE US,USA,,,,,,,,1,046,046,04,1,7.0,7,1,7,-1.19047619047619,1,China,CH,CH,,35.0,105.0,CH,2,"California, United States",US,USCA,,36.17,-119.746,CA,1,China,CH,CH,,35.0,105.0,CH,20170607194500,Consult,Verbal cooperation
662798789,20170607,201706,CHN,CHINA,CHN,,,,,,,,USA,MIAMI,USA,,,,,,,,1,010,010,01,1,0.0,6,3,6,-4.0675020054385,3,"Miami, Florida, United States",US,USFL,FL086,25.7743,-80.1937,295004,3,"Miami, Florida, United States",US,USFL,FL086,25.7743,-80.1937,295004,3,"Miami, Florida, United States",US,USFL,FL086,25.7743,-80.1937,295004,20170607203000,Make public statement,Verbal cooperation
662800658,20170607,201706,USA,UNITED STATES,USA,,,,,,,,CHN,CHINA,CHN,,,,,,,,1,042,042,04,1,1.9,6,3,6,-4.0675020054385,3,"Miami, Florida, United States",US,USFL,FL086,25.7743,-80.1937,295004,3,"Miami, Florida, United States",US,USFL,FL086,25.7743,-80.1937,295004,3,"Miami, Florida, United States",US,USFL,FL086,25.7743,-80.1937,295004,20170607203000,Consult,Verbal cooperation
662841672,20160607,201606,USA,OREGON,USA,,,,,,,,CHN,CHINA,CHN,,,,,,,,1,061,061,06,2,6.4,6,2,6,1.82926829268293,2,"Oregon, United States",US,USOR,,44.5672,-122.127,OR,2,"Oregon, United States",US,USOR,,44.5672,-122.127,OR,2,"Oregon, United States",US,USOR,,44.5672,-122.127,OR,20170607234500,Engage in material cooperation,Material cooperation
662842079,20170607,201706,CHN,CHINA,CHN,,,,,,,,USA,HAWAII,USA,,,,,,,,1,130,130,13,3,-4.4,7,1,7,-0.53022269353128,1,United Kingdom,UK,UK,,54.0,-2.0,UK,4,"Dublin, Dublin, Ireland",EI,EI07,18288,53.3331,-6.24889,-1502554,1,United Kingdom,UK,UK,,54.0,-2.0,UK,20170607234500,Threaten,Verbal conflict
662842080,20170607,201706,CHN,CHINA,CHN,,,,,,,,USAGOV,CALIF,USA,,,,,GOV,,,1,043,043,04,1,2.8,10,1,10,0.0,4,"Beijing, Beijing, China",CH,CH22,13001,39.9289,116.388,-1898541,4,"Beijing, Beijing, China",CH,CH22,13001,39.9289,116.388,-1898541,4,"Beijing, Beijing, China",CH,CH22,13001,39.9289,116.388,-1898541,20170607234500,Consult,Verbal cooperation
662843493,20170607,201706,USAGOV,CALIF,USA,,,,,GOV,,,CHN,CHINA,CHN,,,,,,,,1,042,042,04,1,1.9,6,1,6,0.0,4,"Paris, France (general), France",FR,FR00,16282,48.8667,2.33333,-1456928,4,"Paris, France (general), France",FR,FR00,16282,48.8667,2.33333,-1456928,4,"Paris, France (general), France",FR,FR00,16282,48.8667,2.33333,-1456928,20170607234500,Consult,Verbal cooperation
662844929,20170608,201706,CHN,BEIJING,CHN,,,,,,,,USA,UNITED STATES,USA,,,,,,,,1,040,040,04,1,1.0,6,1,6,2.30582524271845,4,"Beijing, Beijing, China",CH,CH22,13001,39.9289,116.388,-1898541,2,"Texas, United States",US,USTX,,31.106,-97.6475,TX,4,"Beijing, Beijing, China",CH,CH22,13001,39.9289,116.388,-1898541,20170608000000,Consult,Verbal cooperation
662844933,20170608,201706,CHN,CHINESE,CHN,,,,,,,,USA,ORLANDO,USA,,,,,,,,1,043,043,04,1,2.8,12,1,6,-1.14678899082569,1,China,CH,CH,,35.0,105.0,CH,1,China,CH,CH,,35.0,105.0,CH,1,China,CH,CH,,35.0,105.0,CH,20170608000000,Consult,Verbal cooperation
662848696,20170608,201706,USA,UNITED STATES,USA,,,,,,,,CHN,BEIJING,CHN,,,,,,,,1,040,040,04,1,1.0,6,1,6,2.30582524271845,2,"Texas, United States",US,USTX,,31.106,-97.6475,TX,2,"Texas, United States",US,USTX,,31.106,-97.6475,TX,2,"Texas, United States",US,USTX,,31.106,-97.6475,TX,20170608000000,Consult,Verbal cooperation
662848698,20170608,201706,USA,ORLANDO,USA,,,,,,,,CHN,CHINESE,CHN,,,,,,,,1,042,042,04,1,1.9,12,1,6,-1.14678899082569,1,China,CH,CH,,35.0,105.0,CH,1,China,CH,CH,,35.0,105.0,CH,1,China,CH,CH,,35.0,105.0,CH,20170608000000,Consult,Verbal cooperation
662849352,20170608,201706,USAGOV,CALIFORNIA,USA,,,,,GOV,,,CHN,CHINA,CHN,,,,,,,,1,057,057,05,1,8.0,6,1,6,-3.38983050847458,4,"Beijing, Beijing, China",CH,CH22,13001,39.9289,116.388,-1898541,4,"Beijing, Beijing, China",CH,CH22,13001,39.9289,116.388,-1898541,4,"Beijing, Beijing, China",CH,CH22,13001,39.9289,116.388,-1898541,20170608000000,Engage in diplomatic cooperation,Verbal cooperation
662859297,20170608,201706,CHN,CHINA,CHN,,,,,,,,USA,TEXAS,USA,,,,,,,,1,173,173,17,4,-5.0,10,1,10,-9.77011494252872,2,"Texas, United States",US,USTX,,31.106,-97.6475,TX,2,"Texas, United States",US,USTX,,31.106,-97.6475,TX,2,"Texas, United States",US,USTX,,31.106,-97.6475,TX,20170608003000,Coerce,Material conflict
662861858,20170608,201706,USAGOVAGR,ILLINOIS,USA,,,,,GOV,AGR,,CHN,CHINA,CHN,,,,,,,,1,043,043,04,1,2.8,6,1,6,0.0,1,"Vietnam, Republic Of",VM,VM,,16.0,106.0,VM,2,"Illinois, United States",US,USIL,,40.3363,-89.0022,IL,2,"Illinois, United States",US,USIL,,40.3363,-89.0022,IL,20170608003000,Consult,Verbal cooperation
662869708,20170608,201706,CHN,CHINA,CHN,,,,,,,,USA,ALABAMA,USA,,,,,,,,1,111,111,11,3,-2.0,6,1,6,0.0,1,China,CH,CH,,35.0,105.0,CH,2,"Alabama, United States",US,USAL,,32.799,-86.8073,AL,2,"Alabama, United States",US,USAL,,32.799,-86.8073,AL,20170608010000,Disapprove,Verbal conflict
662881346,20170601,201706,CHN,BEIJING,CHN,,,,,,,,USA,UNITED STATES,USA,,,,,,,,1,0874,087,08,2,10.0,8,1,8,0.0,4,"Beijing, Beijing, China",CH,CH22,13001,39.9289,116.388,-1898541,2,"California, United States",US,USCA,,36.17,-119.746,CA,2,"California, United States",US,USCA,,36.17,-119.746,CA,20170608014500,Yield,Material cooperation
662883450,20170608,201706,USA,WASHINGTON,USA,,,,,,,,CHN,BEIJING,CHN,,,,,,,,1,110,110,11,3,-2.0,8,1,8,-4.37956204379562,3,"Washington, District of Columbia, United States",US,USDC,DC001,38.8951,-77.0364,531871,4,"Beijing, Beijing, China",CH,CH22,13001,39.9289,116.388,-1898541,3,"Washington, District of Columbia, United States",US,USDC,DC001,38.8951,-77.0364,531871,20170608014500,Disapprove,Verbal conflict
662883724,20170608,201706,USAGOV,CALIF,USA,,,,,GOV,,,CHN,CHINA,CHN,,,,,,,,1,020,020,02,1,3.0,6,1,6,0.0,4,"Paris, France (general), France",FR,FR00,16282,48.8667,2.33333,-1456928,4,"Paris, France (general), France",FR,FR00,16282,48.8667,2.33333,-1456928,4,"Paris, France (general), France",FR,FR00,16282,48.8667,2.33333,-1456928,20170608014500,Appeal,Verbal cooperation
662883725,20170608,201706,USAGOV,CALIF,USA,,,,,GOV,,,CHN,CHINA,CHN,,,,,,,,1,020,020,02,1,3.0,10,1,10,0.0,4,"Beijing, Beijing, China",CH,CH22,13001,39.9289,116.388,-1898541,4,"Beijing, Beijing, China",CH,CH22,13001,39.9289,116.388,-1898541,4,"Beijing, Beijing, China",CH,CH22,13001,39.9289,116.388,-1898541,20170608014500,Appeal,Verbal cooperation
662889281,20170608,201706,CHNGOV,CHINESE,CHN,,,,,GOV,,,USA,CALIFORNIA,USA,,,,,,,,1,046,046,04,1,7.0,6,1,6,0.31446540880503,1,China,CH,CH,,35.0,105.0,CH,2,"California, United States",US,USCA,,36.17,-119.746,CA,2,"California, United States",US,USCA,,36.17,-119.746,CA,20170608021500,Consult,Verbal cooperation
662896020,20170608,201706,CHN,CHINESE,CHN,,,,,,,,USA,UNITED STATES,USA,,,,,,,,1,020,020,02,1,3.0,10,1,10,6.04651162790698,4,"Beijing, Beijing, China",CH,CH22,13001,39.9289,116.388,-1898541,4,"Beijing, Beijing, China",CH,CH22,13001,39.9289,116.388,-1898541,4,"Beijing, Beijing, China",CH,CH22,13001,39.9289,116.388,-1898541,20170608024500,Appeal,Verbal cooperation
662896028,20170608,201706,CHN,CHINESE,CHN,,,,,,,,USA,WASHINGTON,USA,,,,,,,,1,043,043,04,1,2.8,8,1,8,-4.40140845070423,1,China,CH,CH,,35.0,105.0,CH,3,"Washington, District of Columbia, United States",US,USDC,DC001,38.8951,-77.0364,531871,3,"Washington, District of Columbia, United States",US,USDC,DC001,38.8951,-77.0364,531871,20170608024500,Consult,Verbal cooperation
662896030,20170608,201706,CHN,TIBET,CHN,,,,,,,,USA,MASSACHUSETTS,USA,,,,,,,,1,061,061,06,2,6.4,8,1,8,-0.92592592592593,5,"Tibet, Xizang, China",CH,CH14,13213,32.0,90.0,-1934604,2,"Massachusetts, United States",US,USMA,,42.2373,-71.5314,MA,5,"Tibet, Xizang, China",CH,CH14,13213,32.0,90.0,-1934604,20170608024500,Engage in material cooperation,Material cooperation
662897362,20170608,201706,USA,WASHINGTON,USA,,,,,,,,CHN,TIBET,CHN,,,,,,,,1,020,020,02,1,3.0,6,1,6,-0.92592592592593,5,"Tibet, Xizang, China",CH,CH14,13213,32.0,90.0,-1934604,5,"Tibet, Xizang, China",CH,CH14,13213,32.0,90.0,-1934604,5,"Tibet, Xizang, China",CH,CH14,13213,32.0,90.0,-1934604,20170608024500,Appeal,Verbal cooperation
662897364,20170608,201706,USA,WASHINGTON,USA,,,,,,,,CHN,CHINESE,CHN,,,,,,,,1,042,042,04,1,1.9,8,1,8,-4.40140845070423,3,"Washington, District of Columbia, United States",US,USDC,DC001,38.8951,-77.0364,531871,1,China,CH,CH,,35.0,105.0,CH,3,"Washington, District of Columbia, United States",US,USDC,DC001,38.8951,-77.0364,531871,20170608024500,Consult,Verbal cooperation
662902656,20170608,201706,CHNGOV,CHINESE,CHN,,,,,GOV,,,USAEDU,AMERICAN,USA,,,,,EDU,,,1,042,042,04,1,1.9,6,1,6,2.77777777777778,1,China,CH,CH,,35.0,105.0,CH,1,United States,US,US,,38.0,-97.0,US,1,United States,US,US,,38.0,-97.0,US,20170608031500,Consult,Verbal cooperation
662904317,20170608,201706,USAEDU,AMERICAN,USA,,,,,EDU,,,CHNGOV,CHINESE,CHN,,,,,GOV,,,1,043,043,04,1,2.8,6,1,6,2.77777777777778,1,United States,US,US,,38.0,-97.0,US,1,China,CH,CH,,35.0,105.0,CH,1,United States,US,US,,38.0,-97.0,US,20170608031500,Consult,Verbal cooperation
662904335,20170608,201706,USAGOV,OBAMA,USA,,,,,GOV,,,CHNGOV,CHINESE,CHN,,,,,GOV,,,1,010,010,01,1,0.0,6,1,6,2.7027027027027,3,"White House, District of Columbia, United States",US,USDC,,38.8951,-77.0364,531871,3,"White House, District of Columbia, United States",US,USDC,,38.8951,-77.0364,531871,3,"White House, District of Columbia, United States",US,USDC,,38.8951,-77.0364,531871,20170608031500,Make public statement,Verbal cooperation
662916886,20170608,201706,CHN,CHINA,CHN,,,,,,,,USAMED,REUTERS,USA,,,,,MED,,,1,071,071,07,2,7.4,10,1,10,-4.27350427350427,1,China,CH,CH,,35.0,105.0,CH,1,Hong Kong,HK,HK,,22.25,114.167,HK,1,China,CH,CH,,35.0,105.0,CH,20170608044500,Provide aid,Material cooperation
662918422,20170608,201706,USAMED,REUTERS,USA,,,,,MED,,,CHN,CHINA,CHN,,,,,,,,1,071,071,07,2,7.4,8,1,8,-4.27350427350427,1,Hong Kong,HK,HK,,22.25,114.167,HK,1,China,CH,CH,,35.0,105.0,CH,1,Hong Kong,HK,HK,,22.25,114.167,HK,20170608044500,Provide aid,Material cooperation
662923863,20170608,201706,CHN,CHINESE,CHN,,,,,,,,USA,WASHINGTON,USA,,,,,,,,1,043,043,04,1,2.8,8,1,8,-2.81124497991968,1,China,CH,CH,,35.0,105.0,CH,3,"Washington, District of Columbia, United States",US,USDC,DC001,38.8951,-77.0364,531871,1,China,CH,CH,,35.0,105.0,CH,20170608051500,Consult,Verbal cooperation
662925043,20170608,201706,USA,WASHINGTON,USA,,,,,,,,CHN,CHINESE,CHN,,,,,,,,1,042,042,04,1,1.9,8,1,8,-2.81124497991968,3,"Washington, District of Columbia, United States",US,USDC,DC001,38.8951,-77.0364,531871,1,China,CH,CH,,35.0,105.0,CH,1,China,CH,CH,,35.0,105.0,CH,20170608051500,Consult,Verbal cooperation
662963543,20170608,201706,CHN,CHINA,CHN,,,,,,,,USAMED,REUTERS,USA,,,,,MED,,,1,111,111,11,3,-2.0,10,1,10,-3.70370370370371,4,"Tiananmen, Beijing, China",CH,CH22,13001,39.9072,116.391,-1928471,1,Taiwan,TW,TW,,23.5,121.0,TW,1,Taiwan,TW,TW,,23.5,121.0,TW,20170608081500,Disapprove,Verbal conflict
662976475,20170608,201706,CHNGOV,XI JINPING,CHN,,,,,GOV,,,USAGOV,CALIFORNIA,USA,,,,,GOV,,,1,040,040,04,1,1.0,8,1,8,5.85585585585585,1,China,CH,CH,,35.0,105.0,CH,1,China,CH,CH,,35.0,105.0,CH,1,China,CH,CH,,35.0,105.0,CH,20170608090000,Consult,Verbal cooperation
662978063,20170608,201706,USAGOV,CALIFORNIA,USA,,,,,GOV,,,CHNGOV,XI JINPING,CHN,,,,,GOV,,,1,040,040,04,1,1.0,8,1,8,5.85585585585585,2,"California, United States",US,USCA,,36.17,-119.746,CA,2,"California, United States",US,USCA,,36.17,-119.746,CA,2,"California, United States",US,USCA,,36.17,-119.746,CA,20170608090000,Consult,Verbal cooperation
662980435,20170608,201706,CHN,CHINA,CHN,,,,,,,,USAGOV,CALIF,USA,,,,,GOV,,,1,043,043,04,1,2.8,10,1,10,-0.78947368421052,4,"Beijing, Beijing, China",CH,CH22,13001,39.9289,116.388,-1898541,4,"Beijing, Beijing, China",CH,CH22,13001,39.9289,116.388,-1898541,4,"Beijing, Beijing, China",CH,CH22,13001,39.9289,116.388,-1898541,20170608091500,Consult,Verbal cooperation
662982068,20170608,201706,USAGOV,CALIF,USA,,,,,GOV,,,CHN,CHINA,CHN,,,,,,,,1,042,042,04,1,1.9,8,1,8,-0.78947368421052,1,Myanmar,BM,BM,,22.0,98.0,BM,1,Myanmar,BM,BM,,22.0,98.0,BM,1,Myanmar,BM,BM,,22.0,98.0,BM,20170608091500,Consult,Verbal cooperation
662988977,20170608,201706,CHN,CHINESE,CHN,,,,,,,,MNCUSAMED,GOOGLE,USA,,,,,MNC,MED,,1,030,030,03,1,4.0,10,1,10,1.62866449511401,4,"Beijing, Beijing, China",CH,CH22,13001,39.9289,116.388,-1898541,4,"Beijing, Beijing, China",CH,CH22,13001,39.9289,116.388,-1898541,4,"Beijing, Beijing, China",CH,CH22,13001,39.9289,116.388,-1898541,20170608100000,Express intent to cooperate,Verbal cooperation
662988990,20170608,201706,CHN,CHINESE,CHN,,,,,,,,USAMED,REUTERS,USA,,,,,MED,,,1,023,023,02,1,3.4,8,1,8,0.77972709551657,4,"Manila, Manila, Philippines",RP,RPD9,24210,14.6042,120.982,-2437894,4,"Manila, Manila, Philippines",RP,RPD9,24210,14.6042,120.982,-2437894,4,"Manila, Manila, Philippines",RP,RPD9,24210,14.6042,120.982,-2437894,20170608100000,Appeal,Verbal cooperation
662988991,20170608,201706,CHN,CHINESE,CHN,,,,,,,,USAMED,REUTERS,USA,,,,,MED,,,1,023,023,02,1,3.4,16,2,16,1.54902587032897,1,Netherlands,NL,NL,,52.5,5.75,NL,4,"Manila, Manila, Philippines",RP,RPD9,24210,14.6042,120.982,-2437894,1,Netherlands,NL,NL,,52.5,5.75,NL,20170608100000,Appeal,Verbal cooperation
663002696,20170608,201706,CHN,CHINA,CHN,,,,,,,,USAMEDCVL,REUTERS,USA,,,,,MED,CVL,,1,042,042,04,1,1.9,10,1,10,1.59453302961276,4,"New Delhi, Delhi, India",IN,IN07,17911,28.6,77.2,-2106102,1,South Africa,SF,SF,,-29.0,24.0,SF,1,South Africa,SF,SF,,-29.0,24.0,SF,20170608104500,Consult,Verbal cooperation
663004366,20170608,201706,USAMEDCVL,REUTERS,USA,,,,,MED,CVL,,CHN,CHINA,CHN,,,,,,,,1,043,043,04,1,2.8,10,1,10,1.59453302961276,4,"Xichang, Sichuan, China",CH,CH32,13272,27.8964,102.263,-1932727,4,"Xichang, Sichuan, China",CH,CH32,13272,27.8964,102.263,-1932727,4,"Xichang, Sichuan, China",CH,CH32,13272,27.8964,102.263,-1932727,20170608104500,Consult,Verbal cooperation
663015397,20170608,201706,CHN,SHANGHAI,CHN,,,,,,,,USA,UNITED STATES,USA,,,,,,,,1,043,043,04,1,2.8,8,1,8,-5.75221238938054,4,"Shanghai, Shanghai, China",CH,CH23,13243,31.2222,121.458,-1924465,1,United States,US,US,,38.0,-97.0,US,4,"Shanghai, Shanghai, China",CH,CH23,13243,31.2222,121.458,-1924465,20170608113000,Consult,Verbal cooperation
663017014,20170608,201706,USA,UNITED STATES,USA,,,,,,,,CHN,SHANGHAI,CHN,,,,,,,,1,042,042,04,1,1.9,8,1,8,-5.75221238938054,1,United States,US,US,,38.0,-97.0,US,4,"Shanghai, Shanghai, China",CH,CH23,13243,31.2222,121.458,-1924465,4,"Shanghai, Shanghai, China",CH,CH23,13243,31.2222,121.458,-1924465,20170608113000,Consult,Verbal cooperation
663019903,20170608,201706,CHN,CHINA,CHN,,,,,,,,USAGOV,CALIFORNIA,USA,,,,,GOV,,,1,043,043,04,1,2.8,6,1,6,2.45231607629428,4,"Nanjing, Jiangsu, China",CH,CH04,13144,32.0617,118.778,-1919548,2,"California, United States",US,USCA,,36.17,-119.746,CA,2,"California, United States",US,USCA,,36.17,-119.746,CA,20170608120000,Consult,Verbal cooperation
663021594,20170608,201706,USAGOV,UNITED STATES,USA,,,,,GOV,,,CHN,CHINA,CHN,,,,,,,,1,020,020,02,1,3.0,6,1,6,2.45231607629428,2,"California, United States",US,USCA,,36.17,-119.746,CA,4,"Nanjing, Jiangsu, China",CH,CH04,13144,32.0617,118.778,-1919548,4,"Nanjing, Jiangsu, China",CH,CH04,13144,32.0617,118.778,-1919548,20170608120000,Appeal,Verbal cooperation
663028492,20170608,201706,MNCUSA,STARBUCKS,USA,,,,,MNC,,,CHN,CHINA,CHN,,,,,,,,1,111,111,11,3,-2.0,10,1,10,2.44565217391305,1,China,CH,CH,,35.0,105.0,CH,1,United Kingdom,UK,UK,,54.0,-2.0,UK,1,United Kingdom,UK,UK,,54.0,-2.0,UK,20170608123000,Disapprove,Verbal conflict
663029075,20170608,201706,USA,CALIFORNIA,USA,,,,,,,,CHN,CHINA,CHN,,,,,,,,1,190,190,19,4,-10.0,8,1,8,-1.80921052631579,2,"Tennessee, United States",US,USTN,,35.7449,-86.7489,TN,2,"Tennessee, United States",US,USTN,,35.7449,-86.7489,TN,2,"Tennessee, United States",US,USTN,,35.7449,-86.7489,TN,20170608123000,Fight,Material conflict
663037640,20170608,201706,CHN,CHINA,CHN,,,,,,,,USAMED,REUTERS,USA,,,,,MED,,,1,110,110,11,3,-2.0,10,1,10,-2.8169014084507,4,"Beijing, Beijing, China",CH,CH22,13001,39.9289,116.388,-1898541,4,"Beijing, Beijing, China",CH,CH22,13001,39.9289,116.388,-1898541,4,"Beijing, Beijing, China",CH,CH22,13001,39.9289,116.388,-1898541,20170608131500,Disapprove,Verbal conflict
663039936,20170608,201706,USA,CALIFORNIA,USA,,,,,,,,CHN,CHINA,CHN,,,,,,,,1,057,057,05,1,8.0,6,1,6,0.71428571428571,2,"California, United States",US,USCA,,36.17,-119.746,CA,4,"Wan Gang, Henan, China",CH,CH09,13111,33.2102,112.896,10548839,2,"California, United States",US,USCA,,36.17,-119.746,CA,20170608131500,Engage in diplomatic cooperation,Verbal cooperation
663043208,20170608,201706,CHN,BEIJING,CHN,,,,,,,,USA,THE US,USA,,,,,,,,1,120,120,12,3,-4.0,10,1,10,-0.82644628099173,4,"Beijing, Beijing, China",CH,CH22,13001,39.9289,116.388,-1898541,1,Hong Kong,HK,HK,,22.25,114.167,HK,4,"Beijing, Beijing, China",CH,CH22,13001,39.9289,116.388,-1898541,20170608133000,Reject,Verbal conflict
663057209,20170608,201706,CHN,CHINA,CHN,,,,,,,,USA,THE US,USA,,,,,,,,1,120,120,12,3,-4.0,8,1,8,-1.67597765363129,1,China,CH,CH,,35.0,105.0,CH,1,Hong Kong,HK,HK,,22.25,114.167,HK,1,China,CH,CH,,35.0,105.0,CH,20170608141500,Reject,Verbal conflict
663069672,20170608,201706,USA,UNITED STATES,USA,,,,,,,,CHN,CHINA,CHN,,,,,,,,1,070,070,07,2,7.0,8,1,8,-3.0017152658662,2,"California, United States",US,USCA,,36.17,-119.746,CA,1,China,CH,CH,,35.0,105.0,CH,1,China,CH,CH,,35.0,105.0,CH,20170608144500,Provide aid,Material cooperation
663080463,20170608,201706,CHN,BEIJING,CHN,,,,,,,,USA,IOWA,USA,,,,,,,,1,040,040,04,1,1.0,6,1,6,0.74786324786325,4,"Beijing, Beijing, China",CH,CH22,13001,39.9289,116.388,-1898541,2,"Iowa, United States",US,USIA,,42.0046,-93.214,IA,2,"Iowa, United States",US,USIA,,42.0046,-93.214,IA,20170608154500,Consult,Verbal cooperation
663080466,20170608,201706,CHN,CHINA,CHN,,,,,,,,USA,IOWA,USA,,,,,,,,1,042,042,04,1,1.9,8,1,8,0.74786324786325,2,"Iowa, United States",US,USIA,,42.0046,-93.214,IA,2,"Iowa, United States",US,USIA,,42.0046,-93.214,IA,2,"Iowa, United States",US,USIA,,42.0046,-93.214,IA,20170608154500,Consult,Verbal cooperation
663080468,20170608,201706,CHN,CHINA,CHN,,,,,,,,USA,IOWA,USA,,,,,,,,1,061,061,06,2,6.4,7,1,6,0.74786324786325,4,"Beijing, Beijing, China",CH,CH22,13001,39.9289,116.388,-1898541,2,"Iowa, United States",US,USIA,,42.0046,-93.214,IA,4,"Beijing, Beijing, China",CH,CH22,13001,39.9289,116.388,-1898541,20170608154500,Engage in material cooperation,Material cooperation
663082501,20170608,201706,USA,IOWA,USA,,,,,,,,CHN,CHINA,CHN,,,,,,,,1,0311,031,03,1,5.2,8,1,8,0.74786324786325,2,"Iowa, United States",US,USIA,,42.0046,-93.214,IA,4,"Beijing, Beijing, China",CH,CH22,13001,39.9289,116.388,-1898541,4,"Beijing, Beijing, China",CH,CH22,13001,39.9289,116.388,-1898541,20170608154500,Express intent to cooperate,Verbal cooperation
663082505,20170608,201706,USA,IOWA,USA,,,,,,,,CHN,CHINA,CHN,,,,,,,,1,036,036,03,1,4.0,14,1,9,0.74786324786325,2,"Iowa, United States",US,USIA,,42.0046,-93.214,IA,4,"Beijing, Beijing, China",CH,CH22,13001,39.9289,116.388,-1898541,2,"Iowa, United States",US,USIA,,42.0046,-93.214,IA,20170608154500,Express intent to cooperate,Verbal cooperation
663082507,20170608,201706,USA,IOWA,USA,,,,,,,,CHN,BEIJING,CHN,,,,,,,,1,040,040,04,1,1.0,6,1,6,0.74786324786325,2,"Iowa, United States",US,USIA,,42.0046,-93.214,IA,4,"Beijing, Beijing, China",CH,CH22,13001,39.9289,116.388,-1898541,2,"Iowa, United States",US,USIA,,42.0046,-93.214,IA,20170608154500,Consult,Verbal cooperation
663082509,20170608,201706,USA,IOWA,USA,,,,,,,,CHN,CHINA,CHN,,,,,,,,1,043,043,04,1,2.8,6,1,6,0.74786324786325,2,"Iowa, United States",US,USIA,,42.0046,-93.214,IA,4,"Beijing, Beijing, China",CH,CH22,13001,39.9289,116.388,-1898541,4,"Beijing, Beijing, China",CH,CH22,13001,39.9289,116.388,-1898541,20170608154500,Consult,Verbal cooperation
663110581,20170608,201706,USA,MICHIGAN,USA,,,,,,,,CHN,CHINA,CHN,,,,,,,,1,061,061,06,2,6.4,7,1,7,0.448430493273546,2,"Michigan, United States",US,USMI,,43.3504,-84.5603,MI,4,"Hangzhou, Zhejiang, China",CH,CH02,13319,30.2553,120.169,-1908366,2,"Michigan, United States",US,USMI,,43.3504,-84.5603,MI,20170608171500,Engage in material cooperation,Material cooperation
663117227,20170601,201706,CHN,CHINA,CHN,,,,,,,,USA,UNITED STATES,USA,,,,,,,,1,160,160,16,4,-4.0,10,1,10,-1.08173076923077,2,"New York, United States",US,USNY,,42.1497,-74.9384,NY,2,"New York, United States",US,USNY,,42.1497,-74.9384,NY,2,"New York, United States",US,USNY,,42.1497,-74.9384,NY,20170608174500,Reduce relations,Material conflict
663119790,20170608,201706,USA,NEW YORK,USA,,,,,,,,CHN,CHINA,CHN,,,,,,,,1,043,043,04,1,2.8,7,1,7,1.12309074573226,2,"New York, United States",US,USNY,,42.1497,-74.9384,NY,1,China,CH,CH,,35.0,105.0,CH,2,"New York, United States",US,USNY,,42.1497,-74.9384,NY,20170608174500,Consult,Verbal cooperation
663119792,20170608,201706,USA,CINCINNATI,USA,,,,,,,,CHN,CHINA,CHN,,,,,,,,1,112,112,11,3,-2.0,7,1,7,-0.60475161987041,3,"San Antonio, Texas, United States",US,USTX,TX029,29.4241,-98.4936,1380951,3,"San Antonio, Texas, United States",US,USTX,,29.4241,-98.4936,1380951,3,"San Antonio, Texas, United States",US,USTX,,29.4241,-98.4936,1380951,20170608174500,Disapprove,Verbal conflict
663122518,20170608,201706,CHN,CHINA,CHN,,,,,,,,USAGOV,CALIFORNIA,USA,,,,,GOV,,,1,043,043,04,1,2.8,8,1,8,2.36842105263158,4,"Shanghai, Shanghai, China",CH,CH23,13243,31.2222,121.458,-1924465,2,"California, United States",US,USCA,,36.17,-119.746,CA,4,"Shanghai, Shanghai, China",CH,CH23,13243,31.2222,121.458,-1924465,20170608180000,Consult,Verbal cooperation
663122519,20170608,201706,CHN,CHINA,CHN,,,,,,,,USAGOV,CALIFORNIA,USA,,,,,GOV,,,1,043,043,04,1,2.8,12,1,6,2.36842105263158,4,"Shanghai, Shanghai, China",CH,CH23,13243,31.2222,121.458,-1924465,2,"California, United States",US,USCA,,36.17,-119.746,CA,2,"California, United States",US,USCA,,36.17,-119.746,CA,20170608180000,Consult,Verbal cooperation
663124642,20170608,201706,USAGOV,CALIFORNIA,USA,,,,,GOV,,,CHN,CHINA,CHN,,,,,,,,1,010,010,01,1,0.0,6,1,6,2.36842105263158,2,"California, United States",US,USCA,,36.17,-119.746,CA,4,"Shanghai, Shanghai, China",CH,CH23,13243,31.2222,121.458,-1924465,2,"California, United States",US,USCA,,36.17,-119.746,CA,20170608180000,Make public statement,Verbal cooperation
663124643,20170608,201706,USAGOV,UNITED STATES,USA,,,,,GOV,,,CHN,CHINA,CHN,,,,,,,,1,020,020,02,1,3.0,12,1,6,2.36842105263158,2,"California, United States",US,USCA,,36.17,-119.746,CA,4,"Shanghai, Shanghai, China",CH,CH23,13243,31.2222,121.458,-1924465,4,"Shanghai, Shanghai, China",CH,CH23,13243,31.2222,121.458,-1924465,20170608180000,Appeal,Verbal cooperation
663124647,20170608,201706,USAGOV,CALIFORNIA,USA,,,,,GOV,,,CHN,CHINA,CHN,,,,,,,,1,042,042,04,1,1.9,8,1,8,2.36842105263158,2,"California, United States",US,USCA,,36.17,-119.746,CA,4,"Shanghai, Shanghai, China",CH,CH23,13243,31.2222,121.458,-1924465,4,"Shanghai, Shanghai, China",CH,CH23,13243,31.2222,121.458,-1924465,20170608180000,Consult,Verbal cooperation
663124648,20170608,201706,USAGOV,CALIFORNIA,USA,,,,,GOV,,,CHN,CHINA,CHN,,,,,,,,1,042,042,04,1,1.9,6,1,6,2.36842105263158,2,"California, United States",US,USCA,,36.17,-119.746,CA,4,"Shanghai, Shanghai, China",CH,CH23,13243,31.2222,121.458,-1924465,2,"California, United States",US,USCA,,36.17,-119.746,CA,20170608180000,Consult,Verbal cooperation
663126936,20170608,201706,CHN,CHINA,CHN,,,,,,,,USAGOV,CALIFORNIA,USA,,,,,GOV,,,1,046,046,04,1,7.0,8,1,8,0.40485829959514,1,China,CH,CH,,35.0,105.0,CH,2,"California, United States",US,USCA,,36.17,-119.746,CA,1,China,CH,CH,,35.0,105.0,CH,20170608181500,Consult,Verbal cooperation
663131386,20170608,201706,CHN,CHINA,CHN,,,,,,,,USA,UNITED STATES,USA,,,,,,,,1,173,173,17,4,-5.0,6,1,6,-12.2448979591837,3,"Yazoo County, Mississippi, United States",US,USMS,MS163,32.8254,-90.3784,695802,3,"Madison County, Mississippi, United States",US,USMS,,32.5651,-90.0645,695768,3,"Madison County, Mississippi, United States",US,USMS,,32.5651,-90.0645,695768,20170608183000,Coerce,Material conflict
663132943,20170608,201706,USA,MISSISSIPPI,USA,,,,,,,,CHN,CHINA,CHN,,,,,,,,1,173,173,17,4,-5.0,8,1,8,-12.2448979591837,2,"Mississippi, United States",US,USMS,,32.7673,-89.6812,MS,1,China,CH,CH,,35.0,105.0,CH,1,China,CH,CH,,35.0,105.0,CH,20170608183000,Coerce,Material conflict
663132945,20170608,201706,USA,UNITED STATES,USA,,,,,,,,CHN,CANTON,CHN,,,,,,,,1,180,180,18,4,-9.0,6,1,6,-12.2448979591837,3,"Madison County, Mississippi, United States",US,USMS,MS089,32.5651,-90.0645,695768,1,China,CH,CH,,35.0,105.0,CH,1,China,CH,CH,,35.0,105.0,CH,20170608183000,Assault,Material conflict
663135199,20170608,201706,CHN,CANTON,CHN,,,,,,,,USA,FLORIDA,USA,,,,,,,,1,043,043,04,1,2.8,6,1,6,2.19224283305228,1,China,CH,CH,,35.0,105.0,CH,2,"Florida, United States",US,USFL,,27.8333,-81.717,FL,2,"Florida, United States",US,USFL,,27.8333,-81.717,FL,20170608184500,Consult,Verbal cooperation
663136708,20170608,201706,USA,FLORIDA,USA,,,,,,,,CHN,CANTON,CHN,,,,,,,,1,042,042,04,1,1.9,6,1,6,2.19224283305228,2,"Florida, United States",US,USFL,,27.8333,-81.717,FL,1,China,CH,CH,,35.0,105.0,CH,2,"Florida, United States",US,USFL,,27.8333,-81.717,FL,20170608184500,Consult,Verbal cooperation
663136709,20170608,201706,USA,FLORIDA,USA,,,,,,,,CHN,CHINESE,CHN,,,,,,,,1,090,090,09,2,-2.0,10,1,10,-4.15183867141163,1,China,CH,CH,,35.0,105.0,CH,1,China,CH,CH,,35.0,105.0,CH,1,China,CH,CH,,35.0,105.0,CH,20170608184500,Investigate,Material cooperation
663143527,20170608,201706,CHN,SHENZHEN,CHN,,,,,,,,MNCUSAMED,GOOGLE,USA,,,,,MNC,MED,,1,090,090,09,2,-2.0,10,1,10,-0.82135523613963,1,Hong Kong,HK,HK,,22.25,114.167,HK,1,Hong Kong,HK,HK,,22.25,114.167,HK,1,Hong Kong,HK,HK,,22.25,114.167,HK,20170608191500,Investigate,Material cooperation
663143528,20170608,201706,CHN,SHENZHEN,CHN,,,,,,,,MNCUSAMED,GOOGLE,USA,,,,,MNC,MED,,1,120,120,12,3,-4.0,10,1,10,-0.82135523613963,4,"Shenzhen, Guangdong, China",CH,CH30,13036,22.2,111.117,-1925267,4,"Shanghai, Shanghai, China",CH,CH23,13243,31.2222,121.458,-1924465,1,Hong Kong,HK,HK,,22.25,114.167,HK,20170608191500,Reject,Verbal conflict
663149352,20170608,201706,USAMIL,THE US,USA,,,,,MIL,,,CHN,CHINA,CHN,,,,,,,,1,012,012,01,1,-0.4,6,1,6,0.84411930219471,4,"Beijing, Beijing, China",CH,CH22,13001,39.9289,116.388,-1898541,4,"Canberra, Australian Capital Territory, Australia",AS,AS01,4940,-35.2833,149.217,-1563952,4,"Delhi, Delhi, India",IN,IN07,17911,28.6667,77.2167,-2094230,20170608193000,Make public statement,Verbal cooperation
663163291,20170608,201706,USA,UNITED STATES,USA,,,,,,,,CHN,CHINA,CHN,,,,,,,,1,129,129,12,3,-5.0,24,3,24,-1.22897463036689,3,"Washington, District of Columbia, United States",US,USDC,DC001,38.8951,-77.0364,531871,1,China,CH,CH,,35.0,105.0,CH,1,Russia,RS,RS,,60.0,100.0,RS,20170608203000,Reject,Verbal conflict
663163292,20170608,201706,USA,UNITED STATES,USA,,,,,,,,CHN,CHINA,CHN,,,,,,,,1,129,129,12,3,-5.0,6,3,6,-1.22897463036689,3,"Washington, District of Columbia, United States",US,USDC,DC001,38.8951,-77.0364,531871,1,Russia,RS,RS,,60.0,100.0,RS,3,"Washington, District of Columbia, United States",US,USDC,DC001,38.8951,-77.0364,531871,20170608203000,Reject,Verbal conflict
663176961,20170608,201706,CHN,CHINA,CHN,,,,,,,,USA,CALIF,USA,,,,,,,,1,020,020,02,1,3.0,10,1,10,0.0,4,"Tiananmen Square, Beijing, China",CH,CH22,13001,39.9044,116.391,9244097,4,"Tiananmen Square, Beijing, China",CH,CH22,13001,39.9044,116.391,9244097,4,"Tiananmen Square, Beijing, China",CH,CH22,13001,39.9044,116.391,9244097,20170608220000,Appeal,Verbal cooperation
663178945,20170608,201706,USA,WASHINGTON,USA,,,,,,,,CHN,CHINA,CHN,,,,,,,,1,061,061,06,2,6.4,10,1,10,-2.76243093922652,1,China,CH,CH,,35.0,105.0,CH,1,China,CH,CH,,35.0,105.0,CH,1,China,CH,CH,,35.0,105.0,CH,20170608220000,Engage in material cooperation,Material cooperation
663178947,20170608,201706,USA,UNITED STATES,USA,,,,,,,,CHN,GREAT WALL,CHN,,,,,,,,1,111,111,11,3,-2.0,6,1,6,2.9126213592233,1,United States,US,US,,38.0,-97.0,US,4,"Great Wall, China (general), China",CH,CH00,13077,39.9667,119.8,-1930117,4,"Great Wall, China (general), China",CH,CH00,13077,39.9667,119.8,-1930117,20170608220000,Disapprove,Verbal conflict
663197873,20170608,201706,CHN,CHINA,CHN,,,,,,,,USA,CHARLOTTE,USA,,,,,,,,1,012,012,01,1,-0.4,10,3,10,-3.38575730698656,1,China,CH,CH,,35.0,105.0,CH,1,China,CH,CH,,35.0,105.0,CH,1,China,CH,CH,,35.0,105.0,CH,20170608234500,Make public statement,Verbal cooperation
663197875,20170608,201706,CHN,CHINA,CHN,,,,,,,,USA,UNITED STATES,USA,,,,,,,,1,036,036,03,1,4.0,10,1,10,1.43229166666667,1,China,CH,CH,,35.0,105.0,CH,2,"Louisiana, United States",US,USLA,,31.1801,-91.8749,LA,2,"Louisiana, United States",US,USLA,,31.1801,-91.8749,LA,20170608234500,Express intent to cooperate,Verbal cooperation
663199256,20170608,201706,USA,UNITED STATES,USA,,,,,,,,CHN,CHINA,CHN,,,,,,,,1,036,036,03,1,4.0,10,1,10,1.43229166666667,2,"Louisiana, United States",US,USLA,,31.1801,-91.8749,LA,2,"Louisiana, United States",US,USLA,,31.1801,-91.8749,LA,2,"Louisiana, United States",US,USLA,,31.1801,-91.8749,LA,20170608234500,Express intent to cooperate,Verbal cooperation
663209478,20170609,201706,CHN,CHINESE,CHN,,,,,,,,USA,AMERICAN,USA,,,,,,,,1,043,043,04,1,2.8,10,1,10,4.93827160493827,1,United States,US,US,,38.0,-97.0,US,1,United States,US,US,,38.0,-97.0,US,1,United States,US,US,,38.0,-97.0,US,20170609001500,Consult,Verbal cooperation
663212074,20170609,201706,USA,AMERICAN,USA,,,,,,,,CHN,CHINESE,CHN,,,,,,,,1,042,042,04,1,1.9,8,1,8,4.93827160493827,1,United States,US,US,,38.0,-97.0,US,1,China,CH,CH,,35.0,105.0,CH,1,United States,US,US,,38.0,-97.0,US,20170609001500,Consult,Verbal cooperation
663220606,20170609,201706,CHN,CHINESE,CHN,,,,,,,,USA,RICHMOND,USA,,,,,,,,1,043,043,04,1,2.8,15,1,10,-0.8974358974359,1,China,CH,CH,,35.0,105.0,CH,1,China,CH,CH,,35.0,105.0,CH,1,China,CH,CH,,35.0,105.0,CH,20170609004500,Consult,Verbal cooperation
663222678,20170609,201706,USA,RICHMOND,USA,,,,,,,,CHN,CHINESE,CHN,,,,,,,,1,042,042,04,1,1.9,6,1,6,-0.8974358974359,4,"Quebec, Quebec, Canada",CA,CA10,12750,47.5,-72.0,-571850,4,"Quebec, Quebec, Canada",CA,CA10,12750,47.5,-72.0,-571850,4,"Quebec, Quebec, Canada",CA,CA10,12750,47.5,-72.0,-571850,20170609004500,Consult,Verbal cooperation
663222679,20170609,201706,USA,RICHMOND,USA,,,,,,,,CHN,CHINESE,CHN,,,,,,,,1,042,042,04,1,1.9,9,1,7,-0.8974358974359,1,China,CH,CH,,35.0,105.0,CH,1,China,CH,CH,,35.0,105.0,CH,1,China,CH,CH,,35.0,105.0,CH,20170609004500,Consult,Verbal cooperation
663232898,20170609,201706,CHNGOV,XI JINPING,CHN,,,,,GOV,,,USA,FIRST STATE,USA,,,,,,,,1,051,051,05,1,3.4,10,1,10,-0.81566068515497,4,"Beijing, Beijing, China",CH,CH22,13001,39.9289,116.388,-1898541,4,"Beijing, Beijing, China",CH,CH22,13001,39.9289,116.388,-1898541,4,"Beijing, Beijing, China",CH,CH22,13001,39.9289,116.388,-1898541,20170609020000,Engage in diplomatic cooperation,Verbal cooperation
663234791,20170609,201706,USAJUD,LOS ANGELES,USA,,,,,JUD,,,CHN,CHINESE,CHN,,,,,,,,1,173,173,17,4,-5.0,6,1,6,-10.4651162790698,3,"University Of Southern California, California, United States",US,USCA,CA037,34.0218,-118.287,250827,3,"University Of Southern California, California, United States",US,USCA,,34.0218,-118.287,250827,3,"University Of Southern California, California, United States",US,USCA,,34.0218,-118.287,250827,20170609020000,Coerce,Material conflict
663234792,20170609,201706,USAJUD,LOS ANGELES,USA,,,,,JUD,,,CHN,CHINESE,CHN,,,,,,,,1,190,190,19,4,-10.0,6,1,6,-10.4651162790698,3,"Los Angeles, California, United States",US,USCA,CA037,34.0522,-118.244,1662328,1,China,CH,CH,,35.0,105.0,CH,1,China,CH,CH,,35.0,105.0,CH,20170609020000,Fight,Material conflict
663239167,20170609,201706,CHN,CHINESE,CHN,,,,,,,,USAMED,REUTERS,USA,,,,,MED,,,1,023,023,02,1,3.4,8,1,8,0.21052631578947,1,Egypt,EG,EG,,27.0,30.0,EG,1,Qatar,QA,QA,,25.5,51.25,QA,1,Senegal,SG,SG,,14.0,-14.0,SG,20170609023000,Appeal,Verbal cooperation
663249427,20170609,201706,USA,FIRST STATE,USA,,,,,,,,CHN,XIAN,CHN,,,,,,,,1,010,010,01,1,0.0,8,1,8,2.11416490486258,4,"Almaty, Almaty Qalasy, Kazakhstan",KZ,KZ02,37206,43.25,76.95,-2334069,4,"Almaty, Almaty Qalasy, Kazakhstan",KZ,KZ02,37206,43.25,76.95,-2334069,4,"Almaty, Almaty Qalasy, Kazakhstan",KZ,KZ02,37206,43.25,76.95,-2334069,20170609030000,Make public statement,Verbal cooperation
663252930,20170609,201706,USA,UNITED STATES,USA,,,,,,,,CHN,CHINA,CHN,,,,,,,,1,053,053,05,1,3.8,8,1,8,-1.171875,1,United States,US,US,,38.0,-97.0,US,1,China,CH,CH,,35.0,105.0,CH,1,United States,US,US,,38.0,-97.0,US,20170609031500,Engage in diplomatic cooperation,Verbal cooperation
663274250,20170609,201706,USA,MICHIGAN,USA,,,,,,,,CHN,CHINA,CHN,,,,,,,,1,061,061,06,2,6.4,8,1,8,1.99600798403194,2,"Michigan, United States",US,USMI,,43.3504,-84.5603,MI,4,"Hangzhou, Zhejiang, China",CH,CH02,13319,30.2553,120.169,-1908366,2,"Michigan, United States",US,USMI,,43.3504,-84.5603,MI,20170609050000,Engage in material cooperation,Material cooperation
663278592,20170510,201705,USAMEDMOS,REUTERS,USA,,,MOS,,MED,,,CHN,CHINESE,CHN,,,,,,,,1,190,190,19,4,-10.0,6,1,6,-5.48780487804878,4,"Xinjiang, Jiangxi, China",CH,CH03,13167,27.7481,116.274,11065838,4,"Gwadar, Balochistan, Pakistan",PK,PK02,23616,25.1216,62.3254,-2761961,4,"Gwadar, Balochistan, Pakistan",PK,PK02,23616,25.1216,62.3254,-2761961,20170609053000,Fight,Material conflict
663286387,20170609,201706,USA,UNITED STATES,USA,,,,,,,,CHN,CHINA,CHN,,,,,,,,1,129,129,12,3,-5.0,8,1,8,-0.84925690021231,3,"Washington, District of Columbia, United States",US,USDC,DC001,38.8951,-77.0364,531871,1,China,CH,CH,,35.0,105.0,CH,1,Russia,RS,RS,,60.0,100.0,RS,20170609060000,Reject,Verbal conflict
663286389,20170609,201706,USA,THE US,USA,,,,,,,,CHN,SHANGHAI,CHN,,,,,,,,1,173,173,17,4,-5.0,10,1,10,0.6426735218509,4,"Shanghai, Shanghai, China",CH,CH23,13243,31.2222,121.458,-1924465,4,"Shanghai, Shanghai, China",CH,CH23,13243,31.2222,121.458,-1924465,4,"Shanghai, Shanghai, China",CH,CH23,13243,31.2222,121.458,-1924465,20170609060000,Coerce,Material conflict
663289793,20170609,201706,USAMED,REUTERS,USA,,,,,MED,,,CHN,CHINA,CHN,,,,,,,,1,190,190,19,4,-10.0,8,1,8,-5.4014598540146,4,"Quetta, Balochistan, Pakistan",PK,PK02,23627,30.199,67.0097,-2772048,4,"Beijing, Beijing, China",CH,CH22,13001,39.9289,116.388,-1898541,4,"Quetta, Balochistan, Pakistan",PK,PK02,23627,30.199,67.0097,-2772048,20170609061500,Fight,Material conflict
663294915,20170609,201706,USAMIL,THE US,USA,,,,,MIL,,,CHN,CHINA,CHN,,,,,,,,1,0841,084,08,2,7.0,10,1,10,-1.2,4,"Beijing, Beijing, China",CH,CH22,13001,39.9289,116.388,-1898541,4,"Beijing, Beijing, China",CH,CH22,13001,39.9289,116.388,-1898541,4,"Beijing, Beijing, China",CH,CH22,13001,39.9289,116.388,-1898541,20170609064500,Yield,Material cooperation
663294916,20170609,201706,USAMIL,THE US,USA,,,,,MIL,,,CHN,CHINA,CHN,,,,,,,,1,110,110,11,3,-2.0,10,1,10,-1.2,4,"Beijing, Beijing, China",CH,CH22,13001,39.9289,116.388,-1898541,4,"Beijing, Beijing, China",CH,CH22,13001,39.9289,116.388,-1898541,4,"Beijing, Beijing, China",CH,CH22,13001,39.9289,116.388,-1898541,20170609064500,Disapprove,Verbal conflict
663294917,20170609,201706,USAMIL,THE US,USA,,,,,MIL,,,CHN,CHINA,CHN,,,,,,,,1,190,190,19,4,-10.0,10,1,10,-1.2,4,"Beijing, Beijing, China",CH,CH22,13001,39.9289,116.388,-1898541,4,"Beijing, Beijing, China",CH,CH22,13001,39.9289,116.388,-1898541,4,"Beijing, Beijing, China",CH,CH22,13001,39.9289,116.388,-1898541,20170609064500,Fight,Material conflict
663300817,20170609,201706,CHNGOV,XI JINPING,CHN,,,,,GOV,,,USA,WASHINGTON,USA,,,,,,,,1,042,042,04,1,1.9,10,1,10,1.04931794333683,4,"New Delhi, Delhi, India",IN,IN07,17911,28.6,77.2,-2106102,4,"New Delhi, Delhi, India",IN,IN07,17911,28.6,77.2,-2106102,4,"New Delhi, Delhi, India",IN,IN07,17911,28.6,77.2,-2106102,20170609073000,Consult,Verbal cooperation
663302184,20170609,201706,USA,WASHINGTON,USA,,,,,,,,CHNGOV,XI JINPING,CHN,,,,,GOV,,,1,043,043,04,1,2.8,6,1,6,1.04931794333683,3,"Washington, District of Columbia, United States",US,USDC,DC001,38.8951,-77.0364,531871,1,China,CH,CH,,35.0,105.0,CH,3,"Washington, District of Columbia, United States",US,USDC,DC001,38.8951,-77.0364,531871,20170609073000,Consult,Verbal cooperation
663310998,20170609,201706,USA,LOS ANGELES,USA,,,,,,,,CHNEDU,CHINESE,CHN,,,,,EDU,,,1,173,173,17,4,-5.0,6,1,6,-11.4754098360655,4,"Ximeng, Yunnan, China",CH,CH29,41829,22.75,99.4833,-1933177,4,"Ximeng, Yunnan, China",CH,CH29,41829,22.75,99.4833,-1933177,4,"Ximeng, Yunnan, China",CH,CH29,41829,22.75,99.4833,-1933177,20170609080000,Coerce,Material conflict
663318253,20170609,201706,USAMED,REUTERS,USA,,,,,MED,,,CHN,CHINA,CHN,,,,,,,,1,061,061,06,2,6.4,10,1,10,-2.29885057471264,4,"Benxi, Liaoning, China",CH,CH19,13181,41.2971,124.121,-1932317,4,"Benxi, Liaoning, China",CH,CH19,13181,41.2971,124.121,-1932317,4,"Benxi, Liaoning, China",CH,CH19,13181,41.2971,124.121,-1932317,20170609083000,Engage in material cooperation,Material cooperation
663320892,20170609,201706,CHN,CHINA,CHN,,,,,,,,USA,SAN FRANCISCO,USA,,,,,,,,1,040,040,04,1,1.0,10,1,10,-0.711743772241997,4,"Shanghai, Shanghai, China",CH,CH23,13243,31.2222,121.458,-1924465,4,"Shanghai, Shanghai, China",CH,CH23,13243,31.2222,121.458,-1924465,4,"Shanghai, Shanghai, China",CH,CH23,13243,31.2222,121.458,-1924465,20170609090000,Consult,Verbal cooperation
663320898,20170609,201706,CHN,CHINA,CHN,,,,,,,,USAMED,REUTERS,USA,,,,,MED,,,1,090,090,09,2,-2.0,10,1,10,-0.99009900990099,4,"Beijing, Beijing, China",CH,CH22,13001,39.9289,116.388,-1898541,4,"Beijing, Beijing, China",CH,CH22,13001,39.9289,116.388,-1898541,4,"Beijing, Beijing, China",CH,CH22,13001,39.9289,116.388,-1898541,20170609090000,Investigate,Material cooperation
663322716,20170609,201706,USA,SAN FRANCISCO,USA,,,,,,,,CHN,CHINA,CHN,,,,,,,,1,040,040,04,1,1.0,10,1,10,-0.711743772241997,1,Singapore,SN,SN,,1.3667,103.8,SN,4,"Shanghai, Shanghai, China",CH,CH23,13243,31.2222,121.458,-1924465,4,"Shanghai, Shanghai, China",CH,CH23,13243,31.2222,121.458,-1924465,20170609090000,Consult,Verbal cooperation
663331834,20170609,201706,CHNEDU,CHINESE,CHN,,,,,EDU,,,USAEDU,MARYLAND,USA,,,,,EDU,,,1,051,051,05,1,3.4,6,1,6,0.57471264367817,4,"Shandong, Jiangsu, China",CH,CH04,13151,32.9793,118.852,11415469,4,"Shandong, Jiangsu, China",CH,CH04,13151,32.9793,118.852,11415469,4,"Shandong, Jiangsu, China",CH,CH04,13151,32.9793,118.852,11415469,20170609094500,Engage in diplomatic cooperation,Verbal cooperation
663341735,20170609,201706,CHN,CHINESE,CHN,,,,,,,,MNCUSAMED,MOTOROLA,USA,,,,,MNC,MED,,1,111,111,11,3,-2.0,10,1,10,0.0,1,China,CH,CH,,35.0,105.0,CH,1,China,CH,CH,,35.0,105.0,CH,1,China,CH,CH,,35.0,105.0,CH,20170609101500,Disapprove,Verbal conflict
663343217,20170609,201706,USA,THE US,USA,,,,,,,,CHN,CHINA,CHN,,,,,,,,1,042,042,04,1,1.9,8,1,8,-3.77224199288257,1,Canada,CA,CA,,60.0,-95.0,CA,1,Canada,CA,CA,,60.0,-95.0,CA,1,Canada,CA,CA,,60.0,-95.0,CA,20170609101500,Consult,Verbal cooperation
663343221,20170609,201706,USA,THE US,USA,,,,,,,,CHN,CHINA,CHN,,,,,,,,1,154,154,15,4,-7.2,6,1,6,0.0,4,"Beijing, Beijing, China",CH,CH22,13001,39.9289,116.388,-1898541,4,"South China Sea, Brunei (general), Brunei",BX,BX00,,15.0,115.0,-1337919,4,"South China Sea, Brunei (general), Brunei",BX,BX00,,15.0,115.0,-1337919,20170609101500,Exhibit force posture,Material conflict
663347640,20170609,201706,USAJUD,UNITED STATES,USA,,,,,JUD,,,CHN,CANTON,CHN,,,,,,,,1,173,173,17,4,-5.0,6,1,6,-9.78260869565217,1,United States,US,US,,38.0,-97.0,US,1,China,CH,CH,,35.0,105.0,CH,1,United States,US,US,,38.0,-97.0,US,20170609103000,Coerce,Material conflict
663351513,20170609,201706,USA,HAWAII,USA,,,,,,,,CHN,CHINA,CHN,,,,,,,,1,043,043,04,1,2.8,6,1,6,0.0,2,"Hawaii, United States",US,USHI,,21.1098,-157.531,HI,1,China,CH,CH,,35.0,105.0,CH,2,"Hawaii, United States",US,USHI,,21.1098,-157.531,HI,20170609104500,Consult,Verbal cooperation
663374942,20170609,201706,MNCCHNBUS,YINGLI GREEN ENERGY HOLDING,CHN,,,,,MNC,BUS,,MNCUSA,BANK OF AMERICA,USA,,,,,MNC,,,1,010,010,01,1,0.0,10,1,10,-0.609756097560974,0,,,,,,,,0,,,,,,,,0,,,,,,,,20170609121500,Make public statement,Verbal cooperation
663379406,20170609,201706,USA,FLORIDA,USA,,,,,,,,CHN,CHINESE,CHN,,,,,,,,1,090,090,09,2,-2.0,10,1,10,-6.04026845637583,1,China,CH,CH,,35.0,105.0,CH,1,China,CH,CH,,35.0,105.0,CH,1,China,CH,CH,,35.0,105.0,CH,20170609123000,Investigate,Material cooperation
663395317,20170609,201706,USA,NEW YORK,USA,,,,,,,,CHN,CHINESE,CHN,,,,,,,,1,173,173,17,4,-5.0,8,1,8,2.59259259259259,2,"New York, United States",US,USNY,,42.1497,-74.9384,NY,1,China,CH,CH,,35.0,105.0,CH,2,"New York, United States",US,USNY,,42.1497,-74.9384,NY,20170609133000,Coerce,Material conflict
663399812,20170609,201706,USA,CLEVELAND,USA,,,,,,,,CHN,CANTON,CHN,,,,,,,,1,051,051,05,1,3.4,10,1,10,4.67032967032967,2,"Ohio, United States",US,USOH,,40.3736,-82.7755,OH,2,"Ohio, United States",US,USOH,,40.3736,-82.7755,OH,2,"Ohio, United States",US,USOH,,40.3736,-82.7755,OH,20170609134500,Engage in diplomatic cooperation,Verbal cooperation
663409063,20170609,201706,USAMED,WALL STREET JOURNAL,USA,,,,,MED,,,CHN,CHINA,CHN,,,,,,,,1,046,046,04,1,7.0,6,1,6,-1.07142857142857,4,"Li Yuan, Gansu, China",CH,CH15,13206,36.6914,106.886,10853213,4,"Li Yuan, Gansu, China",CH,CH15,13206,36.6914,106.886,10853213,4,"Li Yuan, Gansu, China",CH,CH15,13206,36.6914,106.886,10853213,20170609141500,Consult,Verbal cooperation
663411386,20170609,201706,CHN,BEIJING,CHN,,,,,,,,USAGOV,CALIFORNIA,USA,,,,,GOV,,,1,043,043,04,1,2.8,6,1,6,-1.11607142857143,4,"Beijing, Beijing, China",CH,CH22,13001,39.9289,116.388,-1898541,2,"California, United States",US,USCA,,36.17,-119.746,CA,4,"Beijing, Beijing, China",CH,CH22,13001,39.9289,116.388,-1898541,20170609143000,Consult,Verbal cooperation
663411390,20170609,201706,CHNEDU,CHINESE,CHN,,,,,EDU,,,USAEDU,MARYLAND,USA,,,,,EDU,,,1,051,051,05,1,3.4,6,1,6,2.32558139534883,1,China,CH,CH,,35.0,105.0,CH,1,China,CH,CH,,35.0,105.0,CH,1,China,CH,CH,,35.0,105.0,CH,20170609143000,Engage in diplomatic cooperation,Verbal cooperation
663456985,20170609,201706,CHN,CHINA,CHN,,,,,,,,USA,PHILADELPHIA,USA,,,,,,,,1,042,042,04,1,1.9,6,1,6,-2.17113665389527,3,"Elkins Park, Pennsylvania, United States",US,USPA,PA091,40.0771,-75.1268,1192429,3,"Elkins Park, Pennsylvania, United States",US,USPA,,40.0771,-75.1268,1192429,3,"Elkins Park, Pennsylvania, United States",US,USPA,,40.0771,-75.1268,1192429,20170609171500,Consult,Verbal cooperation
663458690,20170609,201706,USA,PHILADELPHIA,USA,,,,,,,,CHN,CHINA,CHN,,,,,,,,1,043,043,04,1,2.8,8,1,8,-2.17113665389527,3,"Philadelphia, Pennsylvania, United States",US,USPA,PA101,39.9523,-75.1638,1209052,4,"Jilin, Jilin, China",CH,CH05,13169,43.8508,126.56,-1912247,4,"Jilin, Jilin, China",CH,CH05,13169,43.8508,126.56,-1912247,20170609171500,Consult,Verbal cooperation
663460882,20170609,201706,CHN,CHINA,CHN,,,,,,,,USA,AMERICAN,USA,,,,,,,,1,051,051,05,1,3.4,6,1,6,1.98019801980197,3,"Hollywood, California, United States",US,USCA,CA037,34.0983,-118.327,1660757,3,"Hollywood, California, United States",US,USCA,CA037,34.0983,-118.327,1660757,3,"Hollywood, California, United States",US,USCA,CA037,34.0983,-118.327,1660757,20170609173000,Engage in diplomatic cooperation,Verbal cooperation
663480197,20170609,201706,CHN,CHINA,CHN,,,,,,,,USABUS,CALIFORNIA,USA,,,,,BUS,,,1,043,043,04,1,2.8,6,1,6,-4.91329479768786,1,China,CH,CH,,35.0,105.0,CH,2,"California, United States",US,USCA,,36.17,-119.746,CA,1,China,CH,CH,,35.0,105.0,CH,20170609184500,Consult,Verbal cooperation
663483604,20170609,201706,CHN,BEIJING,CHN,,,,,,,,USA,CHICAGO,USA,,,,,,,,1,043,043,04,1,2.8,10,1,10,0.75566750629723,4,"Beijing, Beijing, China",CH,CH22,13001,39.9289,116.388,-1898541,4,"Beijing, Beijing, China",CH,CH22,13001,39.9289,116.388,-1898541,4,"Beijing, Beijing, China",CH,CH22,13001,39.9289,116.388,-1898541,20170609190000,Consult,Verbal cooperation
663485034,20170609,201706,USA,CHICAGO,USA,,,,,,,,CHN,BEIJING,CHN,,,,,,,,1,042,042,04,1,1.9,10,1,10,0.75566750629723,4,"Beijing, Beijing, China",CH,CH22,13001,39.9289,116.388,-1898541,4,"Beijing, Beijing, China",CH,CH22,13001,39.9289,116.388,-1898541,4,"Beijing, Beijing, China",CH,CH22,13001,39.9289,116.388,-1898541,20170609190000,Consult,Verbal cooperation
663485268,20170609,201706,USAEDU,PITTSBURGH,USA,,,,,EDU,,,CHN,CHINA,CHN,,,,,,,,1,010,010,01,1,0.0,6,1,6,0.98039215686274,1,United States,US,US,,38.0,-97.0,US,1,United States,US,US,,38.0,-97.0,US,1,United States,US,US,,38.0,-97.0,US,20170609190000,Make public statement,Verbal cooperation
663491696,20170609,201706,USA,WISCONSIN,USA,,,,,,,,CHN,GOBI,CHN,,,,,,,,1,191,191,19,4,-9.5,8,1,8,-0.69767441860465,3,"Neenah, Wisconsin, United States",US,USWI,WI139,44.1858,-88.4626,1570137,3,"Neenah, Wisconsin, United States",US,USWI,WI139,44.1858,-88.4626,1570137,3,"Neenah, Wisconsin, United States",US,USWI,WI139,44.1858,-88.4626,1570137,20170609193000,Fight,Material conflict
663493728,20170609,201706,CHN,NANCHANG,CHN,,,,,,,,USA,CALIFORNIA,USA,,,,,,,,1,042,042,04,1,1.9,8,1,8,0.78125,4,"Nanchang, Jiangxi, China",CH,CH03,13164,28.55,115.933,-1914863,4,"Nanchang, Jiangxi, China",CH,CH03,13164,28.55,115.933,-1914863,4,"Nanchang, Jiangxi, China",CH,CH03,13164,28.55,115.933,-1914863,20170609194500,Consult,Verbal cooperation
663495211,20170609,201706,USA,CALIFORNIA,USA,,,,,,,,CHN,NANCHANG,CHN,,,,,,,,1,043,043,04,1,2.8,8,1,6,0.78125,2,"California, United States",US,USCA,,36.17,-119.746,CA,4,"Nanchang, Jiangxi, China",CH,CH03,13164,28.55,115.933,-1914863,2,"California, United States",US,USCA,,36.17,-119.746,CA,20170609194500,Consult,Verbal cooperation
663498617,20170609,201706,USA,NEBRASKA,USA,,,,,,,,CHN,CHINA,CHN,,,,,,,,1,050,050,05,1,3.5,8,1,8,2.02702702702703,1,China,CH,CH,,35.0,105.0,CH,1,China,CH,CH,,35.0,105.0,CH,1,China,CH,CH,,35.0,105.0,CH,20170609200000,Engage in diplomatic cooperation,Verbal cooperation
663498618,20170609,201706,USA,NEBRASKA,USA,,,,,,,,CHN,CHINA,CHN,,,,,,,,1,051,051,05,1,3.4,6,1,6,2.02702702702703,2,"Nebraska, United States",US,USNE,,41.1289,-98.2883,NE,1,China,CH,CH,,35.0,105.0,CH,1,China,CH,CH,,35.0,105.0,CH,20170609200000,Engage in diplomatic cooperation,Verbal cooperation
663510465,20170609,201706,CHN,SHANGHAI,CHN,,,,,,,,USA,UNITED STATES,USA,,,,,,,,1,020,020,02,1,3.0,7,1,7,3.42298288508557,4,"Shanghai, Shanghai, China",CH,CH23,13243,31.2222,121.458,-1924465,4,"Shanghai, Shanghai, China",CH,CH23,13243,31.2222,121.458,-1924465,4,"Shanghai, Shanghai, China",CH,CH23,13243,31.2222,121.458,-1924465,20170609210000,Appeal,Verbal cooperation
663521553,20170609,201706,USA,UNITED STATES,USA,,,,,,,,CHN,CHINA,CHN,,,,,,,,1,061,061,06,2,6.4,6,1,6,1.8450184501845,4,"Guangzhou, Guangdong, China",CH,CH30,13033,23.1167,113.25,-1907161,4,"Guangzhou, Guangdong, China",CH,CH30,13033,23.1167,113.25,-1907161,4,"Guangzhou, Guangdong, China",CH,CH30,13033,23.1167,113.25,-1907161,20170609214500,Engage in material cooperation,Material cooperation
663535556,20170609,201706,USA,THE US,USA,,,,,,,,CHN,CHINA,CHN,,,,,,,,1,154,154,15,4,-7.2,6,1,6,0.0,1,China,CH,CH,,35.0,105.0,CH,4,"South China Sea, Brunei (general), Brunei",BX,BX00,,15.0,115.0,-1337919,4,"South China Sea, Brunei (general), Brunei",BX,BX00,,15.0,115.0,-1337919,20170609230000,Exhibit force posture,Material conflict
663560534,20170610,201706,CHN,CHINA,CHN,,,,,,,,MNCUSA,GOLDMAN SACHS,USA,,,,,MNC,,,1,043,043,04,1,2.8,10,1,10,0.0,4,"Sichuan, Gansu, China",CH,CH15,13024,35.1221,105.48,10650455,4,"Sichuan, Gansu, China",CH,CH15,13024,35.1221,105.48,10650455,4,"Sichuan, Gansu, China",CH,CH15,13024,35.1221,105.48,10650455,20170610004500,Consult,Verbal cooperation
663561857,20170610,201706,MNCUSA,GOLDMAN SACHS,USA,,,,,MNC,,,CHN,CHINA,CHN,,,,,,,,1,042,042,04,1,1.9,10,1,10,0.0,4,"Sichuan, Gansu, China",CH,CH15,13024,35.1221,105.48,10650455,4,"Sichuan, Gansu, China",CH,CH15,13024,35.1221,105.48,10650455,4,"Sichuan, Gansu, China",CH,CH15,13024,35.1221,105.48,10650455,20170610004500,Consult,Verbal cooperation
663561858,20170610,201706,MNCUSA,GOLDMAN SACHS,USA,,,,,MNC,,,CHN,CHINA,CHN,,,,,,,,1,051,051,05,1,3.4,15,1,10,0.0,4,"Sichuan, Gansu, China",CH,CH15,13024,35.1221,105.48,10650455,4,"Sichuan, Gansu, China",CH,CH15,13024,35.1221,105.48,10650455,4,"Sichuan, Gansu, China",CH,CH15,13024,35.1221,105.48,10650455,20170610004500,Engage in diplomatic cooperation,Verbal cooperation
663605704,20170610,201706,CHN,CHINA,CHN,,,,,,,,USA,CALIFORNIA,USA,,,,,,,,1,057,057,05,1,8.0,6,1,6,-0.27972027972028,4,"Paris, France (general), France",FR,FR00,16282,48.8667,2.33333,-1456928,4,"Paris, France (general), France",FR,FR00,16282,48.8667,2.33333,-1456928,4,"Paris, France (general), France",FR,FR00,16282,48.8667,2.33333,-1456928,20170610044500,Engage in diplomatic cooperation,Verbal cooperation
663617408,20170610,201706,CHN,CHINA,CHN,,,,,,,,USAGOV,RICHARD NIXON,USA,,,,,GOV,,,1,043,043,04,1,2.8,6,1,6,0.44444444444444,4,"Peking, Beijing, China",CH,CH22,13001,39.9289,116.388,-1898541,4,"Peking, Beijing, China",CH,CH22,13001,39.9289,116.388,-1898541,4,"Peking, Beijing, China",CH,CH22,13001,39.9289,116.388,-1898541,20170610061500,Consult,Verbal cooperation
663617409,20170610,201706,CHN,CHINA,CHN,,,,,,,,USAGOV,AMERICAN,USA,,,,,GOV,,,1,043,043,04,1,2.8,8,1,6,0.44444444444444,4,"Peking, Beijing, China",CH,CH22,13001,39.9289,116.388,-1898541,1,United States,US,US,,38.0,-97.0,US,4,"Peking, Beijing, China",CH,CH22,13001,39.9289,116.388,-1898541,20170610061500,Consult,Verbal cooperation
663618241,20170610,201706,USAGOV,AMERICAN,USA,,,,,GOV,,,CHN,CHINA,CHN,,,,,,,,1,042,042,04,1,1.9,6,1,6,0.44444444444444,1,United States,US,US,,38.0,-97.0,US,4,"Peking, Beijing, China",CH,CH22,13001,39.9289,116.388,-1898541,4,"Peking, Beijing, China",CH,CH22,13001,39.9289,116.388,-1898541,20170610061500,Consult,Verbal cooperation
663618242,20170610,201706,USAGOV,RICHARD NIXON,USA,,,,,GOV,,,CHN,CHINA,CHN,,,,,,,,1,042,042,04,1,1.9,8,1,8,0.44444444444444,1,United States,US,US,,38.0,-97.0,US,4,"Peking, Beijing, China",CH,CH22,13001,39.9289,116.388,-1898541,1,United States,US,US,,38.0,-97.0,US,20170610061500,Consult,Verbal cooperation
663627664,20170610,201706,USA,UNITED STATES,USA,,,,,,,,CHN,CHINA,CHN,,,,,,,,1,111,111,11,3,-2.0,8,1,8,-0.54945054945055,1,United States,US,US,,38.0,-97.0,US,1,China,CH,CH,,35.0,105.0,CH,1,China,CH,CH,,35.0,105.0,CH,20170610071500,Disapprove,Verbal conflict
663638020,20170610,201706,CHN,CHINA,CHN,,,,,,,,USAMIL,AMERICAN,USA,,,,,MIL,,,1,043,043,04,1,2.8,14,1,14,0.0,4,"Shanghai, Shanghai, China",CH,CH23,13243,31.2222,121.458,-1924465,1,United States,US,US,,38.0,-97.0,US,4,"Shanghai, Shanghai, China",CH,CH23,13243,31.2222,121.458,-1924465,20170610090000,Consult,Verbal cooperation
663639435,20170610,201706,USAMIL,AMERICAN,USA,,,,,MIL,,,CHN,CHINA,CHN,,,,,,,,1,042,042,04,1,1.9,14,1,14,0.0,1,United Kingdom,UK,UK,,54.0,-2.0,UK,1,United Kingdom,UK,UK,,54.0,-2.0,UK,1,United Kingdom,UK,UK,,54.0,-2.0,UK,20170610090000,Consult,Verbal cooperation
663666040,20170610,201706,USAGOV,OBAMA,USA,,,,,GOV,,,CHN,CHINESE,CHN,,,,,,,,1,040,040,04,1,1.0,10,1,10,2.02839756592292,1,China,CH,CH,,35.0,105.0,CH,1,China,CH,CH,,35.0,105.0,CH,1,China,CH,CH,,35.0,105.0,CH,20170610114500,Consult,Verbal cooperation
663674325,20170610,201706,CHN,CHINA,CHN,,,,,,,,USA,THE US,USA,,,,,,,,1,042,042,04,1,1.9,6,1,6,-0.21276595744681,4,"Beijing, Beijing, China",CH,CH22,13001,39.9289,116.388,-1898541,3,"Washington, District of Columbia, United States",US,USDC,DC001,38.8951,-77.0364,531871,4,"Beijing, Beijing, China",CH,CH22,13001,39.9289,116.388,-1898541,20170610133000,Consult,Verbal cooperation
663675202,20170610,201706,USA,THE US,USA,,,,,,,,CHN,CHINA,CHN,,,,,,,,1,043,043,04,1,2.8,10,1,10,-0.21276595744681,4,"Beijing, Beijing, China",CH,CH22,13001,39.9289,116.388,-1898541,4,"Beijing, Beijing, China",CH,CH22,13001,39.9289,116.388,-1898541,4,"Beijing, Beijing, China",CH,CH22,13001,39.9289,116.388,-1898541,20170610133000,Consult,Verbal cooperation
663686333,20170610,201706,CHN,CHINA,CHN,,,,,,,,USA,NEW YORK,USA,,,,,,,,1,036,036,03,1,4.0,7,1,7,2.00752823086575,4,"Shanghai, Shanghai, China",CH,CH23,13243,31.2222,121.458,-1924465,4,"Shanghai, Shanghai, China",CH,CH23,13243,31.2222,121.458,-1924465,4,"Shanghai, Shanghai, China",CH,CH23,13243,31.2222,121.458,-1924465,20170610143000,Express intent to cooperate,Verbal cooperation
663686334,20170610,201706,CHN,CHINA,CHN,,,,,,,,USA,NEW YORK,USA,,,,,,,,1,036,036,03,1,4.0,6,1,6,2.00752823086575,4,"Shanghai, Shanghai, China",CH,CH23,13243,31.2222,121.458,-1924465,2,"New York, United States",US,USNY,,42.1497,-74.9384,NY,4,"Shanghai, Shanghai, China",CH,CH23,13243,31.2222,121.458,-1924465,20170610143000,Express intent to cooperate,Verbal cooperation
663708085,20170610,201706,CHN,CHINA,CHN,,,,,,,,USA,THE US,USA,,,,,,,,1,010,010,01,1,0.0,10,1,10,0.52219321148825,4,"Beijing, Beijing, China",CH,CH22,13001,39.9289,116.388,-1898541,4,"Beijing, Beijing, China",CH,CH22,13001,39.9289,116.388,-1898541,4,"Beijing, Beijing, China",CH,CH22,13001,39.9289,116.388,-1898541,20170610164500,Make public statement,Verbal cooperation
663709101,20170610,201706,USA,CONNECTICUT,USA,,,,,,,,CHN,CANTON,CHN,,,,,,,,1,070,070,07,2,7.0,10,1,10,1.65745856353591,2,"Connecticut, United States",US,USCT,,41.5834,-72.7622,CT,2,"Connecticut, United States",US,USCT,,41.5834,-72.7622,CT,2,"Connecticut, United States",US,USCT,,41.5834,-72.7622,CT,20170610164500,Provide aid,Material cooperation
663715968,20170610,201706,USA,CALIFORNIA,USA,,,,,,,,CHN,CHINA,CHN,,,,,,,,1,057,057,05,1,8.0,8,1,8,-0.69204152249135,3,"Washington, District of Columbia, United States",US,USDC,DC001,38.8951,-77.0364,531871,3,"Washington, District of Columbia, United States",US,USDC,DC001,38.8951,-77.0364,531871,3,"Washington, District of Columbia, United States",US,USDC,DC001,38.8951,-77.0364,531871,20170610174500,Engage in diplomatic cooperation,Verbal cooperation
663718314,20170610,201706,USAMED,REUTERS,USA,,,,,MED,,,CHN,CHINA,CHN,,,,,,,,1,020,020,02,1,3.0,6,1,6,-1.37524557956778,2,"New York, United States",US,USNY,,42.1497,-74.9384,NY,2,"New York, United States",US,USNY,,42.1497,-74.9384,NY,2,"New York, United States",US,USNY,,42.1497,-74.9384,NY,20170610180000,Appeal,Verbal cooperation
663720573,20170610,201706,USA,CALIFORNIA,USA,,,,,,,,CHN,CHINA,CHN,,,,,,,,1,057,057,05,1,8.0,6,1,6,1.48367952522255,4,"Paris, France (general), France",FR,FR00,16282,48.8667,2.33333,-1456928,4,"Paris, France (general), France",FR,FR00,16282,48.8667,2.33333,-1456928,4,"Paris, France (general), France",FR,FR00,16282,48.8667,2.33333,-1456928,20170610181500,Engage in diplomatic cooperation,Verbal cooperation
663720578,20170610,201706,USA,THE US,USA,,,,,,,,CHN,CHINA,CHN,,,,,,,,1,154,154,15,4,-7.2,6,1,6,0.85470085470085,1,China,CH,CH,,35.0,105.0,CH,4,"South China Sea, Brunei (general), Brunei",BX,BX00,,15.0,115.0,-1337919,4,"South China Sea, Brunei (general), Brunei",BX,BX00,,15.0,115.0,-1337919,20170610181500,Exhibit force posture,Material conflict
663735416,20170610,201706,CHN,CHINA,CHN,,,,,,,,USA,THE US,USA,,,,,,,,1,057,057,05,1,8.0,7,1,7,0.33500837520938,5,"Zhejiang, Zhejiang, China",CH,CH02,13325,29.0,120.0,-1938694,5,"Zhejiang, Zhejiang, China",CH,CH02,13325,29.0,120.0,-1938694,4,"Paris, France (general), France",FR,FR00,16282,48.8667,2.33333,-1456928,20170610203000,Engage in diplomatic cooperation,Verbal cooperation
663751387,20170610,201706,CHN,CHINESE,CHN,,,,,,,,USA,AMERICAN,USA,,,,,,,,1,043,043,04,1,2.8,20,1,20,4.93827160493827,1,United States,US,US,,38.0,-97.0,US,1,United States,US,US,,38.0,-97.0,US,1,United States,US,US,,38.0,-97.0,US,20170610231500,Consult,Verbal cooperation
663752001,20170610,201706,USA,AMERICAN,USA,,,,,,,,CHN,CHINESE,CHN,,,,,,,,1,042,042,04,1,1.9,16,1,16,4.93827160493827,1,United States,US,US,,38.0,-97.0,US,1,China,CH,CH,,35.0,105.0,CH,1,United States,US,US,,38.0,-97.0,US,20170610231500,Consult,Verbal cooperation
663765064,20170611,201706,USA,CALIFORNIA,USA,,,,,,,,CHN,CHINA,CHN,,,,,,,,1,057,057,05,1,8.0,10,1,10,-1.57068062827225,1,China,CH,CH,,35.0,105.0,CH,1,China,CH,CH,,35.0,105.0,CH,1,China,CH,CH,,35.0,105.0,CH,20170611003000,Engage in diplomatic cooperation,Verbal cooperation
663765254,20170611,201706,USAMIL,THE US,USA,,,,,MIL,,,CHN,CHINA,CHN,,,,,,,,1,012,012,01,1,-0.4,10,1,10,-0.0978473581213302,4,"Beijing, Beijing, China",CH,CH22,13001,39.9289,116.388,-1898541,4,"Beijing, Beijing, China",CH,CH22,13001,39.9289,116.388,-1898541,4,"Beijing, Beijing, China",CH,CH22,13001,39.9289,116.388,-1898541,20170611003000,Make public statement,Verbal cooperation
663773447,20170611,201706,USA,THE US,USA,,,,,,,,CHN,CHINA,CHN,,,,,,,,1,060,060,06,2,6.0,10,1,10,2.72511848341232,1,India,IN,IN,,20.0,77.0,IN,1,China,CH,CH,,35.0,105.0,CH,1,China,CH,CH,,35.0,105.0,CH,20170611011500,Engage in material cooperation,Material cooperation
663773448,20170611,201706,USA,THE US,USA,,,,,,,,CHN,CHINA,CHN,,,,,,,,1,120,120,12,3,-4.0,10,1,10,2.72511848341232,1,India,IN,IN,,20.0,77.0,IN,1,India,IN,IN,,20.0,77.0,IN,1,India,IN,IN,,20.0,77.0,IN,20170611011500,Reject,Verbal conflict
663795698,20170611,201706,CHN,CHINESE,CHN,,,,,,,,USA,AMERICAN,USA,,,,,,,,1,043,043,04,1,2.8,10,1,10,5.42168674698795,1,United States,US,US,,38.0,-97.0,US,1,United States,US,US,,38.0,-97.0,US,1,United States,US,US,,38.0,-97.0,US,20170611040000,Consult,Verbal cooperation
663796296,20170611,201706,USA,AMERICAN,USA,,,,,,,,CHN,CHINESE,CHN,,,,,,,,1,042,042,04,1,1.9,8,1,8,5.42168674698795,1,United States,US,US,,38.0,-97.0,US,1,China,CH,CH,,35.0,105.0,CH,1,United States,US,US,,38.0,-97.0,US,20170611040000,Consult,Verbal cooperation
663803425,20170611,201706,CHN,CANTON,CHN,,,,,,,,USA,COLUMBUS,USA,,,,,,,,1,036,036,03,1,4.0,10,1,10,1.08695652173913,3,"Lakeside Park, Ohio, United States",US,USOH,OH113,39.7431,-84.2522,1042391,3,"Lakeside Park, Ohio, United States",US,USOH,,39.7431,-84.2522,1042391,3,"Lakeside Park, Ohio, United States",US,USOH,,39.7431,-84.2522,1042391,20170611050000,Express intent to cooperate,Verbal cooperation
663810421,20170611,201706,CHNGOV,XI JINPING,CHN,,,,,GOV,,,USAGOV,OBAMA,USA,,,,,GOV,,,1,042,042,04,1,1.9,6,1,6,-0.85736554949338,3,"White House, District of Columbia, United States",US,USDC,,38.8951,-77.0364,531871,3,"White House, District of Columbia, United States",US,USDC,,38.8951,-77.0364,531871,3,"White House, District of Columbia, United States",US,USDC,,38.8951,-77.0364,531871,20170611060000,Consult,Verbal cooperation
663821914,20170611,201706,USA,UNITED STATES,USA,,,,,,,,CHN,CHINA,CHN,,,,,,,,1,090,090,09,2,-2.0,8,1,8,-0.28490028490028,2,"New York, United States",US,USNY,,42.1497,-74.9384,NY,4,"Wang Xing, Jiangxi, China",CH,CH03,13164,28.7786,115.282,11087952,4,"Wang Xing, Jiangxi, China",CH,CH03,13164,28.7786,115.282,11087952,20170611073000,Investigate,Material cooperation
663882658,20170611,201706,CHN,CHINA,CHN,,,,,,,,USA,THE US,USA,,,,,,,,1,046,046,04,1,7.0,6,1,6,-2.14723926380368,1,China,CH,CH,,35.0,105.0,CH,4,"Pyongyang, P'yongyang-si, North Korea",KN,KN12,39681,39.0194,125.755,-183459,1,Russia,RS,RS,,60.0,100.0,RS,20170611144500,Consult,Verbal cooperation
663883522,20170611,201706,USA,THE US,USA,,,,,,,,CHN,CHINA,CHN,,,,,,,,1,046,046,04,1,7.0,6,1,6,-2.14723926380368,4,"Pyongyang, P'yongyang-si, North Korea",KN,KN12,39681,39.0194,125.755,-183459,1,China,CH,CH,,35.0,105.0,CH,1,Russia,RS,RS,,60.0,100.0,RS,20170611144500,Consult,Verbal cooperation
663888386,20170611,201706,USA,THE US,USA,,,,,,,,CHN,CHINA,CHN,,,,,,,,1,061,061,06,2,6.4,10,1,10,-3.22128851540616,4,"Delhi, Delhi, India",IN,IN07,17911,28.6667,77.2167,-2094230,4,"Delhi, Delhi, India",IN,IN07,17911,28.6667,77.2167,-2094230,4,"Delhi, Delhi, India",IN,IN07,17911,28.6667,77.2167,-2094230,20170611151500,Engage in material cooperation,Material cooperation
663893867,20170611,201706,USA,GREENVILLE,USA,,,,,,,,CHNBUS,CHINESE,CHN,,,,,BUS,,,1,043,043,04,1,2.8,7,1,7,1.07142857142857,3,"Fountain Inn, South Carolina, United States",US,USSC,SC045,34.689,-82.1957,1222514,3,"Fountain Inn, South Carolina, United States",US,USSC,,34.689,-82.1957,1222514,4,"Yanfeng, Sichuan, China",CH,CH32,13003,31.0641,106.967,-1935157,20170611160000,Consult,Verbal cooperation
663893868,20170611,201706,USA,GREENVILLE,USA,,,,,,,,CHNBUS,CHINESE,CHN,,,,,BUS,,,1,043,043,04,1,2.8,8,1,8,1.07142857142857,3,"Greenville, South Carolina, United States",US,USSC,SC045,34.8526,-82.394,1245842,4,"Su Hongxiang, Anhui, China",CH,CH01,12997,30.5792,118.546,-3823742,3,"Greenville, South Carolina, United States",US,USSC,SC045,34.8526,-82.394,1245842,20170611160000,Consult,Verbal cooperation
663923067,20170611,201706,CHN,BEIJING,CHN,,,,,,,,USAGOV,THE US,USA,,,,,GOV,,,1,080,080,08,2,5.0,8,1,8,-9.49554896142433,4,"Beijing, Beijing, China",CH,CH22,13001,39.9289,116.388,-1898541,4,"Beijing, Beijing, China",CH,CH22,13001,39.9289,116.388,-1898541,4,"Astana, Gorod Astana, Kazakhstan",KZ,KZ05,37174,51.1811,71.4278,-2334218,20170611193000,Yield,Material cooperation
663926030,20170611,201706,CHN,SHANGHAI,CHN,,,,,,,,MNCUSA,BOEING,USA,,,,,MNC,,,1,043,043,04,1,2.8,6,1,6,2.85006195786865,4,"Shanghai, Shanghai, China",CH,CH23,13243,31.2222,121.458,-1924465,4,"Ben Gurion, HaMerkaz, Israel",IS,IS02,18311,32.0114,34.8867,149507,4,"Shanghai, Shanghai, China",CH,CH23,13243,31.2222,121.458,-1924465,20170611194500,Consult,Verbal cooperation
663926695,20170611,201706,MNCUSA,BOEING,USA,,,,,MNC,,,CHN,SHANGHAI,CHN,,,,,,,,1,042,042,04,1,1.9,6,1,6,2.85006195786865,4,"Ben Gurion, HaMerkaz, Israel",IS,IS02,18311,32.0114,34.8867,149507,4,"Shanghai, Shanghai, China",CH,CH23,13243,31.2222,121.458,-1924465,4,"Shanghai, Shanghai, China",CH,CH23,13243,31.2222,121.458,-1924465,20170611194500,Consult,Verbal cooperation
663949945,20170611,201706,CHN,CHINESE,CHN,,,,,,,,USA,ORLANDO,USA,,,,,,,,1,043,043,04,1,2.8,12,1,6,-0.35671819262783,1,China,CH,CH,,35.0,105.0,CH,1,China,CH,CH,,35.0,105.0,CH,1,China,CH,CH,,35.0,105.0,CH,20170611231500,Consult,Verbal cooperation
663950729,20170611,201706,USA,ORLANDO,USA,,,,,,,,CHN,CHINESE,CHN,,,,,,,,1,042,042,04,1,1.9,6,1,6,-0.35671819262783,1,Canada,CA,CA,,60.0,-95.0,CA,1,Canada,CA,CA,,60.0,-95.0,CA,1,Canada,CA,CA,,60.0,-95.0,CA,20170611231500,Consult,Verbal cooperation
663950730,20170611,201706,USA,ORLANDO,USA,,,,,,,,CHN,CHINESE,CHN,,,,,,,,1,042,042,04,1,1.9,6,1,6,-0.35671819262783,1,China,CH,CH,,35.0,105.0,CH,1,China,CH,CH,,35.0,105.0,CH,1,China,CH,CH,,35.0,105.0,CH,20170611231500,Consult,Verbal cooperation
663951629,20170604,201706,CHN,CHINA,CHN,,,,,,,,USAMED,THE ASSOCIATED PRESS,USA,,,,,MED,,,1,010,010,01,1,0.0,6,1,6,0.74626865671642,1,China,CH,CH,,35.0,105.0,CH,1,China,CH,CH,,35.0,105.0,CH,1,China,CH,CH,,35.0,105.0,CH,20170611233000,Make public statement,Verbal cooperation
663956136,20170612,201706,CHN,CHINA,CHN,,,,,,,,USA,IOWA,USA,,,,,,,,1,043,043,04,1,2.8,8,1,8,2.34375,4,"Beijing, Beijing, China",CH,CH22,13001,39.9289,116.388,-1898541,2,"Iowa, United States",US,USIA,,42.0046,-93.214,IA,2,"Iowa, United States",US,USIA,,42.0046,-93.214,IA,20170612000000,Consult,Verbal cooperation
663958090,20170612,201706,USA,IOWA,USA,,,,,,,,CHN,CHINA,CHN,,,,,,,,1,042,042,04,1,1.9,8,1,8,2.34375,2,"Iowa, United States",US,USIA,,42.0046,-93.214,IA,4,"Beijing, Beijing, China",CH,CH22,13001,39.9289,116.388,-1898541,2,"Iowa, United States",US,USIA,,42.0046,-93.214,IA,20170612000000,Consult,Verbal cooperation
663959763,20170612,201706,CHN,BEIJING,CHN,,,,,,,,USAGOV,CALIFORNIA,USA,,,,,GOV,,,1,043,043,04,1,2.8,6,1,6,-0.43010752688172,4,"Beijing, Beijing, China",CH,CH22,13001,39.9289,116.388,-1898541,2,"California, United States",US,USCA,,36.17,-119.746,CA,4,"Beijing, Beijing, China",CH,CH22,13001,39.9289,116.388,-1898541,20170612001500,Consult,Verbal cooperation
663959764,20170612,201706,CHN,BEIJING,CHN,,,,,,,,USAGOV,CALIFORNIA,USA,,,,,GOV,,,1,046,046,04,1,7.0,6,1,6,-0.43010752688172,4,"Beijing, Beijing, China",CH,CH22,13001,39.9289,116.388,-1898541,2,"California, United States",US,USCA,,36.17,-119.746,CA,3,"Washington, District of Columbia, United States",US,USDC,DC001,38.8951,-77.0364,531871,20170612001500,Consult,Verbal cooperation
663960731,20170612,201706,MNCUSAMED,QUALCOMM,USA,,,,,MNC,MED,,CHN,CHINESE,CHN,,,,,,,,1,111,111,11,3,-2.0,10,1,10,-0.35398230088496,4,"Nanjing, Jiangsu, China",CH,CH04,13144,32.0617,118.778,-1919548,4,"Nanjing, Jiangsu, China",CH,CH04,13144,32.0617,118.778,-1919548,4,"Nanjing, Jiangsu, China",CH,CH04,13144,32.0617,118.778,-1919548,20170612001500,Disapprove,Verbal conflict
663961510,20170612,201706,USAGOV,CALIFORNIA,USA,,,,,GOV,,,CHN,BEIJING,CHN,,,,,,,,1,042,042,04,1,1.9,6,1,6,-0.43010752688172,2,"California, United States",US,USCA,,36.17,-119.746,CA,4,"Beijing, Beijing, China",CH,CH22,13001,39.9289,116.388,-1898541,4,"Beijing, Beijing, China",CH,CH22,13001,39.9289,116.388,-1898541,20170612001500,Consult,Verbal cooperation
663961511,20170612,201706,USAGOV,CALIFORNIA,USA,,,,,GOV,,,CHN,BEIJING,CHN,,,,,,,,1,046,046,04,1,7.0,6,1,6,-0.43010752688172,4,"Beijing, Beijing, China",CH,CH22,13001,39.9289,116.388,-1898541,2,"California, United States",US,USCA,,36.17,-119.746,CA,2,"California, United States",US,USCA,,36.17,-119.746,CA,20170612001500,Consult,Verbal cooperation
663963564,20170612,201706,CHN,CHINESE,CHN,,,,,,,,USA,ORLANDO,USA,,,,,,,,1,043,043,04,1,2.8,12,1,6,-0.35671819262783,1,China,CH,CH,,35.0,105.0,CH,1,China,CH,CH,,35.0,105.0,CH,1,China,CH,CH,,35.0,105.0,CH,20170612003000,Consult,Verbal cooperation
663964664,20170612,201706,USA,ORLANDO,USA,,,,,,,,CHN,CHINESE,CHN,,,,,,,,1,042,042,04,1,1.9,6,1,6,-0.35671819262783,1,Canada,CA,CA,,60.0,-95.0,CA,1,Canada,CA,CA,,60.0,-95.0,CA,1,Canada,CA,CA,,60.0,-95.0,CA,20170612003000,Consult,Verbal cooperation
663964665,20170612,201706,USA,ORLANDO,USA,,,,,,,,CHN,CHINESE,CHN,,,,,,,,1,042,042,04,1,1.9,6,1,6,-0.35671819262783,1,China,CH,CH,,35.0,105.0,CH,1,China,CH,CH,,35.0,105.0,CH,1,China,CH,CH,,35.0,105.0,CH,20170612003000,Consult,Verbal cooperation
663969645,20170612,201706,CHN,BEIJING,CHN,,,,,,,,USA,WASHINGTON,USA,,,,,,,,1,050,050,05,1,3.5,6,1,6,0.54794520547945,4,"Beijing, Beijing, China",CH,CH22,13001,39.9289,116.388,-1898541,3,"Washington, District of Columbia, United States",US,USDC,DC001,38.8951,-77.0364,531871,4,"Beijing, Beijing, China",CH,CH22,13001,39.9289,116.388,-1898541,20170612010000,Engage in diplomatic cooperation,Verbal cooperation
663977988,20170612,201706,CHN,BEIJING,CHN,,,,,,,,USA,WASHINGTON,USA,,,,,,,,1,043,043,04,1,2.8,6,1,6,-1.5625,4,"Beijing, Beijing, China",CH,CH22,13001,39.9289,116.388,-1898541,3,"Washington, District of Columbia, United States",US,USDC,DC001,38.8951,-77.0364,531871,4,"Beijing, Beijing, China",CH,CH22,13001,39.9289,116.388,-1898541,20170612014500,Consult,Verbal cooperation
663977989,20170612,201706,CHN,BEIJING,CHN,,,,,,,,USA,WASHINGTON,USA,,,,,,,,1,046,046,04,1,7.0,6,1,6,-1.5625,4,"Beijing, Beijing, China",CH,CH22,13001,39.9289,116.388,-1898541,3,"Washington, District of Columbia, United States",US,USDC,DC001,38.8951,-77.0364,531871,3,"Washington, District of Columbia, United States",US,USDC,DC001,38.8951,-77.0364,531871,20170612014500,Consult,Verbal cooperation
663979146,20170612,201706,USA,WASHINGTON,USA,,,,,,,,CHN,BEIJING,CHN,,,,,,,,1,042,042,04,1,1.9,6,1,6,-1.5625,3,"Washington, District of Columbia, United States",US,USDC,DC001,38.8951,-77.0364,531871,4,"Beijing, Beijing, China",CH,CH22,13001,39.9289,116.388,-1898541,4,"Beijing, Beijing, China",CH,CH22,13001,39.9289,116.388,-1898541,20170612014500,Consult,Verbal cooperation
663979147,20170612,201706,USA,WASHINGTON,USA,,,,,,,,CHN,BEIJING,CHN,,,,,,,,1,046,046,04,1,7.0,6,1,6,-1.5625,3,"Washington, District of Columbia, United States",US,USDC,DC001,38.8951,-77.0364,531871,4,"Beijing, Beijing, China",CH,CH22,13001,39.9289,116.388,-1898541,3,"Washington, District of Columbia, United States",US,USDC,DC001,38.8951,-77.0364,531871,20170612014500,Consult,Verbal cooperation
663990299,20170612,201706,USA,UNITED STATES,USA,,,,,,,,CHN,CHINA,CHN,,,,,,,,1,012,012,01,1,-0.4,6,1,6,2.34375,4,"Hebei, Jilin, China",CH,CH05,13176,43.0999,129.768,10869701,2,"Iowa, United States",US,USIA,,42.0046,-93.214,IA,2,"Iowa, United States",US,USIA,,42.0046,-93.214,IA,20170612030000,Make public statement,Verbal cooperation
663992249,20170612,201706,MNCUSAMED,QUALCOMM,USA,,,,,MNC,MED,,CHN,CHINESE,CHN,,,,,,,,1,111,111,11,3,-2.0,8,1,8,-0.36563071297989,4,"Xiaomi, Fujian, China",CH,CH07,13163,25.2225,116.057,10999868,4,"Xiaomi, Fujian, China",CH,CH07,13163,25.2225,116.057,10999868,4,"Xiaomi, Fujian, China",CH,CH07,13163,25.2225,116.057,10999868,20170612031500,Disapprove,Verbal conflict
663996096,20170612,201706,USAGOV,CALIFORNIA,USA,,,,,GOV,,,CHN,CHINA,CHN,,,,,,,,1,042,042,04,1,1.9,6,1,6,3.44827586206897,1,China,CH,CH,,35.0,105.0,CH,1,China,CH,CH,,35.0,105.0,CH,1,China,CH,CH,,35.0,105.0,CH,20170612034500,Consult,Verbal cooperation
663996509,20170612,201706,CHN,CHINESE,CHN,,,,,,,,USA,AMERICAN,USA,,,,,,,,1,043,043,04,1,2.8,10,1,10,4.93827160493827,1,United States,US,US,,38.0,-97.0,US,1,United States,US,US,,38.0,-97.0,US,1,United States,US,US,,38.0,-97.0,US,20170612040000,Consult,Verbal cooperation
663997430,20170612,201706,USA,AMERICAN,USA,,,,,,,,CHN,CHINESE,CHN,,,,,,,,1,042,042,04,1,1.9,8,1,8,4.93827160493827,1,United States,US,US,,38.0,-97.0,US,1,China,CH,CH,,35.0,105.0,CH,1,United States,US,US,,38.0,-97.0,US,20170612040000,Consult,Verbal cooperation
664001653,20170612,201706,USAMED,REUTERS,USA,,,,,MED,,,CHNCVL,CHINESE,CHN,,,,,CVL,,,1,160,160,16,4,-4.0,6,1,6,-0.64020486555698,4,"Quetta, Balochistan, Pakistan",PK,PK02,23627,30.199,67.0097,-2772048,4,"Beijing, Beijing, China",CH,CH22,13001,39.9289,116.388,-1898541,4,"Beijing, Beijing, China",CH,CH22,13001,39.9289,116.388,-1898541,20170612043000,Reduce relations,Material conflict
664003702,20170612,201706,USAGOV,OBAMA,USA,,,,,GOV,,,CHN,CHINA,CHN,,,,,,,,1,0874,087,08,2,10.0,6,1,6,-1.02857142857143,4,"Beijing, Beijing, China",CH,CH22,13001,39.9289,116.388,-1898541,4,"Beijing, Beijing, China",CH,CH22,13001,39.9289,116.388,-1898541,4,"Beijing, Beijing, China",CH,CH22,13001,39.9289,116.388,-1898541,20170612044500,Yield,Material cooperation
664014569,20170612,201706,CHN,BEIJING,CHN,,,,,,,,USAGOV,THE US,USA,,,,,GOV,,,1,080,080,08,2,5.0,6,1,6,-9.31506849315072,4,"Gwadar, Balochistan, Pakistan",PK,PK02,23616,25.1216,62.3254,-2761961,4,"Beijing, Beijing, China",CH,CH22,13001,39.9289,116.388,-1898541,4,"Beijing, Beijing, China",CH,CH22,13001,39.9289,116.388,-1898541,20170612060000,Yield,Material cooperation
664015326,20170612,201706,MNCUSAMED,QUALCOMM,USA,,,,,MNC,MED,,CHN,CHINESE,CHN,,,,,,,,1,111,111,11,3,-2.0,20,1,20,0.65573770491803,1,China,CH,CH,,35.0,105.0,CH,1,China,CH,CH,,35.0,105.0,CH,1,China,CH,CH,,35.0,105.0,CH,20170612060000,Disapprove,Verbal conflict
664047634,20170612,201706,USA,OHIO,USA,,,,,,,,CHN,CHINESE,CHN,,,,,,,,1,114,114,11,3,-2.0,10,1,10,-0.33670033670034,1,China,CH,CH,,35.0,105.0,CH,1,China,CH,CH,,35.0,105.0,CH,1,China,CH,CH,,35.0,105.0,CH,20170612084500,Disapprove,Verbal conflict
664054387,20170612,201706,USA,THE US,USA,,,,,,,,CHN,CHINA,CHN,,,,,,,,1,061,061,06,2,6.4,6,1,6,0.20703933747412,4,"Guizhou, Hubei, China",CH,CH12,13129,31.0167,110.583,-1907618,4,"Guizhou, Hubei, China",CH,CH12,13129,31.0167,110.583,-1907618,4,"Guizhou, Hubei, China",CH,CH12,13129,31.0167,110.583,-1907618,20170612091500,Engage in material cooperation,Material cooperation
664061132,20170612,201706,USAMED,REUTERS,USA,,,,,MED,,,CHNBUS,CHINESE,CHN,,,,,BUS,,,1,071,071,07,2,7.4,6,1,6,-3.28947368421053,4,"Shu Zhang, Shanxi, China",CH,CH24,13248,35.8886,113.409,-1926761,4,"Shu Zhang, Shanxi, China",CH,CH24,13248,35.8886,113.409,-1926761,4,"Shu Zhang, Shanxi, China",CH,CH24,13248,35.8886,113.409,-1926761,20170612094500,Provide aid,Material cooperation
664063284,20170612,201706,CHN,CHINESE,CHN,,,,,,,,USA,CALIFORNIA,USA,,,,,,,,1,020,020,02,1,3.0,6,1,6,-1.67173252279636,1,China,CH,CH,,35.0,105.0,CH,3,"San Francisco County, California, United States",US,USCA,,37.7666,-122.451,277302,3,"San Francisco County, California, United States",US,USCA,,37.7666,-122.451,277302,20170612100000,Appeal,Verbal cooperation
664063287,20170612,201706,CHN,CHINESE,CHN,,,,,,,,USA,LOS ANGELES,USA,,,,,,,,1,057,057,05,1,8.0,10,1,10,1.41176470588235,4,"Beijing, Beijing, China",CH,CH22,13001,39.9289,116.388,-1898541,4,"Beijing, Beijing, China",CH,CH22,13001,39.9289,116.388,-1898541,4,"Beijing, Beijing, China",CH,CH22,13001,39.9289,116.388,-1898541,20170612100000,Engage in diplomatic cooperation,Verbal cooperation
664063295,20170612,201706,CHNGOV,CHINESE,CHN,,,,,GOV,,,USAGOV,LOS ANGELES,USA,,,,,GOV,,,1,011,011,01,1,-0.1,6,1,6,1.41176470588235,4,"Beijing, Beijing, China",CH,CH22,13001,39.9289,116.388,-1898541,4,"Beijing, Beijing, China",CH,CH22,13001,39.9289,116.388,-1898541,4,"Beijing, Beijing, China",CH,CH22,13001,39.9289,116.388,-1898541,20170612100000,Make public statement,Verbal cooperation
664063296,20170612,201706,CHNGOV,CHINESE,CHN,,,,,GOV,,,USAGOV,LOS ANGELES,USA,,,,,GOV,,,1,120,120,12,3,-4.0,6,1,6,1.41176470588235,4,"Beijing, Beijing, China",CH,CH22,13001,39.9289,116.388,-1898541,4,"Beijing, Beijing, China",CH,CH22,13001,39.9289,116.388,-1898541,4,"Beijing, Beijing, China",CH,CH22,13001,39.9289,116.388,-1898541,20170612100000,Reject,Verbal conflict
664064472,20170612,201706,USA,NEW MEXICO,USA,,,,,,,,CHN,CHINA,CHN,,,,,,,,1,036,036,03,1,4.0,10,1,10,1.41843971631206,1,China,CH,CH,,35.0,105.0,CH,1,China,CH,CH,,35.0,105.0,CH,1,China,CH,CH,,35.0,105.0,CH,20170612100000,Express intent to cooperate,Verbal cooperation
664064473,20170612,201706,USA,NEW MEXICO,USA,,,,,,,,CHN,CHINA,CHN,,,,,,,,1,036,036,03,1,4.0,6,1,6,1.61290322580645,1,Israel,IS,IS,,31.5,34.75,IS,1,China,CH,CH,,35.0,105.0,CH,1,China,CH,CH,,35.0,105.0,CH,20170612100000,Express intent to cooperate,Verbal cooperation
664064478,20170612,201706,USA,LOS ANGELES,USA,,,,,,,,CHN,CHINESE,CHN,,,,,,,,1,057,057,05,1,8.0,10,1,10,1.41176470588235,4,"Beijing, Beijing, China",CH,CH22,13001,39.9289,116.388,-1898541,4,"Beijing, Beijing, China",CH,CH22,13001,39.9289,116.388,-1898541,4,"Beijing, Beijing, China",CH,CH22,13001,39.9289,116.388,-1898541,20170612100000,Engage in diplomatic cooperation,Verbal cooperation
664067897,20170612,201706,USA,WASHINGTON,USA,,,,,,,,CHN,CHINA,CHN,,,,,,,,1,020,020,02,1,3.0,20,2,20,-0.644701790735534,3,"Washington, District of Columbia, United States",US,USDC,DC001,38.8951,-77.0364,531871,4,"Lu Kang, Anhui, China",CH,CH01,13144,31.2728,118.337,-1916844,4,"Lu Kang, Anhui, China",CH,CH01,13144,31.2728,118.337,-1916844,20170612101500,Appeal,Verbal cooperation
664070052,20170612,201706,CHN,CHINA,CHN,,,,,,,,USA,CALIFORNIA,USA,,,,,,,,1,030,030,03,1,4.0,16,1,8,2.26130653266331,4,"Sichuan, Gansu, China",CH,CH15,13024,35.1221,105.48,10650455,2,"California, United States",US,USCA,,36.17,-119.746,CA,4,"Sichuan, Gansu, China",CH,CH15,13024,35.1221,105.48,10650455,20170612103000,Express intent to cooperate,Verbal cooperation
664070055,20170612,201706,CHN,CHINA,CHN,,,,,,,,USA,CALIFORNIA,USA,,,,,,,,1,050,050,05,1,3.5,16,1,8,2.26130653266331,4,"Sichuan, Gansu, China",CH,CH15,13024,35.1221,105.48,10650455,2,"California, United States",US,USCA,,36.17,-119.746,CA,4,"Sichuan, Gansu, China",CH,CH15,13024,35.1221,105.48,10650455,20170612103000,Engage in diplomatic cooperation,Verbal cooperation
664070057,20170612,201706,CHN,CANTON,CHN,,,,,,,,USAEDU,LAWRENCE,USA,,,,,EDU,,,1,020,020,02,1,3.0,10,1,10,2.28310502283105,1,Canada,CA,CA,,60.0,-95.0,CA,1,Canada,CA,CA,,60.0,-95.0,CA,1,Canada,CA,CA,,60.0,-95.0,CA,20170612103000,Appeal,Verbal cooperation
664071569,20170612,201706,USA,WASHINGTON,USA,,,,,,,,CHN,CHINA,CHN,,,,,,,,1,020,020,02,1,3.0,6,1,6,0.0,4,"Beijing, Beijing, China",CH,CH22,13001,39.9289,116.388,-1898541,4,"Philippine, Benguet, Philippines",RP,RP10,24213,16.45,120.55,-2445611,1,Russia,RS,RS,,60.0,100.0,RS,20170612103000,Appeal,Verbal cooperation
664071572,20170612,201706,USA,CALIFORNIA,USA,,,,,,,,CHN,CHINA,CHN,,,,,,,,1,030,030,03,1,4.0,8,1,8,2.26130653266331,2,"California, United States",US,USCA,,36.17,-119.746,CA,4,"Sichuan, Gansu, China",CH,CH15,13024,35.1221,105.48,10650455,4,"Sichuan, Gansu, China",CH,CH15,13024,35.1221,105.48,10650455,20170612103000,Express intent to cooperate,Verbal cooperation
664071574,20170612,201706,USA,CALIFORNIA,USA,,,,,,,,CHN,CHINA,CHN,,,,,,,,1,030,030,03,1,4.0,8,1,8,2.26130653266331,2,"California, United States",US,USCA,,36.17,-119.746,CA,2,"California, United States",US,USCA,,36.17,-119.746,CA,2,"California, United States",US,USCA,,36.17,-119.746,CA,20170612103000,Express intent to cooperate,Verbal cooperation
664071577,20170612,201706,USA,CALIFORNIA,USA,,,,,,,,CHN,CHINA,CHN,,,,,,,,1,050,050,05,1,3.5,16,1,8,2.26130653266331,2,"California, United States",US,USCA,,36.17,-119.746,CA,4,"Sichuan, Gansu, China",CH,CH15,13024,35.1221,105.48,10650455,4,"Sichuan, Gansu, China",CH,CH15,13024,35.1221,105.48,10650455,20170612103000,Engage in diplomatic cooperation,Verbal cooperation
664083455,20170612,201706,CHN,CHINA,CHN,,,,,,,,USA,UNITED STATES OF AMERICA,USA,,,,,,,,1,017,017,01,1,0.0,7,1,7,1.96078431372549,4,"Beidaihe, Hebei, China",CH,CH10,13077,39.8558,119.415,-1898441,1,United States,US,US,,38.0,-97.0,US,1,United States,US,US,,38.0,-97.0,US,20170612113000,Make public statement,Verbal cooperation
664083467,20170612,201706,CHN,CHINA,CHN,,,,,,,,USA,UNITED STATES,USA,,,,,,,,1,054,054,05,1,6.0,10,1,10,-0.22813688212927,4,"Shanghai, Shanghai, China",CH,CH23,13243,31.2222,121.458,-1924465,4,"Shanghai, Shanghai, China",CH,CH23,13243,31.2222,121.458,-1924465,4,"Shanghai, Shanghai, China",CH,CH23,13243,31.2222,121.458,-1924465,20170612113000,Engage in diplomatic cooperation,Verbal cooperation
664085391,20170612,201706,USA,A US,USA,,,,,,,,CHNGOV,CHINESE,CHN,,,,,GOV,,,1,195,195,19,4,-10.0,10,1,10,-2.04081632653062,1,China,CH,CH,,35.0,105.0,CH,1,China,CH,CH,,35.0,105.0,CH,1,China,CH,CH,,35.0,105.0,CH,20170612113000,Fight,Material conflict
664092268,20170612,201706,CHN,CHINESE,CHN,,,,,,,,USAGOV,NASA,USA,,,,,GOV,,,1,036,036,03,1,4.0,10,1,10,4.96277915632754,4,"Yang Liping, Hubei, China",CH,CH12,13129,31.4718,112.072,11020977,4,"Yang Liping, Hubei, China",CH,CH12,13129,31.4718,112.072,11020977,4,"Yang Liping, Hubei, China",CH,CH12,13129,31.4718,112.072,11020977,20170612120000,Express intent to cooperate,Verbal cooperation
664094089,20170612,201706,USAGOV,NASA,USA,,,,,GOV,,,CHN,CHINESE,CHN,,,,,,,,1,036,036,03,1,4.0,10,1,10,4.96277915632754,1,Morocco,MO,MO,,32.0,-5.0,MO,4,"Shanghai, Shanghai, China",CH,CH23,13243,31.2222,121.458,-1924465,4,"Shanghai, Shanghai, China",CH,CH23,13243,31.2222,121.458,-1924465,20170612120000,Express intent to cooperate,Verbal cooperation
664104959,20170612,201706,CHN,CHINESE,CHN,,,,,,,,USA,UNITED STATES,USA,,,,,,,,1,042,042,04,1,1.9,9,1,8,0.80536912751678,4,"Fuzhou, Fujian, China",CH,CH07,13005,26.0614,119.306,-1905938,4,"Fuzhou, Fujian, China",CH,CH07,13005,26.0614,119.306,-1905938,4,"Fuzhou, Fujian, China",CH,CH07,13005,26.0614,119.306,-1905938,20170612130000,Consult,Verbal cooperation
664106614,20170612,201706,USA,UNITED STATES,USA,,,,,,,,CHN,CHINESE,CHN,,,,,,,,1,043,043,04,1,2.8,7,1,7,0.80536912751678,3,"Mount Morris, New York, United States",US,USNY,NY051,42.7256,-77.8742,957862,4,"Zhao Lin, Yunnan, China",CH,CH29,13308,24.0985,103.411,10279551,3,"Mount Morris, New York, United States",US,USNY,,42.7256,-77.8742,957862,20170612130000,Consult,Verbal cooperation
664114079,20170612,201706,CHN,CHINA,CHN,,,,,,,,USA,UNITED STATES,USA,,,,,,,,1,030,030,03,1,4.0,8,1,8,-0.418410041841,1,China,CH,CH,,35.0,105.0,CH,3,"Washington, District of Columbia, United States",US,USDC,DC001,38.8951,-77.0364,531871,1,Germany,GM,GM,,51.0,9.0,GM,20170612134500,Express intent to cooperate,Verbal cooperation
664114084,20170612,201706,CHNBUS,CHINESE,CHN,,,,,BUS,,,USA,THE US,USA,,,,,,,,1,061,061,06,2,6.4,6,1,6,-3.19767441860465,1,China,CH,CH,,35.0,105.0,CH,1,United States,US,US,,38.0,-97.0,US,1,United States,US,US,,38.0,-97.0,US,20170612134500,Engage in material cooperation,Material cooperation
664115969,20170612,201706,USA,UNITED STATES,USA,,,,,,,,CHN,CHINA,CHN,,,,,,,,1,030,030,03,1,4.0,8,1,8,-0.418410041841,3,"Washington, District of Columbia, United States",US,USDC,DC001,38.8951,-77.0364,531871,1,China,CH,CH,,35.0,105.0,CH,1,Germany,GM,GM,,51.0,9.0,GM,20170612134500,Express intent to cooperate,Verbal cooperation
664115973,20170612,201706,USA,THE US,USA,,,,,,,,CHNBUS,CHINESE,CHN,,,,,BUS,,,1,060,060,06,2,6.0,6,1,6,-3.19767441860465,1,United States,US,US,,38.0,-97.0,US,1,China,CH,CH,,35.0,105.0,CH,1,China,CH,CH,,35.0,105.0,CH,20170612134500,Engage in material cooperation,Material cooperation
664115974,20170612,201706,USA,THE US,USA,,,,,,,,CHNBUS,CHINESE,CHN,,,,,BUS,,,1,061,061,06,2,6.4,6,1,6,-3.19767441860465,1,United States,US,US,,38.0,-97.0,US,1,China,CH,CH,,35.0,105.0,CH,1,United States,US,US,,38.0,-97.0,US,20170612134500,Engage in material cooperation,Material cooperation
664120566,20170612,201706,USA,UNITED STATES,USA,,,,,,,,CHN,CHINESE,CHN,,,,,,,,1,020,020,02,1,3.0,12,1,12,-1.16279069767442,1,United States,US,US,,38.0,-97.0,US,1,China,CH,CH,,35.0,105.0,CH,1,Canada,CA,CA,,60.0,-95.0,CA,20170612140000,Appeal,Verbal cooperation
664131254,20170612,201706,CHN,CHINA,CHN,,,,,,,,USA,UNITED STATES,USA,,,,,,,,1,043,043,04,1,2.8,6,1,6,1.20772946859903,1,China,CH,CH,,35.0,105.0,CH,1,United States,US,US,,38.0,-97.0,US,1,China,CH,CH,,35.0,105.0,CH,20170612150000,Consult,Verbal cooperation
664133069,20170612,201706,USA,UNITED STATES,USA,,,,,,,,CHN,CHINA,CHN,,,,,,,,1,042,042,04,1,1.9,10,1,10,1.20772946859903,4,"Bangalore, Karnataka, India",IN,IN19,70159,12.9833,77.5833,-2090174,4,"Bangalore, Karnataka, India",IN,IN19,70159,12.9833,77.5833,-2090174,4,"Bangalore, Karnataka, India",IN,IN19,70159,12.9833,77.5833,-2090174,20170612150000,Consult,Verbal cooperation
664136392,20170612,201706,CHN,CHINA,CHN,,,,,,,,USA,CALIFORNIA,USA,,,,,,,,1,057,057,05,1,8.0,10,1,10,-0.48426150121065,4,"Beijing, Beijing, China",CH,CH22,13001,39.9289,116.388,-1898541,2,"California, United States",US,USCA,,36.17,-119.746,CA,2,"California, United States",US,USCA,,36.17,-119.746,CA,20170612151500,Engage in diplomatic cooperation,Verbal cooperation
664147151,20170612,201706,CHN,CHINA,CHN,,,,,,,,USAGOV,THE US,USA,,,,,GOV,,,1,043,043,04,1,2.8,10,1,10,4.58404074702886,4,"Great Wall, China (general), China",CH,CH00,13077,39.9667,119.8,-1930117,4,"Great Wall, China (general), China",CH,CH00,13077,39.9667,119.8,-1930117,4,"Great Wall, China (general), China",CH,CH00,13077,39.9667,119.8,-1930117,20170612154500,Consult,Verbal cooperation
664149312,20170612,201706,USAGOV,THE US,USA,,,,,GOV,,,CHN,CHINA,CHN,,,,,,,,1,042,042,04,1,1.9,10,1,10,4.58404074702886,4,"Badaling, Beijing, China",CH,CH22,13001,40.3333,115.983,-1896998,4,"Badaling, Beijing, China",CH,CH22,13001,40.3333,115.983,-1896998,4,"Badaling, Beijing, China",CH,CH22,13001,40.3333,115.983,-1896998,20170612154500,Consult,Verbal cooperation
664158439,20160612,201606,CHN,CHINA,CHN,,,,,,,,USAMED,REUTERS,USA,,,,,MED,,,1,010,010,01,1,0.0,16,3,16,-0.226569094366587,1,China,CH,CH,,35.0,105.0,CH,1,China,CH,CH,,35.0,105.0,CH,1,China,CH,CH,,35.0,105.0,CH,20170612164500,Make public statement,Verbal cooperation
664162360,20170612,201706,CHN,CHINA,CHN,,,,,,,,USA,AMERICAN,USA,,,,,,,,1,192,192,19,4,-9.5,6,1,6,-4.31818181818182,1,China,CH,CH,,35.0,105.0,CH,3,"Washington, District of Columbia, United States",US,USDC,DC001,38.8951,-77.0364,531871,3,"Washington, District of Columbia, United States",US,USDC,DC001,38.8951,-77.0364,531871,20170612170000,Fight,Material conflict
664170893,20170612,201706,USAGOV,US OFFICIAL,USA,,,,,GOV,,,CHN,BEIJING,CHN,,,,,,,,1,163,163,16,4,-8.0,6,1,6,-3.46020761245675,4,"Pyongyang, P'yongyang-si, North Korea",KN,KN12,39681,39.0194,125.755,-183459,4,"Beijing, Beijing, China",CH,CH22,13001,39.9289,116.388,-1898541,4,"Pyongyang, P'yongyang-si, North Korea",KN,KN12,39681,39.0194,125.755,-183459,20170612171500,Reduce relations,Material conflict
664173146,20170612,201706,CHNGOV,XI JINPING,CHN,,,,,GOV,,,USA,WASHINGTON,USA,,,,,,,,1,042,042,04,1,1.9,8,1,8,0.99700897308076,4,"New Delhi, Delhi, India",IN,IN07,17911,28.6,77.2,-2106102,4,"New Delhi, Delhi, India",IN,IN07,17911,28.6,77.2,-2106102,4,"New Delhi, Delhi, India",IN,IN07,17911,28.6,77.2,-2106102,20170612173000,Consult,Verbal cooperation
664175030,20170612,201706,USA,WASHINGTON,USA,,,,,,,,CHNGOV,XI JINPING,CHN,,,,,GOV,,,1,043,043,04,1,2.8,7,1,7,0.99700897308076,3,"Washington, District of Columbia, United States",US,USDC,DC001,38.8951,-77.0364,531871,1,China,CH,CH,,35.0,105.0,CH,3,"Washington, District of Columbia, United States",US,USDC,DC001,38.8951,-77.0364,531871,20170612173000,Consult,Verbal cooperation
664187991,20170612,201706,USA,NEW YORK,USA,,,,,,,,CHN,CHINESE,CHN,,,,,,,,1,112,112,11,3,-2.0,8,1,8,-7.32323232323232,4,"Ma Jian, Zhejiang, China",CH,CH02,13325,29.3102,119.599,-1917647,4,"Ma Jian, Zhejiang, China",CH,CH02,13325,29.3102,119.599,-1917647,4,"Ma Jian, Zhejiang, China",CH,CH02,13325,29.3102,119.599,-1917647,20170612181500,Disapprove,Verbal conflict
664200328,20170612,201706,USA,CALIFORNIA,USA,,,,,,,,CHN,CHINESE,CHN,,,,,,,,1,013,013,01,1,0.4,10,1,10,-0.79051383399209,4,"Shandong, Jiangsu, China",CH,CH04,13151,32.9793,118.852,11415469,4,"Shandong, Jiangsu, China",CH,CH04,13151,32.9793,118.852,11415469,4,"Shandong, Jiangsu, China",CH,CH04,13151,32.9793,118.852,11415469,20170612193000,Make public statement,Verbal cooperation
664202708,20170612,201706,CHN,CANTON,CHN,,,,,,,,USA,LAWRENCE,USA,,,,,,,,1,040,040,04,1,1.0,10,1,10,0.0,0,,,,,,,,0,,,,,,,,0,,,,,,,,20170612194500,Consult,Verbal cooperation
664202711,20170612,201706,CHNEDU,CHINESE,CHN,,,,,EDU,,,USA,ILLINOIS,USA,,,,,,,,1,043,043,04,1,2.8,6,1,6,-2.0979020979021,1,China,CH,CH,,35.0,105.0,CH,2,"Illinois, United States",US,USIL,,40.3363,-89.0022,IL,1,China,CH,CH,,35.0,105.0,CH,20170612194500,Consult,Verbal cooperation
664204504,20170612,201706,USA,LAWRENCE,USA,,,,,,,,CHN,CANTON,CHN,,,,,,,,1,040,040,04,1,1.0,10,1,10,0.0,0,,,,,,,,0,,,,,,,,0,,,,,,,,20170612194500,Consult,Verbal cooperation
664204508,20170612,201706,USA,ILLINOIS,USA,,,,,,,,CHNEDU,CHINESE,CHN,,,,,EDU,,,1,042,042,04,1,1.9,8,1,8,-2.0979020979021,3,"Champaign, Illinois, United States",US,USIL,IL019,40.1164,-88.2434,405936,3,"Champaign, Illinois, United States",US,USIL,IL019,40.1164,-88.2434,405936,3,"Champaign, Illinois, United States",US,USIL,IL019,40.1164,-88.2434,405936,20170612194500,Consult,Verbal cooperation
664207030,20170612,201706,USA,ILLINOIS,USA,,,,,,,,CHNEDU,CHINESE,CHN,,,,,EDU,,,1,042,042,04,1,1.9,8,1,8,-1.86335403726708,2,"Illinois, United States",US,USIL,,40.3363,-89.0022,IL,2,"Illinois, United States",US,USIL,,40.3363,-89.0022,IL,2,"Illinois, United States",US,USIL,,40.3363,-89.0022,IL,20170612200000,Consult,Verbal cooperation
664212428,20170612,201706,USA,UNITED STATES,USA,,,,,,,,CHN,CHINA,CHN,,,,,,,,1,080,080,08,2,5.0,6,1,6,1.6304347826087,1,China,CH,CH,,35.0,105.0,CH,1,China,CH,CH,,35.0,105.0,CH,1,China,CH,CH,,35.0,105.0,CH,20170612201500,Yield,Material cooperation
664226434,20170612,201706,CHN,CHINA,CHN,,,,,,,,USA,UNITED STATES,USA,,,,,,,,1,040,040,04,1,1.0,6,1,6,1.77838577291382,4,"Beijing, Beijing, China",CH,CH22,13001,39.9289,116.388,-1898541,2,"Texas, United States",US,USTX,,31.106,-97.6475,TX,2,"Texas, United States",US,USTX,,31.106,-97.6475,TX,20170612214500,Consult,Verbal cooperation
664227929,20170612,201706,USA,UNITED STATES,USA,,,,,,,,CHN,CHINA,CHN,,,,,,,,1,040,040,04,1,1.0,6,1,6,1.77838577291382,2,"Texas, United States",US,USTX,,31.106,-97.6475,TX,4,"Beijing, Beijing, China",CH,CH22,13001,39.9289,116.388,-1898541,2,"Texas, United States",US,USTX,,31.106,-97.6475,TX,20170612214500,Consult,Verbal cooperation
664227933,20170612,201706,USA,WASHINGTON,USA,,,,,,,,CHN,CHINA,CHN,,,,,,,,1,163,163,16,4,-8.0,10,1,10,-1.08108108108108,3,"Washington, District of Columbia, United States",US,USDC,DC001,38.8951,-77.0364,531871,1,China,CH,CH,,35.0,105.0,CH,1,China,CH,CH,,35.0,105.0,CH,20170612214500,Reduce relations,Material conflict
664230079,20170612,201706,CHN,CHINA,CHN,,,,,,,,USA,WASHINGTON,USA,,,,,,,,1,036,036,03,1,4.0,10,1,10,2.37467018469657,3,"Washington, District of Columbia, United States",US,USDC,DC001,38.8951,-77.0364,531871,1,China,CH,CH,,35.0,105.0,CH,1,China,CH,CH,,35.0,105.0,CH,20170612220000,Express intent to cooperate,Verbal cooperation
664232837,20160612,201606,USA,UNITED STATES,USA,,,,,,,,CHN,CHINA,CHN,,,,,,,,1,061,061,06,2,6.4,6,1,6,0.0,1,United States,US,US,,38.0,-97.0,US,1,China,CH,CH,,35.0,105.0,CH,1,United States,US,US,,38.0,-97.0,US,20170612221500,Engage in material cooperation,Material cooperation
664233263,20170612,201706,CHN,BEIJING,CHN,,,,,,,,USA,ARIZONA,USA,,,,,,,,1,042,042,04,1,1.9,10,1,10,-4.73684210526316,2,"Arizona, United States",US,USAZ,,33.7712,-111.388,AZ,2,"Arizona, United States",US,USAZ,,33.7712,-111.388,AZ,2,"Arizona, United States",US,USAZ,,33.7712,-111.388,AZ,20170612221500,Consult,Verbal cooperation
664234507,20170612,201706,USA,ARIZONA,USA,,,,,,,,CHN,BEIJING,CHN,,,,,,,,1,043,043,04,1,2.8,10,1,10,-4.73684210526316,2,"Arizona, United States",US,USAZ,,33.7712,-111.388,AZ,2,"Arizona, United States",US,USAZ,,33.7712,-111.388,AZ,2,"Arizona, United States",US,USAZ,,33.7712,-111.388,AZ,20170612221500,Consult,Verbal cooperation
664246777,20170612,201706,USA,ORLANDO,USA,,,,,,,,CHN,CHINESE,CHN,,,,,,,,1,042,042,04,1,1.9,6,1,6,0.44994375703037,3,"Philadelphia, Pennsylvania, United States",US,USPA,PA101,39.9523,-75.1638,1209052,3,"Philadelphia, Pennsylvania, United States",US,USPA,PA101,39.9523,-75.1638,1209052,3,"Philadelphia, Pennsylvania, United States",US,USPA,PA101,39.9523,-75.1638,1209052,20170612231500,Consult,Verbal cooperation
664249995,20170612,201706,USA,UNITED STATES,USA,,,,,,,,CHN,CHINA,CHN,,,,,,,,1,061,061,06,2,6.4,10,1,10,2.36220472440945,1,China,CH,CH,,35.0,105.0,CH,2,"Nebraska, United States",US,USNE,,41.1289,-98.2883,NE,2,"Nebraska, United States",US,USNE,,41.1289,-98.2883,NE,20170612233000,Engage in material cooperation,Material cooperation
664252765,20170612,201706,USA,ILLINOIS,USA,,,,,,,,CHN,CHINA,CHN,,,,,,,,1,042,042,04,1,1.9,6,1,6,-1.9108280254777,3,"Champaign, Illinois, United States",US,USIL,IL019,40.1164,-88.2434,405936,3,"Champaign, Illinois, United States",US,USIL,IL019,40.1164,-88.2434,405936,3,"Champaign, Illinois, United States",US,USIL,IL019,40.1164,-88.2434,405936,20170612234500,Consult,Verbal cooperation
664254179,20170613,201706,CHN,SHANGHAI,CHN,,,,,,,,MNCUSA,XEROX,USA,,,,,MNC,,,1,036,036,03,1,4.0,10,1,10,-7.5187969924812,4,"Shanghai, Shanghai, China",CH,CH23,13243,31.2222,121.458,-1924465,4,"Shanghai, Shanghai, China",CH,CH23,13243,31.2222,121.458,-1924465,4,"Shanghai, Shanghai, China",CH,CH23,13243,31.2222,121.458,-1924465,20170613000000,Express intent to cooperate,Verbal cooperation
664254188,20170613,201706,CHN,CHINA,CHN,,,,,,,,USA,UNITED STATES,USA,,,,,,,,1,172,172,17,4,-5.0,6,1,6,0.0,4,"Beijing, Beijing, China",CH,CH22,13001,39.9289,116.388,-1898541,4,"Beijing, Beijing, China",CH,CH22,13001,39.9289,116.388,-1898541,4,"Beijing, Beijing, China",CH,CH22,13001,39.9289,116.388,-1898541,20170613000000,Coerce,Material conflict
664254191,20170613,201706,CHNEDU,CHINESE,CHN,,,,,EDU,,,USA,ILLINOIS,USA,,,,,,,,1,043,043,04,1,2.8,6,1,6,-1.28205128205128,1,China,CH,CH,,35.0,105.0,CH,2,"Illinois, United States",US,USIL,,40.3363,-89.0022,IL,1,China,CH,CH,,35.0,105.0,CH,20170613000000,Consult,Verbal cooperation
664256325,20170613,201706,MNCUSA,XEROX,USA,,,,,MNC,,,CHN,SHANGHAI,CHN,,,,,,,,1,036,036,03,1,4.0,6,1,6,-7.5187969924812,1,New Zealand,NZ,NZ,,-41.0,174.0,NZ,1,New Zealand,NZ,NZ,,-41.0,174.0,NZ,1,New Zealand,NZ,NZ,,-41.0,174.0,NZ,20170613000000,Express intent to cooperate,Verbal cooperation
664257576,20170613,201706,USA,ILLINOIS,USA,,,,,,,,CHNEDU,CHINESE,CHN,,,,,EDU,,,1,042,042,04,1,1.9,8,1,8,-1.28205128205128,3,"Champaign, Illinois, United States",US,USIL,IL019,40.1164,-88.2434,405936,3,"Champaign, Illinois, United States",US,USIL,IL019,40.1164,-88.2434,405936,3,"Champaign, Illinois, United States",US,USIL,IL019,40.1164,-88.2434,405936,20170613000000,Consult,Verbal cooperation
664262253,20170613,201706,CHN,CHINESE,CHN,,,,,,,,USA,OREGON,USA,,,,,,,,1,036,036,03,1,4.0,8,1,8,3.79310344827586,2,"Oregon, United States",US,USOR,,44.5672,-122.127,OR,4,"Beijing, Beijing, China",CH,CH22,13001,39.9289,116.388,-1898541,4,"Beijing, Beijing, China",CH,CH22,13001,39.9289,116.388,-1898541,20170613001500,Express intent to cooperate,Verbal cooperation
664262254,20170613,201706,CHN,CHINESE,CHN,,,,,,,,USA,PORTLAND,USA,,,,,,,,1,040,040,04,1,1.0,10,1,10,3.79310344827586,4,"Beijing, Beijing, China",CH,CH22,13001,39.9289,116.388,-1898541,3,"Portland, Oregon, United States",US,USOR,OR051,45.5235,-122.676,1136645,4,"Beijing, Beijing, China",CH,CH22,13001,39.9289,116.388,-1898541,20170613001500,Consult,Verbal cooperation
664262256,20170613,201706,CHN,CHINESE,CHN,,,,,,,,USA,ORLANDO,USA,,,,,,,,1,043,043,04,1,2.8,6,1,6,0.44994375703037,1,China,CH,CH,,35.0,105.0,CH,1,China,CH,CH,,35.0,105.0,CH,1,China,CH,CH,,35.0,105.0,CH,20170613001500,Consult,Verbal cooperation
664262258,20170613,201706,CHN,CHINA,CHN,,,,,,,,USA,THE US,USA,,,,,,,,1,061,061,06,2,6.4,10,1,10,1.11731843575419,4,"Wang Yang, Anhui, China",CH,CH01,12998,31.0781,118.037,10555137,4,"Wang Yang, Anhui, China",CH,CH01,12998,31.0781,118.037,10555137,4,"Wang Yang, Anhui, China",CH,CH01,12998,31.0781,118.037,10555137,20170613001500,Engage in material cooperation,Material cooperation
664264563,20170613,201706,USA,PORTLAND,USA,,,,,,,,CHN,CHINESE,CHN,,,,,,,,1,040,040,04,1,1.0,10,1,10,3.79310344827586,3,"Portland, Oregon, United States",US,USOR,OR051,45.5235,-122.676,1136645,4,"Beijing, Beijing, China",CH,CH22,13001,39.9289,116.388,-1898541,4,"Beijing, Beijing, China",CH,CH22,13001,39.9289,116.388,-1898541,20170613001500,Consult,Verbal cooperation
664264564,20170613,201706,USA,ORLANDO,USA,,,,,,,,CHN,CHINESE,CHN,,,,,,,,1,042,042,04,1,1.9,6,1,6,0.44994375703037,3,"Philadelphia, Pennsylvania, United States",US,USPA,PA101,39.9523,-75.1638,1209052,3,"Philadelphia, Pennsylvania, United States",US,USPA,PA101,39.9523,-75.1638,1209052,3,"Philadelphia, Pennsylvania, United States",US,USPA,PA101,39.9523,-75.1638,1209052,20170613001500,Consult,Verbal cooperation
664264566,20170613,201706,USA,THE US,USA,,,,,,,,CHN,CHINA,CHN,,,,,,,,1,061,061,06,2,6.4,10,1,10,1.11731843575419,4,"Wang Yang, Anhui, China",CH,CH01,12998,31.0781,118.037,10555137,4,"Wang Yang, Anhui, China",CH,CH01,12998,31.0781,118.037,10555137,4,"Wang Yang, Anhui, China",CH,CH01,12998,31.0781,118.037,10555137,20170613001500,Engage in material cooperation,Material cooperation
664264569,20170613,201706,USA,ILLINOIS,USA,,,,,,,,CHNEDU,CHINESE,CHN,,,,,EDU,,,1,042,042,04,1,1.9,6,1,6,-2.5,3,"Urbana, Illinois, United States",US,USIL,IL019,40.1106,-88.2073,420182,3,"Urbana, Illinois, United States",US,USIL,IL019,40.1106,-88.2073,420182,3,"Urbana, Illinois, United States",US,USIL,IL019,40.1106,-88.2073,420182,20170613001500,Consult,Verbal cooperation
664264570,20170613,201706,USA,ILLINOIS,USA,,,,,,,,CHNEDU,CHINESE,CHN,,,,,EDU,,,1,042,042,04,1,1.9,6,1,6,-2.5,2,"Illinois, United States",US,USIL,,40.3363,-89.0022,IL,1,China,CH,CH,,35.0,105.0,CH,1,China,CH,CH,,35.0,105.0,CH,20170613001500,Consult,Verbal cooperation
664274142,20170613,201706,USA,UNITED STATES,USA,,,,,,,,CHN,CHINA,CHN,,,,,,,,1,0311,031,03,1,5.2,8,1,8,3.92156862745098,1,China,CH,CH,,35.0,105.0,CH,1,China,CH,CH,,35.0,105.0,CH,1,China,CH,CH,,35.0,105.0,CH,20170613004500,Express intent to cooperate,Verbal cooperation
664276802,20170613,201706,CHN,CHINA,CHN,,,,,,,,USA,IOWA,USA,,,,,,,,1,043,043,04,1,2.8,8,1,8,-0.7981755986317,4,"Hebei, Jilin, China",CH,CH05,13176,43.0999,129.768,10869701,2,"Iowa, United States",US,USIA,,42.0046,-93.214,IA,4,"Hebei, Jilin, China",CH,CH05,13176,43.0999,129.768,10869701,20170613010000,Consult,Verbal cooperation
664278892,20170613,201706,USA,IOWA,USA,,,,,,,,CHN,CHINA,CHN,,,,,,,,1,042,042,04,1,1.9,8,1,8,-0.7981755986317,2,"Iowa, United States",US,USIA,,42.0046,-93.214,IA,4,"Hebei, Jilin, China",CH,CH05,13176,43.0999,129.768,10869701,4,"Hebei, Jilin, China",CH,CH05,13176,43.0999,129.768,10869701,20170613010000,Consult,Verbal cooperation
664278895,20170613,201706,USA,UNITED STATES,USA,,,,,,,,CHN,CHINA,CHN,,,,,,,,1,080,080,08,2,5.0,6,1,6,1.35823429541596,1,China,CH,CH,,35.0,105.0,CH,1,China,CH,CH,,35.0,105.0,CH,1,China,CH,CH,,35.0,105.0,CH,20170613010000,Yield,Material cooperation
664285027,20170613,201706,CHN,CHINA,CHN,,,,,,,,USA,UNITED STATES,USA,,,,,,,,1,030,030,03,1,4.0,12,6,12,-1.13002180581735,3,"Washington, District of Columbia, United States",US,USDC,DC001,38.8951,-77.0364,531871,3,"Washington, District of Columbia, United States",US,USDC,DC001,38.8951,-77.0364,531871,1,China,CH,CH,,35.0,105.0,CH,20170613013000,Express intent to cooperate,Verbal cooperation
664285028,20170613,201706,CHN,CHINA,CHN,,,,,,,,USA,UNITED STATES,USA,,,,,,,,1,030,030,03,1,4.0,48,6,48,-1.13002180581735,1,China,CH,CH,,35.0,105.0,CH,3,"Washington, District of Columbia, United States",US,USDC,DC001,38.8951,-77.0364,531871,1,China,CH,CH,,35.0,105.0,CH,20170613013000,Express intent to cooperate,Verbal cooperation
664285030,20170613,201706,CHN,CHINA,CHN,,,,,,,,USA,UNITED STATES,USA,,,,,,,,1,030,030,03,1,4.0,44,5,42,0.0561129038644273,1,China,CH,CH,,35.0,105.0,CH,1,United States,US,US,,38.0,-97.0,US,1,China,CH,CH,,35.0,105.0,CH,20170613013000,Express intent to cooperate,Verbal cooperation
664285031,20170613,201706,CHN,CHINA,CHN,,,,,,,,USA,UNITED STATES,USA,,,,,,,,1,030,030,03,1,4.0,10,5,10,-0.07499455574913,1,United States,US,US,,38.0,-97.0,US,1,United States,US,US,,38.0,-97.0,US,1,China,CH,CH,,35.0,105.0,CH,20170613013000,Express intent to cooperate,Verbal cooperation
664286399,20170613,201706,USA,UNITED STATES,USA,,,,,,,,CHN,CHINA,CHN,,,,,,,,1,030,030,03,1,4.0,18,2,18,-0.714540907466951,3,"Washington, District of Columbia, United States",US,USDC,DC001,38.8951,-77.0364,531871,3,"Washington, District of Columbia, United States",US,USDC,DC001,38.8951,-77.0364,531871,3,"Washington, District of Columbia, United States",US,USDC,DC001,38.8951,-77.0364,531871,20170613013000,Express intent to cooperate,Verbal cooperation
664286400,20170613,201706,USA,UNITED STATES,USA,,,,,,,,CHN,CHINA,CHN,,,,,,,,1,030,030,03,1,4.0,6,1,6,0.0,1,China,CH,CH,,35.0,105.0,CH,3,"Washington, District of Columbia, United States",US,USDC,DC001,38.8951,-77.0364,531871,3,"Washington, District of Columbia, United States",US,USDC,DC001,38.8951,-77.0364,531871,20170613013000,Express intent to cooperate,Verbal cooperation
664286402,20170613,201706,USA,UNITED STATES,USA,,,,,,,,CHN,CHINA,CHN,,,,,,,,1,030,030,03,1,4.0,64,9,58,-0.78884648128269,1,China,CH,CH,,35.0,105.0,CH,1,China,CH,CH,,35.0,105.0,CH,1,China,CH,CH,,35.0,105.0,CH,20170613013000,Express intent to cooperate,Verbal cooperation
664286404,20170613,201706,USA,UNITED STATES,USA,,,,,,,,CHN,CHINA,CHN,,,,,,,,1,030,030,03,1,4.0,12,2,12,0.0,1,China,CH,CH,,35.0,105.0,CH,1,United States,US,US,,38.0,-97.0,US,1,United States,US,US,,38.0,-97.0,US,20170613013000,Express intent to cooperate,Verbal cooperation
664286406,20170613,201706,USA,UNITED STATES,USA,,,,,,,,CHN,CHINA,CHN,,,,,,,,1,030,030,03,1,4.0,10,1,10,0.0,1,United States,US,US,,38.0,-97.0,US,1,United States,US,US,,38.0,-97.0,US,1,United States,US,US,,38.0,-97.0,US,20170613013000,Express intent to cooperate,Verbal cooperation
664286407,20170613,201706,USA,UNITED STATES,USA,,,,,,,,CHN,CHINA,CHN,,,,,,,,1,035,035,03,1,7.0,12,6,12,-1.13002180581735,3,"Washington, District of Columbia, United States",US,USDC,DC001,38.8951,-77.0364,531871,3,"Washington, District of Columbia, United States",US,USDC,DC001,38.8951,-77.0364,531871,1,China,CH,CH,,35.0,105.0,CH,20170613013000,Express intent to cooperate,Verbal cooperation
664286408,20170613,201706,USA,UNITED STATES,USA,,,,,,,,CHN,CHINA,CHN,,,,,,,,1,035,035,03,1,7.0,48,6,48,-1.13002180581735,3,"Washington, District of Columbia, United States",US,USDC,DC001,38.8951,-77.0364,531871,1,China,CH,CH,,35.0,105.0,CH,1,China,CH,CH,,35.0,105.0,CH,20170613013000,Express intent to cooperate,Verbal cooperation
664286410,20170613,201706,USA,UNITED STATES,USA,,,,,,,,CHN,CHINA,CHN,,,,,,,,1,035,035,03,1,7.0,44,5,42,0.0561129038644273,1,United States,US,US,,38.0,-97.0,US,1,China,CH,CH,,35.0,105.0,CH,1,China,CH,CH,,35.0,105.0,CH,20170613013000,Express intent to cooperate,Verbal cooperation
664286411,20170613,201706,USA,UNITED STATES,USA,,,,,,,,CHN,CHINA,CHN,,,,,,,,1,035,035,03,1,7.0,10,5,10,-0.07499455574913,1,United States,US,US,,38.0,-97.0,US,1,United States,US,US,,38.0,-97.0,US,1,China,CH,CH,,35.0,105.0,CH,20170613013000,Express intent to cooperate,Verbal cooperation
664286607,20170613,201706,USAGOV,US OFFICIAL,USA,,,,,GOV,,,CHN,CHINA,CHN,,,,,,,,1,015,015,01,1,0.0,10,1,10,-3.10077519379845,4,"Beijing, Beijing, China",CH,CH22,13001,39.9289,116.388,-1898541,4,"Beijing, Beijing, China",CH,CH22,13001,39.9289,116.388,-1898541,4,"Beijing, Beijing, China",CH,CH22,13001,39.9289,116.388,-1898541,20170613013000,Make public statement,Verbal cooperation
664288356,20170613,201706,CHN,CHINA,CHN,,,,,,,,USA,UNITED STATES,USA,,,,,,,,1,030,030,03,1,4.0,6,1,6,-3.58565737051793,4,"Beijing, Beijing, China",CH,CH22,13001,39.9289,116.388,-1898541,3,"Washington, District of Columbia, United States",US,USDC,DC001,38.8951,-77.0364,531871,4,"Beijing, Beijing, China",CH,CH22,13001,39.9289,116.388,-1898541,20170613014500,Express intent to cooperate,Verbal cooperation
664289876,20170613,201706,USA,UNITED STATES,USA,,,,,,,,CHN,CHINA,CHN,,,,,,,,1,030,030,03,1,4.0,6,1,6,-3.58565737051793,3,"Washington, District of Columbia, United States",US,USDC,DC001,38.8951,-77.0364,531871,4,"Beijing, Beijing, China",CH,CH22,13001,39.9289,116.388,-1898541,4,"Beijing, Beijing, China",CH,CH22,13001,39.9289,116.388,-1898541,20170613014500,Express intent to cooperate,Verbal cooperation
664289878,20170613,201706,USA,UNITED STATES,USA,,,,,,,,CHN,CHINA,CHN,,,,,,,,1,035,035,03,1,7.0,6,1,6,-3.58565737051793,3,"Washington, District of Columbia, United States",US,USDC,DC001,38.8951,-77.0364,531871,4,"Beijing, Beijing, China",CH,CH22,13001,39.9289,116.388,-1898541,4,"Beijing, Beijing, China",CH,CH22,13001,39.9289,116.388,-1898541,20170613014500,Express intent to cooperate,Verbal cooperation
664289880,20170613,201706,USA,UNITED STATES,USA,,,,,,,,CHN,CHINA,CHN,,,,,,,,1,080,080,08,2,5.0,6,1,6,1.32890365448505,4,"Fu Ting, Fujian, China",CH,CH07,13321,27.3273,120.214,-1929046,4,"Fu Ting, Fujian, China",CH,CH07,13321,27.3273,120.214,-1929046,4,"Fu Ting, Fujian, China",CH,CH07,13321,27.3273,120.214,-1929046,20170613014500,Yield,Material cooperation
664289882,20170613,201706,USA,NEW YORK,USA,,,,,,,,CHN,CHINESE,CHN,,,,,,,,1,112,112,11,3,-2.0,8,1,8,-6.29067245119305,4,"Ma Jian, Zhejiang, China",CH,CH02,13325,29.3102,119.599,-1917647,4,"Ma Jian, Zhejiang, China",CH,CH02,13325,29.3102,119.599,-1917647,4,"Ma Jian, Zhejiang, China",CH,CH02,13325,29.3102,119.599,-1917647,20170613014500,Disapprove,Verbal conflict
664290194,20170613,201706,USAMED,WALL STREET JOURNAL,USA,,,,,MED,,,CHNGOV,CHINESE,CHN,,,,,GOV,,,1,020,020,02,1,3.0,6,1,6,-1.95530726256983,4,"Beijing, Beijing, China",CH,CH22,13001,39.9289,116.388,-1898541,4,"Beijing, Beijing, China",CH,CH22,13001,39.9289,116.388,-1898541,4,"Beijing, Beijing, China",CH,CH22,13001,39.9289,116.388,-1898541,20170613014500,Appeal,Verbal cooperation
664293918,20170613,201706,CHN,CHINA,CHN,,,,,,,,USA,THE US,USA,,,,,,,,1,061,061,06,2,6.4,10,1,10,0.0,4,"Kuching, Sarawak, Malaysia",MY,MY11,18585,1.55,110.333,-2402530,4,"Kuching, Sarawak, Malaysia",MY,MY11,18585,1.55,110.333,-2402530,4,"Kuching, Sarawak, Malaysia",MY,MY11,18585,1.55,110.333,-2402530,20170613021500,Engage in material cooperation,Material cooperation
664299389,20170613,201706,USA,NEW MEXICO,USA,,,,,,,,CHN,CHINA,CHN,,,,,,,,1,036,036,03,1,4.0,8,1,8,1.65289256198347,1,China,CH,CH,,35.0,105.0,CH,1,China,CH,CH,,35.0,105.0,CH,1,China,CH,CH,,35.0,105.0,CH,20170613023000,Express intent to cooperate,Verbal cooperation
664307485,20170613,201706,CHN,CHINESE,CHN,,,,,,,,USA,AMERICAN,USA,,,,,,,,1,043,043,04,1,2.8,20,1,20,4.93827160493827,1,United States,US,US,,38.0,-97.0,US,1,United States,US,US,,38.0,-97.0,US,1,United States,US,US,,38.0,-97.0,US,20170613033000,Consult,Verbal cooperation
664308721,20170613,201706,USA,AMERICAN,USA,,,,,,,,CHN,CHINESE,CHN,,,,,,,,1,042,042,04,1,1.9,16,1,16,4.93827160493827,1,United States,US,US,,38.0,-97.0,US,1,China,CH,CH,,35.0,105.0,CH,1,United States,US,US,,38.0,-97.0,US,20170613033000,Consult,Verbal cooperation
664308933,20170613,201706,USAMED,REUTERS,USA,,,,,MED,,,CHN,CHINESE,CHN,,,,,,,,1,120,120,12,3,-4.0,10,1,10,-4.98687664041995,4,"Shanghai, Shanghai, China",CH,CH23,13243,31.2222,121.458,-1924465,4,"Shanghai, Shanghai, China",CH,CH23,13243,31.2222,121.458,-1924465,4,"Shanghai, Shanghai, China",CH,CH23,13243,31.2222,121.458,-1924465,20170613033000,Reject,Verbal conflict
664315483,20170613,201706,USALEG,ARKANSAS,USA,,,,,LEG,,,CHN,CHINA,CHN,,,,,,,,1,051,051,05,1,3.4,6,1,6,1.76056338028169,1,China,CH,CH,,35.0,105.0,CH,1,China,CH,CH,,35.0,105.0,CH,1,China,CH,CH,,35.0,105.0,CH,20170613041500,Engage in diplomatic cooperation,Verbal cooperation
664315484,20170613,201706,USALEG,ARKANSAS,USA,,,,,LEG,,,CHN,CHINA,CHN,,,,,,,,1,061,061,06,2,6.4,6,1,6,1.76056338028169,2,"Arkansas, United States",US,USAR,,34.9513,-92.3809,AR,1,China,CH,CH,,35.0,105.0,CH,1,China,CH,CH,,35.0,105.0,CH,20170613041500,Engage in material cooperation,Material cooperation
664320259,20170613,201706,MNCUSA,GOLDMAN SACHS,USA,,,,,MNC,,,CHN,CHINA,CHN,,,,,,,,1,0211,021,02,1,3.4,10,1,10,1.61616161616162,1,China,CH,CH,,35.0,105.0,CH,1,China,CH,CH,,35.0,105.0,CH,1,China,CH,CH,,35.0,105.0,CH,20170613044500,Appeal,Verbal cooperation
664320260,20170613,201706,MNCUSA,GOLDMAN SACHS,USA,,,,,MNC,,,CHN,CHINA,CHN,,,,,,,,1,051,051,05,1,3.4,10,1,10,1.61616161616162,1,China,CH,CH,,35.0,105.0,CH,1,China,CH,CH,,35.0,105.0,CH,1,China,CH,CH,,35.0,105.0,CH,20170613044500,Engage in diplomatic cooperation,Verbal cooperation
664320870,20170613,201706,USAEDU,US STUDENT,USA,,,,,EDU,,,CHN,CHINA,CHN,,,,,,,,1,110,110,11,3,-2.0,10,1,10,2.22222222222222,4,"Beijing, Beijing, China",CH,CH22,13001,39.9289,116.388,-1898541,4,"Beijing, Beijing, China",CH,CH22,13001,39.9289,116.388,-1898541,4,"Beijing, Beijing, China",CH,CH22,13001,39.9289,116.388,-1898541,20170613044500,Disapprove,Verbal conflict
664323636,20170613,201706,CHN,CHINA,CHN,,,,,,,,USA,UNITED STATES,USA,,,,,,,,1,054,054,05,1,6.0,6,1,6,-0.95419847328244,4,"Beijing, Beijing, China",CH,CH22,13001,39.9289,116.388,-1898541,3,"Washington, District of Columbia, United States",US,USDC,DC001,38.8951,-77.0364,531871,4,"Beijing, Beijing, China",CH,CH22,13001,39.9289,116.388,-1898541,20170613051500,Engage in diplomatic cooperation,Verbal cooperation
664332427,20170613,201706,CHN,CHINA,CHN,,,,,,,,USA,UNITED STATES,USA,,,,,,,,1,054,054,05,1,6.0,6,1,6,-1.11940298507463,4,"Beijing, Beijing, China",CH,CH22,13001,39.9289,116.388,-1898541,3,"Washington, District of Columbia, United States",US,USDC,DC001,38.8951,-77.0364,531871,3,"Washington, District of Columbia, United States",US,USDC,DC001,38.8951,-77.0364,531871,20170613060000,Engage in diplomatic cooperation,Verbal cooperation
664336812,20170613,201706,CHN,CHINA,CHN,,,,,,,,USA,UNITED STATES,USA,,,,,,,,1,030,030,03,1,4.0,14,2,14,3.58780409450658,1,China,CH,CH,,35.0,105.0,CH,2,"Florida, United States",US,USFL,,27.8333,-81.717,FL,2,"Florida, United States",US,USFL,,27.8333,-81.717,FL,20170613061500,Express intent to cooperate,Verbal cooperation
664336815,20170613,201706,CHN,CHINESE,CHN,,,,,,,,USAGOV,NASA,USA,,,,,GOV,,,1,036,036,03,1,4.0,8,1,8,3.81231671554252,1,Morocco,MO,MO,,32.0,-5.0,MO,1,United Kingdom,UK,UK,,54.0,-2.0,UK,1,Morocco,MO,MO,,32.0,-5.0,MO,20170613061500,Express intent to cooperate,Verbal cooperation
664338121,20170613,201706,USA,UNITED STATES,USA,,,,,,,,CHN,CHINA,CHN,,,,,,,,1,035,035,03,1,7.0,11,2,11,3.59211843324457,2,"Florida, United States",US,USFL,,27.8333,-81.717,FL,1,China,CH,CH,,35.0,105.0,CH,1,China,CH,CH,,35.0,105.0,CH,20170613061500,Express intent to cooperate,Verbal cooperation
664338291,20170613,201706,USAGOV,NASA,USA,,,,,GOV,,,CHN,CHINESE,CHN,,,,,,,,1,036,036,03,1,4.0,10,1,10,3.81231671554252,1,United States,US,US,,38.0,-97.0,US,4,"Shanghai, Shanghai, China",CH,CH23,13243,31.2222,121.458,-1924465,4,"Shanghai, Shanghai, China",CH,CH23,13243,31.2222,121.458,-1924465,20170613061500,Express intent to cooperate,Verbal cooperation
664338844,20170613,201706,CHN,CHINA,CHN,,,,,,,,USA,UNITED STATES,USA,,,,,,,,1,030,030,03,1,4.0,8,1,8,-0.97560975609756,1,China,CH,CH,,35.0,105.0,CH,2,"Idaho, United States",US,USID,,44.2394,-114.51,ID,1,China,CH,CH,,35.0,105.0,CH,20170613063000,Express intent to cooperate,Verbal cooperation
664340163,20170613,201706,USA,UNITED STATES,USA,,,,,,,,CHN,CHINA,CHN,,,,,,,,1,030,030,03,1,4.0,8,1,8,-0.97560975609756,2,"Idaho, United States",US,USID,,44.2394,-114.51,ID,1,China,CH,CH,,35.0,105.0,CH,1,China,CH,CH,,35.0,105.0,CH,20170613063000,Express intent to cooperate,Verbal cooperation
664340165,20170613,201706,USA,UNITED STATES,USA,,,,,,,,CHN,CHINA,CHN,,,,,,,,1,035,035,03,1,7.0,8,1,8,-0.97560975609756,2,"Idaho, United States",US,USID,,44.2394,-114.51,ID,1,China,CH,CH,,35.0,105.0,CH,1,China,CH,CH,,35.0,105.0,CH,20170613063000,Express intent to cooperate,Verbal cooperation
664347920,20170613,201706,USAEDU,US STUDENT,USA,,,,,EDU,,,CHN,CHINA,CHN,,,,,,,,1,110,110,11,3,-2.0,6,1,6,2.24719101123595,4,"Peking, Beijing, China",CH,CH22,13001,39.9289,116.388,-1898541,3,"Binghamton, California, United States",US,USCA,CA095,38.3513,-121.823,252630,3,"Binghamton, California, United States",US,USCA,CA095,38.3513,-121.823,252630,20170613070000,Disapprove,Verbal conflict
664349932,20170613,201706,CHN,CHINESE,CHN,,,,,,,,USA,THE US,USA,,,,,,,,1,030,030,03,1,4.0,6,1,6,1.1764705882353,1,China,CH,CH,,35.0,105.0,CH,1,Ireland,EI,EI,,53.0,-8.0,EI,1,Ireland,EI,EI,,53.0,-8.0,EI,20170613071500,Express intent to cooperate,Verbal cooperation
664349934,20170613,201706,CHN,CHINESE,CHN,,,,,,,,USA,THE US,USA,,,,,,,,1,035,035,03,1,7.0,10,1,10,1.1764705882353,1,China,CH,CH,,35.0,105.0,CH,1,China,CH,CH,,35.0,105.0,CH,1,China,CH,CH,,35.0,105.0,CH,20170613071500,Express intent to cooperate,Verbal cooperation
664355784,20170613,201706,CHN,CHINA,CHN,,,,,,,,USA,UNITED STATES,USA,,,,,,,,1,054,054,05,1,6.0,6,1,6,-0.29585798816568,4,"Beijing, Beijing, China",CH,CH22,13001,39.9289,116.388,-1898541,1,United States,US,US,,38.0,-97.0,US,4,"Beijing, Beijing, China",CH,CH22,13001,39.9289,116.388,-1898541,20170613074500,Engage in diplomatic cooperation,Verbal cooperation
664366989,20170613,201706,USA,THE US,USA,,,,,,,,CHN,CHINA,CHN,,,,,,,,1,036,036,03,1,4.0,10,1,10,0.933488914819138,1,United States,US,US,,38.0,-97.0,US,1,United States,US,US,,38.0,-97.0,US,1,United States,US,US,,38.0,-97.0,US,20170613083000,Express intent to cooperate,Verbal cooperation
664366993,20170613,201706,USA,THE US,USA,,,,,,,,CHN,CHINA,CHN,,,,,,,,1,061,061,06,2,6.4,10,1,10,0.23952095808383,4,"Shenghe, Guangdong, China",CH,CH30,13034,22.1207,112.503,10320787,4,"Shenghe, Guangdong, China",CH,CH30,13034,22.1207,112.503,10320787,4,"Shenghe, Guangdong, China",CH,CH30,13034,22.1207,112.503,10320787,20170613083000,Engage in material cooperation,Material cooperation
664378329,20170613,201706,CHN,CHINESE,CHN,,,,,,,,MNCUSA,NETFLIX,USA,,,,,MNC,,,1,090,090,09,2,-2.0,7,1,7,0.55865921787709,4,"Beijing, Beijing, China",CH,CH22,13001,39.9289,116.388,-1898541,4,"Beijing, Beijing, China",CH,CH22,13001,39.9289,116.388,-1898541,4,"Beijing, Beijing, China",CH,CH22,13001,39.9289,116.388,-1898541,20170613094500,Investigate,Material cooperation
664378341,20170613,201706,CHN,CANTON,CHN,,,,,,,,USA,OHIO,USA,,,,,,,,1,042,042,04,1,1.9,6,1,6,-7.03125,1,China,CH,CH,,35.0,105.0,CH,1,China,CH,CH,,35.0,105.0,CH,1,China,CH,CH,,35.0,105.0,CH,20170613094500,Consult,Verbal cooperation
664378344,20170613,201706,CHN,CANTON,CHN,,,,,,,,USA,OHIO,USA,,,,,,,,1,190,190,19,4,-10.0,8,1,8,-7.03125,1,China,CH,CH,,35.0,105.0,CH,2,"Ohio, United States",US,USOH,,40.3736,-82.7755,OH,3,"Stark County, Ohio, United States",US,USOH,,40.8167,-81.3665,1065576,20170613094500,Fight,Material conflict
664380113,20170613,201706,USA,UNITED STATES,USA,,,,,,,,CHN,CHINA,CHN,,,,,,,,1,012,012,01,1,-0.4,10,1,10,-3.52504638218924,2,"Iowa, United States",US,USIA,,42.0046,-93.214,IA,4,"Jiyao, Jiangsu, China",CH,CH04,13150,34.2778,119.253,11265360,2,"Iowa, United States",US,USIA,,42.0046,-93.214,IA,20170613094500,Make public statement,Verbal cooperation
664380114,20170613,201706,USA,OHIO,USA,,,,,,,,CHN,CANTON,CHN,,,,,,,,1,043,043,04,1,2.8,10,1,10,-7.03125,2,"Ohio, United States",US,USOH,,40.3736,-82.7755,OH,1,China,CH,CH,,35.0,105.0,CH,2,"Ohio, United States",US,USOH,,40.3736,-82.7755,OH,20170613094500,Consult,Verbal cooperation
664393877,20170613,201706,CHN,CHINA,CHN,,,,,,,,USA,UNITED STATES,USA,,,,,,,,1,163,163,16,4,-8.0,6,1,6,-6.02189781021897,1,China,CH,CH,,35.0,105.0,CH,3,"Washington, District of Columbia, United States",US,USDC,DC001,38.8951,-77.0364,531871,1,Guam,GQ,GQ,,13.2613,145.096,GQ,20170613104500,Reduce relations,Material conflict
664404458,20170613,201706,CHN,CHINA,CHN,,,,,,,,USA,UNITED STATES,USA,,,,,,,,1,042,042,04,1,1.9,6,1,6,-1.59517901453386,4,"Beijing, Beijing, China",CH,CH22,13001,39.9289,116.388,-1898541,1,United States,US,US,,38.0,-97.0,US,1,United States,US,US,,38.0,-97.0,US,20170613111500,Consult,Verbal cooperation
664406118,20170613,201706,USA,MISSISSIPPI,USA,,,,,,,,CHN,CANTON,CHN,,,,,,,,1,020,020,02,1,3.0,8,1,8,2.72108843537415,2,"Mississippi, United States",US,USMS,,32.7673,-89.6812,MS,1,China,CH,CH,,35.0,105.0,CH,3,"Clarksdale, Mississippi, United States",US,USMS,MS027,34.2001,-90.5709,666084,20170613111500,Appeal,Verbal cooperation
664406120,20170613,201706,USA,MISSISSIPPI,USA,,,,,,,,CHN,CANTON,CHN,,,,,,,,1,032,032,03,1,4.5,8,1,8,2.72108843537415,2,"Mississippi, United States",US,USMS,,32.7673,-89.6812,MS,1,China,CH,CH,,35.0,105.0,CH,3,"Clarksdale, Mississippi, United States",US,USMS,MS027,34.2001,-90.5709,666084,20170613111500,Express intent to cooperate,Verbal cooperation
664406122,20170613,201706,USA,UNITED STATES,USA,,,,,,,,CHN,CHINA,CHN,,,,,,,,1,043,043,04,1,2.8,6,1,6,-1.59517901453386,1,United States,US,US,,38.0,-97.0,US,4,"Beijing, Beijing, China",CH,CH22,13001,39.9289,116.388,-1898541,1,United States,US,US,,38.0,-97.0,US,20170613111500,Consult,Verbal cooperation
664406123,20170613,201706,USA,AMERICAN,USA,,,,,,,,CHN,CHINA,CHN,,,,,,,,1,061,061,06,2,6.4,7,1,7,1.3215859030837,1,United States,US,US,,38.0,-97.0,US,4,"Wang Yang, Anhui, China",CH,CH01,12998,31.0781,118.037,10555137,1,United States,US,US,,38.0,-97.0,US,20170613111500,Engage in material cooperation,Material cooperation
664410773,20170613,201706,USA,WASHINGTON,USA,,,,,,,,CHN,CHINA,CHN,,,,,,,,1,020,020,02,1,3.0,10,1,10,-0.67264573991032,3,"Washington, District of Columbia, United States",US,USDC,DC001,38.8951,-77.0364,531871,4,"Lu Kang, Anhui, China",CH,CH01,13144,31.2728,118.337,-1916844,4,"Lu Kang, Anhui, China",CH,CH01,13144,31.2728,118.337,-1916844,20170613113000,Appeal,Verbal cooperation
664411700,20170613,201706,CHN,CHINA,CHN,,,,,,,,USA,NEW YORK CITY,USA,,,,,,,,1,036,036,03,1,4.0,7,1,7,-1.03092783505155,4,"Baoding, Hebei, China",CH,CH10,13080,38.8511,115.49,-1898076,2,"New York, United States",US,USNY,,42.1497,-74.9384,NY,4,"Baoding, Hebei, China",CH,CH10,13080,38.8511,115.49,-1898076,20170613114500,Express intent to cooperate,Verbal cooperation
664413650,20170613,201706,USA,UNITED STATES,USA,,,,,,,,CHN,CHINA,CHN,,,,,,,,1,0311,031,03,1,5.2,6,1,6,2.64900662251655,2,"Kansas, United States",US,USKS,,38.5111,-96.8005,KS,1,China,CH,CH,,35.0,105.0,CH,1,China,CH,CH,,35.0,105.0,CH,20170613114500,Express intent to cooperate,Verbal cooperation
664413653,20170613,201706,USA,WASHINGTON,USA,,,,,,,,CHN,CHINA,CHN,,,,,,,,1,051,051,05,1,3.4,8,1,8,5.43478260869565,3,"Washington, District of Columbia, United States",US,USDC,DC001,38.8951,-77.0364,531871,1,China,CH,CH,,35.0,105.0,CH,2,"Nebraska, United States",US,USNE,,41.1289,-98.2883,NE,20170613114500,Engage in diplomatic cooperation,Verbal cooperation
664413865,20170613,201706,USALEG,NEBRASKA,USA,,,,,LEG,,,CHN,CHINA,CHN,,,,,,,,1,051,051,05,1,3.4,6,1,6,5.43478260869565,2,"Nebraska, United States",US,USNE,,41.1289,-98.2883,NE,2,"Nebraska, United States",US,USNE,,41.1289,-98.2883,NE,2,"Nebraska, United States",US,USNE,,41.1289,-98.2883,NE,20170613114500,Engage in diplomatic cooperation,Verbal cooperation
664418825,20170613,201706,CHN,SHANGHAI,CHN,,,,,,,,USA,UNITED STATES,USA,,,,,,,,1,173,173,17,4,-5.0,10,1,10,5.17529215358932,4,"Shenzhen, Guangdong, China",CH,CH30,13036,22.2,111.117,-1925267,4,"Shenzhen, Guangdong, China",CH,CH30,13036,22.2,111.117,-1925267,4,"Shenzhen, Guangdong, China",CH,CH30,13036,22.2,111.117,-1925267,20170613120000,Coerce,Material conflict
664440852,20170613,201706,CHN,CHINA,CHN,,,,,,,,MNCUSAMED,MOTOROLA,USA,,,,,MNC,MED,,1,111,111,11,3,-2.0,8,1,8,2.69461077844311,4,"Xiaomi, Fujian, China",CH,CH07,13163,25.2225,116.057,10999868,4,"Xiaomi, Fujian, China",CH,CH07,13163,25.2225,116.057,10999868,4,"Xiaomi, Fujian, China",CH,CH07,13163,25.2225,116.057,10999868,20170613131500,Disapprove,Verbal conflict
664448136,20170613,201706,CHN,CHINA,CHN,,,,,,,,USA,UNITED STATES,USA,,,,,,,,1,042,042,04,1,1.9,6,1,6,-0.84388185654009,2,"North Carolina, United States",US,USNC,,35.6411,-79.8431,NC,2,"North Carolina, United States",US,USNC,,35.6411,-79.8431,NC,2,"North Carolina, United States",US,USNC,,35.6411,-79.8431,NC,20170613134500,Consult,Verbal cooperation
664449981,20170613,201706,USA,UNITED STATES,USA,,,,,,,,CHN,CHINA,CHN,,,,,,,,1,030,030,03,1,4.0,8,1,8,0.0,3,"Washington, District of Columbia, United States",US,USDC,DC001,38.8951,-77.0364,531871,1,China,CH,CH,,35.0,105.0,CH,1,China,CH,CH,,35.0,105.0,CH,20170613134500,Express intent to cooperate,Verbal cooperation
664449982,20170613,201706,USA,UNITED STATES,USA,,,,,,,,CHN,CHINA,CHN,,,,,,,,1,043,043,04,1,2.8,6,1,6,-0.84388185654009,2,"North Carolina, United States",US,USNC,,35.6411,-79.8431,NC,4,"Ching-Ling, China (general), China",CH,CH00,13188,42.4608,125.128,36307,2,"North Carolina, United States",US,USNC,,35.6411,-79.8431,NC,20170613134500,Consult,Verbal cooperation
664452976,20170613,201706,CHN,CHINA,CHN,,,,,,,,MNCUSA,BOEING,USA,,,,,MNC,,,1,186,186,18,4,-10.0,10,1,10,-1.94805194805195,1,China,CH,CH,,35.0,105.0,CH,1,China,CH,CH,,35.0,105.0,CH,1,China,CH,CH,,35.0,105.0,CH,20170613140000,Assault,Material conflict
664478185,20170613,201706,CHN,BEIJING,CHN,,,,,,,,USA,NEW YORK CITY,USA,,,,,,,,1,173,173,17,4,-5.0,10,1,10,-7.37704918032787,4,"Beijing, Beijing, China",CH,CH22,13001,39.9289,116.388,-1898541,4,"Beijing, Beijing, China",CH,CH22,13001,39.9289,116.388,-1898541,4,"Anbang, Zhejiang, China",CH,CH02,13323,30.5336,120.374,11006456,20170613151500,Coerce,Material conflict
664478186,20170613,201706,CHN,CHINESE,CHN,,,,,,,,USA,NEW YORK CITY,USA,,,,,,,,1,173,173,17,4,-5.0,15,2,15,-8.26666666666667,4,"Anbang, Zhejiang, China",CH,CH02,13323,30.5336,120.374,11006456,4,"Anbang, Zhejiang, China",CH,CH02,13323,30.5336,120.374,11006456,4,"Anbang, Zhejiang, China",CH,CH02,13323,30.5336,120.374,11006456,20170613151500,Coerce,Material conflict
664487748,20170613,201706,CHN,CHINA,CHN,,,,,,,,USA,THE US,USA,,,,,,,,1,061,061,06,2,6.4,8,1,8,5.82822085889571,1,China,CH,CH,,35.0,105.0,CH,1,Hong Kong,HK,HK,,22.25,114.167,HK,1,China,CH,CH,,35.0,105.0,CH,20170613160000,Engage in material cooperation,Material cooperation
664493114,20170613,201706,CHN,CHINA,CHN,,,,,,,,USA,UNITED STATES,USA,,,,,,,,1,031,031,03,1,5.2,8,1,8,1.0752688172043,4,"Wanli, Anhui, China",CH,CH01,13144,31.3975,118.608,10519880,3,"Orangeburg County, South Carolina, United States",US,USSC,,33.4335,-80.7665,1248014,4,"Wanli, Anhui, China",CH,CH01,13144,31.3975,118.608,10519880,20170613161500,Express intent to cooperate,Verbal cooperation
664493118,20170613,201706,CHN,CHINA,CHN,,,,,,,,USA,UNITED STATES,USA,,,,,,,,1,141,141,14,3,-6.5,10,1,10,-0.69637883008356,4,"Brussels, Bruxelles-Capitale, Belgium",BE,BE11,5850,50.8333,4.33333,-1955538,4,"Brussels, Bruxelles-Capitale, Belgium",BE,BE11,5850,50.8333,4.33333,-1955538,4,"Brussels, Bruxelles-Capitale, Belgium",BE,BE11,5850,50.8333,4.33333,-1955538,20170613161500,Protest,Verbal conflict
664497700,20170613,201706,CHN,CANTON,CHN,,,,,,,,USA,UNITED STATES,USA,,,,,,,,1,0874,087,08,2,10.0,6,5,6,-5.93848342853819,3,"North Canton, Ohio, United States",US,USOH,OH151,40.8759,-81.4023,1065163,3,"North Canton, Ohio, United States",US,USOH,,40.8759,-81.4023,1065163,3,"North Canton, Ohio, United States",US,USOH,,40.8759,-81.4023,1065163,20170613163000,Yield,Material cooperation
664497701,20170613,201706,CHN,CANTON,CHN,,,,,,,,USA,UNITED STATES,USA,,,,,,,,1,0874,087,08,2,10.0,6,5,6,-5.93848342853819,3,"North Canton, Ohio, United States",US,USOH,OH151,40.8759,-81.4023,1065163,3,"North Royalton, Ohio, United States",US,USOH,,41.3137,-81.7246,1065175,3,"North Royalton, Ohio, United States",US,USOH,,41.3137,-81.7246,1065175,20170613163000,Yield,Material cooperation
664505209,20170613,201706,CHN,CHINESE,CHN,,,,,,,,USA,SOUTH DAKOTA,USA,,,,,,,,1,042,042,04,1,1.9,6,1,6,4.01721664275466,3,"Hollywood, California, United States",US,USCA,CA037,34.0983,-118.327,1660757,3,"Hollywood, California, United States",US,USCA,CA037,34.0983,-118.327,1660757,3,"Hollywood, California, United States",US,USCA,CA037,34.0983,-118.327,1660757,20170613174500,Consult,Verbal cooperation
664507594,20170613,201706,USA,SOUTH DAKOTA,USA,,,,,,,,CHN,CHINESE,CHN,,,,,,,,1,043,043,04,1,2.8,8,1,8,4.01721664275466,2,"South Dakota, United States",US,USSD,,44.2853,-99.4632,SD,1,China,CH,CH,,35.0,105.0,CH,2,"South Dakota, United States",US,USSD,,44.2853,-99.4632,SD,20170613174500,Consult,Verbal cooperation
664507595,20170613,201706,USA,UNITED STATES,USA,,,,,,,,CHN,CANTON,CHN,,,,,,,,1,0874,087,08,2,10.0,22,11,22,-5.05311585779302,3,"North Royalton, Ohio, United States",US,USOH,OH035,41.3137,-81.7246,1065175,3,"North Canton, Ohio, United States",US,USOH,,40.8759,-81.4023,1065163,3,"North Canton, Ohio, United States",US,USOH,,40.8759,-81.4023,1065163,20170613174500,Yield,Material cooperation
664507596,20170613,201706,USA,UNITED STATES,USA,,,,,,,,CHN,CANTON,CHN,,,,,,,,1,0874,087,08,2,10.0,22,11,22,-5.05311585779302,3,"North Royalton, Ohio, United States",US,USOH,OH035,41.3137,-81.7246,1065175,3,"North Royalton, Ohio, United States",US,USOH,,41.3137,-81.7246,1065175,3,"North Royalton, Ohio, United States",US,USOH,,41.3137,-81.7246,1065175,20170613174500,Yield,Material cooperation
664511018,20170613,201706,CHN,CHINA,CHN,,,,,,,,USA,DALLAS,USA,,,,,,,,1,172,172,17,4,-5.0,8,1,8,1.11607142857143,1,China,CH,CH,,35.0,105.0,CH,3,"Dallas, Texas, United States",US,USTX,TX113,32.7831,-96.8067,1380944,3,"Dallas, Texas, United States",US,USTX,TX113,32.7831,-96.8067,1380944,20170613180000,Coerce,Material conflict
664513351,20170613,201706,USA,DALLAS,USA,,,,,,,,CHN,CHINA,CHN,,,,,,,,1,043,043,04,1,2.8,10,1,10,1.11607142857143,3,"Dallas, Texas, United States",US,USTX,TX113,32.7831,-96.8067,1380944,1,China,CH,CH,,35.0,105.0,CH,3,"Dallas, Texas, United States",US,USTX,TX113,32.7831,-96.8067,1380944,20170613180000,Consult,Verbal cooperation
664520942,20170613,201706,CHN,CHINA,CHN,,,,,,,,USA,UNITED STATES,USA,,,,,,,,1,110,110,11,3,-2.0,6,1,6,-3.74501992031873,4,"Vancouver, British Columbia, Canada",CA,CA02,12552,49.25,-123.133,-575268,2,"Montana, United States",US,USMT,,46.9048,-110.326,MT,4,"Vancouver, British Columbia, Canada",CA,CA02,12552,49.25,-123.133,-575268,20170613183000,Disapprove,Verbal conflict
664520945,20170613,201706,CHN,CHINA,CHN,,,,,,,,USA,UNITED STATES,USA,,,,,,,,1,141,141,14,3,-6.5,8,1,8,-3.74501992031873,1,China,CH,CH,,35.0,105.0,CH,3,"Washington, District of Columbia, United States",US,USDC,DC001,38.8951,-77.0364,531871,3,"Washington, District of Columbia, United States",US,USDC,DC001,38.8951,-77.0364,531871,20170613183000,Protest,Verbal conflict
664523250,20170613,201706,USAGUM,GUAM,USA,,,,,,,,CHN,CHINA,CHN,,,,,,,,1,154,154,15,4,-7.2,6,1,6,0.0,4,"South China Sea, Brunei (general), Brunei",BX,BX00,,15.0,115.0,-1337919,1,Guam,GQ,GQ,,13.2613,145.096,GQ,1,Guam,GQ,GQ,,13.2613,145.096,GQ,20170613183000,Exhibit force posture,Material conflict
664540082,20170613,201706,USA,WASHINGTON,USA,,,,,,,,CHN,CHINA,CHN,,,,,,,,1,051,051,05,1,3.4,6,1,6,-8.47457627118642,3,"Washington, District of Columbia, United States",US,USDC,DC001,38.8951,-77.0364,531871,1,China,CH,CH,,35.0,105.0,CH,2,"Idaho, United States",US,USID,,44.2394,-114.51,ID,20170613193000,Engage in diplomatic cooperation,Verbal cooperation
664540083,20170613,201706,USA,NEW YORK,USA,,,,,,,,CHN,CHINA,CHN,,,,,,,,1,120,120,12,3,-4.0,10,1,10,-1.31578947368421,4,"Anbang, Zhejiang, China",CH,CH02,13323,30.5336,120.374,11006456,4,"Anbang, Zhejiang, China",CH,CH02,13323,30.5336,120.374,11006456,4,"Anbang, Zhejiang, China",CH,CH02,13323,30.5336,120.374,11006456,20170613193000,Reject,Verbal conflict
664540084,20170613,201706,USA,WASHINGTON,USA,,,,,,,,CHN,CHINA,CHN,,,,,,,,1,172,172,17,4,-5.0,6,1,6,-8.47457627118642,3,"Washington, District of Columbia, United States",US,USDC,DC001,38.8951,-77.0364,531871,1,China,CH,CH,,35.0,105.0,CH,2,"Idaho, United States",US,USID,,44.2394,-114.51,ID,20170613193000,Coerce,Material conflict
664541122,20170613,201706,CHN,BEIJING,CHN,,,,,,,,USA,UNITED STATES,USA,,,,,,,,1,054,054,05,1,6.0,8,1,8,-0.28901734104046,4,"Panama Canal, Panama (general), Panama",PM,PM00,93681,9.33333,-79.9167,-168010,4,"Beijing, Beijing, China",CH,CH22,13001,39.9289,116.388,-1898541,4,"Taipei, T'ai-pei, Taiwan",TW,TW03,13277,25.0478,121.532,-2637882,20170613201500,Engage in diplomatic cooperation,Verbal cooperation
664545847,20170613,201706,CHN,CHINA,CHN,,,,,,,,USA,IOWA,USA,,,,,,,,1,061,061,06,2,6.4,7,1,7,1.0840108401084,1,China,CH,CH,,35.0,105.0,CH,2,"Iowa, United States",US,USIA,,42.0046,-93.214,IA,1,China,CH,CH,,35.0,105.0,CH,20170613203000,Engage in material cooperation,Material cooperation
664550410,20170613,201706,CHN,CANTON,CHN,,,,,,,,USAGOV,OHIO,USA,,,,,GOV,,,1,112,112,11,3,-2.0,64,7,64,-8.13070573016899,3,"North Royalton, Ohio, United States",US,USOH,OH035,41.3137,-81.7246,1065175,3,"North Royalton, Ohio, United States",US,USOH,,41.3137,-81.7246,1065175,3,"North Royalton, Ohio, United States",US,USOH,,41.3137,-81.7246,1065175,20170613204500,Disapprove,Verbal conflict
664550411,20170613,201706,CHN,CANTON,CHN,,,,,,,,USAGOV,UNITED STATES,USA,,,,,GOV,,,1,112,112,11,3,-2.0,6,3,6,-8.3743842364532,3,"Cleveland, Ohio, United States",US,USOH,OH035,41.4995,-81.6954,1066654,3,"North Royalton, Ohio, United States",US,USOH,,41.3137,-81.7246,1065175,3,"Cleveland, Ohio, United States",US,USOH,OH035,41.4995,-81.6954,1066654,20170613204500,Disapprove,Verbal conflict
664552234,20170613,201706,USA,UNITED STATES,USA,,,,,,,,CHN,CHINA,CHN,,,,,,,,1,030,030,03,1,4.0,8,1,8,0.0,1,Mexico,MX,MX,,23.0,-102.0,MX,1,Mexico,MX,MX,,23.0,-102.0,MX,1,Mexico,MX,MX,,23.0,-102.0,MX,20170613204500,Express intent to cooperate,Verbal cooperation
664554448,20170613,201706,CHN,CHINESE,CHN,,,,,,,,USAGOV,HILLARY CLINTON,USA,,,,,GOV,,,1,0231,023,02,1,3.4,6,1,6,-1.51515151515152,1,China,CH,CH,,35.0,105.0,CH,1,China,CH,CH,,35.0,105.0,CH,1,China,CH,CH,,35.0,105.0,CH,20170613210000,Appeal,Verbal cooperation
664554451,20170613,201706,CHN,CANTON,CHN,,,,,,,,USAGOV,OHIO,USA,,,,,GOV,,,1,112,112,11,3,-2.0,8,1,8,-8.05687203791469,2,"Ohio, United States",US,USOH,,40.3736,-82.7755,OH,2,"Ohio, United States",US,USOH,,40.3736,-82.7755,OH,3,"North Royalton, Ohio, United States",US,USOH,,41.3137,-81.7246,1065175,20170613210000,Disapprove,Verbal conflict
664557323,20160613,201606,CHN,SHANGHAI,CHN,,,,,,,,USA,ORLANDO,USA,,,,,,,,1,111,111,11,3,-2.0,10,1,10,4.27446569178853,4,"Carlton, Saskatchewan, Canada",CA,CA11,154724,52.8167,-106.5,-562235,4,"Carlton, Saskatchewan, Canada",CA,CA11,154724,52.8167,-106.5,-562235,4,"Carlton, Saskatchewan, Canada",CA,CA11,154724,52.8167,-106.5,-562235,20170613211500,Disapprove,Verbal conflict
664565252,20170612,201706,CHN,CHINA,CHN,,,,,,,,USA,UNITED STATES,USA,,,,,,,,1,054,054,05,1,6.0,6,1,6,-2.87769784172662,4,"Beijing, Beijing, China",CH,CH22,13001,39.9289,116.388,-1898541,1,United States,US,US,,38.0,-97.0,US,4,"Beijing, Beijing, China",CH,CH22,13001,39.9289,116.388,-1898541,20170613214500,Engage in diplomatic cooperation,Verbal cooperation
664569755,20170613,201706,CHN,SHANGHAI,CHN,,,,,,,,USA,SEATTLE,USA,,,,,,,,1,043,043,04,1,2.8,10,1,10,0.900900900900899,4,"Shanghai, Shanghai, China",CH,CH23,13243,31.2222,121.458,-1924465,4,"Shanghai, Shanghai, China",CH,CH23,13243,31.2222,121.458,-1924465,4,"Shanghai, Shanghai, China",CH,CH23,13243,31.2222,121.458,-1924465,20170613220000,Consult,Verbal cooperation
664584670,20170613,201706,USA,NEW YORK CITY,USA,,,,,,,,CHN,CHINESE,CHN,,,,,,,,1,017,017,01,1,0.0,10,1,10,6.55737704918033,3,"Times Square, New York, United States",US,USNY,NY061,40.757,-73.986,967537,4,"London, London, City of, United Kingdom",UK,UKH9,40110,51.5,-0.116667,-2601889,3,"Times Square, New York, United States",US,USNY,,40.757,-73.986,967537,20170613230000,Make public statement,Verbal cooperation
664584678,20170613,201706,USA,AMERICAN,USA,,,,,,,,CHN,CHINA,CHN,,,,,,,,1,051,051,05,1,3.4,8,1,8,6.88073394495413,1,United States,US,US,,38.0,-97.0,US,4,"Guangzhou, Guangdong, China",CH,CH30,13033,23.1167,113.25,-1907161,1,United States,US,US,,38.0,-97.0,US,20170613230000,Engage in diplomatic cooperation,Verbal cooperation
664586574,20170613,201706,CHN,CHINA,CHN,,,,,,,,USAMED,REUTERS,USA,,,,,MED,,,1,172,172,17,4,-5.0,10,1,10,-3.64842454394693,4,"Beijing, Beijing, China",CH,CH22,13001,39.9289,116.388,-1898541,4,"Anbang, Zhejiang, China",CH,CH02,13323,30.5336,120.374,11006456,4,"Beijing, Beijing, China",CH,CH22,13001,39.9289,116.388,-1898541,20170613231500,Coerce,Material conflict
664588230,20170613,201706,USAMED,REUTERS,USA,,,,,MED,,,CHN,CHINA,CHN,,,,,,,,1,120,120,12,3,-4.0,10,1,10,-3.64842454394693,4,"Anbang, Zhejiang, China",CH,CH02,13323,30.5336,120.374,11006456,4,"Beijing, Beijing, China",CH,CH22,13001,39.9289,116.388,-1898541,4,"Beijing, Beijing, China",CH,CH22,13001,39.9289,116.388,-1898541,20170613231500,Reject,Verbal conflict
664589820,20170613,201706,CHN,CHINA,CHN,,,,,,,,USA,AMERICAN,USA,,,,,,,,1,080,080,08,2,5.0,6,1,6,0.0,1,China,CH,CH,,35.0,105.0,CH,1,United States,US,US,,38.0,-97.0,US,1,China,CH,CH,,35.0,105.0,CH,20170613233000,Yield,Material cooperation
664592551,20170614,201706,CHN,CHINA,CHN,,,,,,,,USA,THE US,USA,,,,,,,,1,0311,031,03,1,5.2,10,1,10,0.58027079303675,4,"Shanghai, Shanghai, China",CH,CH23,13243,31.2222,121.458,-1924465,4,"Shanghai, Shanghai, China",CH,CH23,13243,31.2222,121.458,-1924465,4,"Shanghai, Shanghai, China",CH,CH23,13243,31.2222,121.458,-1924465,20170614000000,Express intent to cooperate,Verbal cooperation
664592554,20170614,201706,CHN,CHINA,CHN,,,,,,,,USA,THE US,USA,,,,,,,,1,061,061,06,2,6.4,10,1,10,0.58027079303675,4,"Shanghai, Shanghai, China",CH,CH23,13243,31.2222,121.458,-1924465,4,"Shanghai, Shanghai, China",CH,CH23,13243,31.2222,121.458,-1924465,4,"Shanghai, Shanghai, China",CH,CH23,13243,31.2222,121.458,-1924465,20170614000000,Engage in material cooperation,Material cooperation
664606143,20170614,201706,CHN,CHINA,CHN,,,,,,,,USA,SAN DIEGO,USA,,,,,,,,1,043,043,04,1,2.8,6,1,6,0.35087719298245,4,"Zhanjiang, Guangdong, China",CH,CH30,13035,21.2815,110.343,-1938422,4,"Zhanjiang, Guangdong, China",CH,CH30,13035,21.2815,110.343,-1938422,4,"Zhanjiang, Guangdong, China",CH,CH30,13035,21.2815,110.343,-1938422,20170614003000,Consult,Verbal cooperation
664608468,20170614,201706,USA,SAN DIEGO,USA,,,,,,,,CHN,CHINA,CHN,,,,,,,,1,042,042,04,1,1.9,8,1,8,0.35087719298245,1,Japan,JA,JA,,36.0,138.0,JA,1,Japan,JA,JA,,36.0,138.0,JA,1,Japan,JA,JA,,36.0,138.0,JA,20170614003000,Consult,Verbal cooperation
664611505,20170614,201706,CHN,CHINA,CHN,,,,,,,,USA,SOUTH DAKOTA,USA,,,,,,,,1,081,081,08,2,5.0,10,1,10,-2.55102040816327,2,"South Dakota, United States",US,USSD,,44.2853,-99.4632,SD,2,"South Dakota, United States",US,USSD,,44.2853,-99.4632,SD,2,"South Dakota, United States",US,USSD,,44.2853,-99.4632,SD,20170614004500,Yield,Material cooperation
664611507,20170614,201706,CHN,CHINA,CHN,,,,,,,,USA,SOUTH DAKOTA,USA,,,,,,,,1,163,163,16,4,-8.0,12,1,10,-2.55102040816327,1,China,CH,CH,,35.0,105.0,CH,2,"South Dakota, United States",US,USSD,,44.2853,-99.4632,SD,1,China,CH,CH,,35.0,105.0,CH,20170614004500,Reduce relations,Material conflict
664611510,20170614,201706,CHN,CHINA,CHN,,,,,,,,USAMED,REUTERS,USA,,,,,MED,,,1,172,172,17,4,-5.0,13,2,13,-4.23745157874875,4,"Beijing, Beijing, China",CH,CH22,13001,39.9289,116.388,-1898541,4,"Anbang, Zhejiang, China",CH,CH02,13323,30.5336,120.374,11006456,4,"Beijing, Beijing, China",CH,CH22,13001,39.9289,116.388,-1898541,20170614004500,Coerce,Material conflict
664614171,20170614,201706,USAMED,REUTERS,USA,,,,,MED,,,CHN,CHINA,CHN,,,,,,,,1,120,120,12,3,-4.0,13,2,13,-4.23745157874875,4,"Anbang, Zhejiang, China",CH,CH02,13323,30.5336,120.374,11006456,4,"Beijing, Beijing, China",CH,CH22,13001,39.9289,116.388,-1898541,4,"Beijing, Beijing, China",CH,CH22,13001,39.9289,116.388,-1898541,20170614004500,Reject,Verbal conflict
664614881,20170614,201706,CHN,CANTON,CHN,,,,,,,,USAGOV,OHIO,USA,,,,,GOV,,,1,112,112,11,3,-2.0,8,1,8,-8.91566265060241,3,"North Royalton, Ohio, United States",US,USOH,OH035,41.3137,-81.7246,1065175,3,"North Royalton, Ohio, United States",US,USOH,,41.3137,-81.7246,1065175,3,"North Royalton, Ohio, United States",US,USOH,,41.3137,-81.7246,1065175,20170614010000,Disapprove,Verbal conflict
664625897,20170614,201706,USAMED,WALL STREET JOURNAL,USA,,,,,MED,,,CHNGOV,CHINESE,CHN,,,,,GOV,,,1,020,020,02,1,3.0,6,1,6,-4.65753424657534,4,"Beijing, Beijing, China",CH,CH22,13001,39.9289,116.388,-1898541,4,"Beijing, Beijing, China",CH,CH22,13001,39.9289,116.388,-1898541,4,"Beijing, Beijing, China",CH,CH22,13001,39.9289,116.388,-1898541,20170614013000,Appeal,Verbal cooperation
664639322,20170614,201706,CHN,CHINESE,CHN,,,,,,,,USA,LOS ANGELES,USA,,,,,,,,1,042,042,04,1,1.9,6,1,6,0.47846889952153,1,China,CH,CH,,35.0,105.0,CH,1,China,CH,CH,,35.0,105.0,CH,1,China,CH,CH,,35.0,105.0,CH,20170614023000,Consult,Verbal cooperation
664640911,20170614,201706,USA,UNITED STATES,USA,,,,,,,,CHN,CHINA,CHN,,,,,,,,1,015,015,01,1,0.0,6,1,6,0.28050490883591,5,"Tibet, Xizang, China",CH,CH14,13213,32.0,90.0,-1934604,5,"Tibet, Xizang, China",CH,CH14,13213,32.0,90.0,-1934604,5,"Tibet, Xizang, China",CH,CH14,13213,32.0,90.0,-1934604,20170614023000,Make public statement,Verbal cooperation
664640917,20170614,201706,USA,LOS ANGELES,USA,,,,,,,,CHN,CHINESE,CHN,,,,,,,,1,043,043,04,1,2.8,6,1,6,0.47846889952153,1,China,CH,CH,,35.0,105.0,CH,1,China,CH,CH,,35.0,105.0,CH,1,China,CH,CH,,35.0,105.0,CH,20170614023000,Consult,Verbal cooperation
664641980,20170614,201706,CHN,CHINA,CHN,,,,,,,,USA,AMERICAN,USA,,,,,,,,1,010,010,01,1,0.0,10,1,10,-3.69181380417336,1,China,CH,CH,,35.0,105.0,CH,1,United States,US,US,,38.0,-97.0,US,1,China,CH,CH,,35.0,105.0,CH,20170614030000,Make public statement,Verbal cooperation
664641981,20170614,201706,CHN,CHINA,CHN,,,,,,,,USA,UNITED STATES,USA,,,,,,,,1,020,020,02,1,3.0,8,1,8,0.0,4,"Anbang, Zhejiang, China",CH,CH02,13323,30.5336,120.374,11006456,3,"White House, District of Columbia, United States",US,USDC,,38.8951,-77.0364,531871,3,"White House, District of Columbia, United States",US,USDC,,38.8951,-77.0364,531871,20170614030000,Appeal,Verbal cooperation
664641985,20170614,201706,CHN,CHINESE,CHN,,,,,,,,USA,LOS ANGELES,USA,,,,,,,,1,042,042,04,1,1.9,6,1,6,-1.88902007083825,1,Japan,JA,JA,,36.0,138.0,JA,1,Japan,JA,JA,,36.0,138.0,JA,1,Japan,JA,JA,,36.0,138.0,JA,20170614030000,Consult,Verbal cooperation
664647425,20170614,201706,USA,THE US,USA,,,,,,,,CHN,CHINA,CHN,,,,,,,,1,061,061,06,2,6.4,6,1,6,0.23391812865497,3,"Ballard County, Kentucky, United States",US,USKY,KY007,37.0501,-89.0006,516850,3,"Ballard County, Kentucky, United States",US,USKY,,37.0501,-89.0006,516850,3,"Ballard County, Kentucky, United States",US,USKY,,37.0501,-89.0006,516850,20170614031500,Engage in material cooperation,Material cooperation
664648239,20170614,201706,CHN,CHINA,CHN,,,,,,,,USA,IOWA,USA,,,,,,,,1,043,043,04,1,2.8,8,1,8,-0.71513706793802,4,"Hebei, Jilin, China",CH,CH05,13176,43.0999,129.768,10869701,2,"Iowa, United States",US,USIA,,42.0046,-93.214,IA,4,"Hebei, Jilin, China",CH,CH05,13176,43.0999,129.768,10869701,20170614033000,Consult,Verbal cooperation
664649396,20170614,201706,USA,IOWA,USA,,,,,,,,CHN,CHINA,CHN,,,,,,,,1,042,042,04,1,1.9,8,1,8,-0.71513706793802,2,"Iowa, United States",US,USIA,,42.0046,-93.214,IA,4,"Hebei, Jilin, China",CH,CH05,13176,43.0999,129.768,10869701,4,"Hebei, Jilin, China",CH,CH05,13176,43.0999,129.768,10869701,20170614033000,Consult,Verbal cooperation
664662821,20170614,201706,CHN,BEIJING,CHN,,,,,,,,USA,UNITED STATES,USA,,,,,,,,1,054,054,05,1,6.0,6,1,6,-1.30111524163568,4,"Beijing, Beijing, China",CH,CH22,13001,39.9289,116.388,-1898541,3,"Washington, District of Columbia, United States",US,USDC,DC001,38.8951,-77.0364,531871,4,"Beijing, Beijing, China",CH,CH22,13001,39.9289,116.388,-1898541,20170614044500,Engage in diplomatic cooperation,Verbal cooperation
664664106,20170614,201706,USA,CALIFORNIA,USA,,,,,,,,CHN,CHINA,CHN,,,,,,,,1,010,010,01,1,0.0,10,1,10,-2.20125786163522,2,"California, United States",US,USCA,,36.17,-119.746,CA,1,China,CH,CH,,35.0,105.0,CH,1,China,CH,CH,,35.0,105.0,CH,20170614044500,Make public statement,Verbal cooperation
664665835,20170614,201706,CHN,CHINA,CHN,,,,,,,,USAGOV,OBAMA,USA,,,,,GOV,,,1,080,080,08,2,5.0,10,1,10,1.51133501259446,1,China,CH,CH,,35.0,105.0,CH,1,China,CH,CH,,35.0,105.0,CH,1,China,CH,CH,,35.0,105.0,CH,20170614050000,Yield,Material cooperation
664668760,20170614,201706,CHN,CHINA,CHN,,,,,,,,USA,UNITED STATES,USA,,,,,,,,1,042,042,04,1,1.9,6,1,6,-0.920245398773011,4,"Shanghai, Shanghai, China",CH,CH23,13243,31.2222,121.458,-1924465,4,"Shanghai, Shanghai, China",CH,CH23,13243,31.2222,121.458,-1924465,4,"Shanghai, Shanghai, China",CH,CH23,13243,31.2222,121.458,-1924465,20170614051500,Consult,Verbal cooperation
664668761,20170614,201706,CHN,CHINA,CHN,,,,,,,,USAGOV,OBAMA,USA,,,,,GOV,,,1,080,080,08,2,5.0,13,2,13,1.53692221253237,4,"Kyoto, Kyoto, Japan",JA,JA22,35033,35.0,135.75,-235402,4,"Kyoto, Kyoto, Japan",JA,JA22,35033,35.0,135.75,-235402,4,"Kyoto, Kyoto, Japan",JA,JA22,35033,35.0,135.75,-235402,20170614051500,Yield,Material cooperation
664668762,20170614,201706,CHN,BEIJING,CHN,,,,,,,,USAMED,REUTERS,USA,,,,,MED,,,1,012,012,01,1,-0.4,10,1,10,-2.96096904441453,1,Canada,CA,CA,,60.0,-95.0,CA,1,Canada,CA,CA,,60.0,-95.0,CA,1,Canada,CA,CA,,60.0,-95.0,CA,20170614051500,Make public statement,Verbal cooperation
664670173,20170614,201706,USA,UNITED STATES,USA,,,,,,,,CHN,CHINA,CHN,,,,,,,,1,043,043,04,1,2.8,6,1,6,-0.920245398773011,2,"North Carolina, United States",US,USNC,,35.6411,-79.8431,NC,4,"Ching-Ling, China (general), China",CH,CH00,13188,42.4608,125.128,36307,4,"Ching-Ling, China (general), China",CH,CH00,13188,42.4608,125.128,36307,20170614051500,Consult,Verbal cooperation
664671955,20170614,201706,CHN,CHINESE,CHN,,,,,,,,USA,THE US,USA,,,,,,,,1,030,030,03,1,4.0,10,1,10,0.95238095238095,1,China,CH,CH,,35.0,105.0,CH,1,China,CH,CH,,35.0,105.0,CH,1,China,CH,CH,,35.0,105.0,CH,20170614053000,Express intent to cooperate,Verbal cooperation
664671956,20170614,201706,CHN,CHINA,CHN,,,,,,,,USA,UNITED STATES,USA,,,,,,,,1,042,042,04,1,1.9,6,1,6,-0.89020771513353,2,"North Carolina, United States",US,USNC,,35.6411,-79.8431,NC,2,"North Carolina, United States",US,USNC,,35.6411,-79.8431,NC,2,"North Carolina, United States",US,USNC,,35.6411,-79.8431,NC,20170614053000,Consult,Verbal cooperation
664671959,20170614,201706,CHN,CHINA,CHN,,,,,,,,USA,UNITED STATES OF AMERICA,USA,,,,,,,,1,061,061,06,2,6.4,6,1,6,5.23690773067331,1,China,CH,CH,,35.0,105.0,CH,2,"New York, United States",US,USNY,,42.1497,-74.9384,NY,1,China,CH,CH,,35.0,105.0,CH,20170614053000,Engage in material cooperation,Material cooperation
664673232,20170614,201706,USA,THE US,USA,,,,,,,,CHN,CHINESE,CHN,,,,,,,,1,030,030,03,1,4.0,8,1,8,0.95238095238095,1,China,CH,CH,,35.0,105.0,CH,1,China,CH,CH,,35.0,105.0,CH,1,China,CH,CH,,35.0,105.0,CH,20170614053000,Express intent to cooperate,Verbal cooperation
664673235,20170614,201706,USA,THE US,USA,,,,,,,,CHN,CHINESE,CHN,,,,,,,,1,061,061,06,2,6.4,8,1,8,0.95238095238095,1,China,CH,CH,,35.0,105.0,CH,1,China,CH,CH,,35.0,105.0,CH,1,China,CH,CH,,35.0,105.0,CH,20170614053000,Engage in material cooperation,Material cooperation
664675191,20170614,201706,CHN,CHINA,CHN,,,,,,,,USAGOV,BARACK OBAMA,USA,,,,,GOV,,,1,081,081,08,2,5.0,10,1,10,0.17621145374449,5,"Shaanxi, Shaanxi, China",CH,CH26,13220,36.0,109.0,-1924159,5,"Shaanxi, Shaanxi, China",CH,CH26,13220,36.0,109.0,-1924159,5,"Shaanxi, Shaanxi, China",CH,CH26,13220,36.0,109.0,-1924159,20170614054500,Yield,Material cooperation
664675192,20170614,201706,CHN,CHINA,CHN,,,,,,,,USAGOV,BARACK OBAMA,USA,,,,,GOV,,,1,172,172,17,4,-5.0,10,1,10,0.17621145374449,5,"Shaanxi, Shaanxi, China",CH,CH26,13220,36.0,109.0,-1924159,5,"Shaanxi, Shaanxi, China",CH,CH26,13220,36.0,109.0,-1924159,5,"Shaanxi, Shaanxi, China",CH,CH26,13220,36.0,109.0,-1924159,20170614054500,Coerce,Material conflict
664676891,20170614,201706,USAGOV,BARACK OBAMA,USA,,,,,GOV,,,CHN,CHINA,CHN,,,,,,,,1,080,080,08,2,5.0,6,1,6,0.17621145374449,5,"Shaanxi, Shaanxi, China",CH,CH26,13220,36.0,109.0,-1924159,5,"Shaanxi, Shaanxi, China",CH,CH26,13220,36.0,109.0,-1924159,2,"Nebraska, United States",US,USNE,,41.1289,-98.2883,NE,20170614054500,Yield,Material cooperation
664683096,20170614,201706,CHN,CHINA,CHN,,,,,,,,USA,AMERICAN,USA,,,,,,,,1,042,042,04,1,1.9,10,1,10,3.1578947368421,2,"Florida, United States",US,USFL,,27.8333,-81.717,FL,2,"Florida, United States",US,USFL,,27.8333,-81.717,FL,2,"Florida, United States",US,USFL,,27.8333,-81.717,FL,20170614061500,Consult,Verbal cooperation
664684088,20170614,201706,USA,IOWA,USA,,,,,,,,CHN,CHINA,CHN,,,,,,,,1,010,010,01,1,0.0,8,1,8,-0.46728971962617,1,China,CH,CH,,35.0,105.0,CH,1,China,CH,CH,,35.0,105.0,CH,1,China,CH,CH,,35.0,105.0,CH,20170614061500,Make public statement,Verbal cooperation
664684090,20170614,201706,USA,IOWA,USA,,,,,,,,CHN,CHINA,CHN,,,,,,,,1,043,043,04,1,2.8,8,1,8,3.1578947368421,1,China,CH,CH,,35.0,105.0,CH,1,China,CH,CH,,35.0,105.0,CH,2,"Florida, United States",US,USFL,,27.8333,-81.717,FL,20170614061500,Consult,Verbal cooperation
664691285,20170614,201706,CHN,CHINA,CHN,,,,,,,,USA,CHICAGO,USA,,,,,,,,1,040,040,04,1,1.0,8,1,8,-3.53982300884956,4,"Shanghai, Shanghai, China",CH,CH23,13243,31.2222,121.458,-1924465,3,"Chicago, Illinois, United States",US,USIL,IL031,41.85,-87.6501,423587,3,"Chicago, Illinois, United States",US,USIL,IL031,41.85,-87.6501,423587,20170614070000,Consult,Verbal cooperation
664692408,20170614,201706,USA,CHICAGO,USA,,,,,,,,CHN,CHINA,CHN,,,,,,,,1,040,040,04,1,1.0,8,1,8,-3.53982300884956,3,"Chicago, Illinois, United States",US,USIL,IL031,41.85,-87.6501,423587,4,"Shanghai, Shanghai, China",CH,CH23,13243,31.2222,121.458,-1924465,3,"Chicago, Illinois, United States",US,USIL,IL031,41.85,-87.6501,423587,20170614070000,Consult,Verbal cooperation
664694518,20170614,201706,CHN,CHINESE,CHN,,,,,,,,MNCUSA,NETFLIX,USA,,,,,MNC,,,1,090,090,09,2,-2.0,7,1,7,0.53050397877984,4,"Beijing, Beijing, China",CH,CH22,13001,39.9289,116.388,-1898541,4,"Beijing, Beijing, China",CH,CH22,13001,39.9289,116.388,-1898541,4,"Beijing, Beijing, China",CH,CH22,13001,39.9289,116.388,-1898541,20170614071500,Investigate,Material cooperation
664695779,20170614,201706,USA,UNITED STATES,USA,,,,,,,,CHN,CHINA,CHN,,,,,,,,1,0811,081,08,2,5.0,10,1,10,-1.39968895800933,1,China,CH,CH,,35.0,105.0,CH,1,China,CH,CH,,35.0,105.0,CH,1,China,CH,CH,,35.0,105.0,CH,20170614071500,Yield,Material cooperation
664699217,20170614,201706,CHN,CHINA,CHN,,,,,,,,USABUS,IOWA,USA,,,,,BUS,,,1,010,010,01,1,0.0,8,1,8,2.79720279720279,1,China,CH,CH,,35.0,105.0,CH,2,"Iowa, United States",US,USIA,,42.0046,-93.214,IA,1,China,CH,CH,,35.0,105.0,CH,20170614073000,Make public statement,Verbal cooperation
664699219,20170614,201706,CHN,CHINA,CHN,,,,,,,,USABUS,IOWA,USA,,,,,BUS,,,1,061,061,06,2,6.4,8,1,8,2.79720279720279,1,China,CH,CH,,35.0,105.0,CH,2,"Iowa, United States",US,USIA,,42.0046,-93.214,IA,1,China,CH,CH,,35.0,105.0,CH,20170614073000,Engage in material cooperation,Material cooperation
664715733,20170614,201706,CHN,CHINA,CHN,,,,,,,,USA,UNITED STATES,USA,,,,,,,,1,054,054,05,1,6.0,6,1,6,-1.12781954887218,4,"Beijing, Beijing, China",CH,CH22,13001,39.9289,116.388,-1898541,1,United States,US,US,,38.0,-97.0,US,4,"Beijing, Beijing, China",CH,CH22,13001,39.9289,116.388,-1898541,20170614084500,Engage in diplomatic cooperation,Verbal cooperation
664722736,20170614,201706,CHN,CHINA,CHN,,,,,,,,USA,AMERICAN,USA,,,,,,,,1,043,043,04,1,2.8,8,1,8,2.19298245614035,4,"Shanghai, Shanghai, China",CH,CH23,13243,31.2222,121.458,-1924465,1,United States,US,US,,38.0,-97.0,US,4,"Shanghai, Shanghai, China",CH,CH23,13243,31.2222,121.458,-1924465,20170614091500,Consult,Verbal cooperation
664724065,20170614,201706,USA,AMERICAN,USA,,,,,,,,CHN,CHINA,CHN,,,,,,,,1,042,042,04,1,1.9,8,1,8,2.19298245614035,1,United States,US,US,,38.0,-97.0,US,4,"Shanghai, Shanghai, China",CH,CH23,13243,31.2222,121.458,-1924465,4,"Shanghai, Shanghai, China",CH,CH23,13243,31.2222,121.458,-1924465,20170614091500,Consult,Verbal cooperation
664724066,20170614,201706,USA,UNITED STATES,USA,,,,,,,,CHN,CHINA,CHN,,,,,,,,1,190,190,19,4,-10.0,10,1,10,-5.50847457627119,4,"Xiao Xu, Anhui, China",CH,CH01,12998,31.735,118.256,10529515,4,"Xiao Xu, Anhui, China",CH,CH01,12998,31.735,118.256,10529515,4,"Xiao Xu, Anhui, China",CH,CH01,12998,31.735,118.256,10529515,20170614091500,Fight,Material conflict
664728212,20170614,201706,CHN,CHINESE,CHN,,,,,,,,USA,NEW YORK,USA,,,,,,,,1,193,193,19,4,-10.0,8,1,8,-1.38888888888889,4,"Anbang, Zhejiang, China",CH,CH02,13323,30.5336,120.374,11006456,4,"Anbang, Zhejiang, China",CH,CH02,13323,30.5336,120.374,11006456,4,"Anbang, Zhejiang, China",CH,CH02,13323,30.5336,120.374,11006456,20170614093000,Fight,Material conflict
664731401,20170614,201706,USA,UNITED STATES,USA,,,,,,,,CHN,CHENGDU,CHN,,,,,,,,1,0874,087,08,2,10.0,9,1,9,-0.27027027027027,1,United States,US,US,,38.0,-97.0,US,1,United States,US,US,,38.0,-97.0,US,1,United States,US,US,,38.0,-97.0,US,20170614094500,Yield,Material cooperation
664733977,20170614,201706,CHN,CHINA,CHN,,,,,,,,USAMED,REUTERS,USA,,,,,MED,,,1,010,010,01,1,0.0,9,3,9,-0.0349772647778933,4,"Shanghai, Shanghai, China",CH,CH23,13243,31.2222,121.458,-1924465,1,Hong Kong,HK,HK,,22.25,114.167,HK,1,Hong Kong,HK,HK,,22.25,114.167,HK,20170614100000,Make public statement,Verbal cooperation
664739173,20170614,201706,CHN,SHANGHAI,CHN,,,,,,,,USA,LAS VEGAS,USA,,,,,,,,1,051,051,05,1,3.4,10,1,10,2.1978021978022,4,"Shanghai, Shanghai, China",CH,CH23,13243,31.2222,121.458,-1924465,1,Macau,MC,MC,,22.1667,113.55,MC,1,Macau,MC,MC,,22.1667,113.55,MC,20170614101500,Engage in diplomatic cooperation,Verbal cooperation
664744716,20170614,201706,USA,WASHINGTON,USA,,,,,,,,CHN,BEIJING,CHN,,,,,,,,1,012,012,01,1,-0.4,10,1,10,0.3921568627451,4,"Beijing, Beijing, China",CH,CH22,13001,39.9289,116.388,-1898541,4,"Beijing, Beijing, China",CH,CH22,13001,39.9289,116.388,-1898541,4,"Beijing, Beijing, China",CH,CH22,13001,39.9289,116.388,-1898541,20170614103000,Make public statement,Verbal cooperation
664765430,20170614,201706,CHN,CANTON,CHN,,,,,,,,USA,LAWRENCE,USA,,,,,,,,1,173,173,17,4,-5.0,10,1,10,-5.47945205479452,1,China,CH,CH,,35.0,105.0,CH,1,China,CH,CH,,35.0,105.0,CH,1,China,CH,CH,,35.0,105.0,CH,20170614120000,Coerce,Material conflict
664766601,20170614,201706,USA,LAWRENCE,USA,,,,,,,,CHN,CANTON,CHN,,,,,,,,1,173,173,17,4,-5.0,10,1,10,-5.47945205479452,1,China,CH,CH,,35.0,105.0,CH,1,China,CH,CH,,35.0,105.0,CH,1,China,CH,CH,,35.0,105.0,CH,20170614120000,Coerce,Material conflict
664771418,20170614,201706,CHN,BEIJING,CHN,,,,,,,,USAMEDGOV,ASSOCIATED PRESS,USA,,,,,MED,GOV,,1,043,043,04,1,2.8,10,1,10,0.41208791208791,4,"Beijing, Beijing, China",CH,CH22,13001,39.9289,116.388,-1898541,4,"Beijing, Beijing, China",CH,CH22,13001,39.9289,116.388,-1898541,4,"Beijing, Beijing, China",CH,CH22,13001,39.9289,116.388,-1898541,20170614121500,Consult,Verbal cooperation
664772932,20170614,201706,USA,WASHINGTON,USA,,,,,,,,CHN,BEIJING,CHN,,,,,,,,1,012,012,01,1,-0.4,6,1,6,0.0,3,"Washington, District of Columbia, United States",US,USDC,DC001,38.8951,-77.0364,531871,4,"Beijing, Beijing, China",CH,CH22,13001,39.9289,116.388,-1898541,4,"Beijing, Beijing, China",CH,CH22,13001,39.9289,116.388,-1898541,20170614121500,Make public statement,Verbal cooperation
664773108,20170614,201706,USAMEDGOV,ASSOCIATED PRESS,USA,,,,,MED,GOV,,CHN,BEIJING,CHN,,,,,,,,1,042,042,04,1,1.9,8,1,8,0.41208791208791,4,"Taipei, T'ai-pei, Taiwan",TW,TW03,13277,25.0478,121.532,-2637882,4,"Taipei, T'ai-pei, Taiwan",TW,TW03,13277,25.0478,121.532,-2637882,4,"Taipei, T'ai-pei, Taiwan",TW,TW03,13277,25.0478,121.532,-2637882,20170614121500,Consult,Verbal cooperation
664785532,20170614,201706,CHNGOV,CHINA,CHN,,,,,GOV,,,USAMED,REUTERS,USA,,,,,MED,,,1,071,071,07,2,7.4,10,1,10,0.285714285714283,1,Hong Kong,HK,HK,,22.25,114.167,HK,1,Hong Kong,HK,HK,,22.25,114.167,HK,1,Hong Kong,HK,HK,,22.25,114.167,HK,20170614131500,Provide aid,Material cooperation
664791006,20170614,201706,USA,UNITED STATES,USA,,,,,,,,CHN,TIBET,CHN,,,,,,,,1,013,013,01,1,0.4,10,1,10,-0.85592011412268,1,United States,US,US,,38.0,-97.0,US,5,"Tibet Autonomous Region, Xizang, China",CH,CH14,13213,32.0,90.0,-1934604,1,United States,US,US,,38.0,-97.0,US,20170614133000,Make public statement,Verbal cooperation
664791952,20170614,201706,CHN,CHINESE,CHN,,,,,,,,USA,NEW YORK,USA,,,,,,,,1,042,042,04,1,1.9,10,1,10,2.1505376344086,4,"Xuzhou, Jiangsu, China",CH,CH04,13146,34.1805,117.157,-1934976,2,"New York, United States",US,USNY,,42.1497,-74.9384,NY,2,"New York, United States",US,USNY,,42.1497,-74.9384,NY,20170614134500,Consult,Verbal cooperation
664791955,20170614,201706,CHN,CHINESE,CHN,,,,,,,,USA,NEW YORK,USA,,,,,,,,1,173,173,17,4,-5.0,10,1,10,2.1505376344086,4,"Xuzhou, Jiangsu, China",CH,CH04,13146,34.1805,117.157,-1934976,4,"Xuzhou, Jiangsu, China",CH,CH04,13146,34.1805,117.157,-1934976,4,"Xuzhou, Jiangsu, China",CH,CH04,13146,34.1805,117.157,-1934976,20170614134500,Coerce,Material conflict
664793736,20170614,201706,USA,NEW YORK,USA,,,,,,,,CHN,CHINESE,CHN,,,,,,,,1,043,043,04,1,2.8,10,1,10,2.1505376344086,2,"New York, United States",US,USNY,,42.1497,-74.9384,NY,4,"Xuzhou, Jiangsu, China",CH,CH04,13146,34.1805,117.157,-1934976,2,"New York, United States",US,USNY,,42.1497,-74.9384,NY,20170614134500,Consult,Verbal cooperation
664812393,20170614,201706,CHN,BEIJING,CHN,,,,,,,,USA,UNITED STATES,USA,,,,,,,,1,054,054,05,1,6.0,8,1,8,0.0,1,Panama,PM,PM,,9.0,-80.0,PM,4,"Beijing, Beijing, China",CH,CH22,13001,39.9289,116.388,-1898541,4,"Taipei, T'ai-pei, Taiwan",TW,TW03,13277,25.0478,121.532,-2637882,20170614150000,Engage in diplomatic cooperation,Verbal cooperation
664812396,20170614,201706,CHN,CHINA,CHN,,,,,,,,USAMED,ASSOCIATED PRESS,USA,,,,,MED,,,1,043,043,04,1,2.8,8,1,8,2.68456375838926,1,China,CH,CH,,35.0,105.0,CH,4,"Prague, Praha, Hlavníesto, Czech Republic",EZ,EZ52,14865,50.0833,14.4667,-553173,3,"Chicago, Illinois, United States",US,USIL,IL031,41.85,-87.6501,423587,20170614150000,Consult,Verbal cooperation
664814218,20170614,201706,USAMED,ASSOCIATED PRESS,USA,,,,,MED,,,CHN,CHINA,CHN,,,,,,,,1,042,042,04,1,1.9,8,1,8,2.68456375838926,4,"Prague, Praha, Hlavníesto, Czech Republic",EZ,EZ52,14865,50.0833,14.4667,-553173,1,China,CH,CH,,35.0,105.0,CH,3,"Chicago, Illinois, United States",US,USIL,IL031,41.85,-87.6501,423587,20170614150000,Consult,Verbal cooperation
664824161,20170614,201706,CHN,CHINA,CHN,,,,,,,,USA,WASHINGTON,USA,,,,,,,,1,163,163,16,4,-8.0,6,1,6,3.17124735729387,1,China,CH,CH,,35.0,105.0,CH,3,"Washington, District of Columbia, United States",US,USDC,DC001,38.8951,-77.0364,531871,1,China,CH,CH,,35.0,105.0,CH,20170614154500,Reduce relations,Material conflict
664830129,20170614,201706,USA,WISCONSIN,USA,,,,,,,,CHN,CHINA,CHN,,,,,,,,1,111,111,11,3,-2.0,8,1,8,0.98039215686275,4,"Tianjin, Tianjin, China",CH,CH28,13279,39.1422,117.177,-1928564,4,"Tianjin, Tianjin, China",CH,CH28,13279,39.1422,117.177,-1928564,4,"Tianjin, Tianjin, China",CH,CH28,13279,39.1422,117.177,-1928564,20170614160000,Disapprove,Verbal conflict
664834751,20170614,201706,CHN,CHINA,CHN,,,,,,,,MNCUSA,ISHARES,USA,,,,,MNC,,,1,043,043,04,1,2.8,10,1,10,-1.63934426229508,1,China,CH,CH,,35.0,105.0,CH,1,China,CH,CH,,35.0,105.0,CH,1,China,CH,CH,,35.0,105.0,CH,20170614161500,Consult,Verbal cooperation
664834768,20170614,201706,CHN,CHINESE,CHN,,,,,,,,USA,WASHINGTON,USA,,,,,,,,1,043,043,04,1,2.8,10,1,10,-2.24719101123595,4,"Zhanjiang, Guangdong, China",CH,CH30,13035,21.2815,110.343,-1938422,3,"Washington, District of Columbia, United States",US,USDC,DC001,38.8951,-77.0364,531871,4,"Zhanjiang, Guangdong, China",CH,CH30,13035,21.2815,110.343,-1938422,20170614161500,Consult,Verbal cooperation
664834774,20170614,201706,CHN,CANTON,CHN,,,,,,,,USA,LAWRENCE,USA,,,,,,,,1,130,130,13,3,-4.4,8,1,8,-3.38983050847458,2,"New York, United States",US,USNY,,42.1497,-74.9384,NY,2,"New York, United States",US,USNY,,42.1497,-74.9384,NY,2,"New York, United States",US,USNY,,42.1497,-74.9384,NY,20170614161500,Threaten,Verbal conflict
664836007,20170614,201706,MNCUSA,ISHARES,USA,,,,,MNC,,,CHN,CHINA,CHN,,,,,,,,1,042,042,04,1,1.9,10,1,10,-1.63934426229508,1,China,CH,CH,,35.0,105.0,CH,1,China,CH,CH,,35.0,105.0,CH,1,China,CH,CH,,35.0,105.0,CH,20170614161500,Consult,Verbal cooperation
664836577,20170614,201706,USA,LAWRENCE,USA,,,,,,,,CHNGOV,CANTON,CHN,,,,,GOV,,,1,030,030,03,1,4.0,8,1,8,-3.38983050847458,1,China,CH,CH,,35.0,105.0,CH,1,China,CH,CH,,35.0,105.0,CH,1,China,CH,CH,,35.0,105.0,CH,20170614161500,Express intent to cooperate,Verbal cooperation
664839358,20170614,201706,CHN,CHINESE,CHN,,,,,,,,USA,AMERICAN,USA,,,,,,,,1,036,036,03,1,4.0,7,1,7,1.78890876565295,3,"Phoenix, Arizona, United States",US,USAZ,AZ013,33.4484,-112.074,44784,3,"Phoenix, Arizona, United States",US,USAZ,AZ013,33.4484,-112.074,44784,3,"Phoenix, Arizona, United States",US,USAZ,AZ013,33.4484,-112.074,44784,20170614163000,Express intent to cooperate,Verbal cooperation
664841581,20160614,201606,CHN,CHINESE,CHN,,,,,,,,USA,NEBRASKA,USA,,,,,,,,1,042,042,04,1,1.9,8,1,8,3.20284697508897,4,"Beijing, Beijing, China",CH,CH22,13001,39.9289,116.388,-1898541,2,"Nebraska, United States",US,USNE,,41.1289,-98.2883,NE,2,"Nebraska, United States",US,USNE,,41.1289,-98.2883,NE,20170614164500,Consult,Verbal cooperation
664841604,20160614,201606,USA,NEBRASKA,USA,,,,,,,,CHN,CHINESE,CHN,,,,,,,,1,043,043,04,1,2.8,8,1,8,3.20284697508897,2,"Nebraska, United States",US,USNE,,41.1289,-98.2883,NE,4,"Beijing, Beijing, China",CH,CH22,13001,39.9289,116.388,-1898541,2,"Nebraska, United States",US,USNE,,41.1289,-98.2883,NE,20170614164500,Consult,Verbal cooperation
664862663,20170614,201706,CHN,CHINA,CHN,,,,,,,,USA,UNITED STATES,USA,,,,,,,,1,030,030,03,1,4.0,8,1,8,5.34351145038168,1,China,CH,CH,,35.0,105.0,CH,1,United States,US,US,,38.0,-97.0,US,1,China,CH,CH,,35.0,105.0,CH,20170614180000,Express intent to cooperate,Verbal cooperation
664862665,20170614,201706,CHN,CHINA,CHN,,,,,,,,USA,UNITED STATES,USA,,,,,,,,1,057,057,05,1,8.0,8,1,8,5.34351145038168,1,China,CH,CH,,35.0,105.0,CH,1,United States,US,US,,38.0,-97.0,US,1,China,CH,CH,,35.0,105.0,CH,20170614180000,Engage in diplomatic cooperation,Verbal cooperation
664864249,20170614,201706,USA,NEBRASKA,USA,,,,,,,,CHN,CHINA,CHN,,,,,,,,1,036,036,03,1,4.0,8,1,8,-1.38888888888889,3,"Omaha, Nebraska, United States",US,USNE,NE055,41.2586,-95.9378,835483,3,"Omaha, Nebraska, United States",US,USNE,NE055,41.2586,-95.9378,835483,3,"Omaha, Nebraska, United States",US,USNE,NE055,41.2586,-95.9378,835483,20170614180000,Express intent to cooperate,Verbal cooperation
664864253,20170614,201706,USA,UNITED STATES,USA,,,,,,,,CHN,CHINA,CHN,,,,,,,,1,057,057,05,1,8.0,8,1,8,5.34351145038168,1,United States,US,US,,38.0,-97.0,US,1,China,CH,CH,,35.0,105.0,CH,1,China,CH,CH,,35.0,105.0,CH,20170614180000,Engage in diplomatic cooperation,Verbal cooperation
664867792,20170614,201706,CHN,CHINESE,CHN,,,,,,,,USA,AMERICAN,USA,,,,,,,,1,043,043,04,1,2.8,10,1,10,4.93827160493827,1,United States,US,US,,38.0,-97.0,US,1,United States,US,US,,38.0,-97.0,US,1,United States,US,US,,38.0,-97.0,US,20170614181500,Consult,Verbal cooperation
664869179,20170614,201706,USA,WASHINGTON,USA,,,,,,,,CHN,CHINA,CHN,,,,,,,,1,020,020,02,1,3.0,8,1,8,-1.31578947368421,3,"Washington, District of Columbia, United States",US,USDC,DC001,38.8951,-77.0364,531871,4,"Lu Kang, Anhui, China",CH,CH01,13144,31.2728,118.337,-1916844,4,"Lu Kang, Anhui, China",CH,CH01,13144,31.2728,118.337,-1916844,20170614181500,Appeal,Verbal cooperation
664869181,20170614,201706,USA,AMERICAN,USA,,,,,,,,CHN,CHINESE,CHN,,,,,,,,1,042,042,04,1,1.9,8,1,8,4.93827160493827,1,United States,US,US,,38.0,-97.0,US,1,China,CH,CH,,35.0,105.0,CH,1,United States,US,US,,38.0,-97.0,US,20170614181500,Consult,Verbal cooperation
664878442,20170614,201706,CHN,CHINA,CHN,,,,,,,,USA,NEBRASKA,USA,,,,,,,,1,043,043,04,1,2.8,18,1,10,1.9559902200489,1,China,CH,CH,,35.0,105.0,CH,2,"Nebraska, United States",US,USNE,,41.1289,-98.2883,NE,1,China,CH,CH,,35.0,105.0,CH,20170614190000,Consult,Verbal cooperation
664879828,20170614,201706,USA,NEBRASKA,USA,,,,,,,,CHN,CHINA,CHN,,,,,,,,1,042,042,04,1,1.9,16,1,8,1.9559902200489,2,"Nebraska, United States",US,USNE,,41.1289,-98.2883,NE,1,China,CH,CH,,35.0,105.0,CH,1,China,CH,CH,,35.0,105.0,CH,20170614190000,Consult,Verbal cooperation
664882147,20160614,201606,CHN,CHINESE,CHN,,,,,,,,USA,NEBRASKA,USA,,,,,,,,1,042,042,04,1,1.9,6,1,6,4.76190476190476,3,"Omaha, Nebraska, United States",US,USNE,NE055,41.2586,-95.9378,835483,3,"Omaha, Nebraska, United States",US,USNE,NE055,41.2586,-95.9378,835483,3,"Omaha, Nebraska, United States",US,USNE,NE055,41.2586,-95.9378,835483,20170614193000,Consult,Verbal cooperation
664882174,20160614,201606,USA,NEBRASKA,USA,,,,,,,,CHN,CHINESE,CHN,,,,,,,,1,043,043,04,1,2.8,8,1,8,4.76190476190476,2,"Nebraska, United States",US,USNE,,41.1289,-98.2883,NE,1,China,CH,CH,,35.0,105.0,CH,2,"Nebraska, United States",US,USNE,,41.1289,-98.2883,NE,20170614193000,Consult,Verbal cooperation
664884295,20170614,201706,USA,UNITED STATES,USA,,,,,,,,CHN,CHINESE,CHN,,,,,,,,1,173,173,17,4,-5.0,6,1,6,-0.55248618784531,2,"New York, United States",US,USNY,,42.1497,-74.9384,NY,2,"New York, United States",US,USNY,,42.1497,-74.9384,NY,2,"New York, United States",US,USNY,,42.1497,-74.9384,NY,20170614193000,Coerce,Material conflict
664892408,20170614,201706,CHN,CHINA,CHN,,,,,,,,USAGOVAGR,THE US,USA,,,,,GOV,AGR,,1,020,020,02,1,3.0,10,1,10,0.54054054054054,1,China,CH,CH,,35.0,105.0,CH,1,China,CH,CH,,35.0,105.0,CH,1,China,CH,CH,,35.0,105.0,CH,20170614203000,Appeal,Verbal cooperation
664892409,20170614,201706,CHN,CHINA,CHN,,,,,,,,USAGOVAGR,THE US,USA,,,,,GOV,AGR,,1,061,061,06,2,6.4,10,1,10,0.54054054054054,1,China,CH,CH,,35.0,105.0,CH,1,China,CH,CH,,35.0,105.0,CH,1,China,CH,CH,,35.0,105.0,CH,20170614203000,Engage in material cooperation,Material cooperation
664892411,20170614,201706,CHN,CHINA,CHN,,,,,,,,USAGOVAGR,THE US,USA,,,,,GOV,AGR,,1,084,084,08,2,7.0,8,1,8,0.54054054054054,1,China,CH,CH,,35.0,105.0,CH,1,China,CH,CH,,35.0,105.0,CH,1,Japan,JA,JA,,36.0,138.0,JA,20170614203000,Yield,Material cooperation
664918303,20170614,201706,CHN,CHINESE,CHN,,,,,,,,USA,WASHINGTON,USA,,,,,,,,1,173,173,17,4,-5.0,8,1,8,-3.12965722801789,4,"Beijing, Beijing, China",CH,CH22,13001,39.9289,116.388,-1898541,3,"Washington, District of Columbia, United States",US,USDC,DC001,38.8951,-77.0364,531871,4,"Beijing, Beijing, China",CH,CH22,13001,39.9289,116.388,-1898541,20170614223000,Coerce,Material conflict
664918308,20170614,201706,CHNJUD,CANTON,CHN,,,,,JUD,,,USA,LAWRENCE,USA,,,,,,,,1,190,190,19,4,-10.0,8,1,8,-9.7560975609756,1,China,CH,CH,,35.0,105.0,CH,1,China,CH,CH,,35.0,105.0,CH,1,China,CH,CH,,35.0,105.0,CH,20170614223000,Fight,Material conflict
664919649,20170614,201706,USA,NEBRASKA,USA,,,,,,,,CHN,CHINA,CHN,,,,,,,,1,061,061,06,2,6.4,8,1,8,0.0,2,"Nebraska, United States",US,USNE,,41.1289,-98.2883,NE,1,China,CH,CH,,35.0,105.0,CH,1,China,CH,CH,,35.0,105.0,CH,20170614223000,Engage in material cooperation,Material cooperation
664921710,20170614,201706,CHN,CHINA,CHN,,,,,,,,USAMED,REUTERS,USA,,,,,MED,,,1,013,013,01,1,0.4,16,3,16,1.6368626616035,1,China,CH,CH,,35.0,105.0,CH,1,China,CH,CH,,35.0,105.0,CH,1,China,CH,CH,,35.0,105.0,CH,20170614230000,Make public statement,Verbal cooperation
664932255,20170614,201706,USA,UNITED STATES,USA,,,,,,,,CHN,CANTON,CHN,,,,,,,,1,112,112,11,3,-2.0,6,1,6,-9.03490759753594,3,"Stark County, Ohio, United States",US,USOH,OH151,40.8167,-81.3665,1065576,2,"Ohio, United States",US,USOH,,40.3736,-82.7755,OH,3,"Stark County, Ohio, United States",US,USOH,,40.8167,-81.3665,1065576,20170614234500,Disapprove,Verbal conflict
664932259,20170614,201706,USA,OHIO,USA,,,,,,,,CHN,CANTON,CHN,,,,,,,,1,190,190,19,4,-10.0,6,1,6,-9.03490759753594,3,"Stark County, Ohio, United States",US,USOH,OH151,40.8167,-81.3665,1065576,3,"Stark County, Ohio, United States",US,USOH,,40.8167,-81.3665,1065576,3,"Stark County, Ohio, United States",US,USOH,,40.8167,-81.3665,1065576,20170614234500,Fight,Material conflict
664933575,20170615,201706,CHN,CHINA,CHN,,,,,,,,USA,OREGON,USA,,,,,,,,1,061,061,06,2,6.4,8,1,8,1.11111111111111,1,China,CH,CH,,35.0,105.0,CH,2,"Oregon, United States",US,USOR,,44.5672,-122.127,OR,1,China,CH,CH,,35.0,105.0,CH,20170615000000,Engage in material cooperation,Material cooperation
664936405,20170615,201706,USA,OREGON,USA,,,,,,,,CHN,CHINA,CHN,,,,,,,,1,061,061,06,2,6.4,8,1,8,1.11111111111111,1,China,CH,CH,,35.0,105.0,CH,1,China,CH,CH,,35.0,105.0,CH,1,China,CH,CH,,35.0,105.0,CH,20170615000000,Engage in material cooperation,Material cooperation
664943975,20170615,201706,USAMED,THE ASSOCIATED PRESS,USA,,,,,MED,,,CHN,CHINA,CHN,,,,,,,,1,120,120,12,3,-4.0,10,1,10,-1.0,4,"Beijing, Beijing, China",CH,CH22,13001,39.9289,116.388,-1898541,4,"Beijing, Beijing, China",CH,CH22,13001,39.9289,116.388,-1898541,4,"Beijing, Beijing, China",CH,CH22,13001,39.9289,116.388,-1898541,20170615001500,Reject,Verbal conflict
664943976,20170615,201706,USAMED,REUTERS,USA,,,,,MED,,,CHN,CHINA,CHN,,,,,,,,1,172,172,17,4,-5.0,10,1,10,0.0,4,"Beijing, Beijing, China",CH,CH22,13001,39.9289,116.388,-1898541,4,"Beijing, Beijing, China",CH,CH22,13001,39.9289,116.388,-1898541,4,"Beijing, Beijing, China",CH,CH22,13001,39.9289,116.388,-1898541,20170615001500,Coerce,Material conflict
664949010,20160615,201606,CHN,CHINESE,CHN,,,,,,,,USA,NEBRASKA,USA,,,,,,,,1,042,042,04,1,1.9,8,1,8,3.58565737051792,4,"Beijing, Beijing, China",CH,CH22,13001,39.9289,116.388,-1898541,2,"Nebraska, United States",US,USNE,,41.1289,-98.2883,NE,2,"Nebraska, United States",US,USNE,,41.1289,-98.2883,NE,20170615004500,Consult,Verbal cooperation
664949029,20160615,201606,USA,NEBRASKA,USA,,,,,,,,CHN,CHINESE,CHN,,,,,,,,1,043,043,04,1,2.8,8,1,8,3.58565737051792,2,"Nebraska, United States",US,USNE,,41.1289,-98.2883,NE,4,"Beijing, Beijing, China",CH,CH22,13001,39.9289,116.388,-1898541,2,"Nebraska, United States",US,USNE,,41.1289,-98.2883,NE,20170615004500,Consult,Verbal cooperation
664960756,20170615,201706,MNCUSAMED,MOTOROLA,USA,,,,,MNC,MED,,CHN,SHENZHEN,CHN,,,,,,,,1,112,112,11,3,-2.0,8,1,8,-1.67487684729064,4,"Shenzhen, Guangdong, China",CH,CH30,13036,22.2,111.117,-1925267,4,"Shenzhen, Guangdong, China",CH,CH30,13036,22.2,111.117,-1925267,4,"Shenzhen, Guangdong, China",CH,CH30,13036,22.2,111.117,-1925267,20170615011500,Disapprove,Verbal conflict
664966391,20170615,201706,CHN,CHINA,CHN,,,,,,,,MNCUSA,LATTICE SEMICONDUCTOR CORP,USA,,,,,MNC,,,1,071,071,07,2,7.4,8,1,8,-0.82135523613963,4,"Beijing, Beijing, China",CH,CH22,13001,39.9289,116.388,-1898541,4,"Beijing, Beijing, China",CH,CH22,13001,39.9289,116.388,-1898541,4,"Beijing, Beijing, China",CH,CH22,13001,39.9289,116.388,-1898541,20170615014500,Provide aid,Material cooperation
664966403,20170615,201706,CHN,CHINA,CHN,,,,,,,,USA,WASHINGTON,USA,,,,,,,,1,042,042,04,1,1.9,10,1,10,0.0921658986175098,3,"Princeton, California, United States",US,USCA,CA081,37.5049,-122.487,234511,3,"Princeton, California, United States",US,USCA,CA081,37.5049,-122.487,234511,3,"Princeton, California, United States",US,USCA,CA081,37.5049,-122.487,234511,20170615014500,Consult,Verbal cooperation
664968202,20170615,201706,USA,WASHINGTON,USA,,,,,,,,CHN,CHINA,CHN,,,,,,,,1,043,043,04,1,2.8,10,1,10,0.0921658986175098,3,"Washington, District of Columbia, United States",US,USDC,DC001,38.8951,-77.0364,531871,4,"Beijing, Beijing, China",CH,CH22,13001,39.9289,116.388,-1898541,3,"Washington, District of Columbia, United States",US,USDC,DC001,38.8951,-77.0364,531871,20170615014500,Consult,Verbal cooperation
664972269,20170615,201706,CHN,CHINESE,CHN,,,,,,,,USA,ORLANDO,USA,,,,,,,,1,043,043,04,1,2.8,12,1,6,-2.29445506692161,1,China,CH,CH,,35.0,105.0,CH,1,China,CH,CH,,35.0,105.0,CH,1,China,CH,CH,,35.0,105.0,CH,20170615021500,Consult,Verbal cooperation
664972294,20170615,201706,CHNMIL,CHINA,CHN,,,,,MIL,,,USA,THE US,USA,,,,,,,,1,013,013,01,1,0.4,10,1,10,-2.6615969581749,4,"Yang Sheng, Jiangxi, China",CH,CH03,13163,25.4627,115.602,11009689,4,"Yang Sheng, Jiangxi, China",CH,CH03,13163,25.4627,115.602,11009689,4,"Yang Sheng, Jiangxi, China",CH,CH03,13163,25.4627,115.602,11009689,20170615021500,Make public statement,Verbal cooperation
664974030,20170615,201706,USA,ORLANDO,USA,,,,,,,,CHN,CHINESE,CHN,,,,,,,,1,042,042,04,1,1.9,12,1,6,-2.29445506692161,1,China,CH,CH,,35.0,105.0,CH,1,China,CH,CH,,35.0,105.0,CH,1,China,CH,CH,,35.0,105.0,CH,20170615021500,Consult,Verbal cooperation
664985018,20170615,201706,CHN,CHINA,CHN,,,,,,,,USA,UNITED STATES,USA,,,,,,,,1,050,050,05,1,3.5,9,1,6,2.21354166666667,5,"Zhejiang, Zhejiang, China",CH,CH02,13325,29.0,120.0,-1938694,2,"New York, United States",US,USNY,,42.1497,-74.9384,NY,2,"New York, United States",US,USNY,,42.1497,-74.9384,NY,20170615031500,Engage in diplomatic cooperation,Verbal cooperation
664985891,20170615,201706,USA,UNITED STATES,USA,,,,,,,,CHN,CHINA,CHN,,,,,,,,1,050,050,05,1,3.5,9,1,6,2.21354166666667,2,"New York, United States",US,USNY,,42.1497,-74.9384,NY,5,"Zhejiang, Zhejiang, China",CH,CH02,13325,29.0,120.0,-1938694,2,"New York, United States",US,USNY,,42.1497,-74.9384,NY,20170615031500,Engage in diplomatic cooperation,Verbal cooperation
664987262,20170615,201706,CHN,CHINESE,CHN,,,,,,,,USA,AMERICAN,USA,,,,,,,,1,043,043,04,1,2.8,10,1,10,5.48780487804878,1,United States,US,US,,38.0,-97.0,US,1,United States,US,US,,38.0,-97.0,US,1,United States,US,US,,38.0,-97.0,US,20170615033000,Consult,Verbal cooperation
664987267,20170615,201706,CHNEDU,CHINESE,CHN,,,,,EDU,,,USA,AMERICAN,USA,,,,,,,,1,010,010,01,1,0.0,6,1,6,-3.83314543404735,4,"Tiananmen Square, Beijing, China",CH,CH22,13001,39.9044,116.391,9244097,4,"Tiananmen Square, Beijing, China",CH,CH22,13001,39.9044,116.391,9244097,4,"Tiananmen Square, Beijing, China",CH,CH22,13001,39.9044,116.391,9244097,20170615033000,Make public statement,Verbal cooperation
664988167,20170615,201706,USA,AMERICAN,USA,,,,,,,,CHN,CHINESE,CHN,,,,,,,,1,042,042,04,1,1.9,8,1,8,5.48780487804878,1,United States,US,US,,38.0,-97.0,US,1,China,CH,CH,,35.0,105.0,CH,1,United States,US,US,,38.0,-97.0,US,20170615033000,Consult,Verbal cooperation
664989947,20170615,201706,CHNBUS,CHINESE,CHN,,,,,BUS,,,USAMED,REUTERS,USA,,,,,MED,,,1,111,111,11,3,-2.0,6,1,6,1.19760479041916,4,"Guangzhou, Guangdong, China",CH,CH30,13033,23.1167,113.25,-1907161,4,"Guangzhou, Guangdong, China",CH,CH30,13033,23.1167,113.25,-1907161,4,"Guangzhou, Guangdong, China",CH,CH30,13033,23.1167,113.25,-1907161,20170615034500,Disapprove,Verbal conflict
664992203,20170615,201706,CHN,CHINA,CHN,,,,,,,,USA,UNITED STATES,USA,,,,,,,,1,014,014,01,1,0.0,8,1,8,1.33779264214047,4,"Beijing, Beijing, China",CH,CH22,13001,39.9289,116.388,-1898541,2,"New York, United States",US,USNY,,42.1497,-74.9384,NY,2,"New York, United States",US,USNY,,42.1497,-74.9384,NY,20170615040000,Make public statement,Verbal cooperation
664992207,20170615,201706,CHN,CHINA,CHN,,,,,,,,USA,UNITED STATES,USA,,,,,,,,1,050,050,05,1,3.5,9,1,6,1.96078431372549,1,China,CH,CH,,35.0,105.0,CH,2,"New York, United States",US,USNY,,42.1497,-74.9384,NY,2,"New York, United States",US,USNY,,42.1497,-74.9384,NY,20170615040000,Engage in diplomatic cooperation,Verbal cooperation
664993210,20170615,201706,USA,UNITED STATES,USA,,,,,,,,CHN,CHINA,CHN,,,,,,,,1,050,050,05,1,3.5,9,1,6,1.96078431372549,2,"New York, United States",US,USNY,,42.1497,-74.9384,NY,1,China,CH,CH,,35.0,105.0,CH,2,"New York, United States",US,USNY,,42.1497,-74.9384,NY,20170615040000,Engage in diplomatic cooperation,Verbal cooperation
665003427,20170615,201706,CHN,CANTON,CHN,,,,,,,,USA,LAWRENCE,USA,,,,,,,,1,130,130,13,3,-4.4,8,1,8,-3.38983050847458,2,"New York, United States",US,USNY,,42.1497,-74.9384,NY,2,"New York, United States",US,USNY,,42.1497,-74.9384,NY,2,"New York, United States",US,USNY,,42.1497,-74.9384,NY,20170615050000,Threaten,Verbal conflict
665004343,20170615,201706,USA,LAWRENCE,USA,,,,,,,,CHNGOV,CANTON,CHN,,,,,GOV,,,1,030,030,03,1,4.0,8,1,8,-3.38983050847458,1,China,CH,CH,,35.0,105.0,CH,1,China,CH,CH,,35.0,105.0,CH,1,China,CH,CH,,35.0,105.0,CH,20170615050000,Express intent to cooperate,Verbal cooperation
665004487,20170615,201706,USABUS,AMERICAN,USA,,,,,BUS,,,CHN,CHINESE,CHN,,,,,,,,1,061,061,06,2,6.4,6,1,6,2.991452991453,1,United States,US,US,,38.0,-97.0,US,1,China,CH,CH,,35.0,105.0,CH,1,United States,US,US,,38.0,-97.0,US,20170615050000,Engage in material cooperation,Material cooperation
665004488,20170615,201706,USABUS,AMERICAN,USA,,,,,BUS,,,CHN,CHINESE,CHN,,,,,,,,1,061,061,06,2,6.4,6,1,6,2.991452991453,1,United States,US,US,,38.0,-97.0,US,1,United States,US,US,,38.0,-97.0,US,1,United States,US,US,,38.0,-97.0,US,20170615050000,Engage in material cooperation,Material cooperation
665007227,20170615,201706,USABUS,AMERICAN,USA,,,,,BUS,,,CHN,CHINESE,CHN,,,,,,,,1,061,061,06,2,6.4,6,1,6,3.07692307692307,1,China,CH,CH,,35.0,105.0,CH,1,China,CH,CH,,35.0,105.0,CH,1,China,CH,CH,,35.0,105.0,CH,20170615051500,Engage in material cooperation,Material cooperation
665007640,20170615,201706,CHNMIL,CHINA,CHN,,,,,MIL,,,USA,THE US,USA,,,,,,,,1,013,013,01,1,0.4,10,1,10,-2.82258064516129,1,China,CH,CH,,35.0,105.0,CH,1,China,CH,CH,,35.0,105.0,CH,1,China,CH,CH,,35.0,105.0,CH,20170615053000,Make public statement,Verbal cooperation
665011474,20170615,201706,USABUS,AMERICAN,USA,,,,,BUS,,,CHN,CHINESE,CHN,,,,,,,,1,061,061,06,2,6.4,6,1,6,2.87907869481766,2,"California, United States",US,USCA,,36.17,-119.746,CA,2,"California, United States",US,USCA,,36.17,-119.746,CA,2,"California, United States",US,USCA,,36.17,-119.746,CA,20170615054500,Engage in material cooperation,Material cooperation
665011475,20170615,201706,USABUS,AMERICAN,USA,,,,,BUS,,,CHN,CHINESE,CHN,,,,,,,,1,061,061,06,2,6.4,6,1,6,2.87907869481766,2,"California, United States",US,USCA,,36.17,-119.746,CA,1,China,CH,CH,,35.0,105.0,CH,2,"California, United States",US,USCA,,36.17,-119.746,CA,20170615054500,Engage in material cooperation,Material cooperation
665021333,20170615,201706,MNCUSA,ISHARES,USA,,,,,MNC,,,CHN,CHINA,CHN,,,,,,,,1,010,010,01,1,0.0,10,1,10,-1.24610591900311,1,China,CH,CH,,35.0,105.0,CH,1,China,CH,CH,,35.0,105.0,CH,1,China,CH,CH,,35.0,105.0,CH,20170615063000,Make public statement,Verbal cooperation
665021334,20170615,201706,MNCUSA,ISHARES,USA,,,,,MNC,,,CHN,CHINA,CHN,,,,,,,,1,071,071,07,2,7.4,10,1,10,-1.24610591900311,1,China,CH,CH,,35.0,105.0,CH,1,China,CH,CH,,35.0,105.0,CH,1,China,CH,CH,,35.0,105.0,CH,20170615063000,Provide aid,Material cooperation
665025631,20160615,201606,CHN,SHANGHAI,CHN,,,,,,,,USA,ORLANDO,USA,,,,,,,,1,111,111,11,3,-2.0,10,1,10,5.15463917525773,3,"Chicago, Illinois, United States",US,USIL,IL031,41.85,-87.6501,423587,3,"Chicago, Illinois, United States",US,USIL,IL031,41.85,-87.6501,423587,3,"Chicago, Illinois, United States",US,USIL,IL031,41.85,-87.6501,423587,20170615070000,Disapprove,Verbal conflict
665070193,20170615,201706,USA,NEW YORK,USA,,,,,,,,CHN,CHINA,CHN,,,,,,,,1,010,010,01,1,0.0,6,1,6,-3.54330708661418,1,China,CH,CH,,35.0,105.0,CH,1,China,CH,CH,,35.0,105.0,CH,1,China,CH,CH,,35.0,105.0,CH,20170615101500,Make public statement,Verbal cooperation
665080853,20170615,201706,USA,NEW YORK CITY,USA,,,,,,,,CHN,CHINA,CHN,,,,,,,,1,173,173,17,4,-5.0,10,1,10,1.26422250316056,4,"Beijing, Beijing, China",CH,CH22,13001,39.9289,116.388,-1898541,4,"Beijing, Beijing, China",CH,CH22,13001,39.9289,116.388,-1898541,4,"Beijing, Beijing, China",CH,CH22,13001,39.9289,116.388,-1898541,20170615110000,Coerce,Material conflict
665099865,20170615,201706,CHNGOV,CHINESE,CHN,,,,,GOV,,,USA,UNITED STATES,USA,,,,,,,,1,042,042,04,1,1.9,6,1,6,-0.30395136778116,5,"Fujian, Fujian, China",CH,CH07,13011,26.545,117.843,-1905684,3,"Chicago, Illinois, United States",US,USIL,IL031,41.85,-87.6501,423587,3,"Chicago, Illinois, United States",US,USIL,IL031,41.85,-87.6501,423587,20170615130000,Consult,Verbal cooperation
665101857,20170615,201706,USA,UNITED STATES,USA,,,,,,,,CHNGOV,CHINESE,CHN,,,,,GOV,,,1,043,043,04,1,2.8,6,1,6,-0.30395136778116,3,"Chicago, Illinois, United States",US,USIL,IL031,41.85,-87.6501,423587,5,"Fujian, Fujian, China",CH,CH07,13011,26.545,117.843,-1905684,3,"Chicago, Illinois, United States",US,USIL,IL031,41.85,-87.6501,423587,20170615130000,Consult,Verbal cooperation
665102790,20170615,201706,CHN,CHINA,CHN,,,,,,,,MNCUSAMED,GOOGLE,USA,,,,,MNC,MED,,1,190,190,19,4,-10.0,10,1,10,-10.2409638554217,4,"Fengxian, Shanghai, China",CH,CH23,13243,30.9187,121.457,11133123,4,"Fengxian, Shanghai, China",CH,CH23,13243,30.9187,121.457,11133123,4,"Fengxian, Shanghai, China",CH,CH23,13243,30.9187,121.457,11133123,20170615131500,Fight,Material conflict
665102799,20170615,201706,CHNGOV,JIANGSU,CHN,,,,,GOV,,,USAMED,REUTERS,USA,,,,,MED,,,1,013,013,01,1,0.4,7,1,7,-8.88888888888889,4,"Xuzhou, Jiangsu, China",CH,CH04,13146,34.1805,117.157,-1934976,4,"Xuzhou, Jiangsu, China",CH,CH04,13146,34.1805,117.157,-1934976,4,"Xuzhou, Jiangsu, China",CH,CH04,13146,34.1805,117.157,-1934976,20170615131500,Make public statement,Verbal cooperation
665110142,20170615,201706,CHN,BEIJING,CHN,,,,,,,,USAMED,REUTERS,USA,,,,,MED,,,1,183,183,18,4,-10.0,17,2,17,-9.74342175160252,4,"Beijing, Beijing, China",CH,CH22,13001,39.9289,116.388,-1898541,4,"Beijing, Beijing, China",CH,CH22,13001,39.9289,116.388,-1898541,4,"Beijing, Beijing, China",CH,CH22,13001,39.9289,116.388,-1898541,20170615133000,Assault,Material conflict
665110143,20170615,201706,CHN,BEIJING,CHN,,,,,,,,USAMED,REUTERS,USA,,,,,MED,,,1,190,190,19,4,-10.0,17,2,17,-9.74342175160252,4,"Xuzhou, Jiangsu, China",CH,CH04,13146,34.1805,117.157,-1934976,4,"Xuzhou, Jiangsu, China",CH,CH04,13146,34.1805,117.157,-1934976,4,"Xuzhou, Jiangsu, China",CH,CH04,13146,34.1805,117.157,-1934976,20170615133000,Fight,Material conflict
665115091,20170615,201706,CHN,CHINA,CHN,,,,,,,,USA,THE US,USA,,,,,,,,1,036,036,03,1,4.0,8,1,8,-3.7914691943128,4,"Guangdong, Jilin, China",CH,CH05,13176,42.7683,129.336,10884162,4,"Guangdong, Jilin, China",CH,CH05,13176,42.7683,129.336,10884162,4,"Guangdong, Jilin, China",CH,CH05,13176,42.7683,129.336,10884162,20170615134500,Express intent to cooperate,Verbal cooperation
665116839,20170615,201706,USA,THE US,USA,,,,,,,,CHN,CHINA,CHN,,,,,,,,1,036,036,03,1,4.0,8,1,8,-3.7914691943128,4,"Guangdong, Jilin, China",CH,CH05,13176,42.7683,129.336,10884162,4,"Guangdong, Jilin, China",CH,CH05,13176,42.7683,129.336,10884162,4,"Guangdong, Jilin, China",CH,CH05,13176,42.7683,129.336,10884162,20170615134500,Express intent to cooperate,Verbal cooperation
665119938,20170615,201706,CHN,BEIJING,CHN,,,,,,,,USA,LAWRENCE,USA,,,,,,,,1,040,040,04,1,1.0,6,1,6,3.85852090032154,4,"Hainan, Hainan, China",CH,CH31,13072,18.9394,109.484,6025157,4,"Hainan, Hainan, China",CH,CH31,13072,18.9394,109.484,6025157,4,"Hainan, Hainan, China",CH,CH31,13072,18.9394,109.484,6025157,20170615141500,Consult,Verbal cooperation
665122052,20170615,201706,USA,LAWRENCE,USA,,,,,,,,CHN,BEIJING,CHN,,,,,,,,1,040,040,04,1,1.0,6,1,6,3.85852090032154,4,"Shanli, Shaanxi, China",CH,CH26,13218,34.7261,108.744,9211605,4,"Beijing, Beijing, China",CH,CH22,13001,39.9289,116.388,-1898541,4,"Shanli, Shaanxi, China",CH,CH26,13218,34.7261,108.744,9211605,20170615141500,Consult,Verbal cooperation
665138720,20170615,201706,USA,FIRST STATE,USA,,,,,,,,CHN,CHINA,CHN,,,,,,,,1,060,060,06,2,6.0,8,2,8,1.93548387096774,4,"Beijing, Beijing, China",CH,CH22,13001,39.9289,116.388,-1898541,4,"Beijing, Beijing, China",CH,CH22,13001,39.9289,116.388,-1898541,2,"Nebraska, United States",US,USNE,,41.1289,-98.2883,NE,20170615151500,Engage in material cooperation,Material cooperation
665138721,20170615,201706,USA,FIRST STATE,USA,,,,,,,,CHN,CHINA,CHN,,,,,,,,1,061,061,06,2,6.4,16,2,16,1.93548387096774,4,"Beijing, Beijing, China",CH,CH22,13001,39.9289,116.388,-1898541,4,"Beijing, Beijing, China",CH,CH22,13001,39.9289,116.388,-1898541,4,"Beijing, Beijing, China",CH,CH22,13001,39.9289,116.388,-1898541,20170615151500,Engage in material cooperation,Material cooperation
665145654,20170615,201706,USAGOVMEDSEA,VOICE OF AMERICA,USA,,,,,GOV,MED,,CHN,CHINA,CHN,,,,,,,,1,033,033,03,1,5.2,10,1,10,0.99009900990099,4,"Astana, Gorod Astana, Kazakhstan",KZ,KZ05,37174,51.1811,71.4278,-2334218,4,"Astana, Gorod Astana, Kazakhstan",KZ,KZ05,37174,51.1811,71.4278,-2334218,4,"Astana, Gorod Astana, Kazakhstan",KZ,KZ05,37174,51.1811,71.4278,-2334218,20170615153000,Express intent to cooperate,Verbal cooperation
665146365,20170615,201706,CHN,CHINA,CHN,,,,,,,,USA,UNITED STATES,USA,,,,,,,,1,061,061,06,2,6.4,8,1,8,0.849514563106796,1,China,CH,CH,,35.0,105.0,CH,3,"Washington, District of Columbia, United States",US,USDC,DC001,38.8951,-77.0364,531871,1,China,CH,CH,,35.0,105.0,CH,20170615154500,Engage in material cooperation,Material cooperation
665146371,20170615,201706,CHN,CHINA,CHN,,,,,,,,USAMED,ASSOCIATED PRESS,USA,,,,,MED,,,1,183,183,18,4,-10.0,30,2,30,-9.19220055710306,4,"Xuzhou, Jiangsu, China",CH,CH04,13146,34.1805,117.157,-1934976,4,"Xuzhou, Jiangsu, China",CH,CH04,13146,34.1805,117.157,-1934976,4,"Xuzhou, Jiangsu, China",CH,CH04,13146,34.1805,117.157,-1934976,20170615154500,Assault,Material conflict
665150830,20170615,201706,CHN,CHINA,CHN,,,,,,,,USA,NEW YORK,USA,,,,,,,,1,182,182,18,4,-9.5,10,1,10,-12.781954887218,1,China,CH,CH,,35.0,105.0,CH,1,China,CH,CH,,35.0,105.0,CH,1,China,CH,CH,,35.0,105.0,CH,20170615160000,Assault,Material conflict
665152915,20170615,201706,USA,UNITED STATES,USA,,,,,,,,CHN,CHINESE,CHN,,,,,,,,1,173,173,17,4,-5.0,6,1,6,0.34642032332564,3,"Buxton Center, Maine, United States",US,USME,ME031,43.6487,-70.5412,563321,4,"Wang Yu, Shaanxi, China",CH,CH26,13218,34.4961,108.618,9207141,3,"Buxton Center, Maine, United States",US,USME,,43.6487,-70.5412,563321,20170615160000,Coerce,Material conflict
665155841,20170615,201706,CHN,CHINA,CHN,,,,,,,,USA,NEW YORK,USA,,,,,,,,1,010,010,01,1,0.0,6,1,6,-0.6993006993007,1,United Kingdom,UK,UK,,54.0,-2.0,UK,1,United Kingdom,UK,UK,,54.0,-2.0,UK,1,United Kingdom,UK,UK,,54.0,-2.0,UK,20170615161500,Make public statement,Verbal cooperation
665165433,20170615,201706,CHN,CHINA,CHN,,,,,,,,USA,U. S.,USA,,,,,,,,1,071,071,07,2,7.4,32,1,8,0.91996320147194,4,"Jing Liu, Shaanxi, China",CH,CH26,13219,34.5774,109.147,9215490,4,"Jing Liu, Shaanxi, China",CH,CH26,13219,34.5774,109.147,9215490,4,"Jing Liu, Shaanxi, China",CH,CH26,13219,34.5774,109.147,9215490,20170615164500,Provide aid,Material cooperation
665171061,20170615,201706,CHN,CHINA,CHN,,,,,,,,MNCUSAMED,QUALCOMM,USA,,,,,MNC,MED,,1,046,046,04,1,7.0,10,1,10,0.36764705882353,1,China,CH,CH,,35.0,105.0,CH,1,China,CH,CH,,35.0,105.0,CH,1,China,CH,CH,,35.0,105.0,CH,20170615170000,Consult,Verbal cooperation
665172110,20170615,201706,MNCUSAMED,QUALCOMM,USA,,,,,MNC,MED,,CHN,CHINA,CHN,,,,,,,,1,046,046,04,1,7.0,10,1,10,0.36764705882353,1,China,CH,CH,,35.0,105.0,CH,1,China,CH,CH,,35.0,105.0,CH,1,China,CH,CH,,35.0,105.0,CH,20170615170000,Consult,Verbal cooperation
665177296,20170615,201706,USABUS,NEBRASKA,USA,,,,,BUS,,,CHN,CHINA,CHN,,,,,,,,1,061,061,06,2,6.4,6,1,6,0.46296296296296,3,"Omaha, Nebraska, United States",US,USNE,NE055,41.2586,-95.9378,835483,3,"Omaha, Nebraska, United States",US,USNE,NE055,41.2586,-95.9378,835483,3,"Omaha, Nebraska, United States",US,USNE,NE055,41.2586,-95.9378,835483,20170615171500,Engage in material cooperation,Material cooperation
665177297,20170615,201706,USABUS,NEBRASKA,USA,,,,,BUS,,,CHN,CHINA,CHN,,,,,,,,1,172,172,17,4,-5.0,6,1,6,0.46296296296296,2,"Nebraska, United States",US,USNE,,41.1289,-98.2883,NE,1,China,CH,CH,,35.0,105.0,CH,1,China,CH,CH,,35.0,105.0,CH,20170615171500,Coerce,Material conflict
665181413,20170615,201706,USA,UNITED STATES,USA,,,,,,,,CHN,SIAN,CHN,,,,,,,,1,051,051,05,1,3.4,6,1,6,1.40845070422535,3,"Corpus Christi, Texas, United States",US,USTX,TX355,27.8006,-97.3964,1333380,1,Mexico,MX,MX,,23.0,-102.0,MX,2,"Texas, United States",US,USTX,,31.106,-97.6475,TX,20170615173000,Engage in diplomatic cooperation,Verbal cooperation
665181417,20170615,201706,USA,UNITED STATES,USA,,,,,,,,CHN,SIAN,CHN,,,,,,,,1,084,084,08,2,7.0,6,1,6,1.40845070422535,3,"Corpus Christi, Texas, United States",US,USTX,TX355,27.8006,-97.3964,1333380,1,Mexico,MX,MX,,23.0,-102.0,MX,2,"Texas, United States",US,USTX,,31.106,-97.6475,TX,20170615173000,Yield,Material cooperation
665184080,20170615,201706,CHN,CHINA,CHN,,,,,,,,USA,UNITED STATES,USA,,,,,,,,1,010,010,01,1,0.0,6,1,6,-5.74555403556772,1,United States,US,US,,38.0,-97.0,US,1,United States,US,US,,38.0,-97.0,US,1,United States,US,US,,38.0,-97.0,US,20170615174500,Make public statement,Verbal cooperation
665184081,20170615,201706,CHN,CHINA,CHN,,,,,,,,USA,NEW YORK,USA,,,,,,,,1,193,193,19,4,-10.0,8,1,8,-4.37828371278458,4,"Anbang, Zhejiang, China",CH,CH02,13323,30.5336,120.374,11006456,2,"New York, United States",US,USNY,,42.1497,-74.9384,NY,4,"Anbang, Zhejiang, China",CH,CH02,13323,30.5336,120.374,11006456,20170615174500,Fight,Material conflict
665205573,20170615,201706,USA,CLEVELAND,USA,,,,,,,,CHN,CANTON,CHN,,,,,,,,1,051,051,05,1,3.4,10,1,10,4.72222222222222,2,"Ohio, United States",US,USOH,,40.3736,-82.7755,OH,2,"Ohio, United States",US,USOH,,40.3736,-82.7755,OH,2,"Ohio, United States",US,USOH,,40.3736,-82.7755,OH,20170615191500,Engage in diplomatic cooperation,Verbal cooperation
665207802,20170615,201706,CHN,CHINA,CHN,,,,,,,,USA,UNITED STATES,USA,,,,,,,,1,071,071,07,2,7.4,10,1,10,0.0,1,United States,US,US,,38.0,-97.0,US,1,United States,US,US,,38.0,-97.0,US,1,United States,US,US,,38.0,-97.0,US,20170615193000,Provide aid,Material cooperation
665207803,20170615,201706,CHN,CHINA,CHN,,,,,,,,USAGOV,THE US,USA,,,,,GOV,,,1,172,172,17,4,-5.0,10,1,10,1.27877237851662,1,China,CH,CH,,35.0,105.0,CH,1,China,CH,CH,,35.0,105.0,CH,1,China,CH,CH,,35.0,105.0,CH,20170615193000,Coerce,Material conflict
665211548,20170615,201706,CHN,CHINA,CHN,,,,,,,,USA,UNITED STATES,USA,,,,,,,,1,036,036,03,1,4.0,8,1,8,4.76190476190476,4,"Shanghai, Shanghai, China",CH,CH23,13243,31.2222,121.458,-1924465,1,United States,US,US,,38.0,-97.0,US,4,"Shanghai, Shanghai, China",CH,CH23,13243,31.2222,121.458,-1924465,20170615194500,Express intent to cooperate,Verbal cooperation
665212987,20170615,201706,USA,UNITED STATES,USA,,,,,,,,CHN,CHINA,CHN,,,,,,,,1,036,036,03,1,4.0,8,1,8,4.76190476190476,1,United States,US,US,,38.0,-97.0,US,4,"Shanghai, Shanghai, China",CH,CH23,13243,31.2222,121.458,-1924465,4,"Shanghai, Shanghai, China",CH,CH23,13243,31.2222,121.458,-1924465,20170615194500,Express intent to cooperate,Verbal cooperation
665212988,20170615,201706,USA,UNITED STATES,USA,,,,,,,,CHN,CHINA,CHN,,,,,,,,1,070,070,07,2,7.0,8,1,8,4.2212518195051,4,"Minhang, Shanghai, China",CH,CH23,13243,31.1088,121.375,-1918838,4,"Minhang, Shanghai, China",CH,CH23,13243,31.1088,121.375,-1918838,4,"Minhang, Shanghai, China",CH,CH23,13243,31.1088,121.375,-1918838,20170615194500,Provide aid,Material cooperation
665225477,20170615,201706,CHNCVL,CHINESE,CHN,,,,,CVL,,,USA,NEW YORK,USA,,,,,,,,1,190,190,19,4,-10.0,10,1,10,-3.00751879699248,1,China,CH,CH,,35.0,105.0,CH,2,"New York, United States",US,USNY,,42.1497,-74.9384,NY,1,China,CH,CH,,35.0,105.0,CH,20170615204500,Fight,Material conflict
665226878,20170615,201706,USA,NEW YORK,USA,,,,,,,,CHNCVL,CHINESE,CHN,,,,,CVL,,,1,190,190,19,4,-10.0,8,1,8,-3.00751879699248,4,"Toronto, Ontario, Canada",CA,CA08,12686,43.6667,-79.4167,-574890,4,"Toronto, Ontario, Canada",CA,CA08,12686,43.6667,-79.4167,-574890,4,"Toronto, Ontario, Canada",CA,CA08,12686,43.6667,-79.4167,-574890,20170615204500,Fight,Material conflict
665255578,20170615,201706,USA,ORLANDO,USA,,,,,,,,CHN,CHINESE,CHN,,,,,,,,1,042,042,04,1,1.9,6,1,6,-0.1980198019802,1,Cuba,CU,CU,,21.5,-80.0,CU,1,Cuba,CU,CU,,21.5,-80.0,CU,1,Cuba,CU,CU,,21.5,-80.0,CU,20170615231500,Consult,Verbal cooperation
665265038,20170616,201706,CHN,CHINA,CHN,,,,,,,,USA,UNITED STATES,USA,,,,,,,,1,043,043,04,1,2.8,6,1,6,-3.42465753424657,1,China,CH,CH,,35.0,105.0,CH,3,"Phoenix, Arizona, United States",US,USAZ,AZ013,33.4484,-112.074,44784,3,"Phoenix, Arizona, United States",US,USAZ,AZ013,33.4484,-112.074,44784,20170616000000,Consult,Verbal cooperation
665268403,20170616,201706,USA,PHOENIX,USA,,,,,,,,CHN,CHINESE,CHN,,,,,,,,1,042,042,04,1,1.9,6,1,6,-3.42465753424657,1,China,CH,CH,,35.0,105.0,CH,1,China,CH,CH,,35.0,105.0,CH,1,China,CH,CH,,35.0,105.0,CH,20170616000000,Consult,Verbal cooperation
665275914,20170616,201706,CHN,CHINESE,CHN,,,,,,,,USA,WASHINGTON,USA,,,,,,,,1,036,036,03,1,4.0,6,2,6,-3.31155068880254,4,"Pyongyang, P'yongyang-si, North Korea",KN,KN12,39681,39.0194,125.755,-183459,4,"Pyongyang, P'yongyang-si, North Korea",KN,KN12,39681,39.0194,125.755,-183459,4,"Pyongyang, P'yongyang-si, North Korea",KN,KN12,39681,39.0194,125.755,-183459,20170616003000,Express intent to cooperate,Verbal cooperation
665277258,20170616,201706,MNCUSA,DISNEY,USA,,,,,MNC,,,CHN,CHINA,CHN,,,,,,,,1,014,014,01,1,0.0,8,3,8,-0.229963570127505,1,China,CH,CH,,35.0,105.0,CH,1,China,CH,CH,,35.0,105.0,CH,1,China,CH,CH,,35.0,105.0,CH,20170616003000,Make public statement,Verbal cooperation
665278021,20170616,201706,USA,WASHINGTON,USA,,,,,,,,CHN,CHINESE,CHN,,,,,,,,1,036,036,03,1,4.0,10,3,10,-3.27754037942751,3,"Washington, District of Columbia, United States",US,USDC,DC001,38.8951,-77.0364,531871,4,"Beijing, Beijing, China",CH,CH22,13001,39.9289,116.388,-1898541,3,"Washington, District of Columbia, United States",US,USDC,DC001,38.8951,-77.0364,531871,20170616003000,Express intent to cooperate,Verbal cooperation
665281129,20170616,201706,CHN,CHINESE,CHN,,,,,,,,USA,ORLANDO,USA,,,,,,,,1,043,043,04,1,2.8,18,1,6,-0.1980198019802,1,China,CH,CH,,35.0,105.0,CH,1,China,CH,CH,,35.0,105.0,CH,1,China,CH,CH,,35.0,105.0,CH,20170616004500,Consult,Verbal cooperation
665283182,20170616,201706,USA,ORLANDO,USA,,,,,,,,CHN,CHINESE,CHN,,,,,,,,1,042,042,04,1,1.9,6,1,6,-0.1980198019802,1,Cuba,CU,CU,,21.5,-80.0,CU,1,Cuba,CU,CU,,21.5,-80.0,CU,1,Cuba,CU,CU,,21.5,-80.0,CU,20170616004500,Consult,Verbal cooperation
665298948,20170616,201706,CHN,CHINA,CHN,,,,,,,,USA,UNITED STATES,USA,,,,,,,,1,050,050,05,1,3.5,6,1,6,2.06043956043956,1,China,CH,CH,,35.0,105.0,CH,2,"New York, United States",US,USNY,,42.1497,-74.9384,NY,2,"New York, United States",US,USNY,,42.1497,-74.9384,NY,20170616014500,Engage in diplomatic cooperation,Verbal cooperation
665298950,20170616,201706,CHN,CHINA,CHN,,,,,,,,USAMED,ASSOCIATED PRESS,USA,,,,,MED,,,1,043,043,04,1,2.8,8,1,8,2.68456375838926,1,China,CH,CH,,35.0,105.0,CH,4,"Prague, Praha, Hlavníesto, Czech Republic",EZ,EZ52,14865,50.0833,14.4667,-553173,3,"Chicago, Illinois, United States",US,USIL,IL031,41.85,-87.6501,423587,20170616014500,Consult,Verbal cooperation
665300472,20170616,201706,USA,UNITED STATES,USA,,,,,,,,CHN,CHINA,CHN,,,,,,,,1,050,050,05,1,3.5,6,1,6,2.06043956043956,2,"New York, United States",US,USNY,,42.1497,-74.9384,NY,1,China,CH,CH,,35.0,105.0,CH,2,"New York, United States",US,USNY,,42.1497,-74.9384,NY,20170616014500,Engage in diplomatic cooperation,Verbal cooperation
665300770,20170616,201706,USAMED,ASSOCIATED PRESS,USA,,,,,MED,,,CHN,CHINA,CHN,,,,,,,,1,042,042,04,1,1.9,8,1,8,2.68456375838926,4,"Prague, Praha, Hlavníesto, Czech Republic",EZ,EZ52,14865,50.0833,14.4667,-553173,1,China,CH,CH,,35.0,105.0,CH,3,"Chicago, Illinois, United States",US,USIL,IL031,41.85,-87.6501,423587,20170616014500,Consult,Verbal cooperation
665302815,20170616,201706,USA,WASHINGTON,USA,,,,,,,,CHN,CHINA,CHN,,,,,,,,1,020,020,02,1,3.0,8,1,8,0.19723865877712,4,"Lu Kang, Anhui, China",CH,CH01,13144,31.2728,118.337,-1916844,4,"Lu Kang, Anhui, China",CH,CH01,13144,31.2728,118.337,-1916844,4,"Lu Kang, Anhui, China",CH,CH01,13144,31.2728,118.337,-1916844,20170616020000,Appeal,Verbal cooperation
665302818,20170616,201706,USA,WASHINGTON,USA,,,,,,,,CHN,CHINA,CHN,,,,,,,,1,130,130,13,3,-4.4,8,1,8,0.19723865877712,3,"Washington, District of Columbia, United States",US,USDC,DC001,38.8951,-77.0364,531871,4,"Qingyun, Jiangxi, China",CH,CH03,13167,27.9854,116.356,11066549,4,"Qingyun, Jiangxi, China",CH,CH03,13167,27.9854,116.356,11066549,20170616020000,Threaten,Verbal conflict
665304872,20170616,201706,CHN,CHINA,CHN,,,,,,,,USA,UNITED STATES,USA,,,,,,,,1,013,013,01,1,0.4,10,1,10,3.87984981226533,5,"Zhejiang, Zhejiang, China",CH,CH02,13325,29.0,120.0,-1938694,5,"Zhejiang, Zhejiang, China",CH,CH02,13325,29.0,120.0,-1938694,5,"Zhejiang, Zhejiang, China",CH,CH02,13325,29.0,120.0,-1938694,20170616023000,Make public statement,Verbal cooperation
665304876,20170616,201706,CHN,CHINA,CHN,,,,,,,,USA,MASSACHUSETTS,USA,,,,,,,,1,043,043,04,1,2.8,6,1,6,-3.80228136882129,1,China,CH,CH,,35.0,105.0,CH,2,"Massachusetts, United States",US,USMA,,42.2373,-71.5314,MA,1,China,CH,CH,,35.0,105.0,CH,20170616023000,Consult,Verbal cooperation
665306653,20170616,201706,USA,THE US,USA,,,,,,,,CHN,CHINA,CHN,,,,,,,,1,040,040,04,1,1.0,8,1,8,2.05761316872428,1,China,CH,CH,,35.0,105.0,CH,1,China,CH,CH,,35.0,105.0,CH,2,"New York, United States",US,USNY,,42.1497,-74.9384,NY,20170616023000,Consult,Verbal cooperation
665314837,20170616,201706,CHN,CHINA,CHN,,,,,,,,USA,UNITED STATES,USA,,,,,,,,1,013,013,01,1,0.4,10,1,10,4.03768506056527,1,China,CH,CH,,35.0,105.0,CH,1,China,CH,CH,,35.0,105.0,CH,1,China,CH,CH,,35.0,105.0,CH,20170616033000,Make public statement,Verbal cooperation
665323367,20170616,201706,CHN,CHINA,CHN,,,,,,,,USAMED,REUTERS,USA,,,,,MED,,,1,0331,033,03,1,5.2,10,1,10,3.125,4,"Beijing, Beijing, China",CH,CH22,13001,39.9289,116.388,-1898541,4,"Beijing, Beijing, China",CH,CH22,13001,39.9289,116.388,-1898541,4,"Beijing, Beijing, China",CH,CH22,13001,39.9289,116.388,-1898541,20170616041500,Express intent to cooperate,Verbal cooperation
665324737,20170616,201706,USAMED,REUTERS,USA,,,,,MED,,,CHN,CHINESE,CHN,,,,,,,,1,071,071,07,2,7.4,10,1,10,0.55710306406686,1,China,CH,CH,,35.0,105.0,CH,1,China,CH,CH,,35.0,105.0,CH,1,China,CH,CH,,35.0,105.0,CH,20170616041500,Provide aid,Material cooperation
665340946,20170616,201706,CHN,CHINA,CHN,,,,,,,,USA,FLORIDA,USA,,,,,,,,1,057,057,05,1,8.0,6,1,6,-2.86792452830188,4,"Beijing, Beijing, China",CH,CH22,13001,39.9289,116.388,-1898541,2,"Florida, United States",US,USFL,,27.8333,-81.717,FL,4,"Beijing, Beijing, China",CH,CH22,13001,39.9289,116.388,-1898541,20170616054500,Engage in diplomatic cooperation,Verbal cooperation
665342036,20170616,201706,USA,FLORIDA,USA,,,,,,,,CHN,CHINA,CHN,,,,,,,,1,057,057,05,1,8.0,6,1,6,-2.86792452830188,2,"Florida, United States",US,USFL,,27.8333,-81.717,FL,4,"Beijing, Beijing, China",CH,CH22,13001,39.9289,116.388,-1898541,4,"Beijing, Beijing, China",CH,CH22,13001,39.9289,116.388,-1898541,20170616054500,Engage in diplomatic cooperation,Verbal cooperation
665346098,20170616,201706,NGOCHNUIGHRIMED,DILXAT RAXIT,CHN,,,,,NGO,HRI,MED,USAGOVMEDASA,RADIO FREE ASIA,USA,,,,,GOV,MED,,1,013,013,01,1,0.4,8,1,8,-6.33245382585752,4,"Xinjiang, Jiangxi, China",CH,CH03,13167,27.7481,116.274,11065838,4,"Xinjiang, Jiangxi, China",CH,CH03,13167,27.7481,116.274,11065838,4,"Xinjiang, Jiangxi, China",CH,CH03,13167,27.7481,116.274,11065838,20170616063000,Make public statement,Verbal cooperation
665357637,20170616,201706,USA,LOS ANGELES,USA,,,,,,,,CHN,CHINA,CHN,,,,,,,,1,0353,035,03,1,7.0,7,1,7,-1.78799489144316,3,"Long Beach, California, United States",US,USCA,CA037,33.767,-118.189,1652747,3,"Long Beach, California, United States",US,USCA,,33.767,-118.189,1652747,3,"Long Beach, California, United States",US,USCA,,33.767,-118.189,1652747,20170616073000,Express intent to cooperate,Verbal cooperation
665359933,20170616,201706,CHN,SHANGHAI,CHN,,,,,,,,MNCUSA,DISNEY,USA,,,,,MNC,,,1,017,017,01,1,0.0,10,1,10,2.53164556962025,4,"Shanghai, Shanghai, China",CH,CH23,13243,31.2222,121.458,-1924465,4,"Shanghai, Shanghai, China",CH,CH23,13243,31.2222,121.458,-1924465,4,"Shanghai, Shanghai, China",CH,CH23,13243,31.2222,121.458,-1924465,20170616074500,Make public statement,Verbal cooperation
665360929,20170616,201706,MNCUSA,DISNEY,USA,,,,,MNC,,,CHN,CHINA,CHN,,,,,,,,1,192,192,19,4,-9.5,10,1,10,2.53164556962025,4,"Shanghai, Shanghai, China",CH,CH23,13243,31.2222,121.458,-1924465,4,"Shanghai, Shanghai, China",CH,CH23,13243,31.2222,121.458,-1924465,4,"Shanghai, Shanghai, China",CH,CH23,13243,31.2222,121.458,-1924465,20170616074500,Fight,Material conflict
665363205,20170616,201706,NGOCHNUIGHRI,WORLD UYGHUR CONGRESS,CHN,,,,,NGO,HRI,,USAGOVMEDASA,RADIO FREE ASIA,USA,,,,,GOV,MED,,1,013,013,01,1,0.4,10,1,10,-6.23556581986143,4,"Beijing, Beijing, China",CH,CH22,13001,39.9289,116.388,-1898541,4,"Beijing, Beijing, China",CH,CH22,13001,39.9289,116.388,-1898541,4,"Beijing, Beijing, China",CH,CH22,13001,39.9289,116.388,-1898541,20170616080000,Make public statement,Verbal cooperation
665363600,20170616,201706,USA,PORTLAND,USA,,,,,,,,CHN,CHINESE,CHN,,,,,,,,1,1123,112,11,3,-2.0,7,1,7,-10.1045296167247,1,China,CH,CH,,35.0,105.0,CH,1,China,CH,CH,,35.0,105.0,CH,1,China,CH,CH,,35.0,105.0,CH,20170616080000,Disapprove,Verbal conflict
665377697,20170616,201706,CHNBUS,CHINESE,CHN,,,,,BUS,,,USA,UNITED STATES,USA,,,,,,,,1,112,112,11,3,-2.0,6,1,6,-5.88235294117647,1,North Korea,KN,KN,,40.0,127.0,KN,1,North Korea,KN,KN,,40.0,127.0,KN,1,North Korea,KN,KN,,40.0,127.0,KN,20170616090000,Disapprove,Verbal conflict
665379224,20170616,201706,USAGOV,UNITED STATES,USA,,,,,GOV,,,CHN,CHINESE,CHN,,,,,,,,1,090,090,09,2,-2.0,10,1,10,-1.55642023346303,4,"Jakarta, Jakarta Raya, Indonesia",ID,ID04,18585,-6.17444,106.829,-2679652,4,"Jakarta, Jakarta Raya, Indonesia",ID,ID04,18585,-6.17444,106.829,-2679652,4,"Jakarta, Jakarta Raya, Indonesia",ID,ID04,18585,-6.17444,106.829,-2679652,20170616090000,Investigate,Material cooperation
665381763,20170616,201706,CHN,CHINA,CHN,,,,,,,,USA,UNITED STATES,USA,,,,,,,,1,061,061,06,2,6.4,6,1,6,-0.1466275659824,4,"Anjin, Guangdong, China",CH,CH30,13139,25.0411,112.674,11179261,5,"Anhui, Anhui, China",CH,CH01,12996,32.0,117.0,-1896677,5,"Anhui, Anhui, China",CH,CH01,12996,32.0,117.0,-1896677,20170616091500,Engage in material cooperation,Material cooperation
665381764,20170616,201706,CHN,CHINA,CHN,,,,,,,,USA,UNITED STATES,USA,,,,,,,,1,190,190,19,4,-10.0,10,1,10,-1.1182108626198,1,China,CH,CH,,35.0,105.0,CH,1,China,CH,CH,,35.0,105.0,CH,1,China,CH,CH,,35.0,105.0,CH,20170616091500,Fight,Material conflict
665391017,20170616,201706,CHN,CHINA,CHN,,,,,,,,USA,UNITED STATES,USA,,,,,,,,1,043,043,04,1,2.8,8,1,8,-0.88328075709779,1,China,CH,CH,,35.0,105.0,CH,1,United States,US,US,,38.0,-97.0,US,1,China,CH,CH,,35.0,105.0,CH,20170616100000,Consult,Verbal cooperation
665394822,20170609,201706,CHN,CHINESE,CHN,,,,,,,,USAGOVMEDASA,RADIO FREE ASIA,USA,,,,,GOV,MED,,1,013,013,01,1,0.4,6,1,6,-4.43864229765013,4,"Altay, Xinjiang, China",CH,CH13,13294,47.8667,88.1167,-1896572,4,"Okan, Guangdong, China",CH,CH30,13035,20.7204,109.909,8018372,4,"Okan, Guangdong, China",CH,CH30,13035,20.7204,109.909,8018372,20170616103000,Make public statement,Verbal cooperation
665395349,20170616,201706,CHN,CHINA,CHN,,,,,,,,MNCUSAMED,QUALCOMM,USA,,,,,MNC,MED,,1,051,051,05,1,3.4,10,1,10,-0.34662045060659,4,"Xiaomi, Fujian, China",CH,CH07,13163,25.2225,116.057,10999868,4,"Xiaomi, Fujian, China",CH,CH07,13163,25.2225,116.057,10999868,4,"Xiaomi, Fujian, China",CH,CH07,13163,25.2225,116.057,10999868,20170616103000,Engage in diplomatic cooperation,Verbal cooperation
665398111,20170616,201706,CHN,CHINA,CHN,,,,,,,,USA,UNITED STATES,USA,,,,,,,,1,061,061,06,2,6.4,8,1,8,1.0062893081761,1,China,CH,CH,,35.0,105.0,CH,3,"Washington, District of Columbia, United States",US,USDC,DC001,38.8951,-77.0364,531871,1,China,CH,CH,,35.0,105.0,CH,20170616104500,Engage in material cooperation,Material cooperation
665399827,20170616,201706,USA,AMERICAN,USA,,,,,,,,CHN,CHINESE,CHN,,,,,,,,1,012,012,01,1,-0.4,6,1,6,-2.40295748613678,2,"California, United States",US,USCA,,36.17,-119.746,CA,1,China,CH,CH,,35.0,105.0,CH,2,"California, United States",US,USCA,,36.17,-119.746,CA,20170616104500,Make public statement,Verbal cooperation
665406171,20170616,201706,USA,UNITED STATES,USA,,,,,,,,CHNBUS,CHINESE,CHN,,,,,BUS,,,1,112,112,11,3,-2.0,6,1,6,-5.14469453376206,2,"District of Columbia, United States",US,USDC,,38.8964,-77.0262,DC,2,"District of Columbia, United States",US,USDC,,38.8964,-77.0262,DC,2,"District of Columbia, United States",US,USDC,,38.8964,-77.0262,DC,20170616110000,Disapprove,Verbal conflict
665406911,20170616,201706,CHNCOP,CHINA,CHN,,,,,COP,,,USA,HAWAII,USA,,,,,,,,1,111,111,11,3,-2.0,10,2,10,-7.98725814063237,4,"Weihai, Shandong, China",CH,CH25,13327,37.5017,122.114,-1930256,4,"Weihai, Shandong, China",CH,CH25,13327,37.5017,122.114,-1930256,4,"Weihai, Shandong, China",CH,CH25,13327,37.5017,122.114,-1930256,20170616111500,Disapprove,Verbal conflict
665406916,20170616,201706,CHNEDU,CHINESE,CHN,,,,,EDU,,,USA,IDAHO,USA,,,,,,,,1,194,194,19,4,-10.0,6,1,6,-10.0852272727273,4,"Fuzhou, Fujian, China",CH,CH07,13005,26.0614,119.306,-1905938,4,"Fuzhou, Fujian, China",CH,CH07,13005,26.0614,119.306,-1905938,4,"Fuzhou, Fujian, China",CH,CH07,13005,26.0614,119.306,-1905938,20170616111500,Fight,Material conflict
665413558,20170616,201706,CHN,SHANGHAI,CHN,,,,,,,,USA,NEW YORK,USA,,,,,,,,1,036,036,03,1,4.0,10,1,10,-0.38759689922481,4,"Shanghai, Shanghai, China",CH,CH23,13243,31.2222,121.458,-1924465,2,"New York, United States",US,USNY,,42.1497,-74.9384,NY,4,"Shanghai, Shanghai, China",CH,CH23,13243,31.2222,121.458,-1924465,20170616113000,Express intent to cooperate,Verbal cooperation
665415265,20170616,201706,USA,NEW YORK,USA,,,,,,,,CHN,SHANGHAI,CHN,,,,,,,,1,036,036,03,1,4.0,10,1,10,-0.38759689922481,4,"Shanghai, Shanghai, China",CH,CH23,13243,31.2222,121.458,-1924465,4,"Shanghai, Shanghai, China",CH,CH23,13243,31.2222,121.458,-1924465,4,"Shanghai, Shanghai, China",CH,CH23,13243,31.2222,121.458,-1924465,20170616113000,Express intent to cooperate,Verbal cooperation
665424031,20170616,201706,CHN,CHINA,CHN,,,,,,,,MNCUSAMED,GOOGLE,USA,,,,,MNC,MED,,1,010,010,01,1,0.0,10,1,10,1.56862745098039,1,China,CH,CH,,35.0,105.0,CH,1,China,CH,CH,,35.0,105.0,CH,1,China,CH,CH,,35.0,105.0,CH,20170616121500,Make public statement,Verbal cooperation
665425771,20170616,201706,USA,THE US,USA,,,,,,,,CHN,CHINA,CHN,,,,,,,,1,061,061,06,2,6.4,10,1,10,2.20820189274448,1,China,CH,CH,,35.0,105.0,CH,1,China,CH,CH,,35.0,105.0,CH,1,China,CH,CH,,35.0,105.0,CH,20170616121500,Engage in material cooperation,Material cooperation
665428130,20170616,201706,CHNBUS,CHINESE,CHN,,,,,BUS,,,USA,CALIFORNIA,USA,,,,,,,,1,071,071,07,2,7.4,6,1,6,-0.98716683119447,4,"Shanghai, Shanghai, China",CH,CH23,13243,31.2222,121.458,-1924465,2,"California, United States",US,USCA,,36.17,-119.746,CA,4,"Shanghai, Shanghai, China",CH,CH23,13243,31.2222,121.458,-1924465,20170616123000,Provide aid,Material cooperation
665435510,20170616,201706,USAMED,REUTERS,USA,,,,,MED,,,CHN,CHINA,CHN,,,,,,,,1,020,020,02,1,3.0,6,1,6,0.0,1,China,CH,CH,,35.0,105.0,CH,1,China,CH,CH,,35.0,105.0,CH,1,China,CH,CH,,35.0,105.0,CH,20170616124500,Appeal,Verbal cooperation
665435512,20170616,201706,USAMED,REUTERS,USA,,,,,MED,,,CHN,CHINA,CHN,,,,,,,,1,090,090,09,2,-2.0,8,1,8,0.0,3,"Washington, District of Columbia, United States",US,USDC,DC001,38.8951,-77.0364,531871,1,China,CH,CH,,35.0,105.0,CH,1,China,CH,CH,,35.0,105.0,CH,20170616124500,Investigate,Material cooperation
665445785,20170616,201706,MNCUSAMED,QUALCOMM,USA,,,,,MNC,MED,,CHN,CHINESE,CHN,,,,,,,,1,111,111,11,3,-2.0,10,1,10,-0.27985074626866,4,"Xiaomi, Fujian, China",CH,CH07,13163,25.2225,116.057,10999868,4,"Xiaomi, Fujian, China",CH,CH07,13163,25.2225,116.057,10999868,4,"Xiaomi, Fujian, China",CH,CH07,13163,25.2225,116.057,10999868,20170616133000,Disapprove,Verbal conflict
665446429,20170616,201706,USA,THE US,USA,,,,,,,,CHN,CHINA,CHN,,,,,,,,1,020,020,02,1,3.0,10,1,10,-0.43415340086831,5,"Inner Mongolia, Nei Mongol, China",CH,CH20,13198,44.0,112.0,-1920094,5,"Inner Mongolia, Nei Mongol, China",CH,CH20,13198,44.0,112.0,-1920094,5,"Inner Mongolia, Nei Mongol, China",CH,CH20,13198,44.0,112.0,-1920094,20170616133000,Appeal,Verbal cooperation
665474790,20170616,201706,MNCUSA,DISNEY,USA,,,,,MNC,,,CHN,SHANGHAI,CHN,,,,,,,,1,017,017,01,1,0.0,6,1,6,1.25223613595707,4,"Shanghai, Shanghai, China",CH,CH23,13243,31.2222,121.458,-1924465,4,"Shanghai, Shanghai, China",CH,CH23,13243,31.2222,121.458,-1924465,4,"Shanghai, Shanghai, China",CH,CH23,13243,31.2222,121.458,-1924465,20170616154500,Make public statement,Verbal cooperation
665475331,20170616,201706,USA,THE US,USA,,,,,,,,CHN,CHINA,CHN,,,,,,,,1,060,060,06,2,6.0,10,1,10,2.91806958473625,1,India,IN,IN,,20.0,77.0,IN,1,China,CH,CH,,35.0,105.0,CH,1,China,CH,CH,,35.0,105.0,CH,20170616154500,Engage in material cooperation,Material cooperation
665475332,20170616,201706,USA,THE US,USA,,,,,,,,CHN,CHINA,CHN,,,,,,,,1,120,120,12,3,-4.0,6,1,6,2.91806958473625,4,"Multan, Punjab, Pakistan",PK,PK04,23670,30.1956,71.4753,-2769709,4,"Islamabad, Islamabad, Pakistan",PK,PK08,23674,33.7,73.1667,-2762812,4,"Islamabad, Islamabad, Pakistan",PK,PK08,23674,33.7,73.1667,-2762812,20170616154500,Reject,Verbal conflict
665485396,20170616,201706,USAMED,REUTERS,USA,,,,,MED,,,CHN,CHINA,CHN,,,,,,,,1,020,020,02,1,3.0,10,1,10,2.89975144987572,4,"Nanjing, Jiangsu, China",CH,CH04,13144,32.0617,118.778,-1919548,4,"Nanjing, Jiangsu, China",CH,CH04,13144,32.0617,118.778,-1919548,4,"Nanjing, Jiangsu, China",CH,CH04,13144,32.0617,118.778,-1919548,20170616163000,Appeal,Verbal cooperation
665490121,20170616,201706,CHN,CHINA,CHN,,,,,,,,USA,NEBRASKA,USA,,,,,,,,1,043,043,04,1,2.8,6,1,6,2.4390243902439,1,China,CH,CH,,35.0,105.0,CH,2,"Nebraska, United States",US,USNE,,41.1289,-98.2883,NE,1,China,CH,CH,,35.0,105.0,CH,20170616164500,Consult,Verbal cooperation
665491959,20170616,201706,USA,NEBRASKA,USA,,,,,,,,CHN,CHINA,CHN,,,,,,,,1,042,042,04,1,1.9,6,1,6,2.4390243902439,1,Canada,CA,CA,,60.0,-95.0,CA,1,Canada,CA,CA,,60.0,-95.0,CA,1,Canada,CA,CA,,60.0,-95.0,CA,20170616164500,Consult,Verbal cooperation
665494726,20170616,201706,CHN,SHANGHAI,CHN,,,,,,,,MNCUSA,DISNEY,USA,,,,,MNC,,,1,042,042,04,1,1.9,10,1,10,9.48616600790514,4,"Shanghai, Shanghai, China",CH,CH23,13243,31.2222,121.458,-1924465,4,"Shanghai, Shanghai, China",CH,CH23,13243,31.2222,121.458,-1924465,4,"Shanghai, Shanghai, China",CH,CH23,13243,31.2222,121.458,-1924465,20170616170000,Consult,Verbal cooperation
665494744,20170616,201706,CHN,GUANGZHOU,CHN,,,,,,,,USA,UNITED STATES,USA,,,,,,,,1,172,172,17,4,-5.0,6,1,6,0.77519379844961,4,"Guangzhou, Guangdong, China",CH,CH30,13033,23.1167,113.25,-1907161,2,"New York, United States",US,USNY,,42.1497,-74.9384,NY,4,"Guangzhou, Guangdong, China",CH,CH30,13033,23.1167,113.25,-1907161,20170616170000,Coerce,Material conflict
665495955,20170616,201706,MNCUSA,DISNEY,USA,,,,,MNC,,,CHN,SHANGHAI,CHN,,,,,,,,1,043,043,04,1,2.8,10,1,10,9.48616600790514,4,"Shanghai, Shanghai, China",CH,CH23,13243,31.2222,121.458,-1924465,4,"Shanghai, Shanghai, China",CH,CH23,13243,31.2222,121.458,-1924465,4,"Shanghai, Shanghai, China",CH,CH23,13243,31.2222,121.458,-1924465,20170616170000,Consult,Verbal cooperation
665499205,20170616,201706,CHN,SHANGHAI,CHN,,,,,,,,USA,THE US,USA,,,,,,,,1,100,100,10,3,-5.0,6,1,6,0.36429872495446,4,"Shanghai, Shanghai, China",CH,CH23,13243,31.2222,121.458,-1924465,1,Canada,CA,CA,,60.0,-95.0,CA,4,"Shanghai, Shanghai, China",CH,CH23,13243,31.2222,121.458,-1924465,20170616171500,Demand,Verbal conflict
665500727,20170616,201706,USA,UNITED STATES,USA,,,,,,,,CHN,CHINA,CHN,,,,,,,,1,190,190,19,4,-10.0,6,1,6,-1.75438596491228,2,"Florida, United States",US,USFL,,27.8333,-81.717,FL,1,China,CH,CH,,35.0,105.0,CH,2,"Florida, United States",US,USFL,,27.8333,-81.717,FL,20170616171500,Fight,Material conflict
665506770,20170616,201706,CHN,CHINA,CHN,,,,,,,,USA,UNITED STATES,USA,,,,,,,,1,110,110,11,3,-2.0,6,1,6,-3.88349514563106,2,"Montana, United States",US,USMT,,46.9048,-110.326,MT,2,"Montana, United States",US,USMT,,46.9048,-110.326,MT,2,"Montana, United States",US,USMT,,46.9048,-110.326,MT,20170616174500,Disapprove,Verbal conflict
665506773,20170616,201706,CHN,CHINA,CHN,,,,,,,,USA,UNITED STATES,USA,,,,,,,,1,141,141,14,3,-6.5,6,1,6,-3.88349514563106,1,China,CH,CH,,35.0,105.0,CH,3,"Washington, District of Columbia, United States",US,USDC,DC001,38.8951,-77.0364,531871,4,"Quebec, Quebec, Canada",CA,CA10,12750,47.5,-72.0,-571850,20170616174500,Protest,Verbal conflict
665510619,20170616,201706,CHN,CHINA,CHN,,,,,,,,USA,UNITED STATES,USA,,,,,,,,1,190,190,19,4,-10.0,6,1,6,1.15384615384615,2,"Maine, United States",US,USME,,44.6074,-69.3977,ME,2,"Maine, United States",US,USME,,44.6074,-69.3977,ME,2,"Maine, United States",US,USME,,44.6074,-69.3977,ME,20170616180000,Fight,Material conflict
665513816,20160616,201606,CHN,CHINESE,CHN,,,,,,,,USAGOVELI,OBAMA,USA,,,,,GOV,ELI,,1,120,120,12,3,-4.0,6,1,6,0.0,5,"Tibet, Xizang, China",CH,CH14,13213,32.0,90.0,-1934604,5,"Tibet, Xizang, China",CH,CH14,13213,32.0,90.0,-1934604,5,"Tibet, Xizang, China",CH,CH14,13213,32.0,90.0,-1934604,20170616183000,Reject,Verbal conflict
665518378,20170616,201706,CHN,CHINA,CHN,,,,,,,,USA,UNITED STATES,USA,,,,,,,,1,130,130,13,3,-4.4,8,1,8,0.47169811320754,4,"Republic Of China, Taiwan (general), Taiwan",TW,TW00,13277,24.0,121.0,-2637939,4,"Republic Of China, Taiwan (general), Taiwan",TW,TW00,13277,24.0,121.0,-2637939,4,"Republic Of China, Taiwan (general), Taiwan",TW,TW00,13277,24.0,121.0,-2637939,20170616184500,Threaten,Verbal conflict
665525821,20170616,201706,CHN,CHINA,CHN,,,,,,,,USA,UNITED STATES,USA,,,,,,,,1,042,042,04,1,1.9,6,1,6,-0.72992700729927,2,"North Carolina, United States",US,USNC,,35.6411,-79.8431,NC,2,"North Carolina, United States",US,USNC,,35.6411,-79.8431,NC,2,"North Carolina, United States",US,USNC,,35.6411,-79.8431,NC,20170616191500,Consult,Verbal cooperation
665527236,20170616,201706,USA,UNITED STATES,USA,,,,,,,,CHN,CHINA,CHN,,,,,,,,1,043,043,04,1,2.8,6,1,6,-0.72992700729927,2,"North Carolina, United States",US,USNC,,35.6411,-79.8431,NC,4,"Ching-Ling, China (general), China",CH,CH00,13188,42.4608,125.128,36307,4,"Ching-Ling, China (general), China",CH,CH00,13188,42.4608,125.128,36307,20170616191500,Consult,Verbal cooperation
665573785,20170616,201706,USA,MINNESOTA,USA,,,,,,,,CHN,CANTON,CHN,,,,,,,,1,081,081,08,2,5.0,6,1,6,-6.01092896174864,2,"Minnesota, United States",US,USMN,,45.7326,-93.9196,MN,2,"Minnesota, United States",US,USMN,,45.7326,-93.9196,MN,2,"Minnesota, United States",US,USMN,,45.7326,-93.9196,MN,20170616224500,Yield,Material cooperation
665573786,20170616,201706,USA,MINNESOTA,USA,,,,,,,,CHN,CANTON,CHN,,,,,,,,1,193,193,19,4,-10.0,8,1,8,-6.01092896174864,2,"Minnesota, United States",US,USMN,,45.7326,-93.9196,MN,1,China,CH,CH,,35.0,105.0,CH,1,China,CH,CH,,35.0,105.0,CH,20170616224500,Fight,Material conflict
665575299,20170616,201706,CHN,SHANGHAI,CHN,,,,,,,,USA,NEBRASKA,USA,,,,,,,,1,043,043,04,1,2.8,8,1,8,1.87110187110187,4,"Shanghai, Shanghai, China",CH,CH23,13243,31.2222,121.458,-1924465,2,"Nebraska, United States",US,USNE,,41.1289,-98.2883,NE,2,"Nebraska, United States",US,USNE,,41.1289,-98.2883,NE,20170616230000,Consult,Verbal cooperation
665576444,20170616,201706,USA,NEBRASKA,USA,,,,,,,,CHN,SHANGHAI,CHN,,,,,,,,1,042,042,04,1,1.9,8,1,8,1.87110187110187,2,"Nebraska, United States",US,USNE,,41.1289,-98.2883,NE,4,"Shanghai, Shanghai, China",CH,CH23,13243,31.2222,121.458,-1924465,2,"Nebraska, United States",US,USNE,,41.1289,-98.2883,NE,20170616230000,Consult,Verbal cooperation
665578142,20170616,201706,USA,ORLANDO,USA,,,,,,,,CHN,CHINESE,CHN,,,,,,,,1,042,042,04,1,1.9,6,1,6,-0.98654708520179,4,"London, London, City of, United Kingdom",UK,UKH9,40110,51.5,-0.116667,-2601889,4,"London, London, City of, United Kingdom",UK,UKH9,40110,51.5,-0.116667,-2601889,4,"London, London, City of, United Kingdom",UK,UKH9,40110,51.5,-0.116667,-2601889,20170616231500,Consult,Verbal cooperation
665583137,20170616,201706,CHN,CHINA,CHN,,,,,,,,USA,COLUMBUS,USA,,,,,,,,1,020,020,02,1,3.0,8,1,8,1.82767624020888,2,"Florida, United States",US,USFL,,27.8333,-81.717,FL,2,"Florida, United States",US,USFL,,27.8333,-81.717,FL,2,"Florida, United States",US,USFL,,27.8333,-81.717,FL,20170616234500,Appeal,Verbal cooperation
665594184,20170617,201706,USA,UNITED STATES,USA,,,,,,,,CHN,CHINA,CHN,,,,,,,,1,061,061,06,2,6.4,8,1,8,1.07334525939177,3,"Omaha, Nebraska, United States",US,USNE,NE055,41.2586,-95.9378,835483,4,"Beijing, Beijing, China",CH,CH22,13001,39.9289,116.388,-1898541,4,"Beijing, Beijing, China",CH,CH22,13001,39.9289,116.388,-1898541,20170617001500,Engage in material cooperation,Material cooperation
665595495,20170617,201706,CHN,CHINESE,CHN,,,,,,,,USA,UNITED STATES,USA,,,,,,,,1,036,036,03,1,4.0,6,1,6,5.82959641255605,1,China,CH,CH,,35.0,105.0,CH,1,China,CH,CH,,35.0,105.0,CH,1,China,CH,CH,,35.0,105.0,CH,20170617003000,Express intent to cooperate,Verbal cooperation
665602323,20170617,201706,CHN,CHINESE,CHN,,,,,,,,USA,ORLANDO,USA,,,,,,,,1,043,043,04,1,2.8,6,1,6,-0.98654708520179,1,China,CH,CH,,35.0,105.0,CH,1,China,CH,CH,,35.0,105.0,CH,1,China,CH,CH,,35.0,105.0,CH,20170617004500,Consult,Verbal cooperation
665604142,20170617,201706,USA,ORLANDO,USA,,,,,,,,CHN,CHINESE,CHN,,,,,,,,1,042,042,04,1,1.9,6,1,6,-0.98654708520179,4,"London, London, City of, United Kingdom",UK,UKH9,40110,51.5,-0.116667,-2601889,4,"London, London, City of, United Kingdom",UK,UKH9,40110,51.5,-0.116667,-2601889,4,"London, London, City of, United Kingdom",UK,UKH9,40110,51.5,-0.116667,-2601889,20170617004500,Consult,Verbal cooperation
665606569,20170617,201706,CHN,CHINA,CHN,,,,,,,,USA,UNITED STATES,USA,,,,,,,,1,043,043,04,1,2.8,6,1,6,-4.25219941348974,1,China,CH,CH,,35.0,105.0,CH,3,"Phoenix, Arizona, United States",US,USAZ,AZ013,33.4484,-112.074,44784,3,"Phoenix, Arizona, United States",US,USAZ,AZ013,33.4484,-112.074,44784,20170617010000,Consult,Verbal cooperation
665607721,20170617,201706,MNCUSA,RUBY TUESDAY,USA,,,,,MNC,,,CHN,CHINA,CHN,,,,,,,,1,1712,171,17,4,-9.2,6,1,6,1.08864696734059,3,"Oak Ridge, New York, United States",US,USNY,NY057,42.7965,-74.3401,959150,3,"Oak Ridge, New York, United States",US,USNY,,42.7965,-74.3401,959150,3,"Oak Ridge, New York, United States",US,USNY,,42.7965,-74.3401,959150,20170617010000,Coerce,Material conflict
665608213,20170617,201706,USA,UNITED STATES,USA,,,,,,,,CHN,CHINA,CHN,,,,,,,,1,042,042,04,1,1.9,6,1,6,-4.25219941348974,3,"Phoenix, Arizona, United States",US,USAZ,AZ013,33.4484,-112.074,44784,1,China,CH,CH,,35.0,105.0,CH,3,"Phoenix, Arizona, United States",US,USAZ,AZ013,33.4484,-112.074,44784,20170617010000,Consult,Verbal cooperation
665635961,20170617,201706,CHN,CHINA,CHN,,,,,,,,USA,UNITED STATES,USA,,,,,,,,1,061,061,06,2,6.4,6,1,6,1.34228187919463,1,China,CH,CH,,35.0,105.0,CH,3,"Washington, District of Columbia, United States",US,USDC,DC001,38.8951,-77.0364,531871,1,China,CH,CH,,35.0,105.0,CH,20170617034500,Engage in material cooperation,Material cooperation
665636795,20170617,201706,USA,UNITED STATES,USA,,,,,,,,CHN,CHINA,CHN,,,,,,,,1,061,061,06,2,6.4,10,1,10,1.34228187919463,3,"Washington, District of Columbia, United States",US,USDC,DC001,38.8951,-77.0364,531871,1,China,CH,CH,,35.0,105.0,CH,1,China,CH,CH,,35.0,105.0,CH,20170617034500,Engage in material cooperation,Material cooperation
665644414,20170617,201706,CHN,SIAN,CHN,,,,,,,,USAGOV,THE US,USA,,,,,GOV,,,1,114,114,11,3,-2.0,6,1,6,-1.1864406779661,1,Malaysia,MY,MY,,2.5,112.5,MY,1,Malaysia,MY,MY,,2.5,112.5,MY,1,Malaysia,MY,MY,,2.5,112.5,MY,20170617044500,Disapprove,Verbal conflict
665645049,20170617,201706,NGOCHNUIGHRIMED,DILXAT RAXIT,CHN,,,,,NGO,HRI,MED,USAGOVMEDASA,RADIO FREE ASIA,USA,,,,,GOV,MED,,1,013,013,01,1,0.4,8,1,8,-5.84795321637427,4,"Xinjiang, Jiangxi, China",CH,CH03,13167,27.7481,116.274,11065838,4,"Xinjiang, Jiangxi, China",CH,CH03,13167,27.7481,116.274,11065838,4,"Xinjiang, Jiangxi, China",CH,CH03,13167,27.7481,116.274,11065838,20170617044500,Make public statement,Verbal cooperation
665648857,20170617,201706,CHN,CHINA,CHN,,,,,,,,USA,UNITED STATES,USA,,,,,,,,1,080,080,08,2,5.0,10,1,10,-1.6,4,"Shanghai, Shanghai, China",CH,CH23,13243,31.2222,121.458,-1924465,4,"Shanghai, Shanghai, China",CH,CH23,13243,31.2222,121.458,-1924465,4,"Shanghai, Shanghai, China",CH,CH23,13243,31.2222,121.458,-1924465,20170617051500,Yield,Material cooperation
665653356,20170617,201706,CHN,SHANGHAI,CHN,,,,,,,,MNCUSA,DISNEY,USA,,,,,MNC,,,1,042,042,04,1,1.9,8,1,8,4.10958904109589,4,"Shanghai, Shanghai, China",CH,CH23,13243,31.2222,121.458,-1924465,4,"Shanghai, Shanghai, China",CH,CH23,13243,31.2222,121.458,-1924465,4,"Shanghai, Shanghai, China",CH,CH23,13243,31.2222,121.458,-1924465,20170617054500,Consult,Verbal cooperation
665654070,20170617,201706,MNCUSA,DISNEY,USA,,,,,MNC,,,CHN,SHANGHAI,CHN,,,,,,,,1,043,043,04,1,2.8,8,1,8,4.10958904109589,4,"Shanghai, Shanghai, China",CH,CH23,13243,31.2222,121.458,-1924465,4,"Shanghai, Shanghai, China",CH,CH23,13243,31.2222,121.458,-1924465,4,"Shanghai, Shanghai, China",CH,CH23,13243,31.2222,121.458,-1924465,20170617054500,Consult,Verbal cooperation
665670746,20170617,201706,CHN,CANTON,CHN,,,,,,,,USA,UNITED STATES,USA,,,,,,,,1,191,191,19,4,-9.5,6,1,6,3.88349514563107,1,China,CH,CH,,35.0,105.0,CH,1,China,CH,CH,,35.0,105.0,CH,1,China,CH,CH,,35.0,105.0,CH,20170617074500,Fight,Material conflict
665671511,20170617,201706,USA,WASHINGTON,USA,,,,,,,,CHN,CHINA,CHN,,,,,,,,1,173,173,17,4,-5.0,6,1,6,3.57142857142857,1,China,CH,CH,,35.0,105.0,CH,1,China,CH,CH,,35.0,105.0,CH,1,China,CH,CH,,35.0,105.0,CH,20170617074500,Coerce,Material conflict
665685191,20170617,201706,USA,KANSAS,USA,,,,,,,,CHN,CHINA,CHN,,,,,,,,1,017,017,01,1,0.0,8,1,8,0.57803468208092,2,"Kansas, United States",US,USKS,,38.5111,-96.8005,KS,1,China,CH,CH,,35.0,105.0,CH,2,"Kansas, United States",US,USKS,,38.5111,-96.8005,KS,20170617091500,Make public statement,Verbal cooperation
665711234,20170617,201706,USA,ALASKA,USA,,,,,,,,CHN,CHINA,CHN,,,,,,,,1,061,061,06,2,6.4,10,1,10,0.59523809523809,1,Canada,CA,CA,,60.0,-95.0,CA,1,Canada,CA,CA,,60.0,-95.0,CA,1,Canada,CA,CA,,60.0,-95.0,CA,20170617121500,Engage in material cooperation,Material cooperation
665747731,20170617,201706,USA,NEW YORK CITY,USA,,,,,,,,CHN,CHINA,CHN,,,,,,,,1,042,042,04,1,1.9,6,1,6,0.86830680173661,2,"New York, United States",US,USNY,,42.1497,-74.9384,NY,1,China,CH,CH,,35.0,105.0,CH,2,"New York, United States",US,USNY,,42.1497,-74.9384,NY,20170617164500,Consult,Verbal cooperation
665765803,20170617,201706,USAHLHEDU,PUBLIC HEALTH INSTITUTE,USA,,,,,HLH,EDU,,CHN,SHANGHAI,CHN,,,,,,,,1,010,010,01,1,0.0,10,1,10,-5.77777777777778,4,"Shanghai, Shanghai, China",CH,CH23,13243,31.2222,121.458,-1924465,4,"Shanghai, Shanghai, China",CH,CH23,13243,31.2222,121.458,-1924465,4,"Shanghai, Shanghai, China",CH,CH23,13243,31.2222,121.458,-1924465,20170617190000,Make public statement,Verbal cooperation
665771137,20170617,201706,CHN,CHINA,CHN,,,,,,,,USA,UNITED STATES,USA,,,,,,,,1,112,112,11,3,-2.0,6,1,6,-3.8135593220339,3,"Christian County, Kentucky, United States",US,USKY,KY047,36.8834,-87.4833,516870,3,"Christian County, Kentucky, United States",US,USKY,,36.8834,-87.4833,516870,3,"Christian County, Kentucky, United States",US,USKY,,36.8834,-87.4833,516870,20170617194500,Disapprove,Verbal conflict
665775151,20170617,201706,CHN,CHINA,CHN,,,,,,,,USA,IOWA,USA,,,,,,,,1,050,050,05,1,3.5,8,1,8,-1.65016501650165,1,China,CH,CH,,35.0,105.0,CH,2,"Iowa, United States",US,USIA,,42.0046,-93.214,IA,1,China,CH,CH,,35.0,105.0,CH,20170617201500,Engage in diplomatic cooperation,Verbal cooperation
665775892,20170617,201706,USA,IOWA,USA,,,,,,,,CHN,CHINA,CHN,,,,,,,,1,050,050,05,1,3.5,8,1,8,-1.65016501650165,2,"Iowa, United States",US,USIA,,42.0046,-93.214,IA,1,China,CH,CH,,35.0,105.0,CH,1,China,CH,CH,,35.0,105.0,CH,20170617201500,Engage in diplomatic cooperation,Verbal cooperation
665786697,20170617,201706,CHNBUS,CHINESE,CHN,,,,,BUS,,,USA,UNITED STATES,USA,,,,,,,,1,112,112,11,3,-2.0,6,1,6,-7.14285714285714,1,North Korea,KN,KN,,40.0,127.0,KN,1,North Korea,KN,KN,,40.0,127.0,KN,1,North Korea,KN,KN,,40.0,127.0,KN,20170617223000,Disapprove,Verbal conflict
665802492,20170618,201706,CHN,CHINA,CHN,,,,,,,,USA,UNITED STATES,USA,,,,,,,,1,042,042,04,1,1.9,6,1,6,-0.84269662921348,2,"North Carolina, United States",US,USNC,,35.6411,-79.8431,NC,2,"North Carolina, United States",US,USNC,,35.6411,-79.8431,NC,2,"North Carolina, United States",US,USNC,,35.6411,-79.8431,NC,20170618003000,Consult,Verbal cooperation
665803632,20170618,201706,USA,UNITED STATES,USA,,,,,,,,CHN,CHINA,CHN,,,,,,,,1,043,043,04,1,2.8,6,1,6,-0.84269662921348,2,"North Carolina, United States",US,USNC,,35.6411,-79.8431,NC,4,"Ching-Ling, China (general), China",CH,CH00,13188,42.4608,125.128,36307,2,"North Carolina, United States",US,USNC,,35.6411,-79.8431,NC,20170618003000,Consult,Verbal cooperation
665805383,20170618,201706,CHN,CHINESE,CHN,,,,,,,,USA,ORLANDO,USA,,,,,,,,1,043,043,04,1,2.8,6,1,6,-1.085776330076,1,China,CH,CH,,35.0,105.0,CH,1,China,CH,CH,,35.0,105.0,CH,1,China,CH,CH,,35.0,105.0,CH,20170618004500,Consult,Verbal cooperation
665806677,20170618,201706,USA,ORLANDO,USA,,,,,,,,CHN,CHINESE,CHN,,,,,,,,1,042,042,04,1,1.9,6,1,6,-1.085776330076,1,United Kingdom,UK,UK,,54.0,-2.0,UK,1,United Kingdom,UK,UK,,54.0,-2.0,UK,1,United Kingdom,UK,UK,,54.0,-2.0,UK,20170618004500,Consult,Verbal cooperation
665811178,20170618,201706,CHN,SHANGHAI,CHN,,,,,,,,MNCUSA,DISNEY,USA,,,,,MNC,,,1,017,017,01,1,0.0,8,1,8,1.95121951219512,4,"Shanghai, Shanghai, China",CH,CH23,13243,31.2222,121.458,-1924465,4,"Shanghai, Shanghai, China",CH,CH23,13243,31.2222,121.458,-1924465,4,"Shanghai, Shanghai, China",CH,CH23,13243,31.2222,121.458,-1924465,20170618011500,Make public statement,Verbal cooperation
665811179,20170618,201706,CHN,BEIJING,CHN,,,,,,,,USA,COLORADO,USA,,,,,,,,1,173,173,17,4,-5.0,8,1,8,-7.23270440251572,2,"Colorado, United States",US,USCO,,39.0646,-105.327,CO,2,"Colorado, United States",US,USCO,,39.0646,-105.327,CO,2,"Colorado, United States",US,USCO,,39.0646,-105.327,CO,20170618011500,Coerce,Material conflict
665813297,20170618,201706,CHN,CHINA,CHN,,,,,,,,USA,UNITED STATES,USA,,,,,,,,1,030,030,03,1,4.0,8,1,8,3.92156862745098,1,China,CH,CH,,35.0,105.0,CH,2,"Montana, United States",US,USMT,,46.9048,-110.326,MT,2,"Montana, United States",US,USMT,,46.9048,-110.326,MT,20170618013000,Express intent to cooperate,Verbal cooperation
665814148,20170618,201706,USA,UNITED STATES,USA,,,,,,,,CHN,CHINA,CHN,,,,,,,,1,030,030,03,1,4.0,8,1,8,3.92156862745098,2,"Montana, United States",US,USMT,,46.9048,-110.326,MT,1,China,CH,CH,,35.0,105.0,CH,2,"Montana, United States",US,USMT,,46.9048,-110.326,MT,20170618013000,Express intent to cooperate,Verbal cooperation
665814150,20170618,201706,USA,MONTANA,USA,,,,,,,,CHN,CHINA,CHN,,,,,,,,1,051,051,05,1,3.4,6,1,6,3.92156862745098,1,China,CH,CH,,35.0,105.0,CH,2,"Montana, United States",US,USMT,,46.9048,-110.326,MT,1,China,CH,CH,,35.0,105.0,CH,20170618013000,Engage in diplomatic cooperation,Verbal cooperation
665827290,20170618,201706,CHNCVL,CHINESE,CHN,,,,,CVL,,,USA,CALIFORNIA,USA,,,,,,,,1,112,112,11,3,-2.0,6,1,6,-6.40439158279963,2,"Michigan, United States",US,USMI,,43.3504,-84.5603,MI,2,"Michigan, United States",US,USMI,,43.3504,-84.5603,MI,2,"Michigan, United States",US,USMI,,43.3504,-84.5603,MI,20170618031500,Disapprove,Verbal conflict
665845025,20170618,201706,CHN,CHINESE,CHN,,,,,,,,USA,NEBRASKA,USA,,,,,,,,1,014,014,01,1,0.0,9,1,9,1.46443514644351,4,"Beijing, Beijing, China",CH,CH22,13001,39.9289,116.388,-1898541,2,"Nebraska, United States",US,USNE,,41.1289,-98.2883,NE,4,"Beijing, Beijing, China",CH,CH22,13001,39.9289,116.388,-1898541,20170618054500,Make public statement,Verbal cooperation
665850047,20170618,201706,USA,CHARLOTTE,USA,,,,,,,,CHN,CHINA,CHN,,,,,,,,1,050,050,05,1,3.5,8,1,8,0.91743119266055,4,"Paris, France (general), France",FR,FR00,16282,48.8667,2.33333,-1456928,4,"Paris, France (general), France",FR,FR00,16282,48.8667,2.33333,-1456928,4,"Paris, France (general), France",FR,FR00,16282,48.8667,2.33333,-1456928,20170618061500,Engage in diplomatic cooperation,Verbal cooperation
665859888,20170618,201706,CHN,CHINA,CHN,,,,,,,,USA,CALIFORNIA,USA,,,,,,,,1,043,043,04,1,2.8,8,1,8,-1.72599784250269,1,China,CH,CH,,35.0,105.0,CH,2,"California, United States",US,USCA,,36.17,-119.746,CA,1,China,CH,CH,,35.0,105.0,CH,20170618074500,Consult,Verbal cooperation
665860843,20170618,201706,USA,CALIFORNIA,USA,,,,,,,,CHN,CHINA,CHN,,,,,,,,1,042,042,04,1,1.9,8,1,8,-1.72599784250269,2,"California, United States",US,USCA,,36.17,-119.746,CA,1,China,CH,CH,,35.0,105.0,CH,1,China,CH,CH,,35.0,105.0,CH,20170618074500,Consult,Verbal cooperation
665900699,20170618,201706,CHN,CHINESE,CHN,,,,,,,,USAMED,ASSOCIATED PRESS,USA,,,,,MED,,,1,062,062,06,2,7.4,8,1,8,0.0,1,China,CH,CH,,35.0,105.0,CH,4,"Tehran, Tehran, Iran",IR,IR26,41130,35.75,51.5148,10074674,1,China,CH,CH,,35.0,105.0,CH,20170618123000,Engage in material cooperation,Material cooperation
665901631,20170618,201706,USAMED,ASSOCIATED PRESS,USA,,,,,MED,,,CHN,CHINESE,CHN,,,,,,,,1,062,062,06,2,7.4,10,1,10,0.0,1,Oman,MU,MU,,21.0,57.0,MU,4,"Bandar Abbas, Hormozgan, Iran",IR,IR11,40896,27.1865,56.2808,-3055107,4,"Bandar Abbas, Hormozgan, Iran",IR,IR11,40896,27.1865,56.2808,-3055107,20170618123000,Engage in material cooperation,Material cooperation
665909419,20170618,201706,USA,AMERICAN,USA,,,,,,,,CHN,CHINA,CHN,,,,,,,,1,042,042,04,1,1.9,8,1,8,-1.36054421768707,4,"Hunan, Jiangsu, China",CH,CH04,13155,32.9274,120.18,10865123,4,"Hunan, Jiangsu, China",CH,CH04,13155,32.9274,120.18,10865123,4,"Hunan, Jiangsu, China",CH,CH04,13155,32.9274,120.18,10865123,20170618134500,Consult,Verbal cooperation
665918800,20170618,201706,USAMED,THE ASSOCIATED PRESS,USA,,,,,MED,,,CHN,CHINESE,CHN,,,,,,,,1,062,062,06,2,7.4,8,1,8,0.0,4,"Bandar Abbas, Hormozgan, Iran",IR,IR11,40896,27.1865,56.2808,-3055107,4,"Bandar Abbas, Hormozgan, Iran",IR,IR11,40896,27.1865,56.2808,-3055107,4,"Bandar Abbas, Hormozgan, Iran",IR,IR11,40896,27.1865,56.2808,-3055107,20170618144500,Engage in material cooperation,Material cooperation
665922715,20170618,201706,CHNEDU,CHINESE,CHN,,,,,EDU,,,USAEDU,ILLINOIS,USA,,,,,EDU,,,1,030,030,03,1,4.0,6,1,6,0.62893081761007,3,"Urbana, Illinois, United States",US,USIL,IL019,40.1106,-88.2073,420182,3,"Urbana, Illinois, United States",US,USIL,IL019,40.1106,-88.2073,420182,3,"Urbana, Illinois, United States",US,USIL,IL019,40.1106,-88.2073,420182,20170618151500,Express intent to cooperate,Verbal cooperation
665939146,20170618,201706,CHN,CHINA,CHN,,,,,,,,USA,THE US,USA,,,,,,,,1,020,020,02,1,3.0,10,1,10,1.05448154657294,4,"Beijing, Beijing, China",CH,CH22,13001,39.9289,116.388,-1898541,4,"Beijing, Beijing, China",CH,CH22,13001,39.9289,116.388,-1898541,4,"Beijing, Beijing, China",CH,CH22,13001,39.9289,116.388,-1898541,20170618170000,Appeal,Verbal cooperation
665939147,20170618,201706,CHN,CHINA,CHN,,,,,,,,USA,THE US,USA,,,,,,,,1,100,100,10,3,-5.0,10,1,10,1.05448154657294,4,"Beijing, Beijing, China",CH,CH22,13001,39.9289,116.388,-1898541,4,"Beijing, Beijing, China",CH,CH22,13001,39.9289,116.388,-1898541,4,"Beijing, Beijing, China",CH,CH22,13001,39.9289,116.388,-1898541,20170618170000,Demand,Verbal conflict
665954009,20170618,201706,USA,NEW YORK,USA,,,,,,,,CHN,CHINA,CHN,,,,,,,,1,010,010,01,1,0.0,8,1,8,-4.03930131004367,1,Taiwan,TW,TW,,23.5,121.0,TW,1,Taiwan,TW,TW,,23.5,121.0,TW,1,Taiwan,TW,TW,,23.5,121.0,TW,20170618184500,Make public statement,Verbal cooperation
665969153,20170618,201706,CHN,CHINESE,CHN,,,,,,,,MNCUSA,DISNEY,USA,,,,,MNC,,,1,051,051,05,1,3.4,8,1,8,-4.37158469945356,1,China,CH,CH,,35.0,105.0,CH,1,China,CH,CH,,35.0,105.0,CH,1,China,CH,CH,,35.0,105.0,CH,20170618210000,Engage in diplomatic cooperation,Verbal cooperation
665969154,20170618,201706,CHN,CHINESE,CHN,,,,,,,,MNCUSA,DISNEY,USA,,,,,MNC,,,1,1721,172,17,4,-5.0,8,1,8,-4.37158469945356,1,China,CH,CH,,35.0,105.0,CH,1,China,CH,CH,,35.0,105.0,CH,1,China,CH,CH,,35.0,105.0,CH,20170618210000,Coerce,Material conflict
665969970,20170618,201706,USA,NEW YORK,USA,,,,,,,,CHN,CHINA,CHN,,,,,,,,1,010,010,01,1,0.0,7,1,7,-3.45110928512736,1,China,CH,CH,,35.0,105.0,CH,1,China,CH,CH,,35.0,105.0,CH,1,China,CH,CH,,35.0,105.0,CH,20170618210000,Make public statement,Verbal cooperation
665976596,20170618,201706,CHN,CANTON,CHN,,,,,,,,USA,LAWRENCE,USA,,,,,,,,1,042,042,04,1,1.9,10,1,10,4.76190476190476,1,China,CH,CH,,35.0,105.0,CH,1,China,CH,CH,,35.0,105.0,CH,1,China,CH,CH,,35.0,105.0,CH,20170618220000,Consult,Verbal cooperation
665984281,20170618,201706,CHNMIL,CHINA,CHN,,,,,MIL,,,USA,THE US,USA,,,,,,,,1,013,013,01,1,0.4,10,1,10,-3.53982300884956,4,"Yang Sheng, Jiangxi, China",CH,CH03,13163,25.4627,115.602,11009689,4,"Yang Sheng, Jiangxi, China",CH,CH03,13163,25.4627,115.602,11009689,4,"Yang Sheng, Jiangxi, China",CH,CH03,13163,25.4627,115.602,11009689,20170618231500,Make public statement,Verbal cooperation
665988038,20170619,201706,CHN,BEIJING,CHN,,,,,,,,USA,LAWRENCE,USA,,,,,,,,1,040,040,04,1,1.0,8,1,8,3.56083086053412,4,"Hainan, Hainan, China",CH,CH31,13072,18.9394,109.484,6025157,4,"Hainan, Hainan, China",CH,CH31,13072,18.9394,109.484,6025157,4,"Hainan, Hainan, China",CH,CH31,13072,18.9394,109.484,6025157,20170619000000,Consult,Verbal cooperation
665990428,20170619,201706,USA,LAWRENCE,USA,,,,,,,,CHN,BEIJING,CHN,,,,,,,,1,040,040,04,1,1.0,6,1,6,3.56083086053412,4,"Shanli, Shaanxi, China",CH,CH26,13218,34.7261,108.744,9211605,4,"Beijing, Beijing, China",CH,CH22,13001,39.9289,116.388,-1898541,4,"Shanli, Shaanxi, China",CH,CH26,13218,34.7261,108.744,9211605,20170619000000,Consult,Verbal cooperation
665992465,20170619,201706,CHNEDU,CHINESE,CHN,,,,,EDU,,,USA,ILLINOIS,USA,,,,,,,,1,030,030,03,1,4.0,6,1,6,0.69444444444445,3,"Urbana, Illinois, United States",US,USIL,IL019,40.1106,-88.2073,420182,3,"Urbana, Illinois, United States",US,USIL,IL019,40.1106,-88.2073,420182,3,"Urbana, Illinois, United States",US,USIL,IL019,40.1106,-88.2073,420182,20170619003000,Express intent to cooperate,Verbal cooperation
666006457,20170619,201706,USA,FIRST STATE,USA,,,,,,,,CHN,CHINA,CHN,,,,,,,,1,061,061,06,2,6.4,8,1,8,1.93548387096774,4,"Beijing, Beijing, China",CH,CH22,13001,39.9289,116.388,-1898541,4,"Beijing, Beijing, China",CH,CH22,13001,39.9289,116.388,-1898541,4,"Beijing, Beijing, China",CH,CH22,13001,39.9289,116.388,-1898541,20170619014500,Engage in material cooperation,Material cooperation
666010590,20170619,201706,CHN,CHINESE,CHN,,,,,,,,USAMED,REUTERS,USA,,,,,MED,,,1,190,190,19,4,-10.0,10,1,10,-2.94840294840295,4,"Luliang, Jiangsu, China",CH,CH04,13153,33.1167,119.067,-1916957,4,"Luliang, Jiangsu, China",CH,CH04,13153,33.1167,119.067,-1916957,4,"Luliang, Jiangsu, China",CH,CH04,13153,33.1167,119.067,-1916957,20170619021500,Fight,Material conflict
666011706,20170619,201706,USAMED,REUTERS,USA,,,,,MED,,,CHN,CHINESE,CHN,,,,,,,,1,190,190,19,4,-10.0,10,1,10,-2.94840294840295,4,"Luliang, Jiangsu, China",CH,CH04,13153,33.1167,119.067,-1916957,4,"Luliang, Jiangsu, China",CH,CH04,13153,33.1167,119.067,-1916957,4,"Luliang, Jiangsu, China",CH,CH04,13153,33.1167,119.067,-1916957,20170619021500,Fight,Material conflict
666013082,20170619,201706,CHN,CHINA,CHN,,,,,,,,USA,AMERICAN,USA,,,,,,,,1,043,043,04,1,2.8,10,1,6,-2.77777777777777,5,"Hunan Province, Hunan, China",CH,CH11,13142,28.0,112.0,-1911104,3,"Chicago, Illinois, United States",US,USIL,IL031,41.85,-87.6501,423587,5,"Hunan Province, Hunan, China",CH,CH11,13142,28.0,112.0,-1911104,20170619023000,Consult,Verbal cooperation
666014230,20170619,201706,USA,AMERICAN,USA,,,,,,,,CHN,CHINA,CHN,,,,,,,,1,042,042,04,1,1.9,10,1,10,-2.77777777777777,4,"Hunan, Jiangsu, China",CH,CH04,13155,32.9274,120.18,10865123,4,"Hunan, Jiangsu, China",CH,CH04,13155,32.9274,120.18,10865123,4,"Hunan, Jiangsu, China",CH,CH04,13155,32.9274,120.18,10865123,20170619023000,Consult,Verbal cooperation
666018202,20170619,201706,CHN,BEIJING,CHN,,,,,,,,USA,LOS ANGELES,USA,,,,,,,,1,173,173,17,4,-5.0,10,1,10,1.78571428571429,1,United States,US,US,,38.0,-97.0,US,1,United States,US,US,,38.0,-97.0,US,1,United States,US,US,,38.0,-97.0,US,20170619030000,Coerce,Material conflict
666027803,20170619,201706,CHN,CHINA,CHN,,,,,,,,USA,UNITED STATES,USA,,,,,,,,1,090,090,09,2,-2.0,14,1,14,0.809778456837281,3,"Dallas, Texas, United States",US,USTX,TX113,32.7831,-96.8067,1380944,3,"Dallas, Texas, United States",US,USTX,TX113,32.7831,-96.8067,1380944,3,"Dallas, Texas, United States",US,USTX,TX113,32.7831,-96.8067,1380944,20170619040000,Investigate,Material cooperation
666028803,20170619,201706,USA,UNITED STATES,USA,,,,,,,,CHN,CHINA,CHN,,,,,,,,1,020,020,02,1,3.0,10,1,10,-0.37037037037037,4,"Kamloops, British Columbia, Canada",CA,CA02,12566,50.6667,-120.333,-566975,4,"Kamloops, British Columbia, Canada",CA,CA02,12566,50.6667,-120.333,-566975,4,"Kamloops, British Columbia, Canada",CA,CA02,12566,50.6667,-120.333,-566975,20170619040000,Appeal,Verbal cooperation
666034617,20170619,201706,MNCCHN,CHINA EASTERN AIRLINES,CHN,,,,,MNC,,,USAMED,REUTERS,USA,,,,,MED,,,1,182,182,18,4,-9.5,15,2,15,-4.82312730812778,4,"Shanghai, Shanghai, China",CH,CH23,13243,31.2222,121.458,-1924465,4,"Shanghai, Shanghai, China",CH,CH23,13243,31.2222,121.458,-1924465,4,"Shanghai, Shanghai, China",CH,CH23,13243,31.2222,121.458,-1924465,20170619044500,Assault,Material conflict
666038525,20170619,201706,CHN,CHINA,CHN,,,,,,,,USAMED,ASSOCIATED PRESS,USA,,,,,MED,,,1,172,172,17,4,-5.0,8,1,8,-7.58620689655173,2,"North Carolina, United States",US,USNC,,35.6411,-79.8431,NC,4,"Beijing, Beijing, China",CH,CH22,13001,39.9289,116.388,-1898541,2,"North Carolina, United States",US,USNC,,35.6411,-79.8431,NC,20170619051500,Coerce,Material conflict
666043878,20170619,201706,CHN,CHINA,CHN,,,,,,,,USA,CALIFORNIA,USA,,,,,,,,1,057,057,05,1,8.0,8,1,8,-2.53456221198156,1,China,CH,CH,,35.0,105.0,CH,2,"California, United States",US,USCA,,36.17,-119.746,CA,2,"California, United States",US,USCA,,36.17,-119.746,CA,20170619054500,Engage in diplomatic cooperation,Verbal cooperation
666045076,20170619,201706,USA,CALIFORNIA,USA,,,,,,,,CHN,CHINA,CHN,,,,,,,,1,057,057,05,1,8.0,7,1,7,-2.53456221198156,2,"California, United States",US,USCA,,36.17,-119.746,CA,1,China,CH,CH,,35.0,105.0,CH,2,"California, United States",US,USCA,,36.17,-119.746,CA,20170619054500,Engage in diplomatic cooperation,Verbal cooperation
666046636,20170619,201706,CHN,CHINA,CHN,,,,,,,,USAMED,THE ASSOCIATED PRESS,USA,,,,,MED,,,1,172,172,17,4,-5.0,10,1,10,-6.66666666666666,1,China,CH,CH,,35.0,105.0,CH,1,China,CH,CH,,35.0,105.0,CH,1,China,CH,CH,,35.0,105.0,CH,20170619060000,Coerce,Material conflict
666053905,20170619,201706,MNCUSA,MERRILL LYNCH,USA,,,,,MNC,,,CHN,CHINESE,CHN,,,,,,,,1,192,192,19,4,-9.5,10,1,10,-0.42372881355932,1,China,CH,CH,,35.0,105.0,CH,1,China,CH,CH,,35.0,105.0,CH,1,China,CH,CH,,35.0,105.0,CH,20170619063000,Fight,Material conflict
666059052,20170619,201706,CHN,CHINA,CHN,,,,,,,,USA,UNITED STATES,USA,,,,,,,,1,061,061,06,2,6.4,10,1,10,-2.84090909090909,4,"Hunan, Jiangsu, China",CH,CH04,13155,32.9274,120.18,10865123,4,"Hunan, Jiangsu, China",CH,CH04,13155,32.9274,120.18,10865123,4,"Hunan, Jiangsu, China",CH,CH04,13155,32.9274,120.18,10865123,20170619070000,Engage in material cooperation,Material cooperation
666059053,20170619,201706,CHN,CHINA,CHN,,,,,,,,USA,HAWAII,USA,,,,,,,,1,172,172,17,4,-5.0,7,1,7,-5.96026490066225,4,"Beijing, Beijing, China",CH,CH22,13001,39.9289,116.388,-1898541,4,"Beijing, Beijing, China",CH,CH22,13001,39.9289,116.388,-1898541,4,"Beijing, Beijing, China",CH,CH22,13001,39.9289,116.388,-1898541,20170619070000,Coerce,Material conflict
666064658,20170619,201706,CHN,CHINESE,CHN,,,,,,,,USACVL,AMERICAN,USA,,,,,CVL,,,1,051,051,05,1,3.4,6,1,6,3.63636363636364,1,China,CH,CH,,35.0,105.0,CH,1,United States,US,US,,38.0,-97.0,US,1,China,CH,CH,,35.0,105.0,CH,20170619073000,Engage in diplomatic cooperation,Verbal cooperation
666085678,20170619,201706,CHNCVL,CHINESE,CHN,,,,,CVL,,,USACVL,CHICAGO,USA,,,,,CVL,,,1,090,090,09,2,-2.0,6,1,6,-5.82750582750583,3,"Chicago, Illinois, United States",US,USIL,IL031,41.85,-87.6501,423587,3,"Chicago, Illinois, United States",US,USIL,IL031,41.85,-87.6501,423587,3,"Chicago, Illinois, United States",US,USIL,IL031,41.85,-87.6501,423587,20170619090000,Investigate,Material cooperation
666088662,20170520,201705,CHN,CHINESE,CHN,,,,,,,,USA,LOS ANGELES,USA,,,,,,,,1,042,042,04,1,1.9,10,1,10,-1.03448275862069,1,Taiwan,TW,TW,,23.5,121.0,TW,1,Taiwan,TW,TW,,23.5,121.0,TW,1,Taiwan,TW,TW,,23.5,121.0,TW,20170619091500,Consult,Verbal cooperation
666088664,20170520,201705,USA,LOS ANGELES,USA,,,,,,,,CHN,CHINESE,CHN,,,,,,,,1,043,043,04,1,2.8,10,1,10,-1.03448275862069,1,Japan,JA,JA,,36.0,138.0,JA,1,China,CH,CH,,35.0,105.0,CH,1,China,CH,CH,,35.0,105.0,CH,20170619091500,Consult,Verbal cooperation
666089072,20170619,201706,CHN,CHINA,CHN,,,,,,,,USA,UNITED STATES,USA,,,,,,,,1,1721,172,17,4,-5.0,8,1,8,-3.78548895899053,4,"Shanghai, Shanghai, China",CH,CH23,13243,31.2222,121.458,-1924465,3,"Hollywood, California, United States",US,USCA,CA037,34.0983,-118.327,1660757,4,"Shanghai, Shanghai, China",CH,CH23,13243,31.2222,121.458,-1924465,20170619091500,Coerce,Material conflict
666092680,20170619,201706,CHN,CHINA,CHN,,,,,,,,USA,UNITED STATES,USA,,,,,,,,1,061,061,06,2,6.4,8,1,8,0.58411214953271,1,China,CH,CH,,35.0,105.0,CH,3,"Washington, District of Columbia, United States",US,USDC,DC001,38.8951,-77.0364,531871,1,China,CH,CH,,35.0,105.0,CH,20170619093000,Engage in material cooperation,Material cooperation
666092682,20170619,201706,CHN,CHINA,CHN,,,,,,,,USAMED,ASSOCIATED PRESS,USA,,,,,MED,,,1,112,112,11,3,-2.0,10,1,10,-3.87700534759358,4,"Beijing, Beijing, China",CH,CH22,13001,39.9289,116.388,-1898541,4,"Beijing, Beijing, China",CH,CH22,13001,39.9289,116.388,-1898541,4,"Beijing, Beijing, China",CH,CH22,13001,39.9289,116.388,-1898541,20170619093000,Disapprove,Verbal conflict
666105553,20170619,201706,USA,UNITED STATES,USA,,,,,,,,CHN,CHINESE,CHN,,,,,,,,1,0841,084,08,2,7.0,10,1,10,0.17857142857143,3,"Washington, District of Columbia, United States",US,USDC,DC001,38.8951,-77.0364,531871,1,China,CH,CH,,35.0,105.0,CH,3,"Washington, District of Columbia, United States",US,USDC,DC001,38.8951,-77.0364,531871,20170619101500,Yield,Material cooperation
666109768,20170619,201706,CHN,BEIJING,CHN,,,,,,,,USAMEDGOV,REUTERS,USA,,,,,MED,GOV,,1,020,020,02,1,3.0,10,1,10,-3.51351351351352,4,"Beijing, Beijing, China",CH,CH22,13001,39.9289,116.388,-1898541,4,"Beijing, Beijing, China",CH,CH22,13001,39.9289,116.388,-1898541,4,"Beijing, Beijing, China",CH,CH22,13001,39.9289,116.388,-1898541,20170619103000,Appeal,Verbal cooperation
666115162,20170619,201706,MNCUSA,STARBUCKS,USA,,,,,MNC,,,CHN,CHINA,CHN,,,,,,,,1,111,111,11,3,-2.0,10,1,10,0.42613636363636,4,"Dang An, Guangdong, China",CH,CH30,13031,22.1021,114.029,6025216,4,"Dang An, Guangdong, China",CH,CH30,13031,22.1021,114.029,6025216,4,"Dang An, Guangdong, China",CH,CH30,13031,22.1021,114.029,6025216,20170619110000,Disapprove,Verbal conflict
666118086,20170612,201706,CHN,CHINA,CHN,,,,,,,,USA,AMERICAN,USA,,,,,,,,1,030,030,03,1,4.0,10,1,10,-1.82815356489945,4,"Beijing, Beijing, China",CH,CH22,13001,39.9289,116.388,-1898541,1,United States,US,US,,38.0,-97.0,US,1,United States,US,US,,38.0,-97.0,US,20170619111500,Express intent to cooperate,Verbal cooperation
666118088,20170612,201706,CHN,CHINA,CHN,,,,,,,,USA,AMERICAN,USA,,,,,,,,1,061,061,06,2,6.4,8,1,8,-1.82815356489945,1,United States,US,US,,38.0,-97.0,US,4,"Beijing, Beijing, China",CH,CH22,13001,39.9289,116.388,-1898541,4,"Beijing, Beijing, China",CH,CH22,13001,39.9289,116.388,-1898541,20170619111500,Engage in material cooperation,Material cooperation
666118549,20170619,201706,CHN,SHANGHAI,CHN,,,,,,,,MNCUSA,DISNEY,USA,,,,,MNC,,,1,017,017,01,1,0.0,10,1,10,10.7476635514019,4,"Shanghai, Shanghai, China",CH,CH23,13243,31.2222,121.458,-1924465,4,"Shanghai, Shanghai, China",CH,CH23,13243,31.2222,121.458,-1924465,4,"Shanghai, Shanghai, China",CH,CH23,13243,31.2222,121.458,-1924465,20170619111500,Make public statement,Verbal cooperation
666127587,20170619,201706,CHN,CHINA,CHN,,,,,,,,MNCUSA,BOEING,USA,,,,,MNC,,,1,057,057,05,1,8.0,10,1,10,1.81818181818182,1,China,CH,CH,,35.0,105.0,CH,1,China,CH,CH,,35.0,105.0,CH,1,China,CH,CH,,35.0,105.0,CH,20170619120000,Engage in diplomatic cooperation,Verbal cooperation
666127604,20170619,201706,CHN,CHINA,CHN,,,,,,,,USA,HAWAII,USA,,,,,,,,1,112,112,11,3,-2.0,10,1,10,-4.34083601286173,4,"Beijing, Beijing, China",CH,CH22,13001,39.9289,116.388,-1898541,2,"Hawaii, United States",US,USHI,,21.1098,-157.531,HI,4,"Beijing, Beijing, China",CH,CH22,13001,39.9289,116.388,-1898541,20170619120000,Disapprove,Verbal conflict
666127605,20170619,201706,CHN,CHINA,CHN,,,,,,,,USA,HAWAII,USA,,,,,,,,1,172,172,17,4,-5.0,10,1,10,-4.34083601286173,2,"North Carolina, United States",US,USNC,,35.6411,-79.8431,NC,2,"North Carolina, United States",US,USNC,,35.6411,-79.8431,NC,2,"North Carolina, United States",US,USNC,,35.6411,-79.8431,NC,20170619120000,Coerce,Material conflict
666128896,20170619,201706,MNCUSA,BOEING,USA,,,,,MNC,,,CHN,CHINA,CHN,,,,,,,,1,057,057,05,1,8.0,10,1,10,1.81818181818182,1,China,CH,CH,,35.0,105.0,CH,1,China,CH,CH,,35.0,105.0,CH,1,China,CH,CH,,35.0,105.0,CH,20170619120000,Engage in diplomatic cooperation,Verbal cooperation
666141994,20170619,201706,CHN,CHINESE,CHN,,,,,,,,MNCUSA,COCA COLA,USA,,,,,MNC,,,1,020,020,02,1,3.0,10,1,10,1.26582278481013,1,China,CH,CH,,35.0,105.0,CH,1,China,CH,CH,,35.0,105.0,CH,1,China,CH,CH,,35.0,105.0,CH,20170619124500,Appeal,Verbal cooperation
666142001,20170619,201706,CHN,HUNAN,CHN,,,,,,,,USAMED,REUTERS,USA,,,,,MED,,,1,090,090,09,2,-2.0,8,1,8,-5.42372881355932,4,"Hunan, Jiangsu, China",CH,CH04,13155,32.9274,120.18,10865123,4,"Hunan, Jiangsu, China",CH,CH04,13155,32.9274,120.18,10865123,1,United States,US,US,,38.0,-97.0,US,20170619124500,Investigate,Material cooperation
666154050,20170612,201706,CHN,CHINA,CHN,,,,,,,,USA,AMERICAN,USA,,,,,,,,1,030,030,03,1,4.0,10,1,10,-1.56521739130435,4,"Shanghai, Shanghai, China",CH,CH23,13243,31.2222,121.458,-1924465,1,United States,US,US,,38.0,-97.0,US,1,United States,US,US,,38.0,-97.0,US,20170619134500,Express intent to cooperate,Verbal cooperation
666154051,20170612,201706,CHN,CHINA,CHN,,,,,,,,USA,AMERICAN,USA,,,,,,,,1,061,061,06,2,6.4,10,1,10,-1.77935943060498,4,"Beijing, Beijing, China",CH,CH22,13001,39.9289,116.388,-1898541,4,"Beijing, Beijing, China",CH,CH22,13001,39.9289,116.388,-1898541,4,"Beijing, Beijing, China",CH,CH22,13001,39.9289,116.388,-1898541,20170619134500,Engage in material cooperation,Material cooperation
666154052,20170612,201706,CHN,CHINA,CHN,,,,,,,,USA,AMERICAN,USA,,,,,,,,1,061,061,06,2,6.4,8,1,8,-1.56521739130435,1,United States,US,US,,38.0,-97.0,US,4,"Shanghai, Shanghai, China",CH,CH23,13243,31.2222,121.458,-1924465,4,"Shanghai, Shanghai, China",CH,CH23,13243,31.2222,121.458,-1924465,20170619134500,Engage in material cooperation,Material cooperation
666161923,20170619,201706,CHN,CHINA,CHN,,,,,,,,USA,NEW YORK CITY,USA,,,,,,,,1,020,020,02,1,3.0,10,1,10,-1.59362549800797,1,China,CH,CH,,35.0,105.0,CH,2,"New York, United States",US,USNY,,42.1497,-74.9384,NY,1,China,CH,CH,,35.0,105.0,CH,20170619141500,Appeal,Verbal cooperation
666177309,20170619,201706,CHNEDU,CHINESE,CHN,,,,,EDU,,,USAEDU,ILLINOIS,USA,,,,,EDU,,,1,030,030,03,1,4.0,6,1,6,0.70921985815603,3,"Urbana, Illinois, United States",US,USIL,IL019,40.1106,-88.2073,420182,3,"Urbana, Illinois, United States",US,USIL,IL019,40.1106,-88.2073,420182,3,"Urbana, Illinois, United States",US,USIL,IL019,40.1106,-88.2073,420182,20170619150000,Express intent to cooperate,Verbal cooperation
666178578,20170619,201706,MNCUSA,GENERAL MILLS,USA,,,,,MNC,,,CHN,BEIJING,CHN,,,,,,,,1,020,020,02,1,3.0,13,2,13,0.188424104251162,4,"Beijing, Beijing, China",CH,CH22,13001,39.9289,116.388,-1898541,4,"Beijing, Beijing, China",CH,CH22,13001,39.9289,116.388,-1898541,4,"Beijing, Beijing, China",CH,CH22,13001,39.9289,116.388,-1898541,20170619150000,Appeal,Verbal cooperation
666182045,20170619,201706,CHN,CHINA,CHN,,,,,,,,USA,UNITED STATES,USA,,,,,,,,1,061,061,06,2,6.4,8,1,8,-6.61478599221789,4,"Beijing, Beijing, China",CH,CH22,13001,39.9289,116.388,-1898541,2,"New York, United States",US,USNY,,42.1497,-74.9384,NY,4,"Beijing, Beijing, China",CH,CH22,13001,39.9289,116.388,-1898541,20170619151500,Engage in material cooperation,Material cooperation
666193032,20170619,201706,USA,AMERICAN,USA,,,,,,,,CHN,CHINA,CHN,,,,,,,,1,042,042,04,1,1.9,10,1,10,-0.79681274900398,4,"Beijing, Beijing, China",CH,CH22,13001,39.9289,116.388,-1898541,4,"Beijing, Beijing, China",CH,CH22,13001,39.9289,116.388,-1898541,4,"Beijing, Beijing, China",CH,CH22,13001,39.9289,116.388,-1898541,20170619154500,Consult,Verbal cooperation
666202048,20170619,201706,USA,UNITED STATES,USA,,,,,,,,CHN,CHINA,CHN,,,,,,,,1,020,020,02,1,3.0,8,1,8,0.33898305084746,3,"Mountain Pass Mine, California, United States",US,USCA,CA071,35.4778,-115.532,250033,4,"Shenghe, Guangdong, China",CH,CH30,13034,22.1207,112.503,10320787,3,"Mountain Pass Mine, California, United States",US,USCA,,35.4778,-115.532,250033,20170619161500,Appeal,Verbal cooperation
666202049,20170619,201706,USA,UNITED STATES,USA,,,,,,,,CHN,CHINA,CHN,,,,,,,,1,061,061,06,2,6.4,8,1,8,0.33898305084746,3,"Mountain Pass Mine, California, United States",US,USCA,CA071,35.4778,-115.532,250033,4,"Shenghe, Guangdong, China",CH,CH30,13034,22.1207,112.503,10320787,4,"Shenghe, Guangdong, China",CH,CH30,13034,22.1207,112.503,10320787,20170619161500,Engage in material cooperation,Material cooperation
666209648,20170619,201706,CHN,SHANGHAI,CHN,,,,,,,,MNCUSABUS,DISNEY,USA,,,,,MNC,BUS,,1,042,042,04,1,1.9,6,1,6,1.99789695057833,3,"Hollywood, California, United States",US,USCA,CA037,34.0983,-118.327,1660757,3,"Hollywood, California, United States",US,USCA,CA037,34.0983,-118.327,1660757,3,"Hollywood, California, United States",US,USCA,CA037,34.0983,-118.327,1660757,20170619170000,Consult,Verbal cooperation
666209663,20170619,201706,CHN,SHANGHAI,CHN,,,,,,,,USA,AMERICAN,USA,,,,,,,,1,036,036,03,1,4.0,8,1,8,-2.37430167597765,4,"Shanghai, Shanghai, China",CH,CH23,13243,31.2222,121.458,-1924465,2,"Iowa, United States",US,USIA,,42.0046,-93.214,IA,4,"Shanghai, Shanghai, China",CH,CH23,13243,31.2222,121.458,-1924465,20170619170000,Express intent to cooperate,Verbal cooperation
666209665,20170619,201706,CHN,SHANGHAI,CHN,,,,,,,,USA,AMERICAN,USA,,,,,,,,1,043,043,04,1,2.8,10,1,10,-2.37430167597765,4,"Shanghai, Shanghai, China",CH,CH23,13243,31.2222,121.458,-1924465,2,"Iowa, United States",US,USIA,,42.0046,-93.214,IA,4,"Shanghai, Shanghai, China",CH,CH23,13243,31.2222,121.458,-1924465,20170619170000,Consult,Verbal cooperation
666211144,20170619,201706,MNCUSABUS,DISNEY,USA,,,,,MNC,BUS,,CHN,SHANGHAI,CHN,,,,,,,,1,043,043,04,1,2.8,10,1,10,1.99789695057833,4,"Shanghai, Shanghai, China",CH,CH23,13243,31.2222,121.458,-1924465,4,"Shanghai, Shanghai, China",CH,CH23,13243,31.2222,121.458,-1924465,4,"Shanghai, Shanghai, China",CH,CH23,13243,31.2222,121.458,-1924465,20170619170000,Consult,Verbal cooperation
666211863,20170619,201706,USA,THE US,USA,,,,,,,,CHN,CHINA,CHN,,,,,,,,1,010,010,01,1,0.0,6,1,6,-1.44766146993319,2,"Florida, United States",US,USFL,,27.8333,-81.717,FL,2,"Florida, United States",US,USFL,,27.8333,-81.717,FL,2,"Florida, United States",US,USFL,,27.8333,-81.717,FL,20170619170000,Make public statement,Verbal cooperation
666211864,20170619,201706,USA,AMERICAN,USA,,,,,,,,CHN,SHANGHAI,CHN,,,,,,,,1,036,036,03,1,4.0,8,1,8,-2.37430167597765,2,"Iowa, United States",US,USIA,,42.0046,-93.214,IA,4,"Shanghai, Shanghai, China",CH,CH23,13243,31.2222,121.458,-1924465,4,"Shanghai, Shanghai, China",CH,CH23,13243,31.2222,121.458,-1924465,20170619170000,Express intent to cooperate,Verbal cooperation
666211866,20170619,201706,USA,AMERICAN,USA,,,,,,,,CHN,SHANGHAI,CHN,,,,,,,,1,042,042,04,1,1.9,10,1,10,-2.37430167597765,2,"Iowa, United States",US,USIA,,42.0046,-93.214,IA,4,"Shanghai, Shanghai, China",CH,CH23,13243,31.2222,121.458,-1924465,4,"Shanghai, Shanghai, China",CH,CH23,13243,31.2222,121.458,-1924465,20170619170000,Consult,Verbal cooperation
666225677,20170619,201706,CHN,CHENGDU,CHN,,,,,,,,USA,CALIF,USA,,,,,,,,1,043,043,04,1,2.8,10,2,10,6.30754734984018,4,"Chengdu, Sichuan, China",CH,CH32,13270,30.6667,104.067,-1900349,4,"Chengdu, Sichuan, China",CH,CH32,13270,30.6667,104.067,-1900349,4,"Chengdu, Sichuan, China",CH,CH32,13270,30.6667,104.067,-1900349,20170619181500,Consult,Verbal cooperation
666227513,20170619,201706,USA,CALIF,USA,,,,,,,,CHN,CHENGDU,CHN,,,,,,,,1,042,042,04,1,1.9,10,2,10,6.30754734984018,4,"Chengdu, Sichuan, China",CH,CH32,13270,30.6667,104.067,-1900349,4,"Chengdu, Sichuan, China",CH,CH32,13270,30.6667,104.067,-1900349,4,"Chengdu, Sichuan, China",CH,CH32,13270,30.6667,104.067,-1900349,20170619181500,Consult,Verbal cooperation
666227518,20170619,201706,USA,WASHINGTON,USA,,,,,,,,CHN,BEIJING,CHN,,,,,,,,1,070,070,07,2,7.0,10,1,10,-5.49450549450549,1,Russia,RS,RS,,60.0,100.0,RS,4,"Beijing, Beijing, China",CH,CH22,13001,39.9289,116.388,-1898541,4,"Beijing, Beijing, China",CH,CH22,13001,39.9289,116.388,-1898541,20170619181500,Provide aid,Material cooperation
666227519,20170619,201706,USA,THE US,USA,,,,,,,,CHNELI,CHINA,CHN,,,,,ELI,,,1,125,125,12,3,-5.0,6,1,6,0.41208791208791,4,"Beijing, Beijing, China",CH,CH22,13001,39.9289,116.388,-1898541,4,"Beijing, Beijing, China",CH,CH22,13001,39.9289,116.388,-1898541,4,"Beijing, Beijing, China",CH,CH22,13001,39.9289,116.388,-1898541,20170619181500,Reject,Verbal conflict
666231912,20170619,201706,USAGOV,US OFFICIAL,USA,,,,,GOV,,,CHN,CHINA,CHN,,,,,,,,1,130,130,13,3,-4.4,7,1,7,-3.04449648711944,4,"Beijing, Beijing, China",CH,CH22,13001,39.9289,116.388,-1898541,4,"Beijing, Beijing, China",CH,CH22,13001,39.9289,116.388,-1898541,4,"Beijing, Beijing, China",CH,CH22,13001,39.9289,116.388,-1898541,20170619183000,Threaten,Verbal conflict
666235807,20170619,201706,USA,CALIFORNIA,USA,,,,,,,,CHN,CHINA,CHN,,,,,,,,1,010,010,01,1,0.0,10,1,10,-1.74326465927099,2,"California, United States",US,USCA,,36.17,-119.746,CA,1,China,CH,CH,,35.0,105.0,CH,1,China,CH,CH,,35.0,105.0,CH,20170619184500,Make public statement,Verbal cooperation
666239482,20170619,201706,MNCUSA,BLACKROCK,USA,,,,,MNC,,,CHN,CHINA,CHN,,,,,,,,1,051,051,05,1,3.4,10,1,10,0.25542784163474,4,"Shanghai, Shanghai, China",CH,CH23,13243,31.2222,121.458,-1924465,4,"Shanghai, Shanghai, China",CH,CH23,13243,31.2222,121.458,-1924465,4,"Shanghai, Shanghai, China",CH,CH23,13243,31.2222,121.458,-1924465,20170619190000,Engage in diplomatic cooperation,Verbal cooperation
666244196,20170619,201706,USA,NEW YORK,USA,,,,,,,,CHN,TIANJIN,CHN,,,,,,,,1,031,031,03,1,5.2,6,1,6,1.9396551724138,2,"New York, United States",US,USNY,,42.1497,-74.9384,NY,4,"Tianjin, Tianjin, China",CH,CH28,13279,39.1422,117.177,-1928564,4,"Tianjin, Tianjin, China",CH,CH28,13279,39.1422,117.177,-1928564,20170619191500,Express intent to cooperate,Verbal cooperation
666258185,20170619,201706,CHN,CHINESE,CHN,,,,,,,,USA,GRAND CANYON,USA,,,,,,,,1,043,043,04,1,2.8,7,1,7,0.21119324181626,4,"Cang Shan, Guangdong, China",CH,CH30,13034,22.2417,113.067,10317552,4,"Cang Shan, Guangdong, China",CH,CH30,13034,22.2417,113.067,10317552,4,"Cang Shan, Guangdong, China",CH,CH30,13034,22.2417,113.067,10317552,20170619201500,Consult,Verbal cooperation
666258186,20170619,201706,CHNBUS,CHINESE,CHN,,,,,BUS,,,MNCUSA,DISNEY,USA,,,,,MNC,,,1,0874,087,08,2,10.0,6,1,6,-1.11940298507462,4,"Shanghai, Shanghai, China",CH,CH23,13243,31.2222,121.458,-1924465,4,"Shanghai, Shanghai, China",CH,CH23,13243,31.2222,121.458,-1924465,4,"Shanghai, Shanghai, China",CH,CH23,13243,31.2222,121.458,-1924465,20170619201500,Yield,Material cooperation
666259466,20170619,201706,USA,NEW YORK,USA,,,,,,,,CHN,TIANJIN,CHN,,,,,,,,1,031,031,03,1,5.2,10,1,10,3.65853658536585,4,"Tianjin, Tianjin, China",CH,CH28,13279,39.1422,117.177,-1928564,4,"Tianjin, Tianjin, China",CH,CH28,13279,39.1422,117.177,-1928564,4,"Tianjin, Tianjin, China",CH,CH28,13279,39.1422,117.177,-1928564,20170619201500,Express intent to cooperate,Verbal cooperation
666259467,20170619,201706,USA,GRAND CANYON,USA,,,,,,,,CHN,CHINESE,CHN,,,,,,,,1,042,042,04,1,1.9,7,1,7,0.21119324181626,4,"Fengyang, Guangdong, China",CH,CH30,13047,23.6544,116.569,10074563,4,"Fengyang, Guangdong, China",CH,CH30,13047,23.6544,116.569,10074563,4,"Fengyang, Guangdong, China",CH,CH30,13047,23.6544,116.569,10074563,20170619201500,Consult,Verbal cooperation
666264729,20170520,201705,CHN,CHINA,CHN,,,,,,,,USA,UNITED STATES,USA,,,,,,,,1,0311,031,03,1,5.2,10,1,10,1.92719486081371,4,"Shanghai, Shanghai, China",CH,CH23,13243,31.2222,121.458,-1924465,2,"Iowa, United States",US,USIA,,42.0046,-93.214,IA,2,"Iowa, United States",US,USIA,,42.0046,-93.214,IA,20170619204500,Express intent to cooperate,Verbal cooperation
666264736,20170520,201705,USA,UNITED STATES,USA,,,,,,,,CHN,CHINA,CHN,,,,,,,,1,080,080,08,2,5.0,10,1,10,1.92719486081371,2,"Iowa, United States",US,USIA,,42.0046,-93.214,IA,4,"Shanghai, Shanghai, China",CH,CH23,13243,31.2222,121.458,-1924465,4,"Shanghai, Shanghai, China",CH,CH23,13243,31.2222,121.458,-1924465,20170619204500,Yield,Material cooperation
666266587,20170619,201706,USA,AMERICAN,USA,,,,,,,,CHN,CHINA,CHN,,,,,,,,1,013,013,01,1,0.4,6,1,6,1.92719486081371,2,"Iowa, United States",US,USIA,,42.0046,-93.214,IA,4,"Shanghai, Shanghai, China",CH,CH23,13243,31.2222,121.458,-1924465,2,"Iowa, United States",US,USIA,,42.0046,-93.214,IA,20170619204500,Make public statement,Verbal cooperation
666280091,20170619,201706,CHN,CHINESE,CHN,,,,,,,,USA,FLORIDA,USA,,,,,,,,1,042,042,04,1,1.9,6,1,6,-0.75187969924812,4,"Beijing, Beijing, China",CH,CH22,13001,39.9289,116.388,-1898541,4,"Beijing, Beijing, China",CH,CH22,13001,39.9289,116.388,-1898541,4,"Beijing, Beijing, China",CH,CH22,13001,39.9289,116.388,-1898541,20170619221500,Consult,Verbal cooperation
666283829,20170619,201706,CHN,CHINA,CHN,,,,,,,,USA,UNITED STATES,USA,,,,,,,,1,050,050,05,1,3.5,8,1,8,-2.2754491017964,4,"Beijing, Beijing, China",CH,CH22,13001,39.9289,116.388,-1898541,4,"Beijing, Beijing, China",CH,CH22,13001,39.9289,116.388,-1898541,3,"Washington, District of Columbia, United States",US,USDC,DC001,38.8951,-77.0364,531871,20170619223000,Engage in diplomatic cooperation,Verbal cooperation
666283830,20170619,201706,CHN,CHINA,CHN,,,,,,,,USA,UNITED STATES,USA,,,,,,,,1,050,050,05,1,3.5,12,1,12,-2.2754491017964,4,"Beijing, Beijing, China",CH,CH22,13001,39.9289,116.388,-1898541,3,"Washington, District of Columbia, United States",US,USDC,DC001,38.8951,-77.0364,531871,3,"Washington, District of Columbia, United States",US,USDC,DC001,38.8951,-77.0364,531871,20170619223000,Engage in diplomatic cooperation,Verbal cooperation
666283831,20170619,201706,CHN,CHINA,CHN,,,,,,,,USA,UNITED STATES,USA,,,,,,,,1,057,057,05,1,8.0,8,1,8,-2.2754491017964,4,"Beijing, Beijing, China",CH,CH22,13001,39.9289,116.388,-1898541,4,"Beijing, Beijing, China",CH,CH22,13001,39.9289,116.388,-1898541,4,"Pyongyang, P'yongyang-si, North Korea",KN,KN12,39681,39.0194,125.755,-183459,20170619223000,Engage in diplomatic cooperation,Verbal cooperation
666283832,20170619,201706,CHN,CHINA,CHN,,,,,,,,USA,UNITED STATES,USA,,,,,,,,1,057,057,05,1,8.0,12,1,12,-2.2754491017964,4,"Beijing, Beijing, China",CH,CH22,13001,39.9289,116.388,-1898541,3,"Washington, District of Columbia, United States",US,USDC,DC001,38.8951,-77.0364,531871,4,"Pyongyang, P'yongyang-si, North Korea",KN,KN12,39681,39.0194,125.755,-183459,20170619223000,Engage in diplomatic cooperation,Verbal cooperation
666285344,20170619,201706,USA,UNITED STATES,USA,,,,,,,,CHN,CHINA,CHN,,,,,,,,1,050,050,05,1,3.5,8,1,8,-2.2754491017964,4,"Beijing, Beijing, China",CH,CH22,13001,39.9289,116.388,-1898541,4,"Beijing, Beijing, China",CH,CH22,13001,39.9289,116.388,-1898541,3,"Washington, District of Columbia, United States",US,USDC,DC001,38.8951,-77.0364,531871,20170619223000,Engage in diplomatic cooperation,Verbal cooperation
666285345,20170619,201706,USA,UNITED STATES,USA,,,,,,,,CHN,CHINA,CHN,,,,,,,,1,050,050,05,1,3.5,12,1,12,-2.2754491017964,3,"Washington, District of Columbia, United States",US,USDC,DC001,38.8951,-77.0364,531871,4,"Beijing, Beijing, China",CH,CH22,13001,39.9289,116.388,-1898541,3,"Washington, District of Columbia, United States",US,USDC,DC001,38.8951,-77.0364,531871,20170619223000,Engage in diplomatic cooperation,Verbal cooperation
666285346,20170619,201706,USA,UNITED STATES,USA,,,,,,,,CHN,CHINA,CHN,,,,,,,,1,057,057,05,1,8.0,8,1,8,-2.2754491017964,4,"Beijing, Beijing, China",CH,CH22,13001,39.9289,116.388,-1898541,4,"Beijing, Beijing, China",CH,CH22,13001,39.9289,116.388,-1898541,4,"Pyongyang, P'yongyang-si, North Korea",KN,KN12,39681,39.0194,125.755,-183459,20170619223000,Engage in diplomatic cooperation,Verbal cooperation
666285347,20170619,201706,USA,UNITED STATES,USA,,,,,,,,CHN,CHINA,CHN,,,,,,,,1,057,057,05,1,8.0,12,1,12,-2.2754491017964,3,"Washington, District of Columbia, United States",US,USDC,DC001,38.8951,-77.0364,531871,4,"Beijing, Beijing, China",CH,CH22,13001,39.9289,116.388,-1898541,4,"Pyongyang, P'yongyang-si, North Korea",KN,KN12,39681,39.0194,125.755,-183459,20170619223000,Engage in diplomatic cooperation,Verbal cooperation
666294276,20170619,201706,CHN,CHINESE,CHN,,,,,,,,USA,UNITED STATES,USA,,,,,,,,1,046,046,04,1,7.0,18,1,6,5.75539568345324,4,"Great Wall, China (general), China",CH,CH00,13077,39.9667,119.8,-1930117,1,United States,US,US,,38.0,-97.0,US,4,"Great Wall, China (general), China",CH,CH00,13077,39.9667,119.8,-1930117,20170619231500,Consult,Verbal cooperation
666295689,20170619,201706,USA,UNITED STATES,USA,,,,,,,,CHN,CHINESE,CHN,,,,,,,,1,046,046,04,1,7.0,18,1,6,5.75539568345324,1,United States,US,US,,38.0,-97.0,US,4,"Great Wall, China (general), China",CH,CH00,13077,39.9667,119.8,-1930117,4,"Great Wall, China (general), China",CH,CH00,13077,39.9667,119.8,-1930117,20170619231500,Consult,Verbal cooperation
666312246,20170620,201706,CHN,CHINA,CHN,,,,,,,,USA,THE US,USA,,,,,,,,1,0874,087,08,2,10.0,8,1,8,3.75757575757576,4,"Guizhou, Hubei, China",CH,CH12,13129,31.0167,110.583,-1907618,4,"Paris, France (general), France",FR,FR00,16282,48.8667,2.33333,-1456928,4,"Paris, France (general), France",FR,FR00,16282,48.8667,2.33333,-1456928,20170620001500,Yield,Material cooperation
666312248,20170620,201706,CHN,CHINA,CHN,,,,,,,,USAMED,REUTERS,USA,,,,,MED,,,1,013,013,01,1,0.4,10,1,10,2.92397660818713,4,"Shanghai, Shanghai, China",CH,CH23,13243,31.2222,121.458,-1924465,4,"Shanghai, Shanghai, China",CH,CH23,13243,31.2222,121.458,-1924465,4,"Shanghai, Shanghai, China",CH,CH23,13243,31.2222,121.458,-1924465,20170620001500,Make public statement,Verbal cooperation
666314370,20170620,201706,USA,WASHINGTON,USA,,,,,,,,CHN,CHINA,CHN,,,,,,,,1,061,061,06,2,6.4,10,1,10,-0.91743119266055,4,"Beijing, Beijing, China",CH,CH22,13001,39.9289,116.388,-1898541,4,"Beijing, Beijing, China",CH,CH22,13001,39.9289,116.388,-1898541,4,"Beijing, Beijing, China",CH,CH22,13001,39.9289,116.388,-1898541,20170620001500,Engage in material cooperation,Material cooperation
666327488,20170620,201706,CHN,CHINA,CHN,,,,,,,,USA,THE US,USA,,,,,,,,1,038,038,03,1,7.0,6,1,6,-0.79239302694137,1,China,CH,CH,,35.0,105.0,CH,4,"China Sea, Brunei (general), Brunei",BX,BX00,,15.0,115.0,-1337919,1,Japan,JA,JA,,36.0,138.0,JA,20170620010000,Express intent to cooperate,Verbal cooperation
666341199,20160620,201606,CHN,CHINA,CHN,,,,,,,,USA,THE US,USA,,,,,,,,1,050,050,05,1,3.5,10,1,10,-3.73134328358209,4,"Beijing, Beijing, China",CH,CH22,13001,39.9289,116.388,-1898541,4,"Beijing, Beijing, China",CH,CH22,13001,39.9289,116.388,-1898541,4,"Beijing, Beijing, China",CH,CH22,13001,39.9289,116.388,-1898541,20170620021500,Engage in diplomatic cooperation,Verbal cooperation
666341211,20160620,201606,USA,THE US,USA,,,,,,,,CHN,CHINA,CHN,,,,,,,,1,050,050,05,1,3.5,10,1,10,-3.73134328358209,4,"Beijing, Beijing, China",CH,CH22,13001,39.9289,116.388,-1898541,4,"Beijing, Beijing, China",CH,CH22,13001,39.9289,116.388,-1898541,4,"Beijing, Beijing, China",CH,CH22,13001,39.9289,116.388,-1898541,20170620021500,Engage in diplomatic cooperation,Verbal cooperation
666341624,20170620,201706,CHN,CHINA,CHN,,,,,,,,USA,UNITED STATES,USA,,,,,,,,1,040,040,04,1,1.0,10,1,10,-0.72727272727273,1,China,CH,CH,,35.0,105.0,CH,1,United States,US,US,,38.0,-97.0,US,1,China,CH,CH,,35.0,105.0,CH,20170620021500,Consult,Verbal cooperation
666341626,20170620,201706,CHN,CHINA,CHN,,,,,,,,USA,UNITED STATES,USA,,,,,,,,1,141,141,14,3,-6.5,8,1,8,-0.72727272727273,1,United States,US,US,,38.0,-97.0,US,1,United States,US,US,,38.0,-97.0,US,1,United States,US,US,,38.0,-97.0,US,20170620021500,Protest,Verbal conflict
666348856,20170620,201706,CHN,BEIJING,CHN,,,,,,,,USAMED,REUTERS,USA,,,,,MED,,,1,180,180,18,4,-9.0,10,1,10,4.77707006369427,4,"Beijing, Beijing, China",CH,CH22,13001,39.9289,116.388,-1898541,4,"Beijing, Beijing, China",CH,CH22,13001,39.9289,116.388,-1898541,4,"Beijing, Beijing, China",CH,CH22,13001,39.9289,116.388,-1898541,20170620030000,Assault,Material conflict
666358447,20170620,201706,USA,WASHINGTON,USA,,,,,,,,CHN,CHINA,CHN,,,,,,,,1,036,036,03,1,4.0,8,1,8,-2.1021021021021,4,"Beijing, Beijing, China",CH,CH22,13001,39.9289,116.388,-1898541,4,"Beijing, Beijing, China",CH,CH22,13001,39.9289,116.388,-1898541,4,"Beijing, Beijing, China",CH,CH22,13001,39.9289,116.388,-1898541,20170620034500,Express intent to cooperate,Verbal cooperation
666364064,20170620,201706,USA,THE US,USA,,,,,,,,CHN,CHINESE,CHN,,,,,,,,1,112,112,11,3,-2.0,8,1,8,-3.27552986512524,3,"Carnegie Endowment For International Peace, District of Columbia, United States",US,USDC,DC001,38.899,-77.038,531785,3,"Carnegie Endowment For International Peace, District of Columbia, United States",US,USDC,,38.899,-77.038,531785,3,"Carnegie Endowment For International Peace, District of Columbia, United States",US,USDC,,38.899,-77.038,531785,20170620041500,Disapprove,Verbal conflict
666377749,20170620,201706,CHN,SHANGHAI,CHN,,,,,,,,MNCUSA,DISNEY,USA,,,,,MNC,,,1,017,017,01,1,0.0,10,1,10,6.62650602409639,4,"Shanghai, Shanghai, China",CH,CH23,13243,31.2222,121.458,-1924465,4,"Shanghai, Shanghai, China",CH,CH23,13243,31.2222,121.458,-1924465,4,"Shanghai, Shanghai, China",CH,CH23,13243,31.2222,121.458,-1924465,20170620053000,Make public statement,Verbal cooperation
666381025,20170620,201706,CHN,CHINA,CHN,,,,,,,,USA,UNITED STATES,USA,,,,,,,,1,057,057,05,1,8.0,6,1,6,0.4524886877828,1,United States,US,US,,38.0,-97.0,US,1,United States,US,US,,38.0,-97.0,US,1,United States,US,US,,38.0,-97.0,US,20170620054500,Engage in diplomatic cooperation,Verbal cooperation
666382610,20170620,201706,USA,UNITED STATES,USA,,,,,,,,CHN,CHINA,CHN,,,,,,,,1,057,057,05,1,8.0,6,1,6,0.4524886877828,1,United States,US,US,,38.0,-97.0,US,1,United States,US,US,,38.0,-97.0,US,1,United States,US,US,,38.0,-97.0,US,20170620054500,Engage in diplomatic cooperation,Verbal cooperation
666382611,20170620,201706,USA,ALASKA,USA,,,,,,,,CHN,CHINA,CHN,,,,,,,,1,061,061,06,2,6.4,10,1,10,0.739098300073908,2,"Alaska, United States",US,USAK,,61.385,-152.268,AK,2,"Alaska, United States",US,USAK,,61.385,-152.268,AK,2,"Alaska, United States",US,USAK,,61.385,-152.268,AK,20170620054500,Engage in material cooperation,Material cooperation
666387168,20170620,201706,CHN,CHINESE,CHN,,,,,,,,USAGOV,US OFFICIAL,USA,,,,,GOV,,,1,044,044,04,1,2.5,10,1,10,-2.62054507337526,4,"Beijing, Beijing, China",CH,CH22,13001,39.9289,116.388,-1898541,4,"Beijing, Beijing, China",CH,CH22,13001,39.9289,116.388,-1898541,3,"Washington, District of Columbia, United States",US,USDC,DC001,38.8951,-77.0364,531871,20170620061500,Consult,Verbal cooperation
666388139,20170620,201706,USA,NEBRASKA,USA,,,,,,,,CHN,CHINA,CHN,,,,,,,,1,042,042,04,1,1.9,8,1,8,2.49266862170088,1,Japan,JA,JA,,36.0,138.0,JA,1,Japan,JA,JA,,36.0,138.0,JA,1,Japan,JA,JA,,36.0,138.0,JA,20170620061500,Consult,Verbal cooperation
666388144,20170620,201706,USA,NEW YORK CITY,USA,,,,,,,,CHN,CHINA,CHN,,,,,,,,1,173,173,17,4,-5.0,8,1,8,1.8738288569644,4,"Beijing, Beijing, China",CH,CH22,13001,39.9289,116.388,-1898541,4,"Beijing, Beijing, China",CH,CH22,13001,39.9289,116.388,-1898541,4,"Beijing, Beijing, China",CH,CH22,13001,39.9289,116.388,-1898541,20170620061500,Coerce,Material conflict
666388267,20170620,201706,USAGOV,US OFFICIAL,USA,,,,,GOV,,,CHN,CHINESE,CHN,,,,,,,,1,044,044,04,1,2.5,10,1,10,-2.62054507337526,4,"Beijing, Beijing, China",CH,CH22,13001,39.9289,116.388,-1898541,4,"Beijing, Beijing, China",CH,CH22,13001,39.9289,116.388,-1898541,3,"Washington, District of Columbia, United States",US,USDC,DC001,38.8951,-77.0364,531871,20170620061500,Consult,Verbal cooperation
666388290,20170620,201706,USAMED,REUTERS,USA,,,,,MED,,,CHN,CHINESE,CHN,,,,,,,,1,012,012,01,1,-0.4,8,1,8,-0.746268656716418,4,"Zhou Li, Anhui, China",CH,CH01,12998,31.7251,118.174,10529584,4,"Zhou Li, Anhui, China",CH,CH01,12998,31.7251,118.174,10529584,4,"Zhou Li, Anhui, China",CH,CH01,12998,31.7251,118.174,10529584,20170620061500,Make public statement,Verbal cooperation
666402767,20170620,201706,USA,THE US,USA,,,,,,,,CHN,CHINA,CHN,,,,,,,,1,010,010,01,1,0.0,10,1,10,-1.39949109414758,4,"Beijing, Beijing, China",CH,CH22,13001,39.9289,116.388,-1898541,4,"Beijing, Beijing, China",CH,CH22,13001,39.9289,116.388,-1898541,4,"Beijing, Beijing, China",CH,CH22,13001,39.9289,116.388,-1898541,20170620071500,Make public statement,Verbal cooperation
666410750,20170620,201706,USA,CALIFORNIA,USA,,,,,,,,CHN,BEIJING,CHN,,,,,,,,1,012,012,01,1,-0.4,7,1,7,-1.99501246882793,4,"Beijing, Beijing, China",CH,CH22,13001,39.9289,116.388,-1898541,4,"London, London, City of, United Kingdom",UK,UKH9,40110,51.5,-0.116667,-2601889,4,"London, London, City of, United Kingdom",UK,UKH9,40110,51.5,-0.116667,-2601889,20170620080000,Make public statement,Verbal cooperation
666425348,20170620,201706,CHN,CHINA,CHN,,,,,,,,USA,UNITED STATES,USA,,,,,,,,1,110,110,11,3,-2.0,10,1,10,7.78443113772455,1,United States,US,US,,38.0,-97.0,US,1,United States,US,US,,38.0,-97.0,US,1,United States,US,US,,38.0,-97.0,US,20170620091500,Disapprove,Verbal conflict
666426584,20170620,201706,USA,THE US,USA,,,,,,,,CHN,CHINA,CHN,,,,,,,,1,020,020,02,1,3.0,10,1,10,-2.44233378561737,1,China,CH,CH,,35.0,105.0,CH,1,China,CH,CH,,35.0,105.0,CH,1,China,CH,CH,,35.0,105.0,CH,20170620091500,Appeal,Verbal cooperation
666439349,20170620,201706,USA,UNITED STATES,USA,,,,,,,,CHN,CHINA,CHN,,,,,,,,1,020,020,02,1,3.0,8,1,8,-2.81995661605206,4,"Beijing, Beijing, China",CH,CH22,13001,39.9289,116.388,-1898541,4,"Beijing, Beijing, China",CH,CH22,13001,39.9289,116.388,-1898541,4,"Beijing, Beijing, China",CH,CH22,13001,39.9289,116.388,-1898541,20170620103000,Appeal,Verbal cooperation
666439352,20170620,201706,USA,UNITED STATES,USA,,,,,,,,CHN,CHINA,CHN,,,,,,,,1,190,190,19,4,-10.0,8,1,8,-2.81995661605206,3,"Washington, District of Columbia, United States",US,USDC,DC001,38.8951,-77.0364,531871,4,"Beijing, Beijing, China",CH,CH22,13001,39.9289,116.388,-1898541,3,"Washington, District of Columbia, United States",US,USDC,DC001,38.8951,-77.0364,531871,20170620103000,Fight,Material conflict
666453907,20170620,201706,CHNCVL,CHINESE,CHN,,,,,CVL,,,USA,SAN DIEGO,USA,,,,,,,,1,043,043,04,1,2.8,6,1,6,0.0,1,China,CH,CH,,35.0,105.0,CH,3,"San Diego, California, United States",US,USCA,,32.7153,-117.157,1661377,1,China,CH,CH,,35.0,105.0,CH,20170620113000,Consult,Verbal cooperation
666455748,20170620,201706,USA,AUSTIN,USA,,,,,,,,CHN,CHINA,CHN,,,,,,,,1,030,030,03,1,4.0,10,1,10,3.2258064516129,1,United States,US,US,,38.0,-97.0,US,1,United States,US,US,,38.0,-97.0,US,1,United States,US,US,,38.0,-97.0,US,20170620113000,Express intent to cooperate,Verbal cooperation
666456620,20170620,201706,CHN,CHONGQING,CHN,,,,,,,,USA,NEW YORK,USA,,,,,,,,1,060,060,06,2,6.0,7,1,7,0.0,4,"Sydney, New South Wales, Australia",AS,AS02,154637,-33.8833,151.217,-1603135,1,Portugal,PO,PO,,39.5,-8.0,PO,4,"Sydney, New South Wales, Australia",AS,AS02,154637,-33.8833,151.217,-1603135,20170620114500,Engage in material cooperation,Material cooperation
666456624,20170620,201706,CHN,CHINESE,CHN,,,,,,,,USAEDU,ILLINOIS,USA,,,,,EDU,,,1,010,010,01,1,0.0,12,4,12,-1.32376174825578,3,"Urbana, Illinois, United States",US,USIL,IL019,40.1106,-88.2073,420182,3,"Urbana, Illinois, United States",US,USIL,IL019,40.1106,-88.2073,420182,3,"Urbana, Illinois, United States",US,USIL,IL019,40.1106,-88.2073,420182,20170620114500,Make public statement,Verbal cooperation
666456625,20170620,201706,CHNEDU,CHINA,CHN,,,,,EDU,,,USA,UNITED STATES,USA,,,,,,,,1,010,010,01,1,0.0,16,4,16,-1.34743124026985,3,"Urbana, Illinois, United States",US,USIL,IL019,40.1106,-88.2073,420182,3,"Urbana, Illinois, United States",US,USIL,IL019,40.1106,-88.2073,420182,3,"Urbana, Illinois, United States",US,USIL,IL019,40.1106,-88.2073,420182,20170620114500,Make public statement,Verbal cooperation
666456626,20170620,201706,CHNEDU,CHINESE,CHN,,,,,EDU,,,USAEDU,ILLINOIS,USA,,,,,EDU,,,1,010,010,01,1,0.0,12,4,12,-1.37110073228392,3,"Urbana, Illinois, United States",US,USIL,IL019,40.1106,-88.2073,420182,3,"Urbana, Illinois, United States",US,USIL,IL019,40.1106,-88.2073,420182,3,"Urbana, Illinois, United States",US,USIL,IL019,40.1106,-88.2073,420182,20170620114500,Make public statement,Verbal cooperation
666458198,20170620,201706,USA,NEW YORK,USA,,,,,,,,CHN,CHONGQING,CHN,,,,,,,,1,060,060,06,2,6.0,8,1,8,0.0,2,"New York, United States",US,USNY,,42.1497,-74.9384,NY,4,"Chongqing, Chongqing, China",CH,CH33,13004,29.5628,106.553,-1900774,4,"Chongqing, Chongqing, China",CH,CH33,13004,29.5628,106.553,-1900774,20170620114500,Engage in material cooperation,Material cooperation
666460947,20170613,201706,CHN,CHINA,CHN,,,,,,,,USA,AMERICAN,USA,,,,,,,,1,030,030,03,1,4.0,10,1,10,-1.44092219020173,4,"Beijing, Beijing, China",CH,CH22,13001,39.9289,116.388,-1898541,1,United States,US,US,,38.0,-97.0,US,1,United States,US,US,,38.0,-97.0,US,20170620120000,Express intent to cooperate,Verbal cooperation
666460948,20170613,201706,CHN,CHINA,CHN,,,,,,,,USA,AMERICAN,USA,,,,,,,,1,061,061,06,2,6.4,8,1,8,-1.44092219020173,4,"Beijing, Beijing, China",CH,CH22,13001,39.9289,116.388,-1898541,4,"Beijing, Beijing, China",CH,CH22,13001,39.9289,116.388,-1898541,4,"Beijing, Beijing, China",CH,CH22,13001,39.9289,116.388,-1898541,20170620120000,Engage in material cooperation,Material cooperation
666466608,20170620,201706,CHN,CHINA,CHN,,,,,,,,USA,UNITED STATES,USA,,,,,,,,1,043,043,04,1,2.8,8,1,8,-5.14705882352941,1,China,CH,CH,,35.0,105.0,CH,3,"Bismarck, North Dakota, United States",US,USND,ND015,46.8083,-100.784,1035849,1,China,CH,CH,,35.0,105.0,CH,20170620121500,Consult,Verbal cooperation
666468127,20170620,201706,USA,UNITED STATES,USA,,,,,,,,CHN,CHINA,CHN,,,,,,,,1,042,042,04,1,1.9,8,1,8,-5.14705882352941,3,"Bismarck, North Dakota, United States",US,USND,ND015,46.8083,-100.784,1035849,1,China,CH,CH,,35.0,105.0,CH,1,China,CH,CH,,35.0,105.0,CH,20170620121500,Consult,Verbal cooperation
666475674,20170620,201706,CHN,CHINESE,CHN,,,,,,,,USAGOVBUS,US TREASURY,USA,,,,,GOV,BUS,,1,010,010,01,1,0.0,10,1,10,-1.80541624874624,1,China,CH,CH,,35.0,105.0,CH,1,China,CH,CH,,35.0,105.0,CH,1,China,CH,CH,,35.0,105.0,CH,20170620124500,Make public statement,Verbal cooperation
666481982,20170620,201706,USA,AMERICAN,USA,,,,,,,,CHN,CHINESE,CHN,,,,,,,,1,012,012,01,1,-0.4,8,1,8,0.0,1,China,CH,CH,,35.0,105.0,CH,1,China,CH,CH,,35.0,105.0,CH,1,China,CH,CH,,35.0,105.0,CH,20170620130000,Make public statement,Verbal cooperation
666484774,20170620,201706,CHN,BEIJING,CHN,,,,,,,,USA,WASHINGTON,USA,,,,,,,,1,050,050,05,1,3.5,6,1,6,-1.82868142444659,4,"Beijing, Beijing, China",CH,CH22,13001,39.9289,116.388,-1898541,3,"Washington, District of Columbia, United States",US,USDC,DC001,38.8951,-77.0364,531871,4,"Pyongyang, P'yongyang-si, North Korea",KN,KN12,39681,39.0194,125.755,-183459,20170620131500,Engage in diplomatic cooperation,Verbal cooperation
666484776,20170620,201706,CHN,CHINA,CHN,,,,,,,,USA,DETROIT,USA,,,,,,,,1,061,061,06,2,6.4,10,2,10,0.0,4,"Chongqing, Chongqing, China",CH,CH33,13004,29.5628,106.553,-1900774,4,"Chongqing, Chongqing, China",CH,CH33,13004,29.5628,106.553,-1900774,4,"Chongqing, Chongqing, China",CH,CH33,13004,29.5628,106.553,-1900774,20170620131500,Engage in material cooperation,Material cooperation
666485954,20170620,201706,MNCUSA,FORD MOTOR,USA,,,,,MNC,,,CHN,CHINA,CHN,,,,,,,,1,0311,031,03,1,5.2,10,1,10,0.0,4,"Chongqing, Chongqing, China",CH,CH33,13004,29.5628,106.553,-1900774,4,"Chongqing, Chongqing, China",CH,CH33,13004,29.5628,106.553,-1900774,4,"Chongqing, Chongqing, China",CH,CH33,13004,29.5628,106.553,-1900774,20170620131500,Express intent to cooperate,Verbal cooperation
666485955,20170620,201706,MNCUSA,FORD MOTOR,USA,,,,,MNC,,,CHN,CHINA,CHN,,,,,,,,1,061,061,06,2,6.4,12,1,10,0.0,4,"Chongqing, Chongqing, China",CH,CH33,13004,29.5628,106.553,-1900774,4,"Chongqing, Chongqing, China",CH,CH33,13004,29.5628,106.553,-1900774,4,"Chongqing, Chongqing, China",CH,CH33,13004,29.5628,106.553,-1900774,20170620131500,Engage in material cooperation,Material cooperation
666485956,20170620,201706,MNCUSA,FORD MOTOR,USA,,,,,MNC,,,CHN,CHINA,CHN,,,,,,,,1,061,061,06,2,6.4,6,1,6,0.0,4,"Chongqing, Chongqing, China",CH,CH33,13004,29.5628,106.553,-1900774,1,Mexico,MX,MX,,23.0,-102.0,MX,4,"Chongqing, Chongqing, China",CH,CH33,13004,29.5628,106.553,-1900774,20170620131500,Engage in material cooperation,Material cooperation
666486491,20170620,201706,USA,WASHINGTON,USA,,,,,,,,CHN,BEIJING,CHN,,,,,,,,1,050,050,05,1,3.5,6,1,6,-1.82868142444659,3,"Washington, District of Columbia, United States",US,USDC,DC001,38.8951,-77.0364,531871,4,"Beijing, Beijing, China",CH,CH22,13001,39.9289,116.388,-1898541,4,"Pyongyang, P'yongyang-si, North Korea",KN,KN12,39681,39.0194,125.755,-183459,20170620131500,Engage in diplomatic cooperation,Verbal cooperation
666486494,20170620,201706,USA,WASHINGTON,USA,,,,,,,,CHN,BEIJING,CHN,,,,,,,,1,060,060,06,2,6.0,6,1,6,-1.82868142444659,3,"Washington, District of Columbia, United States",US,USDC,DC001,38.8951,-77.0364,531871,4,"Beijing, Beijing, China",CH,CH22,13001,39.9289,116.388,-1898541,3,"Washington, District of Columbia, United States",US,USDC,DC001,38.8951,-77.0364,531871,20170620131500,Engage in material cooperation,Material cooperation
666491146,20170613,201706,USA,WYOMING,USA,,,,,,,,CHN,CHINA,CHN,,,,,,,,1,085,085,08,2,7.0,10,1,10,-4.51127819548872,4,"Beijing, Beijing, China",CH,CH22,13001,39.9289,116.388,-1898541,4,"Beijing, Beijing, China",CH,CH22,13001,39.9289,116.388,-1898541,4,"Beijing, Beijing, China",CH,CH22,13001,39.9289,116.388,-1898541,20170620133000,Yield,Material cooperation
666493404,20170620,201706,USA,DETROIT,USA,,,,,,,,CHN,CHINA,CHN,,,,,,,,1,0311,031,03,1,5.2,20,2,20,-0.625791501630155,1,China,CH,CH,,35.0,105.0,CH,1,China,CH,CH,,35.0,105.0,CH,1,China,CH,CH,,35.0,105.0,CH,20170620133000,Express intent to cooperate,Verbal cooperation
666597925,20170620,201706,USA,DETROIT,USA,,,,,,,,CHN,CHINA,CHN,,,,,,,,1,0311,031,03,1,5.2,10,1,10,-1.41843971631206,2,"Florida, United States",US,USFL,,27.8333,-81.717,FL,1,China,CH,CH,,35.0,105.0,CH,1,China,CH,CH,,35.0,105.0,CH,20170620134500,Express intent to cooperate,Verbal cooperation
666496499,20170620,201706,CHN,CHINA,CHN,,,,,,,,MNCUSA,FORD MOTOR,USA,,,,,MNC,,,1,0311,031,03,1,5.2,10,1,10,0.56022408963585,1,China,CH,CH,,35.0,105.0,CH,1,China,CH,CH,,35.0,105.0,CH,1,China,CH,CH,,35.0,105.0,CH,20170620140000,Express intent to cooperate,Verbal cooperation
666496527,20170620,201706,CHN,CHINA,CHN,,,,,,,,USA,UNITED STATES,USA,,,,,,,,1,0311,031,03,1,5.2,6,2,6,-0.310824194020916,4,"Chongqing, Chongqing, China",CH,CH33,13004,29.5628,106.553,-1900774,4,"Chongqing, Chongqing, China",CH,CH33,13004,29.5628,106.553,-1900774,4,"Chongqing, Chongqing, China",CH,CH33,13004,29.5628,106.553,-1900774,20170620140000,Express intent to cooperate,Verbal cooperation
666496528,20170620,201706,CHN,CHINA,CHN,,,,,,,,USA,UNITED STATES,USA,,,,,,,,1,0311,031,03,1,5.2,6,2,6,-0.310824194020916,4,"Chongqing, Chongqing, China",CH,CH33,13004,29.5628,106.553,-1900774,2,"Michigan, United States",US,USMI,,43.3504,-84.5603,MI,4,"Chongqing, Chongqing, China",CH,CH33,13004,29.5628,106.553,-1900774,20170620140000,Express intent to cooperate,Verbal cooperation
666496532,20170620,201706,CHN,CHINA,CHN,,,,,,,,USA,UNITED STATES,USA,,,,,,,,1,042,042,04,1,1.9,6,1,6,-5.34351145038168,1,China,CH,CH,,35.0,105.0,CH,3,"Bismarck, North Dakota, United States",US,USND,ND015,46.8083,-100.784,1035849,1,China,CH,CH,,35.0,105.0,CH,20170620140000,Consult,Verbal cooperation
666498072,20170620,201706,MNCUSA,FORD MOTOR,USA,,,,,MNC,,,CHN,CHINA,CHN,,,,,,,,1,0311,031,03,1,5.2,6,1,6,2.03488372093024,1,China,CH,CH,,35.0,105.0,CH,3,"Detroit, Michigan, United States",US,USMI,MI163,42.3314,-83.0458,1617959,1,China,CH,CH,,35.0,105.0,CH,20170620140000,Express intent to cooperate,Verbal cooperation
666498073,20170620,201706,MNCUSA,FORD MOTOR,USA,,,,,MNC,,,CHN,CHINA,CHN,,,,,,,,1,0311,031,03,1,5.2,34,4,34,-0.427108523398154,1,China,CH,CH,,35.0,105.0,CH,1,China,CH,CH,,35.0,105.0,CH,1,China,CH,CH,,35.0,105.0,CH,20170620140000,Express intent to cooperate,Verbal cooperation
666498074,20170620,201706,MNCUSA,FORD MOTOR,USA,,,,,MNC,,,CHN,CHINA,CHN,,,,,,,,1,061,061,06,2,6.4,20,1,10,-0.38610038610039,1,China,CH,CH,,35.0,105.0,CH,1,China,CH,CH,,35.0,105.0,CH,1,China,CH,CH,,35.0,105.0,CH,20170620140000,Engage in material cooperation,Material cooperation
666498732,20170620,201706,USA,DETROIT,USA,,,,,,,,CHN,CHINA,CHN,,,,,,,,1,0311,031,03,1,5.2,10,1,10,-0.284090909090909,1,Mexico,MX,MX,,23.0,-102.0,MX,4,"Chongqing, Chongqing, China",CH,CH33,13004,29.5628,106.553,-1900774,4,"Chongqing, Chongqing, China",CH,CH33,13004,29.5628,106.553,-1900774,20170620140000,Express intent to cooperate,Verbal cooperation
666498738,20170620,201706,USA,UNITED STATES,USA,,,,,,,,CHN,CHINA,CHN,,,,,,,,1,043,043,04,1,2.8,6,1,6,-5.34351145038168,3,"Bismarck, North Dakota, United States",US,USND,ND015,46.8083,-100.784,1035849,1,China,CH,CH,,35.0,105.0,CH,1,China,CH,CH,,35.0,105.0,CH,20170620140000,Consult,Verbal cooperation
666498741,20170620,201706,USA,DETROIT,USA,,,,,,,,CHN,CHINA,CHN,,,,,,,,1,061,061,06,2,6.4,10,1,10,-0.40322580645161,1,China,CH,CH,,35.0,105.0,CH,1,China,CH,CH,,35.0,105.0,CH,1,China,CH,CH,,35.0,105.0,CH,20170620140000,Engage in material cooperation,Material cooperation
666505954,20170620,201706,USA,DETROIT,USA,,,,,,,,CHN,CHINA,CHN,,,,,,,,1,0311,031,03,1,5.2,18,2,18,-0.744661001136499,4,"Chongqing, Chongqing, China",CH,CH33,13004,29.5628,106.553,-1900774,4,"Chongqing, Chongqing, China",CH,CH33,13004,29.5628,106.553,-1900774,4,"Chongqing, Chongqing, China",CH,CH33,13004,29.5628,106.553,-1900774,20170620141500,Express intent to cooperate,Verbal cooperation
666505957,20170620,201706,USA,DETROIT,USA,,,,,,,,CHN,CHINA,CHN,,,,,,,,1,0311,031,03,1,5.2,8,1,8,-0.89285714285715,3,"White House, District of Columbia, United States",US,USDC,,38.8951,-77.0364,531871,3,"White House, District of Columbia, United States",US,USDC,,38.8951,-77.0364,531871,4,"Changan, Shaanxi, China",CH,CH26,13223,34.2583,108.929,-1931562,20170620141500,Express intent to cooperate,Verbal cooperation
666505958,20170620,201706,USA,DETROIT,USA,,,,,,,,CHN,CHINA,CHN,,,,,,,,1,0311,031,03,1,5.2,8,1,8,-0.39840637450199,2,"Idaho, United States",US,USID,,44.2394,-114.51,ID,1,China,CH,CH,,35.0,105.0,CH,1,China,CH,CH,,35.0,105.0,CH,20170620141500,Express intent to cooperate,Verbal cooperation
666506169,20170620,201706,USABUS,IDAHO,USA,,,,,BUS,,,CHN,CHINA,CHN,,,,,,,,1,061,061,06,2,6.4,6,1,6,-0.39840637450199,1,China,CH,CH,,35.0,105.0,CH,1,China,CH,CH,,35.0,105.0,CH,1,China,CH,CH,,35.0,105.0,CH,20170620141500,Engage in material cooperation,Material cooperation
666506278,20170620,201706,USAMED,ASSOCIATED PRESS,USA,,,,,MED,,,CHN,CHINA,CHN,,,,,,,,1,0311,031,03,1,5.2,20,2,20,-0.814255075066085,1,China,CH,CH,,35.0,105.0,CH,1,China,CH,CH,,35.0,105.0,CH,1,China,CH,CH,,35.0,105.0,CH,20170620141500,Express intent to cooperate,Verbal cooperation
666506280,20170620,201706,USAMED,ASSOCIATED PRESS,USA,,,,,MED,,,CHN,CHINA,CHN,,,,,,,,1,061,061,06,2,6.4,10,1,10,-0.40899795501022,1,China,CH,CH,,35.0,105.0,CH,1,China,CH,CH,,35.0,105.0,CH,1,China,CH,CH,,35.0,105.0,CH,20170620141500,Engage in material cooperation,Material cooperation
666510644,20170620,201706,USA,DETROIT,USA,,,,,,,,CHN,CHINA,CHN,,,,,,,,1,0311,031,03,1,5.2,8,1,8,-0.39840637450199,2,"Wisconsin, United States",US,USWI,,44.2563,-89.6385,WI,1,China,CH,CH,,35.0,105.0,CH,1,China,CH,CH,,35.0,105.0,CH,20170620143000,Express intent to cooperate,Verbal cooperation
666510824,20170620,201706,USAEDU,ILLINOIS,USA,,,,,EDU,,,CHN,CHINA,CHN,,,,,,,,1,030,030,03,1,4.0,20,1,10,-1.90476190476191,1,China,CH,CH,,35.0,105.0,CH,1,China,CH,CH,,35.0,105.0,CH,1,China,CH,CH,,35.0,105.0,CH,20170620143000,Express intent to cooperate,Verbal cooperation
666513688,20170620,201706,CHN,CHINESE,CHN,,,,,,,,USAMED,REUTERS,USA,,,,,MED,,,1,010,010,01,1,0.0,8,1,8,-5.10204081632654,1,China,CH,CH,,35.0,105.0,CH,1,China,CH,CH,,35.0,105.0,CH,1,China,CH,CH,,35.0,105.0,CH,20170620144500,Make public statement,Verbal cooperation
666519938,20170620,201706,USA,KENTUCKY,USA,,,,,,,,CHN,CHINA,CHN,,,,,,,,1,061,061,06,2,6.4,6,1,6,1.86915887850467,1,China,CH,CH,,35.0,105.0,CH,1,Mexico,MX,MX,,23.0,-102.0,MX,1,Mexico,MX,MX,,23.0,-102.0,MX,20170620150000,Engage in material cooperation,Material cooperation
666519939,20170620,201706,USA,MICHIGAN,USA,,,,,,,,CHN,CHINA,CHN,,,,,,,,1,061,061,06,2,6.4,10,1,10,-0.29673590504451,2,"Michigan, United States",US,USMI,,43.3504,-84.5603,MI,4,"Chongqing, Chongqing, China",CH,CH33,13004,29.5628,106.553,-1900774,4,"Chongqing, Chongqing, China",CH,CH33,13004,29.5628,106.553,-1900774,20170620150000,Engage in material cooperation,Material cooperation
666527968,20170620,201706,CHN,CHINESE,CHN,,,,,,,,USA,NEW YORK,USA,,,,,,,,1,111,111,11,3,-2.0,10,1,10,0.30303030303031,4,"Chennai, Tamil Nadu, India",IN,IN25,70251,13.0833,80.2833,-2103041,4,"Chennai, Tamil Nadu, India",IN,IN25,70251,13.0833,80.2833,-2103041,4,"Chennai, Tamil Nadu, India",IN,IN25,70251,13.0833,80.2833,-2103041,20170620153000,Disapprove,Verbal conflict
666529929,20170620,201706,USA,DETROIT,USA,,,,,,,,CHN,CHINA,CHN,,,,,,,,1,0311,031,03,1,5.2,10,1,10,-0.33444816053511,1,Mexico,MX,MX,,23.0,-102.0,MX,1,China,CH,CH,,35.0,105.0,CH,1,China,CH,CH,,35.0,105.0,CH,20170620153000,Express intent to cooperate,Verbal cooperation
666533908,20170620,201706,MNCUSA,DISNEY,USA,,,,,MNC,,,CHN,SHANGHAI,CHN,,,,,,,,1,010,010,01,1,0.0,10,1,10,0.98231827111984,4,"Shanghai, Shanghai, China",CH,CH23,13243,31.2222,121.458,-1924465,4,"Shanghai, Shanghai, China",CH,CH23,13243,31.2222,121.458,-1924465,4,"Shanghai, Shanghai, China",CH,CH23,13243,31.2222,121.458,-1924465,20170620154500,Make public statement,Verbal cooperation
666533909,20170620,201706,MNCUSA,DISNEY,USA,,,,,MNC,,,CHN,SHANGHAI,CHN,,,,,,,,1,051,051,05,1,3.4,10,1,10,0.98231827111984,4,"Shanghai, Shanghai, China",CH,CH23,13243,31.2222,121.458,-1924465,4,"Shanghai, Shanghai, China",CH,CH23,13243,31.2222,121.458,-1924465,4,"Shanghai, Shanghai, China",CH,CH23,13243,31.2222,121.458,-1924465,20170620154500,Engage in diplomatic cooperation,Verbal cooperation
666539456,20170620,201706,USA,NEW YORK,USA,,,,,,,,CHN,CHINA,CHN,,,,,,,,1,0311,031,03,1,5.2,20,2,20,0.0,2,"Michigan, United States",US,USMI,,43.3504,-84.5603,MI,2,"Michigan, United States",US,USMI,,43.3504,-84.5603,MI,2,"Michigan, United States",US,USMI,,43.3504,-84.5603,MI,20170620160000,Express intent to cooperate,Verbal cooperation
666545180,20170620,201706,CHN,CHINESE,CHN,,,,,,,,USAEDU,ILLINOIS,USA,,,,,EDU,,,1,030,030,03,1,4.0,6,1,6,-1.29870129870129,3,"Urbana, Illinois, United States",US,USIL,IL019,40.1106,-88.2073,420182,3,"Urbana, Illinois, United States",US,USIL,IL019,40.1106,-88.2073,420182,3,"Urbana, Illinois, United States",US,USIL,IL019,40.1106,-88.2073,420182,20170620163000,Express intent to cooperate,Verbal cooperation
666547113,20170620,201706,USA,DETROIT,USA,,,,,,,,CHN,CHINA,CHN,,,,,,,,1,0311,031,03,1,5.2,8,1,8,0.29498525073746,1,Mexico,MX,MX,,23.0,-102.0,MX,1,Mexico,MX,MX,,23.0,-102.0,MX,1,Mexico,MX,MX,,23.0,-102.0,MX,20170620163000,Express intent to cooperate,Verbal cooperation
666551464,20170620,201706,CHN,CANTON,CHN,,,,,,,,USA,DAKOTA,USA,,,,,,,,1,125,125,12,3,-5.0,10,1,10,0.0,1,China,CH,CH,,35.0,105.0,CH,1,China,CH,CH,,35.0,105.0,CH,1,China,CH,CH,,35.0,105.0,CH,20170620164500,Reject,Verbal conflict
666556444,20170620,201706,USA,NEW YORK,USA,,,,,,,,CHN,CHINA,CHN,,,,,,,,1,0311,031,03,1,5.2,10,2,10,-0.166666666666667,2,"Michigan, United States",US,USMI,,43.3504,-84.5603,MI,1,Mexico,MX,MX,,23.0,-102.0,MX,1,Mexico,MX,MX,,23.0,-102.0,MX,20170620170000,Express intent to cooperate,Verbal cooperation
666559382,20170620,201706,CHN,CHINA,CHN,,,,,,,,USA,DETROIT,USA,,,,,,,,1,061,061,06,2,6.4,10,1,10,0.72727272727273,4,"Chongqing, Chongqing, China",CH,CH33,13004,29.5628,106.553,-1900774,3,"Detroit, Michigan, United States",US,USMI,MI163,42.3314,-83.0458,1617959,4,"Chongqing, Chongqing, China",CH,CH33,13004,29.5628,106.553,-1900774,20170620171500,Engage in material cooperation,Material cooperation
666559385,20170620,201706,CHN,CHINA,CHN,,,,,,,,USAMED,REUTERS,USA,,,,,MED,,,1,061,061,06,2,6.4,10,1,10,1.14942528735632,1,China,CH,CH,,35.0,105.0,CH,1,China,CH,CH,,35.0,105.0,CH,1,China,CH,CH,,35.0,105.0,CH,20170620171500,Engage in material cooperation,Material cooperation
666561117,20170620,201706,USA,DETROIT,USA,,,,,,,,CHN,CHINA,CHN,,,,,,,,1,061,061,06,2,6.4,8,1,8,-0.53859964093358,2,"Maine, United States",US,USME,,44.6074,-69.3977,ME,2,"Maine, United States",US,USME,,44.6074,-69.3977,ME,2,"Maine, United States",US,USME,,44.6074,-69.3977,ME,20170620171500,Engage in material cooperation,Material cooperation
666565599,20170620,201706,CHN,CHINESE,CHN,,,,,,,,MNCUSAMED,GOOGLE,USA,,,,,MNC,MED,,1,183,183,18,4,-10.0,10,1,10,-13.8297872340426,4,"Jinzhou, Liaoning, China",CH,CH19,13189,41.1078,121.142,-1912816,4,"Jinzhou, Liaoning, China",CH,CH19,13189,41.1078,121.142,-1912816,4,"Jinzhou, Liaoning, China",CH,CH19,13189,41.1078,121.142,-1912816,20170620173000,Assault,Material conflict
666565600,20170620,201706,CHN,CHINESE,CHN,,,,,,,,MNCUSAMED,GOOGLE,USA,,,,,MNC,MED,,1,190,190,19,4,-10.0,10,1,10,-13.8297872340426,4,"Jinzhou, Liaoning, China",CH,CH19,13189,41.1078,121.142,-1912816,4,"Jinzhou, Liaoning, China",CH,CH19,13189,41.1078,121.142,-1912816,4,"Jinzhou, Liaoning, China",CH,CH19,13189,41.1078,121.142,-1912816,20170620173000,Fight,Material conflict
666569831,20170620,201706,CHN,CANTON,CHN,,,,,,,,USA,AMERICAN,USA,,,,,,,,1,040,040,04,1,1.0,10,1,10,0.0,1,China,CH,CH,,35.0,105.0,CH,2,"Ohio, United States",US,USOH,,40.3736,-82.7755,OH,2,"Ohio, United States",US,USOH,,40.3736,-82.7755,OH,20170620174500,Consult,Verbal cooperation
666569833,20170620,201706,CHN,CANTON,CHN,,,,,,,,USA,AMERICAN,USA,,,,,,,,1,043,043,04,1,2.8,6,1,6,0.0,1,China,CH,CH,,35.0,105.0,CH,2,"Ohio, United States",US,USOH,,40.3736,-82.7755,OH,2,"Ohio, United States",US,USOH,,40.3736,-82.7755,OH,20170620174500,Consult,Verbal cooperation
666569834,20170620,201706,CHN,CANTON,CHN,,,,,,,,USA,AMERICAN,USA,,,,,,,,1,046,046,04,1,7.0,10,1,10,0.0,1,China,CH,CH,,35.0,105.0,CH,2,"Ohio, United States",US,USOH,,40.3736,-82.7755,OH,2,"Ohio, United States",US,USOH,,40.3736,-82.7755,OH,20170620174500,Consult,Verbal cooperation
666571656,20170620,201706,USA,AMERICAN,USA,,,,,,,,CHN,CANTON,CHN,,,,,,,,1,040,040,04,1,1.0,10,1,10,0.0,2,"Ohio, United States",US,USOH,,40.3736,-82.7755,OH,1,China,CH,CH,,35.0,105.0,CH,2,"Ohio, United States",US,USOH,,40.3736,-82.7755,OH,20170620174500,Consult,Verbal cooperation
666571658,20170620,201706,USA,AMERICAN,USA,,,,,,,,CHN,CANTON,CHN,,,,,,,,1,042,042,04,1,1.9,6,1,6,0.0,2,"Ohio, United States",US,USOH,,40.3736,-82.7755,OH,1,China,CH,CH,,35.0,105.0,CH,2,"Ohio, United States",US,USOH,,40.3736,-82.7755,OH,20170620174500,Consult,Verbal cooperation
666571659,20170620,201706,USA,UNITED STATES,USA,,,,,,,,CHN,CHINA,CHN,,,,,,,,1,061,061,06,2,6.4,10,1,10,-1.84049079754601,2,"Florida, United States",US,USFL,,27.8333,-81.717,FL,4,"Beijing, Beijing, China",CH,CH22,13001,39.9289,116.388,-1898541,2,"Florida, United States",US,USFL,,27.8333,-81.717,FL,20170620174500,Engage in material cooperation,Material cooperation
666571660,20170620,201706,USA,UNITED STATES,USA,,,,,,,,CHN,CHINA,CHN,,,,,,,,1,061,061,06,2,6.4,10,1,10,-1.36239782016349,2,"Florida, United States",US,USFL,,27.8333,-81.717,FL,4,"Chengdu, Sichuan, China",CH,CH32,13270,30.6667,104.067,-1900349,2,"Florida, United States",US,USFL,,27.8333,-81.717,FL,20170620174500,Engage in material cooperation,Material cooperation
666578552,20170620,201706,CHN,CHINA,CHN,,,,,,,,USA,DETROIT,USA,,,,,,,,1,040,040,04,1,1.0,10,1,10,1.08254397834912,4,"Shenzhen, Guangdong, China",CH,CH30,13036,22.2,111.117,-1925267,4,"Shenzhen, Guangdong, China",CH,CH30,13036,22.2,111.117,-1925267,4,"Shenzhen, Guangdong, China",CH,CH30,13036,22.2,111.117,-1925267,20170620181500,Consult,Verbal cooperation
666580178,20170620,201706,USA,DETROIT,USA,,,,,,,,CHN,CHINA,CHN,,,,,,,,1,040,040,04,1,1.0,10,1,10,1.08254397834912,4,"Peking, Beijing, China",CH,CH22,13001,39.9289,116.388,-1898541,4,"Peking, Beijing, China",CH,CH22,13001,39.9289,116.388,-1898541,4,"Peking, Beijing, China",CH,CH22,13001,39.9289,116.388,-1898541,20170620181500,Consult,Verbal cooperation
666580180,20170620,201706,USA,NEW YORK CITY,USA,,,,,,,,CHN,CHINA,CHN,,,,,,,,1,042,042,04,1,1.9,6,1,6,0.38461538461538,2,"New York, United States",US,USNY,,42.1497,-74.9384,NY,4,"Yin Miao, Anhui, China",CH,CH01,12994,33.5667,116.45,-3789087,2,"New York, United States",US,USNY,,42.1497,-74.9384,NY,20170620181500,Consult,Verbal cooperation
666582775,20170620,201706,CHN,CHINA,CHN,,,,,,,,USA,UNITED STATES,USA,,,,,,,,1,141,141,14,3,-6.5,6,1,6,-4.04823428079242,1,China,CH,CH,,35.0,105.0,CH,3,"Washington, District of Columbia, United States",US,USDC,DC001,38.8951,-77.0364,531871,4,"Quebec, Quebec, Canada",CA,CA10,12750,47.5,-72.0,-571850,20170620183000,Protest,Verbal conflict
666594383,20170620,201706,CHN,CHINA,CHN,,,,,,,,USA,WASHINGTON,USA,,,,,,,,1,042,042,04,1,1.9,10,1,10,-0.34904013961606,4,"Lu Kang, Anhui, China",CH,CH01,13144,31.2728,118.337,-1916844,4,"Lu Kang, Anhui, China",CH,CH01,13144,31.2728,118.337,-1916844,4,"Lu Kang, Anhui, China",CH,CH01,13144,31.2728,118.337,-1916844,20170620191500,Consult,Verbal cooperation
666595936,20170620,201706,USA,WASHINGTON,USA,,,,,,,,CHN,CHINA,CHN,,,,,,,,1,043,043,04,1,2.8,10,1,10,-0.34904013961606,4,"Lu Kang, Anhui, China",CH,CH01,13144,31.2728,118.337,-1916844,4,"Lu Kang, Anhui, China",CH,CH01,13144,31.2728,118.337,-1916844,4,"Lu Kang, Anhui, China",CH,CH01,13144,31.2728,118.337,-1916844,20170620191500,Consult,Verbal cooperation
666600111,20170620,201706,CHN,CHINA,CHN,,,,,,,,USA,WASHINGTON,USA,,,,,,,,1,045,045,04,1,5.0,10,1,10,0.35335689045937,4,"Anbang, Zhejiang, China",CH,CH02,13323,30.5336,120.374,11006456,4,"Anbang, Zhejiang, China",CH,CH02,13323,30.5336,120.374,11006456,4,"Anbang, Zhejiang, China",CH,CH02,13323,30.5336,120.374,11006456,20170620193000,Consult,Verbal cooperation
666600112,20170620,201706,CHN,CHINA,CHN,,,,,,,,USA,UNITED STATES,USA,,,,,,,,1,110,110,11,3,-2.0,24,6,24,-4.72508151484589,1,China,CH,CH,,35.0,105.0,CH,2,"Tennessee, United States",US,USTN,,35.7449,-86.7489,TN,2,"Tennessee, United States",US,USTN,,35.7449,-86.7489,TN,20170620193000,Disapprove,Verbal conflict
666608100,20170620,201706,CHN,CHINA,CHN,,,,,,,,USA,UNITED STATES,USA,,,,,,,,1,110,110,11,3,-2.0,8,3,8,-4.35675638358951,1,China,CH,CH,,35.0,105.0,CH,3,"Washington, District of Columbia, United States",US,USDC,DC001,38.8951,-77.0364,531871,4,"Pyongyang, P'yongyang-si, North Korea",KN,KN12,39681,39.0194,125.755,-183459,20170620200000,Disapprove,Verbal conflict
666611879,20170620,201706,CHN,CHINA,CHN,,,,,,,,USAMED,REUTERS,USA,,,,,MED,,,1,013,013,01,1,0.4,8,1,8,-1.26382306477093,4,"Sao Paulo, SãPaulo, Brazil",BR,BR27,11543,-23.5333,-46.6167,-671824,4,"Sao Paulo, SãPaulo, Brazil",BR,BR27,11543,-23.5333,-46.6167,-671824,4,"Sao Paulo, SãPaulo, Brazil",BR,BR27,11543,-23.5333,-46.6167,-671824,20170620201500,Make public statement,Verbal cooperation
666616960,20170620,201706,USA,DETROIT,USA,,,,,,,,CHN,CHINA,CHN,,,,,,,,1,0311,031,03,1,5.2,8,1,8,-0.41841004184101,1,Netherlands,NL,NL,,52.5,5.75,NL,1,China,CH,CH,,35.0,105.0,CH,1,China,CH,CH,,35.0,105.0,CH,20170620203000,Express intent to cooperate,Verbal cooperation
666621538,20170620,201706,USA,UNITED STATES,USA,,,,,,,,CHN,CHINA,CHN,,,,,,,,1,129,129,12,3,-5.0,10,2,10,0.232600732600728,3,"Washington, District of Columbia, United States",US,USDC,DC001,38.8951,-77.0364,531871,1,China,CH,CH,,35.0,105.0,CH,1,France,FR,FR,,46.0,2.0,FR,20170620211500,Reject,Verbal conflict
666622789,20170620,201706,CHN,SHANGHAI,CHN,,,,,,,,USA,AMERICAN,USA,,,,,,,,1,036,036,03,1,4.0,10,1,10,-0.53835800807537,2,"Georgia, United States",US,USGA,,32.9866,-83.6487,GA,2,"Georgia, United States",US,USGA,,32.9866,-83.6487,GA,2,"Georgia, United States",US,USGA,,32.9866,-83.6487,GA,20170620214500,Express intent to cooperate,Verbal cooperation
666622791,20170620,201706,CHN,BEIJING,CHN,,,,,,,,USA,WASHINGTON,USA,,,,,,,,1,042,042,04,1,1.9,8,1,8,-3.7542662116041,1,France,FR,FR,,46.0,2.0,FR,1,France,FR,FR,,46.0,2.0,FR,1,France,FR,FR,,46.0,2.0,FR,20170620214500,Consult,Verbal cooperation
666622792,20170620,201706,CHN,SHANGHAI,CHN,,,,,,,,USA,AMERICAN,USA,,,,,,,,1,043,043,04,1,2.8,10,1,10,-0.53835800807537,2,"Georgia, United States",US,USGA,,32.9866,-83.6487,GA,2,"Georgia, United States",US,USGA,,32.9866,-83.6487,GA,2,"Georgia, United States",US,USGA,,32.9866,-83.6487,GA,20170620214500,Consult,Verbal cooperation
666624723,20170620,201706,USA,AMERICAN,USA,,,,,,,,CHN,SHANGHAI,CHN,,,,,,,,1,036,036,03,1,4.0,10,1,10,-0.53835800807537,3,"Chicago, Illinois, United States",US,USIL,IL031,41.85,-87.6501,423587,3,"Chicago, Illinois, United States",US,USIL,IL031,41.85,-87.6501,423587,3,"Chicago, Illinois, United States",US,USIL,IL031,41.85,-87.6501,423587,20170620214500,Express intent to cooperate,Verbal cooperation
666624725,20170620,201706,USA,AMERICAN,USA,,,,,,,,CHN,SHANGHAI,CHN,,,,,,,,1,042,042,04,1,1.9,10,1,10,-0.53835800807537,2,"Georgia, United States",US,USGA,,32.9866,-83.6487,GA,2,"Georgia, United States",US,USGA,,32.9866,-83.6487,GA,2,"Georgia, United States",US,USGA,,32.9866,-83.6487,GA,20170620214500,Consult,Verbal cooperation
666627225,20170620,201706,CHN,CHINA,CHN,,,,,,,,USA,MONTANA,USA,,,,,,,,1,061,061,06,2,6.4,8,1,8,-1.43678160919541,1,China,CH,CH,,35.0,105.0,CH,2,"Montana, United States",US,USMT,,46.9048,-110.326,MT,1,China,CH,CH,,35.0,105.0,CH,20170620221500,Engage in material cooperation,Material cooperation
666631709,20170620,201706,CHN,CHINA,CHN,,,,,,,,USAMED,REUTERS,USA,,,,,MED,,,1,013,013,01,1,0.4,10,1,10,-1.12359550561798,3,"Chicago, Illinois, United States",US,USIL,IL031,41.85,-87.6501,423587,3,"Chicago, Illinois, United States",US,USIL,IL031,41.85,-87.6501,423587,3,"Chicago, Illinois, United States",US,USIL,IL031,41.85,-87.6501,423587,20170620223000,Make public statement,Verbal cooperation
666633403,20170620,201706,USA,UNITED STATES,USA,,,,,,,,CHN,CHINA,CHN,,,,,,,,1,042,042,04,1,1.9,8,1,8,-5.69620253164557,3,"Morton County, North Dakota, United States",US,USND,ND059,46.7722,-101.262,1034207,3,"Morton County, North Dakota, United States",US,USND,,46.7722,-101.262,1034207,3,"Morton County, North Dakota, United States",US,USND,,46.7722,-101.262,1034207,20170620223000,Consult,Verbal cooperation
666636588,20170620,201706,USA,UNITED STATES,USA,,,,,,,,CHN,CHINA,CHN,,,,,,,,1,061,061,06,2,6.4,10,1,10,-2.14822771213749,1,United States,US,US,,38.0,-97.0,US,1,United States,US,US,,38.0,-97.0,US,1,United States,US,US,,38.0,-97.0,US,20170620230000,Engage in material cooperation,Material cooperation
666636589,20170620,201706,USA,UNITED STATES,USA,,,,,,,,CHN,CHINA,CHN,,,,,,,,1,172,172,17,4,-5.0,6,1,6,-0.847457627118646,1,China,CH,CH,,35.0,105.0,CH,1,China,CH,CH,,35.0,105.0,CH,1,China,CH,CH,,35.0,105.0,CH,20170620230000,Coerce,Material conflict
666640527,20170620,201706,USA,UNITED STATES,USA,,,,,,,,CHN,CHINA,CHN,,,,,,,,1,129,129,12,3,-5.0,6,1,6,0.57306590257879,1,United States,US,US,,38.0,-97.0,US,1,China,CH,CH,,35.0,105.0,CH,1,France,FR,FR,,46.0,2.0,FR,20170620231500,Reject,Verbal conflict
666641979,20160620,201606,USA,AMERICAN,USA,,,,,,,,CHN,CHINESE,CHN,,,,,,,,1,110,110,11,3,-2.0,10,1,10,-1.05124835742444,3,"Columbia University, New York, United States",US,USNY,NY061,40.809,-73.9613,947193,3,"Columbia University, New York, United States",US,USNY,,40.809,-73.9613,947193,3,"Columbia University, New York, United States",US,USNY,,40.809,-73.9613,947193,20170620234500,Disapprove,Verbal conflict
666650814,20170621,201706,USA,DETROIT,USA,,,,,,,,CHN,CHINA,CHN,,,,,,,,1,0311,031,03,1,5.2,10,1,10,-1.12179487179487,1,China,CH,CH,,35.0,105.0,CH,1,China,CH,CH,,35.0,105.0,CH,1,China,CH,CH,,35.0,105.0,CH,20170621000000,Express intent to cooperate,Verbal cooperation
666650820,20170621,201706,USA,THE US,USA,,,,,,,,CHN,CHINESE,CHN,,,,,,,,1,060,060,06,2,6.0,10,1,10,-2.12264150943397,3,"White House, District of Columbia, United States",US,USDC,,38.8951,-77.0364,531871,3,"White House, District of Columbia, United States",US,USDC,,38.8951,-77.0364,531871,3,"White House, District of Columbia, United States",US,USDC,,38.8951,-77.0364,531871,20170621000000,Engage in material cooperation,Material cooperation
666650824,20170621,201706,USA,THE US,USA,,,,,,,,CHNBUS,CHINESE,CHN,,,,,BUS,,,1,112,112,11,3,-2.0,6,1,6,-3.14606741573034,4,"Beijing, Beijing, China",CH,CH22,13001,39.9289,116.388,-1898541,4,"Beijing, Beijing, China",CH,CH22,13001,39.9289,116.388,-1898541,4,"Beijing, Beijing, China",CH,CH22,13001,39.9289,116.388,-1898541,20170621000000,Disapprove,Verbal conflict
666654978,20170621,201706,CHN,CHINA,CHN,,,,,,,,MNCUSA,STARBUCKS,USA,,,,,MNC,,,1,042,042,04,1,1.9,10,1,10,0.411522633744858,1,China,CH,CH,,35.0,105.0,CH,1,China,CH,CH,,35.0,105.0,CH,1,China,CH,CH,,35.0,105.0,CH,20170621001500,Consult,Verbal cooperation
666654979,20170621,201706,CHN,CHINA,CHN,,,,,,,,MNCUSABUS,FORD MOTOR,USA,,,,,MNC,BUS,,1,0311,031,03,1,5.2,10,1,10,-1.93548387096774,1,United States,US,US,,38.0,-97.0,US,1,United States,US,US,,38.0,-97.0,US,1,United States,US,US,,38.0,-97.0,US,20170621001500,Express intent to cooperate,Verbal cooperation
666656891,20170621,201706,MNCUSA,STARBUCKS,USA,,,,,MNC,,,CHN,CHINA,CHN,,,,,,,,1,043,043,04,1,2.8,8,1,8,0.411522633744858,1,China,CH,CH,,35.0,105.0,CH,1,China,CH,CH,,35.0,105.0,CH,1,China,CH,CH,,35.0,105.0,CH,20170621001500,Consult,Verbal cooperation
666657966,20170621,201706,USA,AMERICAN,USA,,,,,,,,CHN,CHINA,CHN,,,,,,,,1,061,061,06,2,6.4,7,1,7,2.24719101123595,2,"Michigan, United States",US,USMI,,43.3504,-84.5603,MI,1,China,CH,CH,,35.0,105.0,CH,1,China,CH,CH,,35.0,105.0,CH,20170621001500,Engage in material cooperation,Material cooperation
666661218,20170621,201706,CHN,TIANJIN,CHN,,,,,,,,USA,SAN FRANCISCO,USA,,,,,,,,1,043,043,04,1,2.8,8,1,8,5.34351145038168,4,"Tianjin, Tianjin, China",CH,CH28,13279,39.1422,117.177,-1928564,3,"San Francisco, California, United States",US,USCA,,37.7749,-122.419,277593,4,"Hamburg, Hamburg, Germany",GM,GM04,40698,53.55,10.0,-1785434,20170621003000,Consult,Verbal cooperation
666661221,20170621,201706,CHN,CHINA,CHN,,,,,,,,USA,UNITED STATES,USA,,,,,,,,1,110,110,11,3,-2.0,6,2,6,-4.26119991924679,1,China,CH,CH,,35.0,105.0,CH,3,"Washington, District of Columbia, United States",US,USDC,DC001,38.8951,-77.0364,531871,3,"Washington, District of Columbia, United States",US,USDC,DC001,38.8951,-77.0364,531871,20170621003000,Disapprove,Verbal conflict
666661224,20170621,201706,CHN,CHINA,CHN,,,,,,,,USAGOV,US OFFICIAL,USA,,,,,GOV,,,1,036,036,03,1,4.0,8,1,8,0.69444444444445,4,"Beijing, Beijing, China",CH,CH22,13001,39.9289,116.388,-1898541,4,"Beijing, Beijing, China",CH,CH22,13001,39.9289,116.388,-1898541,4,"Beijing, Beijing, China",CH,CH22,13001,39.9289,116.388,-1898541,20170621003000,Express intent to cooperate,Verbal cooperation
666663929,20170621,201706,USA,SAN FRANCISCO,USA,,,,,,,,CHN,TIANJIN,CHN,,,,,,,,1,042,042,04,1,1.9,8,1,8,5.34351145038168,3,"San Francisco, California, United States",US,USCA,CA075,37.7749,-122.419,277593,4,"Tianjin, Tianjin, China",CH,CH28,13279,39.1422,117.177,-1928564,4,"Hamburg, Hamburg, Germany",GM,GM04,40698,53.55,10.0,-1785434,20170621003000,Consult,Verbal cooperation
666667467,20170621,201706,CHN,CHINA,CHN,,,,,,,,USA,THE US,USA,,,,,,,,1,013,013,01,1,0.4,8,1,8,-1.03626943005181,4,"Liuzhou, Guangxi, China",CH,CH16,13059,24.3126,109.389,-1915506,4,"Liuzhou, Guangxi, China",CH,CH16,13059,24.3126,109.389,-1915506,4,"Liuzhou, Guangxi, China",CH,CH16,13059,24.3126,109.389,-1915506,20170621004500,Make public statement,Verbal cooperation
666667471,20170621,201706,CHN,CHANGSHA,CHN,,,,,,,,USAMED,THE ASSOCIATED PRESS,USA,,,,,MED,,,1,013,013,01,1,0.4,7,1,7,-9.82800982800986,4,"Xie Yang, Zhejiang, China",CH,CH02,13319,30.2227,119.833,11019049,4,"Xie Yang, Zhejiang, China",CH,CH02,13319,30.2227,119.833,11019049,4,"Xie Yang, Zhejiang, China",CH,CH02,13319,30.2227,119.833,11019049,20170621004500,Make public statement,Verbal cooperation
666677242,20170621,201706,USABUS,DETROIT,USA,,,,,BUS,,,CHN,CHINA,CHN,,,,,,,,1,061,061,06,2,6.4,10,1,10,-0.43290043290043,1,China,CH,CH,,35.0,105.0,CH,1,China,CH,CH,,35.0,105.0,CH,1,China,CH,CH,,35.0,105.0,CH,20170621013000,Engage in material cooperation,Material cooperation
666681007,20170621,201706,CHN,BEIJING,CHN,,,,,,,,USA,AMERICAN,USA,,,,,,,,1,023,023,02,1,3.4,10,1,10,0.0,4,"Chengdu, Sichuan, China",CH,CH32,13270,30.6667,104.067,-1900349,4,"Chengdu, Sichuan, China",CH,CH32,13270,30.6667,104.067,-1900349,4,"Chengdu, Sichuan, China",CH,CH32,13270,30.6667,104.067,-1900349,20170621014500,Appeal,Verbal cooperation
666683058,20170621,201706,USA,THE US,USA,,,,,,,,CHN,CHINESE,CHN,,,,,,,,1,120,120,12,3,-4.0,10,1,10,-0.3690036900369,4,"Shenzhen, Guangdong, China",CH,CH30,13036,22.2,111.117,-1925267,4,"Shenzhen, Guangdong, China",CH,CH30,13036,22.2,111.117,-1925267,4,"Shenzhen, Guangdong, China",CH,CH30,13036,22.2,111.117,-1925267,20170621014500,Reject,Verbal conflict
666685395,20170621,201706,CHN,CHINA,CHN,,,,,,,,USA,AMERICAN,USA,,,,,,,,1,012,012,01,1,-0.4,10,1,10,-3.52020860495437,1,China,CH,CH,,35.0,105.0,CH,2,"California, United States",US,USCA,,36.17,-119.746,CA,2,"California, United States",US,USCA,,36.17,-119.746,CA,20170621020000,Make public statement,Verbal cooperation
666685400,20170621,201706,CHN,CHINA,CHN,,,,,,,,USA,AMERICAN,USA,,,,,,,,1,020,020,02,1,3.0,10,1,10,-3.52020860495437,1,North Korea,KN,KN,,40.0,127.0,KN,1,North Korea,KN,KN,,40.0,127.0,KN,1,North Korea,KN,KN,,40.0,127.0,KN,20170621020000,Appeal,Verbal cooperation
666687115,20170621,201706,USA,UNITED STATES,USA,,,,,,,,CHN,CHINA,CHN,,,,,,,,1,061,061,06,2,6.4,10,1,10,-0.82644628099174,2,"Florida, United States",US,USFL,,27.8333,-81.717,FL,4,"Beijing, Beijing, China",CH,CH22,13001,39.9289,116.388,-1898541,2,"Florida, United States",US,USFL,,27.8333,-81.717,FL,20170621020000,Engage in material cooperation,Material cooperation
666687359,20170621,201706,USAAGR,MISSOURI,USA,,,,,AGR,,,CHN,CHINA,CHN,,,,,,,,1,061,061,06,2,6.4,6,1,6,4.06504065040651,1,China,CH,CH,,35.0,105.0,CH,1,China,CH,CH,,35.0,105.0,CH,1,China,CH,CH,,35.0,105.0,CH,20170621020000,Engage in material cooperation,Material cooperation
666690365,20170621,201706,USA,UNITED STATES,USA,,,,,,,,CHN,CHINA,CHN,,,,,,,,1,129,129,12,3,-5.0,12,2,12,0.893989791535565,3,"Washington, District of Columbia, United States",US,USDC,DC001,38.8951,-77.0364,531871,1,China,CH,CH,,35.0,105.0,CH,1,France,FR,FR,,46.0,2.0,FR,20170621023000,Reject,Verbal conflict
666690367,20170621,201706,USA,UNITED STATES,USA,,,,,,,,CHN,CHINA,CHN,,,,,,,,1,129,129,12,3,-5.0,6,1,6,0.57306590257879,1,United States,US,US,,38.0,-97.0,US,1,China,CH,CH,,35.0,105.0,CH,1,France,FR,FR,,46.0,2.0,FR,20170621023000,Reject,Verbal conflict
666694208,20170621,201706,USA,AMERICAN,USA,,,,,,,,CHN,CHINA,CHN,,,,,,,,1,0311,031,03,1,5.2,6,1,6,-0.86767895878525,1,United States,US,US,,38.0,-97.0,US,4,"Chongqing, Chongqing, China",CH,CH33,13004,29.5628,106.553,-1900774,4,"Chongqing, Chongqing, China",CH,CH33,13004,29.5628,106.553,-1900774,20170621024500,Express intent to cooperate,Verbal cooperation
666696365,20170621,201706,CHNGOV,CHINESE,CHN,,,,,GOV,,,USA,WASHINGTON,USA,,,,,,,,1,042,042,04,1,1.9,8,1,8,0.0,1,North Korea,KN,KN,,40.0,127.0,KN,1,North Korea,KN,KN,,40.0,127.0,KN,1,North Korea,KN,KN,,40.0,127.0,KN,20170621030000,Consult,Verbal cooperation
666697943,20170621,201706,USA,UNITED STATES,USA,,,,,,,,CHN,CHINA,CHN,,,,,,,,1,090,090,09,2,-2.0,20,1,20,1.92902938898362,3,"Dallas, Texas, United States",US,USTX,TX113,32.7831,-96.8067,1380944,3,"Dallas, Texas, United States",US,USTX,TX113,32.7831,-96.8067,1380944,3,"Dallas, Texas, United States",US,USTX,TX113,32.7831,-96.8067,1380944,20170621030000,Investigate,Material cooperation
666697944,20170621,201706,USA,WASHINGTON,USA,,,,,,,,CHNGOV,CHINESE,CHN,,,,,GOV,,,1,043,043,04,1,2.8,8,1,8,0.0,1,China,CH,CH,,35.0,105.0,CH,1,China,CH,CH,,35.0,105.0,CH,1,China,CH,CH,,35.0,105.0,CH,20170621030000,Consult,Verbal cooperation
666703235,20170621,201706,CHN,BEIJING,CHN,,,,,,,,USA,UNITED STATES,USA,,,,,,,,1,013,013,01,1,0.4,10,1,10,0.7125890736342,4,"Beijing, Beijing, China",CH,CH22,13001,39.9289,116.388,-1898541,4,"Beijing, Beijing, China",CH,CH22,13001,39.9289,116.388,-1898541,4,"Beijing, Beijing, China",CH,CH22,13001,39.9289,116.388,-1898541,20170621034500,Make public statement,Verbal cooperation
666704803,20170621,201706,USA,UNITED STATES,USA,,,,,,,,CHN,CHINA,CHN,,,,,,,,1,061,061,06,2,6.4,8,1,8,-1.15606936416185,2,"Florida, United States",US,USFL,,27.8333,-81.717,FL,1,China,CH,CH,,35.0,105.0,CH,2,"Florida, United States",US,USFL,,27.8333,-81.717,FL,20170621034500,Engage in material cooperation,Material cooperation
666712375,20170621,201706,MNCCHN,BANK OF CHINA,CHN,,,,,MNC,,,USA,NEW YORK,USA,,,,,,,,1,013,013,01,1,0.4,8,1,8,-4.82315112540193,1,China,CH,CH,,35.0,105.0,CH,2,"New York, United States",US,USNY,,42.1497,-74.9384,NY,1,Hong Kong,HK,HK,,22.25,114.167,HK,20170621043000,Make public statement,Verbal cooperation
666712818,20170621,201706,USA,THE US,USA,,,,,,,,CHN,CHINA,CHN,,,,,,,,1,013,013,01,1,0.4,10,1,10,0.66445182724252,4,"Peking, Beijing, China",CH,CH22,13001,39.9289,116.388,-1898541,4,"Peking, Beijing, China",CH,CH22,13001,39.9289,116.388,-1898541,4,"Peking, Beijing, China",CH,CH22,13001,39.9289,116.388,-1898541,20170621043000,Make public statement,Verbal cooperation
666712820,20170621,201706,USA,WASHINGTON,USA,,,,,,,,CHN,CHINA,CHN,,,,,,,,1,036,036,03,1,4.0,8,1,8,-3.6697247706422,4,"Adelaide, South Australia, Australia",AS,AS05,5256,-34.9333,138.6,-1555188,4,"Adelaide, South Australia, Australia",AS,AS05,5256,-34.9333,138.6,-1555188,4,"Adelaide, South Australia, Australia",AS,AS05,5256,-34.9333,138.6,-1555188,20170621043000,Express intent to cooperate,Verbal cooperation
666712824,20170621,201706,USA,THE US,USA,,,,,,,,CHN,CHINA,CHN,,,,,,,,1,071,071,07,2,7.4,10,1,10,0.66445182724252,4,"Peking, Beijing, China",CH,CH22,13001,39.9289,116.388,-1898541,4,"Peking, Beijing, China",CH,CH22,13001,39.9289,116.388,-1898541,4,"Peking, Beijing, China",CH,CH22,13001,39.9289,116.388,-1898541,20170621043000,Provide aid,Material cooperation
666712825,20170621,201706,USA,UNITED STATES,USA,,,,,,,,CHN,CHINESE,CHN,,,,,,,,1,080,080,08,2,5.0,12,2,12,-1.92684665419228,2,"Florida, United States",US,USFL,,27.8333,-81.717,FL,1,China,CH,CH,,35.0,105.0,CH,1,China,CH,CH,,35.0,105.0,CH,20170621043000,Yield,Material cooperation
666717770,20170621,201706,CHN,CHINA,CHN,,,,,,,,USA,UNITED STATES,USA,,,,,,,,1,051,051,05,1,3.4,8,1,8,0.0,1,North Korea,KN,KN,,40.0,127.0,KN,1,North Korea,KN,KN,,40.0,127.0,KN,1,North Korea,KN,KN,,40.0,127.0,KN,20170621050000,Engage in diplomatic cooperation,Verbal cooperation
666717771,20170621,201706,CHN,CHINA,CHN,,,,,,,,USAMED,REUTERS,USA,,,,,MED,,,1,0831,083,08,2,5.0,8,2,8,-1.35122838944495,4,"Shenzhen, Guangdong, China",CH,CH30,13036,22.2,111.117,-1925267,4,"Wang Shi, Liaoning, China",CH,CH19,13184,40.8599,122.816,-1929987,4,"Wang Shi, Liaoning, China",CH,CH19,13184,40.8599,122.816,-1929987,20170621050000,Yield,Material cooperation
666717772,20170621,201706,CHN,CHINA,CHN,,,,,,,,USAMED,REUTERS,USA,,,,,MED,,,1,0831,083,08,2,5.0,8,2,8,-1.52155137338452,4,"Wang Shi, Liaoning, China",CH,CH19,13184,40.8599,122.816,-1929987,4,"Wang Shi, Liaoning, China",CH,CH19,13184,40.8599,122.816,-1929987,4,"Wang Shi, Liaoning, China",CH,CH19,13184,40.8599,122.816,-1929987,20170621050000,Yield,Material cooperation
666717773,20170621,201706,CHN,CHINA,CHN,,,,,,,,USAMED,REUTERS,USA,,,,,MED,,,1,0831,083,08,2,5.0,6,1,6,-2.03252032520325,4,"Wang Shi, Liaoning, China",CH,CH19,13184,40.8599,122.816,-1929987,1,Hong Kong,HK,HK,,22.25,114.167,HK,4,"Wang Shi, Liaoning, China",CH,CH19,13184,40.8599,122.816,-1929987,20170621050000,Yield,Material cooperation
666718851,20170621,201706,USA,UNITED STATES,USA,,,,,,,,CHN,CHINA,CHN,,,,,,,,1,061,061,06,2,6.4,10,1,10,-1.21580547112463,2,"Florida, United States",US,USFL,,27.8333,-81.717,FL,4,"Ximeng, Yunnan, China",CH,CH29,41829,22.75,99.4833,-1933177,2,"Florida, United States",US,USFL,,27.8333,-81.717,FL,20170621050000,Engage in material cooperation,Material cooperation
666718852,20170621,201706,USA,UNITED STATES,USA,,,,,,,,CHN,CHINESE,CHN,,,,,,,,1,080,080,08,2,5.0,6,1,6,-1.81818181818182,2,"Florida, United States",US,USFL,,27.8333,-81.717,FL,4,"Beijing, Beijing, China",CH,CH22,13001,39.9289,116.388,-1898541,4,"Beijing, Beijing, China",CH,CH22,13001,39.9289,116.388,-1898541,20170621050000,Yield,Material cooperation
666719050,20170621,201706,USAMED,REUTERS,USA,,,,,MED,,,CHN,CHINESE,CHN,,,,,,,,1,043,043,04,1,2.8,6,1,6,-1.38613861386138,4,"Shanghai, Shanghai, China",CH,CH23,13243,31.2222,121.458,-1924465,1,Hong Kong,HK,HK,,22.25,114.167,HK,4,"Shanghai, Shanghai, China",CH,CH23,13243,31.2222,121.458,-1924465,20170621050000,Consult,Verbal cooperation
666729337,20170621,201706,USAMED,REUTERS,USA,,,,,MED,,,CHN,CHINA,CHN,,,,,,,,1,020,020,02,1,3.0,10,1,10,1.19760479041916,1,China,CH,CH,,35.0,105.0,CH,1,China,CH,CH,,35.0,105.0,CH,1,China,CH,CH,,35.0,105.0,CH,20170621054500,Appeal,Verbal cooperation
666729869,20170621,201706,CHN,BEIJING,CHN,,,,,,,,USAGOV,US AMBASSADOR,USA,,,,,GOV,,,1,043,043,04,1,2.8,8,1,8,-1.33928571428571,4,"Beijing, Beijing, China",CH,CH22,13001,39.9289,116.388,-1898541,4,"Beijing, Beijing, China",CH,CH22,13001,39.9289,116.388,-1898541,4,"Beijing, Beijing, China",CH,CH22,13001,39.9289,116.388,-1898541,20170621060000,Consult,Verbal cooperation
666731323,20170621,201706,USA,NEBRASKA,USA,,,,,,,,CHN,CHINA,CHN,,,,,,,,1,042,042,04,1,1.9,8,1,8,2.36111111111111,2,"Nebraska, United States",US,USNE,,41.1289,-98.2883,NE,2,"Nebraska, United States",US,USNE,,41.1289,-98.2883,NE,2,"Nebraska, United States",US,USNE,,41.1289,-98.2883,NE,20170621060000,Consult,Verbal cooperation
666731467,20170621,201706,USAGOV,US AMBASSADOR,USA,,,,,GOV,,,CHN,BEIJING,CHN,,,,,,,,1,042,042,04,1,1.9,6,1,6,-1.33928571428571,4,"Anbang, Zhejiang, China",CH,CH02,13323,30.5336,120.374,11006456,4,"Anbang, Zhejiang, China",CH,CH02,13323,30.5336,120.374,11006456,4,"Anbang, Zhejiang, China",CH,CH02,13323,30.5336,120.374,11006456,20170621060000,Consult,Verbal cooperation
666738664,20170621,201706,CHN,CHINA,CHN,,,,,,,,USA,UNITED STATES,USA,,,,,,,,1,057,057,05,1,8.0,6,1,6,0.813008130081299,4,"Hengshi, Guangdong, China",CH,CH30,13057,21.8981,110.293,10302642,4,"Hengshi, Guangdong, China",CH,CH30,13057,21.8981,110.293,10302642,4,"Hengshi, Guangdong, China",CH,CH30,13057,21.8981,110.293,10302642,20170621064500,Engage in diplomatic cooperation,Verbal cooperation
666740257,20170621,201706,USA,THE US,USA,,,,,,,,CHN,BEIJING,CHN,,,,,,,,1,023,023,02,1,3.4,10,1,10,-4.55486542443064,4,"Beijing, Beijing, China",CH,CH22,13001,39.9289,116.388,-1898541,4,"Beijing, Beijing, China",CH,CH22,13001,39.9289,116.388,-1898541,4,"Beijing, Beijing, China",CH,CH22,13001,39.9289,116.388,-1898541,20170621064500,Appeal,Verbal cooperation
666740259,20170621,201706,USA,WASHINGTON,USA,,,,,,,,CHN,CHINESE,CHN,,,,,,,,1,036,036,03,1,4.0,8,1,8,-2.8657616892911,4,"Beijing, Beijing, China",CH,CH22,13001,39.9289,116.388,-1898541,4,"Beijing, Beijing, China",CH,CH22,13001,39.9289,116.388,-1898541,4,"Beijing, Beijing, China",CH,CH22,13001,39.9289,116.388,-1898541,20170621064500,Express intent to cooperate,Verbal cooperation
666740261,20170621,201706,USA,UNITED STATES,USA,,,,,,,,CHN,CHINA,CHN,,,,,,,,1,057,057,05,1,8.0,6,1,6,0.813008130081299,4,"Hengshi, Guangdong, China",CH,CH30,13057,21.8981,110.293,10302642,4,"Hengshi, Guangdong, China",CH,CH30,13057,21.8981,110.293,10302642,4,"Hengshi, Guangdong, China",CH,CH30,13057,21.8981,110.293,10302642,20170621064500,Engage in diplomatic cooperation,Verbal cooperation
666740262,20170621,201706,USA,THE US,USA,,,,,,,,CHN,BEIJING,CHN,,,,,,,,1,101,101,10,3,-5.0,10,1,10,-4.55486542443064,4,"Beijing, Beijing, China",CH,CH22,13001,39.9289,116.388,-1898541,4,"Beijing, Beijing, China",CH,CH22,13001,39.9289,116.388,-1898541,4,"Beijing, Beijing, China",CH,CH22,13001,39.9289,116.388,-1898541,20170621064500,Demand,Verbal conflict
666742528,20170621,201706,USAGOV,US OFFICIAL,USA,,,,,GOV,,,CHN,CHINESE,CHN,,,,,,,,1,036,036,03,1,4.0,15,2,15,-2.63433190679981,4,"Beijing, Beijing, China",CH,CH22,13001,39.9289,116.388,-1898541,4,"Beijing, Beijing, China",CH,CH22,13001,39.9289,116.388,-1898541,4,"Beijing, Beijing, China",CH,CH22,13001,39.9289,116.388,-1898541,20170621070000,Express intent to cooperate,Verbal cooperation
666753221,20170621,201706,USAGOV,US OFFICIAL,USA,,,,,GOV,,,CHN,CHINESE,CHN,,,,,,,,1,036,036,03,1,4.0,8,1,8,-3.19148936170213,1,Spain,SP,SP,,40.0,-4.0,SP,1,Spain,SP,SP,,40.0,-4.0,SP,1,Spain,SP,SP,,40.0,-4.0,SP,20170621080000,Express intent to cooperate,Verbal cooperation
666763718,20170621,201706,USA,DETROIT,USA,,,,,,,,CHN,CHINA,CHN,,,,,,,,1,0311,031,03,1,5.2,10,1,10,-1.2396694214876,2,"Kentucky, United States",US,USKY,,37.669,-84.6514,KY,2,"Kentucky, United States",US,USKY,,37.669,-84.6514,KY,2,"Kentucky, United States",US,USKY,,37.669,-84.6514,KY,20170621084500,Express intent to cooperate,Verbal cooperation
666768433,20170621,201706,CHN,CHINA,CHN,,,,,,,,USA,UNITED STATES,USA,,,,,,,,1,042,042,04,1,1.9,9,9,9,-6.52771149045297,4,"Beijing, Beijing, China",CH,CH22,13001,39.9289,116.388,-1898541,2,"Florida, United States",US,USFL,,27.8333,-81.717,FL,4,"Beijing, Beijing, China",CH,CH22,13001,39.9289,116.388,-1898541,20170621090000,Consult,Verbal cooperation
666768434,20170621,201706,CHN,CHINESE,CHN,,,,,,,,USA,FLORIDA,USA,,,,,,,,1,042,042,04,1,1.9,18,9,18,-6.52771149045297,4,"Beijing, Beijing, China",CH,CH22,13001,39.9289,116.388,-1898541,2,"Florida, United States",US,USFL,,27.8333,-81.717,FL,2,"Florida, United States",US,USFL,,27.8333,-81.717,FL,20170621090000,Consult,Verbal cooperation
666768441,20170621,201706,CHN,BEIJING,CHN,,,,,,,,USA,ARIZONA,USA,,,,,,,,1,130,130,13,3,-4.4,10,1,10,-2.89855072463768,3,"Phoenix, Arizona, United States",US,USAZ,AZ013,33.4484,-112.074,44784,3,"Death Valley, California, United States",US,USCA,,36.4555,-116.868,252190,3,"Death Valley, California, United States",US,USCA,,36.4555,-116.868,252190,20170621090000,Threaten,Verbal conflict
666769969,20170621,201706,USA,UNITED STATES,USA,,,,,,,,CHN,CHINA,CHN,,,,,,,,1,043,043,04,1,2.8,9,9,9,-6.52771149045297,2,"Florida, United States",US,USFL,,27.8333,-81.717,FL,4,"Beijing, Beijing, China",CH,CH22,13001,39.9289,116.388,-1898541,4,"Beijing, Beijing, China",CH,CH22,13001,39.9289,116.388,-1898541,20170621090000,Consult,Verbal cooperation
666769970,20170621,201706,USA,FLORIDA,USA,,,,,,,,CHN,CHINESE,CHN,,,,,,,,1,043,043,04,1,2.8,18,9,18,-6.52771149045297,2,"Florida, United States",US,USFL,,27.8333,-81.717,FL,4,"Beijing, Beijing, China",CH,CH22,13001,39.9289,116.388,-1898541,2,"Florida, United States",US,USFL,,27.8333,-81.717,FL,20170621090000,Consult,Verbal cooperation
666772308,20170621,201706,CHN,CHINESE,CHN,,,,,,,,USA,FLORIDA,USA,,,,,,,,1,042,042,04,1,1.9,6,2,6,-6.51868365333893,4,"Beijing, Beijing, China",CH,CH22,13001,39.9289,116.388,-1898541,4,"Beijing, Beijing, China",CH,CH22,13001,39.9289,116.388,-1898541,4,"Beijing, Beijing, China",CH,CH22,13001,39.9289,116.388,-1898541,20170621091500,Consult,Verbal cooperation
666772313,20170621,201706,CHN,CHINESE,CHN,,,,,,,,USAGOV,US OFFICIAL,USA,,,,,GOV,,,1,036,036,03,1,4.0,10,1,10,-2.78551532033426,4,"Beijing, Beijing, China",CH,CH22,13001,39.9289,116.388,-1898541,4,"Pyongyang, P'yongyang-si, North Korea",KN,KN12,39681,39.0194,125.755,-183459,4,"Beijing, Beijing, China",CH,CH22,13001,39.9289,116.388,-1898541,20170621091500,Express intent to cooperate,Verbal cooperation
666774554,20170621,201706,CHN,CHINESE,CHN,,,,,,,,USA,A US,USA,,,,,,,,1,071,071,07,2,7.4,10,1,10,0.974025974025974,4,"Lianjia, Fujian, China",CH,CH07,13167,26.789,116.879,10771247,4,"Lianjia, Fujian, China",CH,CH07,13167,26.789,116.879,10771247,4,"Lianjia, Fujian, China",CH,CH07,13167,26.789,116.879,10771247,20170621093000,Provide aid,Material cooperation
666785505,20170621,201706,CHN,CHINA,CHN,,,,,,,,USA,NEW YORK,USA,,,,,,,,1,042,042,04,1,1.9,47,1,47,-3.32033143388874,4,"Sichuan, Gansu, China",CH,CH15,13024,35.1221,105.48,10650455,2,"New York, United States",US,USNY,,42.1497,-74.9384,NY,2,"New York, United States",US,USNY,,42.1497,-74.9384,NY,20170621100000,Consult,Verbal cooperation
666785507,20170621,201706,CHN,CHINA,CHN,,,,,,,,USA,NEW YORK,USA,,,,,,,,1,042,042,04,1,1.9,28,1,28,-0.846736999884704,2,"New York, United States",US,USNY,,42.1497,-74.9384,NY,4,"London, London, City of, United Kingdom",UK,UKH9,40110,51.5,-0.116667,-2601889,4,"London, London, City of, United Kingdom",UK,UKH9,40110,51.5,-0.116667,-2601889,20170621100000,Consult,Verbal cooperation
666787487,20170621,201706,USA,NEW YORK,USA,,,,,,,,CHN,CHINA,CHN,,,,,,,,1,043,043,04,1,2.8,74,1,74,-2.42924612688571,2,"New York, United States",US,USNY,,42.1497,-74.9384,NY,4,"Sichuan, Gansu, China",CH,CH15,13024,35.1221,105.48,10650455,2,"New York, United States",US,USNY,,42.1497,-74.9384,NY,20170621100000,Consult,Verbal cooperation
666787493,20170621,201706,USA,UNITED STATES,USA,,,,,,,,CHN,CHINESE,CHN,,,,,,,,1,080,080,08,2,5.0,6,1,6,-1.8796992481203,2,"Florida, United States",US,USFL,,27.8333,-81.717,FL,4,"Shanghai, Shanghai, China",CH,CH23,13243,31.2222,121.458,-1924465,4,"Shanghai, Shanghai, China",CH,CH23,13243,31.2222,121.458,-1924465,20170621100000,Yield,Material cooperation
666787497,20170621,201706,USA,UNITED STATES,USA,,,,,,,,CHN,CHINA,CHN,,,,,,,,1,130,130,13,3,-4.4,6,1,6,-3.09050772626931,2,"Washington, United States",US,USWA,,47.3917,-121.571,WA,2,"Washington, United States",US,USWA,,47.3917,-121.571,WA,4,"Athens, AttikíR, Greece",GR,GR35,16716,37.9833,23.7333,-814876,20170621100000,Threaten,Verbal conflict
666790052,20170621,201706,CHN,CHINESE,CHN,,,,,,,,USA,THE US,USA,,,,,,,,1,036,036,03,1,4.0,10,1,10,-1.13636363636363,1,China,CH,CH,,35.0,105.0,CH,4,"Pyongyang, P'yongyang-si, North Korea",KN,KN12,39681,39.0194,125.755,-183459,3,"Washington, District of Columbia, United States",US,USDC,DC001,38.8951,-77.0364,531871,20170621101500,Express intent to cooperate,Verbal cooperation
666791407,20170621,201706,USA,THE US,USA,,,,,,,,CHN,CHINESE,CHN,,,,,,,,1,036,036,03,1,4.0,10,1,10,-1.13636363636363,4,"Pyongyang, P'yongyang-si, North Korea",KN,KN12,39681,39.0194,125.755,-183459,4,"Pyongyang, P'yongyang-si, North Korea",KN,KN12,39681,39.0194,125.755,-183459,4,"Pyongyang, P'yongyang-si, North Korea",KN,KN12,39681,39.0194,125.755,-183459,20170621101500,Express intent to cooperate,Verbal cooperation
666794051,20170621,201706,CHN,QINGHAI,CHN,,,,,,,,USAGOVMEDASA,RADIO FREE ASIA,USA,,,,,GOV,MED,,1,013,013,01,1,0.4,10,1,10,-3.28767123287671,4,"Guoluo, Gansu, China",CH,CH15,13206,35.5684,105.759,10651247,4,"Guoluo, Gansu, China",CH,CH15,13206,35.5684,105.759,10651247,4,"Guoluo, Gansu, China",CH,CH15,13206,35.5684,105.759,10651247,20170621103000,Make public statement,Verbal cooperation
666798740,20170621,201706,CHN,CHINESE,CHN,,,,,,,,USA,THE US,USA,,,,,,,,1,036,036,03,1,4.0,10,2,10,-3.22916666666666,1,China,CH,CH,,35.0,105.0,CH,1,North Korea,KN,KN,,40.0,127.0,KN,1,China,CH,CH,,35.0,105.0,CH,20170621110000,Express intent to cooperate,Verbal cooperation
666800453,20170621,201706,USA,WASHINGTON,USA,,,,,,,,CHN,CHINESE,CHN,,,,,,,,1,036,036,03,1,4.0,6,1,6,-2.08333333333333,1,North Korea,KN,KN,,40.0,127.0,KN,1,China,CH,CH,,35.0,105.0,CH,1,North Korea,KN,KN,,40.0,127.0,KN,20170621110000,Express intent to cooperate,Verbal cooperation
666800456,20170621,201706,USA,NEW YORK,USA,,,,,,,,CHN,CHINA,CHN,,,,,,,,1,120,120,12,3,-4.0,10,1,10,2.50569476082004,1,South Korea,KS,KS,,37.0,127.5,KS,1,South Korea,KS,KS,,37.0,127.5,KS,1,South Korea,KS,KS,,37.0,127.5,KS,20170621110000,Reject,Verbal conflict
666813757,20170621,201706,CHN,CHINA,CHN,,,,,,,,USA,THE US,USA,,,,,,,,1,081,081,08,2,5.0,20,1,20,-0.3708281829419,1,China,CH,CH,,35.0,105.0,CH,1,China,CH,CH,,35.0,105.0,CH,1,China,CH,CH,,35.0,105.0,CH,20170621114500,Yield,Material cooperation
666815776,20170621,201706,USAMED,REUTERS,USA,,,,,MED,,,CHN,CHINESE,CHN,,,,,,,,1,100,100,10,3,-5.0,8,1,8,-3.3816425120773,1,Malaysia,MY,MY,,2.5,112.5,MY,1,Malaysia,MY,MY,,2.5,112.5,MY,1,Malaysia,MY,MY,,2.5,112.5,MY,20170621114500,Demand,Verbal conflict
666827246,20170621,201706,USA,HARTFORD,USA,,,,,,,,CHN,CANTON,CHN,,,,,,,,1,190,190,19,4,-10.0,10,1,10,-3.96039603960396,2,"Connecticut, United States",US,USCT,,41.5834,-72.7622,CT,2,"Connecticut, United States",US,USCT,,41.5834,-72.7622,CT,2,"Connecticut, United States",US,USCT,,41.5834,-72.7622,CT,20170621123000,Fight,Material conflict
666832984,20170621,201706,USAGOV,THE WHITE HOUSE,USA,,,,,GOV,,,CHN,CHINA,CHN,,,,,,,,1,020,020,02,1,3.0,6,1,6,-4.40835266821346,4,"Pyongyang, P'yongyang-si, North Korea",KN,KN12,39681,39.0194,125.755,-183459,4,"Pyongyang, P'yongyang-si, North Korea",KN,KN12,39681,39.0194,125.755,-183459,4,"Pyongyang, P'yongyang-si, North Korea",KN,KN12,39681,39.0194,125.755,-183459,20170621124500,Appeal,Verbal cooperation
666837302,20170621,201706,CHN,CHINESE,CHN,,,,,,,,USA,WASHINGTON,USA,,,,,,,,1,036,036,03,1,4.0,6,1,6,-3.52941176470588,1,China,CH,CH,,35.0,105.0,CH,3,"Washington, District of Columbia, United States",US,USDC,DC001,38.8951,-77.0364,531871,1,China,CH,CH,,35.0,105.0,CH,20170621130000,Express intent to cooperate,Verbal cooperation
666839092,20170621,201706,USA,UNITED STATES,USA,,,,,,,,CHN,CHINA,CHN,,,,,,,,1,020,020,02,1,3.0,6,1,6,-7.14285714285714,1,United States,US,US,,38.0,-97.0,US,1,China,CH,CH,,35.0,105.0,CH,1,China,CH,CH,,35.0,105.0,CH,20170621130000,Appeal,Verbal cooperation
666839093,20170621,201706,USA,WASHINGTON,USA,,,,,,,,CHN,CHINA,CHN,,,,,,,,1,036,036,03,1,4.0,10,1,10,-4.67762326169406,3,"Washington, District of Columbia, United States",US,USDC,DC001,38.8951,-77.0364,531871,4,"Beijing, Beijing, China",CH,CH22,13001,39.9289,116.388,-1898541,3,"Washington, District of Columbia, United States",US,USDC,DC001,38.8951,-77.0364,531871,20170621130000,Express intent to cooperate,Verbal cooperation
666839094,20170621,201706,USA,WASHINGTON,USA,,,,,,,,CHN,CHINESE,CHN,,,,,,,,1,036,036,03,1,4.0,6,1,6,-3.52941176470588,3,"Washington, District of Columbia, United States",US,USDC,DC001,38.8951,-77.0364,531871,1,China,CH,CH,,35.0,105.0,CH,1,China,CH,CH,,35.0,105.0,CH,20170621130000,Express intent to cooperate,Verbal cooperation
666846207,20170621,201706,CHN,NANNING,CHN,,,,,,,,USA,UNITED STATES,USA,,,,,,,,1,010,010,01,1,0.0,6,1,6,2.27790432801823,1,United States,US,US,,38.0,-97.0,US,1,United States,US,US,,38.0,-97.0,US,1,United States,US,US,,38.0,-97.0,US,20170621133000,Make public statement,Verbal cooperation
666848267,20170621,201706,USA,NEBRASKA,USA,,,,,,,,CHN,CHINA,CHN,,,,,,,,1,042,042,04,1,1.9,8,1,8,2.60492040520984,1,Japan,JA,JA,,36.0,138.0,JA,1,Japan,JA,JA,,36.0,138.0,JA,1,Japan,JA,JA,,36.0,138.0,JA,20170621133000,Consult,Verbal cooperation
666858428,20170621,201706,CHN,XIAMEN,CHN,,,,,,,,MNCUSA,BOEING,USA,,,,,MNC,,,1,030,030,03,1,4.0,8,2,8,3.8517248172053,4,"Xiamen, Fujian, China",CH,CH07,13010,24.4798,118.082,-1931546,4,"Xiamen, Fujian, China",CH,CH07,13010,24.4798,118.082,-1931546,4,"Xiamen, Fujian, China",CH,CH07,13010,24.4798,118.082,-1931546,20170621141500,Express intent to cooperate,Verbal cooperation
666858447,20170621,201706,CHN,CHINA,CHN,,,,,,,,USA,NEW YORK,USA,,,,,,,,1,071,071,07,2,7.4,10,1,10,-1.8640350877193,4,"Hurun, Guangxi, China",CH,CH16,13061,22.9619,106.709,-1911224,4,"Hurun, Guangxi, China",CH,CH16,13061,22.9619,106.709,-1911224,4,"Hurun, Guangxi, China",CH,CH16,13061,22.9619,106.709,-1911224,20170621141500,Provide aid,Material cooperation
666858448,20170621,201706,CHN,CHINA,CHN,,,,,,,,USA,THE US,USA,,,,,,,,1,112,112,11,3,-2.0,10,1,10,1.03626943005181,1,China,CH,CH,,35.0,105.0,CH,1,China,CH,CH,,35.0,105.0,CH,1,China,CH,CH,,35.0,105.0,CH,20170621141500,Disapprove,Verbal conflict
666858454,20170621,201706,CHNBUS,XIAMEN,CHN,,,,,BUS,,,MNCUSA,BOEING,USA,,,,,MNC,,,1,013,013,01,1,0.4,6,2,6,3.8517248172053,4,"Xiamen, Fujian, China",CH,CH07,13010,24.4798,118.082,-1931546,4,"Xiamen, Fujian, China",CH,CH07,13010,24.4798,118.082,-1931546,4,"Xiamen, Fujian, China",CH,CH07,13010,24.4798,118.082,-1931546,20170621141500,Make public statement,Verbal cooperation
666858455,20170621,201706,CHNBUS,XIAMEN,CHN,,,,,BUS,,,MNCUSA,BOEING,USA,,,,,MNC,,,1,030,030,03,1,4.0,6,2,6,3.8517248172053,4,"Xiamen, Fujian, China",CH,CH07,13010,24.4798,118.082,-1931546,4,"Xiamen, Fujian, China",CH,CH07,13010,24.4798,118.082,-1931546,4,"Xiamen, Fujian, China",CH,CH07,13010,24.4798,118.082,-1931546,20170621141500,Express intent to cooperate,Verbal cooperation
666858463,20170621,201706,CHNGOVMED,CHINESE,CHN,,,,,GOV,MED,,USAEDU,A US,USA,,,,,EDU,,,1,042,042,04,1,1.9,6,1,6,1.03626943005181,1,China,CH,CH,,35.0,105.0,CH,1,China,CH,CH,,35.0,105.0,CH,1,China,CH,CH,,35.0,105.0,CH,20170621141500,Consult,Verbal cooperation
666858468,20170621,201706,CHNMED,CHINESE,CHN,,,,,MED,,,USAEDU,CALIFORNIA,USA,,,,,EDU,,,1,112,112,11,3,-2.0,9,1,9,1.03626943005181,1,China,CH,CH,,35.0,105.0,CH,1,China,CH,CH,,35.0,105.0,CH,1,China,CH,CH,,35.0,105.0,CH,20170621141500,Disapprove,Verbal conflict
666860346,20170621,201706,USAEDU,A US,USA,,,,,EDU,,,CHNGOVMED,CHINESE,CHN,,,,,GOV,MED,,1,043,043,04,1,2.8,6,1,6,1.03626943005181,1,China,CH,CH,,35.0,105.0,CH,1,China,CH,CH,,35.0,105.0,CH,1,China,CH,CH,,35.0,105.0,CH,20170621141500,Consult,Verbal cooperation
666864898,20170621,201706,CHN,CHINA,CHN,,,,,,,,USA,FLORIDA,USA,,,,,,,,1,042,042,04,1,1.9,6,1,6,-3.05882352941176,1,China,CH,CH,,35.0,105.0,CH,2,"Florida, United States",US,USFL,,27.8333,-81.717,FL,2,"Florida, United States",US,USFL,,27.8333,-81.717,FL,20170621143000,Consult,Verbal cooperation
666864908,20170621,201706,CHNGOV,CHINESE,CHN,,,,,GOV,,,USA,UNITED STATES,USA,,,,,,,,1,013,013,01,1,0.4,6,1,6,2.1505376344086,1,China,CH,CH,,35.0,105.0,CH,2,"Florida, United States",US,USFL,,27.8333,-81.717,FL,1,China,CH,CH,,35.0,105.0,CH,20170621143000,Make public statement,Verbal cooperation
666866676,20170621,201706,USA,FLORIDA,USA,,,,,,,,CHN,CHINA,CHN,,,,,,,,1,043,043,04,1,2.8,6,1,6,-3.05882352941176,2,"Florida, United States",US,USFL,,27.8333,-81.717,FL,1,China,CH,CH,,35.0,105.0,CH,2,"Florida, United States",US,USFL,,27.8333,-81.717,FL,20170621143000,Consult,Verbal cooperation
666878383,20170621,201706,CHN,QINGDAO,CHN,,,,,,,,MNCUSA,GENERAL ELECTRIC,USA,,,,,MNC,,,1,036,036,03,1,4.0,10,1,10,-1.79372197309417,2,"Kentucky, United States",US,USKY,,37.669,-84.6514,KY,2,"Kentucky, United States",US,USKY,,37.669,-84.6514,KY,2,"Kentucky, United States",US,USKY,,37.669,-84.6514,KY,20170621151500,Express intent to cooperate,Verbal cooperation
666878394,20170621,201706,CHN,CHINESE,CHN,,,,,,,,USAGOVBUS,US TREASURY,USA,,,,,GOV,BUS,,1,010,010,01,1,0.0,10,1,10,-1.83673469387755,1,China,CH,CH,,35.0,105.0,CH,1,China,CH,CH,,35.0,105.0,CH,1,China,CH,CH,,35.0,105.0,CH,20170621151500,Make public statement,Verbal cooperation
666879521,20170621,201706,MNCUSA,GENERAL ELECTRIC,USA,,,,,MNC,,,CHN,QINGDAO,CHN,,,,,,,,1,036,036,03,1,4.0,10,1,10,-1.79372197309417,2,"Kentucky, United States",US,USKY,,37.669,-84.6514,KY,2,"Kentucky, United States",US,USKY,,37.669,-84.6514,KY,2,"Kentucky, United States",US,USKY,,37.669,-84.6514,KY,20170621151500,Express intent to cooperate,Verbal cooperation
666882497,20170522,201705,CHN,SHANGHAI,CHN,,,,,,,,USAMED,REUTERS,USA,,,,,MED,,,1,010,010,01,1,0.0,15,2,15,-1.94310047251224,4,"Shanghai, Shanghai, China",CH,CH23,13243,31.2222,121.458,-1924465,4,"Shanghai, Shanghai, China",CH,CH23,13243,31.2222,121.458,-1924465,4,"Shanghai, Shanghai, China",CH,CH23,13243,31.2222,121.458,-1924465,20170621153000,Make public statement,Verbal cooperation
666883162,20170621,201706,CHN,CHINA,CHN,,,,,,,,USA,UNITED STATES,USA,,,,,,,,1,166,166,16,4,-7.0,10,1,10,-0.55248618784531,1,China,CH,CH,,35.0,105.0,CH,1,China,CH,CH,,35.0,105.0,CH,1,China,CH,CH,,35.0,105.0,CH,20170621153000,Reduce relations,Material conflict
666897171,20170621,201706,CHN,CHINA,CHN,,,,,,,,USA,MONTANA,USA,,,,,,,,1,061,061,06,2,6.4,12,2,12,3.25081235243238,1,China,CH,CH,,35.0,105.0,CH,2,"Montana, United States",US,USMT,,46.9048,-110.326,MT,1,China,CH,CH,,35.0,105.0,CH,20170621163000,Engage in material cooperation,Material cooperation
666897176,20170621,201706,CHN,CHINA,CHN,,,,,,,,USA,MONTANA,USA,,,,,,,,1,163,163,16,4,-8.0,21,2,20,3.00929404653368,1,China,CH,CH,,35.0,105.0,CH,2,"Montana, United States",US,USMT,,46.9048,-110.326,MT,1,China,CH,CH,,35.0,105.0,CH,20170621163000,Reduce relations,Material conflict
666899254,20170621,201706,USA,AMERICAN,USA,,,,,,,,CHN,CHINA,CHN,,,,,,,,1,012,012,01,1,-0.4,7,1,7,-3.13549832026875,2,"New York, United States",US,USNY,,42.1497,-74.9384,NY,4,"Beijing, Beijing, China",CH,CH22,13001,39.9289,116.388,-1898541,1,North Korea,KN,KN,,40.0,127.0,KN,20170621163000,Make public statement,Verbal cooperation
666902181,20170621,201706,CHN,CHINESE,CHN,,,,,,,,USA,AMERICAN,USA,,,,,,,,1,040,040,04,1,1.0,6,1,6,0.19305019305019,4,"Chen Ping, Henan, China",CH,CH09,13111,33.0331,112.233,-1938866,1,United States,US,US,,38.0,-97.0,US,4,"Chen Ping, Henan, China",CH,CH09,13111,33.0331,112.233,-1938866,20170621164500,Consult,Verbal cooperation
666902183,20170621,201706,CHN,CHINESE,CHN,,,,,,,,USA,AMERICAN,USA,,,,,,,,1,043,043,04,1,2.8,6,1,6,0.19305019305019,4,"Chen Ping, Henan, China",CH,CH09,13111,33.0331,112.233,-1938866,1,United States,US,US,,38.0,-97.0,US,1,United States,US,US,,38.0,-97.0,US,20170621164500,Consult,Verbal cooperation
666904229,20170621,201706,USA,AMERICAN,USA,,,,,,,,CHN,CHINESE,CHN,,,,,,,,1,040,040,04,1,1.0,6,1,6,0.19305019305019,1,United States,US,US,,38.0,-97.0,US,4,"Chen Ping, Henan, China",CH,CH09,13111,33.0331,112.233,-1938866,4,"Chen Ping, Henan, China",CH,CH09,13111,33.0331,112.233,-1938866,20170621164500,Consult,Verbal cooperation
666906438,20170614,201706,CHN,CHINA,CHN,,,,,,,,USA,AMERICAN,USA,,,,,,,,1,030,030,03,1,4.0,10,1,10,-1.46103896103896,4,"Shanghai, Shanghai, China",CH,CH23,13243,31.2222,121.458,-1924465,1,United States,US,US,,38.0,-97.0,US,1,United States,US,US,,38.0,-97.0,US,20170621170000,Express intent to cooperate,Verbal cooperation
666906439,20170614,201706,CHN,CHINA,CHN,,,,,,,,USA,AMERICAN,USA,,,,,,,,1,061,061,06,2,6.4,10,1,10,-1.46103896103896,4,"Shanghai, Shanghai, China",CH,CH23,13243,31.2222,121.458,-1924465,1,United States,US,US,,38.0,-97.0,US,1,United States,US,US,,38.0,-97.0,US,20170621170000,Engage in material cooperation,Material cooperation
666906974,20170621,201706,CHN,CHINA,CHN,,,,,,,,USA,UNITED STATES,USA,,,,,,,,1,061,061,06,2,6.4,6,1,6,-1.46103896103896,1,United States,US,US,,38.0,-97.0,US,4,"Shanghai, Shanghai, China",CH,CH23,13243,31.2222,121.458,-1924465,4,"Shanghai, Shanghai, China",CH,CH23,13243,31.2222,121.458,-1924465,20170621170000,Engage in material cooperation,Material cooperation
666911395,20170621,201706,CHN,CHINA,CHN,,,,,,,,USA,CALIFORNIA,USA,,,,,,,,1,060,060,06,2,6.0,10,1,10,3.09734513274336,4,"Beijing, Beijing, China",CH,CH22,13001,39.9289,116.388,-1898541,4,"Beijing, Beijing, China",CH,CH22,13001,39.9289,116.388,-1898541,4,"Beijing, Beijing, China",CH,CH22,13001,39.9289,116.388,-1898541,20170621171500,Engage in material cooperation,Material cooperation
666913131,20170621,201706,USA,CALIFORNIA,USA,,,,,,,,CHN,CHINA,CHN,,,,,,,,1,057,057,05,1,8.0,8,1,8,3.09734513274336,2,"California, United States",US,USCA,,36.17,-119.746,CA,4,"Beijing, Beijing, China",CH,CH22,13001,39.9289,116.388,-1898541,2,"California, United States",US,USCA,,36.17,-119.746,CA,20170621171500,Engage in diplomatic cooperation,Verbal cooperation
666913133,20170621,201706,USA,CALIFORNIA,USA,,,,,,,,CHN,CHINA,CHN,,,,,,,,1,060,060,06,2,6.0,10,1,10,3.09734513274336,2,"California, United States",US,USCA,,36.17,-119.746,CA,4,"Beijing, Beijing, China",CH,CH22,13001,39.9289,116.388,-1898541,4,"Beijing, Beijing, China",CH,CH22,13001,39.9289,116.388,-1898541,20170621171500,Engage in material cooperation,Material cooperation
666935220,20170621,201706,MNCUSA,FORD MOTOR,USA,,,,,MNC,,,CHN,CHINA,CHN,,,,,,,,1,031,031,03,1,5.2,10,1,10,5.05050505050505,1,China,CH,CH,,35.0,105.0,CH,2,"New York, United States",US,USNY,,42.1497,-74.9384,NY,1,China,CH,CH,,35.0,105.0,CH,20170621190000,Express intent to cooperate,Verbal cooperation
666946460,20170621,201706,CHN,CHINA,CHN,,,,,,,,MNCUSA,FORD MOTOR,USA,,,,,MNC,,,1,061,061,06,2,6.4,6,1,6,1.03092783505155,4,"Chongqing, Chongqing, China",CH,CH33,13004,29.5628,106.553,-1900774,3,"Chicago, Illinois, United States",US,USIL,IL031,41.85,-87.6501,423587,4,"Chongqing, Chongqing, China",CH,CH33,13004,29.5628,106.553,-1900774,20170621194500,Engage in material cooperation,Material cooperation
666950345,20170621,201706,CHN,BEIJING,CHN,,,,,,,,USA,MONTANA,USA,,,,,,,,1,020,020,02,1,3.0,7,1,7,-0.11148272017838,4,"Beijing, Beijing, China",CH,CH22,13001,39.9289,116.388,-1898541,2,"Montana, United States",US,USMT,,46.9048,-110.326,MT,4,"Beijing, Beijing, China",CH,CH22,13001,39.9289,116.388,-1898541,20170621200000,Appeal,Verbal cooperation
666950346,20170621,201706,CHN,BEIJING,CHN,,,,,,,,USA,MONTANA,USA,,,,,,,,1,043,043,04,1,2.8,8,1,8,-0.11148272017838,4,"Beijing, Beijing, China",CH,CH22,13001,39.9289,116.388,-1898541,2,"Montana, United States",US,USMT,,46.9048,-110.326,MT,4,"Beijing, Beijing, China",CH,CH22,13001,39.9289,116.388,-1898541,20170621200000,Consult,Verbal cooperation
666951773,20170621,201706,USA,MONTANA,USA,,,,,,,,CHN,BEIJING,CHN,,,,,,,,1,042,042,04,1,1.9,8,1,8,-0.11148272017838,2,"Montana, United States",US,USMT,,46.9048,-110.326,MT,2,"Montana, United States",US,USMT,,46.9048,-110.326,MT,2,"Montana, United States",US,USMT,,46.9048,-110.326,MT,20170621200000,Consult,Verbal cooperation
666953944,20170621,201706,CHN,CHINA,CHN,,,,,,,,USAGOVMIL,UNITED STATES,USA,,,,,GOV,MIL,,1,042,042,04,1,1.9,8,4,8,-5.42884427679956,3,"Washington, District of Columbia, United States",US,USDC,DC001,38.8951,-77.0364,531871,3,"Washington, District of Columbia, United States",US,USDC,DC001,38.8951,-77.0364,531871,3,"Washington, District of Columbia, United States",US,USDC,DC001,38.8951,-77.0364,531871,20170621201500,Consult,Verbal cooperation
666956015,20170621,201706,USAGOVMIL,UNITED STATES,USA,,,,,GOV,MIL,,CHN,CHINA,CHN,,,,,,,,1,043,043,04,1,2.8,8,4,8,-5.42884427679956,3,"Washington, District of Columbia, United States",US,USDC,DC001,38.8951,-77.0364,531871,3,"Washington, District of Columbia, United States",US,USDC,DC001,38.8951,-77.0364,531871,3,"Washington, District of Columbia, United States",US,USDC,DC001,38.8951,-77.0364,531871,20170621201500,Consult,Verbal cooperation
666957991,20170621,201706,CHN,CHINA,CHN,,,,,,,,USA,UNITED STATES,USA,,,,,,,,1,040,040,04,1,1.0,6,1,6,-0.35714285714285,4,"Beijing, Beijing, China",CH,CH22,13001,39.9289,116.388,-1898541,3,"Washington, District of Columbia, United States",US,USDC,DC001,38.8951,-77.0364,531871,4,"Beijing, Beijing, China",CH,CH22,13001,39.9289,116.388,-1898541,20170621203000,Consult,Verbal cooperation
666957993,20170621,201706,CHN,TIBET,CHN,,,,,,,,USAEDU,CALIFORNIA,USA,,,,,EDU,,,1,111,111,11,3,-2.0,8,1,8,-1.71102661596958,5,"Tibet, Xizang, China",CH,CH14,13213,32.0,90.0,-1934604,5,"Tibet, Xizang, China",CH,CH14,13213,32.0,90.0,-1934604,5,"Tibet, Xizang, China",CH,CH14,13213,32.0,90.0,-1934604,20170621203000,Disapprove,Verbal conflict
666959524,20170621,201706,USA,UNITED STATES,USA,,,,,,,,CHN,CHINA,CHN,,,,,,,,1,040,040,04,1,1.0,10,1,10,-0.35714285714285,1,North Korea,KN,KN,,40.0,127.0,KN,1,North Korea,KN,KN,,40.0,127.0,KN,1,North Korea,KN,KN,,40.0,127.0,KN,20170621203000,Consult,Verbal cooperation
666963832,20170621,201706,USAGOV,US OFFICIAL,USA,,,,,GOV,,,CHN,CHINESE,CHN,,,,,,,,1,036,036,03,1,4.0,6,1,6,-3.50515463917526,4,"Beijing, Beijing, China",CH,CH22,13001,39.9289,116.388,-1898541,4,"Pyongyang, P'yongyang-si, North Korea",KN,KN12,39681,39.0194,125.755,-183459,4,"Pyongyang, P'yongyang-si, North Korea",KN,KN12,39681,39.0194,125.755,-183459,20170621204500,Express intent to cooperate,Verbal cooperation
666965531,20170621,201706,CHNGOV,CHINESE,CHN,,,,,GOV,,,USA,WASHINGTON,USA,,,,,,,,1,040,040,04,1,1.0,6,1,6,-1.8018018018018,1,China,CH,CH,,35.0,105.0,CH,3,"Washington, District of Columbia, United States",US,USDC,DC001,38.8951,-77.0364,531871,1,China,CH,CH,,35.0,105.0,CH,20170621210000,Consult,Verbal cooperation
666966897,20170621,201706,USA,MILWAUKEE,USA,,,,,,,,CHN,CANTON,CHN,,,,,,,,1,081,081,08,2,5.0,10,1,10,-6.71256454388984,2,"Minnesota, United States",US,USMN,,45.7326,-93.9196,MN,2,"Minnesota, United States",US,USMN,,45.7326,-93.9196,MN,2,"Minnesota, United States",US,USMN,,45.7326,-93.9196,MN,20170621210000,Yield,Material cooperation
666966899,20170621,201706,USA,WASHINGTON,USA,,,,,,,,CHNGOV,CHINESE,CHN,,,,,GOV,,,1,040,040,04,1,1.0,6,1,6,-1.8018018018018,3,"Washington, District of Columbia, United States",US,USDC,DC001,38.8951,-77.0364,531871,1,China,CH,CH,,35.0,105.0,CH,1,China,CH,CH,,35.0,105.0,CH,20170621210000,Consult,Verbal cooperation
666971006,20170621,201706,USA,UNITED STATES,USA,,,,,,,,CHN,CHINA,CHN,,,,,,,,1,100,100,10,3,-5.0,6,3,6,-1.30246565029174,4,"Pyongyang, P'yongyang-si, North Korea",KN,KN12,39681,39.0194,125.755,-183459,4,"Beijing, Beijing, China",CH,CH22,13001,39.9289,116.388,-1898541,3,"Washington, District of Columbia, United States",US,USDC,DC001,38.8951,-77.0364,531871,20170621213000,Demand,Verbal conflict
666987676,20170621,201706,CHN,CHINESE,CHN,,,,,,,,USA,WASHINGTON,USA,,,,,,,,1,046,046,04,1,7.0,8,1,8,-3.44827586206896,2,"Connecticut, United States",US,USCT,,41.5834,-72.7622,CT,2,"Connecticut, United States",US,USCT,,41.5834,-72.7622,CT,2,"Connecticut, United States",US,USCT,,41.5834,-72.7622,CT,20170621230000,Consult,Verbal cooperation
666995425,20170621,201706,MNCUSA,FORD MOTOR,USA,,,,,MNC,,,CHN,CHINA,CHN,,,,,,,,1,031,031,03,1,5.2,10,1,10,0.80321285140563,3,"White House, District of Columbia, United States",US,USDC,,38.8951,-77.0364,531871,3,"White House, District of Columbia, United States",US,USDC,,38.8951,-77.0364,531871,3,"White House, District of Columbia, United States",US,USDC,,38.8951,-77.0364,531871,20170621233000,Express intent to cooperate,Verbal cooperation
666996002,20170621,201706,USA,UNITED STATES,USA,,,,,,,,CHN,CHINA,CHN,,,,,,,,1,061,061,06,2,6.4,6,1,6,1.40597539543059,1,United States,US,US,,38.0,-97.0,US,1,China,CH,CH,,35.0,105.0,CH,1,China,CH,CH,,35.0,105.0,CH,20170621233000,Engage in material cooperation,Material cooperation
667005954,20160622,201606,CHN,CHINA,CHN,,,,,,,,USA,THE US,USA,,,,,,,,1,086,086,08,2,9.0,10,1,10,-1.1968085106383,4,"Beijing, Beijing, China",CH,CH22,13001,39.9289,116.388,-1898541,4,"Seoul, Soul-t'ukpyolsi, South Korea",KS,KS11,24984,37.5664,127.0,-716583,4,"Seoul, Soul-t'ukpyolsi, South Korea",KS,KS11,24984,37.5664,127.0,-716583,20170622004500,Yield,Material cooperation
667007062,20170622,201706,CHN,CHINESE,CHN,,,,,,,,USA,ORLANDO,USA,,,,,,,,1,043,043,04,1,2.8,18,1,6,-0.837520938023451,1,China,CH,CH,,35.0,105.0,CH,1,China,CH,CH,,35.0,105.0,CH,1,China,CH,CH,,35.0,105.0,CH,20170622004500,Consult,Verbal cooperation
667007063,20170622,201706,CHN,CHINA,CHN,,,,,,,,USA,UNITED STATES,USA,,,,,,,,1,050,050,05,1,3.5,6,1,6,2.1505376344086,1,China,CH,CH,,35.0,105.0,CH,2,"New York, United States",US,USNY,,42.1497,-74.9384,NY,1,China,CH,CH,,35.0,105.0,CH,20170622004500,Engage in diplomatic cooperation,Verbal cooperation
667009892,20170622,201706,USA,WASHINGTON,USA,,,,,,,,CHN,CHINESE,CHN,,,,,,,,1,010,010,01,1,0.0,8,1,8,2.09424083769634,4,"Beijing, Beijing, China",CH,CH22,13001,39.9289,116.388,-1898541,4,"Beijing, Beijing, China",CH,CH22,13001,39.9289,116.388,-1898541,4,"Beijing, Beijing, China",CH,CH22,13001,39.9289,116.388,-1898541,20170622004500,Make public statement,Verbal cooperation
667009895,20170622,201706,USA,THE US,USA,,,,,,,,CHN,CHINA,CHN,,,,,,,,1,036,036,03,1,4.0,8,1,8,-3.78590078328982,4,"Beijing, Beijing, China",CH,CH22,13001,39.9289,116.388,-1898541,4,"Beijing, Beijing, China",CH,CH22,13001,39.9289,116.388,-1898541,4,"Beijing, Beijing, China",CH,CH22,13001,39.9289,116.388,-1898541,20170622004500,Express intent to cooperate,Verbal cooperation
667009897,20170622,201706,USA,WASHINGTON,USA,,,,,,,,CHN,CHINESE,CHN,,,,,,,,1,040,040,04,1,1.0,8,1,8,2.09424083769634,3,"Washington, District of Columbia, United States",US,USDC,DC001,38.8951,-77.0364,531871,4,"Beijing, Beijing, China",CH,CH22,13001,39.9289,116.388,-1898541,4,"Beijing, Beijing, China",CH,CH22,13001,39.9289,116.388,-1898541,20170622004500,Consult,Verbal cooperation
667009898,20170622,201706,USA,ORLANDO,USA,,,,,,,,CHN,CHINESE,CHN,,,,,,,,1,042,042,04,1,1.9,18,1,6,-0.837520938023451,1,China,CH,CH,,35.0,105.0,CH,1,China,CH,CH,,35.0,105.0,CH,1,China,CH,CH,,35.0,105.0,CH,20170622004500,Consult,Verbal cooperation
667009905,20170622,201706,USA,UNITED STATES,USA,,,,,,,,CHN,CHINA,CHN,,,,,,,,1,050,050,05,1,3.5,10,1,10,2.1505376344086,1,China,CH,CH,,35.0,105.0,CH,1,China,CH,CH,,35.0,105.0,CH,1,China,CH,CH,,35.0,105.0,CH,20170622004500,Engage in diplomatic cooperation,Verbal cooperation
667013674,20170622,201706,CHN,CHINA,CHN,,,,,,,,USA,UNITED STATES,USA,,,,,,,,1,040,040,04,1,1.0,6,1,6,1.4957264957265,1,China,CH,CH,,35.0,105.0,CH,1,United States,US,US,,38.0,-97.0,US,1,China,CH,CH,,35.0,105.0,CH,20170622010000,Consult,Verbal cooperation
667013689,20170622,201706,CHNGOV,CHINESE,CHN,,,,,GOV,,,USA,UNITED STATES,USA,,,,,,,,1,013,013,01,1,0.4,6,1,6,1.86567164179104,1,China,CH,CH,,35.0,105.0,CH,2,"Florida, United States",US,USFL,,27.8333,-81.717,FL,1,China,CH,CH,,35.0,105.0,CH,20170622010000,Make public statement,Verbal cooperation
667016071,20170622,201706,USA,UNITED STATES,USA,,,,,,,,CHN,CHINA,CHN,,,,,,,,1,040,040,04,1,1.0,6,1,6,1.4957264957265,1,United States,US,US,,38.0,-97.0,US,1,China,CH,CH,,35.0,105.0,CH,1,China,CH,CH,,35.0,105.0,CH,20170622010000,Consult,Verbal cooperation
667019121,20170622,201706,CHN,BEIJING,CHN,,,,,,,,USA,MONTANA,USA,,,,,,,,1,020,020,02,1,3.0,7,1,7,-0.11148272017838,4,"Beijing, Beijing, China",CH,CH22,13001,39.9289,116.388,-1898541,2,"Montana, United States",US,USMT,,46.9048,-110.326,MT,4,"Beijing, Beijing, China",CH,CH22,13001,39.9289,116.388,-1898541,20170622011500,Appeal,Verbal cooperation
667019125,20170622,201706,CHN,BEIJING,CHN,,,,,,,,USA,MONTANA,USA,,,,,,,,1,043,043,04,1,2.8,8,1,8,-0.11148272017838,4,"Beijing, Beijing, China",CH,CH22,13001,39.9289,116.388,-1898541,2,"Montana, United States",US,USMT,,46.9048,-110.326,MT,4,"Beijing, Beijing, China",CH,CH22,13001,39.9289,116.388,-1898541,20170622011500,Consult,Verbal cooperation
667021182,20170622,201706,USA,MONTANA,USA,,,,,,,,CHN,BEIJING,CHN,,,,,,,,1,042,042,04,1,1.9,8,1,8,-0.11148272017838,2,"Montana, United States",US,USMT,,46.9048,-110.326,MT,2,"Montana, United States",US,USMT,,46.9048,-110.326,MT,2,"Montana, United States",US,USMT,,46.9048,-110.326,MT,20170622011500,Consult,Verbal cooperation
667023783,20170622,201706,CHN,SHANGHAI,CHN,,,,,,,,USA,LAS VEGAS,USA,,,,,,,,1,051,051,05,1,3.4,10,1,10,0.0,4,"Shanghai, Shanghai, China",CH,CH23,13243,31.2222,121.458,-1924465,1,Macau,MC,MC,,22.1667,113.55,MC,1,Macau,MC,MC,,22.1667,113.55,MC,20170622013000,Engage in diplomatic cooperation,Verbal cooperation
667025352,20170622,201706,USA,UNITED STATES,USA,,,,,,,,CHN,CHINA,CHN,,,,,,,,1,023,023,02,1,3.4,10,5,10,3.14595226441116,2,"Iowa, United States",US,USIA,,42.0046,-93.214,IA,2,"Iowa, United States",US,USIA,,42.0046,-93.214,IA,2,"Iowa, United States",US,USIA,,42.0046,-93.214,IA,20170622013000,Appeal,Verbal cooperation
667025356,20170622,201706,USA,UNITED STATES,USA,,,,,,,,CHN,CHINA,CHN,,,,,,,,1,100,100,10,3,-5.0,8,1,8,-2.5503355704698,3,"Washington, District of Columbia, United States",US,USDC,DC001,38.8951,-77.0364,531871,4,"Beijing, Beijing, China",CH,CH22,13001,39.9289,116.388,-1898541,4,"Beijing, Beijing, China",CH,CH22,13001,39.9289,116.388,-1898541,20170622013000,Demand,Verbal conflict
667025357,20170622,201706,USA,UNITED STATES,USA,,,,,,,,CHN,CHINA,CHN,,,,,,,,1,100,100,10,3,-5.0,8,1,8,-1.05820105820106,1,United States,US,US,,38.0,-97.0,US,4,"Beijing, Beijing, China",CH,CH22,13001,39.9289,116.388,-1898541,4,"Beijing, Beijing, China",CH,CH22,13001,39.9289,116.388,-1898541,20170622013000,Demand,Verbal conflict
667028219,20170622,201706,USA,WASHINGTON,USA,,,,,,,,CHN,CHINA,CHN,,,,,,,,1,043,043,04,1,2.8,10,1,10,-1.20898100172711,3,"Washington, District of Columbia, United States",US,USDC,DC001,38.8951,-77.0364,531871,4,"Beijing, Beijing, China",CH,CH22,13001,39.9289,116.388,-1898541,3,"Washington, District of Columbia, United States",US,USDC,DC001,38.8951,-77.0364,531871,20170622014500,Consult,Verbal cooperation
667029989,20170523,201705,USA,IOWA,USA,,,,,,,,CHN,CHINA,CHN,,,,,,,,1,050,050,05,1,3.5,12,2,12,3.06406685236769,2,"Georgia, United States",US,USGA,,32.9866,-83.6487,GA,2,"Georgia, United States",US,USGA,,32.9866,-83.6487,GA,2,"Georgia, United States",US,USGA,,32.9866,-83.6487,GA,20170622020000,Engage in diplomatic cooperation,Verbal cooperation
667030604,20170622,201706,CHN,CHINA,CHN,,,,,,,,USA,IOWA,USA,,,,,,,,1,023,023,02,1,3.4,6,1,6,3.16789862724393,2,"Iowa, United States",US,USIA,,42.0046,-93.214,IA,2,"Iowa, United States",US,USIA,,42.0046,-93.214,IA,2,"Iowa, United States",US,USIA,,42.0046,-93.214,IA,20170622020000,Appeal,Verbal cooperation
667044724,20170622,201706,USA,UNITED STATES,USA,,,,,,,,CHN,CHINA,CHN,,,,,,,,1,100,100,10,3,-5.0,8,1,8,-1.34831460674157,4,"Beijing, Beijing, China",CH,CH22,13001,39.9289,116.388,-1898541,4,"Beijing, Beijing, China",CH,CH22,13001,39.9289,116.388,-1898541,4,"Beijing, Beijing, China",CH,CH22,13001,39.9289,116.388,-1898541,20170622024500,Demand,Verbal conflict
667044725,20170622,201706,USA,NEW YORK CITY,USA,,,,,,,,CHN,CHINA,CHN,,,,,,,,1,173,173,17,4,-5.0,8,1,8,1.8738288569644,4,"Beijing, Beijing, China",CH,CH22,13001,39.9289,116.388,-1898541,4,"Beijing, Beijing, China",CH,CH22,13001,39.9289,116.388,-1898541,4,"Beijing, Beijing, China",CH,CH22,13001,39.9289,116.388,-1898541,20170622024500,Coerce,Material conflict
667046802,20170622,201706,CHN,CHINA,CHN,,,,,,,,USA,UNITED STATES,USA,,,,,,,,1,046,046,04,1,7.0,8,1,8,-5.07880910683013,4,"Beijing, Beijing, China",CH,CH22,13001,39.9289,116.388,-1898541,3,"Washington, District of Columbia, United States",US,USDC,DC001,38.8951,-77.0364,531871,3,"Washington, District of Columbia, United States",US,USDC,DC001,38.8951,-77.0364,531871,20170622030000,Consult,Verbal cooperation
667048226,20170622,201706,USA,UNITED STATES,USA,,,,,,,,CHN,CHINA,CHN,,,,,,,,1,046,046,04,1,7.0,8,1,8,-5.07880910683013,1,North Korea,KN,KN,,40.0,127.0,KN,1,North Korea,KN,KN,,40.0,127.0,KN,1,North Korea,KN,KN,,40.0,127.0,KN,20170622030000,Consult,Verbal cooperation
667053258,20170622,201706,CHN,CHINA,CHN,,,,,,,,USA,MARYLAND,USA,,,,,,,,1,036,036,03,1,4.0,8,1,8,-5.46448087431694,1,China,CH,CH,,35.0,105.0,CH,2,"Maryland, United States",US,USMD,,39.0724,-76.7902,MD,2,"Maryland, United States",US,USMD,,39.0724,-76.7902,MD,20170622033000,Express intent to cooperate,Verbal cooperation
667054362,20170622,201706,USA,MARYLAND,USA,,,,,,,,CHN,CHINA,CHN,,,,,,,,1,036,036,03,1,4.0,8,1,8,-5.46448087431694,2,"Maryland, United States",US,USMD,,39.0724,-76.7902,MD,1,China,CH,CH,,35.0,105.0,CH,2,"Maryland, United States",US,USMD,,39.0724,-76.7902,MD,20170622033000,Express intent to cooperate,Verbal cooperation
667054368,20170622,201706,USA,WASHINGTON,USA,,,,,,,,CHN,CHINA,CHN,,,,,,,,1,110,110,11,3,-2.0,8,1,8,-3.46205059920106,3,"Washington, District of Columbia, United States",US,USDC,DC001,38.8951,-77.0364,531871,4,"Beijing, Beijing, China",CH,CH22,13001,39.9289,116.388,-1898541,4,"Beijing, Beijing, China",CH,CH22,13001,39.9289,116.388,-1898541,20170622033000,Disapprove,Verbal conflict
667060607,20170622,201706,USA,THE US,USA,,,,,,,,CHN,CHINA,CHN,,,,,,,,1,100,100,10,3,-5.0,7,1,7,-3.53846153846154,4,"South China Sea, Brunei (general), Brunei",BX,BX00,,15.0,115.0,-1337919,4,"Beijing, Beijing, China",CH,CH22,13001,39.9289,116.388,-1898541,4,"Beijing, Beijing, China",CH,CH22,13001,39.9289,116.388,-1898541,20170622041500,Demand,Verbal conflict
667062801,20170622,201706,USA,UNITED STATES,USA,,,,,,,,CHN,CHINA,CHN,,,,,,,,1,046,046,04,1,7.0,8,1,8,-4.32900432900433,3,"Washington, District of Columbia, United States",US,USDC,DC001,38.8951,-77.0364,531871,4,"Beijing, Beijing, China",CH,CH22,13001,39.9289,116.388,-1898541,3,"Washington, District of Columbia, United States",US,USDC,DC001,38.8951,-77.0364,531871,20170622043000,Consult,Verbal cooperation
667065697,20170622,201706,CHN,BEIJING,CHN,,,,,,,,USA,HOUSTON,USA,,,,,,,,1,190,190,19,4,-10.0,8,1,8,-5.21327014218009,2,"Texas, United States",US,USTX,,31.106,-97.6475,TX,4,"Zhagana, Gansu, China",CH,CH15,13270,34.2393,103.19,10644667,2,"Texas, United States",US,USTX,,31.106,-97.6475,TX,20170622050000,Fight,Material conflict
667066799,20170622,201706,USA,UNITED STATES,USA,,,,,,,,CHN,CHINA,CHN,,,,,,,,1,020,020,02,1,3.0,6,1,6,-3.05882352941176,1,United States,US,US,,38.0,-97.0,US,1,China,CH,CH,,35.0,105.0,CH,1,China,CH,CH,,35.0,105.0,CH,20170622050000,Appeal,Verbal cooperation
667066801,20170622,201706,USA,FLORIDA,USA,,,,,,,,CHN,CHINESE,CHN,,,,,,,,1,040,040,04,1,1.0,10,1,10,-1.71232876712329,2,"Florida, United States",US,USFL,,27.8333,-81.717,FL,1,China,CH,CH,,35.0,105.0,CH,2,"Florida, United States",US,USFL,,27.8333,-81.717,FL,20170622050000,Consult,Verbal cooperation
667066810,20170622,201706,USA,UNITED STATES,USA,,,,,,,,CHN,CHINA,CHN,,,,,,,,1,100,100,10,3,-5.0,6,1,6,-3.05882352941176,1,United States,US,US,,38.0,-97.0,US,1,China,CH,CH,,35.0,105.0,CH,1,China,CH,CH,,35.0,105.0,CH,20170622050000,Demand,Verbal conflict
667066813,20170622,201706,USA,THE US,USA,,,,,,,,CHNBUS,CHINESE,CHN,,,,,BUS,,,1,163,163,16,4,-8.0,6,1,6,-6.80127523910733,4,"Beijing, Beijing, China",CH,CH22,13001,39.9289,116.388,-1898541,1,Syria,SY,SY,,35.0,38.0,SY,4,"Beijing, Beijing, China",CH,CH22,13001,39.9289,116.388,-1898541,20170622050000,Reduce relations,Material conflict
667068751,20170622,201706,CHN,CHINA,CHN,,,,,,,,USA,UNITED STATES,USA,,,,,,,,1,046,046,04,1,7.0,6,1,6,-0.79155672823219,1,China,CH,CH,,35.0,105.0,CH,2,"Florida, United States",US,USFL,,27.8333,-81.717,FL,2,"Florida, United States",US,USFL,,27.8333,-81.717,FL,20170622053000,Consult,Verbal cooperation
667070324,20170622,201706,USAMED,REUTERS,USA,,,,,MED,,,CHN,CHINESE,CHN,,,,,,,,1,100,100,10,3,-5.0,8,1,8,-3.3373063170441,1,Malaysia,MY,MY,,2.5,112.5,MY,1,Malaysia,MY,MY,,2.5,112.5,MY,1,Malaysia,MY,MY,,2.5,112.5,MY,20170622053000,Demand,Verbal conflict
667071044,20170622,201706,CHN,CHINA,CHN,,,,,,,,USA,UNITED STATES,USA,,,,,,,,1,050,050,05,1,3.5,6,1,6,1.86219739292365,1,China,CH,CH,,35.0,105.0,CH,3,"Washington, District of Columbia, United States",US,USDC,DC001,38.8951,-77.0364,531871,1,China,CH,CH,,35.0,105.0,CH,20170622054500,Engage in diplomatic cooperation,Verbal cooperation
667076568,20170622,201706,CHN,CHINA,CHN,,,,,,,,MNCUSA,MORGAN STANLEY,USA,,,,,MNC,,,1,051,051,05,1,3.4,10,1,10,0.677966101694915,4,"Shanghai, Shanghai, China",CH,CH23,13243,31.2222,121.458,-1924465,4,"Shanghai, Shanghai, China",CH,CH23,13243,31.2222,121.458,-1924465,4,"Shanghai, Shanghai, China",CH,CH23,13243,31.2222,121.458,-1924465,20170622060000,Engage in diplomatic cooperation,Verbal cooperation
667078280,20170622,201706,USAMED,REUTERS,USA,,,,,MED,,,CHN,BEIJING,CHN,,,,,,,,1,016,016,01,1,-2.0,14,2,14,-9.62121212121211,4,"Beijing, Beijing, China",CH,CH22,13001,39.9289,116.388,-1898541,4,"Beijing, Beijing, China",CH,CH22,13001,39.9289,116.388,-1898541,4,"Beijing, Beijing, China",CH,CH22,13001,39.9289,116.388,-1898541,20170622060000,Make public statement,Verbal cooperation
667078281,20170622,201706,USAMED,REUTERS,USA,,,,,MED,,,CHNBUS,CHINESE,CHN,,,,,BUS,,,1,016,016,01,1,-2.0,6,2,6,-9.62121212121211,4,"Beijing, Beijing, China",CH,CH22,13001,39.9289,116.388,-1898541,4,"Beijing, Beijing, China",CH,CH22,13001,39.9289,116.388,-1898541,4,"Beijing, Beijing, China",CH,CH22,13001,39.9289,116.388,-1898541,20170622060000,Make public statement,Verbal cooperation
667079656,20170622,201706,MNCUSA,FORD MOTOR,USA,,,,,MNC,,,CHN,CHINA,CHN,,,,,,,,1,031,031,03,1,5.2,10,1,10,1.66666666666667,4,"Beijing, Beijing, China",CH,CH22,13001,39.9289,116.388,-1898541,4,"Beijing, Beijing, China",CH,CH22,13001,39.9289,116.388,-1898541,4,"Beijing, Beijing, China",CH,CH22,13001,39.9289,116.388,-1898541,20170622061500,Express intent to cooperate,Verbal cooperation
667083606,20170622,201706,CHN,BEIJING,CHN,,,,,,,,USA,AMERICAN,USA,,,,,,,,1,023,023,02,1,3.4,10,1,10,-0.44101433296582,3,"Washington, District of Columbia, United States",US,USDC,DC001,38.8951,-77.0364,531871,3,"Washington, District of Columbia, United States",US,USDC,DC001,38.8951,-77.0364,531871,3,"Washington, District of Columbia, United States",US,USDC,DC001,38.8951,-77.0364,531871,20170622063000,Appeal,Verbal cooperation
667084971,20170622,201706,USA,UNITED STATES,USA,,,,,,,,CHN,CHINA,CHN,,,,,,,,1,050,050,05,1,3.5,8,1,8,-2.9940119760479,2,"New York, United States",US,USNY,,42.1497,-74.9384,NY,1,China,CH,CH,,35.0,105.0,CH,1,China,CH,CH,,35.0,105.0,CH,20170622063000,Engage in diplomatic cooperation,Verbal cooperation
667085693,20170622,201706,CHN,CHINA,CHN,,,,,,,,USA,UNITED STATES,USA,,,,,,,,1,042,042,04,1,1.9,6,1,6,2.41691842900302,1,Afghanistan,AF,AF,,33.0,65.0,AF,1,Afghanistan,AF,AF,,33.0,65.0,AF,1,Afghanistan,AF,AF,,33.0,65.0,AF,20170622064500,Consult,Verbal cooperation
667085697,20170622,201706,CHN,CHINA,CHN,,,,,,,,USA,UNITED STATES,USA,,,,,,,,1,043,043,04,1,2.8,8,1,8,2.41691842900302,1,China,CH,CH,,35.0,105.0,CH,1,United States,US,US,,38.0,-97.0,US,1,China,CH,CH,,35.0,105.0,CH,20170622064500,Consult,Verbal cooperation
667086980,20170622,201706,USA,UNITED STATES,USA,,,,,,,,CHN,CHINA,CHN,,,,,,,,1,042,042,04,1,1.9,8,1,8,2.41691842900302,1,United States,US,US,,38.0,-97.0,US,1,China,CH,CH,,35.0,105.0,CH,1,China,CH,CH,,35.0,105.0,CH,20170622064500,Consult,Verbal cooperation
667086983,20170622,201706,USA,UNITED STATES,USA,,,,,,,,CHN,CHINA,CHN,,,,,,,,1,043,043,04,1,2.8,8,1,8,2.41691842900302,1,United States,US,US,,38.0,-97.0,US,1,China,CH,CH,,35.0,105.0,CH,1,China,CH,CH,,35.0,105.0,CH,20170622064500,Consult,Verbal cooperation
667092791,20170615,201706,CHN,BEIJING,CHN,,,,,,,,USA,A US,USA,,,,,,,,1,0331,033,03,1,5.2,8,1,8,2.73224043715847,4,"Cambridge, Cambridgeshire, United Kingdom",UK,UKC3,40098,52.2,0.116667,-2591658,4,"Cambridge, Cambridgeshire, United Kingdom",UK,UKC3,40098,52.2,0.116667,-2591658,4,"Cambridge, Cambridgeshire, United Kingdom",UK,UKC3,40098,52.2,0.116667,-2591658,20170622071500,Express intent to cooperate,Verbal cooperation
667093400,20170622,201706,CHNCVL,CHINESE,CHN,,,,,CVL,,,USA,NEVADA,USA,,,,,,,,1,070,070,07,2,7.0,6,1,6,1.60714285714285,2,"Nevada, United States",US,USNV,,38.4199,-117.122,NV,2,"Nevada, United States",US,USNV,,38.4199,-117.122,NV,2,"Nevada, United States",US,USNV,,38.4199,-117.122,NV,20170622071500,Provide aid,Material cooperation
667104858,20170622,201706,CHN,CHINESE,CHN,,,,,,,,USA,FLORIDA,USA,,,,,,,,1,040,040,04,1,1.0,10,1,10,2.25225225225225,4,"Shanghai, Shanghai, China",CH,CH23,13243,31.2222,121.458,-1924465,2,"Florida, United States",US,USFL,,27.8333,-81.717,FL,2,"Florida, United States",US,USFL,,27.8333,-81.717,FL,20170622080000,Consult,Verbal cooperation
667104860,20170622,201706,CHN,CHINA,CHN,,,,,,,,USA,UNITED STATES,USA,,,,,,,,1,040,040,04,1,1.0,6,1,6,1.47058823529412,1,China,CH,CH,,35.0,105.0,CH,3,"Washington, District of Columbia, United States",US,USDC,DC001,38.8951,-77.0364,531871,1,China,CH,CH,,35.0,105.0,CH,20170622080000,Consult,Verbal cooperation
667106255,20170622,201706,USA,UNITED STATES,USA,,,,,,,,CHN,CHINA,CHN,,,,,,,,1,040,040,04,1,1.0,6,1,6,1.47058823529412,3,"Washington, District of Columbia, United States",US,USDC,DC001,38.8951,-77.0364,531871,1,China,CH,CH,,35.0,105.0,CH,1,China,CH,CH,,35.0,105.0,CH,20170622080000,Consult,Verbal cooperation
667106256,20170622,201706,USA,FLORIDA,USA,,,,,,,,CHN,CHINESE,CHN,,,,,,,,1,040,040,04,1,1.0,10,1,10,2.25225225225225,2,"Florida, United States",US,USFL,,27.8333,-81.717,FL,4,"Shanghai, Shanghai, China",CH,CH23,13243,31.2222,121.458,-1924465,2,"Florida, United States",US,USFL,,27.8333,-81.717,FL,20170622080000,Consult,Verbal cooperation
667118769,20170615,201706,USA,AMERICAN,USA,,,,,,,,CHN,CHINA,CHN,,,,,,,,1,010,010,01,1,0.0,9,1,9,-2.16836734693878,2,"Texas, United States",US,USTX,,31.106,-97.6475,TX,2,"Texas, United States",US,USTX,,31.106,-97.6475,TX,2,"Texas, United States",US,USTX,,31.106,-97.6475,TX,20170622090000,Make public statement,Verbal cooperation
667120507,20170622,201706,USA,UNITED STATES,USA,,,,,,,,CHN,BEIJING,CHN,,,,,,,,1,023,023,02,1,3.4,7,3,7,-1.44794023460299,3,"The Indian, California, United States",US,USCA,CA053,36.1052,-121.436,274087,3,"Fort Worth, Texas, United States",US,USTX,,32.7254,-97.3208,1380947,3,"Fort Worth, Texas, United States",US,USTX,,32.7254,-97.3208,1380947,20170622090000,Appeal,Verbal cooperation
667132568,20170622,201706,CHN,CHINA,CHN,,,,,,,,USAGOV,THE US,USA,,,,,GOV,,,1,046,046,04,1,7.0,6,1,6,-2.74786660010934,1,China,CH,CH,,35.0,105.0,CH,1,China,CH,CH,,35.0,105.0,CH,1,North Korea,KN,KN,,40.0,127.0,KN,20170622094500,Consult,Verbal cooperation
667132578,20170622,201706,CHNGOV,XI JINPING,CHN,,,,,GOV,,,USAGOV,THE US,USA,,,,,GOV,,,1,046,046,04,1,7.0,8,1,8,-2.73657562575768,1,China,CH,CH,,35.0,105.0,CH,1,China,CH,CH,,35.0,105.0,CH,1,North Korea,KN,KN,,40.0,127.0,KN,20170622094500,Consult,Verbal cooperation
667134250,20170622,201706,USAGOV,THE US,USA,,,,,GOV,,,CHN,CHINA,CHN,,,,,,,,1,046,046,04,1,7.0,6,1,6,-2.74786660010934,1,China,CH,CH,,35.0,105.0,CH,1,China,CH,CH,,35.0,105.0,CH,1,North Korea,KN,KN,,40.0,127.0,KN,20170622094500,Consult,Verbal cooperation
667134253,20170622,201706,USAGOV,THE US,USA,,,,,GOV,,,CHNGOV,XI JINPING,CHN,,,,,GOV,,,1,046,046,04,1,7.0,8,1,8,-2.73657562575768,1,China,CH,CH,,35.0,105.0,CH,1,China,CH,CH,,35.0,105.0,CH,1,North Korea,KN,KN,,40.0,127.0,KN,20170622094500,Consult,Verbal cooperation
667138483,20170622,201706,USA,UNITED STATES,USA,,,,,,,,CHN,CHINA,CHN,,,,,,,,1,061,061,06,2,6.4,10,1,10,-1.26182965299685,2,"Florida, United States",US,USFL,,27.8333,-81.717,FL,1,China,CH,CH,,35.0,105.0,CH,2,"Florida, United States",US,USFL,,27.8333,-81.717,FL,20170622100000,Engage in material cooperation,Material cooperation
667141566,20170622,201706,CHN,CHINA,CHN,,,,,,,,USA,FLORIDA,USA,,,,,,,,1,040,040,04,1,1.0,6,1,6,-0.61855670103093,4,"Beijing, Beijing, China",CH,CH22,13001,39.9289,116.388,-1898541,2,"Florida, United States",US,USFL,,27.8333,-81.717,FL,4,"Beijing, Beijing, China",CH,CH22,13001,39.9289,116.388,-1898541,20170622103000,Consult,Verbal cooperation
667143410,20170622,201706,USA,FLORIDA,USA,,,,,,,,CHN,CHINA,CHN,,,,,,,,1,040,040,04,1,1.0,6,1,6,-0.61855670103093,2,"Florida, United States",US,USFL,,27.8333,-81.717,FL,4,"Beijing, Beijing, China",CH,CH22,13001,39.9289,116.388,-1898541,4,"Beijing, Beijing, China",CH,CH22,13001,39.9289,116.388,-1898541,20170622103000,Consult,Verbal cooperation
667148830,20170622,201706,CHN,SHANGHAI,CHN,,,,,,,,USAMED,REUTERS,USA,,,,,MED,,,1,030,030,03,1,4.0,10,1,10,2.63157894736842,4,"Shanghai, Shanghai, China",CH,CH23,13243,31.2222,121.458,-1924465,4,"Shanghai, Shanghai, China",CH,CH23,13243,31.2222,121.458,-1924465,4,"Shanghai, Shanghai, China",CH,CH23,13243,31.2222,121.458,-1924465,20170622110000,Express intent to cooperate,Verbal cooperation
667150527,20170622,201706,USAMED,REUTERS,USA,,,,,MED,,,CHN,SHANGHAI,CHN,,,,,,,,1,030,030,03,1,4.0,10,1,10,2.63157894736842,4,"Shanghai, Shanghai, China",CH,CH23,13243,31.2222,121.458,-1924465,4,"Shanghai, Shanghai, China",CH,CH23,13243,31.2222,121.458,-1924465,4,"Shanghai, Shanghai, China",CH,CH23,13243,31.2222,121.458,-1924465,20170622110000,Express intent to cooperate,Verbal cooperation
667158798,20170622,201706,CHN,CHINA,CHN,,,,,,,,USA,AMERICAN,USA,,,,,,,,1,046,046,04,1,7.0,6,1,6,0.18691588785046,4,"Kunming, Yunnan, China",CH,CH29,13303,25.0389,102.718,-1913826,1,United States,US,US,,38.0,-97.0,US,4,"Kunming, Yunnan, China",CH,CH29,13303,25.0389,102.718,-1913826,20170622113000,Consult,Verbal cooperation
667158799,20170622,201706,CHN,CHINA,CHN,,,,,,,,USA,UNITED STATES,USA,,,,,,,,1,061,061,06,2,6.4,10,1,10,2.35849056603774,4,"Bangkok, Krung Thep Mahanakhon, Thailand",TH,TH40,26423,13.75,100.517,-3250083,4,"Bangkok, Krung Thep Mahanakhon, Thailand",TH,TH40,26423,13.75,100.517,-3250083,4,"Bangkok, Krung Thep Mahanakhon, Thailand",TH,TH40,26423,13.75,100.517,-3250083,20170622113000,Engage in material cooperation,Material cooperation
667160402,20170622,201706,USA,AMERICAN,USA,,,,,,,,CHN,CHINA,CHN,,,,,,,,1,046,046,04,1,7.0,6,1,6,0.18691588785046,1,United States,US,US,,38.0,-97.0,US,4,"Kunming, Yunnan, China",CH,CH29,13303,25.0389,102.718,-1913826,4,"Kunming, Yunnan, China",CH,CH29,13303,25.0389,102.718,-1913826,20170622113000,Consult,Verbal cooperation
667162797,20170622,201706,USA,UNITED STATES,USA,,,,,,,,CHN,CHINA,CHN,,,,,,,,1,130,130,13,3,-4.4,10,1,10,-3.18840579710145,3,"Hollywood, California, United States",US,USCA,CA037,34.0983,-118.327,1660757,3,"Hollywood, California, United States",US,USCA,CA037,34.0983,-118.327,1660757,3,"Hollywood, California, United States",US,USCA,CA037,34.0983,-118.327,1660757,20170622114500,Threaten,Verbal conflict
667165646,20170622,201706,CHN,CHINA,CHN,,,,,,,,USA,THE US,USA,,,,,,,,1,040,040,04,1,1.0,8,1,8,-1.53846153846154,4,"Beijing, Beijing, China",CH,CH22,13001,39.9289,116.388,-1898541,4,"Beijing, Beijing, China",CH,CH22,13001,39.9289,116.388,-1898541,4,"Pyongyang, P'yongyang-si, North Korea",KN,KN12,39681,39.0194,125.755,-183459,20170622120000,Consult,Verbal cooperation
667165647,20170622,201706,CHN,CHINESE,CHN,,,,,,,,USA,THE US,USA,,,,,,,,1,050,050,05,1,3.5,10,1,10,-8.62068965517241,4,"Shanghai, Shanghai, China",CH,CH23,13243,31.2222,121.458,-1924465,4,"Shanghai, Shanghai, China",CH,CH23,13243,31.2222,121.458,-1924465,4,"Shanghai, Shanghai, China",CH,CH23,13243,31.2222,121.458,-1924465,20170622120000,Engage in diplomatic cooperation,Verbal cooperation
667165648,20170622,201706,CHN,CHINA,CHN,,,,,,,,USA,UNITED STATES,USA,,,,,,,,1,061,061,06,2,6.4,10,1,10,2.35546038543897,1,Thailand,TH,TH,,15.0,100.0,TH,1,Thailand,TH,TH,,15.0,100.0,TH,1,Thailand,TH,TH,,15.0,100.0,TH,20170622120000,Engage in material cooperation,Material cooperation
667165649,20170622,201706,CHN,CHINESE,CHN,,,,,,,,USA,THE US,USA,,,,,,,,1,090,090,09,2,-2.0,10,1,10,-8.62068965517241,4,"Shanghai, Shanghai, China",CH,CH23,13243,31.2222,121.458,-1924465,4,"Shanghai, Shanghai, China",CH,CH23,13243,31.2222,121.458,-1924465,4,"Shanghai, Shanghai, China",CH,CH23,13243,31.2222,121.458,-1924465,20170622120000,Investigate,Material cooperation
667165650,20170622,201706,CHN,CHINA,CHN,,,,,,,,USA,UNITED STATES,USA,,,,,,,,1,141,141,14,3,-6.5,10,1,10,0.0,1,China,CH,CH,,35.0,105.0,CH,1,China,CH,CH,,35.0,105.0,CH,1,China,CH,CH,,35.0,105.0,CH,20170622120000,Protest,Verbal conflict
667167104,20170622,201706,USA,THE US,USA,,,,,,,,CHN,CHINA,CHN,,,,,,,,1,040,040,04,1,1.0,8,1,8,-1.53846153846154,4,"Beijing, Beijing, China",CH,CH22,13001,39.9289,116.388,-1898541,4,"Beijing, Beijing, China",CH,CH22,13001,39.9289,116.388,-1898541,4,"Pyongyang, P'yongyang-si, North Korea",KN,KN12,39681,39.0194,125.755,-183459,20170622120000,Consult,Verbal cooperation
667167105,20170622,201706,USA,THE US,USA,,,,,,,,CHN,CHINESE,CHN,,,,,,,,1,050,050,05,1,3.5,10,1,10,-8.62068965517241,4,"Shanghai, Shanghai, China",CH,CH23,13243,31.2222,121.458,-1924465,4,"Shanghai, Shanghai, China",CH,CH23,13243,31.2222,121.458,-1924465,4,"Shanghai, Shanghai, China",CH,CH23,13243,31.2222,121.458,-1924465,20170622120000,Engage in diplomatic cooperation,Verbal cooperation
667169924,20170622,201706,CHN,CHINA,CHN,,,,,,,,USA,UNITED STATES,USA,,,,,,,,1,051,051,05,1,3.4,8,1,8,-3.75335120643432,4,"Beijing, Beijing, China",CH,CH22,13001,39.9289,116.388,-1898541,2,"New York, United States",US,USNY,,42.1497,-74.9384,NY,2,"New York, United States",US,USNY,,42.1497,-74.9384,NY,20170622121500,Engage in diplomatic cooperation,Verbal cooperation
667171586,20170622,201706,USAMED,REUTERS,USA,,,,,MED,,,CHN,CHINA,CHN,,,,,,,,1,010,010,01,1,0.0,10,1,10,0.0,1,China,CH,CH,,35.0,105.0,CH,1,China,CH,CH,,35.0,105.0,CH,1,China,CH,CH,,35.0,105.0,CH,20170622121500,Make public statement,Verbal cooperation
667171587,20170622,201706,USAMED,REUTERS,USA,,,,,MED,,,CHN,CHINA,CHN,,,,,,,,1,040,040,04,1,1.0,10,1,10,0.0,1,China,CH,CH,,35.0,105.0,CH,1,China,CH,CH,,35.0,105.0,CH,1,China,CH,CH,,35.0,105.0,CH,20170622121500,Consult,Verbal cooperation
667176092,20170622,201706,CHN,CHINESE,CHN,,,,,,,,USA,LOS ANGELES,USA,,,,,,,,1,042,042,04,1,1.9,30,3,30,3.44036697247707,4,"Paris, France (general), France",FR,FR00,16282,48.8667,2.33333,-1456928,4,"Paris, France (general), France",FR,FR00,16282,48.8667,2.33333,-1456928,4,"Paris, France (general), France",FR,FR00,16282,48.8667,2.33333,-1456928,20170622123000,Consult,Verbal cooperation
667177499,20170622,201706,USA,THE US,USA,,,,,,,,CHN,CHINA,CHN,,,,,,,,1,0311,031,03,1,5.2,10,1,10,-0.3708281829419,1,China,CH,CH,,35.0,105.0,CH,1,China,CH,CH,,35.0,105.0,CH,1,China,CH,CH,,35.0,105.0,CH,20170622123000,Express intent to cooperate,Verbal cooperation
667177500,20170622,201706,USA,ALASKA,USA,,,,,,,,CHN,CHINA,CHN,,,,,,,,1,061,061,06,2,6.4,10,1,10,0.69204152249135,3,"Sand Point, Alaska, United States",US,USAK,AK013,55.3397,-160.497,1419182,3,"Sand Point, Alaska, United States",US,USAK,,55.3397,-160.497,1419182,3,"Sand Point, Alaska, United States",US,USAK,,55.3397,-160.497,1419182,20170622123000,Engage in material cooperation,Material cooperation
667180298,20170622,201706,CHN,CHINA,CHN,,,,,,,,USA,WASHINGTON,USA,,,,,,,,1,020,020,02,1,3.0,8,1,8,2.39852398523985,4,"Beijing, Beijing, China",CH,CH22,13001,39.9289,116.388,-1898541,3,"Washington, District of Columbia, United States",US,USDC,DC001,38.8951,-77.0364,531871,4,"Beijing, Beijing, China",CH,CH22,13001,39.9289,116.388,-1898541,20170622124500,Appeal,Verbal cooperation
667180303,20170622,201706,CHN,CHINESE,CHN,,,,,,,,USA,FLORIDA,USA,,,,,,,,1,040,040,04,1,1.0,7,1,7,-2.15982721382289,4,"Beijing, Beijing, China",CH,CH22,13001,39.9289,116.388,-1898541,4,"Seoul, Soul-t'ukpyolsi, South Korea",KS,KS11,24984,37.5664,127.0,-716583,4,"Seoul, Soul-t'ukpyolsi, South Korea",KS,KS11,24984,37.5664,127.0,-716583,20170622124500,Consult,Verbal cooperation
667180307,20170622,201706,CHN,CHINESE,CHN,,,,,,,,USAMED,REUTERS,USA,,,,,MED,,,1,012,012,01,1,-0.4,6,1,6,1.86915887850467,4,"Beijing, Beijing, China",CH,CH22,13001,39.9289,116.388,-1898541,1,North Korea,KN,KN,,40.0,127.0,KN,1,North Korea,KN,KN,,40.0,127.0,KN,20170622124500,Make public statement,Verbal cooperation
667189273,20170622,201706,USACOP,ILLINOIS,USA,,,,,COP,,,CHNEDU,CHINESE,CHN,,,,,EDU,,,1,090,090,09,2,-2.0,6,1,6,0.0,1,China,CH,CH,,35.0,105.0,CH,1,China,CH,CH,,35.0,105.0,CH,1,China,CH,CH,,35.0,105.0,CH,20170622131500,Investigate,Material cooperation
667200733,20170523,201705,CHN,CHINA,CHN,,,,,,,,USA,UNITED STATES,USA,,,,,,,,1,040,040,04,1,1.0,8,1,8,1.23456790123457,1,China,CH,CH,,35.0,105.0,CH,1,China,CH,CH,,35.0,105.0,CH,3,"Washington, District of Columbia, United States",US,USDC,DC001,38.8951,-77.0364,531871,20170622140000,Consult,Verbal cooperation
667203046,20170622,201706,USA,CALIF,USA,,,,,,,,CHNGOV,CHINA,CHN,,,,,GOV,,,1,051,051,05,1,3.4,10,1,10,0.0,1,China,CH,CH,,35.0,105.0,CH,1,China,CH,CH,,35.0,105.0,CH,1,China,CH,CH,,35.0,105.0,CH,20170622140000,Engage in diplomatic cooperation,Verbal cooperation
667218920,20170622,201706,USA,NEW YORK,USA,,,,,,,,CHN,CHINESE,CHN,,,,,,,,1,073,073,07,2,7.4,10,1,10,3.96475770925111,2,"New York, United States",US,USNY,,42.1497,-74.9384,NY,2,"New York, United States",US,USNY,,42.1497,-74.9384,NY,2,"New York, United States",US,USNY,,42.1497,-74.9384,NY,20170622144500,Provide aid,Material cooperation
667218921,20170622,201706,USA,UNITED STATES,USA,,,,,,,,CHN,CHINA,CHN,,,,,,,,1,130,130,13,3,-4.4,10,1,10,-5.48780487804878,4,"Athens, AttikíR, Greece",GR,GR35,16716,37.9833,23.7333,-814876,4,"Athens, AttikíR, Greece",GR,GR35,16716,37.9833,23.7333,-814876,4,"Athens, AttikíR, Greece",GR,GR35,16716,37.9833,23.7333,-814876,20170622144500,Threaten,Verbal conflict
667226396,20170622,201706,CHN,ZHEJIANG,CHN,,,,,,,,USAMED,REUTERS,USA,,,,,MED,,,1,013,013,01,1,0.4,7,1,7,-3.51758793969849,4,"Anbang, Zhejiang, China",CH,CH02,13323,30.5336,120.374,11006456,4,"Anbang, Zhejiang, China",CH,CH02,13323,30.5336,120.374,11006456,4,"Anbang, Zhejiang, China",CH,CH02,13323,30.5336,120.374,11006456,20170622153000,Make public statement,Verbal cooperation
667230903,20170622,201706,USA,UNITED STATES,USA,,,,,,,,CHN,CHINA,CHN,,,,,,,,1,0311,031,03,1,5.2,6,1,6,4.4776119402985,2,"Kansas, United States",US,USKS,,38.5111,-96.8005,KS,1,China,CH,CH,,35.0,105.0,CH,1,China,CH,CH,,35.0,105.0,CH,20170622154500,Express intent to cooperate,Verbal cooperation
667235541,20170622,201706,CHN,CHINA,CHN,,,,,,,,USA,UNITED STATES,USA,,,,,,,,1,043,043,04,1,2.8,20,10,20,0.0,1,China,CH,CH,,35.0,105.0,CH,2,"Tennessee, United States",US,USTN,,35.7449,-86.7489,TN,1,Germany,GM,GM,,51.0,9.0,GM,20170622160000,Consult,Verbal cooperation
667235542,20170622,201706,CHN,CHINA,CHN,,,,,,,,USA,UNITED STATES,USA,,,,,,,,1,043,043,04,1,2.8,20,10,20,0.0,1,Germany,GM,GM,,51.0,9.0,GM,2,"Tennessee, United States",US,USTN,,35.7449,-86.7489,TN,2,"Tennessee, United States",US,USTN,,35.7449,-86.7489,TN,20170622160000,Consult,Verbal cooperation
667237353,20170622,201706,USA,UNITED STATES,USA,,,,,,,,CHN,CHINA,CHN,,,,,,,,1,042,042,04,1,1.9,20,10,20,0.0,2,"Tennessee, United States",US,USTN,,35.7449,-86.7489,TN,1,China,CH,CH,,35.0,105.0,CH,1,Germany,GM,GM,,51.0,9.0,GM,20170622160000,Consult,Verbal cooperation
667237354,20170622,201706,USA,UNITED STATES,USA,,,,,,,,CHN,CHINA,CHN,,,,,,,,1,042,042,04,1,1.9,20,10,20,0.0,2,"Tennessee, United States",US,USTN,,35.7449,-86.7489,TN,1,Germany,GM,GM,,51.0,9.0,GM,2,"Tennessee, United States",US,USTN,,35.7449,-86.7489,TN,20170622160000,Consult,Verbal cooperation
667240115,20170622,201706,CHN,CHINA,CHN,,,,,,,,USA,NEW YORK,USA,,,,,,,,1,043,043,04,1,2.8,6,1,6,-2.78086763070078,4,"Fuyao, Fujian, China",CH,CH07,13013,26.8081,119.464,-1905911,2,"New York, United States",US,USNY,,42.1497,-74.9384,NY,2,"New York, United States",US,USNY,,42.1497,-74.9384,NY,20170622161500,Consult,Verbal cooperation
667241971,20170622,201706,USA,NEW YORK,USA,,,,,,,,CHN,CHINA,CHN,,,,,,,,1,042,042,04,1,1.9,7,1,7,-2.78086763070078,2,"New York, United States",US,USNY,,42.1497,-74.9384,NY,4,"Fuyao, Fujian, China",CH,CH07,13013,26.8081,119.464,-1905911,2,"New York, United States",US,USNY,,42.1497,-74.9384,NY,20170622161500,Consult,Verbal cooperation
667241972,20170622,201706,USA,FLORIDA,USA,,,,,,,,CHNGOV,CHINESE,CHN,,,,,GOV,,,1,040,040,04,1,1.0,6,1,6,1.23076923076923,2,"Florida, United States",US,USFL,,27.8333,-81.717,FL,1,China,CH,CH,,35.0,105.0,CH,1,China,CH,CH,,35.0,105.0,CH,20170622161500,Consult,Verbal cooperation
667242883,20170622,201706,CHN,CHINA,CHN,,,,,,,,MNCUSA,MICROSOFT,USA,,,,,MNC,,,1,043,043,04,1,2.8,10,1,10,8.63157894736842,4,"Beijing, Beijing, China",CH,CH22,13001,39.9289,116.388,-1898541,4,"Beijing, Beijing, China",CH,CH22,13001,39.9289,116.388,-1898541,4,"Beijing, Beijing, China",CH,CH22,13001,39.9289,116.388,-1898541,20170622163000,Consult,Verbal cooperation
667243994,20170622,201706,MNCUSA,MICROSOFT,USA,,,,,MNC,,,CHN,CHINA,CHN,,,,,,,,1,042,042,04,1,1.9,10,1,10,8.63157894736842,4,"Beijing, Beijing, China",CH,CH22,13001,39.9289,116.388,-1898541,4,"Beijing, Beijing, China",CH,CH22,13001,39.9289,116.388,-1898541,4,"Beijing, Beijing, China",CH,CH22,13001,39.9289,116.388,-1898541,20170622163000,Consult,Verbal cooperation
667243995,20170622,201706,MNCUSA,MICROSOFT,USA,,,,,MNC,,,CHN,CHINA,CHN,,,,,,,,1,051,051,05,1,3.4,10,1,10,8.63157894736842,4,"Shanghai, Shanghai, China",CH,CH23,13243,31.2222,121.458,-1924465,4,"Shanghai, Shanghai, China",CH,CH23,13243,31.2222,121.458,-1924465,4,"Shanghai, Shanghai, China",CH,CH23,13243,31.2222,121.458,-1924465,20170622163000,Engage in diplomatic cooperation,Verbal cooperation
667244761,20170622,201706,USAMED,REUTERS,USA,,,,,MED,,,CHN,CHINA,CHN,,,,,,,,1,100,100,10,3,-5.0,8,1,8,-4.24242424242424,4,"Seoul, Soul-t'ukpyolsi, South Korea",KS,KS11,24984,37.5664,127.0,-716583,4,"Beijing, Beijing, China",CH,CH22,13001,39.9289,116.388,-1898541,4,"Beijing, Beijing, China",CH,CH22,13001,39.9289,116.388,-1898541,20170622163000,Demand,Verbal conflict
667244763,20170622,201706,USAMED,REUTERS,USA,,,,,MED,,,CHN,CHINA,CHN,,,,,,,,1,100,100,10,3,-5.0,8,1,8,-4.24242424242424,3,"Washington, District of Columbia, United States",US,USDC,DC001,38.8951,-77.0364,531871,4,"Beijing, Beijing, China",CH,CH22,13001,39.9289,116.388,-1898541,4,"Beijing, Beijing, China",CH,CH22,13001,39.9289,116.388,-1898541,20170622163000,Demand,Verbal conflict
667249060,20170622,201706,CHNGOV,CHINESE,CHN,,,,,GOV,,,USAGOV,AMERICAN,USA,,,,,GOV,,,1,010,010,01,1,0.0,6,1,6,-3.31632653061225,4,"Yuchin, Shaanxi, China",CH,CH26,13219,34.5151,109.245,-1937429,4,"Yuchin, Shaanxi, China",CH,CH26,13219,34.5151,109.245,-1937429,4,"Yuchin, Shaanxi, China",CH,CH26,13219,34.5151,109.245,-1937429,20170622170000,Make public statement,Verbal cooperation
667249061,20170622,201706,CHNGOV,CHINESE,CHN,,,,,GOV,,,USAGOV,AMERICAN,USA,,,,,GOV,,,1,172,172,17,4,-5.0,6,1,6,-3.31632653061225,4,"Yulin, Guangxi, China",CH,CH16,13057,22.6333,110.15,-1937457,1,United States,US,US,,38.0,-97.0,US,1,United States,US,US,,38.0,-97.0,US,20170622170000,Coerce,Material conflict
667253213,20160622,201606,CHN,CHINA,CHN,,,,,,,,USA,AMERICAN,USA,,,,,,,,1,061,061,06,2,6.4,8,1,8,0.26246719160105,1,China,CH,CH,,35.0,105.0,CH,2,"Virginia, United States",US,USVA,,37.768,-78.2057,VA,1,China,CH,CH,,35.0,105.0,CH,20170622171500,Engage in material cooperation,Material cooperation
667256054,20170622,201706,USA,THE US,USA,,,,,,,,CHNBUS,CHINESE,CHN,,,,,BUS,,,1,163,163,16,4,-8.0,6,1,6,-6.48464163822525,4,"Beijing, Beijing, China",CH,CH22,13001,39.9289,116.388,-1898541,4,"Beijing, Beijing, China",CH,CH22,13001,39.9289,116.388,-1898541,4,"Beijing, Beijing, China",CH,CH22,13001,39.9289,116.388,-1898541,20170622171500,Reduce relations,Material conflict
667263070,20170622,201706,USA,UNITED STATES,USA,,,,,,,,CHN,CHINA,CHN,,,,,,,,1,130,130,13,3,-4.4,16,1,16,-3.60530117454934,3,"Washington, District of Columbia, United States",US,USDC,DC001,38.8951,-77.0364,531871,4,"Beijing, Beijing, China",CH,CH22,13001,39.9289,116.388,-1898541,4,"Beijing, Beijing, China",CH,CH22,13001,39.9289,116.388,-1898541,20170622174500,Threaten,Verbal conflict
667267113,20170622,201706,CHN,CHINA,CHN,,,,,,,,MNCUSAMED,QUALCOMM,USA,,,,,MNC,MED,,1,020,020,02,1,3.0,10,1,10,0.0,1,China,CH,CH,,35.0,105.0,CH,1,China,CH,CH,,35.0,105.0,CH,1,China,CH,CH,,35.0,105.0,CH,20170622180000,Appeal,Verbal cooperation
667267116,20170622,201706,CHN,CHINA,CHN,,,,,,,,USA,DETROIT,USA,,,,,,,,1,061,061,06,2,6.4,8,1,8,1.00334448160535,1,China,CH,CH,,35.0,105.0,CH,2,"Michigan, United States",US,USMI,,43.3504,-84.5603,MI,2,"Michigan, United States",US,USMI,,43.3504,-84.5603,MI,20170622180000,Engage in material cooperation,Material cooperation
667268798,20170622,201706,USA,DETROIT,USA,,,,,,,,CHN,CHINA,CHN,,,,,,,,1,061,061,06,2,6.4,10,1,10,1.00334448160535,3,"Cobo Center, Michigan, United States",US,USMI,MI163,42.3267,-83.0494,623525,1,China,CH,CH,,35.0,105.0,CH,1,China,CH,CH,,35.0,105.0,CH,20170622180000,Engage in material cooperation,Material cooperation
667273187,20170622,201706,USA,ALASKA,USA,,,,,,,,CHN,CHINA,CHN,,,,,,,,1,061,061,06,2,6.4,10,1,10,0.729335494327386,2,"Alaska, United States",US,USAK,,61.385,-152.268,AK,2,"Alaska, United States",US,USAK,,61.385,-152.268,AK,2,"Alaska, United States",US,USAK,,61.385,-152.268,AK,20170622183000,Engage in material cooperation,Material cooperation
667273188,20170622,201706,USA,UNITED STATES,USA,,,,,,,,CHN,CHINESE,CHN,,,,,,,,1,080,080,08,2,5.0,6,1,6,-2.13523131672598,2,"Florida, United States",US,USFL,,27.8333,-81.717,FL,4,"Beijing, Beijing, China",CH,CH22,13001,39.9289,116.388,-1898541,4,"Beijing, Beijing, China",CH,CH22,13001,39.9289,116.388,-1898541,20170622183000,Yield,Material cooperation
667279781,20170622,201706,CHN,CHINESE,CHN,,,,,,,,USA,AMERICAN,USA,,,,,,,,1,010,010,01,1,0.0,8,1,8,1.25,4,"Indian Ocean, ,",OC,OCOC,18585,-10.0,70.0,-1506375,1,United States,US,US,,38.0,-97.0,US,1,United States,US,US,,38.0,-97.0,US,20170622190000,Make public statement,Verbal cooperation
667279783,20170622,201706,CHN,CANTON,CHN,,,,,,,,USA,LAWRENCE,USA,,,,,,,,1,173,173,17,4,-5.0,10,1,10,-2.03761755485893,1,China,CH,CH,,35.0,105.0,CH,1,China,CH,CH,,35.0,105.0,CH,1,China,CH,CH,,35.0,105.0,CH,20170622190000,Coerce,Material conflict
667281484,20170622,201706,USA,LAWRENCE,USA,,,,,,,,CHN,CANTON,CHN,,,,,,,,1,173,173,17,4,-5.0,10,1,10,-2.03761755485893,1,China,CH,CH,,35.0,105.0,CH,1,China,CH,CH,,35.0,105.0,CH,1,China,CH,CH,,35.0,105.0,CH,20170622190000,Coerce,Material conflict
667287574,20170523,201705,CHN,BEIJING,CHN,,,,,,,,USAELI,IOWA,USA,,,,,ELI,,,1,043,043,04,1,2.8,6,1,6,0.72992700729927,4,"Beijing, Beijing, China",CH,CH22,13001,39.9289,116.388,-1898541,2,"Iowa, United States",US,USIA,,42.0046,-93.214,IA,4,"Beijing, Beijing, China",CH,CH22,13001,39.9289,116.388,-1898541,20170622193000,Consult,Verbal cooperation
667287592,20170523,201705,USAELI,IOWA,USA,,,,,ELI,,,CHN,BEIJING,CHN,,,,,,,,1,042,042,04,1,1.9,6,1,6,0.72992700729927,2,"Iowa, United States",US,USIA,,42.0046,-93.214,IA,4,"Beijing, Beijing, China",CH,CH22,13001,39.9289,116.388,-1898541,4,"Beijing, Beijing, China",CH,CH22,13001,39.9289,116.388,-1898541,20170622193000,Consult,Verbal cooperation
667288135,20170622,201706,CHN,CHINA,CHN,,,,,,,,USA,UNITED STATES,USA,,,,,,,,1,040,040,04,1,1.0,10,5,10,-3.86272266286347,3,"Leesburg, Virginia, United States",US,USVA,VA107,39.1157,-77.5636,1498505,3,"Leesburg, Virginia, United States",US,USVA,VA107,39.1157,-77.5636,1498505,3,"Leesburg, Virginia, United States",US,USVA,VA107,39.1157,-77.5636,1498505,20170622193000,Consult,Verbal cooperation
667288136,20170622,201706,CHN,CHINA,CHN,,,,,,,,USA,UNITED STATES,USA,,,,,,,,1,040,040,04,1,1.0,8,4,8,-3.5528931244977,1,China,CH,CH,,35.0,105.0,CH,3,"Leesburg, Virginia, United States",US,USVA,VA107,39.1157,-77.5636,1498505,1,China,CH,CH,,35.0,105.0,CH,20170622193000,Consult,Verbal cooperation
667288138,20170622,201706,CHN,CHINA,CHN,,,,,,,,USA,UNITED STATES,USA,,,,,,,,1,043,043,04,1,2.8,10,5,10,-3.86272266286347,3,"Leesburg, Virginia, United States",US,USVA,VA107,39.1157,-77.5636,1498505,3,"Leesburg, Virginia, United States",US,USVA,VA107,39.1157,-77.5636,1498505,3,"Leesburg, Virginia, United States",US,USVA,VA107,39.1157,-77.5636,1498505,20170622193000,Consult,Verbal cooperation
667288139,20170622,201706,CHN,CHINA,CHN,,,,,,,,USA,UNITED STATES,USA,,,,,,,,1,043,043,04,1,2.8,8,4,8,-3.5528931244977,1,China,CH,CH,,35.0,105.0,CH,3,"Leesburg, Virginia, United States",US,USVA,VA107,39.1157,-77.5636,1498505,1,China,CH,CH,,35.0,105.0,CH,20170622193000,Consult,Verbal cooperation
667289869,20170622,201706,USA,UNITED STATES,USA,,,,,,,,CHN,CHINA,CHN,,,,,,,,1,040,040,04,1,1.0,10,5,10,-3.86272266286347,3,"Leesburg, Virginia, United States",US,USVA,VA107,39.1157,-77.5636,1498505,3,"Leesburg, Virginia, United States",US,USVA,VA107,39.1157,-77.5636,1498505,3,"Leesburg, Virginia, United States",US,USVA,VA107,39.1157,-77.5636,1498505,20170622193000,Consult,Verbal cooperation
667289870,20170622,201706,USA,UNITED STATES,USA,,,,,,,,CHN,CHINA,CHN,,,,,,,,1,040,040,04,1,1.0,8,4,8,-3.5528931244977,3,"Leesburg, Virginia, United States",US,USVA,VA107,39.1157,-77.5636,1498505,1,China,CH,CH,,35.0,105.0,CH,1,China,CH,CH,,35.0,105.0,CH,20170622193000,Consult,Verbal cooperation
667289872,20170622,201706,USA,UNITED STATES,USA,,,,,,,,CHN,CHINA,CHN,,,,,,,,1,042,042,04,1,1.9,10,5,10,-3.86272266286347,3,"Leesburg, Virginia, United States",US,USVA,VA107,39.1157,-77.5636,1498505,3,"Leesburg, Virginia, United States",US,USVA,VA107,39.1157,-77.5636,1498505,3,"Leesburg, Virginia, United States",US,USVA,VA107,39.1157,-77.5636,1498505,20170622193000,Consult,Verbal cooperation
667289873,20170622,201706,USA,UNITED STATES,USA,,,,,,,,CHN,CHINA,CHN,,,,,,,,1,042,042,04,1,1.9,8,4,8,-3.5528931244977,3,"Leesburg, Virginia, United States",US,USVA,VA107,39.1157,-77.5636,1498505,1,China,CH,CH,,35.0,105.0,CH,1,China,CH,CH,,35.0,105.0,CH,20170622193000,Consult,Verbal cooperation
667299168,20170622,201706,CHNEDU,CHINA,CHN,,,,,EDU,,,USA,UNITED STATES,USA,,,,,,,,1,020,020,02,1,3.0,14,6,14,-1.35255598590806,2,"Illinois, United States",US,USIL,,40.3363,-89.0022,IL,2,"Illinois, United States",US,USIL,,40.3363,-89.0022,IL,2,"Illinois, United States",US,USIL,,40.3363,-89.0022,IL,20170622201500,Appeal,Verbal cooperation
667299169,20170622,201706,CHNEDU,CHINESE,CHN,,,,,EDU,,,USAEDU,ILLINOIS,USA,,,,,EDU,,,1,020,020,02,1,3.0,12,6,12,-1.34488175045917,2,"Illinois, United States",US,USIL,,40.3363,-89.0022,IL,2,"Illinois, United States",US,USIL,,40.3363,-89.0022,IL,2,"Illinois, United States",US,USIL,,40.3363,-89.0022,IL,20170622201500,Appeal,Verbal cooperation
667300487,20170622,201706,USA,UNITED STATES,USA,,,,,,,,CHNEDU,CHINA,CHN,,,,,EDU,,,1,020,020,02,1,3.0,20,5,20,-1.33413782083072,2,"Illinois, United States",US,USIL,,40.3363,-89.0022,IL,2,"Illinois, United States",US,USIL,,40.3363,-89.0022,IL,2,"Illinois, United States",US,USIL,,40.3363,-89.0022,IL,20170622201500,Appeal,Verbal cooperation
667300488,20170622,201706,USA,UNITED STATES,USA,,,,,,,,CHNEDU,CHINA,CHN,,,,,EDU,,,1,0841,084,08,2,7.0,22,6,22,-1.3399981460826,3,"University Of Illinois, Illinois, United States",US,USIL,IL019,40.1086,-88.2284,420156,1,China,CH,CH,,35.0,105.0,CH,3,"Champaign, Illinois, United States",US,USIL,IL019,40.1164,-88.2434,405936,20170622201500,Yield,Material cooperation
667300489,20170622,201706,USA,UNITED STATES,USA,,,,,,,,CHNEDU,CHINA,CHN,,,,,EDU,,,1,0841,084,08,2,7.0,24,6,24,-1.34488175045917,3,"University Of Illinois, Illinois, United States",US,USIL,IL019,40.1086,-88.2284,420156,1,China,CH,CH,,35.0,105.0,CH,3,"University Of Illinois, Illinois, United States",US,USIL,,40.1086,-88.2284,420156,20170622201500,Yield,Material cooperation
667300721,20170622,201706,USAEDU,ILLINOIS,USA,,,,,EDU,,,CHNEDU,CHINESE,CHN,,,,,EDU,,,1,0841,084,08,2,7.0,12,6,12,-1.34488175045917,3,"University Of Illinois, Illinois, United States",US,USIL,IL019,40.1086,-88.2284,420156,1,China,CH,CH,,35.0,105.0,CH,3,"University Of Illinois, Illinois, United States",US,USIL,,40.1086,-88.2284,420156,20170622201500,Yield,Material cooperation
667303467,20170622,201706,USA,VIRGINIA,USA,,,,,,,,CHN,CHINA,CHN,,,,,,,,1,090,090,09,2,-2.0,8,1,8,-5.55555555555556,2,"Virginia, United States",US,USVA,,37.768,-78.2057,VA,1,China,CH,CH,,35.0,105.0,CH,1,China,CH,CH,,35.0,105.0,CH,20170622203000,Investigate,Material cooperation
667305585,20170622,201706,CHN,SHANGHAI,CHN,,,,,,,,USA,VIRGINIA,USA,,,,,,,,1,043,043,04,1,2.8,10,1,10,-4.8,4,"Shanghai, Shanghai, China",CH,CH23,13243,31.2222,121.458,-1924465,2,"Virginia, United States",US,USVA,,37.768,-78.2057,VA,4,"Shanghai, Shanghai, China",CH,CH23,13243,31.2222,121.458,-1924465,20170622204500,Consult,Verbal cooperation
667306925,20170622,201706,USA,VIRGINIA,USA,,,,,,,,CHN,SHANGHAI,CHN,,,,,,,,1,042,042,04,1,1.9,10,1,10,-4.8,3,"Chicago, Illinois, United States",US,USIL,IL031,41.85,-87.6501,423587,3,"Chicago, Illinois, United States",US,USIL,IL031,41.85,-87.6501,423587,3,"Chicago, Illinois, United States",US,USIL,IL031,41.85,-87.6501,423587,20170622204500,Consult,Verbal cooperation
667307898,20170622,201706,CHN,CHINA,CHN,,,,,,,,USA,UNITED STATES,USA,,,,,,,,1,040,040,04,1,1.0,6,3,6,0.36696043692016,1,China,CH,CH,,35.0,105.0,CH,3,"Champaign, Illinois, United States",US,USIL,IL019,40.1164,-88.2434,405936,1,China,CH,CH,,35.0,105.0,CH,20170622213000,Consult,Verbal cooperation
667307901,20170622,201706,CHN,CHINA,CHN,,,,,,,,USA,ILLINOIS,USA,,,,,,,,1,042,042,04,1,1.9,9,3,9,0.36696043692016,3,"University Of Illinois, Illinois, United States",US,USIL,IL019,40.1086,-88.2284,420156,3,"University Of Illinois, Illinois, United States",US,USIL,,40.1086,-88.2284,420156,3,"University Of Illinois, Illinois, United States",US,USIL,,40.1086,-88.2284,420156,20170622213000,Consult,Verbal cooperation
667307902,20170622,201706,CHN,CHINA,CHN,,,,,,,,USA,ILLINOIS,USA,,,,,,,,1,042,042,04,1,1.9,6,3,6,0.36696043692016,3,"Urbana, Illinois, United States",US,USIL,IL019,40.1106,-88.2073,420182,3,"Urbana, Illinois, United States",US,USIL,IL019,40.1106,-88.2073,420182,3,"Urbana, Illinois, United States",US,USIL,IL019,40.1106,-88.2073,420182,20170622213000,Consult,Verbal cooperation
667307907,20170622,201706,CHNEDU,CHINA,CHN,,,,,EDU,,,USA,UNITED STATES,USA,,,,,,,,1,020,020,02,1,3.0,6,3,6,0.36696043692016,3,"Urbana, Illinois, United States",US,USIL,IL019,40.1106,-88.2073,420182,3,"Urbana, Illinois, United States",US,USIL,IL019,40.1106,-88.2073,420182,3,"Urbana, Illinois, United States",US,USIL,IL019,40.1106,-88.2073,420182,20170622213000,Appeal,Verbal cooperation
667309521,20170622,201706,USA,UNITED STATES,USA,,,,,,,,CHN,CHINA,CHN,,,,,,,,1,040,040,04,1,1.0,6,3,6,0.36696043692016,3,"Champaign, Illinois, United States",US,USIL,IL019,40.1164,-88.2434,405936,1,China,CH,CH,,35.0,105.0,CH,1,China,CH,CH,,35.0,105.0,CH,20170622213000,Consult,Verbal cooperation
667309527,20170622,201706,USA,ILLINOIS,USA,,,,,,,,CHN,CHINA,CHN,,,,,,,,1,043,043,04,1,2.8,9,3,9,0.36696043692016,2,"Illinois, United States",US,USIL,,40.3363,-89.0022,IL,1,China,CH,CH,,35.0,105.0,CH,2,"Illinois, United States",US,USIL,,40.3363,-89.0022,IL,20170622213000,Consult,Verbal cooperation
667309531,20170622,201706,USA,UNITED STATES,USA,,,,,,,,CHNEDU,CHINA,CHN,,,,,EDU,,,1,020,020,02,1,3.0,6,3,6,0.36696043692016,3,"University Of Illinois, Illinois, United States",US,USIL,IL019,40.1086,-88.2284,420156,3,"University Of Illinois, Illinois, United States",US,USIL,,40.1086,-88.2284,420156,3,"University Of Illinois, Illinois, United States",US,USIL,,40.1086,-88.2284,420156,20170622213000,Appeal,Verbal cooperation
667309532,20170622,201706,USA,UNITED STATES,USA,,,,,,,,CHNEDU,CHINA,CHN,,,,,EDU,,,1,0841,084,08,2,7.0,6,3,6,0.36696043692016,3,"University Of Illinois, Illinois, United States",US,USIL,IL019,40.1086,-88.2284,420156,1,China,CH,CH,,35.0,105.0,CH,3,"Urbana, Illinois, United States",US,USIL,IL019,40.1106,-88.2073,420182,20170622213000,Yield,Material cooperation
667309928,20170622,201706,USAJUD,HARTFORD,USA,,,,,JUD,,,CHN,CHINA,CHN,,,,,,,,1,173,173,17,4,-5.0,12,6,12,-8.33973952410113,4,"Yu Long, Yunnan, China",CH,CH29,13308,24.4415,103.322,10280313,4,"Yu Long, Yunnan, China",CH,CH29,13308,24.4415,103.322,10280313,4,"Yu Long, Yunnan, China",CH,CH29,13308,24.4415,103.322,10280313,20170622213000,Coerce,Material conflict
667309929,20170622,201706,USAJUD,HARTFORD,USA,,,,,JUD,,,CHNCVL,CHINA,CHN,,,,,CVL,,,1,173,173,17,4,-5.0,24,6,24,-8.33973952410112,4,"Yu Long, Yunnan, China",CH,CH29,13308,24.4415,103.322,10280313,4,"Yu Long, Yunnan, China",CH,CH29,13308,24.4415,103.322,10280313,4,"Yu Long, Yunnan, China",CH,CH29,13308,24.4415,103.322,10280313,20170622213000,Coerce,Material conflict
667313443,20170622,201706,USA,VIRGINIA,USA,,,,,,,,CHN,SHANGHAI,CHN,,,,,,,,1,042,042,04,1,1.9,10,1,10,-2.40963855421686,4,"Shanghai, Shanghai, China",CH,CH23,13243,31.2222,121.458,-1924465,4,"Shanghai, Shanghai, China",CH,CH23,13243,31.2222,121.458,-1924465,4,"Shanghai, Shanghai, China",CH,CH23,13243,31.2222,121.458,-1924465,20170622214500,Consult,Verbal cooperation
667313446,20170622,201706,USA,UNITED STATES,USA,,,,,,,,CHN,CHINA,CHN,,,,,,,,1,130,130,13,3,-4.4,10,1,10,-4.13223140495868,3,"White House, District of Columbia, United States",US,USDC,,38.8951,-77.0364,531871,3,"White House, District of Columbia, United States",US,USDC,,38.8951,-77.0364,531871,3,"White House, District of Columbia, United States",US,USDC,,38.8951,-77.0364,531871,20170622214500,Threaten,Verbal conflict
667318301,20170622,201706,CHNBUS,CHINESE,CHN,,,,,BUS,,,USA,WASHINGTON,USA,,,,,,,,1,141,141,14,3,-6.5,6,1,6,-2.3076923076923,4,"Beijing, Beijing, China",CH,CH22,13001,39.9289,116.388,-1898541,4,"Paris, France (general), France",FR,FR00,16282,48.8667,2.33333,-1456928,4,"Paris, France (general), France",FR,FR00,16282,48.8667,2.33333,-1456928,20170622224500,Protest,Verbal conflict
667318307,20170622,201706,CHNSPY,SHANGHAI,CHN,,,,,SPY,,,USA,UNITED STATES,USA,,,,,,,,1,173,173,17,4,-5.0,11,4,11,-0.587120796331972,4,"Shanghai, Shanghai, China",CH,CH23,13243,31.2222,121.458,-1924465,4,"Shanghai, Shanghai, China",CH,CH23,13243,31.2222,121.458,-1924465,4,"Shanghai, Shanghai, China",CH,CH23,13243,31.2222,121.458,-1924465,20170622224500,Coerce,Material conflict
667318308,20170622,201706,CHNSPY,SHANGHAI,CHN,,,,,SPY,,,USA,VIRGINIA,USA,,,,,,,,1,173,173,17,4,-5.0,9,3,9,-0.59259518998549,4,"Shanghai, Shanghai, China",CH,CH23,13243,31.2222,121.458,-1924465,2,"Virginia, United States",US,USVA,,37.768,-78.2057,VA,2,"Virginia, United States",US,USVA,,37.768,-78.2057,VA,20170622224500,Coerce,Material conflict
667320037,20170622,201706,USA,NEBRASKA,USA,,,,,,,,CHN,CHINA,CHN,,,,,,,,1,042,042,04,1,1.9,8,1,8,2.11640211640211,2,"Nebraska, United States",US,USNE,,41.1289,-98.2883,NE,2,"Nebraska, United States",US,USNE,,41.1289,-98.2883,NE,2,"Nebraska, United States",US,USNE,,41.1289,-98.2883,NE,20170622224500,Consult,Verbal cooperation
667320042,20170622,201706,USA,VIRGINIA,USA,,,,,,,,CHNSPY,CHINESE,CHN,,,,,SPY,,,1,010,010,01,1,0.0,8,4,8,-0.589584273476055,2,"Virginia, United States",US,USVA,,37.768,-78.2057,VA,4,"Shanghai, Shanghai, China",CH,CH23,13243,31.2222,121.458,-1924465,4,"Shanghai, Shanghai, China",CH,CH23,13243,31.2222,121.458,-1924465,20170622224500,Make public statement,Verbal cooperation
667325085,20170622,201706,CHN,CHINA,CHN,,,,,,,,USA,DETROIT,USA,,,,,,,,1,010,010,01,1,0.0,10,1,10,0.705218617771513,4,"Shanghai, Shanghai, China",CH,CH23,13243,31.2222,121.458,-1924465,4,"Shanghai, Shanghai, China",CH,CH23,13243,31.2222,121.458,-1924465,4,"Shanghai, Shanghai, China",CH,CH23,13243,31.2222,121.458,-1924465,20170622233000,Make public statement,Verbal cooperation
667329925,20170622,201706,USA,ORLANDO,USA,,,,,,,,CHN,CHINESE,CHN,,,,,,,,1,042,042,04,1,1.9,6,1,6,-1.92307692307692,1,United Kingdom,UK,UK,,54.0,-2.0,UK,1,United Kingdom,UK,UK,,54.0,-2.0,UK,1,United Kingdom,UK,UK,,54.0,-2.0,UK,20170622234500,Consult,Verbal cooperation
667329926,20170622,201706,USA,VIRGINIA,USA,,,,,,,,CHN,SHANGHAI,CHN,,,,,,,,1,042,042,04,1,1.9,10,1,10,-7.27272727272727,2,"Virginia, United States",US,USVA,,37.768,-78.2057,VA,4,"Shanghai, Shanghai, China",CH,CH23,13243,31.2222,121.458,-1924465,4,"Shanghai, Shanghai, China",CH,CH23,13243,31.2222,121.458,-1924465,20170622234500,Consult,Verbal cooperation
667335210,20170623,201706,USA,HARTFORD,USA,,,,,,,,CHN,CHINA,CHN,,,,,,,,1,173,173,17,4,-5.0,10,1,10,-4.30107526881721,2,"Connecticut, United States",US,USCT,,41.5834,-72.7622,CT,4,"Yu Long, Yunnan, China",CH,CH29,13308,24.4415,103.322,10280313,4,"Yu Long, Yunnan, China",CH,CH29,13308,24.4415,103.322,10280313,20170623001500,Coerce,Material conflict
667335833,20170623,201706,USAJUD,HARTFORD,USA,,,,,JUD,,,CHNCVL,CHINA,CHN,,,,,CVL,,,1,173,173,17,4,-5.0,8,2,8,-4.53798647479059,4,"Yu Long, Yunnan, China",CH,CH29,13308,24.4415,103.322,10280313,4,"Yu Long, Yunnan, China",CH,CH29,13308,24.4415,103.322,10280313,4,"Yu Long, Yunnan, China",CH,CH29,13308,24.4415,103.322,10280313,20170623001500,Coerce,Material conflict
667339457,20170623,201706,CHN,SHANGHAI,CHN,,,,,,,,USA,UNITED STATES,USA,,,,,,,,1,043,043,04,1,2.8,8,1,8,-2.25806451612903,4,"Shanghai, Shanghai, China",CH,CH23,13243,31.2222,121.458,-1924465,3,"Leesburg, Virginia, United States",US,USVA,VA107,39.1157,-77.5636,1498505,4,"Shanghai, Shanghai, China",CH,CH23,13243,31.2222,121.458,-1924465,20170623003000,Consult,Verbal cooperation
667339461,20170623,201706,CHN,CHINESE,CHN,,,,,,,,USA,ORLANDO,USA,,,,,,,,1,043,043,04,1,2.8,12,1,6,-1.92307692307692,1,China,CH,CH,,35.0,105.0,CH,1,China,CH,CH,,35.0,105.0,CH,1,China,CH,CH,,35.0,105.0,CH,20170623003000,Consult,Verbal cooperation
667339469,20170623,201706,CHN,BEIJING,CHN,,,,,,,,USAMED,REUTERS,USA,,,,,MED,,,1,040,040,04,1,1.0,6,1,6,-4.26829268292683,4,"Beijing, Beijing, China",CH,CH22,13001,39.9289,116.388,-1898541,4,"Wang Zhao, Henan, China",CH,CH09,13115,33.2563,113.535,10548626,4,"Beijing, Beijing, China",CH,CH22,13001,39.9289,116.388,-1898541,20170623003000,Consult,Verbal cooperation
667342337,20170623,201706,USA,NEBRASKA,USA,,,,,,,,CHN,CHINA,CHN,,,,,,,,1,0311,031,03,1,5.2,8,1,8,0.0,2,"Nebraska, United States",US,USNE,,41.1289,-98.2883,NE,2,"Nebraska, United States",US,USNE,,41.1289,-98.2883,NE,2,"Nebraska, United States",US,USNE,,41.1289,-98.2883,NE,20170623003000,Express intent to cooperate,Verbal cooperation
667342340,20170623,201706,USA,UNITED STATES,USA,,,,,,,,CHN,SHANGHAI,CHN,,,,,,,,1,042,042,04,1,1.9,8,1,8,-2.25806451612903,3,"Leesburg, Virginia, United States",US,USVA,VA107,39.1157,-77.5636,1498505,4,"Shanghai, Shanghai, China",CH,CH23,13243,31.2222,121.458,-1924465,4,"Shanghai, Shanghai, China",CH,CH23,13243,31.2222,121.458,-1924465,20170623003000,Consult,Verbal cooperation
667342344,20170623,201706,USA,ORLANDO,USA,,,,,,,,CHN,CHINESE,CHN,,,,,,,,1,042,042,04,1,1.9,6,1,6,-1.92307692307692,1,China,CH,CH,,35.0,105.0,CH,1,China,CH,CH,,35.0,105.0,CH,1,China,CH,CH,,35.0,105.0,CH,20170623003000,Consult,Verbal cooperation
667342345,20170623,201706,USA,ORLANDO,USA,,,,,,,,CHN,CHINESE,CHN,,,,,,,,1,042,042,04,1,1.9,6,1,6,-1.92307692307692,1,United Kingdom,UK,UK,,54.0,-2.0,UK,1,United Kingdom,UK,UK,,54.0,-2.0,UK,1,United Kingdom,UK,UK,,54.0,-2.0,UK,20170623003000,Consult,Verbal cooperation
667342357,20170623,201706,USA,VIRGINIA,USA,,,,,,,,CHN,CHINA,CHN,,,,,,,,1,173,173,17,4,-5.0,6,1,6,-3.81679389312977,2,"Virginia, United States",US,USVA,,37.768,-78.2057,VA,1,China,CH,CH,,35.0,105.0,CH,2,"Virginia, United States",US,USVA,,37.768,-78.2057,VA,20170623003000,Coerce,Material conflict
667342956,20170623,201706,USAMED,REUTERS,USA,,,,,MED,,,CHN,BEIJING,CHN,,,,,,,,1,040,040,04,1,1.0,7,1,7,-4.26829268292683,4,"Moscow, Moskva, Russia",RS,RS48,25106,55.7522,37.6156,-2960561,3,"Washington, District of Columbia, United States",US,USDC,DC001,38.8951,-77.0364,531871,3,"Washington, District of Columbia, United States",US,USDC,DC001,38.8951,-77.0364,531871,20170623003000,Consult,Verbal cooperation
667350667,20170623,201706,CHN,CHINESE,CHN,,,,,,,,USA,FLORIDA,USA,,,,,,,,1,040,040,04,1,1.0,8,1,8,-0.24067388688328,4,"Yang Sheng, Jiangxi, China",CH,CH03,13163,25.4627,115.602,11009689,2,"Florida, United States",US,USFL,,27.8333,-81.717,FL,2,"Florida, United States",US,USFL,,27.8333,-81.717,FL,20170623010000,Consult,Verbal cooperation
667352627,20170623,201706,USA,FLORIDA,USA,,,,,,,,CHN,CHINESE,CHN,,,,,,,,1,040,040,04,1,1.0,8,1,8,-0.24067388688328,2,"Florida, United States",US,USFL,,27.8333,-81.717,FL,4,"Yang Sheng, Jiangxi, China",CH,CH03,13163,25.4627,115.602,11009689,2,"Florida, United States",US,USFL,,27.8333,-81.717,FL,20170623010000,Consult,Verbal cooperation
667352636,20170623,201706,USA,HARTFORD,USA,,,,,,,,CHN,CHINA,CHN,,,,,,,,1,173,173,17,4,-5.0,10,1,10,-4.05405405405406,2,"Idaho, United States",US,USID,,44.2394,-114.51,ID,4,"Yu Long, Yunnan, China",CH,CH29,13308,24.4415,103.322,10280313,4,"Yu Long, Yunnan, China",CH,CH29,13308,24.4415,103.322,10280313,20170623010000,Coerce,Material conflict
667357632,20170623,201706,USA,VIRGINIA,USA,,,,,,,,CHN,SHANGHAI,CHN,,,,,,,,1,042,042,04,1,1.9,8,1,8,-1.98300283286119,1,Mexico,MX,MX,,23.0,-102.0,MX,1,Mexico,MX,MX,,23.0,-102.0,MX,1,Mexico,MX,MX,,23.0,-102.0,MX,20170623011500,Consult,Verbal cooperation
667358813,20170623,201706,CHN,CHINA,CHN,,,,,,,,USA,LOS ANGELES,USA,,,,,,,,1,043,043,04,1,2.8,7,1,7,1.69934640522875,3,"Los Angeles, California, United States",US,USCA,CA037,34.0522,-118.244,1662328,3,"Los Angeles, California, United States",US,USCA,,34.0522,-118.244,1662328,1,China,CH,CH,,35.0,105.0,CH,20170623014500,Consult,Verbal cooperation
667360595,20170623,201706,USA,LOS ANGELES,USA,,,,,,,,CHN,CHINA,CHN,,,,,,,,1,042,042,04,1,1.9,6,1,6,1.69934640522875,3,"Los Angeles, California, United States",US,USCA,CA037,34.0522,-118.244,1662328,1,China,CH,CH,,35.0,105.0,CH,3,"Los Angeles, California, United States",US,USCA,,34.0522,-118.244,1662328,20170623014500,Consult,Verbal cooperation
667360597,20170623,201706,USA,AMERICAN,USA,,,,,,,,CHN,CHINA,CHN,,,,,,,,1,111,111,11,3,-2.0,6,1,6,1.69934640522875,3,"Los Angeles, California, United States",US,USCA,CA037,34.0522,-118.244,1662328,1,China,CH,CH,,35.0,105.0,CH,3,"Los Angeles, California, United States",US,USCA,,34.0522,-118.244,1662328,20170623014500,Disapprove,Verbal conflict
667360838,20170623,201706,USABUS,AMERICAN,USA,,,,,BUS,,,CHN,CHINESE,CHN,,,,,,,,1,040,040,04,1,1.0,6,1,6,0.0,1,United States,US,US,,38.0,-97.0,US,1,China,CH,CH,,35.0,105.0,CH,1,United States,US,US,,38.0,-97.0,US,20170623014500,Consult,Verbal cooperation
667368826,20170623,201706,CHN,CHINA,CHN,,,,,,,,USA,AMERICAN,USA,,,,,,,,1,030,030,03,1,4.0,10,1,10,-1.35593220338983,4,"Beijing, Beijing, China",CH,CH22,13001,39.9289,116.388,-1898541,1,United States,US,US,,38.0,-97.0,US,1,United States,US,US,,38.0,-97.0,US,20170623023000,Express intent to cooperate,Verbal cooperation
667368827,20170623,201706,CHN,CHINA,CHN,,,,,,,,USA,AMERICAN,USA,,,,,,,,1,061,061,06,2,6.4,8,1,8,-1.35593220338983,4,"Shanghai, Shanghai, China",CH,CH23,13243,31.2222,121.458,-1924465,4,"Shanghai, Shanghai, China",CH,CH23,13243,31.2222,121.458,-1924465,4,"Shanghai, Shanghai, China",CH,CH23,13243,31.2222,121.458,-1924465,20170623023000,Engage in material cooperation,Material cooperation
667380364,20170623,201706,CHN,CHINA,CHN,,,,,,,,USA,UNITED STATES,USA,,,,,,,,1,020,020,02,1,3.0,8,1,8,-3.94889663182346,4,"Beijing, Beijing, China",CH,CH22,13001,39.9289,116.388,-1898541,1,United States,US,US,,38.0,-97.0,US,4,"Beijing, Beijing, China",CH,CH22,13001,39.9289,116.388,-1898541,20170623031500,Appeal,Verbal cooperation
667380365,20170623,201706,CHN,CHINA,CHN,,,,,,,,USA,UNITED STATES,USA,,,,,,,,1,020,020,02,1,3.0,8,1,8,3.11284046692607,1,China,CH,CH,,35.0,105.0,CH,1,United States,US,US,,38.0,-97.0,US,1,China,CH,CH,,35.0,105.0,CH,20170623031500,Appeal,Verbal cooperation
667380375,20170623,201706,CHN,CHINA,CHN,,,,,,,,USA,UNITED STATES,USA,,,,,,,,1,045,045,04,1,5.0,8,1,8,-3.94889663182346,4,"Beijing, Beijing, China",CH,CH22,13001,39.9289,116.388,-1898541,1,United States,US,US,,38.0,-97.0,US,4,"Beijing, Beijing, China",CH,CH22,13001,39.9289,116.388,-1898541,20170623031500,Consult,Verbal cooperation
667380376,20170623,201706,CHN,CHINA,CHN,,,,,,,,USA,UNITED STATES,USA,,,,,,,,1,057,057,05,1,8.0,10,1,10,3.11284046692607,1,China,CH,CH,,35.0,105.0,CH,1,China,CH,CH,,35.0,105.0,CH,1,China,CH,CH,,35.0,105.0,CH,20170623031500,Engage in diplomatic cooperation,Verbal cooperation
667380378,20170623,201706,CHN,CHINA,CHN,,,,,,,,USA,UNITED STATES,USA,,,,,,,,1,080,080,08,2,5.0,8,1,8,-3.94889663182346,4,"Beijing, Beijing, China",CH,CH22,13001,39.9289,116.388,-1898541,1,United States,US,US,,38.0,-97.0,US,4,"Pyongyang, P'yongyang-si, North Korea",KN,KN12,39681,39.0194,125.755,-183459,20170623031500,Yield,Material cooperation
667380390,20170623,201706,CHNGOV,CHINESE,CHN,,,,,GOV,,,USA,FLORIDA,USA,,,,,,,,1,040,040,04,1,1.0,6,1,6,1.15207373271889,3,"Washington, District of Columbia, United States",US,USDC,DC001,38.8951,-77.0364,531871,3,"Washington, District of Columbia, United States",US,USDC,DC001,38.8951,-77.0364,531871,3,"Washington, District of Columbia, United States",US,USDC,DC001,38.8951,-77.0364,531871,20170623031500,Consult,Verbal cooperation
667381689,20170623,201706,USA,UNITED STATES,USA,,,,,,,,CHN,CHINA,CHN,,,,,,,,1,080,080,08,2,5.0,8,1,8,-3.94889663182346,1,United States,US,US,,38.0,-97.0,US,4,"Beijing, Beijing, China",CH,CH22,13001,39.9289,116.388,-1898541,4,"Pyongyang, P'yongyang-si, North Korea",KN,KN12,39681,39.0194,125.755,-183459,20170623031500,Yield,Material cooperation
667381690,20170623,201706,USA,FLORIDA,USA,,,,,,,,CHNGOV,CHINESE,CHN,,,,,GOV,,,1,040,040,04,1,1.0,6,1,6,1.15207373271889,2,"Florida, United States",US,USFL,,27.8333,-81.717,FL,1,China,CH,CH,,35.0,105.0,CH,1,China,CH,CH,,35.0,105.0,CH,20170623031500,Consult,Verbal cooperation
667381900,20170623,201706,USAELI,IOWA,USA,,,,,ELI,,,CHN,CHINA,CHN,,,,,,,,1,050,050,05,1,3.5,6,1,6,3.4375,4,"Zhongxun, Guangdong, China",CH,CH30,13038,23.6095,114.09,10470495,4,"Zhongxun, Guangdong, China",CH,CH30,13038,23.6095,114.09,10470495,4,"Zhongxun, Guangdong, China",CH,CH30,13038,23.6095,114.09,10470495,20170623031500,Engage in diplomatic cooperation,Verbal cooperation
667381901,20170623,201706,USAELI,IOWA,USA,,,,,ELI,,,CHN,CHINESE,CHN,,,,,,,,1,070,070,07,2,7.0,6,1,6,3.4375,2,"Iowa, United States",US,USIA,,42.0046,-93.214,IA,4,"Zhao Li, Jiangxi, China",CH,CH03,13165,29.1017,116.742,10995393,4,"Zhao Li, Jiangxi, China",CH,CH03,13165,29.1017,116.742,10995393,20170623031500,Provide aid,Material cooperation
667383595,20170623,201706,USA,WASHINGTON,USA,,,,,,,,CHN,CHINA,CHN,,,,,,,,1,010,010,01,1,0.0,10,1,10,-3.89908256880734,3,"Washington, District of Columbia, United States",US,USDC,DC001,38.8951,-77.0364,531871,1,China,CH,CH,,35.0,105.0,CH,1,China,CH,CH,,35.0,105.0,CH,20170623033000,Make public statement,Verbal cooperation
667383599,20170623,201706,USA,WASHINGTON,USA,,,,,,,,CHNMED,CHINESE,CHN,,,,,MED,,,1,111,111,11,3,-2.0,6,1,6,-3.92156862745098,3,"Washington, District of Columbia, United States",US,USDC,DC001,38.8951,-77.0364,531871,5,"Tibet, Xizang, China",CH,CH14,13213,32.0,90.0,-1934604,5,"Tibet, Xizang, China",CH,CH14,13213,32.0,90.0,-1934604,20170623033000,Disapprove,Verbal conflict
667384775,20170622,201706,CHNMIL,CHINESE,CHN,,,,,MIL,,,USA,WASHINGTON,USA,,,,,,,,1,026,026,02,1,4.0,6,1,6,-5.03597122302158,4,"Beijing, Beijing, China",CH,CH22,13001,39.9289,116.388,-1898541,1,South Korea,KS,KS,,37.0,127.5,KS,4,"Beijing, Beijing, China",CH,CH22,13001,39.9289,116.388,-1898541,20170623034500,Appeal,Verbal cooperation
667385165,20170623,201706,CHN,CHINA,CHN,,,,,,,,USA,WASHINGTON,USA,,,,,,,,1,042,042,04,1,1.9,6,1,6,-5.14285714285715,1,Russia,RS,RS,,60.0,100.0,RS,1,Russia,RS,RS,,60.0,100.0,RS,1,Russia,RS,RS,,60.0,100.0,RS,20170623034500,Consult,Verbal cooperation
667385167,20170623,201706,CHN,CHINA,CHN,,,,,,,,USA,UNITED STATES,USA,,,,,,,,1,054,054,05,1,6.0,6,1,6,-0.17574692442882,4,"Beijing, Beijing, China",CH,CH22,13001,39.9289,116.388,-1898541,3,"Washington, District of Columbia, United States",US,USDC,DC001,38.8951,-77.0364,531871,4,"Panama Canal, Panama (general), Panama",PM,PM00,93681,9.33333,-79.9167,-168010,20170623034500,Engage in diplomatic cooperation,Verbal cooperation
667386682,20170623,201706,USAMED,AMERICAN,USA,,,,,MED,,,CHN,CHINESE,CHN,,,,,,,,1,042,042,04,1,1.9,7,1,7,1.5527950310559,2,"California, United States",US,USCA,,36.17,-119.746,CA,4,"Hangzhou, Zhejiang, China",CH,CH02,13319,30.2553,120.169,-1908366,2,"California, United States",US,USCA,,36.17,-119.746,CA,20170623034500,Consult,Verbal cooperation
667389061,20170623,201706,USA,UNITED STATES,USA,,,,,,,,CHN,CHINA,CHN,,,,,,,,1,020,020,02,1,3.0,8,1,8,3.43347639484979,4,"Zhagana, Gansu, China",CH,CH15,13270,34.2393,103.19,10644667,2,"Florida, United States",US,USFL,,27.8333,-81.717,FL,4,"Zhagana, Gansu, China",CH,CH15,13270,34.2393,103.19,10644667,20170623040000,Appeal,Verbal cooperation
667389062,20170623,201706,USA,UNITED STATES,USA,,,,,,,,CHN,CHINA,CHN,,,,,,,,1,020,020,02,1,3.0,8,1,8,3.7037037037037,1,China,CH,CH,,35.0,105.0,CH,2,"Florida, United States",US,USFL,,27.8333,-81.717,FL,1,China,CH,CH,,35.0,105.0,CH,20170623040000,Appeal,Verbal cooperation
667391946,20170623,201706,USAMED,ASSOCIATED PRESS,USA,,,,,MED,,,CHN,CHINA,CHN,,,,,,,,1,173,173,17,4,-5.0,10,1,10,-5.21978021978022,4,"Yu Long, Yunnan, China",CH,CH29,13308,24.4415,103.322,10280313,4,"Yu Long, Yunnan, China",CH,CH29,13308,24.4415,103.322,10280313,4,"Yu Long, Yunnan, China",CH,CH29,13308,24.4415,103.322,10280313,20170623041500,Coerce,Material conflict
667405190,20170623,201706,CHN,SHANGHAI,CHN,,,,,,,,MNCUSA,MSCI INC,USA,,,,,MNC,,,1,080,080,08,2,5.0,10,1,10,-6.97674418604651,4,"Shanghai, Shanghai, China",CH,CH23,13243,31.2222,121.458,-1924465,4,"Shanghai, Shanghai, China",CH,CH23,13243,31.2222,121.458,-1924465,4,"Shanghai, Shanghai, China",CH,CH23,13243,31.2222,121.458,-1924465,20170623054500,Yield,Material cooperation
667405194,20170623,201706,CHN,DALIAN,CHN,,,,,,,,USAMED,REUTERS,USA,,,,,MED,,,1,010,010,01,1,0.0,8,1,8,-5.12820512820512,4,"Anbang, Zhejiang, China",CH,CH02,13323,30.5336,120.374,11006456,4,"Anbang, Zhejiang, China",CH,CH02,13323,30.5336,120.374,11006456,4,"Anbang, Zhejiang, China",CH,CH02,13323,30.5336,120.374,11006456,20170623054500,Make public statement,Verbal cooperation
667406502,20170623,201706,USA,WASHINGTON,USA,,,,,,,,CHN,BEIJING,CHN,,,,,,,,1,020,020,02,1,3.0,7,1,7,2.92397660818713,4,"Beijing, Beijing, China",CH,CH22,13001,39.9289,116.388,-1898541,4,"Beijing, Beijing, China",CH,CH22,13001,39.9289,116.388,-1898541,4,"Beijing, Beijing, China",CH,CH22,13001,39.9289,116.388,-1898541,20170623054500,Appeal,Verbal cooperation
667412684,20170623,201706,USA,UNITED STATES,USA,,,,,,,,CHN,CHINA,CHN,,,,,,,,1,020,020,02,1,3.0,6,1,6,3.60824742268041,4,"Hamburg, Hamburg, Germany",GM,GM04,40698,53.55,10.0,-1785434,4,"Hamburg, Hamburg, Germany",GM,GM04,40698,53.55,10.0,-1785434,4,"Hamburg, Hamburg, Germany",GM,GM04,40698,53.55,10.0,-1785434,20170623061500,Appeal,Verbal cooperation
667412685,20170623,201706,USA,UNITED STATES,USA,,,,,,,,CHN,CHINA,CHN,,,,,,,,1,020,020,02,1,3.0,8,1,8,3.35195530726256,4,"Zhagana, Gansu, China",CH,CH15,13270,34.2393,103.19,10644667,3,"White House, District of Columbia, United States",US,USDC,,38.8951,-77.0364,531871,4,"Zhagana, Gansu, China",CH,CH15,13270,34.2393,103.19,10644667,20170623061500,Appeal,Verbal cooperation
667412686,20170623,201706,USA,UNITED STATES,USA,,,,,,,,CHN,CHINA,CHN,,,,,,,,1,020,020,02,1,3.0,6,2,6,3.52281671754113,3,"White House, District of Columbia, United States",US,USDC,,38.8951,-77.0364,531871,3,"White House, District of Columbia, United States",US,USDC,,38.8951,-77.0364,531871,3,"White House, District of Columbia, United States",US,USDC,,38.8951,-77.0364,531871,20170623061500,Appeal,Verbal cooperation
667412687,20170623,201706,USA,THE US,USA,,,,,,,,CHN,CHINESE,CHN,,,,,,,,1,020,020,02,1,3.0,10,1,10,1.99203187250996,1,China,CH,CH,,35.0,105.0,CH,1,China,CH,CH,,35.0,105.0,CH,1,China,CH,CH,,35.0,105.0,CH,20170623061500,Appeal,Verbal cooperation
667414371,20170623,201706,CHN,CHINA,CHN,,,,,,,,USA,BOSTON,USA,,,,,,,,1,043,043,04,1,2.8,10,1,10,-0.33911077618689,4,"Renmin, Liaoning, China",CH,CH19,13182,40.7703,123.792,11215357,4,"Renmin, Liaoning, China",CH,CH19,13182,40.7703,123.792,11215357,4,"Renmin, Liaoning, China",CH,CH19,13182,40.7703,123.792,11215357,20170623063000,Consult,Verbal cooperation
667419273,20170623,201706,USA,UNITED STATES,USA,,,,,,,,CHN,CHINA,CHN,,,,,,,,1,020,020,02,1,3.0,6,1,6,3.5490605427975,1,China,CH,CH,,35.0,105.0,CH,3,"White House, District of Columbia, United States",US,USDC,,38.8951,-77.0364,531871,1,China,CH,CH,,35.0,105.0,CH,20170623064500,Appeal,Verbal cooperation
667426985,20170623,201706,MNCUSA,TYSON FOODS INC,USA,,,,,MNC,,,CHN,CHINA,CHN,,,,,,,,1,070,070,07,2,7.0,6,1,6,-0.80971659919028,1,China,CH,CH,,35.0,105.0,CH,1,China,CH,CH,,35.0,105.0,CH,1,China,CH,CH,,35.0,105.0,CH,20170623073000,Provide aid,Material cooperation
667431420,20170623,201706,CHN,CHINESE,CHN,,,,,,,,USA,CALIFORNIA,USA,,,,,,,,1,051,051,05,1,3.4,6,2,6,3.86740331491712,3,"Petaluma, California, United States",US,USCA,CA097,38.2324,-122.637,277575,3,"Petaluma, California, United States",US,USCA,CA097,38.2324,-122.637,277575,3,"Petaluma, California, United States",US,USCA,CA097,38.2324,-122.637,277575,20170623080000,Engage in diplomatic cooperation,Verbal cooperation
667431421,20170623,201706,CHN,CHINA,CHN,,,,,,,,USA,UNITED STATES,USA,,,,,,,,1,173,173,17,4,-5.0,6,2,6,3.86740331491712,3,"Petaluma, California, United States",US,USCA,CA097,38.2324,-122.637,277575,3,"Petaluma, California, United States",US,USCA,CA097,38.2324,-122.637,277575,3,"Petaluma, California, United States",US,USCA,CA097,38.2324,-122.637,277575,20170623080000,Coerce,Material conflict
667432745,20170623,201706,USA,NEW YORK,USA,,,,,,,,CHN,CHINA,CHN,,,,,,,,1,014,014,01,1,0.0,6,1,6,1.09090909090909,4,"Shanghai, Shanghai, China",CH,CH23,13243,31.2222,121.458,-1924465,4,"Shanghai, Shanghai, China",CH,CH23,13243,31.2222,121.458,-1924465,4,"Shanghai, Shanghai, China",CH,CH23,13243,31.2222,121.458,-1924465,20170623080000,Make public statement,Verbal cooperation
667432747,20170623,201706,USA,UNITED STATES,USA,,,,,,,,CHN,CHINA,CHN,,,,,,,,1,020,020,02,1,3.0,8,1,8,3.37301587301587,4,"Hongyu, Fujian, China",CH,CH07,13005,25.8919,119.355,444935,3,"White House, District of Columbia, United States",US,USDC,,38.8951,-77.0364,531871,4,"Hongyu, Fujian, China",CH,CH07,13005,25.8919,119.355,444935,20170623080000,Appeal,Verbal cooperation
667432749,20170623,201706,USA,UNITED STATES,USA,,,,,,,,CHN,CHINA,CHN,,,,,,,,1,100,100,10,3,-5.0,10,1,10,-3.96039603960396,1,North Korea,KN,KN,,40.0,127.0,KN,1,North Korea,KN,KN,,40.0,127.0,KN,1,North Korea,KN,KN,,40.0,127.0,KN,20170623080000,Demand,Verbal conflict
667437495,20170623,201706,MNCUSA,CARNIVAL CORPORATION,USA,,,,,MNC,,,CHN,CHINA,CHN,,,,,,,,1,110,110,11,3,-2.0,6,1,6,1.60692212608159,1,Cuba,CU,CU,,21.5,-80.0,CU,1,Cuba,CU,CU,,21.5,-80.0,CU,1,Cuba,CU,CU,,21.5,-80.0,CU,20170623081500,Disapprove,Verbal conflict
667438595,20170623,201706,CHN,CHINA,CHN,,,,,,,,USA,UNITED STATES,USA,,,,,,,,1,061,061,06,2,6.4,10,1,10,2.35849056603774,4,"Bangkok, Krung Thep Mahanakhon, Thailand",TH,TH40,26423,13.75,100.517,-3250083,4,"Bangkok, Krung Thep Mahanakhon, Thailand",TH,TH40,26423,13.75,100.517,-3250083,4,"Bangkok, Krung Thep Mahanakhon, Thailand",TH,TH40,26423,13.75,100.517,-3250083,20170623083000,Engage in material cooperation,Material cooperation
667447022,20170623,201706,USA,UNITED STATES,USA,,,,,,,,CHN,CHINA,CHN,,,,,,,,1,173,173,17,4,-5.0,8,1,8,-4.05405405405406,2,"New York, United States",US,USNY,,42.1497,-74.9384,NY,4,"Guangdong, Jilin, China",CH,CH05,13176,42.7683,129.336,10884162,4,"Guangdong, Jilin, China",CH,CH05,13176,42.7683,129.336,10884162,20170623090000,Coerce,Material conflict
667463724,20170623,201706,CHN,CHINA,CHN,,,,,,,,USA,AMERICAN,USA,,,,,,,,1,051,051,05,1,3.4,10,1,10,0.0,4,"Beijing, Beijing, China",CH,CH22,13001,39.9289,116.388,-1898541,3,"Washington, District of Columbia, United States",US,USDC,DC001,38.8951,-77.0364,531871,4,"Beijing, Beijing, China",CH,CH22,13001,39.9289,116.388,-1898541,20170623104500,Engage in diplomatic cooperation,Verbal cooperation
667476627,20170623,201706,CHNEDU,CHINESE,CHN,,,,,EDU,,,USAEDU,ILLINOIS,USA,,,,,EDU,,,1,043,043,04,1,2.8,6,1,6,-2.51572327044025,1,China,CH,CH,,35.0,105.0,CH,1,China,CH,CH,,35.0,105.0,CH,1,China,CH,CH,,35.0,105.0,CH,20170623114500,Consult,Verbal cooperation
667478517,20170623,201706,USA,WASHINGTON,USA,,,,,,,,CHN,CHINA,CHN,,,,,,,,1,173,173,17,4,-5.0,10,1,10,-3.68098159509203,3,"Washington, District of Columbia, United States",US,USDC,DC001,38.8951,-77.0364,531871,1,China,CH,CH,,35.0,105.0,CH,3,"Washington, District of Columbia, United States",US,USDC,DC001,38.8951,-77.0364,531871,20170623114500,Coerce,Material conflict
667478689,20170623,201706,USAEDU,ILLINOIS,USA,,,,,EDU,,,CHNEDU,CHINESE,CHN,,,,,EDU,,,1,042,042,04,1,1.9,6,1,6,-2.51572327044025,1,China,CH,CH,,35.0,105.0,CH,1,China,CH,CH,,35.0,105.0,CH,1,China,CH,CH,,35.0,105.0,CH,20170623114500,Consult,Verbal cooperation
667481681,20170623,201706,CHN,CHINESE,CHN,,,,,,,,USA,VIRGINIA,USA,,,,,,,,1,061,061,06,2,6.4,6,1,6,-1.71277997364954,4,"Shanghai, Shanghai, China",CH,CH23,13243,31.2222,121.458,-1924465,2,"Virginia, United States",US,USVA,,37.768,-78.2057,VA,4,"Shanghai, Shanghai, China",CH,CH23,13243,31.2222,121.458,-1924465,20170623120000,Engage in material cooperation,Material cooperation
667483547,20170623,201706,USA,VIRGINIA,USA,,,,,,,,CHN,CHINESE,CHN,,,,,,,,1,061,061,06,2,6.4,6,1,6,-1.71277997364954,2,"Virginia, United States",US,USVA,,37.768,-78.2057,VA,4,"Shanghai, Shanghai, China",CH,CH23,13243,31.2222,121.458,-1924465,4,"Shanghai, Shanghai, China",CH,CH23,13243,31.2222,121.458,-1924465,20170623120000,Engage in material cooperation,Material cooperation
667494351,20170623,201706,CHN,CHINESE,CHN,,,,,,,,USA,VIRGINIA,USA,,,,,,,,1,064,064,06,2,7.0,6,1,6,-2.56410256410257,4,"Shanghai, Shanghai, China",CH,CH23,13243,31.2222,121.458,-1924465,2,"Virginia, United States",US,USVA,,37.768,-78.2057,VA,2,"Virginia, United States",US,USVA,,37.768,-78.2057,VA,20170623124500,Engage in material cooperation,Material cooperation
667494355,20170623,201706,CHN,CHINESE,CHN,,,,,,,,USA,VIRGINIA,USA,,,,,,,,1,112,112,11,3,-2.0,7,1,7,-2.56410256410257,4,"Shanghai, Shanghai, China",CH,CH23,13243,31.2222,121.458,-1924465,2,"Virginia, United States",US,USVA,,37.768,-78.2057,VA,2,"Virginia, United States",US,USVA,,37.768,-78.2057,VA,20170623124500,Disapprove,Verbal conflict
667496497,20170623,201706,USAMED,REUTERS,USA,,,,,MED,,,CHN,SHANGHAI,CHN,,,,,,,,1,013,013,01,1,0.4,10,1,10,1.35869565217391,4,"Shanghai, Shanghai, China",CH,CH23,13243,31.2222,121.458,-1924465,4,"Shanghai, Shanghai, China",CH,CH23,13243,31.2222,121.458,-1924465,4,"Shanghai, Shanghai, China",CH,CH23,13243,31.2222,121.458,-1924465,20170623124500,Make public statement,Verbal cooperation
667501213,20170623,201706,USA,THE US,USA,,,,,,,,CHN,BEIJING,CHN,,,,,,,,1,010,010,01,1,0.0,8,1,8,0.89285714285714,4,"Beijing, Beijing, China",CH,CH22,13001,39.9289,116.388,-1898541,4,"Beijing, Beijing, China",CH,CH22,13001,39.9289,116.388,-1898541,4,"Beijing, Beijing, China",CH,CH22,13001,39.9289,116.388,-1898541,20170623131500,Make public statement,Verbal cooperation
667501219,20170623,201706,USA,THE US,USA,,,,,,,,CHN,BEIJING,CHN,,,,,,,,1,0841,084,08,2,7.0,8,1,8,0.89285714285714,4,"Beijing, Beijing, China",CH,CH22,13001,39.9289,116.388,-1898541,4,"Beijing, Beijing, China",CH,CH22,13001,39.9289,116.388,-1898541,4,"Beijing, Beijing, China",CH,CH22,13001,39.9289,116.388,-1898541,20170623131500,Yield,Material cooperation
667504104,20170623,201706,USA,WASHINGTON,USA,,,,,,,,CHN,CHINA,CHN,,,,,,,,1,100,100,10,3,-5.0,8,1,8,-2.5,3,"Washington, District of Columbia, United States",US,USDC,DC001,38.8951,-77.0364,531871,4,"Beijing, Beijing, China",CH,CH22,13001,39.9289,116.388,-1898541,4,"Beijing, Beijing, China",CH,CH22,13001,39.9289,116.388,-1898541,20170623133000,Demand,Verbal conflict
667519261,20170623,201706,CHN,CHINA,CHN,,,,,,,,USA,UNITED STATES,USA,,,,,,,,1,030,030,03,1,4.0,8,1,8,-3.14842578710644,1,China,CH,CH,,35.0,105.0,CH,1,United States,US,US,,38.0,-97.0,US,1,Germany,GM,GM,,51.0,9.0,GM,20170623144500,Express intent to cooperate,Verbal cooperation
667519276,20170623,201706,CHNEDU,CHINESE,CHN,,,,,EDU,,,USAEDU,ILLINOIS,USA,,,,,EDU,,,1,042,042,04,1,1.9,8,1,8,-3.44827586206897,1,China,CH,CH,,35.0,105.0,CH,1,China,CH,CH,,35.0,105.0,CH,1,China,CH,CH,,35.0,105.0,CH,20170623144500,Consult,Verbal cooperation
667521721,20170623,201706,USA,UNITED STATES,USA,,,,,,,,CHN,CHINA,CHN,,,,,,,,1,030,030,03,1,4.0,8,1,8,-3.14842578710644,1,United States,US,US,,38.0,-97.0,US,1,China,CH,CH,,35.0,105.0,CH,1,Germany,GM,GM,,51.0,9.0,GM,20170623144500,Express intent to cooperate,Verbal cooperation
667521983,20170623,201706,USAEDU,ILLINOIS,USA,,,,,EDU,,,CHNEDU,CHINESE,CHN,,,,,EDU,,,1,043,043,04,1,2.8,8,1,8,-3.44827586206897,1,China,CH,CH,,35.0,105.0,CH,1,China,CH,CH,,35.0,105.0,CH,1,China,CH,CH,,35.0,105.0,CH,20170623144500,Consult,Verbal cooperation
667529726,20170622,201706,CHN,CHINA,CHN,,,,,,,,USA,VIRGINIA,USA,,,,,,,,1,112,112,11,3,-2.0,6,1,6,-3.55239786856128,2,"Virginia, United States",US,USVA,,37.768,-78.2057,VA,2,"Virginia, United States",US,USVA,,37.768,-78.2057,VA,2,"Virginia, United States",US,USVA,,37.768,-78.2057,VA,20170623151500,Disapprove,Verbal conflict
667530336,20170623,201706,CHN,CHINA,CHN,,,,,,,,USA,UNITED STATES,USA,,,,,,,,1,061,061,06,2,6.4,24,2,24,-2.23228686821766,1,China,CH,CH,,35.0,105.0,CH,1,United States,US,US,,38.0,-97.0,US,1,United States,US,US,,38.0,-97.0,US,20170623151500,Engage in material cooperation,Material cooperation
667532241,20170623,201706,USA,UNITED STATES,USA,,,,,,,,CHN,CHINA,CHN,,,,,,,,1,061,061,06,2,6.4,24,2,24,-2.23228686821766,1,United States,US,US,,38.0,-97.0,US,1,China,CH,CH,,35.0,105.0,CH,1,United States,US,US,,38.0,-97.0,US,20170623151500,Engage in material cooperation,Material cooperation
667545319,20170623,201706,MNCUSAMED,QUALCOMM,USA,,,,,MNC,MED,,CHN,BEIJING,CHN,,,,,,,,1,013,013,01,1,0.4,14,1,14,0.0,1,China,CH,CH,,35.0,105.0,CH,1,China,CH,CH,,35.0,105.0,CH,1,China,CH,CH,,35.0,105.0,CH,20170623160000,Make public statement,Verbal cooperation
667548545,20170623,201706,CHN,ANHUI,CHN,,,,,,,,USA,THE US,USA,,,,,,,,1,0874,087,08,2,10.0,6,1,6,-3.42465753424658,5,"Anhui, Anhui, China",CH,CH01,12996,32.0,117.0,-1896677,5,"Anhui, Anhui, China",CH,CH01,12996,32.0,117.0,-1896677,5,"Anhui, Anhui, China",CH,CH01,12996,32.0,117.0,-1896677,20170623161500,Yield,Material cooperation
667552537,20170623,201706,CHN,CHINESE,CHN,,,,,,,,USA,SAN ANTONIO,USA,,,,,,,,1,057,057,05,1,8.0,16,2,16,2.48437660075813,1,China,CH,CH,,35.0,105.0,CH,3,"San Antonio, Texas, United States",US,USTX,,29.4241,-98.4936,1380951,3,"San Antonio, Texas, United States",US,USTX,,29.4241,-98.4936,1380951,20170623163000,Engage in diplomatic cooperation,Verbal cooperation
667554365,20170623,201706,USA,SAN ANTONIO,USA,,,,,,,,CHN,CHINESE,CHN,,,,,,,,1,057,057,05,1,8.0,14,2,14,2.48437660075813,2,"Texas, United States",US,USTX,,31.106,-97.6475,TX,2,"Texas, United States",US,USTX,,31.106,-97.6475,TX,2,"Texas, United States",US,USTX,,31.106,-97.6475,TX,20170623163000,Engage in diplomatic cooperation,Verbal cooperation
667558988,20170623,201706,USA,NEW YORK,USA,,,,,,,,CHN,CHINA,CHN,,,,,,,,1,020,020,02,1,3.0,10,1,10,-2.71186440677966,2,"New York, United States",US,USNY,,42.1497,-74.9384,NY,4,"Tiananmen Square, Beijing, China",CH,CH22,13001,39.9044,116.391,9244097,4,"Tiananmen Square, Beijing, China",CH,CH22,13001,39.9044,116.391,9244097,20170623164500,Appeal,Verbal cooperation
667566044,20170623,201706,CHN,CHINA,CHN,,,,,,,,USA,UNITED STATES,USA,,,,,,,,1,061,061,06,2,6.4,10,2,10,-3.01074841160152,2,"Kansas, United States",US,USKS,,38.5111,-96.8005,KS,2,"Kansas, United States",US,USKS,,38.5111,-96.8005,KS,2,"Kansas, United States",US,USKS,,38.5111,-96.8005,KS,20170623171500,Engage in material cooperation,Material cooperation
667567687,20170623,201706,USA,UNITED STATES,USA,,,,,,,,CHN,CHINA,CHN,,,,,,,,1,120,120,12,3,-4.0,6,2,6,-3.01074841160152,2,"Kansas, United States",US,USKS,,38.5111,-96.8005,KS,1,China,CH,CH,,35.0,105.0,CH,1,China,CH,CH,,35.0,105.0,CH,20170623171500,Reject,Verbal conflict
667567688,20170623,201706,USA,UNITED STATES,USA,,,,,,,,CHN,CHINA,CHN,,,,,,,,1,120,120,12,3,-4.0,6,2,6,-3.01074841160152,2,"Kansas, United States",US,USKS,,38.5111,-96.8005,KS,2,"Kansas, United States",US,USKS,,38.5111,-96.8005,KS,2,"Kansas, United States",US,USKS,,38.5111,-96.8005,KS,20170623171500,Reject,Verbal conflict
667573762,20170623,201706,CHN,SHANGHAI,CHN,,,,,,,,MNCUSA,MICROSOFT,USA,,,,,MNC,,,1,042,042,04,1,1.9,10,1,10,9.23566878980892,4,"Shanghai, Shanghai, China",CH,CH23,13243,31.2222,121.458,-1924465,4,"Shanghai, Shanghai, China",CH,CH23,13243,31.2222,121.458,-1924465,4,"Shanghai, Shanghai, China",CH,CH23,13243,31.2222,121.458,-1924465,20170623174500,Consult,Verbal cooperation
667573763,20170623,201706,CHN,CHINA,CHN,,,,,,,,MNCUSA,MICROSOFT,USA,,,,,MNC,,,1,043,043,04,1,2.8,10,1,10,9.23566878980892,4,"Shanghai, Shanghai, China",CH,CH23,13243,31.2222,121.458,-1924465,4,"Shanghai, Shanghai, China",CH,CH23,13243,31.2222,121.458,-1924465,4,"Shanghai, Shanghai, China",CH,CH23,13243,31.2222,121.458,-1924465,20170623174500,Consult,Verbal cooperation
667574778,20170623,201706,MNCUSA,MICROSOFT,USA,,,,,MNC,,,CHN,CHINA,CHN,,,,,,,,1,042,042,04,1,1.9,10,1,10,9.23566878980892,4,"Shanghai, Shanghai, China",CH,CH23,13243,31.2222,121.458,-1924465,4,"Shanghai, Shanghai, China",CH,CH23,13243,31.2222,121.458,-1924465,4,"Shanghai, Shanghai, China",CH,CH23,13243,31.2222,121.458,-1924465,20170623174500,Consult,Verbal cooperation
667574779,20170623,201706,MNCUSA,MICROSOFT,USA,,,,,MNC,,,CHN,SHANGHAI,CHN,,,,,,,,1,043,043,04,1,2.8,10,1,10,9.23566878980892,4,"Shanghai, Shanghai, China",CH,CH23,13243,31.2222,121.458,-1924465,4,"Xuhui, Shanghai, China",CH,CH23,13243,31.1959,121.447,-1934816,4,"Xuhui, Shanghai, China",CH,CH23,13243,31.1959,121.447,-1934816,20170623174500,Consult,Verbal cooperation
667574780,20170623,201706,MNCUSA,MICROSOFT,USA,,,,,MNC,,,CHN,CHINA,CHN,,,,,,,,1,051,051,05,1,3.4,10,1,10,9.23566878980892,4,"Shanghai, Shanghai, China",CH,CH23,13243,31.2222,121.458,-1924465,4,"Shanghai, Shanghai, China",CH,CH23,13243,31.2222,121.458,-1924465,4,"Shanghai, Shanghai, China",CH,CH23,13243,31.2222,121.458,-1924465,20170623174500,Engage in diplomatic cooperation,Verbal cooperation
667577991,20170623,201706,USA,ALASKA,USA,,,,,,,,CHN,CHINA,CHN,,,,,,,,1,061,061,06,2,6.4,6,1,6,0.88573959255979,3,"Sand Point, Alaska, United States",US,USAK,AK013,55.3397,-160.497,1419182,3,"Sand Point, Alaska, United States",US,USAK,,55.3397,-160.497,1419182,3,"Sand Point, Alaska, United States",US,USAK,,55.3397,-160.497,1419182,20170623180000,Engage in material cooperation,Material cooperation
667581751,20170623,201706,CHN,CHINESE,CHN,,,,,,,,USA,MISSOURI,USA,,,,,,,,1,036,036,03,1,4.0,10,1,10,6.28415300546448,1,China,CH,CH,,35.0,105.0,CH,2,"Missouri, United States",US,USMO,,38.4623,-92.302,MO,1,China,CH,CH,,35.0,105.0,CH,20170623181500,Express intent to cooperate,Verbal cooperation
667583270,20170623,201706,USA,MISSOURI,USA,,,,,,,,CHN,CHINESE,CHN,,,,,,,,1,020,020,02,1,3.0,6,1,6,6.28415300546448,2,"Missouri, United States",US,USMO,,38.4623,-92.302,MO,1,China,CH,CH,,35.0,105.0,CH,2,"Missouri, United States",US,USMO,,38.4623,-92.302,MO,20170623181500,Appeal,Verbal cooperation
667594681,20170623,201706,USA,ALASKA,USA,,,,,,,,CHN,CHINA,CHN,,,,,,,,1,061,061,06,2,6.4,7,1,7,-0.48806941431671,2,"Alaska, United States",US,USAK,,61.385,-152.268,AK,4,"Beijing, Beijing, China",CH,CH22,13001,39.9289,116.388,-1898541,4,"Beijing, Beijing, China",CH,CH22,13001,39.9289,116.388,-1898541,20170623190000,Engage in material cooperation,Material cooperation
667602833,20170623,201706,CHN,CANTON,CHN,,,,,,,,USA,OHIO,USA,,,,,,,,1,051,051,05,1,3.4,6,1,6,0.0,1,China,CH,CH,,35.0,105.0,CH,2,"Ohio, United States",US,USOH,,40.3736,-82.7755,OH,3,"Stark County, Ohio, United States",US,USOH,,40.8167,-81.3665,1065576,20170623194500,Engage in diplomatic cooperation,Verbal cooperation
667610948,20170623,201706,CHN,CHINA,CHN,,,,,,,,USA,UNITED STATES,USA,,,,,,,,1,050,050,05,1,3.5,6,1,6,1.40306122448979,1,China,CH,CH,,35.0,105.0,CH,3,"Washington, District of Columbia, United States",US,USDC,DC001,38.8951,-77.0364,531871,1,China,CH,CH,,35.0,105.0,CH,20170623201500,Engage in diplomatic cooperation,Verbal cooperation
667612426,20170623,201706,USA,WASHINGTON,USA,,,,,,,,CHNGOV,YANG JIECHI,CHN,,,,,GOV,,,1,036,036,03,1,4.0,10,1,10,1.40306122448979,1,China,CH,CH,,35.0,105.0,CH,1,China,CH,CH,,35.0,105.0,CH,1,China,CH,CH,,35.0,105.0,CH,20170623201500,Express intent to cooperate,Verbal cooperation
667615486,20170623,201706,USA,UNITED STATES,USA,,,,,,,,CHN,CHINA,CHN,,,,,,,,1,061,061,06,2,6.4,10,1,10,-1.1090573012939,1,Italy,IT,IT,,42.8333,12.8333,IT,1,Italy,IT,IT,,42.8333,12.8333,IT,1,Italy,IT,IT,,42.8333,12.8333,IT,20170623203000,Engage in material cooperation,Material cooperation
667615488,20170623,201706,USA,OHIO,USA,,,,,,,,CHN,CANTON,CHN,,,,,,,,1,190,190,19,4,-10.0,6,1,6,-9.77011494252878,2,"Minnesota, United States",US,USMN,,45.7326,-93.9196,MN,2,"Minnesota, United States",US,USMN,,45.7326,-93.9196,MN,2,"Minnesota, United States",US,USMN,,45.7326,-93.9196,MN,20170623203000,Fight,Material conflict
667635363,20170623,201706,CHN,CHINESE,CHN,,,,,,,,USA,SAN ANTONIO,USA,,,,,,,,1,057,057,05,1,8.0,8,1,8,2.79232111692845,4,"Zhiqiang, Hainan, China",CH,CH31,13072,18.5984,109.266,6025088,3,"San Antonio, Texas, United States",US,USTX,,29.4241,-98.4936,1380951,3,"San Antonio, Texas, United States",US,USTX,,29.4241,-98.4936,1380951,20170623224500,Engage in diplomatic cooperation,Verbal cooperation
667636726,20170623,201706,USA,SAN ANTONIO,USA,,,,,,,,CHN,CHINESE,CHN,,,,,,,,1,057,057,05,1,8.0,8,1,8,2.79232111692845,3,"San Antonio, Texas, United States",US,USTX,TX029,29.4241,-98.4936,1380951,3,"San Antonio, Texas, United States",US,USTX,,29.4241,-98.4936,1380951,3,"San Antonio, Texas, United States",US,USTX,,29.4241,-98.4936,1380951,20170623224500,Engage in diplomatic cooperation,Verbal cooperation
667642610,20170623,201706,USA,INDIANA,USA,,,,,,,,CHN,CHINA,CHN,,,,,,,,1,042,042,04,1,1.9,8,1,8,-7.59668508287292,3,"Chicago, Illinois, United States",US,USIL,IL031,41.85,-87.6501,423587,4,"Shanghai, Shanghai, China",CH,CH23,13243,31.2222,121.458,-1924465,4,"Shanghai, Shanghai, China",CH,CH23,13243,31.2222,121.458,-1924465,20170623231500,Consult,Verbal cooperation
667642616,20170623,201706,USA,WASHINGTON,USA,,,,,,,,CHNMED,CHINESE,CHN,,,,,MED,,,1,111,111,11,3,-2.0,6,1,6,-2.6246719160105,5,"Tibet, Xizang, China",CH,CH14,13213,32.0,90.0,-1934604,5,"Tibet, Xizang, China",CH,CH14,13213,32.0,90.0,-1934604,5,"Tibet, Xizang, China",CH,CH14,13213,32.0,90.0,-1934604,20170623231500,Disapprove,Verbal conflict
667642773,20170623,201706,USABUS,WASHINGTON,USA,,,,,BUS,,,CHN,CHINA,CHN,,,,,,,,1,042,042,04,1,1.9,6,1,6,2.3598820058997,1,United Kingdom,UK,UK,,54.0,-2.0,UK,4,"Yu Chen, Zhejiang, China",CH,CH02,13328,28.5928,121.293,164393,4,"Yu Chen, Zhejiang, China",CH,CH02,13328,28.5928,121.293,164393,20170623231500,Consult,Verbal cooperation
667651110,20170624,201706,CHNEDU,CHINESE,CHN,,,,,EDU,,,USAEDU,ILLINOIS,USA,,,,,EDU,,,1,043,043,04,1,2.8,6,1,6,-2.30414746543779,1,China,CH,CH,,35.0,105.0,CH,1,China,CH,CH,,35.0,105.0,CH,1,China,CH,CH,,35.0,105.0,CH,20170624001500,Consult,Verbal cooperation
667653695,20170624,201706,USAEDU,ILLINOIS,USA,,,,,EDU,,,CHNEDU,CHINESE,CHN,,,,,EDU,,,1,042,042,04,1,1.9,6,1,6,-2.30414746543779,3,"Urbana, Indiana, United States",US,USIN,IN169,40.8984,-85.7928,445177,3,"Urbana, Indiana, United States",US,USIN,IN169,40.8984,-85.7928,445177,3,"Urbana, Indiana, United States",US,USIN,IN169,40.8984,-85.7928,445177,20170624001500,Consult,Verbal cooperation
667666271,20170624,201706,USAEDU,ILLINOIS,USA,,,,,EDU,,,CHNEDU,CHINESE,CHN,,,,,EDU,,,1,042,042,04,1,1.9,6,1,6,-2.53164556962025,1,China,CH,CH,,35.0,105.0,CH,1,China,CH,CH,,35.0,105.0,CH,1,China,CH,CH,,35.0,105.0,CH,20170624010000,Consult,Verbal cooperation
667673222,20170624,201706,CHN,CHINESE,CHN,,,,,,,,USA,FLORIDA,USA,,,,,,,,1,040,040,04,1,1.0,10,1,10,-1.05448154657294,4,"Beijing, Beijing, China",CH,CH22,13001,39.9289,116.388,-1898541,2,"Florida, United States",US,USFL,,27.8333,-81.717,FL,2,"Florida, United States",US,USFL,,27.8333,-81.717,FL,20170624013000,Consult,Verbal cooperation
667674608,20170624,201706,USA,FLORIDA,USA,,,,,,,,CHN,CHINESE,CHN,,,,,,,,1,040,040,04,1,1.0,10,1,10,-1.05448154657294,2,"Florida, United States",US,USFL,,27.8333,-81.717,FL,4,"Beijing, Beijing, China",CH,CH22,13001,39.9289,116.388,-1898541,2,"Florida, United States",US,USFL,,27.8333,-81.717,FL,20170624013000,Consult,Verbal cooperation
667676434,20170624,201706,CHN,CHINA,CHN,,,,,,,,USA,VIRGINIA,USA,,,,,,,,1,112,112,11,3,-2.0,10,1,10,-3.98613518197574,4,"Shanghai, Shanghai, China",CH,CH23,13243,31.2222,121.458,-1924465,4,"Shanghai, Shanghai, China",CH,CH23,13243,31.2222,121.458,-1924465,4,"Shanghai, Shanghai, China",CH,CH23,13243,31.2222,121.458,-1924465,20170624014500,Disapprove,Verbal conflict
667678826,20170624,201706,CHN,CHINA,CHN,,,,,,,,USA,UNITED STATES,USA,,,,,,,,1,030,030,03,1,4.0,8,1,8,-3.08823529411764,1,China,CH,CH,,35.0,105.0,CH,1,United States,US,US,,38.0,-97.0,US,1,Germany,GM,GM,,51.0,9.0,GM,20170624020000,Express intent to cooperate,Verbal cooperation
667680150,20170624,201706,USA,UNITED STATES,USA,,,,,,,,CHN,CHINA,CHN,,,,,,,,1,030,030,03,1,4.0,8,1,8,-3.08823529411764,1,United States,US,US,,38.0,-97.0,US,1,China,CH,CH,,35.0,105.0,CH,1,Germany,GM,GM,,51.0,9.0,GM,20170624020000,Express intent to cooperate,Verbal cooperation
667682871,20170624,201706,USA,LOS ANGELES,USA,,,,,,,,CHN,CHINA,CHN,,,,,,,,1,010,010,01,1,0.0,7,1,7,3.58126721763086,4,"Jerusalem, Israel (general), Israel",IS,IS00,18315,31.7667,35.2333,-797092,4,"Jerusalem, Israel (general), Israel",IS,IS00,18315,31.7667,35.2333,-797092,4,"Jerusalem, Israel (general), Israel",IS,IS00,18315,31.7667,35.2333,-797092,20170624021500,Make public statement,Verbal cooperation
667690563,20170624,201706,CHN,CHINESE,CHN,,,,,,,,USA,NEW YORK CITY,USA,,,,,,,,1,017,017,01,1,0.0,10,1,10,1.23456790123457,1,China,CH,CH,,35.0,105.0,CH,1,China,CH,CH,,35.0,105.0,CH,1,China,CH,CH,,35.0,105.0,CH,20170624030000,Make public statement,Verbal cooperation
667690564,20170624,201706,CHN,CHINESE,CHN,,,,,,,,USA,NEW YORK CITY,USA,,,,,,,,1,042,042,04,1,1.9,8,1,8,1.23456790123457,1,China,CH,CH,,35.0,105.0,CH,2,"New York, United States",US,USNY,,42.1497,-74.9384,NY,1,China,CH,CH,,35.0,105.0,CH,20170624030000,Consult,Verbal cooperation
667690566,20170624,201706,CHN,CHINA,CHN,,,,,,,,USA,UNITED STATES,USA,,,,,,,,1,042,042,04,1,1.9,10,1,10,2.64765784114053,1,Philippines,RP,RP,,13.0,122.0,RP,1,Philippines,RP,RP,,13.0,122.0,RP,1,Philippines,RP,RP,,13.0,122.0,RP,20170624030000,Consult,Verbal cooperation
667691816,20170624,201706,USA,NEW YORK CITY,USA,,,,,,,,CHN,CHINESE,CHN,,,,,,,,1,043,043,04,1,2.8,8,1,8,1.23456790123457,2,"New York, United States",US,USNY,,42.1497,-74.9384,NY,1,China,CH,CH,,35.0,105.0,CH,1,China,CH,CH,,35.0,105.0,CH,20170624030000,Consult,Verbal cooperation
667691818,20170624,201706,USA,UNITED STATES,USA,,,,,,,,CHN,CHINA,CHN,,,,,,,,1,043,043,04,1,2.8,6,1,6,2.64765784114053,1,United States,US,US,,38.0,-97.0,US,4,"Beijing, Beijing, China",CH,CH22,13001,39.9289,116.388,-1898541,1,United States,US,US,,38.0,-97.0,US,20170624030000,Consult,Verbal cooperation
667692403,20170624,201706,CHN,CHINA,CHN,,,,,,,,MNCUSABUS,GOLDMAN SACHS,USA,,,,,MNC,BUS,,1,043,043,04,1,2.8,10,1,10,-3.0716723549488,4,"Beijing, Beijing, China",CH,CH22,13001,39.9289,116.388,-1898541,1,United States,US,US,,38.0,-97.0,US,4,"Beijing, Beijing, China",CH,CH22,13001,39.9289,116.388,-1898541,20170624031500,Consult,Verbal cooperation
667693160,20170624,201706,MNCUSABUS,GOLDMAN SACHS,USA,,,,,MNC,BUS,,CHN,CHINA,CHN,,,,,,,,1,042,042,04,1,1.9,6,1,6,-3.0716723549488,4,"Xinjiang, Jiangxi, China",CH,CH03,13167,27.7481,116.274,11065838,4,"Beijing, Beijing, China",CH,CH22,13001,39.9289,116.388,-1898541,4,"Beijing, Beijing, China",CH,CH22,13001,39.9289,116.388,-1898541,20170624031500,Consult,Verbal cooperation
667701867,20170624,201706,CHNGOV,STEPHEN LAM,CHN,,,,,GOV,,,MNCUSA,UNITED PARCEL SERVICE,USA,,,,,MNC,,,1,193,193,19,4,-10.0,10,1,10,-6.06531881804044,3,"Los Angeles, California, United States",US,USCA,CA037,34.0522,-118.244,1662328,3,"Los Angeles, California, United States",US,USCA,,34.0522,-118.244,1662328,3,"Los Angeles, California, United States",US,USCA,,34.0522,-118.244,1662328,20170624041500,Fight,Material conflict
667704458,20170624,201706,USA,THE US,USA,,,,,,,,CHN,CHINA,CHN,,,,,,,,1,160,160,16,4,-4.0,10,1,10,3.83959044368601,4,"Beijing, Beijing, China",CH,CH22,13001,39.9289,116.388,-1898541,4,"Seoul, Soul-t'ukpyolsi, South Korea",KS,KS11,24984,37.5664,127.0,-716583,4,"Seoul, Soul-t'ukpyolsi, South Korea",KS,KS11,24984,37.5664,127.0,-716583,20170624043000,Reduce relations,Material conflict
667705708,20170624,201706,CHN,CHINA,CHN,,,,,,,,USA,WASHINGTON,USA,,,,,,,,1,0874,087,08,2,10.0,7,1,7,-1.44927536231884,3,"Washington, District of Columbia, United States",US,USDC,DC001,38.8951,-77.0364,531871,1,Japan,JA,JA,,36.0,138.0,JA,3,"Washington, District of Columbia, United States",US,USDC,DC001,38.8951,-77.0364,531871,20170624044500,Yield,Material cooperation
667705710,20170624,201706,CHN,CHINA,CHN,,,,,,,,USA,UNITED STATES,USA,,,,,,,,1,173,173,17,4,-5.0,9,3,9,1.39861656222218,4,"Modo, Xizang, China",CH,CH14,72785,33.5,78.7,11274353,4,"Modo, Xizang, China",CH,CH14,72785,33.5,78.7,11274353,4,"Modo, Xizang, China",CH,CH14,72785,33.5,78.7,11274353,20170624044500,Coerce,Material conflict
667706749,20170624,201706,USA,WASHINGTON,USA,,,,,,,,CHN,BEIJING,CHN,,,,,,,,1,112,112,11,3,-2.0,8,1,8,-3.73514431239389,1,Pakistan,PK,PK,,30.0,70.0,PK,1,Pakistan,PK,PK,,30.0,70.0,PK,1,Pakistan,PK,PK,,30.0,70.0,PK,20170624044500,Disapprove,Verbal conflict
667708003,20170624,201706,CHN,GREAT WALL,CHN,,,,,,,,USAGOV,AMERICAN,USA,,,,,GOV,,,1,043,043,04,1,2.8,6,1,6,1.41843971631206,4,"Great Wall, China (general), China",CH,CH00,13077,39.9667,119.8,-1930117,1,United States,US,US,,38.0,-97.0,US,4,"Great Wall, China (general), China",CH,CH00,13077,39.9667,119.8,-1930117,20170624050000,Consult,Verbal cooperation
667708834,20170624,201706,USAGOV,AMERICAN,USA,,,,,GOV,,,CHN,GREAT WALL,CHN,,,,,,,,1,042,042,04,1,1.9,6,1,6,1.41843971631206,4,"Jiankou, Fujian, China",CH,CH07,13009,25.3914,118.846,9167365,4,"Jiankou, Fujian, China",CH,CH07,13009,25.3914,118.846,9167365,4,"Jiankou, Fujian, China",CH,CH07,13009,25.3914,118.846,9167365,20170624050000,Consult,Verbal cooperation
667717229,20170624,201706,USAELI,IOWA,USA,,,,,ELI,,,CHN,CHINA,CHN,,,,,,,,1,050,050,05,1,3.5,6,1,6,3.65853658536585,3,"Amana, Iowa, United States",US,USIA,IA095,41.8,-91.8707,454162,3,"Amana, Iowa, United States",US,USIA,IA095,41.8,-91.8707,454162,3,"Des Moines, Iowa, United States",US,USIA,,41.6005,-93.6091,465961,20170624060000,Engage in diplomatic cooperation,Verbal cooperation
667717230,20170624,201706,USAELI,IOWA,USA,,,,,ELI,,,CHN,CHINESE,CHN,,,,,,,,1,070,070,07,2,7.0,6,1,6,3.65853658536585,2,"Iowa, United States",US,USIA,,42.0046,-93.214,IA,4,"Zhao Li, Jiangxi, China",CH,CH03,13165,29.1017,116.742,10995393,4,"Zhao Li, Jiangxi, China",CH,CH03,13165,29.1017,116.742,10995393,20170624060000,Provide aid,Material cooperation
667719058,20170624,201706,USA,THE US,USA,,,,,,,,CHN,CHINA,CHN,,,,,,,,1,120,120,12,3,-4.0,10,1,10,-2.57731958762887,4,"Linshui, Hebei, China",CH,CH10,13078,36.4247,114.205,-1915450,4,"Linshui, Hebei, China",CH,CH10,13078,36.4247,114.205,-1915450,4,"Linshui, Hebei, China",CH,CH10,13078,36.4247,114.205,-1915450,20170624061500,Reject,Verbal conflict
667719059,20170624,201706,USA,THE US,USA,,,,,,,,CHN,CHINA,CHN,,,,,,,,1,130,130,13,3,-4.4,10,1,10,-2.57731958762887,4,"Beijing, Beijing, China",CH,CH22,13001,39.9289,116.388,-1898541,4,"Beijing, Beijing, China",CH,CH22,13001,39.9289,116.388,-1898541,4,"Beijing, Beijing, China",CH,CH22,13001,39.9289,116.388,-1898541,20170624061500,Threaten,Verbal conflict
667751722,20170624,201706,CHN,CHINA,CHN,,,,,,,,USA,UNITED STATES,USA,,,,,,,,1,030,030,03,1,4.0,6,1,6,1.31578947368421,1,United States,US,US,,38.0,-97.0,US,1,China,CH,CH,,35.0,105.0,CH,1,China,CH,CH,,35.0,105.0,CH,20170624100000,Express intent to cooperate,Verbal cooperation
667751724,20170624,201706,CHN,CHINESE,CHN,,,,,,,,USA,AMERICAN,USA,,,,,,,,1,046,046,04,1,7.0,8,1,8,1.31578947368421,1,China,CH,CH,,35.0,105.0,CH,1,United States,US,US,,38.0,-97.0,US,1,China,CH,CH,,35.0,105.0,CH,20170624100000,Consult,Verbal cooperation
667752580,20170624,201706,USA,THE US,USA,,,,,,,,CHN,CHINA,CHN,,,,,,,,1,020,020,02,1,3.0,6,1,6,1.31578947368421,1,United States,US,US,,38.0,-97.0,US,1,China,CH,CH,,35.0,105.0,CH,1,China,CH,CH,,35.0,105.0,CH,20170624100000,Appeal,Verbal cooperation
667752583,20170624,201706,USA,UNITED STATES,USA,,,,,,,,CHN,CHINA,CHN,,,,,,,,1,030,030,03,1,4.0,10,1,8,1.31578947368421,1,United States,US,US,,38.0,-97.0,US,1,China,CH,CH,,35.0,105.0,CH,1,United States,US,US,,38.0,-97.0,US,20170624100000,Express intent to cooperate,Verbal cooperation
667752585,20170624,201706,USA,AMERICAN,USA,,,,,,,,CHN,CHINESE,CHN,,,,,,,,1,046,046,04,1,7.0,8,1,8,1.31578947368421,1,United States,US,US,,38.0,-97.0,US,1,China,CH,CH,,35.0,105.0,CH,1,China,CH,CH,,35.0,105.0,CH,20170624100000,Consult,Verbal cooperation
667754995,20170624,201706,USA,NEW YORK,USA,,,,,,,,CHN,CHINESE,CHN,,,,,,,,1,042,042,04,1,1.9,8,1,8,1.44161460836136,2,"New York, United States",US,USNY,,42.1497,-74.9384,NY,2,"New York, United States",US,USNY,,42.1497,-74.9384,NY,2,"New York, United States",US,USNY,,42.1497,-74.9384,NY,20170624101500,Consult,Verbal cooperation
667760872,20170624,201706,CHN,CHINA,CHN,,,,,,,,USAMED,REUTERS,USA,,,,,MED,,,1,071,071,07,2,7.4,7,1,7,-7.7562326869806,4,"Beijing, Beijing, China",CH,CH22,13001,39.9289,116.388,-1898541,4,"Shanghai, Shanghai, China",CH,CH23,13243,31.2222,121.458,-1924465,4,"Beijing, Beijing, China",CH,CH22,13001,39.9289,116.388,-1898541,20170624110000,Provide aid,Material cooperation
667787228,20170624,201706,CHNCVL,CHINA,CHN,,,,,CVL,,,USA,UNITED STATES,USA,,,,,,,,1,042,042,04,1,1.9,6,1,6,-3.06946688206785,2,"Michigan, United States",US,USMI,,43.3504,-84.5603,MI,2,"Michigan, United States",US,USMI,,43.3504,-84.5603,MI,2,"Michigan, United States",US,USMI,,43.3504,-84.5603,MI,20170624134500,Consult,Verbal cooperation
667795032,20170624,201706,CHN,CHINA,CHN,,,,,,,,USA,UNITED STATES,USA,,,,,,,,1,043,043,04,1,2.8,6,1,6,-1.84940554821664,4,"Beijing, Beijing, China",CH,CH22,13001,39.9289,116.388,-1898541,3,"Washington, District of Columbia, United States",US,USDC,DC001,38.8951,-77.0364,531871,4,"Beijing, Beijing, China",CH,CH22,13001,39.9289,116.388,-1898541,20170624144500,Consult,Verbal cooperation
667795668,20170624,201706,USA,UNITED STATES,USA,,,,,,,,CHN,CHINA,CHN,,,,,,,,1,042,042,04,1,1.9,6,1,6,-1.84940554821664,3,"Washington, District of Columbia, United States",US,USDC,DC001,38.8951,-77.0364,531871,4,"Beijing, Beijing, China",CH,CH22,13001,39.9289,116.388,-1898541,4,"Beijing, Beijing, China",CH,CH22,13001,39.9289,116.388,-1898541,20170624144500,Consult,Verbal cooperation
667795670,20170624,201706,USA,UNITED STATES,USA,,,,,,,,CHN,CHINA,CHN,,,,,,,,1,043,043,04,1,2.8,6,1,6,-1.84940554821664,3,"Washington, District of Columbia, United States",US,USDC,DC001,38.8951,-77.0364,531871,4,"Beijing, Beijing, China",CH,CH22,13001,39.9289,116.388,-1898541,4,"Beijing, Beijing, China",CH,CH22,13001,39.9289,116.388,-1898541,20170624144500,Consult,Verbal cooperation
667812502,20170624,201706,USA,UNITED STATES,USA,,,,,,,,CHN,CHINA,CHN,,,,,,,,1,100,100,10,3,-5.0,8,1,8,-3.03738317757009,4,"Beijing, Beijing, China",CH,CH22,13001,39.9289,116.388,-1898541,4,"Beijing, Beijing, China",CH,CH22,13001,39.9289,116.388,-1898541,4,"Beijing, Beijing, China",CH,CH22,13001,39.9289,116.388,-1898541,20170624163000,Demand,Verbal conflict
667814740,20170624,201706,CHN,CHINA,CHN,,,,,,,,USA,VIRGINIA,USA,,,,,,,,1,061,061,06,2,6.4,15,1,9,-9.30232558139535,1,China,CH,CH,,35.0,105.0,CH,2,"Virginia, United States",US,USVA,,37.768,-78.2057,VA,1,China,CH,CH,,35.0,105.0,CH,20170624170000,Engage in material cooperation,Material cooperation
667815746,20170624,201706,USA,VIRGINIA,USA,,,,,,,,CHN,CHINA,CHN,,,,,,,,1,061,061,06,2,6.4,15,1,9,-9.30232558139535,2,"Virginia, United States",US,USVA,,37.768,-78.2057,VA,1,China,CH,CH,,35.0,105.0,CH,1,China,CH,CH,,35.0,105.0,CH,20170624170000,Engage in material cooperation,Material cooperation
667815747,20170624,201706,USA,VIRGINIA,USA,,,,,,,,CHN,CHINA,CHN,,,,,,,,1,173,173,17,4,-5.0,10,1,10,-9.30232558139535,1,China,CH,CH,,35.0,105.0,CH,1,China,CH,CH,,35.0,105.0,CH,1,China,CH,CH,,35.0,105.0,CH,20170624170000,Coerce,Material conflict
667852026,20160624,201606,CHN,CHINA,CHN,,,,,,,,USA,AMERICAN,USA,,,,,,,,1,061,061,06,2,6.4,10,1,10,0.982800982800987,3,"Shenandoah, Virginia, United States",US,USVA,VA139,38.4851,-78.625,1494269,2,"Virginia, United States",US,USVA,,37.768,-78.2057,VA,3,"Shenandoah, Virginia, United States",US,USVA,VA139,38.4851,-78.625,1494269,20170624223000,Engage in material cooperation,Material cooperation
667868824,20170625,201706,CHN,CHINA,CHN,,,,,,,,USA,UNITED STATES,USA,,,,,,,,1,043,043,04,1,2.8,6,1,6,0.403225806451613,1,China,CH,CH,,35.0,105.0,CH,3,"Mobile Ship Channel, Alabama, United States",US,USAL,,30.4538,-88.0142,152355,3,"Mobile Ship Channel, Alabama, United States",US,USAL,,30.4538,-88.0142,152355,20170625004500,Consult,Verbal cooperation
667870468,20170625,201706,USAGOV,UNITED STATES,USA,,,,,GOV,,,CHN,CHINESE,CHN,,,,,,,,1,051,051,05,1,3.4,10,1,10,-2.90416263310746,1,Pakistan,PK,PK,,30.0,70.0,PK,1,Pakistan,PK,PK,,30.0,70.0,PK,1,Pakistan,PK,PK,,30.0,70.0,PK,20170625004500,Engage in diplomatic cooperation,Verbal cooperation
667878941,20170625,201706,CHN,CHINA,CHN,,,,,,,,USAMED,REUTERS,USA,,,,,MED,,,1,061,061,06,2,6.4,8,1,8,-2.60223048327138,1,China,CH,CH,,35.0,105.0,CH,4,"Tsogttsetsii, Omnogov' aymag, Mongolia",MG,MG14,21657,43.6972,105.736,-2348076,4,"Tsogttsetsii, Omnogov' aymag, Mongolia",MG,MG14,21657,43.6972,105.736,-2348076,20170625014500,Engage in material cooperation,Material cooperation
667881013,20170625,201706,CHN,CHINA,CHN,,,,,,,,USAMED,REUTERS,USA,,,,,MED,,,1,013,013,01,1,0.4,10,1,10,-0.11709601873536,4,"Beijing, Beijing, China",CH,CH22,13001,39.9289,116.388,-1898541,4,"Beijing, Beijing, China",CH,CH22,13001,39.9289,116.388,-1898541,4,"Beijing, Beijing, China",CH,CH22,13001,39.9289,116.388,-1898541,20170625020000,Make public statement,Verbal cooperation
667892923,20170625,201706,USAMED,REUTERS,USA,,,,,MED,,,CHN,CHINESE,CHN,,,,,,,,1,042,042,04,1,1.9,20,2,20,-0.246457271628415,4,"Beijing, Beijing, China",CH,CH22,13001,39.9289,116.388,-1898541,4,"University Of Hong Kong, Hong Kong (general), Hong Kong",HK,HK00,13031,22.2833,114.133,-1353150,4,"University Of Hong Kong, Hong Kong (general), Hong Kong",HK,HK00,13031,22.2833,114.133,-1353150,20170625033000,Consult,Verbal cooperation
667903544,20170625,201706,USA,AMERICAN,USA,,,,,,,,CHN,CHINA,CHN,,,,,,,,1,020,020,02,1,3.0,9,1,9,-7.08955223880597,2,"Wyoming, United States",US,USWY,,42.7475,-107.209,WY,4,"Pyongyang, P'yongyang-si, North Korea",KN,KN12,39681,39.0194,125.755,-183459,4,"Pyongyang, P'yongyang-si, North Korea",KN,KN12,39681,39.0194,125.755,-183459,20170625050000,Appeal,Verbal cooperation
667903545,20170625,201706,USA,AMERICAN,USA,,,,,,,,CHN,CHINA,CHN,,,,,,,,1,173,173,17,4,-5.0,9,1,9,-7.08955223880597,3,"White House, District of Columbia, United States",US,USDC,,38.8951,-77.0364,531871,1,China,CH,CH,,35.0,105.0,CH,3,"White House, District of Columbia, United States",US,USDC,,38.8951,-77.0364,531871,20170625050000,Coerce,Material conflict
667904444,20170625,201706,CHN,CHINA,CHN,,,,,,,,USA,UNITED STATES,USA,,,,,,,,1,054,054,05,1,6.0,6,1,6,-0.324149108589951,4,"Beijing, Beijing, China",CH,CH22,13001,39.9289,116.388,-1898541,3,"Washington, District of Columbia, United States",US,USDC,DC001,38.8951,-77.0364,531871,4,"Panama Canal, Panama (general), Panama",PM,PM00,93681,9.33333,-79.9167,-168010,20170625051500,Engage in diplomatic cooperation,Verbal cooperation
667905109,20170625,201706,USAMED,REUTERS,USA,,,,,MED,,,CHN,CHINA,CHN,,,,,,,,1,010,010,01,1,0.0,8,1,8,-6.13207547169811,4,"Xinmo, Sichuan, China",CH,CH32,13274,29.5383,104.19,10393069,4,"Xinmo, Sichuan, China",CH,CH32,13274,29.5383,104.19,10393069,4,"Xinmo, Sichuan, China",CH,CH32,13274,29.5383,104.19,10393069,20170625051500,Make public statement,Verbal cooperation
667906172,20170625,201706,CHN,CHINA,CHN,,,,,,,,USA,UNITED STATES,USA,,,,,,,,1,043,043,04,1,2.8,6,1,6,0.44576523031204,1,China,CH,CH,,35.0,105.0,CH,3,"East Galesburg, Illinois, United States",US,USIL,,40.9478,-90.3101,407650,1,China,CH,CH,,35.0,105.0,CH,20170625053000,Consult,Verbal cooperation
667906920,20170625,201706,USA,UNITED STATES,USA,,,,,,,,CHN,CHINA,CHN,,,,,,,,1,042,042,04,1,1.9,6,1,6,0.44576523031204,3,"East Galesburg, Illinois, United States",US,USIL,IL095,40.9478,-90.3101,407650,1,China,CH,CH,,35.0,105.0,CH,1,China,CH,CH,,35.0,105.0,CH,20170625053000,Consult,Verbal cooperation
667911417,20170526,201705,CHNGOV,CHINA,CHN,,,,,GOV,,,USAMED,REUTERS,USA,,,,,MED,,,1,036,036,03,1,4.0,6,1,6,-3.23920265780731,1,China,CH,CH,,35.0,105.0,CH,1,China,CH,CH,,35.0,105.0,CH,1,China,CH,CH,,35.0,105.0,CH,20170625061500,Express intent to cooperate,Verbal cooperation
667911424,20170526,201705,USAMED,REUTERS,USA,,,,,MED,,,CHNGOV,CHINA,CHN,,,,,GOV,,,1,036,036,03,1,4.0,6,1,6,-3.23920265780731,1,China,CH,CH,,35.0,105.0,CH,1,China,CH,CH,,35.0,105.0,CH,1,China,CH,CH,,35.0,105.0,CH,20170625061500,Express intent to cooperate,Verbal cooperation
667914608,20170625,201706,USA,THE US,USA,,,,,,,,CHN,CHINA,CHN,,,,,,,,1,010,010,01,1,0.0,8,1,8,-0.36068530207394,4,"Beijing, Beijing, China",CH,CH22,13001,39.9289,116.388,-1898541,4,"Beijing, Beijing, China",CH,CH22,13001,39.9289,116.388,-1898541,4,"Beijing, Beijing, China",CH,CH22,13001,39.9289,116.388,-1898541,20170625063000,Make public statement,Verbal cooperation
667915537,20170526,201705,CHNGOV,XI JINPING,CHN,,,,,GOV,,,USA,FLORIDA,USA,,,,,,,,1,040,040,04,1,1.0,6,1,6,-1.40449438202247,4,"Beijing, Beijing, China",CH,CH22,13001,39.9289,116.388,-1898541,4,"Beijing, Beijing, China",CH,CH22,13001,39.9289,116.388,-1898541,4,"Beijing, Beijing, China",CH,CH22,13001,39.9289,116.388,-1898541,20170625064500,Consult,Verbal cooperation
667915545,20170526,201705,USA,FLORIDA,USA,,,,,,,,CHNGOV,XI JINPING,CHN,,,,,GOV,,,1,040,040,04,1,1.0,6,1,6,-1.40449438202247,2,"Florida, United States",US,USFL,,27.8333,-81.717,FL,4,"Beijing, Beijing, China",CH,CH22,13001,39.9289,116.388,-1898541,4,"Beijing, Beijing, China",CH,CH22,13001,39.9289,116.388,-1898541,20170625064500,Consult,Verbal cooperation
667927261,20170625,201706,USA,UNITED STATES,USA,,,,,,,,CHN,CHINA,CHN,,,,,,,,1,020,020,02,1,3.0,8,1,8,3.41151385927505,1,China,CH,CH,,35.0,105.0,CH,3,"White House, District of Columbia, United States",US,USDC,,38.8951,-77.0364,531871,1,China,CH,CH,,35.0,105.0,CH,20170625080000,Appeal,Verbal cooperation
667941882,20170625,201706,CHN,CHINA,CHN,,,,,,,,USAMED,THE ASSOCIATED PRESS,USA,,,,,MED,,,1,010,010,01,1,0.0,16,7,16,-2.14629105915443,4,"Xinmo, Sichuan, China",CH,CH32,13274,29.5383,104.19,10393069,4,"Xinmo, Sichuan, China",CH,CH32,13274,29.5383,104.19,10393069,4,"Xinmo, Sichuan, China",CH,CH32,13274,29.5383,104.19,10393069,20170625094500,Make public statement,Verbal cooperation
667948224,20170625,201706,USA,AMERICAN,USA,,,,,,,,CHNBUS,CHINESE,CHN,,,,,BUS,,,1,071,071,07,2,7.4,6,1,6,2.70758122743683,4,"Beijing, Beijing, China",CH,CH22,13001,39.9289,116.388,-1898541,4,"Beijing, Beijing, China",CH,CH22,13001,39.9289,116.388,-1898541,4,"Beijing, Beijing, China",CH,CH22,13001,39.9289,116.388,-1898541,20170625110000,Provide aid,Material cooperation
667953344,20170625,201706,CHN,CHINESE,CHN,,,,,,,,USAMED,REUTERS,USA,,,,,MED,,,1,043,043,04,1,2.8,10,1,10,-0.25220680958386,4,"Beijing, Beijing, China",CH,CH22,13001,39.9289,116.388,-1898541,4,"Beijing, Beijing, China",CH,CH22,13001,39.9289,116.388,-1898541,4,"Beijing, Beijing, China",CH,CH22,13001,39.9289,116.388,-1898541,20170625114500,Consult,Verbal cooperation
667958084,20170625,201706,CHN,CHINA,CHN,,,,,,,,USA,UNITED STATES,USA,,,,,,,,1,020,020,02,1,3.0,8,1,8,-3.72093023255814,4,"Beijing, Beijing, China",CH,CH22,13001,39.9289,116.388,-1898541,1,United States,US,US,,38.0,-97.0,US,4,"Beijing, Beijing, China",CH,CH22,13001,39.9289,116.388,-1898541,20170625121500,Appeal,Verbal cooperation
667958086,20170625,201706,CHN,CHINA,CHN,,,,,,,,USA,UNITED STATES,USA,,,,,,,,1,045,045,04,1,5.0,8,1,8,-3.72093023255814,4,"Beijing, Beijing, China",CH,CH22,13001,39.9289,116.388,-1898541,1,United States,US,US,,38.0,-97.0,US,4,"Beijing, Beijing, China",CH,CH22,13001,39.9289,116.388,-1898541,20170625121500,Consult,Verbal cooperation
667958088,20170625,201706,CHN,CHINA,CHN,,,,,,,,USA,UNITED STATES,USA,,,,,,,,1,080,080,08,2,5.0,8,1,8,-3.72093023255814,4,"Beijing, Beijing, China",CH,CH22,13001,39.9289,116.388,-1898541,1,United States,US,US,,38.0,-97.0,US,4,"Pyongyang, P'yongyang-si, North Korea",KN,KN12,39681,39.0194,125.755,-183459,20170625121500,Yield,Material cooperation
667958089,20170625,201706,CHN,CHINA,CHN,,,,,,,,USA,UNITED STATES,USA,,,,,,,,1,100,100,10,3,-5.0,8,1,8,-3.3096926713948,4,"Pyongyang, P'yongyang-si, North Korea",KN,KN12,39681,39.0194,125.755,-183459,4,"Pyongyang, P'yongyang-si, North Korea",KN,KN12,39681,39.0194,125.755,-183459,4,"Pyongyang, P'yongyang-si, North Korea",KN,KN12,39681,39.0194,125.755,-183459,20170625121500,Demand,Verbal conflict
667958935,20170625,201706,USA,UNITED STATES,USA,,,,,,,,CHN,CHINA,CHN,,,,,,,,1,080,080,08,2,5.0,8,1,8,-3.72093023255814,1,United States,US,US,,38.0,-97.0,US,4,"Beijing, Beijing, China",CH,CH22,13001,39.9289,116.388,-1898541,4,"Pyongyang, P'yongyang-si, North Korea",KN,KN12,39681,39.0194,125.755,-183459,20170625121500,Yield,Material cooperation
667976874,20170625,201706,CHN,CHINA,CHN,,,,,,,,USA,UNITED STATES,USA,,,,,,,,1,100,100,10,3,-5.0,10,1,10,-0.5420054200542,1,Japan,JA,JA,,36.0,138.0,JA,1,Japan,JA,JA,,36.0,138.0,JA,1,Japan,JA,JA,,36.0,138.0,JA,20170625144500,Demand,Verbal conflict
667991459,20170625,201706,CHN,CHINA,CHN,,,,,,,,USA,THE US,USA,,,,,,,,1,030,030,03,1,4.0,10,1,10,-4.19161676646707,1,China,CH,CH,,35.0,105.0,CH,1,China,CH,CH,,35.0,105.0,CH,1,China,CH,CH,,35.0,105.0,CH,20170625164500,Express intent to cooperate,Verbal cooperation
667992646,20170625,201706,USA,THE US,USA,,,,,,,,CHN,CHINA,CHN,,,,,,,,1,030,030,03,1,4.0,10,1,10,-4.19161676646707,1,China,CH,CH,,35.0,105.0,CH,1,China,CH,CH,,35.0,105.0,CH,1,China,CH,CH,,35.0,105.0,CH,20170625164500,Express intent to cooperate,Verbal cooperation
667995730,20170625,201706,CHN,CHINESE,CHN,,,,,,,,USA,AMERICAN,USA,,,,,,,,1,012,012,01,1,-0.4,10,1,10,0.43859649122807,1,New Zealand,NZ,NZ,,-41.0,174.0,NZ,1,New Zealand,NZ,NZ,,-41.0,174.0,NZ,1,New Zealand,NZ,NZ,,-41.0,174.0,NZ,20170625171500,Make public statement,Verbal cooperation
668014667,20170625,201706,CHN,CHINA,CHN,,,,,,,,USA,UNITED STATES,USA,,,,,,,,1,030,030,03,1,4.0,10,1,8,-3.64741641337386,1,China,CH,CH,,35.0,105.0,CH,3,"Washington, District of Columbia, United States",US,USDC,DC001,38.8951,-77.0364,531871,1,China,CH,CH,,35.0,105.0,CH,20170625194500,Express intent to cooperate,Verbal cooperation
668015434,20170625,201706,USA,UNITED STATES,USA,,,,,,,,CHN,CHINA,CHN,,,,,,,,1,030,030,03,1,4.0,6,1,6,-3.64741641337386,3,"Washington, District of Columbia, United States",US,USDC,DC001,38.8951,-77.0364,531871,3,"Washington, District of Columbia, United States",US,USDC,DC001,38.8951,-77.0364,531871,3,"Washington, District of Columbia, United States",US,USDC,DC001,38.8951,-77.0364,531871,20170625194500,Express intent to cooperate,Verbal cooperation
668019057,20170625,201706,CHN,CHINA,CHN,,,,,,,,USAMED,REUTERS,USA,,,,,MED,,,1,042,042,04,1,1.9,6,1,6,-0.4149377593361,4,"Xichang, Sichuan, China",CH,CH32,13272,27.8964,102.263,-1932727,4,"Sichuan, Gansu, China",CH,CH15,13024,35.1221,105.48,10650455,4,"Xichang, Sichuan, China",CH,CH32,13272,27.8964,102.263,-1932727,20170625203000,Consult,Verbal cooperation
668020123,20170625,201706,USAMED,REUTERS,USA,,,,,MED,,,CHN,CHINA,CHN,,,,,,,,1,043,043,04,1,2.8,6,1,6,-0.4149377593361,4,"Sichuan, Gansu, China",CH,CH15,13024,35.1221,105.48,10650455,4,"Xichang, Sichuan, China",CH,CH32,13272,27.8964,102.263,-1932727,4,"Xichang, Sichuan, China",CH,CH32,13272,27.8964,102.263,-1932727,20170625203000,Consult,Verbal cooperation
668021553,20170625,201706,USA,CHICAGO,USA,,,,,,,,CHN,CHINESE,CHN,,,,,,,,1,020,020,02,1,3.0,8,4,8,-4.44444444444445,3,"Urbana, Illinois, United States",US,USIL,IL019,40.1106,-88.2073,420182,3,"Chicago, Illinois, United States",US,USIL,IL031,41.85,-87.6501,423587,3,"Chicago, Illinois, United States",US,USIL,IL031,41.85,-87.6501,423587,20170625213000,Appeal,Verbal cooperation
668021554,20170625,201706,USA,CHICAGO,USA,,,,,,,,CHN,CHINESE,CHN,,,,,,,,1,020,020,02,1,3.0,14,7,14,-3.79492596510104,3,"Chicago, Illinois, United States",US,USIL,IL031,41.85,-87.6501,423587,3,"Chicago, Illinois, United States",US,USIL,IL031,41.85,-87.6501,423587,3,"Chicago, Illinois, United States",US,USIL,IL031,41.85,-87.6501,423587,20170625213000,Appeal,Verbal cooperation
668021558,20170625,201706,USA,UNITED STATES,USA,,,,,,,,CHNEDU,CHINA,CHN,,,,,EDU,,,1,020,020,02,1,3.0,28,7,28,-3.79492596510104,3,"Urbana, Illinois, United States",US,USIL,IL019,40.1106,-88.2073,420182,3,"Urbana, Illinois, United States",US,USIL,IL019,40.1106,-88.2073,420182,3,"Urbana, Illinois, United States",US,USIL,IL019,40.1106,-88.2073,420182,20170625213000,Appeal,Verbal cooperation
668024446,20170625,201706,CHN,CHINA,CHN,,,,,,,,USAELI,BILL CLINTON,USA,,,,,ELI,,,1,046,046,04,1,7.0,10,1,10,-1.65094339622642,1,China,CH,CH,,35.0,105.0,CH,1,China,CH,CH,,35.0,105.0,CH,1,China,CH,CH,,35.0,105.0,CH,20170625220000,Consult,Verbal cooperation
668025327,20170625,201706,USAELI,BILL CLINTON,USA,,,,,ELI,,,CHN,CHINA,CHN,,,,,,,,1,046,046,04,1,7.0,10,1,10,-1.65094339622642,1,China,CH,CH,,35.0,105.0,CH,1,China,CH,CH,,35.0,105.0,CH,1,China,CH,CH,,35.0,105.0,CH,20170625220000,Consult,Verbal cooperation
668032132,20170625,201706,CHN,CHINESE,CHN,,,,,,,,USA,NEW YORK,USA,,,,,,,,1,042,042,04,1,1.9,10,1,10,2.42510699001427,4,"Hong Xiao, Hunan, China",CH,CH11,13142,27.8322,111.953,9185103,4,"Hong Xiao, Hunan, China",CH,CH11,13142,27.8322,111.953,9185103,4,"Hong Xiao, Hunan, China",CH,CH11,13142,27.8322,111.953,9185103,20170625231500,Consult,Verbal cooperation
668032133,20170625,201706,CHN,CHINA,CHN,,,,,,,,USAMED,REUTERS,USA,,,,,MED,,,1,043,043,04,1,2.8,8,1,8,-2.28136882129277,4,"Beijing, Beijing, China",CH,CH22,13001,39.9289,116.388,-1898541,4,"Beijing, Beijing, China",CH,CH22,13001,39.9289,116.388,-1898541,1,Hong Kong,HK,HK,,22.25,114.167,HK,20170625231500,Consult,Verbal cooperation
668032827,20170625,201706,USAMED,REUTERS,USA,,,,,MED,,,CHN,CHINA,CHN,,,,,,,,1,042,042,04,1,1.9,10,1,10,-2.28136882129277,4,"Beijing, Beijing, China",CH,CH22,13001,39.9289,116.388,-1898541,1,Hong Kong,HK,HK,,22.25,114.167,HK,1,Hong Kong,HK,HK,,22.25,114.167,HK,20170625231500,Consult,Verbal cooperation
668035194,20170527,201705,CHN,CHINESE,CHN,,,,,,,,USA,IOWA,USA,,,,,,,,1,036,036,03,1,4.0,8,1,8,0.4739336492891,1,China,CH,CH,,35.0,105.0,CH,1,China,CH,CH,,35.0,105.0,CH,1,China,CH,CH,,35.0,105.0,CH,20170626000000,Express intent to cooperate,Verbal cooperation
668035205,20170527,201705,USA,IOWA,USA,,,,,,,,CHN,CHINESE,CHN,,,,,,,,1,036,036,03,1,4.0,8,1,8,0.4739336492891,2,"Iowa, United States",US,USIA,,42.0046,-93.214,IA,1,China,CH,CH,,35.0,105.0,CH,2,"Iowa, United States",US,USIA,,42.0046,-93.214,IA,20170626000000,Express intent to cooperate,Verbal cooperation
668035898,20170626,201706,CHN,CHINA,CHN,,,,,,,,USAMED,REUTERS,USA,,,,,MED,,,1,013,013,01,1,0.4,10,1,10,-0.25,4,"Beijing, Beijing, China",CH,CH22,13001,39.9289,116.388,-1898541,4,"Beijing, Beijing, China",CH,CH22,13001,39.9289,116.388,-1898541,4,"Beijing, Beijing, China",CH,CH22,13001,39.9289,116.388,-1898541,20170626000000,Make public statement,Verbal cooperation
668039273,20170626,201706,CHN,CHINA,CHN,,,,,,,,USACVL,COLUMBUS,USA,,,,,CVL,,,1,043,043,04,1,2.8,10,1,10,-1.91570881226053,4,"Beijing, Beijing, China",CH,CH22,13001,39.9289,116.388,-1898541,4,"Beijing, Beijing, China",CH,CH22,13001,39.9289,116.388,-1898541,4,"Beijing, Beijing, China",CH,CH22,13001,39.9289,116.388,-1898541,20170626001500,Consult,Verbal cooperation
668040754,20170626,201706,USACVL,COLUMBUS,USA,,,,,CVL,,,CHN,CHINA,CHN,,,,,,,,1,042,042,04,1,1.9,10,1,10,-1.91570881226053,4,"Beijing, Beijing, China",CH,CH22,13001,39.9289,116.388,-1898541,4,"Beijing, Beijing, China",CH,CH22,13001,39.9289,116.388,-1898541,4,"Beijing, Beijing, China",CH,CH22,13001,39.9289,116.388,-1898541,20170626001500,Consult,Verbal cooperation
668042752,20170626,201706,CHN,CHINESE,CHN,,,,,,,,USA,AMERICAN,USA,,,,,,,,1,012,012,01,1,-0.4,10,1,10,0.2212389380531,1,New Zealand,NZ,NZ,,-41.0,174.0,NZ,1,New Zealand,NZ,NZ,,-41.0,174.0,NZ,1,New Zealand,NZ,NZ,,-41.0,174.0,NZ,20170626003000,Make public statement,Verbal cooperation
668058889,20170626,201706,CHN,CHINESE,CHN,,,,,,,,USA,CALIFORNIA,USA,,,,,,,,1,042,042,04,1,1.9,6,1,6,1.13636363636364,1,China,CH,CH,,35.0,105.0,CH,2,"California, United States",US,USCA,,36.17,-119.746,CA,3,"Marysville, California, United States",US,USCA,CA115,39.1457,-121.591,277554,20170626020000,Consult,Verbal cooperation
668060091,20170626,201706,USA,CALIFORNIA,USA,,,,,,,,CHN,CHINESE,CHN,,,,,,,,1,043,043,04,1,2.8,6,1,6,1.13636363636364,2,"California, United States",US,USCA,,36.17,-119.746,CA,1,China,CH,CH,,35.0,105.0,CH,3,"Marysville, California, United States",US,USCA,CA115,39.1457,-121.591,277554,20170626020000,Consult,Verbal cooperation
668064762,20170626,201706,USA,UNITED STATES,USA,,,,,,,,CHN,CHINA,CHN,,,,,,,,1,100,100,10,3,-5.0,6,1,6,-1.22699386503067,3,"White House, District of Columbia, United States",US,USDC,,38.8951,-77.0364,531871,3,"White House, District of Columbia, United States",US,USDC,,38.8951,-77.0364,531871,3,"White House, District of Columbia, United States",US,USDC,,38.8951,-77.0364,531871,20170626023000,Demand,Verbal conflict
668066318,20170626,201706,CHN,CHINESE,CHN,,,,,,,,USA,MICHIGAN,USA,,,,,,,,1,030,030,03,1,4.0,10,1,10,-4.72103004291846,2,"South Carolina, United States",US,USSC,,33.8191,-80.9066,SC,2,"South Carolina, United States",US,USSC,,33.8191,-80.9066,SC,2,"South Carolina, United States",US,USSC,,33.8191,-80.9066,SC,20170626024500,Express intent to cooperate,Verbal cooperation
668067087,20170626,201706,USA,MICHIGAN,USA,,,,,,,,CHN,CHINESE,CHN,,,,,,,,1,030,030,03,1,4.0,7,1,7,-4.72103004291846,2,"Michigan, United States",US,USMI,,43.3504,-84.5603,MI,3,"Detroit, Michigan, United States",US,USMI,MI163,42.3314,-83.0458,1617959,2,"Michigan, United States",US,USMI,,43.3504,-84.5603,MI,20170626024500,Express intent to cooperate,Verbal cooperation
668069300,20170626,201706,USAGOV,THE US,USA,,,,,GOV,,,CHN,BEIJING,CHN,,,,,,,,1,036,036,03,1,4.0,10,1,10,3.84615384615384,4,"Beijing, Beijing, China",CH,CH22,13001,39.9289,116.388,-1898541,4,"Beijing, Beijing, China",CH,CH22,13001,39.9289,116.388,-1898541,4,"Beijing, Beijing, China",CH,CH22,13001,39.9289,116.388,-1898541,20170626030000,Express intent to cooperate,Verbal cooperation
668074272,20170626,201706,CHN,CHINA,CHN,,,,,,,,MNCUSA,MICROSOFT,USA,,,,,MNC,,,1,043,043,04,1,2.8,10,1,10,8.73362445414848,4,"Beijing, Beijing, China",CH,CH22,13001,39.9289,116.388,-1898541,4,"Beijing, Beijing, China",CH,CH22,13001,39.9289,116.388,-1898541,4,"Beijing, Beijing, China",CH,CH22,13001,39.9289,116.388,-1898541,20170626034500,Consult,Verbal cooperation
668074836,20170626,201706,MNCUSA,MICROSOFT,USA,,,,,MNC,,,CHN,CHINA,CHN,,,,,,,,1,042,042,04,1,1.9,10,1,10,8.73362445414848,4,"Beijing, Beijing, China",CH,CH22,13001,39.9289,116.388,-1898541,4,"Beijing, Beijing, China",CH,CH22,13001,39.9289,116.388,-1898541,4,"Beijing, Beijing, China",CH,CH22,13001,39.9289,116.388,-1898541,20170626034500,Consult,Verbal cooperation
668074837,20170626,201706,MNCUSA,MICROSOFT,USA,,,,,MNC,,,CHN,CHINA,CHN,,,,,,,,1,051,051,05,1,3.4,10,1,10,8.73362445414848,4,"Beijing, Beijing, China",CH,CH22,13001,39.9289,116.388,-1898541,4,"Beijing, Beijing, China",CH,CH22,13001,39.9289,116.388,-1898541,4,"Beijing, Beijing, China",CH,CH22,13001,39.9289,116.388,-1898541,20170626034500,Engage in diplomatic cooperation,Verbal cooperation
668077922,20170626,201706,CHN,CHINESE,CHN,,,,,,,,USA,UNITED STATES,USA,,,,,,,,1,111,111,11,3,-2.0,8,1,8,4.36681222707424,4,"Qin Feng, Zhejiang, China",CH,CH02,13319,30.0226,119.163,11019395,4,"Qin Feng, Zhejiang, China",CH,CH02,13319,30.0226,119.163,11019395,4,"Qin Feng, Zhejiang, China",CH,CH02,13319,30.0226,119.163,11019395,20170626041500,Disapprove,Verbal conflict
668078723,20170626,201706,USA,NEW YORK,USA,,,,,,,,CHN,CHINA,CHN,,,,,,,,1,111,111,11,3,-2.0,6,1,6,-2.59403372243839,2,"New York, United States",US,USNY,,42.1497,-74.9384,NY,4,"Beijing, Beijing, China",CH,CH22,13001,39.9289,116.388,-1898541,4,"Beijing, Beijing, China",CH,CH22,13001,39.9289,116.388,-1898541,20170626041500,Disapprove,Verbal conflict
668078911,20170626,201706,USAMED,THE ASSOCIATED PRESS,USA,,,,,MED,,,CHN,CHINESE,CHN,,,,,,,,1,173,173,17,4,-5.0,7,1,7,-6.57894736842106,4,"Shanghai, Shanghai, China",CH,CH23,13243,31.2222,121.458,-1924465,4,"Shanghai, Shanghai, China",CH,CH23,13243,31.2222,121.458,-1924465,1,Macau,MC,MC,,22.1667,113.55,MC,20170626041500,Coerce,Material conflict
668078912,20170626,201706,USAMED,THE ASSOCIATED PRESS,USA,,,,,MED,,,CHNBUS,CHINA,CHN,,,,,BUS,,,1,112,112,11,3,-2.0,8,1,8,-6.57894736842106,4,"Beijing, Beijing, China",CH,CH22,13001,39.9289,116.388,-1898541,4,"Shanghai, Shanghai, China",CH,CH23,13243,31.2222,121.458,-1924465,4,"Beijing, Beijing, China",CH,CH22,13001,39.9289,116.388,-1898541,20170626041500,Disapprove,Verbal conflict
668079875,20170626,201706,CHN,CHINESE,CHN,,,,,,,,USA,AMERICAN,USA,,,,,,,,1,017,017,01,1,0.0,8,1,8,1.36986301369864,1,Hong Kong,HK,HK,,22.25,114.167,HK,1,Hong Kong,HK,HK,,22.25,114.167,HK,1,Hong Kong,HK,HK,,22.25,114.167,HK,20170626043000,Make public statement,Verbal cooperation
668079878,20170626,201706,CHN,CHINA,CHN,,,,,,,,USAELI,UNITED STATES,USA,,,,,ELI,,,1,010,010,01,1,0.0,6,5,6,-1.28405231988329,4,"Beijing, Beijing, China",CH,CH22,13001,39.9289,116.388,-1898541,4,"Beijing, Beijing, China",CH,CH22,13001,39.9289,116.388,-1898541,4,"Beijing, Beijing, China",CH,CH22,13001,39.9289,116.388,-1898541,20170626043000,Make public statement,Verbal cooperation
668079879,20170626,201706,CHN,BEIJING,CHN,,,,,,,,USAELI,IOWA,USA,,,,,ELI,,,1,010,010,01,1,0.0,12,5,12,-1.28405231988329,4,"Beijing, Beijing, China",CH,CH22,13001,39.9289,116.388,-1898541,2,"Florida, United States",US,USFL,,27.8333,-81.717,FL,4,"Beijing, Beijing, China",CH,CH22,13001,39.9289,116.388,-1898541,20170626043000,Make public statement,Verbal cooperation
668079880,20170626,201706,CHN,BEIJING,CHN,,,,,,,,USAGOV,UNITED STATES,USA,,,,,GOV,,,1,010,010,01,1,0.0,6,5,6,-1.28405231988329,4,"Beijing, Beijing, China",CH,CH22,13001,39.9289,116.388,-1898541,4,"Beijing, Beijing, China",CH,CH22,13001,39.9289,116.388,-1898541,4,"Beijing, Beijing, China",CH,CH22,13001,39.9289,116.388,-1898541,20170626043000,Make public statement,Verbal cooperation
668079881,20170626,201706,CHN,BEIJING,CHN,,,,,,,,USAGOV,UNITED STATES,USA,,,,,GOV,,,1,010,010,01,1,0.0,6,5,6,-1.28405231988329,2,"Florida, United States",US,USFL,,27.8333,-81.717,FL,4,"Beijing, Beijing, China",CH,CH22,13001,39.9289,116.388,-1898541,4,"Beijing, Beijing, China",CH,CH22,13001,39.9289,116.388,-1898541,20170626043000,Make public statement,Verbal cooperation
668080796,20170626,201706,USAMED,ASSOCIATED PRESS,USA,,,,,MED,,,CHNBUS,CHINA,CHN,,,,,BUS,,,1,112,112,11,3,-2.0,10,1,10,-5.65371024734983,4,"Shanghai, Shanghai, China",CH,CH23,13243,31.2222,121.458,-1924465,1,Malaysia,MY,MY,,2.5,112.5,MY,1,Malaysia,MY,MY,,2.5,112.5,MY,20170626043000,Disapprove,Verbal conflict
668082906,20170626,201706,USABUS,AMERICAN,USA,,,,,BUS,,,CHN,CHINA,CHN,,,,,,,,1,061,061,06,2,6.4,6,1,6,1.1166253101737,1,China,CH,CH,,35.0,105.0,CH,1,China,CH,CH,,35.0,105.0,CH,1,China,CH,CH,,35.0,105.0,CH,20170626044500,Engage in material cooperation,Material cooperation
668083684,20170619,201706,USAMED,REUTERS,USA,,,,,MED,,,CHN,SHANGHAI,CHN,,,,,,,,1,010,010,01,1,0.0,10,1,10,-1.57232704402516,1,China,CH,CH,,35.0,105.0,CH,1,China,CH,CH,,35.0,105.0,CH,1,China,CH,CH,,35.0,105.0,CH,20170626050000,Make public statement,Verbal cooperation
668083685,20170619,201706,USAMED,REUTERS,USA,,,,,MED,,,CHN,SHANGHAI,CHN,,,,,,,,1,010,010,01,1,0.0,10,1,10,-1.57232704402516,1,China,CH,CH,,35.0,105.0,CH,1,Hong Kong,HK,HK,,22.25,114.167,HK,1,China,CH,CH,,35.0,105.0,CH,20170626050000,Make public statement,Verbal cooperation
668088466,20170626,201706,CHN,CHINA,CHN,,,,,,,,USA,UNITED STATES,USA,,,,,,,,1,036,036,03,1,4.0,6,1,6,-1.29310344827586,1,China,CH,CH,,35.0,105.0,CH,1,United States,US,US,,38.0,-97.0,US,1,China,CH,CH,,35.0,105.0,CH,20170626053000,Express intent to cooperate,Verbal cooperation
668089372,20170626,201706,USA,UNITED STATES,USA,,,,,,,,CHN,CHINA,CHN,,,,,,,,1,036,036,03,1,4.0,6,1,6,-1.29310344827586,1,United States,US,US,,38.0,-97.0,US,1,China,CH,CH,,35.0,105.0,CH,1,China,CH,CH,,35.0,105.0,CH,20170626053000,Express intent to cooperate,Verbal cooperation
668092912,20170626,201706,CHN,CHINESE,CHN,,,,,,,,USA,MICHIGAN,USA,,,,,,,,1,030,030,03,1,4.0,8,1,8,-4.49927855962861,3,"Detroit, Michigan, United States",US,USMI,MI163,42.3314,-83.0458,1617959,3,"Detroit, Michigan, United States",US,USMI,MI163,42.3314,-83.0458,1617959,2,"Michigan, United States",US,USMI,,43.3504,-84.5603,MI,20170626060000,Express intent to cooperate,Verbal cooperation
668092913,20170626,201706,CHN,CHINESE,CHN,,,,,,,,USA,MICHIGAN,USA,,,,,,,,1,030,030,03,1,4.0,12,1,12,-4.49927855962862,3,"Detroit, Michigan, United States",US,USMI,MI163,42.3314,-83.0458,1617959,2,"Michigan, United States",US,USMI,,43.3504,-84.5603,MI,2,"Michigan, United States",US,USMI,,43.3504,-84.5603,MI,20170626060000,Express intent to cooperate,Verbal cooperation
668095580,20170626,201706,CHN,CHINESE,CHN,,,,,,,,USA,MICHIGAN,USA,,,,,,,,1,030,030,03,1,4.0,10,1,10,-4.08921933085501,2,"Utah, United States",US,USUT,,40.1135,-111.854,UT,2,"Utah, United States",US,USUT,,40.1135,-111.854,UT,2,"Utah, United States",US,USUT,,40.1135,-111.854,UT,20170626061500,Express intent to cooperate,Verbal cooperation
668099590,20170626,201706,USA,UNITED STATES,USA,,,,,,,,CHN,CHINA,CHN,,,,,,,,1,129,129,12,3,-5.0,6,1,6,0.91116173120729,3,"Washington, District of Columbia, United States",US,USDC,DC001,38.8951,-77.0364,531871,1,China,CH,CH,,35.0,105.0,CH,1,France,FR,FR,,46.0,2.0,FR,20170626063000,Reject,Verbal conflict
668103394,20170626,201706,CHN,CHINA,CHN,,,,,,,,USA,NEW YORK,USA,,,,,,,,1,043,043,04,1,2.8,8,1,8,-0.74441687344913,4,"Xinmo, Sichuan, China",CH,CH32,13274,29.5383,104.19,10393069,4,"Xinmo, Sichuan, China",CH,CH32,13274,29.5383,104.19,10393069,1,Hong Kong,HK,HK,,22.25,114.167,HK,20170626070000,Consult,Verbal cooperation
668104375,20170626,201706,USA,NEW YORK,USA,,,,,,,,CHN,CHINA,CHN,,,,,,,,1,017,017,01,1,0.0,8,1,8,-0.74441687344913,4,"Xinmo, Sichuan, China",CH,CH32,13274,29.5383,104.19,10393069,4,"Xinmo, Sichuan, China",CH,CH32,13274,29.5383,104.19,10393069,3,"Foley Square, New York, United States",US,USNY,,40.7143,-74.0029,2060435,20170626070000,Make public statement,Verbal cooperation
668104377,20170626,201706,USA,NEW YORK,USA,,,,,,,,CHN,CHINA,CHN,,,,,,,,1,042,042,04,1,1.9,8,1,8,-0.74441687344913,4,"Xinmo, Sichuan, China",CH,CH32,13274,29.5383,104.19,10393069,4,"Xinmo, Sichuan, China",CH,CH32,13274,29.5383,104.19,10393069,1,Hong Kong,HK,HK,,22.25,114.167,HK,20170626070000,Consult,Verbal cooperation
668109948,20170626,201706,CHN,SHANGHAI,CHN,,,,,,,,MNCUSA,NVIDIA,USA,,,,,MNC,,,1,043,043,04,1,2.8,6,1,6,1.27388535031847,3,"Milpitas, California, United States",US,USCA,CA085,37.4283,-121.907,1659759,3,"Milpitas, California, United States",US,USCA,CA085,37.4283,-121.907,1659759,3,"Milpitas, California, United States",US,USCA,CA085,37.4283,-121.907,1659759,20170626074500,Consult,Verbal cooperation
668109952,20170626,201706,CHN,SHANGHAI,CHN,,,,,,,,USA,VIRGINIA,USA,,,,,,,,1,043,043,04,1,2.8,10,1,10,-2.91970802919708,4,"Shanghai, Shanghai, China",CH,CH23,13243,31.2222,121.458,-1924465,2,"Virginia, United States",US,USVA,,37.768,-78.2057,VA,4,"Shanghai, Shanghai, China",CH,CH23,13243,31.2222,121.458,-1924465,20170626074500,Consult,Verbal cooperation
668110833,20170626,201706,MNCUSA,NVIDIA,USA,,,,,MNC,,,CHN,SHANGHAI,CHN,,,,,,,,1,042,042,04,1,1.9,10,1,10,1.27388535031847,4,"Shanghai, Shanghai, China",CH,CH23,13243,31.2222,121.458,-1924465,4,"Shanghai, Shanghai, China",CH,CH23,13243,31.2222,121.458,-1924465,4,"Shanghai, Shanghai, China",CH,CH23,13243,31.2222,121.458,-1924465,20170626074500,Consult,Verbal cooperation
668111247,20170626,201706,USA,VIRGINIA,USA,,,,,,,,CHN,SHANGHAI,CHN,,,,,,,,1,042,042,04,1,1.9,10,1,10,-2.91970802919708,2,"Virginia, United States",US,USVA,,37.768,-78.2057,VA,4,"Shanghai, Shanghai, China",CH,CH23,13243,31.2222,121.458,-1924465,4,"Shanghai, Shanghai, China",CH,CH23,13243,31.2222,121.458,-1924465,20170626074500,Consult,Verbal cooperation
668113204,20170626,201706,USAMED,REUTERS,USA,,,,,MED,,,CHN,CHINESE,CHN,,,,,,,,1,172,172,17,4,-5.0,10,1,10,-4.28571428571428,1,China,CH,CH,,35.0,105.0,CH,1,China,CH,CH,,35.0,105.0,CH,1,China,CH,CH,,35.0,105.0,CH,20170626080000,Coerce,Material conflict
668116344,20170626,201706,USA,UNITED STATES,USA,,,,,,,,CHN,CHINESE,CHN,,,,,,,,1,075,075,07,2,7.0,12,1,6,2.78388278388278,2,"New York, United States",US,USNY,,42.1497,-74.9384,NY,4,"Shanxi, Fujian, China",CH,CH07,13167,26.9512,116.692,10771269,4,"Shanxi, Fujian, China",CH,CH07,13167,26.9512,116.692,10771269,20170626081500,Provide aid,Material cooperation
668116346,20170626,201706,USA,CHARLOTTE,USA,,,,,,,,CHNEDU,CHINESE,CHN,,,,,EDU,,,1,030,030,03,1,4.0,6,1,6,2.78388278388278,4,"Shanxi, Fujian, China",CH,CH07,13167,26.9512,116.692,10771269,4,"Shanxi, Fujian, China",CH,CH07,13167,26.9512,116.692,10771269,4,"Shanxi, Fujian, China",CH,CH07,13167,26.9512,116.692,10771269,20170626081500,Express intent to cooperate,Verbal cooperation
668120069,20170626,201706,CHN,CHINA,CHN,,,,,,,,USAMED,THE ASSOCIATED PRESS,USA,,,,,MED,,,1,013,013,01,1,0.4,14,7,14,1.97341333032612,4,"Shenyang, Liaoning, China",CH,CH19,13177,41.7922,123.433,-1925258,4,"Shenyang, Liaoning, China",CH,CH19,13177,41.7922,123.433,-1925258,4,"Shenyang, Liaoning, China",CH,CH19,13177,41.7922,123.433,-1925258,20170626084500,Make public statement,Verbal cooperation
668120079,20170626,201706,CHNJUD,CHINA,CHN,,,,,JUD,,,USAMED,THE ASSOCIATED PRESS,USA,,,,,MED,,,1,010,010,01,1,0.0,8,4,8,1.57660247197471,4,"Shenyang, Liaoning, China",CH,CH19,13177,41.7922,123.433,-1925258,4,"Shenyang, Liaoning, China",CH,CH19,13177,41.7922,123.433,-1925258,4,"Shenyang, Liaoning, China",CH,CH19,13177,41.7922,123.433,-1925258,20170626084500,Make public statement,Verbal cooperation
668121630,20170626,201706,USAMED,ASSOCIATED PRESS,USA,,,,,MED,,,CHN,CHINA,CHN,,,,,,,,1,173,173,17,4,-5.0,10,1,10,2.64900662251656,4,"Shenyang, Liaoning, China",CH,CH19,13177,41.7922,123.433,-1925258,4,"Shenyang, Liaoning, China",CH,CH19,13177,41.7922,123.433,-1925258,4,"Shenyang, Liaoning, China",CH,CH19,13177,41.7922,123.433,-1925258,20170626084500,Coerce,Material conflict
668125493,20170626,201706,CHN,CHINESE,CHN,,,,,,,,USA,AMERICAN,USA,,,,,,,,1,017,017,01,1,0.0,10,1,10,2.65060240963855,4,"Shanghai, Shanghai, China",CH,CH23,13243,31.2222,121.458,-1924465,4,"Shanghai, Shanghai, China",CH,CH23,13243,31.2222,121.458,-1924465,4,"Shanghai, Shanghai, China",CH,CH23,13243,31.2222,121.458,-1924465,20170626091500,Make public statement,Verbal cooperation
668125496,20170626,201706,CHN,CHINA,CHN,,,,,,,,USAMED,REUTERS,USA,,,,,MED,,,1,138,138,13,3,-7.0,10,1,10,-1.49253731343283,4,"Beijing, Beijing, China",CH,CH22,13001,39.9289,116.388,-1898541,4,"Beijing, Beijing, China",CH,CH22,13001,39.9289,116.388,-1898541,4,"Beijing, Beijing, China",CH,CH22,13001,39.9289,116.388,-1898541,20170626091500,Threaten,Verbal conflict
668128602,20170626,201706,CHNJUD,CHINA,CHN,,,,,JUD,,,USAMED,THE ASSOCIATED PRESS,USA,,,,,MED,,,1,013,013,01,1,0.4,12,6,12,0.158911257557038,4,"Shenyang, Liaoning, China",CH,CH19,13177,41.7922,123.433,-1925258,4,"Shenyang, Liaoning, China",CH,CH19,13177,41.7922,123.433,-1925258,4,"Shenyang, Liaoning, China",CH,CH19,13177,41.7922,123.433,-1925258,20170626093000,Make public statement,Verbal cooperation
668131656,20170619,201706,USA,THE US,USA,,,,,,,,CHN,CHINA,CHN,,,,,,,,1,020,020,02,1,3.0,6,1,6,-2.12765957446808,1,Russia,RS,RS,,60.0,100.0,RS,1,China,CH,CH,,35.0,105.0,CH,1,China,CH,CH,,35.0,105.0,CH,20170626094500,Appeal,Verbal cooperation
668132117,20170626,201706,CHN,SHENYANG,CHN,,,,,,,,USAMED,THE ASSOCIATED PRESS,USA,,,,,MED,,,1,013,013,01,1,0.4,11,4,11,0.310353881338524,4,"Shanghai, Shanghai, China",CH,CH23,13243,31.2222,121.458,-1924465,4,"Shanghai, Shanghai, China",CH,CH23,13243,31.2222,121.458,-1924465,4,"Shanghai, Shanghai, China",CH,CH23,13243,31.2222,121.458,-1924465,20170626094500,Make public statement,Verbal cooperation
668140785,20170626,201706,CHN,SHENYANG,CHN,,,,,,,,USAMED,THE ASSOCIATED PRESS,USA,,,,,MED,,,1,013,013,01,1,0.4,27,9,27,0.561261046095054,4,"Oslo, Oslo, Norway",NO,NO12,23413,59.9167,10.75,-273837,4,"Oslo, Oslo, Norway",NO,NO12,23413,59.9167,10.75,-273837,4,"Oslo, Oslo, Norway",NO,NO12,23413,59.9167,10.75,-273837,20170626103000,Make public statement,Verbal cooperation
668142395,20170626,201706,USAGOV,UNITED STATES,USA,,,,,GOV,,,CHN,CHINESE,CHN,,,,,,,,1,010,010,01,1,0.0,10,1,10,0.0,1,North Korea,KN,KN,,40.0,127.0,KN,1,North Korea,KN,KN,,40.0,127.0,KN,1,North Korea,KN,KN,,40.0,127.0,KN,20170626103000,Make public statement,Verbal cooperation
668142396,20170626,201706,USAGOV,THE US,USA,,,,,GOV,,,CHN,CHINA,CHN,,,,,,,,1,0253,025,02,1,-0.3,20,2,20,-2.08333333333334,4,"Tiananmen Square, Beijing, China",CH,CH22,13001,39.9044,116.391,9244097,4,"Tiananmen Square, Beijing, China",CH,CH22,13001,39.9044,116.391,9244097,4,"Tiananmen Square, Beijing, China",CH,CH22,13001,39.9044,116.391,9244097,20170626103000,Appeal,Verbal cooperation
668142397,20170626,201706,USAGOV,THE US,USA,,,,,GOV,,,CHN,CHINA,CHN,,,,,,,,1,173,173,17,4,-5.0,12,2,12,-2.08333333333334,4,"Tiananmen Square, Beijing, China",CH,CH22,13001,39.9044,116.391,9244097,4,"Tiananmen Square, Beijing, China",CH,CH22,13001,39.9044,116.391,9244097,4,"Tiananmen Square, Beijing, China",CH,CH22,13001,39.9044,116.391,9244097,20170626103000,Coerce,Material conflict
668144737,20170626,201706,USAGOVAGR,THE US,USA,,,,,GOV,AGR,,CHN,CHINA,CHN,,,,,,,,1,020,020,02,1,3.0,10,1,10,0.50377833753149,1,China,CH,CH,,35.0,105.0,CH,1,China,CH,CH,,35.0,105.0,CH,1,China,CH,CH,,35.0,105.0,CH,20170626104500,Appeal,Verbal cooperation
668150674,20170626,201706,USA,AMERICAN,USA,,,,,,,,CHN,CHINESE,CHN,,,,,,,,1,060,060,06,2,6.0,10,1,10,-6.97674418604651,1,United States,US,US,,38.0,-97.0,US,1,United States,US,US,,38.0,-97.0,US,1,United States,US,US,,38.0,-97.0,US,20170626110000,Engage in material cooperation,Material cooperation
668152937,20170626,201706,CHN,SHENZHEN,CHN,,,,,,,,USA,SEATTLE,USA,,,,,,,,1,010,010,01,1,0.0,10,1,10,1.58520475561427,4,"Shenzhen, Guangdong, China",CH,CH30,13036,22.2,111.117,-1925267,4,"Shenzhen, Guangdong, China",CH,CH30,13036,22.2,111.117,-1925267,4,"Shenzhen, Guangdong, China",CH,CH30,13036,22.2,111.117,-1925267,20170626111500,Make public statement,Verbal cooperation
668166826,20170626,201706,CHNBUS,CHINESE,CHN,,,,,BUS,,,USA,NEW JERSEY,USA,,,,,,,,1,051,051,05,1,3.4,6,1,6,-0.41288191577209,4,"Beijing, Beijing, China",CH,CH22,13001,39.9289,116.388,-1898541,2,"New Jersey, United States",US,USNJ,,40.314,-74.5089,NJ,2,"New Jersey, United States",US,USNJ,,40.314,-74.5089,NJ,20170626123000,Engage in diplomatic cooperation,Verbal cooperation
668166827,20170626,201706,CHNBUS,CHINESE,CHN,,,,,BUS,,,USA,NEW JERSEY,USA,,,,,,,,1,111,111,11,3,-2.0,6,1,6,-0.41288191577209,4,"Beijing, Beijing, China",CH,CH22,13001,39.9289,116.388,-1898541,2,"New Jersey, United States",US,USNJ,,40.314,-74.5089,NJ,2,"New Jersey, United States",US,USNJ,,40.314,-74.5089,NJ,20170626123000,Disapprove,Verbal conflict
668175094,20170626,201706,USAGOVAGR,THE US,USA,,,,,GOV,AGR,,CHN,CHINA,CHN,,,,,,,,1,020,020,02,1,3.0,10,1,10,3.43796711509716,4,"Zhongan, Jilin, China",CH,CH05,13176,43.3237,129.571,10869776,4,"Zhongan, Jilin, China",CH,CH05,13176,43.3237,129.571,10869776,4,"Zhongan, Jilin, China",CH,CH05,13176,43.3237,129.571,10869776,20170626130000,Appeal,Verbal cooperation
668175095,20170626,201706,USAGOVAGR,THE US,USA,,,,,GOV,AGR,,CHN,CHINA,CHN,,,,,,,,1,061,061,06,2,6.4,10,1,10,3.43796711509716,4,"Ping An, Jilin, China",CH,CH05,13176,43.2894,129.601,10869879,4,"Ping An, Jilin, China",CH,CH05,13176,43.2894,129.601,10869879,4,"Ping An, Jilin, China",CH,CH05,13176,43.2894,129.601,10869879,20170626130000,Engage in material cooperation,Material cooperation
668190092,20170626,201706,CHN,CHINESE,CHN,,,,,,,,USA,UNITED STATES,USA,,,,,,,,1,020,020,02,1,3.0,6,1,6,-0.48543689320388,1,China,CH,CH,,35.0,105.0,CH,1,United States,US,US,,38.0,-97.0,US,1,China,CH,CH,,35.0,105.0,CH,20170626141500,Appeal,Verbal cooperation
668194747,20170626,201706,CHN,CHINESE,CHN,,,,,,,,USA,NEW YORK,USA,,,,,,,,1,043,043,04,1,2.8,10,1,10,1.41843971631205,4,"Leshan, Sichuan, China",CH,CH32,13004,30.3043,106.401,-1914492,4,"Leshan, Sichuan, China",CH,CH32,13004,30.3043,106.401,-1914492,4,"Leshan, Sichuan, China",CH,CH32,13004,30.3043,106.401,-1914492,20170626143000,Consult,Verbal cooperation
668199341,20170626,201706,CHN,CHINESE,CHN,,,,,,,,USA,UNITED STATES,USA,,,,,,,,1,046,046,04,1,7.0,8,1,8,0.3968253968254,1,China,CH,CH,,35.0,105.0,CH,3,"White House, District of Columbia, United States",US,USDC,,38.8951,-77.0364,531871,1,China,CH,CH,,35.0,105.0,CH,20170626144500,Consult,Verbal cooperation
668201284,20170626,201706,USA,UNITED STATES,USA,,,,,,,,CHN,CHINESE,CHN,,,,,,,,1,046,046,04,1,7.0,8,1,8,0.3968253968254,3,"White House, District of Columbia, United States",US,USDC,,38.8951,-77.0364,531871,1,China,CH,CH,,35.0,105.0,CH,1,China,CH,CH,,35.0,105.0,CH,20170626144500,Consult,Verbal cooperation
668228804,20170626,201706,CHN,CHINA,CHN,,,,,,,,USA,NEW YORK,USA,,,,,,,,1,043,043,04,1,2.8,10,1,10,4.31034482758621,4,"Shanghai, Shanghai, China",CH,CH23,13243,31.2222,121.458,-1924465,2,"New York, United States",US,USNY,,42.1497,-74.9384,NY,4,"Hong Kong Special Administrative Region, Hong Kong (general), Hong Kong",HK,HK00,13031,22.25,114.167,-1353148,20170626174500,Consult,Verbal cooperation
668228808,20170626,201706,CHN,CHINA,CHN,,,,,,,,USA,THE US,USA,,,,,,,,1,057,057,05,1,8.0,10,1,10,-1.42602495543672,4,"Beijing, Beijing, China",CH,CH22,13001,39.9289,116.388,-1898541,4,"Beijing, Beijing, China",CH,CH22,13001,39.9289,116.388,-1898541,4,"Beijing, Beijing, China",CH,CH22,13001,39.9289,116.388,-1898541,20170626174500,Engage in diplomatic cooperation,Verbal cooperation
668228811,20170626,201706,CHN,CHINESE,CHN,,,,,,,,USA,UNITED STATES,USA,,,,,,,,1,100,100,10,3,-5.0,6,1,6,-3.67775831873905,1,United States,US,US,,38.0,-97.0,US,1,United States,US,US,,38.0,-97.0,US,1,United States,US,US,,38.0,-97.0,US,20170626174500,Demand,Verbal conflict
668228812,20170626,201706,CHN,CANTON,CHN,,,,,,,,USAAGR,OHIO,USA,,,,,AGR,,,1,043,043,04,1,2.8,8,1,8,3.73134328358209,1,China,CH,CH,,35.0,105.0,CH,2,"Ohio, United States",US,USOH,,40.3736,-82.7755,OH,1,China,CH,CH,,35.0,105.0,CH,20170626174500,Consult,Verbal cooperation
668228815,20170626,201706,CHN,CHINA,CHN,,,,,,,,USAGOV,PRESIDENT NIXON,USA,,,,,GOV,,,1,043,043,04,1,2.8,8,1,8,1.92743764172335,4,"Beijing, Beijing, China",CH,CH22,13001,39.9289,116.388,-1898541,1,South Korea,KS,KS,,37.0,127.5,KS,4,"Beijing, Beijing, China",CH,CH22,13001,39.9289,116.388,-1898541,20170626174500,Consult,Verbal cooperation
668231690,20170626,201706,USA,NEW YORK,USA,,,,,,,,CHN,CHINA,CHN,,,,,,,,1,042,042,04,1,1.9,10,1,10,4.31034482758621,4,"Shenzhen, Guangdong, China",CH,CH30,13036,22.2,111.117,-1925267,4,"Shenzhen, Guangdong, China",CH,CH30,13036,22.2,111.117,-1925267,4,"Shenzhen, Guangdong, China",CH,CH30,13036,22.2,111.117,-1925267,20170626174500,Consult,Verbal cooperation
668231692,20170626,201706,USA,NEW YORK,USA,,,,,,,,CHN,CHINA,CHN,,,,,,,,1,051,051,05,1,3.4,10,1,10,4.31034482758621,2,"New York, United States",US,USNY,,42.1497,-74.9384,NY,4,"Shanghai, Shanghai, China",CH,CH23,13243,31.2222,121.458,-1924465,4,"Shanghai, Shanghai, China",CH,CH23,13243,31.2222,121.458,-1924465,20170626174500,Engage in diplomatic cooperation,Verbal cooperation
668231693,20170626,201706,USA,THE US,USA,,,,,,,,CHN,CHINA,CHN,,,,,,,,1,057,057,05,1,8.0,10,1,10,-1.42602495543672,4,"Beijing, Beijing, China",CH,CH22,13001,39.9289,116.388,-1898541,4,"Beijing, Beijing, China",CH,CH22,13001,39.9289,116.388,-1898541,4,"Beijing, Beijing, China",CH,CH22,13001,39.9289,116.388,-1898541,20170626174500,Engage in diplomatic cooperation,Verbal cooperation
668232072,20170626,201706,USAAGR,OHIO,USA,,,,,AGR,,,CHN,CANTON,CHN,,,,,,,,1,042,042,04,1,1.9,8,1,8,3.73134328358209,2,"Ohio, United States",US,USOH,,40.3736,-82.7755,OH,2,"Ohio, United States",US,USOH,,40.3736,-82.7755,OH,2,"Ohio, United States",US,USOH,,40.3736,-82.7755,OH,20170626174500,Consult,Verbal cooperation
668232124,20170626,201706,USAGOV,PRESIDENT NIXON,USA,,,,,GOV,,,CHN,CHINA,CHN,,,,,,,,1,042,042,04,1,1.9,10,1,10,1.92743764172335,2,"Arizona, United States",US,USAZ,,33.7712,-111.388,AZ,2,"Arizona, United States",US,USAZ,,33.7712,-111.388,AZ,2,"Arizona, United States",US,USAZ,,33.7712,-111.388,AZ,20170626174500,Consult,Verbal cooperation
668258444,20170626,201706,USA,UNITED STATES,USA,,,,,,,,CHN,CHINA,CHN,,,,,,,,1,061,061,06,2,6.4,6,1,6,1.01522842639594,3,"Angelus Temple, California, United States",US,USCA,CA037,34.0764,-118.261,1744805,1,China,CH,CH,,35.0,105.0,CH,1,China,CH,CH,,35.0,105.0,CH,20170626191500,Engage in material cooperation,Material cooperation
668262101,20170626,201706,USA,PORTLAND,USA,,,,,,,,CHN,CHINESE,CHN,,,,,,,,1,172,172,17,4,-5.0,8,1,8,3.0379746835443,3,"Bar Harbor, Maine, United States",US,USME,ME009,44.3876,-68.2039,561569,3,"Acadia National Park, Maine, United States",US,USME,,44.3501,-68.2828,578853,3,"Bar Harbor, Maine, United States",US,USME,,44.3876,-68.2039,561569,20170626193000,Coerce,Material conflict
668264516,20170626,201706,USA,THE US,USA,,,,,,,,CHN,CHINA,CHN,,,,,,,,1,152,152,15,4,-7.2,10,1,10,1.40845070422535,1,China,CH,CH,,35.0,105.0,CH,1,China,CH,CH,,35.0,105.0,CH,1,China,CH,CH,,35.0,105.0,CH,20170626200000,Exhibit force posture,Material conflict
668265441,20170626,201706,CHN,CHINA,CHN,,,,,,,,USA,UNITED STATES,USA,,,,,,,,1,084,084,08,2,7.0,6,1,6,7.03517587939699,1,Grenada,GJ,GJ,,12.1167,-61.6667,GJ,1,Grenada,GJ,GJ,,12.1167,-61.6667,GJ,1,Grenada,GJ,GJ,,12.1167,-61.6667,GJ,20170626201500,Yield,Material cooperation
668272129,20170626,201706,USAGOV,NEW YORK,USA,,,,,GOV,,,CHN,CHINA,CHN,,,,,,,,1,051,051,05,1,3.4,8,1,8,-0.18083182640145,1,United States,US,US,,38.0,-97.0,US,1,United States,US,US,,38.0,-97.0,US,1,United States,US,US,,38.0,-97.0,US,20170626203000,Engage in diplomatic cooperation,Verbal cooperation
668279880,20170626,201706,USA,NEBRASKA,USA,,,,,,,,CHN,CHINA,CHN,,,,,,,,1,081,081,08,2,5.0,10,1,10,1.68067226890756,4,"Beijing, Beijing, China",CH,CH22,13001,39.9289,116.388,-1898541,4,"Beijing, Beijing, China",CH,CH22,13001,39.9289,116.388,-1898541,4,"Beijing, Beijing, China",CH,CH22,13001,39.9289,116.388,-1898541,20170626213000,Yield,Material cooperation
668279881,20170626,201706,USA,CHICAGO,USA,,,,,,,,CHN,CHINESE,CHN,,,,,,,,1,090,090,09,2,-2.0,30,8,30,-1.8810522232676,1,China,CH,CH,,35.0,105.0,CH,1,China,CH,CH,,35.0,105.0,CH,1,China,CH,CH,,35.0,105.0,CH,20170626213000,Investigate,Material cooperation
668279883,20170626,201706,USA,CHICAGO,USA,,,,,,,,CHNEDU,CHINESE,CHN,,,,,EDU,,,1,090,090,09,2,-2.0,45,8,45,-1.8810522232676,1,China,CH,CH,,35.0,105.0,CH,1,China,CH,CH,,35.0,105.0,CH,1,China,CH,CH,,35.0,105.0,CH,20170626213000,Investigate,Material cooperation
668280287,20170626,201706,USAMED,ASSOCIATED PRESS,USA,,,,,MED,,,CHNEDU,CHINESE,CHN,,,,,EDU,,,1,090,090,09,2,-2.0,6,1,6,-1.00502512562814,3,"Chicago, Illinois, United States",US,USIL,IL031,41.85,-87.6501,423587,1,China,CH,CH,,35.0,105.0,CH,1,China,CH,CH,,35.0,105.0,CH,20170626213000,Investigate,Material cooperation
668282105,20170626,201706,CHN,CHINA,CHN,,,,,,,,USA,NEBRASKA,USA,,,,,,,,1,043,043,04,1,2.8,10,1,10,3.09734513274337,4,"Beijing, Beijing, China",CH,CH22,13001,39.9289,116.388,-1898541,2,"Nebraska, United States",US,USNE,,41.1289,-98.2883,NE,4,"Beijing, Beijing, China",CH,CH22,13001,39.9289,116.388,-1898541,20170626214500,Consult,Verbal cooperation
668283613,20170626,201706,USA,DETROIT,USA,,,,,,,,CHN,CHINA,CHN,,,,,,,,1,0311,031,03,1,5.2,10,1,10,-0.80906148867314,1,China,CH,CH,,35.0,105.0,CH,1,China,CH,CH,,35.0,105.0,CH,1,China,CH,CH,,35.0,105.0,CH,20170626214500,Express intent to cooperate,Verbal cooperation
668283616,20170626,201706,USA,NEBRASKA,USA,,,,,,,,CHN,CHINA,CHN,,,,,,,,1,042,042,04,1,1.9,8,1,8,3.09734513274337,3,"Omaha, Nebraska, United States",US,USNE,NE055,41.2586,-95.9378,835483,3,"Omaha, Nebraska, United States",US,USNE,NE055,41.2586,-95.9378,835483,3,"Omaha, Nebraska, United States",US,USNE,NE055,41.2586,-95.9378,835483,20170626214500,Consult,Verbal cooperation
668283617,20170626,201706,USA,NEBRASKA,USA,,,,,,,,CHN,CHINA,CHN,,,,,,,,1,081,081,08,2,5.0,10,1,10,1.63265306122449,2,"Kansas, United States",US,USKS,,38.5111,-96.8005,KS,2,"Kansas, United States",US,USKS,,38.5111,-96.8005,KS,2,"Kansas, United States",US,USKS,,38.5111,-96.8005,KS,20170626214500,Yield,Material cooperation
668283619,20170626,201706,USA,NEBRASKA,USA,,,,,,,,CHN,CHINA,CHN,,,,,,,,1,172,172,17,4,-5.0,10,1,10,3.09734513274337,2,"Nebraska, United States",US,USNE,,41.1289,-98.2883,NE,4,"Beijing, Beijing, China",CH,CH22,13001,39.9289,116.388,-1898541,4,"Beijing, Beijing, China",CH,CH22,13001,39.9289,116.388,-1898541,20170626214500,Coerce,Material conflict
668289171,20170626,201706,CHN,CHINA,CHN,,,,,,,,USA,WASHINGTON,USA,,,,,,,,1,043,043,04,1,2.8,8,1,8,2.04081632653061,4,"Beijing, Beijing, China",CH,CH22,13001,39.9289,116.388,-1898541,3,"Washington, District of Columbia, United States",US,USDC,DC001,38.8951,-77.0364,531871,4,"Beijing, Beijing, China",CH,CH22,13001,39.9289,116.388,-1898541,20170626223000,Consult,Verbal cooperation
668290401,20170626,201706,USA,WASHINGTON,USA,,,,,,,,CHN,CHINA,CHN,,,,,,,,1,042,042,04,1,1.9,8,1,8,2.04081632653061,3,"Washington, District of Columbia, United States",US,USDC,DC001,38.8951,-77.0364,531871,4,"Beijing, Beijing, China",CH,CH22,13001,39.9289,116.388,-1898541,4,"Beijing, Beijing, China",CH,CH22,13001,39.9289,116.388,-1898541,20170626223000,Consult,Verbal cooperation
668298165,20170626,201706,CHNGOV,CHINA,CHN,,,,,GOV,,,USA,UNITED STATES,USA,,,,,,,,1,046,046,04,1,7.0,8,1,8,-3.34346504559271,1,China,CH,CH,,35.0,105.0,CH,3,"Washington, District of Columbia, United States",US,USDC,DC001,38.8951,-77.0364,531871,3,"Washington, District of Columbia, United States",US,USDC,DC001,38.8951,-77.0364,531871,20170626231500,Consult,Verbal cooperation
668298167,20170626,201706,CHNGOV,CHINA,CHN,,,,,GOV,,,USA,UNITED STATES,USA,,,,,,,,1,050,050,05,1,3.5,8,1,8,-3.34346504559271,1,China,CH,CH,,35.0,105.0,CH,3,"Washington, District of Columbia, United States",US,USDC,DC001,38.8951,-77.0364,531871,4,"Pyongyang, P'yongyang-si, North Korea",KN,KN12,39681,39.0194,125.755,-183459,20170626231500,Engage in diplomatic cooperation,Verbal cooperation
668299488,20170626,201706,USA,UNITED STATES,USA,,,,,,,,CHN,CHINA,CHN,,,,,,,,1,190,190,19,4,-10.0,6,1,6,-7.64462809917355,3,"Sunset Park, Texas, United States",US,USTX,TX157,29.5486,-95.8108,1348094,3,"Sunset Park, Texas, United States",US,USTX,,29.5486,-95.8108,1348094,3,"Sunset Park, Texas, United States",US,USTX,,29.5486,-95.8108,1348094,20170626231500,Fight,Material conflict
668299489,20170626,201706,USA,UNITED STATES,USA,,,,,,,,CHNGOV,CHINA,CHN,,,,,GOV,,,1,046,046,04,1,7.0,8,1,8,-3.34346504559271,4,"Pyongyang, P'yongyang-si, North Korea",KN,KN12,39681,39.0194,125.755,-183459,4,"Pyongyang, P'yongyang-si, North Korea",KN,KN12,39681,39.0194,125.755,-183459,4,"Pyongyang, P'yongyang-si, North Korea",KN,KN12,39681,39.0194,125.755,-183459,20170626231500,Consult,Verbal cooperation
668299491,20170626,201706,USA,UNITED STATES,USA,,,,,,,,CHNGOV,CHINA,CHN,,,,,GOV,,,1,050,050,05,1,3.5,8,1,8,-3.34346504559271,3,"Washington, District of Columbia, United States",US,USDC,DC001,38.8951,-77.0364,531871,1,China,CH,CH,,35.0,105.0,CH,4,"Pyongyang, P'yongyang-si, North Korea",KN,KN12,39681,39.0194,125.755,-183459,20170626231500,Engage in diplomatic cooperation,Verbal cooperation
668303843,20170626,201706,CHN,CHINESE,CHN,,,,,,,,USA,WASHINGTON,USA,,,,,,,,1,040,040,04,1,1.0,7,1,7,-0.96153846153847,1,China,CH,CH,,35.0,105.0,CH,3,"Washington, District of Columbia, United States",US,USDC,DC001,38.8951,-77.0364,531871,1,China,CH,CH,,35.0,105.0,CH,20170626234500,Consult,Verbal cooperation
668305138,20170626,201706,USA,WASHINGTON,USA,,,,,,,,CHN,CHINESE,CHN,,,,,,,,1,040,040,04,1,1.0,10,1,10,-0.96153846153847,1,China,CH,CH,,35.0,105.0,CH,1,China,CH,CH,,35.0,105.0,CH,1,China,CH,CH,,35.0,105.0,CH,20170626234500,Consult,Verbal cooperation
668312114,20170627,201706,CHN,CHINA,CHN,,,,,,,,USAGOV,IOWA,USA,,,,,GOV,,,1,057,057,05,1,8.0,8,1,8,0.87719298245614,4,"Hebei, Jilin, China",CH,CH05,13176,43.0999,129.768,10869701,2,"Iowa, United States",US,USIA,,42.0046,-93.214,IA,2,"Iowa, United States",US,USIA,,42.0046,-93.214,IA,20170627003000,Engage in diplomatic cooperation,Verbal cooperation
668314915,20170627,201706,USAGOV,IOWA,USA,,,,,GOV,,,CHN,CHINA,CHN,,,,,,,,1,057,057,05,1,8.0,10,1,10,0.87719298245614,1,North Korea,KN,KN,,40.0,127.0,KN,1,North Korea,KN,KN,,40.0,127.0,KN,1,North Korea,KN,KN,,40.0,127.0,KN,20170627003000,Engage in diplomatic cooperation,Verbal cooperation
668318457,20170627,201706,USA,THE US,USA,,,,,,,,CHN,CHINA,CHN,,,,,,,,1,060,060,06,2,6.0,10,1,10,1.00502512562814,1,Singapore,SN,SN,,1.3667,103.8,SN,1,Singapore,SN,SN,,1.3667,103.8,SN,1,Singapore,SN,SN,,1.3667,103.8,SN,20170627010000,Engage in material cooperation,Material cooperation
668323563,20170627,201706,USA,UNITED STATES,USA,,,,,,,,CHN,CANTON,CHN,,,,,,,,1,017,017,01,1,0.0,6,1,6,2.06611570247934,3,"Neponset, Massachusetts, United States",US,USMA,MA025,42.2862,-71.0453,618557,3,"Neponset, Massachusetts, United States",US,USMA,MA025,42.2862,-71.0453,618557,3,"Neponset, Massachusetts, United States",US,USMA,MA025,42.2862,-71.0453,618557,20170627011500,Make public statement,Verbal cooperation
668323564,20170627,201706,USA,WASHINGTON,USA,,,,,,,,CHN,CHINA,CHN,,,,,,,,1,020,020,02,1,3.0,10,1,10,-3.68852459016394,1,South Korea,KS,KS,,37.0,127.5,KS,1,South Korea,KS,KS,,37.0,127.5,KS,1,South Korea,KS,KS,,37.0,127.5,KS,20170627011500,Appeal,Verbal cooperation
668326079,20170627,201706,CHN,CHINESE,CHN,,,,,,,,USA,ORLANDO,USA,,,,,,,,1,051,051,05,1,3.4,6,1,6,3.31858407079646,1,China,CH,CH,,35.0,105.0,CH,1,China,CH,CH,,35.0,105.0,CH,1,China,CH,CH,,35.0,105.0,CH,20170627013000,Engage in diplomatic cooperation,Verbal cooperation
668332059,20170627,201706,USA,UNITED STATES,USA,,,,,,,,CHN,CHINA,CHN,,,,,,,,1,130,130,13,3,-4.4,6,1,6,-3.08710033076075,2,"Washington, United States",US,USWA,,47.3917,-121.571,WA,2,"Washington, United States",US,USWA,,47.3917,-121.571,WA,4,"Athens, AttikíR, Greece",GR,GR35,16716,37.9833,23.7333,-814876,20170627014500,Threaten,Verbal conflict
668337725,20170627,201706,CHNJUD,CHINA,CHN,,,,,JUD,,,USAMED,THE ASSOCIATED PRESS,USA,,,,,MED,,,1,013,013,01,1,0.4,8,3,6,-2.03220131550155,4,"Shenyang, Liaoning, China",CH,CH19,13177,41.7922,123.433,-1925258,4,"Shenyang, Liaoning, China",CH,CH19,13177,41.7922,123.433,-1925258,4,"Shenyang, Liaoning, China",CH,CH19,13177,41.7922,123.433,-1925258,20170627021500,Make public statement,Verbal cooperation
668341057,20170627,201706,CHN,CHINA,CHN,,,,,,,,USAMED,THE ASSOCIATED PRESS,USA,,,,,MED,,,1,013,013,01,1,0.4,10,5,10,-2.09781232652961,4,"Beijing, Beijing, China",CH,CH22,13001,39.9289,116.388,-1898541,4,"Beijing, Beijing, China",CH,CH22,13001,39.9289,116.388,-1898541,4,"Beijing, Beijing, China",CH,CH22,13001,39.9289,116.388,-1898541,20170627023000,Make public statement,Verbal cooperation
668341061,20170627,201706,CHNJUD,CHINA,CHN,,,,,JUD,,,USAMED,THE ASSOCIATED PRESS,USA,,,,,MED,,,1,013,013,01,1,0.4,10,5,10,-2.09781232652961,4,"Beijing, Beijing, China",CH,CH22,13001,39.9289,116.388,-1898541,4,"Beijing, Beijing, China",CH,CH22,13001,39.9289,116.388,-1898541,4,"Beijing, Beijing, China",CH,CH22,13001,39.9289,116.388,-1898541,20170627023000,Make public statement,Verbal cooperation
668343506,20170627,201706,CHN,CHINA,CHN,,,,,,,,USA,THE US,USA,,,,,,,,1,010,010,01,1,0.0,8,1,8,-1.56472261735419,1,Turkey,TU,TU,,39.0,35.0,TU,4,"Hamburg, Hamburg, Germany",GM,GM04,40698,53.55,10.0,-1785434,4,"Hamburg, Hamburg, Germany",GM,GM04,40698,53.55,10.0,-1785434,20170627030000,Make public statement,Verbal cooperation
668343508,20170627,201706,CHN,BEIJING,CHN,,,,,,,,USA,MARYLAND,USA,,,,,,,,1,042,042,04,1,1.9,10,1,10,4.74452554744526,4,"Peking, Beijing, China",CH,CH22,13001,39.9289,116.388,-1898541,4,"Peking, Beijing, China",CH,CH22,13001,39.9289,116.388,-1898541,4,"Peking, Beijing, China",CH,CH22,13001,39.9289,116.388,-1898541,20170627030000,Consult,Verbal cooperation
668344612,20170627,201706,USA,MARYLAND,USA,,,,,,,,CHN,BEIJING,CHN,,,,,,,,1,043,043,04,1,2.8,7,1,7,4.74452554744526,3,"Silver Spring, Maryland, United States",US,USMD,MD031,38.9907,-77.0261,591290,4,"Beijing, Beijing, China",CH,CH22,13001,39.9289,116.388,-1898541,3,"Silver Spring, Maryland, United States",US,USMD,,38.9907,-77.0261,591290,20170627030000,Consult,Verbal cooperation
668347052,20170627,201706,USAMED,REUTERS,USA,,,,,MED,,,CHN,CHINA,CHN,,,,,,,,1,030,030,03,1,4.0,10,1,10,1.23076923076923,1,China,CH,CH,,35.0,105.0,CH,1,China,CH,CH,,35.0,105.0,CH,1,China,CH,CH,,35.0,105.0,CH,20170627031500,Express intent to cooperate,Verbal cooperation
668349458,20170627,201706,CHN,CHINESE,CHN,,,,,,,,USA,A US,USA,,,,,,,,1,051,051,05,1,3.4,10,1,10,-2.20994475138121,4,"Chengdu, Sichuan, China",CH,CH32,13270,30.6667,104.067,-1900349,4,"Chengdu, Sichuan, China",CH,CH32,13270,30.6667,104.067,-1900349,4,"Chengdu, Sichuan, China",CH,CH32,13270,30.6667,104.067,-1900349,20170627033000,Engage in diplomatic cooperation,Verbal cooperation
668349459,20170627,201706,CHN,HANGZHOU,CHN,,,,,,,,USAGOV,NASA,USA,,,,,GOV,,,1,020,020,02,1,3.0,10,1,10,1.18343195266272,4,"Hangzhou, Zhejiang, China",CH,CH02,13319,30.2553,120.169,-1908366,4,"Hangzhou, Zhejiang, China",CH,CH02,13319,30.2553,120.169,-1908366,4,"Hangzhou, Zhejiang, China",CH,CH02,13319,30.2553,120.169,-1908366,20170627033000,Appeal,Verbal cooperation
668350756,20170627,201706,USA,THE US,USA,,,,,,,,CHN,CHINA,CHN,,,,,,,,1,152,152,15,4,-7.2,10,1,10,1.33333333333333,4,"Beijing, Beijing, China",CH,CH22,13001,39.9289,116.388,-1898541,4,"Beijing, Beijing, China",CH,CH22,13001,39.9289,116.388,-1898541,4,"Beijing, Beijing, China",CH,CH22,13001,39.9289,116.388,-1898541,20170627033000,Exhibit force posture,Material conflict
668369072,20170627,201706,USA,CHICAGO,USA,,,,,,,,CHNEDU,CHINESE,CHN,,,,,EDU,,,1,090,090,09,2,-2.0,6,1,6,-1.84049079754602,1,China,CH,CH,,35.0,105.0,CH,1,China,CH,CH,,35.0,105.0,CH,1,China,CH,CH,,35.0,105.0,CH,20170627054500,Investigate,Material cooperation
668373723,20170627,201706,CHN,CHINESE,CHN,,,,,,,,USA,UNITED STATES,USA,,,,,,,,1,130,130,13,3,-4.4,6,1,6,-4.28571428571428,1,China,CH,CH,,35.0,105.0,CH,1,China,CH,CH,,35.0,105.0,CH,1,China,CH,CH,,35.0,105.0,CH,20170627061500,Threaten,Verbal conflict
668394963,20170627,201706,CHN,SHANGHAI,CHN,,,,,,,,USA,UNITED STATES,USA,,,,,,,,1,0311,031,03,1,5.2,10,1,10,0.798722044728436,4,"Guangzhou, Guangdong, China",CH,CH30,13033,23.1167,113.25,-1907161,4,"Beijing, Beijing, China",CH,CH22,13001,39.9289,116.388,-1898541,4,"Beijing, Beijing, China",CH,CH22,13001,39.9289,116.388,-1898541,20170627080000,Express intent to cooperate,Verbal cooperation
668394965,20170627,201706,CHN,CHINA,CHN,,,,,,,,USA,NEBRASKA,USA,,,,,,,,1,043,043,04,1,2.8,10,1,10,1.61290322580645,4,"Beijing, Beijing, China",CH,CH22,13001,39.9289,116.388,-1898541,2,"Nebraska, United States",US,USNE,,41.1289,-98.2883,NE,4,"Beijing, Beijing, China",CH,CH22,13001,39.9289,116.388,-1898541,20170627080000,Consult,Verbal cooperation
668394967,20170627,201706,CHN,GUANGZHOU,CHN,,,,,,,,USA,UNITED STATES,USA,,,,,,,,1,061,061,06,2,6.4,8,1,8,0.798722044728436,4,"Guangzhou, Guangdong, China",CH,CH30,13033,23.1167,113.25,-1907161,1,United States,US,US,,38.0,-97.0,US,1,United States,US,US,,38.0,-97.0,US,20170627080000,Engage in material cooperation,Material cooperation
668396469,20170627,201706,USA,NEBRASKA,USA,,,,,,,,CHN,CHINA,CHN,,,,,,,,1,042,042,04,1,1.9,6,1,6,1.61290322580645,4,"Shanghai, Shanghai, China",CH,CH23,13243,31.2222,121.458,-1924465,4,"Shanghai, Shanghai, China",CH,CH23,13243,31.2222,121.458,-1924465,4,"Shanghai, Shanghai, China",CH,CH23,13243,31.2222,121.458,-1924465,20170627080000,Consult,Verbal cooperation
668396471,20170627,201706,USA,NEBRASKA,USA,,,,,,,,CHN,CHINA,CHN,,,,,,,,1,172,172,17,4,-5.0,10,1,10,1.61290322580645,2,"Nebraska, United States",US,USNE,,41.1289,-98.2883,NE,4,"Beijing, Beijing, China",CH,CH22,13001,39.9289,116.388,-1898541,4,"Beijing, Beijing, China",CH,CH22,13001,39.9289,116.388,-1898541,20170627080000,Coerce,Material conflict
668398482,20170620,201706,USAGOVBUS,THE US,USA,,,,,GOV,BUS,,CHN,CHINA,CHN,,,,,,,,1,120,120,12,3,-4.0,10,1,10,-5.53846153846154,1,China,CH,CH,,35.0,105.0,CH,1,China,CH,CH,,35.0,105.0,CH,1,China,CH,CH,,35.0,105.0,CH,20170627081500,Reject,Verbal conflict
668404173,20170627,201706,CHNMED,CHINESE,CHN,,,,,MED,,,USAGOV,THE US,USA,,,,,GOV,,,1,130,130,13,3,-4.4,6,1,6,-0.1547987616099,4,"Shanghai, Shanghai, China",CH,CH23,13243,31.2222,121.458,-1924465,4,"New Delhi, Delhi, India",IN,IN07,17911,28.6,77.2,-2106102,4,"New Delhi, Delhi, India",IN,IN07,17911,28.6,77.2,-2106102,20170627084500,Threaten,Verbal conflict
668407924,20170627,201706,USAGOV,THE US,USA,,,,,GOV,,,CHN,CHINESE,CHN,,,,,,,,1,100,100,10,3,-5.0,8,1,8,-1.32275132275132,4,"Beijing, Beijing, China",CH,CH22,13001,39.9289,116.388,-1898541,4,"Beijing, Beijing, China",CH,CH22,13001,39.9289,116.388,-1898541,4,"Beijing, Beijing, China",CH,CH22,13001,39.9289,116.388,-1898541,20170627090000,Demand,Verbal conflict
668407968,20170627,201706,USAMED,REUTERS,USA,,,,,MED,,,CHN,CHINESE,CHN,,,,,,,,1,060,060,06,2,6.0,10,1,10,1.37931034482759,4,"Shanghai, Shanghai, China",CH,CH23,13243,31.2222,121.458,-1924465,4,"Shanghai, Shanghai, China",CH,CH23,13243,31.2222,121.458,-1924465,4,"Shanghai, Shanghai, China",CH,CH23,13243,31.2222,121.458,-1924465,20170627090000,Engage in material cooperation,Material cooperation
668416314,20170627,201706,USA,THE US,USA,,,,,,,,CHN,CHINESE,CHN,,,,,,,,1,020,020,02,1,3.0,10,1,10,1.14192495921696,1,China,CH,CH,,35.0,105.0,CH,1,China,CH,CH,,35.0,105.0,CH,1,China,CH,CH,,35.0,105.0,CH,20170627094500,Appeal,Verbal cooperation
668430834,20170627,201706,USA,THE US,USA,,,,,,,,CHN,CHINA,CHN,,,,,,,,1,100,100,10,3,-5.0,8,2,8,-0.98682814763628,4,"New Delhi, Delhi, India",IN,IN07,17911,28.6,77.2,-2106102,4,"New Delhi, Delhi, India",IN,IN07,17911,28.6,77.2,-2106102,4,"New Delhi, Delhi, India",IN,IN07,17911,28.6,77.2,-2106102,20170627104500,Demand,Verbal conflict
668430835,20170627,201706,USA,THE US,USA,,,,,,,,CHN,CHINA,CHN,,,,,,,,1,100,100,10,3,-5.0,6,1,6,-2.60764099454214,3,"Washington, District of Columbia, United States",US,USDC,DC001,38.8951,-77.0364,531871,4,"Beijing, Beijing, China",CH,CH22,13001,39.9289,116.388,-1898541,4,"Beijing, Beijing, China",CH,CH22,13001,39.9289,116.388,-1898541,20170627104500,Demand,Verbal conflict
668447804,20170627,201706,CHN,CHINA,CHN,,,,,,,,USA,THE US,USA,,,,,,,,1,042,042,04,1,1.9,8,1,8,-0.87976539589443,1,China,CH,CH,,35.0,105.0,CH,1,China,CH,CH,,35.0,105.0,CH,1,China,CH,CH,,35.0,105.0,CH,20170627121500,Consult,Verbal cooperation
668447806,20170627,201706,CHN,CHINA,CHN,,,,,,,,USA,AMERICAN,USA,,,,,,,,1,043,043,04,1,2.8,6,1,6,-0.87976539589443,1,China,CH,CH,,35.0,105.0,CH,3,"Hollywood, California, United States",US,USCA,CA037,34.0983,-118.327,1660757,1,China,CH,CH,,35.0,105.0,CH,20170627121500,Consult,Verbal cooperation
668447809,20170627,201706,CHN,CHINA,CHN,,,,,,,,USA,THE US,USA,,,,,,,,1,061,061,06,2,6.4,10,1,10,1.25,4,"Shandong, Jiangsu, China",CH,CH04,13151,32.9793,118.852,11415469,4,"Shandong, Jiangsu, China",CH,CH04,13151,32.9793,118.852,11415469,4,"Shandong, Jiangsu, China",CH,CH04,13151,32.9793,118.852,11415469,20170627121500,Engage in material cooperation,Material cooperation
668449707,20170627,201706,USA,THE US,USA,,,,,,,,CHN,CHINA,CHN,,,,,,,,1,0253,025,02,1,-0.3,8,1,8,-1.35396518375242,4,"Tiananmen Square, Beijing, China",CH,CH22,13001,39.9044,116.391,9244097,4,"Tiananmen Square, Beijing, China",CH,CH22,13001,39.9044,116.391,9244097,4,"Tiananmen Square, Beijing, China",CH,CH22,13001,39.9044,116.391,9244097,20170627121500,Appeal,Verbal cooperation
668449710,20170627,201706,USA,AMERICAN,USA,,,,,,,,CHN,CHINA,CHN,,,,,,,,1,042,042,04,1,1.9,6,1,6,-0.87976539589443,3,"Hollywood, California, United States",US,USCA,CA037,34.0983,-118.327,1660757,1,China,CH,CH,,35.0,105.0,CH,1,China,CH,CH,,35.0,105.0,CH,20170627121500,Consult,Verbal cooperation
668449713,20170627,201706,USA,THE US,USA,,,,,,,,CHN,CHINA,CHN,,,,,,,,1,043,043,04,1,2.8,8,1,8,-0.87976539589443,1,China,CH,CH,,35.0,105.0,CH,1,China,CH,CH,,35.0,105.0,CH,1,China,CH,CH,,35.0,105.0,CH,20170627121500,Consult,Verbal cooperation
668449716,20170627,201706,USA,THE US,USA,,,,,,,,CHN,CHINA,CHN,,,,,,,,1,0841,084,08,2,7.0,8,1,8,-1.35396518375242,4,"Tiananmen Square, Beijing, China",CH,CH22,13001,39.9044,116.391,9244097,4,"Tiananmen Square, Beijing, China",CH,CH22,13001,39.9044,116.391,9244097,4,"Tiananmen Square, Beijing, China",CH,CH22,13001,39.9044,116.391,9244097,20170627121500,Yield,Material cooperation
668449717,20170627,201706,USA,SAN DIEGO,USA,,,,,,,,CHN,CHINESE,CHN,,,,,,,,1,112,112,11,3,-2.0,6,1,6,-0.87976539589443,1,China,CH,CH,,35.0,105.0,CH,1,China,CH,CH,,35.0,105.0,CH,1,China,CH,CH,,35.0,105.0,CH,20170627121500,Disapprove,Verbal conflict
668462734,20170627,201706,CHN,CHINA,CHN,,,,,,,,USA,A US,USA,,,,,,,,1,031,031,03,1,5.2,10,1,10,0.8130081300813,1,China,CH,CH,,35.0,105.0,CH,1,China,CH,CH,,35.0,105.0,CH,1,China,CH,CH,,35.0,105.0,CH,20170627133000,Express intent to cooperate,Verbal cooperation
668465144,20170627,201706,USA,A US,USA,,,,,,,,CHN,CHINA,CHN,,,,,,,,1,031,031,03,1,5.2,8,1,8,0.8130081300813,1,Thailand,TH,TH,,15.0,100.0,TH,1,China,CH,CH,,35.0,105.0,CH,1,China,CH,CH,,35.0,105.0,CH,20170627133000,Express intent to cooperate,Verbal cooperation
668465145,20170627,201706,USA,A US,USA,,,,,,,,CHN,CHINA,CHN,,,,,,,,1,036,036,03,1,4.0,14,1,10,1.05105105105105,4,"Hangzhou, Zhejiang, China",CH,CH02,13319,30.2553,120.169,-1908366,4,"Hangzhou, Zhejiang, China",CH,CH02,13319,30.2553,120.169,-1908366,4,"Hangzhou, Zhejiang, China",CH,CH02,13319,30.2553,120.169,-1908366,20170627133000,Express intent to cooperate,Verbal cooperation
668465146,20170627,201706,USA,A US,USA,,,,,,,,CHN,CHINA,CHN,,,,,,,,1,036,036,03,1,4.0,6,1,6,1.05105105105105,3,"Boston, Massachusetts, United States",US,USMA,MA025,42.3584,-71.0598,617565,3,"Boston, Massachusetts, United States",US,USMA,MA025,42.3584,-71.0598,617565,3,"Boston, Massachusetts, United States",US,USMA,MA025,42.3584,-71.0598,617565,20170627133000,Express intent to cooperate,Verbal cooperation
668470459,20170627,201706,USA,THE US,USA,,,,,,,,CHN,CHINA,CHN,,,,,,,,1,012,012,01,1,-0.4,7,1,7,-1.74029451137885,4,"Seoul, Soul-t'ukpyolsi, South Korea",KS,KS11,24984,37.5664,127.0,-716583,1,China,CH,CH,,35.0,105.0,CH,1,China,CH,CH,,35.0,105.0,CH,20170627140000,Make public statement,Verbal cooperation
668484075,20170627,201706,CHN,CHINA,CHN,,,,,,,,USA,WASHINGTON,USA,,,,,,,,1,166,166,16,4,-7.0,6,1,6,0.0,1,Canada,CA,CA,,60.0,-95.0,CA,1,Canada,CA,CA,,60.0,-95.0,CA,1,Canada,CA,CA,,60.0,-95.0,CA,20170627144500,Reduce relations,Material conflict
668493467,20160627,201606,CHN,CHINA,CHN,,,,,,,,MNCUSA,NETFLIX,USA,,,,,MNC,,,1,020,020,02,1,3.0,10,1,10,0.86206896551724,1,China,CH,CH,,35.0,105.0,CH,1,China,CH,CH,,35.0,105.0,CH,1,China,CH,CH,,35.0,105.0,CH,20170627153000,Appeal,Verbal cooperation
668494109,20170627,201706,CHN,CHINA,CHN,,,,,,,,USA,UNITED STATES,USA,,,,,,,,1,036,036,03,1,4.0,6,1,6,0.0,4,"Beijing, Beijing, China",CH,CH22,13001,39.9289,116.388,-1898541,3,"Omaha, Nebraska, United States",US,USNE,NE055,41.2586,-95.9378,835483,4,"Beijing, Beijing, China",CH,CH22,13001,39.9289,116.388,-1898541,20170627153000,Express intent to cooperate,Verbal cooperation
668496073,20170627,201706,USA,NEBRASKA,USA,,,,,,,,CHN,CHINA,CHN,,,,,,,,1,081,081,08,2,5.0,10,1,10,1.6597510373444,4,"Beijing, Beijing, China",CH,CH22,13001,39.9289,116.388,-1898541,4,"Beijing, Beijing, China",CH,CH22,13001,39.9289,116.388,-1898541,4,"Beijing, Beijing, China",CH,CH22,13001,39.9289,116.388,-1898541,20170627153000,Yield,Material cooperation
668496299,20170627,201706,USAEDU,ILLINOIS,USA,,,,,EDU,,,CHNEDU,CHINA,CHN,,,,,EDU,,,1,090,090,09,2,-2.0,6,1,6,-1.82232346241458,1,North Korea,KN,KN,,40.0,127.0,KN,1,China,CH,CH,,35.0,105.0,CH,1,China,CH,CH,,35.0,105.0,CH,20170627153000,Investigate,Material cooperation
668501812,20170627,201706,USAEDU,ILLINOIS,USA,,,,,EDU,,,CHN,CHINESE,CHN,,,,,,,,1,051,051,05,1,3.4,10,1,10,1.43884892086331,1,China,CH,CH,,35.0,105.0,CH,1,China,CH,CH,,35.0,105.0,CH,1,China,CH,CH,,35.0,105.0,CH,20170627161500,Engage in diplomatic cooperation,Verbal cooperation
668522140,20170627,201706,MNCCHNMED,CHINA MOBILE,CHN,,,,,MNC,MED,,USA,NEW JERSEY,USA,,,,,,,,1,010,010,01,1,0.0,10,1,10,-0.72463768115942,4,"Jing Yang, Sichuan, China",CH,CH32,13260,31.1347,104.402,10385939,4,"Jing Yang, Sichuan, China",CH,CH32,13260,31.1347,104.402,10385939,4,"Jing Yang, Sichuan, China",CH,CH32,13260,31.1347,104.402,10385939,20170627180000,Make public statement,Verbal cooperation
668522142,20170627,201706,MNCCHNMED,CHINA MOBILE,CHN,,,,,MNC,MED,,USA,NEW JERSEY,USA,,,,,,,,1,042,042,04,1,1.9,8,1,8,-0.72463768115942,4,"Shenzhen, Guangdong, China",CH,CH30,13036,22.2,111.117,-1925267,2,"New Jersey, United States",US,USNJ,,40.314,-74.5089,NJ,1,Hong Kong,HK,HK,,22.25,114.167,HK,20170627180000,Consult,Verbal cooperation
668523422,20170627,201706,USA,NEW JERSEY,USA,,,,,,,,MNCCHNMED,CHINA MOBILE,CHN,,,,,MNC,MED,,1,043,043,04,1,2.8,8,1,8,-0.72463768115942,2,"New Jersey, United States",US,USNJ,,40.314,-74.5089,NJ,4,"Shenzhen, Guangdong, China",CH,CH30,13036,22.2,111.117,-1925267,1,Hong Kong,HK,HK,,22.25,114.167,HK,20170627180000,Consult,Verbal cooperation
668526454,20170627,201706,CHNGOV,XI JINPING,CHN,,,,,GOV,,,USA,UNITED STATES,USA,,,,,,,,1,042,042,04,1,1.9,6,1,6,1.86567164179105,3,"White House, District of Columbia, United States",US,USDC,,38.8951,-77.0364,531871,3,"White House, District of Columbia, United States",US,USDC,,38.8951,-77.0364,531871,3,"White House, District of Columbia, United States",US,USDC,,38.8951,-77.0364,531871,20170627183000,Consult,Verbal cooperation
668528426,20170627,201706,USA,UNITED STATES,USA,,,,,,,,CHNGOV,XI JINPING,CHN,,,,,GOV,,,1,043,043,04,1,2.8,6,1,6,1.86567164179105,3,"White House, District of Columbia, United States",US,USDC,,38.8951,-77.0364,531871,3,"White House, District of Columbia, United States",US,USDC,,38.8951,-77.0364,531871,3,"White House, District of Columbia, United States",US,USDC,,38.8951,-77.0364,531871,20170627183000,Consult,Verbal cooperation
668545011,20170627,201706,CHN,CHINESE,CHN,,,,,,,,USA,UNITED STATES,USA,,,,,,,,1,090,090,09,2,-2.0,8,1,8,-2.10526315789474,1,Mexico,MX,MX,,23.0,-102.0,MX,1,Mexico,MX,MX,,23.0,-102.0,MX,1,Mexico,MX,MX,,23.0,-102.0,MX,20170627194500,Investigate,Material cooperation
668551030,20170627,201706,USA,NEBRASKA,USA,,,,,,,,CHN,CHINA,CHN,,,,,,,,1,036,036,03,1,4.0,10,1,10,0.65359477124183,4,"Beijing, Beijing, China",CH,CH22,13001,39.9289,116.388,-1898541,4,"Beijing, Beijing, China",CH,CH22,13001,39.9289,116.388,-1898541,4,"Beijing, Beijing, China",CH,CH22,13001,39.9289,116.388,-1898541,20170627200000,Express intent to cooperate,Verbal cooperation
668551031,20170627,201706,USA,THE US,USA,,,,,,,,CHN,CHINA,CHN,,,,,,,,1,160,160,16,4,-4.0,10,1,10,-6.90954773869346,4,"Beijing, Beijing, China",CH,CH22,13001,39.9289,116.388,-1898541,4,"Beijing, Beijing, China",CH,CH22,13001,39.9289,116.388,-1898541,4,"Beijing, Beijing, China",CH,CH22,13001,39.9289,116.388,-1898541,20170627200000,Reduce relations,Material conflict
668551033,20170627,201706,USA,THE US,USA,,,,,,,,CHN,CHINA,CHN,,,,,,,,1,160,160,16,4,-4.0,8,1,8,-6.90954773869346,3,"White House, District of Columbia, United States",US,USDC,,38.8951,-77.0364,531871,3,"White House, District of Columbia, United States",US,USDC,,38.8951,-77.0364,531871,3,"White House, District of Columbia, United States",US,USDC,,38.8951,-77.0364,531871,20170627200000,Reduce relations,Material conflict
668557434,20160627,201606,CHN,SHANGHAI,CHN,,,,,,,,USA,ORLANDO,USA,,,,,,,,1,111,111,11,3,-2.0,10,1,10,4.5016077170418,3,"Chicago, Illinois, United States",US,USIL,IL031,41.85,-87.6501,423587,3,"Chicago, Illinois, United States",US,USIL,IL031,41.85,-87.6501,423587,3,"Chicago, Illinois, United States",US,USIL,IL031,41.85,-87.6501,423587,20170627210000,Disapprove,Verbal conflict
668558039,20170627,201706,CHN,CHINA,CHN,,,,,,,,USA,ILLINOIS,USA,,,,,,,,1,042,042,04,1,1.9,10,1,10,-3.04182509505703,4,"Nanping, Henan, China",CH,CH09,13111,33.6497,112.298,10539714,4,"Nanping, Henan, China",CH,CH09,13111,33.6497,112.298,10539714,4,"Nanping, Henan, China",CH,CH09,13111,33.6497,112.298,10539714,20170627210000,Consult,Verbal cooperation
668559719,20170627,201706,USA,ILLINOIS,USA,,,,,,,,CHN,CHINA,CHN,,,,,,,,1,043,043,04,1,2.8,6,1,6,-3.04182509505703,2,"Illinois, United States",US,USIL,,40.3363,-89.0022,IL,4,"Nanping, Henan, China",CH,CH09,13111,33.6497,112.298,10539714,2,"Illinois, United States",US,USIL,,40.3363,-89.0022,IL,20170627210000,Consult,Verbal cooperation
668562215,20170627,201706,CHN,BEIJING,CHN,,,,,,,,USA,WASHINGTON,USA,,,,,,,,1,057,057,05,1,8.0,7,1,7,-3.08219178082192,4,"Beijing, Beijing, China",CH,CH22,13001,39.9289,116.388,-1898541,3,"Washington, District of Columbia, United States",US,USDC,DC001,38.8951,-77.0364,531871,3,"Washington, District of Columbia, United States",US,USDC,DC001,38.8951,-77.0364,531871,20170627213000,Engage in diplomatic cooperation,Verbal cooperation
668562217,20170627,201706,CHN,CHINA,CHN,,,,,,,,USA,UNITED STATES,USA,,,,,,,,1,172,172,17,4,-5.0,10,1,10,-3.61111111111111,1,China,CH,CH,,35.0,105.0,CH,1,China,CH,CH,,35.0,105.0,CH,1,China,CH,CH,,35.0,105.0,CH,20170627213000,Coerce,Material conflict
668564005,20170627,201706,USA,WASHINGTON,USA,,,,,,,,CHN,BEIJING,CHN,,,,,,,,1,057,057,05,1,8.0,7,1,7,-3.08219178082192,2,"New York, United States",US,USNY,,42.1497,-74.9384,NY,2,"New York, United States",US,USNY,,42.1497,-74.9384,NY,2,"New York, United States",US,USNY,,42.1497,-74.9384,NY,20170627213000,Engage in diplomatic cooperation,Verbal cooperation
668565184,20170627,201706,CHN,CHINESE,CHN,,,,,,,,USA,THE US,USA,,,,,,,,1,020,020,02,1,3.0,10,1,10,0.0,4,"Zhengxiang, Guangdong, China",CH,CH30,13040,23.4073,115.611,9202458,4,"Zhengxiang, Guangdong, China",CH,CH30,13040,23.4073,115.611,9202458,4,"Zhengxiang, Guangdong, China",CH,CH30,13040,23.4073,115.611,9202458,20170627220000,Appeal,Verbal cooperation
668568067,20170627,201706,CHN,CHINA,CHN,,,,,,,,MNCUSA,NETFLIX,USA,,,,,MNC,,,1,1721,172,17,4,-5.0,10,1,10,-2.4896265560166,4,"Shanghai, Shanghai, China",CH,CH23,13243,31.2222,121.458,-1924465,4,"Shanghai, Shanghai, China",CH,CH23,13243,31.2222,121.458,-1924465,4,"Shanghai, Shanghai, China",CH,CH23,13243,31.2222,121.458,-1924465,20170627223000,Coerce,Material conflict
668571922,20170627,201706,CHN,CANTON,CHN,,,,,,,,USA,ATLANTA,USA,,,,,,,,1,036,036,03,1,4.0,7,1,7,0.6074411541382,4,"Guangzhou, Guangdong, China",CH,CH30,13033,23.1167,113.25,-1907161,3,"Atlanta, Georgia, United States",US,USGA,GA121,33.749,-84.388,351615,3,"Atlanta, Georgia, United States",US,USGA,GA121,33.749,-84.388,351615,20170627224500,Express intent to cooperate,Verbal cooperation
668571924,20170627,201706,CHN,CANTON,CHN,,,,,,,,USA,ATLANTA,USA,,,,,,,,1,040,040,04,1,1.0,7,1,7,0.6074411541382,4,"Guangzhou, Guangdong, China",CH,CH30,13033,23.1167,113.25,-1907161,3,"Atlanta, Georgia, United States",US,USGA,GA121,33.749,-84.388,351615,4,"Guangzhou, Guangdong, China",CH,CH30,13033,23.1167,113.25,-1907161,20170627224500,Consult,Verbal cooperation
668573597,20170627,201706,USA,ATLANTA,USA,,,,,,,,CHN,CANTON,CHN,,,,,,,,1,040,040,04,1,1.0,7,1,7,0.6074411541382,3,"Atlanta, Georgia, United States",US,USGA,GA121,33.749,-84.388,351615,4,"Guangzhou, Guangdong, China",CH,CH30,13033,23.1167,113.25,-1907161,4,"Guangzhou, Guangdong, China",CH,CH30,13033,23.1167,113.25,-1907161,20170627224500,Consult,Verbal cooperation
668573601,20170627,201706,USA,NEBRASKA,USA,,,,,,,,CHN,CHINA,CHN,,,,,,,,1,051,051,05,1,3.4,7,1,7,2.67558528428093,4,"Beijing, Beijing, China",CH,CH22,13001,39.9289,116.388,-1898541,2,"Nebraska, United States",US,USNE,,41.1289,-98.2883,NE,2,"Nebraska, United States",US,USNE,,41.1289,-98.2883,NE,20170627224500,Engage in diplomatic cooperation,Verbal cooperation
668582773,20170627,201706,USA,UNITED STATES,USA,,,,,,,,CHN,BEIJING,CHN,,,,,,,,1,173,173,17,4,-5.0,8,1,8,-6.5359477124183,1,United States,US,US,,38.0,-97.0,US,4,"Beijing, Beijing, China",CH,CH22,13001,39.9289,116.388,-1898541,4,"Beijing, Beijing, China",CH,CH22,13001,39.9289,116.388,-1898541,20170627233000,Coerce,Material conflict
668583082,20170627,201706,USAMED,AMERICAN,USA,,,,,MED,,,CHN,CHINESE,CHN,,,,,,,,1,010,010,01,1,0.0,8,1,8,-6.5359477124183,1,United States,US,US,,38.0,-97.0,US,1,United States,US,US,,38.0,-97.0,US,1,United States,US,US,,38.0,-97.0,US,20170627233000,Make public statement,Verbal cooperation
668585451,20170627,201706,CHN,CHINA,CHN,,,,,,,,USAGOVAGR,NEBRASKA,USA,,,,,GOV,AGR,,1,043,043,04,1,2.8,24,6,24,3.64206043384301,4,"Beijing, Beijing, China",CH,CH22,13001,39.9289,116.388,-1898541,2,"Nebraska, United States",US,USNE,,41.1289,-98.2883,NE,4,"Beijing, Beijing, China",CH,CH22,13001,39.9289,116.388,-1898541,20170627234500,Consult,Verbal cooperation
668585452,20170627,201706,CHN,CHINA,CHN,,,,,,,,USAGOVAGR,UNITED STATES,USA,,,,,GOV,AGR,,1,043,043,04,1,2.8,8,4,8,3.1386919430943,4,"Beijing, Beijing, China",CH,CH22,13001,39.9289,116.388,-1898541,2,"Nebraska, United States",US,USNE,,41.1289,-98.2883,NE,2,"Nebraska, United States",US,USNE,,41.1289,-98.2883,NE,20170627234500,Consult,Verbal cooperation
668586682,20170627,201706,USA,NEBRASKA,USA,,,,,,,,CHN,CHINA,CHN,,,,,,,,1,042,042,04,1,1.9,24,6,24,3.64206043384301,4,"Beijing, Beijing, China",CH,CH22,13001,39.9289,116.388,-1898541,4,"Beijing, Beijing, China",CH,CH22,13001,39.9289,116.388,-1898541,4,"Beijing, Beijing, China",CH,CH22,13001,39.9289,116.388,-1898541,20170627234500,Consult,Verbal cooperation
668586683,20170627,201706,USA,NEBRASKA,USA,,,,,,,,CHN,CHINA,CHN,,,,,,,,1,051,051,05,1,3.4,24,6,24,3.64206043384301,2,"Nebraska, United States",US,USNE,,41.1289,-98.2883,NE,4,"Beijing, Beijing, China",CH,CH22,13001,39.9289,116.388,-1898541,4,"Beijing, Beijing, China",CH,CH22,13001,39.9289,116.388,-1898541,20170627234500,Engage in diplomatic cooperation,Verbal cooperation
668586913,20170627,201706,USACOP,CHICAGO,USA,,,,,COP,,,CHN,CANTON,CHN,,,,,,,,1,173,173,17,4,-5.0,6,1,6,-8.69565217391305,3,"Chicago, Illinois, United States",US,USIL,IL031,41.85,-87.6501,423587,3,"Chicago, Illinois, United States",US,USIL,IL031,41.85,-87.6501,423587,3,"Chicago, Illinois, United States",US,USIL,IL031,41.85,-87.6501,423587,20170627234500,Coerce,Material conflict
668586982,20170627,201706,USAGOVAGR,NEBRASKA,USA,,,,,GOV,AGR,,CHN,CHINA,CHN,,,,,,,,1,042,042,04,1,1.9,36,6,36,3.64206043384301,4,"Shanhai, Shanghai, China",CH,CH23,13243,31.1402,121.064,11115274,4,"Shanhai, Shanghai, China",CH,CH23,13243,31.1402,121.064,11115274,4,"Shanhai, Shanghai, China",CH,CH23,13243,31.1402,121.064,11115274,20170627234500,Consult,Verbal cooperation
668586984,20170627,201706,USAGOVAGR,NEBRASKA,USA,,,,,GOV,AGR,,CHN,CHINA,CHN,,,,,,,,1,051,051,05,1,3.4,32,6,32,3.51621831115583,2,"Nebraska, United States",US,USNE,,41.1289,-98.2883,NE,4,"Beijing, Beijing, China",CH,CH22,13001,39.9289,116.388,-1898541,4,"Beijing, Beijing, China",CH,CH22,13001,39.9289,116.388,-1898541,20170627234500,Engage in diplomatic cooperation,Verbal cooperation
668596491,20170628,201706,CHN,CHINA,CHN,,,,,,,,USA,UNITED STATES,USA,,,,,,,,1,172,172,17,4,-5.0,20,2,20,-3.43975528318132,1,China,CH,CH,,35.0,105.0,CH,1,China,CH,CH,,35.0,105.0,CH,1,China,CH,CH,,35.0,105.0,CH,20170628001500,Coerce,Material conflict
668599088,20170628,201706,USAGOVAGR,NEBRASKA,USA,,,,,GOV,AGR,,CHN,CHINA,CHN,,,,,,,,1,042,042,04,1,1.9,6,1,6,3.65853658536585,4,"Shanhai, Shanghai, China",CH,CH23,13243,31.1402,121.064,11115274,4,"Shanhai, Shanghai, China",CH,CH23,13243,31.1402,121.064,11115274,4,"Shanhai, Shanghai, China",CH,CH23,13243,31.1402,121.064,11115274,20170628001500,Consult,Verbal cooperation
668599089,20170628,201706,USAGOVAGR,NEBRASKA,USA,,,,,GOV,AGR,,CHN,CHINA,CHN,,,,,,,,1,051,051,05,1,3.4,6,1,6,3.65853658536585,2,"Nebraska, United States",US,USNE,,41.1289,-98.2883,NE,4,"Beijing, Beijing, China",CH,CH22,13001,39.9289,116.388,-1898541,4,"Beijing, Beijing, China",CH,CH22,13001,39.9289,116.388,-1898541,20170628001500,Engage in diplomatic cooperation,Verbal cooperation
668600903,20170621,201706,USA,WASHINGTON,USA,,,,,,,,CHN,CHINA,CHN,,,,,,,,1,061,061,06,2,6.4,6,1,6,-1.01522842639594,3,"Washington, District of Columbia, United States",US,USDC,DC001,38.8951,-77.0364,531871,1,China,CH,CH,,35.0,105.0,CH,1,Canada,CA,CA,,60.0,-95.0,CA,20170628003000,Engage in material cooperation,Material cooperation
668603879,20170628,201706,USA,SOUTH CAROLINA,USA,,,,,,,,CHN,CHINA,CHN,,,,,,,,1,080,080,08,2,5.0,7,1,7,0.28169014084507,3,"Orangeburg County, South Carolina, United States",US,USSC,SC075,33.4335,-80.7665,1248014,3,"Orangeburg County, South Carolina, United States",US,USSC,,33.4335,-80.7665,1248014,3,"Orangeburg County, South Carolina, United States",US,USSC,,33.4335,-80.7665,1248014,20170628003000,Yield,Material cooperation
668606857,20170628,201706,CHN,CHINESE,CHN,,,,,,,,USA,THE US,USA,,,,,,,,1,020,020,02,1,3.0,10,1,10,-0.35211267605634,4,"Zhengxiang, Guangdong, China",CH,CH30,13040,23.4073,115.611,9202458,4,"Zhengxiang, Guangdong, China",CH,CH30,13040,23.4073,115.611,9202458,4,"Zhengxiang, Guangdong, China",CH,CH30,13040,23.4073,115.611,9202458,20170628004500,Appeal,Verbal cooperation
668612740,20170628,201706,USA,NEBRASKA,USA,,,,,,,,CHN,CHINA,CHN,,,,,,,,1,051,051,05,1,3.4,7,1,7,2.67558528428093,4,"Beijing, Beijing, China",CH,CH22,13001,39.9289,116.388,-1898541,2,"Nebraska, United States",US,USNE,,41.1289,-98.2883,NE,2,"Nebraska, United States",US,USNE,,41.1289,-98.2883,NE,20170628010000,Engage in diplomatic cooperation,Verbal cooperation
668627077,20170628,201706,CHN,GUANGDONG,CHN,,,,,,,,USA,UNITED STATES,USA,,,,,,,,1,040,040,04,1,1.0,6,1,6,0.15649452269171,4,"Guangdong, Jilin, China",CH,CH05,13176,42.7683,129.336,10884162,1,United States,US,US,,38.0,-97.0,US,4,"Guangdong, Jilin, China",CH,CH05,13176,42.7683,129.336,10884162,20170628020000,Consult,Verbal cooperation
668627079,20170628,201706,CHN,CHINA,CHN,,,,,,,,USA,THE US,USA,,,,,,,,1,061,061,06,2,6.4,10,1,10,0.15649452269171,4,"Guangdong, Jilin, China",CH,CH05,13176,42.7683,129.336,10884162,4,"Guangdong, Jilin, China",CH,CH05,13176,42.7683,129.336,10884162,4,"Guangdong, Jilin, China",CH,CH05,13176,42.7683,129.336,10884162,20170628020000,Engage in material cooperation,Material cooperation
668628732,20170628,201706,USA,UNITED STATES,USA,,,,,,,,CHN,GUANGDONG,CHN,,,,,,,,1,040,040,04,1,1.0,6,1,6,0.15649452269171,1,United States,US,US,,38.0,-97.0,US,4,"Guangdong, Jilin, China",CH,CH05,13176,42.7683,129.336,10884162,4,"Guangdong, Jilin, China",CH,CH05,13176,42.7683,129.336,10884162,20170628020000,Consult,Verbal cooperation
668636414,20170529,201705,USA,THE US,USA,,,,,,,,CHN,CHINESE,CHN,,,,,,,,1,111,111,11,3,-2.0,8,1,8,-2.07197382769901,4,"South China Sea, Brunei (general), Brunei",BX,BX00,,15.0,115.0,-1337919,4,"South China Sea, Brunei (general), Brunei",BX,BX00,,15.0,115.0,-1337919,4,"South China Sea, Brunei (general), Brunei",BX,BX00,,15.0,115.0,-1337919,20170628024500,Disapprove,Verbal conflict
668646048,20170628,201706,CHN,GUANGZHOU,CHN,,,,,,,,MNCUSA,MICROSOFT,USA,,,,,MNC,,,1,043,043,04,1,2.8,10,1,10,5.55555555555556,4,"Guangzhou, Guangdong, China",CH,CH30,13033,23.1167,113.25,-1907161,4,"Guangzhou, Guangdong, China",CH,CH30,13033,23.1167,113.25,-1907161,4,"Guangzhou, Guangdong, China",CH,CH30,13033,23.1167,113.25,-1907161,20170628033000,Consult,Verbal cooperation
668646057,20170628,201706,CHN,CHINA,CHN,,,,,,,,USAMED,ASSOCIATED PRESS,USA,,,,,MED,,,1,043,043,04,1,2.8,8,1,8,2.9535864978903,4,"Beijing, Beijing, China",CH,CH22,13001,39.9289,116.388,-1898541,4,"Beijing, Beijing, China",CH,CH22,13001,39.9289,116.388,-1898541,4,"Beijing, Beijing, China",CH,CH22,13001,39.9289,116.388,-1898541,20170628033000,Consult,Verbal cooperation
668646944,20170628,201706,MNCUSA,MICROSOFT,USA,,,,,MNC,,,CHN,GUANGZHOU,CHN,,,,,,,,1,042,042,04,1,1.9,10,1,10,5.55555555555556,4,"Guangzhou, Guangdong, China",CH,CH30,13033,23.1167,113.25,-1907161,4,"Guangzhou, Guangdong, China",CH,CH30,13033,23.1167,113.25,-1907161,4,"Guangzhou, Guangdong, China",CH,CH30,13033,23.1167,113.25,-1907161,20170628033000,Consult,Verbal cooperation
668647648,20170628,201706,USAMED,ASSOCIATED PRESS,USA,,,,,MED,,,CHN,CHINA,CHN,,,,,,,,1,042,042,04,1,1.9,7,1,7,2.9535864978903,4,"Beijing, Beijing, China",CH,CH22,13001,39.9289,116.388,-1898541,4,"Beijing, Beijing, China",CH,CH22,13001,39.9289,116.388,-1898541,4,"Beijing, Beijing, China",CH,CH22,13001,39.9289,116.388,-1898541,20170628033000,Consult,Verbal cooperation
668647651,20170628,201706,USAMED,ASSOCIATED PRESS,USA,,,,,MED,,,CHN,CHINA,CHN,,,,,,,,1,051,051,05,1,3.4,10,1,10,2.9535864978903,4,"Beijing, Beijing, China",CH,CH22,13001,39.9289,116.388,-1898541,4,"Beijing, Beijing, China",CH,CH22,13001,39.9289,116.388,-1898541,4,"Beijing, Beijing, China",CH,CH22,13001,39.9289,116.388,-1898541,20170628033000,Engage in diplomatic cooperation,Verbal cooperation
668647720,20170627,201706,CHN,BEIJING,CHN,,,,,,,,MNCUSAMED,GOOGLE,USA,,,,,MNC,MED,,1,172,172,17,4,-5.0,10,1,10,-0.42643923240938,2,"California, United States",US,USCA,,36.17,-119.746,CA,2,"California, United States",US,USCA,,36.17,-119.746,CA,2,"California, United States",US,USCA,,36.17,-119.746,CA,20170628034500,Coerce,Material conflict
668652491,20170628,201706,MNCUSAMED,GOOGLE,USA,,,,,MNC,MED,,CHN,CHINA,CHN,,,,,,,,1,090,090,09,2,-2.0,10,1,10,-4.32692307692308,0,,,,,,,,0,,,,,,,,0,,,,,,,,20170628040000,Investigate,Material cooperation
668652885,20170628,201706,USA,NEBRASKA,USA,,,,,,,,CHN,CHINA,CHN,,,,,,,,1,042,042,04,1,1.9,10,1,10,0.30769230769231,2,"Nebraska, United States",US,USNE,,41.1289,-98.2883,NE,4,"Beijing, Beijing, China",CH,CH22,13001,39.9289,116.388,-1898541,4,"Beijing, Beijing, China",CH,CH22,13001,39.9289,116.388,-1898541,20170628040000,Consult,Verbal cooperation
668654687,20170628,201706,CHN,GREAT WALL,CHN,,,,,,,,MNCUSAMED,GOOGLE,USA,,,,,MNC,MED,,1,1721,172,17,4,-5.0,10,1,10,-1.27041742286752,1,United States,US,US,,38.0,-97.0,US,1,United States,US,US,,38.0,-97.0,US,1,United States,US,US,,38.0,-97.0,US,20170628041500,Coerce,Material conflict
668654703,20170628,201706,CHN,CHINESE,CHN,,,,,,,,USA,IOWA,USA,,,,,,,,1,040,040,04,1,1.0,8,7,8,-2.00325483748031,4,"Beijing, Beijing, China",CH,CH22,13001,39.9289,116.388,-1898541,2,"Iowa, United States",US,USIA,,42.0046,-93.214,IA,4,"Beijing, Beijing, China",CH,CH22,13001,39.9289,116.388,-1898541,20170628041500,Consult,Verbal cooperation
668654716,20170628,201706,CHNGOV,CHINESE,CHN,,,,,GOV,,,USAGOV,IOWA,USA,,,,,GOV,,,1,040,040,04,1,1.0,24,7,24,-2.00325483748031,4,"Beijing, Beijing, China",CH,CH22,13001,39.9289,116.388,-1898541,2,"Iowa, United States",US,USIA,,42.0046,-93.214,IA,4,"Beijing, Beijing, China",CH,CH22,13001,39.9289,116.388,-1898541,20170628041500,Consult,Verbal cooperation
668655841,20170628,201706,USA,IOWA,USA,,,,,,,,CHN,CHINESE,CHN,,,,,,,,1,040,040,04,1,1.0,8,7,8,-2.00325483748031,2,"Iowa, United States",US,USIA,,42.0046,-93.214,IA,4,"Beijing, Beijing, China",CH,CH22,13001,39.9289,116.388,-1898541,4,"Beijing, Beijing, China",CH,CH22,13001,39.9289,116.388,-1898541,20170628041500,Consult,Verbal cooperation
668655842,20170628,201706,USA,IOWA,USA,,,,,,,,CHN,CHINA,CHN,,,,,,,,1,050,050,05,1,3.5,16,7,16,-2.00325483748031,4,"Wang Dan, Xizang, China",CH,CH14,13299,28.9667,89.2,-1929731,4,"Wang Dan, Xizang, China",CH,CH14,13299,28.9667,89.2,-1929731,4,"Wang Dan, Xizang, China",CH,CH14,13299,28.9667,89.2,-1929731,20170628041500,Engage in diplomatic cooperation,Verbal cooperation
668656063,20170628,201706,USAGOV,IOWA,USA,,,,,GOV,,,CHN,CHINA,CHN,,,,,,,,1,050,050,05,1,3.5,24,7,24,-2.00325483748031,4,"Wang Dan, Xizang, China",CH,CH14,13299,28.9667,89.2,-1929731,4,"Wang Dan, Xizang, China",CH,CH14,13299,28.9667,89.2,-1929731,4,"Wang Dan, Xizang, China",CH,CH14,13299,28.9667,89.2,-1929731,20170628041500,Engage in diplomatic cooperation,Verbal cooperation
668656064,20170628,201706,USAGOV,IOWA,USA,,,,,GOV,,,CHNGOV,CHINESE,CHN,,,,,GOV,,,1,040,040,04,1,1.0,24,7,24,-2.00325483748031,2,"Iowa, United States",US,USIA,,42.0046,-93.214,IA,4,"Beijing, Beijing, China",CH,CH22,13001,39.9289,116.388,-1898541,4,"Beijing, Beijing, China",CH,CH22,13001,39.9289,116.388,-1898541,20170628041500,Consult,Verbal cooperation
668657701,20170628,201706,USA,NEBRASKA,USA,,,,,,,,CHN,CHINA,CHN,,,,,,,,1,036,036,03,1,4.0,8,1,8,0.0,4,"Beijing, Beijing, China",CH,CH22,13001,39.9289,116.388,-1898541,2,"Nebraska, United States",US,USNE,,41.1289,-98.2883,NE,2,"Nebraska, United States",US,USNE,,41.1289,-98.2883,NE,20170628043000,Express intent to cooperate,Verbal cooperation
668657707,20170628,201706,USA,IOWA,USA,,,,,,,,CHN,CHINA,CHN,,,,,,,,1,050,050,05,1,3.5,8,4,8,-0.68046643153674,4,"Beijing, Beijing, China",CH,CH22,13001,39.9289,116.388,-1898541,4,"Beijing, Beijing, China",CH,CH22,13001,39.9289,116.388,-1898541,4,"Beijing, Beijing, China",CH,CH22,13001,39.9289,116.388,-1898541,20170628043000,Engage in diplomatic cooperation,Verbal cooperation
668657866,20170628,201706,USAGOV,IOWA,USA,,,,,GOV,,,CHN,CHINA,CHN,,,,,,,,1,050,050,05,1,3.5,12,4,12,-0.68046643153674,4,"Beijing, Beijing, China",CH,CH22,13001,39.9289,116.388,-1898541,4,"Beijing, Beijing, China",CH,CH22,13001,39.9289,116.388,-1898541,4,"Beijing, Beijing, China",CH,CH22,13001,39.9289,116.388,-1898541,20170628043000,Engage in diplomatic cooperation,Verbal cooperation
668659243,20170628,201706,CHN,BEIJING,CHN,,,,,,,,USA,IOWA,USA,,,,,,,,1,010,010,01,1,0.0,56,8,56,2.14210142580513,4,"Renmin, Liaoning, China",CH,CH19,13182,40.7703,123.792,11215357,4,"Renmin, Liaoning, China",CH,CH19,13182,40.7703,123.792,11215357,4,"Renmin, Liaoning, China",CH,CH19,13182,40.7703,123.792,11215357,20170628044500,Make public statement,Verbal cooperation
668659244,20170628,201706,CHN,BEIJING,CHN,,,,,,,,USA,IOWA,USA,,,,,,,,1,010,010,01,1,0.0,11,6,11,2.32293659551817,4,"Renmin, Liaoning, China",CH,CH19,13182,40.7703,123.792,11215357,2,"Iowa, United States",US,USIA,,42.0046,-93.214,IA,2,"Iowa, United States",US,USIA,,42.0046,-93.214,IA,20170628044500,Make public statement,Verbal cooperation
668659245,20170628,201706,CHN,BEIJING,CHN,,,,,,,,USA,IOWA,USA,,,,,,,,1,010,010,01,1,0.0,11,6,11,2.32293659551817,2,"Iowa, United States",US,USIA,,42.0046,-93.214,IA,2,"Iowa, United States",US,USIA,,42.0046,-93.214,IA,2,"Iowa, United States",US,USIA,,42.0046,-93.214,IA,20170628044500,Make public statement,Verbal cooperation
668659246,20170628,201706,CHN,BEIJING,CHN,,,,,,,,USA,AMERICAN,USA,,,,,,,,1,042,042,04,1,1.9,78,8,78,2.19310621726265,4,"Beijing, Beijing, China",CH,CH22,13001,39.9289,116.388,-1898541,2,"Iowa, United States",US,USIA,,42.0046,-93.214,IA,2,"Iowa, United States",US,USIA,,42.0046,-93.214,IA,20170628044500,Consult,Verbal cooperation
668659248,20170628,201706,CHN,BEIJING,CHN,,,,,,,,USA,UNITED STATES,USA,,,,,,,,1,042,042,04,1,1.9,8,1,8,0.0,4,"Delhi, Delhi, India",IN,IN07,17911,28.6667,77.2167,-2094230,1,Portugal,PO,PO,,39.5,-8.0,PO,4,"Delhi, Delhi, India",IN,IN07,17911,28.6667,77.2167,-2094230,20170628044500,Consult,Verbal cooperation
668659267,20170628,201706,CHNGOV,CHINA,CHN,,,,,GOV,,,USA,UNITED STATES,USA,,,,,,,,1,043,043,04,1,2.8,7,7,7,2.1251728844007,4,"Renmin, Liaoning, China",CH,CH19,13182,40.7703,123.792,11215357,2,"Iowa, United States",US,USIA,,42.0046,-93.214,IA,2,"Iowa, United States",US,USIA,,42.0046,-93.214,IA,20170628044500,Consult,Verbal cooperation
668659268,20170628,201706,CHNGOV,CHINA,CHN,,,,,GOV,,,USA,UNITED STATES,USA,,,,,,,,1,043,043,04,1,2.8,7,7,7,2.1251728844007,1,North Korea,KN,KN,,40.0,127.0,KN,2,"Iowa, United States",US,USIA,,42.0046,-93.214,IA,1,North Korea,KN,KN,,40.0,127.0,KN,20170628044500,Consult,Verbal cooperation
668660409,20170628,201706,USA,AMERICAN,USA,,,,,,,,CHN,BEIJING,CHN,,,,,,,,1,043,043,04,1,2.8,80,8,80,2.19509674364927,2,"Iowa, United States",US,USIA,,42.0046,-93.214,IA,4,"Beijing, Beijing, China",CH,CH22,13001,39.9289,116.388,-1898541,2,"Iowa, United States",US,USIA,,42.0046,-93.214,IA,20170628044500,Consult,Verbal cooperation
668660410,20170628,201706,USA,UNITED STATES,USA,,,,,,,,CHN,BEIJING,CHN,,,,,,,,1,043,043,04,1,2.8,8,1,8,0.0,1,Portugal,PO,PO,,39.5,-8.0,PO,4,"Delhi, Delhi, India",IN,IN07,17911,28.6667,77.2167,-2094230,4,"Delhi, Delhi, India",IN,IN07,17911,28.6667,77.2167,-2094230,20170628044500,Consult,Verbal cooperation
668660414,20170628,201706,USA,UNITED STATES,USA,,,,,,,,CHNGOV,CHINA,CHN,,,,,GOV,,,1,042,042,04,1,1.9,7,7,7,2.1251728844007,2,"Iowa, United States",US,USIA,,42.0046,-93.214,IA,4,"Renmin, Liaoning, China",CH,CH19,13182,40.7703,123.792,11215357,2,"Iowa, United States",US,USIA,,42.0046,-93.214,IA,20170628044500,Consult,Verbal cooperation
668660415,20170628,201706,USA,UNITED STATES,USA,,,,,,,,CHNGOV,CHINA,CHN,,,,,GOV,,,1,042,042,04,1,1.9,7,7,7,2.1251728844007,2,"Iowa, United States",US,USIA,,42.0046,-93.214,IA,1,North Korea,KN,KN,,40.0,127.0,KN,1,North Korea,KN,KN,,40.0,127.0,KN,20170628044500,Consult,Verbal cooperation
668664281,20170628,201706,USA,UNITED STATES,USA,,,,,,,,CHN,CHINA,CHN,,,,,,,,1,043,043,04,1,2.8,7,1,6,-0.699300699300701,3,"Traverse City, Michigan, United States",US,USMI,MI055,44.7631,-85.6206,1615042,1,China,CH,CH,,35.0,105.0,CH,1,China,CH,CH,,35.0,105.0,CH,20170628050000,Consult,Verbal cooperation
668668412,20170529,201705,CHN,CHINA,CHN,,,,,,,,USAMED,REUTERS,USA,,,,,MED,,,1,040,040,04,1,1.0,6,1,6,-1.09289617486339,1,Brazil,BR,BR,,-10.0,-55.0,BR,1,Brazil,BR,BR,,-10.0,-55.0,BR,1,Brazil,BR,BR,,-10.0,-55.0,BR,20170628053000,Consult,Verbal cooperation
668668417,20170529,201705,USAMED,REUTERS,USA,,,,,MED,,,CHN,CHINA,CHN,,,,,,,,1,040,040,04,1,1.0,6,1,6,-1.09289617486339,1,United States,US,US,,38.0,-97.0,US,1,China,CH,CH,,35.0,105.0,CH,1,United States,US,US,,38.0,-97.0,US,20170628053000,Consult,Verbal cooperation
668668924,20170628,201706,CHN,BEIJING,CHN,,,,,,,,USA,IOWA,USA,,,,,,,,1,010,010,01,1,0.0,8,1,8,3.60824742268041,4,"Renmin, Liaoning, China",CH,CH19,13182,40.7703,123.792,11215357,2,"Nebraska, United States",US,USNE,,41.1289,-98.2883,NE,2,"Nebraska, United States",US,USNE,,41.1289,-98.2883,NE,20170628053000,Make public statement,Verbal cooperation
668679378,20170628,201706,CHN,BEIJING,CHN,,,,,,,,USAGOV,US AMBASSADOR,USA,,,,,GOV,,,1,043,043,04,1,2.8,10,1,10,2.3121387283237,4,"Beijing, Beijing, China",CH,CH22,13001,39.9289,116.388,-1898541,4,"Beijing, Beijing, China",CH,CH22,13001,39.9289,116.388,-1898541,4,"Beijing, Beijing, China",CH,CH22,13001,39.9289,116.388,-1898541,20170628063000,Consult,Verbal cooperation
668680768,20170628,201706,USAGOV,US AMBASSADOR,USA,,,,,GOV,,,CHN,BEIJING,CHN,,,,,,,,1,042,042,04,1,1.9,6,1,6,2.3121387283237,4,"Renmin, Liaoning, China",CH,CH19,13182,40.7703,123.792,11215357,4,"Renmin, Liaoning, China",CH,CH19,13182,40.7703,123.792,11215357,4,"Renmin, Liaoning, China",CH,CH19,13182,40.7703,123.792,11215357,20170628063000,Consult,Verbal cooperation
668681323,20170628,201706,CHN,CANTON,CHN,,,,,,,,USA,NEW YORK,USA,,,,,,,,1,042,042,04,1,1.9,6,1,6,0.97442143727162,1,Hong Kong,HK,HK,,22.25,114.167,HK,2,"New York, United States",US,USNY,,42.1497,-74.9384,NY,4,"Paris, France (general), France",FR,FR00,16282,48.8667,2.33333,-1456928,20170628064500,Consult,Verbal cooperation
668681325,20170628,201706,CHN,TIBET,CHN,,,,,,,,USA,THE US,USA,,,,,,,,1,043,043,04,1,2.8,10,1,10,6.25,0,,,,,,,,0,,,,,,,,0,,,,,,,,20170628064500,Consult,Verbal cooperation
668682400,20170628,201706,USA,THE US,USA,,,,,,,,CHN,TIBET,CHN,,,,,,,,1,042,042,04,1,1.9,10,1,10,6.25,0,,,,,,,,0,,,,,,,,0,,,,,,,,20170628064500,Consult,Verbal cooperation
668682404,20170628,201706,USA,NEW YORK,USA,,,,,,,,CHN,CANTON,CHN,,,,,,,,1,043,043,04,1,2.8,6,1,6,0.97442143727162,2,"New York, United States",US,USNY,,42.1497,-74.9384,NY,1,Hong Kong,HK,HK,,22.25,114.167,HK,4,"Paris, France (general), France",FR,FR00,16282,48.8667,2.33333,-1456928,20170628064500,Consult,Verbal cooperation
668685807,20170628,201706,CHN,QINGDAO,CHN,,,,,,,,USA,THE US,USA,,,,,,,,1,090,090,09,2,-2.0,10,1,10,1.36986301369863,4,"Shandong, Jiangsu, China",CH,CH04,13151,32.9793,118.852,11415469,4,"Shandong, Jiangsu, China",CH,CH04,13151,32.9793,118.852,11415469,4,"Shandong, Jiangsu, China",CH,CH04,13151,32.9793,118.852,11415469,20170628070000,Investigate,Material cooperation
668687125,20170628,201706,USA,THE US,USA,,,,,,,,CHN,QINGDAO,CHN,,,,,,,,1,0862,086,08,2,9.0,10,1,10,1.36986301369863,4,"Shandong, Jiangsu, China",CH,CH04,13151,32.9793,118.852,11415469,4,"Qingdao, Shandong, China",CH,CH25,13226,36.0986,120.372,-1922199,4,"Shandong, Jiangsu, China",CH,CH04,13151,32.9793,118.852,11415469,20170628070000,Yield,Material cooperation
668689155,20170628,201706,CHN,BEIJING,CHN,,,,,,,,USA,IOWA,USA,,,,,,,,1,010,010,01,1,0.0,24,3,24,-1.40319480372598,4,"Beijing, Beijing, China",CH,CH22,13001,39.9289,116.388,-1898541,4,"Beijing, Beijing, China",CH,CH22,13001,39.9289,116.388,-1898541,4,"Beijing, Beijing, China",CH,CH22,13001,39.9289,116.388,-1898541,20170628071500,Make public statement,Verbal cooperation
668689156,20170628,201706,CHN,BEIJING,CHN,,,,,,,,USA,IOWA,USA,,,,,,,,1,010,010,01,1,0.0,9,3,9,-1.3863662937888,4,"Beijing, Beijing, China",CH,CH22,13001,39.9289,116.388,-1898541,2,"Iowa, United States",US,USIA,,42.0046,-93.214,IA,2,"Iowa, United States",US,USIA,,42.0046,-93.214,IA,20170628071500,Make public statement,Verbal cooperation
668696108,20170628,201706,CHN,BEIJING,CHN,,,,,,,,USAGOV,UNITED STATES,USA,,,,,GOV,,,1,040,040,04,1,1.0,8,1,8,4.10958904109589,4,"Beijing, Beijing, China",CH,CH22,13001,39.9289,116.388,-1898541,2,"Iowa, United States",US,USIA,,42.0046,-93.214,IA,4,"Beijing, Beijing, China",CH,CH22,13001,39.9289,116.388,-1898541,20170628080000,Consult,Verbal cooperation
668696109,20170628,201706,CHN,CHINA,CHN,,,,,,,,USAGOV,UNITED STATES,USA,,,,,GOV,,,1,043,043,04,1,2.8,8,1,8,4.10958904109589,4,"Beijing, Beijing, China",CH,CH22,13001,39.9289,116.388,-1898541,2,"Iowa, United States",US,USIA,,42.0046,-93.214,IA,4,"Beijing, Beijing, China",CH,CH22,13001,39.9289,116.388,-1898541,20170628080000,Consult,Verbal cooperation
668697780,20170628,201706,USAGOV,UNITED STATES,USA,,,,,GOV,,,CHN,BEIJING,CHN,,,,,,,,1,040,040,04,1,1.0,8,1,8,4.10958904109589,2,"Iowa, United States",US,USIA,,42.0046,-93.214,IA,4,"Beijing, Beijing, China",CH,CH22,13001,39.9289,116.388,-1898541,4,"Beijing, Beijing, China",CH,CH22,13001,39.9289,116.388,-1898541,20170628080000,Consult,Verbal cooperation
668697781,20170628,201706,USAGOV,UNITED STATES,USA,,,,,GOV,,,CHN,CHINA,CHN,,,,,,,,1,042,042,04,1,1.9,10,1,10,4.10958904109589,4,"Beijing, Beijing, China",CH,CH22,13001,39.9289,116.388,-1898541,4,"Beijing, Beijing, China",CH,CH22,13001,39.9289,116.388,-1898541,4,"Beijing, Beijing, China",CH,CH22,13001,39.9289,116.388,-1898541,20170628080000,Consult,Verbal cooperation
668707282,20170628,201706,CHN,CHINA,CHN,,,,,,,,USA,UNITED STATES,USA,,,,,,,,1,151,151,15,4,-7.2,10,1,10,-1.19047619047619,5,"Liaoning, Liaoning, China",CH,CH19,13186,41.0,123.0,-1914920,1,"Vietnam, Republic Of",VM,VM,,16.0,106.0,VM,5,"Liaoning, Liaoning, China",CH,CH19,13186,41.0,123.0,-1914920,20170628084500,Exhibit force posture,Material conflict
668707284,20170628,201706,CHN,CHINA,CHN,,,,,,,,USA,UNITED STATES,USA,,,,,,,,1,172,172,17,4,-5.0,6,1,6,-2.96774193548387,1,Vatican City,VT,VT,,41.9,12.45,VT,4,"Manama, Al Manamah, Bahrain",BA,BA02,25307,26.2361,50.5831,-784833,1,Vatican City,VT,VT,,41.9,12.45,VT,20170628084500,Coerce,Material conflict
668708635,20170628,201706,USA,IOWA,USA,,,,,,,,CHNGOV,CHINA,CHN,,,,,GOV,,,1,010,010,01,1,0.0,14,2,14,-1.33556919271205,4,"Beijing, Beijing, China",CH,CH22,13001,39.9289,116.388,-1898541,4,"Beijing, Beijing, China",CH,CH22,13001,39.9289,116.388,-1898541,4,"Beijing, Beijing, China",CH,CH22,13001,39.9289,116.388,-1898541,20170628084500,Make public statement,Verbal cooperation
668719019,20170628,201706,CHN,BEIJING,CHN,,,,,,,,USA,IOWA,USA,,,,,,,,1,010,010,01,1,0.0,9,1,9,-1.35717451477216,2,"Iowa, United States",US,USIA,,42.0046,-93.214,IA,3,"Des Moines, Iowa, United States",US,USIA,,41.6005,-93.6091,465961,3,"Des Moines, Iowa, United States",US,USIA,,41.6005,-93.6091,465961,20170628094500,Make public statement,Verbal cooperation
668719020,20170628,201706,CHN,BEIJING,CHN,,,,,,,,USA,IOWA,USA,,,,,,,,1,010,010,01,1,0.0,6,1,6,-1.35922330097087,2,"Iowa, United States",US,USIA,,42.0046,-93.214,IA,3,"Des Moines, Iowa, United States",US,USIA,,41.6005,-93.6091,465961,2,"Iowa, United States",US,USIA,,42.0046,-93.214,IA,20170628094500,Make public statement,Verbal cooperation
668719027,20170628,201706,CHN,CANTON,CHN,,,,,,,,USAJUD,OHIO,USA,,,,,JUD,,,1,040,040,04,1,1.0,6,2,6,-9.21985815602837,1,"Vietnam, Republic Of",VM,VM,,16.0,106.0,VM,1,"Vietnam, Republic Of",VM,VM,,16.0,106.0,VM,1,"Vietnam, Republic Of",VM,VM,,16.0,106.0,VM,20170628094500,Consult,Verbal cooperation
668720632,20170628,201706,USA,THE US,USA,,,,,,,,CHN,CHINA,CHN,,,,,,,,1,051,051,05,1,3.4,8,1,8,-1.86666666666666,4,"Beijing, Beijing, China",CH,CH22,13001,39.9289,116.388,-1898541,4,"Beijing, Beijing, China",CH,CH22,13001,39.9289,116.388,-1898541,4,"Nathu-La, India (general), India",IN,IN00,17862,27.4,88.8167,-2105882,20170628094500,Engage in diplomatic cooperation,Verbal cooperation
668723313,20170628,201706,CHN,BEIJING,CHN,,,,,,,,USA,IOWA,USA,,,,,,,,1,010,010,01,1,0.0,8,1,8,-1.89328743545612,3,"Gatesville, Texas, United States",US,USTX,TX099,31.4352,-97.7439,1357921,3,"Gatesville, Texas, United States",US,USTX,TX099,31.4352,-97.7439,1357921,3,"Gatesville, Texas, United States",US,USTX,TX099,31.4352,-97.7439,1357921,20170628101500,Make public statement,Verbal cooperation
668723315,20170628,201706,CHN,SIAN,CHN,,,,,,,,USA,UNITED STATES,USA,,,,,,,,1,042,042,04,1,1.9,10,1,10,-2.86677908937606,4,"Penang, Pulau Pinang, Malaysia",MY,MY09,37404,5.41123,100.335,-2403065,4,"Penang, Pulau Pinang, Malaysia",MY,MY09,37404,5.41123,100.335,-2403065,4,"Penang, Pulau Pinang, Malaysia",MY,MY09,37404,5.41123,100.335,-2403065,20170628101500,Consult,Verbal cooperation
668723317,20170628,201706,CHN,CHINA,CHN,,,,,,,,USA,UNITED STATES,USA,,,,,,,,1,172,172,17,4,-5.0,10,1,10,-6.1271676300578,4,"Manama, Al Manamah, Bahrain",BA,BA02,25307,26.2361,50.5831,-784833,4,"Manama, Al Manamah, Bahrain",BA,BA02,25307,26.2361,50.5831,-784833,4,"Manama, Al Manamah, Bahrain",BA,BA02,25307,26.2361,50.5831,-784833,20170628101500,Coerce,Material conflict
668725007,20170628,201706,USA,UNITED STATES,USA,,,,,,,,CHN,SIAN,CHN,,,,,,,,1,043,043,04,1,2.8,6,1,6,-2.86677908937606,1,United States,US,US,,38.0,-97.0,US,4,"Penang, Pulau Pinang, Malaysia",MY,MY09,37404,5.41123,100.335,-2403065,1,Australia,AS,AS,,-27.0,133.0,AS,20170628101500,Consult,Verbal cooperation
668729597,20170628,201706,USA,IOWA,USA,,,,,,,,CHNGOV,CHINA,CHN,,,,,GOV,,,1,010,010,01,1,0.0,8,1,8,-1.35135135135135,2,"Iowa, United States",US,USIA,,42.0046,-93.214,IA,3,"Des Moines, Iowa, United States",US,USIA,,41.6005,-93.6091,465961,3,"Des Moines, Iowa, United States",US,USIA,,41.6005,-93.6091,465961,20170628104500,Make public statement,Verbal cooperation
668730505,20170628,201706,CHN,CHINA,CHN,,,,,,,,USA,AMERICAN,USA,,,,,,,,1,0874,087,08,2,10.0,10,1,10,2.01863354037267,4,"Yili, Sichuan, China",CH,CH32,13003,30.7439,105.933,10326491,4,"Yili, Sichuan, China",CH,CH32,13003,30.7439,105.933,10326491,4,"Yili, Sichuan, China",CH,CH32,13003,30.7439,105.933,10326491,20170628110000,Yield,Material cooperation
668730506,20170628,201706,CHN,CHINA,CHN,,,,,,,,USA,AMERICAN,USA,,,,,,,,1,172,172,17,4,-5.0,6,1,6,3.63036303630363,1,China,CH,CH,,35.0,105.0,CH,2,"Oklahoma, United States",US,USOK,,35.5376,-96.9247,OK,1,China,CH,CH,,35.0,105.0,CH,20170628110000,Coerce,Material conflict
668732222,20170628,201706,USA,FLORIDA,USA,,,,,,,,CHN,CHINESE,CHN,,,,,,,,1,043,043,04,1,2.8,6,1,6,0.0,2,"Florida, United States",US,USFL,,27.8333,-81.717,FL,4,"Beijing, Beijing, China",CH,CH22,13001,39.9289,116.388,-1898541,2,"Florida, United States",US,USFL,,27.8333,-81.717,FL,20170628110000,Consult,Verbal cooperation
668732225,20170628,201706,USA,AMERICAN,USA,,,,,,,,CHN,CHINA,CHN,,,,,,,,1,172,172,17,4,-5.0,6,1,6,3.63036303630363,2,"Oklahoma, United States",US,USOK,,35.5376,-96.9247,OK,1,China,CH,CH,,35.0,105.0,CH,1,China,CH,CH,,35.0,105.0,CH,20170628110000,Coerce,Material conflict
668738449,20170628,201706,MNCCHNBUS,YINGLI GREEN ENERGY HOLDING,CHN,,,,,MNC,BUS,,MNCUSA,BANK OF AMERICA,USA,,,,,MNC,,,1,010,010,01,1,0.0,10,1,10,1.0,0,,,,,,,,0,,,,,,,,0,,,,,,,,20170628111500,Make public statement,Verbal cooperation
668739739,20170628,201706,CHN,CHINA,CHN,,,,,,,,USA,UNITED STATES,USA,,,,,,,,1,061,061,06,2,6.4,8,1,8,-0.45112781954887,4,"Pyongyang, P'yongyang-si, North Korea",KN,KN12,39681,39.0194,125.755,-183459,4,"Pyongyang, P'yongyang-si, North Korea",KN,KN12,39681,39.0194,125.755,-183459,4,"Pyongyang, P'yongyang-si, North Korea",KN,KN12,39681,39.0194,125.755,-183459,20170628113000,Engage in material cooperation,Material cooperation
668741653,20170628,201706,USAMED,REUTERS,USA,,,,,MED,,,CHN,CHINA,CHN,,,,,,,,1,030,030,03,1,4.0,10,1,10,-1.71821305841925,1,Hong Kong,HK,HK,,22.25,114.167,HK,1,Hong Kong,HK,HK,,22.25,114.167,HK,1,Hong Kong,HK,HK,,22.25,114.167,HK,20170628113000,Express intent to cooperate,Verbal cooperation
668741654,20170628,201706,USAMED,REUTERS,USA,,,,,MED,,,CHN,CHINA,CHN,,,,,,,,1,033,033,03,1,5.2,8,1,8,-1.71821305841925,4,"Hongqiao, Sichuan, China",CH,CH32,13003,31.0278,105.821,10327011,4,"Hongqiao, Sichuan, China",CH,CH32,13003,31.0278,105.821,10327011,4,"Hongqiao, Sichuan, China",CH,CH32,13003,31.0278,105.821,10327011,20170628113000,Express intent to cooperate,Verbal cooperation
668744167,20170628,201706,CHN,BEIJING,CHN,,,,,,,,USA,IOWA,USA,,,,,,,,1,010,010,01,1,0.0,6,1,6,-1.329534662868,3,"Des Moines, Iowa, United States",US,USIA,IA153,41.6005,-93.6091,465961,3,"Des Moines, Iowa, United States",US,USIA,,41.6005,-93.6091,465961,3,"Des Moines, Iowa, United States",US,USIA,,41.6005,-93.6091,465961,20170628114500,Make public statement,Verbal cooperation
668744168,20170628,201706,CHN,XIAMEN,CHN,,,,,,,,USA,LOS ANGELES,USA,,,,,,,,1,035,035,03,1,7.0,10,1,10,1.28755364806867,4,"Xiamen, Fujian, China",CH,CH07,13010,24.4798,118.082,-1931546,4,"Xiamen, Fujian, China",CH,CH07,13010,24.4798,118.082,-1931546,4,"Xiamen, Fujian, China",CH,CH07,13010,24.4798,118.082,-1931546,20170628114500,Express intent to cooperate,Verbal cooperation
668745221,20170628,201706,MNCUSA,DOW CHEMICAL COMPANY,USA,,,,,MNC,,,CHN,WEIFANG,CHN,,,,,,,,1,090,090,09,2,-2.0,6,1,6,0.92764378478664,3,"Dallas, Texas, United States",US,USTX,TX113,32.7831,-96.8067,1380944,3,"Dallas, Texas, United States",US,USTX,TX113,32.7831,-96.8067,1380944,3,"Dallas, Texas, United States",US,USTX,TX113,32.7831,-96.8067,1380944,20170628114500,Investigate,Material cooperation
668755458,20170628,201706,CHN,BEIJING,CHN,,,,,,,,USA,THE US,USA,,,,,,,,1,050,050,05,1,3.5,6,1,6,-0.46583850931677,1,Pakistan,PK,PK,,30.0,70.0,PK,1,Sri Lanka,CE,CE,,7.0,81.0,CE,1,Nepal,NP,NP,,28.0,84.0,NP,20170628124500,Engage in diplomatic cooperation,Verbal cooperation
668765180,20170628,201706,CHN,CHINESE,CHN,,,,,,,,USA,DETROIT,USA,,,,,,,,1,042,042,04,1,1.9,10,1,10,1.05820105820106,4,"Shanghai, Shanghai, China",CH,CH23,13243,31.2222,121.458,-1924465,4,"Shanghai, Shanghai, China",CH,CH23,13243,31.2222,121.458,-1924465,4,"Shanghai, Shanghai, China",CH,CH23,13243,31.2222,121.458,-1924465,20170628133000,Consult,Verbal cooperation
668766595,20170628,201706,MNCUSAMED,GOOGLE,USA,,,,,MNC,MED,,CHN,CHINA,CHN,,,,,,,,1,051,051,05,1,3.4,10,1,10,0.25062656641604,1,China,CH,CH,,35.0,105.0,CH,1,China,CH,CH,,35.0,105.0,CH,1,China,CH,CH,,35.0,105.0,CH,20170628133000,Engage in diplomatic cooperation,Verbal cooperation
668767329,20170628,201706,USA,DETROIT,USA,,,,,,,,CHN,CHINESE,CHN,,,,,,,,1,043,043,04,1,2.8,10,1,10,1.05820105820106,4,"Shanghai, Shanghai, China",CH,CH23,13243,31.2222,121.458,-1924465,4,"Shanghai, Shanghai, China",CH,CH23,13243,31.2222,121.458,-1924465,4,"Shanghai, Shanghai, China",CH,CH23,13243,31.2222,121.458,-1924465,20170628133000,Consult,Verbal cooperation
668767595,20170628,201706,USAENV,WASHINGTON,USA,,,,,ENV,,,CHN,CHINA,CHN,,,,,,,,1,061,061,06,2,6.4,8,1,8,-5.37634408602151,3,"Washington, District of Columbia, United States",US,USDC,DC001,38.8951,-77.0364,531871,1,China,CH,CH,,35.0,105.0,CH,2,"Oregon, United States",US,USOR,,44.5672,-122.127,OR,20170628133000,Engage in material cooperation,Material cooperation
668770770,20170628,201706,CHN,CHINA,CHN,,,,,,,,USA,UNITED STATES,USA,,,,,,,,1,043,043,04,1,2.8,12,1,6,-0.81081081081081,4,"Beijing, Beijing, China",CH,CH22,13001,39.9289,116.388,-1898541,3,"Cedar Lake, Iowa, United States",US,USIA,,41.9911,-91.6683,455247,4,"Beijing, Beijing, China",CH,CH22,13001,39.9289,116.388,-1898541,20170628140000,Consult,Verbal cooperation
668770772,20170628,201706,CHN,CHINA,CHN,,,,,,,,USA,UNITED STATES,USA,,,,,,,,1,172,172,17,4,-5.0,10,1,10,-3.33333333333333,1,United Kingdom,UK,UK,,54.0,-2.0,UK,1,United Kingdom,UK,UK,,54.0,-2.0,UK,1,United Kingdom,UK,UK,,54.0,-2.0,UK,20170628140000,Coerce,Material conflict
668772787,20170628,201706,USA,UNITED STATES,USA,,,,,,,,CHN,CHINA,CHN,,,,,,,,1,042,042,04,1,1.9,10,1,6,-0.81081081081081,3,"Cedar Lake, Iowa, United States",US,USIA,IA113,41.9911,-91.6683,455247,4,"Beijing, Beijing, China",CH,CH22,13001,39.9289,116.388,-1898541,4,"Beijing, Beijing, China",CH,CH22,13001,39.9289,116.388,-1898541,20170628140000,Consult,Verbal cooperation
668785414,20170628,201706,CHN,SHANGHAI,CHN,,,,,,,,USA,NEW YORK,USA,,,,,,,,1,042,042,04,1,1.9,25,1,25,0.951257694812712,4,"Shanghai, Shanghai, China",CH,CH23,13243,31.2222,121.458,-1924465,2,"New York, United States",US,USNY,,42.1497,-74.9384,NY,4,"Shanghai, Shanghai, China",CH,CH23,13243,31.2222,121.458,-1924465,20170628144500,Consult,Verbal cooperation
668786667,20170628,201706,MNCUSA,BLACKROCK,USA,,,,,MNC,,,CHN,CHINESE,CHN,,,,,,,,1,014,014,01,1,0.0,10,1,10,0.0,4,"Dalian, Liaoning, China",CH,CH19,13327,38.9122,121.602,-1901835,4,"Dalian, Liaoning, China",CH,CH19,13327,38.9122,121.602,-1901835,4,"Dalian, Liaoning, China",CH,CH19,13327,38.9122,121.602,-1901835,20170628144500,Make public statement,Verbal cooperation
668787482,20170628,201706,USAMED,REUTERS,USA,,,,,MED,,,CHN,CHINESE,CHN,,,,,,,,1,141,141,14,3,-6.5,8,1,8,-2.47787610619469,1,Hong Kong,HK,HK,,22.25,114.167,HK,1,China,CH,CH,,35.0,105.0,CH,1,Hong Kong,HK,HK,,22.25,114.167,HK,20170628144500,Protest,Verbal conflict
668792236,20170628,201706,USA,WASHINGTON,USA,,,,,,,,CHN,CANTON,CHN,,,,,,,,1,036,036,03,1,4.0,6,1,6,3.99079048349961,2,"Washington, United States",US,USWA,,47.3917,-121.571,WA,1,China,CH,CH,,35.0,105.0,CH,2,"Washington, United States",US,USWA,,47.3917,-121.571,WA,20170628151500,Express intent to cooperate,Verbal cooperation
668792237,20170628,201706,USA,THE US,USA,,,,,,,,CHN,CHINA,CHN,,,,,,,,1,051,051,05,1,3.4,8,1,8,-3.59947643979057,4,"New Delhi, Delhi, India",IN,IN07,17911,28.6,77.2,-2106102,4,"New Delhi, Delhi, India",IN,IN07,17911,28.6,77.2,-2106102,4,"Beijing, Beijing, China",CH,CH22,13001,39.9289,116.388,-1898541,20170628151500,Engage in diplomatic cooperation,Verbal cooperation
668794380,20160628,201606,CHN,CHINA,CHN,,,,,,,,USA,UNITED STATES,USA,,,,,,,,1,192,192,19,4,-9.5,6,1,6,1.0989010989011,1,China,CH,CH,,35.0,105.0,CH,1,United States,US,US,,38.0,-97.0,US,1,China,CH,CH,,35.0,105.0,CH,20170628154500,Fight,Material conflict
668795129,20170628,201706,CHN,SHANGHAI,CHN,,,,,,,,USA,CALIFORNIA,USA,,,,,,,,1,043,043,04,1,2.8,7,1,7,2.82685512367491,4,"Shanghai, Shanghai, China",CH,CH23,13243,31.2222,121.458,-1924465,2,"California, United States",US,USCA,,36.17,-119.746,CA,4,"Shanghai, Shanghai, China",CH,CH23,13243,31.2222,121.458,-1924465,20170628154500,Consult,Verbal cooperation
668795131,20170628,201706,CHN,CHINA,CHN,,,,,,,,USAGOV,BARACK OBAMA,USA,,,,,GOV,,,1,070,070,07,2,7.0,8,1,8,-2.16110019646366,4,"Beijing, Beijing, China",CH,CH22,13001,39.9289,116.388,-1898541,4,"New Delhi, Delhi, India",IN,IN07,17911,28.6,77.2,-2106102,4,"New Delhi, Delhi, India",IN,IN07,17911,28.6,77.2,-2106102,20170628154500,Provide aid,Material cooperation
668797750,20170628,201706,USA,CALIFORNIA,USA,,,,,,,,CHN,SHANGHAI,CHN,,,,,,,,1,042,042,04,1,1.9,7,1,7,2.82685512367491,2,"California, United States",US,USCA,,36.17,-119.746,CA,4,"Shanghai, Shanghai, China",CH,CH23,13243,31.2222,121.458,-1924465,4,"Shanghai, Shanghai, China",CH,CH23,13243,31.2222,121.458,-1924465,20170628154500,Consult,Verbal cooperation
668803370,20170628,201706,USAMED,REUTERS,USA,,,,,MED,,,CHN,CHINA,CHN,,,,,,,,1,010,010,01,1,0.0,6,1,6,-2.05882352941176,1,United States,US,US,,38.0,-97.0,US,1,Japan,JA,JA,,36.0,138.0,JA,1,United States,US,US,,38.0,-97.0,US,20170628160000,Make public statement,Verbal cooperation
668812594,20170628,201706,MNCUSAHLH,PFIZER,USA,,,,,MNC,HLH,,CHN,CHINA,CHN,,,,,,,,1,0311,031,03,1,5.2,10,1,10,0.0954198473282499,3,"Chicago, Illinois, United States",US,USIL,IL031,41.85,-87.6501,423587,3,"Chicago, Illinois, United States",US,USIL,IL031,41.85,-87.6501,423587,3,"Chicago, Illinois, United States",US,USIL,IL031,41.85,-87.6501,423587,20170628163000,Express intent to cooperate,Verbal cooperation
668813561,20170628,201706,USA,NEBRASKA,USA,,,,,,,,CHN,CHINA,CHN,,,,,,,,1,042,042,04,1,1.9,6,1,6,4.8,4,"Shanhai, Shanghai, China",CH,CH23,13243,31.1402,121.064,11115274,4,"Shanhai, Shanghai, China",CH,CH23,13243,31.1402,121.064,11115274,4,"Shanhai, Shanghai, China",CH,CH23,13243,31.1402,121.064,11115274,20170628163000,Consult,Verbal cooperation
668818758,20170628,201706,USA,UNITED STATES,USA,,,,,,,,CHN,CHINA,CHN,,,,,,,,1,061,061,06,2,6.4,6,1,6,-0.59523809523809,4,"Beijing, Beijing, China",CH,CH22,13001,39.9289,116.388,-1898541,4,"Beijing, Beijing, China",CH,CH22,13001,39.9289,116.388,-1898541,4,"Beijing, Beijing, China",CH,CH22,13001,39.9289,116.388,-1898541,20170628164500,Engage in material cooperation,Material cooperation
668821934,20170628,201706,CHN,CHINA,CHN,,,,,,,,USA,ILLINOIS,USA,,,,,,,,1,042,042,04,1,1.9,6,1,6,-2.25806451612903,3,"Champaign County, Illinois, United States",US,USIL,IL019,40.1334,-88.2001,424211,3,"Champaign County, Illinois, United States",US,USIL,,40.1334,-88.2001,424211,3,"University Of Illinois, Illinois, United States",US,USIL,,40.1086,-88.2284,420156,20170628174500,Consult,Verbal cooperation
668824609,20170628,201706,USA,ILLINOIS,USA,,,,,,,,CHN,CHINA,CHN,,,,,,,,1,043,043,04,1,2.8,6,1,6,-2.25806451612903,2,"Illinois, United States",US,USIL,,40.3363,-89.0022,IL,4,"Nanping, Henan, China",CH,CH09,13111,33.6497,112.298,10539714,2,"Illinois, United States",US,USIL,,40.3363,-89.0022,IL,20170628174500,Consult,Verbal cooperation
668827846,20170628,201706,CHN,CHINA,CHN,,,,,,,,MNCUSAMED,GOOGLE,USA,,,,,MNC,MED,,1,010,010,01,1,0.0,10,1,10,1.8348623853211,0,,,,,,,,0,,,,,,,,0,,,,,,,,20170628181500,Make public statement,Verbal cooperation
668838299,20170628,201706,CHN,CHINA,CHN,,,,,,,,USA,NEBRASKA,USA,,,,,,,,1,042,042,04,1,1.9,8,1,8,3.2,2,"Nebraska, United States",US,USNE,,41.1289,-98.2883,NE,2,"Nebraska, United States",US,USNE,,41.1289,-98.2883,NE,2,"Nebraska, United States",US,USNE,,41.1289,-98.2883,NE,20170628190000,Consult,Verbal cooperation
668838301,20170628,201706,CHN,CHINA,CHN,,,,,,,,USAGOV,OBAMA,USA,,,,,GOV,,,1,013,013,01,1,0.4,8,1,8,-2.43605359317905,4,"Hangzhou, Zhejiang, China",CH,CH02,13319,30.2553,120.169,-1908366,4,"Hangzhou, Zhejiang, China",CH,CH02,13319,30.2553,120.169,-1908366,4,"Hangzhou, Zhejiang, China",CH,CH02,13319,30.2553,120.169,-1908366,20170628190000,Make public statement,Verbal cooperation
668840346,20170628,201706,USA,NEBRASKA,USA,,,,,,,,CHN,CHINA,CHN,,,,,,,,1,043,043,04,1,2.8,10,1,10,3.2,2,"Nebraska, United States",US,USNE,,41.1289,-98.2883,NE,4,"Beijing, Beijing, China",CH,CH22,13001,39.9289,116.388,-1898541,4,"Beijing, Beijing, China",CH,CH22,13001,39.9289,116.388,-1898541,20170628190000,Consult,Verbal cooperation
668851631,20170628,201706,CHN,CHINA,CHN,,,,,,,,USA,UNITED STATES,USA,,,,,,,,1,046,046,04,1,7.0,8,4,8,-1.90263189574744,4,"Seoul, Soul-t'ukpyolsi, South Korea",KS,KS11,24984,37.5664,127.0,-716583,4,"Seoul, Soul-t'ukpyolsi, South Korea",KS,KS11,24984,37.5664,127.0,-716583,4,"Chosin, Hamgyong-namdo, North Korea",KN,KN03,39556,40.4983,127.202,-172608,20170628194500,Consult,Verbal cooperation
668851632,20170628,201706,CHN,CHINA,CHN,,,,,,,,USA,UNITED STATES,USA,,,,,,,,1,046,046,04,1,7.0,16,3,16,-1.83340671810933,4,"Seoul, Soul-t'ukpyolsi, South Korea",KS,KS11,24984,37.5664,127.0,-716583,4,"Seoul, Soul-t'ukpyolsi, South Korea",KS,KS11,24984,37.5664,127.0,-716583,4,"Seoul, Soul-t'ukpyolsi, South Korea",KS,KS11,24984,37.5664,127.0,-716583,20170628194500,Consult,Verbal cooperation
668851634,20170628,201706,CHN,CHINA,CHN,,,,,,,,USA,UNITED STATES,USA,,,,,,,,1,046,046,04,1,7.0,10,5,10,-1.89328455589926,3,"White House, District of Columbia, United States",US,USDC,,38.8951,-77.0364,531871,3,"White House, District of Columbia, United States",US,USDC,,38.8951,-77.0364,531871,4,"Chosin, Hamgyong-namdo, North Korea",KN,KN03,39556,40.4983,127.202,-172608,20170628194500,Consult,Verbal cooperation
668851636,20170628,201706,CHN,CHINA,CHN,,,,,,,,USA,UNITED STATES,USA,,,,,,,,1,046,046,04,1,7.0,32,6,32,-1.88787206700018,3,"White House, District of Columbia, United States",US,USDC,,38.8951,-77.0364,531871,3,"White House, District of Columbia, United States",US,USDC,,38.8951,-77.0364,531871,3,"White House, District of Columbia, United States",US,USDC,,38.8951,-77.0364,531871,20170628194500,Consult,Verbal cooperation
668851637,20170628,201706,CHN,CHINA,CHN,,,,,,,,USA,UNITED STATES,USA,,,,,,,,1,050,050,05,1,3.5,16,7,16,-1.84184650066073,4,"Chosin, Hamgyong-namdo, North Korea",KN,KN03,39556,40.4983,127.202,-172608,4,"Chosin, Hamgyong-namdo, North Korea",KN,KN03,39556,40.4983,127.202,-172608,4,"Chosin, Hamgyong-namdo, North Korea",KN,KN03,39556,40.4983,127.202,-172608,20170628194500,Engage in diplomatic cooperation,Verbal cooperation
668851638,20170628,201706,CHN,CHINA,CHN,,,,,,,,USA,UNITED STATES,USA,,,,,,,,1,050,050,05,1,3.5,18,8,18,-1.83793963764442,4,"Chosin, Hamgyong-namdo, North Korea",KN,KN03,39556,40.4983,127.202,-172608,3,"White House, District of Columbia, United States",US,USDC,,38.8951,-77.0364,531871,3,"White House, District of Columbia, United States",US,USDC,,38.8951,-77.0364,531871,20170628194500,Engage in diplomatic cooperation,Verbal cooperation
668851639,20170628,201706,CHN,CHINA,CHN,,,,,,,,USA,UNITED STATES,USA,,,,,,,,1,050,050,05,1,3.5,54,8,54,-1.83793963764442,4,"Beijing, Beijing, China",CH,CH22,13001,39.9289,116.388,-1898541,3,"White House, District of Columbia, United States",US,USDC,,38.8951,-77.0364,531871,3,"White House, District of Columbia, United States",US,USDC,,38.8951,-77.0364,531871,20170628194500,Engage in diplomatic cooperation,Verbal cooperation
668853620,20170628,201706,USA,UNITED STATES,USA,,,,,,,,CHN,CHINA,CHN,,,,,,,,1,050,050,05,1,3.5,16,7,16,-1.84184650066073,4,"Chosin, Hamgyong-namdo, North Korea",KN,KN03,39556,40.4983,127.202,-172608,4,"Chosin, Hamgyong-namdo, North Korea",KN,KN03,39556,40.4983,127.202,-172608,4,"Chosin, Hamgyong-namdo, North Korea",KN,KN03,39556,40.4983,127.202,-172608,20170628194500,Engage in diplomatic cooperation,Verbal cooperation
668853621,20170628,201706,USA,UNITED STATES,USA,,,,,,,,CHN,CHINA,CHN,,,,,,,,1,050,050,05,1,3.5,18,8,18,-1.83793963764442,3,"White House, District of Columbia, United States",US,USDC,,38.8951,-77.0364,531871,4,"Chosin, Hamgyong-namdo, North Korea",KN,KN03,39556,40.4983,127.202,-172608,3,"White House, District of Columbia, United States",US,USDC,,38.8951,-77.0364,531871,20170628194500,Engage in diplomatic cooperation,Verbal cooperation
668857568,20170628,201706,MNCUSAMED,QUALCOMM,USA,,,,,MNC,MED,,CHN,CHINESE,CHN,,,,,,,,1,141,141,14,3,-6.5,10,1,10,2.29007633587786,4,"Shanghai, Shanghai, China",CH,CH23,13243,31.2222,121.458,-1924465,4,"Shanghai, Shanghai, China",CH,CH23,13243,31.2222,121.458,-1924465,4,"Shanghai, Shanghai, China",CH,CH23,13243,31.2222,121.458,-1924465,20170628203000,Protest,Verbal conflict
668861294,20170628,201706,CHN,CHINA,CHN,,,,,,,,USA,THE US,USA,,,,,,,,1,042,042,04,1,1.9,8,1,8,-0.58997050147493,1,China,CH,CH,,35.0,105.0,CH,4,"Malabar, Kerala, India",IN,IN13,17699,9.96667,76.2333,-2093645,4,"Malabar, Kerala, India",IN,IN13,17699,9.96667,76.2333,-2093645,20170628210000,Consult,Verbal cooperation
668861295,20170628,201706,CHNCHR,CANTON,CHN,,,CHR,,,,,USA,OHIO,USA,,,,,,,,1,043,043,04,1,2.8,6,1,6,9.02255639097744,1,China,CH,CH,,35.0,105.0,CH,1,China,CH,CH,,35.0,105.0,CH,1,China,CH,CH,,35.0,105.0,CH,20170628210000,Consult,Verbal cooperation
668863491,20170628,201706,USA,THE US,USA,,,,,,,,CHN,CHINA,CHN,,,,,,,,1,043,043,04,1,2.8,8,1,8,-0.58997050147493,4,"Malabar, Kerala, India",IN,IN13,17699,9.96667,76.2333,-2093645,1,China,CH,CH,,35.0,105.0,CH,4,"Malabar, Kerala, India",IN,IN13,17699,9.96667,76.2333,-2093645,20170628210000,Consult,Verbal cooperation
668863492,20170628,201706,USA,OHIO,USA,,,,,,,,CHNCHR,CANTON,CHN,,,CHR,,,,,1,042,042,04,1,1.9,6,1,6,9.02255639097744,1,China,CH,CH,,35.0,105.0,CH,1,China,CH,CH,,35.0,105.0,CH,1,China,CH,CH,,35.0,105.0,CH,20170628210000,Consult,Verbal cooperation
668864600,20170628,201706,CHN,BEIJING,CHN,,,,,,,,USA,NEW YORK,USA,,,,,,,,1,043,043,04,1,2.8,8,1,8,1.22362869198313,4,"Beijing, Beijing, China",CH,CH22,13001,39.9289,116.388,-1898541,2,"New York, United States",US,USNY,,42.1497,-74.9384,NY,2,"New York, United States",US,USNY,,42.1497,-74.9384,NY,20170628213000,Consult,Verbal cooperation
668867551,20170628,201706,CHN,CHINA,CHN,,,,,,,,USA,UNITED STATES,USA,,,,,,,,1,046,046,04,1,7.0,8,1,8,-1.52542372881356,4,"Seoul, Soul-t'ukpyolsi, South Korea",KS,KS11,24984,37.5664,127.0,-716583,4,"Chosin, Hamgyong-namdo, North Korea",KN,KN03,39556,40.4983,127.202,-172608,4,"Chosin, Hamgyong-namdo, North Korea",KN,KN03,39556,40.4983,127.202,-172608,20170628220000,Consult,Verbal cooperation
668868667,20170628,201706,MNCCHNMED,CHINA MOBILE,CHN,,,,,MNC,MED,,USA,NEW JERSEY,USA,,,,,,,,1,010,010,01,1,0.0,10,1,10,-0.77720207253886,4,"Shanghai, Shanghai, China",CH,CH23,13243,31.2222,121.458,-1924465,4,"Shanghai, Shanghai, China",CH,CH23,13243,31.2222,121.458,-1924465,4,"Shanghai, Shanghai, China",CH,CH23,13243,31.2222,121.458,-1924465,20170628220000,Make public statement,Verbal cooperation
668868669,20170628,201706,MNCCHNMED,CHINA MOBILE,CHN,,,,,MNC,MED,,USA,NEW JERSEY,USA,,,,,,,,1,042,042,04,1,1.9,8,1,8,-0.77720207253886,4,"Shenzhen, Guangdong, China",CH,CH30,13036,22.2,111.117,-1925267,2,"New Jersey, United States",US,USNJ,,40.314,-74.5089,NJ,1,Hong Kong,HK,HK,,22.25,114.167,HK,20170628220000,Consult,Verbal cooperation
668869457,20170628,201706,USA,NEW JERSEY,USA,,,,,,,,MNCCHNMED,CHINA MOBILE,CHN,,,,,MNC,MED,,1,043,043,04,1,2.8,8,1,8,-0.77720207253886,2,"New Jersey, United States",US,USNJ,,40.314,-74.5089,NJ,4,"Shenzhen, Guangdong, China",CH,CH30,13036,22.2,111.117,-1925267,1,Hong Kong,HK,HK,,22.25,114.167,HK,20170628220000,Consult,Verbal cooperation
668876426,20170628,201706,CHN,CHINA,CHN,,,,,,,,USA,HOUSTON,USA,,,,,,,,1,173,173,17,4,-5.0,6,1,6,-5.67375886524822,5,"Guangxi, Guangxi, China",CH,CH16,13062,24.0,109.0,-1907151,5,"Guangxi, Guangxi, China",CH,CH16,13062,24.0,109.0,-1907151,5,"Guangxi, Guangxi, China",CH,CH16,13062,24.0,109.0,-1907151,20170628230000,Coerce,Material conflict
668877963,20170628,201706,USA,HOUSTON,USA,,,,,,,,CHN,CHINA,CHN,,,,,,,,1,051,051,05,1,3.4,8,1,8,-5.67375886524822,3,"Houston, Texas, United States",US,USTX,TX201,29.7633,-95.3633,1380948,4,"Beijing, Beijing, China",CH,CH22,13001,39.9289,116.388,-1898541,4,"Beijing, Beijing, China",CH,CH22,13001,39.9289,116.388,-1898541,20170628230000,Engage in diplomatic cooperation,Verbal cooperation
668877964,20170628,201706,USA,HOUSTON,USA,,,,,,,,CHN,CHINA,CHN,,,,,,,,1,090,090,09,2,-2.0,6,1,6,-5.67375886524822,3,"Houston, Texas, United States",US,USTX,TX201,29.7633,-95.3633,1380948,4,"Beijing, Beijing, China",CH,CH22,13001,39.9289,116.388,-1898541,4,"Beijing, Beijing, China",CH,CH22,13001,39.9289,116.388,-1898541,20170628230000,Investigate,Material cooperation
668878485,20170529,201705,USAMED,REUTERS,USA,,,,,MED,,,CHN,CHINESE,CHN,,,,,,,,1,090,090,09,2,-2.0,8,1,8,-6.98365527488855,4,"Beijing, Beijing, China",CH,CH22,13001,39.9289,116.388,-1898541,4,"Beijing, Beijing, China",CH,CH22,13001,39.9289,116.388,-1898541,4,"Beijing, Beijing, China",CH,CH22,13001,39.9289,116.388,-1898541,20170628233000,Investigate,Material cooperation
668880672,20170628,201706,USA,MAINE,USA,,,,,,,,CHN,CHINA,CHN,,,,,,,,1,061,061,06,2,6.4,7,1,7,-1.47058823529412,2,"Maine, United States",US,USME,,44.6074,-69.3977,ME,1,China,CH,CH,,35.0,105.0,CH,1,China,CH,CH,,35.0,105.0,CH,20170628233000,Engage in material cooperation,Material cooperation
668880673,20170628,201706,USA,MAINE,USA,,,,,,,,CHN,CHINA,CHN,,,,,,,,1,061,061,06,2,6.4,8,1,8,-1.47058823529412,2,"Maine, United States",US,USME,,44.6074,-69.3977,ME,2,"Maine, United States",US,USME,,44.6074,-69.3977,ME,2,"Maine, United States",US,USME,,44.6074,-69.3977,ME,20170628233000,Engage in material cooperation,Material cooperation
668892737,20170629,201706,CHN,XIAMEN,CHN,,,,,,,,USA,LOS ANGELES,USA,,,,,,,,1,042,042,04,1,1.9,8,1,8,0.485436893203884,4,"Xiamen, Fujian, China",CH,CH07,13010,24.4798,118.082,-1931546,4,"Xiamen, Fujian, China",CH,CH07,13010,24.4798,118.082,-1931546,4,"Xiamen, Fujian, China",CH,CH07,13010,24.4798,118.082,-1931546,20170629003000,Consult,Verbal cooperation
668892742,20170629,201706,CHN,CHINA,CHN,,,,,,,,USA,UNITED STATES,USA,,,,,,,,1,172,172,17,4,-5.0,10,1,10,-3.6697247706422,1,China,CH,CH,,35.0,105.0,CH,1,China,CH,CH,,35.0,105.0,CH,1,China,CH,CH,,35.0,105.0,CH,20170629003000,Coerce,Material conflict
668892755,20170629,201706,CHNGOV,CHINESE,CHN,,,,,GOV,,,USAGOV,IOWA,USA,,,,,GOV,,,1,040,040,04,1,1.0,9,2,6,0.765266368351923,4,"Beijing, Beijing, China",CH,CH22,13001,39.9289,116.388,-1898541,2,"Iowa, United States",US,USIA,,42.0046,-93.214,IA,4,"Beijing, Beijing, China",CH,CH22,13001,39.9289,116.388,-1898541,20170629003000,Consult,Verbal cooperation
668895113,20170629,201706,USA,LOS ANGELES,USA,,,,,,,,CHN,XIAMEN,CHN,,,,,,,,1,043,043,04,1,2.8,8,1,8,0.485436893203884,5,"Fujian, Fujian, China",CH,CH07,13011,26.545,117.843,-1905684,4,"Xiamen, Fujian, China",CH,CH07,13010,24.4798,118.082,-1931546,4,"Xiamen, Fujian, China",CH,CH07,13010,24.4798,118.082,-1931546,20170629003000,Consult,Verbal cooperation
668908173,20170629,201706,CHN,CHINA,CHN,,,,,,,,USA,UNITED STATES,USA,,,,,,,,1,046,046,04,1,7.0,6,1,6,-1.89944134078213,3,"White House, District of Columbia, United States",US,USDC,,38.8951,-77.0364,531871,3,"White House, District of Columbia, United States",US,USDC,,38.8951,-77.0364,531871,3,"White House, District of Columbia, United States",US,USDC,,38.8951,-77.0364,531871,20170629013000,Consult,Verbal cooperation
668913308,20170629,201706,CHN,BEIJING,CHN,,,,,,,,USA,UNITED STATES,USA,,,,,,,,1,020,020,02,1,3.0,8,1,8,3.30882352941177,4,"Shanghai, Shanghai, China",CH,CH23,13243,31.2222,121.458,-1924465,4,"Shanghai, Shanghai, China",CH,CH23,13243,31.2222,121.458,-1924465,4,"Shanghai, Shanghai, China",CH,CH23,13243,31.2222,121.458,-1924465,20170629014500,Appeal,Verbal cooperation
668913311,20170629,201706,CHN,GUANGDONG,CHN,,,,,,,,USA,UNITED STATES,USA,,,,,,,,1,040,040,04,1,1.0,6,1,6,0.0,4,"Guangdong, Jilin, China",CH,CH05,13176,42.7683,129.336,10884162,1,United States,US,US,,38.0,-97.0,US,4,"Guangdong, Jilin, China",CH,CH05,13176,42.7683,129.336,10884162,20170629014500,Consult,Verbal cooperation
668914487,20170629,201706,MNCUSAMED,GOOGLE,USA,,,,,MNC,MED,,CHN,BEIJING,CHN,,,,,,,,1,090,090,09,2,-2.0,10,1,10,-3.2967032967033,4,"Xinjiang, Jiangxi, China",CH,CH03,13167,27.7481,116.274,11065838,4,"Xinjiang, Jiangxi, China",CH,CH03,13167,27.7481,116.274,11065838,4,"Xinjiang, Jiangxi, China",CH,CH03,13167,27.7481,116.274,11065838,20170629014500,Investigate,Material cooperation
668915110,20170629,201706,USA,UNITED STATES,USA,,,,,,,,CHN,CHINA,CHN,,,,,,,,1,036,036,03,1,4.0,6,1,6,1.33843212237094,3,"White House, District of Columbia, United States",US,USDC,,38.8951,-77.0364,531871,1,China,CH,CH,,35.0,105.0,CH,1,China,CH,CH,,35.0,105.0,CH,20170629014500,Express intent to cooperate,Verbal cooperation
668915114,20170629,201706,USA,UNITED STATES,USA,,,,,,,,CHN,GUANGDONG,CHN,,,,,,,,1,040,040,04,1,1.0,6,1,6,0.0,1,United States,US,US,,38.0,-97.0,US,4,"Guangdong, Jilin, China",CH,CH05,13176,42.7683,129.336,10884162,4,"Guangdong, Jilin, China",CH,CH05,13176,42.7683,129.336,10884162,20170629014500,Consult,Verbal cooperation
668915122,20170629,201706,USA,NEW YORK,USA,,,,,,,,CHN,CHINA,CHN,,,,,,,,1,173,173,17,4,-5.0,10,1,10,-7.2192513368984,3,"White House, District of Columbia, United States",US,USDC,,38.8951,-77.0364,531871,3,"White House, District of Columbia, United States",US,USDC,,38.8951,-77.0364,531871,3,"White House, District of Columbia, United States",US,USDC,,38.8951,-77.0364,531871,20170629014500,Coerce,Material conflict
668920538,20170629,201706,CHN,BEIJING,CHN,,,,,,,,USA,IOWA,USA,,,,,,,,1,010,010,01,1,0.0,8,1,8,-0.13586956521739,4,"Beijing, Beijing, China",CH,CH22,13001,39.9289,116.388,-1898541,4,"Beijing, Beijing, China",CH,CH22,13001,39.9289,116.388,-1898541,4,"Beijing, Beijing, China",CH,CH22,13001,39.9289,116.388,-1898541,20170629024500,Make public statement,Verbal cooperation
668920542,20170629,201706,CHN,CHINA,CHN,,,,,,,,USA,UNITED STATES,USA,,,,,,,,1,043,043,04,1,2.8,6,1,6,-4.21686746987952,1,China,CH,CH,,35.0,105.0,CH,3,"Morgantown, West Virginia, United States",US,USWV,WV061,39.6295,-79.9559,1555161,1,China,CH,CH,,35.0,105.0,CH,20170629024500,Consult,Verbal cooperation
668922676,20170629,201706,USA,UNITED STATES,USA,,,,,,,,CHN,CHINA,CHN,,,,,,,,1,042,042,04,1,1.9,6,1,6,-4.21686746987952,1,China,CH,CH,,35.0,105.0,CH,1,China,CH,CH,,35.0,105.0,CH,1,China,CH,CH,,35.0,105.0,CH,20170629024500,Consult,Verbal cooperation
668925600,20160629,201606,CHN,CHINA,CHN,,,,,,,,USA,THE US,USA,,,,,,,,1,060,060,06,2,6.0,10,2,10,0.326745466870022,1,China,CH,CH,,35.0,105.0,CH,1,China,CH,CH,,35.0,105.0,CH,1,China,CH,CH,,35.0,105.0,CH,20170629041500,Engage in material cooperation,Material cooperation
668925602,20160629,201606,CHN,CHINA,CHN,,,,,,,,USA,UNITED STATES,USA,,,,,,,,1,192,192,19,4,-9.5,6,1,6,1.27226463104326,1,China,CH,CH,,35.0,105.0,CH,1,United States,US,US,,38.0,-97.0,US,1,China,CH,CH,,35.0,105.0,CH,20170629041500,Fight,Material conflict
668926301,20170629,201706,CHNGOV,CHINESE,CHN,,,,,GOV,,,USA,THE US,USA,,,,,,,,1,042,042,04,1,1.9,6,1,6,1.75438596491228,1,China,CH,CH,,35.0,105.0,CH,1,China,CH,CH,,35.0,105.0,CH,1,China,CH,CH,,35.0,105.0,CH,20170629041500,Consult,Verbal cooperation
668926302,20170629,201706,CHNGOV,CHINESE,CHN,,,,,GOV,,,USA,THE US,USA,,,,,,,,1,141,141,14,3,-6.5,6,1,6,1.75438596491228,1,China,CH,CH,,35.0,105.0,CH,1,China,CH,CH,,35.0,105.0,CH,1,China,CH,CH,,35.0,105.0,CH,20170629041500,Protest,Verbal conflict
668927987,20170629,201706,USA,THE US,USA,,,,,,,,CHNGOV,CHINESE,CHN,,,,,GOV,,,1,043,043,04,1,2.8,6,1,6,1.75438596491228,1,China,CH,CH,,35.0,105.0,CH,1,China,CH,CH,,35.0,105.0,CH,1,China,CH,CH,,35.0,105.0,CH,20170629041500,Consult,Verbal cooperation
668934537,20170629,201706,CHN,CHINESE,CHN,,,,,,,,USA,NEW YORK,USA,,,,,,,,1,043,043,04,1,2.8,6,1,6,0.0,1,China,CH,CH,,35.0,105.0,CH,2,"New York, United States",US,USNY,,42.1497,-74.9384,NY,3,"Metropolitan Museum Of Art, New York, United States",US,USNY,,40.7795,-73.9629,957042,20170629050000,Consult,Verbal cooperation
668934538,20170629,201706,CHN,BEIJING,CHN,,,,,,,,USAGOV,US AMBASSADOR,USA,,,,,GOV,,,1,043,043,04,1,2.8,10,1,10,1.96850393700787,4,"Beijing, Beijing, China",CH,CH22,13001,39.9289,116.388,-1898541,4,"Beijing, Beijing, China",CH,CH22,13001,39.9289,116.388,-1898541,4,"Beijing, Beijing, China",CH,CH22,13001,39.9289,116.388,-1898541,20170629050000,Consult,Verbal cooperation
668936321,20170629,201706,USAGOV,US AMBASSADOR,USA,,,,,GOV,,,CHN,BEIJING,CHN,,,,,,,,1,042,042,04,1,1.9,10,1,10,1.96850393700787,1,United States,US,US,,38.0,-97.0,US,1,United States,US,US,,38.0,-97.0,US,1,United States,US,US,,38.0,-97.0,US,20170629050000,Consult,Verbal cooperation
668945711,20170629,201706,CHN,CHINA,CHN,,,,,,,,USA,THE US,USA,,,,,,,,1,012,012,01,1,-0.4,6,1,6,-2.84414106939704,4,"Beijing, Beijing, China",CH,CH22,13001,39.9289,116.388,-1898541,4,"New Delhi, Delhi, India",IN,IN07,17911,28.6,77.2,-2106102,4,"New Delhi, Delhi, India",IN,IN07,17911,28.6,77.2,-2106102,20170629061500,Make public statement,Verbal cooperation
668948411,20170629,201706,CHN,CHINA,CHN,,,,,,,,USAMED,ASSOCIATED PRESS,USA,,,,,MED,,,1,017,017,01,1,0.0,10,1,10,-2.53164556962025,3,"Gatesville, Texas, United States",US,USTX,TX099,31.4352,-97.7439,1357921,3,"Gatesville, Texas, United States",US,USTX,TX099,31.4352,-97.7439,1357921,3,"Gatesville, Texas, United States",US,USTX,TX099,31.4352,-97.7439,1357921,20170629063000,Make public statement,Verbal cooperation
668956152,20170629,201706,USAMED,REUTERS,USA,,,,,MED,,,CHN,CHINESE,CHN,,,,,,,,1,013,013,01,1,0.4,6,1,6,-0.130208333333339,4,"Shanghai, Shanghai, China",CH,CH23,13243,31.2222,121.458,-1924465,4,"Shanghai, Shanghai, China",CH,CH23,13243,31.2222,121.458,-1924465,4,"Shanghai, Shanghai, China",CH,CH23,13243,31.2222,121.458,-1924465,20170629064500,Make public statement,Verbal cooperation
668967805,20170629,201706,CHN,CHINA,CHN,,,,,,,,USA,UNITED STATES,USA,,,,,,,,1,061,061,06,2,6.4,10,1,10,1.32939438700148,4,"Beijing, Beijing, China",CH,CH22,13001,39.9289,116.388,-1898541,4,"Beijing, Beijing, China",CH,CH22,13001,39.9289,116.388,-1898541,4,"Beijing, Beijing, China",CH,CH22,13001,39.9289,116.388,-1898541,20170629080000,Engage in material cooperation,Material cooperation
668970412,20170629,201706,CHN,BEIJING,CHN,,,,,,,,USA,IOWA,USA,,,,,,,,1,010,010,01,1,0.0,7,1,7,-1.56739811912225,4,"Beijing, Beijing, China",CH,CH22,13001,39.9289,116.388,-1898541,2,"Iowa, United States",US,USIA,,42.0046,-93.214,IA,4,"Beijing, Beijing, China",CH,CH22,13001,39.9289,116.388,-1898541,20170629081500,Make public statement,Verbal cooperation
668980316,20170629,201706,USA,UNITED STATES,USA,,,,,,,,CHN,CHINA,CHN,,,,,,,,1,061,061,06,2,6.4,10,1,10,0.25773195876288,4,"Guangdong, Jilin, China",CH,CH05,13176,42.7683,129.336,10884162,4,"Guangdong, Jilin, China",CH,CH05,13176,42.7683,129.336,10884162,4,"Guangdong, Jilin, China",CH,CH05,13176,42.7683,129.336,10884162,20170629084500,Engage in material cooperation,Material cooperation
668984364,20170629,201706,USA,UNITED STATES,USA,,,,,,,,CHN,CHINA,CHN,,,,,,,,1,061,061,06,2,6.4,10,1,10,0.42735042735042,4,"Beijing, Beijing, China",CH,CH22,13001,39.9289,116.388,-1898541,4,"Beijing, Beijing, China",CH,CH22,13001,39.9289,116.388,-1898541,4,"Beijing, Beijing, China",CH,CH22,13001,39.9289,116.388,-1898541,20170629090000,Engage in material cooperation,Material cooperation
668993875,20170629,201706,CHN,CHINA,CHN,,,,,,,,USAMED,REUTERS,USA,,,,,MED,,,1,061,061,06,2,6.4,10,1,10,-2.02020202020202,4,"Beijing, Beijing, China",CH,CH22,13001,39.9289,116.388,-1898541,4,"Beijing, Beijing, China",CH,CH22,13001,39.9289,116.388,-1898541,4,"Beijing, Beijing, China",CH,CH22,13001,39.9289,116.388,-1898541,20170629100000,Engage in material cooperation,Material cooperation
668993876,20170629,201706,CHN,CHINA,CHN,,,,,,,,USAMED,REUTERS,USA,,,,,MED,,,1,163,163,16,4,-8.0,10,1,10,-2.02020202020202,4,"Beijing, Beijing, China",CH,CH22,13001,39.9289,116.388,-1898541,4,"Beijing, Beijing, China",CH,CH22,13001,39.9289,116.388,-1898541,4,"Beijing, Beijing, China",CH,CH22,13001,39.9289,116.388,-1898541,20170629100000,Reduce relations,Material conflict
669009811,20170629,201706,USA,NEBRASKA,USA,,,,,,,,CHN,CHINA,CHN,,,,,,,,1,051,051,05,1,3.4,8,1,8,3.6036036036036,4,"Beijing, Beijing, China",CH,CH22,13001,39.9289,116.388,-1898541,2,"Nebraska, United States",US,USNE,,41.1289,-98.2883,NE,2,"Nebraska, United States",US,USNE,,41.1289,-98.2883,NE,20170629104500,Engage in diplomatic cooperation,Verbal cooperation
669066093,20170629,201706,USA,NEBRASKA,USA,,,,,,,,CHN,CHINA,CHN,,,,,,,,1,042,042,04,1,1.9,6,1,6,3.2258064516129,4,"Shanghai, Shanghai, China",CH,CH23,13243,31.2222,121.458,-1924465,4,"Shanghai, Shanghai, China",CH,CH23,13243,31.2222,121.458,-1924465,4,"Shanghai, Shanghai, China",CH,CH23,13243,31.2222,121.458,-1924465,20170629150000,Consult,Verbal cooperation
669077669,20170629,201706,USA,WASHINGTON,USA,,,,,,,,CHN,CHINA,CHN,,,,,,,,1,043,043,04,1,2.8,8,1,8,-2.71929824561403,3,"Washington, District of Columbia, United States",US,USDC,DC001,38.8951,-77.0364,531871,4,"Beijing, Beijing, China",CH,CH22,13001,39.9289,116.388,-1898541,3,"Washington, District of Columbia, United States",US,USDC,DC001,38.8951,-77.0364,531871,20170629154500,Consult,Verbal cooperation
669083719,20170629,201706,USA,AMERICAN,USA,,,,,,,,CHN,CHINA,CHN,,,,,,,,1,090,090,09,2,-2.0,6,1,6,0.308641975308642,3,"Los Angeles, California, United States",US,USCA,CA037,34.0522,-118.244,1662328,1,China,CH,CH,,35.0,105.0,CH,3,"Los Angeles, California, United States",US,USCA,,34.0522,-118.244,1662328,20170629163000,Investigate,Material cooperation
669099529,20170629,201706,CHN,BEIJING,CHN,,,,,,,,USA,UNITED STATES,USA,,,,,,,,1,057,057,05,1,8.0,8,1,8,-4.30247718383311,1,United States,US,US,,38.0,-97.0,US,1,United States,US,US,,38.0,-97.0,US,1,United States,US,US,,38.0,-97.0,US,20170629173000,Engage in diplomatic cooperation,Verbal cooperation
669101673,20170629,201706,USA,UNITED STATES,USA,,,,,,,,CHN,BEIJING,CHN,,,,,,,,1,057,057,05,1,8.0,7,1,7,-4.30247718383311,1,United States,US,US,,38.0,-97.0,US,4,"Beijing, Beijing, China",CH,CH22,13001,39.9289,116.388,-1898541,4,"Beijing, Beijing, China",CH,CH22,13001,39.9289,116.388,-1898541,20170629173000,Engage in diplomatic cooperation,Verbal cooperation
669106810,20170629,201706,USA,AMERICAN,USA,,,,,,,,CHNCVL,CHINESE,CHN,,,,,CVL,,,1,043,043,04,1,2.8,6,1,6,0.252525252525252,1,United States,US,US,,38.0,-97.0,US,1,China,CH,CH,,35.0,105.0,CH,1,United States,US,US,,38.0,-97.0,US,20170629180000,Consult,Verbal cooperation
669115153,20170629,201706,USA,WASHINGTON,USA,,,,,,,,CHN,CHINESE,CHN,,,,,,,,1,160,160,16,4,-4.0,6,3,6,-11.011011011011,4,"Dandong, Liaoning, China",CH,CH19,13182,40.1292,124.395,-1902084,1,North Korea,KN,KN,,40.0,127.0,KN,1,North Korea,KN,KN,,40.0,127.0,KN,20170629183000,Reduce relations,Material conflict
669126767,20170629,201706,USA,UNITED STATES,USA,,,,,,,,CHNCVL,CHINESE,CHN,,,,,CVL,,,1,163,163,16,4,-8.0,6,1,6,-1.74563591022444,1,United States,US,US,,38.0,-97.0,US,1,United States,US,US,,38.0,-97.0,US,1,United States,US,US,,38.0,-97.0,US,20170629193000,Reduce relations,Material conflict
669134799,20170629,201706,CHN,CHINA,CHN,,,,,,,,USA,IOWA,USA,,,,,,,,1,061,061,06,2,6.4,16,1,7,-1.171875,4,"Beijing, Beijing, China",CH,CH22,13001,39.9289,116.388,-1898541,2,"Iowa, United States",US,USIA,,42.0046,-93.214,IA,4,"Beijing, Beijing, China",CH,CH22,13001,39.9289,116.388,-1898541,20170629200000,Engage in material cooperation,Material cooperation
669134800,20170629,201706,CHN,CHINA,CHN,,,,,,,,USA,IOWA,USA,,,,,,,,1,061,061,06,2,6.4,8,1,6,-1.171875,4,"Beijing, Beijing, China",CH,CH22,13001,39.9289,116.388,-1898541,2,"Iowa, United States",US,USIA,,42.0046,-93.214,IA,2,"Iowa, United States",US,USIA,,42.0046,-93.214,IA,20170629200000,Engage in material cooperation,Material cooperation
669136724,20170629,201706,USA,IOWA,USA,,,,,,,,CHN,CHINA,CHN,,,,,,,,1,061,061,06,2,6.4,11,1,7,-1.171875,2,"Iowa, United States",US,USIA,,42.0046,-93.214,IA,4,"Beijing, Beijing, China",CH,CH22,13001,39.9289,116.388,-1898541,4,"Beijing, Beijing, China",CH,CH22,13001,39.9289,116.388,-1898541,20170629200000,Engage in material cooperation,Material cooperation
669136725,20170629,201706,USA,IOWA,USA,,,,,,,,CHN,CHINA,CHN,,,,,,,,1,061,061,06,2,6.4,9,1,7,-1.171875,2,"Iowa, United States",US,USIA,,42.0046,-93.214,IA,4,"Beijing, Beijing, China",CH,CH22,13001,39.9289,116.388,-1898541,2,"Iowa, United States",US,USIA,,42.0046,-93.214,IA,20170629200000,Engage in material cooperation,Material cooperation
669136727,20170629,201706,USA,UNITED STATES,USA,,,,,,,,CHN,CHINESE,CHN,,,,,,,,1,163,163,16,4,-8.0,10,1,10,-1.9396551724138,3,"White House, District of Columbia, United States",US,USDC,,38.8951,-77.0364,531871,4,"Dandong, Liaoning, China",CH,CH19,13182,40.1292,124.395,-1902084,3,"White House, District of Columbia, United States",US,USDC,,38.8951,-77.0364,531871,20170629200000,Reduce relations,Material conflict
669136731,20170629,201706,USA,UNITED STATES,USA,,,,,,,,CHNCVL,CHINESE,CHN,,,,,CVL,,,1,163,163,16,4,-8.0,6,1,6,-3.44827586206897,1,South Korea,KS,KS,,37.0,127.5,KS,1,South Korea,KS,KS,,37.0,127.5,KS,1,South Korea,KS,KS,,37.0,127.5,KS,20170629200000,Reduce relations,Material conflict
669139178,20170629,201706,CHN,CHINA,CHN,,,,,,,,USA,AMERICAN,USA,,,,,,,,1,120,120,12,3,-4.0,6,1,6,-6.39324487334138,1,China,CH,CH,,35.0,105.0,CH,3,"Washington, District of Columbia, United States",US,USDC,DC001,38.8951,-77.0364,531871,3,"Washington, District of Columbia, United States",US,USDC,DC001,38.8951,-77.0364,531871,20170629201500,Reject,Verbal conflict
669141451,20170629,201706,USAGOV,THE WHITE HOUSE,USA,,,,,GOV,,,CHNBUS,CHINESE,CHN,,,,,BUS,,,1,0331,033,03,1,5.2,6,1,6,-2.73972602739726,4,"Dandong, Liaoning, China",CH,CH19,13182,40.1292,124.395,-1902084,4,"Dandong, Liaoning, China",CH,CH19,13182,40.1292,124.395,-1902084,3,"Washington, District of Columbia, United States",US,USDC,DC001,38.8951,-77.0364,531871,20170629201500,Express intent to cooperate,Verbal cooperation
669141452,20170629,201706,USAGOV,THE WHITE HOUSE,USA,,,,,GOV,,,CHNBUS,CHINESE,CHN,,,,,BUS,,,1,163,163,16,4,-8.0,6,1,6,-2.73972602739726,1,South Korea,KS,KS,,37.0,127.5,KS,4,"Moscow, Moskva, Russia",RS,RS48,25106,55.7522,37.6156,-2960561,4,"Moscow, Moskva, Russia",RS,RS48,25106,55.7522,37.6156,-2960561,20170629201500,Reduce relations,Material conflict
669149280,20170629,201706,USA,IOWA,USA,,,,,,,,CHN,CHINA,CHN,,,,,,,,1,061,061,06,2,6.4,6,1,6,3.64238410596026,1,China,CH,CH,,35.0,105.0,CH,2,"Iowa, United States",US,USIA,,42.0046,-93.214,IA,2,"Iowa, United States",US,USIA,,42.0046,-93.214,IA,20170629210000,Engage in material cooperation,Material cooperation
669149284,20170629,201706,USA,WASHINGTON,USA,,,,,,,,CHN,CHINESE,CHN,,,,,,,,1,112,112,11,3,-2.0,6,1,6,-7.37864077669903,3,"Washington, District of Columbia, United States",US,USDC,DC001,38.8951,-77.0364,531871,4,"Dandong, Liaoning, China",CH,CH19,13182,40.1292,124.395,-1902084,4,"Dandong, Liaoning, China",CH,CH19,13182,40.1292,124.395,-1902084,20170629210000,Disapprove,Verbal conflict
669149290,20170629,201706,USA,THE US,USA,,,,,,,,CHN,CHINESE,CHN,,,,,,,,1,163,163,16,4,-8.0,7,2,7,-6.51465414294818,4,"Dandong, Liaoning, China",CH,CH19,13182,40.1292,124.395,-1902084,4,"Dandong, Liaoning, China",CH,CH19,13182,40.1292,124.395,-1902084,4,"Dandong, Liaoning, China",CH,CH19,13182,40.1292,124.395,-1902084,20170629210000,Reduce relations,Material conflict
669149294,20170629,201706,USA,THE US,USA,,,,,,,,CHNBUS,CHINESE,CHN,,,,,BUS,,,1,160,160,16,4,-4.0,12,2,12,-6.8746485736777,4,"Dandong, Liaoning, China",CH,CH19,13182,40.1292,124.395,-1902084,4,"Dandong, Liaoning, China",CH,CH19,13182,40.1292,124.395,-1902084,4,"Dandong, Liaoning, China",CH,CH19,13182,40.1292,124.395,-1902084,20170629210000,Reduce relations,Material conflict
669156830,20170629,201706,USA,WASHINGTON,USA,,,,,,,,CHNBUS,CHINESE,CHN,,,,,BUS,,,1,112,112,11,3,-2.0,6,1,6,-2.52100840336135,3,"Washington, District of Columbia, United States",US,USDC,DC001,38.8951,-77.0364,531871,4,"Dandong, Liaoning, China",CH,CH19,13182,40.1292,124.395,-1902084,4,"Dandong, Liaoning, China",CH,CH19,13182,40.1292,124.395,-1902084,20170629213000,Disapprove,Verbal conflict
669156831,20170629,201706,USA,WASHINGTON,USA,,,,,,,,CHNBUS,CHINESE,CHN,,,,,BUS,,,1,112,112,11,3,-2.0,6,1,6,-3.37078651685393,3,"Washington, District of Columbia, United States",US,USDC,DC001,38.8951,-77.0364,531871,1,China,CH,CH,,35.0,105.0,CH,1,China,CH,CH,,35.0,105.0,CH,20170629213000,Disapprove,Verbal conflict
669156832,20170629,201706,USA,WASHINGTON,USA,,,,,,,,CHNCVL,CHINESE,CHN,,,,,CVL,,,1,163,163,16,4,-8.0,6,1,6,-3.37078651685393,4,"Pyongyang, P'yongyang-si, North Korea",KN,KN12,39681,39.0194,125.755,-183459,4,"Pyongyang, P'yongyang-si, North Korea",KN,KN12,39681,39.0194,125.755,-183459,4,"Pyongyang, P'yongyang-si, North Korea",KN,KN12,39681,39.0194,125.755,-183459,20170629213000,Reduce relations,Material conflict
669160120,20170629,201706,USA,AMERICAN,USA,,,,,,,,CHN,CHINESE,CHN,,,,,,,,1,036,036,03,1,4.0,8,1,8,1.94931773879142,3,"Hollywood, California, United States",US,USCA,CA037,34.0983,-118.327,1660757,4,"Nansun, Zhejiang, China",CH,CH02,13323,30.8334,120.053,11018529,4,"Nansun, Zhejiang, China",CH,CH02,13323,30.8334,120.053,11018529,20170629214500,Express intent to cooperate,Verbal cooperation
669169776,20170629,201706,USA,ORLANDO,USA,,,,,,,,CHN,CHINESE,CHN,,,,,,,,1,042,042,04,1,1.9,6,1,6,-2.34234234234235,1,United Kingdom,UK,UK,,54.0,-2.0,UK,1,United Kingdom,UK,UK,,54.0,-2.0,UK,1,United Kingdom,UK,UK,,54.0,-2.0,UK,20170629231500,Consult,Verbal cooperation
669170125,20170629,201706,USAGOVBUS,US TREASURY,USA,,,,,GOV,BUS,,CHN,CHINESE,CHN,,,,,,,,1,163,163,16,4,-8.0,6,1,6,-2.69461077844312,4,"Dandong, Liaoning, China",CH,CH19,13182,40.1292,124.395,-1902084,4,"Dandong, Liaoning, China",CH,CH19,13182,40.1292,124.395,-1902084,4,"Dandong, Liaoning, China",CH,CH19,13182,40.1292,124.395,-1902084,20170629231500,Reduce relations,Material conflict
669173813,20170629,201706,USA,WASHINGTON,USA,,,,,,,,CHNBUS,CHINESE,CHN,,,,,BUS,,,1,160,160,16,4,-4.0,12,2,12,-1.76533138385366,1,Taiwan,TW,TW,,23.5,121.0,TW,1,Taiwan,TW,TW,,23.5,121.0,TW,1,Taiwan,TW,TW,,23.5,121.0,TW,20170629233000,Reduce relations,Material conflict
669173814,20170629,201706,USA,WASHINGTON,USA,,,,,,,,CHNCVL,CHINESE,CHN,,,,,CVL,,,1,163,163,16,4,-8.0,6,1,6,-2.26244343891403,3,"Washington, District of Columbia, United States",US,USDC,DC001,38.8951,-77.0364,531871,3,"Washington, District of Columbia, United States",US,USDC,DC001,38.8951,-77.0364,531871,3,"Washington, District of Columbia, United States",US,USDC,DC001,38.8951,-77.0364,531871,20170629233000,Reduce relations,Material conflict
669174190,20170629,201706,USAMED,ASSOCIATED PRESS,USA,,,,,MED,,,CHNBUS,CHINESE,CHN,,,,,BUS,,,1,160,160,16,4,-4.0,6,1,6,-1.78784266984506,1,Taiwan,TW,TW,,23.5,121.0,TW,1,Taiwan,TW,TW,,23.5,121.0,TW,1,Taiwan,TW,TW,,23.5,121.0,TW,20170629233000,Reduce relations,Material conflict
669177045,20170629,201706,MNCUSA,MERRILL LYNCH,USA,,,,,MNC,,,CHN,CHINESE,CHN,,,,,,,,1,192,192,19,4,-9.5,10,1,10,-0.75471698113207,1,China,CH,CH,,35.0,105.0,CH,1,China,CH,CH,,35.0,105.0,CH,1,China,CH,CH,,35.0,105.0,CH,20170629234500,Fight,Material conflict
669177509,20170629,201706,USA,WASHINGTON,USA,,,,,,,,CHN,CHINESE,CHN,,,,,,,,1,160,160,16,4,-4.0,7,7,7,-1.77624397060813,4,"Beijing, Beijing, China",CH,CH22,13001,39.9289,116.388,-1898541,1,Taiwan,TW,TW,,23.5,121.0,TW,1,Taiwan,TW,TW,,23.5,121.0,TW,20170629234500,Reduce relations,Material conflict
669177881,20170629,201706,USAMED,ASSOCIATED PRESS,USA,,,,,MED,,,CHNBUS,CHINESE,CHN,,,,,BUS,,,1,160,160,16,4,-4.0,6,1,6,-1.77514792899408,4,"Dalian, Liaoning, China",CH,CH19,13327,38.9122,121.602,-1901835,4,"Dalian, Liaoning, China",CH,CH19,13327,38.9122,121.602,-1901835,4,"Dalian, Liaoning, China",CH,CH19,13327,38.9122,121.602,-1901835,20170629234500,Reduce relations,Material conflict
669183028,20170630,201706,USA,UNITED STATES,USA,,,,,,,,CHN,CHINA,CHN,,,,,,,,1,051,051,05,1,3.4,6,1,6,-0.23148148148149,1,United States,US,US,,38.0,-97.0,US,4,"Beijing, Beijing, China",CH,CH22,13001,39.9289,116.388,-1898541,1,United States,US,US,,38.0,-97.0,US,20170630000000,Engage in diplomatic cooperation,Verbal cooperation
669183035,20170630,201706,USA,WASHINGTON,USA,,,,,,,,CHN,CHINESE,CHN,,,,,,,,1,160,160,16,4,-4.0,12,12,12,-1.75345175278477,4,"Beijing, Beijing, China",CH,CH22,13001,39.9289,116.388,-1898541,1,Taiwan,TW,TW,,23.5,121.0,TW,1,Taiwan,TW,TW,,23.5,121.0,TW,20170630000000,Reduce relations,Material conflict
669183040,20170630,201706,USA,WASHINGTON,USA,,,,,,,,CHN,CHINESE,CHN,,,,,,,,1,160,160,16,4,-4.0,16,15,16,-1.76952509232765,1,Taiwan,TW,TW,,23.5,121.0,TW,1,Taiwan,TW,TW,,23.5,121.0,TW,1,Taiwan,TW,TW,,23.5,121.0,TW,20170630000000,Reduce relations,Material conflict
669183043,20170630,201706,USA,WASHINGTON,USA,,,,,,,,CHNBUS,CHINESE,CHN,,,,,BUS,,,1,160,160,16,4,-4.0,6,1,6,-2.35655737704918,3,"Gatesville, Texas, United States",US,USTX,TX099,31.4352,-97.7439,1357921,3,"Gatesville, Texas, United States",US,USTX,TX099,31.4352,-97.7439,1357921,3,"Gatesville, Texas, United States",US,USTX,TX099,31.4352,-97.7439,1357921,20170630000000,Reduce relations,Material conflict
669183046,20170630,201706,USA,WASHINGTON,USA,,,,,,,,CHNBUS,CHINESE,CHN,,,,,BUS,,,1,160,160,16,4,-4.0,84,15,84,-1.75804316549992,1,Taiwan,TW,TW,,23.5,121.0,TW,1,Taiwan,TW,TW,,23.5,121.0,TW,1,Taiwan,TW,TW,,23.5,121.0,TW,20170630000000,Reduce relations,Material conflict
669183865,20170630,201706,USAMED,ASSOCIATED PRESS,USA,,,,,MED,,,CHNBUS,CHINESE,CHN,,,,,BUS,,,1,160,160,16,4,-4.0,12,2,12,-1.71359346607007,1,Taiwan,TW,TW,,23.5,121.0,TW,1,Taiwan,TW,TW,,23.5,121.0,TW,1,Taiwan,TW,TW,,23.5,121.0,TW,20170630000000,Reduce relations,Material conflict
669189381,20170630,201706,USAMED,ASSOCIATED PRESS,USA,,,,,MED,,,CHNBUS,CHINESE,CHN,,,,,BUS,,,1,160,160,16,4,-4.0,12,2,12,-1.77514792899408,4,"Dalian, Liaoning, China",CH,CH19,13327,38.9122,121.602,-1901835,4,"Dalian, Liaoning, China",CH,CH19,13327,38.9122,121.602,-1901835,4,"Dalian, Liaoning, China",CH,CH19,13327,38.9122,121.602,-1901835,20170630003000,Reduce relations,Material conflict
669192657,20170630,201706,CHN,CHINESE,CHN,,,,,,,,USA,ORLANDO,USA,,,,,,,,1,043,043,04,1,2.8,18,1,6,-2.34234234234235,1,China,CH,CH,,35.0,105.0,CH,1,China,CH,CH,,35.0,105.0,CH,1,China,CH,CH,,35.0,105.0,CH,20170630004500,Consult,Verbal cooperation
669195043,20170630,201706,USA,ORLANDO,USA,,,,,,,,CHN,CHINESE,CHN,,,,,,,,1,042,042,04,1,1.9,12,1,6,-2.34234234234235,1,China,CH,CH,,35.0,105.0,CH,1,China,CH,CH,,35.0,105.0,CH,1,China,CH,CH,,35.0,105.0,CH,20170630004500,Consult,Verbal cooperation
669195044,20170630,201706,USA,ORLANDO,USA,,,,,,,,CHN,CHINESE,CHN,,,,,,,,1,042,042,04,1,1.9,6,1,6,-2.34234234234235,1,United Kingdom,UK,UK,,54.0,-2.0,UK,1,United Kingdom,UK,UK,,54.0,-2.0,UK,1,United Kingdom,UK,UK,,54.0,-2.0,UK,20170630004500,Consult,Verbal cooperation
669195054,20170630,201706,USA,WASHINGTON,USA,,,,,,,,CHNBUS,CHINESE,CHN,,,,,BUS,,,1,160,160,16,4,-4.0,6,1,6,-5.20231213872833,4,"Dandong, Liaoning, China",CH,CH19,13182,40.1292,124.395,-1902084,4,"Dandong, Liaoning, China",CH,CH19,13182,40.1292,124.395,-1902084,4,"Dandong, Liaoning, China",CH,CH19,13182,40.1292,124.395,-1902084,20170630004500,Reduce relations,Material conflict
669204274,20170630,201706,USA,WASHINGTON,USA,,,,,,,,CHN,BEIJING,CHN,,,,,,,,1,112,112,11,3,-2.0,7,1,7,-3.7037037037037,4,"Beijing, Beijing, China",CH,CH22,13001,39.9289,116.388,-1898541,1,Spratly Islands,PG,PG,,10.369,115.06,PG,1,Spratly Islands,PG,PG,,10.369,115.06,PG,20170630011500,Disapprove,Verbal conflict
669208286,20170630,201706,USA,THE US,USA,,,,,,,,CHN,CHINA,CHN,,,,,,,,1,050,050,05,1,3.5,6,1,6,1.0204081632653,4,"Beijing, Beijing, China",CH,CH22,13001,39.9289,116.388,-1898541,4,"Beijing, Beijing, China",CH,CH22,13001,39.9289,116.388,-1898541,3,"Washington, District of Columbia, United States",US,USDC,DC001,38.8951,-77.0364,531871,20170630013000,Engage in diplomatic cooperation,Verbal cooperation
669208288,20170630,201706,USA,WASHINGTON,USA,,,,,,,,CHN,CHINA,CHN,,,,,,,,1,100,100,10,3,-5.0,10,1,10,-1.27226463104326,4,"Pyongyang, P'yongyang-si, North Korea",KN,KN12,39681,39.0194,125.755,-183459,4,"Pyongyang, P'yongyang-si, North Korea",KN,KN12,39681,39.0194,125.755,-183459,4,"Pyongyang, P'yongyang-si, North Korea",KN,KN12,39681,39.0194,125.755,-183459,20170630013000,Demand,Verbal conflict
669208292,20170630,201706,USA,WASHINGTON,USA,,,,,,,,CHNBUS,CHINESE,CHN,,,,,BUS,,,1,112,112,11,3,-2.0,10,1,10,-2.73381294964029,3,"Washington, District of Columbia, United States",US,USDC,DC001,38.8951,-77.0364,531871,4,"Beijing, Beijing, China",CH,CH22,13001,39.9289,116.388,-1898541,4,"Beijing, Beijing, China",CH,CH22,13001,39.9289,116.388,-1898541,20170630013000,Disapprove,Verbal conflict
669208821,20170623,201706,USA,UNITED STATES,USA,,,,,,,,CHN,CHINA,CHN,,,,,,,,1,0874,087,08,2,10.0,10,1,10,-0.57471264367816,4,"Paris, France (general), France",FR,FR00,16282,48.8667,2.33333,-1456928,4,"Paris, France (general), France",FR,FR00,16282,48.8667,2.33333,-1456928,4,"Paris, France (general), France",FR,FR00,16282,48.8667,2.33333,-1456928,20170630014500,Yield,Material cooperation
669209550,20170630,201706,CHN,CHINA,CHN,,,,,,,,USA,UNITED STATES,USA,,,,,,,,1,030,030,03,1,4.0,6,1,6,0.24479804161566,1,China,CH,CH,,35.0,105.0,CH,1,United States,US,US,,38.0,-97.0,US,1,China,CH,CH,,35.0,105.0,CH,20170630014500,Express intent to cooperate,Verbal cooperation
669211397,20170630,201706,USA,UNITED STATES,USA,,,,,,,,CHN,CHINA,CHN,,,,,,,,1,030,030,03,1,4.0,6,1,6,0.24479804161566,1,United States,US,US,,38.0,-97.0,US,1,China,CH,CH,,35.0,105.0,CH,1,China,CH,CH,,35.0,105.0,CH,20170630014500,Express intent to cooperate,Verbal cooperation
669211404,20170630,201706,USA,WASHINGTON,USA,,,,,,,,CHNBUS,CHINESE,CHN,,,,,BUS,,,1,160,160,16,4,-4.0,6,1,6,-1.90274841437632,1,Taiwan,TW,TW,,23.5,121.0,TW,3,"Washington, District of Columbia, United States",US,USDC,DC001,38.8951,-77.0364,531871,3,"Washington, District of Columbia, United States",US,USDC,DC001,38.8951,-77.0364,531871,20170630014500,Reduce relations,Material conflict
669216630,20170630,201706,USA,UNITED STATES,USA,,,,,,,,CHN,CHINESE,CHN,,,,,,,,1,163,163,16,4,-8.0,10,1,10,-2.40641711229946,3,"White House, District of Columbia, United States",US,USDC,,38.8951,-77.0364,531871,4,"Dandong, Liaoning, China",CH,CH19,13182,40.1292,124.395,-1902084,3,"White House, District of Columbia, United States",US,USDC,,38.8951,-77.0364,531871,20170630020000,Reduce relations,Material conflict
669224058,20170630,201706,USAMED,REUTERS,USA,,,,,MED,,,CHN,BEIJING,CHN,,,,,,,,1,112,112,11,3,-2.0,10,1,10,-3.82775119617225,4,"Beijing, Beijing, China",CH,CH22,13001,39.9289,116.388,-1898541,1,Spratly Islands,PG,PG,,10.369,115.06,PG,1,Spratly Islands,PG,PG,,10.369,115.06,PG,20170630030000,Disapprove,Verbal conflict
669224062,20170630,201706,USAMED,ASSOCIATED PRESS,USA,,,,,MED,,,CHNBUS,CHINESE,CHN,,,,,BUS,,,1,160,160,16,4,-4.0,6,1,6,-1.39634801288936,3,"White House, District of Columbia, United States",US,USDC,,38.8951,-77.0364,531871,3,"Washington, District of Columbia, United States",US,USDC,DC001,38.8951,-77.0364,531871,3,"Washington, District of Columbia, United States",US,USDC,DC001,38.8951,-77.0364,531871,20170630030000,Reduce relations,Material conflict
669232930,20170630,201706,CHN,BEIJING,CHN,,,,,,,,USA,UNITED STATES,USA,,,,,,,,1,023,023,02,1,3.4,8,1,8,-4.92610837438424,4,"Beijing, Beijing, China",CH,CH22,13001,39.9289,116.388,-1898541,3,"Fort Bend County, Texas, United States",US,USTX,,29.5502,-95.7836,1383864,3,"Fort Bend County, Texas, United States",US,USTX,,29.5502,-95.7836,1383864,20170630034500,Appeal,Verbal cooperation
669242519,20170630,201706,USA,UNITED STATES,USA,,,,,,,,CHNBUS,CHINESE,CHN,,,,,BUS,,,1,163,163,16,4,-8.0,6,1,6,-5.64971751412429,4,"Dandong, Liaoning, China",CH,CH19,13182,40.1292,124.395,-1902084,4,"Dandong, Liaoning, China",CH,CH19,13182,40.1292,124.395,-1902084,4,"Dandong, Liaoning, China",CH,CH19,13182,40.1292,124.395,-1902084,20170630044500,Reduce relations,Material conflict
669244550,20170630,201706,CHN,CHINA,CHN,,,,,,,,USAGOV,OBAMA,USA,,,,,GOV,,,1,043,043,04,1,2.8,6,1,6,4.35835351089589,4,"Bali, Zhejiang, China",CH,CH02,13324,29.4267,120.897,10563136,4,"Jakarta, Jakarta Raya, Indonesia",ID,ID04,18585,-6.17444,106.829,-2679652,4,"Jakarta, Jakarta Raya, Indonesia",ID,ID04,18585,-6.17444,106.829,-2679652,20170630050000,Consult,Verbal cooperation
669246031,20170630,201706,USA,UNITED STATES,USA,,,,,,,,CHNBUS,CHINESE,CHN,,,,,BUS,,,1,163,163,16,4,-8.0,6,1,6,-3.76940133037694,4,"Pyongyang, P'yongyang-si, North Korea",KN,KN12,39681,39.0194,125.755,-183459,4,"Pyongyang, P'yongyang-si, North Korea",KN,KN12,39681,39.0194,125.755,-183459,4,"Pyongyang, P'yongyang-si, North Korea",KN,KN12,39681,39.0194,125.755,-183459,20170630050000,Reduce relations,Material conflict
669246032,20170630,201706,USA,THE US,USA,,,,,,,,CHNBUS,CHINESE,CHN,,,,,BUS,,,1,163,163,16,4,-8.0,6,1,6,1.0989010989011,4,"Beijing, Beijing, China",CH,CH22,13001,39.9289,116.388,-1898541,4,"Beijing, Beijing, China",CH,CH22,13001,39.9289,116.388,-1898541,4,"Beijing, Beijing, China",CH,CH22,13001,39.9289,116.388,-1898541,20170630050000,Reduce relations,Material conflict
669246208,20170630,201706,USAGOV,OBAMA,USA,,,,,GOV,,,CHN,CHINA,CHN,,,,,,,,1,042,042,04,1,1.9,6,1,6,4.35835351089589,4,"Jakarta, Jakarta Raya, Indonesia",ID,ID04,18585,-6.17444,106.829,-2679652,4,"Bali, Zhejiang, China",CH,CH02,13324,29.4267,120.897,10563136,4,"Jakarta, Jakarta Raya, Indonesia",ID,ID04,18585,-6.17444,106.829,-2679652,20170630050000,Consult,Verbal cooperation
669248032,20170630,201706,CHN,BEIJING,CHN,,,,,,,,USA,THE US,USA,,,,,,,,1,020,020,02,1,3.0,7,1,7,0.61728395061728,4,"Beijing, Beijing, China",CH,CH22,13001,39.9289,116.388,-1898541,4,"Beijing, Beijing, China",CH,CH22,13001,39.9289,116.388,-1898541,4,"Beijing, Beijing, China",CH,CH22,13001,39.9289,116.388,-1898541,20170630053000,Appeal,Verbal cooperation
669248040,20170630,201706,CHN,CHINA,CHN,,,,,,,,USAGOV,THE US,USA,,,,,GOV,,,1,010,010,01,1,0.0,16,4,16,-0.840925513423293,4,"Beijing, Beijing, China",CH,CH22,13001,39.9289,116.388,-1898541,2,"Florida, United States",US,USFL,,27.8333,-81.717,FL,2,"Florida, United States",US,USFL,,27.8333,-81.717,FL,20170630053000,Make public statement,Verbal cooperation
669248043,20170630,201706,CHN,CHINA,CHN,,,,,,,,USAGOV,THE US,USA,,,,,GOV,,,1,040,040,04,1,1.0,10,4,10,-0.87845469645292,4,"Beijing, Beijing, China",CH,CH22,13001,39.9289,116.388,-1898541,2,"Florida, United States",US,USFL,,27.8333,-81.717,FL,2,"Florida, United States",US,USFL,,27.8333,-81.717,FL,20170630053000,Consult,Verbal cooperation
669248044,20170630,201706,CHN,CHINA,CHN,,,,,,,,USAGOV,THE US,USA,,,,,GOV,,,1,040,040,04,1,1.0,6,3,6,-0.77837687504058,4,"Beijing, Beijing, China",CH,CH22,13001,39.9289,116.388,-1898541,2,"Florida, United States",US,USFL,,27.8333,-81.717,FL,1,North Korea,KN,KN,,40.0,127.0,KN,20170630053000,Consult,Verbal cooperation
669249588,20170630,201706,USA,WASHINGTON,USA,,,,,,,,CHN,CHINA,CHN,,,,,,,,1,020,020,02,1,3.0,6,3,6,-3.12919054004633,3,"Washington, District of Columbia, United States",US,USDC,DC001,38.8951,-77.0364,531871,4,"Dandong, Liaoning, China",CH,CH19,13182,40.1292,124.395,-1902084,4,"Dandong, Liaoning, China",CH,CH19,13182,40.1292,124.395,-1902084,20170630053000,Appeal,Verbal cooperation
669249802,20170630,201706,USAGOV,THE US,USA,,,,,GOV,,,CHN,CHINA,CHN,,,,,,,,1,040,040,04,1,1.0,10,4,10,-0.87845469645292,2,"Florida, United States",US,USFL,,27.8333,-81.717,FL,4,"Beijing, Beijing, China",CH,CH22,13001,39.9289,116.388,-1898541,2,"Florida, United States",US,USFL,,27.8333,-81.717,FL,20170630053000,Consult,Verbal cooperation
669249803,20170630,201706,USAGOV,THE US,USA,,,,,GOV,,,CHN,CHINA,CHN,,,,,,,,1,040,040,04,1,1.0,6,3,6,-0.77837687504058,2,"Florida, United States",US,USFL,,27.8333,-81.717,FL,4,"Beijing, Beijing, China",CH,CH22,13001,39.9289,116.388,-1898541,1,North Korea,KN,KN,,40.0,127.0,KN,20170630053000,Consult,Verbal cooperation
669251804,20170630,201706,CHN,CHINA,CHN,,,,,,,,USA,UNITED STATES,USA,,,,,,,,1,114,114,11,3,-2.0,8,1,8,1.37931034482759,4,"Beijing, Beijing, China",CH,CH22,13001,39.9289,116.388,-1898541,3,"Washington, District of Columbia, United States",US,USDC,DC001,38.8951,-77.0364,531871,4,"Beijing, Beijing, China",CH,CH22,13001,39.9289,116.388,-1898541,20170630054500,Disapprove,Verbal conflict
669253387,20170630,201706,USA,WASHINGTON,USA,,,,,,,,CHNBUS,CHINESE,CHN,,,,,BUS,,,1,160,160,16,4,-4.0,6,1,6,-4.8780487804878,4,"Dandong, Liaoning, China",CH,CH19,13182,40.1292,124.395,-1902084,1,Taiwan,TW,TW,,23.5,121.0,TW,1,Taiwan,TW,TW,,23.5,121.0,TW,20170630054500,Reduce relations,Material conflict
669255705,20170630,201706,CHN,CHINESE,CHN,,,,,,,,USA,NEW YORK,USA,,,,,,,,1,043,043,04,1,2.8,8,1,8,-3.38780390593862,4,"Beijing, Beijing, China",CH,CH22,13001,39.9289,116.388,-1898541,2,"New York, United States",US,USNY,,42.1497,-74.9384,NY,1,Hong Kong,HK,HK,,22.25,114.167,HK,20170630060000,Consult,Verbal cooperation
669257190,20170630,201706,USA,NEW YORK,USA,,,,,,,,CHN,CHINESE,CHN,,,,,,,,1,042,042,04,1,1.9,6,1,6,-3.38780390593862,1,Hong Kong,HK,HK,,22.25,114.167,HK,1,Hong Kong,HK,HK,,22.25,114.167,HK,1,Hong Kong,HK,HK,,22.25,114.167,HK,20170630060000,Consult,Verbal cooperation
669257415,20170630,201706,USAMED,REUTERS,USA,,,,,MED,,,CHNBUS,CHINESE,CHN,,,,,BUS,,,1,112,112,11,3,-2.0,6,1,6,-2.32919254658385,4,"Dandong, Liaoning, China",CH,CH19,13182,40.1292,124.395,-1902084,4,"Dandong, Liaoning, China",CH,CH19,13182,40.1292,124.395,-1902084,4,"Dandong, Liaoning, China",CH,CH19,13182,40.1292,124.395,-1902084,20170630060000,Disapprove,Verbal conflict
669257416,20170630,201706,USAMED,REUTERS,USA,,,,,MED,,,CHNCVL,CHINESE,CHN,,,,,CVL,,,1,163,163,16,4,-8.0,6,1,6,-2.32919254658385,4,"Pyongyang, P'yongyang-si, North Korea",KN,KN12,39681,39.0194,125.755,-183459,4,"Pyongyang, P'yongyang-si, North Korea",KN,KN12,39681,39.0194,125.755,-183459,4,"Pyongyang, P'yongyang-si, North Korea",KN,KN12,39681,39.0194,125.755,-183459,20170630060000,Reduce relations,Material conflict
669260788,20170630,201706,USA,WASHINGTON,USA,,,,,,,,CHNBUS,CHINESE,CHN,,,,,BUS,,,1,160,160,16,4,-4.0,6,1,6,-1.51975683890578,4,"Dalian, Liaoning, China",CH,CH19,13327,38.9122,121.602,-1901835,4,"Dalian, Liaoning, China",CH,CH19,13327,38.9122,121.602,-1901835,4,"Dalian, Liaoning, China",CH,CH19,13327,38.9122,121.602,-1901835,20170630061500,Reduce relations,Material conflict
669260905,20170630,201706,USAGOV,THE US,USA,,,,,GOV,,,CHNBUS,CHINESE,CHN,,,,,BUS,,,1,163,163,16,4,-8.0,6,1,6,0.0,4,"Manila, Manila, Philippines",RP,RPD9,24210,14.6042,120.982,-2437894,4,"Manila, Manila, Philippines",RP,RPD9,24210,14.6042,120.982,-2437894,4,"Manila, Manila, Philippines",RP,RPD9,24210,14.6042,120.982,-2437894,20170630061500,Reduce relations,Material conflict
669264989,20170630,201706,USA,UNITED STATES,USA,,,,,,,,CHN,CHINESE,CHN,,,,,,,,1,090,090,09,2,-2.0,20,1,20,0.70671378091873,1,China,CH,CH,,35.0,105.0,CH,1,China,CH,CH,,35.0,105.0,CH,1,China,CH,CH,,35.0,105.0,CH,20170630070000,Investigate,Material cooperation
669270028,20170630,201706,CHN,CHINA,CHN,,,,,,,,USA,THE US,USA,,,,,,,,1,042,042,04,1,1.9,10,1,10,-3.96039603960396,1,China,CH,CH,,35.0,105.0,CH,4,"Nathu La, India (general), India",IN,IN00,17862,27.4,88.8167,-2105882,4,"Nathu La, India (general), India",IN,IN00,17862,27.4,88.8167,-2105882,20170630073000,Consult,Verbal cooperation
669271420,20170630,201706,USA,UNITED STATES,USA,,,,,,,,CHN,CHINA,CHN,,,,,,,,1,0243,024,02,1,-0.3,6,1,6,2.04498977505113,3,"Washington, District of Columbia, United States",US,USDC,DC001,38.8951,-77.0364,531871,3,"Washington, District of Columbia, United States",US,USDC,DC001,38.8951,-77.0364,531871,3,"Washington, District of Columbia, United States",US,USDC,DC001,38.8951,-77.0364,531871,20170630073000,Appeal,Verbal cooperation
669271424,20170630,201706,USA,THE US,USA,,,,,,,,CHN,CHINA,CHN,,,,,,,,1,043,043,04,1,2.8,10,1,10,-3.96039603960396,4,"Nathu La, India (general), India",IN,IN00,17862,27.4,88.8167,-2105882,1,China,CH,CH,,35.0,105.0,CH,4,"Nathu La, India (general), India",IN,IN00,17862,27.4,88.8167,-2105882,20170630073000,Consult,Verbal cooperation
669271425,20170630,201706,USA,UNITED STATES,USA,,,,,,,,CHN,CHINA,CHN,,,,,,,,1,0841,084,08,2,7.0,8,1,8,2.04498977505113,3,"Washington, District of Columbia, United States",US,USDC,DC001,38.8951,-77.0364,531871,4,"Beijing, Beijing, China",CH,CH22,13001,39.9289,116.388,-1898541,4,"New Territories, Hong Kong (general), Hong Kong",HK,HK00,13031,22.4167,114.083,-1353595,20170630073000,Yield,Material cooperation
669274364,20170630,201706,CHN,CHINA,CHN,,,,,,,,USA,UNITED STATES,USA,,,,,,,,1,057,057,05,1,8.0,6,1,6,-6.36856368563686,1,China,CH,CH,,35.0,105.0,CH,3,"Washington, District of Columbia, United States",US,USDC,DC001,38.8951,-77.0364,531871,1,Germany,GM,GM,,51.0,9.0,GM,20170630074500,Engage in diplomatic cooperation,Verbal cooperation
669274367,20170630,201706,CHNBUS,CHINESE,CHN,,,,,BUS,,,USABUS,THE US,USA,,,,,BUS,,,1,051,051,05,1,3.4,6,1,6,1.28571428571428,4,"Xu Chen, Zhejiang, China",CH,CH02,13324,30.0872,120.917,11006475,4,"Xu Chen, Zhejiang, China",CH,CH02,13324,30.0872,120.917,11006475,4,"Xu Chen, Zhejiang, China",CH,CH02,13324,30.0872,120.917,11006475,20170630074500,Engage in diplomatic cooperation,Verbal cooperation
669275762,20170630,201706,USA,UNITED STATES,USA,,,,,,,,CHN,CHINA,CHN,,,,,,,,1,057,057,05,1,8.0,6,1,6,-6.36856368563686,3,"Washington, District of Columbia, United States",US,USDC,DC001,38.8951,-77.0364,531871,1,China,CH,CH,,35.0,105.0,CH,1,Germany,GM,GM,,51.0,9.0,GM,20170630074500,Engage in diplomatic cooperation,Verbal cooperation
669281454,20170630,201706,USA,THE US,USA,,,,,,,,CHNGOV,XI JINPING,CHN,,,,,GOV,,,1,020,020,02,1,3.0,6,1,6,-1.7948717948718,4,"Beijing, Beijing, China",CH,CH22,13001,39.9289,116.388,-1898541,4,"Beijing, Beijing, China",CH,CH22,13001,39.9289,116.388,-1898541,1,Hong Kong,HK,HK,,22.25,114.167,HK,20170630081500,Appeal,Verbal cooperation
669283831,20170630,201706,CHN,CHINA,CHN,,,,,,,,USAMED,REUTERS,USA,,,,,MED,,,1,012,012,01,1,-0.4,10,2,10,-0.658815298507463,4,"Shanghai, Shanghai, China",CH,CH23,13243,31.2222,121.458,-1924465,4,"Shanghai, Shanghai, China",CH,CH23,13243,31.2222,121.458,-1924465,4,"Shanghai, Shanghai, China",CH,CH23,13243,31.2222,121.458,-1924465,20170630083000,Make public statement,Verbal cooperation
669283832,20170630,201706,CHN,CHINA,CHN,,,,,,,,USAMED,REUTERS,USA,,,,,MED,,,1,018,018,01,1,3.4,10,2,10,-0.658815298507463,4,"Beijing, Beijing, China",CH,CH22,13001,39.9289,116.388,-1898541,4,"Beijing, Beijing, China",CH,CH22,13001,39.9289,116.388,-1898541,4,"Beijing, Beijing, China",CH,CH22,13001,39.9289,116.388,-1898541,20170630083000,Make public statement,Verbal cooperation
669288526,20170630,201706,CHN,CHINA,CHN,,,,,,,,USAMED,REUTERS,USA,,,,,MED,,,1,011,011,01,1,-0.1,8,1,8,-0.684931506849315,4,"Zhongan, Jilin, China",CH,CH05,13176,43.3237,129.571,10869776,4,"Zhongan, Jilin, China",CH,CH05,13176,43.3237,129.571,10869776,4,"Zhongan, Jilin, China",CH,CH05,13176,43.3237,129.571,10869776,20170630084500,Make public statement,Verbal cooperation
669297704,20170630,201706,CHN,CHINA,CHN,,,,,,,,USAMED,WALL STREET JOURNAL,USA,,,,,MED,,,1,040,040,04,1,1.0,10,1,10,1.16959064327485,1,China,CH,CH,,35.0,105.0,CH,1,Taiwan,TW,TW,,23.5,121.0,TW,1,Taiwan,TW,TW,,23.5,121.0,TW,20170630093000,Consult,Verbal cooperation
669297723,20170630,201706,CHNGOV,CHINESE,CHN,,,,,GOV,,,USA,WASHINGTON,USA,,,,,,,,1,100,100,10,3,-5.0,36,6,36,-1.37049716337024,4,"Beijing, Beijing, China",CH,CH22,13001,39.9289,116.388,-1898541,3,"Washington, District of Columbia, United States",US,USDC,DC001,38.8951,-77.0364,531871,3,"Washington, District of Columbia, United States",US,USDC,DC001,38.8951,-77.0364,531871,20170630093000,Demand,Verbal conflict
669299608,20170630,201706,USAMED,WALL STREET JOURNAL,USA,,,,,MED,,,CHN,CHINA,CHN,,,,,,,,1,040,040,04,1,1.0,10,1,10,1.16959064327485,1,Taiwan,TW,TW,,23.5,121.0,TW,1,China,CH,CH,,35.0,105.0,CH,1,Taiwan,TW,TW,,23.5,121.0,TW,20170630093000,Consult,Verbal cooperation
669300179,20170630,201706,CHN,CHINESE,CHN,,,,,,,,USA,WASHINGTON,USA,,,,,,,,1,040,040,04,1,1.0,10,1,10,2.4390243902439,1,China,CH,CH,,35.0,105.0,CH,3,"Washington, District of Columbia, United States",US,USDC,DC001,38.8951,-77.0364,531871,3,"Washington, District of Columbia, United States",US,USDC,DC001,38.8951,-77.0364,531871,20170630094500,Consult,Verbal cooperation
669300180,20170630,201706,CHN,CHINA,CHN,,,,,,,,USA,WASHINGTON,USA,,,,,,,,1,061,061,06,2,6.4,6,1,6,0.476611481759987,4,"South China Sea, Brunei (general), Brunei",BX,BX00,,15.0,115.0,-1337919,3,"Washington, District of Columbia, United States",US,USDC,DC001,38.8951,-77.0364,531871,3,"Washington, District of Columbia, United States",US,USDC,DC001,38.8951,-77.0364,531871,20170630094500,Engage in material cooperation,Material cooperation
669300189,20170630,201706,CHN,CHINA,CHN,,,,,,,,USA,UNITED STATES,USA,,,,,,,,1,111,111,11,3,-2.0,6,1,6,-5.75757575757576,4,"Lu Kang, Anhui, China",CH,CH01,13144,31.2728,118.337,-1916844,1,United States,US,US,,38.0,-97.0,US,4,"Lu Kang, Anhui, China",CH,CH01,13144,31.2728,118.337,-1916844,20170630094500,Disapprove,Verbal conflict
669300192,20170630,201706,CHN,CHINESE,CHN,,,,,,,,USAGOV,US LEADER,USA,,,,,GOV,,,1,043,043,04,1,2.8,8,1,8,2.4390243902439,1,China,CH,CH,,35.0,105.0,CH,1,China,CH,CH,,35.0,105.0,CH,1,China,CH,CH,,35.0,105.0,CH,20170630094500,Consult,Verbal cooperation
669300193,20170630,201706,CHN,CHINESE,CHN,,,,,,,,USAGOV,US LEADER,USA,,,,,GOV,,,1,057,057,05,1,8.0,7,1,7,2.4390243902439,1,China,CH,CH,,35.0,105.0,CH,1,China,CH,CH,,35.0,105.0,CH,1,China,CH,CH,,35.0,105.0,CH,20170630094500,Engage in diplomatic cooperation,Verbal cooperation
669300218,20170630,201706,CHNGOV,CHINA,CHN,,,,,GOV,,,USA,WASHINGTON,USA,,,,,,,,1,020,020,02,1,3.0,20,1,20,-2.12765957446809,2,"Hawaii, United States",US,USHI,,21.1098,-157.531,HI,2,"Hawaii, United States",US,USHI,,21.1098,-157.531,HI,2,"Hawaii, United States",US,USHI,,21.1098,-157.531,HI,20170630094500,Appeal,Verbal cooperation
669300219,20170630,201706,CHNGOV,CHINESE,CHN,,,,,GOV,,,USA,WASHINGTON,USA,,,,,,,,1,100,100,10,3,-5.0,6,1,6,-1.41843971631206,4,"Beijing, Beijing, China",CH,CH22,13001,39.9289,116.388,-1898541,4,"Beijing, Beijing, China",CH,CH22,13001,39.9289,116.388,-1898541,4,"Beijing, Beijing, China",CH,CH22,13001,39.9289,116.388,-1898541,20170630094500,Demand,Verbal conflict
669301493,20170630,201706,USA,THE US,USA,,,,,,,,CHNBUS,CHINESE,CHN,,,,,BUS,,,1,112,112,11,3,-2.0,6,1,6,-4.50450450450451,4,"Dandong, Liaoning, China",CH,CH19,13182,40.1292,124.395,-1902084,4,"Dandong, Liaoning, China",CH,CH19,13182,40.1292,124.395,-1902084,4,"Dandong, Liaoning, China",CH,CH19,13182,40.1292,124.395,-1902084,20170630094500,Disapprove,Verbal conflict
669301636,20170630,201706,USAGOV,US LEADER,USA,,,,,GOV,,,CHN,CHINESE,CHN,,,,,,,,1,042,042,04,1,1.9,8,1,8,2.4390243902439,1,China,CH,CH,,35.0,105.0,CH,1,China,CH,CH,,35.0,105.0,CH,1,China,CH,CH,,35.0,105.0,CH,20170630094500,Consult,Verbal cooperation
669301637,20170630,201706,USAGOV,US LEADER,USA,,,,,GOV,,,CHN,CHINESE,CHN,,,,,,,,1,057,057,05,1,8.0,7,1,7,2.4390243902439,1,China,CH,CH,,35.0,105.0,CH,1,China,CH,CH,,35.0,105.0,CH,1,China,CH,CH,,35.0,105.0,CH,20170630094500,Engage in diplomatic cooperation,Verbal cooperation
669306050,20170630,201706,CHN,CHINESE,CHN,,,,,,,,USA,UNITED STATES,USA,,,,,,,,1,010,010,01,1,0.0,6,3,6,-3.52698918216212,2,"Florida, United States",US,USFL,,27.8333,-81.717,FL,1,North Korea,KN,KN,,40.0,127.0,KN,2,"Florida, United States",US,USFL,,27.8333,-81.717,FL,20170630101500,Make public statement,Verbal cooperation
669306051,20170630,201706,CHN,CHINESE,CHN,,,,,,,,USA,UNITED STATES,USA,,,,,,,,1,040,040,04,1,1.0,10,4,10,-3.53968105378126,4,"Beijing, Beijing, China",CH,CH22,13001,39.9289,116.388,-1898541,2,"Florida, United States",US,USFL,,27.8333,-81.717,FL,2,"Florida, United States",US,USFL,,27.8333,-81.717,FL,20170630101500,Consult,Verbal cooperation
669306054,20170630,201706,CHN,CHINA,CHN,,,,,,,,USA,UNITED STATES,USA,,,,,,,,1,111,111,11,3,-2.0,6,1,6,-5.70570570570571,4,"Pyongyang, P'yongyang-si, North Korea",KN,KN12,39681,39.0194,125.755,-183459,4,"Pyongyang, P'yongyang-si, North Korea",KN,KN12,39681,39.0194,125.755,-183459,4,"Pyongyang, P'yongyang-si, North Korea",KN,KN12,39681,39.0194,125.755,-183459,20170630101500,Disapprove,Verbal conflict
669306073,20170630,201706,CHNGOV,XI JINPING,CHN,,,,,GOV,,,USA,FLORIDA,USA,,,,,,,,1,040,040,04,1,1.0,13,4,13,-3.51932853907665,4,"Beijing, Beijing, China",CH,CH22,13001,39.9289,116.388,-1898541,1,North Korea,KN,KN,,40.0,127.0,KN,4,"Beijing, Beijing, China",CH,CH22,13001,39.9289,116.388,-1898541,20170630101500,Consult,Verbal cooperation
669307963,20170630,201706,USA,UNITED STATES,USA,,,,,,,,CHN,CHINESE,CHN,,,,,,,,1,040,040,04,1,1.0,16,4,16,-3.53492160192408,2,"Florida, United States",US,USFL,,27.8333,-81.717,FL,4,"Beijing, Beijing, China",CH,CH22,13001,39.9289,116.388,-1898541,2,"Florida, United States",US,USFL,,27.8333,-81.717,FL,20170630101500,Consult,Verbal cooperation
669307964,20170630,201706,USA,FLORIDA,USA,,,,,,,,CHNGOV,XI JINPING,CHN,,,,,GOV,,,1,040,040,04,1,1.0,21,4,21,-3.51276227357481,2,"Florida, United States",US,USFL,,27.8333,-81.717,FL,4,"Beijing, Beijing, China",CH,CH22,13001,39.9289,116.388,-1898541,4,"Beijing, Beijing, China",CH,CH22,13001,39.9289,116.388,-1898541,20170630101500,Consult,Verbal cooperation
669308116,20170630,201706,USAEDU,ILLINOIS,USA,,,,,EDU,,,CHN,CHINESE,CHN,,,,,,,,1,051,051,05,1,3.4,8,2,8,0.0,1,China,CH,CH,,35.0,105.0,CH,1,China,CH,CH,,35.0,105.0,CH,1,China,CH,CH,,35.0,105.0,CH,20170630101500,Engage in diplomatic cooperation,Verbal cooperation
669308117,20170630,201706,USAEDU,ILLINOIS,USA,,,,,EDU,,,CHNEDU,CHINESE,CHN,,,,,EDU,,,1,051,051,05,1,3.4,12,2,12,0.0,1,China,CH,CH,,35.0,105.0,CH,1,China,CH,CH,,35.0,105.0,CH,1,China,CH,CH,,35.0,105.0,CH,20170630101500,Engage in diplomatic cooperation,Verbal cooperation
669310642,20170630,201706,CHN,CHINA,CHN,,,,,,,,USA,UNITED STATES,USA,,,,,,,,1,110,110,11,3,-2.0,10,1,10,-10.958904109589,4,"Lu Kang, Anhui, China",CH,CH01,13144,31.2728,118.337,-1916844,4,"Beijing, Beijing, China",CH,CH22,13001,39.9289,116.388,-1898541,4,"Lu Kang, Anhui, China",CH,CH01,13144,31.2728,118.337,-1916844,20170630104500,Disapprove,Verbal conflict
669315443,20170630,201706,CHN,CHINA,CHN,,,,,,,,USA,THE US,USA,,,,,,,,1,010,010,01,1,0.0,6,1,6,-0.31948881789137,1,China,CH,CH,,35.0,105.0,CH,1,Canada,CA,CA,,60.0,-95.0,CA,1,China,CH,CH,,35.0,105.0,CH,20170630114500,Make public statement,Verbal cooperation
669315449,20170630,201706,CHN,CHINA,CHN,,,,,,,,USA,THE US,USA,,,,,,,,1,080,080,08,2,5.0,6,1,6,-0.31948881789137,1,China,CH,CH,,35.0,105.0,CH,1,Canada,CA,CA,,60.0,-95.0,CA,1,China,CH,CH,,35.0,105.0,CH,20170630114500,Yield,Material cooperation
669315453,20170630,201706,CHN,CHINA,CHN,,,,,,,,USA,UNITED STATES,USA,,,,,,,,1,111,111,11,3,-2.0,8,1,8,-6.1624649859944,4,"Dandong, Liaoning, China",CH,CH19,13182,40.1292,124.395,-1902084,1,United States,US,US,,38.0,-97.0,US,4,"Dandong, Liaoning, China",CH,CH19,13182,40.1292,124.395,-1902084,20170630114500,Disapprove,Verbal conflict
669315454,20170630,201706,CHN,CHINA,CHN,,,,,,,,USA,UNITED STATES,USA,,,,,,,,1,172,172,17,4,-5.0,10,1,10,-3.38983050847458,1,China,CH,CH,,35.0,105.0,CH,1,China,CH,CH,,35.0,105.0,CH,1,China,CH,CH,,35.0,105.0,CH,20170630114500,Coerce,Material conflict
669315466,20170630,201706,CHNGOV,CHINESE,CHN,,,,,GOV,,,USA,THE US,USA,,,,,,,,1,026,026,02,1,4.0,6,1,6,-2.36686390532544,4,"Seoul, Soul-t'ukpyolsi, South Korea",KS,KS11,24984,37.5664,127.0,-716583,4,"Dandong, Liaoning, China",CH,CH19,13182,40.1292,124.395,-1902084,4,"Dandong, Liaoning, China",CH,CH19,13182,40.1292,124.395,-1902084,20170630114500,Appeal,Verbal cooperation
669317899,20170630,201706,USA,UNITED STATES,USA,,,,,,,,CHN,CHINA,CHN,,,,,,,,1,080,080,08,2,5.0,6,1,6,-3.31384015594542,3,"Washington, District of Columbia, United States",US,USDC,DC001,38.8951,-77.0364,531871,4,"Beijing, Beijing, China",CH,CH22,13001,39.9289,116.388,-1898541,4,"Beijing, Beijing, China",CH,CH22,13001,39.9289,116.388,-1898541,20170630114500,Yield,Material cooperation
669317900,20170630,201706,USA,THE US,USA,,,,,,,,CHN,CHINA,CHN,,,,,,,,1,080,080,08,2,5.0,8,1,8,-6.22837370242215,1,China,CH,CH,,35.0,105.0,CH,1,Taiwan,TW,TW,,23.5,121.0,TW,1,Taiwan,TW,TW,,23.5,121.0,TW,20170630114500,Yield,Material cooperation
669321514,20170630,201706,CHN,CHINA,CHN,,,,,,,,USA,WASHINGTON,USA,,,,,,,,1,020,020,02,1,3.0,8,1,8,-3.38461538461538,4,"Taipei, T'ai-pei, Taiwan",TW,TW03,13277,25.0478,121.532,-2637882,4,"Beijing, Beijing, China",CH,CH22,13001,39.9289,116.388,-1898541,4,"Beijing, Beijing, China",CH,CH22,13001,39.9289,116.388,-1898541,20170630120000,Appeal,Verbal cooperation
669321538,20170630,201706,CHNGOV,CHINESE,CHN,,,,,GOV,,,USA,THE US,USA,,,,,,,,1,026,026,02,1,4.0,6,1,6,-2.90697674418604,4,"University Of Hong Kong, Hong Kong (general), Hong Kong",HK,HK00,13031,22.2833,114.133,-1353150,1,Taiwan,TW,TW,,23.5,121.0,TW,1,Taiwan,TW,TW,,23.5,121.0,TW,20170630120000,Appeal,Verbal cooperation
669323479,20170630,201706,USA,BOSTON,USA,,,,,,,,CHN,CHINA,CHN,,,,,,,,1,036,036,03,1,4.0,6,1,6,2.3121387283237,3,"Boston, Massachusetts, United States",US,USMA,MA025,42.3584,-71.0598,617565,1,China,CH,CH,,35.0,105.0,CH,3,"Boston, Massachusetts, United States",US,USMA,MA025,42.3584,-71.0598,617565,20170630120000,Express intent to cooperate,Verbal cooperation
669326677,20170630,201706,CHN,BEIJING,CHN,,,,,,,,USA,AMERICAN,USA,,,,,,,,1,043,043,04,1,2.8,8,1,8,-2.88153681963714,4,"Beijing, Beijing, China",CH,CH22,13001,39.9289,116.388,-1898541,3,"White House, District of Columbia, United States",US,USDC,,38.8951,-77.0364,531871,3,"White House, District of Columbia, United States",US,USDC,,38.8951,-77.0364,531871,20170630121500,Consult,Verbal cooperation
669328481,20170630,201706,USA,SAN DIEGO,USA,,,,,,,,CHNBUS,CHINESE,CHN,,,,,BUS,,,1,030,030,03,1,4.0,6,1,6,3.46666666666667,1,China,CH,CH,,35.0,105.0,CH,1,China,CH,CH,,35.0,105.0,CH,1,China,CH,CH,,35.0,105.0,CH,20170630121500,Express intent to cooperate,Verbal cooperation
669331528,20170630,201706,CHN,CHINA,CHN,,,,,,,,USA,THE US,USA,,,,,,,,1,110,110,11,3,-2.0,10,1,10,-3.68852459016394,4,"Beijing, Beijing, China",CH,CH22,13001,39.9289,116.388,-1898541,4,"Beijing, Beijing, China",CH,CH22,13001,39.9289,116.388,-1898541,4,"Beijing, Beijing, China",CH,CH22,13001,39.9289,116.388,-1898541,20170630123000,Disapprove,Verbal conflict
669336207,20170630,201706,USA,THE US,USA,,,,,,,,CHN,CHINA,CHN,,,,,,,,1,051,051,05,1,3.4,6,1,6,-2.08845208845209,4,"Nathu-La, India (general), India",IN,IN00,17862,27.4,88.8167,-2105882,4,"Nathu-La, India (general), India",IN,IN00,17862,27.4,88.8167,-2105882,4,"Beijing, Beijing, China",CH,CH22,13001,39.9289,116.388,-1898541,20170630124500,Engage in diplomatic cooperation,Verbal cooperation
669351451,20170630,201706,CHN,CHINA,CHN,,,,,,,,USA,A US,USA,,,,,,,,1,111,111,11,3,-2.0,10,1,10,-11.4942528735632,1,China,CH,CH,,35.0,105.0,CH,1,North Korea,KN,KN,,40.0,127.0,KN,1,North Korea,KN,KN,,40.0,127.0,KN,20170630140000,Disapprove,Verbal conflict
669351482,20170630,201706,CHNGOV,CHINESE,CHN,,,,,GOV,,,USA,WASHINGTON,USA,,,,,,,,1,010,010,01,1,0.0,30,1,30,0.780695947282718,4,"Lu Kang, Anhui, China",CH,CH01,13144,31.2728,118.337,-1916844,3,"Washington, District of Columbia, United States",US,USDC,DC001,38.8951,-77.0364,531871,4,"Lu Kang, Anhui, China",CH,CH01,13144,31.2728,118.337,-1916844,20170630140000,Make public statement,Verbal cooperation
669351485,20170630,201706,CHNGOV,CHINESE,CHN,,,,,GOV,,,USA,WASHINGTON,USA,,,,,,,,1,114,114,11,3,-2.0,36,1,36,0.746581412828618,4,"Lu Kang, Anhui, China",CH,CH01,13144,31.2728,118.337,-1916844,3,"Washington, District of Columbia, United States",US,USDC,DC001,38.8951,-77.0364,531871,4,"Beijing, Beijing, China",CH,CH22,13001,39.9289,116.388,-1898541,20170630140000,Disapprove,Verbal conflict
669356240,20170630,201706,CHN,CHINA,CHN,,,,,,,,USAMED,WALL STREET JOURNAL,USA,,,,,MED,,,1,040,040,04,1,1.0,6,1,6,5.37084398976982,1,Poland,PL,PL,,52.0,20.0,PL,4,"Hangzhou, Zhejiang, China",CH,CH02,13319,30.2553,120.169,-1908366,4,"Xinchang, Sichuan, China",CH,CH32,13003,32.1485,105.86,10385532,20170630141500,Consult,Verbal cooperation
669358113,20170630,201706,USAGOV,US AMBASSADOR,USA,,,,,GOV,,,CHN,CHINA,CHN,,,,,,,,1,051,051,05,1,3.4,8,2,8,1.74471992653811,1,China,CH,CH,,35.0,105.0,CH,1,China,CH,CH,,35.0,105.0,CH,1,China,CH,CH,,35.0,105.0,CH,20170630141500,Engage in diplomatic cooperation,Verbal cooperation
669358163,20170630,201706,USAMED,WALL STREET JOURNAL,USA,,,,,MED,,,CHN,CHINA,CHN,,,,,,,,1,040,040,04,1,1.0,8,1,8,5.37084398976982,4,"Sanhua, Guangdong, China",CH,CH30,13057,21.6801,110.466,10301223,4,"Sanhua, Guangdong, China",CH,CH30,13057,21.6801,110.466,10301223,4,"Sanhua, Guangdong, China",CH,CH30,13057,21.6801,110.466,10301223,20170630141500,Consult,Verbal cooperation
669363119,20170630,201706,USA,AMERICAN,USA,,,,,,,,CHN,CHINA,CHN,,,,,,,,1,173,173,17,4,-5.0,8,1,8,-2.0,1,United States,US,US,,38.0,-97.0,US,1,China,CH,CH,,35.0,105.0,CH,1,United States,US,US,,38.0,-97.0,US,20170630144500,Coerce,Material conflict
669370750,20160630,201606,USA,WASHINGTON,USA,,,,,,,,CHNGOV,CHINESE,CHN,,,,,GOV,,,1,051,051,05,1,3.4,6,1,6,5.39499036608863,1,China,CH,CH,,35.0,105.0,CH,1,China,CH,CH,,35.0,105.0,CH,1,China,CH,CH,,35.0,105.0,CH,20170630153000,Engage in diplomatic cooperation,Verbal cooperation
669373795,20170630,201706,USA,UNITED STATES,USA,,,,,,,,CHN,CHINA,CHN,,,,,,,,1,110,110,11,3,-2.0,8,1,8,-0.4231311706629,1,United States,US,US,,38.0,-97.0,US,4,"Chen Zhu, Jiangsu, China",CH,CH04,13152,33.8333,119.883,-3866325,4,"Chen Zhu, Jiangsu, China",CH,CH04,13152,33.8333,119.883,-3866325,20170630153000,Disapprove,Verbal conflict
669376866,20170630,201706,CHN,BEIJING,CHN,,,,,,,,USA,AMERICAN,USA,,,,,,,,1,051,051,05,1,3.4,8,1,8,3.6745406824147,1,Japan,JA,JA,,36.0,138.0,JA,1,Canada,CA,CA,,60.0,-95.0,CA,1,Canada,CA,CA,,60.0,-95.0,CA,20170630154500,Engage in diplomatic cooperation,Verbal cooperation
669379308,20170630,201706,USAEDU,ILLINOIS,USA,,,,,EDU,,,CHNEDU,CHINESE,CHN,,,,,EDU,,,1,042,042,04,1,1.9,6,1,6,0.0,3,"University Of Illinois, Illinois, United States",US,USIL,IL019,40.1086,-88.2284,420156,3,"University Of Illinois, Illinois, United States",US,USIL,,40.1086,-88.2284,420156,3,"University Of Illinois, Illinois, United States",US,USIL,,40.1086,-88.2284,420156,20170630154500,Consult,Verbal cooperation
669386760,20170630,201706,CHN,CHINA,CHN,,,,,,,,USA,THE US,USA,,,,,,,,1,111,111,11,3,-2.0,10,1,10,-5.62770562770563,1,China,CH,CH,,35.0,105.0,CH,4,"Shayrat, ?ims, Syria",SY,SY11,26358,34.4928,36.9463,-2547650,4,"Shayrat, ?ims, Syria",SY,SY11,26358,34.4928,36.9463,-2547650,20170630163000,Disapprove,Verbal conflict
669386763,20170630,201706,CHN,CHINA,CHN,,,,,,,,USAGOV,US OFFICIAL,USA,,,,,GOV,,,1,043,043,04,1,2.8,10,1,10,1.61579892280072,4,"Beijing, Beijing, China",CH,CH22,13001,39.9289,116.388,-1898541,4,"Beijing, Beijing, China",CH,CH22,13001,39.9289,116.388,-1898541,4,"Beijing, Beijing, China",CH,CH22,13001,39.9289,116.388,-1898541,20170630163000,Consult,Verbal cooperation
669388874,20170630,201706,USA,IOWA,USA,,,,,,,,CHN,CHINA,CHN,,,,,,,,1,036,036,03,1,4.0,6,1,6,-1.99004975124379,2,"Iowa, United States",US,USIA,,42.0046,-93.214,IA,1,China,CH,CH,,35.0,105.0,CH,1,China,CH,CH,,35.0,105.0,CH,20170630163000,Express intent to cooperate,Verbal cooperation
669389170,20170630,201706,USAGOV,US OFFICIAL,USA,,,,,GOV,,,CHN,CHINA,CHN,,,,,,,,1,042,042,04,1,1.9,10,1,10,1.61579892280072,4,"Beijing, Beijing, China",CH,CH22,13001,39.9289,116.388,-1898541,4,"Beijing, Beijing, China",CH,CH22,13001,39.9289,116.388,-1898541,4,"Beijing, Beijing, China",CH,CH22,13001,39.9289,116.388,-1898541,20170630163000,Consult,Verbal cooperation
669389173,20170630,201706,USAGOV,US OFFICIAL,USA,,,,,GOV,,,CHN,CHINA,CHN,,,,,,,,1,051,051,05,1,3.4,6,1,6,1.61579892280072,2,"Nebraska, United States",US,USNE,,41.1289,-98.2883,NE,2,"Nebraska, United States",US,USNE,,41.1289,-98.2883,NE,2,"Nebraska, United States",US,USNE,,41.1289,-98.2883,NE,20170630163000,Engage in diplomatic cooperation,Verbal cooperation
669389174,20170630,201706,USAGOV,THE US,USA,,,,,GOV,,,CHN,BEIJING,CHN,,,,,,,,1,057,057,05,1,8.0,10,1,10,-3.7037037037037,4,"Beijing, Beijing, China",CH,CH22,13001,39.9289,116.388,-1898541,4,"Beijing, Beijing, China",CH,CH22,13001,39.9289,116.388,-1898541,4,"Beijing, Beijing, China",CH,CH22,13001,39.9289,116.388,-1898541,20170630163000,Engage in diplomatic cooperation,Verbal cooperation
669393667,20170630,201706,USA,IOWA,USA,,,,,,,,CHN,CHINA,CHN,,,,,,,,1,0311,031,03,1,5.2,8,1,8,5.2219321148825,2,"Iowa, United States",US,USIA,,42.0046,-93.214,IA,1,China,CH,CH,,35.0,105.0,CH,1,China,CH,CH,,35.0,105.0,CH,20170630164500,Express intent to cooperate,Verbal cooperation
669393670,20170630,201706,USA,AMERICAN,USA,,,,,,,,CHN,CHINESE,CHN,,,,,,,,1,036,036,03,1,4.0,8,1,8,1.57790927021697,3,"Hollywood, California, United States",US,USCA,CA037,34.0983,-118.327,1660757,4,"Nansun, Zhejiang, China",CH,CH02,13323,30.8334,120.053,11018529,4,"Nansun, Zhejiang, China",CH,CH02,13323,30.8334,120.053,11018529,20170630164500,Express intent to cooperate,Verbal cooperation
669393673,20170630,201706,USA,IOWA,USA,,,,,,,,CHN,CHINA,CHN,,,,,,,,1,061,061,06,2,6.4,16,2,16,4.11598029907429,2,"Iowa, United States",US,USIA,,42.0046,-93.214,IA,2,"Iowa, United States",US,USIA,,42.0046,-93.214,IA,2,"Iowa, United States",US,USIA,,42.0046,-93.214,IA,20170630164500,Engage in material cooperation,Material cooperation
669396520,20170630,201706,CHN,BEIJING,CHN,,,,,,,,USA,THE US,USA,,,,,,,,1,072,072,07,2,8.3,10,1,10,-0.48309178743962,4,"Beijing, Beijing, China",CH,CH22,13001,39.9289,116.388,-1898541,4,"Beijing, Beijing, China",CH,CH22,13001,39.9289,116.388,-1898541,4,"Beijing, Beijing, China",CH,CH22,13001,39.9289,116.388,-1898541,20170630171500,Provide aid,Material cooperation
669399498,20170630,201706,CHN,CHINA,CHN,,,,,,,,USAMED,REUTERS,USA,,,,,MED,,,1,111,111,11,3,-2.0,6,1,6,-1.92263879396091,3,"Washington, District of Columbia, United States",US,USDC,DC001,38.8951,-77.0364,531871,3,"Washington, District of Columbia, United States",US,USDC,DC001,38.8951,-77.0364,531871,3,"Washington, District of Columbia, United States",US,USDC,DC001,38.8951,-77.0364,531871,20170630173000,Disapprove,Verbal conflict
669414876,20170630,201706,CHN,CHINA,CHN,,,,,,,,USACVL,CENTER FOR STRATEGIC AND INTERNATIONAL STUDIES,USA,,,,,CVL,,,1,084,084,08,2,7.0,10,1,10,-3.78151260504202,1,Spratly Islands,PG,PG,,10.369,115.06,PG,1,Spratly Islands,PG,PG,,10.369,115.06,PG,1,Spratly Islands,PG,PG,,10.369,115.06,PG,20170630191500,Yield,Material cooperation
669417068,20170630,201706,USA,AMERICAN,USA,,,,,,,,CHN,CHINA,CHN,,,,,,,,1,061,061,06,2,6.4,7,1,7,0.94339622641509,1,China,CH,CH,,35.0,105.0,CH,1,China,CH,CH,,35.0,105.0,CH,1,China,CH,CH,,35.0,105.0,CH,20170630191500,Engage in material cooperation,Material cooperation
669417591,20170630,201706,USAMED,REUTERS,USA,,,,,MED,,,CHN,BEIJING,CHN,,,,,,,,1,112,112,11,3,-2.0,8,1,8,-3.78151260504202,4,"Beijing, Beijing, China",CH,CH22,13001,39.9289,116.388,-1898541,4,"Beijing, Beijing, China",CH,CH22,13001,39.9289,116.388,-1898541,4,"Beijing, Beijing, China",CH,CH22,13001,39.9289,116.388,-1898541,20170630191500,Disapprove,Verbal conflict
669425757,20170630,201706,USA,NEW YORK,USA,,,,,,,,CHNGOV,CHINESE,CHN,,,,,GOV,,,1,081,081,08,2,5.0,6,1,6,-3.70898716119828,4,"Shenyang, Liaoning, China",CH,CH19,13177,41.7922,123.433,-1925258,4,"Shenyang, Liaoning, China",CH,CH19,13177,41.7922,123.433,-1925258,4,"Shenyang, Liaoning, China",CH,CH19,13177,41.7922,123.433,-1925258,20170630194500,Yield,Material cooperation
669430233,20170630,201706,USA,UNITED STATES,USA,,,,,,,,CHN,CHINA,CHN,,,,,,,,1,111,111,11,3,-2.0,6,1,6,-1.19356512714064,2,"Florida, United States",US,USFL,,27.8333,-81.717,FL,4,"Republic Of China, Taiwan (general), Taiwan",TW,TW00,13277,24.0,121.0,-2637939,4,"Republic Of China, Taiwan (general), Taiwan",TW,TW00,13277,24.0,121.0,-2637939,20170630200000,Disapprove,Verbal conflict
669432672,20170630,201706,CHN,CHINESE,CHN,,,,,,,,USA,UNITED STATES,USA,,,,,,,,1,112,112,11,3,-2.0,6,1,6,-10.3448275862069,1,China,CH,CH,,35.0,105.0,CH,2,"Pennsylvania, United States",US,USPA,,40.5773,-77.264,PA,2,"Pennsylvania, United States",US,USPA,,40.5773,-77.264,PA,20170630203000,Disapprove,Verbal conflict
669434858,20170630,201706,USAMED,ASSOCIATED PRESS,USA,,,,,MED,,,CHN,CHINA,CHN,,,,,,,,1,080,080,08,2,5.0,10,1,10,1.42857142857143,4,"Beijing, Beijing, China",CH,CH22,13001,39.9289,116.388,-1898541,4,"Beijing, Beijing, China",CH,CH22,13001,39.9289,116.388,-1898541,4,"Beijing, Beijing, China",CH,CH22,13001,39.9289,116.388,-1898541,20170630203000,Yield,Material cooperation
669440527,20170630,201706,CHN,CHINA,CHN,,,,,,,,USA,THE US,USA,,,,,,,,1,043,043,04,1,2.8,8,1,8,-2.23642172523962,4,"Dandong, Liaoning, China",CH,CH19,13182,40.1292,124.395,-1902084,4,"Dandong, Liaoning, China",CH,CH19,13182,40.1292,124.395,-1902084,4,"Dandong, Liaoning, China",CH,CH19,13182,40.1292,124.395,-1902084,20170630210000,Consult,Verbal cooperation
669441817,20170630,201706,USA,THE US,USA,,,,,,,,CHN,CHINA,CHN,,,,,,,,1,042,042,04,1,1.9,10,1,10,-2.23642172523962,2,"Hawaii, United States",US,USHI,,21.1098,-157.531,HI,2,"Hawaii, United States",US,USHI,,21.1098,-157.531,HI,2,"Hawaii, United States",US,USHI,,21.1098,-157.531,HI,20170630210000,Consult,Verbal cooperation
669441818,20170630,201706,USA,UNITED STATES,USA,,,,,,,,CHN,CHINA,CHN,,,,,,,,1,090,090,09,2,-2.0,6,1,6,-1.11940298507463,2,"South Carolina, United States",US,USSC,,33.8191,-80.9066,SC,2,"South Carolina, United States",US,USSC,,33.8191,-80.9066,SC,2,"South Carolina, United States",US,USSC,,33.8191,-80.9066,SC,20170630210000,Investigate,Material cooperation
669444012,20170630,201706,CHN,BEIJING,CHN,,,,,,,,USA,THE US,USA,,,,,,,,1,020,020,02,1,3.0,8,1,8,-2.33766233766233,4,"Lu Kang, Zhanghua Xian, Taiwan",TW,TW05,13277,24.0558,120.435,-2633646,4,"Beijing, Beijing, China",CH,CH22,13001,39.9289,116.388,-1898541,4,"Beijing, Beijing, China",CH,CH22,13001,39.9289,116.388,-1898541,20170630211500,Appeal,Verbal cooperation
669444013,20170630,201706,CHN,CHINA,CHN,,,,,,,,USA,NEBRASKA,USA,,,,,,,,1,051,051,05,1,3.4,8,1,8,3.68098159509202,4,"Beijing, Beijing, China",CH,CH22,13001,39.9289,116.388,-1898541,2,"Nebraska, United States",US,USNE,,41.1289,-98.2883,NE,2,"Nebraska, United States",US,USNE,,41.1289,-98.2883,NE,20170630211500,Engage in diplomatic cooperation,Verbal cooperation
669450452,20170630,201706,CHN,CHINA,CHN,,,,,,,,USACVL,CENTER FOR STRATEGIC AND INTERNATIONAL STUDIES,USA,,,,,CVL,,,1,042,042,04,1,1.9,6,1,6,-3.06748466257669,4,"Beijing, Beijing, China",CH,CH22,13001,39.9289,116.388,-1898541,4,"Beijing, Beijing, China",CH,CH22,13001,39.9289,116.388,-1898541,4,"Beijing, Beijing, China",CH,CH22,13001,39.9289,116.388,-1898541,20170630221500,Consult,Verbal cooperation
669452395,20170630,201706,USACVL,CENTER FOR STRATEGIC AND INTERNATIONAL STUDIES,USA,,,,,CVL,,,CHN,CHINA,CHN,,,,,,,,1,043,043,04,1,2.8,10,1,10,-3.06748466257669,4,"Beijing, Beijing, China",CH,CH22,13001,39.9289,116.388,-1898541,4,"Beijing, Beijing, China",CH,CH22,13001,39.9289,116.388,-1898541,4,"Beijing, Beijing, China",CH,CH22,13001,39.9289,116.388,-1898541,20170630221500,Consult,Verbal cooperation
669462469,20170630,201706,USA,IOWA,USA,,,,,,,,CHN,CHINA,CHN,,,,,,,,1,085,085,08,2,7.0,8,1,8,2.5,2,"Iowa, United States",US,USIA,,42.0046,-93.214,IA,1,China,CH,CH,,35.0,105.0,CH,1,China,CH,CH,,35.0,105.0,CH,20170630230000,Yield,Material cooperation
669465286,20170630,201706,USA,WASHINGTON,USA,,,,,,,,CHNBUS,CHINESE,CHN,,,,,BUS,,,1,160,160,16,4,-4.0,6,1,6,-4.87804878048781,1,North Korea,KN,KN,,40.0,127.0,KN,1,North Korea,KN,KN,,40.0,127.0,KN,1,North Korea,KN,KN,,40.0,127.0,KN,20170630231500,Reduce relations,Material conflict
669467744,20170630,201706,USA,AMERICAN,USA,,,,,,,,CHN,CHINA,CHN,,,,,,,,1,051,051,05,1,3.4,6,1,6,-4.10958904109589,3,"White House, District of Columbia, United States",US,USDC,,38.8951,-77.0364,531871,4,"Beijing, Beijing, China",CH,CH22,13001,39.9289,116.388,-1898541,3,"White House, District of Columbia, United States",US,USDC,,38.8951,-77.0364,531871,20170630233000,Engage in diplomatic cooperation,Verbal cooperation
