GLOBALEVENTID,SQLDATE,MonthYear,Actor1Code,Actor1Name,Actor1CountryCode,Actor1KnownGroupCode,Actor1EthnicCode,Actor1Religion1Code,Actor1Religion2Code,Actor1Type1Code,Actor1Type2Code,Actor1Type3Code,Actor2Code,Actor2Name,Actor2CountryCode,Actor2KnownGroupCode,Actor2EthnicCode,Actor2Religion1Code,Actor2Religion2Code,Actor2Type1Code,Actor2Type2Code,Actor2Type3Code,IsRootEvent,EventCode,EventBaseCode,EventRootCode,QuadClass,GoldsteinScale,NumMentions,NumSources,NumArticles,AvgTone,Actor1Geo_Type,Actor1Geo_FullName,Actor1Geo_CountryCode,Actor1Geo_ADM1Code,Actor1Geo_ADM2Code,Actor1Geo_Lat,Actor1Geo_Long,Actor1Geo_FeatureID,Actor2Geo_Type,Actor2Geo_FullName,Actor2Geo_CountryCode,Actor2Geo_ADM1Code,Actor2Geo_ADM2Code,Actor2Geo_Lat,Actor2Geo_Long,Actor2Geo_FeatureID,ActionGeo_Type,ActionGeo_FullName,ActionGeo_CountryCode,ActionGeo_ADM1Code,ActionGeo_ADM2Code,ActionGeo_Lat,ActionGeo_Long,ActionGeo_FeatureID,SourceFileTimestamp,EventRootName,QuadClassName
890025567,20191201,201912,USA,UNITED STATES,USA,,,,,,,,CHN,CHINA,CHN,,,,,,,,1,130,130,13,3,-4.4,8,1,8,-3.58422939068101,3,"Washington, District of Columbia, United States",US,USDC,DC001,38.8951,-77.0364,531871,1,China,CH,CH,,35.0,105.0,CH,3,"Washington, District of Columbia, United States",US,USDC,DC001,38.8951,-77.0364,531871,20191201004500,Threaten,Verbal conflict
890025568,20191201,201912,USA,UNITED STATES,USA,,,,,,,,CHN,CHINA,CHN,,,,,,,,1,160,160,16,4,-4.0,8,1,8,-3.58422939068101,3,"Washington, District of Columbia, United States",US,USDC,DC001,38.8951,-77.0364,531871,1,China,CH,CH,,35.0,105.0,CH,1,China,CH,CH,,35.0,105.0,CH,20191201004500,Reduce relations,Material conflict
890027083,20191201,201912,CHN,CHINA,CHN,,,,,,,,USA,WASHINGTON,USA,,,,,,,,1,061,061,06,2,6.4,10,1,10,-2.48447204968944,4,"Beijing, Beijing, China",CH,CH22,13001,39.9289,116.388,-1898541,3,"Washington, District of Columbia, United States",US,USDC,DC001,38.8951,-77.0364,531871,4,"Beijing, Beijing, China",CH,CH22,13001,39.9289,116.388,-1898541,20191201010000,Engage in material cooperation,Material cooperation
890031120,20191201,201912,CHN,CHINA,CHN,,,,,,,,MNCUSAMED,GOOGLE,USA,,,,,MNC,MED,,1,172,172,17,4,-5.0,10,1,10,-1.77111716621254,3,"Washington, District of Columbia, United States",US,USDC,DC001,38.8951,-77.0364,531871,3,"Washington, District of Columbia, United States",US,USDC,DC001,38.8951,-77.0364,531871,3,"Washington, District of Columbia, United States",US,USDC,DC001,38.8951,-77.0364,531871,20191201014500,Coerce,Material conflict
890040700,20191201,201912,CHN,BEIJING,CHN,,,,,,,,USA,UNITED STATES,USA,,,,,,,,1,173,173,17,4,-5.0,6,1,6,-6.94444444444445,1,Hong Kong,HK,HK,,22.25,114.166667,HK,4,"Shenzhen, Guangdong, China",CH,CH30,13036,22.2,111.117,-1925267,1,Hong Kong,HK,HK,,22.25,114.166667,HK,20191201034500,Coerce,Material conflict
890041616,20191201,201912,CHN,BEIJING,CHN,,,,,,,,USAMED,REUTERS,USA,,,,,MED,,,1,046,046,04,1,7.0,10,1,10,1.33333333333334,3,"White House, District of Columbia, United States",US,USDC,,38.8951,-77.0364,531871,3,"White House, District of Columbia, United States",US,USDC,,38.8951,-77.0364,531871,3,"White House, District of Columbia, United States",US,USDC,,38.8951,-77.0364,531871,20191201040000,Consult,Verbal cooperation
890042029,20191201,201912,USAMED,REUTERS,USA,,,,,MED,,,CHN,CHINA,CHN,,,,,,,,1,046,046,04,1,7.0,6,1,6,1.33333333333334,4,"Beijing, Beijing, China",CH,CH22,13001,39.9289,116.388,-1898541,4,"Diaoyutai, Henan, China",CH,CH09,13111,33.8072,111.925,6001729,4,"Diaoyutai, Henan, China",CH,CH09,13111,33.8072,111.925,6001729,20191201040000,Consult,Verbal cooperation
890042561,20191201,201912,CHN,CHINA,CHN,,,,,,,,USA,AMERICAN,USA,,,,,,,,1,100,100,10,3,-5.0,6,1,6,-1.78571428571428,1,United States,US,US,,39.828175,-98.5795,US,1,United States,US,US,,39.828175,-98.5795,US,1,United States,US,US,,39.828175,-98.5795,US,20191201041500,Demand,Verbal conflict
890049430,20191201,201912,CHN,NINGBO,CHN,,,,,,,,MNCUSA,MCDERMOTT INTERNATIONAL,USA,,,,,MNC,,,1,043,043,04,1,2.8,8,1,8,0.813743218806507,4,"Ningbo, Zhejiang, China",CH,CH02,13327,29.8782,121.549,-1920233,3,"Houston, Texas, United States",US,USTX,TX201,29.7633,-95.3633,1380948,4,"Ningbo, Zhejiang, China",CH,CH02,13327,29.8782,121.549,-1920233,20191201054500,Consult,Verbal cooperation
890049803,20191201,201912,MNCUSA,MCDERMOTT INTERNATIONAL,USA,,,,,MNC,,,CHN,NINGBO,CHN,,,,,,,,1,042,042,04,1,1.9,8,1,8,0.813743218806507,3,"Houston, Texas, United States",US,USTX,TX201,29.7633,-95.3633,1380948,4,"Ningbo, Zhejiang, China",CH,CH02,13327,29.8782,121.549,-1920233,4,"Ningbo, Zhejiang, China",CH,CH02,13327,29.8782,121.549,-1920233,20191201054500,Consult,Verbal cooperation
890052302,20191201,201912,CHN,CHINA,CHN,,,,,,,,USA,THE US,USA,,,,,,,,1,057,057,05,1,8.0,16,1,16,-1.22699386503067,4,"Beijing, Beijing, China",CH,CH22,13001,39.9289,116.388,-1898541,4,"Beijing, Beijing, China",CH,CH22,13001,39.9289,116.388,-1898541,1,Hong Kong,HK,HK,,22.25,114.166667,HK,20191201061500,Engage in diplomatic cooperation,Verbal cooperation
890052821,20191201,201912,USA,THE US,USA,,,,,,,,CHN,CHINA,CHN,,,,,,,,1,057,057,05,1,8.0,12,1,12,-1.22699386503067,4,"Bursa, Bursa, Turkey",TU,TU16,27677,40.1917,29.0611,-740501,4,"Bursa, Bursa, Turkey",TU,TU16,27677,40.1917,29.0611,-740501,4,"Bursa, Bursa, Turkey",TU,TU16,27677,40.1917,29.0611,-740501,20191201061500,Engage in diplomatic cooperation,Verbal cooperation
890052886,20191201,201912,USAGOV,THE US,USA,,,,,GOV,,,CHN,CHINA,CHN,,,,,,,,1,020,020,02,1,3.0,20,1,20,-1.22699386503067,1,Hong Kong,HK,HK,,22.25,114.166667,HK,4,"Beijing, Beijing, China",CH,CH22,13001,39.9289,116.388,-1898541,1,Hong Kong,HK,HK,,22.25,114.166667,HK,20191201061500,Appeal,Verbal cooperation
890059226,20191201,201912,CHN,CHINESE,CHN,,,,,,,,USA,AMERICAN,USA,,,,,,,,1,036,036,03,1,4.0,7,1,7,1.29171151776104,1,China,CH,CH,,35.0,105.0,CH,3,"Hollywood, California, United States",US,USCA,CA037,34.0983,-118.327,1660757,1,China,CH,CH,,35.0,105.0,CH,20191201074500,Express intent to cooperate,Verbal cooperation
890059229,20191201,201912,CHN,CHINA,CHN,,,,,,,,USA,AMERICAN,USA,,,,,,,,1,043,043,04,1,2.8,6,1,6,1.29171151776104,1,China,CH,CH,,35.0,105.0,CH,3,"Hollywood, California, United States",US,USCA,CA037,34.0983,-118.327,1660757,1,China,CH,CH,,35.0,105.0,CH,20191201074500,Consult,Verbal cooperation
890059882,20191201,201912,USA,AMERICAN,USA,,,,,,,,CHN,CHINESE,CHN,,,,,,,,1,036,036,03,1,4.0,7,1,7,1.29171151776104,3,"Hollywood, California, United States",US,USCA,CA037,34.0983,-118.327,1660757,1,China,CH,CH,,35.0,105.0,CH,1,China,CH,CH,,35.0,105.0,CH,20191201074500,Express intent to cooperate,Verbal cooperation
890059884,20191201,201912,USA,AMERICAN,USA,,,,,,,,CHN,CHINA,CHN,,,,,,,,1,042,042,04,1,1.9,10,1,10,1.29171151776104,3,"Hollywood, California, United States",US,USCA,CA037,34.0983,-118.327,1660757,3,"Hollywood, California, United States",US,USCA,CA037,34.0983,-118.327,1660757,3,"Hollywood, California, United States",US,USCA,CA037,34.0983,-118.327,1660757,20191201074500,Consult,Verbal cooperation
890064580,20191201,201912,USA,UNITED STATES,USA,,,,,,,,CHNGOV,CHINESE,CHN,,,,,GOV,,,1,112,112,11,3,-2.0,6,1,6,-2.47933884297521,1,United States,US,US,,39.828175,-98.5795,US,1,China,CH,CH,,35.0,105.0,CH,1,United States,US,US,,39.828175,-98.5795,US,20191201083000,Disapprove,Verbal conflict
890074977,20191201,201912,USA,UNITED STATES,USA,,,,,,,,CHNGOV,CHINESE,CHN,,,,,GOV,,,1,112,112,11,3,-2.0,6,1,6,-2.03562340966921,2,"Illinois, United States",US,USIL,,40.3363,-89.0022,IL,1,China,CH,CH,,35.0,105.0,CH,2,"Illinois, United States",US,USIL,,40.3363,-89.0022,IL,20191201103000,Disapprove,Verbal conflict
890080742,20191201,201912,USA,UNITED STATES,USA,,,,,,,,CHN,CHINA,CHN,,,,,,,,1,014,014,01,1,0.0,18,1,10,0.25510204081633,1,United States,US,US,,39.828175,-98.5795,US,4,"Beijing, Beijing, China",CH,CH22,13001,39.9289,116.388,-1898541,1,United States,US,US,,39.828175,-98.5795,US,20191201113000,Make public statement,Verbal cooperation
890080743,20191201,201912,USA,UNITED STATES,USA,,,,,,,,CHN,CHINA,CHN,,,,,,,,1,070,070,07,2,7.0,8,1,8,0.25510204081633,4,"Beijing, Beijing, China",CH,CH22,13001,39.9289,116.388,-1898541,4,"Beijing, Beijing, China",CH,CH22,13001,39.9289,116.388,-1898541,4,"Beijing, Beijing, China",CH,CH22,13001,39.9289,116.388,-1898541,20191201113000,Provide aid,Material cooperation
890080744,20191201,201912,USA,UNITED STATES,USA,,,,,,,,CHN,CHINA,CHN,,,,,,,,1,070,070,07,2,7.0,8,1,8,0.25510204081633,1,United States,US,US,,39.828175,-98.5795,US,4,"Beijing, Beijing, China",CH,CH22,13001,39.9289,116.388,-1898541,1,United States,US,US,,39.828175,-98.5795,US,20191201113000,Provide aid,Material cooperation
890081736,20191201,201912,CHN,BEIJING,CHN,,,,,,,,USA,UNITED STATES,USA,,,,,,,,1,112,112,11,3,-2.0,10,1,10,-9.72222222222226,1,Hong Kong,HK,HK,,22.25,114.166667,HK,1,Hong Kong,HK,HK,,22.25,114.166667,HK,1,Hong Kong,HK,HK,,22.25,114.166667,HK,20191201114500,Disapprove,Verbal conflict
890089331,20191201,201912,CHN,CHINA,CHN,,,,,,,,USA,UNITED STATES,USA,,,,,,,,1,036,036,03,1,4.0,6,1,6,0.9933774834437,1,China,CH,CH,,35.0,105.0,CH,2,"Missouri, United States",US,USMO,,38.4623,-92.302,MO,2,"Illinois, United States",US,USIL,,40.3363,-89.0022,IL,20191201130000,Express intent to cooperate,Verbal cooperation
890089332,20191201,201912,CHN,CHINA,CHN,,,,,,,,USAAGR,MISSOURI,USA,,,,,AGR,,,1,036,036,03,1,4.0,10,1,10,0.9933774834437,1,China,CH,CH,,35.0,105.0,CH,2,"Missouri, United States",US,USMO,,38.4623,-92.302,MO,2,"Illinois, United States",US,USIL,,40.3363,-89.0022,IL,20191201130000,Express intent to cooperate,Verbal cooperation
890089952,20191201,201912,USA,UNITED STATES,USA,,,,,,,,CHN,CHINA,CHN,,,,,,,,1,036,036,03,1,4.0,6,1,6,0.9933774834437,2,"Missouri, United States",US,USMO,,38.4623,-92.302,MO,1,China,CH,CH,,35.0,105.0,CH,2,"Illinois, United States",US,USIL,,40.3363,-89.0022,IL,20191201130000,Express intent to cooperate,Verbal cooperation
890090015,20191201,201912,USAAGR,MISSOURI,USA,,,,,AGR,,,CHN,CHINA,CHN,,,,,,,,1,036,036,03,1,4.0,10,1,10,0.9933774834437,2,"Missouri, United States",US,USMO,,38.4623,-92.302,MO,2,"Missouri, United States",US,USMO,,38.4623,-92.302,MO,2,"Missouri, United States",US,USMO,,38.4623,-92.302,MO,20191201130000,Express intent to cooperate,Verbal cooperation
890095255,20191201,201912,CHNGOV,XI JINPING,CHN,,,,,GOV,,,USA,WASHINGTON,USA,,,,,,,,1,112,112,11,3,-2.0,10,1,10,-2.54777070063694,3,"Washington, District of Columbia, United States",US,USDC,DC001,38.8951,-77.0364,531871,3,"Washington, District of Columbia, United States",US,USDC,DC001,38.8951,-77.0364,531871,3,"Washington, District of Columbia, United States",US,USDC,DC001,38.8951,-77.0364,531871,20191201140000,Disapprove,Verbal conflict
890100451,20191201,201912,USA,THE US,USA,,,,,,,,CHN,CHINA,CHN,,,,,,,,1,010,010,01,1,0.0,10,1,10,-2.53164556962026,4,"Jamshedpur, Jharkhand, India",IN,IN38,70155,22.8,86.1833,-2098249,4,"Jamshedpur, Jharkhand, India",IN,IN38,70155,22.8,86.1833,-2098249,4,"Jamshedpur, Jharkhand, India",IN,IN38,70155,22.8,86.1833,-2098249,20191201144500,Make public statement,Verbal cooperation
890121682,20191201,201912,MNCUSA,MORGAN STANLEY,USA,,,,,MNC,,,CHN,CHINA,CHN,,,,,,,,1,071,071,07,2,7.4,7,1,7,0.0,4,"Nanshan, Guangdong, China",CH,CH30,13041,23.8645,115.09,10849174,4,"Tenglong, Guangdong, China",CH,CH30,13033,22.8893,112.981,10396214,4,"Nanshan, Guangdong, China",CH,CH30,13041,23.8645,115.09,10849174,20191201181500,Provide aid,Material cooperation
890123298,20191201,201912,USA,NEW YORK CITY,USA,,,,,,,,CHN,CHINESE,CHN,,,,,,,,1,043,043,04,1,2.8,6,1,6,-5.07936507936508,2,"New York, United States",US,USNY,,42.1497,-74.9384,NY,1,China,CH,CH,,35.0,105.0,CH,2,"New York, United States",US,USNY,,42.1497,-74.9384,NY,20191201183000,Consult,Verbal cooperation
890125782,20191201,201912,MNCUSAMED,QUALCOMM,USA,,,,,MNC,MED,,CHN,CHINA,CHN,,,,,,,,1,010,010,01,1,0.0,10,1,10,-0.4,2,"Hawaii, United States",US,USHI,,21.1098,-157.531,HI,2,"Hawaii, United States",US,USHI,,21.1098,-157.531,HI,2,"Hawaii, United States",US,USHI,,21.1098,-157.531,HI,20191201190000,Make public statement,Verbal cooperation
890134163,20191201,201912,CHN,BEIJING,CHN,,,,,,,,USA,WASHINGTON,USA,,,,,,,,1,040,040,04,1,1.0,6,1,6,1.02617801047121,4,"Beijing, Beijing, China",CH,CH22,13001,39.9289,116.388,-1898541,3,"Washington, District of Columbia, United States",US,USDC,DC001,38.8951,-77.0364,531871,3,"Washington, District of Columbia, United States",US,USDC,DC001,38.8951,-77.0364,531871,20191201203000,Consult,Verbal cooperation
890134856,20191201,201912,USA,WASHINGTON,USA,,,,,,,,CHN,BEIJING,CHN,,,,,,,,1,040,040,04,1,1.0,8,1,8,1.02617801047121,4,"Mount Barclay, Montserrado, Liberia",LI,LI14,147290,6.34944,-10.6531,-2134038,4,"Mount Barclay, Montserrado, Liberia",LI,LI14,147290,6.34944,-10.6531,-2134038,4,"Mount Barclay, Montserrado, Liberia",LI,LI14,147290,6.34944,-10.6531,-2134038,20191201203000,Consult,Verbal cooperation
890141735,20191201,201912,CHN,CHINA,CHN,,,,,,,,USA,UNITED STATES,USA,,,,,,,,1,080,080,08,2,5.0,10,1,10,-0.90634441087613,1,New Zealand,NZ,NZ,,-42.0,174.0,NZ,1,New Zealand,NZ,NZ,,-42.0,174.0,NZ,1,New Zealand,NZ,NZ,,-42.0,174.0,NZ,20191201220000,Yield,Material cooperation
890145255,20191201,201912,CHN,CHINA,CHN,,,,,,,,USA,LOUISIANA,USA,,,,,,,,1,080,080,08,2,5.0,7,1,7,-3.37748344370861,2,"Louisiana, United States",US,USLA,,31.1801,-91.8749,LA,1,Brazil,BR,BR,,-10.0,-55.0,BR,1,China,CH,CH,,35.0,105.0,CH,20191201224500,Yield,Material cooperation
890145262,20191201,201912,CHN,BEIJING,CHN,,,,,,,,USAMED,REUTERS,USA,,,,,MED,,,1,046,046,04,1,7.0,7,1,7,0.66371681415929,3,"Washington, District of Columbia, United States",US,USDC,DC001,38.8951,-77.0364,531871,3,"Washington, District of Columbia, United States",US,USDC,DC001,38.8951,-77.0364,531871,4,"Beijing, Beijing, China",CH,CH22,13001,39.9289,116.388,-1898541,20191201224500,Consult,Verbal cooperation
890147588,20191201,201912,CHN,CHINA,CHN,,,,,,,,USA,THE US,USA,,,,,,,,1,046,046,04,1,7.0,10,1,10,3.03907380607815,1,China,CH,CH,,35.0,105.0,CH,1,China,CH,CH,,35.0,105.0,CH,1,China,CH,CH,,35.0,105.0,CH,20191201231500,Consult,Verbal cooperation
890147963,20191201,201912,USA,THE US,USA,,,,,,,,CHN,CHINA,CHN,,,,,,,,1,046,046,04,1,7.0,10,1,10,3.03907380607815,1,China,CH,CH,,35.0,105.0,CH,1,China,CH,CH,,35.0,105.0,CH,1,China,CH,CH,,35.0,105.0,CH,20191201231500,Consult,Verbal cooperation
890149301,20191201,201912,USA,SAN FRANCISCO,USA,,,,,,,,CHN,CHINESE,CHN,,,,,,,,1,120,120,12,3,-4.0,6,1,6,-0.23364485981309,1,China,CH,CH,,35.0,105.0,CH,1,China,CH,CH,,35.0,105.0,CH,1,China,CH,CH,,35.0,105.0,CH,20191201233000,Reject,Verbal conflict
890151212,20191202,201912,CHN,CHINA,CHN,,,,,,,,USA,UNITED STATES,USA,,,,,,,,1,080,080,08,2,5.0,6,1,6,-0.76335877862595,1,China,CH,CH,,35.0,105.0,CH,1,United States,US,US,,39.828175,-98.5795,US,1,United States,US,US,,39.828175,-98.5795,US,20191202000000,Yield,Material cooperation
890156224,20191202,201912,CHN,BEIJING,CHN,,,,,,,,USAMED,REUTERS,USA,,,,,MED,,,1,046,046,04,1,7.0,7,1,7,0.66371681415929,3,"Washington, District of Columbia, United States",US,USDC,DC001,38.8951,-77.0364,531871,3,"Washington, District of Columbia, United States",US,USDC,DC001,38.8951,-77.0364,531871,4,"Beijing, Beijing, China",CH,CH22,13001,39.9289,116.388,-1898541,20191202003000,Consult,Verbal cooperation
890157794,20191202,201912,USAMED,REUTERS,USA,,,,,MED,,,CHN,CHINA,CHN,,,,,,,,1,046,046,04,1,7.0,6,1,6,0.66371681415929,4,"Beijing, Beijing, China",CH,CH22,13001,39.9289,116.388,-1898541,4,"Diaoyutai, Henan, China",CH,CH09,13111,33.8072,111.925,6001729,4,"Diaoyutai, Henan, China",CH,CH09,13111,33.8072,111.925,6001729,20191202003000,Consult,Verbal cooperation
890159183,20191202,201912,USA,AMERICAN,USA,,,,,,,,CHN,CHINA,CHN,,,,,,,,1,051,051,05,1,3.4,8,1,8,2.82685512367491,1,United States,US,US,,39.828175,-98.5795,US,4,"Yiwu, Zhejiang, China",CH,CH02,13319,30.14,119.397,11019036,4,"Yiwu, Zhejiang, China",CH,CH02,13319,30.14,119.397,11019036,20191202004500,Engage in diplomatic cooperation,Verbal cooperation
890165818,20191202,201912,CHN,CHINESE,CHN,,,,,,,,USAMED,REUTERS,USA,,,,,MED,,,1,013,013,01,1,0.4,21,2,21,-1.79172401137719,4,"Beijing, Beijing, China",CH,CH22,13001,39.9289,116.388,-1898541,4,"Beijing, Beijing, China",CH,CH22,13001,39.9289,116.388,-1898541,4,"Beijing, Beijing, China",CH,CH22,13001,39.9289,116.388,-1898541,20191202014500,Make public statement,Verbal cooperation
890167767,20191202,201912,CHN,CHINA,CHN,,,,,,,,USA,AMERICAN,USA,,,,,,,,1,060,060,06,2,6.0,10,1,10,0.66934404283801,3,"White House, District of Columbia, United States",US,USDC,,38.8951,-77.0364,531871,3,"White House, District of Columbia, United States",US,USDC,,38.8951,-77.0364,531871,3,"White House, District of Columbia, United States",US,USDC,,38.8951,-77.0364,531871,20191202020000,Engage in material cooperation,Material cooperation
890171830,20191202,201912,USA,AMERICAN,USA,,,,,,,,CHN,CANTON,CHN,,,,,,,,1,043,043,04,1,2.8,6,1,6,3.2258064516129,1,China,CH,CH,,35.0,105.0,CH,1,China,CH,CH,,35.0,105.0,CH,1,China,CH,CH,,35.0,105.0,CH,20191202023000,Consult,Verbal cooperation
890181394,20191202,201912,CHN,CHINA,CHN,,,,,,,,USAEDU,US STUDENT,USA,,,,,EDU,,,1,043,043,04,1,2.8,10,1,10,0.82372322899506,1,Ireland,EI,EI,,53.0,-8.0,EI,1,Ireland,EI,EI,,53.0,-8.0,EI,1,Ireland,EI,EI,,53.0,-8.0,EI,20191202041500,Consult,Verbal cooperation
890182097,20191202,201912,USAEDU,US STUDENT,USA,,,,,EDU,,,CHN,CHINA,CHN,,,,,,,,1,042,042,04,1,1.9,8,1,8,0.82372322899506,1,Japan,JA,JA,,36.0,138.0,JA,1,China,CH,CH,,35.0,105.0,CH,1,China,CH,CH,,35.0,105.0,CH,20191202041500,Consult,Verbal cooperation
890182794,20191202,201912,CHN,BEIJING,CHN,,,,,,,,USA,WASHINGTON,USA,,,,,,,,1,046,046,04,1,7.0,6,1,6,-2.09059233449477,4,"Beijing, Beijing, China",CH,CH22,13001,39.9289,116.388,-1898541,3,"Washington, District of Columbia, United States",US,USDC,DC001,38.8951,-77.0364,531871,3,"Washington, District of Columbia, United States",US,USDC,DC001,38.8951,-77.0364,531871,20191202043000,Consult,Verbal cooperation
890183739,20191202,201912,USA,WASHINGTON,USA,,,,,,,,CHN,BEIJING,CHN,,,,,,,,1,046,046,04,1,7.0,6,1,6,-2.09059233449477,3,"Washington, District of Columbia, United States",US,USDC,DC001,38.8951,-77.0364,531871,4,"Beijing, Beijing, China",CH,CH22,13001,39.9289,116.388,-1898541,3,"Washington, District of Columbia, United States",US,USDC,DC001,38.8951,-77.0364,531871,20191202043000,Consult,Verbal cooperation
890185613,20191202,201912,USA,NEW YORK,USA,,,,,,,,CHN,CHINA,CHN,,,,,,,,1,042,042,04,1,1.9,28,4,28,-10.3602863899106,4,"Guangzhou, Guangdong, China",CH,CH30,13033,23.1167,113.25,-1907161,4,"Guangzhou, Guangdong, China",CH,CH30,13033,23.1167,113.25,-1907161,4,"Guangzhou, Guangdong, China",CH,CH30,13033,23.1167,113.25,-1907161,20191202044500,Consult,Verbal cooperation
890185618,20191202,201912,USA,NEW YORK,USA,,,,,,,,CHN,CHINA,CHN,,,,,,,,1,173,173,17,4,-5.0,8,4,8,-10.3602863899106,4,"Guangzhou, Guangdong, China",CH,CH30,13033,23.1167,113.25,-1907161,4,"Beijing, Beijing, China",CH,CH22,13001,39.9289,116.388,-1898541,4,"Beijing, Beijing, China",CH,CH22,13001,39.9289,116.388,-1898541,20191202044500,Coerce,Material conflict
890188616,20191202,201912,CHN,CHINA,CHN,,,,,,,,USA,UNITED STATES,USA,,,,,,,,1,192,192,19,4,-9.5,20,1,20,1.48957298907646,1,United States,US,US,,39.828175,-98.5795,US,1,United States,US,US,,39.828175,-98.5795,US,1,United States,US,US,,39.828175,-98.5795,US,20191202053000,Fight,Material conflict
890195238,20191202,201912,CHN,CHINA,CHN,,,,,,,,USA,WASHINGTON,USA,,,,,,,,1,040,040,04,1,1.0,50,7,50,-0.623575980335485,4,"Beijing, Beijing, China",CH,CH22,13001,39.9289,116.388,-1898541,3,"Washington, District of Columbia, United States",US,USDC,DC001,38.8951,-77.0364,531871,4,"Madrid, Madrid, Spain",SP,SP29,25820,40.4,-3.68333,-390625,20191202063000,Consult,Verbal cooperation
890196212,20191202,201912,USA,WASHINGTON,USA,,,,,,,,CHN,CHINA,CHN,,,,,,,,1,040,040,04,1,1.0,50,7,50,-0.623575980335485,3,"Washington, District of Columbia, United States",US,USDC,DC001,38.8951,-77.0364,531871,4,"Beijing, Beijing, China",CH,CH22,13001,39.9289,116.388,-1898541,4,"Madrid, Madrid, Spain",SP,SP29,25820,40.4,-3.68333,-390625,20191202063000,Consult,Verbal cooperation
890197318,20191202,201912,CHN,CHINA,CHN,,,,,,,,USAGOV,US AMBASSADOR,USA,,,,,GOV,,,1,040,040,04,1,1.0,8,1,8,-3.69393139841689,3,"Washington, District of Columbia, United States",US,USDC,DC001,38.8951,-77.0364,531871,3,"Washington, District of Columbia, United States",US,USDC,DC001,38.8951,-77.0364,531871,3,"Washington, District of Columbia, United States",US,USDC,DC001,38.8951,-77.0364,531871,20191202064500,Consult,Verbal cooperation
890198281,20191202,201912,USA,CALIFORNIA,USA,,,,,,,,CHN,CHINESE,CHN,,,,,,,,1,120,120,12,3,-4.0,8,1,8,-0.2375296912114,2,"California, United States",US,USCA,,36.17,-119.746,CA,1,China,CH,CH,,35.0,105.0,CH,1,China,CH,CH,,35.0,105.0,CH,20191202064500,Reject,Verbal conflict
890198282,20191202,201912,USA,CALIFORNIA,USA,,,,,,,,CHN,CHINESE,CHN,,,,,,,,1,120,120,12,3,-4.0,12,1,12,-0.2375296912114,1,China,CH,CH,,35.0,105.0,CH,1,China,CH,CH,,35.0,105.0,CH,1,China,CH,CH,,35.0,105.0,CH,20191202064500,Reject,Verbal conflict
890201237,20191202,201912,CHN,CHINA,CHN,,,,,,,,USA,WASHINGTON,USA,,,,,,,,1,040,040,04,1,1.0,8,1,8,0.71428571428571,1,China,CH,CH,,35.0,105.0,CH,3,"Washington, District of Columbia, United States",US,USDC,DC001,38.8951,-77.0364,531871,1,Spain,SP,SP,,40.0,-4.0,SP,20191202071500,Consult,Verbal cooperation
890201940,20191202,201912,USA,WASHINGTON,USA,,,,,,,,CHN,CHINA,CHN,,,,,,,,1,040,040,04,1,1.0,8,1,8,0.71428571428571,3,"Washington, District of Columbia, United States",US,USDC,DC001,38.8951,-77.0364,531871,1,China,CH,CH,,35.0,105.0,CH,1,Spain,SP,SP,,40.0,-4.0,SP,20191202071500,Consult,Verbal cooperation
890205334,20191202,201912,CHN,CHINA,CHN,,,,,,,,USA,WASHINGTON,USA,,,,,,,,1,040,040,04,1,1.0,8,1,8,-0.83173384516955,4,"Hejin, Jiangxi, China",CH,CH03,13163,25.4572,115.759,11010191,3,"Washington, District of Columbia, United States",US,USDC,DC001,38.8951,-77.0364,531871,4,"Madrid, Madrid, Spain",SP,SP29,25820,40.4,-3.68333,-390625,20191202074500,Consult,Verbal cooperation
890206048,20191202,201912,USA,WASHINGTON,USA,,,,,,,,CHN,CHINA,CHN,,,,,,,,1,040,040,04,1,1.0,8,1,8,-0.83173384516955,3,"Washington, District of Columbia, United States",US,USDC,DC001,38.8951,-77.0364,531871,4,"Hejin, Jiangxi, China",CH,CH03,13163,25.4572,115.759,11010191,4,"Madrid, Madrid, Spain",SP,SP29,25820,40.4,-3.68333,-390625,20191202074500,Consult,Verbal cooperation
890207138,20191202,201912,CHN,CHINA,CHN,,,,,,,,USA,THE US,USA,,,,,,,,1,057,057,05,1,8.0,10,1,10,-1.15163147792706,4,"Beijing, Beijing, China",CH,CH22,13001,39.9289,116.388,-1898541,4,"Beijing, Beijing, China",CH,CH22,13001,39.9289,116.388,-1898541,1,Hong Kong,HK,HK,,22.25,114.166667,HK,20191202080000,Engage in diplomatic cooperation,Verbal cooperation
890207833,20191202,201912,USA,THE US,USA,,,,,,,,CHN,CHINA,CHN,,,,,,,,1,057,057,05,1,8.0,10,1,10,-1.15163147792706,4,"Bursa, Bursa, Turkey",TU,TU16,27677,40.1917,29.0611,-740501,4,"Bursa, Bursa, Turkey",TU,TU16,27677,40.1917,29.0611,-740501,4,"Bursa, Bursa, Turkey",TU,TU16,27677,40.1917,29.0611,-740501,20191202080000,Engage in diplomatic cooperation,Verbal cooperation
890207868,20191202,201912,USAGOV,THE US,USA,,,,,GOV,,,CHN,CHINA,CHN,,,,,,,,1,020,020,02,1,3.0,10,1,10,-1.15163147792706,1,Hong Kong,HK,HK,,22.25,114.166667,HK,4,"Beijing, Beijing, China",CH,CH22,13001,39.9289,116.388,-1898541,1,Hong Kong,HK,HK,,22.25,114.166667,HK,20191202080000,Appeal,Verbal cooperation
890208959,20191202,201912,CHN,CHINESE,CHN,,,,,,,,USA,THE US,USA,,,,,,,,1,172,172,17,4,-5.0,10,1,10,-1.35135135135135,2,"Texas, United States",US,USTX,,31.106,-97.6475,TX,2,"Texas, United States",US,USTX,,31.106,-97.6475,TX,2,"Texas, United States",US,USTX,,31.106,-97.6475,TX,20191202081500,Coerce,Material conflict
890211707,20191202,201912,USA,THE US,USA,,,,,,,,CHN,CHINESE,CHN,,,,,,,,1,160,160,16,4,-4.0,10,1,10,-1.70212765957447,1,China,CH,CH,,35.0,105.0,CH,1,China,CH,CH,,35.0,105.0,CH,1,China,CH,CH,,35.0,105.0,CH,20191202083000,Reduce relations,Material conflict
890218173,20191202,201912,CHN,BEIJING,CHN,,,,,,,,USA,WASHINGTON,USA,,,,,,,,1,040,040,04,1,1.0,6,1,6,1.02211097204839,4,"Beijing, Beijing, China",CH,CH22,13001,39.9289,116.388,-1898541,3,"Washington, District of Columbia, United States",US,USDC,DC001,38.8951,-77.0364,531871,3,"Washington, District of Columbia, United States",US,USDC,DC001,38.8951,-77.0364,531871,20191202091500,Consult,Verbal cooperation
890219039,20191202,201912,USA,WASHINGTON,USA,,,,,,,,CHN,BEIJING,CHN,,,,,,,,1,040,040,04,1,1.0,8,1,8,1.02211097204839,4,"Mount Barclay, Montserrado, Liberia",LI,LI14,147290,6.34944,-10.6531,-2134038,4,"Mount Barclay, Montserrado, Liberia",LI,LI14,147290,6.34944,-10.6531,-2134038,4,"Mount Barclay, Montserrado, Liberia",LI,LI14,147290,6.34944,-10.6531,-2134038,20191202091500,Consult,Verbal cooperation
890219425,20191202,201912,CHN,CHINA,CHN,,,,,,,,USA,UNITED STATES,USA,,,,,,,,1,0243,024,02,1,-0.3,10,1,10,-6.99588477366255,1,China,CH,CH,,35.0,105.0,CH,1,China,CH,CH,,35.0,105.0,CH,1,China,CH,CH,,35.0,105.0,CH,20191202093000,Appeal,Verbal cooperation
890224348,20191202,201912,CHN,CHINA,CHN,,,,,,,,USAMED,REUTERS,USA,,,,,MED,,,1,010,010,01,1,0.0,10,1,10,0.92081031307551,4,"Sanichi, Anhui, China",CH,CH01,12996,32.1167,116.95,-1924050,4,"Sanichi, Anhui, China",CH,CH01,12996,32.1167,116.95,-1924050,4,"Sanichi, Anhui, China",CH,CH01,12996,32.1167,116.95,-1924050,20191202100000,Make public statement,Verbal cooperation
890224349,20191202,201912,CHN,CHINESE,CHN,,,,,,,,USAMED,REUTERS,USA,,,,,MED,,,1,036,036,03,1,4.0,7,1,7,-3.88127853881279,4,"Shanghai, Shanghai, China",CH,CH23,13243,31.2222,121.458,-1924465,4,"Shanghai, Shanghai, China",CH,CH23,13243,31.2222,121.458,-1924465,4,"Shanghai, Shanghai, China",CH,CH23,13243,31.2222,121.458,-1924465,20191202100000,Express intent to cooperate,Verbal cooperation
890224350,20191202,201912,CHN,CHINA,CHN,,,,,,,,USAMED,REUTERS,USA,,,,,MED,,,1,042,042,04,1,1.9,10,1,10,0.92081031307551,4,"Sanichi, Anhui, China",CH,CH01,12996,32.1167,116.95,-1924050,4,"Sanichi, Anhui, China",CH,CH01,12996,32.1167,116.95,-1924050,4,"Sanichi, Anhui, China",CH,CH01,12996,32.1167,116.95,-1924050,20191202100000,Consult,Verbal cooperation
890225235,20191202,201912,USAMED,REUTERS,USA,,,,,MED,,,CHN,CHINESE,CHN,,,,,,,,1,036,036,03,1,4.0,7,1,7,-3.88127853881279,4,"Shanghai, Shanghai, China",CH,CH23,13243,31.2222,121.458,-1924465,4,"Shanghai, Shanghai, China",CH,CH23,13243,31.2222,121.458,-1924465,4,"Shanghai, Shanghai, China",CH,CH23,13243,31.2222,121.458,-1924465,20191202100000,Express intent to cooperate,Verbal cooperation
890225236,20191202,201912,USAMED,REUTERS,USA,,,,,MED,,,CHN,CHINA,CHN,,,,,,,,1,043,043,04,1,2.8,10,1,10,0.92081031307551,4,"Sanichi, Anhui, China",CH,CH01,12996,32.1167,116.95,-1924050,4,"Sanichi, Anhui, China",CH,CH01,12996,32.1167,116.95,-1924050,4,"Sanichi, Anhui, China",CH,CH01,12996,32.1167,116.95,-1924050,20191202100000,Consult,Verbal cooperation
890226529,20191202,201912,CHN,BEIJING,CHN,,,,,,,,USA,UNITED STATES,USA,,,,,,,,1,114,114,11,3,-2.0,8,1,8,-6.40394088669951,4,"Beijing, Beijing, China",CH,CH22,13001,39.9289,116.388,-1898541,1,Hong Kong,HK,HK,,22.25,114.166667,HK,4,"Beijing, Beijing, China",CH,CH22,13001,39.9289,116.388,-1898541,20191202101500,Disapprove,Verbal conflict
890228895,20191202,201912,CHN,BEIJING,CHN,,,,,,,,USA,WASHINGTON,USA,,,,,,,,1,101,101,10,3,-5.0,8,1,8,-1.53374233128834,4,"Beijing, Beijing, China",CH,CH22,13001,39.9289,116.388,-1898541,3,"Washington, District of Columbia, United States",US,USDC,DC001,38.8951,-77.0364,531871,4,"Beijing, Beijing, China",CH,CH22,13001,39.9289,116.388,-1898541,20191202103000,Demand,Verbal conflict
890229891,20191202,201912,USA,MINNESOTA,USA,,,,,,,,CHN,CHINA,CHN,,,,,,,,1,061,061,06,2,6.4,14,2,12,-2.62104514087211,2,"Minnesota, United States",US,USMN,,45.7326,-93.9196,MN,1,China,CH,CH,,35.0,105.0,CH,1,China,CH,CH,,35.0,105.0,CH,20191202103000,Engage in material cooperation,Material cooperation
890233603,20191202,201912,CHN,CHINA,CHN,,,,,,,,USAMIL,AMERICAN,USA,,,,,MIL,,,1,043,043,04,1,2.8,6,1,6,-3.49761526232115,4,"Shanghai, Shanghai, China",CH,CH23,13243,31.2222,121.458,-1924465,3,"Washington, District of Columbia, United States",US,USDC,DC001,38.8951,-77.0364,531871,4,"Shanghai, Shanghai, China",CH,CH23,13243,31.2222,121.458,-1924465,20191202110000,Consult,Verbal cooperation
890233604,20191202,201912,CHN,CHINA,CHN,,,,,,,,USAMIL,AMERICAN,USA,,,,,MIL,,,1,125,125,12,3,-5.0,6,1,6,-3.49761526232115,4,"Shanghai, Shanghai, China",CH,CH23,13243,31.2222,121.458,-1924465,3,"Washington, District of Columbia, United States",US,USDC,DC001,38.8951,-77.0364,531871,4,"Shanghai, Shanghai, China",CH,CH23,13243,31.2222,121.458,-1924465,20191202110000,Reject,Verbal conflict
890234802,20191202,201912,USAMIL,AMERICAN,USA,,,,,MIL,,,CHN,CHINA,CHN,,,,,,,,1,042,042,04,1,1.9,6,1,6,-3.49761526232115,3,"Washington, District of Columbia, United States",US,USDC,DC001,38.8951,-77.0364,531871,4,"Shanghai, Shanghai, China",CH,CH23,13243,31.2222,121.458,-1924465,4,"Shanghai, Shanghai, China",CH,CH23,13243,31.2222,121.458,-1924465,20191202110000,Consult,Verbal cooperation
890239978,20191202,201912,USA,THE US,USA,,,,,,,,CHN,CHINESE,CHN,,,,,,,,1,071,071,07,2,7.4,10,1,10,-2.36686390532544,1,China,CH,CH,,35.0,105.0,CH,1,China,CH,CH,,35.0,105.0,CH,1,China,CH,CH,,35.0,105.0,CH,20191202113000,Provide aid,Material cooperation
890242678,20191202,201912,USA,THE US,USA,,,,,,,,CHN,CHINA,CHN,,,,,,,,1,090,090,09,2,-2.0,10,1,10,-2.21518987341772,4,"Beijing, Beijing, China",CH,CH22,13001,39.9289,116.388,-1898541,4,"Beijing, Beijing, China",CH,CH22,13001,39.9289,116.388,-1898541,4,"Beijing, Beijing, China",CH,CH22,13001,39.9289,116.388,-1898541,20191202114500,Investigate,Material cooperation
890242680,20191202,201912,USA,THE US,USA,,,,,,,,CHN,CHINA,CHN,,,,,,,,1,1125,112,11,3,-2.0,10,1,10,-2.21518987341772,3,"Washington, District of Columbia, United States",US,USDC,DC001,38.8951,-77.0364,531871,3,"Washington, District of Columbia, United States",US,USDC,DC001,38.8951,-77.0364,531871,3,"Washington, District of Columbia, United States",US,USDC,DC001,38.8951,-77.0364,531871,20191202114500,Disapprove,Verbal conflict
890244127,20191202,201912,CHN,CHINA,CHN,,,,,,,,USA,THE US,USA,,,,,,,,1,173,173,17,4,-5.0,10,1,10,-4.79704797047971,4,"Vancouver, British Columbia, Canada",CA,CA02,12552,49.25,-123.133,-575268,4,"Vancouver, British Columbia, Canada",CA,CA02,12552,49.25,-123.133,-575268,4,"Vancouver, British Columbia, Canada",CA,CA02,12552,49.25,-123.133,-575268,20191202120000,Coerce,Material conflict
890263746,20191202,201912,CHN,BEIJING,CHN,,,,,,,,USA,UNITED STATES,USA,,,,,,,,1,114,114,11,3,-2.0,8,1,8,-2.6258205689278,4,"Beijing, Beijing, China",CH,CH22,13001,39.9289,116.388,-1898541,1,United States,US,US,,39.828175,-98.5795,US,4,"Beijing, Beijing, China",CH,CH22,13001,39.9289,116.388,-1898541,20191202134500,Disapprove,Verbal conflict
890265213,20191202,201912,USA,THE US,USA,,,,,,,,CHN,CHINA,CHN,,,,,,,,1,070,070,07,2,7.0,10,1,10,-2.23642172523961,1,United Kingdom,UK,UK,,54.0,-4.0,UK,1,United Kingdom,UK,UK,,54.0,-4.0,UK,1,United Kingdom,UK,UK,,54.0,-4.0,UK,20191202134500,Provide aid,Material cooperation
890266983,20191202,201912,CHNGOV,CHINESE,CHN,,,,,GOV,,,NGOUSAHRI,FREEDOM HOUSE,USA,,,,,NGO,HRI,,1,130,130,13,3,-4.4,6,1,6,-2.46913580246914,4,"Beijing, Beijing, China",CH,CH22,13001,39.9289,116.388,-1898541,4,"Beijing, Beijing, China",CH,CH22,13001,39.9289,116.388,-1898541,4,"Beijing, Beijing, China",CH,CH22,13001,39.9289,116.388,-1898541,20191202140000,Threaten,Verbal conflict
890266984,20191202,201912,CHNGOV,CHINESE,CHN,,,,,GOV,,,USAGOV,NATIONAL ENDOWMENT FOR DEMOCRACY,USA,,,,,GOV,,,1,130,130,13,3,-4.4,6,1,6,-2.46913580246914,4,"Beijing, Beijing, China",CH,CH22,13001,39.9289,116.388,-1898541,4,"Beijing, Beijing, China",CH,CH22,13001,39.9289,116.388,-1898541,4,"Beijing, Beijing, China",CH,CH22,13001,39.9289,116.388,-1898541,20191202140000,Threaten,Verbal conflict
890270609,20191202,201912,USA,THE US,USA,,,,,,,,CHN,CHINA,CHN,,,,,,,,1,1125,112,11,3,-2.0,7,1,7,-0.87976539589442,4,"Beijing, Beijing, China",CH,CH22,13001,39.9289,116.388,-1898541,4,"Beijing, Beijing, China",CH,CH22,13001,39.9289,116.388,-1898541,4,"Beijing, Beijing, China",CH,CH22,13001,39.9289,116.388,-1898541,20191202141500,Disapprove,Verbal conflict
890273679,20191202,201912,USA,THE US,USA,,,,,,,,CHN,CHINA,CHN,,,,,,,,1,110,110,11,3,-2.0,10,1,10,-2.67459138187221,4,"Beijing, Beijing, China",CH,CH22,13001,39.9289,116.388,-1898541,4,"Beijing, Beijing, China",CH,CH22,13001,39.9289,116.388,-1898541,4,"Beijing, Beijing, China",CH,CH22,13001,39.9289,116.388,-1898541,20191202143000,Disapprove,Verbal conflict
890287315,20191202,201912,CHN,CHINA,CHN,,,,,,,,USA,UNITED STATES,USA,,,,,,,,1,036,036,03,1,4.0,6,1,6,0.9933774834437,1,China,CH,CH,,35.0,105.0,CH,2,"Missouri, United States",US,USMO,,38.4623,-92.302,MO,2,"Illinois, United States",US,USIL,,40.3363,-89.0022,IL,20191202160000,Express intent to cooperate,Verbal cooperation
890287318,20191202,201912,CHN,CHINA,CHN,,,,,,,,USAAGR,MISSOURI,USA,,,,,AGR,,,1,036,036,03,1,4.0,10,1,10,0.9933774834437,1,China,CH,CH,,35.0,105.0,CH,2,"Missouri, United States",US,USMO,,38.4623,-92.302,MO,2,"Illinois, United States",US,USIL,,40.3363,-89.0022,IL,20191202160000,Express intent to cooperate,Verbal cooperation
890287319,20191202,201912,CHN,CHINA,CHN,,,,,,,,USAMED,THE ASSOCIATED PRESS,USA,,,,,MED,,,1,040,040,04,1,1.0,6,1,6,-0.20408163265306,4,"Beijing, Beijing, China",CH,CH22,13001,39.9289,116.388,-1898541,4,"Beijing, Beijing, China",CH,CH22,13001,39.9289,116.388,-1898541,4,"Madrid, Madrid, Spain",SP,SP29,25820,40.4,-3.68333,-390625,20191202160000,Consult,Verbal cooperation
890288528,20191202,201912,USA,UNITED STATES,USA,,,,,,,,CHN,CHINA,CHN,,,,,,,,1,036,036,03,1,4.0,6,1,6,0.9933774834437,2,"Missouri, United States",US,USMO,,38.4623,-92.302,MO,1,China,CH,CH,,35.0,105.0,CH,2,"Illinois, United States",US,USIL,,40.3363,-89.0022,IL,20191202160000,Express intent to cooperate,Verbal cooperation
890288648,20191202,201912,USAAGR,MISSOURI,USA,,,,,AGR,,,CHN,CHINA,CHN,,,,,,,,1,036,036,03,1,4.0,10,1,10,0.9933774834437,2,"Missouri, United States",US,USMO,,38.4623,-92.302,MO,2,"Missouri, United States",US,USMO,,38.4623,-92.302,MO,2,"Missouri, United States",US,USMO,,38.4623,-92.302,MO,20191202160000,Express intent to cooperate,Verbal cooperation
890288696,20191202,201912,USAMED,THE ASSOCIATED PRESS,USA,,,,,MED,,,CHN,CHINA,CHN,,,,,,,,1,040,040,04,1,1.0,6,1,6,-0.20408163265306,4,"Beijing, Beijing, China",CH,CH22,13001,39.9289,116.388,-1898541,4,"Beijing, Beijing, China",CH,CH22,13001,39.9289,116.388,-1898541,4,"Madrid, Madrid, Spain",SP,SP29,25820,40.4,-3.68333,-390625,20191202160000,Consult,Verbal cooperation
890291230,20191202,201912,CHN,CHINA,CHN,,,,,,,,USA,THE US,USA,,,,,,,,1,112,112,11,3,-2.0,6,1,6,-4.60921843687374,5,"Zhejiang, Zhejiang, China",CH,CH02,13325,29.0,120.0,-1938694,5,"Zhejiang, Zhejiang, China",CH,CH02,13325,29.0,120.0,-1938694,5,"Zhejiang, Zhejiang, China",CH,CH02,13325,29.0,120.0,-1938694,20191202161500,Disapprove,Verbal conflict
890297671,20191202,201912,CHN,CHINA,CHN,,,,,,,,USAJUD,MISSOURI,USA,,,,,JUD,,,1,020,020,02,1,3.0,6,1,6,-4.30711610486891,4,"Beijing, Beijing, China",CH,CH22,13001,39.9289,116.388,-1898541,4,"Beijing, Beijing, China",CH,CH22,13001,39.9289,116.388,-1898541,4,"Beijing, Beijing, China",CH,CH22,13001,39.9289,116.388,-1898541,20191202164500,Appeal,Verbal cooperation
890299253,20191202,201912,USA,AMERICAN,USA,,,,,,,,CHN,CHINA,CHN,,,,,,,,1,084,084,08,2,7.0,10,1,10,1.92307692307693,4,"Beijing, Beijing, China",CH,CH22,13001,39.9289,116.388,-1898541,4,"Beijing, Beijing, China",CH,CH22,13001,39.9289,116.388,-1898541,4,"Beijing, Beijing, China",CH,CH22,13001,39.9289,116.388,-1898541,20191202164500,Yield,Material cooperation
890305195,20191202,201912,USA,CHICAGO,USA,,,,,,,,CHNOPP,TIBET,CHN,,,,,OPP,,,1,051,051,05,1,3.4,10,1,10,0.0,3,"Chicago, Illinois, United States",US,USIL,IL031,41.85,-87.6501,423587,3,"Chicago, Illinois, United States",US,USIL,IL031,41.85,-87.6501,423587,3,"Chicago, Illinois, United States",US,USIL,IL031,41.85,-87.6501,423587,20191202171500,Engage in diplomatic cooperation,Verbal cooperation
890305196,20191202,201912,USA,CHICAGO,USA,,,,,,,,CHNOPP,TIBET,CHN,,,,,OPP,,,1,141,141,14,3,-6.5,10,1,10,0.0,3,"Chicago, Illinois, United States",US,USIL,IL031,41.85,-87.6501,423587,3,"Chicago, Illinois, United States",US,USIL,IL031,41.85,-87.6501,423587,3,"Chicago, Illinois, United States",US,USIL,IL031,41.85,-87.6501,423587,20191202171500,Protest,Verbal conflict
890312725,20191202,201912,CHN,CHINA,CHN,,,,,,,,USA,BOSTON,USA,,,,,,,,1,042,042,04,1,1.9,6,1,6,3.76811594202899,4,"Xiaoxiang, Zhejiang, China",CH,CH02,13319,30.2942,120.09,11018222,4,"Xiaoxiang, Zhejiang, China",CH,CH02,13319,30.2942,120.09,11018222,4,"Xiaoxiang, Zhejiang, China",CH,CH02,13319,30.2942,120.09,11018222,20191202180000,Consult,Verbal cooperation
890313891,20191202,201912,USA,BOSTON,USA,,,,,,,,CHN,CHINA,CHN,,,,,,,,1,043,043,04,1,2.8,8,1,8,3.76811594202899,3,"Boston, Massachusetts, United States",US,USMA,MA025,42.3584,-71.0598,617565,4,"Mozhai, Guizhou, China",CH,CH18,13071,25.5892,107.579,413480,3,"Boston, Massachusetts, United States",US,USMA,MA025,42.3584,-71.0598,617565,20191202180000,Consult,Verbal cooperation
890332358,20191202,201912,CHN,CHINA,CHN,,,,,,,,USA,UNITED STATES,USA,,,,,,,,1,192,192,19,4,-9.5,10,1,10,-2.59259259259259,1,China,CH,CH,,35.0,105.0,CH,1,China,CH,CH,,35.0,105.0,CH,1,China,CH,CH,,35.0,105.0,CH,20191202194500,Fight,Material conflict
890333586,20191202,201912,USA,UNITED STATES,USA,,,,,,,,CHN,CHINESE,CHN,,,,,,,,1,172,172,17,4,-5.0,8,1,8,-0.15723270440252,2,"California, United States",US,USCA,,36.17,-119.746,CA,2,"California, United States",US,USCA,,36.17,-119.746,CA,2,"California, United States",US,USCA,,36.17,-119.746,CA,20191202194500,Coerce,Material conflict
890337833,20191202,201912,USA,WASHINGTON,USA,,,,,,,,CHN,CHINA,CHN,,,,,,,,1,061,061,06,2,6.4,10,1,10,-5.75221238938054,2,"California, United States",US,USCA,,36.17,-119.746,CA,2,"California, United States",US,USCA,,36.17,-119.746,CA,2,"California, United States",US,USCA,,36.17,-119.746,CA,20191202201500,Engage in material cooperation,Material cooperation
890351456,20191202,201912,CHN,CHINA,CHN,,,,,,,,USA,THE US,USA,,,,,,,,1,100,100,10,3,-5.0,10,1,10,-2.14285714285714,1,United Kingdom,UK,UK,,54.0,-4.0,UK,1,United Kingdom,UK,UK,,54.0,-4.0,UK,1,United Kingdom,UK,UK,,54.0,-4.0,UK,20191202214500,Demand,Verbal conflict
890358106,20191202,201912,CHN,CHINA,CHN,,,,,,,,USA,WASHINGTON,USA,,,,,,,,1,040,040,04,1,1.0,8,1,8,-0.22172949002217,4,"Beijing, Beijing, China",CH,CH22,13001,39.9289,116.388,-1898541,3,"Washington, District of Columbia, United States",US,USDC,DC001,38.8951,-77.0364,531871,1,Spain,SP,SP,,40.0,-4.0,SP,20191202223000,Consult,Verbal cooperation
890358972,20191202,201912,USA,WASHINGTON,USA,,,,,,,,CHN,CHINA,CHN,,,,,,,,1,040,040,04,1,1.0,8,1,8,-0.22172949002217,3,"Washington, District of Columbia, United States",US,USDC,DC001,38.8951,-77.0364,531871,4,"Beijing, Beijing, China",CH,CH22,13001,39.9289,116.388,-1898541,1,Spain,SP,SP,,40.0,-4.0,SP,20191202223000,Consult,Verbal cooperation
890366558,20191202,201912,CHN,CHINA,CHN,,,,,,,,USA,MINNESOTA,USA,,,,,,,,1,061,061,06,2,6.4,8,1,8,-2.35294117647059,1,China,CH,CH,,35.0,105.0,CH,2,"Minnesota, United States",US,USMN,,45.7326,-93.9196,MN,2,"Minnesota, United States",US,USMN,,45.7326,-93.9196,MN,20191202233000,Engage in material cooperation,Material cooperation
890371299,20191203,201912,CHN,CHINA,CHN,,,,,,,,USA,AMERICAN,USA,,,,,,,,1,163,163,16,4,-8.0,10,1,10,-3.08641975308642,1,Sweden,SW,SW,,62.0,15.0,SW,1,Sweden,SW,SW,,62.0,15.0,SW,1,Sweden,SW,SW,,62.0,15.0,SW,20191203000000,Reduce relations,Material conflict
890371300,20191203,201912,CHN,BEIJING,CHN,,,,,,,,USAGOV,NATIONAL ENDOWMENT FOR DEMOCRACY,USA,,,,,GOV,,,1,133,133,13,3,-5.8,8,1,8,-3.08641975308642,4,"Beijing, Beijing, China",CH,CH22,13001,39.9289,116.388,-1898541,4,"Beijing, Beijing, China",CH,CH22,13001,39.9289,116.388,-1898541,4,"Beijing, Beijing, China",CH,CH22,13001,39.9289,116.388,-1898541,20191203000000,Threaten,Verbal conflict
890374969,20191203,201912,CHN,CHINA,CHN,,,,,,,,USA,WASHINGTON,USA,,,,,,,,1,040,040,04,1,1.0,8,1,8,-1.00267379679144,4,"Beijing, Beijing, China",CH,CH22,13001,39.9289,116.388,-1898541,3,"Washington, District of Columbia, United States",US,USDC,DC001,38.8951,-77.0364,531871,4,"Madrid, Madrid, Spain",SP,SP29,25820,40.4,-3.68333,-390625,20191203001500,Consult,Verbal cooperation
890376795,20191203,201912,USA,WASHINGTON,USA,,,,,,,,CHN,CHINA,CHN,,,,,,,,1,040,040,04,1,1.0,8,1,8,-1.00267379679144,3,"Washington, District of Columbia, United States",US,USDC,DC001,38.8951,-77.0364,531871,4,"Beijing, Beijing, China",CH,CH22,13001,39.9289,116.388,-1898541,4,"Madrid, Madrid, Spain",SP,SP29,25820,40.4,-3.68333,-390625,20191203001500,Consult,Verbal cooperation
890383377,20191203,201912,CHN,CHINESE,CHN,,,,,,,,USAMED,REUTERS,USA,,,,,MED,,,1,036,036,03,1,4.0,7,1,7,-4.18943533697633,4,"Shanghai, Shanghai, China",CH,CH23,13243,31.2222,121.458,-1924465,4,"Shanghai, Shanghai, China",CH,CH23,13243,31.2222,121.458,-1924465,4,"Shanghai, Shanghai, China",CH,CH23,13243,31.2222,121.458,-1924465,20191203010000,Express intent to cooperate,Verbal cooperation
890385304,20191203,201912,USAMED,REUTERS,USA,,,,,MED,,,CHN,CHINESE,CHN,,,,,,,,1,036,036,03,1,4.0,7,1,7,-4.18943533697633,4,"Shanghai, Shanghai, China",CH,CH23,13243,31.2222,121.458,-1924465,4,"Shanghai, Shanghai, China",CH,CH23,13243,31.2222,121.458,-1924465,4,"Shanghai, Shanghai, China",CH,CH23,13243,31.2222,121.458,-1924465,20191203010000,Express intent to cooperate,Verbal cooperation
890386849,20191203,201912,CHN,CHINA,CHN,,,,,,,,USA,WASHINGTON,USA,,,,,,,,1,040,040,04,1,1.0,7,1,7,-0.8557457212714,4,"Beijing, Beijing, China",CH,CH22,13001,39.9289,116.388,-1898541,2,"Washington, United States",US,USWA,,47.3917,-121.571,WA,4,"Madrid, Madrid, Spain",SP,SP29,25820,40.4,-3.68333,-390625,20191203011500,Consult,Verbal cooperation
890388297,20191203,201912,USA,WASHINGTON,USA,,,,,,,,CHN,CHINA,CHN,,,,,,,,1,040,040,04,1,1.0,7,1,7,-0.8557457212714,2,"Washington, United States",US,USWA,,47.3917,-121.571,WA,4,"Beijing, Beijing, China",CH,CH22,13001,39.9289,116.388,-1898541,4,"Madrid, Madrid, Spain",SP,SP29,25820,40.4,-3.68333,-390625,20191203011500,Consult,Verbal cooperation
890389217,20191203,201912,CHN,CHINA,CHN,,,,,,,,USA,WASHINGTON,USA,,,,,,,,1,040,040,04,1,1.0,8,1,8,-0.95359186268277,4,"Shanxi, Fujian, China",CH,CH07,13167,26.9512,116.692,10771269,3,"Washington, District of Columbia, United States",US,USDC,DC001,38.8951,-77.0364,531871,4,"Madrid, Madrid, Spain",SP,SP29,25820,40.4,-3.68333,-390625,20191203013000,Consult,Verbal cooperation
890389219,20191203,201912,CHN,CHINESE,CHN,,,,,,,,USAMED,REUTERS,USA,,,,,MED,,,1,013,013,01,1,0.4,7,1,7,-1.28410914927768,4,"Beijing, Beijing, China",CH,CH22,13001,39.9289,116.388,-1898541,4,"Beijing, Beijing, China",CH,CH22,13001,39.9289,116.388,-1898541,4,"Beijing, Beijing, China",CH,CH22,13001,39.9289,116.388,-1898541,20191203013000,Make public statement,Verbal cooperation
890390496,20191203,201912,USA,WASHINGTON,USA,,,,,,,,CHN,CHINA,CHN,,,,,,,,1,040,040,04,1,1.0,8,1,8,-0.95359186268277,3,"Washington, District of Columbia, United States",US,USDC,DC001,38.8951,-77.0364,531871,4,"Shanxi, Fujian, China",CH,CH07,13167,26.9512,116.692,10771269,4,"Madrid, Madrid, Spain",SP,SP29,25820,40.4,-3.68333,-390625,20191203013000,Consult,Verbal cooperation
890395006,20191203,201912,CHN,CHINESE,CHN,,,,,,,,USA,THE US,USA,,,,,,,,1,172,172,17,4,-5.0,10,1,10,-1.35135135135135,2,"Texas, United States",US,USTX,,31.106,-97.6475,TX,2,"Texas, United States",US,USTX,,31.106,-97.6475,TX,2,"Texas, United States",US,USTX,,31.106,-97.6475,TX,20191203020000,Coerce,Material conflict
890396024,20191203,201912,USAMED,REUTERS,USA,,,,,MED,,,CHN,BEIJING,CHN,,,,,,,,1,084,084,08,2,7.0,10,1,10,-1.44927536231884,4,"Beijing, Beijing, China",CH,CH22,13001,39.9289,116.388,-1898541,4,"Beijing, Beijing, China",CH,CH22,13001,39.9289,116.388,-1898541,4,"Beijing, Beijing, China",CH,CH22,13001,39.9289,116.388,-1898541,20191203020000,Yield,Material cooperation
890398864,20191203,201912,USA,CHICAGO,USA,,,,,,,,CHNOPP,TIBET,CHN,,,,,OPP,,,1,051,051,05,1,3.4,10,1,10,-3.88349514563107,3,"Chicago, Illinois, United States",US,USIL,IL031,41.85,-87.6501,423587,3,"Chicago, Illinois, United States",US,USIL,IL031,41.85,-87.6501,423587,3,"Chicago, Illinois, United States",US,USIL,IL031,41.85,-87.6501,423587,20191203021500,Engage in diplomatic cooperation,Verbal cooperation
890398865,20191203,201912,USA,CHICAGO,USA,,,,,,,,CHNOPP,TIBET,CHN,,,,,OPP,,,1,141,141,14,3,-6.5,10,1,10,-3.88349514563107,3,"Chicago, Illinois, United States",US,USIL,IL031,41.85,-87.6501,423587,3,"Chicago, Illinois, United States",US,USIL,IL031,41.85,-87.6501,423587,3,"Chicago, Illinois, United States",US,USIL,IL031,41.85,-87.6501,423587,20191203021500,Protest,Verbal conflict
890402242,20191203,201912,CHN,TIBET,CHN,,,,,,,,USA,ALASKA,USA,,,,,,,,1,042,042,04,1,1.9,10,1,10,-2.10896309314587,2,"Alaska, United States",US,USAK,,61.385,-152.268,AK,2,"Alaska, United States",US,USAK,,61.385,-152.268,AK,2,"Alaska, United States",US,USAK,,61.385,-152.268,AK,20191203024500,Consult,Verbal cooperation
890402247,20191203,201912,CHN,CHINA,CHN,,,,,,,,USA,THE US,USA,,,,,,,,1,100,100,10,3,-5.0,10,1,10,-2.29591836734693,1,Russia,RS,RS,,60.0,100.0,RS,1,Russia,RS,RS,,60.0,100.0,RS,1,Russia,RS,RS,,60.0,100.0,RS,20191203024500,Demand,Verbal conflict
890403175,20191203,201912,USA,ALASKA,USA,,,,,,,,CHN,TIBET,CHN,,,,,,,,1,043,043,04,1,2.8,10,1,10,-2.10896309314587,2,"Alaska, United States",US,USAK,,61.385,-152.268,AK,2,"Alaska, United States",US,USAK,,61.385,-152.268,AK,2,"Alaska, United States",US,USAK,,61.385,-152.268,AK,20191203024500,Consult,Verbal cooperation
890404330,20191203,201912,CHN,CHINA,CHN,,,,,,,,USA,NEW YORK,USA,,,,,,,,1,043,043,04,1,2.8,6,1,6,-6.02605863192183,4,"Guangzhou, Guangdong, China",CH,CH30,13033,23.1167,113.25,-1907161,2,"New York, United States",US,USNY,,42.1497,-74.9384,NY,4,"Guangzhou, Guangdong, China",CH,CH30,13033,23.1167,113.25,-1907161,20191203030000,Consult,Verbal cooperation
890405441,20191203,201912,USA,NEW YORK,USA,,,,,,,,CHN,CHINA,CHN,,,,,,,,1,042,042,04,1,1.9,6,1,6,-6.02605863192183,2,"New York, United States",US,USNY,,42.1497,-74.9384,NY,4,"Guangzhou, Guangdong, China",CH,CH30,13033,23.1167,113.25,-1907161,4,"Guangzhou, Guangdong, China",CH,CH30,13033,23.1167,113.25,-1907161,20191203030000,Consult,Verbal cooperation
890405450,20191203,201912,USA,SAN FRANCISCO,USA,,,,,,,,CHNBUS,CHINA,CHN,,,,,BUS,,,1,112,112,11,3,-2.0,26,3,26,-2.06898409231066,1,China,CH,CH,,35.0,105.0,CH,1,China,CH,CH,,35.0,105.0,CH,1,China,CH,CH,,35.0,105.0,CH,20191203030000,Disapprove,Verbal conflict
890409505,20191203,201912,USA,UNITED STATES,USA,,,,,,,,CHN,CHINA,CHN,,,,,,,,1,112,112,11,3,-2.0,6,1,6,-2.84463894967177,3,"Washington, District of Columbia, United States",US,USDC,DC001,38.8951,-77.0364,531871,3,"Washington, District of Columbia, United States",US,USDC,DC001,38.8951,-77.0364,531871,3,"Washington, District of Columbia, United States",US,USDC,DC001,38.8951,-77.0364,531871,20191203033000,Disapprove,Verbal conflict
890409506,20191203,201912,USA,SAN FRANCISCO,USA,,,,,,,,CHNBUS,CHINA,CHN,,,,,BUS,,,1,112,112,11,3,-2.0,10,1,10,-2.33100233100233,5,"Zhejiang, Zhejiang, China",CH,CH02,13325,29.0,120.0,-1938694,5,"Zhejiang, Zhejiang, China",CH,CH02,13325,29.0,120.0,-1938694,5,"Zhejiang, Zhejiang, China",CH,CH02,13325,29.0,120.0,-1938694,20191203033000,Disapprove,Verbal conflict
890412089,20191203,201912,USA,THE US,USA,,,,,,,,CHN,CHINESE,CHN,,,,,,,,1,012,012,01,1,-0.4,8,1,8,-6.01503759398496,1,China,CH,CH,,35.0,105.0,CH,1,China,CH,CH,,35.0,105.0,CH,1,China,CH,CH,,35.0,105.0,CH,20191203034500,Make public statement,Verbal cooperation
890412090,20191203,201912,USA,THE US,USA,,,,,,,,CHN,CHINA,CHN,,,,,,,,1,061,061,06,2,6.4,8,1,8,-2.17391304347826,4,"Minh Thanh, Bì Duong, Vietnam, Republic Of",VM,VM75,73960,11.4333,106.517,-3733903,4,"Minh Thanh, Bì Duong, Vietnam, Republic Of",VM,VM75,73960,11.4333,106.517,-3733903,4,"Minh Thanh, Bì Duong, Vietnam, Republic Of",VM,VM75,73960,11.4333,106.517,-3733903,20191203034500,Engage in material cooperation,Material cooperation
890417258,20191203,201912,USA,AMERICAN,USA,,,,,,,,CHN,CHINA,CHN,,,,,,,,1,051,051,05,1,3.4,8,1,8,-1.90174326465927,1,United States,US,US,,39.828175,-98.5795,US,1,China,CH,CH,,35.0,105.0,CH,1,United States,US,US,,39.828175,-98.5795,US,20191203043000,Engage in diplomatic cooperation,Verbal cooperation
890421121,20191203,201912,CHN,CHINA,CHN,,,,,,,,USA,NEW YORK,USA,,,,,,,,1,161,161,16,4,-4.0,10,1,10,0.53475935828877,1,China,CH,CH,,35.0,105.0,CH,1,China,CH,CH,,35.0,105.0,CH,1,China,CH,CH,,35.0,105.0,CH,20191203051500,Reduce relations,Material conflict
890426387,20191203,201912,USA,THE US,USA,,,,,,,,CHN,CHINA,CHN,,,,,,,,1,020,020,02,1,3.0,12,2,12,-4.06346767747834,4,"Beijing, Beijing, China",CH,CH22,13001,39.9289,116.388,-1898541,4,"Beijing, Beijing, China",CH,CH22,13001,39.9289,116.388,-1898541,4,"Beijing, Beijing, China",CH,CH22,13001,39.9289,116.388,-1898541,20191203054500,Appeal,Verbal cooperation
890426388,20191203,201912,USA,THE US,USA,,,,,,,,CHN,CHINA,CHN,,,,,,,,1,020,020,02,1,3.0,8,1,8,-4.05904059040591,4,"Beijing, Beijing, China",CH,CH22,13001,39.9289,116.388,-1898541,4,"Beijing, Beijing, China",CH,CH22,13001,39.9289,116.388,-1898541,1,Hong Kong,HK,HK,,22.25,114.166667,HK,20191203054500,Appeal,Verbal cooperation
890426390,20191203,201912,USA,THE US,USA,,,,,,,,CHN,CHINA,CHN,,,,,,,,1,020,020,02,1,3.0,8,1,8,-4.08560311284046,1,Hong Kong,HK,HK,,22.25,114.166667,HK,4,"Beijing, Beijing, China",CH,CH22,13001,39.9289,116.388,-1898541,4,"Beijing, Beijing, China",CH,CH22,13001,39.9289,116.388,-1898541,20191203054500,Appeal,Verbal cooperation
890426551,20191203,201912,USAPTY,WASHINGTON,USA,,,,,,,,CHN,CHINA,CHN,,,,,,,,1,112,112,11,3,-2.0,6,1,6,-2.86343612334802,3,"Washington, District of Columbia, United States",US,USDC,DC001,38.8951,-77.0364,531871,3,"Washington, District of Columbia, United States",US,USDC,DC001,38.8951,-77.0364,531871,3,"Washington, District of Columbia, United States",US,USDC,DC001,38.8951,-77.0364,531871,20191203054500,Disapprove,Verbal conflict
890427635,20191203,201912,CHN,BEIJING,CHN,,,,,,,,USAGOV,US AMBASSADOR,USA,,,,,GOV,,,1,040,040,04,1,1.0,10,1,10,-0.35688793718772,4,"Beijing, Beijing, China",CH,CH22,13001,39.9289,116.388,-1898541,4,"Beijing, Beijing, China",CH,CH22,13001,39.9289,116.388,-1898541,4,"Beijing, Beijing, China",CH,CH22,13001,39.9289,116.388,-1898541,20191203060000,Consult,Verbal cooperation
890432225,20191203,201912,CHN,CHINA,CHN,,,,,,,,USAMED,REUTERS,USA,,,,,MED,,,1,010,010,01,1,0.0,10,1,10,1.01351351351351,4,"Sanichi, Anhui, China",CH,CH01,12996,32.1167,116.95,-1924050,4,"Sanichi, Anhui, China",CH,CH01,12996,32.1167,116.95,-1924050,4,"Sanichi, Anhui, China",CH,CH01,12996,32.1167,116.95,-1924050,20191203063000,Make public statement,Verbal cooperation
890432226,20191203,201912,CHN,CHINA,CHN,,,,,,,,USAMED,REUTERS,USA,,,,,MED,,,1,042,042,04,1,1.9,10,1,10,1.01351351351351,4,"Sanichi, Anhui, China",CH,CH01,12996,32.1167,116.95,-1924050,4,"Sanichi, Anhui, China",CH,CH01,12996,32.1167,116.95,-1924050,4,"Sanichi, Anhui, China",CH,CH01,12996,32.1167,116.95,-1924050,20191203063000,Consult,Verbal cooperation
890433299,20191203,201912,USA,CALIFORNIA,USA,,,,,,,,CHN,CHINA,CHN,,,,,,,,1,112,112,11,3,-2.0,10,1,10,-2.26130653266332,1,China,CH,CH,,35.0,105.0,CH,1,China,CH,CH,,35.0,105.0,CH,1,China,CH,CH,,35.0,105.0,CH,20191203063000,Disapprove,Verbal conflict
890433300,20191203,201912,USA,SAN FRANCISCO,USA,,,,,,,,CHNBUS,CHINA,CHN,,,,,BUS,,,1,112,112,11,3,-2.0,10,1,10,-2.26130653266332,1,China,CH,CH,,35.0,105.0,CH,1,China,CH,CH,,35.0,105.0,CH,2,"California, United States",US,USCA,,36.17,-119.746,CA,20191203063000,Disapprove,Verbal conflict
890433524,20191203,201912,USAMED,REUTERS,USA,,,,,MED,,,CHN,CHINA,CHN,,,,,,,,1,043,043,04,1,2.8,10,1,10,1.01351351351351,4,"Sanichi, Anhui, China",CH,CH01,12996,32.1167,116.95,-1924050,4,"Sanichi, Anhui, China",CH,CH01,12996,32.1167,116.95,-1924050,4,"Sanichi, Anhui, China",CH,CH01,12996,32.1167,116.95,-1924050,20191203063000,Consult,Verbal cooperation
890434227,20191126,201911,CHN,CHINA,CHN,,,,,,,,USA,UNITED STATES,USA,,,,,,,,1,043,043,04,1,2.8,6,1,6,-2.72727272727273,4,"Beijing, Beijing, China",CH,CH22,13001,39.9289,116.388,-1898541,3,"Washington, District of Columbia, United States",US,USDC,DC001,38.8951,-77.0364,531871,3,"Washington, District of Columbia, United States",US,USDC,DC001,38.8951,-77.0364,531871,20191203064500,Consult,Verbal cooperation
890434240,20191126,201911,USA,UNITED STATES,USA,,,,,,,,CHN,CHINA,CHN,,,,,,,,1,042,042,04,1,1.9,6,1,6,-2.72727272727273,3,"Washington, District of Columbia, United States",US,USDC,DC001,38.8951,-77.0364,531871,4,"Beijing, Beijing, China",CH,CH22,13001,39.9289,116.388,-1898541,3,"Washington, District of Columbia, United States",US,USDC,DC001,38.8951,-77.0364,531871,20191203064500,Consult,Verbal cooperation
890438892,20191203,201912,USAEDU,CALIFORNIA,USA,,,,,EDU,,,CHNBUS,CHINA,CHN,,,,,BUS,,,1,112,112,11,3,-2.0,6,1,6,-2.11081794195251,1,China,CH,CH,,35.0,105.0,CH,1,China,CH,CH,,35.0,105.0,CH,1,China,CH,CH,,35.0,105.0,CH,20191203071500,Disapprove,Verbal conflict
890441204,20191203,201912,USA,THE US,USA,,,,,,,,CHNGOV,CHINESE,CHN,,,,,GOV,,,1,172,172,17,4,-5.0,6,1,6,-6.25,4,"Xijin, Shaanxi, China",CH,CH26,13218,34.5712,108.23,10549118,4,"Xinjiang, Jiangxi, China",CH,CH03,13167,27.7481,116.274,11065838,4,"Xinjiang, Jiangxi, China",CH,CH03,13167,27.7481,116.274,11065838,20191203073000,Coerce,Material conflict
890453409,20191203,201912,CHN,CHINA,CHN,,,,,,,,USA,WASHINGTON,USA,,,,,,,,1,040,040,04,1,1.0,8,1,8,-0.952380952380948,1,China,CH,CH,,35.0,105.0,CH,2,"Washington, United States",US,USWA,,47.3917,-121.571,WA,1,Spain,SP,SP,,40.0,-4.0,SP,20191203090000,Consult,Verbal cooperation
890453414,20191203,201912,CHN,CHINA,CHN,,,,,,,,USA,UNITED STATES,USA,,,,,,,,1,051,051,05,1,3.4,8,2,8,-4.65141612200436,1,China,CH,CH,,35.0,105.0,CH,3,"Washington, District of Columbia, United States",US,USDC,DC001,38.8951,-77.0364,531871,1,China,CH,CH,,35.0,105.0,CH,20191203090000,Engage in diplomatic cooperation,Verbal cooperation
890454381,20191203,201912,USA,WASHINGTON,USA,,,,,,,,CHN,CHINA,CHN,,,,,,,,1,040,040,04,1,1.0,8,1,8,-0.952380952380948,2,"Washington, United States",US,USWA,,47.3917,-121.571,WA,1,China,CH,CH,,35.0,105.0,CH,1,Spain,SP,SP,,40.0,-4.0,SP,20191203090000,Consult,Verbal cooperation
890460577,20191203,201912,CHN,CHINA,CHN,,,,,,,,USA,THE US,USA,,,,,,,,1,120,120,12,3,-4.0,10,1,10,-3.11418685121107,1,Hong Kong,HK,HK,,22.25,114.166667,HK,1,Hong Kong,HK,HK,,22.25,114.166667,HK,1,Hong Kong,HK,HK,,22.25,114.166667,HK,20191203094500,Reject,Verbal conflict
890463149,20191203,201912,CHN,CHINA,CHN,,,,,,,,USA,UNITED STATES,USA,,,,,,,,1,013,013,01,1,0.4,6,1,6,2.52707581227437,1,China,CH,CH,,35.0,105.0,CH,1,United States,US,US,,39.828175,-98.5795,US,1,China,CH,CH,,35.0,105.0,CH,20191203100000,Make public statement,Verbal cooperation
890484153,20191203,201912,USA,SAN FRANCISCO,USA,,,,,,,,CHNBUS,CHINA,CHN,,,,,BUS,,,1,112,112,11,3,-2.0,10,1,10,-1.13636363636364,2,"California, United States",US,USCA,,36.17,-119.746,CA,1,China,CH,CH,,35.0,105.0,CH,2,"California, United States",US,USCA,,36.17,-119.746,CA,20191203114500,Disapprove,Verbal conflict
890488808,20191203,201912,CHN,CHINA,CHN,,,,,,,,USAGOV,THE WHITE HOUSE,USA,,,,,GOV,,,1,046,046,04,1,7.0,6,1,6,-1.5180265654649,3,"White House, District of Columbia, United States",US,USDC,,38.8951,-77.0364,531871,3,"White House, District of Columbia, United States",US,USDC,,38.8951,-77.0364,531871,3,"White House, District of Columbia, United States",US,USDC,,38.8951,-77.0364,531871,20191203121500,Consult,Verbal cooperation
890488810,20191203,201912,CHN,CHINA,CHN,,,,,,,,USAMED,ASSOCIATED PRESS,USA,,,,,MED,,,1,040,040,04,1,1.0,6,1,6,-4.29184549356223,1,China,CH,CH,,35.0,105.0,CH,1,China,CH,CH,,35.0,105.0,CH,4,"London, London, City of, United Kingdom",UK,UKH9,40110,51.5,-0.116667,-2601889,20191203121500,Consult,Verbal cooperation
890490187,20191203,201912,USAMED,ASSOCIATED PRESS,USA,,,,,MED,,,CHN,CHINA,CHN,,,,,,,,1,030,030,03,1,4.0,6,1,6,-4.29184549356223,1,China,CH,CH,,35.0,105.0,CH,1,China,CH,CH,,35.0,105.0,CH,1,China,CH,CH,,35.0,105.0,CH,20191203121500,Express intent to cooperate,Verbal cooperation
890490188,20191203,201912,USAMED,ASSOCIATED PRESS,USA,,,,,MED,,,CHN,CHINA,CHN,,,,,,,,1,040,040,04,1,1.0,8,1,8,-4.29184549356223,1,Argentina,AR,AR,,-34.0,-64.0,AR,1,Argentina,AR,AR,,-34.0,-64.0,AR,1,Argentina,AR,AR,,-34.0,-64.0,AR,20191203121500,Consult,Verbal cooperation
890493249,20191203,201912,USA,OHIO,USA,,,,,,,,CHN,CHINA,CHN,,,,,,,,1,070,070,07,2,7.0,6,1,6,7.86516853932584,2,"Ohio, United States",US,USOH,,40.3736,-82.7755,OH,1,China,CH,CH,,35.0,105.0,CH,2,"Ohio, United States",US,USOH,,40.3736,-82.7755,OH,20191203123000,Provide aid,Material cooperation
890493250,20191203,201912,USA,OHIO,USA,,,,,,,,CHN,CHINA,CHN,,,,,,,,1,073,073,07,2,7.4,10,1,10,7.86516853932584,1,China,CH,CH,,35.0,105.0,CH,1,China,CH,CH,,35.0,105.0,CH,1,China,CH,CH,,35.0,105.0,CH,20191203123000,Provide aid,Material cooperation
890501367,20191203,201912,CHN,CHINA,CHN,,,,,,,,USA,UNITED STATES,USA,,,,,,,,1,040,040,04,1,1.0,8,1,8,-3.0,4,"Xijin, Shaanxi, China",CH,CH26,13218,34.5712,108.23,10549118,2,"New York, United States",US,USNY,,42.1497,-74.9384,NY,4,"Xijin, Shaanxi, China",CH,CH26,13218,34.5712,108.23,10549118,20191203131500,Consult,Verbal cooperation
890501376,20191203,201912,CHN,SHENZHEN,CHN,,,,,,,,USAMED,REUTERS,USA,,,,,MED,,,1,110,110,11,3,-2.0,16,1,16,-3.0,2,"New York, United States",US,USNY,,42.1497,-74.9384,NY,4,"Xiaomi, Fujian, China",CH,CH07,13163,25.2225,116.057,10999868,4,"Xiaomi, Fujian, China",CH,CH07,13163,25.2225,116.057,10999868,20191203131500,Disapprove,Verbal conflict
890502658,20191203,201912,USA,UNITED STATES,USA,,,,,,,,CHN,CHINA,CHN,,,,,,,,1,040,040,04,1,1.0,8,1,8,-3.0,2,"New York, United States",US,USNY,,42.1497,-74.9384,NY,4,"Xijin, Shaanxi, China",CH,CH26,13218,34.5712,108.23,10549118,4,"Xijin, Shaanxi, China",CH,CH26,13218,34.5712,108.23,10549118,20191203131500,Consult,Verbal cooperation
890502662,20191203,201912,USA,AMERICAN,USA,,,,,,,,CHN,CHINA,CHN,,,,,,,,1,051,051,05,1,3.4,6,1,6,-2.38095238095238,1,Netherlands,NL,NL,,52.5,5.75,NL,1,Netherlands,NL,NL,,52.5,5.75,NL,1,Netherlands,NL,NL,,52.5,5.75,NL,20191203131500,Engage in diplomatic cooperation,Verbal cooperation
890504501,20191203,201912,CHN,SHENZHEN,CHN,,,,,,,,USAMED,REUTERS,USA,,,,,MED,,,1,110,110,11,3,-2.0,12,2,12,-3.47593582887701,1,United States,US,US,,39.828175,-98.5795,US,4,"Xiaomi, Fujian, China",CH,CH07,13163,25.2225,116.057,10999868,4,"Xiaomi, Fujian, China",CH,CH07,13163,25.2225,116.057,10999868,20191203133000,Disapprove,Verbal conflict
890505849,20191203,201912,USA,UNITED STATES,USA,,,,,,,,CHNMIL,CHINESE,CHN,,,,,MIL,,,1,112,112,11,3,-2.0,6,1,6,-6.0,3,"Washington, District of Columbia, United States",US,USDC,DC001,38.8951,-77.0364,531871,4,"Beijing, Beijing, China",CH,CH22,13001,39.9289,116.388,-1898541,3,"Washington, District of Columbia, United States",US,USDC,DC001,38.8951,-77.0364,531871,20191203133000,Disapprove,Verbal conflict
890513501,20191103,201911,CHN,CHINESE,CHN,,,,,,,,USA,THE US,USA,,,,,,,,1,057,057,05,1,8.0,6,1,6,-3.51758793969849,4,"London, London, City of, United Kingdom",UK,UKH9,40110,51.5,-0.116667,-2601889,4,"London, London, City of, United Kingdom",UK,UKH9,40110,51.5,-0.116667,-2601889,4,"London, London, City of, United Kingdom",UK,UKH9,40110,51.5,-0.116667,-2601889,20191203141500,Engage in diplomatic cooperation,Verbal cooperation
890515271,20191203,201912,USA,THE US,USA,,,,,,,,CHN,CHINA,CHN,,,,,,,,1,090,090,09,2,-2.0,10,1,10,-1.94174757281554,4,"Beijing, Beijing, China",CH,CH22,13001,39.9289,116.388,-1898541,4,"Beijing, Beijing, China",CH,CH22,13001,39.9289,116.388,-1898541,4,"Beijing, Beijing, China",CH,CH22,13001,39.9289,116.388,-1898541,20191203141500,Investigate,Material cooperation
890515274,20191203,201912,USA,THE US,USA,,,,,,,,CHN,CHINA,CHN,,,,,,,,1,1125,112,11,3,-2.0,7,1,7,-1.94174757281554,4,"Beijing, Beijing, China",CH,CH22,13001,39.9289,116.388,-1898541,4,"Beijing, Beijing, China",CH,CH22,13001,39.9289,116.388,-1898541,4,"Beijing, Beijing, China",CH,CH22,13001,39.9289,116.388,-1898541,20191203141500,Disapprove,Verbal conflict
890521502,20191203,201912,CHN,CHINESE,CHN,,,,,,,,USA,UNITED STATES,USA,,,,,,,,1,051,051,05,1,3.4,6,1,6,2.4390243902439,2,"New York, United States",US,USNY,,42.1497,-74.9384,NY,2,"New York, United States",US,USNY,,42.1497,-74.9384,NY,2,"New York, United States",US,USNY,,42.1497,-74.9384,NY,20191203144500,Engage in diplomatic cooperation,Verbal cooperation
890522835,20191203,201912,USA,AMERICAN,USA,,,,,,,,CHN,CHINA,CHN,,,,,,,,1,051,051,05,1,3.4,8,1,8,-4.23728813559322,4,"Tokyo, Tokyo, Japan",JA,JA40,36340,35.685,139.751,-246227,4,"Tokyo, Tokyo, Japan",JA,JA40,36340,35.685,139.751,-246227,4,"Tokyo, Tokyo, Japan",JA,JA40,36340,35.685,139.751,-246227,20191203144500,Engage in diplomatic cooperation,Verbal cooperation
890522836,20191203,201912,USA,AMERICAN,USA,,,,,,,,CHN,CHINA,CHN,,,,,,,,1,051,051,05,1,3.4,8,1,8,-4.23728813559322,1,United States,US,US,,39.828175,-98.5795,US,1,United States,US,US,,39.828175,-98.5795,US,1,United States,US,US,,39.828175,-98.5795,US,20191203144500,Engage in diplomatic cooperation,Verbal cooperation
890527413,20191203,201912,USA,WASHINGTON,USA,,,,,,,,CHN,CHINA,CHN,,,,,,,,1,061,061,06,2,6.4,8,1,8,-1.59151193633953,1,India,IN,IN,,20.0,77.0,IN,1,India,IN,IN,,20.0,77.0,IN,1,India,IN,IN,,20.0,77.0,IN,20191203151500,Engage in material cooperation,Material cooperation
890530801,20191203,201912,USA,WASHINGTON,USA,,,,,,,,CHN,CHINA,CHN,,,,,,,,1,130,130,13,3,-4.4,8,1,8,-0.57518488085456,4,"Beijing, Beijing, China",CH,CH22,13001,39.9289,116.388,-1898541,4,"Beijing, Beijing, China",CH,CH22,13001,39.9289,116.388,-1898541,4,"Beijing, Beijing, China",CH,CH22,13001,39.9289,116.388,-1898541,20191203153000,Threaten,Verbal conflict
890531020,20191203,201912,USAGOV,THE US,USA,,,,,GOV,,,CHN,CHINESE,CHN,,,,,,,,1,010,010,01,1,0.0,10,1,10,-2.08695652173913,1,China,CH,CH,,35.0,105.0,CH,1,China,CH,CH,,35.0,105.0,CH,1,China,CH,CH,,35.0,105.0,CH,20191203153000,Make public statement,Verbal cooperation
890531021,20191203,201912,USAGOV,THE US,USA,,,,,GOV,,,CHN,CHINESE,CHN,,,,,,,,1,0841,084,08,2,7.0,10,1,10,-2.08695652173913,1,China,CH,CH,,35.0,105.0,CH,1,China,CH,CH,,35.0,105.0,CH,1,China,CH,CH,,35.0,105.0,CH,20191203153000,Yield,Material cooperation
890531022,20191203,201912,USAGOV,THE US,USA,,,,,GOV,,,CHN,CHINESE,CHN,,,,,,,,1,111,111,11,3,-2.0,10,1,10,-2.08695652173913,1,China,CH,CH,,35.0,105.0,CH,1,China,CH,CH,,35.0,105.0,CH,1,China,CH,CH,,35.0,105.0,CH,20191203153000,Disapprove,Verbal conflict
890537732,20191203,201912,USA,AMERICAN,USA,,,,,,,,CHN,CHINA,CHN,,,,,,,,1,042,042,04,1,1.9,10,1,10,9.24369747899163,2,"New York, United States",US,USNY,,42.1497,-74.9384,NY,2,"New York, United States",US,USNY,,42.1497,-74.9384,NY,2,"New York, United States",US,USNY,,42.1497,-74.9384,NY,20191203160000,Consult,Verbal cooperation
890539664,20191203,201912,CHN,SHANGHAI,CHN,,,,,,,,USA,UNITED STATES,USA,,,,,,,,1,043,043,04,1,2.8,6,1,6,-5.87557603686636,4,"Shanghai, Shanghai, China",CH,CH23,13243,31.2222,121.458,-1924465,3,"Fountain Hills, Arizona, United States",US,USAZ,,33.6117,-111.717,36980,4,"Shanghai, Shanghai, China",CH,CH23,13243,31.2222,121.458,-1924465,20191203161500,Consult,Verbal cooperation
890540977,20191203,201912,USA,UNITED STATES,USA,,,,,,,,CHN,SHANGHAI,CHN,,,,,,,,1,042,042,04,1,1.9,6,1,6,-5.87557603686636,3,"Fountain Hills, Arizona, United States",US,USAZ,AZ013,33.6117,-111.717,36980,4,"Shanghai, Shanghai, China",CH,CH23,13243,31.2222,121.458,-1924465,4,"Shanghai, Shanghai, China",CH,CH23,13243,31.2222,121.458,-1924465,20191203161500,Consult,Verbal cooperation
890540979,20191203,201912,USA,UNITED STATES,USA,,,,,,,,CHNBUS,CHINA,CHN,,,,,BUS,,,1,010,010,01,1,0.0,8,2,8,0.83333333333333,1,China,CH,CH,,35.0,105.0,CH,1,China,CH,CH,,35.0,105.0,CH,1,China,CH,CH,,35.0,105.0,CH,20191203161500,Make public statement,Verbal cooperation
890544221,20191203,201912,USA,WASHINGTON,USA,,,,,,,,CHN,CHINA,CHN,,,,,,,,1,030,030,03,1,4.0,10,1,10,-1.64765525982256,4,"Berlin, Berlin, Germany",GM,GM16,16538,52.5167,13.4,-1746443,4,"Berlin, Berlin, Germany",GM,GM16,16538,52.5167,13.4,-1746443,4,"Berlin, Berlin, Germany",GM,GM16,16538,52.5167,13.4,-1746443,20191203163000,Express intent to cooperate,Verbal cooperation
890545991,20191203,201912,CHN,CHINA,CHN,,,,,,,,MNCUSAHLH,NU SKIN ENTERPRISES,USA,,,,,MNC,HLH,,1,036,036,03,1,4.0,10,1,10,-2.52764612954186,1,China,CH,CH,,35.0,105.0,CH,1,China,CH,CH,,35.0,105.0,CH,1,China,CH,CH,,35.0,105.0,CH,20191203164500,Express intent to cooperate,Verbal cooperation
890547062,20191203,201912,MNCUSAHLH,NU SKIN ENTERPRISES,USA,,,,,MNC,HLH,,CHN,CHINA,CHN,,,,,,,,1,036,036,03,1,4.0,10,1,10,-2.52764612954186,1,China,CH,CH,,35.0,105.0,CH,1,China,CH,CH,,35.0,105.0,CH,1,China,CH,CH,,35.0,105.0,CH,20191203164500,Express intent to cooperate,Verbal cooperation
890551436,20191203,201912,CHN,CHINESE,CHN,,,,,,,,USA,AMERICAN,USA,,,,,,,,1,190,190,19,4,-10.0,6,1,6,2.31362467866324,1,China,CH,CH,,35.0,105.0,CH,2,"Ohio, United States",US,USOH,,40.3736,-82.7755,OH,2,"Ohio, United States",US,USOH,,40.3736,-82.7755,OH,20191203171500,Fight,Material conflict
890552715,20191203,201912,USA,AMERICAN,USA,,,,,,,,CHN,CHINESE,CHN,,,,,,,,1,190,190,19,4,-10.0,6,1,6,2.31362467866324,2,"Ohio, United States",US,USOH,,40.3736,-82.7755,OH,1,China,CH,CH,,35.0,105.0,CH,2,"Ohio, United States",US,USOH,,40.3736,-82.7755,OH,20191203171500,Fight,Material conflict
890554925,20191202,201912,CHN,XINJIANG,CHN,,,,,,,,USALEG,THE US,USA,,,,,LEG,,,1,043,043,04,1,2.8,10,1,10,-5.41666666666667,4,"Xinjiang, Jiangxi, China",CH,CH03,13167,27.7481,116.274,11065838,4,"Xinjiang, Jiangxi, China",CH,CH03,13167,27.7481,116.274,11065838,4,"Xinjiang, Jiangxi, China",CH,CH03,13167,27.7481,116.274,11065838,20191203173000,Consult,Verbal cooperation
890554936,20191202,201912,USALEG,THE US,USA,,,,,LEG,,,CHN,XINJIANG,CHN,,,,,,,,1,042,042,04,1,1.9,10,1,10,-5.41666666666667,4,"Xinjiang, Jiangxi, China",CH,CH03,13167,27.7481,116.274,11065838,4,"Xinjiang, Jiangxi, China",CH,CH03,13167,27.7481,116.274,11065838,4,"Xinjiang, Jiangxi, China",CH,CH03,13167,27.7481,116.274,11065838,20191203173000,Consult,Verbal cooperation
890565315,20191203,201912,USAMED,REUTERS,USA,,,,,MED,,,CHN,CHINA,CHN,,,,,,,,1,0311,031,03,1,5.2,10,1,10,-2.66075388026608,4,"London, London, City of, United Kingdom",UK,UKH9,40110,51.5,-0.116667,-2601889,4,"London, London, City of, United Kingdom",UK,UKH9,40110,51.5,-0.116667,-2601889,4,"London, London, City of, United Kingdom",UK,UKH9,40110,51.5,-0.116667,-2601889,20191203181500,Express intent to cooperate,Verbal cooperation
890565792,20191203,201912,CHN,CHINA,CHN,,,,,,,,USA,WASHINGTON,USA,,,,,,,,1,043,043,04,1,2.8,8,1,8,1.99556541019955,4,"Meng Meng, Yunnan, China",CH,CH29,13318,23.465,99.8021,-1918558,3,"Washington, District of Columbia, United States",US,USDC,DC001,38.8951,-77.0364,531871,4,"Meng Meng, Yunnan, China",CH,CH29,13318,23.465,99.8021,-1918558,20191203183000,Consult,Verbal cooperation
890567298,20191203,201912,USA,WASHINGTON,USA,,,,,,,,CHN,CHINA,CHN,,,,,,,,1,042,042,04,1,1.9,8,1,8,1.99556541019955,3,"Washington, District of Columbia, United States",US,USDC,DC001,38.8951,-77.0364,531871,4,"Meng Meng, Yunnan, China",CH,CH29,13318,23.465,99.8021,-1918558,4,"Meng Meng, Yunnan, China",CH,CH29,13318,23.465,99.8021,-1918558,20191203183000,Consult,Verbal cooperation
890567497,20191203,201912,USAGOV,THE US,USA,,,,,GOV,,,CHN,BEIJING,CHN,,,,,,,,1,100,100,10,3,-5.0,8,1,8,-2.49307479224377,4,"Beijing, Beijing, China",CH,CH22,13001,39.9289,116.388,-1898541,4,"Beijing, Beijing, China",CH,CH22,13001,39.9289,116.388,-1898541,4,"Beijing, Beijing, China",CH,CH22,13001,39.9289,116.388,-1898541,20191203183000,Demand,Verbal conflict
890570013,20191203,201912,CHN,CHINA,CHN,,,,,,,,USA,THE US,USA,,,,,,,,1,130,130,13,3,-4.4,8,1,8,-0.43604651162791,1,Ethiopia,ET,ET,,8.0,38.0,ET,1,China,CH,CH,,35.0,105.0,CH,1,China,CH,CH,,35.0,105.0,CH,20191203184500,Threaten,Verbal conflict
890579817,20191203,201912,USAMED,REUTERS,USA,,,,,MED,,,CHN,CHINA,CHN,,,,,,,,1,020,020,02,1,3.0,8,1,8,-2.36453201970444,4,"Moscow, Moskva, Russia",RS,RS48,25106,55.7522,37.6156,-2960561,1,Mongolia,MG,MG,,46.0,105.0,MG,4,"Beijing, Beijing, China",CH,CH22,13001,39.9289,116.388,-1898541,20191203193000,Appeal,Verbal cooperation
890584371,20191203,201912,CHN,CHINESE,CHN,,,,,,,,USAMED,REUTERS,USA,,,,,MED,,,1,020,020,02,1,3.0,7,1,7,-1.33111480865225,4,"Beijing, Beijing, China",CH,CH22,13001,39.9289,116.388,-1898541,4,"Beijing, Beijing, China",CH,CH22,13001,39.9289,116.388,-1898541,4,"Beijing, Beijing, China",CH,CH22,13001,39.9289,116.388,-1898541,20191203200000,Appeal,Verbal cooperation
890585793,20191203,201912,USAEDU,CALIFORNIA,USA,,,,,EDU,,,CHN,CHINA,CHN,,,,,,,,1,112,112,11,3,-2.0,6,1,6,-3.87323943661971,1,China,CH,CH,,35.0,105.0,CH,1,China,CH,CH,,35.0,105.0,CH,1,China,CH,CH,,35.0,105.0,CH,20191203200000,Disapprove,Verbal conflict
890585883,20181203,201812,CHN,CHINESE,CHN,,,,,,,,MNCUSAMED,QUALCOMM,USA,,,,,MNC,MED,,1,111,111,11,3,-2.0,10,1,10,-0.48661800486618,2,"Hawaii, United States",US,USHI,,21.1098,-157.531,HI,2,"Hawaii, United States",US,USHI,,21.1098,-157.531,HI,2,"Hawaii, United States",US,USHI,,21.1098,-157.531,HI,20191203201500,Disapprove,Verbal conflict
890597968,20191203,201912,CHN,CHINA,CHN,,,,,,,,USA,UNITED STATES,USA,,,,,,,,1,042,042,04,1,1.9,6,1,6,5.90405904059041,3,"Bethel College, Kansas, United States",US,USKS,KS079,38.0745,-97.3447,482719,3,"Bethel College, Kansas, United States",US,USKS,,38.0745,-97.3447,482719,3,"Bethel College, Kansas, United States",US,USKS,,38.0745,-97.3447,482719,20191203211500,Consult,Verbal cooperation
890606750,20191203,201912,CHN,CHINA,CHN,,,,,,,,USA,WASHINGTON,USA,,,,,,,,1,050,050,05,1,3.5,6,1,6,-0.30395136778115,1,China,CH,CH,,35.0,105.0,CH,3,"Washington, District of Columbia, United States",US,USDC,DC001,38.8951,-77.0364,531871,1,Russia,RS,RS,,60.0,100.0,RS,20191203221500,Engage in diplomatic cooperation,Verbal cooperation
890607685,20191203,201912,USA,WASHINGTON,USA,,,,,,,,CHN,CHINA,CHN,,,,,,,,1,050,050,05,1,3.5,6,1,6,-0.30395136778115,3,"Washington, District of Columbia, United States",US,USDC,DC001,38.8951,-77.0364,531871,1,China,CH,CH,,35.0,105.0,CH,1,Russia,RS,RS,,60.0,100.0,RS,20191203221500,Engage in diplomatic cooperation,Verbal cooperation
890613474,20191203,201912,CHN,CHINA,CHN,,,,,,,,USA,THE US,USA,,,,,,,,1,046,046,04,1,7.0,10,1,10,-1.84331797235023,1,China,CH,CH,,35.0,105.0,CH,1,China,CH,CH,,35.0,105.0,CH,1,Canada,CA,CA,,60.0,-96.0,CA,20191203230000,Consult,Verbal cooperation
890614876,20191203,201912,USA,THE US,USA,,,,,,,,CHN,CHINA,CHN,,,,,,,,1,046,046,04,1,7.0,10,1,10,-1.84331797235023,1,Canada,CA,CA,,60.0,-96.0,CA,1,Canada,CA,CA,,60.0,-96.0,CA,1,Canada,CA,CA,,60.0,-96.0,CA,20191203230000,Consult,Verbal cooperation
890619061,20191203,201912,CHN,CHINA,CHN,,,,,,,,USA,WASHINGTON,USA,,,,,,,,1,040,040,04,1,1.0,8,1,8,-1.15979381443299,5,"Anhui, Anhui, China",CH,CH01,12996,32.0,117.0,-1896677,3,"Washington, District of Columbia, United States",US,USDC,DC001,38.8951,-77.0364,531871,4,"Madrid, Madrid, Spain",SP,SP29,25820,40.4,-3.68333,-390625,20191203233000,Consult,Verbal cooperation
890620430,20191203,201912,USA,WASHINGTON,USA,,,,,,,,CHN,CHINA,CHN,,,,,,,,1,040,040,04,1,1.0,8,1,8,-1.15979381443299,3,"Washington, District of Columbia, United States",US,USDC,DC001,38.8951,-77.0364,531871,5,"Anhui, Anhui, China",CH,CH01,12996,32.0,117.0,-1896677,4,"Madrid, Madrid, Spain",SP,SP29,25820,40.4,-3.68333,-390625,20191203233000,Consult,Verbal cooperation
890629229,20191204,201912,CHN,CHINA,CHN,,,,,,,,USA,WASHINGTON,USA,,,,,,,,1,0311,031,03,1,5.2,10,1,10,-1.10091743119266,1,Turkey,TU,TU,,39.059012,34.911546,TU,1,Turkey,TU,TU,,39.059012,34.911546,TU,1,Turkey,TU,TU,,39.059012,34.911546,TU,20191204001500,Express intent to cooperate,Verbal cooperation
890634414,20191204,201912,CHN,CHINA,CHN,,,,,,,,USA,WASHINGTON,USA,,,,,,,,1,050,050,05,1,3.5,6,1,6,-0.30211480362537,1,China,CH,CH,,35.0,105.0,CH,3,"Washington, District of Columbia, United States",US,USDC,DC001,38.8951,-77.0364,531871,1,Russia,RS,RS,,60.0,100.0,RS,20191204003000,Engage in diplomatic cooperation,Verbal cooperation
890636901,20191204,201912,USA,WASHINGTON,USA,,,,,,,,CHN,CHINA,CHN,,,,,,,,1,050,050,05,1,3.5,6,1,6,-0.30211480362537,3,"Washington, District of Columbia, United States",US,USDC,DC001,38.8951,-77.0364,531871,1,China,CH,CH,,35.0,105.0,CH,1,Russia,RS,RS,,60.0,100.0,RS,20191204003000,Engage in diplomatic cooperation,Verbal cooperation
890648906,20191204,201912,CHN,CHINA,CHN,,,,,,,,USA,WASHINGTON,USA,,,,,,,,1,040,040,04,1,1.0,16,1,16,-1.04374956648733,4,"Guizhou, Hubei, China",CH,CH12,13129,31.0167,110.583,-1907618,3,"Washington, District of Columbia, United States",US,USDC,DC001,38.8951,-77.0364,531871,4,"Madrid, Madrid, Spain",SP,SP29,25820,40.4,-3.68333,-390625,20191204013000,Consult,Verbal cooperation
890650385,20191204,201912,USA,WASHINGTON,USA,,,,,,,,CHN,CHINA,CHN,,,,,,,,1,040,040,04,1,1.0,16,1,16,-1.04374956648733,3,"Washington, District of Columbia, United States",US,USDC,DC001,38.8951,-77.0364,531871,4,"Guizhou, Hubei, China",CH,CH12,13129,31.0167,110.583,-1907618,4,"Madrid, Madrid, Spain",SP,SP29,25820,40.4,-3.68333,-390625,20191204013000,Consult,Verbal cooperation
890651943,20191204,201912,CHN,BEIJING,CHN,,,,,,,,USAMED,REUTERS,USA,,,,,MED,,,1,046,046,04,1,7.0,10,1,10,3.42465753424657,1,Hong Kong,HK,HK,,22.25,114.166667,HK,1,Hong Kong,HK,HK,,22.25,114.166667,HK,1,Hong Kong,HK,HK,,22.25,114.166667,HK,20191204014500,Consult,Verbal cooperation
890653476,20191204,201912,USAMED,REUTERS,USA,,,,,MED,,,CHN,CHINA,CHN,,,,,,,,1,046,046,04,1,7.0,6,1,6,3.42465753424657,4,"Beijing, Beijing, China",CH,CH22,13001,39.9289,116.388,-1898541,4,"Diaoyutai, Henan, China",CH,CH09,13111,33.8072,111.925,6001729,4,"Diaoyutai, Henan, China",CH,CH09,13111,33.8072,111.925,6001729,20191204014500,Consult,Verbal cooperation
890655707,20191204,201912,USA,THE US,USA,,,,,,,,CHN,CHINA,CHN,,,,,,,,1,061,061,06,2,6.4,20,2,20,-2.82776349614396,1,China,CH,CH,,35.0,105.0,CH,1,United States,US,US,,39.828175,-98.5795,US,1,United States,US,US,,39.828175,-98.5795,US,20191204020000,Engage in material cooperation,Material cooperation
890658960,20191204,201912,CHN,CHINA,CHN,,,,,,,,USA,AMERICAN,USA,,,,,,,,1,040,040,04,1,1.0,6,1,6,0.98039215686275,4,"Beijing, Beijing, China",CH,CH22,13001,39.9289,116.388,-1898541,1,United States,US,US,,39.828175,-98.5795,US,1,United States,US,US,,39.828175,-98.5795,US,20191204023000,Consult,Verbal cooperation
890658962,20191204,201912,CHNGOV,CHINA,CHN,,,,,GOV,,,USA,THE US,USA,,,,,,,,1,025,025,02,1,-0.3,10,1,10,-5.08982035928144,1,New Zealand,NZ,NZ,,-42.0,174.0,NZ,1,New Zealand,NZ,NZ,,-42.0,174.0,NZ,1,New Zealand,NZ,NZ,,-42.0,174.0,NZ,20191204023000,Appeal,Verbal cooperation
890658963,20191204,201912,CHNGOV,YANG JIECHI,CHN,,,,,GOV,,,USA,AMERICAN,USA,,,,,,,,1,040,040,04,1,1.0,8,1,8,0.98039215686275,1,Hong Kong,HK,HK,,22.25,114.166667,HK,4,"Beijing, Beijing, China",CH,CH22,13001,39.9289,116.388,-1898541,4,"Beijing, Beijing, China",CH,CH22,13001,39.9289,116.388,-1898541,20191204023000,Consult,Verbal cooperation
890660207,20191204,201912,USA,AMERICAN,USA,,,,,,,,CHN,CHINA,CHN,,,,,,,,1,040,040,04,1,1.0,8,1,8,0.98039215686275,1,United States,US,US,,39.828175,-98.5795,US,4,"Beijing, Beijing, China",CH,CH22,13001,39.9289,116.388,-1898541,1,United States,US,US,,39.828175,-98.5795,US,20191204023000,Consult,Verbal cooperation
890660208,20191204,201912,USA,THE US,USA,,,,,,,,CHN,CHINESE,CHN,,,,,,,,1,1043,104,10,3,-5.0,10,1,10,-5.41516245487365,1,China,CH,CH,,35.0,105.0,CH,1,China,CH,CH,,35.0,105.0,CH,1,China,CH,CH,,35.0,105.0,CH,20191204023000,Demand,Verbal conflict
890660210,20191204,201912,USA,AMERICAN,USA,,,,,,,,CHNGOV,YANG JIECHI,CHN,,,,,GOV,,,1,040,040,04,1,1.0,8,1,8,0.98039215686275,1,United States,US,US,,39.828175,-98.5795,US,4,"Beijing, Beijing, China",CH,CH22,13001,39.9289,116.388,-1898541,1,United States,US,US,,39.828175,-98.5795,US,20191204023000,Consult,Verbal cooperation
890661669,20191204,201912,CHN,CHINA,CHN,,,,,,,,USA,UNITED STATES,USA,,,,,,,,1,042,042,04,1,1.9,6,1,6,-0.44742729306488,4,"Wang Chi, Jiangsu, China",CH,CH04,13150,34.2667,119.35,-1929819,3,"San Francisco, California, United States",US,USCA,,37.7749,-122.419,277593,3,"San Francisco, California, United States",US,USCA,,37.7749,-122.419,277593,20191204024500,Consult,Verbal cooperation
890661671,20191204,201912,CHN,YANCHENG,CHN,,,,,,,,USA,UNITED STATES,USA,,,,,,,,1,043,043,04,1,2.8,10,1,10,3.19148936170213,4,"Yancheng, Jiangsu, China",CH,CH04,13152,33.3856,120.125,-1935097,1,United States,US,US,,39.828175,-98.5795,US,1,Hungary,HU,HU,,47.0,20.0,HU,20191204024500,Consult,Verbal cooperation
890662859,20191204,201912,USA,UNITED STATES,USA,,,,,,,,CHN,YANCHENG,CHN,,,,,,,,1,042,042,04,1,1.9,10,1,10,3.19148936170213,4,"Dayangwan, Shaanxi, China",CH,CH26,13221,33.5618,106.58,10727232,4,"Dayangwan, Shaanxi, China",CH,CH26,13221,33.5618,106.58,10727232,4,"Dayangwan, Shaanxi, China",CH,CH26,13221,33.5618,106.58,10727232,20191204024500,Consult,Verbal cooperation
890662862,20191204,201912,USA,UNITED STATES,USA,,,,,,,,CHN,CHINA,CHN,,,,,,,,1,043,043,04,1,2.8,6,1,6,-0.44742729306488,3,"San Francisco, California, United States",US,USCA,CA075,37.7749,-122.419,277593,4,"Wang Chi, Jiangsu, China",CH,CH04,13150,34.2667,119.35,-1929819,3,"San Francisco, California, United States",US,USCA,,37.7749,-122.419,277593,20191204024500,Consult,Verbal cooperation
890664473,20181204,201812,CHN,CHINESE,CHN,,,,,,,,MNCUSAMED,QUALCOMM,USA,,,,,MNC,MED,,1,111,111,11,3,-2.0,10,1,10,0.622406639004151,1,India,IN,IN,,20.0,77.0,IN,1,India,IN,IN,,20.0,77.0,IN,1,India,IN,IN,,20.0,77.0,IN,20191204030000,Disapprove,Verbal conflict
890666057,20191204,201912,USA,SAN FRANCISCO,USA,,,,,,,,CHNBUS,CHINA,CHN,,,,,BUS,,,1,112,112,11,3,-2.0,10,1,10,-2.26700251889169,1,China,CH,CH,,35.0,105.0,CH,1,China,CH,CH,,35.0,105.0,CH,1,China,CH,CH,,35.0,105.0,CH,20191204030000,Disapprove,Verbal conflict
890666410,20191104,201911,USA,UNITED STATES,USA,,,,,,,,CHN,CHINA,CHN,,,,,,,,1,013,013,01,1,0.4,16,2,16,-3.77626050420168,4,"Beijing, Beijing, China",CH,CH22,13001,39.9289,116.388,-1898541,4,"Beijing, Beijing, China",CH,CH22,13001,39.9289,116.388,-1898541,4,"Beijing, Beijing, China",CH,CH22,13001,39.9289,116.388,-1898541,20191204031500,Make public statement,Verbal cooperation
890666794,20191204,201912,CHN,CHINA,CHN,,,,,,,,USA,THE US,USA,,,,,,,,1,057,057,05,1,8.0,10,1,10,0.76923076923077,4,"Ping An, Jilin, China",CH,CH05,13176,43.2894,129.601,10869879,4,"Ping An, Jilin, China",CH,CH05,13176,43.2894,129.601,10869879,4,"Ping An, Jilin, China",CH,CH05,13176,43.2894,129.601,10869879,20191204031500,Engage in diplomatic cooperation,Verbal cooperation
890667814,20191204,201912,USA,THE US,USA,,,,,,,,CHN,CHINA,CHN,,,,,,,,1,057,057,05,1,8.0,10,1,10,0.76923076923077,4,"Ping An, Jilin, China",CH,CH05,13176,43.2894,129.601,10869879,4,"Ping An, Jilin, China",CH,CH05,13176,43.2894,129.601,10869879,4,"Ping An, Jilin, China",CH,CH05,13176,43.2894,129.601,10869879,20191204031500,Engage in diplomatic cooperation,Verbal cooperation
890667815,20191204,201912,USA,THE US,USA,,,,,,,,CHN,XINJIANG,CHN,,,,,,,,1,130,130,13,3,-4.4,10,1,10,-1.73243503368624,4,"Beijing, Beijing, China",CH,CH22,13001,39.9289,116.388,-1898541,4,"Beijing, Beijing, China",CH,CH22,13001,39.9289,116.388,-1898541,4,"Beijing, Beijing, China",CH,CH22,13001,39.9289,116.388,-1898541,20191204031500,Threaten,Verbal conflict
890667816,20191204,201912,USA,WASHINGTON,USA,,,,,,,,CHN,BEIJING,CHN,,,,,,,,1,138,138,13,3,-7.0,10,1,10,-7.17054263565892,3,"Washington, District of Columbia, United States",US,USDC,DC001,38.8951,-77.0364,531871,4,"Beijing, Beijing, China",CH,CH22,13001,39.9289,116.388,-1898541,4,"Beijing, Beijing, China",CH,CH22,13001,39.9289,116.388,-1898541,20191204031500,Threaten,Verbal conflict
890670639,20191204,201912,USALEG,THE US,USA,,,,,LEG,,,CHNGOV,CHINESE,CHN,,,,,GOV,,,1,111,111,11,3,-2.0,6,1,6,0.0,4,"Xinjiang, Jiangxi, China",CH,CH03,13167,27.7481,116.274,11065838,4,"Xinjiang, Jiangxi, China",CH,CH03,13167,27.7481,116.274,11065838,4,"Xinjiang, Jiangxi, China",CH,CH03,13167,27.7481,116.274,11065838,20191204033000,Disapprove,Verbal conflict
890671820,20191204,201912,USA,CHICAGO,USA,,,,,,,,CHNOPP,TIBET,CHN,,,,,OPP,,,1,051,051,05,1,3.4,10,1,10,-2.83018867924529,3,"Chicago, Illinois, United States",US,USIL,IL031,41.85,-87.6501,423587,3,"Chicago, Illinois, United States",US,USIL,IL031,41.85,-87.6501,423587,3,"Chicago, Illinois, United States",US,USIL,IL031,41.85,-87.6501,423587,20191204034500,Engage in diplomatic cooperation,Verbal cooperation
890671821,20191204,201912,USA,CHICAGO,USA,,,,,,,,CHNOPP,TIBET,CHN,,,,,OPP,,,1,141,141,14,3,-6.5,10,1,10,-2.83018867924529,3,"Chicago, Illinois, United States",US,USIL,IL031,41.85,-87.6501,423587,3,"Chicago, Illinois, United States",US,USIL,IL031,41.85,-87.6501,423587,3,"Chicago, Illinois, United States",US,USIL,IL031,41.85,-87.6501,423587,20191204034500,Protest,Verbal conflict
890681640,20181204,201812,CHN,CHINESE,CHN,,,,,,,,MNCUSAMED,QUALCOMM,USA,,,,,MNC,MED,,1,111,111,11,3,-2.0,10,1,10,-0.24330900243309,2,"Hawaii, United States",US,USHI,,21.1098,-157.531,HI,2,"Hawaii, United States",US,USHI,,21.1098,-157.531,HI,2,"Hawaii, United States",US,USHI,,21.1098,-157.531,HI,20191204051500,Disapprove,Verbal conflict
890684961,20191204,201912,USA,THE US,USA,,,,,,,,CHN,CHINESE,CHN,,,,,,,,1,163,163,16,4,-8.0,6,1,6,-3.76237623762376,4,"Xinjiang, Jiangxi, China",CH,CH03,13167,27.7481,116.274,11065838,4,"Xinjiang, Jiangxi, China",CH,CH03,13167,27.7481,116.274,11065838,4,"Xinjiang, Jiangxi, China",CH,CH03,13167,27.7481,116.274,11065838,20191204053000,Reduce relations,Material conflict
890685084,20191204,201912,USAEDU,CALIFORNIA,USA,,,,,EDU,,,CHN,CHINESE,CHN,,,,,,,,1,115,115,11,3,-2.0,6,1,6,-1.19047619047619,2,"California, United States",US,USCA,,36.17,-119.746,CA,1,China,CH,CH,,35.0,105.0,CH,2,"California, United States",US,USCA,,36.17,-119.746,CA,20191204053000,Disapprove,Verbal conflict
890686250,20191204,201912,CHN,CHINA,CHN,,,,,,,,USA,THE US,USA,,,,,,,,1,030,030,03,1,4.0,8,1,8,-1.02790014684288,1,China,CH,CH,,35.0,105.0,CH,1,China,CH,CH,,35.0,105.0,CH,1,Australia,AS,AS,,-25.0,135.0,AS,20191204054500,Express intent to cooperate,Verbal cooperation
890686252,20191204,201912,CHN,CHINA,CHN,,,,,,,,USA,THE US,USA,,,,,,,,1,071,071,07,2,7.4,10,1,10,0.72115384615384,4,"Beijing, Beijing, China",CH,CH22,13001,39.9289,116.388,-1898541,4,"Beijing, Beijing, China",CH,CH22,13001,39.9289,116.388,-1898541,4,"Beijing, Beijing, China",CH,CH22,13001,39.9289,116.388,-1898541,20191204054500,Provide aid,Material cooperation
890687574,20191204,201912,USA,THE US,USA,,,,,,,,CHN,CHINA,CHN,,,,,,,,1,030,030,03,1,4.0,8,1,8,-1.02790014684288,1,China,CH,CH,,35.0,105.0,CH,1,China,CH,CH,,35.0,105.0,CH,1,Australia,AS,AS,,-25.0,135.0,AS,20191204054500,Express intent to cooperate,Verbal cooperation
890689013,20191204,201912,CHN,BEIJING,CHN,,,,,,,,USA,UNITED STATES,USA,,,,,,,,1,043,043,04,1,2.8,6,1,6,0.0,4,"Beijing, Beijing, China",CH,CH22,13001,39.9289,116.388,-1898541,3,"Washington, District of Columbia, United States",US,USDC,DC001,38.8951,-77.0364,531871,4,"Beijing, Beijing, China",CH,CH22,13001,39.9289,116.388,-1898541,20191204060000,Consult,Verbal cooperation
890689015,20191204,201912,CHN,CHINA,CHN,,,,,,,,USA,THE US,USA,,,,,,,,1,051,051,05,1,3.4,10,1,10,2.4390243902439,1,China,CH,CH,,35.0,105.0,CH,1,China,CH,CH,,35.0,105.0,CH,1,China,CH,CH,,35.0,105.0,CH,20191204060000,Engage in diplomatic cooperation,Verbal cooperation
890690191,20191204,201912,USA,UNITED STATES,USA,,,,,,,,CHN,BEIJING,CHN,,,,,,,,1,042,042,04,1,1.9,6,1,6,0.0,3,"Washington, District of Columbia, United States",US,USDC,DC001,38.8951,-77.0364,531871,4,"Beijing, Beijing, China",CH,CH22,13001,39.9289,116.388,-1898541,4,"Beijing, Beijing, China",CH,CH22,13001,39.9289,116.388,-1898541,20191204060000,Consult,Verbal cooperation
890690323,20191204,201912,USAGOV,A US,USA,,,,,GOV,,,CHN,CHINA,CHN,,,,,,,,1,020,020,02,1,3.0,10,1,10,-4.58715596330275,4,"Xinjiang, Jiangxi, China",CH,CH03,13167,27.7481,116.274,11065838,4,"Xinjiang, Jiangxi, China",CH,CH03,13167,27.7481,116.274,11065838,4,"Xinjiang, Jiangxi, China",CH,CH03,13167,27.7481,116.274,11065838,20191204060000,Appeal,Verbal cooperation
890691208,20191204,201912,CHNGOV,CHINESE,CHN,,,,,GOV,,,USA,NEW YORK,USA,,,,,,,,1,042,042,04,1,1.9,12,1,12,-1.59574468085107,4,"Beijing, Beijing, China",CH,CH22,13001,39.9289,116.388,-1898541,4,"Seoul, Soul-t'ukpyolsi, South Korea",KS,KS11,24984,37.5664,127.0,-716583,4,"Bangkok, Krung Thep Mahanakhon, Thailand",TH,TH40,26423,13.75,100.517,-3250083,20191204061500,Consult,Verbal cooperation
890691952,20191204,201912,USA,NEW YORK,USA,,,,,,,,CHN,CHINESE,CHN,,,,,,,,1,043,043,04,1,2.8,8,1,8,-1.59574468085107,2,"New York, United States",US,USNY,,42.1497,-74.9384,NY,4,"Beijing, Beijing, China",CH,CH22,13001,39.9289,116.388,-1898541,4,"Beijing, Beijing, China",CH,CH22,13001,39.9289,116.388,-1898541,20191204061500,Consult,Verbal cooperation
890691953,20191204,201912,USA,NEW YORK,USA,,,,,,,,CHNGOV,CHINESE,CHN,,,,,GOV,,,1,043,043,04,1,2.8,12,1,12,-1.59574468085107,2,"New York, United States",US,USNY,,42.1497,-74.9384,NY,4,"Beijing, Beijing, China",CH,CH22,13001,39.9289,116.388,-1898541,4,"Beijing, Beijing, China",CH,CH22,13001,39.9289,116.388,-1898541,20191204061500,Consult,Verbal cooperation
890693242,20191204,201912,CHN,BEIJING,CHN,,,,,,,,USA,UNITED STATES,USA,,,,,,,,1,043,043,04,1,2.8,6,1,6,0.27700831024931,4,"Beijing, Beijing, China",CH,CH22,13001,39.9289,116.388,-1898541,1,United States,US,US,,39.828175,-98.5795,US,4,"Beijing, Beijing, China",CH,CH22,13001,39.9289,116.388,-1898541,20191204063000,Consult,Verbal cooperation
890694296,20191204,201912,USA,THE US,USA,,,,,,,,CHN,CHINA,CHN,,,,,,,,1,040,040,04,1,1.0,10,1,10,0.98550724637681,1,India,IN,IN,,20.0,77.0,IN,1,India,IN,IN,,20.0,77.0,IN,1,India,IN,IN,,20.0,77.0,IN,20191204063000,Consult,Verbal cooperation
890694298,20191204,201912,USA,UNITED STATES,USA,,,,,,,,CHN,BEIJING,CHN,,,,,,,,1,042,042,04,1,1.9,6,1,6,0.27700831024931,1,United States,US,US,,39.828175,-98.5795,US,4,"Beijing, Beijing, China",CH,CH22,13001,39.9289,116.388,-1898541,4,"Beijing, Beijing, China",CH,CH22,13001,39.9289,116.388,-1898541,20191204063000,Consult,Verbal cooperation
890696968,20191204,201912,USALEG,THE US,USA,,,,,LEG,,,CHN,CHINA,CHN,,,,,,,,1,111,111,11,3,-2.0,10,1,10,-0.40485829959514,1,United States,US,US,,39.828175,-98.5795,US,1,United States,US,US,,39.828175,-98.5795,US,1,United States,US,US,,39.828175,-98.5795,US,20191204064500,Disapprove,Verbal conflict
890707208,20191204,201912,CHN,CHINESE,CHN,,,,,,,,USA,THE US,USA,,,,,,,,1,111,111,11,3,-2.0,8,1,8,0.84033613445379,4,"Xinjiang, Jiangxi, China",CH,CH03,13167,27.7481,116.274,11065838,4,"Xinjiang, Jiangxi, China",CH,CH03,13167,27.7481,116.274,11065838,4,"Xinjiang, Jiangxi, China",CH,CH03,13167,27.7481,116.274,11065838,20191204080000,Disapprove,Verbal conflict
890709654,20191204,201912,CHN,BEIJING,CHN,,,,,,,,USA,UNITED STATES,USA,,,,,,,,1,160,160,16,4,-4.0,6,5,6,-4.8284625158831,3,"Washington, District of Columbia, United States",US,USDC,DC001,38.8951,-77.0364,531871,3,"Washington, District of Columbia, United States",US,USDC,DC001,38.8951,-77.0364,531871,3,"Washington, District of Columbia, United States",US,USDC,DC001,38.8951,-77.0364,531871,20191204081500,Reduce relations,Material conflict
890711937,20191204,201912,CHN,CHINA,CHN,,,,,,,,USALEG,THE US,USA,,,,,LEG,,,1,010,010,01,1,0.0,10,1,10,-5.94405594405594,1,China,CH,CH,,35.0,105.0,CH,1,China,CH,CH,,35.0,105.0,CH,1,China,CH,CH,,35.0,105.0,CH,20191204083000,Make public statement,Verbal cooperation
890711938,20191204,201912,CHN,CHINA,CHN,,,,,,,,USALEG,THE US,USA,,,,,LEG,,,1,141,141,14,3,-6.5,10,1,10,-5.94405594405594,1,China,CH,CH,,35.0,105.0,CH,1,China,CH,CH,,35.0,105.0,CH,1,China,CH,CH,,35.0,105.0,CH,20191204083000,Protest,Verbal conflict
890717733,20191204,201912,MNCUSAMED,VERIZON,USA,,,,,MNC,MED,,CHN,CHINA,CHN,,,,,,,,1,010,010,01,1,0.0,8,1,8,2.30414746543779,4,"Xiaomi, Fujian, China",CH,CH07,13163,25.2225,116.057,10999868,4,"Xiaomi, Fujian, China",CH,CH07,13163,25.2225,116.057,10999868,4,"Xiaomi, Fujian, China",CH,CH07,13163,25.2225,116.057,10999868,20191204090000,Make public statement,Verbal cooperation
890719408,20191204,201912,CHN,BEIJING,CHN,,,,,,,,MNCUSAMED,GOOGLE,USA,,,,,MNC,MED,,1,030,030,03,1,4.0,10,1,10,0.773480662983424,4,"Xiaomi, Fujian, China",CH,CH07,13163,25.2225,116.057,10999868,4,"Xiaomi, Fujian, China",CH,CH07,13163,25.2225,116.057,10999868,4,"Xiaomi, Fujian, China",CH,CH07,13163,25.2225,116.057,10999868,20191204091500,Express intent to cooperate,Verbal cooperation
890724842,20191204,201912,CHN,CHINA,CHN,,,,,,,,USALEG,THE US,USA,,,,,LEG,,,1,130,130,13,3,-4.4,8,1,8,-7.9059829059829,4,"Xinjiang, Jiangxi, China",CH,CH03,13167,27.7481,116.274,11065838,4,"Xinjiang, Jiangxi, China",CH,CH03,13167,27.7481,116.274,11065838,4,"Xinjiang, Jiangxi, China",CH,CH03,13167,27.7481,116.274,11065838,20191204094500,Threaten,Verbal conflict
890732334,20191204,201912,CHN,CHINA,CHN,,,,,,,,USA,UNITED STATES,USA,,,,,,,,1,020,020,02,1,3.0,10,1,10,1.74927113702624,1,China,CH,CH,,35.0,105.0,CH,1,China,CH,CH,,35.0,105.0,CH,1,China,CH,CH,,35.0,105.0,CH,20191204103000,Appeal,Verbal cooperation
890734937,20191104,201911,USA,UNITED STATES,USA,,,,,,,,CHN,CHINA,CHN,,,,,,,,1,013,013,01,1,0.4,6,1,6,-4.20353982300885,1,United States,US,US,,39.828175,-98.5795,US,4,"Beijing, Beijing, China",CH,CH22,13001,39.9289,116.388,-1898541,1,United States,US,US,,39.828175,-98.5795,US,20191204104500,Make public statement,Verbal cooperation
890735289,20191204,201912,CHN,CHINA,CHN,,,,,,,,USA,UNITED STATES,USA,,,,,,,,1,0311,031,03,1,5.2,8,1,8,-4.20353982300885,4,"Shanghai, Shanghai, China",CH,CH23,13243,31.2222,121.458,-1924465,1,United States,US,US,,39.828175,-98.5795,US,4,"Shanghai, Shanghai, China",CH,CH23,13243,31.2222,121.458,-1924465,20191204104500,Express intent to cooperate,Verbal cooperation
890736319,20191204,201912,USA,UNITED STATES,USA,,,,,,,,CHN,CHINA,CHN,,,,,,,,1,0311,031,03,1,5.2,10,1,10,-4.20353982300885,1,Hong Kong,HK,HK,,22.25,114.166667,HK,1,Hong Kong,HK,HK,,22.25,114.166667,HK,1,Hong Kong,HK,HK,,22.25,114.166667,HK,20191204104500,Express intent to cooperate,Verbal cooperation
890737861,20191204,201912,CHN,CHINA,CHN,,,,,,,,USA,THE US,USA,,,,,,,,1,141,141,14,3,-6.5,10,1,10,-4.8526863084922,4,"Xinjiang, Jiangxi, China",CH,CH03,13167,27.7481,116.274,11065838,4,"Xinjiang, Jiangxi, China",CH,CH03,13167,27.7481,116.274,11065838,4,"Xinjiang, Jiangxi, China",CH,CH03,13167,27.7481,116.274,11065838,20191204110000,Protest,Verbal conflict
890740572,20191204,201912,CHN,CHINA,CHN,,,,,,,,USA,US OF A,USA,,,,,,,,1,130,130,13,3,-4.4,10,1,10,-8.50340136054421,4,"Beijing, Beijing, China",CH,CH22,13001,39.9289,116.388,-1898541,4,"Beijing, Beijing, China",CH,CH22,13001,39.9289,116.388,-1898541,4,"Beijing, Beijing, China",CH,CH22,13001,39.9289,116.388,-1898541,20191204111500,Threaten,Verbal conflict
890740573,20191204,201912,CHN,CHINA,CHN,,,,,,,,USA,US OF A,USA,,,,,,,,1,130,130,13,3,-4.4,10,1,10,-8.50340136054421,4,"Xinjiang, Jiangxi, China",CH,CH03,13167,27.7481,116.274,11065838,4,"Xinjiang, Jiangxi, China",CH,CH03,13167,27.7481,116.274,11065838,4,"Xinjiang, Jiangxi, China",CH,CH03,13167,27.7481,116.274,11065838,20191204111500,Threaten,Verbal conflict
890741548,20191204,201912,USA,THE US,USA,,,,,,,,CHN,CHINA,CHN,,,,,,,,1,061,061,06,2,6.4,8,1,8,-1.4218009478673,1,China,CH,CH,,35.0,105.0,CH,1,China,CH,CH,,35.0,105.0,CH,1,China,CH,CH,,35.0,105.0,CH,20191204111500,Engage in material cooperation,Material cooperation
890747738,20191204,201912,CHN,CHINA,CHN,,,,,,,,USAGOV,US OFFICIAL,USA,,,,,GOV,,,1,111,111,11,3,-2.0,10,1,10,-6.31313131313132,4,"Xinjiang, Jiangxi, China",CH,CH03,13167,27.7481,116.274,11065838,4,"Xinjiang, Jiangxi, China",CH,CH03,13167,27.7481,116.274,11065838,4,"Xinjiang, Jiangxi, China",CH,CH03,13167,27.7481,116.274,11065838,20191204114500,Disapprove,Verbal conflict
890748608,20191204,201912,MNCUSAMED,QUALCOMM,USA,,,,,MNC,MED,,CHN,CHINA,CHN,,,,,,,,1,020,020,02,1,3.0,10,1,10,2.11081794195251,4,"Xiaomi, Fujian, China",CH,CH07,13163,25.2225,116.057,10999868,4,"Xiaomi, Fujian, China",CH,CH07,13163,25.2225,116.057,10999868,4,"Xiaomi, Fujian, China",CH,CH07,13163,25.2225,116.057,10999868,20191204114500,Appeal,Verbal cooperation
890748609,20191204,201912,MNCUSAMED,MOTOROLA,USA,,,,,MNC,MED,,CHN,CHINESE,CHN,,,,,,,,1,111,111,11,3,-2.0,7,1,7,1.36986301369863,1,United States,US,US,,39.828175,-98.5795,US,1,United States,US,US,,39.828175,-98.5795,US,1,United States,US,US,,39.828175,-98.5795,US,20191204114500,Disapprove,Verbal conflict
890749412,20191204,201912,CHNGOV,CHINESE,CHN,,,,,GOV,,,USA,THE US,USA,,,,,,,,1,111,111,11,3,-2.0,8,1,8,-3.64372469635627,4,"Xinjiang, Jiangxi, China",CH,CH03,13167,27.7481,116.274,11065838,4,"Xinjiang, Jiangxi, China",CH,CH03,13167,27.7481,116.274,11065838,4,"Xinjiang, Jiangxi, China",CH,CH03,13167,27.7481,116.274,11065838,20191204120000,Disapprove,Verbal conflict
890749413,20191204,201912,CHNGOV,CHINA,CHN,,,,,GOV,,,USAGOV,A US,USA,,,,,GOV,,,1,040,040,04,1,1.0,8,1,8,-3.64372469635627,4,"Xinjiang, Jiangxi, China",CH,CH03,13167,27.7481,116.274,11065838,4,"Beijing, Beijing, China",CH,CH22,13001,39.9289,116.388,-1898541,4,"Beijing, Beijing, China",CH,CH22,13001,39.9289,116.388,-1898541,20191204120000,Consult,Verbal cooperation
890759804,20191204,201912,USA,THE US,USA,,,,,,,,CHN,CHINA,CHN,,,,,,,,1,0311,031,03,1,5.2,10,1,10,-1.41206675224647,1,Saudi Arabia,SA,SA,,25.0,45.0,SA,1,Saudi Arabia,SA,SA,,25.0,45.0,SA,1,Saudi Arabia,SA,SA,,25.0,45.0,SA,20191204124500,Express intent to cooperate,Verbal cooperation
890762474,20191204,201912,USA,WASHINGTON,USA,,,,,,,,CHN,CHINESE,CHN,,,,,,,,1,1312,131,13,3,-5.8,10,1,10,-6.34146341463415,3,"Washington, District of Columbia, United States",US,USDC,DC001,38.8951,-77.0364,531871,4,"Xinjiang, Jiangxi, China",CH,CH03,13167,27.7481,116.274,11065838,4,"Xinjiang, Jiangxi, China",CH,CH03,13167,27.7481,116.274,11065838,20191204130000,Threaten,Verbal conflict
890762475,20191204,201912,USA,COLORADO,USA,,,,,,,,CHN,CHINESE,CHN,,,,,,,,1,190,190,19,4,-10.0,10,1,10,-5.88235294117647,3,"Loveland, Colorado, United States",US,USCO,CO069,40.3978,-105.075,177720,3,"Loveland, Colorado, United States",US,USCO,CO069,40.3978,-105.075,177720,3,"Loveland, Colorado, United States",US,USCO,CO069,40.3978,-105.075,177720,20191204130000,Fight,Material conflict
890765558,20191204,201912,CHN,CHINESE,CHN,,,,,,,,USA,THE US,USA,,,,,,,,1,020,020,02,1,3.0,6,1,6,0.34965034965035,4,"Eravur, Eastern, Sri Lanka",CE,CE37,25833,7.7782,81.6038,-2216946,1,India,IN,IN,,20.0,77.0,IN,1,China,CH,CH,,35.0,105.0,CH,20191204131500,Appeal,Verbal cooperation
890770618,20191204,201912,CHN,CHINA,CHN,,,,,,,,USA,UNITED STATES,USA,,,,,,,,1,120,120,12,3,-4.0,6,2,6,-2.11352657004831,4,"Beijing, Beijing, China",CH,CH22,13001,39.9289,116.388,-1898541,3,"Washington, District of Columbia, United States",US,USDC,DC001,38.8951,-77.0364,531871,3,"Washington, District of Columbia, United States",US,USDC,DC001,38.8951,-77.0364,531871,20191204134500,Reject,Verbal conflict
890770621,20191204,201912,CHN,BEIJING,CHN,,,,,,,,USALEG,THE US,USA,,,,,LEG,,,1,130,130,13,3,-4.4,8,1,8,-8.15286624203822,1,Hong Kong,HK,HK,,22.25,114.166667,HK,1,Hong Kong,HK,HK,,22.25,114.166667,HK,1,Hong Kong,HK,HK,,22.25,114.166667,HK,20191204134500,Threaten,Verbal conflict
890781516,20191204,201912,CHN,CHINA,CHN,,,,,,,,USA,UNITED STATES,USA,,,,,,,,1,010,010,01,1,0.0,10,1,10,-2.36220472440945,4,"Qinghai, Guizhou, China",CH,CH18,13069,25.8083,106.075,-3836054,4,"Qinghai, Guizhou, China",CH,CH18,13069,25.8083,106.075,-3836054,4,"Qinghai, Guizhou, China",CH,CH18,13069,25.8083,106.075,-3836054,20191204143000,Make public statement,Verbal cooperation
890781517,20191204,201912,CHN,CHINA,CHN,,,,,,,,USA,UNITED STATES,USA,,,,,,,,1,031,031,03,1,5.2,20,1,10,-2.36220472440945,4,"Xining, Qinghai, China",CH,CH06,13211,36.6167,101.767,-1933729,2,"Wyoming, United States",US,USWY,,42.7475,-107.209,WY,4,"Xining, Qinghai, China",CH,CH06,13211,36.6167,101.767,-1933729,20191204143000,Express intent to cooperate,Verbal cooperation
890783021,20191204,201912,USA,UNITED STATES,USA,,,,,,,,CHN,CHINA,CHN,,,,,,,,1,061,061,06,2,6.4,10,1,10,1.59574468085106,1,United States,US,US,,39.828175,-98.5795,US,1,United States,US,US,,39.828175,-98.5795,US,1,United States,US,US,,39.828175,-98.5795,US,20191204143000,Engage in material cooperation,Material cooperation
890784776,20191204,201912,CHN,CHINA,CHN,,,,,,,,USALEG,THE US,USA,,,,,LEG,,,1,020,020,02,1,3.0,6,1,6,-3.38389731621937,4,"Beijing, Beijing, China",CH,CH22,13001,39.9289,116.388,-1898541,4,"Beijing, Beijing, China",CH,CH22,13001,39.9289,116.388,-1898541,4,"Beijing, Beijing, China",CH,CH22,13001,39.9289,116.388,-1898541,20191204144500,Appeal,Verbal cooperation
890786421,20191204,201912,USALEG,THE US,USA,,,,,LEG,,,CHN,CHINESE,CHN,,,,,,,,1,020,020,02,1,3.0,10,1,10,-3.38389731621937,4,"Beijing, Beijing, China",CH,CH22,13001,39.9289,116.388,-1898541,4,"Beijing, Beijing, China",CH,CH22,13001,39.9289,116.388,-1898541,4,"Beijing, Beijing, China",CH,CH22,13001,39.9289,116.388,-1898541,20191204144500,Appeal,Verbal cooperation
890790179,20191204,201912,CHN,BEIJING,CHN,,,,,,,,USALEG,THE US,USA,,,,,LEG,,,1,130,130,13,3,-4.4,8,1,8,-7.37704918032787,4,"Beijing, Beijing, China",CH,CH22,13001,39.9289,116.388,-1898541,4,"Beijing, Beijing, China",CH,CH22,13001,39.9289,116.388,-1898541,4,"Beijing, Beijing, China",CH,CH22,13001,39.9289,116.388,-1898541,20191204151500,Threaten,Verbal conflict
890791760,20191204,201912,USA,WASHINGTON,USA,,,,,,,,CHNGOV,XI JINPING,CHN,,,,,GOV,,,1,050,050,05,1,3.5,6,1,6,4.39429928741092,3,"Washington, District of Columbia, United States",US,USDC,DC001,38.8951,-77.0364,531871,4,"Beijing, Beijing, China",CH,CH22,13001,39.9289,116.388,-1898541,4,"Beijing, Beijing, China",CH,CH22,13001,39.9289,116.388,-1898541,20191204151500,Engage in diplomatic cooperation,Verbal cooperation
890791762,20191204,201912,USA,WASHINGTON,USA,,,,,,,,CHNGOV,CHINESE,CHN,,,,,GOV,,,1,100,100,10,3,-5.0,6,1,6,4.39429928741092,3,"Washington, District of Columbia, United States",US,USDC,DC001,38.8951,-77.0364,531871,4,"Beijing, Beijing, China",CH,CH22,13001,39.9289,116.388,-1898541,4,"Beijing, Beijing, China",CH,CH22,13001,39.9289,116.388,-1898541,20191204151500,Demand,Verbal conflict
890794949,20191204,201912,USA,THE US,USA,,,,,,,,CHN,CHINA,CHN,,,,,,,,1,090,090,09,2,-2.0,10,1,10,-7.04225352112676,4,"Beijing, Beijing, China",CH,CH22,13001,39.9289,116.388,-1898541,4,"Beijing, Beijing, China",CH,CH22,13001,39.9289,116.388,-1898541,4,"Beijing, Beijing, China",CH,CH22,13001,39.9289,116.388,-1898541,20191204153000,Investigate,Material cooperation
890795123,20191204,201912,USAGOV,THE US,USA,,,,,GOV,,,CHN,CHINESE,CHN,,,,,,,,1,111,111,11,3,-2.0,6,1,6,-3.92523364485981,5,"Hertfordshire, Hertfordshire, United Kingdom",UK,UKF8,40114,51.8333,-0.25,-2598579,5,"Hertfordshire, Hertfordshire, United Kingdom",UK,UKF8,40114,51.8333,-0.25,-2598579,5,"Hertfordshire, Hertfordshire, United Kingdom",UK,UKF8,40114,51.8333,-0.25,-2598579,20191204153000,Disapprove,Verbal conflict
890798136,20191204,201912,CHNGOV,CHINA,CHN,,,,,GOV,,,USA,UNITED STATES,USA,,,,,,,,1,052,052,05,1,3.5,8,1,8,-5.72916666666666,4,"Xinjiang, Jiangxi, China",CH,CH03,13167,27.7481,116.274,11065838,3,"White House, District of Columbia, United States",US,USDC,,38.8951,-77.0364,531871,3,"White House, District of Columbia, United States",US,USDC,,38.8951,-77.0364,531871,20191204154500,Engage in diplomatic cooperation,Verbal cooperation
890801441,20191204,201912,CHNGOV,CHINA,CHN,,,,,GOV,,,USA,UNITED STATES,USA,,,,,,,,1,052,052,05,1,3.5,8,1,8,-6.81818181818181,4,"Xinjiang, Jiangxi, China",CH,CH03,13167,27.7481,116.274,11065838,1,United States,US,US,,39.828175,-98.5795,US,1,United States,US,US,,39.828175,-98.5795,US,20191204160000,Engage in diplomatic cooperation,Verbal cooperation
890818718,20191204,201912,USA,UNITED STATES,USA,,,,,,,,CHN,CHINA,CHN,,,,,,,,1,0311,031,03,1,5.2,10,1,10,-1.8058690744921,1,United States,US,US,,39.828175,-98.5795,US,1,United States,US,US,,39.828175,-98.5795,US,1,United States,US,US,,39.828175,-98.5795,US,20191204171500,Express intent to cooperate,Verbal cooperation
890820539,20191204,201912,CHN,BEIJING,CHN,,,,,,,,USA,WASHINGTON,USA,,,,,,,,1,164,164,16,4,-7.0,7,1,7,-4.1025641025641,4,"Beijing, Beijing, China",CH,CH22,13001,39.9289,116.388,-1898541,4,"Beijing, Beijing, China",CH,CH22,13001,39.9289,116.388,-1898541,4,"Beijing, Beijing, China",CH,CH22,13001,39.9289,116.388,-1898541,20191204173000,Reduce relations,Material conflict
890822029,20191204,201912,USA,WASHINGTON,USA,,,,,,,,CHN,BEIJING,CHN,,,,,,,,1,164,164,16,4,-7.0,6,1,6,-4.1025641025641,3,"Washington, District of Columbia, United States",US,USDC,DC001,38.8951,-77.0364,531871,4,"Beijing, Beijing, China",CH,CH22,13001,39.9289,116.388,-1898541,3,"Washington, District of Columbia, United States",US,USDC,DC001,38.8951,-77.0364,531871,20191204173000,Reduce relations,Material conflict
890823762,20191204,201912,CHN,CHINA,CHN,,,,,,,,USA,AMERICAN,USA,,,,,,,,1,111,111,11,3,-2.0,8,1,8,5.625,4,"Shanghai, Shanghai, China",CH,CH23,13243,31.2222,121.458,-1924465,4,"Shanghai, Shanghai, China",CH,CH23,13243,31.2222,121.458,-1924465,4,"Shanghai, Shanghai, China",CH,CH23,13243,31.2222,121.458,-1924465,20191204174500,Disapprove,Verbal conflict
890824961,20191204,201912,USA,A US,USA,,,,,,,,CHN,BEIJING,CHN,,,,,,,,1,010,010,01,1,0.0,10,1,10,-8.09628008752736,4,"Beijing, Beijing, China",CH,CH22,13001,39.9289,116.388,-1898541,4,"Beijing, Beijing, China",CH,CH22,13001,39.9289,116.388,-1898541,4,"Beijing, Beijing, China",CH,CH22,13001,39.9289,116.388,-1898541,20191204174500,Make public statement,Verbal cooperation
890828698,20191204,201912,CHN,CHINA,CHN,,,,,,,,USAGOV,UNITED STATES,USA,,,,,GOV,,,1,046,046,04,1,7.0,6,1,6,-4.32432432432432,4,"Beijing, Beijing, China",CH,CH22,13001,39.9289,116.388,-1898541,1,United States,US,US,,39.828175,-98.5795,US,4,"Beijing, Beijing, China",CH,CH22,13001,39.9289,116.388,-1898541,20191204181500,Consult,Verbal cooperation
890830353,20191204,201912,USAGOV,UNITED STATES,USA,,,,,GOV,,,CHN,CHINA,CHN,,,,,,,,1,046,046,04,1,7.0,6,1,6,-4.32432432432432,1,United States,US,US,,39.828175,-98.5795,US,4,"Beijing, Beijing, China",CH,CH22,13001,39.9289,116.388,-1898541,4,"Beijing, Beijing, China",CH,CH22,13001,39.9289,116.388,-1898541,20191204181500,Consult,Verbal cooperation
890851233,20191204,201912,CHN,BEIJING,CHN,,,,,,,,USA,THE US,USA,,,,,,,,1,138,138,13,3,-7.0,10,1,10,-10.07371007371,4,"Beijing, Beijing, China",CH,CH22,13001,39.9289,116.388,-1898541,4,"Beijing, Beijing, China",CH,CH22,13001,39.9289,116.388,-1898541,4,"Beijing, Beijing, China",CH,CH22,13001,39.9289,116.388,-1898541,20191204200000,Threaten,Verbal conflict
890855191,20191203,201912,CHN,BEIJING,CHN,,,,,,,,USALEG,THE US,USA,,,,,LEG,,,1,130,130,13,3,-4.4,8,1,8,-10.4100946372239,4,"Beijing, Beijing, China",CH,CH22,13001,39.9289,116.388,-1898541,1,United States,US,US,,39.828175,-98.5795,US,4,"Beijing, Beijing, China",CH,CH22,13001,39.9289,116.388,-1898541,20191204203000,Threaten,Verbal conflict
890859879,20191204,201912,USA,UNITED STATES,USA,,,,,,,,CHN,CHINA,CHN,,,,,,,,1,120,120,12,3,-4.0,8,1,8,-0.96153846153846,3,"Washington, District of Columbia, United States",US,USDC,DC001,38.8951,-77.0364,531871,4,"Beijing, Beijing, China",CH,CH22,13001,39.9289,116.388,-1898541,3,"Washington, District of Columbia, United States",US,USDC,DC001,38.8951,-77.0364,531871,20191204204500,Reject,Verbal conflict
890861624,20191204,201912,USACVL,UNITED STATES,USA,,,,,CVL,,,CHN,HUNAN,CHN,,,,,,,,1,193,193,19,4,-10.0,8,1,8,1.56599552572707,4,"Mecca, Makkah, Saudi Arabia",SA,SA14,25312,21.4267,39.8261,-3096949,4,"Mecca, Makkah, Saudi Arabia",SA,SA14,25312,21.4267,39.8261,-3096949,4,"Mecca, Makkah, Saudi Arabia",SA,SA14,25312,21.4267,39.8261,-3096949,20191204210000,Fight,Material conflict
890875543,20191203,201912,CHN,BEIJING,CHN,,,,,,,,USALEG,THE US,USA,,,,,LEG,,,1,130,130,13,3,-4.4,6,1,6,-6.63507109004739,1,Hong Kong,HK,HK,,22.25,114.166667,HK,1,Hong Kong,HK,HK,,22.25,114.166667,HK,1,Hong Kong,HK,HK,,22.25,114.166667,HK,20191204223000,Threaten,Verbal conflict
890881601,20191204,201912,USA,WASHINGTON,USA,,,,,,,,CHN,CHINA,CHN,,,,,,,,1,040,040,04,1,1.0,10,1,10,2.27743271221532,3,"Washington, District of Columbia, United States",US,USDC,DC001,38.8951,-77.0364,531871,4,"Beijing, Beijing, China",CH,CH22,13001,39.9289,116.388,-1898541,4,"South China Sea, Brunei (general), Brunei",BX,BX00,,15.0,115.0,-1337919,20191204230000,Consult,Verbal cooperation
890891535,20191205,201912,USA,NEW YORK,USA,,,,,,,,CHNGOV,CHINESE,CHN,,,,,GOV,,,1,010,010,01,1,0.0,6,1,6,-2.40354206198608,4,"Xinjiang, Jiangxi, China",CH,CH03,13167,27.7481,116.274,11065838,4,"Xinjiang, Jiangxi, China",CH,CH03,13167,27.7481,116.274,11065838,4,"Xinjiang, Jiangxi, China",CH,CH03,13167,27.7481,116.274,11065838,20191205000000,Make public statement,Verbal cooperation
890892743,20191205,201912,CHN,CHINA,CHN,,,,,,,,USA,A US,USA,,,,,,,,1,111,111,11,3,-2.0,10,1,10,-3.04878048780487,4,"Xinjiang, Jiangxi, China",CH,CH03,13167,27.7481,116.274,11065838,4,"Xinjiang, Jiangxi, China",CH,CH03,13167,27.7481,116.274,11065838,4,"Xinjiang, Jiangxi, China",CH,CH03,13167,27.7481,116.274,11065838,20191205001500,Disapprove,Verbal conflict
890892744,20191205,201912,CHN,BEIJING,CHN,,,,,,,,USALEG,THE US,USA,,,,,LEG,,,1,130,130,13,3,-4.4,10,1,10,-8.94308943089431,4,"Beijing, Beijing, China",CH,CH22,13001,39.9289,116.388,-1898541,4,"Beijing, Beijing, China",CH,CH22,13001,39.9289,116.388,-1898541,4,"Beijing, Beijing, China",CH,CH22,13001,39.9289,116.388,-1898541,20191205001500,Threaten,Verbal conflict
890892745,20191205,201912,CHN,BEIJING,CHN,,,,,,,,USALEG,THE US,USA,,,,,LEG,,,1,130,130,13,3,-4.4,10,1,10,-9.51327433628321,4,"Xinjiang, Jiangxi, China",CH,CH03,13167,27.7481,116.274,11065838,4,"Xinjiang, Jiangxi, China",CH,CH03,13167,27.7481,116.274,11065838,4,"Xinjiang, Jiangxi, China",CH,CH03,13167,27.7481,116.274,11065838,20191205001500,Threaten,Verbal conflict
890907368,20191205,201912,CHN,CHINA,CHN,,,,,,,,USA,UNITED STATES,USA,,,,,,,,1,046,046,04,1,7.0,6,1,6,-2.12765957446809,1,China,CH,CH,,35.0,105.0,CH,1,China,CH,CH,,35.0,105.0,CH,1,China,CH,CH,,35.0,105.0,CH,20191205011500,Consult,Verbal cooperation
890908683,20191205,201912,USA,UNITED STATES,USA,,,,,,,,CHN,CHINA,CHN,,,,,,,,1,046,046,04,1,7.0,6,1,6,-2.12765957446809,1,United States,US,US,,39.828175,-98.5795,US,1,China,CH,CH,,35.0,105.0,CH,1,China,CH,CH,,35.0,105.0,CH,20191205011500,Consult,Verbal cooperation
890908874,20191205,201912,USACVL,UNITED STATES,USA,,,,,CVL,,,CHN,HUNAN,CHN,,,,,,,,1,193,193,19,4,-10.0,8,1,8,1.56599552572707,4,"Mecca, Makkah, Saudi Arabia",SA,SA14,25312,21.4267,39.8261,-3096949,4,"Mecca, Makkah, Saudi Arabia",SA,SA14,25312,21.4267,39.8261,-3096949,4,"Mecca, Makkah, Saudi Arabia",SA,SA14,25312,21.4267,39.8261,-3096949,20191205011500,Fight,Material conflict
890910647,20191205,201912,CHN,CHINESE,CHN,,,,,,,,USA,WASHINGTON,USA,,,,,,,,1,030,030,03,1,4.0,12,2,12,-2.47687713931979,4,"Beijing, Beijing, China",CH,CH22,13001,39.9289,116.388,-1898541,3,"Washington, District of Columbia, United States",US,USDC,DC001,38.8951,-77.0364,531871,3,"Washington, District of Columbia, United States",US,USDC,DC001,38.8951,-77.0364,531871,20191205013000,Express intent to cooperate,Verbal cooperation
890910648,20191205,201912,CHN,CHINA,CHN,,,,,,,,USA,AMERICAN,USA,,,,,,,,1,030,030,03,1,4.0,8,1,8,-1.76991150442478,4,"Beijing, Beijing, China",CH,CH22,13001,39.9289,116.388,-1898541,1,United States,US,US,,39.828175,-98.5795,US,1,United States,US,US,,39.828175,-98.5795,US,20191205013000,Express intent to cooperate,Verbal cooperation
890912111,20191205,201912,USA,WASHINGTON,USA,,,,,,,,CHN,CHINESE,CHN,,,,,,,,1,030,030,03,1,4.0,16,2,16,-2.47687713931979,1,Russia,RS,RS,,60.0,100.0,RS,4,"Vienna, Wien, Austria",AU,AU09,5672,48.2,16.3667,-1995499,1,Russia,RS,RS,,60.0,100.0,RS,20191205013000,Express intent to cooperate,Verbal cooperation
890913442,20191205,201912,CHN,SHANGHAI,CHN,,,,,,,,USA,FLORIDA,USA,,,,,,,,1,040,040,04,1,1.0,6,1,6,-10.0,3,"Fort Lauderdale, Florida, United States",US,USFL,FL011,26.1223,-80.1434,282693,3,"Fort Lauderdale, Florida, United States",US,USFL,,26.1223,-80.1434,282693,3,"Fort Lauderdale, Florida, United States",US,USFL,,26.1223,-80.1434,282693,20191205014500,Consult,Verbal cooperation
890913450,20191205,201912,CHN,BEIJING,CHN,,,,,,,,USALEG,THE US,USA,,,,,LEG,,,1,130,130,13,3,-4.4,8,1,8,-8.71985157699444,4,"Xinjiang, Jiangxi, China",CH,CH03,13167,27.7481,116.274,11065838,4,"Beijing, Beijing, China",CH,CH22,13001,39.9289,116.388,-1898541,4,"Xinjiang, Jiangxi, China",CH,CH03,13167,27.7481,116.274,11065838,20191205014500,Threaten,Verbal conflict
890914300,20191205,201912,MNCUSA,COCA COLA,USA,,,,,MNC,,,CHN,CHINA,CHN,,,,,,,,1,111,111,11,3,-2.0,50,5,50,6.09134887484923,4,"Vienna, Wien, Austria",AU,AU09,5672,48.2,16.3667,-1995499,4,"Vienna, Wien, Austria",AU,AU09,5672,48.2,16.3667,-1995499,4,"Vienna, Wien, Austria",AU,AU09,5672,48.2,16.3667,-1995499,20191205014500,Disapprove,Verbal conflict
890914659,20191205,201912,USA,THE US,USA,,,,,,,,CHN,CHINA,CHN,,,,,,,,1,046,046,04,1,7.0,6,1,6,-2.91060291060291,1,China,CH,CH,,35.0,105.0,CH,1,China,CH,CH,,35.0,105.0,CH,1,China,CH,CH,,35.0,105.0,CH,20191205014500,Consult,Verbal cooperation
890914661,20191205,201912,USA,THE US,USA,,,,,,,,CHN,CHINA,CHN,,,,,,,,1,070,070,07,2,7.0,10,1,10,-2.91060291060291,1,China,CH,CH,,35.0,105.0,CH,1,China,CH,CH,,35.0,105.0,CH,1,China,CH,CH,,35.0,105.0,CH,20191205014500,Provide aid,Material cooperation
890917623,20191205,201912,USA,SAN FRANCISCO,USA,,,,,,,,CHNBUS,CHINA,CHN,,,,,BUS,,,1,112,112,11,3,-2.0,10,1,10,-2.26700251889169,1,China,CH,CH,,35.0,105.0,CH,1,China,CH,CH,,35.0,105.0,CH,1,China,CH,CH,,35.0,105.0,CH,20191205020000,Disapprove,Verbal conflict
890922102,20191205,201912,USA,WASHINGTON,USA,,,,,,,,CHN,CHINESE,CHN,,,,,,,,1,030,030,03,1,4.0,10,1,10,-2.97619047619048,4,"Beijing, Beijing, China",CH,CH22,13001,39.9289,116.388,-1898541,4,"Beijing, Beijing, China",CH,CH22,13001,39.9289,116.388,-1898541,4,"Beijing, Beijing, China",CH,CH22,13001,39.9289,116.388,-1898541,20191205023000,Express intent to cooperate,Verbal cooperation
890922106,20191205,201912,USA,CHICAGO,USA,,,,,,,,CHNOPP,TIBET,CHN,,,,,OPP,,,1,051,051,05,1,3.4,10,1,10,-3.59712230215828,3,"Chicago, Illinois, United States",US,USIL,IL031,41.85,-87.6501,423587,3,"Chicago, Illinois, United States",US,USIL,IL031,41.85,-87.6501,423587,3,"Chicago, Illinois, United States",US,USIL,IL031,41.85,-87.6501,423587,20191205023000,Engage in diplomatic cooperation,Verbal cooperation
890922107,20191205,201912,USA,CHICAGO,USA,,,,,,,,CHNOPP,TIBET,CHN,,,,,OPP,,,1,141,141,14,3,-6.5,10,1,10,-3.59712230215828,3,"Chicago, Illinois, United States",US,USIL,IL031,41.85,-87.6501,423587,3,"Chicago, Illinois, United States",US,USIL,IL031,41.85,-87.6501,423587,3,"Chicago, Illinois, United States",US,USIL,IL031,41.85,-87.6501,423587,20191205023000,Protest,Verbal conflict
890922311,20191205,201912,USALEG,UNITED STATES,USA,,,,,LEG,,,CHN,CHINA,CHN,,,,,,,,1,113,113,11,3,-2.0,8,1,8,-1.20240480961924,3,"White House, District of Columbia, United States",US,USDC,,38.8951,-77.0364,531871,4,"Xinjiang, Jiangxi, China",CH,CH03,13167,27.7481,116.274,11065838,4,"Xinjiang, Jiangxi, China",CH,CH03,13167,27.7481,116.274,11065838,20191205023000,Disapprove,Verbal conflict
890928157,20191205,201912,CHN,SHENZHEN,CHN,,,,,,,,USA,UNITED STATES,USA,,,,,,,,1,100,100,10,3,-5.0,10,1,10,-1.63934426229508,4,"Beijing, Beijing, China",CH,CH22,13001,39.9289,116.388,-1898541,4,"Beijing, Beijing, China",CH,CH22,13001,39.9289,116.388,-1898541,4,"Beijing, Beijing, China",CH,CH22,13001,39.9289,116.388,-1898541,20191205031500,Demand,Verbal conflict
890928158,20191205,201912,CHN,CHINESE,CHN,,,,,,,,USACOP,UNITED STATES,USA,,,,,COP,,,1,040,040,04,1,1.0,6,1,6,-4.61361014994233,1,China,CH,CH,,35.0,105.0,CH,3,"Abilene, Texas, United States",US,USTX,TX441,32.4487,-99.7331,1329173,1,China,CH,CH,,35.0,105.0,CH,20191205031500,Consult,Verbal cooperation
890931683,20191205,201912,USA,WASHINGTON,USA,,,,,,,,CHN,SHENZHEN,CHN,,,,,,,,1,010,010,01,1,0.0,8,1,8,-8.31683168316832,1,North Korea,KN,KN,,40.0,127.0,KN,1,Canada,CA,CA,,60.0,-96.0,CA,1,Canada,CA,CA,,60.0,-96.0,CA,20191205033000,Make public statement,Verbal cooperation
890934782,20191205,201912,CHN,CHINA,CHN,,,,,,,,USA,THE US,USA,,,,,,,,1,0311,031,03,1,5.2,10,1,10,-1.38888888888889,1,China,CH,CH,,35.0,105.0,CH,1,China,CH,CH,,35.0,105.0,CH,1,China,CH,CH,,35.0,105.0,CH,20191205040000,Express intent to cooperate,Verbal cooperation
890935532,20191205,201912,USA,THE US,USA,,,,,,,,CHN,CHINA,CHN,,,,,,,,1,0311,031,03,1,5.2,10,1,10,-1.38888888888889,1,China,CH,CH,,35.0,105.0,CH,1,China,CH,CH,,35.0,105.0,CH,1,China,CH,CH,,35.0,105.0,CH,20191205040000,Express intent to cooperate,Verbal cooperation
890935679,20191205,201912,USAJUD,NEW ORLEANS,USA,,,,,JUD,,,CHN,CHINA,CHN,,,,,,,,1,020,020,02,1,3.0,8,1,8,-5.56962025316456,4,"Liuping, Gansu, China",CH,CH15,13270,33.8356,104.292,10649941,4,"Liuping, Gansu, China",CH,CH15,13270,33.8356,104.292,10649941,4,"Liuping, Gansu, China",CH,CH15,13270,33.8356,104.292,10649941,20191205040000,Appeal,Verbal cooperation
890935680,20191205,201912,USAJUD,NEW ORLEANS,USA,,,,,JUD,,,CHN,CHINA,CHN,,,,,,,,1,110,110,11,3,-2.0,8,1,8,-5.56962025316456,4,"Liuping, Gansu, China",CH,CH15,13270,33.8356,104.292,10649941,4,"Liuping, Gansu, China",CH,CH15,13270,33.8356,104.292,10649941,4,"Liuping, Gansu, China",CH,CH15,13270,33.8356,104.292,10649941,20191205040000,Disapprove,Verbal conflict
890936912,20191205,201912,USA,WASHINGTON,USA,,,,,,,,CHN,SHENZHEN,CHN,,,,,,,,1,010,010,01,1,0.0,10,1,10,-6.81458003169572,3,"Washington, District of Columbia, United States",US,USDC,DC001,38.8951,-77.0364,531871,4,"Shenzhen, Guangdong, China",CH,CH30,13036,22.2,111.117,-1925267,4,"Liuping, Gansu, China",CH,CH15,13270,33.8356,104.292,10649941,20191205041500,Make public statement,Verbal cooperation
890937099,20191205,201912,USAMED,THE ASSOCIATED PRESS,USA,,,,,MED,,,CHN,CHINA,CHN,,,,,,,,1,060,060,06,2,6.0,6,1,6,0.57471264367816,1,China,CH,CH,,35.0,105.0,CH,1,China,CH,CH,,35.0,105.0,CH,4,"Islamabad, Islamabad, Pakistan",PK,PK08,23674,33.7,73.1667,-2762812,20191205041500,Engage in material cooperation,Material cooperation
890939774,20191205,201912,CHN,CHINA,CHN,,,,,,,,USA,WASHINGTON,USA,,,,,,,,1,030,030,03,1,4.0,40,3,40,-1.87989223484879,1,Russia,RS,RS,,60.0,100.0,RS,1,Russia,RS,RS,,60.0,100.0,RS,1,Russia,RS,RS,,60.0,100.0,RS,20191205044500,Express intent to cooperate,Verbal cooperation
890940759,20191205,201912,USA,WASHINGTON,USA,,,,,,,,CHN,CHINA,CHN,,,,,,,,1,030,030,03,1,4.0,32,3,32,-1.87989223484879,3,"Washington, District of Columbia, United States",US,USDC,DC001,38.8951,-77.0364,531871,1,China,CH,CH,,35.0,105.0,CH,3,"Washington, District of Columbia, United States",US,USDC,DC001,38.8951,-77.0364,531871,20191205044500,Express intent to cooperate,Verbal cooperation
890940760,20191205,201912,USA,WASHINGTON,USA,,,,,,,,CHN,CHINA,CHN,,,,,,,,1,030,030,03,1,4.0,8,3,8,-1.87989223484879,3,"Washington, District of Columbia, United States",US,USDC,DC001,38.8951,-77.0364,531871,1,China,CH,CH,,35.0,105.0,CH,1,China,CH,CH,,35.0,105.0,CH,20191205044500,Express intent to cooperate,Verbal cooperation
890941801,20191205,201912,CHN,CHINA,CHN,,,,,,,,USAGOV,AMERICAN,USA,,,,,GOV,,,1,130,130,13,3,-4.4,6,1,6,-3.3003300330033,1,China,CH,CH,,35.0,105.0,CH,1,China,CH,CH,,35.0,105.0,CH,1,China,CH,CH,,35.0,105.0,CH,20191205050000,Threaten,Verbal conflict
890944094,20191205,201912,USA,UNITED STATES,USA,,,,,,,,CHN,CHINA,CHN,,,,,,,,1,120,120,12,3,-4.0,8,1,8,-9.62566844919789,3,"Washington, District of Columbia, United States",US,USDC,DC001,38.8951,-77.0364,531871,1,China,CH,CH,,35.0,105.0,CH,3,"Washington, District of Columbia, United States",US,USDC,DC001,38.8951,-77.0364,531871,20191205051500,Reject,Verbal conflict
890945229,20191205,201912,CHN,CHINA,CHN,,,,,,,,USAEDU,RICHMOND,USA,,,,,EDU,,,1,040,040,04,1,1.0,10,1,10,-3.69458128078818,1,China,CH,CH,,35.0,105.0,CH,1,China,CH,CH,,35.0,105.0,CH,1,China,CH,CH,,35.0,105.0,CH,20191205053000,Consult,Verbal cooperation
890946182,20191205,201912,USAEDU,RICHMOND,USA,,,,,EDU,,,CHN,CHINA,CHN,,,,,,,,1,040,040,04,1,1.0,6,1,6,-3.69458128078818,1,China,CH,CH,,35.0,105.0,CH,1,Hong Kong,HK,HK,,22.25,114.166667,HK,1,Hong Kong,HK,HK,,22.25,114.166667,HK,20191205053000,Consult,Verbal cooperation
890949153,20191205,201912,CHNGOV,CHINESE,CHN,,,,,GOV,,,USA,THE US,USA,,,,,,,,1,111,111,11,3,-2.0,6,1,6,-4.07608695652174,4,"Xinjiang, Jiangxi, China",CH,CH03,13167,27.7481,116.274,11065838,4,"Qin Gang, Anhui, China",CH,CH01,13144,32.5294,118.598,-3805099,4,"Xinjiang, Jiangxi, China",CH,CH03,13167,27.7481,116.274,11065838,20191205060000,Disapprove,Verbal conflict
890951009,20191205,201912,CHN,CHINESE,CHN,,,,,,,,USA,THE US,USA,,,,,,,,1,020,020,02,1,3.0,10,1,10,-2.8125,4,"Yishan, Zhejiang, China",CH,CH02,13329,28.6031,118.977,-1911229,4,"Yishan, Zhejiang, China",CH,CH02,13329,28.6031,118.977,-1911229,4,"Yishan, Zhejiang, China",CH,CH02,13329,28.6031,118.977,-1911229,20191205061500,Appeal,Verbal cooperation
890951011,20191205,201912,CHN,CHINA,CHN,,,,,,,,USA,THE US,USA,,,,,,,,1,190,190,19,4,-10.0,8,1,8,-3.61111111111111,1,China,CH,CH,,35.0,105.0,CH,1,China,CH,CH,,35.0,105.0,CH,1,China,CH,CH,,35.0,105.0,CH,20191205061500,Fight,Material conflict
890952223,20191205,201912,USA,THE US,USA,,,,,,,,CHN,CHINA,CHN,,,,,,,,1,190,190,19,4,-10.0,6,1,6,-3.61111111111111,1,Malta,MT,MT,,35.916667,14.433333,MT,1,Malta,MT,MT,,35.916667,14.433333,MT,1,Malta,MT,MT,,35.916667,14.433333,MT,20191205061500,Fight,Material conflict
890956489,20191205,201912,USA,UNITED STATES,USA,,,,,,,,CHN,CHINA,CHN,,,,,,,,1,111,111,11,3,-2.0,6,1,6,-2.88600288600288,1,United States,US,US,,39.828175,-98.5795,US,4,"Xinjiang, Jiangxi, China",CH,CH03,13167,27.7481,116.274,11065838,4,"Xinjiang, Jiangxi, China",CH,CH03,13167,27.7481,116.274,11065838,20191205064500,Disapprove,Verbal conflict
890959546,20191205,201912,USALEG,THE US,USA,,,,,LEG,,,CHN,CHINA,CHN,,,,,,,,1,020,020,02,1,3.0,10,1,10,-4.29447852760736,4,"Xinjiang, Jiangxi, China",CH,CH03,13167,27.7481,116.274,11065838,4,"Xinjiang, Jiangxi, China",CH,CH03,13167,27.7481,116.274,11065838,4,"Xinjiang, Jiangxi, China",CH,CH03,13167,27.7481,116.274,11065838,20191205070000,Appeal,Verbal cooperation
890963038,20191205,201912,CHN,CHINA,CHN,,,,,,,,USA,UNITED STATES,USA,,,,,,,,1,190,190,19,4,-10.0,8,1,8,-5.42635658914729,4,"Beijing, Beijing, China",CH,CH22,13001,39.9289,116.388,-1898541,1,United States,US,US,,39.828175,-98.5795,US,1,United States,US,US,,39.828175,-98.5795,US,20191205073000,Fight,Material conflict
890963869,20191205,201912,USA,UNITED STATES,USA,,,,,,,,CHN,CHINA,CHN,,,,,,,,1,190,190,19,4,-10.0,8,1,8,-5.42635658914729,1,United States,US,US,,39.828175,-98.5795,US,4,"Beijing, Beijing, China",CH,CH22,13001,39.9289,116.388,-1898541,1,United States,US,US,,39.828175,-98.5795,US,20191205073000,Fight,Material conflict
890964028,20181205,201812,CHN,CHINESE,CHN,,,,,,,,MNCUSAMED,QUALCOMM,USA,,,,,MNC,MED,,1,111,111,11,3,-2.0,10,1,10,0.273972602739726,4,"Xiaomi, Fujian, China",CH,CH07,13163,25.2225,116.057,10999868,4,"Xiaomi, Fujian, China",CH,CH07,13163,25.2225,116.057,10999868,4,"Xiaomi, Fujian, China",CH,CH07,13163,25.2225,116.057,10999868,20191205074500,Disapprove,Verbal conflict
890965108,20191205,201912,USA,COLORADO,USA,,,,,,,,CHN,CHINA,CHN,,,,,,,,1,112,112,11,3,-2.0,7,1,7,0.768245838668379,2,"Colorado, United States",US,USCO,,39.0646,-105.327,CO,1,China,CH,CH,,35.0,105.0,CH,2,"Colorado, United States",US,USCO,,39.0646,-105.327,CO,20191205074500,Disapprove,Verbal conflict
890970587,20191205,201912,CHN,CHINA,CHN,,,,,,,,MNCUSAMED,QUALCOMM,USA,,,,,MNC,MED,,1,036,036,03,1,4.0,10,1,10,-1.67224080267559,1,China,CH,CH,,35.0,105.0,CH,1,China,CH,CH,,35.0,105.0,CH,1,China,CH,CH,,35.0,105.0,CH,20191205083000,Express intent to cooperate,Verbal cooperation
890971207,20191205,201912,MNCUSAMED,QUALCOMM,USA,,,,,MNC,MED,,CHN,CHINA,CHN,,,,,,,,1,036,036,03,1,4.0,10,1,10,-1.67224080267559,1,China,CH,CH,,35.0,105.0,CH,1,China,CH,CH,,35.0,105.0,CH,1,China,CH,CH,,35.0,105.0,CH,20191205083000,Express intent to cooperate,Verbal cooperation
890977143,20181205,201812,CHN,SHAANXI,CHN,,,,,,,,USA,UNITED STATES,USA,,,,,,,,1,061,061,06,2,6.4,6,1,6,6.68103448275862,5,"Shaanxi, Shaanxi, China",CH,CH26,13220,36.0,109.0,-1924159,2,"California, United States",US,USCA,,36.17,-119.746,CA,5,"Shaanxi, Shaanxi, China",CH,CH26,13220,36.0,109.0,-1924159,20191205091500,Engage in material cooperation,Material cooperation
890982340,20191205,201912,CHN,BEIJING,CHN,,,,,,,,USAMED,REUTERS,USA,,,,,MED,,,1,013,013,01,1,0.4,15,3,15,-2.61194029850746,4,"Beijing, Beijing, China",CH,CH22,13001,39.9289,116.388,-1898541,4,"Beijing, Beijing, China",CH,CH22,13001,39.9289,116.388,-1898541,4,"Beijing, Beijing, China",CH,CH22,13001,39.9289,116.388,-1898541,20191205094500,Make public statement,Verbal cooperation
890982341,20191205,201912,CHN,CHINESE,CHN,,,,,,,,USAMED,REUTERS,USA,,,,,MED,,,1,020,020,02,1,3.0,9,3,9,-2.61194029850746,3,"Washington, District of Columbia, United States",US,USDC,DC001,38.8951,-77.0364,531871,3,"Washington, District of Columbia, United States",US,USDC,DC001,38.8951,-77.0364,531871,3,"Washington, District of Columbia, United States",US,USDC,DC001,38.8951,-77.0364,531871,20191205094500,Appeal,Verbal cooperation
890984731,20191205,201912,CHNGOV,CHINESE,CHN,,,,,GOV,,,USA,WASHINGTON,USA,,,,,,,,1,130,130,13,3,-4.4,6,1,6,-2.96296296296296,1,Hong Kong,HK,HK,,22.25,114.166667,HK,1,Hong Kong,HK,HK,,22.25,114.166667,HK,1,Hong Kong,HK,HK,,22.25,114.166667,HK,20191205100000,Threaten,Verbal conflict
890990817,20191205,201912,USA,UNITED STATES,USA,,,,,,,,CHN,CHINA,CHN,,,,,,,,1,010,010,01,1,0.0,20,2,20,-3.02938595163877,1,United States,US,US,,39.828175,-98.5795,US,1,China,CH,CH,,35.0,105.0,CH,1,United States,US,US,,39.828175,-98.5795,US,20191205103000,Make public statement,Verbal cooperation
890998102,20191205,201912,CHNGOV,CHINESE,CHN,,,,,GOV,,,USAMED,AMERICAN,USA,,,,,MED,,,1,110,110,11,3,-2.0,6,1,6,-1.42857142857143,1,China,CH,CH,,35.0,105.0,CH,1,China,CH,CH,,35.0,105.0,CH,1,China,CH,CH,,35.0,105.0,CH,20191205111500,Disapprove,Verbal conflict
891002288,20191205,201912,USA,UNITED STATES,USA,,,,,,,,CHN,CHINA,CHN,,,,,,,,1,060,060,06,2,6.0,10,1,10,2.97619047619048,4,"Seoul, Soul-t'ukpyolsi, South Korea",KS,KS11,24984,37.5664,127.0,-716583,4,"Seoul, Soul-t'ukpyolsi, South Korea",KS,KS11,24984,37.5664,127.0,-716583,4,"Seoul, Soul-t'ukpyolsi, South Korea",KS,KS11,24984,37.5664,127.0,-716583,20191205113000,Engage in material cooperation,Material cooperation
891002289,20191205,201912,USA,THE US,USA,,,,,,,,CHN,CHINA,CHN,,,,,,,,1,100,100,10,3,-5.0,10,1,10,-9.09090909090908,4,"Xinjiang, Jiangxi, China",CH,CH03,13167,27.7481,116.274,11065838,4,"Xinjiang, Jiangxi, China",CH,CH03,13167,27.7481,116.274,11065838,4,"Xinjiang, Jiangxi, China",CH,CH03,13167,27.7481,116.274,11065838,20191205113000,Demand,Verbal conflict
891002442,20191205,201912,USALEG,THE US,USA,,,,,LEG,,,CHNGOV,CHINESE,CHN,,,,,GOV,,,1,163,163,16,4,-8.0,6,1,6,-9.09090909090908,4,"Beijing, Beijing, China",CH,CH22,13001,39.9289,116.388,-1898541,4,"Beijing, Beijing, China",CH,CH22,13001,39.9289,116.388,-1898541,4,"Beijing, Beijing, China",CH,CH22,13001,39.9289,116.388,-1898541,20191205113000,Reduce relations,Material conflict
891004988,20191205,201912,USA,NEW YORK,USA,,,,,,,,CHNGOV,CHINESE,CHN,,,,,GOV,,,1,010,010,01,1,0.0,6,1,6,-2.29057591623036,2,"New York, United States",US,USNY,,42.1497,-74.9384,NY,2,"New York, United States",US,USNY,,42.1497,-74.9384,NY,2,"New York, United States",US,USNY,,42.1497,-74.9384,NY,20191205114500,Make public statement,Verbal cooperation
891009426,20191205,201912,CHN,NANJING,CHN,,,,,,,,USA,SAN FRANCISCO,USA,,,,,,,,1,042,042,04,1,1.9,6,1,6,-4.27350427350428,4,"Nanjing, Jiangsu, China",CH,CH04,13144,32.0617,118.778,-1919548,3,"San Francisco, California, United States",US,USCA,,37.7749,-122.419,277593,3,"San Francisco, California, United States",US,USCA,,37.7749,-122.419,277593,20191205121500,Consult,Verbal cooperation
891009427,20191205,201912,CHN,CHINESE,CHN,,,,,,,,USA,NEW ORLEANS,USA,,,,,,,,1,110,110,11,3,-2.0,10,1,10,-4.20560747663552,3,"Washington, District of Columbia, United States",US,USDC,DC001,38.8951,-77.0364,531871,3,"Washington, District of Columbia, United States",US,USDC,DC001,38.8951,-77.0364,531871,3,"Washington, District of Columbia, United States",US,USDC,DC001,38.8951,-77.0364,531871,20191205121500,Disapprove,Verbal conflict
891010511,20191205,201912,USA,THE US,USA,,,,,,,,CHN,CHINA,CHN,,,,,,,,1,0311,031,03,1,5.2,10,1,10,0.4424778761062,1,Japan,JA,JA,,36.0,138.0,JA,1,Japan,JA,JA,,36.0,138.0,JA,1,Japan,JA,JA,,36.0,138.0,JA,20191205121500,Express intent to cooperate,Verbal cooperation
891010512,20191205,201912,USA,SAN FRANCISCO,USA,,,,,,,,CHN,NANJING,CHN,,,,,,,,1,043,043,04,1,2.8,8,1,8,-4.27350427350428,4,"Nanjing, Jiangsu, China",CH,CH04,13144,32.0617,118.778,-1919548,4,"Nanjing, Jiangsu, China",CH,CH04,13144,32.0617,118.778,-1919548,4,"Nanjing, Jiangsu, China",CH,CH04,13144,32.0617,118.778,-1919548,20191205121500,Consult,Verbal cooperation
891010513,20191205,201912,USA,SAN FRANCISCO,USA,,,,,,,,CHN,NANJING,CHN,,,,,,,,1,051,051,05,1,3.4,8,1,8,-4.27350427350428,3,"San Francisco, California, United States",US,USCA,CA075,37.7749,-122.419,277593,4,"Nanjing, Jiangsu, China",CH,CH04,13144,32.0617,118.778,-1919548,4,"Nanjing, Jiangsu, China",CH,CH04,13144,32.0617,118.778,-1919548,20191205121500,Engage in diplomatic cooperation,Verbal cooperation
891027444,20191205,201912,CHNGOV,CHINA,CHN,,,,,GOV,,,USAMED,THE ASSOCIATED PRESS,USA,,,,,MED,,,1,016,016,01,1,-2.0,16,1,16,-3.22580645161291,1,China,CH,CH,,35.0,105.0,CH,4,"Islamabad, Islamabad, Pakistan",PK,PK08,23674,33.7,73.1667,-2762812,4,"Islamabad, Islamabad, Pakistan",PK,PK08,23674,33.7,73.1667,-2762812,20191205134500,Make public statement,Verbal cooperation
891038892,20191205,201912,CHN,CHINA,CHN,,,,,,,,USA,THE US,USA,,,,,,,,1,030,030,03,1,4.0,10,1,10,0.98039215686274,4,"Beijing, Beijing, China",CH,CH22,13001,39.9289,116.388,-1898541,4,"Beijing, Beijing, China",CH,CH22,13001,39.9289,116.388,-1898541,4,"Beijing, Beijing, China",CH,CH22,13001,39.9289,116.388,-1898541,20191205144500,Express intent to cooperate,Verbal cooperation
891040403,20191205,201912,USA,WASHINGTON,USA,,,,,,,,CHN,BEIJING,CHN,,,,,,,,1,057,057,05,1,8.0,6,1,6,0.98039215686274,3,"Washington, District of Columbia, United States",US,USDC,DC001,38.8951,-77.0364,531871,4,"Beijing, Beijing, China",CH,CH22,13001,39.9289,116.388,-1898541,4,"Beijing, Beijing, China",CH,CH22,13001,39.9289,116.388,-1898541,20191205144500,Engage in diplomatic cooperation,Verbal cooperation
891063032,20191205,201912,CHN,CHINA,CHN,,,,,,,,USA,NEW YORK,USA,,,,,,,,1,036,036,03,1,4.0,8,1,8,-6.3953488372093,2,"New York, United States",US,USNY,,42.1497,-74.9384,NY,2,"New York, United States",US,USNY,,42.1497,-74.9384,NY,2,"New York, United States",US,USNY,,42.1497,-74.9384,NY,20191205164500,Express intent to cooperate,Verbal cooperation
891091042,20191205,201912,USA,WASHINGTON,USA,,,,,,,,CHN,BEIJING,CHN,,,,,,,,1,190,190,19,4,-10.0,8,1,8,-0.625,4,"Beijing, Beijing, China",CH,CH22,13001,39.9289,116.388,-1898541,4,"Beijing, Beijing, China",CH,CH22,13001,39.9289,116.388,-1898541,4,"Beijing, Beijing, China",CH,CH22,13001,39.9289,116.388,-1898541,20191205190000,Fight,Material conflict
891093450,20191205,201912,MNCUSAMED,GOOGLE,USA,,,,,MNC,MED,,CHNOPP,CHINESE,CHN,,,,,OPP,,,1,128,128,12,3,-5.0,6,1,6,-1.20350109409191,4,"Beijing, Beijing, China",CH,CH22,13001,39.9289,116.388,-1898541,4,"Beijing, Beijing, China",CH,CH22,13001,39.9289,116.388,-1898541,4,"Beijing, Beijing, China",CH,CH22,13001,39.9289,116.388,-1898541,20191205191500,Reject,Verbal conflict
891095235,20191205,201912,CHN,CHINA,CHN,,,,,,,,USALEG,UNITED STATES,USA,,,,,LEG,,,1,130,130,13,3,-4.4,8,1,8,-8.02752293577982,4,"Xinjiang, Jiangxi, China",CH,CH03,13167,27.7481,116.274,11065838,1,United States,US,US,,39.828175,-98.5795,US,4,"Xinjiang, Jiangxi, China",CH,CH03,13167,27.7481,116.274,11065838,20191205193000,Threaten,Verbal conflict
891111139,20191205,201912,CHN,CHINA,CHN,,,,,,,,USA,UNITED STATES,USA,,,,,,,,1,030,030,03,1,4.0,6,1,6,-1.82232346241458,1,China,CH,CH,,35.0,105.0,CH,3,"Chicago, Illinois, United States",US,USIL,IL031,41.85,-87.6501,423587,3,"Chicago, Illinois, United States",US,USIL,IL031,41.85,-87.6501,423587,20191205210000,Express intent to cooperate,Verbal cooperation
891112297,20191205,201912,USA,UNITED STATES,USA,,,,,,,,CHN,CHINA,CHN,,,,,,,,1,030,030,03,1,4.0,6,1,6,-1.82232346241458,3,"Chicago, Illinois, United States",US,USIL,IL031,41.85,-87.6501,423587,1,China,CH,CH,,35.0,105.0,CH,3,"Chicago, Illinois, United States",US,USIL,IL031,41.85,-87.6501,423587,20191205210000,Express intent to cooperate,Verbal cooperation
891113619,20191205,201912,CHN,CHINA,CHN,,,,,,,,USA,UNITED STATES,USA,,,,,,,,1,030,030,03,1,4.0,20,1,20,-2.72952853598015,4,"Gao Feng, Sichuan, China",CH,CH32,13270,32.0105,104.019,10334640,4,"Gao Feng, Sichuan, China",CH,CH32,13270,32.0105,104.019,10334640,4,"Gao Feng, Sichuan, China",CH,CH32,13270,32.0105,104.019,10334640,20191205211500,Express intent to cooperate,Verbal cooperation
891113622,20191205,201912,CHN,CHINA,CHN,,,,,,,,USAGOV,AMERICAN,USA,,,,,GOV,,,1,046,046,04,1,7.0,6,1,6,1.14942528735632,1,China,CH,CH,,35.0,105.0,CH,1,United States,US,US,,39.828175,-98.5795,US,1,China,CH,CH,,35.0,105.0,CH,20191205211500,Consult,Verbal cooperation
891114930,20191205,201912,USAGOV,AMERICAN,USA,,,,,GOV,,,CHN,CHINA,CHN,,,,,,,,1,046,046,04,1,7.0,6,1,6,1.14942528735632,1,Australia,AS,AS,,-25.0,135.0,AS,1,Australia,AS,AS,,-25.0,135.0,AS,1,Australia,AS,AS,,-25.0,135.0,AS,20191205211500,Consult,Verbal cooperation
891118321,20191205,201912,CHN,SHANGHAI,CHN,,,,,,,,USA,WASHINGTON,USA,,,,,,,,1,042,042,04,1,1.9,8,1,8,1.33333333333333,4,"Shanghai, Shanghai, China",CH,CH23,13243,31.2222,121.458,-1924465,3,"Washington, District of Columbia, United States",US,USDC,DC001,38.8951,-77.0364,531871,3,"Washington, District of Columbia, United States",US,USDC,DC001,38.8951,-77.0364,531871,20191205214500,Consult,Verbal cooperation
891119505,20191205,201912,USA,WASHINGTON,USA,,,,,,,,CHN,SHANGHAI,CHN,,,,,,,,1,043,043,04,1,2.8,8,1,8,1.33333333333333,3,"Washington, District of Columbia, United States",US,USDC,DC001,38.8951,-77.0364,531871,4,"Shanghai, Shanghai, China",CH,CH23,13243,31.2222,121.458,-1924465,3,"Washington, District of Columbia, United States",US,USDC,DC001,38.8951,-77.0364,531871,20191205214500,Consult,Verbal cooperation
891119509,20191205,201912,USA,OREGON,USA,,,,,,,,CHNGOVMED,CHINESE,CHN,,,,,GOV,MED,,1,051,051,05,1,3.4,7,1,7,-4.25240054869684,2,"Oregon, United States",US,USOR,,44.5672,-122.127,OR,4,"Beijing, Beijing, China",CH,CH22,13001,39.9289,116.388,-1898541,4,"Beijing, Beijing, China",CH,CH22,13001,39.9289,116.388,-1898541,20191205214500,Engage in diplomatic cooperation,Verbal cooperation
891126794,20181205,201812,USA,OREGON,USA,,,,,,,,CHN,CHINA,CHN,,,,,,,,1,061,061,06,2,6.4,7,1,7,1.22511485451761,2,"Oregon, United States",US,USOR,,44.5672,-122.127,OR,4,"Beijing, Beijing, China",CH,CH22,13001,39.9289,116.388,-1898541,2,"Oregon, United States",US,USOR,,44.5672,-122.127,OR,20191205224500,Engage in material cooperation,Material cooperation
891138503,20191206,201912,CHN,CHINA,CHN,,,,,,,,MNCUSABUS,BOEING,USA,,,,,MNC,BUS,,1,043,043,04,1,2.8,10,1,10,2.9520295202952,4,"Shanghai, Shanghai, China",CH,CH23,13243,31.2222,121.458,-1924465,4,"Shanghai, Shanghai, China",CH,CH23,13243,31.2222,121.458,-1924465,4,"Shanghai, Shanghai, China",CH,CH23,13243,31.2222,121.458,-1924465,20191206000000,Consult,Verbal cooperation
891138509,20191206,201912,CHN,CHINA,CHN,,,,,,,,USA,UNITED STATES,USA,,,,,,,,1,030,030,03,1,4.0,6,1,6,-3.18302387267905,1,China,CH,CH,,35.0,105.0,CH,1,United States,US,US,,39.828175,-98.5795,US,1,United Kingdom,UK,UK,,54.0,-4.0,UK,20191206000000,Express intent to cooperate,Verbal cooperation
891140265,20191206,201912,MNCUSABUS,BOEING,USA,,,,,MNC,BUS,,CHN,CHINA,CHN,,,,,,,,1,042,042,04,1,1.9,10,1,10,2.9520295202952,4,"Shanghai, Shanghai, China",CH,CH23,13243,31.2222,121.458,-1924465,4,"Shanghai, Shanghai, China",CH,CH23,13243,31.2222,121.458,-1924465,4,"Shanghai, Shanghai, China",CH,CH23,13243,31.2222,121.458,-1924465,20191206000000,Consult,Verbal cooperation
891141186,20191206,201912,USA,UNITED STATES,USA,,,,,,,,CHN,CHINA,CHN,,,,,,,,1,030,030,03,1,4.0,6,1,6,-3.18302387267905,1,United States,US,US,,39.828175,-98.5795,US,1,China,CH,CH,,35.0,105.0,CH,1,United Kingdom,UK,UK,,54.0,-4.0,UK,20191206000000,Express intent to cooperate,Verbal cooperation
891156535,20191206,201912,USA,CHICAGO,USA,,,,,,,,CHNOPP,TIBET,CHN,,,,,OPP,,,1,051,051,05,1,3.4,10,1,10,-4.63917525773195,3,"Chicago, Illinois, United States",US,USIL,IL031,41.85,-87.6501,423587,3,"Chicago, Illinois, United States",US,USIL,IL031,41.85,-87.6501,423587,3,"Chicago, Illinois, United States",US,USIL,IL031,41.85,-87.6501,423587,20191206010000,Engage in diplomatic cooperation,Verbal cooperation
891156536,20191206,201912,USA,CHICAGO,USA,,,,,,,,CHNOPP,TIBET,CHN,,,,,OPP,,,1,141,141,14,3,-6.5,10,1,10,-4.63917525773195,3,"Chicago, Illinois, United States",US,USIL,IL031,41.85,-87.6501,423587,3,"Chicago, Illinois, United States",US,USIL,IL031,41.85,-87.6501,423587,3,"Chicago, Illinois, United States",US,USIL,IL031,41.85,-87.6501,423587,20191206010000,Protest,Verbal conflict
891159411,20191206,201912,USA,THE US,USA,,,,,,,,CHNGOV,CHINESE,CHN,,,,,GOV,,,1,012,012,01,1,-0.4,6,1,6,-2.27272727272727,4,"Beijing, Beijing, China",CH,CH22,13001,39.9289,116.388,-1898541,4,"Beijing, Beijing, China",CH,CH22,13001,39.9289,116.388,-1898541,4,"Beijing, Beijing, China",CH,CH22,13001,39.9289,116.388,-1898541,20191206011500,Make public statement,Verbal cooperation
891161211,20191206,201912,CHN,CHINA,CHN,,,,,,,,USA,UNITED STATES,USA,,,,,,,,1,030,030,03,1,4.0,20,2,20,-2.73292347197017,4,"Gao Feng, Sichuan, China",CH,CH32,13270,32.0105,104.019,10334640,4,"Gao Feng, Sichuan, China",CH,CH32,13270,32.0105,104.019,10334640,4,"Gao Feng, Sichuan, China",CH,CH32,13270,32.0105,104.019,10334640,20191206013000,Express intent to cooperate,Verbal cooperation
891162786,20191206,201912,USA,THE US,USA,,,,,,,,CHN,CHINA,CHN,,,,,,,,1,110,110,11,3,-2.0,10,1,10,1.16822429906542,5,"Himachal Pradesh, Himachal Pradesh, India",IN,IN11,17673,31.9167,77.25,-2097441,5,"Himachal Pradesh, Himachal Pradesh, India",IN,IN11,17673,31.9167,77.25,-2097441,5,"Himachal Pradesh, Himachal Pradesh, India",IN,IN11,17673,31.9167,77.25,-2097441,20191206013000,Disapprove,Verbal conflict
891164152,20191206,201912,CHN,CHINA,CHN,,,,,,,,USA,WASHINGTON,USA,,,,,,,,1,030,030,03,1,4.0,8,1,8,-1.35823429541596,1,Russia,RS,RS,,60.0,100.0,RS,1,Russia,RS,RS,,60.0,100.0,RS,1,Russia,RS,RS,,60.0,100.0,RS,20191206014500,Express intent to cooperate,Verbal cooperation
891165289,20191206,201912,USA,WASHINGTON,USA,,,,,,,,CHN,CHINA,CHN,,,,,,,,1,030,030,03,1,4.0,8,1,8,-1.35823429541596,3,"Washington, District of Columbia, United States",US,USDC,DC001,38.8951,-77.0364,531871,1,China,CH,CH,,35.0,105.0,CH,3,"Washington, District of Columbia, United States",US,USDC,DC001,38.8951,-77.0364,531871,20191206014500,Express intent to cooperate,Verbal cooperation
891166795,20191206,201912,CHN,CHINA,CHN,,,,,,,,USA,UNITED STATES,USA,,,,,,,,1,030,030,03,1,4.0,6,1,6,0.349650349650351,1,China,CH,CH,,35.0,105.0,CH,1,United States,US,US,,39.828175,-98.5795,US,1,United States,US,US,,39.828175,-98.5795,US,20191206020000,Express intent to cooperate,Verbal cooperation
891167832,20191206,201912,USA,UNITED STATES,USA,,,,,,,,CHN,CHINA,CHN,,,,,,,,1,030,030,03,1,4.0,6,1,6,0.349650349650351,1,United States,US,US,,39.828175,-98.5795,US,1,China,CH,CH,,35.0,105.0,CH,1,United States,US,US,,39.828175,-98.5795,US,20191206020000,Express intent to cooperate,Verbal cooperation
891179025,20191206,201912,CHN,CHINA,CHN,,,,,,,,USA,WASHINGTON,USA,,,,,,,,1,046,046,04,1,7.0,7,1,6,-2.40963855421687,1,China,CH,CH,,35.0,105.0,CH,3,"Washington, District of Columbia, United States",US,USDC,DC001,38.8951,-77.0364,531871,1,China,CH,CH,,35.0,105.0,CH,20191206033000,Consult,Verbal cooperation
891179947,20191206,201912,USA,WASHINGTON,USA,,,,,,,,CHN,CHINA,CHN,,,,,,,,1,046,046,04,1,7.0,7,1,6,-2.40963855421687,3,"Washington, District of Columbia, United States",US,USDC,DC001,38.8951,-77.0364,531871,1,China,CH,CH,,35.0,105.0,CH,1,China,CH,CH,,35.0,105.0,CH,20191206033000,Consult,Verbal cooperation
891185193,20191206,201912,USA,WASHINGTON,USA,,,,,,,,CHNGOV,XI JINPING,CHN,,,,,GOV,,,1,050,050,05,1,3.5,6,1,6,4.34272300469484,3,"Washington, District of Columbia, United States",US,USDC,DC001,38.8951,-77.0364,531871,4,"Beijing, Beijing, China",CH,CH22,13001,39.9289,116.388,-1898541,4,"Beijing, Beijing, China",CH,CH22,13001,39.9289,116.388,-1898541,20191206041500,Engage in diplomatic cooperation,Verbal cooperation
891185195,20191206,201912,USA,WASHINGTON,USA,,,,,,,,CHNGOV,CHINESE,CHN,,,,,GOV,,,1,100,100,10,3,-5.0,6,1,6,4.34272300469484,3,"Washington, District of Columbia, United States",US,USDC,DC001,38.8951,-77.0364,531871,4,"Beijing, Beijing, China",CH,CH22,13001,39.9289,116.388,-1898541,4,"Beijing, Beijing, China",CH,CH22,13001,39.9289,116.388,-1898541,20191206041500,Demand,Verbal conflict
891190679,20191206,201912,USA,SAN FRANCISCO,USA,,,,,,,,CHNBUS,CHINA,CHN,,,,,BUS,,,1,112,112,11,3,-2.0,10,1,10,-2.26700251889169,1,China,CH,CH,,35.0,105.0,CH,1,China,CH,CH,,35.0,105.0,CH,1,China,CH,CH,,35.0,105.0,CH,20191206050000,Disapprove,Verbal conflict
891191642,20191206,201912,CHN,CHINA,CHN,,,,,,,,USA,THE US,USA,,,,,,,,1,190,190,19,4,-10.0,10,1,10,0.20920502092051,1,China,CH,CH,,35.0,105.0,CH,1,China,CH,CH,,35.0,105.0,CH,1,China,CH,CH,,35.0,105.0,CH,20191206051500,Fight,Material conflict
891192671,20191206,201912,USA,THE US,USA,,,,,,,,CHN,CHINA,CHN,,,,,,,,1,190,190,19,4,-10.0,10,1,10,0.20920502092051,1,Norway,NO,NO,,62.0,10.0,NO,1,Norway,NO,NO,,62.0,10.0,NO,1,Norway,NO,NO,,62.0,10.0,NO,20191206051500,Fight,Material conflict
891192763,20191206,201912,USAMED,THE US,USA,,,,,MED,,,CHN,CHINA,CHN,,,,,,,,1,060,060,06,2,6.0,6,1,6,-1.84615384615384,1,China,CH,CH,,35.0,105.0,CH,1,China,CH,CH,,35.0,105.0,CH,4,"Islamabad, Islamabad, Pakistan",PK,PK08,23674,33.7,73.1667,-2762812,20191206051500,Engage in material cooperation,Material cooperation
891193686,20191206,201912,CHN,BEIJING,CHN,,,,,,,,USALEG,THE US,USA,,,,,LEG,,,1,111,111,11,3,-2.0,8,1,8,-7.86026200873363,4,"Beijing, Beijing, China",CH,CH22,13001,39.9289,116.388,-1898541,4,"Xinjiang, Jiangxi, China",CH,CH03,13167,27.7481,116.274,11065838,4,"Xinjiang, Jiangxi, China",CH,CH03,13167,27.7481,116.274,11065838,20191206053000,Disapprove,Verbal conflict
891198258,20191206,201912,CHN,CHINA,CHN,,,,,,,,USA,UNITED STATES,USA,,,,,,,,1,190,190,19,4,-10.0,8,1,8,-4.49826989619377,4,"Beijing, Beijing, China",CH,CH22,13001,39.9289,116.388,-1898541,1,United States,US,US,,39.828175,-98.5795,US,1,United States,US,US,,39.828175,-98.5795,US,20191206060000,Fight,Material conflict
891199255,20191206,201912,USA,UNITED STATES,USA,,,,,,,,CHN,CHINA,CHN,,,,,,,,1,190,190,19,4,-10.0,8,1,8,-4.49826989619377,1,United States,US,US,,39.828175,-98.5795,US,4,"Beijing, Beijing, China",CH,CH22,13001,39.9289,116.388,-1898541,1,United States,US,US,,39.828175,-98.5795,US,20191206060000,Fight,Material conflict
891202999,20191206,201912,USA,WASHINGTON,USA,,,,,,,,CHN,SHENZHEN,CHN,,,,,,,,1,010,010,01,1,0.0,8,1,8,-8.0078125,1,North Korea,KN,KN,,40.0,127.0,KN,1,Canada,CA,CA,,60.0,-96.0,CA,1,Canada,CA,CA,,60.0,-96.0,CA,20191206063000,Make public statement,Verbal cooperation
891208168,20191206,201912,USA,LOS ANGELES,USA,,,,,,,,CHN,SHENZHEN,CHN,,,,,,,,1,111,111,11,3,-2.0,19,3,19,3.44261109141282,4,"Shenzhen, Guangdong, China",CH,CH30,13036,22.2,111.117,-1925267,4,"Shenzhen, Guangdong, China",CH,CH30,13036,22.2,111.117,-1925267,4,"Shenzhen, Guangdong, China",CH,CH30,13036,22.2,111.117,-1925267,20191206070000,Disapprove,Verbal conflict
891208585,20191206,201912,CHN,CHINESE,CHN,,,,,,,,USA,FLORIDA,USA,,,,,,,,1,042,042,04,1,1.9,10,1,10,3.87096774193548,4,"Zigong, Sichuan, China",CH,CH32,13263,29.3416,104.777,-1939828,4,"Zigong, Sichuan, China",CH,CH32,13263,29.3416,104.777,-1939828,4,"Zigong, Sichuan, China",CH,CH32,13263,29.3416,104.777,-1939828,20191206071500,Consult,Verbal cooperation
891209371,20191206,201912,USA,FLORIDA,USA,,,,,,,,CHN,CHINESE,CHN,,,,,,,,1,043,043,04,1,2.8,10,1,10,3.87096774193548,3,"Miami, Florida, United States",US,USFL,FL086,25.7743,-80.1937,295004,3,"Miami, Florida, United States",US,USFL,FL086,25.7743,-80.1937,295004,3,"Miami, Florida, United States",US,USFL,FL086,25.7743,-80.1937,295004,20191206071500,Consult,Verbal cooperation
891210491,20191206,201912,CHNBUS,CHINESE,CHN,,,,,BUS,,,USA,UNITED STATES,USA,,,,,,,,1,061,061,06,2,6.4,12,1,12,-1.96850393700788,4,"Beijing, Beijing, China",CH,CH22,13001,39.9289,116.388,-1898541,4,"Beijing, Beijing, China",CH,CH22,13001,39.9289,116.388,-1898541,4,"Beijing, Beijing, China",CH,CH22,13001,39.9289,116.388,-1898541,20191206073000,Engage in material cooperation,Material cooperation
891215364,20191206,201912,MNCUSA,BANK OF AMERICA,USA,,,,,MNC,,,CHN,CHINA,CHN,,,,,,,,1,130,130,13,3,-4.4,8,1,8,-7.62589928057554,4,"Beijing, Beijing, China",CH,CH22,13001,39.9289,116.388,-1898541,4,"Tehran, Tehran, Iran",IR,IR26,41130,35.75,51.5148,10074674,4,"Tehran, Tehran, Iran",IR,IR26,41130,35.75,51.5148,10074674,20191206080000,Threaten,Verbal conflict
891218513,20191206,201912,USA,WASHINGTON,USA,,,,,,,,CHN,XINJIANG,CHN,,,,,,,,1,060,060,06,2,6.0,10,1,10,-5.14541387024609,4,"Xinjiang, Jiangxi, China",CH,CH03,13167,27.7481,116.274,11065838,4,"Xinjiang, Jiangxi, China",CH,CH03,13167,27.7481,116.274,11065838,4,"Xinjiang, Jiangxi, China",CH,CH03,13167,27.7481,116.274,11065838,20191206081500,Engage in material cooperation,Material cooperation
891224863,20191206,201912,CHN,CHINESE,CHN,,,,,,,,USA,WASHINGTON,USA,,,,,,,,1,040,040,04,1,1.0,10,1,10,-3.48258706467662,4,"Beijing, Beijing, China",CH,CH22,13001,39.9289,116.388,-1898541,3,"Washington, District of Columbia, United States",US,USDC,DC001,38.8951,-77.0364,531871,4,"Beijing, Beijing, China",CH,CH22,13001,39.9289,116.388,-1898541,20191206091500,Consult,Verbal cooperation
891224864,20191206,201912,CHN,HUNAN,CHN,,,,,,,,USA,AMERICAN,USA,,,,,,,,1,043,043,04,1,2.8,8,1,8,-0.84388185654009,4,"Hunan, Jiangsu, China",CH,CH04,13155,32.9274,120.18,10865123,3,"Pearl Harbor, Hawaii, United States",US,USHI,,21.355,-157.972,363230,4,"Zhijiang, Hubei, China",CH,CH12,13129,30.4214,111.753,-1917628,20191206091500,Consult,Verbal cooperation
891227240,20191206,201912,CHN,CHINA,CHN,,,,,,,,USAGOV,RICHARD NIXON,USA,,,,,GOV,,,1,043,043,04,1,2.8,10,1,10,6.71892497200448,4,"Wang Chunchen, Hebei, China",CH,CH10,13238,37.4467,115.796,-1929911,4,"Wang Chunchen, Hebei, China",CH,CH10,13238,37.4467,115.796,-1929911,2,"Florida, United States",US,USFL,,27.8333,-81.717,FL,20191206093000,Consult,Verbal cooperation
891228341,20191206,201912,USAGOV,RICHARD NIXON,USA,,,,,GOV,,,CHN,CHINA,CHN,,,,,,,,1,042,042,04,1,1.9,6,1,6,6.71892497200448,4,"Wang Chunchen, Hebei, China",CH,CH10,13238,37.4467,115.796,-1929911,4,"Wang Chunchen, Hebei, China",CH,CH10,13238,37.4467,115.796,-1929911,4,"Wang Chunchen, Hebei, China",CH,CH10,13238,37.4467,115.796,-1929911,20191206093000,Consult,Verbal cooperation
891230772,20191206,201912,USA,THE US,USA,,,,,,,,CHN,CHINA,CHN,,,,,,,,1,030,030,03,1,4.0,10,1,10,0.0,4,"London, London, City of, United Kingdom",UK,UKH9,40110,51.5,-0.116667,-2601889,4,"London, London, City of, United Kingdom",UK,UKH9,40110,51.5,-0.116667,-2601889,4,"London, London, City of, United Kingdom",UK,UKH9,40110,51.5,-0.116667,-2601889,20191206094500,Express intent to cooperate,Verbal cooperation
891230773,20191206,201912,USA,THE US,USA,,,,,,,,CHN,CHINA,CHN,,,,,,,,1,030,030,03,1,4.0,10,1,10,0.0,1,Saudi Arabia,SA,SA,,25.0,45.0,SA,1,Saudi Arabia,SA,SA,,25.0,45.0,SA,1,Saudi Arabia,SA,SA,,25.0,45.0,SA,20191206094500,Express intent to cooperate,Verbal cooperation
891237025,20191206,201912,CHN,CHINA,CHN,,,,,,,,USA,THE US,USA,,,,,,,,1,110,110,11,3,-2.0,10,1,10,-1.71673819742489,4,"Shanghai, Shanghai, China",CH,CH23,13243,31.2222,121.458,-1924465,4,"Shanghai, Shanghai, China",CH,CH23,13243,31.2222,121.458,-1924465,4,"Shanghai, Shanghai, China",CH,CH23,13243,31.2222,121.458,-1924465,20191206103000,Disapprove,Verbal conflict
891237906,20191206,201912,USA,THE US,USA,,,,,,,,CHN,CHINA,CHN,,,,,,,,1,110,110,11,3,-2.0,10,1,10,-1.71673819742489,1,Singapore,SN,SN,,1.366667,103.8,SN,1,Singapore,SN,SN,,1.366667,103.8,SN,1,Singapore,SN,SN,,1.366667,103.8,SN,20191206103000,Disapprove,Verbal conflict
891240348,20191206,201912,CHN,CHINESE,CHN,,,,,,,,USA,WASHINGTON,USA,,,,,,,,1,020,020,02,1,3.0,10,1,10,-3.43642611683848,4,"Beijing, Beijing, China",CH,CH22,13001,39.9289,116.388,-1898541,4,"Beijing, Beijing, China",CH,CH22,13001,39.9289,116.388,-1898541,4,"Beijing, Beijing, China",CH,CH22,13001,39.9289,116.388,-1898541,20191206104500,Appeal,Verbal cooperation
891248192,20191206,201912,USA,PROVIDENCE,USA,,,,,,,,CHNBUS,CHINESE,CHN,,,,,BUS,,,1,071,071,07,2,7.4,6,1,6,1.79063360881543,1,China,CH,CH,,35.0,105.0,CH,1,China,CH,CH,,35.0,105.0,CH,1,China,CH,CH,,35.0,105.0,CH,20191206113000,Provide aid,Material cooperation
891271718,20181206,201812,USA,CHICAGO,USA,,,,,,,,CHN,CHINA,CHN,,,,,,,,1,051,051,05,1,3.4,8,1,8,-0.485436893203884,3,"Chicago, Illinois, United States",US,USIL,IL031,41.85,-87.6501,423587,1,China,CH,CH,,35.0,105.0,CH,1,China,CH,CH,,35.0,105.0,CH,20191206134500,Engage in diplomatic cooperation,Verbal cooperation
891272151,20191206,201912,CHN,BEIJING,CHN,,,,,,,,USA,MISSOURI,USA,,,,,,,,1,090,090,09,2,-2.0,9,1,9,-3.40909090909091,3,"Washington, District of Columbia, United States",US,USDC,DC001,38.8951,-77.0364,531871,3,"Washington, District of Columbia, United States",US,USDC,DC001,38.8951,-77.0364,531871,3,"Washington, District of Columbia, United States",US,USDC,DC001,38.8951,-77.0364,531871,20191206134500,Investigate,Material cooperation
891279104,20191206,201912,CHN,CHINA,CHN,,,,,,,,USA,THE US,USA,,,,,,,,1,061,061,06,2,6.4,10,1,10,-2.37226277372263,5,"Fujian, Fujian, China",CH,CH07,13011,26.545,117.843,-1905684,5,"Fujian, Fujian, China",CH,CH07,13011,26.545,117.843,-1905684,5,"Fujian, Fujian, China",CH,CH07,13011,26.545,117.843,-1905684,20191206141500,Engage in material cooperation,Material cooperation
891279107,20191206,201912,CHN,CHINA,CHN,,,,,,,,USAGOV,THE US,USA,,,,,GOV,,,1,010,010,01,1,0.0,7,1,7,-3.09734513274336,1,Portugal,PO,PO,,39.5,-8.0,PO,1,Portugal,PO,PO,,39.5,-8.0,PO,1,Portugal,PO,PO,,39.5,-8.0,PO,20191206141500,Make public statement,Verbal cooperation
891280185,20191206,201912,USA,THE US,USA,,,,,,,,CHN,CHINESE,CHN,,,,,,,,1,160,160,16,4,-4.0,7,1,7,-3.09734513274336,1,China,CH,CH,,35.0,105.0,CH,1,China,CH,CH,,35.0,105.0,CH,1,China,CH,CH,,35.0,105.0,CH,20191206141500,Reduce relations,Material conflict
891280430,20191129,201911,CHN,CHINA,CHN,,,,,,,,USALEG,WASHINGTON,USA,,,,,LEG,,,1,040,040,04,1,1.0,6,1,6,-3.04259634888438,1,China,CH,CH,,35.0,105.0,CH,3,"Washington, District of Columbia, United States",US,USDC,DC001,38.8951,-77.0364,531871,3,"Washington, District of Columbia, United States",US,USDC,DC001,38.8951,-77.0364,531871,20191206143000,Consult,Verbal cooperation
891280454,20191129,201911,USALEG,WASHINGTON,USA,,,,,LEG,,,CHN,CHINA,CHN,,,,,,,,1,040,040,04,1,1.0,6,1,6,-3.04259634888438,3,"Washington, District of Columbia, United States",US,USDC,DC001,38.8951,-77.0364,531871,1,China,CH,CH,,35.0,105.0,CH,3,"Washington, District of Columbia, United States",US,USDC,DC001,38.8951,-77.0364,531871,20191206143000,Consult,Verbal cooperation
891287255,20191206,201912,CHN,CHINA,CHN,,,,,,,,USA,UNITED STATES,USA,,,,,,,,1,043,043,04,1,2.8,6,1,6,-0.53191489361702,1,China,CH,CH,,35.0,105.0,CH,2,"New York, United States",US,USNY,,42.1497,-74.9384,NY,1,China,CH,CH,,35.0,105.0,CH,20191206150000,Consult,Verbal cooperation
891288698,20191206,201912,USA,UNITED STATES,USA,,,,,,,,CHN,CHINA,CHN,,,,,,,,1,042,042,04,1,1.9,6,1,6,-0.53191489361702,4,"Adelaide, South Australia, Australia",AS,AS05,5256,-34.9333,138.6,-1555188,4,"Adelaide, South Australia, Australia",AS,AS05,5256,-34.9333,138.6,-1555188,4,"Adelaide, South Australia, Australia",AS,AS05,5256,-34.9333,138.6,-1555188,20191206150000,Consult,Verbal cooperation
891291804,20191206,201912,CHN,CHINA,CHN,,,,,,,,USA,THE US,USA,,,,,,,,1,020,020,02,1,3.0,10,1,10,-2.21130221130221,1,China,CH,CH,,35.0,105.0,CH,1,China,CH,CH,,35.0,105.0,CH,1,China,CH,CH,,35.0,105.0,CH,20191206153000,Appeal,Verbal cooperation
891292971,20191206,201912,USA,THE US,USA,,,,,,,,CHN,CHINA,CHN,,,,,,,,1,030,030,03,1,4.0,10,1,10,-2.21130221130221,1,Australia,AS,AS,,-25.0,135.0,AS,1,Australia,AS,AS,,-25.0,135.0,AS,1,Australia,AS,AS,,-25.0,135.0,AS,20191206153000,Express intent to cooperate,Verbal cooperation
891294627,20191206,201912,CHNGOV,CHINESE,CHN,,,,,GOV,,,USAGOV,HILLARY CLINTON,USA,,,,,GOV,,,1,050,050,05,1,3.5,6,1,6,-2.64105642256903,1,China,CH,CH,,35.0,105.0,CH,1,China,CH,CH,,35.0,105.0,CH,1,China,CH,CH,,35.0,105.0,CH,20191206154500,Engage in diplomatic cooperation,Verbal cooperation
891295979,20191206,201912,USAGOV,HILLARY CLINTON,USA,,,,,GOV,,,CHNGOV,CHINESE,CHN,,,,,GOV,,,1,050,050,05,1,3.5,6,1,6,-2.64105642256903,1,China,CH,CH,,35.0,105.0,CH,1,China,CH,CH,,35.0,105.0,CH,1,China,CH,CH,,35.0,105.0,CH,20191206154500,Engage in diplomatic cooperation,Verbal cooperation
891297381,20191206,201912,CHN,CHINA,CHN,,,,,,,,USA,INDIANA,USA,,,,,,,,1,190,190,19,4,-10.0,8,2,8,-1.79527683955423,1,China,CH,CH,,35.0,105.0,CH,2,"Indiana, United States",US,USIN,,39.8647,-86.2604,IN,1,China,CH,CH,,35.0,105.0,CH,20191206160000,Fight,Material conflict
891298712,20191206,201912,USA,INDIANA,USA,,,,,,,,CHN,CHINA,CHN,,,,,,,,1,190,190,19,4,-10.0,8,2,8,-1.79527683955423,2,"Indiana, United States",US,USIN,,39.8647,-86.2604,IN,2,"Indiana, United States",US,USIN,,39.8647,-86.2604,IN,2,"Indiana, United States",US,USIN,,39.8647,-86.2604,IN,20191206160000,Fight,Material conflict
891302874,20191206,201912,USAMED,THE ASSOCIATED PRESS,USA,,,,,MED,,,CHN,BEIJING,CHN,,,,,,,,1,046,046,04,1,7.0,10,1,10,-1.43678160919541,1,Maldives,MV,MV,,3.2,73.0,MV,1,Maldives,MV,MV,,3.2,73.0,MV,1,Maldives,MV,MV,,3.2,73.0,MV,20191206161500,Consult,Verbal cooperation
891302875,20191206,201912,USAMED,THE ASSOCIATED PRESS,USA,,,,,MED,,,CHN,CHINA,CHN,,,,,,,,1,071,071,07,2,7.4,8,1,8,-1.43678160919541,4,"Beijing, Beijing, China",CH,CH22,13001,39.9289,116.388,-1898541,4,"Beijing, Beijing, China",CH,CH22,13001,39.9289,116.388,-1898541,4,"Beijing, Beijing, China",CH,CH22,13001,39.9289,116.388,-1898541,20191206161500,Provide aid,Material cooperation
891305394,20191206,201912,USA,WASHINGTON,USA,,,,,,,,CHN,CHINA,CHN,,,,,,,,1,010,010,01,1,0.0,8,1,8,4.04312668463612,3,"Washington, District of Columbia, United States",US,USDC,DC001,38.8951,-77.0364,531871,3,"Washington, District of Columbia, United States",US,USDC,DC001,38.8951,-77.0364,531871,3,"Washington, District of Columbia, United States",US,USDC,DC001,38.8951,-77.0364,531871,20191206163000,Make public statement,Verbal cooperation
891308560,20191206,201912,CHN,CHINA,CHN,,,,,,,,USA,WASHINGTON,USA,,,,,,,,1,036,036,03,1,4.0,10,1,10,-6.04838709677419,4,"Garuda, Jawa Barat, Indonesia",ID,ID30,18585,-7.0065,108.134,11263806,4,"Garuda, Jawa Barat, Indonesia",ID,ID30,18585,-7.0065,108.134,11263806,4,"Garuda, Jawa Barat, Indonesia",ID,ID30,18585,-7.0065,108.134,11263806,20191206170000,Express intent to cooperate,Verbal cooperation
891309777,20191206,201912,USA,UNITED STATES,USA,,,,,,,,CHN,CHINA,CHN,,,,,,,,1,061,061,06,2,6.4,8,1,8,-0.90497737556561,3,"White House, District of Columbia, United States",US,USDC,,38.8951,-77.0364,531871,4,"Beijing, Beijing, China",CH,CH22,13001,39.9289,116.388,-1898541,3,"White House, District of Columbia, United States",US,USDC,,38.8951,-77.0364,531871,20191206170000,Engage in material cooperation,Material cooperation
891317621,20191206,201912,CHN,CHINA,CHN,,,,,,,,USA,AMERICAN,USA,,,,,,,,1,043,043,04,1,2.8,6,1,6,0.90880601692259,4,"Beijing, Beijing, China",CH,CH22,13001,39.9289,116.388,-1898541,2,"New York, United States",US,USNY,,42.1497,-74.9384,NY,2,"New York, United States",US,USNY,,42.1497,-74.9384,NY,20191206174500,Consult,Verbal cooperation
891318829,20191206,201912,USA,AMERICAN,USA,,,,,,,,CHN,CHINA,CHN,,,,,,,,1,042,042,04,1,1.9,8,1,8,0.90880601692259,2,"New York, United States",US,USNY,,42.1497,-74.9384,NY,2,"New York, United States",US,USNY,,42.1497,-74.9384,NY,2,"New York, United States",US,USNY,,42.1497,-74.9384,NY,20191206174500,Consult,Verbal cooperation
891322230,20191206,201912,CHN,CHINA,CHN,,,,,,,,USA,UNITED STATES,USA,,,,,,,,1,020,020,02,1,3.0,6,1,6,-4.8780487804878,3,"White House, District of Columbia, United States",US,USDC,,38.8951,-77.0364,531871,3,"White House, District of Columbia, United States",US,USDC,,38.8951,-77.0364,531871,3,"White House, District of Columbia, United States",US,USDC,,38.8951,-77.0364,531871,20191206181500,Appeal,Verbal cooperation
891324708,20191206,201912,CHNMIL,CHINESE,CHN,,,,,MIL,,,USA,UNITED STATES,USA,,,,,,,,1,051,051,05,1,3.4,6,1,6,-1.56657963446475,4,"Shanxi, Fujian, China",CH,CH07,13167,26.9512,116.692,10771269,1,United States,US,US,,39.828175,-98.5795,US,4,"Shanxi, Fujian, China",CH,CH07,13167,26.9512,116.692,10771269,20191206183000,Engage in diplomatic cooperation,Verbal cooperation
891325805,20191206,201912,USA,UNITED STATES,USA,,,,,,,,CHN,CHINA,CHN,,,,,,,,1,012,012,01,1,-0.4,10,1,10,-1.00755667506298,1,China,CH,CH,,35.0,105.0,CH,1,China,CH,CH,,35.0,105.0,CH,1,China,CH,CH,,35.0,105.0,CH,20191206183000,Make public statement,Verbal cooperation
891344660,20191206,201912,CHN,CHINA,CHN,,,,,,,,USA,THE US,USA,,,,,,,,1,057,057,05,1,8.0,10,1,10,-4.59183673469388,4,"Beijing, Beijing, China",CH,CH22,13001,39.9289,116.388,-1898541,4,"Beijing, Beijing, China",CH,CH22,13001,39.9289,116.388,-1898541,4,"Beijing, Beijing, China",CH,CH22,13001,39.9289,116.388,-1898541,20191206203000,Engage in diplomatic cooperation,Verbal cooperation
891345756,20191206,201912,USA,THE US,USA,,,,,,,,CHN,CHINA,CHN,,,,,,,,1,057,057,05,1,8.0,10,1,10,-4.59183673469388,4,"Beijing, Beijing, China",CH,CH22,13001,39.9289,116.388,-1898541,4,"Beijing, Beijing, China",CH,CH22,13001,39.9289,116.388,-1898541,4,"Beijing, Beijing, China",CH,CH22,13001,39.9289,116.388,-1898541,20191206203000,Engage in diplomatic cooperation,Verbal cooperation
891348167,20191206,201912,USA,UNITED STATES,USA,,,,,,,,CHNGOV,CHINESE,CHN,,,,,GOV,,,1,112,112,11,3,-2.0,8,1,8,-2.5,1,United States,US,US,,39.828175,-98.5795,US,1,China,CH,CH,,35.0,105.0,CH,1,United States,US,US,,39.828175,-98.5795,US,20191206204500,Disapprove,Verbal conflict
891351845,20191206,201912,CHN,CANTON,CHN,,,,,,,,USAEDU,LAWRENCE,USA,,,,,EDU,,,1,051,051,05,1,3.4,10,1,10,9.66183574879229,1,China,CH,CH,,35.0,105.0,CH,1,China,CH,CH,,35.0,105.0,CH,1,China,CH,CH,,35.0,105.0,CH,20191206211500,Engage in diplomatic cooperation,Verbal cooperation
891358057,20191206,201912,CHN,CHINA,CHN,,,,,,,,USAGOV,THE US,USA,,,,,GOV,,,1,010,010,01,1,0.0,8,1,8,-1.19617224880382,1,Hong Kong,HK,HK,,22.25,114.166667,HK,1,Hong Kong,HK,HK,,22.25,114.166667,HK,1,Hong Kong,HK,HK,,22.25,114.166667,HK,20191206220000,Make public statement,Verbal cooperation
891361297,20181206,201812,CHN,SIAN,CHN,,,,,,,,MNCUSA,DISNEY,USA,,,,,MNC,,,1,023,023,02,1,3.4,10,1,10,3.35570469798657,0,,,,,,,,0,,,,,,,,0,,,,,,,,20191206223000,Appeal,Verbal cooperation
891366060,20191206,201912,CHN,CHINA,CHN,,,,,,,,USA,UNITED STATES,USA,,,,,,,,1,071,071,07,2,7.4,10,1,10,0.17985611510791,1,China,CH,CH,,35.0,105.0,CH,2,"Virginia, United States",US,USVA,,37.768,-78.2057,VA,1,China,CH,CH,,35.0,105.0,CH,20191206230000,Provide aid,Material cooperation
891368045,20191206,201912,CHN,CHINA,CHN,,,,,,,,USAGOV,THE WHITE HOUSE,USA,,,,,GOV,,,1,1712,171,17,4,-9.2,6,1,6,-3.0,1,Hong Kong,HK,HK,,22.25,114.166667,HK,1,Hong Kong,HK,HK,,22.25,114.166667,HK,1,Hong Kong,HK,HK,,22.25,114.166667,HK,20191206231500,Coerce,Material conflict
891376966,20191207,201912,USAMED,THE ASSOCIATED PRESS,USA,,,,,MED,,,CHN,BEIJING,CHN,,,,,,,,1,046,046,04,1,7.0,10,1,10,-1.08108108108108,4,"Beijing, Beijing, China",CH,CH22,13001,39.9289,116.388,-1898541,4,"Beijing, Beijing, China",CH,CH22,13001,39.9289,116.388,-1898541,4,"Beijing, Beijing, China",CH,CH22,13001,39.9289,116.388,-1898541,20191207000000,Consult,Verbal cooperation
891376967,20191207,201912,USAMED,THE ASSOCIATED PRESS,USA,,,,,MED,,,CHN,CHINA,CHN,,,,,,,,1,071,071,07,2,7.4,8,1,8,-1.08108108108108,4,"Beijing, Beijing, China",CH,CH22,13001,39.9289,116.388,-1898541,4,"Beijing, Beijing, China",CH,CH22,13001,39.9289,116.388,-1898541,4,"Beijing, Beijing, China",CH,CH22,13001,39.9289,116.388,-1898541,20191207000000,Provide aid,Material cooperation
891392215,20191207,201912,USA,WASHINGTON,USA,,,,,,,,CHN,CHINA,CHN,,,,,,,,1,052,052,05,1,3.5,10,1,10,-3.14861460957179,4,"Beijing, Beijing, China",CH,CH22,13001,39.9289,116.388,-1898541,4,"Beijing, Beijing, China",CH,CH22,13001,39.9289,116.388,-1898541,4,"Beijing, Beijing, China",CH,CH22,13001,39.9289,116.388,-1898541,20191207011500,Engage in diplomatic cooperation,Verbal cooperation
891397063,20191207,201912,USA,UNITED STATES,USA,,,,,,,,CHN,CHINA,CHN,,,,,,,,1,010,010,01,1,0.0,20,3,20,0.507789548651298,3,"World Bank, District of Columbia, United States",US,USDC,DC001,38.899,-77.0422,2002658,4,"Beijing, Beijing, China",CH,CH22,13001,39.9289,116.388,-1898541,4,"Beijing, Beijing, China",CH,CH22,13001,39.9289,116.388,-1898541,20191207014500,Make public statement,Verbal cooperation
891397064,20191207,201912,USA,UNITED STATES,USA,,,,,,,,CHN,CHINA,CHN,,,,,,,,1,020,020,02,1,3.0,20,3,20,0.507789548651298,3,"World Bank, District of Columbia, United States",US,USDC,DC001,38.899,-77.0422,2002658,4,"Beijing, Beijing, China",CH,CH22,13001,39.9289,116.388,-1898541,3,"World Bank, District of Columbia, United States",US,USDC,,38.899,-77.0422,2002658,20191207014500,Appeal,Verbal cooperation
891397341,20181207,201812,USA,OREGON,USA,,,,,,,,CHN,CHINA,CHN,,,,,,,,1,061,061,06,2,6.4,7,1,7,1.41843971631206,2,"Oregon, United States",US,USOR,,44.5672,-122.127,OR,4,"Beijing, Beijing, China",CH,CH22,13001,39.9289,116.388,-1898541,2,"Oregon, United States",US,USOR,,44.5672,-122.127,OR,20191207020000,Engage in material cooperation,Material cooperation
891406096,20191207,201912,CHN,CHINA,CHN,,,,,,,,USA,THE US,USA,,,,,,,,1,046,046,04,1,7.0,8,1,8,-2.27272727272727,4,"Beijing, Beijing, China",CH,CH22,13001,39.9289,116.388,-1898541,4,"Beijing, Beijing, China",CH,CH22,13001,39.9289,116.388,-1898541,4,"Beijing, Beijing, China",CH,CH22,13001,39.9289,116.388,-1898541,20191207030000,Consult,Verbal cooperation
891406890,20191207,201912,USA,THE US,USA,,,,,,,,CHN,CHINA,CHN,,,,,,,,1,046,046,04,1,7.0,8,1,8,-2.27272727272727,4,"Beijing, Beijing, China",CH,CH22,13001,39.9289,116.388,-1898541,4,"Beijing, Beijing, China",CH,CH22,13001,39.9289,116.388,-1898541,4,"Beijing, Beijing, China",CH,CH22,13001,39.9289,116.388,-1898541,20191207030000,Consult,Verbal cooperation
891409942,20191207,201912,USA,SAN FRANCISCO,USA,,,,,,,,CHNBUS,CHINA,CHN,,,,,BUS,,,1,112,112,11,3,-2.0,10,1,10,-2.26700251889169,1,China,CH,CH,,35.0,105.0,CH,1,China,CH,CH,,35.0,105.0,CH,1,China,CH,CH,,35.0,105.0,CH,20191207033000,Disapprove,Verbal conflict
891411239,20191207,201912,CHN,GRAND CANAL,CHN,,,,,,,,USA,UNITED STATES,USA,,,,,,,,1,043,043,04,1,2.8,8,1,8,-3.24675324675325,3,"Stockton, California, United States",US,USCA,CA077,37.9577,-121.291,1659872,3,"Stockton, California, United States",US,USCA,CA077,37.9577,-121.291,1659872,3,"Stockton, California, United States",US,USCA,CA077,37.9577,-121.291,1659872,20191207034500,Consult,Verbal cooperation
891412022,20191207,201912,USA,UNITED STATES,USA,,,,,,,,CHN,GRAND CANAL,CHN,,,,,,,,1,042,042,04,1,1.9,8,1,8,-3.24675324675325,3,"Stockton, California, United States",US,USCA,CA077,37.9577,-121.291,1659872,3,"Stockton, California, United States",US,USCA,CA077,37.9577,-121.291,1659872,3,"Stockton, California, United States",US,USCA,CA077,37.9577,-121.291,1659872,20191207034500,Consult,Verbal cooperation
891413727,20191207,201912,USA,THE US,USA,,,,,,,,CHN,CHINA,CHN,,,,,,,,1,110,110,11,3,-2.0,10,1,10,1.16822429906542,5,"Himachal Pradesh, Himachal Pradesh, India",IN,IN11,17673,31.9167,77.25,-2097441,5,"Himachal Pradesh, Himachal Pradesh, India",IN,IN11,17673,31.9167,77.25,-2097441,5,"Himachal Pradesh, Himachal Pradesh, India",IN,IN11,17673,31.9167,77.25,-2097441,20191207040000,Disapprove,Verbal conflict
891414452,20191207,201912,CHN,CHINA,CHN,,,,,,,,USA,UNITED STATES,USA,,,,,,,,1,100,100,10,3,-5.0,12,3,12,-0.969514072582147,3,"Washington, District of Columbia, United States",US,USDC,DC001,38.8951,-77.0364,531871,3,"Washington, District of Columbia, United States",US,USDC,DC001,38.8951,-77.0364,531871,3,"Washington, District of Columbia, United States",US,USDC,DC001,38.8951,-77.0364,531871,20191207041500,Demand,Verbal conflict
891415118,20191207,201912,USA,UNITED STATES,USA,,,,,,,,CHN,CHINA,CHN,,,,,,,,1,111,111,11,3,-2.0,6,2,6,-0.943828652387697,3,"Washington, District of Columbia, United States",US,USDC,DC001,38.8951,-77.0364,531871,4,"Beijing, Beijing, China",CH,CH22,13001,39.9289,116.388,-1898541,3,"World Bank, District of Columbia, United States",US,USDC,,38.899,-77.0422,2002658,20191207041500,Disapprove,Verbal conflict
891415120,20191207,201912,USA,WASHINGTON,USA,,,,,,,,CHN,CHINA,CHN,,,,,,,,1,112,112,11,3,-2.0,14,2,14,-0.959901420356456,3,"Washington, District of Columbia, United States",US,USDC,DC001,38.8951,-77.0364,531871,4,"Beijing, Beijing, China",CH,CH22,13001,39.9289,116.388,-1898541,3,"World Bank, District of Columbia, United States",US,USDC,,38.899,-77.0422,2002658,20191207041500,Disapprove,Verbal conflict
891415790,20191207,201912,CHN,CHINA,CHN,,,,,,,,USA,THE US,USA,,,,,,,,1,100,100,10,3,-5.0,8,1,8,0.81967213114754,4,"Beijing, Beijing, China",CH,CH22,13001,39.9289,116.388,-1898541,4,"Beijing, Beijing, China",CH,CH22,13001,39.9289,116.388,-1898541,4,"Beijing, Beijing, China",CH,CH22,13001,39.9289,116.388,-1898541,20191207043000,Demand,Verbal conflict
891420044,20191207,201912,CHN,CHINA,CHN,,,,,,,,USA,UNITED STATES,USA,,,,,,,,1,190,190,19,4,-10.0,8,1,8,-4.1522491349481,4,"Beijing, Beijing, China",CH,CH22,13001,39.9289,116.388,-1898541,1,United States,US,US,,39.828175,-98.5795,US,1,United States,US,US,,39.828175,-98.5795,US,20191207053000,Fight,Material conflict
891420749,20191207,201912,USA,UNITED STATES,USA,,,,,,,,CHN,CHINA,CHN,,,,,,,,1,190,190,19,4,-10.0,8,1,8,-4.1522491349481,1,United States,US,US,,39.828175,-98.5795,US,4,"Beijing, Beijing, China",CH,CH22,13001,39.9289,116.388,-1898541,1,United States,US,US,,39.828175,-98.5795,US,20191207053000,Fight,Material conflict
891429610,20191207,201912,USA,THE US,USA,,,,,,,,CHN,CHINA,CHN,,,,,,,,1,030,030,03,1,4.0,10,1,10,3.03030303030303,1,China,CH,CH,,35.0,105.0,CH,1,China,CH,CH,,35.0,105.0,CH,1,China,CH,CH,,35.0,105.0,CH,20191207070000,Express intent to cooperate,Verbal cooperation
891432989,20191207,201912,USA,UNITED STATES,USA,,,,,,,,CHN,CHINA,CHN,,,,,,,,1,084,084,08,2,7.0,6,2,6,1.11112635289922,3,"Hollywood, California, United States",US,USCA,CA037,34.0983,-118.327,1660757,4,"Shanghai, Shanghai, China",CH,CH23,13243,31.2222,121.458,-1924465,4,"Shanghai, Shanghai, China",CH,CH23,13243,31.2222,121.458,-1924465,20191207073000,Yield,Material cooperation
891432990,20191207,201912,USA,UNITED STATES,USA,,,,,,,,CHN,CHINA,CHN,,,,,,,,1,084,084,08,2,7.0,6,2,6,1.11112635289922,3,"Hollywood, California, United States",US,USCA,CA037,34.0983,-118.327,1660757,3,"Hollywood, California, United States",US,USCA,CA037,34.0983,-118.327,1660757,4,"Shanghai, Shanghai, China",CH,CH23,13243,31.2222,121.458,-1924465,20191207073000,Yield,Material cooperation
891454311,20191207,201912,CHN,CHINA,CHN,,,,,,,,USA,UNITED STATES,USA,,,,,,,,1,051,051,05,1,3.4,10,1,10,4.29799426934097,1,China,CH,CH,,35.0,105.0,CH,1,United States,US,US,,39.828175,-98.5795,US,1,China,CH,CH,,35.0,105.0,CH,20191207111500,Engage in diplomatic cooperation,Verbal cooperation
891455700,20191207,201912,CHN,BEIJING,CHN,,,,,,,,USA,UNITED STATES,USA,,,,,,,,1,100,100,10,3,-5.0,10,1,10,-3.50877192982456,4,"Beijing, Beijing, China",CH,CH22,13001,39.9289,116.388,-1898541,3,"Washington, District of Columbia, United States",US,USDC,DC001,38.8951,-77.0364,531871,3,"Washington, District of Columbia, United States",US,USDC,DC001,38.8951,-77.0364,531871,20191207113000,Demand,Verbal conflict
891462658,20191207,201912,CHN,CHINESE,CHN,,,,,,,,USA,UNITED STATES,USA,,,,,,,,1,042,042,04,1,1.9,6,1,6,-3.80549682875264,1,China,CH,CH,,35.0,105.0,CH,3,"White House, District of Columbia, United States",US,USDC,,38.8951,-77.0364,531871,3,"White House, District of Columbia, United States",US,USDC,,38.8951,-77.0364,531871,20191207123000,Consult,Verbal cooperation
891463391,20191207,201912,USA,UNITED STATES,USA,,,,,,,,CHN,CHINESE,CHN,,,,,,,,1,043,043,04,1,2.8,6,1,6,-3.80549682875264,3,"White House, District of Columbia, United States",US,USDC,,38.8951,-77.0364,531871,1,China,CH,CH,,35.0,105.0,CH,3,"White House, District of Columbia, United States",US,USDC,,38.8951,-77.0364,531871,20191207123000,Consult,Verbal cooperation
891466490,20191207,201912,CHN,CHINESE,CHN,,,,,,,,USA,UNITED STATES,USA,,,,,,,,1,042,042,04,1,1.9,8,1,8,-3.26460481099656,1,China,CH,CH,,35.0,105.0,CH,3,"Princeton University, New Jersey, United States",US,USNJ,,40.3428,-74.6568,879497,3,"Princeton University, New Jersey, United States",US,USNJ,,40.3428,-74.6568,879497,20191207130000,Consult,Verbal cooperation
891467194,20191207,201912,USA,UNITED STATES,USA,,,,,,,,CHN,CHINESE,CHN,,,,,,,,1,043,043,04,1,2.8,8,1,8,-3.26460481099656,3,"Princeton University, New Jersey, United States",US,USNJ,NJ021,40.3428,-74.6568,879497,1,China,CH,CH,,35.0,105.0,CH,3,"Princeton University, New Jersey, United States",US,USNJ,,40.3428,-74.6568,879497,20191207130000,Consult,Verbal cooperation
891468976,20191207,201912,CHN,CHINESE,CHN,,,,,,,,USA,UNITED STATES,USA,,,,,,,,1,042,042,04,1,1.9,10,1,10,-3.83141762452107,4,"Tehran, Tehran, Iran",IR,IR26,41130,35.75,51.5148,10074674,4,"Tehran, Tehran, Iran",IR,IR26,41130,35.75,51.5148,10074674,4,"Tehran, Tehran, Iran",IR,IR26,41130,35.75,51.5148,10074674,20191207131500,Consult,Verbal cooperation
891471773,20191207,201912,CHN,CHINESE,CHN,,,,,,,,USA,WASHINGTON,USA,,,,,,,,1,020,020,02,1,3.0,10,1,10,-3.44827586206896,4,"Beijing, Beijing, China",CH,CH22,13001,39.9289,116.388,-1898541,4,"Beijing, Beijing, China",CH,CH22,13001,39.9289,116.388,-1898541,4,"Beijing, Beijing, China",CH,CH22,13001,39.9289,116.388,-1898541,20191207134500,Appeal,Verbal cooperation
891471777,20191207,201912,CHN,CHINESE,CHN,,,,,,,,USA,UNITED STATES,USA,,,,,,,,1,042,042,04,1,1.9,6,1,6,-2.7190332326284,1,China,CH,CH,,35.0,105.0,CH,2,"New Jersey, United States",US,USNJ,,40.314,-74.5089,NJ,2,"New Jersey, United States",US,USNJ,,40.314,-74.5089,NJ,20191207134500,Consult,Verbal cooperation
891472461,20191207,201912,USA,UNITED STATES,USA,,,,,,,,CHN,CHINESE,CHN,,,,,,,,1,043,043,04,1,2.8,6,1,6,-2.7190332326284,2,"New Jersey, United States",US,USNJ,,40.314,-74.5089,NJ,1,China,CH,CH,,35.0,105.0,CH,2,"New Jersey, United States",US,USNJ,,40.314,-74.5089,NJ,20191207134500,Consult,Verbal cooperation
891472531,20191207,201912,USALEG,THE US,USA,,,,,LEG,,,CHN,BEIJING,CHN,,,,,,,,1,020,020,02,1,3.0,10,1,10,-6.96864111498258,4,"Beijing, Beijing, China",CH,CH22,13001,39.9289,116.388,-1898541,4,"Beijing, Beijing, China",CH,CH22,13001,39.9289,116.388,-1898541,4,"Beijing, Beijing, China",CH,CH22,13001,39.9289,116.388,-1898541,20191207134500,Appeal,Verbal cooperation
891473340,20191207,201912,CHN,CHINESE,CHN,,,,,,,,USAMED,REUTERS,USA,,,,,MED,,,1,036,036,03,1,4.0,7,1,7,-5.82822085889571,4,"Beijing, Beijing, China",CH,CH22,13001,39.9289,116.388,-1898541,4,"Beijing, Beijing, China",CH,CH22,13001,39.9289,116.388,-1898541,4,"Beijing, Beijing, China",CH,CH22,13001,39.9289,116.388,-1898541,20191207140000,Express intent to cooperate,Verbal cooperation
891477829,20191207,201912,CHNGOVBUS,CHINA,CHN,,,,,GOV,BUS,,USAMED,REUTERS,USA,,,,,MED,,,1,020,020,02,1,3.0,7,1,7,4.13533834586466,4,"Shanghai, Shanghai, China",CH,CH23,13243,31.2222,121.458,-1924465,4,"Shanghai, Shanghai, China",CH,CH23,13243,31.2222,121.458,-1924465,4,"Shanghai, Shanghai, China",CH,CH23,13243,31.2222,121.458,-1924465,20191207144500,Appeal,Verbal cooperation
891483217,20191207,201912,CHN,CHINA,CHN,,,,,,,,USA,UNITED STATES,USA,,,,,,,,1,020,020,02,1,3.0,8,1,8,-6.12244897959184,1,China,CH,CH,,35.0,105.0,CH,1,United States,US,US,,39.828175,-98.5795,US,1,United States,US,US,,39.828175,-98.5795,US,20191207153000,Appeal,Verbal cooperation
891484850,20191207,201912,CHN,CHINA,CHN,,,,,,,,USA,UNITED STATES,USA,,,,,,,,1,010,010,01,1,0.0,8,1,8,-4.1958041958042,4,"Beijing, Beijing, China",CH,CH22,13001,39.9289,116.388,-1898541,4,"Beijing, Beijing, China",CH,CH22,13001,39.9289,116.388,-1898541,4,"Beijing, Beijing, China",CH,CH22,13001,39.9289,116.388,-1898541,20191207154500,Make public statement,Verbal cooperation
891484857,20191207,201912,CHNGOV,YANG JIECHI,CHN,,,,,GOV,,,USAGOV,THE US,USA,,,,,GOV,,,1,010,010,01,1,0.0,6,1,6,-4.1958041958042,4,"Beijing, Beijing, China",CH,CH22,13001,39.9289,116.388,-1898541,4,"Beijing, Beijing, China",CH,CH22,13001,39.9289,116.388,-1898541,4,"Beijing, Beijing, China",CH,CH22,13001,39.9289,116.388,-1898541,20191207154500,Make public statement,Verbal cooperation
891495498,20191207,201912,CHN,CHINA,CHN,,,,,,,,USA,UNITED STATES,USA,,,,,,,,1,100,100,10,3,-5.0,10,1,10,-5.20833333333333,1,China,CH,CH,,35.0,105.0,CH,3,"Washington, District of Columbia, United States",US,USDC,DC001,38.8951,-77.0364,531871,3,"Washington, District of Columbia, United States",US,USDC,DC001,38.8951,-77.0364,531871,20191207173000,Demand,Verbal conflict
891521077,20191207,201912,CHN,CHINA,CHN,,,,,,,,USA,BUFFALO,USA,,,,,,,,1,061,061,06,2,6.4,8,1,8,-5.74162679425838,4,"Beijing, Beijing, China",CH,CH22,13001,39.9289,116.388,-1898541,4,"Beijing, Beijing, China",CH,CH22,13001,39.9289,116.388,-1898541,1,India,IN,IN,,20.0,77.0,IN,20191207220000,Engage in material cooperation,Material cooperation
891521563,20191207,201912,USA,BUFFALO,USA,,,,,,,,CHN,CHINA,CHN,,,,,,,,1,061,061,06,2,6.4,8,1,8,-5.74162679425838,4,"Beijing, Beijing, China",CH,CH22,13001,39.9289,116.388,-1898541,4,"Beijing, Beijing, China",CH,CH22,13001,39.9289,116.388,-1898541,1,India,IN,IN,,20.0,77.0,IN,20191207220000,Engage in material cooperation,Material cooperation
891535697,20191208,201912,CHN,CHINESE,CHN,,,,,,,,USABUS,AMERICAN,USA,,,,,BUS,,,1,160,160,16,4,-4.0,8,1,8,-5.96026490066225,1,United Kingdom,UK,UK,,54.0,-4.0,UK,1,United States,US,US,,39.828175,-98.5795,US,1,United Kingdom,UK,UK,,54.0,-4.0,UK,20191208003000,Reduce relations,Material conflict
891537178,20191208,201912,USA,THE US,USA,,,,,,,,CHN,CHINA,CHN,,,,,,,,1,010,010,01,1,0.0,10,1,10,-5.10204081632653,4,"Xinjiang, Jiangxi, China",CH,CH03,13167,27.7481,116.274,11065838,4,"Xinjiang, Jiangxi, China",CH,CH03,13167,27.7481,116.274,11065838,4,"Xinjiang, Jiangxi, China",CH,CH03,13167,27.7481,116.274,11065838,20191208003000,Make public statement,Verbal cooperation
891542349,20191208,201912,USAMED,REUTERS,USA,,,,,MED,,,CHN,BEIJING,CHN,,,,,,,,1,044,044,04,1,2.5,6,1,6,-4.08602150537635,4,"Beijing, Beijing, China",CH,CH22,13001,39.9289,116.388,-1898541,4,"Beijing, Beijing, China",CH,CH22,13001,39.9289,116.388,-1898541,4,"Beijing, Beijing, China",CH,CH22,13001,39.9289,116.388,-1898541,20191208011500,Consult,Verbal cooperation
891546649,20191208,201912,USA,UNITED STATES,USA,,,,,,,,CHN,CHINA,CHN,,,,,,,,1,061,061,06,2,6.4,8,1,8,-0.98522167487685,3,"White House, District of Columbia, United States",US,USDC,,38.8951,-77.0364,531871,4,"Beijing, Beijing, China",CH,CH22,13001,39.9289,116.388,-1898541,3,"White House, District of Columbia, United States",US,USDC,,38.8951,-77.0364,531871,20191208020000,Engage in material cooperation,Material cooperation
891548986,20191208,201912,USA,WASHINGTON,USA,,,,,,,,CHN,CHINA,CHN,,,,,,,,1,112,112,11,3,-2.0,8,1,8,-0.45766590389016,3,"Washington, District of Columbia, United States",US,USDC,DC001,38.8951,-77.0364,531871,4,"Beijing, Beijing, China",CH,CH22,13001,39.9289,116.388,-1898541,3,"World Bank, District of Columbia, United States",US,USDC,,38.899,-77.0422,2002658,20191208021500,Disapprove,Verbal conflict
891552406,20191208,201912,CHN,BEIJING,CHN,,,,,,,,USA,UNITED STATES,USA,,,,,,,,1,100,100,10,3,-5.0,6,1,6,-6.9204152249135,4,"Beijing, Beijing, China",CH,CH22,13001,39.9289,116.388,-1898541,3,"Washington, District of Columbia, United States",US,USDC,DC001,38.8951,-77.0364,531871,3,"Washington, District of Columbia, United States",US,USDC,DC001,38.8951,-77.0364,531871,20191208030000,Demand,Verbal conflict
891553584,20191208,201912,CHN,CHINESE,CHN,,,,,,,,USABUS,AMERICAN,USA,,,,,BUS,,,1,160,160,16,4,-4.0,8,1,8,-7.69230769230769,1,United Kingdom,UK,UK,,54.0,-4.0,UK,4,"Beijing, Beijing, China",CH,CH22,13001,39.9289,116.388,-1898541,1,United Kingdom,UK,UK,,54.0,-4.0,UK,20191208031500,Reduce relations,Material conflict
891553585,20191208,201912,CHN,BEIJING,CHN,,,,,,,,USAMED,REUTERS,USA,,,,,MED,,,1,042,042,04,1,1.9,8,1,8,-3.82022471910113,4,"Beijing, Beijing, China",CH,CH22,13001,39.9289,116.388,-1898541,4,"Beijing, Beijing, China",CH,CH22,13001,39.9289,116.388,-1898541,4,"Beijing, Beijing, China",CH,CH22,13001,39.9289,116.388,-1898541,20191208031500,Consult,Verbal cooperation
891554512,20191208,201912,USAMED,REUTERS,USA,,,,,MED,,,CHN,BEIJING,CHN,,,,,,,,1,043,043,04,1,2.8,8,1,8,-3.82022471910113,4,"Beijing, Beijing, China",CH,CH22,13001,39.9289,116.388,-1898541,4,"Beijing, Beijing, China",CH,CH22,13001,39.9289,116.388,-1898541,4,"Beijing, Beijing, China",CH,CH22,13001,39.9289,116.388,-1898541,20191208031500,Consult,Verbal cooperation
891555593,20191208,201912,USA,SAN FRANCISCO,USA,,,,,,,,CHNBUS,CHINA,CHN,,,,,BUS,,,1,112,112,11,3,-2.0,10,1,10,-2.26700251889169,1,China,CH,CH,,35.0,105.0,CH,1,China,CH,CH,,35.0,105.0,CH,1,China,CH,CH,,35.0,105.0,CH,20191208033000,Disapprove,Verbal conflict
891558757,20191208,201912,USALEG,THE US,USA,,,,,LEG,,,CHN,BEIJING,CHN,,,,,,,,1,020,020,02,1,3.0,10,1,10,-7.01754385964912,4,"Beijing, Beijing, China",CH,CH22,13001,39.9289,116.388,-1898541,4,"Beijing, Beijing, China",CH,CH22,13001,39.9289,116.388,-1898541,4,"Beijing, Beijing, China",CH,CH22,13001,39.9289,116.388,-1898541,20191208041500,Appeal,Verbal cooperation
891560661,20191208,201912,CHN,SHANGHAI,CHN,,,,,,,,MNCUSA,DISNEY,USA,,,,,MNC,,,1,010,010,01,1,0.0,10,1,10,2.79329608938547,4,"Shanghai, Shanghai, China",CH,CH23,13243,31.2222,121.458,-1924465,4,"Shanghai, Shanghai, China",CH,CH23,13243,31.2222,121.458,-1924465,4,"Shanghai, Shanghai, China",CH,CH23,13243,31.2222,121.458,-1924465,20191208044500,Make public statement,Verbal cooperation
891563000,20191208,201912,USA,LAWRENCE,USA,,,,,,,,CHN,CANTON,CHN,,,,,,,,1,173,173,17,4,-5.0,6,1,6,-10.6122448979592,2,"Ohio, United States",US,USOH,,40.3736,-82.7755,OH,2,"Ohio, United States",US,USOH,,40.3736,-82.7755,OH,2,"Ohio, United States",US,USOH,,40.3736,-82.7755,OH,20191208051500,Coerce,Material conflict
891586974,20191208,201912,CHN,CHINA,CHN,,,,,,,,USA,BUFFALO,USA,,,,,,,,1,061,061,06,2,6.4,8,1,8,-5.39906103286385,4,"Beijing, Beijing, China",CH,CH22,13001,39.9289,116.388,-1898541,4,"Beijing, Beijing, China",CH,CH22,13001,39.9289,116.388,-1898541,1,India,IN,IN,,20.0,77.0,IN,20191208100000,Engage in material cooperation,Material cooperation
891587489,20191208,201912,USA,BUFFALO,USA,,,,,,,,CHN,CHINA,CHN,,,,,,,,1,061,061,06,2,6.4,8,1,8,-5.39906103286385,4,"Beijing, Beijing, China",CH,CH22,13001,39.9289,116.388,-1898541,4,"Beijing, Beijing, China",CH,CH22,13001,39.9289,116.388,-1898541,1,India,IN,IN,,20.0,77.0,IN,20191208100000,Engage in material cooperation,Material cooperation
891593054,20191208,201912,CHN,CHINA,CHN,,,,,,,,USA,THE US,USA,,,,,,,,1,046,046,04,1,7.0,10,1,10,0.0,1,China,CH,CH,,35.0,105.0,CH,1,China,CH,CH,,35.0,105.0,CH,1,China,CH,CH,,35.0,105.0,CH,20191208111500,Consult,Verbal cooperation
891593649,20191208,201912,USA,THE US,USA,,,,,,,,CHN,CHINA,CHN,,,,,,,,1,046,046,04,1,7.0,6,1,6,0.0,1,India,IN,IN,,20.0,77.0,IN,1,India,IN,IN,,20.0,77.0,IN,1,India,IN,IN,,20.0,77.0,IN,20191208111500,Consult,Verbal cooperation
891598437,20191208,201912,USAMED,REUTERS,USA,,,,,MED,,,MNCCHN,BANK OF CHINA,CHN,,,,,MNC,,,1,040,040,04,1,1.0,10,1,10,3.33333333333333,1,China,CH,CH,,35.0,105.0,CH,1,China,CH,CH,,35.0,105.0,CH,1,China,CH,CH,,35.0,105.0,CH,20191208120000,Consult,Verbal cooperation
891633515,20191208,201912,CHN,CHINESE,CHN,,,,,,,,USA,WASHINGTON,USA,,,,,,,,1,010,010,01,1,0.0,6,1,6,-1.03092783505154,1,China,CH,CH,,35.0,105.0,CH,3,"Washington, District of Columbia, United States",US,USDC,DC001,38.8951,-77.0364,531871,1,China,CH,CH,,35.0,105.0,CH,20191208174500,Make public statement,Verbal cooperation
891637829,20191208,201912,CHN,CHINA,CHN,,,,,,,,USA,UNITED STATES,USA,,,,,,,,1,051,051,05,1,3.4,6,2,6,1.31628051624942,1,China,CH,CH,,35.0,105.0,CH,1,China,CH,CH,,35.0,105.0,CH,1,China,CH,CH,,35.0,105.0,CH,20191208183000,Engage in diplomatic cooperation,Verbal cooperation
891647887,20191208,201912,CHN,CHINA,CHN,,,,,,,,USAMIL,AMERICAN,USA,,,,,MIL,,,1,043,043,04,1,2.8,6,1,6,-3.49344978165939,4,"Shanghai, Shanghai, China",CH,CH23,13243,31.2222,121.458,-1924465,3,"Washington, District of Columbia, United States",US,USDC,DC001,38.8951,-77.0364,531871,4,"Shanghai, Shanghai, China",CH,CH23,13243,31.2222,121.458,-1924465,20191208201500,Consult,Verbal cooperation
891647888,20191208,201912,CHN,CHINA,CHN,,,,,,,,USAMIL,AMERICAN,USA,,,,,MIL,,,1,125,125,12,3,-5.0,6,1,6,-3.49344978165939,4,"Shanghai, Shanghai, China",CH,CH23,13243,31.2222,121.458,-1924465,3,"Washington, District of Columbia, United States",US,USDC,DC001,38.8951,-77.0364,531871,4,"Shanghai, Shanghai, China",CH,CH23,13243,31.2222,121.458,-1924465,20191208201500,Reject,Verbal conflict
891648463,20191208,201912,USAMIL,AMERICAN,USA,,,,,MIL,,,CHN,CHINA,CHN,,,,,,,,1,042,042,04,1,1.9,6,1,6,-3.49344978165939,3,"Washington, District of Columbia, United States",US,USDC,DC001,38.8951,-77.0364,531871,4,"Shanghai, Shanghai, China",CH,CH23,13243,31.2222,121.458,-1924465,4,"Shanghai, Shanghai, China",CH,CH23,13243,31.2222,121.458,-1924465,20191208201500,Consult,Verbal cooperation
891654300,20191208,201912,CHN,CHINA,CHN,,,,,,,,USA,UNITED STATES,USA,,,,,,,,1,061,061,06,2,6.4,8,1,8,-2.43055555555556,3,"Washington, District of Columbia, United States",US,USDC,DC001,38.8951,-77.0364,531871,3,"Washington, District of Columbia, United States",US,USDC,DC001,38.8951,-77.0364,531871,3,"Washington, District of Columbia, United States",US,USDC,DC001,38.8951,-77.0364,531871,20191208213000,Engage in material cooperation,Material cooperation
891657505,20191208,201912,USA,UNITED STATES,USA,,,,,,,,CHN,CHINA,CHN,,,,,,,,1,014,014,01,1,0.0,8,2,8,3.99113082039912,2,"Connecticut, United States",US,USCT,,41.5834,-72.7622,CT,1,China,CH,CH,,35.0,105.0,CH,1,China,CH,CH,,35.0,105.0,CH,20191208220000,Make public statement,Verbal cooperation
891660754,20191208,201912,CHN,CHINESE,CHN,,,,,,,,USA,UNITED STATES,USA,,,,,,,,1,042,042,04,1,1.9,8,1,8,4.44444444444444,4,"Zhao Jian, Jiangsu, China",CH,CH04,13156,34.1292,119.104,-3855643,4,"Zhao Jian, Jiangsu, China",CH,CH04,13156,34.1292,119.104,-3855643,4,"Zhao Jian, Jiangsu, China",CH,CH04,13156,34.1292,119.104,-3855643,20191208224500,Consult,Verbal cooperation
891661169,20191208,201912,USA,UNITED STATES,USA,,,,,,,,CHN,CHINESE,CHN,,,,,,,,1,043,043,04,1,2.8,8,1,8,4.44444444444444,3,"School Of The Art Institute Of Chicago, Illinois, United States",US,USIL,IL031,41.8789,-87.6217,1836609,4,"Shandong, Jiangsu, China",CH,CH04,13151,32.9793,118.852,11415469,3,"School Of The Art Institute Of Chicago, Illinois, United States",US,USIL,,41.8789,-87.6217,1836609,20191208224500,Consult,Verbal cooperation
891666637,20191209,201912,CHN,CHINA,CHN,,,,,,,,USA,UNITED STATES,USA,,,,,,,,1,120,120,12,3,-4.0,10,1,10,-0.81799591002045,1,China,CH,CH,,35.0,105.0,CH,1,China,CH,CH,,35.0,105.0,CH,1,China,CH,CH,,35.0,105.0,CH,20191209000000,Reject,Verbal conflict
891679087,20191209,201912,USA,THE US,USA,,,,,,,,CHN,CHINESE,CHN,,,,,,,,1,061,061,06,2,6.4,7,1,7,-7.08661417322835,4,"Beijing, Beijing, China",CH,CH22,13001,39.9289,116.388,-1898541,4,"Beijing, Beijing, China",CH,CH22,13001,39.9289,116.388,-1898541,4,"Beijing, Beijing, China",CH,CH22,13001,39.9289,116.388,-1898541,20191209011500,Engage in material cooperation,Material cooperation
891685508,20191209,201912,USA,SAN FRANCISCO,USA,,,,,,,,CHNBUS,CHINA,CHN,,,,,BUS,,,1,112,112,11,3,-2.0,10,1,10,-2.26700251889169,1,China,CH,CH,,35.0,105.0,CH,1,China,CH,CH,,35.0,105.0,CH,1,China,CH,CH,,35.0,105.0,CH,20191209021500,Disapprove,Verbal conflict
891687058,20191209,201912,USA,THE US,USA,,,,,,,,CHN,CHINESE,CHN,,,,,,,,1,061,061,06,2,6.4,10,1,10,0.0,1,China,CH,CH,,35.0,105.0,CH,1,China,CH,CH,,35.0,105.0,CH,1,China,CH,CH,,35.0,105.0,CH,20191209023000,Engage in material cooperation,Material cooperation
891689881,20191209,201912,CHN,XINJIANG,CHN,,,,,,,,USA,UNITED STATES,USA,,,,,,,,1,110,110,11,3,-2.0,26,3,26,-4.66688076444174,4,"Xinjiang, Jiangxi, China",CH,CH03,13167,27.7481,116.274,11065838,1,United States,US,US,,39.828175,-98.5795,US,4,"Xinjiang, Jiangxi, China",CH,CH03,13167,27.7481,116.274,11065838,20191209030000,Disapprove,Verbal conflict
891692433,20191209,201912,USA,THE US,USA,,,,,,,,CHN,CHINA,CHN,,,,,,,,1,138,138,13,3,-7.0,10,1,10,-1.78861788617887,1,"Vietnam, Republic Of",VM,VM,,16.166667,107.833333,VM,1,"Vietnam, Republic Of",VM,VM,,16.166667,107.833333,VM,1,"Vietnam, Republic Of",VM,VM,,16.166667,107.833333,VM,20191209031500,Threaten,Verbal conflict
891694559,20191202,201912,USALEG,THE US,USA,,,,,LEG,,,CHN,BEIJING,CHN,,,,,,,,1,020,020,02,1,3.0,8,1,8,-9.68660968660964,4,"Beijing, Beijing, China",CH,CH22,13001,39.9289,116.388,-1898541,4,"Beijing, Beijing, China",CH,CH22,13001,39.9289,116.388,-1898541,4,"Beijing, Beijing, China",CH,CH22,13001,39.9289,116.388,-1898541,20191209034500,Appeal,Verbal cooperation
891696495,20191209,201912,CHN,CHINA,CHN,,,,,,,,USA,THE US,USA,,,,,,,,1,061,061,06,2,6.4,10,1,10,-3.77358490566038,1,China,CH,CH,,35.0,105.0,CH,1,China,CH,CH,,35.0,105.0,CH,1,China,CH,CH,,35.0,105.0,CH,20191209040000,Engage in material cooperation,Material cooperation
891698796,20191209,201912,USAMIL,FLORIDA,USA,,,,,MIL,,,CHN,CHINA,CHN,,,,,,,,1,193,193,19,4,-10.0,6,1,6,-5.67567567567568,3,"Pearl Harbor, Hawaii, United States",US,USHI,HI003,21.355,-157.972,363230,2,"Hawaii, United States",US,USHI,,21.1098,-157.531,HI,3,"Pearl Harbor, Hawaii, United States",US,USHI,,21.355,-157.972,363230,20191209041500,Fight,Material conflict
891700739,20191202,201912,USALEG,THE US,USA,,,,,LEG,,,CHN,BEIJING,CHN,,,,,,,,1,020,020,02,1,3.0,10,1,10,-9.12162162162159,4,"Xinjiang, Jiangxi, China",CH,CH03,13167,27.7481,116.274,11065838,4,"Xinjiang, Jiangxi, China",CH,CH03,13167,27.7481,116.274,11065838,4,"Xinjiang, Jiangxi, China",CH,CH03,13167,27.7481,116.274,11065838,20191209044500,Appeal,Verbal cooperation
891700978,20191209,201912,CHN,CHINA,CHN,,,,,,,,USA,BUFFALO,USA,,,,,,,,1,061,061,06,2,6.4,8,1,8,-5.80046403712296,4,"Beijing, Beijing, China",CH,CH22,13001,39.9289,116.388,-1898541,4,"Beijing, Beijing, China",CH,CH22,13001,39.9289,116.388,-1898541,1,India,IN,IN,,20.0,77.0,IN,20191209044500,Engage in material cooperation,Material cooperation
891700984,20191209,201912,CHN,XINJIANG,CHN,,,,,,,,USAMED,REUTERS,USA,,,,,MED,,,1,044,044,04,1,2.5,8,1,8,-7.96019900497512,4,"Xinjiang, Jiangxi, China",CH,CH03,13167,27.7481,116.274,11065838,4,"Xinjiang, Jiangxi, China",CH,CH03,13167,27.7481,116.274,11065838,4,"Xinjiang, Jiangxi, China",CH,CH03,13167,27.7481,116.274,11065838,20191209044500,Consult,Verbal cooperation
891701693,20191209,201912,USA,BUFFALO,USA,,,,,,,,CHN,CHINA,CHN,,,,,,,,1,061,061,06,2,6.4,8,1,8,-5.80046403712296,4,"Beijing, Beijing, China",CH,CH22,13001,39.9289,116.388,-1898541,4,"Beijing, Beijing, China",CH,CH22,13001,39.9289,116.388,-1898541,1,India,IN,IN,,20.0,77.0,IN,20191209044500,Engage in material cooperation,Material cooperation
891703082,20191209,201912,USALEG,THE US,USA,,,,,LEG,,,CHN,BEIJING,CHN,,,,,,,,1,020,020,02,1,3.0,10,1,10,-8.50439882697947,4,"Xinjiang, Jiangxi, China",CH,CH03,13167,27.7481,116.274,11065838,4,"Xinjiang, Jiangxi, China",CH,CH03,13167,27.7481,116.274,11065838,4,"Xinjiang, Jiangxi, China",CH,CH03,13167,27.7481,116.274,11065838,20191209050000,Appeal,Verbal cooperation
891706193,20191209,201912,USA,UNITED STATES,USA,,,,,,,,CHN,CHINA,CHN,,,,,,,,1,061,061,06,2,6.4,8,2,8,0.0,3,"San Diego, California, United States",US,USCA,CA073,32.7153,-117.157,1661377,3,"San Diego, California, United States",US,USCA,,32.7153,-117.157,1661377,3,"San Diego, California, United States",US,USCA,,32.7153,-117.157,1661377,20191209053000,Engage in material cooperation,Material cooperation
891709219,20191209,201912,CHN,CHINESE,CHN,,,,,,,,USA,UNITED STATES,USA,,,,,,,,1,042,042,04,1,1.9,8,1,8,3.80952380952381,4,"Zhao Jian, Jiangsu, China",CH,CH04,13156,34.1292,119.104,-3855643,4,"Zhao Jian, Jiangsu, China",CH,CH04,13156,34.1292,119.104,-3855643,4,"Zhao Jian, Jiangsu, China",CH,CH04,13156,34.1292,119.104,-3855643,20191209060000,Consult,Verbal cooperation
891709220,20191209,201912,CHN,CHINESE,CHN,,,,,,,,USA,MIAMI,USA,,,,,,,,1,043,043,04,1,2.8,21,1,14,-0.86240337852686,1,China,CH,CH,,35.0,105.0,CH,3,"Miami Beach, Florida, United States",US,USFL,,25.7907,-80.13,286750,3,"Miami Beach, Florida, United States",US,USFL,,25.7907,-80.13,286750,20191209060000,Consult,Verbal cooperation
891710053,20191209,201912,USA,MIAMI,USA,,,,,,,,CHN,CHINESE,CHN,,,,,,,,1,042,042,04,1,1.9,7,1,7,-0.919540229885053,3,"Miami Beach, Florida, United States",US,USFL,FL086,25.7907,-80.13,286750,1,China,CH,CH,,35.0,105.0,CH,3,"Miami Beach, Florida, United States",US,USFL,,25.7907,-80.13,286750,20191209060000,Consult,Verbal cooperation
891710054,20191209,201912,USA,MIAMI,USA,,,,,,,,CHN,CHINESE,CHN,,,,,,,,1,042,042,04,1,1.9,14,1,14,-0.833834952847764,1,China,CH,CH,,35.0,105.0,CH,1,China,CH,CH,,35.0,105.0,CH,1,China,CH,CH,,35.0,105.0,CH,20191209060000,Consult,Verbal cooperation
891710055,20191209,201912,USA,UNITED STATES,USA,,,,,,,,CHN,CHINESE,CHN,,,,,,,,1,043,043,04,1,2.8,8,1,8,3.80952380952381,3,"School Of The Art Institute Of Chicago, Illinois, United States",US,USIL,IL031,41.8789,-87.6217,1836609,4,"Shandong, Jiangsu, China",CH,CH04,13151,32.9793,118.852,11415469,3,"School Of The Art Institute Of Chicago, Illinois, United States",US,USIL,,41.8789,-87.6217,1836609,20191209060000,Consult,Verbal cooperation
891710828,20191109,201911,USA,NEW YORK,USA,,,,,,,,CHNGOV,XI JINPING,CHN,,,,,GOV,,,1,020,020,02,1,3.0,10,1,10,-3.65168539325842,2,"New York, United States",US,USNY,,42.1497,-74.9384,NY,4,"Beijing, Beijing, China",CH,CH22,13001,39.9289,116.388,-1898541,4,"Beijing, Beijing, China",CH,CH22,13001,39.9289,116.388,-1898541,20191209061500,Appeal,Verbal cooperation
891718062,20191209,201912,USA,WASHINGTON,USA,,,,,,,,CHN,CHINESE,CHN,,,,,,,,1,051,051,05,1,3.4,7,1,7,8.69565217391308,3,"Washington, District of Columbia, United States",US,USDC,DC001,38.8951,-77.0364,531871,1,China,CH,CH,,35.0,105.0,CH,3,"Washington, District of Columbia, United States",US,USDC,DC001,38.8951,-77.0364,531871,20191209070000,Engage in diplomatic cooperation,Verbal cooperation
891720204,20191209,201912,CHN,BEIJING,CHN,,,,,,,,USA,UNITED STATES,USA,,,,,,,,1,033,033,03,1,5.2,6,2,6,0.30033370411568,4,"Beijing, Beijing, China",CH,CH22,13001,39.9289,116.388,-1898541,3,"Washington, District of Columbia, United States",US,USDC,DC001,38.8951,-77.0364,531871,3,"Washington, District of Columbia, United States",US,USDC,DC001,38.8951,-77.0364,531871,20191209073000,Express intent to cooperate,Verbal cooperation
891720207,20191209,201912,CHN,CHINA,CHN,,,,,,,,USA,AMERICAN,USA,,,,,,,,1,070,070,07,2,7.0,7,1,7,-0.26455026455026,4,"Beijing, Beijing, China",CH,CH22,13001,39.9289,116.388,-1898541,1,United States,US,US,,39.828175,-98.5795,US,1,United States,US,US,,39.828175,-98.5795,US,20191209073000,Provide aid,Material cooperation
891720209,20191209,201912,CHN,CHINA,CHN,,,,,,,,USA,AMERICAN,USA,,,,,,,,1,111,111,11,3,-2.0,6,1,6,-0.26455026455026,4,"Beijing, Beijing, China",CH,CH22,13001,39.9289,116.388,-1898541,1,United States,US,US,,39.828175,-98.5795,US,1,United States,US,US,,39.828175,-98.5795,US,20191209073000,Disapprove,Verbal conflict
891724567,20191209,201912,CHN,CHINESE,CHN,,,,,,,,USA,AMERICAN,USA,,,,,,,,1,110,110,11,3,-2.0,8,1,8,-2.09580838323354,4,"Beijing, Beijing, China",CH,CH22,13001,39.9289,116.388,-1898541,1,United States,US,US,,39.828175,-98.5795,US,1,United States,US,US,,39.828175,-98.5795,US,20191209080000,Disapprove,Verbal conflict
891727392,20191209,201912,USA,WASHINGTON,USA,,,,,,,,CHN,CHINESE,CHN,,,,,,,,1,192,192,19,4,-9.5,8,1,8,-1.4367816091954,3,"Washington, District of Columbia, United States",US,USDC,DC001,38.8951,-77.0364,531871,1,China,CH,CH,,35.0,105.0,CH,3,"Washington, District of Columbia, United States",US,USDC,DC001,38.8951,-77.0364,531871,20191209081500,Fight,Material conflict
891728597,20191209,201912,CHN,CHINA,CHN,,,,,,,,USA,AMERICAN,USA,,,,,,,,1,042,042,04,1,1.9,10,1,10,-1.58940397350993,1,China,CH,CH,,35.0,105.0,CH,1,United States,US,US,,39.828175,-98.5795,US,1,China,CH,CH,,35.0,105.0,CH,20191209083000,Consult,Verbal cooperation
891728601,20191209,201912,CHN,CHINA,CHN,,,,,,,,USA,UNITED STATES,USA,,,,,,,,1,190,190,19,4,-10.0,8,1,8,-4.21052631578948,4,"Beijing, Beijing, China",CH,CH22,13001,39.9289,116.388,-1898541,1,United States,US,US,,39.828175,-98.5795,US,1,United States,US,US,,39.828175,-98.5795,US,20191209083000,Fight,Material conflict
891728604,20191209,201912,CHN,CHINA,CHN,,,,,,,,USACVL,AMERICAN,USA,,,,,CVL,,,1,043,043,04,1,2.8,6,1,6,-1.58940397350993,1,China,CH,CH,,35.0,105.0,CH,1,United States,US,US,,39.828175,-98.5795,US,1,China,CH,CH,,35.0,105.0,CH,20191209083000,Consult,Verbal cooperation
891728608,20191209,201912,CHNCVL,CHINESE,CHN,,,,,CVL,,,USACVL,AMERICAN,USA,,,,,CVL,,,1,026,026,02,1,4.0,6,1,6,-1.58940397350993,1,China,CH,CH,,35.0,105.0,CH,1,China,CH,CH,,35.0,105.0,CH,1,China,CH,CH,,35.0,105.0,CH,20191209083000,Appeal,Verbal cooperation
891729478,20191209,201912,USA,AMERICAN,USA,,,,,,,,CHN,CHINESE,CHN,,,,,,,,1,028,028,02,1,4.0,6,1,6,-1.58940397350993,1,United States,US,US,,39.828175,-98.5795,US,1,China,CH,CH,,35.0,105.0,CH,1,United States,US,US,,39.828175,-98.5795,US,20191209083000,Appeal,Verbal cooperation
891729480,20191209,201912,USA,AMERICAN,USA,,,,,,,,CHN,CHINA,CHN,,,,,,,,1,043,043,04,1,2.8,10,1,10,-1.58940397350993,1,United States,US,US,,39.828175,-98.5795,US,1,China,CH,CH,,35.0,105.0,CH,1,China,CH,CH,,35.0,105.0,CH,20191209083000,Consult,Verbal cooperation
891729483,20191209,201912,USA,BUFFALO,USA,,,,,,,,CHN,CHINA,CHN,,,,,,,,1,120,120,12,3,-4.0,6,1,6,-5.01089324618737,4,"Beijing, Beijing, China",CH,CH22,13001,39.9289,116.388,-1898541,1,India,IN,IN,,20.0,77.0,IN,1,India,IN,IN,,20.0,77.0,IN,20191209083000,Reject,Verbal conflict
891729486,20191209,201912,USA,UNITED STATES,USA,,,,,,,,CHN,CHINA,CHN,,,,,,,,1,190,190,19,4,-10.0,8,1,8,-4.21052631578948,1,United States,US,US,,39.828175,-98.5795,US,4,"Beijing, Beijing, China",CH,CH22,13001,39.9289,116.388,-1898541,1,United States,US,US,,39.828175,-98.5795,US,20191209083000,Fight,Material conflict
891729539,20191209,201912,USACVL,AMERICAN,USA,,,,,CVL,,,CHN,CHINA,CHN,,,,,,,,1,042,042,04,1,1.9,6,1,6,-1.58940397350993,1,United States,US,US,,39.828175,-98.5795,US,1,China,CH,CH,,35.0,105.0,CH,1,China,CH,CH,,35.0,105.0,CH,20191209083000,Consult,Verbal cooperation
891729550,20191209,201912,USAGOV,JOE BIDEN,USA,,,,,GOV,,,CHN,CHINA,CHN,,,,,,,,1,010,010,01,1,0.0,8,1,8,-1.58959537572254,1,China,CH,CH,,35.0,105.0,CH,1,China,CH,CH,,35.0,105.0,CH,1,China,CH,CH,,35.0,105.0,CH,20191209083000,Make public statement,Verbal cooperation
891729552,20191209,201912,USAGOV,JOE BIDEN,USA,,,,,GOV,,,CHN,CHINA,CHN,,,,,,,,1,036,036,03,1,4.0,10,1,10,-1.58959537572254,1,Russia,RS,RS,,60.0,100.0,RS,1,Russia,RS,RS,,60.0,100.0,RS,1,Russia,RS,RS,,60.0,100.0,RS,20191209083000,Express intent to cooperate,Verbal cooperation
891729553,20191209,201912,USAGOV,JOE BIDEN,USA,,,,,GOV,,,CHN,CHINA,CHN,,,,,,,,1,060,060,06,2,6.0,8,1,8,-1.58959537572254,1,China,CH,CH,,35.0,105.0,CH,1,China,CH,CH,,35.0,105.0,CH,1,China,CH,CH,,35.0,105.0,CH,20191209083000,Engage in material cooperation,Material cooperation
891733243,20191209,201912,CHN,CHINA,CHN,,,,,,,,USA,THE US,USA,,,,,,,,1,051,051,05,1,3.4,10,1,10,2.76134122287969,4,"Beijing, Beijing, China",CH,CH22,13001,39.9289,116.388,-1898541,4,"Beijing, Beijing, China",CH,CH22,13001,39.9289,116.388,-1898541,4,"Beijing, Beijing, China",CH,CH22,13001,39.9289,116.388,-1898541,20191209090000,Engage in diplomatic cooperation,Verbal cooperation
891737608,20191209,201912,CHN,BEIJING,CHN,,,,,,,,USA,UNITED STATES,USA,,,,,,,,1,030,030,03,1,4.0,10,1,10,-4.20650095602294,3,"Washington, District of Columbia, United States",US,USDC,DC001,38.8951,-77.0364,531871,3,"Washington, District of Columbia, United States",US,USDC,DC001,38.8951,-77.0364,531871,3,"Washington, District of Columbia, United States",US,USDC,DC001,38.8951,-77.0364,531871,20191209093000,Express intent to cooperate,Verbal cooperation
891738707,20191209,201912,USA,THE US,USA,,,,,,,,CHN,CHINA,CHN,,,,,,,,1,138,138,13,3,-7.0,10,1,10,-2.24403927068724,4,"Hanoi, Ha N?i, Vietnam, Republic Of",VM,VM44,74067,21.0333,105.85,-3714993,4,"Hanoi, Ha N?i, Vietnam, Republic Of",VM,VM44,74067,21.0333,105.85,-3714993,4,"Hanoi, Ha N?i, Vietnam, Republic Of",VM,VM44,74067,21.0333,105.85,-3714993,20191209093000,Threaten,Verbal conflict
891741226,20191209,201912,USA,WASHINGTON,USA,,,,,,,,CHN,BEIJING,CHN,,,,,,,,1,120,120,12,3,-4.0,6,1,6,-3.77777777777778,3,"Washington, District of Columbia, United States",US,USDC,DC001,38.8951,-77.0364,531871,4,"Beijing, Beijing, China",CH,CH22,13001,39.9289,116.388,-1898541,1,Hong Kong,HK,HK,,22.25,114.166667,HK,20191209094500,Reject,Verbal conflict
891742694,20191209,201912,CHN,CHINA,CHN,,,,,,,,USA,UNITED STATES,USA,,,,,,,,1,061,061,06,2,6.4,12,2,12,-1.87769409312681,4,"London, London, City of, United Kingdom",UK,UKH9,40110,51.5,-0.116667,-2601889,1,Austria,AU,AU,,47.333333,13.333333,AU,4,"London, London, City of, United Kingdom",UK,UKH9,40110,51.5,-0.116667,-2601889,20191209100000,Engage in material cooperation,Material cooperation
891746213,20191209,201912,CHN,CHINESE,CHN,,,,,,,,MNCUSAMED,QUALCOMM,USA,,,,,MNC,MED,,1,111,111,11,3,-2.0,8,1,8,1.0221465076661,4,"Xiaomi, Fujian, China",CH,CH07,13163,25.2225,116.057,10999868,4,"Xiaomi, Fujian, China",CH,CH07,13163,25.2225,116.057,10999868,4,"Xiaomi, Fujian, China",CH,CH07,13163,25.2225,116.057,10999868,20191209101500,Disapprove,Verbal conflict
891746228,20191209,201912,CHN,BEIJING,CHN,,,,,,,,USA,WASHINGTON,USA,,,,,,,,1,020,020,02,1,3.0,8,1,8,-2.04081632653061,4,"Beijing, Beijing, China",CH,CH22,13001,39.9289,116.388,-1898541,4,"Beijing, Beijing, China",CH,CH22,13001,39.9289,116.388,-1898541,4,"Beijing, Beijing, China",CH,CH22,13001,39.9289,116.388,-1898541,20191209101500,Appeal,Verbal cooperation
891750540,20191209,201912,CHN,SHANGHAI,CHN,,,,,,,,MNCUSA,DISNEY,USA,,,,,MNC,,,1,010,010,01,1,0.0,10,1,10,2.82485875706215,4,"Shanghai, Shanghai, China",CH,CH23,13243,31.2222,121.458,-1924465,4,"Shanghai, Shanghai, China",CH,CH23,13243,31.2222,121.458,-1924465,4,"Shanghai, Shanghai, China",CH,CH23,13243,31.2222,121.458,-1924465,20191209104500,Make public statement,Verbal cooperation
891750547,20191209,201912,CHN,CHINA,CHN,,,,,,,,USA,UNITED STATES,USA,,,,,,,,1,050,050,05,1,3.5,10,1,10,-1.92307692307692,4,"Beijing, Beijing, China",CH,CH22,13001,39.9289,116.388,-1898541,3,"Washington, District of Columbia, United States",US,USDC,DC001,38.8951,-77.0364,531871,4,"Beijing, Beijing, China",CH,CH22,13001,39.9289,116.388,-1898541,20191209104500,Engage in diplomatic cooperation,Verbal cooperation
891750551,20191209,201912,CHN,BEIJING,CHN,,,,,,,,USAPTY,THE US,USA,,,,,,,,1,111,111,11,3,-2.0,8,1,8,-1.92307692307692,4,"Beijing, Beijing, China",CH,CH22,13001,39.9289,116.388,-1898541,4,"Beijing, Beijing, China",CH,CH22,13001,39.9289,116.388,-1898541,4,"Beijing, Beijing, China",CH,CH22,13001,39.9289,116.388,-1898541,20191209104500,Disapprove,Verbal conflict
891751514,20191209,201912,USA,UNITED STATES,USA,,,,,,,,CHN,CHINA,CHN,,,,,,,,1,050,050,05,1,3.5,10,1,10,-1.92307692307692,3,"Washington, District of Columbia, United States",US,USDC,DC001,38.8951,-77.0364,531871,4,"Beijing, Beijing, China",CH,CH22,13001,39.9289,116.388,-1898541,4,"Beijing, Beijing, China",CH,CH22,13001,39.9289,116.388,-1898541,20191209104500,Engage in diplomatic cooperation,Verbal cooperation
891753014,20191209,201912,CHN,CHINA,CHN,,,,,,,,USA,THE US,USA,,,,,,,,1,0311,031,03,1,5.2,10,1,10,-2.47349823321555,1,China,CH,CH,,35.0,105.0,CH,1,China,CH,CH,,35.0,105.0,CH,1,China,CH,CH,,35.0,105.0,CH,20191209110000,Express intent to cooperate,Verbal cooperation
891753940,20191209,201912,USA,THE US,USA,,,,,,,,CHN,CHINA,CHN,,,,,,,,1,0311,031,03,1,5.2,10,1,10,-2.47349823321555,1,China,CH,CH,,35.0,105.0,CH,1,China,CH,CH,,35.0,105.0,CH,1,China,CH,CH,,35.0,105.0,CH,20191209110000,Express intent to cooperate,Verbal cooperation
891766981,20191209,201912,USA,UNITED STATES,USA,,,,,,,,CHN,CHINA,CHN,,,,,,,,1,110,110,11,3,-2.0,6,3,6,-2.3975768964282,3,"Washington, District of Columbia, United States",US,USDC,DC001,38.8951,-77.0364,531871,4,"Beijing, Beijing, China",CH,CH22,13001,39.9289,116.388,-1898541,3,"Washington, District of Columbia, United States",US,USDC,DC001,38.8951,-77.0364,531871,20191209121500,Disapprove,Verbal conflict
891770944,20191202,201912,USALEG,UNITED STATES,USA,,,,,LEG,,,CHN,CHINESE,CHN,,,,,,,,1,163,163,16,4,-8.0,8,1,8,-6.94183864915572,1,Netherlands,NL,NL,,52.5,5.75,NL,1,Netherlands,NL,NL,,52.5,5.75,NL,1,Netherlands,NL,NL,,52.5,5.75,NL,20191209124500,Reduce relations,Material conflict
891780865,20191209,201912,CHN,CHINESE,CHN,,,,,,,,USA,WASHINGTON,USA,,,,,,,,1,040,040,04,1,1.0,7,1,7,-3.43137254901961,4,"Beijing, Beijing, China",CH,CH22,13001,39.9289,116.388,-1898541,3,"Washington, District of Columbia, United States",US,USDC,DC001,38.8951,-77.0364,531871,4,"Beijing, Beijing, China",CH,CH22,13001,39.9289,116.388,-1898541,20191209133000,Consult,Verbal cooperation
891785459,20191209,201912,CHN,CHINA,CHN,,,,,,,,USA,THE US,USA,,,,,,,,1,061,061,06,2,6.4,10,1,10,-4.58015267175573,4,"Beijing, Beijing, China",CH,CH22,13001,39.9289,116.388,-1898541,4,"Beijing, Beijing, China",CH,CH22,13001,39.9289,116.388,-1898541,4,"Beijing, Beijing, China",CH,CH22,13001,39.9289,116.388,-1898541,20191209140000,Engage in material cooperation,Material cooperation
891793839,20191209,201912,USA,WASHINGTON,USA,,,,,,,,CHN,CHINA,CHN,,,,,,,,1,100,100,10,3,-5.0,70,5,70,-1.07385556422196,3,"Washington, District of Columbia, United States",US,USDC,DC001,38.8951,-77.0364,531871,1,China,CH,CH,,35.0,105.0,CH,1,China,CH,CH,,35.0,105.0,CH,20191209143000,Demand,Verbal conflict
891797681,20191209,201912,CHN,CHINA,CHN,,,,,,,,USA,UNITED STATES,USA,,,,,,,,1,172,172,17,4,-5.0,6,1,6,-1.44927536231884,3,"White House, District of Columbia, United States",US,USDC,,38.8951,-77.0364,531871,3,"White House, District of Columbia, United States",US,USDC,,38.8951,-77.0364,531871,3,"White House, District of Columbia, United States",US,USDC,,38.8951,-77.0364,531871,20191209150000,Coerce,Material conflict
891798868,20191209,201912,USAGOV,THE US,USA,,,,,GOV,,,CHNBUS,CHINESE,CHN,,,,,BUS,,,1,172,172,17,4,-5.0,6,1,6,-1.09289617486338,1,China,CH,CH,,35.0,105.0,CH,1,China,CH,CH,,35.0,105.0,CH,1,China,CH,CH,,35.0,105.0,CH,20191209150000,Coerce,Material conflict
891806404,20191209,201912,CHN,CHINA,CHN,,,,,,,,USAGOV,NASA,USA,,,,,GOV,,,1,031,031,03,1,5.2,10,1,10,0.51413881748072,1,China,CH,CH,,35.0,105.0,CH,1,China,CH,CH,,35.0,105.0,CH,1,China,CH,CH,,35.0,105.0,CH,20191209154500,Express intent to cooperate,Verbal cooperation
891807749,20191209,201912,USA,WASHINGTON,USA,,,,,,,,CHN,CHINESE,CHN,,,,,,,,1,012,012,01,1,-0.4,8,1,8,-1.11265646731571,4,"Beijing, Beijing, China",CH,CH22,13001,39.9289,116.388,-1898541,4,"Beijing, Beijing, China",CH,CH22,13001,39.9289,116.388,-1898541,4,"Beijing, Beijing, China",CH,CH22,13001,39.9289,116.388,-1898541,20191209154500,Make public statement,Verbal cooperation
891813113,20191209,201912,CHN,CHINA,CHN,,,,,,,,USA,AMERICAN,USA,,,,,,,,1,190,190,19,4,-10.0,6,1,6,3.07692307692308,4,"Fuyao, Fujian, China",CH,CH07,13013,26.8081,119.464,-1905911,2,"Ohio, United States",US,USOH,,40.3736,-82.7755,OH,2,"Ohio, United States",US,USOH,,40.3736,-82.7755,OH,20191209161500,Fight,Material conflict
891814388,20191209,201912,USA,AMERICAN,USA,,,,,,,,CHN,CHINA,CHN,,,,,,,,1,190,190,19,4,-10.0,8,1,8,3.07692307692308,1,Macedonia,MK,MK,,41.833333,22.0,MK,1,Macedonia,MK,MK,,41.833333,22.0,MK,1,Macedonia,MK,MK,,41.833333,22.0,MK,20191209161500,Fight,Material conflict
891815935,20191209,201912,CHN,CHINESE,CHN,,,,,,,,USAMED,REUTERS,USA,,,,,MED,,,1,061,061,06,2,6.4,10,1,10,-3.10880829015544,3,"Washington, District of Columbia, United States",US,USDC,DC001,38.8951,-77.0364,531871,3,"Washington, District of Columbia, United States",US,USDC,DC001,38.8951,-77.0364,531871,3,"Washington, District of Columbia, United States",US,USDC,DC001,38.8951,-77.0364,531871,20191209163000,Engage in material cooperation,Material cooperation
891817250,20191209,201912,USABUS,AMERICAN,USA,,,,,BUS,,,CHN,CHINESE,CHN,,,,,,,,1,061,061,06,2,6.4,6,1,6,-0.24630541871922,4,"Beijing, Beijing, China",CH,CH22,13001,39.9289,116.388,-1898541,4,"Beijing, Beijing, China",CH,CH22,13001,39.9289,116.388,-1898541,4,"Beijing, Beijing, China",CH,CH22,13001,39.9289,116.388,-1898541,20191209163000,Engage in material cooperation,Material cooperation
891821737,20191209,201912,CHN,CHINA,CHN,,,,,,,,USA,UNITED STATES,USA,,,,,,,,1,057,057,05,1,8.0,8,1,8,0.44378698224852,1,China,CH,CH,,35.0,105.0,CH,3,"Chicago, Illinois, United States",US,USIL,IL031,41.85,-87.6501,423587,1,China,CH,CH,,35.0,105.0,CH,20191209170000,Engage in diplomatic cooperation,Verbal cooperation
891822941,20191209,201912,USA,UNITED STATES,USA,,,,,,,,CHN,CHINA,CHN,,,,,,,,1,057,057,05,1,8.0,10,1,10,0.44378698224852,1,India,IN,IN,,20.0,77.0,IN,1,India,IN,IN,,20.0,77.0,IN,1,India,IN,IN,,20.0,77.0,IN,20191209170000,Engage in diplomatic cooperation,Verbal cooperation
891825803,20191209,201912,USA,THE US,USA,,,,,,,,CHN,CHINA,CHN,,,,,,,,1,172,172,17,4,-5.0,10,1,10,-2.65486725663717,4,"Shenzhen, Guangdong, China",CH,CH30,13036,22.2,111.117,-1925267,4,"Shenzhen, Guangdong, China",CH,CH30,13036,22.2,111.117,-1925267,4,"Shenzhen, Guangdong, China",CH,CH30,13036,22.2,111.117,-1925267,20191209171500,Coerce,Material conflict
891828964,20191209,201912,USA,THE US,USA,,,,,,,,CHN,CHINESE,CHN,,,,,,,,1,160,160,16,4,-4.0,10,1,10,-2.88713910761155,4,"Xinjiang, Jiangxi, China",CH,CH03,13167,27.7481,116.274,11065838,4,"Xinjiang, Jiangxi, China",CH,CH03,13167,27.7481,116.274,11065838,4,"Xinjiang, Jiangxi, China",CH,CH03,13167,27.7481,116.274,11065838,20191209173000,Reduce relations,Material conflict
891837237,20191209,201912,USA,OHIO,USA,,,,,,,,CHN,CANTON,CHN,,,,,,,,1,042,042,04,1,1.9,7,1,7,-0.31152647975078,3,"Cleveland, Ohio, United States",US,USOH,OH035,41.4995,-81.6954,1066654,3,"Cleveland, Ohio, United States",US,USOH,OH035,41.4995,-81.6954,1066654,3,"Cleveland, Ohio, United States",US,USOH,OH035,41.4995,-81.6954,1066654,20191209181500,Consult,Verbal cooperation
891838737,20191209,201912,USA,THE US,USA,,,,,,,,CHN,CHINA,CHN,,,,,,,,1,120,120,12,3,-4.0,10,1,10,-3.4090909090909,4,"Antara, Aceh, Indonesia",ID,ID01,18585,3.5292,99.0184,10119106,4,"Antara, Aceh, Indonesia",ID,ID01,18585,3.5292,99.0184,10119106,4,"Antara, Aceh, Indonesia",ID,ID01,18585,3.5292,99.0184,10119106,20191209183000,Reject,Verbal conflict
891838738,20191209,201912,USA,THE US,USA,,,,,,,,CHN,CHINA,CHN,,,,,,,,1,172,172,17,4,-5.0,10,1,10,-2.63157894736842,1,China,CH,CH,,35.0,105.0,CH,1,China,CH,CH,,35.0,105.0,CH,1,China,CH,CH,,35.0,105.0,CH,20191209183000,Coerce,Material conflict
891842378,20191209,201912,USA,THE US,USA,,,,,,,,CHN,CHINESE,CHN,,,,,,,,1,160,160,16,4,-4.0,10,1,10,-1.4908256880734,4,"Beijing, Beijing, China",CH,CH22,13001,39.9289,116.388,-1898541,4,"Beijing, Beijing, China",CH,CH22,13001,39.9289,116.388,-1898541,4,"Beijing, Beijing, China",CH,CH22,13001,39.9289,116.388,-1898541,20191209184500,Reduce relations,Material conflict
891853787,20191209,201912,USAGOV,JOE BIDEN,USA,,,,,GOV,,,CHNGOV,CHINESE,CHN,,,,,GOV,,,1,020,020,02,1,3.0,6,1,6,-4.51977401129943,1,Ukraine,UP,UP,,49.0,32.0,UP,1,Ukraine,UP,UP,,49.0,32.0,UP,1,Ukraine,UP,UP,,49.0,32.0,UP,20191209194500,Appeal,Verbal cooperation
891864237,20191209,201912,USAGOV,THE US,USA,,,,,GOV,,,CHNBUS,CHINESE,CHN,,,,,BUS,,,1,100,100,10,3,-5.0,10,1,10,0.75187969924812,3,"Washington, District of Columbia, United States",US,USDC,DC001,38.8951,-77.0364,531871,3,"Washington, District of Columbia, United States",US,USDC,DC001,38.8951,-77.0364,531871,3,"Washington, District of Columbia, United States",US,USDC,DC001,38.8951,-77.0364,531871,20191209204500,Demand,Verbal conflict
891867798,20191209,201912,CHN,CHINA,CHN,,,,,,,,USA,UNITED STATES,USA,,,,,,,,1,172,172,17,4,-5.0,8,1,8,-3.46020761245675,1,China,CH,CH,,35.0,105.0,CH,1,United States,US,US,,39.828175,-98.5795,US,1,United States,US,US,,39.828175,-98.5795,US,20191209211500,Coerce,Material conflict
891870298,20191209,201912,CHN,CHINA,CHN,,,,,,,,USA,AMERICAN,USA,,,,,,,,1,010,010,01,1,0.0,9,1,8,-0.98425196850394,1,China,CH,CH,,35.0,105.0,CH,3,"Washington, District of Columbia, United States",US,USDC,DC001,38.8951,-77.0364,531871,3,"Washington, District of Columbia, United States",US,USDC,DC001,38.8951,-77.0364,531871,20191209213000,Make public statement,Verbal cooperation
891870302,20191209,201912,CHN,CHINA,CHN,,,,,,,,USA,AMERICAN,USA,,,,,,,,1,020,020,02,1,3.0,8,1,8,-0.98425196850394,1,China,CH,CH,,35.0,105.0,CH,2,"Florida, United States",US,USFL,,27.8333,-81.717,FL,2,"Florida, United States",US,USFL,,27.8333,-81.717,FL,20191209213000,Appeal,Verbal cooperation
891870305,20191209,201912,CHN,CHINA,CHN,,,,,,,,USA,AMERICAN,USA,,,,,,,,1,100,100,10,3,-5.0,10,1,10,-0.98425196850394,1,China,CH,CH,,35.0,105.0,CH,1,China,CH,CH,,35.0,105.0,CH,1,China,CH,CH,,35.0,105.0,CH,20191209213000,Demand,Verbal conflict
891871509,20191209,201912,USAGOV,THE WHITE HOUSE,USA,,,,,GOV,,,CHN,CHINA,CHN,,,,,,,,1,112,112,11,3,-2.0,6,1,6,-0.82116788321168,1,Russia,RS,RS,,60.0,100.0,RS,1,Russia,RS,RS,,60.0,100.0,RS,1,Russia,RS,RS,,60.0,100.0,RS,20191209213000,Disapprove,Verbal conflict
891875156,20191209,201912,CHN,CHINA,CHN,,,,,,,,USABUS,AMERICAN,USA,,,,,BUS,,,1,0841,084,08,2,7.0,6,1,6,-0.997150997151,1,China,CH,CH,,35.0,105.0,CH,1,China,CH,CH,,35.0,105.0,CH,1,China,CH,CH,,35.0,105.0,CH,20191209220000,Yield,Material cooperation
891880069,20191209,201912,CHN,CHINESE,CHN,,,,,,,,USA,AMERICAN,USA,,,,,,,,1,111,111,11,3,-2.0,15,2,15,-0.102195050263237,4,"Hanoi, Ha N?i, Vietnam, Republic Of",VM,VM44,74067,21.0333,105.85,-3714993,4,"Hanoi, Ha N?i, Vietnam, Republic Of",VM,VM44,74067,21.0333,105.85,-3714993,4,"Hanoi, Ha N?i, Vietnam, Republic Of",VM,VM44,74067,21.0333,105.85,-3714993,20191209223000,Disapprove,Verbal conflict
891885070,20191209,201912,USA,MINNESOTA,USA,,,,,,,,CHN,CHINA,CHN,,,,,,,,1,061,061,06,2,6.4,10,1,10,-2.03252032520325,2,"Minnesota, United States",US,USMN,,45.7326,-93.9196,MN,1,China,CH,CH,,35.0,105.0,CH,2,"Minnesota, United States",US,USMN,,45.7326,-93.9196,MN,20191209230000,Engage in material cooperation,Material cooperation
891896629,20191210,201912,USA,THE US,USA,,,,,,,,CHN,CHINA,CHN,,,,,,,,1,061,061,06,2,6.4,8,1,8,0.93457943925233,4,"Taj Mahal, Uttar Pradesh, India",IN,IN36,70264,27.1667,78.05,-2112378,1,China,CH,CH,,35.0,105.0,CH,1,China,CH,CH,,35.0,105.0,CH,20191210000000,Engage in material cooperation,Material cooperation
891901073,20191210,201912,USA,UNITED STATES,USA,,,,,,,,CHN,CHINESE,CHN,,,,,,,,1,110,110,11,3,-2.0,8,1,8,-2.5089605734767,3,"Washington, District of Columbia, United States",US,USDC,DC001,38.8951,-77.0364,531871,4,"Beijing, Beijing, China",CH,CH22,13001,39.9289,116.388,-1898541,4,"Beijing, Beijing, China",CH,CH22,13001,39.9289,116.388,-1898541,20191210001500,Disapprove,Verbal conflict
891901421,20191210,201912,USAMED,REUTERS,USA,,,,,MED,,,CHN,CHINA,CHN,,,,,,,,1,010,010,01,1,0.0,10,1,10,-4.21686746987952,1,China,CH,CH,,35.0,105.0,CH,1,China,CH,CH,,35.0,105.0,CH,1,China,CH,CH,,35.0,105.0,CH,20191210001500,Make public statement,Verbal cooperation
891911571,20191210,201912,CHN,CHINA,CHN,,,,,,,,USA,UNITED STATES,USA,,,,,,,,1,013,013,01,1,0.4,8,1,8,0.0,4,"Beijing, Beijing, China",CH,CH22,13001,39.9289,116.388,-1898541,3,"Washington, District of Columbia, United States",US,USDC,DC001,38.8951,-77.0364,531871,4,"Beijing, Beijing, China",CH,CH22,13001,39.9289,116.388,-1898541,20191210010000,Make public statement,Verbal cooperation
891913017,20191210,201912,USA,WASHINGTON,USA,,,,,,,,CHN,CHINA,CHN,,,,,,,,1,100,100,10,3,-5.0,10,1,10,-1.31004366812228,3,"Washington, District of Columbia, United States",US,USDC,DC001,38.8951,-77.0364,531871,1,China,CH,CH,,35.0,105.0,CH,1,China,CH,CH,,35.0,105.0,CH,20191210010000,Demand,Verbal conflict
891916248,20191210,201912,USA,THE US,USA,,,,,,,,CHN,CHINA,CHN,,,,,,,,1,172,172,17,4,-5.0,10,1,10,-2.60869565217392,4,"Shenzhen, Guangdong, China",CH,CH30,13036,22.2,111.117,-1925267,4,"Shenzhen, Guangdong, China",CH,CH30,13036,22.2,111.117,-1925267,4,"Shenzhen, Guangdong, China",CH,CH30,13036,22.2,111.117,-1925267,20191210011500,Coerce,Material conflict
891927709,20191210,201912,USA,THE US,USA,,,,,,,,CHN,CHINA,CHN,,,,,,,,1,051,051,05,1,3.4,6,1,6,-0.82417582417582,1,China,CH,CH,,35.0,105.0,CH,1,China,CH,CH,,35.0,105.0,CH,1,China,CH,CH,,35.0,105.0,CH,20191210023000,Engage in diplomatic cooperation,Verbal cooperation
891930238,20191210,201912,USA,THE US,USA,,,,,,,,CHN,CHINESE,CHN,,,,,,,,1,040,040,04,1,1.0,10,1,10,-1.39318885448917,4,"Shuangyan, Sichuan, China",CH,CH32,13003,30.6393,106.406,10281665,4,"Shuangyan, Sichuan, China",CH,CH32,13003,30.6393,106.406,10281665,4,"Shuangyan, Sichuan, China",CH,CH32,13003,30.6393,106.406,10281665,20191210024500,Consult,Verbal cooperation
891930239,20191210,201912,USA,THE US,USA,,,,,,,,CHN,CHINA,CHN,,,,,,,,1,070,070,07,2,7.0,10,1,10,-4.01785714285715,1,Japan,JA,JA,,36.0,138.0,JA,1,Japan,JA,JA,,36.0,138.0,JA,1,Japan,JA,JA,,36.0,138.0,JA,20191210024500,Provide aid,Material cooperation
891939316,20191210,201912,USA,SAN FRANCISCO,USA,,,,,,,,CHN,CHINA,CHN,,,,,,,,1,173,173,17,4,-5.0,6,1,6,-5.28700906344411,2,"Maryland, United States",US,USMD,,39.0724,-76.7902,MD,2,"Maryland, United States",US,USMD,,39.0724,-76.7902,MD,2,"Maryland, United States",US,USMD,,39.0724,-76.7902,MD,20191210034500,Coerce,Material conflict
891940383,20191210,201912,CHN,BEIJING,CHN,,,,,,,,USA,UNITED STATES,USA,,,,,,,,1,030,030,03,1,4.0,13,2,13,-3.09550061169932,4,"Beijing, Beijing, China",CH,CH22,13001,39.9289,116.388,-1898541,4,"Beijing, Beijing, China",CH,CH22,13001,39.9289,116.388,-1898541,4,"Beijing, Beijing, China",CH,CH22,13001,39.9289,116.388,-1898541,20191210040000,Express intent to cooperate,Verbal cooperation
891941156,20191210,201912,USA,THE US,USA,,,,,,,,CHN,CHINA,CHN,,,,,,,,1,0311,031,03,1,5.2,10,1,10,-1.94174757281553,1,China,CH,CH,,35.0,105.0,CH,1,China,CH,CH,,35.0,105.0,CH,1,China,CH,CH,,35.0,105.0,CH,20191210040000,Express intent to cooperate,Verbal cooperation
891950420,20191210,201912,CHN,CHINA,CHN,,,,,,,,USA,THE US,USA,,,,,,,,1,040,040,04,1,1.0,8,1,8,-4.01146131805157,1,China,CH,CH,,35.0,105.0,CH,1,United Kingdom,UK,UK,,54.0,-4.0,UK,4,"White Island, New Zealand (general), New Zealand",NZ,NZ00,22391,-45.9333,170.5,-1521769,20191210051500,Consult,Verbal cooperation
891951199,20191210,201912,USA,THE US,USA,,,,,,,,CHN,CHINA,CHN,,,,,,,,1,040,040,04,1,1.0,8,1,8,-4.01146131805157,1,United Kingdom,UK,UK,,54.0,-4.0,UK,1,China,CH,CH,,35.0,105.0,CH,4,"White Island, New Zealand (general), New Zealand",NZ,NZ00,22391,-45.9333,170.5,-1521769,20191210051500,Consult,Verbal cooperation
891952242,20191210,201912,CHN,CHINESE,CHN,,,,,,,,USA,THE US,USA,,,,,,,,1,111,111,11,3,-2.0,7,1,7,-3.43511450381679,3,"Boston, Massachusetts, United States",US,USMA,MA025,42.3584,-71.0598,617565,3,"Boston, Massachusetts, United States",US,USMA,MA025,42.3584,-71.0598,617565,3,"Boston, Massachusetts, United States",US,USMA,MA025,42.3584,-71.0598,617565,20191210053000,Disapprove,Verbal conflict
891961579,20181210,201812,USA,AMERICAN,USA,,,,,,,,CHN,CHINA,CHN,,,,,,,,1,061,061,06,2,6.4,10,1,10,-1.37614678899082,4,"Ting Lu, Hunan, China",CH,CH11,13140,25.2767,111.511,9235229,4,"Ting Lu, Hunan, China",CH,CH11,13140,25.2767,111.511,9235229,4,"Ting Lu, Hunan, China",CH,CH11,13140,25.2767,111.511,9235229,20191210064500,Engage in material cooperation,Material cooperation
891965700,20191110,201911,CHN,CHINESE,CHN,,,,,,,,USA,THE US,USA,,,,,,,,1,061,061,06,2,6.4,10,1,10,-4.19161676646707,1,China,CH,CH,,35.0,105.0,CH,1,China,CH,CH,,35.0,105.0,CH,1,China,CH,CH,,35.0,105.0,CH,20191210071500,Engage in material cooperation,Material cooperation
891968016,20191210,201912,CHN,CHINESE,CHN,,,,,,,,USA,UNITED STATES,USA,,,,,,,,1,060,060,06,2,6.0,10,1,10,-0.259067357512954,4,"Hangzhou, Zhejiang, China",CH,CH02,13319,30.2553,120.169,-1908366,1,United States,US,US,,39.828175,-98.5795,US,4,"Hangzhou, Zhejiang, China",CH,CH02,13319,30.2553,120.169,-1908366,20191210073000,Engage in material cooperation,Material cooperation
891968018,20191210,201912,CHN,CHINESE,CHN,,,,,,,,USA,UNITED STATES,USA,,,,,,,,1,061,061,06,2,6.4,8,1,8,-0.259067357512954,4,"Hangzhou, Zhejiang, China",CH,CH02,13319,30.2553,120.169,-1908366,1,United States,US,US,,39.828175,-98.5795,US,1,United States,US,US,,39.828175,-98.5795,US,20191210073000,Engage in material cooperation,Material cooperation
891969177,20191210,201912,USA,UNITED STATES,USA,,,,,,,,CHN,CHINA,CHN,,,,,,,,1,114,114,11,3,-2.0,8,1,8,-1.78041543026706,3,"Washington, District of Columbia, United States",US,USDC,DC001,38.8951,-77.0364,531871,1,China,CH,CH,,35.0,105.0,CH,1,Russia,RS,RS,,60.0,100.0,RS,20191210073000,Disapprove,Verbal conflict
891973492,20191210,201912,USA,THE US,USA,,,,,,,,MNCCHNMED,CHINA TELECOM,CHN,,,,,MNC,MED,,1,013,013,01,1,0.4,8,1,8,1.35135135135135,1,China,CH,CH,,35.0,105.0,CH,1,China,CH,CH,,35.0,105.0,CH,1,China,CH,CH,,35.0,105.0,CH,20191210080000,Make public statement,Verbal cooperation
891974802,20191210,201912,CHN,CHINA,CHN,,,,,,,,USA,WASHINGTON,USA,,,,,,,,1,040,040,04,1,1.0,8,1,8,-0.71197411003236,4,"Beijing, Beijing, China",CH,CH22,13001,39.9289,116.388,-1898541,3,"Washington, District of Columbia, United States",US,USDC,DC001,38.8951,-77.0364,531871,4,"Madrid, Madrid, Spain",SP,SP29,25820,40.4,-3.68333,-390625,20191210081500,Consult,Verbal cooperation
891976041,20191210,201912,USA,WASHINGTON,USA,,,,,,,,CHN,CHINA,CHN,,,,,,,,1,040,040,04,1,1.0,8,1,8,-0.71197411003236,3,"Washington, District of Columbia, United States",US,USDC,DC001,38.8951,-77.0364,531871,4,"Beijing, Beijing, China",CH,CH22,13001,39.9289,116.388,-1898541,4,"Madrid, Madrid, Spain",SP,SP29,25820,40.4,-3.68333,-390625,20191210081500,Consult,Verbal cooperation
891977596,20191210,201912,CHN,CHINESE,CHN,,,,,,,,USAMED,REUTERS,USA,,,,,MED,,,1,010,010,01,1,0.0,6,1,6,1.76470588235294,1,China,CH,CH,,35.0,105.0,CH,1,China,CH,CH,,35.0,105.0,CH,1,China,CH,CH,,35.0,105.0,CH,20191210083000,Make public statement,Verbal cooperation
891978784,20191210,201912,USA,SOUTH CAROLINA,USA,,,,,,,,CHN,CHINA,CHN,,,,,,,,1,111,111,11,3,-2.0,6,1,6,2.75387263339071,2,"Minnesota, United States",US,USMN,,45.7326,-93.9196,MN,2,"Minnesota, United States",US,USMN,,45.7326,-93.9196,MN,2,"Minnesota, United States",US,USMN,,45.7326,-93.9196,MN,20191210083000,Disapprove,Verbal conflict
891983197,20191210,201912,CHN,NANJING,CHN,,,,,,,,USA,SAN FRANCISCO,USA,,,,,,,,1,051,051,05,1,3.4,7,1,7,-5.47945205479452,3,"San Francisco, California, United States",US,USCA,CA075,37.7749,-122.419,277593,4,"Nanjing, Jiangsu, China",CH,CH04,13144,32.0617,118.778,-1919548,4,"Nanjing, Jiangsu, China",CH,CH04,13144,32.0617,118.778,-1919548,20191210090000,Engage in diplomatic cooperation,Verbal cooperation
891984884,20191210,201912,USA,SAN FRANCISCO,USA,,,,,,,,CHN,NANJING,CHN,,,,,,,,1,017,017,01,1,0.0,8,1,8,-5.47945205479452,3,"San Francisco, California, United States",US,USCA,CA075,37.7749,-122.419,277593,4,"Nanjing, Jiangsu, China",CH,CH04,13144,32.0617,118.778,-1919548,3,"San Francisco, California, United States",US,USCA,,37.7749,-122.419,277593,20191210090000,Make public statement,Verbal cooperation
891984889,20191210,201912,USA,SAN FRANCISCO,USA,,,,,,,,CHN,NANJING,CHN,,,,,,,,1,051,051,05,1,3.4,10,1,10,-5.47945205479452,3,"San Francisco, California, United States",US,USCA,CA075,37.7749,-122.419,277593,4,"Nanjing, Jiangsu, China",CH,CH04,13144,32.0617,118.778,-1919548,4,"Nanjing, Jiangsu, China",CH,CH04,13144,32.0617,118.778,-1919548,20191210090000,Engage in diplomatic cooperation,Verbal cooperation
891989415,20191210,201912,CHN,CHINESE,CHN,,,,,,,,MNCUSA,COSTCO,USA,,,,,MNC,,,1,042,042,04,1,1.9,10,1,10,-0.18966334755808,4,"Shanghai, Shanghai, China",CH,CH23,13243,31.2222,121.458,-1924465,4,"Shanghai, Shanghai, China",CH,CH23,13243,31.2222,121.458,-1924465,4,"Shanghai, Shanghai, China",CH,CH23,13243,31.2222,121.458,-1924465,20191210093000,Consult,Verbal cooperation
891989417,20191210,201912,CHN,CHINESE,CHN,,,,,,,,USA,UNITED STATES,USA,,,,,,,,1,190,190,19,4,-10.0,10,1,10,-1.35396518375242,4,"Beijing, Beijing, China",CH,CH22,13001,39.9289,116.388,-1898541,2,"New York, United States",US,USNY,,42.1497,-74.9384,NY,4,"Beijing, Beijing, China",CH,CH22,13001,39.9289,116.388,-1898541,20191210093000,Fight,Material conflict
891990091,20191210,201912,MNCUSA,COSTCO,USA,,,,,MNC,,,CHN,CHINESE,CHN,,,,,,,,1,043,043,04,1,2.8,10,1,10,-0.18966334755808,4,"Shanghai, Shanghai, China",CH,CH23,13243,31.2222,121.458,-1924465,4,"Shanghai, Shanghai, China",CH,CH23,13243,31.2222,121.458,-1924465,4,"Shanghai, Shanghai, China",CH,CH23,13243,31.2222,121.458,-1924465,20191210093000,Consult,Verbal cooperation
891994525,20191210,201912,USALEG,THE US,USA,,,,,LEG,,,CHN,CHINESE,CHN,,,,,,,,1,163,163,16,4,-8.0,10,1,10,-3.5264483627204,4,"Xinjiang, Jiangxi, China",CH,CH03,13167,27.7481,116.274,11065838,4,"Xinjiang, Jiangxi, China",CH,CH03,13167,27.7481,116.274,11065838,4,"Xinjiang, Jiangxi, China",CH,CH03,13167,27.7481,116.274,11065838,20191210094500,Reduce relations,Material conflict
891996234,20191210,201912,USA,THE US,USA,,,,,,,,CHN,CHINA,CHN,,,,,,,,1,172,172,17,4,-5.0,10,1,10,-3.47826086956522,1,China,CH,CH,,35.0,105.0,CH,1,China,CH,CH,,35.0,105.0,CH,1,China,CH,CH,,35.0,105.0,CH,20191210100000,Coerce,Material conflict
891997775,20191210,201912,CHN,CHINESE,CHN,,,,,,,,USA,UNITED STATES,USA,,,,,,,,1,190,190,19,4,-10.0,10,1,10,-4.38247011952191,1,China,CH,CH,,35.0,105.0,CH,2,"New York, United States",US,USNY,,42.1497,-74.9384,NY,1,China,CH,CH,,35.0,105.0,CH,20191210101500,Fight,Material conflict
892014412,20191210,201912,CHN,CHINESE,CHN,,,,,,,,USA,AMERICAN,USA,,,,,,,,1,111,111,11,3,-2.0,7,1,7,0.38510911424903,4,"Guangzhou, Guangdong, China",CH,CH30,13033,23.1167,113.25,-1907161,2,"New York, United States",US,USNY,,42.1497,-74.9384,NY,4,"Guangzhou, Guangdong, China",CH,CH30,13033,23.1167,113.25,-1907161,20191210114500,Disapprove,Verbal conflict
892019614,20191203,201912,USALEG,THE US,USA,,,,,LEG,,,CHN,CHINESE,CHN,,,,,,,,1,163,163,16,4,-8.0,8,1,8,-6.76616915422886,4,"Xinjiang, Jiangxi, China",CH,CH03,13167,27.7481,116.274,11065838,1,Netherlands,NL,NL,,52.5,5.75,NL,1,Netherlands,NL,NL,,52.5,5.75,NL,20191210121500,Reduce relations,Material conflict
892028607,20191210,201912,CHN,CHINESE,CHN,,,,,,,,USA,THE US,USA,,,,,,,,1,061,061,06,2,6.4,8,1,8,-3.0698889614631,1,United States,US,US,,39.828175,-98.5795,US,1,United States,US,US,,39.828175,-98.5795,US,1,United States,US,US,,39.828175,-98.5795,US,20191210130000,Engage in material cooperation,Material cooperation
892043366,20191210,201912,CHN,CHINA,CHN,,,,,,,,USA,UNITED STATES,USA,,,,,,,,1,190,190,19,4,-10.0,8,1,8,-4.21052631578948,4,"Beijing, Beijing, China",CH,CH22,13001,39.9289,116.388,-1898541,1,United States,US,US,,39.828175,-98.5795,US,1,United States,US,US,,39.828175,-98.5795,US,20191210141500,Fight,Material conflict
892044435,20191210,201912,USA,UNITED STATES,USA,,,,,,,,CHN,CHINA,CHN,,,,,,,,1,190,190,19,4,-10.0,8,1,8,-4.21052631578948,1,United States,US,US,,39.828175,-98.5795,US,4,"Beijing, Beijing, China",CH,CH22,13001,39.9289,116.388,-1898541,1,United States,US,US,,39.828175,-98.5795,US,20191210141500,Fight,Material conflict
892051549,20191210,201912,USA,UNITED STATES,USA,,,,,,,,CHN,CHINA,CHN,,,,,,,,1,061,061,06,2,6.4,8,1,8,-2.63157894736843,1,United States,US,US,,39.828175,-98.5795,US,4,"Zhangjiagang, Sichuan, China",CH,CH32,13270,31.2931,104.318,10385921,1,United States,US,US,,39.828175,-98.5795,US,20191210144500,Engage in material cooperation,Material cooperation
892053265,20191210,201912,CHN,CHINESE,CHN,,,,,,,,USA,THE US,USA,,,,,,,,1,0311,031,03,1,5.2,6,1,6,-0.64882400648824,4,"Hanoi, Ha N?i, Vietnam, Republic Of",VM,VM44,74067,21.0333,105.85,-3714993,3,"Washington, District of Columbia, United States",US,USDC,DC001,38.8951,-77.0364,531871,3,"Washington, District of Columbia, United States",US,USDC,DC001,38.8951,-77.0364,531871,20191210150000,Express intent to cooperate,Verbal cooperation
892059780,20191210,201912,CHN,CHINA,CHN,,,,,,,,USA,UNITED STATES,USA,,,,,,,,1,190,190,19,4,-10.0,12,1,12,-3.07676826652158,4,"Beijing, Beijing, China",CH,CH22,13001,39.9289,116.388,-1898541,4,"Beijing, Beijing, China",CH,CH22,13001,39.9289,116.388,-1898541,4,"Beijing, Beijing, China",CH,CH22,13001,39.9289,116.388,-1898541,20191210153000,Fight,Material conflict
892061933,20191210,201912,CHN,CHINA,CHN,,,,,,,,USA,THE US,USA,,,,,,,,1,050,050,05,1,3.5,10,1,10,-0.17667844522968,1,China,CH,CH,,35.0,105.0,CH,4,"South China Sea, Brunei (general), Brunei",BX,BX00,,15.0,115.0,-1337919,1,China,CH,CH,,35.0,105.0,CH,20191210154500,Engage in diplomatic cooperation,Verbal cooperation
892063060,20191210,201912,USA,THE US,USA,,,,,,,,CHN,CHINA,CHN,,,,,,,,1,0874,087,08,2,10.0,7,1,7,-0.68376068376068,1,China,CH,CH,,35.0,105.0,CH,1,China,CH,CH,,35.0,105.0,CH,1,China,CH,CH,,35.0,105.0,CH,20191210154500,Yield,Material cooperation
892064851,20191210,201912,CHNCVL,CHINESE,CHN,,,,,CVL,,,USA,UNITED STATES,USA,,,,,,,,1,173,173,17,4,-5.0,6,1,6,-7.27969348659004,1,Belgium,BE,BE,,50.833333,4.0,BE,1,"Vietnam, Republic Of",VM,VM,,16.166667,107.833333,VM,1,United Kingdom,UK,UK,,54.0,-4.0,UK,20191210160000,Coerce,Material conflict
892088640,20191210,201912,USAGOV,US OFFICIAL,USA,,,,,GOV,,,CHN,CHINA,CHN,,,,,,,,1,164,164,16,4,-7.0,10,1,10,-3.51758793969849,4,"Beijing, Beijing, China",CH,CH22,13001,39.9289,116.388,-1898541,4,"Beijing, Beijing, China",CH,CH22,13001,39.9289,116.388,-1898541,4,"Beijing, Beijing, China",CH,CH22,13001,39.9289,116.388,-1898541,20191210174500,Reduce relations,Material conflict
892093474,20191210,201912,CHN,CHINA,CHN,,,,,,,,USA,UNITED STATES,USA,,,,,,,,1,060,060,06,2,6.0,6,1,6,-0.85106382978723,2,"Texas, United States",US,USTX,,31.106,-97.6475,TX,2,"Texas, United States",US,USTX,,31.106,-97.6475,TX,2,"Texas, United States",US,USTX,,31.106,-97.6475,TX,20191210181500,Engage in material cooperation,Material cooperation
892095753,20191210,201912,CHN,CHINESE,CHN,,,,,,,,USA,WASHINGTON,USA,,,,,,,,1,040,040,04,1,1.0,10,1,10,-2.22222222222222,1,China,CH,CH,,35.0,105.0,CH,3,"Washington, District of Columbia, United States",US,USDC,DC001,38.8951,-77.0364,531871,3,"Washington, District of Columbia, United States",US,USDC,DC001,38.8951,-77.0364,531871,20191210183000,Consult,Verbal cooperation
892096940,20191210,201912,USA,WASHINGTON,USA,,,,,,,,CHN,CHINESE,CHN,,,,,,,,1,040,040,04,1,1.0,10,1,10,-2.22222222222222,1,China,CH,CH,,35.0,105.0,CH,1,China,CH,CH,,35.0,105.0,CH,1,China,CH,CH,,35.0,105.0,CH,20191210183000,Consult,Verbal cooperation
892099363,20191210,201912,CHN,BEIJING,CHN,,,,,,,,USA,WASHINGTON,USA,,,,,,,,1,110,110,11,3,-2.0,10,2,10,-1.54676612032584,4,"Beijing, Beijing, China",CH,CH22,13001,39.9289,116.388,-1898541,3,"Washington, District of Columbia, United States",US,USDC,DC001,38.8951,-77.0364,531871,4,"Beijing, Beijing, China",CH,CH22,13001,39.9289,116.388,-1898541,20191210184500,Disapprove,Verbal conflict
892100745,20191210,201912,USA,AMERICAN,USA,,,,,,,,CHN,CHINA,CHN,,,,,,,,1,090,090,09,2,-2.0,7,1,7,1.28354725787631,2,"California, United States",US,USCA,,36.17,-119.746,CA,2,"California, United States",US,USCA,,36.17,-119.746,CA,2,"California, United States",US,USCA,,36.17,-119.746,CA,20191210184500,Investigate,Material cooperation
892102246,20191210,201912,CHN,CHINA,CHN,,,,,,,,USA,THE US,USA,,,,,,,,1,040,040,04,1,1.0,10,1,10,-3.2258064516129,1,China,CH,CH,,35.0,105.0,CH,1,China,CH,CH,,35.0,105.0,CH,1,China,CH,CH,,35.0,105.0,CH,20191210190000,Consult,Verbal cooperation
892102247,20191210,201912,CHN,CHINA,CHN,,,,,,,,USA,THE US,USA,,,,,,,,1,043,043,04,1,2.8,10,1,10,-3.2258064516129,1,China,CH,CH,,35.0,105.0,CH,1,China,CH,CH,,35.0,105.0,CH,1,China,CH,CH,,35.0,105.0,CH,20191210190000,Consult,Verbal cooperation
892103512,20191210,201912,USA,THE US,USA,,,,,,,,CHN,CHINA,CHN,,,,,,,,1,042,042,04,1,1.9,10,1,10,-3.2258064516129,1,Japan,JA,JA,,36.0,138.0,JA,1,Japan,JA,JA,,36.0,138.0,JA,1,Japan,JA,JA,,36.0,138.0,JA,20191210190000,Consult,Verbal cooperation
892105172,20191210,201912,CHN,CHINA,CHN,,,,,,,,USA,SAN FRANCISCO,USA,,,,,,,,1,043,043,04,1,2.8,8,1,8,-4.06976744186047,1,China,CH,CH,,35.0,105.0,CH,3,"San Francisco, California, United States",US,USCA,,37.7749,-122.419,277593,3,"San Francisco, California, United States",US,USCA,,37.7749,-122.419,277593,20191210191500,Consult,Verbal cooperation
892111174,20191210,201912,CHN,CHINESE,CHN,,,,,,,,USA,UNITED STATES,USA,,,,,,,,1,173,173,17,4,-5.0,80,1,80,0.0,3,"Hollywood, California, United States",US,USCA,CA037,34.0983,-118.327,1660757,3,"Hollywood, California, United States",US,USCA,CA037,34.0983,-118.327,1660757,3,"Hollywood, California, United States",US,USCA,CA037,34.0983,-118.327,1660757,20191210194500,Coerce,Material conflict
892115066,20191210,201912,USA,UNITED STATES,USA,,,,,,,,CHNCVL,CHINA,CHN,,,,,CVL,,,1,173,173,17,4,-5.0,6,1,6,-8.41121495327103,3,"San Ysidro, California, United States",US,USCA,CA073,32.552,-117.043,1661394,1,China,CH,CH,,35.0,105.0,CH,1,China,CH,CH,,35.0,105.0,CH,20191210200000,Coerce,Material conflict
892125561,20191210,201912,USA,THE US,USA,,,,,,,,CHN,CHINA,CHN,,,,,,,,1,110,110,11,3,-2.0,10,1,10,-4.7808764940239,4,"Taiwan Strait, Taiwan (general), Taiwan",TW,TW00,,24.0,119.0,-2637942,4,"Beijing, Beijing, China",CH,CH22,13001,39.9289,116.388,-1898541,4,"Taiwan Strait, Taiwan (general), Taiwan",TW,TW00,,24.0,119.0,-2637942,20191210210000,Disapprove,Verbal conflict
892125563,20191210,201912,USA,AMERICAN,USA,,,,,,,,CHNCVL,CHINESE,CHN,,,,,CVL,,,1,173,173,17,4,-5.0,6,1,6,-6.34920634920635,2,"California, United States",US,USCA,,36.17,-119.746,CA,3,"San Diego, California, United States",US,USCA,,32.7153,-117.157,1661377,2,"California, United States",US,USCA,,36.17,-119.746,CA,20191210210000,Coerce,Material conflict
892128078,20191210,201912,USA,AMERICAN,USA,,,,,,,,CHNCVL,CHINESE,CHN,,,,,CVL,,,1,173,173,17,4,-5.0,6,1,6,-3.60360360360361,3,"San Diego, California, United States",US,USCA,CA073,32.7153,-117.157,1661377,3,"San Diego, California, United States",US,USCA,,32.7153,-117.157,1661377,3,"San Diego, California, United States",US,USCA,,32.7153,-117.157,1661377,20191210211500,Coerce,Material conflict
892129593,20191210,201912,CHN,CHINA,CHN,,,,,,,,USA,UNITED STATES,USA,,,,,,,,1,110,110,11,3,-2.0,16,2,16,-2.95291300877893,1,China,CH,CH,,35.0,105.0,CH,1,United States,US,US,,39.828175,-98.5795,US,1,China,CH,CH,,35.0,105.0,CH,20191210213000,Disapprove,Verbal conflict
892129597,20191210,201912,CHN,CHINA,CHN,,,,,,,,USAGOV,RICHARD NIXON,USA,,,,,GOV,,,1,043,043,04,1,2.8,10,1,10,-2.1570796460177,4,"Xijin, Shaanxi, China",CH,CH26,13218,34.5712,108.23,10549118,4,"Xijin, Shaanxi, China",CH,CH26,13218,34.5712,108.23,10549118,4,"Xijin, Shaanxi, China",CH,CH26,13218,34.5712,108.23,10549118,20191210213000,Consult,Verbal cooperation
892131064,20191210,201912,USA,UNITED STATES,USA,,,,,,,,CHN,CHINA,CHN,,,,,,,,1,110,110,11,3,-2.0,20,2,20,-2.95291300877893,1,United States,US,US,,39.828175,-98.5795,US,1,United States,US,US,,39.828175,-98.5795,US,1,China,CH,CH,,35.0,105.0,CH,20191210213000,Disapprove,Verbal conflict
892131298,20191210,201912,USAGOV,RICHARD NIXON,USA,,,,,GOV,,,CHN,CHINA,CHN,,,,,,,,1,042,042,04,1,1.9,10,1,10,-2.1570796460177,4,"Xijin, Shaanxi, China",CH,CH26,13218,34.5712,108.23,10549118,4,"Xijin, Shaanxi, China",CH,CH26,13218,34.5712,108.23,10549118,4,"Xijin, Shaanxi, China",CH,CH26,13218,34.5712,108.23,10549118,20191210213000,Consult,Verbal cooperation
892138416,20191210,201912,USAGOV,RICHARD NIXON,USA,,,,,GOV,,,CHN,CHINA,CHN,,,,,,,,1,042,042,04,1,1.9,6,1,6,-2.11013896037056,2,"Florida, United States",US,USFL,,27.8333,-81.717,FL,2,"Florida, United States",US,USFL,,27.8333,-81.717,FL,2,"Florida, United States",US,USFL,,27.8333,-81.717,FL,20191210221500,Consult,Verbal cooperation
892138802,20191210,201912,CHN,CHINA,CHN,,,,,,,,USA,AMERICAN,USA,,,,,,,,1,012,012,01,1,-0.4,8,1,8,-1.20772946859903,1,China,CH,CH,,35.0,105.0,CH,2,"New York, United States",US,USNY,,42.1497,-74.9384,NY,2,"New York, United States",US,USNY,,42.1497,-74.9384,NY,20191210223000,Make public statement,Verbal cooperation
892147090,20191210,201912,USA,OHIO,USA,,,,,,,,CHN,CANTON,CHN,,,,,,,,1,040,040,04,1,1.0,7,1,7,-3.94736842105263,2,"Ohio, United States",US,USOH,,40.3736,-82.7755,OH,2,"Ohio, United States",US,USOH,,40.3736,-82.7755,OH,2,"Ohio, United States",US,USOH,,40.3736,-82.7755,OH,20191210231500,Consult,Verbal cooperation
892153025,20191211,201912,CHN,CHINESE,CHN,,,,,,,,USA,UNITED STATES,USA,,,,,,,,1,090,090,09,2,-2.0,10,1,10,-3.36134453781513,1,China,CH,CH,,35.0,105.0,CH,1,United States,US,US,,39.828175,-98.5795,US,1,United States,US,US,,39.828175,-98.5795,US,20191211000000,Investigate,Material cooperation
892153027,20191211,201912,CHN,CHINA,CHN,,,,,,,,USA,WASHINGTON,USA,,,,,,,,1,154,154,15,4,-7.2,6,1,6,-1.6260162601626,3,"Washington, District of Columbia, United States",US,USDC,DC001,38.8951,-77.0364,531871,4,"Beijing, Beijing, China",CH,CH22,13001,39.9289,116.388,-1898541,3,"Washington, District of Columbia, United States",US,USDC,DC001,38.8951,-77.0364,531871,20191211000000,Exhibit force posture,Material conflict
892153029,20191211,201912,CHN,BEIJING,CHN,,,,,,,,USA,WASHINGTON,USA,,,,,,,,1,190,190,19,4,-10.0,6,1,6,-1.88679245283019,4,"Beijing, Beijing, China",CH,CH22,13001,39.9289,116.388,-1898541,3,"Washington, District of Columbia, United States",US,USDC,DC001,38.8951,-77.0364,531871,4,"Beijing, Beijing, China",CH,CH22,13001,39.9289,116.388,-1898541,20191211000000,Fight,Material conflict
892155619,20191211,201912,USA,UNITED STATES,USA,,,,,,,,CHN,CHINA,CHN,,,,,,,,1,112,112,11,3,-2.0,10,1,10,-4.82456140350877,3,"Washington, District of Columbia, United States",US,USDC,DC001,38.8951,-77.0364,531871,1,China,CH,CH,,35.0,105.0,CH,1,China,CH,CH,,35.0,105.0,CH,20191211000000,Disapprove,Verbal conflict
892155620,20191211,201912,USA,UNITED STATES,USA,,,,,,,,CHN,CHINA,CHN,,,,,,,,1,163,163,16,4,-8.0,10,1,10,-4.82456140350877,4,"Biarritz, Aquitaine, France",FR,FR97,16244,43.4801,-1.55558,-1412526,4,"Biarritz, Aquitaine, France",FR,FR97,16244,43.4801,-1.55558,-1412526,4,"Biarritz, Aquitaine, France",FR,FR97,16244,43.4801,-1.55558,-1412526,20191211000000,Reduce relations,Material conflict
892155622,20191211,201912,USA,WASHINGTON,USA,,,,,,,,CHN,BEIJING,CHN,,,,,,,,1,190,190,19,4,-10.0,6,1,6,-1.88679245283019,3,"Washington, District of Columbia, United States",US,USDC,DC001,38.8951,-77.0364,531871,4,"Beijing, Beijing, China",CH,CH22,13001,39.9289,116.388,-1898541,4,"Beijing, Beijing, China",CH,CH22,13001,39.9289,116.388,-1898541,20191211000000,Fight,Material conflict
892160340,20191211,201912,USA,NEW YORK,USA,,,,,,,,CHN,CHINA,CHN,,,,,,,,1,020,020,02,1,3.0,26,4,26,-3.61402716740322,2,"New York, United States",US,USNY,,42.1497,-74.9384,NY,4,"Xinjiang, Jiangxi, China",CH,CH03,13167,27.7481,116.274,11065838,4,"Xinjiang, Jiangxi, China",CH,CH03,13167,27.7481,116.274,11065838,20191211001500,Appeal,Verbal cooperation
892176279,20191211,201912,CHN,CHINA,CHN,,,,,,,,USA,UNITED STATES,USA,,,,,,,,1,110,110,11,3,-2.0,8,1,8,-2.95291300877893,1,China,CH,CH,,35.0,105.0,CH,1,United States,US,US,,39.828175,-98.5795,US,1,China,CH,CH,,35.0,105.0,CH,20191211013000,Disapprove,Verbal conflict
892176281,20191211,201912,CHN,CHINA,CHN,,,,,,,,USA,THE US,USA,,,,,,,,1,112,112,11,3,-2.0,8,2,8,-1.48515255898811,1,China,CH,CH,,35.0,105.0,CH,1,China,CH,CH,,35.0,105.0,CH,1,China,CH,CH,,35.0,105.0,CH,20191211013000,Disapprove,Verbal conflict
892176282,20191211,201912,CHN,CHINA,CHN,,,,,,,,USAMED,WALL STREET JOURNAL,USA,,,,,MED,,,1,040,040,04,1,1.0,10,1,10,-1.20967741935484,3,"White House, District of Columbia, United States",US,USDC,,38.8951,-77.0364,531871,3,"White House, District of Columbia, United States",US,USDC,,38.8951,-77.0364,531871,3,"White House, District of Columbia, United States",US,USDC,,38.8951,-77.0364,531871,20191211013000,Consult,Verbal cooperation
892176284,20191211,201912,CHNCVL,XINJIANG,CHN,,,,,CVL,,,USAGOV,US AMBASSADOR,USA,,,,,GOV,,,1,040,040,04,1,1.0,6,1,6,-2.38663484486874,4,"Beijing, Beijing, China",CH,CH22,13001,39.9289,116.388,-1898541,4,"Beijing, Beijing, China",CH,CH22,13001,39.9289,116.388,-1898541,3,"Washington, District of Columbia, United States",US,USDC,DC001,38.8951,-77.0364,531871,20191211013000,Consult,Verbal cooperation
892177515,20191211,201912,USA,UNITED STATES,USA,,,,,,,,CHN,CHINA,CHN,,,,,,,,1,110,110,11,3,-2.0,10,1,10,-2.95291300877893,1,United States,US,US,,39.828175,-98.5795,US,1,United States,US,US,,39.828175,-98.5795,US,1,China,CH,CH,,35.0,105.0,CH,20191211013000,Disapprove,Verbal conflict
892177516,20191211,201912,USA,JERSEY,USA,,,,,,,,CHN,CANTON,CHN,,,,,,,,1,193,193,19,4,-10.0,10,1,10,-3.6734693877551,1,Saudi Arabia,SA,SA,,25.0,45.0,SA,1,Saudi Arabia,SA,SA,,25.0,45.0,SA,1,Saudi Arabia,SA,SA,,25.0,45.0,SA,20191211013000,Fight,Material conflict
892177719,20191211,201912,USAGOV,US AMBASSADOR,USA,,,,,GOV,,,CHNCVL,XINJIANG,CHN,,,,,CVL,,,1,040,040,04,1,1.0,10,1,10,-2.38663484486874,4,"Beijing, Beijing, China",CH,CH22,13001,39.9289,116.388,-1898541,4,"Beijing, Beijing, China",CH,CH22,13001,39.9289,116.388,-1898541,4,"Beijing, Beijing, China",CH,CH22,13001,39.9289,116.388,-1898541,20191211013000,Consult,Verbal cooperation
892177758,20191211,201912,USAMED,WALL STREET JOURNAL,USA,,,,,MED,,,CHN,CHINA,CHN,,,,,,,,1,040,040,04,1,1.0,10,1,10,-1.20967741935484,3,"White House, District of Columbia, United States",US,USDC,,38.8951,-77.0364,531871,3,"White House, District of Columbia, United States",US,USDC,,38.8951,-77.0364,531871,3,"White House, District of Columbia, United States",US,USDC,,38.8951,-77.0364,531871,20191211013000,Consult,Verbal cooperation
892179672,20191211,201912,CHN,CANTON,CHN,,,,,,,,USA,LAWRENCE,USA,,,,,,,,1,040,040,04,1,1.0,10,1,10,9.66183574879229,1,China,CH,CH,,35.0,105.0,CH,1,China,CH,CH,,35.0,105.0,CH,1,China,CH,CH,,35.0,105.0,CH,20191211014500,Consult,Verbal cooperation
892179676,20191211,201912,CHN,CANTON,CHN,,,,,,,,USAEDU,LAWRENCE,USA,,,,,EDU,,,1,051,051,05,1,3.4,10,1,10,9.66183574879229,1,China,CH,CH,,35.0,105.0,CH,1,China,CH,CH,,35.0,105.0,CH,1,China,CH,CH,,35.0,105.0,CH,20191211014500,Engage in diplomatic cooperation,Verbal cooperation
892179677,20191211,201912,CHN,CHINA,CHN,,,,,,,,USAMED,WALL STREET JOURNAL,USA,,,,,MED,,,1,040,040,04,1,1.0,6,1,6,-1.34874759152216,4,"Beijing, Beijing, China",CH,CH22,13001,39.9289,116.388,-1898541,4,"Beijing, Beijing, China",CH,CH22,13001,39.9289,116.388,-1898541,4,"Beijing, Beijing, China",CH,CH22,13001,39.9289,116.388,-1898541,20191211014500,Consult,Verbal cooperation
892180716,20191211,201912,USA,LAWRENCE,USA,,,,,,,,CHN,CANTON,CHN,,,,,,,,1,040,040,04,1,1.0,10,1,10,9.66183574879229,1,China,CH,CH,,35.0,105.0,CH,1,China,CH,CH,,35.0,105.0,CH,1,China,CH,CH,,35.0,105.0,CH,20191211014500,Consult,Verbal cooperation
892180970,20191211,201912,USAMED,WALL STREET JOURNAL,USA,,,,,MED,,,CHN,CHINA,CHN,,,,,,,,1,040,040,04,1,1.0,8,1,8,-1.34874759152216,4,"Beijing, Beijing, China",CH,CH22,13001,39.9289,116.388,-1898541,4,"Beijing, Beijing, China",CH,CH22,13001,39.9289,116.388,-1898541,4,"Beijing, Beijing, China",CH,CH22,13001,39.9289,116.388,-1898541,20191211014500,Consult,Verbal cooperation
892184811,20191211,201912,USA,THE US,USA,,,,,,,,CHN,CHINESE,CHN,,,,,,,,1,114,114,11,3,-2.0,6,1,6,0.598802395209579,1,Japan,JA,JA,,36.0,138.0,JA,1,China,CH,CH,,35.0,105.0,CH,1,China,CH,CH,,35.0,105.0,CH,20191211023000,Disapprove,Verbal conflict
892186117,20191211,201912,CHN,CHINA,CHN,,,,,,,,USA,THE US,USA,,,,,,,,1,046,046,04,1,7.0,10,1,10,-2.41730279898219,1,China,CH,CH,,35.0,105.0,CH,1,China,CH,CH,,35.0,105.0,CH,1,China,CH,CH,,35.0,105.0,CH,20191211024500,Consult,Verbal cooperation
892187417,20191211,201912,USA,THE US,USA,,,,,,,,CHN,CHINA,CHN,,,,,,,,1,0311,031,03,1,5.2,10,1,10,-2.41730279898219,1,China,CH,CH,,35.0,105.0,CH,1,China,CH,CH,,35.0,105.0,CH,1,China,CH,CH,,35.0,105.0,CH,20191211024500,Express intent to cooperate,Verbal cooperation
892187418,20191211,201912,USA,THE US,USA,,,,,,,,CHN,CHINA,CHN,,,,,,,,1,046,046,04,1,7.0,10,1,10,-2.41730279898219,1,China,CH,CH,,35.0,105.0,CH,1,China,CH,CH,,35.0,105.0,CH,1,China,CH,CH,,35.0,105.0,CH,20191211024500,Consult,Verbal cooperation
892190257,20191211,201912,CHN,CHINA,CHN,,,,,,,,USA,UNITED STATES,USA,,,,,,,,1,042,042,04,1,1.9,6,1,6,6.47321428571428,4,"Lanzhou, Gansu, China",CH,CH15,13026,36.0564,103.792,-1914139,1,United States,US,US,,39.828175,-98.5795,US,1,United States,US,US,,39.828175,-98.5795,US,20191211031500,Consult,Verbal cooperation
892191229,20191211,201912,USA,UNITED STATES,USA,,,,,,,,CHN,CHINA,CHN,,,,,,,,1,043,043,04,1,2.8,8,1,8,6.47321428571428,1,United States,US,US,,39.828175,-98.5795,US,4,"Lanzhou, Gansu, China",CH,CH15,13026,36.0564,103.792,-1914139,1,United States,US,US,,39.828175,-98.5795,US,20191211031500,Consult,Verbal cooperation
892199249,20191211,201912,CHN,CHINA,CHN,,,,,,,,USA,UNITED STATES,USA,,,,,,,,1,061,061,06,2,6.4,8,1,8,-2.0746887966805,4,"Tokyo, Tokyo, Japan",JA,JA40,36340,35.685,139.751,-246227,4,"Tokyo, Tokyo, Japan",JA,JA40,36340,35.685,139.751,-246227,4,"Tokyo, Tokyo, Japan",JA,JA40,36340,35.685,139.751,-246227,20191211041500,Engage in material cooperation,Material cooperation
892200450,20191211,201912,CHN,CHINA,CHN,,,,,,,,USAGOV,RICHARD NIXON,USA,,,,,GOV,,,1,043,043,04,1,2.8,10,1,10,2.11764705882353,4,"Shanghai, Shanghai, China",CH,CH23,13243,31.2222,121.458,-1924465,4,"Shanghai, Shanghai, China",CH,CH23,13243,31.2222,121.458,-1924465,4,"Shanghai, Shanghai, China",CH,CH23,13243,31.2222,121.458,-1924465,20191211043000,Consult,Verbal cooperation
892201408,20191211,201912,USAGOV,RICHARD NIXON,USA,,,,,GOV,,,CHN,CHINA,CHN,,,,,,,,1,042,042,04,1,1.9,6,1,6,2.11764705882353,4,"Shanghai, Shanghai, China",CH,CH23,13243,31.2222,121.458,-1924465,4,"Shanghai, Shanghai, China",CH,CH23,13243,31.2222,121.458,-1924465,4,"Shanghai, Shanghai, China",CH,CH23,13243,31.2222,121.458,-1924465,20191211043000,Consult,Verbal cooperation
892205082,20191211,201912,USA,THE US,USA,,,,,,,,CHN,CHINESE,CHN,,,,,,,,1,030,030,03,1,4.0,10,1,10,-1.84696569920844,1,China,CH,CH,,35.0,105.0,CH,1,China,CH,CH,,35.0,105.0,CH,1,China,CH,CH,,35.0,105.0,CH,20191211050000,Express intent to cooperate,Verbal cooperation
892211792,20191211,201912,CHN,CHINA,CHN,,,,,,,,USA,THE US,USA,,,,,,,,1,042,042,04,1,1.9,10,1,10,-4.02930402930402,1,China,CH,CH,,35.0,105.0,CH,1,China,CH,CH,,35.0,105.0,CH,1,China,CH,CH,,35.0,105.0,CH,20191211060000,Consult,Verbal cooperation
892211793,20191211,201912,CHN,CHINA,CHN,,,,,,,,USA,THE US,USA,,,,,,,,1,061,061,06,2,6.4,10,1,10,-7.40740740740741,4,"Shanghai, Shanghai, China",CH,CH23,13243,31.2222,121.458,-1924465,4,"Shanghai, Shanghai, China",CH,CH23,13243,31.2222,121.458,-1924465,4,"Shanghai, Shanghai, China",CH,CH23,13243,31.2222,121.458,-1924465,20191211060000,Engage in material cooperation,Material cooperation
892212603,20191211,201912,USA,THE US,USA,,,,,,,,CHN,CHINA,CHN,,,,,,,,1,043,043,04,1,2.8,10,1,10,-4.02930402930402,1,China,CH,CH,,35.0,105.0,CH,1,China,CH,CH,,35.0,105.0,CH,1,China,CH,CH,,35.0,105.0,CH,20191211060000,Consult,Verbal cooperation
892213720,20191211,201912,CHN,CHINA,CHN,,,,,,,,USA,THE US,USA,,,,,,,,1,040,040,04,1,1.0,8,1,8,-4.34782608695652,1,China,CH,CH,,35.0,105.0,CH,1,United Kingdom,UK,UK,,54.0,-4.0,UK,4,"White Island, Northern Territory, Australia",AS,AS03,154722,-15.6111,136.717,-1609309,20191211061500,Consult,Verbal cooperation
892214823,20191211,201912,USA,THE US,USA,,,,,,,,CHN,CHINA,CHN,,,,,,,,1,040,040,04,1,1.0,8,1,8,-4.34782608695652,1,United Kingdom,UK,UK,,54.0,-4.0,UK,1,China,CH,CH,,35.0,105.0,CH,4,"White Island, Northern Territory, Australia",AS,AS03,154722,-15.6111,136.717,-1609309,20191211061500,Consult,Verbal cooperation
892216129,20191211,201912,CHN,CHINESE,CHN,,,,,,,,USA,UNITED STATES,USA,,,,,,,,1,010,010,01,1,0.0,8,1,8,0.98559514783928,1,China,CH,CH,,35.0,105.0,CH,1,China,CH,CH,,35.0,105.0,CH,1,China,CH,CH,,35.0,105.0,CH,20191211063000,Make public statement,Verbal cooperation
892216132,20191211,201912,CHN,BEIJING,CHN,,,,,,,,USA,WASHINGTON,USA,,,,,,,,1,111,111,11,3,-2.0,16,2,16,-5.65110565110566,4,"Beijing, Beijing, China",CH,CH22,13001,39.9289,116.388,-1898541,3,"Washington, District of Columbia, United States",US,USDC,DC001,38.8951,-77.0364,531871,4,"Beijing, Beijing, China",CH,CH22,13001,39.9289,116.388,-1898541,20191211063000,Disapprove,Verbal conflict
892217227,20191211,201912,USA,THE US,USA,,,,,,,,CHN,CHINA,CHN,,,,,,,,1,112,112,11,3,-2.0,10,1,10,-3.92609699769053,4,"Xinjiang, Jiangxi, China",CH,CH03,13167,27.7481,116.274,11065838,4,"Xinjiang, Jiangxi, China",CH,CH03,13167,27.7481,116.274,11065838,4,"Xinjiang, Jiangxi, China",CH,CH03,13167,27.7481,116.274,11065838,20191211063000,Disapprove,Verbal conflict
892225885,20191211,201912,CHN,CHINESE,CHN,,,,,,,,USA,MICHIGAN,USA,,,,,,,,1,173,173,17,4,-5.0,8,1,8,-4.07166123778501,2,"California, United States",US,USCA,,36.17,-119.746,CA,2,"California, United States",US,USCA,,36.17,-119.746,CA,2,"California, United States",US,USCA,,36.17,-119.746,CA,20191211073000,Coerce,Material conflict
892225887,20191211,201912,CHN,CHINA,CHN,,,,,,,,USA,UNITED STATES,USA,,,,,,,,1,173,173,17,4,-5.0,6,1,6,-7.25190839694656,1,"Vietnam, Republic Of",VM,VM,,16.166667,107.833333,VM,1,"Vietnam, Republic Of",VM,VM,,16.166667,107.833333,VM,1,United Kingdom,UK,UK,,54.0,-4.0,UK,20191211073000,Coerce,Material conflict
892243870,20191211,201912,CHN,CHINESE,CHN,,,,,,,,USABUS,AMERICAN,USA,,,,,BUS,,,1,160,160,16,4,-4.0,8,1,8,-5.5921052631579,1,United Kingdom,UK,UK,,54.0,-4.0,UK,1,United States,US,US,,39.828175,-98.5795,US,1,United Kingdom,UK,UK,,54.0,-4.0,UK,20191211093000,Reduce relations,Material conflict
892248438,20191211,201912,CHN,BEIJING,CHN,,,,,,,,USA,WASHINGTON,USA,,,,,,,,1,046,046,04,1,7.0,8,1,8,-6.06060606060606,4,"Beijing, Beijing, China",CH,CH22,13001,39.9289,116.388,-1898541,2,"Washington, United States",US,USWA,,47.3917,-121.571,WA,2,"Washington, United States",US,USWA,,47.3917,-121.571,WA,20191211100000,Consult,Verbal cooperation
892249370,20191211,201912,USA,WASHINGTON,USA,,,,,,,,CHN,BEIJING,CHN,,,,,,,,1,046,046,04,1,7.0,10,1,10,-6.06060606060606,4,"Beijing, Beijing, China",CH,CH22,13001,39.9289,116.388,-1898541,4,"Beijing, Beijing, China",CH,CH22,13001,39.9289,116.388,-1898541,4,"Beijing, Beijing, China",CH,CH22,13001,39.9289,116.388,-1898541,20191211100000,Consult,Verbal cooperation
892250856,20191211,201912,CHN,CHINESE,CHN,,,,,,,,USA,AMERICAN,USA,,,,,,,,1,111,111,11,3,-2.0,8,1,8,-0.26338893766461,4,"Hanoi, Ha N?i, Vietnam, Republic Of",VM,VM44,74067,21.0333,105.85,-3714993,4,"Hanoi, Ha N?i, Vietnam, Republic Of",VM,VM44,74067,21.0333,105.85,-3714993,4,"Hanoi, Ha N?i, Vietnam, Republic Of",VM,VM44,74067,21.0333,105.85,-3714993,20191211101500,Disapprove,Verbal conflict
892254671,20191211,201912,USA,THE US,USA,,,,,,,,CHNBUS,CHINESE,CHN,,,,,BUS,,,1,130,130,13,3,-4.4,6,1,6,-3.51239669421488,4,"Shenzhen, Guangdong, China",CH,CH30,13036,22.2,111.117,-1925267,4,"Shenzhen, Guangdong, China",CH,CH30,13036,22.2,111.117,-1925267,4,"Shenzhen, Guangdong, China",CH,CH30,13036,22.2,111.117,-1925267,20191211103000,Threaten,Verbal conflict
892256311,20191211,201912,CHN,CHINESE,CHN,,,,,,,,USAMED,REUTERS,USA,,,,,MED,,,1,020,020,02,1,3.0,10,1,10,-1.73913043478261,1,China,CH,CH,,35.0,105.0,CH,1,China,CH,CH,,35.0,105.0,CH,1,China,CH,CH,,35.0,105.0,CH,20191211104500,Appeal,Verbal cooperation
892262027,20191211,201912,CHN,CHINESE,CHN,,,,,,,,USA,AMERICAN,USA,,,,,,,,1,111,111,11,3,-2.0,7,1,7,-4.7008547008547,4,"Xinjiang, Jiangxi, China",CH,CH03,13167,27.7481,116.274,11065838,4,"Xinjiang, Jiangxi, China",CH,CH03,13167,27.7481,116.274,11065838,4,"Xinjiang, Jiangxi, China",CH,CH03,13167,27.7481,116.274,11065838,20191211111500,Disapprove,Verbal conflict
892267591,20191211,201912,CHN,CANTON,CHN,,,,,,,,USA,LAWRENCE,USA,,,,,,,,1,051,051,05,1,3.4,8,1,8,4.61538461538461,1,China,CH,CH,,35.0,105.0,CH,1,China,CH,CH,,35.0,105.0,CH,1,China,CH,CH,,35.0,105.0,CH,20191211114500,Engage in diplomatic cooperation,Verbal cooperation
892280103,20191211,201912,USA,UNITED STATES,USA,,,,,,,,CHN,CHINA,CHN,,,,,,,,1,110,110,11,3,-2.0,8,1,8,-1.8034265103697,3,"Washington, District of Columbia, United States",US,USDC,DC001,38.8951,-77.0364,531871,4,"Beijing, Beijing, China",CH,CH22,13001,39.9289,116.388,-1898541,3,"Washington, District of Columbia, United States",US,USDC,DC001,38.8951,-77.0364,531871,20191211124500,Disapprove,Verbal conflict
892295810,20181211,201812,USA,HOUSTON,USA,,,,,,,,CHN,CHINA,CHN,,,,,,,,1,043,043,04,1,2.8,6,1,6,-2.46153846153846,3,"Houston, Texas, United States",US,USTX,TX201,29.7633,-95.3633,1380948,4,"Maba, Guangdong, China",CH,CH30,13163,24.725,115.385,11117446,3,"Houston, Texas, United States",US,USTX,TX201,29.7633,-95.3633,1380948,20191211141500,Consult,Verbal cooperation
892303310,20191211,201912,CHN,CHINESE,CHN,,,,,,,,USA,PHILADELPHIA,USA,,,,,,,,1,042,042,04,1,1.9,8,1,8,2.13903743315508,4,"Shanghai, Shanghai, China",CH,CH23,13243,31.2222,121.458,-1924465,3,"Philadelphia, Pennsylvania, United States",US,USPA,PA101,39.9523,-75.1638,1209052,3,"Philadelphia, Pennsylvania, United States",US,USPA,PA101,39.9523,-75.1638,1209052,20191211144500,Consult,Verbal cooperation
892304635,20191211,201912,USA,PHILADELPHIA,USA,,,,,,,,CHN,CHINESE,CHN,,,,,,,,1,043,043,04,1,2.8,8,1,8,2.13903743315508,3,"Philadelphia, Pennsylvania, United States",US,USPA,PA101,39.9523,-75.1638,1209052,4,"Shanghai, Shanghai, China",CH,CH23,13243,31.2222,121.458,-1924465,3,"Philadelphia, Pennsylvania, United States",US,USPA,PA101,39.9523,-75.1638,1209052,20191211144500,Consult,Verbal cooperation
892304636,20191211,201912,USA,PHILADELPHIA,USA,,,,,,,,CHN,CHINESE,CHN,,,,,,,,1,173,173,17,4,-5.0,10,1,10,2.13903743315508,3,"Philadelphia, Pennsylvania, United States",US,USPA,PA101,39.9523,-75.1638,1209052,4,"Shanghai, Shanghai, China",CH,CH23,13243,31.2222,121.458,-1924465,3,"Philadelphia, Pennsylvania, United States",US,USPA,PA101,39.9523,-75.1638,1209052,20191211144500,Coerce,Material conflict
892304896,20191210,201912,CHN,CHINA,CHN,,,,,,,,USA,THE US,USA,,,,,,,,1,050,050,05,1,3.5,10,1,10,-0.164473684210522,1,China,CH,CH,,35.0,105.0,CH,1,China,CH,CH,,35.0,105.0,CH,1,China,CH,CH,,35.0,105.0,CH,20191211150000,Engage in diplomatic cooperation,Verbal cooperation
892304897,20191210,201912,USA,THE US,USA,,,,,,,,CHN,CHINA,CHN,,,,,,,,1,050,050,05,1,3.5,10,1,10,-0.164473684210522,1,China,CH,CH,,35.0,105.0,CH,1,China,CH,CH,,35.0,105.0,CH,1,China,CH,CH,,35.0,105.0,CH,20191211150000,Engage in diplomatic cooperation,Verbal cooperation
892310472,20191211,201912,USA,THE US,USA,,,,,,,,CHN,CHINA,CHN,,,,,,,,1,040,040,04,1,1.0,8,1,8,-1.20481927710844,1,China,CH,CH,,35.0,105.0,CH,1,China,CH,CH,,35.0,105.0,CH,3,"Washington, District of Columbia, United States",US,USDC,DC001,38.8951,-77.0364,531871,20191211151500,Consult,Verbal cooperation
892312073,20191211,201912,MNCUSAMED,GOOGLE,USA,,,,,MNC,MED,,CHN,CHINA,CHN,,,,,,,,1,172,172,17,4,-5.0,10,1,10,-2.04678362573099,4,"Teme, Qinghai, China",CH,CH06,13209,37.5333,101.333,-1928432,4,"Teme, Qinghai, China",CH,CH06,13209,37.5333,101.333,-1928432,4,"Teme, Qinghai, China",CH,CH06,13209,37.5333,101.333,-1928432,20191211153000,Coerce,Material conflict
892315548,20191211,201912,USA,JERSEY,USA,,,,,,,,CHN,CANTON,CHN,,,,,,,,1,193,193,19,4,-10.0,15,1,15,-7.89351851851852,1,Jersey,JE,JE,,49.216667,-2.116667,JE,1,Jersey,JE,JE,,49.216667,-2.116667,JE,1,Jersey,JE,JE,,49.216667,-2.116667,JE,20191211154500,Fight,Material conflict
892317413,20191211,201912,CHN,CHINA,CHN,,,,,,,,USA,UNITED STATES,USA,,,,,,,,1,061,061,06,2,6.4,10,1,10,0.0,1,China,CH,CH,,35.0,105.0,CH,3,"Manhattan, New York, United States",US,USNY,NY061,40.7834,-73.9662,971945,1,China,CH,CH,,35.0,105.0,CH,20191211160000,Engage in material cooperation,Material cooperation
892317416,20191211,201912,CHN,CHINA,CHN,,,,,,,,USAGOV,OBAMA,USA,,,,,GOV,,,1,040,040,04,1,1.0,10,1,10,-4.14746543778802,4,"Shanghai, Shanghai, China",CH,CH23,13243,31.2222,121.458,-1924465,4,"Shanghai, Shanghai, China",CH,CH23,13243,31.2222,121.458,-1924465,4,"Shanghai, Shanghai, China",CH,CH23,13243,31.2222,121.458,-1924465,20191211160000,Consult,Verbal cooperation
892317417,20191211,201912,CHN,CHINA,CHN,,,,,,,,USAGOV,RICHARD NIXON,USA,,,,,GOV,,,1,043,043,04,1,2.8,8,1,8,1.48514851485149,4,"Yangzhou, Jiangsu, China",CH,CH04,13153,32.3972,119.436,-1935691,4,"Yangzhou, Jiangsu, China",CH,CH04,13153,32.3972,119.436,-1935691,4,"Yangzhou, Jiangsu, China",CH,CH04,13153,32.3972,119.436,-1935691,20191211160000,Consult,Verbal cooperation
892318994,20191211,201912,USA,WASHINGTON,USA,,,,,,,,CHN,CHINA,CHN,,,,,,,,1,173,173,17,4,-5.0,10,1,10,-4.02802101576182,4,"Xinjiang, Jiangxi, China",CH,CH03,13167,27.7481,116.274,11065838,4,"Xinjiang, Jiangxi, China",CH,CH03,13167,27.7481,116.274,11065838,4,"Xinjiang, Jiangxi, China",CH,CH03,13167,27.7481,116.274,11065838,20191211160000,Coerce,Material conflict
892319248,20191211,201912,USAGOV,OBAMA,USA,,,,,GOV,,,CHN,CHINA,CHN,,,,,,,,1,040,040,04,1,1.0,6,1,6,-4.14746543778802,1,Iran,IR,IR,,32.0,53.0,IR,1,Iran,IR,IR,,32.0,53.0,IR,1,Iran,IR,IR,,32.0,53.0,IR,20191211160000,Consult,Verbal cooperation
892319249,20191211,201912,USAGOV,RICHARD NIXON,USA,,,,,GOV,,,CHN,CHINA,CHN,,,,,,,,1,042,042,04,1,1.9,10,1,10,1.48514851485149,2,"New York, United States",US,USNY,,42.1497,-74.9384,NY,2,"New York, United States",US,USNY,,42.1497,-74.9384,NY,2,"New York, United States",US,USNY,,42.1497,-74.9384,NY,20191211160000,Consult,Verbal cooperation
892320956,20191211,201912,CHN,CHINA,CHN,,,,,,,,USA,UNITED STATES,USA,,,,,,,,1,020,020,02,1,3.0,8,1,8,0.28409090909091,1,China,CH,CH,,35.0,105.0,CH,1,United States,US,US,,39.828175,-98.5795,US,1,United States,US,US,,39.828175,-98.5795,US,20191211161500,Appeal,Verbal cooperation
892344696,20191211,201912,USA,UNITED STATES,USA,,,,,,,,CHN,CHINA,CHN,,,,,,,,1,046,046,04,1,7.0,6,1,6,0.557103064066848,2,"Texas, United States",US,USTX,,31.106,-97.6475,TX,1,China,CH,CH,,35.0,105.0,CH,2,"Texas, United States",US,USTX,,31.106,-97.6475,TX,20191211180000,Consult,Verbal cooperation
892349638,20191211,201912,USA,AMERICAN,USA,,,,,,,,CHN,CHINESE,CHN,,,,,,,,1,111,111,11,3,-2.0,8,1,8,2.5414364640884,3,"Honolulu, Hawaii, United States",US,USHI,HI003,21.3069,-157.858,366212,3,"Honolulu, Hawaii, United States",US,USHI,HI003,21.3069,-157.858,366212,3,"Honolulu, Hawaii, United States",US,USHI,HI003,21.3069,-157.858,366212,20191211183000,Disapprove,Verbal conflict
892352183,20191211,201912,CHN,CHINA,CHN,,,,,,,,USA,UNITED STATES,USA,,,,,,,,1,043,043,04,1,2.8,8,1,8,0.9546539379475,1,China,CH,CH,,35.0,105.0,CH,1,United States,US,US,,39.828175,-98.5795,US,1,China,CH,CH,,35.0,105.0,CH,20191211184500,Consult,Verbal cooperation
892353463,20191211,201912,USA,UNITED STATES,USA,,,,,,,,CHN,CHINA,CHN,,,,,,,,1,042,042,04,1,1.9,8,1,8,0.9546539379475,1,United States,US,US,,39.828175,-98.5795,US,1,China,CH,CH,,35.0,105.0,CH,1,China,CH,CH,,35.0,105.0,CH,20191211184500,Consult,Verbal cooperation
892356919,20191211,201912,CHN,CHINA,CHN,,,,,,,,USA,NEW YORK,USA,,,,,,,,1,071,071,07,2,7.4,8,1,8,-2.95081967213114,2,"New York, United States",US,USNY,,42.1497,-74.9384,NY,2,"New York, United States",US,USNY,,42.1497,-74.9384,NY,2,"New York, United States",US,USNY,,42.1497,-74.9384,NY,20191211191500,Provide aid,Material cooperation
892365834,20191211,201912,CHN,CHINESE,CHN,,,,,,,,USA,AMERICAN,USA,,,,,,,,1,111,111,11,3,-2.0,7,1,7,0.18691588785047,4,"Guangzhou, Guangdong, China",CH,CH30,13033,23.1167,113.25,-1907161,2,"New York, United States",US,USNY,,42.1497,-74.9384,NY,4,"Guangzhou, Guangdong, China",CH,CH30,13033,23.1167,113.25,-1907161,20191211200000,Disapprove,Verbal conflict
892366961,20191211,201912,USA,WASHINGTON,USA,,,,,,,,CHN,CHINA,CHN,,,,,,,,1,173,173,17,4,-5.0,6,1,6,-5.93220338983051,3,"Washington, District of Columbia, United States",US,USDC,DC001,38.8951,-77.0364,531871,1,China,CH,CH,,35.0,105.0,CH,1,China,CH,CH,,35.0,105.0,CH,20191211200000,Coerce,Material conflict
892368307,20191211,201912,CHNGOV,CHINESE,CHN,,,,,GOV,,,USA,THE US,USA,,,,,,,,1,061,061,06,2,6.4,6,1,6,-9.86842105263159,1,China,CH,CH,,35.0,105.0,CH,1,China,CH,CH,,35.0,105.0,CH,1,China,CH,CH,,35.0,105.0,CH,20191211201500,Engage in material cooperation,Material cooperation
892371098,20191211,201912,CHN,CHINA,CHN,,,,,,,,USA,NEW YORK,USA,,,,,,,,1,110,110,11,3,-2.0,6,1,6,-0.63492063492063,1,China,CH,CH,,35.0,105.0,CH,1,China,CH,CH,,35.0,105.0,CH,1,China,CH,CH,,35.0,105.0,CH,20191211203000,Disapprove,Verbal conflict
892372222,20191211,201912,USA,UNITED STATES,USA,,,,,,,,CHN,CHINA,CHN,,,,,,,,1,110,110,11,3,-2.0,8,1,8,-4.6875,1,United States,US,US,,39.828175,-98.5795,US,4,"Beijing, Beijing, China",CH,CH22,13001,39.9289,116.388,-1898541,1,United States,US,US,,39.828175,-98.5795,US,20191211203000,Disapprove,Verbal conflict
892379944,20191211,201912,USA,UNITED STATES,USA,,,,,,,,CHNGOV,CHINESE,CHN,,,,,GOV,,,1,172,172,17,4,-5.0,12,2,12,-2.58620689655173,1,United States,US,US,,39.828175,-98.5795,US,1,China,CH,CH,,35.0,105.0,CH,4,"Vancouver, British Columbia, Canada",CA,CA02,12552,49.25,-123.133,-575268,20191211211500,Coerce,Material conflict
892381173,20191211,201912,CHN,CHINESE,CHN,,,,,,,,USA,THE US,USA,,,,,,,,1,016,016,01,1,-2.0,10,1,10,-6.35838150289018,4,"Xinjiang, Jiangxi, China",CH,CH03,13167,27.7481,116.274,11065838,4,"Xinjiang, Jiangxi, China",CH,CH03,13167,27.7481,116.274,11065838,4,"Xinjiang, Jiangxi, China",CH,CH03,13167,27.7481,116.274,11065838,20191211213000,Make public statement,Verbal cooperation
892386917,20191211,201912,USA,UNITED STATES,USA,,,,,,,,CHN,CHINA,CHN,,,,,,,,1,020,020,02,1,3.0,6,1,6,-6.31067961165048,1,Australia,AS,AS,,-25.0,135.0,AS,4,"Xinjiang, Jiangxi, China",CH,CH03,13167,27.7481,116.274,11065838,1,Australia,AS,AS,,-25.0,135.0,AS,20191211220000,Appeal,Verbal cooperation
892392640,20191211,201912,CHN,CANTON,CHN,,,,,,,,USA,LAWRENCE,USA,,,,,,,,1,020,020,02,1,3.0,10,1,10,1.70731707317073,1,China,CH,CH,,35.0,105.0,CH,1,China,CH,CH,,35.0,105.0,CH,1,China,CH,CH,,35.0,105.0,CH,20191211224500,Appeal,Verbal cooperation
892392644,20191211,201912,CHN,BEIJING,CHN,,,,,,,,USA,WASHINGTON,USA,,,,,,,,1,046,046,04,1,7.0,6,1,6,-4.39560439560439,4,"Beijing, Beijing, China",CH,CH22,13001,39.9289,116.388,-1898541,3,"Washington, District of Columbia, United States",US,USDC,DC001,38.8951,-77.0364,531871,4,"Beijing, Beijing, China",CH,CH22,13001,39.9289,116.388,-1898541,20191211224500,Consult,Verbal cooperation
892392650,20191211,201912,CHN,CHINA,CHN,,,,,,,,USA,UNITED STATES,USA,,,,,,,,1,130,130,13,3,-4.4,8,1,8,-4.39560439560439,4,"Beijing, Beijing, China",CH,CH22,13001,39.9289,116.388,-1898541,3,"Washington, District of Columbia, United States",US,USDC,DC001,38.8951,-77.0364,531871,4,"Beijing, Beijing, China",CH,CH22,13001,39.9289,116.388,-1898541,20191211224500,Threaten,Verbal conflict
892392652,20191211,201912,CHN,CHINA,CHN,,,,,,,,USA,UNITED STATES,USA,,,,,,,,1,193,193,19,4,-10.0,8,1,8,-4.39560439560439,4,"Beijing, Beijing, China",CH,CH22,13001,39.9289,116.388,-1898541,3,"Washington, District of Columbia, United States",US,USDC,DC001,38.8951,-77.0364,531871,3,"Washington, District of Columbia, United States",US,USDC,DC001,38.8951,-77.0364,531871,20191211224500,Fight,Material conflict
892393731,20191211,201912,USA,UNITED STATES,USA,,,,,,,,CHN,CHINA,CHN,,,,,,,,1,020,020,02,1,3.0,6,1,6,0.53404539385848,2,"Oklahoma, United States",US,USOK,,35.5376,-96.9247,OK,2,"Oklahoma, United States",US,USOK,,35.5376,-96.9247,OK,2,"Oklahoma, United States",US,USOK,,35.5376,-96.9247,OK,20191211224500,Appeal,Verbal cooperation
892393732,20191211,201912,USA,UNITED STATES,USA,,,,,,,,CHN,CHINA,CHN,,,,,,,,1,020,020,02,1,3.0,6,1,6,-7.38636363636364,1,United States,US,US,,39.828175,-98.5795,US,4,"Xinjiang, Jiangxi, China",CH,CH03,13167,27.7481,116.274,11065838,4,"Xinjiang, Jiangxi, China",CH,CH03,13167,27.7481,116.274,11065838,20191211224500,Appeal,Verbal cooperation
892393735,20191211,201912,USA,WASHINGTON,USA,,,,,,,,CHN,BEIJING,CHN,,,,,,,,1,046,046,04,1,7.0,6,1,6,-4.39560439560439,3,"Washington, District of Columbia, United States",US,USDC,DC001,38.8951,-77.0364,531871,4,"Beijing, Beijing, China",CH,CH22,13001,39.9289,116.388,-1898541,4,"Beijing, Beijing, China",CH,CH22,13001,39.9289,116.388,-1898541,20191211224500,Consult,Verbal cooperation
892393738,20191211,201912,USA,SAN FRANCISCO,USA,,,,,,,,CHN,CHINA,CHN,,,,,,,,1,173,173,17,4,-5.0,7,1,7,-4.83425414364641,3,"San Francisco International Airport, California, United States",US,USCA,CA081,37.6166,-122.386,1653945,1,China,CH,CH,,35.0,105.0,CH,3,"San Francisco International Airport, California, United States",US,USCA,,37.6166,-122.386,1653945,20191211224500,Coerce,Material conflict
892393956,20191211,201912,USAGOV,US AMBASSADOR,USA,,,,,GOV,,,CHN,CHINA,CHN,,,,,,,,1,112,112,11,3,-2.0,10,1,10,-7.38636363636364,4,"Xinjiang, Jiangxi, China",CH,CH03,13167,27.7481,116.274,11065838,4,"Xinjiang, Jiangxi, China",CH,CH03,13167,27.7481,116.274,11065838,4,"Xinjiang, Jiangxi, China",CH,CH03,13167,27.7481,116.274,11065838,20191211224500,Disapprove,Verbal conflict
892402096,20191211,201912,USA,THE US,USA,,,,,,,,CHN,CHINA,CHN,,,,,,,,1,130,130,13,3,-4.4,10,1,10,-6.12244897959184,4,"Moscow, Moskva, Russia",RS,RS48,25106,55.7522,37.6156,-2960561,1,China,CH,CH,,35.0,105.0,CH,4,"Moscow, Moskva, Russia",RS,RS48,25106,55.7522,37.6156,-2960561,20191211234500,Threaten,Verbal conflict
892403823,20191212,201912,CHN,CHINESE,CHN,,,,,,,,USA,WASHINGTON,USA,,,,,,,,1,036,036,03,1,4.0,7,1,7,-1.99151343705799,1,China,CH,CH,,35.0,105.0,CH,3,"Washington, District of Columbia, United States",US,USDC,DC001,38.8951,-77.0364,531871,3,"Washington, District of Columbia, United States",US,USDC,DC001,38.8951,-77.0364,531871,20191212000000,Express intent to cooperate,Verbal cooperation
892406282,20191212,201912,USA,WASHINGTON,USA,,,,,,,,CHN,CHINESE,CHN,,,,,,,,1,020,020,02,1,3.0,7,1,7,-1.98868458274399,3,"Washington, District of Columbia, United States",US,USDC,DC001,38.8951,-77.0364,531871,1,China,CH,CH,,35.0,105.0,CH,1,China,CH,CH,,35.0,105.0,CH,20191212000000,Appeal,Verbal cooperation
892406285,20191212,201912,USA,WASHINGTON,USA,,,,,,,,CHN,CHINESE,CHN,,,,,,,,1,036,036,03,1,4.0,6,1,6,-1.99009900990099,1,China,CH,CH,,35.0,105.0,CH,1,China,CH,CH,,35.0,105.0,CH,1,China,CH,CH,,35.0,105.0,CH,20191212000000,Express intent to cooperate,Verbal cooperation
892408716,20191212,201912,CHN,CHINESE,CHN,,,,,,,,USA,AMERICAN,USA,,,,,,,,1,111,111,11,3,-2.0,7,1,7,-3.39943342776204,4,"Xinjiang, Jiangxi, China",CH,CH03,13167,27.7481,116.274,11065838,4,"Xinjiang, Jiangxi, China",CH,CH03,13167,27.7481,116.274,11065838,4,"Xinjiang, Jiangxi, China",CH,CH03,13167,27.7481,116.274,11065838,20191212001500,Disapprove,Verbal conflict
892413128,20191212,201912,CHN,CHINA,CHN,,,,,,,,USA,CALIFORNIA,USA,,,,,,,,1,060,060,06,2,6.0,10,1,10,-0.81967213114754,3,"Port Of Long Beach, California, United States",US,USCA,CA037,33.7542,-118.216,1702698,1,China,CH,CH,,35.0,105.0,CH,3,"Port Of Long Beach, California, United States",US,USCA,,33.7542,-118.216,1702698,20191212003000,Engage in material cooperation,Material cooperation
892416705,20191212,201912,CHN,CHINESE,CHN,,,,,,,,USAMED,REUTERS,USA,,,,,MED,,,1,046,046,04,1,7.0,10,1,10,-4.09638554216867,4,"Beijing, Beijing, China",CH,CH22,13001,39.9289,116.388,-1898541,1,United States,US,US,,39.828175,-98.5795,US,4,"Beijing, Beijing, China",CH,CH22,13001,39.9289,116.388,-1898541,20191212004500,Consult,Verbal cooperation
892418821,20191212,201912,USAMED,REUTERS,USA,,,,,MED,,,CHN,CHINESE,CHN,,,,,,,,1,020,020,02,1,3.0,10,1,10,-4.09638554216867,1,United States,US,US,,39.828175,-98.5795,US,4,"Beijing, Beijing, China",CH,CH22,13001,39.9289,116.388,-1898541,4,"Beijing, Beijing, China",CH,CH22,13001,39.9289,116.388,-1898541,20191212004500,Appeal,Verbal cooperation
892418822,20191212,201912,USAMED,REUTERS,USA,,,,,MED,,,CHN,CHINESE,CHN,,,,,,,,1,036,036,03,1,4.0,10,1,10,-4.09638554216867,1,United States,US,US,,39.828175,-98.5795,US,4,"Beijing, Beijing, China",CH,CH22,13001,39.9289,116.388,-1898541,4,"Beijing, Beijing, China",CH,CH22,13001,39.9289,116.388,-1898541,20191212004500,Express intent to cooperate,Verbal cooperation
892418823,20191212,201912,USAMED,REUTERS,USA,,,,,MED,,,CHN,CHINESE,CHN,,,,,,,,1,046,046,04,1,7.0,8,1,8,-4.09638554216867,4,"Beijing, Beijing, China",CH,CH22,13001,39.9289,116.388,-1898541,4,"Beijing, Beijing, China",CH,CH22,13001,39.9289,116.388,-1898541,4,"Beijing, Beijing, China",CH,CH22,13001,39.9289,116.388,-1898541,20191212004500,Consult,Verbal cooperation
892424503,20191212,201912,CHN,CHINA,CHN,,,,,,,,USA,UNITED STATES,USA,,,,,,,,1,042,042,04,1,1.9,6,1,6,6.70103092783505,4,"Dunhuang, Gansu, China",CH,CH15,13019,40.1667,94.6833,-1904651,1,United States,US,US,,39.828175,-98.5795,US,1,United States,US,US,,39.828175,-98.5795,US,20191212011500,Consult,Verbal cooperation
892426128,20191212,201912,USA,UNITED STATES,USA,,,,,,,,CHN,CHINA,CHN,,,,,,,,1,040,040,04,1,1.0,6,1,6,-3.45394736842105,1,China,CH,CH,,35.0,105.0,CH,3,"White House, District of Columbia, United States",US,USDC,,38.8951,-77.0364,531871,3,"White House, District of Columbia, United States",US,USDC,,38.8951,-77.0364,531871,20191212011500,Consult,Verbal cooperation
892426130,20191212,201912,USA,UNITED STATES,USA,,,,,,,,CHN,CHINA,CHN,,,,,,,,1,043,043,04,1,2.8,8,1,8,6.70103092783505,1,United States,US,US,,39.828175,-98.5795,US,4,"Dunhuang, Gansu, China",CH,CH15,13019,40.1667,94.6833,-1904651,1,United States,US,US,,39.828175,-98.5795,US,20191212011500,Consult,Verbal cooperation
892427236,20191211,201912,CHNCVL,XINJIANG,CHN,,,,,CVL,,,USAGOV,US AMBASSADOR,USA,,,,,GOV,,,1,040,040,04,1,1.0,6,1,6,-3.06513409961686,1,Afghanistan,AF,AF,,33.0,66.0,AF,1,Afghanistan,AF,AF,,33.0,66.0,AF,3,"Washington, District of Columbia, United States",US,USDC,DC001,38.8951,-77.0364,531871,20191212013000,Consult,Verbal cooperation
892427241,20191211,201912,USAGOV,US AMBASSADOR,USA,,,,,GOV,,,CHNCVL,XINJIANG,CHN,,,,,CVL,,,1,040,040,04,1,1.0,10,1,10,-3.06513409961686,4,"Xinjiang, Jiangxi, China",CH,CH03,13167,27.7481,116.274,11065838,4,"Xinjiang, Jiangxi, China",CH,CH03,13167,27.7481,116.274,11065838,4,"Xinjiang, Jiangxi, China",CH,CH03,13167,27.7481,116.274,11065838,20191212013000,Consult,Verbal cooperation
892429379,20191212,201912,USA,UNITED STATES,USA,,,,,,,,CHN,CHINA,CHN,,,,,,,,1,033,033,03,1,5.2,8,1,8,2.02429149797571,3,"Washington, District of Columbia, United States",US,USDC,DC001,38.8951,-77.0364,531871,1,China,CH,CH,,35.0,105.0,CH,3,"Washington, District of Columbia, United States",US,USDC,DC001,38.8951,-77.0364,531871,20191212013000,Express intent to cooperate,Verbal cooperation
892429382,20191212,201912,USA,THE US,USA,,,,,,,,CHN,CHINA,CHN,,,,,,,,1,061,061,06,2,6.4,10,1,10,-3.14637482900136,1,"Vietnam, Republic Of",VM,VM,,16.166667,107.833333,VM,1,"Vietnam, Republic Of",VM,VM,,16.166667,107.833333,VM,1,"Vietnam, Republic Of",VM,VM,,16.166667,107.833333,VM,20191212013000,Engage in material cooperation,Material cooperation
892429385,20191212,201912,USA,UNITED STATES,USA,,,,,,,,CHNGOV,CHINESE,CHN,,,,,GOV,,,1,172,172,17,4,-5.0,6,1,6,-2.64900662251655,1,United States,US,US,,39.828175,-98.5795,US,1,China,CH,CH,,35.0,105.0,CH,4,"Vancouver, British Columbia, Canada",CA,CA02,12552,49.25,-123.133,-575268,20191212013000,Coerce,Material conflict
892431986,20191212,201912,USA,NEW YORK,USA,,,,,,,,CHN,CHINA,CHN,,,,,,,,1,020,020,02,1,3.0,8,1,8,-3.53634577603143,2,"New York, United States",US,USNY,,42.1497,-74.9384,NY,4,"Xinjiang, Jiangxi, China",CH,CH03,13167,27.7481,116.274,11065838,4,"Xinjiang, Jiangxi, China",CH,CH03,13167,27.7481,116.274,11065838,20191212014500,Appeal,Verbal cooperation
892433341,20191212,201912,CHN,CANTON,CHN,,,,,,,,USA,LAWRENCE,USA,,,,,,,,1,014,014,01,1,0.0,10,1,10,-17.2839506172839,1,China,CH,CH,,35.0,105.0,CH,1,China,CH,CH,,35.0,105.0,CH,1,China,CH,CH,,35.0,105.0,CH,20191212020000,Make public statement,Verbal cooperation
892433342,20191212,201912,CHN,CHINA,CHN,,,,,,,,USA,NEW YORK,USA,,,,,,,,1,071,071,07,2,7.4,8,1,8,-3.42465753424658,2,"New York, United States",US,USNY,,42.1497,-74.9384,NY,2,"New York, United States",US,USNY,,42.1497,-74.9384,NY,2,"New York, United States",US,USNY,,42.1497,-74.9384,NY,20191212020000,Provide aid,Material cooperation
892433343,20191212,201912,CHN,CANTON,CHN,,,,,,,,USA,LAWRENCE,USA,,,,,,,,1,1821,182,18,4,-9.0,10,1,10,-17.2839506172839,1,China,CH,CH,,35.0,105.0,CH,1,China,CH,CH,,35.0,105.0,CH,1,China,CH,CH,,35.0,105.0,CH,20191212020000,Assault,Material conflict
892434301,20191212,201912,USA,UNITED STATES,USA,,,,,,,,CHN,CHINA,CHN,,,,,,,,1,040,040,04,1,1.0,6,1,6,-3.87205387205387,3,"White House, District of Columbia, United States",US,USDC,,38.8951,-77.0364,531871,1,China,CH,CH,,35.0,105.0,CH,1,China,CH,CH,,35.0,105.0,CH,20191212020000,Consult,Verbal cooperation
892438651,20191212,201912,USA,UNITED STATES,USA,,,,,,,,CHN,CHINA,CHN,,,,,,,,1,020,020,02,1,3.0,6,1,6,-6.25,1,Australia,AS,AS,,-25.0,135.0,AS,4,"Xinjiang, Jiangxi, China",CH,CH03,13167,27.7481,116.274,11065838,1,Australia,AS,AS,,-25.0,135.0,AS,20191212023000,Appeal,Verbal cooperation
892439841,20191212,201912,CHN,CHINA,CHN,,,,,,,,USA,THE US,USA,,,,,,,,1,040,040,04,1,1.0,24,1,24,-1.20562733832716,1,China,CH,CH,,35.0,105.0,CH,1,China,CH,CH,,35.0,105.0,CH,3,"Washington, District of Columbia, United States",US,USDC,DC001,38.8951,-77.0364,531871,20191212024500,Consult,Verbal cooperation
892439842,20191212,201912,CHN,CHINA,CHN,,,,,,,,USA,THE US,USA,,,,,,,,1,040,040,04,1,1.0,6,1,6,-1.20562733832716,1,China,CH,CH,,35.0,105.0,CH,1,China,CH,CH,,35.0,105.0,CH,1,China,CH,CH,,35.0,105.0,CH,20191212024500,Consult,Verbal cooperation
892439843,20191212,201912,CHN,CHINA,CHN,,,,,,,,USA,WASHINGTON,USA,,,,,,,,1,050,050,05,1,3.5,9,1,9,-1.20562733832716,1,China,CH,CH,,35.0,105.0,CH,3,"Washington, District of Columbia, United States",US,USDC,DC001,38.8951,-77.0364,531871,1,China,CH,CH,,35.0,105.0,CH,20191212024500,Engage in diplomatic cooperation,Verbal cooperation
892439844,20191212,201912,CHN,CHINA,CHN,,,,,,,,USA,THE US,USA,,,,,,,,1,051,051,05,1,3.4,30,1,30,-1.20562733832716,1,China,CH,CH,,35.0,105.0,CH,1,China,CH,CH,,35.0,105.0,CH,1,China,CH,CH,,35.0,105.0,CH,20191212024500,Engage in diplomatic cooperation,Verbal cooperation
892440745,20191212,201912,USA,WASHINGTON,USA,,,,,,,,CHN,CHINA,CHN,,,,,,,,1,0311,031,03,1,5.2,9,1,9,-1.20562733832716,3,"Washington, District of Columbia, United States",US,USDC,DC001,38.8951,-77.0364,531871,1,China,CH,CH,,35.0,105.0,CH,3,"Washington, District of Columbia, United States",US,USDC,DC001,38.8951,-77.0364,531871,20191212024500,Express intent to cooperate,Verbal cooperation
892440746,20191212,201912,USA,THE US,USA,,,,,,,,CHN,CHINA,CHN,,,,,,,,1,040,040,04,1,1.0,24,1,24,-1.20562733832716,1,China,CH,CH,,35.0,105.0,CH,1,China,CH,CH,,35.0,105.0,CH,3,"Washington, District of Columbia, United States",US,USDC,DC001,38.8951,-77.0364,531871,20191212024500,Consult,Verbal cooperation
892440747,20191212,201912,USA,WASHINGTON,USA,,,,,,,,CHN,CHINA,CHN,,,,,,,,1,050,050,05,1,3.5,9,1,9,-1.20562733832716,3,"Washington, District of Columbia, United States",US,USDC,DC001,38.8951,-77.0364,531871,1,China,CH,CH,,35.0,105.0,CH,1,China,CH,CH,,35.0,105.0,CH,20191212024500,Engage in diplomatic cooperation,Verbal cooperation
892447841,20191212,201912,CHN,CHINA,CHN,,,,,,,,USA,UNITED STATES,USA,,,,,,,,1,042,042,04,1,1.9,6,1,6,6.59090909090909,4,"Lanzhou, Gansu, China",CH,CH15,13026,36.0564,103.792,-1914139,1,United States,US,US,,39.828175,-98.5795,US,1,United States,US,US,,39.828175,-98.5795,US,20191212034500,Consult,Verbal cooperation
892448622,20191212,201912,USA,UNITED STATES,USA,,,,,,,,CHN,CHINA,CHN,,,,,,,,1,043,043,04,1,2.8,8,1,8,6.59090909090909,1,United States,US,US,,39.828175,-98.5795,US,4,"Lanzhou, Gansu, China",CH,CH15,13026,36.0564,103.792,-1914139,1,United States,US,US,,39.828175,-98.5795,US,20191212034500,Consult,Verbal cooperation
892451675,20191212,201912,CHN,BEIJING,CHN,,,,,,,,USA,WASHINGTON,USA,,,,,,,,1,0311,031,03,1,5.2,8,1,8,-3.90625,4,"Beijing, Beijing, China",CH,CH22,13001,39.9289,116.388,-1898541,4,"Beijing, Beijing, China",CH,CH22,13001,39.9289,116.388,-1898541,4,"Beijing, Beijing, China",CH,CH22,13001,39.9289,116.388,-1898541,20191212041500,Express intent to cooperate,Verbal cooperation
892455056,20191212,201912,USA,WASHINGTON,USA,,,,,,,,CHN,CHINA,CHN,,,,,,,,1,030,030,03,1,4.0,8,1,8,-1.34529147982063,3,"Washington, District of Columbia, United States",US,USDC,DC001,38.8951,-77.0364,531871,4,"Gao Feng, Sichuan, China",CH,CH32,13270,32.0105,104.019,10334640,4,"Gao Feng, Sichuan, China",CH,CH32,13270,32.0105,104.019,10334640,20191212043000,Express intent to cooperate,Verbal cooperation
892460244,20191212,201912,USA,THE US,USA,,,,,,,,CHN,BEIJING,CHN,,,,,,,,1,012,012,01,1,-0.4,10,1,10,1.98511166253102,4,"Sichuan, Gansu, China",CH,CH15,13024,35.1221,105.48,10650455,4,"Sichuan, Gansu, China",CH,CH15,13024,35.1221,105.48,10650455,4,"Sichuan, Gansu, China",CH,CH15,13024,35.1221,105.48,10650455,20191212051500,Make public statement,Verbal cooperation
892460245,20191212,201912,USA,CHICAGO,USA,,,,,,,,CHNOPP,TIBET,CHN,,,,,OPP,,,1,051,051,05,1,3.4,10,1,10,0.0,3,"Chicago, Illinois, United States",US,USIL,IL031,41.85,-87.6501,423587,3,"Chicago, Illinois, United States",US,USIL,IL031,41.85,-87.6501,423587,3,"Chicago, Illinois, United States",US,USIL,IL031,41.85,-87.6501,423587,20191212051500,Engage in diplomatic cooperation,Verbal cooperation
892460246,20191212,201912,USA,CHICAGO,USA,,,,,,,,CHNOPP,TIBET,CHN,,,,,OPP,,,1,141,141,14,3,-6.5,10,1,10,0.0,3,"Chicago, Illinois, United States",US,USIL,IL031,41.85,-87.6501,423587,3,"Chicago, Illinois, United States",US,USIL,IL031,41.85,-87.6501,423587,3,"Chicago, Illinois, United States",US,USIL,IL031,41.85,-87.6501,423587,20191212051500,Protest,Verbal conflict
892461205,20191212,201912,CHN,CHINA,CHN,,,,,,,,USA,UNITED STATES,USA,,,,,,,,1,043,043,04,1,2.8,8,1,8,0.96153846153846,1,China,CH,CH,,35.0,105.0,CH,1,United States,US,US,,39.828175,-98.5795,US,1,China,CH,CH,,35.0,105.0,CH,20191212053000,Consult,Verbal cooperation
892462123,20191212,201912,USA,UNITED STATES,USA,,,,,,,,CHN,CHINA,CHN,,,,,,,,1,042,042,04,1,1.9,8,1,8,0.96153846153846,1,United States,US,US,,39.828175,-98.5795,US,1,China,CH,CH,,35.0,105.0,CH,1,China,CH,CH,,35.0,105.0,CH,20191212053000,Consult,Verbal cooperation
892463873,20191212,201912,USA,A US,USA,,,,,,,,CHNBUS,CHINESE,CHN,,,,,BUS,,,1,172,172,17,4,-5.0,6,1,6,0.0,1,China,CH,CH,,35.0,105.0,CH,1,China,CH,CH,,35.0,105.0,CH,1,China,CH,CH,,35.0,105.0,CH,20191212054500,Coerce,Material conflict
892477648,20191212,201912,CHN,CHINA,CHN,,,,,,,,USAMED,THE ASSOCIATED PRESS,USA,,,,,MED,,,1,042,042,04,1,1.9,16,4,16,-5.64784053156146,4,"Beijing, Beijing, China",CH,CH22,13001,39.9289,116.388,-1898541,4,"Beijing, Beijing, China",CH,CH22,13001,39.9289,116.388,-1898541,4,"Beijing, Beijing, China",CH,CH22,13001,39.9289,116.388,-1898541,20191212073000,Consult,Verbal cooperation
892478851,20191212,201912,USAMED,THE ASSOCIATED PRESS,USA,,,,,MED,,,CHN,CHINA,CHN,,,,,,,,1,043,043,04,1,2.8,16,4,16,-5.64784053156146,4,"Beijing, Beijing, China",CH,CH22,13001,39.9289,116.388,-1898541,4,"Beijing, Beijing, China",CH,CH22,13001,39.9289,116.388,-1898541,4,"Beijing, Beijing, China",CH,CH22,13001,39.9289,116.388,-1898541,20191212073000,Consult,Verbal cooperation
892498210,20191212,201912,USA,AMERICAN,USA,,,,,,,,CHN,CHINESE,CHN,,,,,,,,1,0353,035,03,1,7.0,10,1,10,3.74331550802139,1,China,CH,CH,,35.0,105.0,CH,1,China,CH,CH,,35.0,105.0,CH,1,China,CH,CH,,35.0,105.0,CH,20191212093000,Express intent to cooperate,Verbal cooperation
892508373,20191212,201912,USAMED,REUTERS,USA,,,,,MED,,,CHN,CHINESE,CHN,,,,,,,,1,130,130,13,3,-4.4,10,1,10,-1.66666666666667,1,China,CH,CH,,35.0,105.0,CH,1,Japan,JA,JA,,36.0,138.0,JA,1,Japan,JA,JA,,36.0,138.0,JA,20191212103000,Threaten,Verbal conflict
892515492,20191212,201912,CHN,BEIJING,CHN,,,,,,,,USA,WASHINGTON,USA,,,,,,,,1,050,050,05,1,3.5,6,2,6,-4.59892290249433,4,"Beijing, Beijing, China",CH,CH22,13001,39.9289,116.388,-1898541,4,"Beijing, Beijing, China",CH,CH22,13001,39.9289,116.388,-1898541,4,"Beijing, Beijing, China",CH,CH22,13001,39.9289,116.388,-1898541,20191212111500,Engage in diplomatic cooperation,Verbal cooperation
892515493,20191212,201912,CHN,CHINESE,CHN,,,,,,,,USAGOV,US AMBASSADOR,USA,,,,,GOV,,,1,016,016,01,1,-2.0,8,1,8,-3.16901408450704,1,China,CH,CH,,35.0,105.0,CH,1,United States,US,US,,39.828175,-98.5795,US,1,United States,US,US,,39.828175,-98.5795,US,20191212111500,Make public statement,Verbal cooperation
892515494,20191212,201912,CHN,CHINESE,CHN,,,,,,,,USAGOV,US AMBASSADOR,USA,,,,,GOV,,,1,112,112,11,3,-2.0,8,1,8,-3.16901408450704,1,China,CH,CH,,35.0,105.0,CH,1,China,CH,CH,,35.0,105.0,CH,1,China,CH,CH,,35.0,105.0,CH,20191212111500,Disapprove,Verbal conflict
892516468,20191212,201912,USA,WASHINGTON,USA,,,,,,,,CHN,BEIJING,CHN,,,,,,,,1,050,050,05,1,3.5,6,2,6,-4.59892290249433,3,"Washington, District of Columbia, United States",US,USDC,DC001,38.8951,-77.0364,531871,4,"Beijing, Beijing, China",CH,CH22,13001,39.9289,116.388,-1898541,4,"Beijing, Beijing, China",CH,CH22,13001,39.9289,116.388,-1898541,20191212111500,Engage in diplomatic cooperation,Verbal cooperation
892523720,20191212,201912,CHN,CHINA,CHN,,,,,,,,USA,AMERICAN,USA,,,,,,,,1,010,010,01,1,0.0,10,1,10,-0.3690036900369,1,China,CH,CH,,35.0,105.0,CH,1,China,CH,CH,,35.0,105.0,CH,1,China,CH,CH,,35.0,105.0,CH,20191212120000,Make public statement,Verbal cooperation
892523722,20191212,201912,CHN,CHINA,CHN,,,,,,,,USA,UNITED STATES,USA,,,,,,,,1,012,012,01,1,-0.4,6,1,6,-2.79187817258883,4,"Beijing, Beijing, China",CH,CH22,13001,39.9289,116.388,-1898541,3,"White House, District of Columbia, United States",US,USDC,,38.8951,-77.0364,531871,3,"White House, District of Columbia, United States",US,USDC,,38.8951,-77.0364,531871,20191212120000,Make public statement,Verbal cooperation
892523723,20191212,201912,CHN,CHINA,CHN,,,,,,,,USA,UNITED STATES,USA,,,,,,,,1,046,046,04,1,7.0,8,1,8,-2.79187817258883,4,"Beijing, Beijing, China",CH,CH22,13001,39.9289,116.388,-1898541,3,"Washington, District of Columbia, United States",US,USDC,DC001,38.8951,-77.0364,531871,3,"Washington, District of Columbia, United States",US,USDC,DC001,38.8951,-77.0364,531871,20191212120000,Consult,Verbal cooperation
892543365,20191212,201912,CHN,CHINA,CHN,,,,,,,,USA,AMERICAN,USA,,,,,,,,1,160,160,16,4,-4.0,10,1,10,-5.46767537826685,4,"Beijing, Beijing, China",CH,CH22,13001,39.9289,116.388,-1898541,4,"Beijing, Beijing, China",CH,CH22,13001,39.9289,116.388,-1898541,4,"Beijing, Beijing, China",CH,CH22,13001,39.9289,116.388,-1898541,20191212134500,Reduce relations,Material conflict
892544625,20191212,201912,USA,WASHINGTON,USA,,,,,,,,CHN,CHINA,CHN,,,,,,,,1,130,130,13,3,-4.4,10,1,10,-5.50098231827112,4,"Beijing, Beijing, China",CH,CH22,13001,39.9289,116.388,-1898541,4,"Beijing, Beijing, China",CH,CH22,13001,39.9289,116.388,-1898541,4,"Beijing, Beijing, China",CH,CH22,13001,39.9289,116.388,-1898541,20191212134500,Threaten,Verbal conflict
892544627,20191212,201912,USA,WASHINGTON,USA,,,,,,,,CHN,CHINA,CHN,,,,,,,,1,138,138,13,3,-7.0,8,1,8,-5.50098231827112,3,"Washington, District of Columbia, United States",US,USDC,DC001,38.8951,-77.0364,531871,4,"Xijin, Shaanxi, China",CH,CH26,13218,34.5712,108.23,10549118,3,"Washington, District of Columbia, United States",US,USDC,DC001,38.8951,-77.0364,531871,20191212134500,Threaten,Verbal conflict
892547571,20191212,201912,CHN,CHINA,CHN,,,,,,,,USA,WASHINGTON,USA,,,,,,,,1,061,061,06,2,6.4,8,1,8,-0.88495575221239,4,"Shanghai, Shanghai, China",CH,CH23,13243,31.2222,121.458,-1924465,3,"Washington, District of Columbia, United States",US,USDC,DC001,38.8951,-77.0364,531871,4,"Shanghai, Shanghai, China",CH,CH23,13243,31.2222,121.458,-1924465,20191212140000,Engage in material cooperation,Material cooperation
892548773,20191212,201912,USA,WASHINGTON,USA,,,,,,,,CHN,CHINA,CHN,,,,,,,,1,061,061,06,2,6.4,10,1,10,-0.88495575221239,4,"Shanghai, Shanghai, China",CH,CH23,13243,31.2222,121.458,-1924465,4,"Shanghai, Shanghai, China",CH,CH23,13243,31.2222,121.458,-1924465,4,"Shanghai, Shanghai, China",CH,CH23,13243,31.2222,121.458,-1924465,20191212140000,Engage in material cooperation,Material cooperation
892555486,20191212,201912,CHNGOV,SIAN,CHN,,,,,GOV,,,USA,UNITED STATES,USA,,,,,,,,1,040,040,04,1,1.0,24,3,24,-4.20168067226891,2,"New York, United States",US,USNY,,42.1497,-74.9384,NY,2,"New York, United States",US,USNY,,42.1497,-74.9384,NY,2,"New York, United States",US,USNY,,42.1497,-74.9384,NY,20191212144500,Consult,Verbal cooperation
892556631,20191212,201912,USA,UNITED STATES,USA,,,,,,,,CHNGOV,SIAN,CHN,,,,,GOV,,,1,190,190,19,4,-10.0,12,3,12,-4.20168067226891,3,"Morningside Park, New York, United States",US,USNY,NY061,40.8065,-73.9582,957684,3,"Morningside Park, New York, United States",US,USNY,,40.8065,-73.9582,957684,3,"Morningside Park, New York, United States",US,USNY,,40.8065,-73.9582,957684,20191212144500,Fight,Material conflict
892562810,20191212,201912,USA,THE US,USA,,,,,,,,CHN,CHINA,CHN,,,,,,,,1,071,071,07,2,7.4,6,1,6,1.97841726618705,1,Seychelles,SE,SE,,-4.583333,55.666667,SE,1,Seychelles,SE,SE,,-4.583333,55.666667,SE,1,Seychelles,SE,SE,,-4.583333,55.666667,SE,20191212151500,Provide aid,Material cooperation
892569893,20191212,201912,USA,THE US,USA,,,,,,,,CHNBUS,CHINESE,CHN,,,,,BUS,,,1,180,180,18,4,-9.0,6,1,6,-1.15473441108545,1,China,CH,CH,,35.0,105.0,CH,1,China,CH,CH,,35.0,105.0,CH,1,China,CH,CH,,35.0,105.0,CH,20191212154500,Assault,Material conflict
892572890,20191212,201912,USA,WASHINGTON,USA,,,,,,,,CHN,BEIJING,CHN,,,,,,,,1,139,139,13,3,-7.0,8,1,8,-3.36134453781513,3,"Washington, District of Columbia, United States",US,USDC,DC001,38.8951,-77.0364,531871,4,"Beijing, Beijing, China",CH,CH22,13001,39.9289,116.388,-1898541,3,"Washington, District of Columbia, United States",US,USDC,DC001,38.8951,-77.0364,531871,20191212160000,Threaten,Verbal conflict
892578500,20191212,201912,USA,UNITED STATES,USA,,,,,,,,CHN,SIAN,CHN,,,,,,,,1,193,193,19,4,-10.0,12,4,12,-8.00823123337729,3,"Morningside Park, New York, United States",US,USNY,NY061,40.8065,-73.9582,957684,3,"Columbia University, New York, United States",US,USNY,,40.809,-73.9613,947193,3,"Morningside Park, New York, United States",US,USNY,,40.8065,-73.9582,957684,20191212163000,Fight,Material conflict
892585983,20191212,201912,CHN,CHINA,CHN,,,,,,,,USA,UNITED STATES,USA,,,,,,,,1,018,018,01,1,3.4,6,1,6,5.08982035928144,1,China,CH,CH,,35.0,105.0,CH,2,"Washington, United States",US,USWA,,47.3917,-121.571,WA,1,China,CH,CH,,35.0,105.0,CH,20191212171500,Make public statement,Verbal cooperation
892593699,20191212,201912,CHN,CHINESE,CHN,,,,,,,,USA,LOS ANGELES,USA,,,,,,,,1,042,042,04,1,1.9,8,1,8,-4.45344129554656,1,China,CH,CH,,35.0,105.0,CH,3,"Los Angeles, California, United States",US,USCA,,34.0522,-118.244,1662328,1,China,CH,CH,,35.0,105.0,CH,20191212181500,Consult,Verbal cooperation
892595264,20191212,201912,USA,LOS ANGELES,USA,,,,,,,,CHN,CHINESE,CHN,,,,,,,,1,043,043,04,1,2.8,10,1,10,-4.45344129554656,3,"Los Angeles, California, United States",US,USCA,CA037,34.0522,-118.244,1662328,1,China,CH,CH,,35.0,105.0,CH,1,China,CH,CH,,35.0,105.0,CH,20191212181500,Consult,Verbal cooperation
892603157,20191212,201912,USA,WASHINGTON,USA,,,,,,,,CHN,CHINA,CHN,,,,,,,,1,036,036,03,1,4.0,10,2,10,-3.63492697073128,1,Hong Kong,HK,HK,,22.25,114.166667,HK,1,Hong Kong,HK,HK,,22.25,114.166667,HK,4,"Beijing, Beijing, China",CH,CH22,13001,39.9289,116.388,-1898541,20191212190000,Express intent to cooperate,Verbal cooperation
892611079,20191212,201912,CHN,CHINA,CHN,,,,,,,,USA,UNITED STATES,USA,,,,,,,,1,043,043,04,1,2.8,6,1,6,2.88135593220339,1,China,CH,CH,,35.0,105.0,CH,2,"Iowa, United States",US,USIA,,42.0046,-93.214,IA,1,China,CH,CH,,35.0,105.0,CH,20191212194500,Consult,Verbal cooperation
892612306,20191212,201912,USA,UNITED STATES,USA,,,,,,,,CHN,CHINESE,CHN,,,,,,,,1,172,172,17,4,-5.0,12,1,12,0.46728971962617,1,Canada,CA,CA,,60.0,-96.0,CA,1,Canada,CA,CA,,60.0,-96.0,CA,1,Canada,CA,CA,,60.0,-96.0,CA,20191212194500,Coerce,Material conflict
892612308,20191212,201912,USA,UNITED STATES,USA,,,,,,,,CHNGOV,CHINESE,CHN,,,,,GOV,,,1,172,172,17,4,-5.0,18,1,18,0.46728971962617,1,Canada,CA,CA,,60.0,-96.0,CA,1,Canada,CA,CA,,60.0,-96.0,CA,1,Canada,CA,CA,,60.0,-96.0,CA,20191212194500,Coerce,Material conflict
892612309,20191212,201912,USA,UNITED STATES,USA,,,,,,,,CHNGOV,SIAN,CHN,,,,,GOV,,,1,193,193,19,4,-10.0,6,1,6,-6.42054574638845,3,"Morningside Park, New York, United States",US,USNY,NY061,40.8065,-73.9582,957684,3,"Morningside Park, New York, United States",US,USNY,,40.8065,-73.9582,957684,3,"Morningside Park, New York, United States",US,USNY,,40.8065,-73.9582,957684,20191212194500,Fight,Material conflict
892617357,20191212,201912,USA,UNITED STATES,USA,,,,,,,,CHN,CHINA,CHN,,,,,,,,1,040,040,04,1,1.0,10,1,10,0.25380710659898,3,"Chicago, Illinois, United States",US,USIL,IL031,41.85,-87.6501,423587,3,"Chicago, Illinois, United States",US,USIL,IL031,41.85,-87.6501,423587,3,"Chicago, Illinois, United States",US,USIL,IL031,41.85,-87.6501,423587,20191212201500,Consult,Verbal cooperation
892618822,20191212,201912,CHN,BEIJING,CHN,,,,,,,,USA,WASHINGTON,USA,,,,,,,,1,014,014,01,1,0.0,8,1,8,-1.51228733459357,4,"Beijing, Beijing, China",CH,CH22,13001,39.9289,116.388,-1898541,4,"Beijing, Beijing, China",CH,CH22,13001,39.9289,116.388,-1898541,4,"Beijing, Beijing, China",CH,CH22,13001,39.9289,116.388,-1898541,20191212203000,Make public statement,Verbal cooperation
892619849,20191212,201912,USA,UNITED STATES,USA,,,,,,,,CHN,CHINA,CHN,,,,,,,,1,010,010,01,1,0.0,6,3,6,0.859963111857734,3,"White House, District of Columbia, United States",US,USDC,,38.8951,-77.0364,531871,1,China,CH,CH,,35.0,105.0,CH,1,China,CH,CH,,35.0,105.0,CH,20191212203000,Make public statement,Verbal cooperation
892619850,20191212,201912,USA,WASHINGTON,USA,,,,,,,,CHN,BEIJING,CHN,,,,,,,,1,014,014,01,1,0.0,6,1,6,-1.51228733459357,3,"Washington, District of Columbia, United States",US,USDC,DC001,38.8951,-77.0364,531871,4,"Beijing, Beijing, China",CH,CH22,13001,39.9289,116.388,-1898541,4,"Beijing, Beijing, China",CH,CH22,13001,39.9289,116.388,-1898541,20191212203000,Make public statement,Verbal cooperation
892619857,20191212,201912,USA,UNITED STATES,USA,,,,,,,,CHNLEG,CHINA,CHN,,,,,LEG,,,1,010,010,01,1,0.0,6,1,6,0.980392156862747,3,"White House, District of Columbia, United States",US,USDC,,38.8951,-77.0364,531871,4,"Beijing, Beijing, China",CH,CH22,13001,39.9289,116.388,-1898541,4,"Beijing, Beijing, China",CH,CH22,13001,39.9289,116.388,-1898541,20191212203000,Make public statement,Verbal cooperation
892619858,20191212,201912,USA,UNITED STATES,USA,,,,,,,,CHNLEG,CHINA,CHN,,,,,LEG,,,1,010,010,01,1,0.0,6,3,6,0.859963111857734,3,"White House, District of Columbia, United States",US,USDC,,38.8951,-77.0364,531871,1,China,CH,CH,,35.0,105.0,CH,1,China,CH,CH,,35.0,105.0,CH,20191212203000,Make public statement,Verbal cooperation
892628512,20191212,201912,CHN,HARBIN,CHN,,,,,,,,USA,UNITED STATES,USA,,,,,,,,1,173,173,17,4,-5.0,6,1,6,-0.83682008368201,2,"Michigan, United States",US,USMI,,43.3504,-84.5603,MI,3,"Grand Haven, Michigan, United States",US,USMI,,43.0631,-86.2284,627084,2,"Michigan, United States",US,USMI,,43.3504,-84.5603,MI,20191212213000,Coerce,Material conflict
892628514,20191212,201912,CHN,HARBIN,CHN,,,,,,,,USA,UNITED STATES,USA,,,,,,,,1,193,193,19,4,-10.0,6,1,6,-0.83682008368201,2,"Michigan, United States",US,USMI,,43.3504,-84.5603,MI,3,"Grand Haven, Michigan, United States",US,USMI,,43.0631,-86.2284,627084,3,"Grand Haven, Michigan, United States",US,USMI,,43.0631,-86.2284,627084,20191212213000,Fight,Material conflict
892632993,20191112,201911,USA,UNITED STATES,USA,,,,,,,,CHN,CHINA,CHN,,,,,,,,1,025,025,02,1,-0.3,8,1,8,-5.89622641509433,3,"Washington, District of Columbia, United States",US,USDC,DC001,38.8951,-77.0364,531871,4,"Beijing, Beijing, China",CH,CH22,13001,39.9289,116.388,-1898541,4,"Beijing, Beijing, China",CH,CH22,13001,39.9289,116.388,-1898541,20191212220000,Appeal,Verbal cooperation
892632995,20191112,201911,USA,UNITED STATES,USA,,,,,,,,CHN,BEIJING,CHN,,,,,,,,1,120,120,12,3,-4.0,6,1,6,-5.89622641509433,3,"Washington, District of Columbia, United States",US,USDC,DC001,38.8951,-77.0364,531871,4,"Beijing, Beijing, China",CH,CH22,13001,39.9289,116.388,-1898541,4,"Beijing, Beijing, China",CH,CH22,13001,39.9289,116.388,-1898541,20191212220000,Reject,Verbal conflict
892634395,20191212,201912,USA,UNITED STATES,USA,,,,,,,,CHN,CHINA,CHN,,,,,,,,1,0311,031,03,1,5.2,12,2,12,-3.16107393477588,4,"Beijing, Beijing, China",CH,CH22,13001,39.9289,116.388,-1898541,4,"Beijing, Beijing, China",CH,CH22,13001,39.9289,116.388,-1898541,4,"Beijing, Beijing, China",CH,CH22,13001,39.9289,116.388,-1898541,20191212220000,Express intent to cooperate,Verbal cooperation
892635800,20191212,201912,CHN,CHINA,CHN,,,,,,,,USA,THE US,USA,,,,,,,,1,040,040,04,1,1.0,16,1,16,-1.53374233128834,4,"Beijing, Beijing, China",CH,CH22,13001,39.9289,116.388,-1898541,4,"Beijing, Beijing, China",CH,CH22,13001,39.9289,116.388,-1898541,3,"Washington, District of Columbia, United States",US,USDC,DC001,38.8951,-77.0364,531871,20191212221500,Consult,Verbal cooperation
892636969,20191212,201912,USA,THE US,USA,,,,,,,,CHN,CHINA,CHN,,,,,,,,1,040,040,04,1,1.0,16,1,16,-1.53374233128834,4,"Beijing, Beijing, China",CH,CH22,13001,39.9289,116.388,-1898541,4,"Beijing, Beijing, China",CH,CH22,13001,39.9289,116.388,-1898541,3,"Washington, District of Columbia, United States",US,USDC,DC001,38.8951,-77.0364,531871,20191212221500,Consult,Verbal cooperation
892636974,20191212,201912,USA,THE US,USA,,,,,,,,CHN,CHINESE,CHN,,,,,,,,1,160,160,16,4,-4.0,20,1,20,-1.53374233128834,4,"Beijing, Beijing, China",CH,CH22,13001,39.9289,116.388,-1898541,4,"Beijing, Beijing, China",CH,CH22,13001,39.9289,116.388,-1898541,4,"Beijing, Beijing, China",CH,CH22,13001,39.9289,116.388,-1898541,20191212221500,Reduce relations,Material conflict
892645000,20191212,201912,CHN,CHINA,CHN,,,,,,,,USAMEDEDU,REUTERS,USA,,,,,MED,EDU,,1,051,051,05,1,3.4,6,1,6,3.11778290993071,4,"Nantong, Jiangsu, China",CH,CH04,13149,32.0898,121.074,-1912682,4,"Nantong, Jiangsu, China",CH,CH04,13149,32.0898,121.074,-1912682,4,"Nantong, Jiangsu, China",CH,CH04,13149,32.0898,121.074,-1912682,20191212231500,Engage in diplomatic cooperation,Verbal cooperation
892647264,20191212,201912,CHN,CHINA,CHN,,,,,,,,USA,UNITED STATES,USA,,,,,,,,1,030,030,03,1,4.0,8,1,8,0.55555555555556,1,China,CH,CH,,35.0,105.0,CH,1,United States,US,US,,39.828175,-98.5795,US,1,China,CH,CH,,35.0,105.0,CH,20191212233000,Express intent to cooperate,Verbal cooperation
892648224,20191212,201912,USA,UNITED STATES,USA,,,,,,,,CHN,CHINA,CHN,,,,,,,,1,030,030,03,1,4.0,10,1,10,0.55555555555556,1,Australia,AS,AS,,-25.0,135.0,AS,1,Australia,AS,AS,,-25.0,135.0,AS,1,Australia,AS,AS,,-25.0,135.0,AS,20191212233000,Express intent to cooperate,Verbal cooperation
892650460,20191212,201912,USA,WASHINGTON,USA,,,,,,,,CHN,CHINA,CHN,,,,,,,,1,050,050,05,1,3.5,10,1,10,-0.4739336492891,1,China,CH,CH,,35.0,105.0,CH,1,China,CH,CH,,35.0,105.0,CH,1,China,CH,CH,,35.0,105.0,CH,20191212234500,Engage in diplomatic cooperation,Verbal cooperation
892650719,20191212,201912,USAMED,REUTERS,USA,,,,,MED,,,CHN,BEIJING,CHN,,,,,,,,1,030,030,03,1,4.0,10,1,10,-1.49700598802395,4,"Beijing, Beijing, China",CH,CH22,13001,39.9289,116.388,-1898541,4,"Beijing, Beijing, China",CH,CH22,13001,39.9289,116.388,-1898541,4,"Beijing, Beijing, China",CH,CH22,13001,39.9289,116.388,-1898541,20191212234500,Express intent to cooperate,Verbal cooperation
892651699,20191213,201912,CHN,BEIJING,CHN,,,,,,,,USA,UNITED STATES,USA,,,,,,,,1,0842,084,08,2,7.0,32,16,32,-2.81236991217982,4,"Beijing, Beijing, China",CH,CH22,13001,39.9289,116.388,-1898541,4,"Beijing, Beijing, China",CH,CH22,13001,39.9289,116.388,-1898541,4,"Beijing, Beijing, China",CH,CH22,13001,39.9289,116.388,-1898541,20191213000000,Yield,Material cooperation
892654001,20191213,201912,USA,WASHINGTON,USA,,,,,,,,CHN,CHINESE,CHN,,,,,,,,1,020,020,02,1,3.0,10,1,10,0.5,1,United Kingdom,UK,UK,,54.0,-4.0,UK,1,United Kingdom,UK,UK,,54.0,-4.0,UK,1,United Kingdom,UK,UK,,54.0,-4.0,UK,20191213000000,Appeal,Verbal cooperation
892654008,20191213,201912,USA,UNITED STATES,USA,,,,,,,,CHNGOV,CHINESE,CHN,,,,,GOV,,,1,172,172,17,4,-5.0,6,1,6,-2.60869565217392,1,United States,US,US,,39.828175,-98.5795,US,1,China,CH,CH,,35.0,105.0,CH,4,"Vancouver, British Columbia, Canada",CA,CA02,12552,49.25,-123.133,-575268,20191213000000,Coerce,Material conflict
892655131,20191113,201911,USA,WASHINGTON,USA,,,,,,,,CHN,CHINA,CHN,,,,,,,,1,025,025,02,1,-0.3,8,1,8,-5.80046403712297,3,"Washington, District of Columbia, United States",US,USDC,DC001,38.8951,-77.0364,531871,4,"Beijing, Beijing, China",CH,CH22,13001,39.9289,116.388,-1898541,4,"Beijing, Beijing, China",CH,CH22,13001,39.9289,116.388,-1898541,20191213001500,Appeal,Verbal cooperation
892661247,20191213,201912,CHN,CHINA,CHN,,,,,,,,USA,UNITED STATES,USA,,,,,,,,1,057,057,05,1,8.0,6,1,6,0.53763440860215,4,"Beijing, Beijing, China",CH,CH22,13001,39.9289,116.388,-1898541,3,"White House, District of Columbia, United States",US,USDC,,38.8951,-77.0364,531871,4,"Beijing, Beijing, China",CH,CH22,13001,39.9289,116.388,-1898541,20191213003000,Engage in diplomatic cooperation,Verbal cooperation
892663411,20191213,201912,USA,UNITED STATES,USA,,,,,,,,CHN,CHINA,CHN,,,,,,,,1,057,057,05,1,8.0,10,1,10,0.53763440860215,4,"Beijing, Beijing, China",CH,CH22,13001,39.9289,116.388,-1898541,4,"Beijing, Beijing, China",CH,CH22,13001,39.9289,116.388,-1898541,4,"Beijing, Beijing, China",CH,CH22,13001,39.9289,116.388,-1898541,20191213003000,Engage in diplomatic cooperation,Verbal cooperation
892668680,20191213,201912,CHN,BEIJING,CHN,,,,,,,,USA,NEW JERSEY,USA,,,,,,,,1,0874,087,08,2,10.0,7,1,7,-3.41981132075472,4,"Beijing, Beijing, China",CH,CH22,13001,39.9289,116.388,-1898541,4,"Beijing, Beijing, China",CH,CH22,13001,39.9289,116.388,-1898541,4,"Beijing, Beijing, China",CH,CH22,13001,39.9289,116.388,-1898541,20191213010000,Yield,Material cooperation
892672055,20181213,201812,CHNCVL,CHINESE,CHN,,,,,CVL,,,USA,NEW JERSEY,USA,,,,,,,,1,043,043,04,1,2.8,6,1,6,-8.63095238095241,1,China,CH,CH,,35.0,105.0,CH,2,"New Jersey, United States",US,USNJ,,40.314,-74.5089,NJ,2,"New Jersey, United States",US,USNJ,,40.314,-74.5089,NJ,20191213011500,Consult,Verbal cooperation
892672067,20181213,201812,USA,NEW JERSEY,USA,,,,,,,,CHNCVL,CHINESE,CHN,,,,,CVL,,,1,042,042,04,1,1.9,6,1,6,-8.63095238095241,1,China,CH,CH,,35.0,105.0,CH,1,China,CH,CH,,35.0,105.0,CH,1,China,CH,CH,,35.0,105.0,CH,20191213011500,Consult,Verbal cooperation
892675733,20191213,201912,CHN,CHINA,CHN,,,,,,,,USA,BOSTON,USA,,,,,,,,1,111,111,11,3,-2.0,6,1,6,-9.03225806451613,4,"Xinjiang, Jiangxi, China",CH,CH03,13167,27.7481,116.274,11065838,4,"Xinjiang, Jiangxi, China",CH,CH03,13167,27.7481,116.274,11065838,4,"Xinjiang, Jiangxi, China",CH,CH03,13167,27.7481,116.274,11065838,20191213013000,Disapprove,Verbal conflict
892677894,20191113,201911,USA,UNITED STATES,USA,,,,,,,,CHN,BEIJING,CHN,,,,,,,,1,025,025,02,1,-0.3,8,1,8,-4.13223140495868,4,"Beijing, Beijing, China",CH,CH22,13001,39.9289,116.388,-1898541,4,"Beijing, Beijing, China",CH,CH22,13001,39.9289,116.388,-1898541,4,"Beijing, Beijing, China",CH,CH22,13001,39.9289,116.388,-1898541,20191213014500,Appeal,Verbal cooperation
892681119,20191213,201912,CHN,CHINESE,CHN,,,,,,,,USA,NEW YORK,USA,,,,,,,,1,051,051,05,1,3.4,10,1,10,7.56302521008404,4,"Guangzhou, Guangdong, China",CH,CH30,13033,23.1167,113.25,-1907161,4,"Guangzhou, Guangdong, China",CH,CH30,13033,23.1167,113.25,-1907161,4,"Guangzhou, Guangdong, China",CH,CH30,13033,23.1167,113.25,-1907161,20191213020000,Engage in diplomatic cooperation,Verbal cooperation
892685499,20191213,201912,CHN,CHINA,CHN,,,,,,,,USA,THE US,USA,,,,,,,,1,036,036,03,1,4.0,10,1,10,-10.7142857142857,1,China,CH,CH,,35.0,105.0,CH,1,China,CH,CH,,35.0,105.0,CH,1,China,CH,CH,,35.0,105.0,CH,20191213023000,Express intent to cooperate,Verbal cooperation
892686756,20191213,201912,USA,THE US,USA,,,,,,,,CHN,CHINA,CHN,,,,,,,,1,036,036,03,1,4.0,8,1,8,-10.7142857142857,1,United Kingdom,UK,UK,,54.0,-4.0,UK,1,United Kingdom,UK,UK,,54.0,-4.0,UK,1,United Kingdom,UK,UK,,54.0,-4.0,UK,20191213023000,Express intent to cooperate,Verbal cooperation
892687630,20191113,201911,USA,UNITED STATES,USA,,,,,,,,CHN,CHINA,CHN,,,,,,,,1,025,025,02,1,-0.3,8,1,8,-4.74137931034483,1,United States,US,US,,39.828175,-98.5795,US,4,"Beijing, Beijing, China",CH,CH22,13001,39.9289,116.388,-1898541,4,"Beijing, Beijing, China",CH,CH22,13001,39.9289,116.388,-1898541,20191213024500,Appeal,Verbal cooperation
892687632,20191113,201911,USA,UNITED STATES,USA,,,,,,,,CHN,BEIJING,CHN,,,,,,,,1,120,120,12,3,-4.0,6,1,6,-4.74137931034483,1,United States,US,US,,39.828175,-98.5795,US,4,"Beijing, Beijing, China",CH,CH22,13001,39.9289,116.388,-1898541,4,"Beijing, Beijing, China",CH,CH22,13001,39.9289,116.388,-1898541,20191213024500,Reject,Verbal conflict
892688030,20191213,201912,CHN,CHINA,CHN,,,,,,,,USA,THE US,USA,,,,,,,,1,020,020,02,1,3.0,10,1,10,-1.98019801980198,1,China,CH,CH,,35.0,105.0,CH,1,China,CH,CH,,35.0,105.0,CH,1,China,CH,CH,,35.0,105.0,CH,20191213024500,Appeal,Verbal cooperation
892688032,20191213,201912,CHN,CHINA,CHN,,,,,,,,USA,AMERICAN,USA,,,,,,,,1,070,070,07,2,7.0,7,1,7,-0.26455026455026,4,"Beijing, Beijing, China",CH,CH22,13001,39.9289,116.388,-1898541,1,United States,US,US,,39.828175,-98.5795,US,1,United States,US,US,,39.828175,-98.5795,US,20191213024500,Provide aid,Material cooperation
892688035,20191213,201912,CHN,CHINA,CHN,,,,,,,,USA,UNITED STATES,USA,,,,,,,,1,111,111,11,3,-2.0,8,1,8,-2.83018867924528,1,China,CH,CH,,35.0,105.0,CH,3,"Hollywood, California, United States",US,USCA,CA037,34.0983,-118.327,1660757,4,"Adelaide, South Australia, Australia",AS,AS05,5256,-34.9333,138.6,-1555188,20191213024500,Disapprove,Verbal conflict
892695455,20191213,201912,USA,UNITED STATES,USA,,,,,,,,CHN,NANKING,CHN,,,,,,,,1,051,051,05,1,3.4,8,1,8,0.94562647754137,4,"Nanjing, Jiangsu, China",CH,CH04,13144,32.0617,118.778,-1919548,4,"Nanjing, Jiangsu, China",CH,CH04,13144,32.0617,118.778,-1919548,4,"Nanjing, Jiangsu, China",CH,CH04,13144,32.0617,118.778,-1919548,20191213033000,Engage in diplomatic cooperation,Verbal cooperation
892699230,20191213,201912,USA,UNITED STATES,USA,,,,,,,,CHN,CHINA,CHN,,,,,,,,1,110,110,11,3,-2.0,10,1,10,-0.3125,4,"Clingendael, Zuid-Holland, Netherlands",NL,NL11,22377,52.0999,4.33209,-2142328,4,"Clingendael, Zuid-Holland, Netherlands",NL,NL11,22377,52.0999,4.33209,-2142328,4,"Clingendael, Zuid-Holland, Netherlands",NL,NL11,22377,52.0999,4.33209,-2142328,20191213040000,Disapprove,Verbal conflict
892702910,20191213,201912,USA,UNITED STATES,USA,,,,,,,,CHN,CHINESE,CHN,,,,,,,,1,030,030,03,1,4.0,8,1,8,-4.6875,1,United States,US,US,,39.828175,-98.5795,US,1,China,CH,CH,,35.0,105.0,CH,1,United States,US,US,,39.828175,-98.5795,US,20191213043000,Express intent to cooperate,Verbal cooperation
892703938,20191213,201912,CHN,CHINESE,CHN,,,,,,,,USA,THE US,USA,,,,,,,,1,010,010,01,1,0.0,10,1,10,0.0,4,"Xijin, Shaanxi, China",CH,CH26,13218,34.5712,108.23,10549118,4,"Xijin, Shaanxi, China",CH,CH26,13218,34.5712,108.23,10549118,4,"Xijin, Shaanxi, China",CH,CH26,13218,34.5712,108.23,10549118,20191213044500,Make public statement,Verbal cooperation
892705005,20191213,201912,USA,THE US,USA,,,,,,,,CHN,CHINESE,CHN,,,,,,,,1,020,020,02,1,3.0,8,1,8,-2.94736842105263,4,"Beijing, Beijing, China",CH,CH22,13001,39.9289,116.388,-1898541,4,"Beijing, Beijing, China",CH,CH22,13001,39.9289,116.388,-1898541,4,"Beijing, Beijing, China",CH,CH22,13001,39.9289,116.388,-1898541,20191213044500,Appeal,Verbal cooperation
892705509,20191213,201912,CHN,CHINA,CHN,,,,,,,,USAGOV,THE US,USA,,,,,GOV,,,1,172,172,17,4,-5.0,10,1,10,-0.36764705882353,1,China,CH,CH,,35.0,105.0,CH,1,China,CH,CH,,35.0,105.0,CH,1,China,CH,CH,,35.0,105.0,CH,20191213050000,Coerce,Material conflict
892710802,20191213,201912,USA,THE US,USA,,,,,,,,CHN,CHINA,CHN,,,,,,,,1,071,071,07,2,7.4,6,1,6,1.953125,1,Seychelles,SE,SE,,-4.583333,55.666667,SE,1,Seychelles,SE,SE,,-4.583333,55.666667,SE,1,Seychelles,SE,SE,,-4.583333,55.666667,SE,20191213053000,Provide aid,Material cooperation
892712254,20191213,201912,USA,WASHINGTON,USA,,,,,,,,CHN,BEIJING,CHN,,,,,,,,1,010,010,01,1,0.0,6,1,6,-0.23148148148148,3,"Washington, District of Columbia, United States",US,USDC,DC001,38.8951,-77.0364,531871,3,"Washington, District of Columbia, United States",US,USDC,DC001,38.8951,-77.0364,531871,3,"Washington, District of Columbia, United States",US,USDC,DC001,38.8951,-77.0364,531871,20191213054500,Make public statement,Verbal cooperation
892715043,20191213,201912,USAMED,REUTERS,USA,,,,,MED,,,CHN,BEIJING,CHN,,,,,,,,1,030,030,03,1,4.0,20,2,20,-1.5625,4,"Beijing, Beijing, China",CH,CH22,13001,39.9289,116.388,-1898541,4,"Beijing, Beijing, China",CH,CH22,13001,39.9289,116.388,-1898541,4,"Beijing, Beijing, China",CH,CH22,13001,39.9289,116.388,-1898541,20191213060000,Express intent to cooperate,Verbal cooperation
892719499,20191213,201912,USAMED,REUTERS,USA,,,,,MED,,,CHN,CHINESE,CHN,,,,,,,,1,110,110,11,3,-2.0,20,1,10,-11.7647058823529,1,China,CH,CH,,35.0,105.0,CH,1,China,CH,CH,,35.0,105.0,CH,1,Hong Kong,HK,HK,,22.25,114.166667,HK,20191213063000,Disapprove,Verbal conflict
892721799,20191113,201911,USA,WASHINGTON,USA,,,,,,,,CHN,CHINA,CHN,,,,,,,,1,025,025,02,1,-0.3,8,1,8,-4.36681222707424,4,"Beijing, Beijing, China",CH,CH22,13001,39.9289,116.388,-1898541,4,"Taiwan Strait, Taiwan (general), Taiwan",TW,TW00,,24.0,119.0,-2637942,4,"Taiwan Strait, Taiwan (general), Taiwan",TW,TW00,,24.0,119.0,-2637942,20191213070000,Appeal,Verbal cooperation
892731314,20191213,201912,CHN,BEIJING,CHN,,,,,,,,USA,UNITED STATES,USA,,,,,,,,1,020,020,02,1,3.0,9,2,9,1.35780063184782,3,"Washington, District of Columbia, United States",US,USDC,DC001,38.8951,-77.0364,531871,4,"Beijing, Beijing, China",CH,CH22,13001,39.9289,116.388,-1898541,3,"Washington, District of Columbia, United States",US,USDC,DC001,38.8951,-77.0364,531871,20191213080000,Appeal,Verbal cooperation
892732377,20191213,201912,USA,MINNESOTA,USA,,,,,,,,CHN,CHINA,CHN,,,,,,,,1,061,061,06,2,6.4,6,1,6,-5.39419087136929,4,"London, London, City of, United Kingdom",UK,UKH9,40110,51.5,-0.116667,-2601889,1,China,CH,CH,,35.0,105.0,CH,1,China,CH,CH,,35.0,105.0,CH,20191213080000,Engage in material cooperation,Material cooperation
892733558,20191213,201912,CHN,CHINA,CHN,,,,,,,,USA,UNITED STATES,USA,,,,,,,,1,0841,084,08,2,7.0,7,4,7,-2.60065252203327,4,"Beijing, Beijing, China",CH,CH22,13001,39.9289,116.388,-1898541,3,"Washington, District of Columbia, United States",US,USDC,DC001,38.8951,-77.0364,531871,3,"Washington, District of Columbia, United States",US,USDC,DC001,38.8951,-77.0364,531871,20191213081500,Yield,Material cooperation
892733559,20191213,201912,CHN,CHINESE,CHN,,,,,,,,USAMEDBUS,REUTERS,USA,,,,,MED,BUS,,1,081,081,08,2,5.0,10,1,10,-1.2987012987013,4,"Dahe, Sichuan, China",CH,CH32,13003,31.2773,105.781,6021876,4,"Dahe, Sichuan, China",CH,CH32,13003,31.2773,105.781,6021876,4,"Dahe, Sichuan, China",CH,CH32,13003,31.2773,105.781,6021876,20191213081500,Yield,Material cooperation
892738430,20191213,201912,CHN,CHINA,CHN,,,,,,,,USA,THE US,USA,,,,,,,,1,030,030,03,1,4.0,10,1,10,0.46224961479199,4,"Beijing, Beijing, China",CH,CH22,13001,39.9289,116.388,-1898541,4,"Beijing, Beijing, China",CH,CH22,13001,39.9289,116.388,-1898541,4,"Beijing, Beijing, China",CH,CH22,13001,39.9289,116.388,-1898541,20191213084500,Express intent to cooperate,Verbal cooperation
892744091,20191213,201912,CHNGOV,CHINESE,CHN,,,,,GOV,,,USA,THE US,USA,,,,,,,,1,112,112,11,3,-2.0,8,1,8,-7.54716981132075,4,"Xinjiang, Jiangxi, China",CH,CH03,13167,27.7481,116.274,11065838,4,"Xinjiang, Jiangxi, China",CH,CH03,13167,27.7481,116.274,11065838,4,"Xinjiang, Jiangxi, China",CH,CH03,13167,27.7481,116.274,11065838,20191213093000,Disapprove,Verbal conflict
892744092,20191213,201912,CHNGOV,CHINA,CHN,,,,,GOV,,,USAGOV,US AMBASSADOR,USA,,,,,GOV,,,1,040,040,04,1,1.0,8,1,8,-7.54716981132075,4,"Beijing, Beijing, China",CH,CH22,13001,39.9289,116.388,-1898541,4,"Beijing, Beijing, China",CH,CH22,13001,39.9289,116.388,-1898541,4,"Beijing, Beijing, China",CH,CH22,13001,39.9289,116.388,-1898541,20191213093000,Consult,Verbal cooperation
892746416,20191213,201912,CHNGOV,CHINA,CHN,,,,,GOV,,,USA,UNITED STATES,USA,,,,,,,,1,112,112,11,3,-2.0,8,1,8,-6.48148148148148,4,"Xinjiang, Jiangxi, China",CH,CH03,13167,27.7481,116.274,11065838,3,"Washington, District of Columbia, United States",US,USDC,DC001,38.8951,-77.0364,531871,3,"Washington, District of Columbia, United States",US,USDC,DC001,38.8951,-77.0364,531871,20191213094500,Disapprove,Verbal conflict
892753114,20191213,201912,CHN,CHINA,CHN,,,,,,,,USA,THE US,USA,,,,,,,,1,030,030,03,1,4.0,10,1,10,0.0,1,China,CH,CH,,35.0,105.0,CH,1,China,CH,CH,,35.0,105.0,CH,1,China,CH,CH,,35.0,105.0,CH,20191213103000,Express intent to cooperate,Verbal cooperation
892753119,20191213,201912,CHN,CHINA,CHN,,,,,,,,USA,UNITED STATES,USA,,,,,,,,1,042,042,04,1,1.9,8,1,8,-2.20264317180617,4,"Shanghai, Shanghai, China",CH,CH23,13243,31.2222,121.458,-1924465,1,United States,US,US,,39.828175,-98.5795,US,1,Switzerland,SZ,SZ,,47.0,8.0,SZ,20191213103000,Consult,Verbal cooperation
892753120,20191213,201912,CHN,CHINA,CHN,,,,,,,,USA,THE US,USA,,,,,,,,1,141,141,14,3,-6.5,10,1,10,0.53097345132744,4,"Shanghai, Shanghai, China",CH,CH23,13243,31.2222,121.458,-1924465,4,"Shanghai, Shanghai, China",CH,CH23,13243,31.2222,121.458,-1924465,4,"Shanghai, Shanghai, China",CH,CH23,13243,31.2222,121.458,-1924465,20191213103000,Protest,Verbal conflict
892754363,20191213,201912,USA,UNITED STATES,USA,,,,,,,,CHN,CHINA,CHN,,,,,,,,1,043,043,04,1,2.8,8,1,8,-2.20264317180617,1,United States,US,US,,39.828175,-98.5795,US,4,"Shanghai, Shanghai, China",CH,CH23,13243,31.2222,121.458,-1924465,1,Switzerland,SZ,SZ,,47.0,8.0,SZ,20191213103000,Consult,Verbal cooperation
892754366,20191213,201912,USA,UNITED STATES,USA,,,,,,,,CHN,CHINESE,CHN,,,,,,,,1,160,160,16,4,-4.0,8,1,8,-4.05405405405406,1,China,CH,CH,,35.0,105.0,CH,1,China,CH,CH,,35.0,105.0,CH,1,China,CH,CH,,35.0,105.0,CH,20191213103000,Reduce relations,Material conflict
892754470,20191213,201912,USACOP,MINNEAPOLIS,USA,,,,,COP,,,CHN,CHINA,CHN,,,,,,,,1,173,173,17,4,-5.0,6,1,6,-2.4496644295302,2,"New York, United States",US,USNY,,42.1497,-74.9384,NY,2,"New York, United States",US,USNY,,42.1497,-74.9384,NY,2,"New York, United States",US,USNY,,42.1497,-74.9384,NY,20191213103000,Coerce,Material conflict
892759388,20191213,201912,USA,CHICAGO,USA,,,,,,,,CHN,BEIJING,CHN,,,,,,,,1,036,036,03,1,4.0,7,1,7,0.42735042735043,2,"Ohio, United States",US,USOH,,40.3736,-82.7755,OH,2,"Ohio, United States",US,USOH,,40.3736,-82.7755,OH,2,"Ohio, United States",US,USOH,,40.3736,-82.7755,OH,20191213110000,Express intent to cooperate,Verbal cooperation
892760853,20191213,201912,CHN,CHINA,CHN,,,,,,,,USA,THE US,USA,,,,,,,,1,046,046,04,1,7.0,10,2,10,1.26910911117267,4,"Beijing, Beijing, China",CH,CH22,13001,39.9289,116.388,-1898541,4,"Beijing, Beijing, China",CH,CH22,13001,39.9289,116.388,-1898541,4,"Beijing, Beijing, China",CH,CH22,13001,39.9289,116.388,-1898541,20191213111500,Consult,Verbal cooperation
892762201,20191213,201912,USA,THE US,USA,,,,,,,,CHN,CHINA,CHN,,,,,,,,1,046,046,04,1,7.0,6,2,6,1.26910911117267,4,"Beijing, Beijing, China",CH,CH22,13001,39.9289,116.388,-1898541,3,"Washington, District of Columbia, United States",US,USDC,DC001,38.8951,-77.0364,531871,3,"Washington, District of Columbia, United States",US,USDC,DC001,38.8951,-77.0364,531871,20191213111500,Consult,Verbal cooperation
892762202,20191213,201912,USA,A US,USA,,,,,,,,CHN,CHINESE,CHN,,,,,,,,1,172,172,17,4,-5.0,8,2,8,0.451487973909498,1,China,CH,CH,,35.0,105.0,CH,1,China,CH,CH,,35.0,105.0,CH,1,China,CH,CH,,35.0,105.0,CH,20191213111500,Coerce,Material conflict
892762203,20191213,201912,USA,A US,USA,,,,,,,,CHNBUS,CHINESE,CHN,,,,,BUS,,,1,172,172,17,4,-5.0,12,2,12,0.451487973909498,1,China,CH,CH,,35.0,105.0,CH,1,China,CH,CH,,35.0,105.0,CH,1,China,CH,CH,,35.0,105.0,CH,20191213111500,Coerce,Material conflict
892770095,20191213,201912,CHN,CHINA,CHN,,,,,,,,USA,UNITED STATES,USA,,,,,,,,1,020,020,02,1,3.0,10,1,10,0.50977060322855,4,"London, London, City of, United Kingdom",UK,UKH9,40110,51.5,-0.116667,-2601889,4,"London, London, City of, United Kingdom",UK,UKH9,40110,51.5,-0.116667,-2601889,4,"London, London, City of, United Kingdom",UK,UKH9,40110,51.5,-0.116667,-2601889,20191213120000,Appeal,Verbal cooperation
892770890,20191213,201912,USA,WASHINGTON,USA,,,,,,,,CHN,CHINESE,CHN,,,,,,,,1,020,020,02,1,3.0,10,1,10,0.0,3,"Washington, District of Columbia, United States",US,USDC,DC001,38.8951,-77.0364,531871,4,"Shanghai, Shanghai, China",CH,CH23,13243,31.2222,121.458,-1924465,3,"Washington, District of Columbia, United States",US,USDC,DC001,38.8951,-77.0364,531871,20191213120000,Appeal,Verbal cooperation
892772511,20191213,201912,USA,THE US,USA,,,,,,,,CHN,CHINA,CHN,,,,,,,,1,0311,031,03,1,5.2,6,1,6,-0.80321285140563,2,"Texas, United States",US,USTX,,31.106,-97.6475,TX,2,"Texas, United States",US,USTX,,31.106,-97.6475,TX,2,"Texas, United States",US,USTX,,31.106,-97.6475,TX,20191213121500,Express intent to cooperate,Verbal cooperation
892776326,20191213,201912,USA,AMERICAN,USA,,,,,,,,CHN,CHINA,CHN,,,,,,,,1,111,111,11,3,-2.0,8,1,8,0.61425061425061,1,United States,US,US,,39.828175,-98.5795,US,1,United States,US,US,,39.828175,-98.5795,US,1,United States,US,US,,39.828175,-98.5795,US,20191213123000,Disapprove,Verbal conflict
892778765,20191213,201912,USA,WASHINGTON,USA,,,,,,,,CHN,CHINESE,CHN,,,,,,,,1,160,160,16,4,-4.0,8,1,8,-2.46913580246914,4,"Beijing, Beijing, China",CH,CH22,13001,39.9289,116.388,-1898541,4,"Beijing, Beijing, China",CH,CH22,13001,39.9289,116.388,-1898541,4,"Beijing, Beijing, China",CH,CH22,13001,39.9289,116.388,-1898541,20191213124500,Reduce relations,Material conflict
892779333,20191213,201912,CHN,CHINA,CHN,,,,,,,,MNCUSAMED,GOOGLE,USA,,,,,MNC,MED,,1,020,020,02,1,3.0,8,1,8,5.03875968992248,4,"Xiaomi, Fujian, China",CH,CH07,13163,25.2225,116.057,10999868,4,"Xiaomi, Fujian, China",CH,CH07,13163,25.2225,116.057,10999868,4,"Xiaomi, Fujian, China",CH,CH07,13163,25.2225,116.057,10999868,20191213130000,Appeal,Verbal cooperation
892782819,20191213,201912,CHN,CHINA,CHN,,,,,,,,USA,UNITED STATES,USA,,,,,,,,1,030,030,03,1,4.0,8,1,8,-0.82304526748971,1,China,CH,CH,,35.0,105.0,CH,2,"Texas, United States",US,USTX,,31.106,-97.6475,TX,1,United Kingdom,UK,UK,,54.0,-4.0,UK,20191213131500,Express intent to cooperate,Verbal cooperation
892782821,20191213,201912,CHN,CHINA,CHN,,,,,,,,USA,TEXAS,USA,,,,,,,,1,0311,031,03,1,5.2,8,1,8,-0.82304526748971,1,China,CH,CH,,35.0,105.0,CH,2,"Texas, United States",US,USTX,,31.106,-97.6475,TX,1,China,CH,CH,,35.0,105.0,CH,20191213131500,Express intent to cooperate,Verbal cooperation
892783941,20191213,201912,USA,UNITED STATES,USA,,,,,,,,CHN,CHINA,CHN,,,,,,,,1,030,030,03,1,4.0,8,1,8,-0.82304526748971,2,"Texas, United States",US,USTX,,31.106,-97.6475,TX,1,China,CH,CH,,35.0,105.0,CH,1,United Kingdom,UK,UK,,54.0,-4.0,UK,20191213131500,Express intent to cooperate,Verbal cooperation
892784534,20191213,201912,CHN,CHINA,CHN,,,,,,,,USA,THE US,USA,,,,,,,,1,020,020,02,1,3.0,10,1,10,1.62962962962963,4,"Shenzhen, Guangdong, China",CH,CH30,13036,22.2,111.117,-1925267,4,"Shenzhen, Guangdong, China",CH,CH30,13036,22.2,111.117,-1925267,4,"Shenzhen, Guangdong, China",CH,CH30,13036,22.2,111.117,-1925267,20191213133000,Appeal,Verbal cooperation
892785628,20191213,201912,USA,WASHINGTON,USA,,,,,,,,CHNGOV,BEIJING,CHN,,,,,GOV,,,1,043,043,04,1,2.8,7,1,7,-0.2635046113307,3,"Washington, District of Columbia, United States",US,USDC,DC001,38.8951,-77.0364,531871,4,"Beijing, Beijing, China",CH,CH22,13001,39.9289,116.388,-1898541,3,"Washington, District of Columbia, United States",US,USDC,DC001,38.8951,-77.0364,531871,20191213133000,Consult,Verbal cooperation
892791885,20191213,201912,MNCUSA,COVANTA HOLDING CORPORATION,USA,,,,,MNC,,,CHN,CHINA,CHN,,,,,,,,1,030,030,03,1,4.0,10,1,10,1.31578947368421,4,"Beijing, Beijing, China",CH,CH22,13001,39.9289,116.388,-1898541,4,"Beijing, Beijing, China",CH,CH22,13001,39.9289,116.388,-1898541,4,"Beijing, Beijing, China",CH,CH22,13001,39.9289,116.388,-1898541,20191213140000,Express intent to cooperate,Verbal cooperation
892792287,20191213,201912,USAGOV,THE WHITE HOUSE,USA,,,,,GOV,,,CHNMED,CHINESE,CHN,,,,,MED,,,1,020,020,02,1,3.0,6,1,6,0.0,3,"White House, District of Columbia, United States",US,USDC,,38.8951,-77.0364,531871,1,China,CH,CH,,35.0,105.0,CH,1,China,CH,CH,,35.0,105.0,CH,20191213140000,Appeal,Verbal cooperation
892798028,20191213,201912,CHN,CHINESE,CHN,,,,,,,,USA,THE US,USA,,,,,,,,1,042,042,04,1,1.9,7,1,7,-1.01892285298399,4,"Beijing, Beijing, China",CH,CH22,13001,39.9289,116.388,-1898541,4,"Macao, Macau (general), Macau",MC,MC00,13045,22.2006,113.546,-1204094,4,"Beijing, Beijing, China",CH,CH22,13001,39.9289,116.388,-1898541,20191213144500,Consult,Verbal cooperation
892799014,20191213,201912,USA,THE US,USA,,,,,,,,CHN,CHINESE,CHN,,,,,,,,1,043,043,04,1,2.8,8,1,8,-1.01892285298399,4,"Dalian, Liaoning, China",CH,CH19,13327,38.9122,121.602,-1901835,4,"Dalian, Liaoning, China",CH,CH19,13327,38.9122,121.602,-1901835,4,"Dalian, Liaoning, China",CH,CH19,13327,38.9122,121.602,-1901835,20191213144500,Consult,Verbal cooperation
892811156,20191213,201912,USAMED,WALL STREET JOURNAL,USA,,,,,MED,,,CHN,CHINA,CHN,,,,,,,,1,120,120,12,3,-4.0,10,1,10,-1.56739811912226,4,"Beijing, Beijing, China",CH,CH22,13001,39.9289,116.388,-1898541,4,"Beijing, Beijing, China",CH,CH22,13001,39.9289,116.388,-1898541,4,"Beijing, Beijing, China",CH,CH22,13001,39.9289,116.388,-1898541,20191213154500,Reject,Verbal conflict
892812553,20191213,201912,CHN,CANTON,CHN,,,,,,,,USAJUD,UNITED STATES,USA,,,,,JUD,,,1,110,110,11,3,-2.0,8,1,8,-3.79746835443038,1,China,CH,CH,,35.0,105.0,CH,3,"Stark County, Ohio, United States",US,USOH,,40.8167,-81.3665,1065576,3,"Stark County, Ohio, United States",US,USOH,,40.8167,-81.3665,1065576,20191213160000,Disapprove,Verbal conflict
892812554,20191213,201912,CHN,CANTON,CHN,,,,,,,,USAJUD,UNITED STATES,USA,,,,,JUD,,,1,1241,124,12,3,-4.0,8,1,8,-3.79746835443038,2,"Ohio, United States",US,USOH,,40.3736,-82.7755,OH,2,"Ohio, United States",US,USOH,,40.3736,-82.7755,OH,2,"Ohio, United States",US,USOH,,40.3736,-82.7755,OH,20191213160000,Reject,Verbal conflict
892814000,20191213,201912,USA,NEW YORK,USA,,,,,,,,CHN,CHINA,CHN,,,,,,,,1,051,051,05,1,3.4,8,1,8,-1.8,1,Russia,RS,RS,,60.0,100.0,RS,1,Russia,RS,RS,,60.0,100.0,RS,1,Russia,RS,RS,,60.0,100.0,RS,20191213160000,Engage in diplomatic cooperation,Verbal cooperation
892821080,20191213,201912,CHN,BEIJING,CHN,,,,,,,,USAMED,REUTERS,USA,,,,,MED,,,1,050,050,05,1,3.5,10,1,10,2.39520958083832,4,"Beijing, Beijing, China",CH,CH22,13001,39.9289,116.388,-1898541,4,"Beijing, Beijing, China",CH,CH22,13001,39.9289,116.388,-1898541,4,"Beijing, Beijing, China",CH,CH22,13001,39.9289,116.388,-1898541,20191213164500,Engage in diplomatic cooperation,Verbal cooperation
892822421,20191213,201912,USAMED,REUTERS,USA,,,,,MED,,,CHN,BEIJING,CHN,,,,,,,,1,040,040,04,1,1.0,10,1,10,2.39520958083832,4,"Beijing, Beijing, China",CH,CH22,13001,39.9289,116.388,-1898541,4,"Beijing, Beijing, China",CH,CH22,13001,39.9289,116.388,-1898541,4,"Beijing, Beijing, China",CH,CH22,13001,39.9289,116.388,-1898541,20191213164500,Consult,Verbal cooperation
892822422,20191213,201912,USAMED,REUTERS,USA,,,,,MED,,,CHN,BEIJING,CHN,,,,,,,,1,046,046,04,1,7.0,10,1,10,2.39520958083832,4,"Beijing, Beijing, China",CH,CH22,13001,39.9289,116.388,-1898541,4,"Beijing, Beijing, China",CH,CH22,13001,39.9289,116.388,-1898541,1,United States,US,US,,39.828175,-98.5795,US,20191213164500,Consult,Verbal cooperation
892822423,20191213,201912,USAMED,REUTERS,USA,,,,,MED,,,CHN,BEIJING,CHN,,,,,,,,1,050,050,05,1,3.5,10,1,10,2.39520958083832,4,"Beijing, Beijing, China",CH,CH22,13001,39.9289,116.388,-1898541,4,"Beijing, Beijing, China",CH,CH22,13001,39.9289,116.388,-1898541,4,"Beijing, Beijing, China",CH,CH22,13001,39.9289,116.388,-1898541,20191213164500,Engage in diplomatic cooperation,Verbal cooperation
892823784,20191213,201912,CHN,CHINA,CHN,,,,,,,,USA,UNITED STATES,USA,,,,,,,,1,040,040,04,1,1.0,12,1,12,0.50632911392405,4,"Beijing, Beijing, China",CH,CH22,13001,39.9289,116.388,-1898541,1,United States,US,US,,39.828175,-98.5795,US,1,United States,US,US,,39.828175,-98.5795,US,20191213170000,Consult,Verbal cooperation
892823785,20191213,201912,CHN,CHINA,CHN,,,,,,,,USA,UNITED STATES,USA,,,,,,,,1,057,057,05,1,8.0,8,1,8,0.50632911392405,4,"Beijing, Beijing, China",CH,CH22,13001,39.9289,116.388,-1898541,4,"Beijing, Beijing, China",CH,CH22,13001,39.9289,116.388,-1898541,1,United States,US,US,,39.828175,-98.5795,US,20191213170000,Engage in diplomatic cooperation,Verbal cooperation
892823786,20191213,201912,CHN,CHINA,CHN,,,,,,,,USA,UNITED STATES,USA,,,,,,,,1,057,057,05,1,8.0,12,1,12,0.50632911392405,4,"Beijing, Beijing, China",CH,CH22,13001,39.9289,116.388,-1898541,1,United States,US,US,,39.828175,-98.5795,US,4,"Beijing, Beijing, China",CH,CH22,13001,39.9289,116.388,-1898541,20191213170000,Engage in diplomatic cooperation,Verbal cooperation
892824990,20191213,201912,USA,UNITED STATES,USA,,,,,,,,CHN,CHINA,CHN,,,,,,,,1,040,040,04,1,1.0,12,1,12,0.50632911392405,1,United States,US,US,,39.828175,-98.5795,US,4,"Beijing, Beijing, China",CH,CH22,13001,39.9289,116.388,-1898541,1,United States,US,US,,39.828175,-98.5795,US,20191213170000,Consult,Verbal cooperation
892824991,20191213,201912,USA,UNITED STATES,USA,,,,,,,,CHN,CHINA,CHN,,,,,,,,1,057,057,05,1,8.0,8,1,8,0.50632911392405,4,"Beijing, Beijing, China",CH,CH22,13001,39.9289,116.388,-1898541,4,"Beijing, Beijing, China",CH,CH22,13001,39.9289,116.388,-1898541,1,United States,US,US,,39.828175,-98.5795,US,20191213170000,Engage in diplomatic cooperation,Verbal cooperation
892824992,20191213,201912,USA,UNITED STATES,USA,,,,,,,,CHN,CHINA,CHN,,,,,,,,1,057,057,05,1,8.0,12,1,12,0.50632911392405,1,United States,US,US,,39.828175,-98.5795,US,4,"Beijing, Beijing, China",CH,CH22,13001,39.9289,116.388,-1898541,4,"Beijing, Beijing, China",CH,CH22,13001,39.9289,116.388,-1898541,20191213170000,Engage in diplomatic cooperation,Verbal cooperation
892827498,20191213,201912,USA,CHICAGO,USA,,,,,,,,CHNOPP,TIBET,CHN,,,,,OPP,,,1,051,051,05,1,3.4,10,1,10,-5.42168674698795,3,"Chicago, Illinois, United States",US,USIL,IL031,41.85,-87.6501,423587,3,"Chicago, Illinois, United States",US,USIL,IL031,41.85,-87.6501,423587,3,"Chicago, Illinois, United States",US,USIL,IL031,41.85,-87.6501,423587,20191213171500,Engage in diplomatic cooperation,Verbal cooperation
892827499,20191213,201912,USA,CHICAGO,USA,,,,,,,,CHNOPP,TIBET,CHN,,,,,OPP,,,1,141,141,14,3,-6.5,10,1,10,-5.42168674698795,3,"Chicago, Illinois, United States",US,USIL,IL031,41.85,-87.6501,423587,3,"Chicago, Illinois, United States",US,USIL,IL031,41.85,-87.6501,423587,3,"Chicago, Illinois, United States",US,USIL,IL031,41.85,-87.6501,423587,20191213171500,Protest,Verbal conflict
892831772,20191213,201912,CHN,CHINA,CHN,,,,,,,,USA,UNITED STATES,USA,,,,,,,,1,040,040,04,1,1.0,6,1,6,0.0,1,United States,US,US,,39.828175,-98.5795,US,1,United States,US,US,,39.828175,-98.5795,US,4,"Beijing, Beijing, China",CH,CH22,13001,39.9289,116.388,-1898541,20191213174500,Consult,Verbal cooperation
892836991,20191213,201912,CHN,BEIJING,CHN,,,,,,,,USA,WASHINGTON,USA,,,,,,,,1,110,110,11,3,-2.0,6,1,6,-0.23419203747073,4,"Beijing, Beijing, China",CH,CH22,13001,39.9289,116.388,-1898541,3,"Washington, District of Columbia, United States",US,USDC,DC001,38.8951,-77.0364,531871,4,"Beijing, Beijing, China",CH,CH22,13001,39.9289,116.388,-1898541,20191213181500,Disapprove,Verbal conflict
892838054,20191213,201912,USA,WASHINGTON,USA,,,,,,,,CHN,BEIJING,CHN,,,,,,,,1,030,030,03,1,4.0,10,1,10,-0.23419203747073,4,"Paris, France (general), France",FR,FR00,16282,48.8667,2.33333,-1456928,4,"Paris, France (general), France",FR,FR00,16282,48.8667,2.33333,-1456928,4,"Paris, France (general), France",FR,FR00,16282,48.8667,2.33333,-1456928,20191213181500,Express intent to cooperate,Verbal cooperation
892838057,20191213,201912,USA,WASHINGTON,USA,,,,,,,,CHN,BEIJING,CHN,,,,,,,,1,110,110,11,3,-2.0,6,1,6,-0.23419203747073,3,"Washington, District of Columbia, United States",US,USDC,DC001,38.8951,-77.0364,531871,4,"Beijing, Beijing, China",CH,CH22,13001,39.9289,116.388,-1898541,4,"Beijing, Beijing, China",CH,CH22,13001,39.9289,116.388,-1898541,20191213181500,Disapprove,Verbal conflict
892839429,20191213,201912,CHN,CHINA,CHN,,,,,,,,USA,THE US,USA,,,,,,,,1,061,061,06,2,6.4,12,6,12,0.62893081761007,4,"Beijing, Beijing, China",CH,CH22,13001,39.9289,116.388,-1898541,1,United States,US,US,,39.828175,-98.5795,US,1,United States,US,US,,39.828175,-98.5795,US,20191213183000,Engage in material cooperation,Material cooperation
892840519,20191213,201912,USA,UNITED STATES,USA,,,,,,,,CHN,BEIJING,CHN,,,,,,,,1,030,030,03,1,4.0,6,2,6,-0.444517493980327,2,"Connecticut, United States",US,USCT,,41.5834,-72.7622,CT,2,"Connecticut, United States",US,USCT,,41.5834,-72.7622,CT,2,"Connecticut, United States",US,USCT,,41.5834,-72.7622,CT,20191213183000,Express intent to cooperate,Verbal cooperation
892841765,20191213,201912,CHN,CHINESE,CHN,,,,,,,,USA,DETROIT,USA,,,,,,,,1,043,043,04,1,2.8,6,1,6,0.0,1,China,CH,CH,,35.0,105.0,CH,3,"Detroit, Michigan, United States",US,USMI,MI163,42.3314,-83.0458,1617959,1,China,CH,CH,,35.0,105.0,CH,20191213184500,Consult,Verbal cooperation
892842802,20191213,201912,USA,DETROIT,USA,,,,,,,,CHN,CHINESE,CHN,,,,,,,,1,042,042,04,1,1.9,6,1,6,0.0,3,"Detroit, Michigan, United States",US,USMI,MI163,42.3314,-83.0458,1617959,1,China,CH,CH,,35.0,105.0,CH,1,China,CH,CH,,35.0,105.0,CH,20191213184500,Consult,Verbal cooperation
892844778,20191213,201912,USA,THE US,USA,,,,,,,,CHN,CHINA,CHN,,,,,,,,1,090,090,09,2,-2.0,10,1,10,-2.82485875706214,1,China,CH,CH,,35.0,105.0,CH,1,China,CH,CH,,35.0,105.0,CH,1,China,CH,CH,,35.0,105.0,CH,20191213190000,Investigate,Material cooperation
892844779,20191213,201912,USA,THE US,USA,,,,,,,,CHN,CHINA,CHN,,,,,,,,1,112,112,11,3,-2.0,10,1,10,-2.82485875706214,1,China,CH,CH,,35.0,105.0,CH,1,China,CH,CH,,35.0,105.0,CH,1,China,CH,CH,,35.0,105.0,CH,20191213190000,Disapprove,Verbal conflict
892847458,20191213,201912,USA,NEW YORK,USA,,,,,,,,CHN,CHINA,CHN,,,,,,,,1,051,051,05,1,3.4,12,2,12,-0.288837804460715,1,Russia,RS,RS,,60.0,100.0,RS,1,Ukraine,UP,UP,,49.0,32.0,UP,1,Ukraine,UP,UP,,49.0,32.0,UP,20191213191500,Engage in diplomatic cooperation,Verbal cooperation
892851800,20191213,201912,CHN,CHINA,CHN,,,,,,,,USA,UNITED STATES,USA,,,,,,,,1,043,043,04,1,2.8,6,1,6,0.1609010458568,1,China,CH,CH,,35.0,105.0,CH,3,"Hollywood, California, United States",US,USCA,CA037,34.0983,-118.327,1660757,1,China,CH,CH,,35.0,105.0,CH,20191213194500,Consult,Verbal cooperation
892856988,20191213,201912,CHN,CHINA,CHN,,,,,,,,USA,THE US,USA,,,,,,,,1,0311,031,03,1,5.2,10,1,10,0.0,4,"Zhengzhou, Henan, China",CH,CH09,13099,34.7578,113.649,-1938815,4,"Zhengzhou, Henan, China",CH,CH09,13099,34.7578,113.649,-1938815,4,"Zhengzhou, Henan, China",CH,CH09,13099,34.7578,113.649,-1938815,20191213201500,Express intent to cooperate,Verbal cooperation
892858030,20191213,201912,USA,THE US,USA,,,,,,,,CHN,CHINA,CHN,,,,,,,,1,0311,031,03,1,5.2,10,1,10,0.0,1,Saudi Arabia,SA,SA,,25.0,45.0,SA,1,Saudi Arabia,SA,SA,,25.0,45.0,SA,1,Saudi Arabia,SA,SA,,25.0,45.0,SA,20191213201500,Express intent to cooperate,Verbal cooperation
892861664,20191213,201912,CHN,CHINA,CHN,,,,,,,,USA,AMERICAN,USA,,,,,,,,1,020,020,02,1,3.0,6,1,6,0.50761421319797,1,United States,US,US,,39.828175,-98.5795,US,1,United States,US,US,,39.828175,-98.5795,US,4,"Yerba, Xizang, China",CH,CH14,13302,28.301,92.401,11325020,20191213204500,Appeal,Verbal cooperation
892861666,20191213,201912,CHN,CHINESE,CHN,,,,,,,,USA,UNITED STATES,USA,,,,,,,,1,042,042,04,1,1.9,10,1,10,3.33919156414763,3,"Washington, District of Columbia, United States",US,USDC,DC001,38.8951,-77.0364,531871,3,"Washington, District of Columbia, United States",US,USDC,DC001,38.8951,-77.0364,531871,3,"Washington, District of Columbia, United States",US,USDC,DC001,38.8951,-77.0364,531871,20191213204500,Consult,Verbal cooperation
892862574,20191213,201912,USA,UNITED STATES,USA,,,,,,,,CHN,CHINESE,CHN,,,,,,,,1,043,043,04,1,2.8,10,1,10,3.33919156414763,2,"District of Columbia, United States",US,USDC,,38.8964,-77.0262,DC,1,China,CH,CH,,35.0,105.0,CH,2,"District of Columbia, United States",US,USDC,,38.8964,-77.0262,DC,20191213204500,Consult,Verbal cooperation
892863324,20181213,201812,CHN,CHINA,CHN,,,,,,,,USA,UNITED STATES,USA,,,,,,,,1,030,030,03,1,4.0,16,1,16,4.22535211267606,1,China,CH,CH,,35.0,105.0,CH,1,United States,US,US,,39.828175,-98.5795,US,1,United States,US,US,,39.828175,-98.5795,US,20191213210000,Express intent to cooperate,Verbal cooperation
892863336,20181213,201812,USA,UNITED STATES,USA,,,,,,,,CHN,CHINA,CHN,,,,,,,,1,030,030,03,1,4.0,16,1,16,4.22535211267606,1,United States,US,US,,39.828175,-98.5795,US,1,China,CH,CH,,35.0,105.0,CH,1,United States,US,US,,39.828175,-98.5795,US,20191213210000,Express intent to cooperate,Verbal cooperation
892863338,20181213,201812,USA,UNITED STATES,USA,,,,,,,,CHN,CHINA,CHN,,,,,,,,1,037,037,03,1,5.0,16,1,16,4.22535211267606,1,United States,US,US,,39.828175,-98.5795,US,1,China,CH,CH,,35.0,105.0,CH,1,United States,US,US,,39.828175,-98.5795,US,20191213210000,Express intent to cooperate,Verbal cooperation
892870288,20191213,201912,CHNGOV,CHINESE,CHN,,,,,GOV,,,USA,UTAH,USA,,,,,,,,1,051,051,05,1,3.4,8,1,8,0.0,1,China,CH,CH,,35.0,105.0,CH,1,China,CH,CH,,35.0,105.0,CH,1,China,CH,CH,,35.0,105.0,CH,20191213214500,Engage in diplomatic cooperation,Verbal cooperation
892870289,20191213,201912,CHNGOV,CHINESE,CHN,,,,,GOV,,,USA,UTAH,USA,,,,,,,,1,051,051,05,1,3.4,6,1,6,0.0,1,China,CH,CH,,35.0,105.0,CH,2,"Utah, United States",US,USUT,,40.1135,-111.854,UT,1,China,CH,CH,,35.0,105.0,CH,20191213214500,Engage in diplomatic cooperation,Verbal cooperation
892871244,20191213,201912,USA,THE US,USA,,,,,,,,CHN,CHINA,CHN,,,,,,,,1,120,120,12,3,-4.0,10,1,10,0.15479876160991,4,"Beijing, Beijing, China",CH,CH22,13001,39.9289,116.388,-1898541,4,"Beijing, Beijing, China",CH,CH22,13001,39.9289,116.388,-1898541,4,"Beijing, Beijing, China",CH,CH22,13001,39.9289,116.388,-1898541,20191213214500,Reject,Verbal conflict
892871247,20191213,201912,USA,UNITED STATES,USA,,,,,,,,CHNCVL,CHINA,CHN,,,,,CVL,,,1,190,190,19,4,-10.0,8,1,8,0.0,3,"Bryce Canyon, Utah, United States",US,USUT,UT017,37.6283,-112.168,1439206,1,China,CH,CH,,35.0,105.0,CH,1,China,CH,CH,,35.0,105.0,CH,20191213214500,Fight,Material conflict
892873065,20191213,201912,MNCUSA,ISHARES,USA,,,,,MNC,,,CHN,CHINA,CHN,,,,,,,,1,071,071,07,2,7.4,10,1,10,-0.50505050505051,4,"Shenzhen, Guangdong, China",CH,CH30,13036,22.2,111.117,-1925267,4,"Shenzhen, Guangdong, China",CH,CH30,13036,22.2,111.117,-1925267,4,"Shenzhen, Guangdong, China",CH,CH30,13036,22.2,111.117,-1925267,20191213220000,Provide aid,Material cooperation
892874429,20191213,201912,CHN,CHINA,CHN,,,,,,,,USAGOV,JOE BIDEN,USA,,,,,GOV,,,1,0214,021,02,1,3.4,6,1,6,-5.375,1,China,CH,CH,,35.0,105.0,CH,3,"White House, District of Columbia, United States",US,USDC,,38.8951,-77.0364,531871,1,China,CH,CH,,35.0,105.0,CH,20191213221500,Appeal,Verbal cooperation
892880293,20191213,201912,CHN,CHINA,CHN,,,,,,,,USAMED,REUTERS,USA,,,,,MED,,,1,043,043,04,1,2.8,10,1,10,0.602409638554215,1,China,CH,CH,,35.0,105.0,CH,1,China,CH,CH,,35.0,105.0,CH,1,China,CH,CH,,35.0,105.0,CH,20191213230000,Consult,Verbal cooperation
892881195,20191213,201912,USA,UNITED STATES,USA,,,,,,,,CHN,CHINA,CHN,,,,,,,,1,190,190,19,4,-10.0,6,2,6,-0.18734541372112,4,"Beijing, Beijing, China",CH,CH22,13001,39.9289,116.388,-1898541,3,"Washington, District of Columbia, United States",US,USDC,DC001,38.8951,-77.0364,531871,3,"Washington, District of Columbia, United States",US,USDC,DC001,38.8951,-77.0364,531871,20191213230000,Fight,Material conflict
892881461,20191213,201912,USAMED,REUTERS,USA,,,,,MED,,,CHN,CHINA,CHN,,,,,,,,1,042,042,04,1,1.9,10,1,10,0.602409638554215,1,China,CH,CH,,35.0,105.0,CH,1,China,CH,CH,,35.0,105.0,CH,1,China,CH,CH,,35.0,105.0,CH,20191213230000,Consult,Verbal cooperation
892883606,20191213,201912,USABUS,AMERICAN,USA,,,,,BUS,,,CHN,BEIJING,CHN,,,,,,,,1,0841,084,08,2,7.0,6,1,6,-1.88022284122563,4,"Beijing, Beijing, China",CH,CH22,13001,39.9289,116.388,-1898541,4,"Beijing, Beijing, China",CH,CH22,13001,39.9289,116.388,-1898541,4,"Beijing, Beijing, China",CH,CH22,13001,39.9289,116.388,-1898541,20191213231500,Yield,Material cooperation
892883607,20191213,201912,USABUS,AMERICAN,USA,,,,,BUS,,,CHN,BEIJING,CHN,,,,,,,,1,0841,084,08,2,7.0,6,1,6,-1.73333333333334,3,"Washington, District of Columbia, United States",US,USDC,DC001,38.8951,-77.0364,531871,4,"Beijing, Beijing, China",CH,CH22,13001,39.9289,116.388,-1898541,3,"Washington, District of Columbia, United States",US,USDC,DC001,38.8951,-77.0364,531871,20191213231500,Yield,Material cooperation
892886576,20191213,201912,USA,AMERICAN,USA,,,,,,,,CHN,BEIJING,CHN,,,,,,,,1,0841,084,08,2,7.0,8,4,8,-1.90409026798307,4,"Beijing, Beijing, China",CH,CH22,13001,39.9289,116.388,-1898541,4,"Beijing, Beijing, China",CH,CH22,13001,39.9289,116.388,-1898541,3,"Washington, District of Columbia, United States",US,USDC,DC001,38.8951,-77.0364,531871,20191213234500,Yield,Material cooperation
892886722,20191213,201912,USABUS,AMERICAN,USA,,,,,BUS,,,CHN,BEIJING,CHN,,,,,,,,1,0841,084,08,2,7.0,24,4,24,-1.90409026798307,3,"Washington, District of Columbia, United States",US,USDC,DC001,38.8951,-77.0364,531871,3,"Washington, District of Columbia, United States",US,USDC,DC001,38.8951,-77.0364,531871,3,"Washington, District of Columbia, United States",US,USDC,DC001,38.8951,-77.0364,531871,20191213234500,Yield,Material cooperation
892888377,20191214,201912,CHN,CHINESE,CHN,,,,,,,,USA,AMERICAN,USA,,,,,,,,1,046,046,04,1,7.0,12,6,12,0.23501762632198,1,China,CH,CH,,35.0,105.0,CH,1,United States,US,US,,39.828175,-98.5795,US,1,China,CH,CH,,35.0,105.0,CH,20191214000000,Consult,Verbal cooperation
892890703,20191214,201912,USA,UNITED STATES,USA,,,,,,,,CHN,CHINA,CHN,,,,,,,,1,030,030,03,1,4.0,16,8,16,-2.53121911542665,3,"Washington, District of Columbia, United States",US,USDC,DC001,38.8951,-77.0364,531871,3,"Washington, District of Columbia, United States",US,USDC,DC001,38.8951,-77.0364,531871,3,"Washington, District of Columbia, United States",US,USDC,DC001,38.8951,-77.0364,531871,20191214000000,Express intent to cooperate,Verbal cooperation
892890704,20191214,201912,USA,AMERICAN,USA,,,,,,,,CHN,CHINESE,CHN,,,,,,,,1,046,046,04,1,7.0,12,6,12,0.23501762632198,1,China,CH,CH,,35.0,105.0,CH,1,China,CH,CH,,35.0,105.0,CH,1,China,CH,CH,,35.0,105.0,CH,20191214000000,Consult,Verbal cooperation
892891063,20191214,201912,USABUS,AMERICAN,USA,,,,,BUS,,,CHN,BEIJING,CHN,,,,,,,,1,0841,084,08,2,7.0,12,2,12,-1.90276353396622,3,"Washington, District of Columbia, United States",US,USDC,DC001,38.8951,-77.0364,531871,4,"Beijing, Beijing, China",CH,CH22,13001,39.9289,116.388,-1898541,3,"Washington, District of Columbia, United States",US,USDC,DC001,38.8951,-77.0364,531871,20191214000000,Yield,Material cooperation
892894250,20191214,201912,USABUS,AMERICAN,USA,,,,,BUS,,,CHN,BEIJING,CHN,,,,,,,,1,0841,084,08,2,7.0,6,1,6,-1.90409026798307,3,"Washington, District of Columbia, United States",US,USDC,DC001,38.8951,-77.0364,531871,3,"Washington, District of Columbia, United States",US,USDC,DC001,38.8951,-77.0364,531871,3,"Washington, District of Columbia, United States",US,USDC,DC001,38.8951,-77.0364,531871,20191214001500,Yield,Material cooperation
892895665,20191214,201912,CHN,BEIJING,CHN,,,,,,,,USA,CHICAGO,USA,,,,,,,,1,043,043,04,1,2.8,10,1,10,2.80373831775701,4,"Beijing, Beijing, China",CH,CH22,13001,39.9289,116.388,-1898541,3,"Chicago, Illinois, United States",US,USIL,IL031,41.85,-87.6501,423587,4,"Beijing, Beijing, China",CH,CH22,13001,39.9289,116.388,-1898541,20191214003000,Consult,Verbal cooperation
892897661,20191214,201912,USA,CHICAGO,USA,,,,,,,,CHN,BEIJING,CHN,,,,,,,,1,042,042,04,1,1.9,6,1,6,2.80373831775701,4,"Beijing, Beijing, China",CH,CH22,13001,39.9289,116.388,-1898541,4,"Beijing, Beijing, China",CH,CH22,13001,39.9289,116.388,-1898541,4,"Beijing, Beijing, China",CH,CH22,13001,39.9289,116.388,-1898541,20191214003000,Consult,Verbal cooperation
892897999,20191214,201912,USABUS,AMERICAN,USA,,,,,BUS,,,CHN,BEIJING,CHN,,,,,,,,1,0841,084,08,2,7.0,6,1,6,-1.87369882026371,4,"Beijing, Beijing, China",CH,CH22,13001,39.9289,116.388,-1898541,4,"Beijing, Beijing, China",CH,CH22,13001,39.9289,116.388,-1898541,4,"Beijing, Beijing, China",CH,CH22,13001,39.9289,116.388,-1898541,20191214003000,Yield,Material cooperation
892902295,20181214,201812,CHN,BEIJING,CHN,,,,,,,,USA,THE US,USA,,,,,,,,1,037,037,03,1,5.0,10,1,10,2.67639902676399,4,"Beijing, Beijing, China",CH,CH22,13001,39.9289,116.388,-1898541,4,"Beijing, Beijing, China",CH,CH22,13001,39.9289,116.388,-1898541,4,"Beijing, Beijing, China",CH,CH22,13001,39.9289,116.388,-1898541,20191214010000,Express intent to cooperate,Verbal cooperation
892902300,20181214,201812,USA,THE US,USA,,,,,,,,CHN,BEIJING,CHN,,,,,,,,1,037,037,03,1,5.0,10,1,10,2.67639902676399,4,"Beijing, Beijing, China",CH,CH22,13001,39.9289,116.388,-1898541,4,"Beijing, Beijing, China",CH,CH22,13001,39.9289,116.388,-1898541,4,"Beijing, Beijing, China",CH,CH22,13001,39.9289,116.388,-1898541,20191214010000,Express intent to cooperate,Verbal cooperation
892904139,20191214,201912,USABUS,AMERICAN,USA,,,,,BUS,,,CHN,BEIJING,CHN,,,,,,,,1,0841,084,08,2,7.0,6,1,6,-1.71821305841924,2,"Maine, United States",US,USME,,44.6074,-69.3977,ME,2,"Maine, United States",US,USME,,44.6074,-69.3977,ME,2,"Maine, United States",US,USME,,44.6074,-69.3977,ME,20191214010000,Yield,Material cooperation
892906784,20191214,201912,USA,UNITED STATES,USA,,,,,,,,CHN,CHINA,CHN,,,,,,,,1,030,030,03,1,4.0,10,1,10,0.36630036630037,1,China,CH,CH,,35.0,105.0,CH,1,China,CH,CH,,35.0,105.0,CH,1,China,CH,CH,,35.0,105.0,CH,20191214011500,Express intent to cooperate,Verbal cooperation
892909479,20191214,201912,USAGOVBUS,US TREASURY,USA,,,,,GOV,BUS,,CHN,BEIJING,CHN,,,,,,,,1,111,111,11,3,-2.0,18,1,18,-1.26394052044609,5,"Zhejiang, Zhejiang, China",CH,CH02,13325,29.0,120.0,-1938694,5,"Zhejiang, Zhejiang, China",CH,CH02,13325,29.0,120.0,-1938694,5,"Zhejiang, Zhejiang, China",CH,CH02,13325,29.0,120.0,-1938694,20191214013000,Disapprove,Verbal conflict
892912338,20191214,201912,CHN,BEIJING,CHN,,,,,,,,USA,WASHINGTON,USA,,,,,,,,1,012,012,01,1,-0.4,10,1,10,4.90463215258855,3,"Washington, District of Columbia, United States",US,USDC,DC001,38.8951,-77.0364,531871,3,"Washington, District of Columbia, United States",US,USDC,DC001,38.8951,-77.0364,531871,3,"Washington, District of Columbia, United States",US,USDC,DC001,38.8951,-77.0364,531871,20191214020000,Make public statement,Verbal cooperation
892913277,20191214,201912,USABUS,AMERICAN,USA,,,,,BUS,,,CHN,BEIJING,CHN,,,,,,,,1,0841,084,08,2,7.0,6,1,6,-1.85062789160608,1,Japan,JA,JA,,36.0,138.0,JA,1,Japan,JA,JA,,36.0,138.0,JA,1,Japan,JA,JA,,36.0,138.0,JA,20191214020000,Yield,Material cooperation
892920748,20191214,201912,USA,WASHINGTON,USA,,,,,,,,CHN,CHINA,CHN,,,,,,,,1,0871,087,08,2,9.0,10,1,10,-2.05371248025277,4,"Beijing, Beijing, China",CH,CH22,13001,39.9289,116.388,-1898541,4,"Beijing, Beijing, China",CH,CH22,13001,39.9289,116.388,-1898541,4,"Beijing, Beijing, China",CH,CH22,13001,39.9289,116.388,-1898541,20191214030000,Yield,Material cooperation
892920749,20191214,201912,USA,THE US,USA,,,,,,,,CHN,CHINESE,CHN,,,,,,,,1,114,114,11,3,-2.0,6,1,6,1.3677811550152,1,Japan,JA,JA,,36.0,138.0,JA,1,China,CH,CH,,35.0,105.0,CH,1,China,CH,CH,,35.0,105.0,CH,20191214030000,Disapprove,Verbal conflict
892920829,20191214,201912,USAGOV,US OFFICIAL,USA,,,,,GOV,,,CHN,CHINA,CHN,,,,,,,,1,0871,087,08,2,9.0,10,1,10,-1.31771595900439,4,"Beijing, Beijing, China",CH,CH22,13001,39.9289,116.388,-1898541,4,"Beijing, Beijing, China",CH,CH22,13001,39.9289,116.388,-1898541,4,"Beijing, Beijing, China",CH,CH22,13001,39.9289,116.388,-1898541,20191214030000,Yield,Material cooperation
892925162,20191214,201912,USA,UNITED STATES,USA,,,,,,,,CHN,CHINA,CHN,,,,,,,,1,040,040,04,1,1.0,6,1,6,-3.78657487091223,1,China,CH,CH,,35.0,105.0,CH,3,"White House, District of Columbia, United States",US,USDC,,38.8951,-77.0364,531871,3,"White House, District of Columbia, United States",US,USDC,,38.8951,-77.0364,531871,20191214034500,Consult,Verbal cooperation
892925164,20191214,201912,USA,RICHMOND,USA,,,,,,,,CHN,NANJING,CHN,,,,,,,,1,051,051,05,1,3.4,6,1,6,-4.85175202156334,4,"Richmond Hill, Ontario, Canada",CA,CA08,12689,43.8667,-79.4333,-572249,4,"Nanjing, Jiangsu, China",CH,CH04,13144,32.0617,118.778,-1919548,4,"Nanjing, Jiangsu, China",CH,CH04,13144,32.0617,118.778,-1919548,20191214034500,Engage in diplomatic cooperation,Verbal cooperation
892930110,20191214,201912,CHN,CHINA,CHN,,,,,,,,USA,UNITED STATES,USA,,,,,,,,1,057,057,05,1,8.0,6,1,6,0.28169014084507,4,"Beijing, Beijing, China",CH,CH22,13001,39.9289,116.388,-1898541,1,United States,US,US,,39.828175,-98.5795,US,4,"Beijing, Beijing, China",CH,CH22,13001,39.9289,116.388,-1898541,20191214044500,Engage in diplomatic cooperation,Verbal cooperation
892930749,20191214,201912,USA,UNITED STATES,USA,,,,,,,,CHN,CHINA,CHN,,,,,,,,1,040,040,04,1,1.0,6,1,6,0.28169014084507,1,United States,US,US,,39.828175,-98.5795,US,4,"Beijing, Beijing, China",CH,CH22,13001,39.9289,116.388,-1898541,1,United States,US,US,,39.828175,-98.5795,US,20191214044500,Consult,Verbal cooperation
892930751,20191214,201912,USA,UNITED STATES,USA,,,,,,,,CHN,CHINA,CHN,,,,,,,,1,057,057,05,1,8.0,6,1,6,0.28169014084507,1,United States,US,US,,39.828175,-98.5795,US,4,"Beijing, Beijing, China",CH,CH22,13001,39.9289,116.388,-1898541,4,"Beijing, Beijing, China",CH,CH22,13001,39.9289,116.388,-1898541,20191214044500,Engage in diplomatic cooperation,Verbal cooperation
892934234,20191214,201912,CHN,CHINESE,CHN,,,,,,,,USA,AMERICAN,USA,,,,,,,,1,010,010,01,1,0.0,10,1,10,-1.50891632373114,1,China,CH,CH,,35.0,105.0,CH,1,United States,US,US,,39.828175,-98.5795,US,1,China,CH,CH,,35.0,105.0,CH,20191214053000,Make public statement,Verbal cooperation
892934235,20191214,201912,CHN,CHINESE,CHN,,,,,,,,USA,AMERICAN,USA,,,,,,,,1,042,042,04,1,1.9,10,1,10,-1.50891632373114,1,United States,US,US,,39.828175,-98.5795,US,1,United States,US,US,,39.828175,-98.5795,US,1,United States,US,US,,39.828175,-98.5795,US,20191214053000,Consult,Verbal cooperation
892934922,20191214,201912,USA,AMERICAN,USA,,,,,,,,CHN,CHINESE,CHN,,,,,,,,1,043,043,04,1,2.8,10,1,10,-1.50891632373114,1,United States,US,US,,39.828175,-98.5795,US,1,China,CH,CH,,35.0,105.0,CH,1,China,CH,CH,,35.0,105.0,CH,20191214053000,Consult,Verbal cooperation
892937146,20191214,201912,CHN,CHINA,CHN,,,,,,,,USA,BOSTON,USA,,,,,,,,1,0311,031,03,1,5.2,11,2,11,2.39082403134497,4,"Beijing, Beijing, China",CH,CH22,13001,39.9289,116.388,-1898541,4,"Beijing, Beijing, China",CH,CH22,13001,39.9289,116.388,-1898541,4,"Beijing, Beijing, China",CH,CH22,13001,39.9289,116.388,-1898541,20191214060000,Express intent to cooperate,Verbal cooperation
892941778,20191214,201912,CHN,CHINA,CHN,,,,,,,,USA,UNITED STATES,USA,,,,,,,,1,030,030,03,1,4.0,8,1,8,1.33333333333334,1,China,CH,CH,,35.0,105.0,CH,1,United States,US,US,,39.828175,-98.5795,US,1,China,CH,CH,,35.0,105.0,CH,20191214064500,Express intent to cooperate,Verbal cooperation
892941780,20191214,201912,CHN,CHINA,CHN,,,,,,,,USA,UNITED STATES,USA,,,,,,,,1,0311,031,03,1,5.2,8,1,8,1.33333333333334,1,China,CH,CH,,35.0,105.0,CH,1,United States,US,US,,39.828175,-98.5795,US,1,China,CH,CH,,35.0,105.0,CH,20191214064500,Express intent to cooperate,Verbal cooperation
892941782,20191214,201912,CHN,CANTON,CHN,,,,,,,,USA,MISSOURI,USA,,,,,,,,1,173,173,17,4,-5.0,10,1,10,-14.207650273224,2,"Missouri, United States",US,USMO,,38.4623,-92.302,MO,2,"Missouri, United States",US,USMO,,38.4623,-92.302,MO,2,"Missouri, United States",US,USMO,,38.4623,-92.302,MO,20191214064500,Coerce,Material conflict
892942504,20191214,201912,USA,UNITED STATES,USA,,,,,,,,CHN,CHINA,CHN,,,,,,,,1,030,030,03,1,4.0,8,1,8,1.33333333333334,1,United States,US,US,,39.828175,-98.5795,US,1,China,CH,CH,,35.0,105.0,CH,1,China,CH,CH,,35.0,105.0,CH,20191214064500,Express intent to cooperate,Verbal cooperation
892942506,20191214,201912,USA,UNITED STATES,USA,,,,,,,,CHN,CHINA,CHN,,,,,,,,1,0311,031,03,1,5.2,8,1,8,1.33333333333334,1,United States,US,US,,39.828175,-98.5795,US,1,China,CH,CH,,35.0,105.0,CH,1,China,CH,CH,,35.0,105.0,CH,20191214064500,Express intent to cooperate,Verbal cooperation
892942508,20191214,201912,USA,NEW YORK,USA,,,,,,,,CHN,CHINA,CHN,,,,,,,,1,051,051,05,1,3.4,6,1,6,0.0,1,Russia,RS,RS,,60.0,100.0,RS,1,Ukraine,UP,UP,,49.0,32.0,UP,1,Ukraine,UP,UP,,49.0,32.0,UP,20191214064500,Engage in diplomatic cooperation,Verbal cooperation
892946618,20191214,201912,USA,UNITED STATES,USA,,,,,,,,CHN,CHINA,CHN,,,,,,,,1,0311,031,03,1,5.2,10,1,10,-1.42045454545455,4,"Northern Ireland, Craigavon, United Kingdom",UK,UKR8,40152,54.5,-6.5,-2604275,4,"Northern Ireland, Craigavon, United Kingdom",UK,UKR8,40152,54.5,-6.5,-2604275,4,"Northern Ireland, Craigavon, United Kingdom",UK,UKR8,40152,54.5,-6.5,-2604275,20191214073000,Express intent to cooperate,Verbal cooperation
892947682,20191214,201912,USA,THE US,USA,,,,,,,,CHN,CHINA,CHN,,,,,,,,1,080,080,08,2,5.0,10,1,10,-2.45231607629427,1,China,CH,CH,,35.0,105.0,CH,1,China,CH,CH,,35.0,105.0,CH,1,China,CH,CH,,35.0,105.0,CH,20191214074500,Yield,Material cooperation
892957539,20191214,201912,CHN,BEIJING,CHN,,,,,,,,USA,AMERICAN,USA,,,,,,,,1,010,010,01,1,0.0,10,1,10,-0.58309037900875,4,"Beijing, Beijing, China",CH,CH22,13001,39.9289,116.388,-1898541,4,"Beijing, Beijing, China",CH,CH22,13001,39.9289,116.388,-1898541,4,"Beijing, Beijing, China",CH,CH22,13001,39.9289,116.388,-1898541,20191214093000,Make public statement,Verbal cooperation
892959453,20191214,201912,USAGOV,US OFFICIAL,USA,,,,,GOV,,,CHN,CHINA,CHN,,,,,,,,1,0871,087,08,2,9.0,10,1,10,0.0,1,United States,US,US,,39.828175,-98.5795,US,1,United States,US,US,,39.828175,-98.5795,US,1,United States,US,US,,39.828175,-98.5795,US,20191214094500,Yield,Material cooperation
892960377,20191214,201912,CHN,CHINA,CHN,,,,,,,,USA,AMERICAN,USA,,,,,,,,1,043,043,04,1,2.8,8,1,8,-2.29885057471265,4,"Shanghai, Shanghai, China",CH,CH23,13243,31.2222,121.458,-1924465,4,"Shanghai, Shanghai, China",CH,CH23,13243,31.2222,121.458,-1924465,4,"Shanghai, Shanghai, China",CH,CH23,13243,31.2222,121.458,-1924465,20191214100000,Consult,Verbal cooperation
892968848,20191214,201912,CHN,CHINA,CHN,,,,,,,,USA,THE US,USA,,,,,,,,1,057,057,05,1,8.0,10,1,10,0.93833780160858,4,"Beijing, Beijing, China",CH,CH22,13001,39.9289,116.388,-1898541,4,"Beijing, Beijing, China",CH,CH22,13001,39.9289,116.388,-1898541,4,"Beijing, Beijing, China",CH,CH22,13001,39.9289,116.388,-1898541,20191214113000,Engage in diplomatic cooperation,Verbal cooperation
892969612,20191214,201912,USA,THE US,USA,,,,,,,,CHN,CHINA,CHN,,,,,,,,1,057,057,05,1,8.0,10,1,10,0.93833780160858,2,"New York, United States",US,USNY,,42.1497,-74.9384,NY,2,"New York, United States",US,USNY,,42.1497,-74.9384,NY,2,"New York, United States",US,USNY,,42.1497,-74.9384,NY,20191214113000,Engage in diplomatic cooperation,Verbal cooperation
892970419,20191214,201912,CHN,CHINA,CHN,,,,,,,,MNCUSAMED,GOOGLE,USA,,,,,MNC,MED,,1,043,043,04,1,2.8,6,1,6,4.59183673469387,4,"Xiaomi, Fujian, China",CH,CH07,13163,25.2225,116.057,10999868,1,India,IN,IN,,20.0,77.0,IN,1,India,IN,IN,,20.0,77.0,IN,20191214114500,Consult,Verbal cooperation
892970734,20191214,201912,MNCUSAMED,GOOGLE,USA,,,,,MNC,MED,,CHN,CHINA,CHN,,,,,,,,1,042,042,04,1,1.9,6,1,6,4.59183673469387,1,India,IN,IN,,20.0,77.0,IN,4,"Xiaomi, Fujian, China",CH,CH07,13163,25.2225,116.057,10999868,1,India,IN,IN,,20.0,77.0,IN,20191214114500,Consult,Verbal cooperation
892971774,20191214,201912,CHNBUS,CHINESE,CHN,,,,,BUS,,,USA,AMERICAN,USA,,,,,,,,1,130,130,13,3,-4.4,8,1,8,-1.43042912873862,1,India,IN,IN,,20.0,77.0,IN,1,India,IN,IN,,20.0,77.0,IN,1,India,IN,IN,,20.0,77.0,IN,20191214120000,Threaten,Verbal conflict
892974584,20191214,201912,CHN,CHINA,CHN,,,,,,,,USA,CALIFORNIA,USA,,,,,,,,1,042,042,04,1,1.9,6,1,6,1.63111668757842,1,Hong Kong,HK,HK,,22.25,114.166667,HK,1,Hong Kong,HK,HK,,22.25,114.166667,HK,1,Hong Kong,HK,HK,,22.25,114.166667,HK,20191214123000,Consult,Verbal cooperation
892974585,20191214,201912,CHN,CHINA,CHN,,,,,,,,USA,THE US,USA,,,,,,,,1,051,051,05,1,3.4,8,1,8,-2.55905511811024,4,"Beijing, Beijing, China",CH,CH22,13001,39.9289,116.388,-1898541,4,"Rome, Lazio, Italy",IT,IT07,18350,41.9,12.4833,-126693,4,"Rome, Lazio, Italy",IT,IT07,18350,41.9,12.4833,-126693,20191214123000,Engage in diplomatic cooperation,Verbal cooperation
892975245,20191214,201912,USAGOV,US OFFICIAL,USA,,,,,GOV,,,CHN,CHINA,CHN,,,,,,,,1,0871,087,08,2,9.0,10,1,10,-4.17972831765936,3,"White House, District of Columbia, United States",US,USDC,,38.8951,-77.0364,531871,3,"White House, District of Columbia, United States",US,USDC,,38.8951,-77.0364,531871,3,"White House, District of Columbia, United States",US,USDC,,38.8951,-77.0364,531871,20191214123000,Yield,Material cooperation
892977431,20191214,201912,CHN,CHINA,CHN,,,,,,,,USA,UNITED STATES,USA,,,,,,,,1,010,010,01,1,0.0,8,2,8,3.72685185185185,1,China,CH,CH,,35.0,105.0,CH,1,China,CH,CH,,35.0,105.0,CH,1,United States,US,US,,39.828175,-98.5795,US,20191214130000,Make public statement,Verbal cooperation
892977432,20191214,201912,CHN,CHINA,CHN,,,,,,,,USA,UNITED STATES,USA,,,,,,,,1,020,020,02,1,3.0,8,2,8,3.72685185185185,1,China,CH,CH,,35.0,105.0,CH,1,China,CH,CH,,35.0,105.0,CH,1,United States,US,US,,39.828175,-98.5795,US,20191214130000,Appeal,Verbal cooperation
892977433,20191214,201912,CHN,CHINA,CHN,,,,,,,,USA,UNITED STATES,USA,,,,,,,,1,020,020,02,1,3.0,12,2,12,3.72685185185185,1,China,CH,CH,,35.0,105.0,CH,1,United States,US,US,,39.828175,-98.5795,US,1,United States,US,US,,39.828175,-98.5795,US,20191214130000,Appeal,Verbal cooperation
892977922,20191214,201912,USA,THE US,USA,,,,,,,,CHN,CHINA,CHN,,,,,,,,1,110,110,11,3,-2.0,8,1,8,-1.12732095490717,4,"Chen Xi, Anhui, China",CH,CH01,13165,29.7,117.9,-3824142,4,"Chen Xi, Anhui, China",CH,CH01,13165,29.7,117.9,-3824142,4,"Chen Xi, Anhui, China",CH,CH01,13165,29.7,117.9,-3824142,20191214130000,Disapprove,Verbal conflict
892980896,20191214,201912,CHN,CHINA,CHN,,,,,,,,USAGOV,THE WHITE HOUSE,USA,,,,,GOV,,,1,050,050,05,1,3.5,15,5,15,2.71844660194175,4,"Beijing, Beijing, China",CH,CH22,13001,39.9289,116.388,-1898541,3,"White House, District of Columbia, United States",US,USDC,,38.8951,-77.0364,531871,4,"Beijing, Beijing, China",CH,CH22,13001,39.9289,116.388,-1898541,20191214133000,Engage in diplomatic cooperation,Verbal cooperation
892980897,20191214,201912,CHN,CHINA,CHN,,,,,,,,USAGOV,THE WHITE HOUSE,USA,,,,,GOV,,,1,050,050,05,1,3.5,6,6,6,2.73955551918047,3,"White House, District of Columbia, United States",US,USDC,,38.8951,-77.0364,531871,3,"White House, District of Columbia, United States",US,USDC,,38.8951,-77.0364,531871,3,"White House, District of Columbia, United States",US,USDC,,38.8951,-77.0364,531871,20191214133000,Engage in diplomatic cooperation,Verbal cooperation
892981606,20191214,201912,USA,UNITED STATES,USA,,,,,,,,CHN,CHINA,CHN,,,,,,,,1,010,010,01,1,0.0,8,1,8,-3.125,1,United States,US,US,,39.828175,-98.5795,US,1,China,CH,CH,,35.0,105.0,CH,1,China,CH,CH,,35.0,105.0,CH,20191214133000,Make public statement,Verbal cooperation
892981611,20191214,201912,USA,UNITED STATES,USA,,,,,,,,CHN,CHINA,CHN,,,,,,,,1,050,050,05,1,3.5,20,5,20,2.71844660194175,4,"Beijing, Beijing, China",CH,CH22,13001,39.9289,116.388,-1898541,4,"Beijing, Beijing, China",CH,CH22,13001,39.9289,116.388,-1898541,4,"Beijing, Beijing, China",CH,CH22,13001,39.9289,116.388,-1898541,20191214133000,Engage in diplomatic cooperation,Verbal cooperation
892981613,20191214,201912,USA,UNITED STATES,USA,,,,,,,,CHN,CHINA,CHN,,,,,,,,1,050,050,05,1,3.5,6,6,6,2.73955551918047,2,"Illinois, United States",US,USIL,,40.3363,-89.0022,IL,2,"Illinois, United States",US,USIL,,40.3363,-89.0022,IL,2,"Illinois, United States",US,USIL,,40.3363,-89.0022,IL,20191214133000,Engage in diplomatic cooperation,Verbal cooperation
892981710,20191214,201912,USAGOV,THE WHITE HOUSE,USA,,,,,GOV,,,CHN,CHINA,CHN,,,,,,,,1,050,050,05,1,3.5,10,5,10,2.71844660194175,4,"Beijing, Beijing, China",CH,CH22,13001,39.9289,116.388,-1898541,4,"Beijing, Beijing, China",CH,CH22,13001,39.9289,116.388,-1898541,4,"Beijing, Beijing, China",CH,CH22,13001,39.9289,116.388,-1898541,20191214133000,Engage in diplomatic cooperation,Verbal cooperation
892981713,20191214,201912,USAGOV,THE WHITE HOUSE,USA,,,,,GOV,,,CHN,CHINA,CHN,,,,,,,,1,050,050,05,1,3.5,6,6,6,2.73955551918047,2,"Illinois, United States",US,USIL,,40.3363,-89.0022,IL,2,"Illinois, United States",US,USIL,,40.3363,-89.0022,IL,2,"Illinois, United States",US,USIL,,40.3363,-89.0022,IL,20191214133000,Engage in diplomatic cooperation,Verbal cooperation
892982589,20191214,201912,USA,A US,USA,,,,,,,,CHNBUS,CHINESE,CHN,,,,,BUS,,,1,172,172,17,4,-5.0,6,1,6,0.467289719626164,1,China,CH,CH,,35.0,105.0,CH,1,China,CH,CH,,35.0,105.0,CH,1,China,CH,CH,,35.0,105.0,CH,20191214134500,Coerce,Material conflict
892994189,20191214,201912,CHN,CHINESE,CHN,,,,,,,,USA,AMERICAN,USA,,,,,,,,1,013,013,01,1,0.4,6,1,6,-1.67714884696017,4,"Beijing, Beijing, China",CH,CH22,13001,39.9289,116.388,-1898541,1,United States,US,US,,39.828175,-98.5795,US,4,"Beijing, Beijing, China",CH,CH22,13001,39.9289,116.388,-1898541,20191214160000,Make public statement,Verbal cooperation
892995794,20191214,201912,USA,UNITED STATES,USA,,,,,,,,CHN,CHINA,CHN,,,,,,,,1,112,112,11,3,-2.0,6,1,6,-4.32276657060519,3,"Washington, District of Columbia, United States",US,USDC,DC001,38.8951,-77.0364,531871,1,China,CH,CH,,35.0,105.0,CH,1,China,CH,CH,,35.0,105.0,CH,20191214161500,Disapprove,Verbal conflict
892995879,20191214,201912,USAPTY,WASHINGTON,USA,,,,,,,,CHN,CHINA,CHN,,,,,,,,1,112,112,11,3,-2.0,6,1,6,-4.32276657060519,3,"Washington, District of Columbia, United States",US,USDC,DC001,38.8951,-77.0364,531871,3,"Washington, District of Columbia, United States",US,USDC,DC001,38.8951,-77.0364,531871,3,"Washington, District of Columbia, United States",US,USDC,DC001,38.8951,-77.0364,531871,20191214161500,Disapprove,Verbal conflict
893027180,20191214,201912,CHN,CHINA,CHN,,,,,,,,USA,UNITED STATES,USA,,,,,,,,1,046,046,04,1,7.0,8,1,8,1.82481751824817,1,China,CH,CH,,35.0,105.0,CH,3,"Chicago, Illinois, United States",US,USIL,IL031,41.85,-87.6501,423587,1,China,CH,CH,,35.0,105.0,CH,20191214224500,Consult,Verbal cooperation
893027557,20191214,201912,MNCUSA,HEWLETT PACKARD,USA,,,,,MNC,,,CHN,CHINESE,CHN,,,,,,,,1,072,072,07,2,8.3,10,1,10,-4.17391304347826,4,"Xinjiang, Jiangxi, China",CH,CH03,13167,27.7481,116.274,11065838,4,"Xinjiang, Jiangxi, China",CH,CH03,13167,27.7481,116.274,11065838,4,"Xinjiang, Jiangxi, China",CH,CH03,13167,27.7481,116.274,11065838,20191214224500,Provide aid,Material cooperation
893028929,20191214,201912,MNCUSA,ISHARES,USA,,,,,MNC,,,CHN,CHINA,CHN,,,,,,,,1,071,071,07,2,7.4,10,1,10,-0.454545454545451,4,"Shenzhen, Guangdong, China",CH,CH30,13036,22.2,111.117,-1925267,4,"Shenzhen, Guangdong, China",CH,CH30,13036,22.2,111.117,-1925267,4,"Shenzhen, Guangdong, China",CH,CH30,13036,22.2,111.117,-1925267,20191214230000,Provide aid,Material cooperation
893038688,20191215,201912,USA,WASHINGTON,USA,,,,,,,,CHN,BEIJING,CHN,,,,,,,,1,030,030,03,1,4.0,6,1,6,1.28865979381443,3,"White House, District of Columbia, United States",US,USDC,,38.8951,-77.0364,531871,3,"White House, District of Columbia, United States",US,USDC,,38.8951,-77.0364,531871,3,"White House, District of Columbia, United States",US,USDC,,38.8951,-77.0364,531871,20191215003000,Express intent to cooperate,Verbal cooperation
893038916,20191215,201912,USABUS,AMERICAN,USA,,,,,BUS,,,CHN,BEIJING,CHN,,,,,,,,1,0841,084,08,2,7.0,6,1,6,-1.39111824505083,3,"Washington, District of Columbia, United States",US,USDC,DC001,38.8951,-77.0364,531871,4,"Beijing, Beijing, China",CH,CH22,13001,39.9289,116.388,-1898541,3,"Washington, District of Columbia, United States",US,USDC,DC001,38.8951,-77.0364,531871,20191215003000,Yield,Material cooperation
893042681,20191215,201912,CHNLAB,CHINESE,CHN,,,,,LAB,,,USA,UNITED STATES,USA,,,,,,,,1,061,061,06,2,6.4,6,1,6,-1.04493207941484,4,"Beijing, Beijing, China",CH,CH22,13001,39.9289,116.388,-1898541,4,"Beijing, Beijing, China",CH,CH22,13001,39.9289,116.388,-1898541,4,"Beijing, Beijing, China",CH,CH22,13001,39.9289,116.388,-1898541,20191215011500,Engage in material cooperation,Material cooperation
893044771,20191215,201912,USABUS,AMERICAN,USA,,,,,BUS,,,CHN,BEIJING,CHN,,,,,,,,1,0841,084,08,2,7.0,6,1,6,-1.91761363636364,4,"Beijing, Beijing, China",CH,CH22,13001,39.9289,116.388,-1898541,4,"Beijing, Beijing, China",CH,CH22,13001,39.9289,116.388,-1898541,4,"Beijing, Beijing, China",CH,CH22,13001,39.9289,116.388,-1898541,20191215013000,Yield,Material cooperation
893047472,20191215,201912,CHN,CHINA,CHN,,,,,,,,MNCUSAMED,GOOGLE,USA,,,,,MNC,MED,,1,043,043,04,1,2.8,6,1,6,4.89130434782609,4,"Xiaomi, Fujian, China",CH,CH07,13163,25.2225,116.057,10999868,1,India,IN,IN,,20.0,77.0,IN,1,India,IN,IN,,20.0,77.0,IN,20191215020000,Consult,Verbal cooperation
893047978,20191215,201912,MNCUSAMED,GOOGLE,USA,,,,,MNC,MED,,CHN,CHINA,CHN,,,,,,,,1,042,042,04,1,1.9,6,1,6,4.89130434782609,1,India,IN,IN,,20.0,77.0,IN,4,"Xiaomi, Fujian, China",CH,CH07,13163,25.2225,116.057,10999868,1,India,IN,IN,,20.0,77.0,IN,20191215020000,Consult,Verbal cooperation
893048590,20191215,201912,CHN,CHINESE,CHN,,,,,,,,USA,AMERICAN,USA,,,,,,,,1,111,111,11,3,-2.0,7,1,7,-0.10869565217392,4,"Guangzhou, Guangdong, China",CH,CH30,13033,23.1167,113.25,-1907161,2,"New York, United States",US,USNY,,42.1497,-74.9384,NY,4,"Guangzhou, Guangdong, China",CH,CH30,13033,23.1167,113.25,-1907161,20191215021500,Disapprove,Verbal conflict
893049293,20191215,201912,USA,IOWA,USA,,,,,,,,CHN,CHINA,CHN,,,,,,,,1,0311,031,03,1,5.2,8,1,8,0.60240963855421,2,"Iowa, United States",US,USIA,,42.0046,-93.214,IA,1,China,CH,CH,,35.0,105.0,CH,2,"Iowa, United States",US,USIA,,42.0046,-93.214,IA,20191215021500,Express intent to cooperate,Verbal cooperation
893049296,20191215,201912,USA,WASHINGTON,USA,,,,,,,,CHN,CHINA,CHN,,,,,,,,1,0871,087,08,2,9.0,20,1,20,-2.31404958677686,4,"Beijing, Beijing, China",CH,CH22,13001,39.9289,116.388,-1898541,4,"Beijing, Beijing, China",CH,CH22,13001,39.9289,116.388,-1898541,4,"Beijing, Beijing, China",CH,CH22,13001,39.9289,116.388,-1898541,20191215021500,Yield,Material cooperation
893054336,20191215,201912,USA,THE US,USA,,,,,,,,CHN,CHINA,CHN,,,,,,,,1,173,173,17,4,-5.0,6,1,6,-4.74537037037037,3,"Washington, District of Columbia, United States",US,USDC,DC001,38.8951,-77.0364,531871,3,"Washington, District of Columbia, United States",US,USDC,DC001,38.8951,-77.0364,531871,3,"Washington, District of Columbia, United States",US,USDC,DC001,38.8951,-77.0364,531871,20191215031500,Coerce,Material conflict
893061427,20191215,201912,CHN,XINJIANG,CHN,,,,,,,,USA,NEW YORK,USA,,,,,,,,1,010,010,01,1,0.0,10,1,10,-3.78048780487805,4,"Xinjiang, Jiangxi, China",CH,CH03,13167,27.7481,116.274,11065838,2,"New York, United States",US,USNY,,42.1497,-74.9384,NY,4,"Xinjiang, Jiangxi, China",CH,CH03,13167,27.7481,116.274,11065838,20191215050000,Make public statement,Verbal cooperation
893064212,20191215,201912,USA,RICHMOND,USA,,,,,,,,CHN,CHINA,CHN,,,,,,,,1,100,100,10,3,-5.0,8,1,8,-4.11255411255411,1,Hong Kong,HK,HK,,22.25,114.166667,HK,1,Hong Kong,HK,HK,,22.25,114.166667,HK,1,Hong Kong,HK,HK,,22.25,114.166667,HK,20191215053000,Demand,Verbal conflict
893065688,20191215,201912,USA,MINNEAPOLIS,USA,,,,,,,,CHN,CHINA,CHN,,,,,,,,1,061,061,06,2,6.4,9,1,9,-1.25284738041002,4,"Beijing, Beijing, China",CH,CH22,13001,39.9289,116.388,-1898541,4,"Beijing, Beijing, China",CH,CH22,13001,39.9289,116.388,-1898541,4,"Beijing, Beijing, China",CH,CH22,13001,39.9289,116.388,-1898541,20191215054500,Engage in material cooperation,Material cooperation
893066486,20191215,201912,CHN,CHINA,CHN,,,,,,,,USA,UNITED STATES,USA,,,,,,,,1,046,046,04,1,7.0,8,1,8,0.99502487562189,1,China,CH,CH,,35.0,105.0,CH,1,United States,US,US,,39.828175,-98.5795,US,1,United States,US,US,,39.828175,-98.5795,US,20191215060000,Consult,Verbal cooperation
893070206,20191215,201912,CHN,CHINA,CHN,,,,,,,,USA,UNITED STATES,USA,,,,,,,,1,0311,031,03,1,5.2,6,1,6,-1.00502512562814,1,China,CH,CH,,35.0,105.0,CH,2,"Illinois, United States",US,USIL,,40.3363,-89.0022,IL,1,China,CH,CH,,35.0,105.0,CH,20191215064500,Express intent to cooperate,Verbal cooperation
893070207,20191215,201912,CHN,CHINA,CHN,,,,,,,,USA,UNITED STATES,USA,,,,,,,,1,0311,031,03,1,5.2,6,1,6,-1.68067226890756,1,China,CH,CH,,35.0,105.0,CH,1,United States,US,US,,39.828175,-98.5795,US,1,China,CH,CH,,35.0,105.0,CH,20191215064500,Express intent to cooperate,Verbal cooperation
893070817,20191215,201912,USA,UNITED STATES,USA,,,,,,,,CHN,CHINA,CHN,,,,,,,,1,0311,031,03,1,5.2,10,2,10,-1.07258983995608,1,China,CH,CH,,35.0,105.0,CH,1,China,CH,CH,,35.0,105.0,CH,1,China,CH,CH,,35.0,105.0,CH,20191215064500,Express intent to cooperate,Verbal cooperation
893072557,20191208,201912,CHN,SHENZHEN,CHN,,,,,,,,MNCUSAMED,QUALCOMM,USA,,,,,MNC,MED,,1,042,042,04,1,1.9,8,1,8,1.24113475177304,4,"Shenzhen, Guangdong, China",CH,CH30,13036,22.2,111.117,-1925267,4,"Shenzhen, Guangdong, China",CH,CH30,13036,22.2,111.117,-1925267,4,"Shenzhen, Guangdong, China",CH,CH30,13036,22.2,111.117,-1925267,20191215071500,Consult,Verbal cooperation
893072568,20191208,201912,MNCUSAMED,QUALCOMM,USA,,,,,MNC,MED,,CHN,SHENZHEN,CHN,,,,,,,,1,043,043,04,1,2.8,8,1,8,1.24113475177304,4,"Shenzhen, Guangdong, China",CH,CH30,13036,22.2,111.117,-1925267,4,"Shenzhen, Guangdong, China",CH,CH30,13036,22.2,111.117,-1925267,4,"Shenzhen, Guangdong, China",CH,CH30,13036,22.2,111.117,-1925267,20191215071500,Consult,Verbal cooperation
893085735,20191215,201912,USA,THE US,USA,,,,,,,,CHN,CHINA,CHN,,,,,,,,1,190,190,19,4,-10.0,10,1,10,-0.75075075075075,1,North Korea,KN,KN,,40.0,127.0,KN,1,North Korea,KN,KN,,40.0,127.0,KN,1,North Korea,KN,KN,,40.0,127.0,KN,20191215094500,Fight,Material conflict
893095296,20191215,201912,CHN,CHINA,CHN,,,,,,,,USA,AMERICAN,USA,,,,,,,,1,042,042,04,1,1.9,6,1,6,3.01003344481605,4,"Nanjing, Jiangsu, China",CH,CH04,13144,32.0617,118.778,-1919548,1,United States,US,US,,39.828175,-98.5795,US,4,"Nanjing, Jiangsu, China",CH,CH04,13144,32.0617,118.778,-1919548,20191215113000,Consult,Verbal cooperation
893095824,20191215,201912,USA,AMERICAN,USA,,,,,,,,CHN,CHINA,CHN,,,,,,,,1,043,043,04,1,2.8,6,1,6,3.01003344481605,1,United States,US,US,,39.828175,-98.5795,US,4,"Nanjing, Jiangsu, China",CH,CH04,13144,32.0617,118.778,-1919548,4,"Nanjing, Jiangsu, China",CH,CH04,13144,32.0617,118.778,-1919548,20191215113000,Consult,Verbal cooperation
893108401,20191215,201912,CHN,CHINA,CHN,,,,,,,,USA,NEBRASKA,USA,,,,,,,,1,120,120,12,3,-4.0,6,1,6,1.58730158730159,1,China,CH,CH,,35.0,105.0,CH,2,"Nebraska, United States",US,USNE,,41.1289,-98.2883,NE,2,"Nebraska, United States",US,USNE,,41.1289,-98.2883,NE,20191215134500,Reject,Verbal conflict
893111619,20191215,201912,USA,NEW YORK,USA,,,,,,,,CHNGOV,CHINESE,CHN,,,,,GOV,,,1,174,174,17,4,-5.0,7,1,7,-3.98860398860399,2,"New York, United States",US,USNY,,42.1497,-74.9384,NY,4,"Beijing, Beijing, China",CH,CH22,13001,39.9289,116.388,-1898541,4,"Beijing, Beijing, China",CH,CH22,13001,39.9289,116.388,-1898541,20191215141500,Coerce,Material conflict
893114451,20191215,201912,CHN,CHINA,CHN,,,,,,,,MNCUSA,MICROSOFT,USA,,,,,MNC,,,1,043,043,04,1,2.8,9,1,7,-0.47732696897375,4,"Shenzhen, Guangdong, China",CH,CH30,13036,22.2,111.117,-1925267,4,"Shenzhen, Guangdong, China",CH,CH30,13036,22.2,111.117,-1925267,4,"Shenzhen, Guangdong, China",CH,CH30,13036,22.2,111.117,-1925267,20191215144500,Consult,Verbal cooperation
893116006,20191215,201912,CHNGOV,CHINESE,CHN,,,,,GOV,,,USA,THE US,USA,,,,,,,,1,114,114,11,3,-2.0,6,1,6,-2.80561122244489,1,China,CH,CH,,35.0,105.0,CH,1,China,CH,CH,,35.0,105.0,CH,1,China,CH,CH,,35.0,105.0,CH,20191215150000,Disapprove,Verbal conflict
893116863,20191215,201912,USA,THE US,USA,,,,,,,,CHNGOV,CHINESE,CHN,,,,,GOV,,,1,174,174,17,4,-5.0,10,1,10,-2.80561122244489,1,China,CH,CH,,35.0,105.0,CH,1,China,CH,CH,,35.0,105.0,CH,1,China,CH,CH,,35.0,105.0,CH,20191215150000,Coerce,Material conflict
893119881,20191215,201912,USAELIGOV,JIMMY CARTER,USA,,,,,ELI,GOV,,CHN,CHINA,CHN,,,,,,,,1,054,054,05,1,6.0,6,1,6,-3.2258064516129,1,China,CH,CH,,35.0,105.0,CH,1,China,CH,CH,,35.0,105.0,CH,1,China,CH,CH,,35.0,105.0,CH,20191215153000,Engage in diplomatic cooperation,Verbal cooperation
893121989,20191215,201912,CHNGOV,CHINESE,CHN,,,,,GOV,,,USA,NEW YORK,USA,,,,,,,,1,010,010,01,1,0.0,6,1,6,-4.54545454545455,1,China,CH,CH,,35.0,105.0,CH,2,"New York, United States",US,USNY,,42.1497,-74.9384,NY,2,"New York, United States",US,USNY,,42.1497,-74.9384,NY,20191215160000,Make public statement,Verbal cooperation
893121991,20191215,201912,CHNGOV,CHINA,CHN,,,,,GOV,,,USA,UNITED STATES,USA,,,,,,,,1,112,112,11,3,-2.0,8,1,8,-3.62173038229376,4,"Xinjiang, Jiangxi, China",CH,CH03,13167,27.7481,116.274,11065838,3,"Washington, District of Columbia, United States",US,USDC,DC001,38.8951,-77.0364,531871,3,"Washington, District of Columbia, United States",US,USDC,DC001,38.8951,-77.0364,531871,20191215160000,Disapprove,Verbal conflict
893123576,20191215,201912,CHN,CHINA,CHN,,,,,,,,USA,UNITED STATES,USA,,,,,,,,1,043,043,04,1,2.8,8,2,8,2.74390243902439,4,"Suzhou, Jiangsu, China",CH,CH04,13148,31.3114,120.618,79514,2,"Utah, United States",US,USUT,,40.1135,-111.854,UT,4,"Suzhou, Jiangsu, China",CH,CH04,13148,31.3114,120.618,79514,20191215161500,Consult,Verbal cooperation
893124088,20191215,201912,USA,UNITED STATES,USA,,,,,,,,CHN,CHINA,CHN,,,,,,,,1,042,042,04,1,1.9,8,2,8,2.74390243902439,4,"Suzhou, Jiangsu, China",CH,CH04,13148,31.3114,120.618,79514,4,"Suzhou, Jiangsu, China",CH,CH04,13148,31.3114,120.618,79514,4,"Suzhou, Jiangsu, China",CH,CH04,13148,31.3114,120.618,79514,20191215161500,Consult,Verbal cooperation
893124956,20191215,201912,CHN,CHINA,CHN,,,,,,,,USA,THE US,USA,,,,,,,,1,030,030,03,1,4.0,20,1,10,-0.4524886877828,4,"Beijing, Beijing, China",CH,CH22,13001,39.9289,116.388,-1898541,4,"Beijing, Beijing, China",CH,CH22,13001,39.9289,116.388,-1898541,4,"Beijing, Beijing, China",CH,CH22,13001,39.9289,116.388,-1898541,20191215163000,Express intent to cooperate,Verbal cooperation
893125714,20191215,201912,USAAGR,AMERICAN,USA,,,,,AGR,,,CHN,CHINA,CHN,,,,,,,,1,051,051,05,1,3.4,10,1,6,-0.4524886877828,3,"White House, District of Columbia, United States",US,USDC,,38.8951,-77.0364,531871,4,"Beijing, Beijing, China",CH,CH22,13001,39.9289,116.388,-1898541,3,"White House, District of Columbia, United States",US,USDC,,38.8951,-77.0364,531871,20191215163000,Engage in diplomatic cooperation,Verbal cooperation
893127377,20191215,201912,USAGOV,THE US,USA,,,,,GOV,,,CHNGOV,CHINESE,CHN,,,,,GOV,,,1,174,174,17,4,-5.0,6,2,6,-4.18893795026726,4,"Beijing, Beijing, China",CH,CH22,13001,39.9289,116.388,-1898541,4,"Beijing, Beijing, China",CH,CH22,13001,39.9289,116.388,-1898541,4,"Beijing, Beijing, China",CH,CH22,13001,39.9289,116.388,-1898541,20191215164500,Coerce,Material conflict
893133818,20191215,201912,CHNGOV,CHINESE,CHN,,,,,GOV,,,USA,THE US,USA,,,,,,,,1,174,174,17,4,-5.0,6,1,6,-3.15457413249211,4,"Beijing, Beijing, China",CH,CH22,13001,39.9289,116.388,-1898541,4,"Beijing, Beijing, China",CH,CH22,13001,39.9289,116.388,-1898541,4,"Beijing, Beijing, China",CH,CH22,13001,39.9289,116.388,-1898541,20191215180000,Coerce,Material conflict
893134358,20191215,201912,USAGOV,US OFFICIAL,USA,,,,,GOV,,,CHNGOV,CHINESE,CHN,,,,,GOV,,,1,013,013,01,1,0.4,8,1,8,-3.41463414634146,2,"Virginia, United States",US,USVA,,37.768,-78.2057,VA,4,"Xinjiang, Jiangxi, China",CH,CH03,13167,27.7481,116.274,11065838,4,"Xinjiang, Jiangxi, China",CH,CH03,13167,27.7481,116.274,11065838,20191215180000,Make public statement,Verbal cooperation
893135081,20191215,201912,CHN,CANTON,CHN,,,,,,,,USA,MISSISSIPPI,USA,,,,,,,,1,190,190,19,4,-10.0,10,1,10,-7.83132530120482,3,"University Of Mississippi Medical Center, Mississippi, United States",US,USMS,MS049,32.3292,-90.1733,679143,3,"University Of Mississippi Medical Center, Mississippi, United States",US,USMS,,32.3292,-90.1733,679143,3,"University Of Mississippi Medical Center, Mississippi, United States",US,USMS,,32.3292,-90.1733,679143,20191215181500,Fight,Material conflict
893135746,20191215,201912,USAGOV,US OFFICIAL,USA,,,,,GOV,,,CHNGOV,CHINESE,CHN,,,,,GOV,,,1,013,013,01,1,0.4,8,1,8,-3.61757105943152,4,"Beijing, Beijing, China",CH,CH22,13001,39.9289,116.388,-1898541,4,"Beijing, Beijing, China",CH,CH22,13001,39.9289,116.388,-1898541,4,"Beijing, Beijing, China",CH,CH22,13001,39.9289,116.388,-1898541,20191215181500,Make public statement,Verbal cooperation
893136951,20191215,201912,CHN,CHINESE,CHN,,,,,,,,USA,AMERICAN,USA,,,,,,,,1,012,012,01,1,-0.4,10,1,10,-5.97609561752988,1,China,CH,CH,,35.0,105.0,CH,2,"New York, United States",US,USNY,,42.1497,-74.9384,NY,1,China,CH,CH,,35.0,105.0,CH,20191215183000,Make public statement,Verbal cooperation
893137694,20191215,201912,USA,WASHINGTON,USA,,,,,,,,CHN,CHINA,CHN,,,,,,,,1,0311,031,03,1,5.2,9,2,9,1.90391001716995,3,"Washington, District of Columbia, United States",US,USDC,DC001,38.8951,-77.0364,531871,4,"Beijing, Beijing, China",CH,CH22,13001,39.9289,116.388,-1898541,4,"Beijing, Beijing, China",CH,CH22,13001,39.9289,116.388,-1898541,20191215183000,Express intent to cooperate,Verbal cooperation
893137700,20191215,201912,USA,WASHINGTON,USA,,,,,,,,CHN,CHINESE,CHN,,,,,,,,1,161,161,16,4,-4.0,6,1,6,-2.73724454052323,4,"Shanghai, Shanghai, China",CH,CH23,13243,31.2222,121.458,-1924465,4,"Shanghai, Shanghai, China",CH,CH23,13243,31.2222,121.458,-1924465,4,"Shanghai, Shanghai, China",CH,CH23,13243,31.2222,121.458,-1924465,20191215183000,Reduce relations,Material conflict
893137702,20191215,201912,USA,WASHINGTON,USA,,,,,,,,CHN,CHINESE,CHN,,,,,,,,1,161,161,16,4,-4.0,8,2,8,-3.46509623195133,1,China,CH,CH,,35.0,105.0,CH,1,China,CH,CH,,35.0,105.0,CH,1,China,CH,CH,,35.0,105.0,CH,20191215183000,Reduce relations,Material conflict
893137711,20191215,201912,USA,UNITED STATES,USA,,,,,,,,CHNGOV,CHINESE,CHN,,,,,GOV,,,1,173,173,17,4,-5.0,6,1,6,-5.97609561752988,2,"New York, United States",US,USNY,,42.1497,-74.9384,NY,1,China,CH,CH,,35.0,105.0,CH,2,"New York, United States",US,USNY,,42.1497,-74.9384,NY,20191215183000,Coerce,Material conflict
893138133,20191215,201912,CHN,CHINA,CHN,,,,,,,,USA,THE US,USA,,,,,,,,1,0311,031,03,1,5.2,10,1,10,-3.80710659898477,1,China,CH,CH,,35.0,105.0,CH,1,China,CH,CH,,35.0,105.0,CH,1,China,CH,CH,,35.0,105.0,CH,20191215184500,Express intent to cooperate,Verbal cooperation
893138135,20191215,201912,CHN,CHINA,CHN,,,,,,,,USA,THE US,USA,,,,,,,,1,057,057,05,1,8.0,8,1,8,-3.80710659898477,1,China,CH,CH,,35.0,105.0,CH,1,China,CH,CH,,35.0,105.0,CH,1,China,CH,CH,,35.0,105.0,CH,20191215184500,Engage in diplomatic cooperation,Verbal cooperation
893138784,20191215,201912,USA,THE US,USA,,,,,,,,CHN,CHINA,CHN,,,,,,,,1,057,057,05,1,8.0,8,1,8,-3.80710659898477,1,China,CH,CH,,35.0,105.0,CH,1,China,CH,CH,,35.0,105.0,CH,1,China,CH,CH,,35.0,105.0,CH,20191215184500,Engage in diplomatic cooperation,Verbal cooperation
893139672,20191215,201912,CHNGOV,CHINESE,CHN,,,,,GOV,,,USAGOV,THE US,USA,,,,,GOV,,,1,174,174,17,4,-5.0,6,1,6,-3.72881355932203,1,China,CH,CH,,35.0,105.0,CH,1,China,CH,CH,,35.0,105.0,CH,1,China,CH,CH,,35.0,105.0,CH,20191215190000,Coerce,Material conflict
893147098,20191215,201912,CHN,CANTON,CHN,,,,,,,,USA,WASHINGTON,USA,,,,,,,,1,190,190,19,4,-10.0,8,1,8,-5.16717325227963,1,China,CH,CH,,35.0,105.0,CH,3,"Washington, District of Columbia, United States",US,USDC,DC001,38.8951,-77.0364,531871,1,China,CH,CH,,35.0,105.0,CH,20191215201500,Fight,Material conflict
893147455,20191215,201912,USA,RICHMOND,USA,,,,,,,,CHN,CHINA,CHN,,,,,,,,1,1411,141,14,3,-6.5,6,1,6,-4.48343079922028,1,Hong Kong,HK,HK,,22.25,114.166667,HK,1,China,CH,CH,,35.0,105.0,CH,1,Hong Kong,HK,HK,,22.25,114.166667,HK,20191215201500,Protest,Verbal conflict
893147457,20191215,201912,USA,WASHINGTON,USA,,,,,,,,CHN,CANTON,CHN,,,,,,,,1,190,190,19,4,-10.0,6,1,6,-5.16717325227963,3,"White House, District of Columbia, United States",US,USDC,,38.8951,-77.0364,531871,3,"White House, District of Columbia, United States",US,USDC,,38.8951,-77.0364,531871,3,"White House, District of Columbia, United States",US,USDC,,38.8951,-77.0364,531871,20191215201500,Fight,Material conflict
893147528,20191215,201912,USAGOV,US OFFICIAL,USA,,,,,GOV,,,CHN,CHINA,CHN,,,,,,,,1,0871,087,08,2,9.0,10,1,10,-2.31788079470199,4,"Beijing, Beijing, China",CH,CH22,13001,39.9289,116.388,-1898541,4,"Beijing, Beijing, China",CH,CH22,13001,39.9289,116.388,-1898541,4,"Beijing, Beijing, China",CH,CH22,13001,39.9289,116.388,-1898541,20191215201500,Yield,Material cooperation
893148184,20191215,201912,USA,UNITED STATES,USA,,,,,,,,CHN,CHINESE,CHN,,,,,,,,1,190,190,19,4,-10.0,8,2,8,-6.71641791044776,1,United States,US,US,,39.828175,-98.5795,US,1,China,CH,CH,,35.0,105.0,CH,1,United States,US,US,,39.828175,-98.5795,US,20191215203000,Fight,Material conflict
893152375,20191215,201912,USAGOVBUS,THE US,USA,,,,,GOV,BUS,,CHNGOV,CHINESE,CHN,,,,,GOV,,,1,160,160,16,4,-4.0,6,1,6,-2.6615969581749,4,"Xinjiang, Jiangxi, China",CH,CH03,13167,27.7481,116.274,11065838,1,Switzerland,SZ,SZ,,47.0,8.0,SZ,4,"Xinjiang, Jiangxi, China",CH,CH03,13167,27.7481,116.274,11065838,20191215211500,Reduce relations,Material conflict
893155290,20191215,201912,CHN,CHINA,CHN,,,,,,,,USAMIL,VIRGINIA,USA,,,,,MIL,,,1,128,128,12,3,-5.0,10,1,10,-4.18552036199095,4,"Beijing, Beijing, China",CH,CH22,13001,39.9289,116.388,-1898541,4,"Beijing, Beijing, China",CH,CH22,13001,39.9289,116.388,-1898541,4,"Beijing, Beijing, China",CH,CH22,13001,39.9289,116.388,-1898541,20191215220000,Reject,Verbal conflict
893158720,20191215,201912,CHN,CHINA,CHN,,,,,,,,USA,UNITED STATES,USA,,,,,,,,1,013,013,01,1,0.4,10,1,10,-0.81521739130435,4,"London, London, City of, United Kingdom",UK,UKH9,40110,51.5,-0.116667,-2601889,4,"London, London, City of, United Kingdom",UK,UKH9,40110,51.5,-0.116667,-2601889,4,"London, London, City of, United Kingdom",UK,UKH9,40110,51.5,-0.116667,-2601889,20191215224500,Make public statement,Verbal cooperation
893158721,20191215,201912,CHN,CHINA,CHN,,,,,,,,USA,UNITED STATES,USA,,,,,,,,1,030,030,03,1,4.0,6,1,6,-0.81521739130435,4,"Beijing, Beijing, China",CH,CH22,13001,39.9289,116.388,-1898541,1,United States,US,US,,39.828175,-98.5795,US,4,"Beijing, Beijing, China",CH,CH22,13001,39.9289,116.388,-1898541,20191215224500,Express intent to cooperate,Verbal cooperation
893161366,20191215,201912,USA,UNITED STATES,USA,,,,,,,,CHN,CHINA,CHN,,,,,,,,1,010,010,01,1,0.0,10,1,10,-3.29380764163373,2,"New York, United States",US,USNY,,42.1497,-74.9384,NY,4,"Beijing, Beijing, China",CH,CH22,13001,39.9289,116.388,-1898541,4,"Beijing, Beijing, China",CH,CH22,13001,39.9289,116.388,-1898541,20191215231500,Make public statement,Verbal cooperation
893161367,20191215,201912,USA,UNITED STATES,USA,,,,,,,,CHN,CHINA,CHN,,,,,,,,1,130,130,13,3,-4.4,10,1,10,-3.29380764163373,2,"New York, United States",US,USNY,,42.1497,-74.9384,NY,4,"Beijing, Beijing, China",CH,CH22,13001,39.9289,116.388,-1898541,4,"Beijing, Beijing, China",CH,CH22,13001,39.9289,116.388,-1898541,20191215231500,Threaten,Verbal conflict
893161368,20191215,201912,USA,NEW YORK,USA,,,,,,,,CHNGOV,CHINESE,CHN,,,,,GOV,,,1,174,174,17,4,-5.0,7,1,7,-3.29380764163373,2,"New York, United States",US,USNY,,42.1497,-74.9384,NY,2,"New York, United States",US,USNY,,42.1497,-74.9384,NY,2,"New York, United States",US,USNY,,42.1497,-74.9384,NY,20191215231500,Coerce,Material conflict
893166173,20191216,201912,USA,WASHINGTON,USA,,,,,,,,CHN,CHINA,CHN,,,,,,,,1,0311,031,03,1,5.2,10,1,10,0.72674418604652,3,"Washington, District of Columbia, United States",US,USDC,DC001,38.8951,-77.0364,531871,4,"Beijing, Beijing, China",CH,CH22,13001,39.9289,116.388,-1898541,4,"Beijing, Beijing, China",CH,CH22,13001,39.9289,116.388,-1898541,20191216000000,Express intent to cooperate,Verbal cooperation
893167054,20191216,201912,CHNGOV,CHINESE,CHN,,,,,GOV,,,USA,THE US,USA,,,,,,,,1,114,114,11,3,-2.0,6,1,6,-2.85132382892057,1,China,CH,CH,,35.0,105.0,CH,1,China,CH,CH,,35.0,105.0,CH,1,China,CH,CH,,35.0,105.0,CH,20191216001500,Disapprove,Verbal conflict
893167838,20191216,201912,USA,THE US,USA,,,,,,,,CHNGOV,CHINESE,CHN,,,,,GOV,,,1,174,174,17,4,-5.0,10,1,10,-2.85132382892057,1,China,CH,CH,,35.0,105.0,CH,1,China,CH,CH,,35.0,105.0,CH,1,China,CH,CH,,35.0,105.0,CH,20191216001500,Coerce,Material conflict
893170399,20191216,201912,USA,THE US,USA,,,,,,,,CHN,CHINESE,CHN,,,,,,,,1,114,114,11,3,-2.0,10,1,10,1.88356164383562,1,Japan,JA,JA,,36.0,138.0,JA,1,China,CH,CH,,35.0,105.0,CH,1,South Korea,KS,KS,,37.0,127.5,KS,20191216003000,Disapprove,Verbal conflict
893177339,20191216,201912,CHN,CHINESE,CHN,,,,,,,,USA,SAN FRANCISCO,USA,,,,,,,,1,042,042,04,1,1.9,10,1,10,7.56972111553785,1,China,CH,CH,,35.0,105.0,CH,3,"San Francisco, California, United States",US,USCA,,37.7749,-122.419,277593,1,China,CH,CH,,35.0,105.0,CH,20191216013000,Consult,Verbal cooperation
893178073,20191216,201912,USA,SAN FRANCISCO,USA,,,,,,,,CHN,CHINESE,CHN,,,,,,,,1,043,043,04,1,2.8,8,1,8,7.56972111553785,1,China,CH,CH,,35.0,105.0,CH,1,China,CH,CH,,35.0,105.0,CH,1,China,CH,CH,,35.0,105.0,CH,20191216013000,Consult,Verbal cooperation
893178185,20191216,201912,USAGOV,US OFFICIAL,USA,,,,,GOV,,,CHNGOV,CHINESE,CHN,,,,,GOV,,,1,013,013,01,1,0.4,16,2,16,-3.45897004703761,4,"Beijing, Beijing, China",CH,CH22,13001,39.9289,116.388,-1898541,4,"Beijing, Beijing, China",CH,CH22,13001,39.9289,116.388,-1898541,4,"Beijing, Beijing, China",CH,CH22,13001,39.9289,116.388,-1898541,20191216013000,Make public statement,Verbal cooperation
893178999,20191216,201912,CHN,CHINA,CHN,,,,,,,,USA,THE US,USA,,,,,,,,1,030,030,03,1,4.0,10,1,10,-0.6872852233677,1,China,CH,CH,,35.0,105.0,CH,1,China,CH,CH,,35.0,105.0,CH,1,China,CH,CH,,35.0,105.0,CH,20191216014500,Express intent to cooperate,Verbal cooperation
893179009,20191216,201912,CHNGOV,CHINESE,CHN,,,,,GOV,,,USAGOV,THE US,USA,,,,,GOV,,,1,174,174,17,4,-5.0,6,2,6,-3.36059986366735,1,China,CH,CH,,35.0,105.0,CH,1,China,CH,CH,,35.0,105.0,CH,2,"Virginia, United States",US,USVA,,37.768,-78.2057,VA,20191216014500,Coerce,Material conflict
893179706,20191216,201912,USA,THE US,USA,,,,,,,,CHN,CHINA,CHN,,,,,,,,1,030,030,03,1,4.0,10,1,10,-0.6872852233677,1,China,CH,CH,,35.0,105.0,CH,1,China,CH,CH,,35.0,105.0,CH,1,China,CH,CH,,35.0,105.0,CH,20191216014500,Express intent to cooperate,Verbal cooperation
893182739,20191216,201912,USA,WASHINGTON,USA,,,,,,,,CHN,BEIJING,CHN,,,,,,,,1,110,110,11,3,-2.0,8,1,8,-1.47679324894515,4,"Paris, France (general), France",FR,FR00,16282,48.8667,2.33333,-1456928,4,"Paris, France (general), France",FR,FR00,16282,48.8667,2.33333,-1456928,4,"Paris, France (general), France",FR,FR00,16282,48.8667,2.33333,-1456928,20191216021500,Disapprove,Verbal conflict
893183553,20191216,201912,CHN,CHINA,CHN,,,,,,,,USA,UNITED STATES,USA,,,,,,,,1,030,030,03,1,4.0,8,1,8,0.0,4,"Shanghai, Shanghai, China",CH,CH23,13243,31.2222,121.458,-1924465,1,United States,US,US,,39.828175,-98.5795,US,4,"Shanghai, Shanghai, China",CH,CH23,13243,31.2222,121.458,-1924465,20191216023000,Express intent to cooperate,Verbal cooperation
893184199,20191216,201912,USA,UNITED STATES,USA,,,,,,,,CHN,CHINA,CHN,,,,,,,,1,030,030,03,1,4.0,8,1,8,0.0,1,United States,US,US,,39.828175,-98.5795,US,4,"Shanghai, Shanghai, China",CH,CH23,13243,31.2222,121.458,-1924465,4,"Shanghai, Shanghai, China",CH,CH23,13243,31.2222,121.458,-1924465,20191216023000,Express intent to cooperate,Verbal cooperation
893184200,20191216,201912,USA,WASHINGTON,USA,,,,,,,,CHN,CHINA,CHN,,,,,,,,1,0311,031,03,1,5.2,10,1,10,0.87336244541485,3,"Washington, District of Columbia, United States",US,USDC,DC001,38.8951,-77.0364,531871,4,"Shanghai, Shanghai, China",CH,CH23,13243,31.2222,121.458,-1924465,4,"Shanghai, Shanghai, China",CH,CH23,13243,31.2222,121.458,-1924465,20191216023000,Express intent to cooperate,Verbal cooperation
893185828,20191216,201912,USA,CHICAGO,USA,,,,,,,,CHNOPP,TIBET,CHN,,,,,OPP,,,1,051,051,05,1,3.4,10,1,10,0.0,3,"Chicago, Illinois, United States",US,USIL,IL031,41.85,-87.6501,423587,3,"Chicago, Illinois, United States",US,USIL,IL031,41.85,-87.6501,423587,3,"Chicago, Illinois, United States",US,USIL,IL031,41.85,-87.6501,423587,20191216024500,Engage in diplomatic cooperation,Verbal cooperation
893185829,20191216,201912,USA,CHICAGO,USA,,,,,,,,CHNOPP,TIBET,CHN,,,,,OPP,,,1,141,141,14,3,-6.5,10,1,10,0.0,3,"Chicago, Illinois, United States",US,USIL,IL031,41.85,-87.6501,423587,3,"Chicago, Illinois, United States",US,USIL,IL031,41.85,-87.6501,423587,3,"Chicago, Illinois, United States",US,USIL,IL031,41.85,-87.6501,423587,20191216024500,Protest,Verbal conflict
893188225,20191216,201912,CHN,CHINA,CHN,,,,,,,,USA,THE US,USA,,,,,,,,1,190,190,19,4,-10.0,6,1,6,-0.724200362100179,4,"Kumul, Xinjiang, China",CH,CH13,13286,42.8,93.45,-1908290,4,"Kumul, Xinjiang, China",CH,CH13,13286,42.8,93.45,-1908290,4,"Kumul, Xinjiang, China",CH,CH13,13286,42.8,93.45,-1908290,20191216031500,Fight,Material conflict
893189941,20191216,201912,CHN,BEIJING,CHN,,,,,,,,USA,WASHINGTON,USA,,,,,,,,1,030,030,03,1,4.0,8,1,8,4.87804878048781,4,"Beijing, Beijing, China",CH,CH22,13001,39.9289,116.388,-1898541,3,"Washington, District of Columbia, United States",US,USDC,DC001,38.8951,-77.0364,531871,4,"Beijing, Beijing, China",CH,CH22,13001,39.9289,116.388,-1898541,20191216033000,Express intent to cooperate,Verbal cooperation
893189942,20191216,201912,CHN,SHANGHAI,CHN,,,,,,,,USA,WASHINGTON,USA,,,,,,,,1,051,051,05,1,3.4,10,1,10,4.87804878048781,3,"Washington, District of Columbia, United States",US,USDC,DC001,38.8951,-77.0364,531871,4,"Beijing, Beijing, China",CH,CH22,13001,39.9289,116.388,-1898541,3,"Washington, District of Columbia, United States",US,USDC,DC001,38.8951,-77.0364,531871,20191216033000,Engage in diplomatic cooperation,Verbal cooperation
893193380,20191216,201912,MNCUSAMED,GOOGLE,USA,,,,,MNC,MED,,CHN,CHINESE,CHN,,,,,,,,1,010,010,01,1,0.0,8,1,8,-2.3094688221709,2,"California, United States",US,USCA,,36.17,-119.746,CA,1,China,CH,CH,,35.0,105.0,CH,2,"California, United States",US,USCA,,36.17,-119.746,CA,20191216040000,Make public statement,Verbal cooperation
893195801,20191216,201912,CHN,CHINA,CHN,,,,,,,,USA,AMERICAN,USA,,,,,,,,1,0311,031,03,1,5.2,8,1,8,2.18687872763419,4,"Beijing, Beijing, China",CH,CH22,13001,39.9289,116.388,-1898541,3,"Washington, District of Columbia, United States",US,USDC,DC001,38.8951,-77.0364,531871,3,"Washington, District of Columbia, United States",US,USDC,DC001,38.8951,-77.0364,531871,20191216043000,Express intent to cooperate,Verbal cooperation
893195802,20191216,201912,CHN,CHINESE,CHN,,,,,,,,USA,UNITED STATES,USA,,,,,,,,1,036,036,03,1,4.0,10,1,10,3.00429184549357,4,"Beijing, Beijing, China",CH,CH22,13001,39.9289,116.388,-1898541,3,"Washington, District of Columbia, United States",US,USDC,DC001,38.8951,-77.0364,531871,3,"Washington, District of Columbia, United States",US,USDC,DC001,38.8951,-77.0364,531871,20191216043000,Express intent to cooperate,Verbal cooperation
893195806,20191216,201912,CHN,CHINA,CHN,,,,,,,,USA,UNITED STATES,USA,,,,,,,,1,043,043,04,1,2.8,6,1,6,-0.61188811188811,4,"Beijing, Beijing, China",CH,CH22,13001,39.9289,116.388,-1898541,3,"Washington, District of Columbia, United States",US,USDC,DC001,38.8951,-77.0364,531871,4,"Beijing, Beijing, China",CH,CH22,13001,39.9289,116.388,-1898541,20191216043000,Consult,Verbal cooperation
893196475,20191216,201912,USA,UNITED STATES,USA,,,,,,,,CHN,CHINESE,CHN,,,,,,,,1,036,036,03,1,4.0,10,1,10,3.00429184549357,3,"Washington, District of Columbia, United States",US,USDC,DC001,38.8951,-77.0364,531871,4,"Beijing, Beijing, China",CH,CH22,13001,39.9289,116.388,-1898541,3,"Washington, District of Columbia, United States",US,USDC,DC001,38.8951,-77.0364,531871,20191216043000,Express intent to cooperate,Verbal cooperation
893196477,20191216,201912,USA,UNITED STATES,USA,,,,,,,,CHN,CHINA,CHN,,,,,,,,1,042,042,04,1,1.9,6,1,6,-0.61188811188811,3,"Washington, District of Columbia, United States",US,USDC,DC001,38.8951,-77.0364,531871,4,"Beijing, Beijing, China",CH,CH22,13001,39.9289,116.388,-1898541,4,"Beijing, Beijing, China",CH,CH22,13001,39.9289,116.388,-1898541,20191216043000,Consult,Verbal cooperation
893196580,20191216,201912,USAMED,THE ASSOCIATED PRESS,USA,,,,,MED,,,CHNMED,CHINA,CHN,,,,,MED,,,1,051,051,05,1,3.4,10,1,10,-2.22222222222222,1,United States,US,US,,39.828175,-98.5795,US,1,United States,US,US,,39.828175,-98.5795,US,1,United States,US,US,,39.828175,-98.5795,US,20191216043000,Engage in diplomatic cooperation,Verbal cooperation
893196581,20191216,201912,USAMED,THE ASSOCIATED PRESS,USA,,,,,MED,,,CHNMED,CHINA,CHN,,,,,MED,,,1,190,190,19,4,-10.0,10,1,10,-2.22222222222222,1,China,CH,CH,,35.0,105.0,CH,1,China,CH,CH,,35.0,105.0,CH,1,China,CH,CH,,35.0,105.0,CH,20191216043000,Fight,Material conflict
893198166,20191216,201912,USA,NEW YORK,USA,,,,,,,,CHNGOV,XI JINPING,CHN,,,,,GOV,,,1,010,010,01,1,0.0,8,1,8,-6.43985419198056,2,"New York, United States",US,USNY,,42.1497,-74.9384,NY,4,"Xinjiang, Jiangxi, China",CH,CH03,13167,27.7481,116.274,11065838,4,"Xinjiang, Jiangxi, China",CH,CH03,13167,27.7481,116.274,11065838,20191216044500,Make public statement,Verbal cooperation
893201405,20191216,201912,USAMED,REUTERS,USA,,,,,MED,,,CHN,CHINA,CHN,,,,,,,,1,010,010,01,1,0.0,6,1,6,-1.06100795755968,4,"Ting Lu, Hunan, China",CH,CH11,13140,25.2767,111.511,9235229,4,"Ting Lu, Hunan, China",CH,CH11,13140,25.2767,111.511,9235229,4,"Ting Lu, Hunan, China",CH,CH11,13140,25.2767,111.511,9235229,20191216051500,Make public statement,Verbal cooperation
893202649,20191216,201912,CHN,CHINA,CHN,,,,,,,,USA,UNITED STATES,USA,,,,,,,,1,0311,031,03,1,5.2,8,1,8,3.47682119205298,1,China,CH,CH,,35.0,105.0,CH,1,United States,US,US,,39.828175,-98.5795,US,1,China,CH,CH,,35.0,105.0,CH,20191216053000,Express intent to cooperate,Verbal cooperation
893202652,20191216,201912,CHN,CHINA,CHN,,,,,,,,USA,UNITED STATES,USA,,,,,,,,1,110,110,11,3,-2.0,8,1,8,3.47682119205298,1,China,CH,CH,,35.0,105.0,CH,1,United States,US,US,,39.828175,-98.5795,US,1,China,CH,CH,,35.0,105.0,CH,20191216053000,Disapprove,Verbal conflict
893202655,20191216,201912,CHN,CHINA,CHN,,,,,,,,USA,AMERICAN,USA,,,,,,,,1,141,141,14,3,-6.5,8,1,8,-5.27240773286467,1,China,CH,CH,,35.0,105.0,CH,3,"Washington, District of Columbia, United States",US,USDC,DC001,38.8951,-77.0364,531871,1,China,CH,CH,,35.0,105.0,CH,20191216053000,Protest,Verbal conflict
893203479,20191216,201912,USA,UNITED STATES,USA,,,,,,,,CHN,CHINA,CHN,,,,,,,,1,0311,031,03,1,5.2,10,1,10,3.47682119205298,4,"London, London, City of, United Kingdom",UK,UKH9,40110,51.5,-0.116667,-2601889,4,"London, London, City of, United Kingdom",UK,UKH9,40110,51.5,-0.116667,-2601889,4,"London, London, City of, United Kingdom",UK,UKH9,40110,51.5,-0.116667,-2601889,20191216053000,Express intent to cooperate,Verbal cooperation
893204049,20191216,201912,CHN,CHINA,CHN,,,,,,,,USA,A US,USA,,,,,,,,1,0331,033,03,1,5.2,8,1,8,2.03045685279188,4,"Baibu, Zhejiang, China",CH,CH02,13319,30.3613,119.88,11019051,4,"Baibu, Zhejiang, China",CH,CH02,13319,30.3613,119.88,11019051,4,"Baibu, Zhejiang, China",CH,CH02,13319,30.3613,119.88,11019051,20191216054500,Express intent to cooperate,Verbal cooperation
893215515,20191216,201912,USA,WASHINGTON,USA,,,,,,,,CHN,CHINA,CHN,,,,,,,,1,0311,031,03,1,5.2,6,1,6,0.57553956834532,3,"Washington, District of Columbia, United States",US,USDC,DC001,38.8951,-77.0364,531871,3,"Washington, District of Columbia, United States",US,USDC,DC001,38.8951,-77.0364,531871,3,"Washington, District of Columbia, United States",US,USDC,DC001,38.8951,-77.0364,531871,20191216071500,Express intent to cooperate,Verbal cooperation
893216726,20191216,201912,CHN,CHINA,CHN,,,,,,,,USA,UNITED STATES,USA,,,,,,,,1,061,061,06,2,6.4,8,1,8,-3.93258426966292,1,China,CH,CH,,35.0,105.0,CH,1,United States,US,US,,39.828175,-98.5795,US,1,China,CH,CH,,35.0,105.0,CH,20191216073000,Engage in material cooperation,Material cooperation
893221829,20191216,201912,USA,UNITED STATES,USA,,,,,,,,CHN,CHINA,CHN,,,,,,,,1,0311,031,03,1,5.2,9,1,9,-1.67597765363128,1,China,CH,CH,,35.0,105.0,CH,1,China,CH,CH,,35.0,105.0,CH,1,China,CH,CH,,35.0,105.0,CH,20191216080000,Express intent to cooperate,Verbal cooperation
893222969,20191216,201912,CHN,CHINESE,CHN,,,,,,,,USA,UNITED STATES,USA,,,,,,,,1,010,010,01,1,0.0,6,1,6,0.54054054054054,4,"Beijing, Beijing, China",CH,CH22,13001,39.9289,116.388,-1898541,4,"Beijing, Beijing, China",CH,CH22,13001,39.9289,116.388,-1898541,2,"New York, United States",US,USNY,,42.1497,-74.9384,NY,20191216081500,Make public statement,Verbal cooperation
893223776,20191216,201912,USAMED,REUTERS,USA,,,,,MED,,,CHN,BEIJING,CHN,,,,,,,,1,040,040,04,1,1.0,6,1,6,0.54054054054054,4,"Beijing, Beijing, China",CH,CH22,13001,39.9289,116.388,-1898541,4,"Beijing, Beijing, China",CH,CH22,13001,39.9289,116.388,-1898541,4,"Beijing, Beijing, China",CH,CH22,13001,39.9289,116.388,-1898541,20191216081500,Consult,Verbal cooperation
893224839,20191216,201912,CHN,CHINESE,CHN,,,,,,,,USA,UNITED STATES,USA,,,,,,,,1,010,010,01,1,0.0,6,1,6,-2.14285714285714,4,"Beijing, Beijing, China",CH,CH22,13001,39.9289,116.388,-1898541,4,"Beijing, Beijing, China",CH,CH22,13001,39.9289,116.388,-1898541,4,"Vienna, Wien, Austria",AU,AU09,5672,48.2,16.3667,-1995499,20191216083000,Make public statement,Verbal cooperation
893225748,20191216,201912,USA,UNITED STATES,USA,,,,,,,,CHN,CHINESE,CHN,,,,,,,,1,090,090,09,2,-2.0,10,1,10,-2.14285714285714,2,"Virginia, United States",US,USVA,,37.768,-78.2057,VA,4,"Beijing, Beijing, China",CH,CH22,13001,39.9289,116.388,-1898541,4,"Beijing, Beijing, China",CH,CH22,13001,39.9289,116.388,-1898541,20191216083000,Investigate,Material cooperation
893225749,20191216,201912,USA,UNITED STATES,USA,,,,,,,,CHN,CHINESE,CHN,,,,,,,,1,190,190,19,4,-10.0,8,1,8,-2.14285714285714,2,"Virginia, United States",US,USVA,,37.768,-78.2057,VA,4,"Beijing, Beijing, China",CH,CH22,13001,39.9289,116.388,-1898541,4,"Beijing, Beijing, China",CH,CH22,13001,39.9289,116.388,-1898541,20191216083000,Fight,Material conflict
893227601,20191216,201912,USA,UNITED STATES,USA,,,,,,,,CHN,CHINESE,CHN,,,,,,,,1,190,190,19,4,-10.0,10,1,10,-4.26540284360189,4,"Beijing, Beijing, China",CH,CH22,13001,39.9289,116.388,-1898541,4,"Beijing, Beijing, China",CH,CH22,13001,39.9289,116.388,-1898541,4,"Beijing, Beijing, China",CH,CH22,13001,39.9289,116.388,-1898541,20191216084500,Fight,Material conflict
893228867,20191216,201912,CHN,BEIJING,CHN,,,,,,,,USAMED,REUTERS,USA,,,,,MED,,,1,046,046,04,1,7.0,10,1,10,-1.80505415162455,4,"Vienna, Wien, Austria",AU,AU09,5672,48.2,16.3667,-1995499,4,"Vienna, Wien, Austria",AU,AU09,5672,48.2,16.3667,-1995499,4,"Vienna, Wien, Austria",AU,AU09,5672,48.2,16.3667,-1995499,20191216090000,Consult,Verbal cooperation
893229933,20191216,201912,USA,UNITED STATES,USA,,,,,,,,CHN,BEIJING,CHN,,,,,,,,1,040,040,04,1,1.0,6,1,6,-4.32692307692307,2,"New York, United States",US,USNY,,42.1497,-74.9384,NY,4,"Beijing, Beijing, China",CH,CH22,13001,39.9289,116.388,-1898541,4,"Beijing, Beijing, China",CH,CH22,13001,39.9289,116.388,-1898541,20191216090000,Consult,Verbal cooperation
893230035,20191216,201912,USAMED,REUTERS,USA,,,,,MED,,,CHN,CHINA,CHN,,,,,,,,1,046,046,04,1,7.0,6,1,6,-1.80505415162455,4,"Beijing, Beijing, China",CH,CH22,13001,39.9289,116.388,-1898541,4,"Diaoyutai, Henan, China",CH,CH09,13111,33.8072,111.925,6001729,4,"Diaoyutai, Henan, China",CH,CH09,13111,33.8072,111.925,6001729,20191216090000,Consult,Verbal cooperation
893232204,20191216,201912,USA,THE US,USA,,,,,,,,CHNGOV,CHINESE,CHN,,,,,GOV,,,1,174,174,17,4,-5.0,10,1,10,-3.87811634349031,4,"Beijing, Beijing, China",CH,CH22,13001,39.9289,116.388,-1898541,4,"Beijing, Beijing, China",CH,CH22,13001,39.9289,116.388,-1898541,4,"Beijing, Beijing, China",CH,CH22,13001,39.9289,116.388,-1898541,20191216091500,Coerce,Material conflict
893243066,20191216,201912,USA,VIRGINIA,USA,,,,,,,,CHN,CHINESE,CHN,,,,,,,,1,172,172,17,4,-5.0,6,2,6,-5.10293999839783,2,"Virginia, United States",US,USVA,,37.768,-78.2057,VA,4,"Beijing, Beijing, China",CH,CH22,13001,39.9289,116.388,-1898541,4,"Beijing, Beijing, China",CH,CH22,13001,39.9289,116.388,-1898541,20191216103000,Coerce,Material conflict
893243067,20191216,201912,USA,VIRGINIA,USA,,,,,,,,CHNGOV,CHINESE,CHN,,,,,GOV,,,1,161,161,16,4,-4.0,6,1,6,-5.26315789473685,1,Hong Kong,HK,HK,,22.25,114.166667,HK,4,"Xinjiang, Jiangxi, China",CH,CH03,13167,27.7481,116.274,11065838,1,Hong Kong,HK,HK,,22.25,114.166667,HK,20191216103000,Reduce relations,Material conflict
893243068,20191216,201912,USA,VIRGINIA,USA,,,,,,,,CHNGOV,CHINESE,CHN,,,,,GOV,,,1,161,161,16,4,-4.0,6,1,6,-5.02283105022832,2,"Virginia, United States",US,USVA,,37.768,-78.2057,VA,4,"Beijing, Beijing, China",CH,CH22,13001,39.9289,116.388,-1898541,2,"Virginia, United States",US,USVA,,37.768,-78.2057,VA,20191216103000,Reduce relations,Material conflict
893243069,20191216,201912,USA,VIRGINIA,USA,,,,,,,,CHNGOV,CHINESE,CHN,,,,,GOV,,,1,172,172,17,4,-5.0,6,2,6,-5.18304894656734,2,"Virginia, United States",US,USVA,,37.768,-78.2057,VA,4,"Beijing, Beijing, China",CH,CH22,13001,39.9289,116.388,-1898541,4,"Beijing, Beijing, China",CH,CH22,13001,39.9289,116.388,-1898541,20191216103000,Coerce,Material conflict
893243070,20191216,201912,USA,VIRGINIA,USA,,,,,,,,CHNGOV,CHINESE,CHN,,,,,GOV,,,1,172,172,17,4,-5.0,6,2,6,-5.10293999839783,2,"Virginia, United States",US,USVA,,37.768,-78.2057,VA,4,"Beijing, Beijing, China",CH,CH22,13001,39.9289,116.388,-1898541,2,"Virginia, United States",US,USVA,,37.768,-78.2057,VA,20191216103000,Coerce,Material conflict
893244492,20191216,201912,CHN,CHINESE,CHN,,,,,,,,USAMIL,NEW YORK,USA,,,,,MIL,,,1,090,090,09,2,-2.0,8,1,8,-6.43015521064302,4,"Beirut, Beyrouth, Lebanon",LE,LE04,18808,33.8719,35.5097,-801546,4,"Beirut, Beyrouth, Lebanon",LE,LE04,18808,33.8719,35.5097,-801546,4,"Beirut, Beyrouth, Lebanon",LE,LE04,18808,33.8719,35.5097,-801546,20191216104500,Investigate,Material cooperation
893244494,20191216,201912,CHN,CHINESE,CHN,,,,,,,,USAMIL,NEW YORK,USA,,,,,MIL,,,1,128,128,12,3,-5.0,6,1,6,-6.43015521064302,1,China,CH,CH,,35.0,105.0,CH,2,"New York, United States",US,USNY,,42.1497,-74.9384,NY,2,"New York, United States",US,USNY,,42.1497,-74.9384,NY,20191216104500,Reject,Verbal conflict
893248080,20191216,201912,USA,LOS ANGELES,USA,,,,,,,,CHN,ZHEJIANG,CHN,,,,,,,,1,173,173,17,4,-5.0,8,1,8,5.11440107671602,2,"California, United States",US,USCA,,36.17,-119.746,CA,5,"Zhejiang, Zhejiang, China",CH,CH02,13325,29.0,120.0,-1938694,2,"California, United States",US,USCA,,36.17,-119.746,CA,20191216110000,Coerce,Material conflict
893249700,20191216,201912,CHN,CHINA,CHN,,,,,,,,USA,UNITED STATES,USA,,,,,,,,1,020,020,02,1,3.0,10,1,10,-3.96039603960396,2,"Virginia, United States",US,USVA,,37.768,-78.2057,VA,2,"Virginia, United States",US,USVA,,37.768,-78.2057,VA,2,"Virginia, United States",US,USVA,,37.768,-78.2057,VA,20191216111500,Appeal,Verbal cooperation
893250825,20191216,201912,USA,THE US,USA,,,,,,,,CHN,CHINESE,CHN,,,,,,,,1,050,050,05,1,3.5,10,1,10,0.98039215686274,4,"Beijing, Beijing, China",CH,CH22,13001,39.9289,116.388,-1898541,4,"Beijing, Beijing, China",CH,CH22,13001,39.9289,116.388,-1898541,4,"Beijing, Beijing, China",CH,CH22,13001,39.9289,116.388,-1898541,20191216111500,Engage in diplomatic cooperation,Verbal cooperation
893250826,20191216,201912,USA,THE US,USA,,,,,,,,CHN,CHINESE,CHN,,,,,,,,1,120,120,12,3,-4.0,10,1,10,0.98039215686274,3,"Washington, District of Columbia, United States",US,USDC,DC001,38.8951,-77.0364,531871,3,"Washington, District of Columbia, United States",US,USDC,DC001,38.8951,-77.0364,531871,3,"Washington, District of Columbia, United States",US,USDC,DC001,38.8951,-77.0364,531871,20191216111500,Reject,Verbal conflict
893250827,20191216,201912,USA,THE US,USA,,,,,,,,CHN,CHINA,CHN,,,,,,,,1,190,190,19,4,-10.0,10,1,10,2.40963855421687,1,China,CH,CH,,35.0,105.0,CH,1,China,CH,CH,,35.0,105.0,CH,1,China,CH,CH,,35.0,105.0,CH,20191216111500,Fight,Material conflict
893250909,20191216,201912,USAMED,REUTERS,USA,,,,,MED,,,CHN,CHINA,CHN,,,,,,,,1,084,084,08,2,7.0,8,1,8,1.70648464163822,1,China,CH,CH,,35.0,105.0,CH,1,China,CH,CH,,35.0,105.0,CH,1,China,CH,CH,,35.0,105.0,CH,20191216111500,Yield,Material cooperation
893257589,20191216,201912,CHN,CHANGSHA,CHN,,,,,,,,MNCUSAHLH,PFIZER,USA,,,,,MNC,HLH,,1,020,020,02,1,3.0,8,1,8,1.70214172395558,1,South Africa,SF,SF,,-30.0,26.0,SF,1,South Africa,SF,SF,,-30.0,26.0,SF,1,South Africa,SF,SF,,-30.0,26.0,SF,20191216120000,Appeal,Verbal cooperation
893257595,20191216,201912,CHN,CHINESE,CHN,,,,,,,,USA,AMERICAN,USA,,,,,,,,1,012,012,01,1,-0.4,10,1,10,-6.66666666666666,1,China,CH,CH,,35.0,105.0,CH,2,"New York, United States",US,USNY,,42.1497,-74.9384,NY,1,China,CH,CH,,35.0,105.0,CH,20191216120000,Make public statement,Verbal cooperation
893257597,20191216,201912,CHN,CHINA,CHN,,,,,,,,USA,AMERICAN,USA,,,,,,,,1,043,043,04,1,2.8,6,1,6,2.58939580764488,4,"Changchun, Jilin, China",CH,CH05,13170,43.88,125.323,-1899743,2,"New York, United States",US,USNY,,42.1497,-74.9384,NY,4,"Changchun, Jilin, China",CH,CH05,13170,43.88,125.323,-1899743,20191216120000,Consult,Verbal cooperation
893258631,20191216,201912,USA,AMERICAN,USA,,,,,,,,CHN,CHINA,CHN,,,,,,,,1,042,042,04,1,1.9,10,1,10,2.58939580764488,4,"Changchun, Jilin, China",CH,CH05,13170,43.88,125.323,-1899743,4,"Changchun, Jilin, China",CH,CH05,13170,43.88,125.323,-1899743,4,"Changchun, Jilin, China",CH,CH05,13170,43.88,125.323,-1899743,20191216120000,Consult,Verbal cooperation
893258636,20191216,201912,USA,UNITED STATES,USA,,,,,,,,CHNGOV,CHINESE,CHN,,,,,GOV,,,1,173,173,17,4,-5.0,6,1,6,-6.66666666666666,2,"New York, United States",US,USNY,,42.1497,-74.9384,NY,1,China,CH,CH,,35.0,105.0,CH,2,"New York, United States",US,USNY,,42.1497,-74.9384,NY,20191216120000,Coerce,Material conflict
893259826,20191209,201912,USA,WASHINGTON,USA,,,,,,,,CHN,CHINA,CHN,,,,,,,,1,0311,031,03,1,5.2,10,1,10,0.0,3,"Chicago, Illinois, United States",US,USIL,IL031,41.85,-87.6501,423587,3,"Chicago, Illinois, United States",US,USIL,IL031,41.85,-87.6501,423587,3,"Chicago, Illinois, United States",US,USIL,IL031,41.85,-87.6501,423587,20191216121500,Express intent to cooperate,Verbal cooperation
893264005,20191216,201912,USABUS,AMERICAN,USA,,,,,BUS,,,CHN,BEIJING,CHN,,,,,,,,1,0841,084,08,2,7.0,6,1,6,-1.90812720848057,3,"Washington, District of Columbia, United States",US,USDC,DC001,38.8951,-77.0364,531871,4,"Beijing, Beijing, China",CH,CH22,13001,39.9289,116.388,-1898541,3,"Washington, District of Columbia, United States",US,USDC,DC001,38.8951,-77.0364,531871,20191216123000,Yield,Material cooperation
893265400,20191216,201912,CHNGOV,CHINESE,CHN,,,,,GOV,,,USAGOV,THE US,USA,,,,,GOV,,,1,174,174,17,4,-5.0,6,1,6,-4.52261306532664,4,"Beijing, Beijing, China",CH,CH22,13001,39.9289,116.388,-1898541,4,"Beijing, Beijing, China",CH,CH22,13001,39.9289,116.388,-1898541,4,"Beijing, Beijing, China",CH,CH22,13001,39.9289,116.388,-1898541,20191216124500,Coerce,Material conflict
893267995,20191216,201912,CHN,CHINESE,CHN,,,,,,,,MNCUSAMED,QUALCOMM,USA,,,,,MNC,MED,,1,036,036,03,1,4.0,10,1,10,4.83460559796438,1,China,CH,CH,,35.0,105.0,CH,1,China,CH,CH,,35.0,105.0,CH,1,China,CH,CH,,35.0,105.0,CH,20191216130000,Express intent to cooperate,Verbal cooperation
893268717,20191216,201912,MNCUSAMED,QUALCOMM,USA,,,,,MNC,MED,,CHN,CHINESE,CHN,,,,,,,,1,036,036,03,1,4.0,10,1,10,4.83460559796438,1,China,CH,CH,,35.0,105.0,CH,1,China,CH,CH,,35.0,105.0,CH,1,China,CH,CH,,35.0,105.0,CH,20191216130000,Express intent to cooperate,Verbal cooperation
893271046,20191209,201912,USA,THE US,USA,,,,,,,,CHN,BEIJING,CHN,,,,,,,,1,033,033,03,1,5.2,10,1,10,-2.47933884297521,4,"Beijing, Beijing, China",CH,CH22,13001,39.9289,116.388,-1898541,4,"Beijing, Beijing, China",CH,CH22,13001,39.9289,116.388,-1898541,4,"Beijing, Beijing, China",CH,CH22,13001,39.9289,116.388,-1898541,20191216131500,Express intent to cooperate,Verbal cooperation
893275265,20191216,201912,CHN,CHINA,CHN,,,,,,,,USA,THE US,USA,,,,,,,,1,0311,031,03,1,5.2,10,1,10,-3.15436241610738,4,"Wang Jiamei, Liaoning, China",CH,CH19,13183,41.6255,121.863,6066706,4,"Wang Jiamei, Liaoning, China",CH,CH19,13183,41.6255,121.863,6066706,4,"Wang Jiamei, Liaoning, China",CH,CH19,13183,41.6255,121.863,6066706,20191216134500,Express intent to cooperate,Verbal cooperation
893280526,20191216,201912,USA,THE US,USA,,,,,,,,CHN,CHINA,CHN,,,,,,,,1,090,090,09,2,-2.0,10,1,10,-1.55038759689923,1,Turkey,TU,TU,,39.059012,34.911546,TU,1,Turkey,TU,TU,,39.059012,34.911546,TU,1,Turkey,TU,TU,,39.059012,34.911546,TU,20191216140000,Investigate,Material cooperation
893289350,20191216,201912,CHN,CHINA,CHN,,,,,,,,USA,THE US,USA,,,,,,,,1,030,030,03,1,4.0,10,1,10,0.77519379844962,1,India,IN,IN,,20.0,77.0,IN,1,India,IN,IN,,20.0,77.0,IN,1,India,IN,IN,,20.0,77.0,IN,20191216150000,Express intent to cooperate,Verbal cooperation
893290485,20191216,201912,USA,THE US,USA,,,,,,,,CHN,CHINA,CHN,,,,,,,,1,051,051,05,1,3.4,10,1,10,0.77519379844962,1,China,CH,CH,,35.0,105.0,CH,1,China,CH,CH,,35.0,105.0,CH,1,China,CH,CH,,35.0,105.0,CH,20191216150000,Engage in diplomatic cooperation,Verbal cooperation
893294049,20191216,201912,USA,UNITED STATES,USA,,,,,,,,CHN,CHINA,CHN,,,,,,,,1,030,030,03,1,4.0,8,1,8,-2.08955223880597,1,United States,US,US,,39.828175,-98.5795,US,1,China,CH,CH,,35.0,105.0,CH,1,China,CH,CH,,35.0,105.0,CH,20191216151500,Express intent to cooperate,Verbal cooperation
893294643,20191216,201912,CHN,CHINESE,CHN,,,,,,,,USA,THE US,USA,,,,,,,,1,080,080,08,2,5.0,10,1,10,-2.04865556978233,1,United States,US,US,,39.828175,-98.5795,US,4,"Beijing, Beijing, China",CH,CH22,13001,39.9289,116.388,-1898541,4,"Beijing, Beijing, China",CH,CH22,13001,39.9289,116.388,-1898541,20191216153000,Yield,Material cooperation
893303197,20191216,201912,CHN,CANTON,CHN,,,,,,,,USA,BOSTON,USA,,,,,,,,1,173,173,17,4,-5.0,10,1,10,3.54609929078014,0,,,,,,,,0,,,,,,,,0,,,,,,,,20191216161500,Coerce,Material conflict
893310152,20191216,201912,USA,FLORIDA,USA,,,,,,,,CHN,CANTON,CHN,,,,,,,,1,015,015,01,1,0.0,7,1,7,-10.4166666666667,3,"Cherokee County, Georgia, United States",US,USGA,GA057,34.2668,-84.4499,1685718,3,"Cherokee County, Georgia, United States",US,USGA,,34.2668,-84.4499,1685718,3,"Cherokee County, Georgia, United States",US,USGA,,34.2668,-84.4499,1685718,20191216164500,Make public statement,Verbal cooperation
893310305,20191216,201912,USAGOV,THE WHITE HOUSE,USA,,,,,GOV,,,CHN,CHINA,CHN,,,,,,,,1,051,051,05,1,3.4,6,1,6,1.35135135135135,1,China,CH,CH,,35.0,105.0,CH,1,China,CH,CH,,35.0,105.0,CH,1,China,CH,CH,,35.0,105.0,CH,20191216164500,Engage in diplomatic cooperation,Verbal cooperation
893323731,20191216,201912,CHN,CHINESE,CHN,,,,,,,,USA,WASHINGTON,USA,,,,,,,,1,010,010,01,1,0.0,14,1,14,0.56390977443609,4,"Shanghai, Shanghai, China",CH,CH23,13243,31.2222,121.458,-1924465,4,"Shanghai, Shanghai, China",CH,CH23,13243,31.2222,121.458,-1924465,4,"Shanghai, Shanghai, China",CH,CH23,13243,31.2222,121.458,-1924465,20191216180000,Make public statement,Verbal cooperation
893323737,20191216,201912,CHN,CHINESE,CHN,,,,,,,,USA,WASHINGTON,USA,,,,,,,,1,050,050,05,1,3.5,14,1,14,0.56390977443609,4,"Shanghai, Shanghai, China",CH,CH23,13243,31.2222,121.458,-1924465,3,"Washington, District of Columbia, United States",US,USDC,DC001,38.8951,-77.0364,531871,3,"Washington, District of Columbia, United States",US,USDC,DC001,38.8951,-77.0364,531871,20191216180000,Engage in diplomatic cooperation,Verbal cooperation
893323739,20191216,201912,CHN,CHINESE,CHN,,,,,,,,USA,WASHINGTON,USA,,,,,,,,1,050,050,05,1,3.5,8,1,8,0.49504950495049,1,China,CH,CH,,35.0,105.0,CH,3,"Washington, District of Columbia, United States",US,USDC,DC001,38.8951,-77.0364,531871,3,"Washington, District of Columbia, United States",US,USDC,DC001,38.8951,-77.0364,531871,20191216180000,Engage in diplomatic cooperation,Verbal cooperation
893323749,20191216,201912,CHN,CANTON,CHN,,,,,,,,USA,MISSISSIPPI,USA,,,,,,,,1,190,190,19,4,-10.0,10,1,10,-7.97546012269938,3,"University Of Mississippi Medical Center, Mississippi, United States",US,USMS,MS049,32.3292,-90.1733,679143,3,"University Of Mississippi Medical Center, Mississippi, United States",US,USMS,,32.3292,-90.1733,679143,3,"University Of Mississippi Medical Center, Mississippi, United States",US,USMS,,32.3292,-90.1733,679143,20191216180000,Fight,Material conflict
893328165,20191216,201912,CHN,XINJIANG,CHN,,,,,,,,USA,NEW YORK,USA,,,,,,,,1,010,010,01,1,0.0,10,1,10,-3.65853658536586,4,"Xinjiang, Jiangxi, China",CH,CH03,13167,27.7481,116.274,11065838,2,"New York, United States",US,USNY,,42.1497,-74.9384,NY,4,"Xinjiang, Jiangxi, China",CH,CH03,13167,27.7481,116.274,11065838,20191216183000,Make public statement,Verbal cooperation
893328169,20191216,201912,CHN,CHINA,CHN,,,,,,,,USA,WASHINGTON,USA,,,,,,,,1,112,112,11,3,-2.0,7,1,7,-6.87418936446173,1,China,CH,CH,,35.0,105.0,CH,3,"Washington, District of Columbia, United States",US,USDC,DC001,38.8951,-77.0364,531871,3,"Washington, District of Columbia, United States",US,USDC,DC001,38.8951,-77.0364,531871,20191216183000,Disapprove,Verbal conflict
893333497,20191216,201912,CHN,CHINA,CHN,,,,,,,,USA,UTAH,USA,,,,,,,,1,043,043,04,1,2.8,7,1,7,2.7027027027027,1,China,CH,CH,,35.0,105.0,CH,2,"Utah, United States",US,USUT,,40.1135,-111.854,UT,1,China,CH,CH,,35.0,105.0,CH,20191216190000,Consult,Verbal cooperation
893342684,20191216,201912,CHNGOV,CHINESE,CHN,,,,,GOV,,,USA,THE US,USA,,,,,,,,1,010,010,01,1,0.0,6,1,6,-7.60233918128655,4,"Beijing, Beijing, China",CH,CH22,13001,39.9289,116.388,-1898541,4,"Beijing, Beijing, China",CH,CH22,13001,39.9289,116.388,-1898541,4,"Beijing, Beijing, China",CH,CH22,13001,39.9289,116.388,-1898541,20191216194500,Make public statement,Verbal cooperation
893346762,20191216,201912,USAMIL,VIRGINIA,USA,,,,,MIL,,,CHNGOV,CHINESE,CHN,,,,,GOV,,,1,173,173,17,4,-5.0,6,1,6,-2.19378427787934,1,China,CH,CH,,35.0,105.0,CH,1,China,CH,CH,,35.0,105.0,CH,1,China,CH,CH,,35.0,105.0,CH,20191216200000,Coerce,Material conflict
893356673,20191216,201912,CHN,CHINESE,CHN,,,,,,,,USA,AMERICAN,USA,,,,,,,,1,131,131,13,3,-5.8,6,1,6,-1.40597539543058,1,China,CH,CH,,35.0,105.0,CH,1,China,CH,CH,,35.0,105.0,CH,1,China,CH,CH,,35.0,105.0,CH,20191216211500,Threaten,Verbal conflict
893356674,20191216,201912,CHN,CANTON,CHN,,,,,,,,USA,MISSISSIPPI,USA,,,,,,,,1,173,173,17,4,-5.0,10,1,10,-11.6504854368932,3,"Madison County, Mississippi, United States",US,USMS,MS089,32.5651,-90.0645,695768,3,"Madison County, Mississippi, United States",US,USMS,,32.5651,-90.0645,695768,3,"Madison County, Mississippi, United States",US,USMS,,32.5651,-90.0645,695768,20191216211500,Coerce,Material conflict
893356683,20191216,201912,CHNGOV,CHINESE,CHN,,,,,GOV,,,USAMED,THE ASSOCIATED PRESS,USA,,,,,MED,,,1,036,036,03,1,4.0,6,1,6,0.37664783427496,4,"Muyuan, Jiangxi, China",CH,CH03,13166,27.5343,115.556,11042334,4,"Muyuan, Jiangxi, China",CH,CH03,13166,27.5343,115.556,11042334,4,"Muyuan, Jiangxi, China",CH,CH03,13166,27.5343,115.556,11042334,20191216211500,Express intent to cooperate,Verbal cooperation
893356684,20191216,201912,CHNGOV,CHINESE,CHN,,,,,GOV,,,USAMED,THE ASSOCIATED PRESS,USA,,,,,MED,,,1,0874,087,08,2,10.0,6,1,6,0.37664783427496,1,Hong Kong,HK,HK,,22.25,114.166667,HK,4,"Muyuan, Jiangxi, China",CH,CH03,13166,27.5343,115.556,11042334,4,"Muyuan, Jiangxi, China",CH,CH03,13166,27.5343,115.556,11042334,20191216211500,Yield,Material cooperation
893357634,20191216,201912,USAMED,THE ASSOCIATED PRESS,USA,,,,,MED,,,CHNGOV,CHINESE,CHN,,,,,GOV,,,1,036,036,03,1,4.0,6,1,6,0.37664783427496,4,"Muyuan, Jiangxi, China",CH,CH03,13166,27.5343,115.556,11042334,4,"Muyuan, Jiangxi, China",CH,CH03,13166,27.5343,115.556,11042334,4,"Muyuan, Jiangxi, China",CH,CH03,13166,27.5343,115.556,11042334,20191216211500,Express intent to cooperate,Verbal cooperation
893363690,20191216,201912,USA,THE US,USA,,,,,,,,CHN,CHINA,CHN,,,,,,,,1,051,051,05,1,3.4,8,1,8,0.0,4,"Jammu, Jammu and Kashmir, India",IN,IN12,72851,32.7333,74.8667,-2098228,1,China,CH,CH,,35.0,105.0,CH,4,"Jammu, Jammu and Kashmir, India",IN,IN12,72851,32.7333,74.8667,-2098228,20191216220000,Engage in diplomatic cooperation,Verbal cooperation
893367263,20191215,201912,CHN,CHINESE,CHN,,,,,,,,USA,UNITED STATES,USA,,,,,,,,1,010,010,01,1,0.0,6,1,6,-5.3156146179402,4,"Hyde Park, United Kingdom (general), United Kingdom",UK,UK00,40163,54.6667,-6.0,-2599299,4,"Hyde Park, United Kingdom (general), United Kingdom",UK,UK00,40163,54.6667,-6.0,-2599299,4,"Hyde Park, United Kingdom (general), United Kingdom",UK,UK00,40163,54.6667,-6.0,-2599299,20191216223000,Make public statement,Verbal cooperation
893369690,20191216,201912,CHNGOV,CHINESE,CHN,,,,,GOV,,,USAMED,THE ASSOCIATED PRESS,USA,,,,,MED,,,1,0874,087,08,2,10.0,6,1,6,-0.504201680672271,4,"Muyuan, Jiangxi, China",CH,CH03,13166,27.5343,115.556,11042334,4,"Muyuan, Jiangxi, China",CH,CH03,13166,27.5343,115.556,11042334,4,"Muyuan, Jiangxi, China",CH,CH03,13166,27.5343,115.556,11042334,20191216224500,Yield,Material cooperation
893377181,20191216,201912,USA,WASHINGTON,USA,,,,,,,,CHNGOV,CHINESE,CHN,,,,,GOV,,,1,111,111,11,3,-2.0,6,1,6,-4.21892816419612,3,"Washington, District of Columbia, United States",US,USDC,DC001,38.8951,-77.0364,531871,3,"Washington, District of Columbia, United States",US,USDC,DC001,38.8951,-77.0364,531871,3,"Washington, District of Columbia, United States",US,USDC,DC001,38.8951,-77.0364,531871,20191216233000,Disapprove,Verbal conflict
893380672,20191217,201912,CHN,CHINA,CHN,,,,,,,,USA,UNITED STATES,USA,,,,,,,,1,040,040,04,1,1.0,6,1,6,0.0,4,"Beijing, Beijing, China",CH,CH22,13001,39.9289,116.388,-1898541,3,"Bridgewater, Connecticut, United States",US,USCT,CT005,41.5351,-73.3662,205723,4,"Beijing, Beijing, China",CH,CH22,13001,39.9289,116.388,-1898541,20191217000000,Consult,Verbal cooperation
893382762,20191217,201912,USA,UNITED STATES,USA,,,,,,,,CHN,CHINA,CHN,,,,,,,,1,040,040,04,1,1.0,8,1,8,0.0,2,"Connecticut, United States",US,USCT,,41.5834,-72.7622,CT,2,"Connecticut, United States",US,USCT,,41.5834,-72.7622,CT,2,"Connecticut, United States",US,USCT,,41.5834,-72.7622,CT,20191217000000,Consult,Verbal cooperation
893384797,20191217,201912,CHN,CHINESE,CHN,,,,,,,,USA,WASHINGTON,USA,,,,,,,,1,010,010,01,1,0.0,7,1,7,0.406504065040649,1,China,CH,CH,,35.0,105.0,CH,1,China,CH,CH,,35.0,105.0,CH,1,China,CH,CH,,35.0,105.0,CH,20191217001500,Make public statement,Verbal cooperation
893384800,20191217,201912,CHN,CHINESE,CHN,,,,,,,,USA,WASHINGTON,USA,,,,,,,,1,050,050,05,1,3.5,8,1,8,0.406504065040649,1,China,CH,CH,,35.0,105.0,CH,3,"Washington, District of Columbia, United States",US,USDC,DC001,38.8951,-77.0364,531871,3,"Washington, District of Columbia, United States",US,USDC,DC001,38.8951,-77.0364,531871,20191217001500,Engage in diplomatic cooperation,Verbal cooperation
893386491,20191217,201912,USA,UNITED STATES,USA,,,,,,,,CHN,CHINA,CHN,,,,,,,,1,040,040,04,1,1.0,6,1,6,0.0,3,"Bridgewater, Connecticut, United States",US,USCT,CT005,41.5351,-73.3662,205723,4,"Beijing, Beijing, China",CH,CH22,13001,39.9289,116.388,-1898541,4,"Beijing, Beijing, China",CH,CH22,13001,39.9289,116.388,-1898541,20191217001500,Consult,Verbal cooperation
893388422,20191217,201912,CHN,CHINESE,CHN,,,,,,,,USA,AMERICAN,USA,,,,,,,,1,010,010,01,1,0.0,6,1,6,-4.26229508196721,2,"California, United States",US,USCA,,36.17,-119.746,CA,2,"California, United States",US,USCA,,36.17,-119.746,CA,2,"California, United States",US,USCA,,36.17,-119.746,CA,20191217003000,Make public statement,Verbal cooperation
893388440,20191217,201912,CHNGOV,CHINESE,CHN,,,,,GOV,,,USA,THE US,USA,,,,,,,,1,010,010,01,1,0.0,6,1,6,-7.27272727272727,4,"Beijing, Beijing, China",CH,CH22,13001,39.9289,116.388,-1898541,3,"Washington, District of Columbia, United States",US,USDC,DC001,38.8951,-77.0364,531871,3,"Washington, District of Columbia, United States",US,USDC,DC001,38.8951,-77.0364,531871,20191217003000,Make public statement,Verbal cooperation
893390419,20191217,201912,USA,MISSISSIPPI,USA,,,,,,,,CHN,CANTON,CHN,,,,,,,,1,0841,084,08,2,7.0,10,1,10,-3.34507042253521,2,"Mississippi, United States",US,USMS,,32.7673,-89.6812,MS,2,"Mississippi, United States",US,USMS,,32.7673,-89.6812,MS,2,"Mississippi, United States",US,USMS,,32.7673,-89.6812,MS,20191217003000,Yield,Material cooperation
893392970,20191217,201912,USA,WASHINGTON,USA,,,,,,,,CHN,CHINA,CHN,,,,,,,,1,120,120,12,3,-4.0,6,1,6,-5.03978779840849,1,China,CH,CH,,35.0,105.0,CH,1,United Kingdom,UK,UK,,54.0,-4.0,UK,1,Russia,RS,RS,,60.0,100.0,RS,20191217004500,Reject,Verbal conflict
893405142,20191217,201912,CHN,CHINA,CHN,,,,,,,,USA,UNITED STATES,USA,,,,,,,,1,010,010,01,1,0.0,8,1,8,-3.57142857142857,1,China,CH,CH,,35.0,105.0,CH,1,United States,US,US,,39.828175,-98.5795,US,1,United States,US,US,,39.828175,-98.5795,US,20191217020000,Make public statement,Verbal cooperation
893407814,20191217,201912,CHNMED,CHINESE,CHN,,,,,MED,,,USA,THE US,USA,,,,,,,,1,012,012,01,1,-0.4,6,1,6,-1.91082802547771,1,United Kingdom,UK,UK,,54.0,-4.0,UK,1,United Kingdom,UK,UK,,54.0,-4.0,UK,1,United Kingdom,UK,UK,,54.0,-4.0,UK,20191217021500,Make public statement,Verbal cooperation
893412111,20191217,201912,USA,UNITED STATES,USA,,,,,,,,CHN,CHINA,CHN,,,,,,,,1,120,120,12,3,-4.0,6,1,6,-3.74331550802139,3,"Washington, District of Columbia, United States",US,USDC,DC001,38.8951,-77.0364,531871,1,China,CH,CH,,35.0,105.0,CH,3,"Washington, District of Columbia, United States",US,USDC,DC001,38.8951,-77.0364,531871,20191217023000,Reject,Verbal conflict
893426050,20191217,201912,CHNMED,CHINESE,CHN,,,,,MED,,,USA,THE US,USA,,,,,,,,1,012,012,01,1,-0.4,6,1,6,1.13636363636363,1,China,CH,CH,,35.0,105.0,CH,1,China,CH,CH,,35.0,105.0,CH,1,China,CH,CH,,35.0,105.0,CH,20191217043000,Make public statement,Verbal cooperation
893427924,20191217,201912,CHN,CHINA,CHN,,,,,,,,USA,NEW YORK,USA,,,,,,,,1,040,040,04,1,1.0,8,2,8,-2.83687943262411,1,China,CH,CH,,35.0,105.0,CH,2,"New York, United States",US,USNY,,42.1497,-74.9384,NY,4,"Jammu, Jammu and Kashmir, India",IN,IN12,72851,32.7333,74.8667,-2098228,20191217044500,Consult,Verbal cooperation
893427926,20191217,201912,CHN,CHINA,CHN,,,,,,,,USA,NEW YORK,USA,,,,,,,,1,046,046,04,1,7.0,20,2,20,-2.83687943262411,1,China,CH,CH,,35.0,105.0,CH,2,"New York, United States",US,USNY,,42.1497,-74.9384,NY,1,China,CH,CH,,35.0,105.0,CH,20191217044500,Consult,Verbal cooperation
893428708,20191217,201912,USA,NEW YORK,USA,,,,,,,,CHN,CHINA,CHN,,,,,,,,1,040,040,04,1,1.0,8,2,8,-2.83687943262411,2,"New York, United States",US,USNY,,42.1497,-74.9384,NY,1,China,CH,CH,,35.0,105.0,CH,4,"Jammu, Jammu and Kashmir, India",IN,IN12,72851,32.7333,74.8667,-2098228,20191217044500,Consult,Verbal cooperation
893428710,20191217,201912,USA,NEW YORK,USA,,,,,,,,CHN,CHINA,CHN,,,,,,,,1,046,046,04,1,7.0,20,2,20,-2.83687943262411,2,"New York, United States",US,USNY,,42.1497,-74.9384,NY,1,China,CH,CH,,35.0,105.0,CH,1,China,CH,CH,,35.0,105.0,CH,20191217044500,Consult,Verbal cooperation
893433966,20191217,201912,USA,WASHINGTON,USA,,,,,,,,CHN,CHINA,CHN,,,,,,,,1,0311,031,03,1,5.2,8,1,8,1.38888888888889,3,"Washington, District of Columbia, United States",US,USDC,DC001,38.8951,-77.0364,531871,4,"Beijing, Beijing, China",CH,CH22,13001,39.9289,116.388,-1898541,4,"Beijing, Beijing, China",CH,CH22,13001,39.9289,116.388,-1898541,20191217053000,Express intent to cooperate,Verbal cooperation
893434874,20191217,201912,CHN,CHINA,CHN,,,,,,,,USA,UNITED STATES,USA,,,,,,,,1,030,030,03,1,4.0,6,1,6,0.34843205574913,1,China,CH,CH,,35.0,105.0,CH,1,United States,US,US,,39.828175,-98.5795,US,1,China,CH,CH,,35.0,105.0,CH,20191217054500,Express intent to cooperate,Verbal cooperation
893435770,20191217,201912,USA,UNITED STATES,USA,,,,,,,,CHN,CHINA,CHN,,,,,,,,1,030,030,03,1,4.0,10,1,10,0.34843205574913,4,"Lima, Lima, Peru",PE,PE15,91841,-12.05,-77.05,-352647,4,"Lima, Lima, Peru",PE,PE15,91841,-12.05,-77.05,-352647,4,"Lima, Lima, Peru",PE,PE15,91841,-12.05,-77.05,-352647,20191217054500,Express intent to cooperate,Verbal cooperation
893436718,20191217,201912,CHN,BEIJING,CHN,,,,,,,,USA,WASHINGTON,USA,,,,,,,,1,057,057,05,1,8.0,12,2,12,1.26717216770741,3,"Pumpkin Hollow, Nevada, United States",US,USNV,NV019,38.9249,-119.107,843003,2,"Nevada, United States",US,USNV,,38.4199,-117.122,NV,2,"Nevada, United States",US,USNV,,38.4199,-117.122,NV,20191217060000,Engage in diplomatic cooperation,Verbal cooperation
893436719,20191217,201912,CHN,BEIJING,CHN,,,,,,,,USA,WASHINGTON,USA,,,,,,,,1,057,057,05,1,8.0,8,2,8,1.26717216770741,2,"Nevada, United States",US,USNV,,38.4199,-117.122,NV,2,"Nevada, United States",US,USNV,,38.4199,-117.122,NV,2,"Nevada, United States",US,USNV,,38.4199,-117.122,NV,20191217060000,Engage in diplomatic cooperation,Verbal cooperation
893436721,20191217,201912,CHN,CHINA,CHN,,,,,,,,USA,UNITED STATES,USA,,,,,,,,1,110,110,11,3,-2.0,8,1,8,-8.21917808219178,1,China,CH,CH,,35.0,105.0,CH,3,"Washington, District of Columbia, United States",US,USDC,DC001,38.8951,-77.0364,531871,1,China,CH,CH,,35.0,105.0,CH,20191217060000,Disapprove,Verbal conflict
893436725,20191217,201912,CHN,CHINA,CHN,,,,,,,,USA,UNITED STATES,USA,,,,,,,,1,190,190,19,4,-10.0,8,1,8,-8.21917808219178,1,China,CH,CH,,35.0,105.0,CH,3,"Washington, District of Columbia, United States",US,USDC,DC001,38.8951,-77.0364,531871,3,"Washington, District of Columbia, United States",US,USDC,DC001,38.8951,-77.0364,531871,20191217060000,Fight,Material conflict
893437556,20191217,201912,USA,WASHINGTON,USA,,,,,,,,CHN,BEIJING,CHN,,,,,,,,1,057,057,05,1,8.0,12,2,12,1.26717216770741,3,"Washington, District of Columbia, United States",US,USDC,DC001,38.8951,-77.0364,531871,4,"Beijing, Beijing, China",CH,CH22,13001,39.9289,116.388,-1898541,4,"Beijing, Beijing, China",CH,CH22,13001,39.9289,116.388,-1898541,20191217060000,Engage in diplomatic cooperation,Verbal cooperation
893437557,20191217,201912,USA,WASHINGTON,USA,,,,,,,,CHN,BEIJING,CHN,,,,,,,,1,057,057,05,1,8.0,8,2,8,1.26717216770741,3,"Washington, District of Columbia, United States",US,USDC,DC001,38.8951,-77.0364,531871,3,"Washington, District of Columbia, United States",US,USDC,DC001,38.8951,-77.0364,531871,4,"Beijing, Beijing, China",CH,CH22,13001,39.9289,116.388,-1898541,20191217060000,Engage in diplomatic cooperation,Verbal cooperation
893437559,20191217,201912,USA,UNITED STATES,USA,,,,,,,,CHN,CHINA,CHN,,,,,,,,1,110,110,11,3,-2.0,8,1,8,-8.21917808219178,3,"Washington, District of Columbia, United States",US,USDC,DC001,38.8951,-77.0364,531871,1,China,CH,CH,,35.0,105.0,CH,1,China,CH,CH,,35.0,105.0,CH,20191217060000,Disapprove,Verbal conflict
893437560,20191217,201912,USA,UNITED STATES,USA,,,,,,,,CHN,CHINA,CHN,,,,,,,,1,190,190,19,4,-10.0,10,1,10,-8.21917808219178,3,"Army War College, District of Columbia, United States",US,USDC,DC001,38.8634,-77.0169,531541,3,"Army War College, District of Columbia, United States",US,USDC,,38.8634,-77.0169,531541,3,"Army War College, District of Columbia, United States",US,USDC,,38.8634,-77.0169,531541,20191217060000,Fight,Material conflict
893442641,20191217,201912,CHN,CHINA,CHN,,,,,,,,USA,UNITED STATES,USA,,,,,,,,1,020,020,02,1,3.0,10,1,10,-4.73933649289099,2,"Virginia, United States",US,USVA,,37.768,-78.2057,VA,2,"Virginia, United States",US,USVA,,37.768,-78.2057,VA,2,"Virginia, United States",US,USVA,,37.768,-78.2057,VA,20191217064500,Appeal,Verbal cooperation
893443496,20191217,201912,USA,AMERICAN,USA,,,,,,,,CHN,CHINA,CHN,,,,,,,,1,080,080,08,2,5.0,10,1,10,0.0,1,United States,US,US,,39.828175,-98.5795,US,1,China,CH,CH,,35.0,105.0,CH,1,China,CH,CH,,35.0,105.0,CH,20191217064500,Yield,Material cooperation
893446848,20191210,201912,CHN,CHINA,CHN,,,,,,,,USA,THE US,USA,,,,,,,,1,030,030,03,1,4.0,10,1,10,1.25260960334029,1,China,CH,CH,,35.0,105.0,CH,1,China,CH,CH,,35.0,105.0,CH,1,China,CH,CH,,35.0,105.0,CH,20191217071500,Express intent to cooperate,Verbal cooperation
893446849,20191210,201912,CHN,CHINA,CHN,,,,,,,,USA,THE US,USA,,,,,,,,1,0311,031,03,1,5.2,10,1,10,1.25260960334029,1,China,CH,CH,,35.0,105.0,CH,1,China,CH,CH,,35.0,105.0,CH,1,China,CH,CH,,35.0,105.0,CH,20191217071500,Express intent to cooperate,Verbal cooperation
893446858,20191210,201912,USA,THE US,USA,,,,,,,,CHN,CHINA,CHN,,,,,,,,1,030,030,03,1,4.0,10,1,10,1.25260960334029,1,China,CH,CH,,35.0,105.0,CH,1,China,CH,CH,,35.0,105.0,CH,1,China,CH,CH,,35.0,105.0,CH,20191217071500,Express intent to cooperate,Verbal cooperation
893448284,20191217,201912,CHN,BEIJING,CHN,,,,,,,,USA,WASHINGTON,USA,,,,,,,,1,057,057,05,1,8.0,12,1,6,1.57894736842106,4,"Beijing, Beijing, China",CH,CH22,13001,39.9289,116.388,-1898541,3,"Washington, District of Columbia, United States",US,USDC,DC001,38.8951,-77.0364,531871,4,"Beijing, Beijing, China",CH,CH22,13001,39.9289,116.388,-1898541,20191217073000,Engage in diplomatic cooperation,Verbal cooperation
893453175,20191217,201912,USA,THE US,USA,,,,,,,,CHNGOV,CHINESE,CHN,,,,,GOV,,,1,174,174,17,4,-5.0,10,1,10,-4.12087912087913,4,"Beijing, Beijing, China",CH,CH22,13001,39.9289,116.388,-1898541,4,"Beijing, Beijing, China",CH,CH22,13001,39.9289,116.388,-1898541,4,"Beijing, Beijing, China",CH,CH22,13001,39.9289,116.388,-1898541,20191217080000,Coerce,Material conflict
893465824,20191217,201912,CHN,CHINESE,CHN,,,,,,,,USA,WASHINGTON,USA,,,,,,,,1,010,010,01,1,0.0,7,1,7,0.56390977443609,4,"Shanghai, Shanghai, China",CH,CH23,13243,31.2222,121.458,-1924465,4,"Shanghai, Shanghai, China",CH,CH23,13243,31.2222,121.458,-1924465,4,"Shanghai, Shanghai, China",CH,CH23,13243,31.2222,121.458,-1924465,20191217093000,Make public statement,Verbal cooperation
893465829,20191217,201912,CHN,CHINESE,CHN,,,,,,,,USA,WASHINGTON,USA,,,,,,,,1,050,050,05,1,3.5,7,1,7,0.56390977443609,4,"Shanghai, Shanghai, China",CH,CH23,13243,31.2222,121.458,-1924465,3,"Washington, District of Columbia, United States",US,USDC,DC001,38.8951,-77.0364,531871,3,"Washington, District of Columbia, United States",US,USDC,DC001,38.8951,-77.0364,531871,20191217093000,Engage in diplomatic cooperation,Verbal cooperation
893468872,20191217,201912,USAMED,REUTERS,USA,,,,,MED,,,CHN,CHINA,CHN,,,,,,,,1,020,020,02,1,3.0,10,1,10,-2.33463035019455,4,"Beijing, Beijing, China",CH,CH22,13001,39.9289,116.388,-1898541,4,"Beijing, Beijing, China",CH,CH22,13001,39.9289,116.388,-1898541,4,"Beijing, Beijing, China",CH,CH22,13001,39.9289,116.388,-1898541,20191217094500,Appeal,Verbal cooperation
893480776,20191217,201912,USABUS,AMERICAN,USA,,,,,BUS,,,CHN,BEIJING,CHN,,,,,,,,1,0841,084,08,2,7.0,6,1,6,-1.88811188811188,4,"Beijing, Beijing, China",CH,CH22,13001,39.9289,116.388,-1898541,4,"Beijing, Beijing, China",CH,CH22,13001,39.9289,116.388,-1898541,4,"Beijing, Beijing, China",CH,CH22,13001,39.9289,116.388,-1898541,20191217110000,Yield,Material cooperation
893483064,20191217,201912,USA,THE US,USA,,,,,,,,CHN,CHINA,CHN,,,,,,,,1,112,112,11,3,-2.0,10,1,10,-5.0632911392405,1,China,CH,CH,,35.0,105.0,CH,1,China,CH,CH,,35.0,105.0,CH,1,China,CH,CH,,35.0,105.0,CH,20191217111500,Disapprove,Verbal conflict
893484546,20191217,201912,CHN,CHINA,CHN,,,,,,,,USA,THE US,USA,,,,,,,,1,110,110,11,3,-2.0,20,1,20,0.80645161290322,1,China,CH,CH,,35.0,105.0,CH,1,China,CH,CH,,35.0,105.0,CH,1,China,CH,CH,,35.0,105.0,CH,20191217113000,Disapprove,Verbal conflict
893485758,20191217,201912,USA,THE US,USA,,,,,,,,CHN,CHINA,CHN,,,,,,,,1,110,110,11,3,-2.0,20,1,20,0.80645161290322,1,Australia,AS,AS,,-25.0,135.0,AS,1,Australia,AS,AS,,-25.0,135.0,AS,1,Australia,AS,AS,,-25.0,135.0,AS,20191217113000,Disapprove,Verbal conflict
893488611,20191217,201912,CHN,CHINA,CHN,,,,,,,,USA,AMERICAN,USA,,,,,,,,1,046,046,04,1,7.0,12,2,12,4.53677941548438,4,"Zhengzhou, Henan, China",CH,CH09,13099,34.7578,113.649,-1938815,1,United States,US,US,,39.828175,-98.5795,US,4,"Zhengzhou, Henan, China",CH,CH09,13099,34.7578,113.649,-1938815,20191217114500,Consult,Verbal cooperation
893488614,20191217,201912,CHN,CHINA,CHN,,,,,,,,USABUS,AMERICAN,USA,,,,,BUS,,,1,046,046,04,1,7.0,18,2,18,4.53677941548438,4,"Zhengzhou, Henan, China",CH,CH09,13099,34.7578,113.649,-1938815,1,United States,US,US,,39.828175,-98.5795,US,4,"Zhengzhou, Henan, China",CH,CH09,13099,34.7578,113.649,-1938815,20191217114500,Consult,Verbal cooperation
893488617,20191217,201912,CHN,CHINA,CHN,,,,,,,,USAMEDBUS,REUTERS,USA,,,,,MED,BUS,,1,111,111,11,3,-2.0,16,2,16,-4.54545454545454,1,Argentina,AR,AR,,-34.0,-64.0,AR,1,Argentina,AR,AR,,-34.0,-64.0,AR,1,Argentina,AR,AR,,-34.0,-64.0,AR,20191217114500,Disapprove,Verbal conflict
893490023,20191217,201912,USA,AMERICAN,USA,,,,,,,,CHN,CHINA,CHN,,,,,,,,1,046,046,04,1,7.0,12,2,12,4.53677941548438,1,United States,US,US,,39.828175,-98.5795,US,4,"Zhengzhou, Henan, China",CH,CH09,13099,34.7578,113.649,-1938815,4,"Zhengzhou, Henan, China",CH,CH09,13099,34.7578,113.649,-1938815,20191217114500,Consult,Verbal cooperation
893490094,20191217,201912,USABUS,AMERICAN,USA,,,,,BUS,,,CHN,CHINA,CHN,,,,,,,,1,046,046,04,1,7.0,18,2,18,4.53677941548438,1,United States,US,US,,39.828175,-98.5795,US,4,"Zhengzhou, Henan, China",CH,CH09,13099,34.7578,113.649,-1938815,4,"Zhengzhou, Henan, China",CH,CH09,13099,34.7578,113.649,-1938815,20191217114500,Consult,Verbal cooperation
893494162,20191217,201912,USA,UNITED STATES,USA,,,,,,,,CHNGOV,XI JINPING,CHN,,,,,GOV,,,1,111,111,11,3,-2.0,8,1,8,-7.75347912524851,1,India,IN,IN,,20.0,77.0,IN,1,Japan,JA,JA,,36.0,138.0,JA,1,Japan,JA,JA,,36.0,138.0,JA,20191217121500,Disapprove,Verbal conflict
893496977,20191217,201912,USA,WASHINGTON,USA,,,,,,,,CHN,CHINA,CHN,,,,,,,,1,061,061,06,2,6.4,9,3,9,-2.2974504948055,1,Taiwan,TW,TW,,24.0,121.0,TW,1,Taiwan,TW,TW,,24.0,121.0,TW,1,Taiwan,TW,TW,,24.0,121.0,TW,20191217123000,Engage in material cooperation,Material cooperation
893498694,20191217,201912,CHN,CHINA,CHN,,,,,,,,USAMED,REUTERS,USA,,,,,MED,,,1,061,061,06,2,6.4,10,1,10,-0.70921985815603,1,China,CH,CH,,35.0,105.0,CH,1,China,CH,CH,,35.0,105.0,CH,1,China,CH,CH,,35.0,105.0,CH,20191217124500,Engage in material cooperation,Material cooperation
893503737,20191217,201912,USA,UNITED STATES,USA,,,,,,,,CHN,CHINA,CHN,,,,,,,,1,020,020,02,1,3.0,6,1,6,-0.9771986970684,1,Russia,RS,RS,,60.0,100.0,RS,1,Russia,RS,RS,,60.0,100.0,RS,1,Russia,RS,RS,,60.0,100.0,RS,20191217130000,Appeal,Verbal cooperation
893509632,20191217,201912,CHN,CHINA,CHN,,,,,,,,USA,THE US,USA,,,,,,,,1,120,120,12,3,-4.0,10,1,10,-0.10649627263045,4,"Beijing, Beijing, China",CH,CH22,13001,39.9289,116.388,-1898541,4,"Beijing, Beijing, China",CH,CH22,13001,39.9289,116.388,-1898541,4,"Beijing, Beijing, China",CH,CH22,13001,39.9289,116.388,-1898541,20191217134500,Reject,Verbal conflict
893512459,20191216,201912,USA,UNITED STATES,USA,,,,,,,,CHN,CHINA,CHN,,,,,,,,1,012,012,01,1,-0.4,10,1,10,-2.91970802919708,4,"Beijing, Beijing, China",CH,CH22,13001,39.9289,116.388,-1898541,4,"Beijing, Beijing, China",CH,CH22,13001,39.9289,116.388,-1898541,1,Hong Kong,HK,HK,,22.25,114.166667,HK,20191217140000,Make public statement,Verbal cooperation
893512861,20191217,201912,CHN,CHINESE,CHN,,,,,,,,USA,LAS VEGAS,USA,,,,,,,,1,036,036,03,1,4.0,7,1,7,1.46341463414634,1,India,IN,IN,,20.0,77.0,IN,1,India,IN,IN,,20.0,77.0,IN,1,India,IN,IN,,20.0,77.0,IN,20191217140000,Express intent to cooperate,Verbal cooperation
893514205,20191217,201912,USA,LAS VEGAS,USA,,,,,,,,CHN,CHINESE,CHN,,,,,,,,1,036,036,03,1,4.0,7,1,7,1.46341463414634,1,China,CH,CH,,35.0,105.0,CH,1,China,CH,CH,,35.0,105.0,CH,1,China,CH,CH,,35.0,105.0,CH,20191217140000,Express intent to cooperate,Verbal cooperation
893514207,20191217,201912,USA,UNITED STATES,USA,,,,,,,,CHN,CHINA,CHN,,,,,,,,1,120,120,12,3,-4.0,6,1,6,-4.24836601307189,1,Russia,RS,RS,,60.0,100.0,RS,4,"Pyongyang, P'yongyang-si, North Korea",KN,KN12,39681,39.0194,125.755,-183459,1,Russia,RS,RS,,60.0,100.0,RS,20191217140000,Reject,Verbal conflict
893519440,20191217,201912,CHN,CHINA,CHN,,,,,,,,MNCUSAMED,GOOGLE,USA,,,,,MNC,MED,,1,051,051,05,1,3.4,10,1,10,-2.03488372093023,1,Russia,RS,RS,,60.0,100.0,RS,1,Russia,RS,RS,,60.0,100.0,RS,1,Russia,RS,RS,,60.0,100.0,RS,20191217143000,Engage in diplomatic cooperation,Verbal cooperation
893521374,20191217,201912,CHN,CHINESE,CHN,,,,,,,,MNCUSAMED,GOOGLE,USA,,,,,MNC,MED,,1,084,084,08,2,7.0,8,1,8,-2.27920227920228,1,China,CH,CH,,35.0,105.0,CH,1,China,CH,CH,,35.0,105.0,CH,1,China,CH,CH,,35.0,105.0,CH,20191217144500,Yield,Material cooperation
893521376,20191217,201912,CHN,CHINESE,CHN,,,,,,,,MNCUSAMED,GOOGLE,USA,,,,,MNC,MED,,1,111,111,11,3,-2.0,8,1,8,-2.27920227920228,1,China,CH,CH,,35.0,105.0,CH,1,China,CH,CH,,35.0,105.0,CH,1,China,CH,CH,,35.0,105.0,CH,20191217144500,Disapprove,Verbal conflict
893524217,20191217,201912,CHN,CHINA,CHN,,,,,,,,USA,WASHINGTON,USA,,,,,,,,1,051,051,05,1,3.4,8,1,8,-4.38871473354232,4,"Beijing, Beijing, China",CH,CH22,13001,39.9289,116.388,-1898541,3,"Washington, District of Columbia, United States",US,USDC,DC001,38.8951,-77.0364,531871,4,"Pyongyang, P'yongyang-si, North Korea",KN,KN12,39681,39.0194,125.755,-183459,20191217150000,Engage in diplomatic cooperation,Verbal cooperation
893524225,20191217,201912,CHNGOV,CHINESE,CHN,,,,,GOV,,,USAMIL,VIRGINIA,USA,,,,,MIL,,,1,161,161,16,4,-4.0,6,1,6,-4.62046204620462,1,China,CH,CH,,35.0,105.0,CH,1,China,CH,CH,,35.0,105.0,CH,1,China,CH,CH,,35.0,105.0,CH,20191217150000,Reduce relations,Material conflict
893536833,20191217,201912,CHN,CHINA,CHN,,,,,,,,USA,UNITED STATES,USA,,,,,,,,1,010,010,01,1,0.0,6,1,6,1.33779264214047,1,China,CH,CH,,35.0,105.0,CH,3,"Santa Maria Valley, California, United States",US,USCA,,33.0359,-116.887,249087,1,China,CH,CH,,35.0,105.0,CH,20191217160000,Make public statement,Verbal cooperation
893538400,20191217,201912,USA,UNITED STATES,USA,,,,,,,,CHN,CHINA,CHN,,,,,,,,1,010,010,01,1,0.0,10,1,10,1.86757215619695,1,United States,US,US,,39.828175,-98.5795,US,1,United States,US,US,,39.828175,-98.5795,US,1,United States,US,US,,39.828175,-98.5795,US,20191217160000,Make public statement,Verbal cooperation
893539993,20191217,201912,CHN,CHINA,CHN,,,,,,,,USA,THE US,USA,,,,,,,,1,013,013,01,1,0.4,6,1,6,4.32900432900433,4,"Wei Tang, Zhejiang, China",CH,CH02,13319,30.3954,120.068,11019799,4,"Wei Tang, Zhejiang, China",CH,CH02,13319,30.3954,120.068,11019799,4,"Wei Tang, Zhejiang, China",CH,CH02,13319,30.3954,120.068,11019799,20191217161500,Make public statement,Verbal cooperation
893539995,20191217,201912,CHN,CHINA,CHN,,,,,,,,USA,THE US,USA,,,,,,,,1,172,172,17,4,-5.0,6,1,6,4.32900432900433,4,"Wei Tang, Zhejiang, China",CH,CH02,13319,30.3954,120.068,11019799,4,"Wei Tang, Zhejiang, China",CH,CH02,13319,30.3954,120.068,11019799,4,"Wei Tang, Zhejiang, China",CH,CH02,13319,30.3954,120.068,11019799,20191217161500,Coerce,Material conflict
893547536,20191217,201912,CHN,CANTON,CHN,,,,,,,,USA,MISSISSIPPI,USA,,,,,,,,1,173,173,17,4,-5.0,10,1,10,-11.8226600985222,3,"Madison County, Mississippi, United States",US,USMS,MS089,32.5651,-90.0645,695768,3,"Madison County, Mississippi, United States",US,USMS,,32.5651,-90.0645,695768,3,"Madison County, Mississippi, United States",US,USMS,,32.5651,-90.0645,695768,20191217170000,Coerce,Material conflict
893552611,20191217,201912,USA,THE US,USA,,,,,,,,CHN,CHINA,CHN,,,,,,,,1,010,010,01,1,0.0,8,1,8,-2.43243243243243,4,"Deir Ezzor, Dayr az Zawr, Syria",SY,SY07,26359,35.3359,40.1408,-2541119,1,China,CH,CH,,35.0,105.0,CH,4,"Deir Ezzor, Dayr az Zawr, Syria",SY,SY07,26359,35.3359,40.1408,-2541119,20191217171500,Make public statement,Verbal cooperation
893552852,20191217,201912,USAGOV,UNITED STATES,USA,,,,,GOV,,,CHN,CHINA,CHN,,,,,,,,1,061,061,06,2,6.4,10,1,10,-2.28802153432033,1,Taiwan,TW,TW,,24.0,121.0,TW,1,Taiwan,TW,TW,,24.0,121.0,TW,1,Taiwan,TW,TW,,24.0,121.0,TW,20191217171500,Engage in material cooperation,Material cooperation
893560255,20191217,201912,CHN,CHINA,CHN,,,,,,,,USA,HOUSTON,USA,,,,,,,,1,046,046,04,1,7.0,10,1,10,4.6583850931677,4,"Hangzhou, Zhejiang, China",CH,CH02,13319,30.2553,120.169,-1908366,3,"Houston, Texas, United States",US,USTX,TX201,29.7633,-95.3633,1380948,4,"Hangzhou, Zhejiang, China",CH,CH02,13319,30.2553,120.169,-1908366,20191217180000,Consult,Verbal cooperation
893561481,20191217,201912,USA,HOUSTON,USA,,,,,,,,CHN,CHINA,CHN,,,,,,,,1,046,046,04,1,7.0,10,1,10,4.6583850931677,3,"Houston, Texas, United States",US,USTX,TX201,29.7633,-95.3633,1380948,4,"Hangzhou, Zhejiang, China",CH,CH02,13319,30.2553,120.169,-1908366,4,"Hangzhou, Zhejiang, China",CH,CH02,13319,30.2553,120.169,-1908366,20191217180000,Consult,Verbal cooperation
893561637,20191217,201912,USABUS,HOUSTON,USA,,,,,BUS,,,CHN,CHINA,CHN,,,,,,,,1,051,051,05,1,3.4,6,1,6,4.6583850931677,4,"Shanghai, Shanghai, China",CH,CH23,13243,31.2222,121.458,-1924465,4,"Shanghai, Shanghai, China",CH,CH23,13243,31.2222,121.458,-1924465,4,"Shanghai, Shanghai, China",CH,CH23,13243,31.2222,121.458,-1924465,20191217180000,Engage in diplomatic cooperation,Verbal cooperation
893565243,20181217,201812,MNCUSA,DELTA AIR LINES,USA,,,,,MNC,,,CHN,BEIJING,CHN,,,,,,,,1,192,192,19,4,-9.5,8,1,8,2.64026402640264,4,"Daxing, Jilin, China",CH,CH05,13176,43.1245,129.01,10869881,4,"Beijing, Beijing, China",CH,CH22,13001,39.9289,116.388,-1898541,4,"Daxing, Jilin, China",CH,CH05,13176,43.1245,129.01,10869881,20191217183000,Fight,Material conflict
893568555,20191217,201912,CHN,CHINESE,CHN,,,,,,,,USA,AMERICAN,USA,,,,,,,,1,036,036,03,1,4.0,10,1,10,-2.98102981029811,2,"New York, United States",US,USNY,,42.1497,-74.9384,NY,2,"New York, United States",US,USNY,,42.1497,-74.9384,NY,2,"New York, United States",US,USNY,,42.1497,-74.9384,NY,20191217184500,Express intent to cooperate,Verbal cooperation
893569730,20191217,201912,USA,AMERICAN,USA,,,,,,,,CHN,CHINESE,CHN,,,,,,,,1,036,036,03,1,4.0,10,1,10,-2.98102981029811,2,"Utah, United States",US,USUT,,40.1135,-111.854,UT,1,China,CH,CH,,35.0,105.0,CH,1,China,CH,CH,,35.0,105.0,CH,20191217184500,Express intent to cooperate,Verbal cooperation
893572257,20191217,201912,USA,THE US,USA,,,,,,,,CHN,CHINA,CHN,,,,,,,,1,120,120,12,3,-4.0,10,1,10,-0.3957783641161,1,United States,US,US,,39.828175,-98.5795,US,1,United States,US,US,,39.828175,-98.5795,US,1,United States,US,US,,39.828175,-98.5795,US,20191217190000,Reject,Verbal conflict
893578852,20191217,201912,CHN,CHINESE,CHN,,,,,,,,USA,LOS ANGELES,USA,,,,,,,,1,042,042,04,1,1.9,6,1,6,-3.23624595469256,2,"California, United States",US,USCA,,36.17,-119.746,CA,2,"California, United States",US,USCA,,36.17,-119.746,CA,2,"California, United States",US,USCA,,36.17,-119.746,CA,20191217194500,Consult,Verbal cooperation
893578855,20191217,201912,CHN,CHINESE,CHN,,,,,,,,USA,LOS ANGELES,USA,,,,,,,,1,173,173,17,4,-5.0,7,1,7,-3.23624595469256,1,China,CH,CH,,35.0,105.0,CH,3,"Hollywood, California, United States",US,USCA,CA037,34.0983,-118.327,1660757,1,China,CH,CH,,35.0,105.0,CH,20191217194500,Coerce,Material conflict
893580034,20191217,201912,USA,LOS ANGELES,USA,,,,,,,,CHN,CHINESE,CHN,,,,,,,,1,043,043,04,1,2.8,7,1,7,-3.23624595469256,3,"Hollywood, California, United States",US,USCA,CA037,34.0983,-118.327,1660757,1,China,CH,CH,,35.0,105.0,CH,1,China,CH,CH,,35.0,105.0,CH,20191217194500,Consult,Verbal cooperation
893580214,20191217,201912,USAGOV,US AMBASSADOR,USA,,,,,GOV,,,CHN,CHINA,CHN,,,,,,,,1,090,090,09,2,-2.0,10,1,10,-4.0,4,"Xinjiang, Jiangxi, China",CH,CH03,13167,27.7481,116.274,11065838,4,"Xinjiang, Jiangxi, China",CH,CH03,13167,27.7481,116.274,11065838,4,"Xinjiang, Jiangxi, China",CH,CH03,13167,27.7481,116.274,11065838,20191217194500,Investigate,Material cooperation
893584760,20191217,201912,CHN,CHINA,CHN,,,,,,,,USA,THE US,USA,,,,,,,,1,051,051,05,1,3.4,10,1,10,-1.22377622377622,1,Hong Kong,HK,HK,,22.25,114.166667,HK,1,Hong Kong,HK,HK,,22.25,114.166667,HK,1,Hong Kong,HK,HK,,22.25,114.166667,HK,20191217201500,Engage in diplomatic cooperation,Verbal cooperation
893586549,20191217,201912,CHN,CHINA,CHN,,,,,,,,USA,UNITED STATES,USA,,,,,,,,1,046,046,04,1,7.0,10,5,10,2.07797828963224,1,China,CH,CH,,35.0,105.0,CH,1,United States,US,US,,39.828175,-98.5795,US,1,China,CH,CH,,35.0,105.0,CH,20191217203000,Consult,Verbal cooperation
893587589,20191217,201912,USA,UNITED STATES,USA,,,,,,,,CHN,CHINA,CHN,,,,,,,,1,046,046,04,1,7.0,10,5,10,2.07797828963224,1,China,CH,CH,,35.0,105.0,CH,1,China,CH,CH,,35.0,105.0,CH,1,China,CH,CH,,35.0,105.0,CH,20191217203000,Consult,Verbal cooperation
893587590,20191217,201912,USA,UNITED STATES,USA,,,,,,,,CHN,CHINA,CHN,,,,,,,,1,100,100,10,3,-5.0,10,1,10,-5.51724137931035,1,Indonesia,ID,ID,,-5.0,120.0,ID,1,Indonesia,ID,ID,,-5.0,120.0,ID,1,Indonesia,ID,ID,,-5.0,120.0,ID,20191217203000,Demand,Verbal conflict
893595513,20191217,201912,USA,UNITED STATES,USA,,,,,,,,CHN,CHINA,CHN,,,,,,,,1,010,010,01,1,0.0,6,3,6,-4.00766283524904,2,"Mississippi, United States",US,USMS,,32.7673,-89.6812,MS,1,China,CH,CH,,35.0,105.0,CH,2,"Mississippi, United States",US,USMS,,32.7673,-89.6812,MS,20191217211500,Make public statement,Verbal cooperation
893595745,20191217,201912,USAGOV,LOS ANGELES,USA,,,,,GOV,,,CHNGOV,CHINESE,CHN,,,,,GOV,,,1,051,051,05,1,3.4,6,1,6,-2.67062314540059,1,China,CH,CH,,35.0,105.0,CH,1,China,CH,CH,,35.0,105.0,CH,1,China,CH,CH,,35.0,105.0,CH,20191217211500,Engage in diplomatic cooperation,Verbal cooperation
893598388,20191217,201912,USA,CHICAGO,USA,,,,,,,,CHNOPP,TIBET,CHN,,,,,OPP,,,1,051,051,05,1,3.4,10,1,10,0.0,3,"Chicago, Illinois, United States",US,USIL,IL031,41.85,-87.6501,423587,3,"Chicago, Illinois, United States",US,USIL,IL031,41.85,-87.6501,423587,3,"Chicago, Illinois, United States",US,USIL,IL031,41.85,-87.6501,423587,20191217213000,Engage in diplomatic cooperation,Verbal cooperation
893598389,20191217,201912,USA,CHICAGO,USA,,,,,,,,CHNOPP,TIBET,CHN,,,,,OPP,,,1,141,141,14,3,-6.5,10,1,10,0.0,3,"Chicago, Illinois, United States",US,USIL,IL031,41.85,-87.6501,423587,3,"Chicago, Illinois, United States",US,USIL,IL031,41.85,-87.6501,423587,3,"Chicago, Illinois, United States",US,USIL,IL031,41.85,-87.6501,423587,20191217213000,Protest,Verbal conflict
893601233,20191217,201912,USA,UNITED STATES,USA,,,,,,,,CHN,CHINESE,CHN,,,,,,,,1,035,035,03,1,7.0,6,1,6,0.46728971962617,3,"Washington, District of Columbia, United States",US,USDC,DC001,38.8951,-77.0364,531871,1,China,CH,CH,,35.0,105.0,CH,1,Russia,RS,RS,,60.0,100.0,RS,20191217214500,Express intent to cooperate,Verbal cooperation
893604473,20191217,201912,CHN,CHINA,CHN,,,,,,,,USA,LAWRENCE,USA,,,,,,,,1,042,042,04,1,1.9,6,3,6,1.22076288385091,4,"Hanban, Gansu, China",CH,CH15,13270,33.8727,104.184,10631440,3,"University Of Kansas, Kansas, United States",US,USKS,,38.9581,-95.2477,471362,4,"Hanban, Gansu, China",CH,CH15,13270,33.8727,104.184,10631440,20191217221500,Consult,Verbal cooperation
893605547,20191217,201912,USA,LAWRENCE,USA,,,,,,,,CHN,CHINA,CHN,,,,,,,,1,043,043,04,1,2.8,6,3,6,1.22076288385091,3,"University Of Kansas, Kansas, United States",US,USKS,KS045,38.9581,-95.2477,471362,4,"Hanban, Gansu, China",CH,CH15,13270,33.8727,104.184,10631440,4,"Hanban, Gansu, China",CH,CH15,13270,33.8727,104.184,10631440,20191217221500,Consult,Verbal cooperation
893613004,20191217,201912,CHN,CHINA,CHN,,,,,,,,USA,UNITED STATES,USA,,,,,,,,1,013,013,01,1,0.4,10,1,10,0.0,1,China,CH,CH,,35.0,105.0,CH,1,United States,US,US,,39.828175,-98.5795,US,1,China,CH,CH,,35.0,105.0,CH,20191217231500,Make public statement,Verbal cooperation
893613006,20191217,201912,CHN,CHINA,CHN,,,,,,,,USA,UNITED STATES,USA,,,,,,,,1,120,120,12,3,-4.0,8,1,8,0.0,1,China,CH,CH,,35.0,105.0,CH,1,United States,US,US,,39.828175,-98.5795,US,1,United States,US,US,,39.828175,-98.5795,US,20191217231500,Reject,Verbal conflict
893617392,20191217,201912,CHN,CHINA,CHN,,,,,,,,USA,UNITED STATES,USA,,,,,,,,1,1233,123,12,3,-4.0,10,1,10,-5.28301886792453,1,Hong Kong,HK,HK,,22.25,114.166667,HK,1,Hong Kong,HK,HK,,22.25,114.166667,HK,1,Hong Kong,HK,HK,,22.25,114.166667,HK,20191217234500,Reject,Verbal conflict
893618557,20191217,201912,USA,THE US,USA,,,,,,,,CHN,CHINA,CHN,,,,,,,,1,070,070,07,2,7.0,10,1,10,-3.72340425531915,1,China,CH,CH,,35.0,105.0,CH,1,China,CH,CH,,35.0,105.0,CH,1,China,CH,CH,,35.0,105.0,CH,20191217234500,Provide aid,Material cooperation
893618746,20191217,201912,USAGOV,THE US,USA,,,,,GOV,,,CHN,CHINA,CHN,,,,,,,,1,060,060,06,2,6.0,10,1,10,-3.72340425531915,1,China,CH,CH,,35.0,105.0,CH,1,China,CH,CH,,35.0,105.0,CH,1,China,CH,CH,,35.0,105.0,CH,20191217234500,Engage in material cooperation,Material cooperation
893622523,20191218,201912,USA,WASHINGTON,USA,,,,,,,,CHN,BEIJING,CHN,,,,,,,,1,036,036,03,1,4.0,7,1,7,-3.65168539325843,4,"Pyongyang, P'yongyang-si, North Korea",KN,KN12,39681,39.0194,125.755,-183459,4,"Pyongyang, P'yongyang-si, North Korea",KN,KN12,39681,39.0194,125.755,-183459,4,"Pyongyang, P'yongyang-si, North Korea",KN,KN12,39681,39.0194,125.755,-183459,20191218000000,Express intent to cooperate,Verbal cooperation
893624699,20191218,201912,CHN,BEIJING,CHN,,,,,,,,USA,WASHINGTON,USA,,,,,,,,1,043,043,04,1,2.8,8,1,8,-2.62295081967213,4,"Beijing, Beijing, China",CH,CH22,13001,39.9289,116.388,-1898541,3,"Washington, District of Columbia, United States",US,USDC,DC001,38.8951,-77.0364,531871,4,"Beijing, Beijing, China",CH,CH22,13001,39.9289,116.388,-1898541,20191218001500,Consult,Verbal cooperation
893626492,20191218,201912,USA,WASHINGTON,USA,,,,,,,,CHN,BEIJING,CHN,,,,,,,,1,042,042,04,1,1.9,8,1,8,-2.62295081967213,3,"Washington, District of Columbia, United States",US,USDC,DC001,38.8951,-77.0364,531871,4,"Beijing, Beijing, China",CH,CH22,13001,39.9289,116.388,-1898541,4,"Beijing, Beijing, China",CH,CH22,13001,39.9289,116.388,-1898541,20191218001500,Consult,Verbal cooperation
893626493,20191218,201912,USA,THE US,USA,,,,,,,,CHN,CHINA,CHN,,,,,,,,1,070,070,07,2,7.0,10,1,10,-3.60824742268042,1,China,CH,CH,,35.0,105.0,CH,1,China,CH,CH,,35.0,105.0,CH,1,China,CH,CH,,35.0,105.0,CH,20191218001500,Provide aid,Material cooperation
893626495,20191218,201912,USA,THE US,USA,,,,,,,,CHN,CHINA,CHN,,,,,,,,1,120,120,12,3,-4.0,8,1,8,-4.4392523364486,4,"Ladakh, Jammu and Kashmir, India",IN,IN12,72785,34.5,77.5,-2102224,4,"Ladakh, Jammu and Kashmir, India",IN,IN12,72785,34.5,77.5,-2102224,4,"Ladakh, Jammu and Kashmir, India",IN,IN12,72785,34.5,77.5,-2102224,20191218001500,Reject,Verbal conflict
893626759,20191218,201912,USAGOV,THE US,USA,,,,,GOV,,,CHN,CHINA,CHN,,,,,,,,1,060,060,06,2,6.0,10,1,10,-3.60824742268042,1,China,CH,CH,,35.0,105.0,CH,1,China,CH,CH,,35.0,105.0,CH,1,China,CH,CH,,35.0,105.0,CH,20191218001500,Engage in material cooperation,Material cooperation
893637231,20191218,201912,CHN,CHINA,CHN,,,,,,,,USA,UNITED STATES,USA,,,,,,,,1,043,043,04,1,2.8,8,1,8,1.62348358463066,1,China,CH,CH,,35.0,105.0,CH,3,"Hollywood, California, United States",US,USCA,CA037,34.0983,-118.327,1660757,3,"Hollywood, California, United States",US,USCA,CA037,34.0983,-118.327,1660757,20191218010000,Consult,Verbal cooperation
893638717,20191218,201912,USA,UNITED STATES,USA,,,,,,,,CHN,CHINA,CHN,,,,,,,,1,042,042,04,1,1.9,8,1,8,1.62348358463066,3,"Hollywood, California, United States",US,USCA,CA037,34.0983,-118.327,1660757,1,China,CH,CH,,35.0,105.0,CH,3,"Hollywood, California, United States",US,USCA,CA037,34.0983,-118.327,1660757,20191218010000,Consult,Verbal cooperation
893639611,20191218,201912,CHN,SHENZHEN,CHN,,,,,,,,USAEDU,NEW YORK,USA,,,,,EDU,,,1,036,036,03,1,4.0,7,1,7,4.12979351032448,1,United States,US,US,,39.828175,-98.5795,US,1,United States,US,US,,39.828175,-98.5795,US,1,United States,US,US,,39.828175,-98.5795,US,20191218011500,Express intent to cooperate,Verbal cooperation
893640827,20191218,201912,USA,UNITED STATES,USA,,,,,,,,CHN,CHINA,CHN,,,,,,,,1,120,120,12,3,-4.0,6,1,6,-3.82165605095541,1,Russia,RS,RS,,60.0,100.0,RS,4,"Pyongyang, P'yongyang-si, North Korea",KN,KN12,39681,39.0194,125.755,-183459,1,Russia,RS,RS,,60.0,100.0,RS,20191218011500,Reject,Verbal conflict
893640832,20191218,201912,USA,UNITED STATES,USA,,,,,,,,CHN,CHINESE,CHN,,,,,,,,1,172,172,17,4,-5.0,6,1,6,-0.35273368606702,1,United States,US,US,,39.828175,-98.5795,US,1,China,CH,CH,,35.0,105.0,CH,1,Australia,AS,AS,,-25.0,135.0,AS,20191218011500,Coerce,Material conflict
893642961,20191218,201912,CHN,CHINA,CHN,,,,,,,,USA,WASHINGTON,USA,,,,,,,,1,051,051,05,1,3.4,8,1,8,-4.82758620689655,4,"Beijing, Beijing, China",CH,CH22,13001,39.9289,116.388,-1898541,3,"Washington, District of Columbia, United States",US,USDC,DC001,38.8951,-77.0364,531871,4,"Pyongyang, P'yongyang-si, North Korea",KN,KN12,39681,39.0194,125.755,-183459,20191218013000,Engage in diplomatic cooperation,Verbal cooperation
893650483,20191218,201912,CHN,CHINESE,CHN,,,,,,,,USA,UNITED STATES,USA,,,,,,,,1,061,061,06,2,6.4,8,1,7,0.54945054945055,4,"Beijing, Beijing, China",CH,CH22,13001,39.9289,116.388,-1898541,1,United States,US,US,,39.828175,-98.5795,US,4,"Beijing, Beijing, China",CH,CH22,13001,39.9289,116.388,-1898541,20191218021500,Engage in material cooperation,Material cooperation
893652932,20191211,201912,USA,THE US,USA,,,,,,,,CHN,BEIJING,CHN,,,,,,,,1,025,025,02,1,-0.3,10,1,10,-2.59740259740259,4,"Taipei, T'ai-pei, Taiwan",TW,TW03,13277,25.0478,121.532,-2637882,4,"Beijing, Beijing, China",CH,CH22,13001,39.9289,116.388,-1898541,4,"Beijing, Beijing, China",CH,CH22,13001,39.9289,116.388,-1898541,20191218023000,Appeal,Verbal cooperation
893654711,20191218,201912,USAGOV,UNITED STATES,USA,,,,,GOV,,,CHN,CHINA,CHN,,,,,,,,1,020,020,02,1,3.0,12,2,12,-2.60900366157567,3,"Washington, District of Columbia, United States",US,USDC,DC001,38.8951,-77.0364,531871,4,"Beijing, Beijing, China",CH,CH22,13001,39.9289,116.388,-1898541,4,"Beijing, Beijing, China",CH,CH22,13001,39.9289,116.388,-1898541,20191218023000,Appeal,Verbal cooperation
893654714,20191218,201912,USAGOV,UNITED STATES,USA,,,,,GOV,,,CHN,BEIJING,CHN,,,,,,,,1,036,036,03,1,4.0,16,2,16,-2.53459843183118,3,"Washington, District of Columbia, United States",US,USDC,DC001,38.8951,-77.0364,531871,4,"Beijing, Beijing, China",CH,CH22,13001,39.9289,116.388,-1898541,4,"Beijing, Beijing, China",CH,CH22,13001,39.9289,116.388,-1898541,20191218023000,Express intent to cooperate,Verbal cooperation
893661103,20191218,201912,CHN,CHINA,CHN,,,,,,,,USA,UNITED STATES,USA,,,,,,,,1,040,040,04,1,1.0,6,1,6,-5.26315789473684,1,China,CH,CH,,35.0,105.0,CH,2,"New York, United States",US,USNY,,42.1497,-74.9384,NY,1,France,FR,FR,,46.0,2.0,FR,20191218033000,Consult,Verbal cooperation
893661964,20191218,201912,USA,UNITED STATES,USA,,,,,,,,CHN,CHINA,CHN,,,,,,,,1,040,040,04,1,1.0,6,1,6,-5.26315789473684,2,"New York, United States",US,USNY,,42.1497,-74.9384,NY,1,China,CH,CH,,35.0,105.0,CH,1,France,FR,FR,,46.0,2.0,FR,20191218033000,Consult,Verbal cooperation
893666659,20191218,201912,USAGOV,US OFFICIAL,USA,,,,,GOV,,,CHN,TIBET,CHN,,,,,,,,1,051,051,05,1,3.4,10,1,10,5.64784053156146,5,"Tibet, Xizang, China",CH,CH14,13213,32.0,90.0,-1934604,5,"Tibet, Xizang, China",CH,CH14,13213,32.0,90.0,-1934604,5,"Tibet, Xizang, China",CH,CH14,13213,32.0,90.0,-1934604,20191218040000,Engage in diplomatic cooperation,Verbal cooperation
893668060,20191218,201912,USA,THE US,USA,,,,,,,,CHN,BEIJING,CHN,,,,,,,,1,036,036,03,1,4.0,8,1,8,-2.31481481481481,4,"Pyongyang, P'yongyang-si, North Korea",KN,KN12,39681,39.0194,125.755,-183459,4,"Beijing, Beijing, China",CH,CH22,13001,39.9289,116.388,-1898541,4,"Beijing, Beijing, China",CH,CH22,13001,39.9289,116.388,-1898541,20191218041500,Express intent to cooperate,Verbal cooperation
893672704,20191218,201912,CHN,CHINESE,CHN,,,,,,,,USA,AMERICAN,USA,,,,,,,,1,111,111,11,3,-2.0,7,1,7,-0.10810810810811,4,"Guangzhou, Guangdong, China",CH,CH30,13033,23.1167,113.25,-1907161,2,"New York, United States",US,USNY,,42.1497,-74.9384,NY,4,"Guangzhou, Guangdong, China",CH,CH30,13033,23.1167,113.25,-1907161,20191218050000,Disapprove,Verbal conflict
893674519,20191211,201912,CHN,CHINA,CHN,,,,,,,,USA,UNITED STATES,USA,,,,,,,,1,037,037,03,1,5.0,8,1,8,2.20588235294117,1,China,CH,CH,,35.0,105.0,CH,2,"Alabama, United States",US,USAL,,32.799,-86.8073,AL,1,China,CH,CH,,35.0,105.0,CH,20191218051500,Express intent to cooperate,Verbal cooperation
893674525,20191211,201912,USA,UNITED STATES,USA,,,,,,,,CHN,CHINA,CHN,,,,,,,,1,030,030,03,1,4.0,10,1,10,2.20588235294117,2,"Alabama, United States",US,USAL,,32.799,-86.8073,AL,2,"Alabama, United States",US,USAL,,32.799,-86.8073,AL,2,"Alabama, United States",US,USAL,,32.799,-86.8073,AL,20191218051500,Express intent to cooperate,Verbal cooperation
893674527,20191211,201912,USA,UNITED STATES,USA,,,,,,,,CHN,CHINA,CHN,,,,,,,,1,037,037,03,1,5.0,8,1,8,2.20588235294117,2,"Alabama, United States",US,USAL,,32.799,-86.8073,AL,1,China,CH,CH,,35.0,105.0,CH,1,China,CH,CH,,35.0,105.0,CH,20191218051500,Express intent to cooperate,Verbal cooperation
893676285,20191218,201912,CHN,CHINA,CHN,,,,,,,,USA,HOUSTON,USA,,,,,,,,1,043,043,04,1,2.8,10,1,10,2.20338983050847,4,"Shanghai, Shanghai, China",CH,CH23,13243,31.2222,121.458,-1924465,3,"Houston, Texas, United States",US,USTX,TX201,29.7633,-95.3633,1380948,3,"Houston, Texas, United States",US,USTX,TX201,29.7633,-95.3633,1380948,20191218053000,Consult,Verbal cooperation
893677135,20191218,201912,USA,HOUSTON,USA,,,,,,,,CHN,CHINA,CHN,,,,,,,,1,042,042,04,1,1.9,10,1,10,2.20338983050847,4,"Zhuji, Zhejiang, China",CH,CH02,13324,29.7188,120.242,-1939610,4,"Zhuji, Zhejiang, China",CH,CH02,13324,29.7188,120.242,-1939610,4,"Zhuji, Zhejiang, China",CH,CH02,13324,29.7188,120.242,-1939610,20191218053000,Consult,Verbal cooperation
893679261,20191218,201912,USA,THE US,USA,,,,,,,,CHN,CHINESE,CHN,,,,,,,,1,172,172,17,4,-5.0,10,1,10,0.0801924619085801,4,"Liuhe, Sichuan, China",CH,CH32,13261,32.1988,105.059,10334428,4,"Liuhe, Sichuan, China",CH,CH32,13261,32.1988,105.059,10334428,4,"Liuhe, Sichuan, China",CH,CH32,13261,32.1988,105.059,10334428,20191218054500,Coerce,Material conflict
893686115,20191218,201912,CHN,CHINA,CHN,,,,,,,,USAMED,REUTERS,USA,,,,,MED,,,1,046,046,04,1,7.0,10,1,10,-0.471698113207546,1,China,CH,CH,,35.0,105.0,CH,5,"Kashmir, Jammu and Kashmir, India",IN,IN12,72809,33.9167,76.6667,-2098229,1,China,CH,CH,,35.0,105.0,CH,20191218064500,Consult,Verbal cooperation
893687052,20191218,201912,USAMED,REUTERS,USA,,,,,MED,,,CHN,CHINA,CHN,,,,,,,,1,046,046,04,1,7.0,10,1,10,-0.471698113207546,4,"New Delhi, Delhi, India",IN,IN07,17911,28.6,77.2,-2106102,4,"New Delhi, Delhi, India",IN,IN07,17911,28.6,77.2,-2106102,4,"New Delhi, Delhi, India",IN,IN07,17911,28.6,77.2,-2106102,20191218064500,Consult,Verbal cooperation
893689204,20191218,201912,USAMED,ASSOCIATED PRESS,USA,,,,,MED,,,CHN,BEIJING,CHN,,,,,,,,1,070,070,07,2,7.0,13,2,13,-3.13128508074357,3,"Las Vegas, Nevada, United States",US,USNV,NV003,36.175,-115.137,847388,4,"Beijing, Beijing, China",CH,CH22,13001,39.9289,116.388,-1898541,4,"Beijing, Beijing, China",CH,CH22,13001,39.9289,116.388,-1898541,20191218070000,Provide aid,Material cooperation
893690812,20191218,201912,CHN,CHINESE,CHN,,,,,,,,USAMED,REUTERS,USA,,,,,MED,,,1,013,013,01,1,0.4,16,2,16,-2.52378203013308,4,"Shanghai, Shanghai, China",CH,CH23,13243,31.2222,121.458,-1924465,4,"Shanghai, Shanghai, China",CH,CH23,13243,31.2222,121.458,-1924465,4,"Shanghai, Shanghai, China",CH,CH23,13243,31.2222,121.458,-1924465,20191218071500,Make public statement,Verbal cooperation
893692028,20191218,201912,CHN,CHINA,CHN,,,,,,,,USA,HOUSTON,USA,,,,,,,,1,046,046,04,1,7.0,10,1,10,4.74683544303798,4,"Hangzhou, Zhejiang, China",CH,CH02,13319,30.2553,120.169,-1908366,3,"Houston, Texas, United States",US,USTX,TX201,29.7633,-95.3633,1380948,4,"Hangzhou, Zhejiang, China",CH,CH02,13319,30.2553,120.169,-1908366,20191218073000,Consult,Verbal cooperation
893692029,20191218,201912,CHN,CHINESE,CHN,,,,,,,,USAEDU,WASHINGTON,USA,,,,,EDU,,,1,042,042,04,1,1.9,8,1,8,1.9108280254777,4,"Beijing, Beijing, China",CH,CH22,13001,39.9289,116.388,-1898541,4,"Beijing, Beijing, China",CH,CH22,13001,39.9289,116.388,-1898541,4,"Beijing, Beijing, China",CH,CH22,13001,39.9289,116.388,-1898541,20191218073000,Consult,Verbal cooperation
893692865,20191218,201912,USA,WASHINGTON,USA,,,,,,,,CHN,BEIJING,CHN,,,,,,,,1,036,036,03,1,4.0,6,1,6,1.78571428571429,4,"Beijing, Beijing, China",CH,CH22,13001,39.9289,116.388,-1898541,1,South Korea,KS,KS,,37.0,127.5,KS,1,South Korea,KS,KS,,37.0,127.5,KS,20191218073000,Express intent to cooperate,Verbal cooperation
893692868,20191218,201912,USA,HOUSTON,USA,,,,,,,,CHN,CHINA,CHN,,,,,,,,1,046,046,04,1,7.0,10,1,10,4.74683544303798,3,"Houston, Texas, United States",US,USTX,TX201,29.7633,-95.3633,1380948,4,"Hangzhou, Zhejiang, China",CH,CH02,13319,30.2553,120.169,-1908366,4,"Hangzhou, Zhejiang, China",CH,CH02,13319,30.2553,120.169,-1908366,20191218073000,Consult,Verbal cooperation
893692986,20191218,201912,USABUS,HOUSTON,USA,,,,,BUS,,,CHN,CHINA,CHN,,,,,,,,1,051,051,05,1,3.4,6,1,6,4.74683544303798,4,"Shanghai, Shanghai, China",CH,CH23,13243,31.2222,121.458,-1924465,4,"Shanghai, Shanghai, China",CH,CH23,13243,31.2222,121.458,-1924465,4,"Shanghai, Shanghai, China",CH,CH23,13243,31.2222,121.458,-1924465,20191218073000,Engage in diplomatic cooperation,Verbal cooperation
893692995,20191218,201912,USAEDU,WASHINGTON,USA,,,,,EDU,,,CHN,CHINESE,CHN,,,,,,,,1,043,043,04,1,2.8,8,1,8,1.9108280254777,4,"Peking, Beijing, China",CH,CH22,13001,39.9289,116.388,-1898541,4,"Guangdong, Jilin, China",CH,CH05,13176,42.7683,129.336,10884162,4,"Peking, Beijing, China",CH,CH22,13001,39.9289,116.388,-1898541,20191218073000,Consult,Verbal cooperation
893697182,20191218,201912,USAGOV,THE US,USA,,,,,GOV,,,CHN,CHINA,CHN,,,,,,,,1,046,046,04,1,7.0,10,1,10,-1.6,4,"Dahua, Jiangsu, China",CH,CH04,13144,31.2849,118.728,10511986,4,"Dahua, Jiangsu, China",CH,CH04,13144,31.2849,118.728,10511986,4,"Dahua, Jiangsu, China",CH,CH04,13144,31.2849,118.728,10511986,20191218080000,Consult,Verbal cooperation
893697183,20191218,201912,USAGOV,THE US,USA,,,,,GOV,,,CHN,CHINA,CHN,,,,,,,,1,061,061,06,2,6.4,10,1,10,-1.6,4,"Dahua, Jiangsu, China",CH,CH04,13144,31.2849,118.728,10511986,4,"Dahua, Jiangsu, China",CH,CH04,13144,31.2849,118.728,10511986,4,"Dahua, Jiangsu, China",CH,CH04,13144,31.2849,118.728,10511986,20191218080000,Engage in material cooperation,Material cooperation
893710962,20191218,201912,CHN,CHINA,CHN,,,,,,,,USA,NEW YORK,USA,,,,,,,,1,040,040,04,1,1.0,8,1,8,0.19305019305019,4,"Beijing, Beijing, China",CH,CH22,13001,39.9289,116.388,-1898541,2,"New York, United States",US,USNY,,42.1497,-74.9384,NY,4,"Beijing, Beijing, China",CH,CH22,13001,39.9289,116.388,-1898541,20191218093000,Consult,Verbal cooperation
893710963,20191218,201912,CHN,CHINA,CHN,,,,,,,,USA,UNITED STATES,USA,,,,,,,,1,050,050,05,1,3.5,10,1,10,2.0611473720371,4,"Tokyo, Tokyo, Japan",JA,JA40,36340,35.685,139.751,-246227,4,"Tokyo, Tokyo, Japan",JA,JA40,36340,35.685,139.751,-246227,4,"Beijing, Beijing, China",CH,CH22,13001,39.9289,116.388,-1898541,20191218093000,Engage in diplomatic cooperation,Verbal cooperation
893710964,20191218,201912,CHN,CHINA,CHN,,,,,,,,USA,THE US,USA,,,,,,,,1,057,057,05,1,8.0,10,1,10,-2.38095238095238,1,China,CH,CH,,35.0,105.0,CH,1,China,CH,CH,,35.0,105.0,CH,1,China,CH,CH,,35.0,105.0,CH,20191218093000,Engage in diplomatic cooperation,Verbal cooperation
893712195,20191218,201912,USA,NEW YORK,USA,,,,,,,,CHN,CHINA,CHN,,,,,,,,1,040,040,04,1,1.0,7,1,7,0.19305019305019,4,"Ladakh, Jammu and Kashmir, India",IN,IN12,72785,34.5,77.5,-2102224,4,"Ladakh, Jammu and Kashmir, India",IN,IN12,72785,34.5,77.5,-2102224,4,"Ladakh, Jammu and Kashmir, India",IN,IN12,72785,34.5,77.5,-2102224,20191218093000,Consult,Verbal cooperation
893712197,20191218,201912,USA,UNITED STATES,USA,,,,,,,,CHN,CHINA,CHN,,,,,,,,1,050,050,05,1,3.5,8,1,8,2.0611473720371,3,"Washington, District of Columbia, United States",US,USDC,DC001,38.8951,-77.0364,531871,4,"Diaoyu, Liaoning, China",CH,CH19,13188,42.8333,124.633,-1903386,4,"Tokyo, Tokyo, Japan",JA,JA40,36340,35.685,139.751,-246227,20191218093000,Engage in diplomatic cooperation,Verbal cooperation
893712200,20191218,201912,USA,THE US,USA,,,,,,,,CHN,CHINA,CHN,,,,,,,,1,057,057,05,1,8.0,10,1,10,-2.38095238095238,1,China,CH,CH,,35.0,105.0,CH,1,China,CH,CH,,35.0,105.0,CH,1,China,CH,CH,,35.0,105.0,CH,20191218093000,Engage in diplomatic cooperation,Verbal cooperation
893713863,20191218,201912,USA,THE US,USA,,,,,,,,CHN,CHINA,CHN,,,,,,,,1,057,057,05,1,8.0,10,1,10,-1.50375939849624,1,Germany,GM,GM,,51.5,10.5,GM,1,Germany,GM,GM,,51.5,10.5,GM,1,Germany,GM,GM,,51.5,10.5,GM,20191218094500,Engage in diplomatic cooperation,Verbal cooperation
893715235,20191218,201912,CHN,CHINA,CHN,,,,,,,,USA,UNITED STATES,USA,,,,,,,,1,010,010,01,1,0.0,6,1,6,-0.75301204819277,4,"Xinjiang, Jiangxi, China",CH,CH03,13167,27.7481,116.274,11065838,1,United States,US,US,,39.828175,-98.5795,US,4,"Xinjiang, Jiangxi, China",CH,CH03,13167,27.7481,116.274,11065838,20191218100000,Make public statement,Verbal cooperation
893715237,20191218,201912,CHN,CHINA,CHN,,,,,,,,USA,THE US,USA,,,,,,,,1,051,051,05,1,3.4,10,1,10,-0.78226857887875,1,Hong Kong,HK,HK,,22.25,114.166667,HK,1,Hong Kong,HK,HK,,22.25,114.166667,HK,1,Hong Kong,HK,HK,,22.25,114.166667,HK,20191218100000,Engage in diplomatic cooperation,Verbal cooperation
893716330,20191218,201912,USA,UNITED STATES,USA,,,,,,,,CHN,CHINA,CHN,,,,,,,,1,010,010,01,1,0.0,8,1,8,-0.75301204819277,1,Ecuador,EC,EC,,-2.0,-77.5,EC,1,Ecuador,EC,EC,,-2.0,-77.5,EC,1,Ecuador,EC,EC,,-2.0,-77.5,EC,20191218100000,Make public statement,Verbal cooperation
893731328,20191218,201912,MNCUSAMED,GOOGLE,USA,,,,,MNC,MED,,CHN,CHINA,CHN,,,,,,,,1,051,051,05,1,3.4,10,1,10,0.25906735751296,4,"Paris, France (general), France",FR,FR00,16282,48.8667,2.33333,-1456928,4,"Paris, France (general), France",FR,FR00,16282,48.8667,2.33333,-1456928,4,"Paris, France (general), France",FR,FR00,16282,48.8667,2.33333,-1456928,20191218113000,Engage in diplomatic cooperation,Verbal cooperation
893731648,20191218,201912,USA,AMERICAN,USA,,,,,,,,CHN,CHINA,CHN,,,,,,,,1,190,190,19,4,-10.0,6,1,6,-0.65019505851755,3,"White House, District of Columbia, United States",US,USDC,,38.8951,-77.0364,531871,3,"White House, District of Columbia, United States",US,USDC,,38.8951,-77.0364,531871,3,"White House, District of Columbia, United States",US,USDC,,38.8951,-77.0364,531871,20191218113000,Fight,Material conflict
893734683,20191218,201912,USAMED,REUTERS,USA,,,,,MED,,,CHN,CHINA,CHN,,,,,,,,1,051,051,05,1,3.4,10,1,10,2.54237288135593,4,"Hebei, Jilin, China",CH,CH05,13176,43.0999,129.768,10869701,4,"Beijing, Beijing, China",CH,CH22,13001,39.9289,116.388,-1898541,4,"Beijing, Beijing, China",CH,CH22,13001,39.9289,116.388,-1898541,20191218114500,Engage in diplomatic cooperation,Verbal cooperation
893738782,20191218,201912,CHN,CHINESE,CHN,,,,,,,,USA,THE US,USA,,,,,,,,1,030,030,03,1,4.0,7,1,7,-2.43243243243243,1,United Kingdom,UK,UK,,54.0,-4.0,UK,1,United Kingdom,UK,UK,,54.0,-4.0,UK,1,United Kingdom,UK,UK,,54.0,-4.0,UK,20191218121500,Express intent to cooperate,Verbal cooperation
893750325,20191218,201912,CHN,CHINESE,CHN,,,,,,,,USAMED,REUTERS,USA,,,,,MED,,,1,173,173,17,4,-5.0,30,2,30,-1.55110642781876,4,"Xinjiang, Jiangxi, China",CH,CH03,13167,27.7481,116.274,11065838,4,"Xinjiang, Jiangxi, China",CH,CH03,13167,27.7481,116.274,11065838,4,"Xinjiang, Jiangxi, China",CH,CH03,13167,27.7481,116.274,11065838,20191218131500,Coerce,Material conflict
893751568,20191218,201912,USA,PEACH STATE,USA,,,,,,,,CHN,CANTON,CHN,,,,,,,,1,036,036,03,1,4.0,10,1,10,-1.15273775216138,2,"Tennessee, United States",US,USTN,,35.7449,-86.7489,TN,2,"Tennessee, United States",US,USTN,,35.7449,-86.7489,TN,2,"Tennessee, United States",US,USTN,,35.7449,-86.7489,TN,20191218131500,Express intent to cooperate,Verbal cooperation
893751569,20191218,201912,USA,THE US,USA,,,,,,,,CHN,CHINA,CHN,,,,,,,,1,043,043,04,1,2.8,10,1,10,1.37142857142857,4,"Beijing, Beijing, China",CH,CH22,13001,39.9289,116.388,-1898541,4,"Beijing, Beijing, China",CH,CH22,13001,39.9289,116.388,-1898541,4,"Beijing, Beijing, China",CH,CH22,13001,39.9289,116.388,-1898541,20191218131500,Consult,Verbal cooperation
893758064,20191218,201912,CHNJUD,CANTON,CHN,,,,,JUD,,,USA,OHIO,USA,,,,,,,,1,042,042,04,1,1.9,10,1,10,-4.62962962962963,0,,,,,,,,0,,,,,,,,0,,,,,,,,20191218134500,Consult,Verbal cooperation
893759315,20191218,201912,USA,OHIO,USA,,,,,,,,CHNJUD,CANTON,CHN,,,,,JUD,,,1,043,043,04,1,2.8,10,1,10,-4.62962962962963,0,,,,,,,,0,,,,,,,,0,,,,,,,,20191218134500,Consult,Verbal cooperation
893759848,20191218,201912,CHN,CHINA,CHN,,,,,,,,USA,THE US,USA,,,,,,,,1,030,030,03,1,4.0,10,1,10,-0.33407572383074,4,"Qinghai, Guizhou, China",CH,CH18,13069,25.8083,106.075,-3836054,4,"Qinghai, Guizhou, China",CH,CH18,13069,25.8083,106.075,-3836054,4,"Qinghai, Guizhou, China",CH,CH18,13069,25.8083,106.075,-3836054,20191218140000,Express intent to cooperate,Verbal cooperation
893759849,20191218,201912,CHN,CHINA,CHN,,,,,,,,USA,THE US,USA,,,,,,,,1,057,057,05,1,8.0,10,1,10,-0.33407572383074,4,"Peking, Beijing, China",CH,CH22,13001,39.9289,116.388,-1898541,4,"Peking, Beijing, China",CH,CH22,13001,39.9289,116.388,-1898541,4,"Peking, Beijing, China",CH,CH22,13001,39.9289,116.388,-1898541,20191218140000,Engage in diplomatic cooperation,Verbal cooperation
893760973,20191218,201912,USA,THE US,USA,,,,,,,,CHN,CHINA,CHN,,,,,,,,1,030,030,03,1,4.0,10,1,10,-0.33407572383074,4,"Qinghai, Guizhou, China",CH,CH18,13069,25.8083,106.075,-3836054,4,"Qinghai, Guizhou, China",CH,CH18,13069,25.8083,106.075,-3836054,4,"Qinghai, Guizhou, China",CH,CH18,13069,25.8083,106.075,-3836054,20191218140000,Express intent to cooperate,Verbal cooperation
893760974,20191218,201912,USA,THE US,USA,,,,,,,,CHN,CHINA,CHN,,,,,,,,1,057,057,05,1,8.0,10,1,10,-0.33407572383074,4,"Qinghai, Guizhou, China",CH,CH18,13069,25.8083,106.075,-3836054,4,"Qinghai, Guizhou, China",CH,CH18,13069,25.8083,106.075,-3836054,4,"Qinghai, Guizhou, China",CH,CH18,13069,25.8083,106.075,-3836054,20191218140000,Engage in diplomatic cooperation,Verbal cooperation
893762606,20191218,201912,CHNBUS,CHINESE,CHN,,,,,BUS,,,USA,WASHINGTON,USA,,,,,,,,1,195,195,19,4,-10.0,6,1,6,-1.24760076775432,4,"Shenzhen, Guangdong, China",CH,CH30,13036,22.2,111.117,-1925267,3,"Washington, District of Columbia, United States",US,USDC,DC001,38.8951,-77.0364,531871,4,"Shenzhen, Guangdong, China",CH,CH30,13036,22.2,111.117,-1925267,20191218141500,Fight,Material conflict
893763528,20191218,201912,USA,WASHINGTON,USA,,,,,,,,CHN,CHINA,CHN,,,,,,,,1,090,090,09,2,-2.0,8,1,8,-1.24760076775432,3,"Washington, District of Columbia, United States",US,USDC,DC001,38.8951,-77.0364,531871,4,"Shenzhen, Guangdong, China",CH,CH30,13036,22.2,111.117,-1925267,4,"Shenzhen, Guangdong, China",CH,CH30,13036,22.2,111.117,-1925267,20191218141500,Investigate,Material cooperation
893766223,20191218,201912,CHN,CHINA,CHN,,,,,,,,USA,UNITED STATES,USA,,,,,,,,1,090,090,09,2,-2.0,6,1,6,1.4388489208633,1,China,CH,CH,,35.0,105.0,CH,1,United States,US,US,,39.828175,-98.5795,US,1,United States,US,US,,39.828175,-98.5795,US,20191218143000,Investigate,Material cooperation
893770465,20191218,201912,USA,THE US,USA,,,,,,,,CHN,CHINA,CHN,,,,,,,,1,030,030,03,1,4.0,10,1,10,1.69491525423729,1,China,CH,CH,,35.0,105.0,CH,1,China,CH,CH,,35.0,105.0,CH,1,China,CH,CH,,35.0,105.0,CH,20191218144500,Express intent to cooperate,Verbal cooperation
893771272,20191218,201912,CHN,CHINESE,CHN,,,,,,,,MNCUSAMED,GOOGLE,USA,,,,,MNC,MED,,1,090,090,09,2,-2.0,8,1,8,0.99403578528827,4,"Beijing, Beijing, China",CH,CH22,13001,39.9289,116.388,-1898541,4,"Beijing, Beijing, China",CH,CH22,13001,39.9289,116.388,-1898541,4,"Beijing, Beijing, China",CH,CH22,13001,39.9289,116.388,-1898541,20191218150000,Investigate,Material cooperation
893773303,20191218,201912,USAMED,REUTERS,USA,,,,,MED,,,CHN,BEIJING,CHN,,,,,,,,1,172,172,17,4,-5.0,10,1,10,-3.19634703196348,4,"Xinjiang, Jiangxi, China",CH,CH03,13167,27.7481,116.274,11065838,4,"Beijing, Beijing, China",CH,CH22,13001,39.9289,116.388,-1898541,4,"Beijing, Beijing, China",CH,CH22,13001,39.9289,116.388,-1898541,20191218150000,Coerce,Material conflict
893781149,20191218,201912,MNCUSAMED,GOOGLE,USA,,,,,MNC,MED,,CHN,CHINESE,CHN,,,,,,,,1,010,010,01,1,0.0,8,1,8,-0.0877963125548802,1,Turkey,TU,TU,,39.059012,34.911546,TU,1,Turkey,TU,TU,,39.059012,34.911546,TU,1,Turkey,TU,TU,,39.059012,34.911546,TU,20191218154500,Make public statement,Verbal cooperation
893784079,20191218,201912,USA,CHICAGO,USA,,,,,,,,CHNOPP,TIBET,CHN,,,,,OPP,,,1,051,051,05,1,3.4,10,1,10,0.0,3,"Chicago, Illinois, United States",US,USIL,IL031,41.85,-87.6501,423587,3,"Chicago, Illinois, United States",US,USIL,IL031,41.85,-87.6501,423587,3,"Chicago, Illinois, United States",US,USIL,IL031,41.85,-87.6501,423587,20191218160000,Engage in diplomatic cooperation,Verbal cooperation
893784080,20191218,201912,USA,CHICAGO,USA,,,,,,,,CHNOPP,TIBET,CHN,,,,,OPP,,,1,141,141,14,3,-6.5,10,1,10,0.0,3,"Chicago, Illinois, United States",US,USIL,IL031,41.85,-87.6501,423587,3,"Chicago, Illinois, United States",US,USIL,IL031,41.85,-87.6501,423587,3,"Chicago, Illinois, United States",US,USIL,IL031,41.85,-87.6501,423587,20191218160000,Protest,Verbal conflict
893788019,20191218,201912,USA,UNITED STATES,USA,,,,,,,,CHN,CHINA,CHN,,,,,,,,1,190,190,19,4,-10.0,6,1,6,-2.79835390946502,4,"Xinjiang, Jiangxi, China",CH,CH03,13167,27.7481,116.274,11065838,4,"Xinjiang, Jiangxi, China",CH,CH03,13167,27.7481,116.274,11065838,4,"Xinjiang, Jiangxi, China",CH,CH03,13167,27.7481,116.274,11065838,20191218161500,Fight,Material conflict
893788020,20191218,201912,USA,UNITED STATES,USA,,,,,,,,CHNGOV,CHINA,CHN,,,,,GOV,,,1,090,090,09,2,-2.0,6,1,6,-2.34604105571847,4,"Warsaw, (PL67), Poland",PL,PL67,24452,52.25,21.0,-534433,4,"Warsaw, (PL67), Poland",PL,PL67,24452,52.25,21.0,-534433,4,"Warsaw, (PL67), Poland",PL,PL67,24452,52.25,21.0,-534433,20191218161500,Investigate,Material cooperation
893792539,20191218,201912,CHN,CHINA,CHN,,,,,,,,USA,UNITED STATES,USA,,,,,,,,1,061,061,06,2,6.4,10,1,10,1.78041543026706,1,China,CH,CH,,35.0,105.0,CH,1,United States,US,US,,39.828175,-98.5795,US,1,China,CH,CH,,35.0,105.0,CH,20191218164500,Engage in material cooperation,Material cooperation
893801206,20191218,201912,CHN,CHINESE,CHN,,,,,,,,USA,LOS ANGELES,USA,,,,,,,,1,051,051,05,1,3.4,10,1,10,2.10876803551609,3,"Serra Park, California, United States",US,USCA,CA059,33.5128,-117.663,1765860,3,"Serra Park, California, United States",US,USCA,,33.5128,-117.663,1765860,3,"Serra Park, California, United States",US,USCA,,33.5128,-117.663,1765860,20191218173000,Engage in diplomatic cooperation,Verbal cooperation
893804629,20191218,201912,USA,WASHINGTON,USA,,,,,,,,CHN,BEIJING,CHN,,,,,,,,1,010,010,01,1,0.0,6,1,6,1.13314447592068,3,"Washington, District of Columbia, United States",US,USDC,DC001,38.8951,-77.0364,531871,4,"Beijing, Beijing, China",CH,CH22,13001,39.9289,116.388,-1898541,4,"Beijing, Beijing, China",CH,CH22,13001,39.9289,116.388,-1898541,20191218174500,Make public statement,Verbal cooperation
893804636,20191218,201912,USA,THE US,USA,,,,,,,,CHNGOV,CHINESE,CHN,,,,,GOV,,,1,020,020,02,1,3.0,7,1,7,-5.63583815028902,1,France,FR,FR,,46.0,2.0,FR,4,"Xinjiang, Jiangxi, China",CH,CH03,13167,27.7481,116.274,11065838,1,Germany,GM,GM,,51.5,10.5,GM,20191218174500,Appeal,Verbal cooperation
893815908,20191218,201912,CHN,CHINA,CHN,,,,,,,,USA,THE US,USA,,,,,,,,1,040,040,04,1,1.0,10,1,10,3.7122969837587,1,China,CH,CH,,35.0,105.0,CH,1,China,CH,CH,,35.0,105.0,CH,1,China,CH,CH,,35.0,105.0,CH,20191218184500,Consult,Verbal cooperation
893816750,20191218,201912,MNCUSA,DISNEY,USA,,,,,MNC,,,CHN,BEIJING,CHN,,,,,,,,1,1721,172,17,4,-5.0,8,1,8,-2.10526315789474,4,"Beijing, Beijing, China",CH,CH22,13001,39.9289,116.388,-1898541,4,"Beijing, Beijing, China",CH,CH22,13001,39.9289,116.388,-1898541,4,"Beijing, Beijing, China",CH,CH22,13001,39.9289,116.388,-1898541,20191218184500,Coerce,Material conflict
893817090,20191218,201912,USA,THE US,USA,,,,,,,,CHN,CHINA,CHN,,,,,,,,1,040,040,04,1,1.0,8,1,8,3.7122969837587,3,"Washington, District of Columbia, United States",US,USDC,DC001,38.8951,-77.0364,531871,3,"Washington, District of Columbia, United States",US,USDC,DC001,38.8951,-77.0364,531871,3,"Washington, District of Columbia, United States",US,USDC,DC001,38.8951,-77.0364,531871,20191218184500,Consult,Verbal cooperation
893821226,20191218,201912,CHN,CHINA,CHN,,,,,,,,USA,UNITED STATES,USA,,,,,,,,1,0311,031,03,1,5.2,10,1,10,-1.87845303867403,2,"California, United States",US,USCA,,36.17,-119.746,CA,2,"California, United States",US,USCA,,36.17,-119.746,CA,2,"California, United States",US,USCA,,36.17,-119.746,CA,20191218191500,Express intent to cooperate,Verbal cooperation
893822579,20191218,201912,USA,UNITED STATES,USA,,,,,,,,CHN,CHINA,CHN,,,,,,,,1,0311,031,03,1,5.2,8,1,8,-1.87845303867403,2,"California, United States",US,USCA,,36.17,-119.746,CA,1,China,CH,CH,,35.0,105.0,CH,2,"California, United States",US,USCA,,36.17,-119.746,CA,20191218191500,Express intent to cooperate,Verbal cooperation
893824248,20191218,201912,USA,UNITED STATES,USA,,,,,,,,CHN,CHINA,CHN,,,,,,,,1,061,061,06,2,6.4,10,1,10,-1.78326474622771,1,United States,US,US,,39.828175,-98.5795,US,1,China,CH,CH,,35.0,105.0,CH,1,United States,US,US,,39.828175,-98.5795,US,20191218193000,Engage in material cooperation,Material cooperation
893828967,20191218,201912,CHN,CHINA,CHN,,,,,,,,MNCUSA,NVIDIA,USA,,,,,MNC,,,1,060,060,06,2,6.0,40,3,40,3.32513803206902,4,"Guangzhou, Guangdong, China",CH,CH30,13033,23.1167,113.25,-1907161,4,"Guangzhou, Guangdong, China",CH,CH30,13033,23.1167,113.25,-1907161,4,"Guangzhou, Guangdong, China",CH,CH30,13033,23.1167,113.25,-1907161,20191218200000,Engage in material cooperation,Material cooperation
893833989,20191218,201912,CHN,CHINA,CHN,,,,,,,,MNCUSA,NVIDIA,USA,,,,,MNC,,,1,060,060,06,2,6.0,8,1,8,3.515625,4,"Guangzhou, Guangdong, China",CH,CH30,13033,23.1167,113.25,-1907161,4,"Xiaomi, Fujian, China",CH,CH07,13163,25.2225,116.057,10999868,4,"Guangzhou, Guangdong, China",CH,CH30,13033,23.1167,113.25,-1907161,20191218203000,Engage in material cooperation,Material cooperation
893842138,20191118,201911,CHN,CHINA,CHN,,,,,,,,USAMED,REUTERS,USA,,,,,MED,,,1,010,010,01,1,0.0,10,1,10,-1.59362549800796,1,China,CH,CH,,35.0,105.0,CH,1,China,CH,CH,,35.0,105.0,CH,1,China,CH,CH,,35.0,105.0,CH,20191218213000,Make public statement,Verbal cooperation
893844817,20191218,201912,CHN,CHINESE,CHN,,,,,,,,USA,NEW YORK,USA,,,,,,,,1,080,080,08,2,5.0,10,1,10,-0.14306151645208,4,"Beijing, Beijing, China",CH,CH22,13001,39.9289,116.388,-1898541,4,"Beijing, Beijing, China",CH,CH22,13001,39.9289,116.388,-1898541,4,"Beijing, Beijing, China",CH,CH22,13001,39.9289,116.388,-1898541,20191218214500,Yield,Material cooperation
893848964,20191218,201912,CHN,CHINA,CHN,,,,,,,,USAGOV,THE US,USA,,,,,GOV,,,1,0311,031,03,1,5.2,10,1,10,-1.62162162162162,3,"Philadelphia, Pennsylvania, United States",US,USPA,PA101,39.9523,-75.1638,1209052,3,"Philadelphia, Pennsylvania, United States",US,USPA,PA101,39.9523,-75.1638,1209052,3,"Philadelphia, Pennsylvania, United States",US,USPA,PA101,39.9523,-75.1638,1209052,20191218221500,Express intent to cooperate,Verbal cooperation
893848965,20191218,201912,CHN,CHINA,CHN,,,,,,,,USAGOV,THE US,USA,,,,,GOV,,,1,046,046,04,1,7.0,10,1,10,-1.62162162162162,1,China,CH,CH,,35.0,105.0,CH,3,"Chicago, Illinois, United States",US,USIL,IL031,41.85,-87.6501,423587,3,"Chicago, Illinois, United States",US,USIL,IL031,41.85,-87.6501,423587,20191218221500,Consult,Verbal cooperation
893848966,20191218,201912,CHN,CHINA,CHN,,,,,,,,USAGOV,THE US,USA,,,,,GOV,,,1,051,051,05,1,3.4,10,1,10,-1.62162162162162,1,China,CH,CH,,35.0,105.0,CH,3,"Chicago, Illinois, United States",US,USIL,IL031,41.85,-87.6501,423587,3,"Chicago, Illinois, United States",US,USIL,IL031,41.85,-87.6501,423587,20191218221500,Engage in diplomatic cooperation,Verbal cooperation
893850194,20191218,201912,USAGOV,THE US,USA,,,,,GOV,,,CHN,CHINA,CHN,,,,,,,,1,046,046,04,1,7.0,10,1,10,-1.62162162162162,3,"Chicago, Illinois, United States",US,USIL,IL031,41.85,-87.6501,423587,1,China,CH,CH,,35.0,105.0,CH,3,"Chicago, Illinois, United States",US,USIL,IL031,41.85,-87.6501,423587,20191218221500,Consult,Verbal cooperation
893857709,20191218,201912,CHN,CHINA,CHN,,,,,,,,USA,DENVER,USA,,,,,,,,1,042,042,04,1,1.9,6,1,6,-0.8,3,"Denver, Colorado, United States",US,USCO,CO031,39.7392,-104.985,201738,3,"Denver, Colorado, United States",US,USCO,CO031,39.7392,-104.985,201738,3,"Denver, Colorado, United States",US,USCO,CO031,39.7392,-104.985,201738,20191218231500,Consult,Verbal cooperation
893857710,20191218,201912,CHN,CHINA,CHN,,,,,,,,USA,TAMPA,USA,,,,,,,,1,100,100,10,3,-5.0,10,1,10,-2.17391304347826,1,United States,US,US,,39.828175,-98.5795,US,1,United States,US,US,,39.828175,-98.5795,US,1,United States,US,US,,39.828175,-98.5795,US,20191218231500,Demand,Verbal conflict
893857712,20191218,201912,CHN,CHINA,CHN,,,,,,,,USA,UNITED STATES,USA,,,,,,,,1,130,130,13,3,-4.4,10,1,10,-6.33346051125524,3,"White House, District of Columbia, United States",US,USDC,,38.8951,-77.0364,531871,3,"White House, District of Columbia, United States",US,USDC,,38.8951,-77.0364,531871,3,"White House, District of Columbia, United States",US,USDC,,38.8951,-77.0364,531871,20191218231500,Threaten,Verbal conflict
893858703,20191218,201912,USA,DENVER,USA,,,,,,,,CHN,CHINA,CHN,,,,,,,,1,043,043,04,1,2.8,10,1,10,-0.8,3,"Denver, Colorado, United States",US,USCO,CO031,39.7392,-104.985,201738,3,"Denver, Colorado, United States",US,USCO,CO031,39.7392,-104.985,201738,3,"Denver, Colorado, United States",US,USCO,CO031,39.7392,-104.985,201738,20191218231500,Consult,Verbal cooperation
893862405,20191218,201912,USA,RICHMOND,USA,,,,,,,,CHN,CHINA,CHN,,,,,,,,1,051,051,05,1,3.4,10,1,10,-2.1978021978022,4,"Beijing, Beijing, China",CH,CH22,13001,39.9289,116.388,-1898541,4,"Beijing, Beijing, China",CH,CH22,13001,39.9289,116.388,-1898541,4,"Beijing, Beijing, China",CH,CH22,13001,39.9289,116.388,-1898541,20191218234500,Engage in diplomatic cooperation,Verbal cooperation
893863499,20191219,201912,CHN,CHINESE,CHN,,,,,,,,USA,AMERICAN,USA,,,,,,,,1,043,043,04,1,2.8,10,1,10,-1.5527950310559,4,"Sichuan, Gansu, China",CH,CH15,13024,35.1221,105.48,10650455,3,"Washington, District of Columbia, United States",US,USDC,DC001,38.8951,-77.0364,531871,3,"Washington, District of Columbia, United States",US,USDC,DC001,38.8951,-77.0364,531871,20191219000000,Consult,Verbal cooperation
893865639,20191219,201912,USA,AMERICAN,USA,,,,,,,,CHN,CHINESE,CHN,,,,,,,,1,042,042,04,1,1.9,10,1,10,-1.5527950310559,4,"Sichuan, Gansu, China",CH,CH15,13024,35.1221,105.48,10650455,4,"Sichuan, Gansu, China",CH,CH15,13024,35.1221,105.48,10650455,4,"Sichuan, Gansu, China",CH,CH15,13024,35.1221,105.48,10650455,20191219000000,Consult,Verbal cooperation
893870262,20191219,201912,USA,RICHMOND,USA,,,,,,,,CHN,CHINA,CHN,,,,,,,,1,051,051,05,1,3.4,10,1,10,-2.16216216216217,4,"Beijing, Beijing, China",CH,CH22,13001,39.9289,116.388,-1898541,4,"Beijing, Beijing, China",CH,CH22,13001,39.9289,116.388,-1898541,4,"Beijing, Beijing, China",CH,CH22,13001,39.9289,116.388,-1898541,20191219001500,Engage in diplomatic cooperation,Verbal cooperation
893870267,20191219,201912,USA,THE US,USA,,,,,,,,CHNBUS,CHINESE,CHN,,,,,BUS,,,1,130,130,13,3,-4.4,6,1,6,-4.83870967741936,1,China,CH,CH,,35.0,105.0,CH,1,China,CH,CH,,35.0,105.0,CH,1,China,CH,CH,,35.0,105.0,CH,20191219001500,Threaten,Verbal conflict
893874482,20191219,201912,USA,CHICAGO,USA,,,,,,,,CHNOPP,TIBET,CHN,,,,,OPP,,,1,051,051,05,1,3.4,10,1,10,-2.83018867924529,3,"Chicago, Illinois, United States",US,USIL,IL031,41.85,-87.6501,423587,3,"Chicago, Illinois, United States",US,USIL,IL031,41.85,-87.6501,423587,3,"Chicago, Illinois, United States",US,USIL,IL031,41.85,-87.6501,423587,20191219003000,Engage in diplomatic cooperation,Verbal cooperation
893874483,20191219,201912,USA,CHICAGO,USA,,,,,,,,CHNOPP,TIBET,CHN,,,,,OPP,,,1,141,141,14,3,-6.5,10,1,10,-2.83018867924529,3,"Chicago, Illinois, United States",US,USIL,IL031,41.85,-87.6501,423587,3,"Chicago, Illinois, United States",US,USIL,IL031,41.85,-87.6501,423587,3,"Chicago, Illinois, United States",US,USIL,IL031,41.85,-87.6501,423587,20191219003000,Protest,Verbal conflict
893876364,20191219,201912,CHN,CANTON,CHN,,,,,,,,USA,LOUISVILLE,USA,,,,,,,,1,014,014,01,1,0.0,10,1,10,-12.4463519313305,1,China,CH,CH,,35.0,105.0,CH,1,China,CH,CH,,35.0,105.0,CH,1,China,CH,CH,,35.0,105.0,CH,20191219004500,Make public statement,Verbal cooperation
893876365,20191219,201912,CHN,CANTON,CHN,,,,,,,,USA,LOUISVILLE,USA,,,,,,,,1,112,112,11,3,-2.0,10,1,10,-12.4463519313305,1,China,CH,CH,,35.0,105.0,CH,1,China,CH,CH,,35.0,105.0,CH,1,China,CH,CH,,35.0,105.0,CH,20191219004500,Disapprove,Verbal conflict
893903922,20191219,201912,USACOP,FLORIDA,USA,,,,,COP,,,CHN,CHINESE,CHN,,,,,,,,1,173,173,17,4,-5.0,6,1,6,-7.12166172106825,4,"Jing Lu, Zhejiang, China",CH,CH02,13324,29.7767,121.018,10562619,4,"Jing Lu, Zhejiang, China",CH,CH02,13324,29.7767,121.018,10562619,4,"Jing Lu, Zhejiang, China",CH,CH02,13324,29.7767,121.018,10562619,20191219031500,Coerce,Material conflict
893914750,20191219,201912,CHN,CHINESE,CHN,,,,,,,,USA,THE US,USA,,,,,,,,1,043,043,04,1,2.8,8,1,8,-7.6,4,"Beijing, Beijing, China",CH,CH22,13001,39.9289,116.388,-1898541,4,"Pyongyang, P'yongyang-si, North Korea",KN,KN12,39681,39.0194,125.755,-183459,4,"Beijing, Beijing, China",CH,CH22,13001,39.9289,116.388,-1898541,20191219044500,Consult,Verbal cooperation
893914753,20191219,201912,CHN,CHINESE,CHN,,,,,,,,USAGOV,UNITED STATES,USA,,,,,GOV,,,1,043,043,04,1,2.8,8,1,8,-5.51181102362205,4,"Beijing, Beijing, China",CH,CH22,13001,39.9289,116.388,-1898541,3,"Washington, District of Columbia, United States",US,USDC,DC001,38.8951,-77.0364,531871,4,"Beijing, Beijing, China",CH,CH22,13001,39.9289,116.388,-1898541,20191219044500,Consult,Verbal cooperation
893914754,20191219,201912,CHN,CHINESE,CHN,,,,,,,,USAMED,REUTERS,USA,,,,,MED,,,1,013,013,01,1,0.4,8,1,8,-2.51396648044692,5,"Shaanxi, Shaanxi, China",CH,CH26,13220,36.0,109.0,-1924159,5,"Shaanxi, Shaanxi, China",CH,CH26,13220,36.0,109.0,-1924159,5,"Shaanxi, Shaanxi, China",CH,CH26,13220,36.0,109.0,-1924159,20191219044500,Make public statement,Verbal cooperation
893915667,20191219,201912,USA,THE US,USA,,,,,,,,CHN,CHINESE,CHN,,,,,,,,1,042,042,04,1,1.9,8,1,8,-7.6,4,"Pyongyang, P'yongyang-si, North Korea",KN,KN12,39681,39.0194,125.755,-183459,4,"Beijing, Beijing, China",CH,CH22,13001,39.9289,116.388,-1898541,4,"Beijing, Beijing, China",CH,CH22,13001,39.9289,116.388,-1898541,20191219044500,Consult,Verbal cooperation
893915802,20191219,201912,USAGOV,UNITED STATES,USA,,,,,GOV,,,CHN,CHINESE,CHN,,,,,,,,1,042,042,04,1,1.9,8,1,8,-5.51181102362205,4,"Pyongyang, P'yongyang-si, North Korea",KN,KN12,39681,39.0194,125.755,-183459,4,"Pyongyang, P'yongyang-si, North Korea",KN,KN12,39681,39.0194,125.755,-183459,4,"Pyongyang, P'yongyang-si, North Korea",KN,KN12,39681,39.0194,125.755,-183459,20191219044500,Consult,Verbal cooperation
893916591,20191219,201912,CHN,CHINESE,CHN,,,,,,,,USAGOV,THE US,USA,,,,,GOV,,,1,043,043,04,1,2.8,8,1,8,-7.421875,1,China,CH,CH,,35.0,105.0,CH,4,"Pyongyang, P'yongyang-si, North Korea",KN,KN12,39681,39.0194,125.755,-183459,1,China,CH,CH,,35.0,105.0,CH,20191219050000,Consult,Verbal cooperation
893917671,20191219,201912,USAGOV,THE US,USA,,,,,GOV,,,CHN,CHINESE,CHN,,,,,,,,1,042,042,04,1,1.9,8,1,8,-7.421875,4,"Pyongyang, P'yongyang-si, North Korea",KN,KN12,39681,39.0194,125.755,-183459,1,China,CH,CH,,35.0,105.0,CH,1,China,CH,CH,,35.0,105.0,CH,20191219050000,Consult,Verbal cooperation
893919097,20191219,201912,CHN,CHINA,CHN,,,,,,,,USA,THE US,USA,,,,,,,,1,030,030,03,1,4.0,10,1,10,-0.28436018957346,1,China,CH,CH,,35.0,105.0,CH,1,China,CH,CH,,35.0,105.0,CH,1,China,CH,CH,,35.0,105.0,CH,20191219051500,Express intent to cooperate,Verbal cooperation
893920136,20191219,201912,USA,THE US,USA,,,,,,,,CHN,CHINA,CHN,,,,,,,,1,030,030,03,1,4.0,10,1,10,-0.28436018957346,1,China,CH,CH,,35.0,105.0,CH,1,China,CH,CH,,35.0,105.0,CH,1,China,CH,CH,,35.0,105.0,CH,20191219051500,Express intent to cooperate,Verbal cooperation
893922076,20191219,201912,USA,UNITED STATES,USA,,,,,,,,CHN,CHINA,CHN,,,,,,,,1,061,061,06,2,6.4,13,2,13,0.0810783419479077,2,"Iowa, United States",US,USIA,,42.0046,-93.214,IA,4,"Beijing, Beijing, China",CH,CH22,13001,39.9289,116.388,-1898541,2,"Iowa, United States",US,USIA,,42.0046,-93.214,IA,20191219053000,Engage in material cooperation,Material cooperation
893923036,20191219,201912,CHN,CHINA,CHN,,,,,,,,USA,CALIFORNIA,USA,,,,,,,,1,036,036,03,1,4.0,7,1,7,1.86915887850468,1,China,CH,CH,,35.0,105.0,CH,2,"California, United States",US,USCA,,36.17,-119.746,CA,2,"California, United States",US,USCA,,36.17,-119.746,CA,20191219054500,Express intent to cooperate,Verbal cooperation
893923553,20191219,201912,MNCUSA,COVANTA HOLDING CORPORATION,USA,,,,,MNC,,,CHN,CHINA,CHN,,,,,,,,1,030,030,03,1,4.0,10,1,10,1.31578947368421,4,"Beijing, Beijing, China",CH,CH22,13001,39.9289,116.388,-1898541,4,"Beijing, Beijing, China",CH,CH22,13001,39.9289,116.388,-1898541,4,"Beijing, Beijing, China",CH,CH22,13001,39.9289,116.388,-1898541,20191219054500,Express intent to cooperate,Verbal cooperation
893924906,20191219,201912,CHN,CHINESE,CHN,,,,,,,,USAGOV,THE US,USA,,,,,GOV,,,1,043,043,04,1,2.8,8,1,8,-3.60824742268041,4,"Beijing, Beijing, China",CH,CH22,13001,39.9289,116.388,-1898541,4,"Pyongyang, P'yongyang-si, North Korea",KN,KN12,39681,39.0194,125.755,-183459,4,"Beijing, Beijing, China",CH,CH22,13001,39.9289,116.388,-1898541,20191219060000,Consult,Verbal cooperation
893925911,20191219,201912,USAGOV,THE US,USA,,,,,GOV,,,CHN,CHINESE,CHN,,,,,,,,1,042,042,04,1,1.9,8,1,8,-3.60824742268041,4,"Pyongyang, P'yongyang-si, North Korea",KN,KN12,39681,39.0194,125.755,-183459,4,"Beijing, Beijing, China",CH,CH22,13001,39.9289,116.388,-1898541,4,"Beijing, Beijing, China",CH,CH22,13001,39.9289,116.388,-1898541,20191219060000,Consult,Verbal cooperation
893945244,20191219,201912,CHN,SHANGHAI,CHN,,,,,,,,USA,LOS ANGELES,USA,,,,,,,,1,080,080,08,2,5.0,10,1,10,-1.7910447761194,2,"California, United States",US,USCA,,36.17,-119.746,CA,2,"California, United States",US,USCA,,36.17,-119.746,CA,2,"California, United States",US,USCA,,36.17,-119.746,CA,20191219083000,Yield,Material cooperation
893945258,20191219,201912,CHNGOV,CHINESE,CHN,,,,,GOV,,,USA,UNITED STATES,USA,,,,,,,,1,112,112,11,3,-2.0,6,1,6,-3.43347639484978,4,"Beijing, Beijing, China",CH,CH22,13001,39.9289,116.388,-1898541,1,United States,US,US,,39.828175,-98.5795,US,4,"Beijing, Beijing, China",CH,CH22,13001,39.9289,116.388,-1898541,20191219083000,Disapprove,Verbal conflict
893950397,20191219,201912,USA,WASHINGTON,USA,,,,,,,,CHN,BEIJING,CHN,,,,,,,,1,030,030,03,1,4.0,12,2,12,-1.21848739495799,3,"Washington, District of Columbia, United States",US,USDC,DC001,38.8951,-77.0364,531871,4,"Beijing, Beijing, China",CH,CH22,13001,39.9289,116.388,-1898541,3,"Washington, District of Columbia, United States",US,USDC,DC001,38.8951,-77.0364,531871,20191219090000,Express intent to cooperate,Verbal cooperation
893953950,20191219,201912,CHN,CHINA,CHN,,,,,,,,USA,THE US,USA,,,,,,,,1,020,020,02,1,3.0,8,1,8,-0.83333333333333,4,"Beijing, Beijing, China",CH,CH22,13001,39.9289,116.388,-1898541,4,"Pyongyang, P'yongyang-si, North Korea",KN,KN12,39681,39.0194,125.755,-183459,4,"Beijing, Beijing, China",CH,CH22,13001,39.9289,116.388,-1898541,20191219093000,Appeal,Verbal cooperation
893953952,20191219,201912,CHN,CHINA,CHN,,,,,,,,USA,WASHINGTON,USA,,,,,,,,1,030,030,03,1,4.0,10,1,10,-0.34364261168385,1,India,IN,IN,,20.0,77.0,IN,1,India,IN,IN,,20.0,77.0,IN,1,India,IN,IN,,20.0,77.0,IN,20191219093000,Express intent to cooperate,Verbal cooperation
893953953,20191219,201912,CHN,CHINA,CHN,,,,,,,,USA,UNITED STATES,USA,,,,,,,,1,057,057,05,1,8.0,6,1,6,6.72268907563025,1,China,CH,CH,,35.0,105.0,CH,2,"Georgia, United States",US,USGA,,32.9866,-83.6487,GA,1,China,CH,CH,,35.0,105.0,CH,20191219093000,Engage in diplomatic cooperation,Verbal cooperation
893955127,20191219,201912,USA,UNITED STATES,USA,,,,,,,,CHN,CHINA,CHN,,,,,,,,1,057,057,05,1,8.0,6,1,6,6.72268907563025,2,"Georgia, United States",US,USGA,,32.9866,-83.6487,GA,2,"Georgia, United States",US,USGA,,32.9866,-83.6487,GA,2,"Georgia, United States",US,USGA,,32.9866,-83.6487,GA,20191219093000,Engage in diplomatic cooperation,Verbal cooperation
893955128,20191219,201912,USA,FLORIDA,USA,,,,,,,,CHN,CHINESE,CHN,,,,,,,,1,173,173,17,4,-5.0,10,1,10,-5.05836575875486,2,"New York, United States",US,USNY,,42.1497,-74.9384,NY,2,"New York, United States",US,USNY,,42.1497,-74.9384,NY,2,"New York, United States",US,USNY,,42.1497,-74.9384,NY,20191219093000,Coerce,Material conflict
893961476,20191219,201912,CHN,CHINA,CHN,,,,,,,,USA,AMERICAN,USA,,,,,,,,1,120,120,12,3,-4.0,6,1,6,-3.12075983717775,1,North Korea,KN,KN,,40.0,127.0,KN,1,North Korea,KN,KN,,40.0,127.0,KN,1,North Korea,KN,KN,,40.0,127.0,KN,20191219101500,Reject,Verbal conflict
893972889,20191219,201912,USA,AMERICAN,USA,,,,,,,,CHN,CHINA,CHN,,,,,,,,1,040,040,04,1,1.0,10,1,10,-6.73600792471521,4,"Wan Chai, Hong Kong (general), Hong Kong",HK,HK00,13031,22.1667,114.25,-1354524,4,"Wan Chai, Hong Kong (general), Hong Kong",HK,HK00,13031,22.1667,114.25,-1354524,4,"Wan Chai, Hong Kong (general), Hong Kong",HK,HK00,13031,22.1667,114.25,-1354524,20191219111500,Consult,Verbal cooperation
893981077,20191219,201912,USA,THE US,USA,,,,,,,,CHN,CHINA,CHN,,,,,,,,1,020,020,02,1,3.0,10,1,10,2.0746887966805,1,India,IN,IN,,20.0,77.0,IN,1,India,IN,IN,,20.0,77.0,IN,1,India,IN,IN,,20.0,77.0,IN,20191219120000,Appeal,Verbal cooperation
893986724,20191219,201912,USA,WASHINGTON,USA,,,,,,,,CHN,CHINESE,CHN,,,,,,,,1,160,160,16,4,-4.0,8,1,8,-1.13314447592068,3,"Washington, District of Columbia, United States",US,USDC,DC001,38.8951,-77.0364,531871,3,"Washington, District of Columbia, United States",US,USDC,DC001,38.8951,-77.0364,531871,3,"Washington, District of Columbia, United States",US,USDC,DC001,38.8951,-77.0364,531871,20191219123000,Reduce relations,Material conflict
893995038,20191219,201912,USA,NEW YORK,USA,,,,,,,,CHN,CHINA,CHN,,,,,,,,1,071,071,07,2,7.4,10,1,10,-0.84477296726504,1,China,CH,CH,,35.0,105.0,CH,1,China,CH,CH,,35.0,105.0,CH,1,China,CH,CH,,35.0,105.0,CH,20191219131500,Provide aid,Material cooperation
894002215,20191219,201912,CHN,CHINA,CHN,,,,,,,,USA,UNITED STATES,USA,,,,,,,,1,061,061,06,2,6.4,10,1,10,-0.84566596194503,4,"Beijing, Beijing, China",CH,CH22,13001,39.9289,116.388,-1898541,4,"Beijing, Beijing, China",CH,CH22,13001,39.9289,116.388,-1898541,4,"Beijing, Beijing, China",CH,CH22,13001,39.9289,116.388,-1898541,20191219140000,Engage in material cooperation,Material cooperation
894007916,20191218,201912,USA,FLORIDA,USA,,,,,,,,CHN,CHINESE,CHN,,,,,,,,1,173,173,17,4,-5.0,10,1,10,-6.49350649350649,3,"Palm Beach, Florida, United States",US,USFL,FL099,26.7056,-80.0364,288390,4,"Jing Lu, Zhejiang, China",CH,CH02,13324,29.7767,121.018,10562619,4,"Jing Lu, Zhejiang, China",CH,CH02,13324,29.7767,121.018,10562619,20191219143000,Coerce,Material conflict
894012713,20191219,201912,CHN,CHINA,CHN,,,,,,,,USA,UNITED STATES,USA,,,,,,,,1,061,061,06,2,6.4,6,1,6,0.0,1,China,CH,CH,,35.0,105.0,CH,2,"Georgia, United States",US,USGA,,32.9866,-83.6487,GA,1,China,CH,CH,,35.0,105.0,CH,20191219150000,Engage in material cooperation,Material cooperation
894020236,20191219,201912,USA,UNITED STATES,USA,,,,,,,,CHN,CHINA,CHN,,,,,,,,1,120,120,12,3,-4.0,8,1,8,1.03626943005181,1,India,IN,IN,,20.0,77.0,IN,1,India,IN,IN,,20.0,77.0,IN,1,India,IN,IN,,20.0,77.0,IN,20191219153000,Reject,Verbal conflict
894032230,20191219,201912,CHN,CHINA,CHN,,,,,,,,USAAGR,UNITED STATES,USA,,,,,AGR,,,1,020,020,02,1,3.0,10,1,10,-3.0188679245283,1,Russia,RS,RS,,60.0,100.0,RS,1,Russia,RS,RS,,60.0,100.0,RS,1,Russia,RS,RS,,60.0,100.0,RS,20191219164500,Appeal,Verbal cooperation
894033470,20191219,201912,USA,FLORIDA,USA,,,,,,,,CHN,CHINESE,CHN,,,,,,,,1,173,173,17,4,-5.0,10,1,10,-6.75675675675675,3,"White House, District of Columbia, United States",US,USDC,,38.8951,-77.0364,531871,3,"White House, District of Columbia, United States",US,USDC,,38.8951,-77.0364,531871,3,"White House, District of Columbia, United States",US,USDC,,38.8951,-77.0364,531871,20191219164500,Coerce,Material conflict
894042328,20191219,201912,USA,THE US,USA,,,,,,,,CHN,CHINA,CHN,,,,,,,,1,020,020,02,1,3.0,10,1,10,1.37614678899083,1,United States,US,US,,39.828175,-98.5795,US,1,China,CH,CH,,35.0,105.0,CH,1,Hong Kong,HK,HK,,22.25,114.166667,HK,20191219173000,Appeal,Verbal cooperation
894042329,20191219,201912,USA,THE US,USA,,,,,,,,CHN,CHINESE,CHN,,,,,,,,1,163,163,16,4,-8.0,10,1,10,1.37614678899083,1,China,CH,CH,,35.0,105.0,CH,1,China,CH,CH,,35.0,105.0,CH,1,China,CH,CH,,35.0,105.0,CH,20191219173000,Reduce relations,Material conflict
894045249,20191219,201912,USA,THE US,USA,,,,,,,,CHN,CHINA,CHN,,,,,,,,1,061,061,06,2,6.4,6,1,6,2.96610169491526,1,China,CH,CH,,35.0,105.0,CH,1,China,CH,CH,,35.0,105.0,CH,1,Germany,GM,GM,,51.5,10.5,GM,20191219174500,Engage in material cooperation,Material cooperation
894062010,20191219,201912,USA,UNITED STATES,USA,,,,,,,,CHN,CHINESE,CHN,,,,,,,,1,061,061,06,2,6.4,6,1,6,2.14067278287462,2,"Idaho, United States",US,USID,,44.2394,-114.51,ID,1,China,CH,CH,,35.0,105.0,CH,1,China,CH,CH,,35.0,105.0,CH,20191219191500,Engage in material cooperation,Material cooperation
894062012,20191219,201912,USA,AMERICAN,USA,,,,,,,,CHN,CHINESE,CHN,,,,,,,,1,120,120,12,3,-4.0,10,1,10,2.14067278287462,2,"Idaho, United States",US,USID,,44.2394,-114.51,ID,2,"Idaho, United States",US,USID,,44.2394,-114.51,ID,2,"Idaho, United States",US,USID,,44.2394,-114.51,ID,20191219191500,Reject,Verbal conflict
894067270,20191219,201912,USA,UNITED STATES,USA,,,,,,,,CHN,CHINA,CHN,,,,,,,,1,020,020,02,1,3.0,10,1,10,1.30208333333333,4,"Ahmedabad, Gujarat, India",IN,IN09,17644,23.0333,72.6167,-2088270,4,"Ahmedabad, Gujarat, India",IN,IN09,17644,23.0333,72.6167,-2088270,4,"Ahmedabad, Gujarat, India",IN,IN09,17644,23.0333,72.6167,-2088270,20191219194500,Appeal,Verbal cooperation
894071109,20191219,201912,USA,NORTH DAKOTA,USA,,,,,,,,CHN,CHINA,CHN,,,,,,,,1,061,061,06,2,6.4,8,1,8,-1.9559902200489,2,"North Dakota, United States",US,USND,,47.5362,-99.793,ND,1,China,CH,CH,,35.0,105.0,CH,1,China,CH,CH,,35.0,105.0,CH,20191219201500,Engage in material cooperation,Material cooperation
894072850,20191219,201912,CHN,CHINA,CHN,,,,,,,,USA,UNITED STATES,USA,,,,,,,,1,040,040,04,1,1.0,8,1,8,0.5181347150259,1,China,CH,CH,,35.0,105.0,CH,3,"White House, District of Columbia, United States",US,USDC,,38.8951,-77.0364,531871,3,"White House, District of Columbia, United States",US,USDC,,38.8951,-77.0364,531871,20191219203000,Consult,Verbal cooperation
894073797,20191219,201912,USA,UNITED STATES,USA,,,,,,,,CHN,CHINA,CHN,,,,,,,,1,040,040,04,1,1.0,8,1,8,0.5181347150259,3,"White House, District of Columbia, United States",US,USDC,,38.8951,-77.0364,531871,1,China,CH,CH,,35.0,105.0,CH,3,"White House, District of Columbia, United States",US,USDC,,38.8951,-77.0364,531871,20191219203000,Consult,Verbal cooperation
894088663,20191219,201912,CHN,CHINESE,CHN,,,,,,,,USAGOV,US GOVERNMENT,USA,,,,,GOV,,,1,060,060,06,2,6.0,8,1,8,-3.62622036262204,2,"Virginia, United States",US,USVA,,37.768,-78.2057,VA,2,"Virginia, United States",US,USVA,,37.768,-78.2057,VA,2,"Virginia, United States",US,USVA,,37.768,-78.2057,VA,20191219221500,Engage in material cooperation,Material cooperation
894092063,20191219,201912,USA,UNITED STATES,USA,,,,,,,,CHNGOV,CHINA,CHN,,,,,GOV,,,1,090,090,09,2,-2.0,6,1,6,-2.85714285714286,4,"Warsaw, (PL67), Poland",PL,PL67,24452,52.25,21.0,-534433,4,"Warsaw, (PL67), Poland",PL,PL67,24452,52.25,21.0,-534433,4,"Warsaw, (PL67), Poland",PL,PL67,24452,52.25,21.0,-534433,20191219223000,Investigate,Material cooperation
894094936,20181219,201812,CHN,CHINA,CHN,,,,,,,,USA,UNITED STATES,USA,,,,,,,,1,0353,035,03,1,7.0,10,1,10,-2.31481481481482,4,"Beijing, Beijing, China",CH,CH22,13001,39.9289,116.388,-1898541,3,"Washington, District of Columbia, United States",US,USDC,DC001,38.8951,-77.0364,531871,3,"Washington, District of Columbia, United States",US,USDC,DC001,38.8951,-77.0364,531871,20191219230000,Express intent to cooperate,Verbal cooperation
894097221,20191219,201912,CHN,CHINA,CHN,,,,,,,,MNCUSAMED,GOOGLE,USA,,,,,MNC,MED,,1,172,172,17,4,-5.0,10,1,10,-0.40871934604905,1,China,CH,CH,,35.0,105.0,CH,1,China,CH,CH,,35.0,105.0,CH,1,China,CH,CH,,35.0,105.0,CH,20191219231500,Coerce,Material conflict
894098191,20191119,201911,MNCUSA,SANDERSON FARMS,USA,,,,,MNC,,,CHN,CHINA,CHN,,,,,,,,1,061,061,06,2,6.4,6,1,6,-1.15702479338843,3,"Washington, District of Columbia, United States",US,USDC,DC001,38.8951,-77.0364,531871,3,"Washington, District of Columbia, United States",US,USDC,DC001,38.8951,-77.0364,531871,3,"Washington, District of Columbia, United States",US,USDC,DC001,38.8951,-77.0364,531871,20191219233000,Engage in material cooperation,Material cooperation
894098611,20191219,201912,CHN,BEIJING,CHN,,,,,,,,USA,WASHINGTON,USA,,,,,,,,1,043,043,04,1,2.8,8,1,8,1.22925629993853,4,"Beijing, Beijing, China",CH,CH22,13001,39.9289,116.388,-1898541,3,"Washington, District of Columbia, United States",US,USDC,DC001,38.8951,-77.0364,531871,3,"Washington, District of Columbia, United States",US,USDC,DC001,38.8951,-77.0364,531871,20191219233000,Consult,Verbal cooperation
894099824,20191219,201912,USA,THE US,USA,,,,,,,,CHN,CHINA,CHN,,,,,,,,1,012,012,01,1,-0.4,10,1,10,-3.10734463276836,1,United States,US,US,,39.828175,-98.5795,US,1,United States,US,US,,39.828175,-98.5795,US,1,Indonesia,ID,ID,,-5.0,120.0,ID,20191219233000,Make public statement,Verbal cooperation
894099831,20191219,201912,USA,WASHINGTON,USA,,,,,,,,CHN,BEIJING,CHN,,,,,,,,1,042,042,04,1,1.9,8,1,8,1.22925629993853,4,"Nong Khai, Nong Khai, Thailand",TH,TH17,27158,17.8785,102.742,-3252079,4,"Nong Khai, Nong Khai, Thailand",TH,TH17,27158,17.8785,102.742,-3252079,4,"Nong Khai, Nong Khai, Thailand",TH,TH17,27158,17.8785,102.742,-3252079,20191219233000,Consult,Verbal cooperation
894102426,20191219,201912,USAMED,REUTERS,USA,,,,,MED,,,CHN,CHINESE,CHN,,,,,,,,1,017,017,01,1,0.0,6,2,6,-0.7675983436853,1,Macau,MC,MC,,22.157778,113.559722,MC,4,"Beijing, Beijing, China",CH,CH22,13001,39.9289,116.388,-1898541,1,Macau,MC,MC,,22.157778,113.559722,MC,20191219234500,Make public statement,Verbal cooperation
894102427,20191219,201912,USAMED,REUTERS,USA,,,,,MED,,,CHN,CHINESE,CHN,,,,,,,,1,0841,084,08,2,7.0,6,2,6,-0.7675983436853,1,Macau,MC,MC,,22.157778,113.559722,MC,4,"Beijing, Beijing, China",CH,CH22,13001,39.9289,116.388,-1898541,4,"Beijing, Beijing, China",CH,CH22,13001,39.9289,116.388,-1898541,20191219234500,Yield,Material cooperation
894106090,20191220,201912,USA,WASHINGTON,USA,,,,,,,,CHN,CHINA,CHN,,,,,,,,1,061,061,06,2,6.4,15,2,15,-5.31732700247113,3,"Washington, District of Columbia, United States",US,USDC,DC001,38.8951,-77.0364,531871,1,China,CH,CH,,35.0,105.0,CH,1,China,CH,CH,,35.0,105.0,CH,20191220000000,Engage in material cooperation,Material cooperation
894106645,20191220,201912,USAMED,REUTERS,USA,,,,,MED,,,CHN,CHINESE,CHN,,,,,,,,1,017,017,01,1,0.0,6,2,6,-0.782790801699775,1,Macau,MC,MC,,22.157778,113.559722,MC,4,"Beijing, Beijing, China",CH,CH22,13001,39.9289,116.388,-1898541,1,Macau,MC,MC,,22.157778,113.559722,MC,20191220000000,Make public statement,Verbal cooperation
894106646,20191220,201912,USAMED,REUTERS,USA,,,,,MED,,,CHN,CHINESE,CHN,,,,,,,,1,0841,084,08,2,7.0,6,2,6,-0.782790801699775,1,Macau,MC,MC,,22.157778,113.559722,MC,4,"Beijing, Beijing, China",CH,CH22,13001,39.9289,116.388,-1898541,4,"Beijing, Beijing, China",CH,CH22,13001,39.9289,116.388,-1898541,20191220000000,Yield,Material cooperation
894107378,20191220,201912,CHN,CHINA,CHN,,,,,,,,USA,UNITED STATES,USA,,,,,,,,1,061,061,06,2,6.4,8,1,8,0.52566481137909,1,China,CH,CH,,35.0,105.0,CH,2,"California, United States",US,USCA,,36.17,-119.746,CA,2,"California, United States",US,USCA,,36.17,-119.746,CA,20191220001500,Engage in material cooperation,Material cooperation
894107380,20191220,201912,CHN,CHINA,CHN,,,,,,,,USA,UNITED STATES,USA,,,,,,,,1,081,081,08,2,5.0,10,1,10,0.52566481137909,1,Switzerland,SZ,SZ,,47.0,8.0,SZ,1,Switzerland,SZ,SZ,,47.0,8.0,SZ,1,Switzerland,SZ,SZ,,47.0,8.0,SZ,20191220001500,Yield,Material cooperation
894107381,20191220,201912,CHN,CHINA,CHN,,,,,,,,USA,UNITED STATES,USA,,,,,,,,1,163,163,16,4,-8.0,10,1,10,0.52566481137909,1,China,CH,CH,,35.0,105.0,CH,2,"California, United States",US,USCA,,36.17,-119.746,CA,1,China,CH,CH,,35.0,105.0,CH,20191220001500,Reduce relations,Material conflict
894111597,20191220,201912,CHN,CHINESE,CHN,,,,,,,,USAGOV,US GOVERNMENT,USA,,,,,GOV,,,1,060,060,06,2,6.0,8,1,8,-3.50877192982456,2,"Virginia, United States",US,USVA,,37.768,-78.2057,VA,2,"Virginia, United States",US,USVA,,37.768,-78.2057,VA,2,"Virginia, United States",US,USVA,,37.768,-78.2057,VA,20191220003000,Engage in material cooperation,Material cooperation
894116479,20191220,201912,CHN,CHINA,CHN,,,,,,,,USA,UNITED STATES,USA,,,,,,,,1,057,057,05,1,8.0,6,1,6,-1.01694915254237,2,"Texas, United States",US,USTX,,31.106,-97.6475,TX,4,"Beijing, Beijing, China",CH,CH22,13001,39.9289,116.388,-1898541,4,"Beijing, Beijing, China",CH,CH22,13001,39.9289,116.388,-1898541,20191220004500,Engage in diplomatic cooperation,Verbal cooperation
894116480,20191220,201912,CHN,CHINA,CHN,,,,,,,,USA,CALIFORNIA,USA,,,,,,,,1,173,173,17,4,-5.0,18,3,18,-15.4791445114026,3,"City Of Industry, California, United States",US,USCA,CA037,34.0268,-117.94,2410102,3,"City Of Industry, California, United States",US,USCA,,34.0268,-117.94,2410102,3,"City Of Industry, California, United States",US,USCA,,34.0268,-117.94,2410102,20191220004500,Coerce,Material conflict
894116481,20191220,201912,CHN,CHINA,CHN,,,,,,,,USA,UNITED STATES,USA,,,,,,,,1,173,173,17,4,-5.0,12,3,12,-15.4791445114026,1,China,CH,CH,,35.0,105.0,CH,1,China,CH,CH,,35.0,105.0,CH,1,China,CH,CH,,35.0,105.0,CH,20191220004500,Coerce,Material conflict
894118500,20191220,201912,USA,UNITED STATES,USA,,,,,,,,CHN,CHINA,CHN,,,,,,,,1,057,057,05,1,8.0,10,1,10,-1.01694915254237,2,"Texas, United States",US,USTX,,31.106,-97.6475,TX,4,"Beijing, Beijing, China",CH,CH22,13001,39.9289,116.388,-1898541,2,"Texas, United States",US,USTX,,31.106,-97.6475,TX,20191220004500,Engage in diplomatic cooperation,Verbal cooperation
894118504,20191220,201912,USA,UNITED STATES,USA,,,,,,,,CHN,CHINA,CHN,,,,,,,,1,130,130,13,3,-4.4,8,1,8,-3.02197802197803,1,China,CH,CH,,35.0,105.0,CH,1,United States,US,US,,39.828175,-98.5795,US,1,United States,US,US,,39.828175,-98.5795,US,20191220004500,Threaten,Verbal conflict
894122168,20191220,201912,USA,THE US,USA,,,,,,,,CHN,CHINA,CHN,,,,,,,,1,012,012,01,1,-0.4,10,1,10,-2.71317829457364,3,"Philadelphia, Pennsylvania, United States",US,USPA,PA101,39.9523,-75.1638,1209052,3,"Philadelphia, Pennsylvania, United States",US,USPA,PA101,39.9523,-75.1638,1209052,3,"Philadelphia, Pennsylvania, United States",US,USPA,PA101,39.9523,-75.1638,1209052,20191220010000,Make public statement,Verbal cooperation
894123776,20191220,201912,CHN,CHINESE,CHN,,,,,,,,USA,AMERICAN,USA,,,,,,,,1,110,110,11,3,-2.0,6,1,6,2.5728987993139,3,"Washington, District of Columbia, United States",US,USDC,DC001,38.8951,-77.0364,531871,3,"Washington, District of Columbia, United States",US,USDC,DC001,38.8951,-77.0364,531871,3,"Washington, District of Columbia, United States",US,USDC,DC001,38.8951,-77.0364,531871,20191220011500,Disapprove,Verbal conflict
894125226,20191220,201912,USA,UNITED STATES,USA,,,,,,,,CHN,CHINA,CHN,,,,,,,,1,061,061,06,2,6.4,8,1,8,-0.27137042062415,1,United States,US,US,,39.828175,-98.5795,US,1,United States,US,US,,39.828175,-98.5795,US,1,United States,US,US,,39.828175,-98.5795,US,20191220011500,Engage in material cooperation,Material cooperation
894125228,20191220,201912,USA,CHICAGO,USA,,,,,,,,CHNOPP,TIBET,CHN,,,,,OPP,,,1,051,051,05,1,3.4,10,1,10,-4.63917525773195,3,"Chicago, Illinois, United States",US,USIL,IL031,41.85,-87.6501,423587,3,"Chicago, Illinois, United States",US,USIL,IL031,41.85,-87.6501,423587,3,"Chicago, Illinois, United States",US,USIL,IL031,41.85,-87.6501,423587,20191220011500,Engage in diplomatic cooperation,Verbal cooperation
894125229,20191220,201912,USA,CHICAGO,USA,,,,,,,,CHNOPP,TIBET,CHN,,,,,OPP,,,1,141,141,14,3,-6.5,10,1,10,-4.63917525773195,3,"Chicago, Illinois, United States",US,USIL,IL031,41.85,-87.6501,423587,3,"Chicago, Illinois, United States",US,USIL,IL031,41.85,-87.6501,423587,3,"Chicago, Illinois, United States",US,USIL,IL031,41.85,-87.6501,423587,20191220011500,Protest,Verbal conflict
894131544,20191220,201912,CHN,CHINA,CHN,,,,,,,,USA,THE US,USA,,,,,,,,1,057,057,05,1,8.0,6,1,6,-4.32900432900433,1,China,CH,CH,,35.0,105.0,CH,1,United Kingdom,UK,UK,,54.0,-4.0,UK,1,Iran,IR,IR,,32.0,53.0,IR,20191220020000,Engage in diplomatic cooperation,Verbal cooperation
894133005,20191220,201912,USA,THE US,USA,,,,,,,,CHN,CHINA,CHN,,,,,,,,1,057,057,05,1,8.0,10,1,10,-4.32900432900433,1,Iran,IR,IR,,32.0,53.0,IR,1,Iran,IR,IR,,32.0,53.0,IR,1,Iran,IR,IR,,32.0,53.0,IR,20191220020000,Engage in diplomatic cooperation,Verbal cooperation
894133006,20191220,201912,USA,FLORIDA,USA,,,,,,,,CHN,CHINESE,CHN,,,,,,,,1,173,173,17,4,-5.0,10,1,10,-5.15873015873016,2,"New York, United States",US,USNY,,42.1497,-74.9384,NY,2,"New York, United States",US,USNY,,42.1497,-74.9384,NY,2,"New York, United States",US,USNY,,42.1497,-74.9384,NY,20191220020000,Coerce,Material conflict
894136178,20191220,201912,USA,NORTH DAKOTA,USA,,,,,,,,CHN,CHINA,CHN,,,,,,,,1,061,061,06,2,6.4,8,1,8,-2.4390243902439,2,"North Dakota, United States",US,USND,,47.5362,-99.793,ND,1,China,CH,CH,,35.0,105.0,CH,1,China,CH,CH,,35.0,105.0,CH,20191220021500,Engage in material cooperation,Material cooperation
894138460,20191220,201912,USA,FLORIDA,USA,,,,,,,,CHN,CHINESE,CHN,,,,,,,,1,173,173,17,4,-5.0,8,1,8,-7.60233918128655,4,"Jing Lu, Zhejiang, China",CH,CH02,13324,29.7767,121.018,10562619,4,"Jing Lu, Zhejiang, China",CH,CH02,13324,29.7767,121.018,10562619,4,"Jing Lu, Zhejiang, China",CH,CH02,13324,29.7767,121.018,10562619,20191220023000,Coerce,Material conflict
894140851,20191220,201912,USAGOV,JOE BIDEN,USA,,,,,GOV,,,CHNMIL,CHINESE,CHN,,,,,MIL,,,1,020,020,02,1,3.0,6,1,6,-1.8166804293972,4,"Xinjiang, Jiangxi, China",CH,CH03,13167,27.7481,116.274,11065838,4,"Xinjiang, Jiangxi, China",CH,CH03,13167,27.7481,116.274,11065838,4,"Xinjiang, Jiangxi, China",CH,CH03,13167,27.7481,116.274,11065838,20191220024500,Appeal,Verbal cooperation
894144108,20191220,201912,USA,THE US,USA,,,,,,,,CHN,CHINA,CHN,,,,,,,,1,0311,031,03,1,5.2,10,1,10,2.23577235772358,1,Mexico,MX,MX,,23.0,-102.0,MX,1,Mexico,MX,MX,,23.0,-102.0,MX,1,Mexico,MX,MX,,23.0,-102.0,MX,20191220031500,Express intent to cooperate,Verbal cooperation
894144110,20191220,201912,USA,THE US,USA,,,,,,,,CHN,CHINA,CHN,,,,,,,,1,190,190,19,4,-10.0,10,1,10,-3.48258706467662,4,"Madrid, Madrid, Spain",SP,SP29,25820,40.4,-3.68333,-390625,4,"Madrid, Madrid, Spain",SP,SP29,25820,40.4,-3.68333,-390625,4,"Madrid, Madrid, Spain",SP,SP29,25820,40.4,-3.68333,-390625,20191220031500,Fight,Material conflict
894145284,20191220,201912,CHN,CHINA,CHN,,,,,,,,USA,UNITED STATES,USA,,,,,,,,1,0311,031,03,1,5.2,10,1,10,-0.47281323877069,4,"Beijing, Beijing, China",CH,CH22,13001,39.9289,116.388,-1898541,4,"Beijing, Beijing, China",CH,CH22,13001,39.9289,116.388,-1898541,4,"Beijing, Beijing, China",CH,CH22,13001,39.9289,116.388,-1898541,20191220033000,Express intent to cooperate,Verbal cooperation
894146270,20191220,201912,USA,UNITED STATES,USA,,,,,,,,CHN,CHINA,CHN,,,,,,,,1,0311,031,03,1,5.2,10,1,10,-0.47281323877069,4,"Beijing, Beijing, China",CH,CH22,13001,39.9289,116.388,-1898541,4,"Beijing, Beijing, China",CH,CH22,13001,39.9289,116.388,-1898541,4,"Beijing, Beijing, China",CH,CH22,13001,39.9289,116.388,-1898541,20191220033000,Express intent to cooperate,Verbal cooperation
894147348,20191220,201912,CHN,CHINA,CHN,,,,,,,,USA,NORTH CAROLINA,USA,,,,,,,,1,042,042,04,1,1.9,6,1,6,-7.46268656716418,4,"Hao Zhang, Gansu, China",CH,CH15,13206,36.9822,106.945,10853355,2,"North Carolina, United States",US,USNC,,35.6411,-79.8431,NC,2,"North Carolina, United States",US,USNC,,35.6411,-79.8431,NC,20191220034500,Consult,Verbal cooperation
894147352,20191220,201912,CHNEDU,CHINESE,CHN,,,,,EDU,,,USA,UNITED STATES,USA,,,,,,,,1,042,042,04,1,1.9,6,1,6,-7.46268656716418,2,"North Carolina, United States",US,USNC,,35.6411,-79.8431,NC,4,"Hao Zhang, Gansu, China",CH,CH15,13206,36.9822,106.945,10853355,2,"North Carolina, United States",US,USNC,,35.6411,-79.8431,NC,20191220034500,Consult,Verbal cooperation
894148297,20191220,201912,USA,NORTH CAROLINA,USA,,,,,,,,CHN,CHINA,CHN,,,,,,,,1,043,043,04,1,2.8,8,1,6,-7.46268656716418,2,"North Carolina, United States",US,USNC,,35.6411,-79.8431,NC,4,"Hao Zhang, Gansu, China",CH,CH15,13206,36.9822,106.945,10853355,2,"North Carolina, United States",US,USNC,,35.6411,-79.8431,NC,20191220034500,Consult,Verbal cooperation
894148300,20191220,201912,USA,UNITED STATES,USA,,,,,,,,CHNEDU,CHINESE,CHN,,,,,EDU,,,1,043,043,04,1,2.8,6,1,6,-7.46268656716418,2,"North Carolina, United States",US,USNC,,35.6411,-79.8431,NC,4,"Hao Zhang, Gansu, China",CH,CH15,13206,36.9822,106.945,10853355,4,"Hao Zhang, Gansu, China",CH,CH15,13206,36.9822,106.945,10853355,20191220034500,Consult,Verbal cooperation
894154527,20191220,201912,CHN,CHINA,CHN,,,,,,,,USA,UNITED STATES,USA,,,,,,,,1,0311,031,03,1,5.2,6,1,6,-0.7177033492823,4,"Beijing, Beijing, China",CH,CH22,13001,39.9289,116.388,-1898541,3,"Chicago, Illinois, United States",US,USIL,IL031,41.85,-87.6501,423587,4,"Beijing, Beijing, China",CH,CH22,13001,39.9289,116.388,-1898541,20191220044500,Express intent to cooperate,Verbal cooperation
894157970,20191220,201912,CHN,CHINESE,CHN,,,,,,,,USA,THE US,USA,,,,,,,,1,046,046,04,1,7.0,8,1,8,1.89649479862217,1,China,CH,CH,,35.0,105.0,CH,1,China,CH,CH,,35.0,105.0,CH,1,China,CH,CH,,35.0,105.0,CH,20191220051500,Consult,Verbal cooperation
894157974,20191220,201912,CHNGOV,CHINESE,CHN,,,,,GOV,,,USA,THE US,USA,,,,,,,,1,046,046,04,1,7.0,12,1,12,1.89649479862217,1,China,CH,CH,,35.0,105.0,CH,1,China,CH,CH,,35.0,105.0,CH,1,China,CH,CH,,35.0,105.0,CH,20191220051500,Consult,Verbal cooperation
894158978,20191220,201912,USAGOVBUS,US TREASURY,USA,,,,,GOV,BUS,,CHN,CHINA,CHN,,,,,,,,1,030,030,03,1,4.0,8,1,8,1.89649479862217,1,China,CH,CH,,35.0,105.0,CH,1,China,CH,CH,,35.0,105.0,CH,1,China,CH,CH,,35.0,105.0,CH,20191220051500,Express intent to cooperate,Verbal cooperation
894160183,20191220,201912,CHN,CHINA,CHN,,,,,,,,USA,CONNECTICUT,USA,,,,,,,,1,043,043,04,1,2.8,6,1,6,-0.45146726862303,1,Australia,AS,AS,,-25.0,135.0,AS,2,"Connecticut, United States",US,USCT,,41.5834,-72.7622,CT,1,Australia,AS,AS,,-25.0,135.0,AS,20191220053000,Consult,Verbal cooperation
894161173,20191220,201912,USA,CONNECTICUT,USA,,,,,,,,CHN,CHINA,CHN,,,,,,,,1,042,042,04,1,1.9,6,1,6,-0.45146726862303,2,"Connecticut, United States",US,USCT,,41.5834,-72.7622,CT,1,Australia,AS,AS,,-25.0,135.0,AS,1,Australia,AS,AS,,-25.0,135.0,AS,20191220053000,Consult,Verbal cooperation
894172343,20191220,201912,USA,THE US,USA,,,,,,,,CHN,CHINA,CHN,,,,,,,,1,020,020,02,1,3.0,8,1,8,-5.25,2,"Indiana, United States",US,USIN,,39.8647,-86.2604,IN,4,"Tiananmen Square, Beijing, China",CH,CH22,13001,39.9044,116.391,9244097,4,"Tiananmen Square, Beijing, China",CH,CH22,13001,39.9044,116.391,9244097,20191220070000,Appeal,Verbal cooperation
894173569,20191220,201912,CHN,BEIJING,CHN,,,,,,,,USA,UNITED STATES,USA,,,,,,,,1,010,010,01,1,0.0,10,1,10,-6.50406504065041,4,"Jing Lu, Zhejiang, China",CH,CH02,13324,29.7767,121.018,10562619,4,"Jing Lu, Zhejiang, China",CH,CH02,13324,29.7767,121.018,10562619,4,"Jing Lu, Zhejiang, China",CH,CH02,13324,29.7767,121.018,10562619,20191220071500,Make public statement,Verbal cooperation
894173572,20191220,201912,CHN,CHINA,CHN,,,,,,,,USA,THE US,USA,,,,,,,,1,061,061,06,2,6.4,10,1,10,-1.03092783505154,1,China,CH,CH,,35.0,105.0,CH,1,China,CH,CH,,35.0,105.0,CH,1,China,CH,CH,,35.0,105.0,CH,20191220071500,Engage in material cooperation,Material cooperation
894173577,20191220,201912,CHN,BEIJING,CHN,,,,,,,,USAGOV,THE US,USA,,,,,GOV,,,1,036,036,03,1,4.0,8,1,8,-2.15568862275449,4,"Beijing, Beijing, China",CH,CH22,13001,39.9289,116.388,-1898541,4,"Beijing, Beijing, China",CH,CH22,13001,39.9289,116.388,-1898541,4,"Beijing, Beijing, China",CH,CH22,13001,39.9289,116.388,-1898541,20191220071500,Express intent to cooperate,Verbal cooperation
894173578,20191220,201912,CHN,CHINA,CHN,,,,,,,,USAGOVBUS,US TREASURY,USA,,,,,GOV,BUS,,1,057,057,05,1,8.0,10,1,10,2.38095238095238,1,China,CH,CH,,35.0,105.0,CH,1,China,CH,CH,,35.0,105.0,CH,1,China,CH,CH,,35.0,105.0,CH,20191220071500,Engage in diplomatic cooperation,Verbal cooperation
894174586,20191220,201912,USA,UNITED STATES,USA,,,,,,,,CHN,BEIJING,CHN,,,,,,,,1,173,173,17,4,-5.0,8,1,8,-6.50406504065041,3,"Miami, Florida, United States",US,USFL,FL086,25.7743,-80.1937,295004,4,"Beijing, Beijing, China",CH,CH22,13001,39.9289,116.388,-1898541,3,"Miami, Florida, United States",US,USFL,FL086,25.7743,-80.1937,295004,20191220071500,Coerce,Material conflict
894174691,20191220,201912,USAGOV,THE US,USA,,,,,GOV,,,CHN,BEIJING,CHN,,,,,,,,1,036,036,03,1,4.0,10,1,10,-2.15568862275449,4,"Pyongyang, P'yongyang-si, North Korea",KN,KN12,39681,39.0194,125.755,-183459,3,"Washington, District of Columbia, United States",US,USDC,DC001,38.8951,-77.0364,531871,3,"Washington, District of Columbia, United States",US,USDC,DC001,38.8951,-77.0364,531871,20191220071500,Express intent to cooperate,Verbal cooperation
894174701,20191220,201912,USAGOVBUS,US TREASURY,USA,,,,,GOV,BUS,,CHN,CHINA,CHN,,,,,,,,1,057,057,05,1,8.0,10,1,10,2.38095238095238,1,China,CH,CH,,35.0,105.0,CH,1,China,CH,CH,,35.0,105.0,CH,1,China,CH,CH,,35.0,105.0,CH,20191220071500,Engage in diplomatic cooperation,Verbal cooperation
894178553,20191220,201912,MNCCHN,CHINA CONSTRUCTION BANK,CHN,,,,,MNC,,,MNCUSA,BLACKROCK,USA,,,,,MNC,,,1,057,057,05,1,8.0,10,1,10,4.3859649122807,1,China,CH,CH,,35.0,105.0,CH,1,China,CH,CH,,35.0,105.0,CH,1,China,CH,CH,,35.0,105.0,CH,20191220074500,Engage in diplomatic cooperation,Verbal cooperation
894178563,20191220,201912,MNCUSA,BLACKROCK,USA,,,,,MNC,,,MNCCHN,CHINA CONSTRUCTION BANK,CHN,,,,,MNC,,,1,057,057,05,1,8.0,10,1,10,4.3859649122807,1,China,CH,CH,,35.0,105.0,CH,1,China,CH,CH,,35.0,105.0,CH,1,China,CH,CH,,35.0,105.0,CH,20191220074500,Engage in diplomatic cooperation,Verbal cooperation
894186924,20191220,201912,CHN,BEIJING,CHN,,,,,,,,USA,WASHINGTON,USA,,,,,,,,1,0356,035,03,1,7.0,6,1,6,-6.17059891107078,4,"Beijing, Beijing, China",CH,CH22,13001,39.9289,116.388,-1898541,3,"Washington, District of Columbia, United States",US,USDC,DC001,38.8951,-77.0364,531871,4,"Beijing, Beijing, China",CH,CH22,13001,39.9289,116.388,-1898541,20191220084500,Express intent to cooperate,Verbal cooperation
894187826,20191220,201912,USA,WASHINGTON,USA,,,,,,,,CHN,BEIJING,CHN,,,,,,,,1,0356,035,03,1,7.0,6,1,6,-6.17059891107078,3,"Washington, District of Columbia, United States",US,USDC,DC001,38.8951,-77.0364,531871,4,"Beijing, Beijing, China",CH,CH22,13001,39.9289,116.388,-1898541,4,"Beijing, Beijing, China",CH,CH22,13001,39.9289,116.388,-1898541,20191220084500,Express intent to cooperate,Verbal cooperation
894187829,20191220,201912,USA,TAMPA,USA,,,,,,,,CHN,CHINA,CHN,,,,,,,,1,071,071,07,2,7.4,10,1,10,-3.65296803652968,1,China,CH,CH,,35.0,105.0,CH,1,China,CH,CH,,35.0,105.0,CH,1,China,CH,CH,,35.0,105.0,CH,20191220084500,Provide aid,Material cooperation
894189900,20191120,201911,MNCUSA,SANDERSON FARMS,USA,,,,,MNC,,,CHN,CHINA,CHN,,,,,,,,1,061,061,06,2,6.4,6,1,6,-1.41025641025641,3,"Washington, District of Columbia, United States",US,USDC,DC001,38.8951,-77.0364,531871,3,"Washington, District of Columbia, United States",US,USDC,DC001,38.8951,-77.0364,531871,3,"Washington, District of Columbia, United States",US,USDC,DC001,38.8951,-77.0364,531871,20191220091500,Engage in material cooperation,Material cooperation
894193235,20191220,201912,USA,UNITED STATES,USA,,,,,,,,CHN,CHINESE,CHN,,,,,,,,1,020,020,02,1,3.0,30,3,30,-2.18952878922984,3,"Washington, District of Columbia, United States",US,USDC,DC001,38.8951,-77.0364,531871,4,"Beijing, Beijing, China",CH,CH22,13001,39.9289,116.388,-1898541,3,"Washington, District of Columbia, United States",US,USDC,DC001,38.8951,-77.0364,531871,20191220093000,Appeal,Verbal cooperation
894193236,20191220,201912,USA,WASHINGTON,USA,,,,,,,,CHN,CHINA,CHN,,,,,,,,1,090,090,09,2,-2.0,9,3,9,-2.18952878922984,3,"Washington, District of Columbia, United States",US,USDC,DC001,38.8951,-77.0364,531871,4,"Beijing, Beijing, China",CH,CH22,13001,39.9289,116.388,-1898541,4,"Beijing, Beijing, China",CH,CH22,13001,39.9289,116.388,-1898541,20191220093000,Investigate,Material cooperation
894194132,20181220,201812,CHN,CHINA,CHN,,,,,,,,USA,UNITED STATES,USA,,,,,,,,1,061,061,06,2,6.4,8,1,8,0.904977375565609,4,"Shanghai, Shanghai, China",CH,CH23,13243,31.2222,121.458,-1924465,1,United States,US,US,,39.828175,-98.5795,US,4,"Shanghai, Shanghai, China",CH,CH23,13243,31.2222,121.458,-1924465,20191220094500,Engage in material cooperation,Material cooperation
894195233,20191220,201912,USA,WASHINGTON,USA,,,,,,,,CHN,BEIJING,CHN,,,,,,,,1,030,030,03,1,4.0,6,1,6,3.26797385620915,3,"Washington, District of Columbia, United States",US,USDC,DC001,38.8951,-77.0364,531871,4,"Beijing, Beijing, China",CH,CH22,13001,39.9289,116.388,-1898541,3,"Washington, District of Columbia, United States",US,USDC,DC001,38.8951,-77.0364,531871,20191220094500,Express intent to cooperate,Verbal cooperation
894196298,20181220,201812,CHN,CHINA,CHN,,,,,,,,USA,UNITED STATES,USA,,,,,,,,1,061,061,06,2,6.4,6,2,6,1.12274257728803,1,United States,US,US,,39.828175,-98.5795,US,4,"Shanghai, Shanghai, China",CH,CH23,13243,31.2222,121.458,-1924465,4,"Shanghai, Shanghai, China",CH,CH23,13243,31.2222,121.458,-1924465,20191220100000,Engage in material cooperation,Material cooperation
894196299,20181220,201812,CHN,CHINA,CHN,,,,,,,,USA,UNITED STATES,USA,,,,,,,,1,061,061,06,2,6.4,6,2,6,1.12274257728803,1,United States,US,US,,39.828175,-98.5795,US,1,United States,US,US,,39.828175,-98.5795,US,1,United States,US,US,,39.828175,-98.5795,US,20191220100000,Engage in material cooperation,Material cooperation
894200767,20191220,201912,CHN,CHINA,CHN,,,,,,,,USA,THE US,USA,,,,,,,,1,061,061,06,2,6.4,10,1,10,0.0,0,,,,,,,,0,,,,,,,,0,,,,,,,,20191220103000,Engage in material cooperation,Material cooperation
894201551,20191220,201912,MNCUSAMED,GOOGLE,USA,,,,,MNC,MED,,CHN,CHINA,CHN,,,,,,,,1,051,051,05,1,3.4,10,1,10,0.24330900243309,4,"Paris, France (general), France",FR,FR00,16282,48.8667,2.33333,-1456928,4,"Paris, France (general), France",FR,FR00,16282,48.8667,2.33333,-1456928,4,"Paris, France (general), France",FR,FR00,16282,48.8667,2.33333,-1456928,20191220103000,Engage in diplomatic cooperation,Verbal cooperation
894206007,20191220,201912,CHN,CHINA,CHN,,,,,,,,USA,AMERICAN,USA,,,,,,,,1,138,138,13,3,-7.0,10,1,10,-2.87730727470141,4,"Shanghai, Shanghai, China",CH,CH23,13243,31.2222,121.458,-1924465,4,"Shanghai, Shanghai, China",CH,CH23,13243,31.2222,121.458,-1924465,4,"Shanghai, Shanghai, China",CH,CH23,13243,31.2222,121.458,-1924465,20191220110000,Threaten,Verbal conflict
894206011,20191220,201912,CHNGOV,CHINESE,CHN,,,,,GOV,,,USA,THE US,USA,,,,,,,,1,161,161,16,4,-4.0,6,1,6,-1.23456790123457,1,China,CH,CH,,35.0,105.0,CH,1,China,CH,CH,,35.0,105.0,CH,1,China,CH,CH,,35.0,105.0,CH,20191220110000,Reduce relations,Material conflict
894218203,20191220,201912,CHN,TIANJIN,CHN,,,,,,,,USA,TAMPA,USA,,,,,,,,1,084,084,08,2,7.0,8,1,8,-4.50643776824034,4,"Tianjin, Tianjin, China",CH,CH28,13279,39.1422,117.177,-1928564,3,"Tampa Bay, Florida, United States",US,USFL,,27.765,-82.5825,294169,3,"Tampa Bay, Florida, United States",US,USFL,,27.765,-82.5825,294169,20191220121500,Yield,Material cooperation
894219293,20191220,201912,USA,AMERICAN,USA,,,,,,,,CHN,CHINA,CHN,,,,,,,,1,071,071,07,2,7.4,7,1,7,-4.50643776824034,3,"Houston, Texas, United States",US,USTX,TX201,29.7633,-95.3633,1380948,3,"Houston, Texas, United States",US,USTX,TX201,29.7633,-95.3633,1380948,3,"Houston, Texas, United States",US,USTX,TX201,29.7633,-95.3633,1380948,20191220121500,Provide aid,Material cooperation
894236921,20191220,201912,CHN,CHINESE,CHN,,,,,,,,USA,CALIFORNIA,USA,,,,,,,,1,036,036,03,1,4.0,6,1,6,2.52525252525252,2,"Louisiana, United States",US,USLA,,31.1801,-91.8749,LA,2,"Louisiana, United States",US,USLA,,31.1801,-91.8749,LA,2,"Louisiana, United States",US,USLA,,31.1801,-91.8749,LA,20191220140000,Express intent to cooperate,Verbal cooperation
894246446,20191220,201912,MNCUSA,NETFLIX,USA,,,,,MNC,,,CHNEDU,CHINESE,CHN,,,,,EDU,,,1,190,190,19,4,-10.0,6,1,6,-7.53498385360603,1,China,CH,CH,,35.0,105.0,CH,1,China,CH,CH,,35.0,105.0,CH,1,China,CH,CH,,35.0,105.0,CH,20191220144500,Fight,Material conflict
894249960,20191220,201912,USA,UNITED STATES,USA,,,,,,,,CHN,CHINA,CHN,,,,,,,,1,173,173,17,4,-5.0,6,1,6,-12.2727272727273,3,"Stark County, Ohio, United States",US,USOH,OH151,40.8167,-81.3665,1065576,1,China,CH,CH,,35.0,105.0,CH,3,"Stark County, Ohio, United States",US,USOH,,40.8167,-81.3665,1065576,20191220150000,Coerce,Material conflict
894259088,20191220,201912,CHNGOV,CHINESE,CHN,,,,,GOV,,,USA,WASHINGTON,USA,,,,,,,,1,040,040,04,1,1.0,8,2,8,0.52105948762484,1,China,CH,CH,,35.0,105.0,CH,3,"Washington, District of Columbia, United States",US,USDC,DC001,38.8951,-77.0364,531871,1,China,CH,CH,,35.0,105.0,CH,20191220160000,Consult,Verbal cooperation
894260136,20191220,201912,USA,WASHINGTON,USA,,,,,,,,CHNGOV,CHINESE,CHN,,,,,GOV,,,1,012,012,01,1,-0.4,6,1,6,0.694745983499786,3,"Washington, District of Columbia, United States",US,USDC,DC001,38.8951,-77.0364,531871,1,China,CH,CH,,35.0,105.0,CH,1,China,CH,CH,,35.0,105.0,CH,20191220160000,Make public statement,Verbal cooperation
894260137,20191220,201912,USA,WASHINGTON,USA,,,,,,,,CHNGOV,CHINESE,CHN,,,,,GOV,,,1,040,040,04,1,1.0,8,2,8,0.52105948762484,3,"Washington, District of Columbia, United States",US,USDC,DC001,38.8951,-77.0364,531871,1,China,CH,CH,,35.0,105.0,CH,1,China,CH,CH,,35.0,105.0,CH,20191220160000,Consult,Verbal cooperation
894271323,20191220,201912,USA,WASHINGTON,USA,,,,,,,,CHN,CHINESE,CHN,,,,,,,,1,012,012,01,1,-0.4,6,1,6,1.65745856353591,1,North Korea,KN,KN,,40.0,127.0,KN,1,North Korea,KN,KN,,40.0,127.0,KN,1,North Korea,KN,KN,,40.0,127.0,KN,20191220170000,Make public statement,Verbal cooperation
894275755,20191220,201912,CHN,CHINA,CHN,,,,,,,,USA,THE US,USA,,,,,,,,1,014,014,01,1,0.0,10,1,10,-0.33898305084746,1,Japan,JA,JA,,36.0,138.0,JA,1,Japan,JA,JA,,36.0,138.0,JA,1,Japan,JA,JA,,36.0,138.0,JA,20191220173000,Make public statement,Verbal cooperation
894281954,20191220,201912,CHN,CHINA,CHN,,,,,,,,USAGOV,THE US,USA,,,,,GOV,,,1,040,040,04,1,1.0,6,1,6,-2.52631578947368,4,"Beijing, Beijing, China",CH,CH22,13001,39.9289,116.388,-1898541,4,"Beijing, Beijing, China",CH,CH22,13001,39.9289,116.388,-1898541,4,"Beijing, Beijing, China",CH,CH22,13001,39.9289,116.388,-1898541,20191220180000,Consult,Verbal cooperation
894283311,20191220,201912,USAGOV,THE US,USA,,,,,GOV,,,CHN,CHINA,CHN,,,,,,,,1,040,040,04,1,1.0,6,1,6,-2.52631578947368,4,"Beijing, Beijing, China",CH,CH22,13001,39.9289,116.388,-1898541,4,"Beijing, Beijing, China",CH,CH22,13001,39.9289,116.388,-1898541,4,"Beijing, Beijing, China",CH,CH22,13001,39.9289,116.388,-1898541,20191220180000,Consult,Verbal cooperation
894283709,20191220,201912,CHN,CANTON,CHN,,,,,,,,USA,SOUTH DAKOTA,USA,,,,,,,,1,190,190,19,4,-10.0,12,2,12,-3.44827586206897,1,China,CH,CH,,35.0,105.0,CH,2,"South Dakota, United States",US,USSD,,44.2853,-99.4632,SD,2,"South Dakota, United States",US,USSD,,44.2853,-99.4632,SD,20191220181500,Fight,Material conflict
894283710,20191220,201912,CHN,CHINA,CHN,,,,,,,,USAGOV,THE US,USA,,,,,GOV,,,1,040,040,04,1,1.0,6,1,6,-3.88978930307941,4,"Pyongyang, P'yongyang-si, North Korea",KN,KN12,39681,39.0194,125.755,-183459,4,"Pyongyang, P'yongyang-si, North Korea",KN,KN12,39681,39.0194,125.755,-183459,4,"Pyongyang, P'yongyang-si, North Korea",KN,KN12,39681,39.0194,125.755,-183459,20191220181500,Consult,Verbal cooperation
894284812,20191220,201912,USA,MISSOURI,USA,,,,,,,,CHN,CHINESE,CHN,,,,,,,,1,173,173,17,4,-5.0,20,2,20,-11.7977528089888,3,"Lamine River, Missouri, United States",US,USMO,MO053,38.9797,-92.8513,729761,3,"Lamine River, Missouri, United States",US,USMO,,38.9797,-92.8513,729761,3,"Lamine River, Missouri, United States",US,USMO,,38.9797,-92.8513,729761,20191220181500,Coerce,Material conflict
894284814,20191220,201912,USA,SOUTH DAKOTA,USA,,,,,,,,CHN,CANTON,CHN,,,,,,,,1,190,190,19,4,-10.0,12,2,12,-3.44827586206897,2,"South Dakota, United States",US,USSD,,44.2853,-99.4632,SD,1,China,CH,CH,,35.0,105.0,CH,2,"South Dakota, United States",US,USSD,,44.2853,-99.4632,SD,20191220181500,Fight,Material conflict
894289091,20191220,201912,CHN,CHINESE,CHN,,,,,,,,USA,WASHINGTON,USA,,,,,,,,1,010,010,01,1,0.0,6,1,6,-1.05633802816901,1,China,CH,CH,,35.0,105.0,CH,3,"Washington, District of Columbia, United States",US,USDC,DC001,38.8951,-77.0364,531871,1,China,CH,CH,,35.0,105.0,CH,20191220184500,Make public statement,Verbal cooperation
894290243,20191220,201912,USA,NEW YORK,USA,,,,,,,,CHN,CHINESE,CHN,,,,,,,,1,129,129,12,3,-5.0,6,1,6,-2.56410256410257,2,"New York, United States",US,USNY,,42.1497,-74.9384,NY,1,China,CH,CH,,35.0,105.0,CH,1,China,CH,CH,,35.0,105.0,CH,20191220184500,Reject,Verbal conflict
894290416,20191220,201912,USALEG,THE US,USA,,,,,LEG,,,CHN,CHINA,CHN,,,,,,,,1,061,061,06,2,6.4,10,1,10,-4.85436893203884,1,China,CH,CH,,35.0,105.0,CH,1,China,CH,CH,,35.0,105.0,CH,1,China,CH,CH,,35.0,105.0,CH,20191220184500,Engage in material cooperation,Material cooperation
894295649,20191220,201912,CHN,CHINA,CHN,,,,,,,,USA,THE US,USA,,,,,,,,1,040,040,04,1,1.0,6,1,6,-3.85232744783307,4,"Pyongyang, P'yongyang-si, North Korea",KN,KN12,39681,39.0194,125.755,-183459,4,"Pyongyang, P'yongyang-si, North Korea",KN,KN12,39681,39.0194,125.755,-183459,4,"Pyongyang, P'yongyang-si, North Korea",KN,KN12,39681,39.0194,125.755,-183459,20191220193000,Consult,Verbal cooperation
894295651,20191220,201912,CHN,CHINA,CHN,,,,,,,,USAGOV,THE US,USA,,,,,GOV,,,1,040,040,04,1,1.0,6,1,6,-3.12965722801789,4,"Beijing, Beijing, China",CH,CH22,13001,39.9289,116.388,-1898541,4,"Xinjiang, Jiangxi, China",CH,CH03,13167,27.7481,116.274,11065838,4,"Beijing, Beijing, China",CH,CH22,13001,39.9289,116.388,-1898541,20191220193000,Consult,Verbal cooperation
894296819,20191220,201912,USAGOV,THE US,USA,,,,,GOV,,,CHN,CHINA,CHN,,,,,,,,1,040,040,04,1,1.0,6,1,6,-3.72771474878444,4,"Xinjiang, Jiangxi, China",CH,CH03,13167,27.7481,116.274,11065838,4,"Xinjiang, Jiangxi, China",CH,CH03,13167,27.7481,116.274,11065838,4,"Xinjiang, Jiangxi, China",CH,CH03,13167,27.7481,116.274,11065838,20191220193000,Consult,Verbal cooperation
894302054,20191220,201912,USA,UNITED STATES,USA,,,,,,,,CHN,CHINA,CHN,,,,,,,,1,173,173,17,4,-5.0,8,1,8,-6.74846625766871,1,China,CH,CH,,35.0,105.0,CH,3,"Madison County, Mississippi, United States",US,USMS,,32.5651,-90.0645,695768,3,"Madison County, Mississippi, United States",US,USMS,,32.5651,-90.0645,695768,20191220200000,Coerce,Material conflict
894303582,20191220,201912,USA,UNITED STATES,USA,,,,,,,,CHN,CHINA,CHN,,,,,,,,1,043,043,04,1,2.8,8,1,8,-0.0911577028258903,1,United States,US,US,,39.828175,-98.5795,US,4,"Beijing, Beijing, China",CH,CH22,13001,39.9289,116.388,-1898541,1,United States,US,US,,39.828175,-98.5795,US,20191220201500,Consult,Verbal cooperation
894306112,20191220,201912,USA,MISSOURI,USA,,,,,,,,CHN,CHINA,CHN,,,,,,,,1,010,010,01,1,0.0,8,1,8,-4.82573726541555,1,Hong Kong,HK,HK,,22.25,114.166667,HK,1,Hong Kong,HK,HK,,22.25,114.166667,HK,1,Hong Kong,HK,HK,,22.25,114.166667,HK,20191220203000,Make public statement,Verbal cooperation
894320436,20191220,201912,CHN,CHINA,CHN,,,,,,,,USA,UNITED STATES,USA,,,,,,,,1,040,040,04,1,1.0,6,1,6,-0.88495575221239,4,"Tiananmen Square, Beijing, China",CH,CH22,13001,39.9044,116.391,9244097,1,United States,US,US,,39.828175,-98.5795,US,4,"Tiananmen Square, Beijing, China",CH,CH22,13001,39.9044,116.391,9244097,20191220223000,Consult,Verbal cooperation
894323845,20191220,201912,USA,WASHINGTON,USA,,,,,,,,CHN,CHINESE,CHN,,,,,,,,1,046,046,04,1,7.0,20,2,20,1.52393617021276,4,"Beijing, Beijing, China",CH,CH22,13001,39.9289,116.388,-1898541,3,"Washington, District of Columbia, United States",US,USDC,DC001,38.8951,-77.0364,531871,3,"Washington, District of Columbia, United States",US,USDC,DC001,38.8951,-77.0364,531871,20191220224500,Consult,Verbal cooperation
894323846,20191220,201912,USA,WASHINGTON,USA,,,,,,,,CHN,CHINESE,CHN,,,,,,,,1,046,046,04,1,7.0,20,2,20,1.52393617021276,3,"Washington, District of Columbia, United States",US,USDC,DC001,38.8951,-77.0364,531871,4,"Beijing, Beijing, China",CH,CH22,13001,39.9289,116.388,-1898541,4,"Beijing, Beijing, China",CH,CH22,13001,39.9289,116.388,-1898541,20191220224500,Consult,Verbal cooperation
894324682,20191220,201912,CHN,CHINA,CHN,,,,,,,,MNCUSA,GOLDMAN SACHS,USA,,,,,MNC,,,1,061,061,06,2,6.4,10,1,10,-3.28358208955224,1,China,CH,CH,,35.0,105.0,CH,1,China,CH,CH,,35.0,105.0,CH,1,China,CH,CH,,35.0,105.0,CH,20191220230000,Engage in material cooperation,Material cooperation
894324694,20191220,201912,CHNGOV,CHINA,CHN,,,,,GOV,,,USA,WASHINGTON,USA,,,,,,,,1,020,020,02,1,3.0,8,1,8,-1.6,4,"Beijing, Beijing, China",CH,CH22,13001,39.9289,116.388,-1898541,3,"Washington, District of Columbia, United States",US,USDC,DC001,38.8951,-77.0364,531871,1,Canada,CA,CA,,60.0,-96.0,CA,20191220230000,Appeal,Verbal cooperation
894331525,20191221,201912,CHN,CHINA,CHN,,,,,,,,USAGOV,THE US,USA,,,,,GOV,,,1,040,040,04,1,1.0,6,1,6,-2.85035629453682,4,"Beijing, Beijing, China",CH,CH22,13001,39.9289,116.388,-1898541,4,"Beijing, Beijing, China",CH,CH22,13001,39.9289,116.388,-1898541,4,"Beijing, Beijing, China",CH,CH22,13001,39.9289,116.388,-1898541,20191221000000,Consult,Verbal cooperation
894331527,20191221,201912,CHNCOP,CHINESE,CHN,,,,,COP,,,USA,THE US,USA,,,,,,,,1,020,020,02,1,3.0,10,1,6,1.30597014925373,4,"Beijing, Beijing, China",CH,CH22,13001,39.9289,116.388,-1898541,1,South Korea,KS,KS,,37.0,127.5,KS,4,"Beijing, Beijing, China",CH,CH22,13001,39.9289,116.388,-1898541,20191221000000,Appeal,Verbal cooperation
894333563,20191221,201912,USA,LAWRENCE,USA,,,,,,,,CHN,CANTON,CHN,,,,,,,,1,112,112,11,3,-2.0,8,1,8,-14.3939393939394,1,China,CH,CH,,35.0,105.0,CH,1,China,CH,CH,,35.0,105.0,CH,1,China,CH,CH,,35.0,105.0,CH,20191221000000,Disapprove,Verbal conflict
894333564,20191221,201912,USA,LAWRENCE,USA,,,,,,,,CHN,CANTON,CHN,,,,,,,,1,173,173,17,4,-5.0,10,1,10,-14.3939393939394,1,China,CH,CH,,35.0,105.0,CH,1,China,CH,CH,,35.0,105.0,CH,1,China,CH,CH,,35.0,105.0,CH,20191221000000,Coerce,Material conflict
894333952,20191221,201912,USAGOV,THE US,USA,,,,,GOV,,,CHN,CHINA,CHN,,,,,,,,1,040,040,04,1,1.0,6,1,6,-2.85035629453682,4,"Beijing, Beijing, China",CH,CH22,13001,39.9289,116.388,-1898541,4,"Beijing, Beijing, China",CH,CH22,13001,39.9289,116.388,-1898541,4,"Beijing, Beijing, China",CH,CH22,13001,39.9289,116.388,-1898541,20191221000000,Consult,Verbal cooperation
894337370,20191221,201912,USA,CHICAGO,USA,,,,,,,,CHNOPP,TIBET,CHN,,,,,OPP,,,1,051,051,05,1,3.4,10,1,10,0.0,3,"Chicago, Illinois, United States",US,USIL,IL031,41.85,-87.6501,423587,3,"Chicago, Illinois, United States",US,USIL,IL031,41.85,-87.6501,423587,3,"Chicago, Illinois, United States",US,USIL,IL031,41.85,-87.6501,423587,20191221001500,Engage in diplomatic cooperation,Verbal cooperation
894337371,20191221,201912,USA,CHICAGO,USA,,,,,,,,CHNOPP,TIBET,CHN,,,,,OPP,,,1,141,141,14,3,-6.5,10,1,10,0.0,3,"Chicago, Illinois, United States",US,USIL,IL031,41.85,-87.6501,423587,3,"Chicago, Illinois, United States",US,USIL,IL031,41.85,-87.6501,423587,3,"Chicago, Illinois, United States",US,USIL,IL031,41.85,-87.6501,423587,20191221001500,Protest,Verbal conflict
894339115,20191221,201912,CHN,CHINESE,CHN,,,,,,,,USA,WASHINGTON,USA,,,,,,,,1,046,046,04,1,7.0,10,1,10,1.57894736842105,4,"Beijing, Beijing, China",CH,CH22,13001,39.9289,116.388,-1898541,3,"Washington, District of Columbia, United States",US,USDC,DC001,38.8951,-77.0364,531871,4,"Beijing, Beijing, China",CH,CH22,13001,39.9289,116.388,-1898541,20191221003000,Consult,Verbal cooperation
894352705,20191221,201912,CHN,CHINESE,CHN,,,,,,,,USA,CALIFORNIA,USA,,,,,,,,1,173,173,17,4,-5.0,10,1,10,3.05676855895196,1,Germany,GM,GM,,51.5,10.5,GM,1,Germany,GM,GM,,51.5,10.5,GM,1,Germany,GM,GM,,51.5,10.5,GM,20191221014500,Coerce,Material conflict
894353909,20191221,201912,USA,UNITED STATES,USA,,,,,,,,CHN,CHINESE,CHN,,,,,,,,1,060,060,06,2,6.0,8,2,8,1.48007924169958,2,"California, United States",US,USCA,,36.17,-119.746,CA,2,"California, United States",US,USCA,,36.17,-119.746,CA,2,"California, United States",US,USCA,,36.17,-119.746,CA,20191221014500,Engage in material cooperation,Material cooperation
894353910,20191221,201912,USA,UNITED STATES,USA,,,,,,,,CHNBUS,CHINA,CHN,,,,,BUS,,,1,060,060,06,2,6.0,8,2,8,1.48007924169958,2,"California, United States",US,USCA,,36.17,-119.746,CA,2,"California, United States",US,USCA,,36.17,-119.746,CA,2,"California, United States",US,USCA,,36.17,-119.746,CA,20191221014500,Engage in material cooperation,Material cooperation
894356369,20191221,201912,CHN,CHINA,CHN,,,,,,,,USA,UNITED STATES,USA,,,,,,,,1,061,061,06,2,6.4,10,1,10,-2.09742895805142,1,China,CH,CH,,35.0,105.0,CH,2,"Texas, United States",US,USTX,,31.106,-97.6475,TX,2,"Texas, United States",US,USTX,,31.106,-97.6475,TX,20191221021500,Engage in material cooperation,Material cooperation
894366019,20191221,201912,CHN,CHINA,CHN,,,,,,,,USA,THE US,USA,,,,,,,,1,030,030,03,1,4.0,8,1,8,-0.93896713615024,4,"Xinjiang, Jiangxi, China",CH,CH03,13167,27.7481,116.274,11065838,1,Hong Kong,HK,HK,,22.25,114.166667,HK,4,"Xinjiang, Jiangxi, China",CH,CH03,13167,27.7481,116.274,11065838,20191221033000,Express intent to cooperate,Verbal cooperation
894366022,20191221,201912,CHN,CANTON,CHN,,,,,,,,USA,FLORIDA,USA,,,,,,,,1,043,043,04,1,2.8,6,1,6,-2.4516129032258,1,China,CH,CH,,35.0,105.0,CH,2,"Florida, United States",US,USFL,,27.8333,-81.717,FL,2,"Florida, United States",US,USFL,,27.8333,-81.717,FL,20191221033000,Consult,Verbal cooperation
894366024,20191221,201912,CHN,CHINA,CHN,,,,,,,,USA,THE US,USA,,,,,,,,1,057,057,05,1,8.0,8,1,8,-0.93896713615024,4,"Xinjiang, Jiangxi, China",CH,CH03,13167,27.7481,116.274,11065838,1,Hong Kong,HK,HK,,22.25,114.166667,HK,4,"Xinjiang, Jiangxi, China",CH,CH03,13167,27.7481,116.274,11065838,20191221033000,Engage in diplomatic cooperation,Verbal cooperation
894366882,20191221,201912,USA,THE US,USA,,,,,,,,CHN,CHINA,CHN,,,,,,,,1,030,030,03,1,4.0,8,1,8,-0.93896713615024,1,Hong Kong,HK,HK,,22.25,114.166667,HK,4,"Xinjiang, Jiangxi, China",CH,CH03,13167,27.7481,116.274,11065838,4,"Xinjiang, Jiangxi, China",CH,CH03,13167,27.7481,116.274,11065838,20191221033000,Express intent to cooperate,Verbal cooperation
894366884,20191221,201912,USA,FLORIDA,USA,,,,,,,,CHN,CANTON,CHN,,,,,,,,1,042,042,04,1,1.9,6,1,6,-2.4516129032258,2,"Arizona, United States",US,USAZ,,33.7712,-111.388,AZ,2,"Arizona, United States",US,USAZ,,33.7712,-111.388,AZ,2,"Arizona, United States",US,USAZ,,33.7712,-111.388,AZ,20191221033000,Consult,Verbal cooperation
894366887,20191221,201912,USA,THE US,USA,,,,,,,,CHN,CHINA,CHN,,,,,,,,1,057,057,05,1,8.0,8,1,8,-0.93896713615024,1,Hong Kong,HK,HK,,22.25,114.166667,HK,4,"Xinjiang, Jiangxi, China",CH,CH03,13167,27.7481,116.274,11065838,4,"Xinjiang, Jiangxi, China",CH,CH03,13167,27.7481,116.274,11065838,20191221033000,Engage in diplomatic cooperation,Verbal cooperation
894371862,20191221,201912,CHN,CHINA,CHN,,,,,,,,USAGOV,THE US,USA,,,,,GOV,,,1,040,040,04,1,1.0,6,1,6,-3.27635327635327,4,"Pyongyang, P'yongyang-si, North Korea",KN,KN12,39681,39.0194,125.755,-183459,4,"Pyongyang, P'yongyang-si, North Korea",KN,KN12,39681,39.0194,125.755,-183459,4,"Pyongyang, P'yongyang-si, North Korea",KN,KN12,39681,39.0194,125.755,-183459,20191221043000,Consult,Verbal cooperation
894372579,20191221,201912,USAGOV,THE US,USA,,,,,GOV,,,CHN,CHINA,CHN,,,,,,,,1,040,040,04,1,1.0,6,1,6,-3.27635327635327,4,"Xinjiang, Jiangxi, China",CH,CH03,13167,27.7481,116.274,11065838,4,"Xinjiang, Jiangxi, China",CH,CH03,13167,27.7481,116.274,11065838,4,"Xinjiang, Jiangxi, China",CH,CH03,13167,27.7481,116.274,11065838,20191221043000,Consult,Verbal cooperation
894373103,20191221,201912,CHN,CANTON,CHN,,,,,,,,USA,LAWRENCE,USA,,,,,,,,1,180,180,18,4,-9.0,10,1,10,-6.36833046471601,1,China,CH,CH,,35.0,105.0,CH,1,China,CH,CH,,35.0,105.0,CH,1,China,CH,CH,,35.0,105.0,CH,20191221044500,Assault,Material conflict
894373739,20191221,201912,USAGOV,US OFFICIAL,USA,,,,,GOV,,,CHN,CHINA,CHN,,,,,,,,1,112,112,11,3,-2.0,8,1,8,-4.6793760831889,1,China,CH,CH,,35.0,105.0,CH,1,China,CH,CH,,35.0,105.0,CH,1,China,CH,CH,,35.0,105.0,CH,20191221044500,Disapprove,Verbal conflict
894379726,20191221,201912,USA,AMERICAN,USA,,,,,,,,CHN,CHINA,CHN,,,,,,,,1,111,111,11,3,-2.0,7,1,7,-2.83822138126774,2,"Georgia, United States",US,USGA,,32.9866,-83.6487,GA,2,"Georgia, United States",US,USGA,,32.9866,-83.6487,GA,2,"Georgia, United States",US,USGA,,32.9866,-83.6487,GA,20191221054500,Disapprove,Verbal conflict
894384900,20191221,201912,USAGOV,THE US,USA,,,,,GOV,,,CHN,CHINA,CHN,,,,,,,,1,040,040,04,1,1.0,6,1,6,-4.01854714064915,4,"Xinjiang, Jiangxi, China",CH,CH03,13167,27.7481,116.274,11065838,4,"Beijing, Beijing, China",CH,CH22,13001,39.9289,116.388,-1898541,4,"Beijing, Beijing, China",CH,CH22,13001,39.9289,116.388,-1898541,20191221063000,Consult,Verbal cooperation
894385524,20191221,201912,CHN,CHINA,CHN,,,,,,,,USA,UNITED STATES,USA,,,,,,,,1,061,061,06,2,6.4,6,1,6,3.3096926713948,1,China,CH,CH,,35.0,105.0,CH,1,United States,US,US,,39.828175,-98.5795,US,1,China,CH,CH,,35.0,105.0,CH,20191221064500,Engage in material cooperation,Material cooperation
894386007,20191221,201912,USA,UNITED STATES,USA,,,,,,,,CHN,CHINA,CHN,,,,,,,,1,061,061,06,2,6.4,10,1,10,3.3096926713948,1,China,CH,CH,,35.0,105.0,CH,1,China,CH,CH,,35.0,105.0,CH,1,China,CH,CH,,35.0,105.0,CH,20191221064500,Engage in material cooperation,Material cooperation
894407308,20191221,201912,USA,UNITED STATES,USA,,,,,,,,CHN,CHINA,CHN,,,,,,,,1,061,061,06,2,6.4,8,1,8,-0.27434842249657,1,United States,US,US,,39.828175,-98.5795,US,1,United States,US,US,,39.828175,-98.5795,US,1,United States,US,US,,39.828175,-98.5795,US,20191221103000,Engage in material cooperation,Material cooperation
894409014,20191221,201912,USA,UNITED STATES,USA,,,,,,,,CHN,CHINESE,CHN,,,,,,,,1,020,020,02,1,3.0,10,1,10,-2.23214285714285,3,"Washington, District of Columbia, United States",US,USDC,DC001,38.8951,-77.0364,531871,4,"Beijing, Beijing, China",CH,CH22,13001,39.9289,116.388,-1898541,3,"Washington, District of Columbia, United States",US,USDC,DC001,38.8951,-77.0364,531871,20191221104500,Appeal,Verbal cooperation
894421471,20191221,201912,USABUS,AMERICAN,USA,,,,,BUS,,,CHN,BEIJING,CHN,,,,,,,,1,0841,084,08,2,7.0,6,1,6,-1.88415910676902,4,"Beijing, Beijing, China",CH,CH22,13001,39.9289,116.388,-1898541,4,"Beijing, Beijing, China",CH,CH22,13001,39.9289,116.388,-1898541,4,"Beijing, Beijing, China",CH,CH22,13001,39.9289,116.388,-1898541,20191221124500,Yield,Material cooperation
894424395,20191221,201912,USAJUD,BUFFALO,USA,,,,,JUD,,,CHN,CHINA,CHN,,,,,,,,1,173,173,17,4,-5.0,6,1,6,-6.19469026548673,4,"Yanyan, Guangdong, China",CH,CH30,13038,23.1769,114.794,6026348,4,"Yanyan, Guangdong, China",CH,CH30,13038,23.1769,114.794,6026348,4,"Yanyan, Guangdong, China",CH,CH30,13038,23.1769,114.794,6026348,20191221131500,Coerce,Material conflict
894445099,20191221,201912,CHN,CHINA,CHN,,,,,,,,USA,THE US,USA,,,,,,,,1,012,012,01,1,-0.4,8,1,8,3.39869281045751,4,"Xinjiang, Jiangxi, China",CH,CH03,13167,27.7481,116.274,11065838,1,United States,US,US,,39.828175,-98.5795,US,4,"Xinjiang, Jiangxi, China",CH,CH03,13167,27.7481,116.274,11065838,20191221164500,Make public statement,Verbal cooperation
894445101,20191221,201912,CHN,CANTON,CHN,,,,,,,,USA,SOUTH DAKOTA,USA,,,,,,,,1,190,190,19,4,-10.0,6,1,6,-3.44827586206897,1,China,CH,CH,,35.0,105.0,CH,2,"South Dakota, United States",US,USSD,,44.2853,-99.4632,SD,2,"South Dakota, United States",US,USSD,,44.2853,-99.4632,SD,20191221164500,Fight,Material conflict
894445651,20191221,201912,USA,SOUTH DAKOTA,USA,,,,,,,,CHN,CANTON,CHN,,,,,,,,1,190,190,19,4,-10.0,6,1,6,-3.44827586206897,2,"South Dakota, United States",US,USSD,,44.2853,-99.4632,SD,1,China,CH,CH,,35.0,105.0,CH,2,"South Dakota, United States",US,USSD,,44.2853,-99.4632,SD,20191221164500,Fight,Material conflict
894448023,20191221,201912,CHN,CHINA,CHN,,,,,,,,USAGOV,U.S.,USA,,,,,GOV,,,1,030,030,03,1,4.0,6,1,6,-0.99009900990099,4,"Shanghai, Shanghai, China",CH,CH23,13243,31.2222,121.458,-1924465,4,"Republic Of China, Taiwan (general), Taiwan",TW,TW00,13277,24.0,121.0,-2637939,4,"Republic Of China, Taiwan (general), Taiwan",TW,TW00,13277,24.0,121.0,-2637939,20191221171500,Express intent to cooperate,Verbal cooperation
894452868,20191221,201912,CHN,CHINA,CHN,,,,,,,,MNCUSA,MICROSOFT,USA,,,,,MNC,,,1,043,043,04,1,2.8,9,1,7,-0.47732696897375,4,"Shenzhen, Guangdong, China",CH,CH30,13036,22.2,111.117,-1925267,4,"Shenzhen, Guangdong, China",CH,CH30,13036,22.2,111.117,-1925267,4,"Shenzhen, Guangdong, China",CH,CH30,13036,22.2,111.117,-1925267,20191221180000,Consult,Verbal cooperation
894455302,20191221,201912,CHN,CHINESE,CHN,,,,,,,,USABUS,AMERICAN,USA,,,,,BUS,,,1,160,160,16,4,-4.0,6,1,6,-0.93240093240093,1,United States,US,US,,39.828175,-98.5795,US,1,United States,US,US,,39.828175,-98.5795,US,1,United States,US,US,,39.828175,-98.5795,US,20191221183000,Reduce relations,Material conflict
894455899,20191221,201912,USAAGR,MISSOURI,USA,,,,,AGR,,,CHN,CHINA,CHN,,,,,,,,1,012,012,01,1,-0.4,6,1,6,-2.5522041763341,2,"Missouri, United States",US,USMO,,38.4623,-92.302,MO,2,"Missouri, United States",US,USMO,,38.4623,-92.302,MO,2,"Missouri, United States",US,USMO,,38.4623,-92.302,MO,20191221183000,Make public statement,Verbal cooperation
894455900,20191221,201912,USABUS,AMERICAN,USA,,,,,BUS,,,CHN,BEIJING,CHN,,,,,,,,1,0841,084,08,2,7.0,6,1,6,-1.90409026798307,3,"Washington, District of Columbia, United States",US,USDC,DC001,38.8951,-77.0364,531871,3,"Washington, District of Columbia, United States",US,USDC,DC001,38.8951,-77.0364,531871,3,"Washington, District of Columbia, United States",US,USDC,DC001,38.8951,-77.0364,531871,20191221183000,Yield,Material cooperation
894475230,20191221,201912,USA,TEXAS,USA,,,,,,,,CHN,CANTON,CHN,,,,,,,,1,042,042,04,1,1.9,6,1,6,-1.63934426229509,2,"Texas, United States",US,USTX,,31.106,-97.6475,TX,2,"Texas, United States",US,USTX,,31.106,-97.6475,TX,2,"Texas, United States",US,USTX,,31.106,-97.6475,TX,20191221223000,Consult,Verbal cooperation
894476493,20191221,201912,USAAGR,MISSOURI,USA,,,,,AGR,,,CHN,CHINA,CHN,,,,,,,,1,012,012,01,1,-0.4,6,1,6,-8.33333333333335,1,China,CH,CH,,35.0,105.0,CH,1,China,CH,CH,,35.0,105.0,CH,1,China,CH,CH,,35.0,105.0,CH,20191221224500,Make public statement,Verbal cooperation
894477973,20191221,201912,CHN,CHINA,CHN,,,,,,,,USA,UNITED STATES,USA,,,,,,,,1,061,061,06,2,6.4,8,1,8,2.66666666666667,1,China,CH,CH,,35.0,105.0,CH,2,"Florida, United States",US,USFL,,27.8333,-81.717,FL,1,China,CH,CH,,35.0,105.0,CH,20191221231500,Engage in material cooperation,Material cooperation
894478293,20191221,201912,USA,UNITED STATES,USA,,,,,,,,CHN,CHINA,CHN,,,,,,,,1,061,061,06,2,6.4,10,1,10,2.66666666666667,2,"Florida, United States",US,USFL,,27.8333,-81.717,FL,2,"Florida, United States",US,USFL,,27.8333,-81.717,FL,2,"Florida, United States",US,USFL,,27.8333,-81.717,FL,20191221231500,Engage in material cooperation,Material cooperation
894479952,20191221,201912,CHN,CHINA,CHN,,,,,,,,USA,UNITED STATES,USA,,,,,,,,1,061,061,06,2,6.4,6,1,6,1.41509433962265,3,"West Palm Beach, Florida, United States",US,USFL,FL099,26.7153,-80.0534,293097,3,"West Palm Beach, Florida, United States",US,USFL,,26.7153,-80.0534,293097,3,"West Palm Beach, Florida, United States",US,USFL,,26.7153,-80.0534,293097,20191221234500,Engage in material cooperation,Material cooperation
894479953,20191221,201912,CHN,CHINA,CHN,,,,,,,,USA,UNITED STATES,USA,,,,,,,,1,061,061,06,2,6.4,6,1,6,1.41509433962265,3,"West Palm Beach, Florida, United States",US,USFL,FL099,26.7153,-80.0534,293097,3,"West Palm Beach, Florida, United States",US,USFL,,26.7153,-80.0534,293097,1,China,CH,CH,,35.0,105.0,CH,20191221234500,Engage in material cooperation,Material cooperation
894479954,20191221,201912,CHN,CHINA,CHN,,,,,,,,USA,UNITED STATES,USA,,,,,,,,1,061,061,06,2,6.4,18,1,18,1.41509433962265,1,China,CH,CH,,35.0,105.0,CH,3,"West Palm Beach, Florida, United States",US,USFL,,26.7153,-80.0534,293097,1,China,CH,CH,,35.0,105.0,CH,20191221234500,Engage in material cooperation,Material cooperation
894482637,20191222,201912,CHN,CHINA,CHN,,,,,,,,USA,UNITED STATES,USA,,,,,,,,1,061,061,06,2,6.4,6,1,6,1.26582278481012,1,China,CH,CH,,35.0,105.0,CH,2,"Florida, United States",US,USFL,,27.8333,-81.717,FL,1,China,CH,CH,,35.0,105.0,CH,20191222001500,Engage in material cooperation,Material cooperation
894483432,20191222,201912,USA,UNITED STATES,USA,,,,,,,,CHN,CHINA,CHN,,,,,,,,1,061,061,06,2,6.4,10,1,10,1.26582278481012,2,"Florida, United States",US,USFL,,27.8333,-81.717,FL,2,"Florida, United States",US,USFL,,27.8333,-81.717,FL,2,"Florida, United States",US,USFL,,27.8333,-81.717,FL,20191222001500,Engage in material cooperation,Material cooperation
894485076,20191222,201912,CHN,CHINA,CHN,,,,,,,,USA,UNITED STATES,USA,,,,,,,,1,061,061,06,2,6.4,6,1,6,2.04778156996587,1,China,CH,CH,,35.0,105.0,CH,3,"Washington, District of Columbia, United States",US,USDC,DC001,38.8951,-77.0364,531871,1,China,CH,CH,,35.0,105.0,CH,20191222003000,Engage in material cooperation,Material cooperation
894485077,20191222,201912,CHN,CHINA,CHN,,,,,,,,USABUS,THE US,USA,,,,,BUS,,,1,030,030,03,1,4.0,6,1,6,1.5625,4,"Beijing, Beijing, China",CH,CH22,13001,39.9289,116.388,-1898541,4,"Beijing, Beijing, China",CH,CH22,13001,39.9289,116.388,-1898541,4,"Beijing, Beijing, China",CH,CH22,13001,39.9289,116.388,-1898541,20191222003000,Express intent to cooperate,Verbal cooperation
894486061,20191222,201912,USA,UNITED STATES,USA,,,,,,,,CHN,CHINA,CHN,,,,,,,,1,061,061,06,2,6.4,6,1,6,2.04778156996587,1,China,CH,CH,,35.0,105.0,CH,1,China,CH,CH,,35.0,105.0,CH,1,China,CH,CH,,35.0,105.0,CH,20191222003000,Engage in material cooperation,Material cooperation
894486172,20191222,201912,USABUS,THE US,USA,,,,,BUS,,,CHN,CHINA,CHN,,,,,,,,1,030,030,03,1,4.0,10,1,10,1.5625,4,"Shanghai, Shanghai, China",CH,CH23,13243,31.2222,121.458,-1924465,4,"Shanghai, Shanghai, China",CH,CH23,13243,31.2222,121.458,-1924465,4,"Shanghai, Shanghai, China",CH,CH23,13243,31.2222,121.458,-1924465,20191222003000,Express intent to cooperate,Verbal cooperation
894488438,20191222,201912,CHN,CHINA,CHN,,,,,,,,USA,UNITED STATES,USA,,,,,,,,1,061,061,06,2,6.4,6,1,6,1.41509433962265,1,China,CH,CH,,35.0,105.0,CH,3,"West Palm Beach, Florida, United States",US,USFL,,26.7153,-80.0534,293097,1,China,CH,CH,,35.0,105.0,CH,20191222010000,Engage in material cooperation,Material cooperation
894489434,20191222,201912,USAAGR,MISSOURI,USA,,,,,AGR,,,CHN,CHINA,CHN,,,,,,,,1,012,012,01,1,-0.4,6,1,6,-8.33333333333335,1,China,CH,CH,,35.0,105.0,CH,1,China,CH,CH,,35.0,105.0,CH,1,China,CH,CH,,35.0,105.0,CH,20191222010000,Make public statement,Verbal cooperation
894490185,20191221,201912,CHN,BEIJING,CHN,,,,,,,,USAGOV,THE US,USA,,,,,GOV,,,1,036,036,03,1,4.0,7,1,7,-2.82392026578073,4,"Beijing, Beijing, China",CH,CH22,13001,39.9289,116.388,-1898541,4,"Beijing, Beijing, China",CH,CH22,13001,39.9289,116.388,-1898541,4,"Beijing, Beijing, China",CH,CH22,13001,39.9289,116.388,-1898541,20191222011500,Express intent to cooperate,Verbal cooperation
894490188,20191221,201912,USAGOV,THE US,USA,,,,,GOV,,,CHN,BEIJING,CHN,,,,,,,,1,036,036,03,1,4.0,7,1,7,-2.82392026578073,4,"Beijing, Beijing, China",CH,CH22,13001,39.9289,116.388,-1898541,4,"Beijing, Beijing, China",CH,CH22,13001,39.9289,116.388,-1898541,4,"Beijing, Beijing, China",CH,CH22,13001,39.9289,116.388,-1898541,20191222011500,Express intent to cooperate,Verbal cooperation
894491233,20191222,201912,USAAGR,MISSOURI,USA,,,,,AGR,,,CHN,CHINA,CHN,,,,,,,,1,012,012,01,1,-0.4,6,1,6,-2.79187817258883,2,"Missouri, United States",US,USMO,,38.4623,-92.302,MO,2,"Missouri, United States",US,USMO,,38.4623,-92.302,MO,2,"Missouri, United States",US,USMO,,38.4623,-92.302,MO,20191222011500,Make public statement,Verbal cooperation
894506711,20191222,201912,USA,THE US,USA,,,,,,,,CHN,CHINA,CHN,,,,,,,,1,130,130,13,3,-4.4,10,1,10,-0.398406374502,1,India,IN,IN,,20.0,77.0,IN,1,India,IN,IN,,20.0,77.0,IN,1,India,IN,IN,,20.0,77.0,IN,20191222041500,Threaten,Verbal conflict
894510838,20191222,201912,CHN,CHINESE,CHN,,,,,,,,USA,CALIF,USA,,,,,,,,1,043,043,04,1,2.8,6,1,6,6.70611439842209,1,China,CH,CH,,35.0,105.0,CH,3,"Berkeley, California, United States",US,USCA,CA001,37.8716,-122.273,1658037,1,China,CH,CH,,35.0,105.0,CH,20191222051500,Consult,Verbal cooperation
894515680,20191222,201912,CHN,CHINA,CHN,,,,,,,,USA,UNITED STATES,USA,,,,,,,,1,080,080,08,2,5.0,8,1,8,1.84331797235023,1,China,CH,CH,,35.0,105.0,CH,1,United States,US,US,,39.828175,-98.5795,US,1,United States,US,US,,39.828175,-98.5795,US,20191222061500,Yield,Material cooperation
894516020,20191222,201912,USA,UNITED STATES,USA,,,,,,,,CHN,CHINA,CHN,,,,,,,,1,080,080,08,2,5.0,8,1,8,1.84331797235023,1,United States,US,US,,39.828175,-98.5795,US,1,China,CH,CH,,35.0,105.0,CH,1,United States,US,US,,39.828175,-98.5795,US,20191222061500,Yield,Material cooperation
894528985,20191222,201912,CHN,CHINA,CHN,,,,,,,,USA,WASHINGTON,USA,,,,,,,,1,026,026,02,1,4.0,10,1,10,-3.32480818414323,4,"Chengdu, Sichuan, China",CH,CH32,13270,30.6667,104.067,-1900349,3,"Washington, District of Columbia, United States",US,USDC,DC001,38.8951,-77.0364,531871,1,Russia,RS,RS,,60.0,100.0,RS,20191222084500,Appeal,Verbal cooperation
894536469,20191222,201912,CHN,CHINA,CHN,,,,,,,,USA,UNITED STATES,USA,,,,,,,,1,0311,031,03,1,5.2,8,1,8,1.51843817787418,4,"Beijing, Beijing, China",CH,CH22,13001,39.9289,116.388,-1898541,2,"Florida, United States",US,USFL,,27.8333,-81.717,FL,4,"Beijing, Beijing, China",CH,CH22,13001,39.9289,116.388,-1898541,20191222101500,Express intent to cooperate,Verbal cooperation
894536471,20191222,201912,CHN,CHINA,CHN,,,,,,,,USA,CALIF,USA,,,,,,,,1,043,043,04,1,2.8,8,1,8,5.78034682080926,1,China,CH,CH,,35.0,105.0,CH,3,"Berkeley, California, United States",US,USCA,CA001,37.8716,-122.273,1658037,3,"Berkeley, California, United States",US,USCA,CA001,37.8716,-122.273,1658037,20191222101500,Consult,Verbal cooperation
894537026,20191222,201912,USA,UNITED STATES,USA,,,,,,,,CHN,CHINA,CHN,,,,,,,,1,0311,031,03,1,5.2,8,1,8,1.51843817787418,2,"Florida, United States",US,USFL,,27.8333,-81.717,FL,4,"Beijing, Beijing, China",CH,CH22,13001,39.9289,116.388,-1898541,4,"Beijing, Beijing, China",CH,CH22,13001,39.9289,116.388,-1898541,20191222101500,Express intent to cooperate,Verbal cooperation
894540129,20191222,201912,USA,HAWAII,USA,,,,,,,,CHN,CHINA,CHN,,,,,,,,1,043,043,04,1,2.8,7,1,7,5.89318600368324,2,"Hawaii, United States",US,USHI,,21.1098,-157.531,HI,4,"Peking, Beijing, China",CH,CH22,13001,39.9289,116.388,-1898541,2,"Hawaii, United States",US,USHI,,21.1098,-157.531,HI,20191222104500,Consult,Verbal cooperation
894549043,20191222,201912,CHN,CHINA,CHN,,,,,,,,USA,THE US,USA,,,,,,,,1,057,057,05,1,8.0,6,1,6,0.4750593824228,1,Japan,JA,JA,,36.0,138.0,JA,1,Japan,JA,JA,,36.0,138.0,JA,1,Japan,JA,JA,,36.0,138.0,JA,20191222123000,Engage in diplomatic cooperation,Verbal cooperation
894556752,20191222,201912,CHN,CHINA,CHN,,,,,,,,USAMED,REUTERS,USA,,,,,MED,,,1,010,010,01,1,0.0,10,1,10,-2.08333333333333,4,"Peking, Beijing, China",CH,CH22,13001,39.9289,116.388,-1898541,4,"Peking, Beijing, China",CH,CH22,13001,39.9289,116.388,-1898541,4,"Peking, Beijing, China",CH,CH22,13001,39.9289,116.388,-1898541,20191222134500,Make public statement,Verbal cooperation
894561762,20191222,201912,MNCUSA,NETFLIX,USA,,,,,MNC,,,CHNEDU,CHINESE,CHN,,,,,EDU,,,1,190,190,19,4,-10.0,6,1,6,-7.54310344827586,1,China,CH,CH,,35.0,105.0,CH,1,China,CH,CH,,35.0,105.0,CH,1,China,CH,CH,,35.0,105.0,CH,20191222143000,Fight,Material conflict
894567677,20191222,201912,USA,AMERICAN,USA,,,,,,,,CHN,CHINA,CHN,,,,,,,,1,031,031,03,1,5.2,8,1,8,-0.56899004267426,3,"Phoenix, Arizona, United States",US,USAZ,AZ013,33.4484,-112.074,44784,3,"Phoenix, Arizona, United States",US,USAZ,AZ013,33.4484,-112.074,44784,3,"Phoenix, Arizona, United States",US,USAZ,AZ013,33.4484,-112.074,44784,20191222153000,Express intent to cooperate,Verbal cooperation
894570057,20191222,201912,CHN,CANTON,CHN,,,,,,,,USA,SOUTH DAKOTA,USA,,,,,,,,1,190,190,19,4,-10.0,6,1,6,-3.44827586206897,1,China,CH,CH,,35.0,105.0,CH,2,"South Dakota, United States",US,USSD,,44.2853,-99.4632,SD,2,"South Dakota, United States",US,USSD,,44.2853,-99.4632,SD,20191222160000,Fight,Material conflict
894570715,20191222,201912,USA,SOUTH DAKOTA,USA,,,,,,,,CHN,CANTON,CHN,,,,,,,,1,190,190,19,4,-10.0,6,1,6,-3.44827586206897,2,"South Dakota, United States",US,USSD,,44.2853,-99.4632,SD,1,China,CH,CH,,35.0,105.0,CH,2,"South Dakota, United States",US,USSD,,44.2853,-99.4632,SD,20191222160000,Fight,Material conflict
894572002,20191222,201912,USA,THE US,USA,,,,,,,,CHNGOV,CHINESE,CHN,,,,,GOV,,,1,173,173,17,4,-5.0,8,1,8,-4.84429065743945,1,China,CH,CH,,35.0,105.0,CH,1,China,CH,CH,,35.0,105.0,CH,1,China,CH,CH,,35.0,105.0,CH,20191222161500,Coerce,Material conflict
894576478,20191222,201912,USAGOV,US OFFICIAL,USA,,,,,GOV,,,CHN,CHINESE,CHN,,,,,,,,1,130,130,13,3,-4.4,10,1,10,-5.81162324649298,1,China,CH,CH,,35.0,105.0,CH,1,China,CH,CH,,35.0,105.0,CH,1,China,CH,CH,,35.0,105.0,CH,20191222170000,Threaten,Verbal conflict
894580700,20191222,201912,USA,BOSTON,USA,,,,,,,,CHN,CANTON,CHN,,,,,,,,1,112,112,11,3,-2.0,16,2,16,-10.1612903225807,2,"Michigan, United States",US,USMI,,43.3504,-84.5603,MI,2,"Michigan, United States",US,USMI,,43.3504,-84.5603,MI,2,"Tennessee, United States",US,USTN,,35.7449,-86.7489,TN,20191222174500,Disapprove,Verbal conflict
894580775,20191222,201912,USAJUD,BOSTON,USA,,,,,JUD,,,CHN,CANTON,CHN,,,,,,,,1,173,173,17,4,-5.0,20,2,20,-10.1612903225807,3,"Boston, Massachusetts, United States",US,USMA,MA025,42.3584,-71.0598,617565,1,China,CH,CH,,35.0,105.0,CH,1,China,CH,CH,,35.0,105.0,CH,20191222174500,Coerce,Material conflict
894588840,20191222,201912,USA,CHICAGO,USA,,,,,,,,CHNOPP,TIBET,CHN,,,,,OPP,,,1,051,051,05,1,3.4,10,1,10,-2.83018867924529,3,"Chicago, Illinois, United States",US,USIL,IL031,41.85,-87.6501,423587,3,"Chicago, Illinois, United States",US,USIL,IL031,41.85,-87.6501,423587,3,"Chicago, Illinois, United States",US,USIL,IL031,41.85,-87.6501,423587,20191222191500,Engage in diplomatic cooperation,Verbal cooperation
894588841,20191222,201912,USA,CHICAGO,USA,,,,,,,,CHNOPP,TIBET,CHN,,,,,OPP,,,1,141,141,14,3,-6.5,10,1,10,-2.83018867924529,3,"Chicago, Illinois, United States",US,USIL,IL031,41.85,-87.6501,423587,3,"Chicago, Illinois, United States",US,USIL,IL031,41.85,-87.6501,423587,3,"Chicago, Illinois, United States",US,USIL,IL031,41.85,-87.6501,423587,20191222191500,Protest,Verbal conflict
894592249,20191222,201912,CHNOPP,CHINA,CHN,,,,,OPP,,,USAMED,REUTERS,USA,,,,,MED,,,1,020,020,02,1,3.0,10,1,10,-5.43259557344065,4,"Shanghai, Shanghai, China",CH,CH23,13243,31.2222,121.458,-1924465,4,"Shanghai, Shanghai, China",CH,CH23,13243,31.2222,121.458,-1924465,4,"Shanghai, Shanghai, China",CH,CH23,13243,31.2222,121.458,-1924465,20191222200000,Appeal,Verbal cooperation
894594404,20191222,201912,CHN,CHINA,CHN,,,,,,,,USA,UNITED STATES,USA,,,,,,,,1,061,061,06,2,6.4,6,1,6,-3.10457516339869,4,"Beijing, Beijing, China",CH,CH22,13001,39.9289,116.388,-1898541,3,"Washington, District of Columbia, United States",US,USDC,DC001,38.8951,-77.0364,531871,4,"Beijing, Beijing, China",CH,CH22,13001,39.9289,116.388,-1898541,20191222203000,Engage in material cooperation,Material cooperation
894601651,20191222,201912,CHN,CHINESE,CHN,,,,,,,,USA,WASHINGTON,USA,,,,,,,,1,010,010,01,1,0.0,8,1,8,0.58139534883721,1,China,CH,CH,,35.0,105.0,CH,3,"Washington, District of Columbia, United States",US,USDC,DC001,38.8951,-77.0364,531871,1,China,CH,CH,,35.0,105.0,CH,20191222220000,Make public statement,Verbal cooperation
894601652,20191222,201912,CHN,CHINESE,CHN,,,,,,,,USA,WASHINGTON,USA,,,,,,,,1,050,050,05,1,3.5,8,1,8,0.58139534883721,1,China,CH,CH,,35.0,105.0,CH,3,"Washington, District of Columbia, United States",US,USDC,DC001,38.8951,-77.0364,531871,3,"Washington, District of Columbia, United States",US,USDC,DC001,38.8951,-77.0364,531871,20191222220000,Engage in diplomatic cooperation,Verbal cooperation
894602762,20191222,201912,CHNGOV,CHINA,CHN,,,,,GOV,,,USA,AMERICAN,USA,,,,,,,,1,0833,083,08,2,5.0,8,1,8,0.79787234042553,1,Syria,SY,SY,,35.0,38.0,SY,1,Syria,SY,SY,,35.0,38.0,SY,1,Syria,SY,SY,,35.0,38.0,SY,20191222221500,Yield,Material cooperation
894607640,20191222,201912,USA,THE US,USA,,,,,,,,CHN,CHINA,CHN,,,,,,,,1,070,070,07,2,7.0,10,1,10,1.04754230459307,4,"New Delhi, Delhi, India",IN,IN07,17911,28.6,77.2,-2106102,4,"New Delhi, Delhi, India",IN,IN07,17911,28.6,77.2,-2106102,4,"New Delhi, Delhi, India",IN,IN07,17911,28.6,77.2,-2106102,20191222231500,Provide aid,Material cooperation
894609474,20191222,201912,CHN,CHINA,CHN,,,,,,,,USA,THE US,USA,,,,,,,,1,061,061,06,2,6.4,8,1,8,-3.78250591016549,4,"Beijing, Beijing, China",CH,CH22,13001,39.9289,116.388,-1898541,4,"Beijing, Beijing, China",CH,CH22,13001,39.9289,116.388,-1898541,4,"Beijing, Beijing, China",CH,CH22,13001,39.9289,116.388,-1898541,20191222234500,Engage in material cooperation,Material cooperation
894618827,20191223,201912,USA,UNITED STATES,USA,,,,,,,,CHN,BEIJING,CHN,,,,,,,,1,061,061,06,2,6.4,6,1,6,0.0,4,"Beijing, Beijing, China",CH,CH22,13001,39.9289,116.388,-1898541,4,"Beijing, Beijing, China",CH,CH22,13001,39.9289,116.388,-1898541,4,"Beijing, Beijing, China",CH,CH22,13001,39.9289,116.388,-1898541,20191223004500,Engage in material cooperation,Material cooperation
894620208,20191223,201912,CHN,CHINA,CHN,,,,,,,,USA,UNITED STATES,USA,,,,,,,,1,061,061,06,2,6.4,6,1,6,1.0752688172043,1,China,CH,CH,,35.0,105.0,CH,2,"Florida, United States",US,USFL,,27.8333,-81.717,FL,1,China,CH,CH,,35.0,105.0,CH,20191223010000,Engage in material cooperation,Material cooperation
894620893,20191223,201912,USA,UNITED STATES,USA,,,,,,,,CHN,CHINA,CHN,,,,,,,,1,061,061,06,2,6.4,6,1,6,1.0752688172043,2,"Florida, United States",US,USFL,,27.8333,-81.717,FL,1,China,CH,CH,,35.0,105.0,CH,1,China,CH,CH,,35.0,105.0,CH,20191223010000,Engage in material cooperation,Material cooperation
894621323,20191223,201912,CHN,BEIJING,CHN,,,,,,,,USA,WASHINGTON,USA,,,,,,,,1,036,036,03,1,4.0,6,1,6,-3.25814536340852,4,"Seoul, Soul-t'ukpyolsi, South Korea",KS,KS11,24984,37.5664,127.0,-716583,1,North Korea,KN,KN,,40.0,127.0,KN,4,"Beijing, Beijing, China",CH,CH22,13001,39.9289,116.388,-1898541,20191223011500,Express intent to cooperate,Verbal cooperation
894621325,20191223,201912,CHN,BEIJING,CHN,,,,,,,,USA,WASHINGTON,USA,,,,,,,,1,042,042,04,1,1.9,8,1,8,-3.25814536340852,4,"Beijing, Beijing, China",CH,CH22,13001,39.9289,116.388,-1898541,3,"Washington, District of Columbia, United States",US,USDC,DC001,38.8951,-77.0364,531871,3,"Washington, District of Columbia, United States",US,USDC,DC001,38.8951,-77.0364,531871,20191223011500,Consult,Verbal cooperation
894621978,20191223,201912,USA,WASHINGTON,USA,,,,,,,,CHN,BEIJING,CHN,,,,,,,,1,036,036,03,1,4.0,8,1,8,-3.25814536340852,3,"Washington, District of Columbia, United States",US,USDC,DC001,38.8951,-77.0364,531871,4,"Beijing, Beijing, China",CH,CH22,13001,39.9289,116.388,-1898541,4,"Beijing, Beijing, China",CH,CH22,13001,39.9289,116.388,-1898541,20191223011500,Express intent to cooperate,Verbal cooperation
894621982,20191223,201912,USA,WASHINGTON,USA,,,,,,,,CHN,BEIJING,CHN,,,,,,,,1,043,043,04,1,2.8,8,1,8,-3.25814536340852,3,"Washington, District of Columbia, United States",US,USDC,DC001,38.8951,-77.0364,531871,4,"Beijing, Beijing, China",CH,CH22,13001,39.9289,116.388,-1898541,3,"Washington, District of Columbia, United States",US,USDC,DC001,38.8951,-77.0364,531871,20191223011500,Consult,Verbal cooperation
894626437,20191223,201912,CHN,CHINA,CHN,,,,,,,,USA,THE US,USA,,,,,,,,1,012,012,01,1,-0.4,10,1,10,2.83018867924528,4,"Xinjiang, Jiangxi, China",CH,CH03,13167,27.7481,116.274,11065838,4,"Xinjiang, Jiangxi, China",CH,CH03,13167,27.7481,116.274,11065838,4,"Xinjiang, Jiangxi, China",CH,CH03,13167,27.7481,116.274,11065838,20191223020000,Make public statement,Verbal cooperation
894631781,20191223,201912,CHN,CHINA,CHN,,,,,,,,USAMEDBUS,REUTERS,USA,,,,,MED,BUS,,1,061,061,06,2,6.4,10,1,10,0.0,4,"Beijing, Beijing, China",CH,CH22,13001,39.9289,116.388,-1898541,4,"Beijing, Beijing, China",CH,CH22,13001,39.9289,116.388,-1898541,4,"Beijing, Beijing, China",CH,CH22,13001,39.9289,116.388,-1898541,20191223024500,Engage in material cooperation,Material cooperation
894637122,20191223,201912,USA,UNITED STATES,USA,,,,,,,,CHN,CHINA,CHN,,,,,,,,1,061,061,06,2,6.4,10,1,10,0.0,2,"Florida, United States",US,USFL,,27.8333,-81.717,FL,2,"Florida, United States",US,USFL,,27.8333,-81.717,FL,2,"Florida, United States",US,USFL,,27.8333,-81.717,FL,20191223033000,Engage in material cooperation,Material cooperation
894638047,20191223,201912,USAMED,REUTERS,USA,,,,,MED,,,CHN,XINJIANG,CHN,,,,,,,,1,051,051,05,1,3.4,18,1,10,-5.94059405940594,4,"Tsim Sha Tsui, Hong Kong (general), Hong Kong",HK,HK00,13031,22.3,114.167,-1354381,4,"Tsim Sha Tsui, Hong Kong (general), Hong Kong",HK,HK00,13031,22.3,114.167,-1354381,4,"Tsim Sha Tsui, Hong Kong (general), Hong Kong",HK,HK00,13031,22.3,114.167,-1354381,20191223034500,Engage in diplomatic cooperation,Verbal cooperation
894640144,20191223,201912,USA,THE US,USA,,,,,,,,CHN,CHINA,CHN,,,,,,,,1,070,070,07,2,7.0,10,1,10,1.00671140939597,1,India,IN,IN,,20.0,77.0,IN,1,India,IN,IN,,20.0,77.0,IN,1,India,IN,IN,,20.0,77.0,IN,20191223041500,Provide aid,Material cooperation
894640937,20191223,201912,CHN,CHINA,CHN,,,,,,,,USA,THE US,USA,,,,,,,,1,057,057,05,1,8.0,10,1,10,-1.35869565217391,4,"Beijing, Beijing, China",CH,CH22,13001,39.9289,116.388,-1898541,4,"Beijing, Beijing, China",CH,CH22,13001,39.9289,116.388,-1898541,4,"Beijing, Beijing, China",CH,CH22,13001,39.9289,116.388,-1898541,20191223043000,Engage in diplomatic cooperation,Verbal cooperation
894641769,20191223,201912,USA,THE US,USA,,,,,,,,CHN,CHINA,CHN,,,,,,,,1,057,057,05,1,8.0,10,1,10,-1.35869565217391,4,"Beijing, Beijing, China",CH,CH22,13001,39.9289,116.388,-1898541,4,"Beijing, Beijing, China",CH,CH22,13001,39.9289,116.388,-1898541,4,"Beijing, Beijing, China",CH,CH22,13001,39.9289,116.388,-1898541,20191223043000,Engage in diplomatic cooperation,Verbal cooperation
894642697,20191223,201912,CHN,CHINA,CHN,,,,,,,,USA,UNITED STATES,USA,,,,,,,,1,061,061,06,2,6.4,6,1,6,-1.44665461121157,4,"Beijing, Beijing, China",CH,CH22,13001,39.9289,116.388,-1898541,1,United States,US,US,,39.828175,-98.5795,US,4,"Beijing, Beijing, China",CH,CH22,13001,39.9289,116.388,-1898541,20191223044500,Engage in material cooperation,Material cooperation
894645655,20191223,201912,USA,THE US,USA,,,,,,,,CHN,CHINA,CHN,,,,,,,,1,0211,021,02,1,3.4,10,1,10,-0.958728240758225,4,"Faridabad, Haryana, India",IN,IN10,70265,28.4333,77.3167,-2095578,4,"Faridabad, Haryana, India",IN,IN10,70265,28.4333,77.3167,-2095578,4,"Faridabad, Haryana, India",IN,IN10,70265,28.4333,77.3167,-2095578,20191223051500,Appeal,Verbal cooperation
894653614,20191223,201912,CHN,CHINA,CHN,,,,,,,,USA,UNITED STATES,USA,,,,,,,,1,010,010,01,1,0.0,6,1,6,0.16708437761069,4,"Zheng He, Anhui, China",CH,CH01,12998,31.2167,118.508,-3830081,1,United States,US,US,,39.828175,-98.5795,US,4,"Zheng He, Anhui, China",CH,CH01,12998,31.2167,118.508,-3830081,20191223063000,Make public statement,Verbal cooperation
894654216,20191223,201912,USA,AMERICAN,USA,,,,,,,,CHN,CHINA,CHN,,,,,,,,1,190,190,19,4,-10.0,8,1,8,-0.56657223796034,1,United States,US,US,,39.828175,-98.5795,US,1,China,CH,CH,,35.0,105.0,CH,1,United States,US,US,,39.828175,-98.5795,US,20191223063000,Fight,Material conflict
894661886,20191223,201912,CHNGOV,CHINA,CHN,,,,,GOV,,,USA,THE US,USA,,,,,,,,1,112,112,11,3,-2.0,10,1,10,0.858369098712449,1,China,CH,CH,,35.0,105.0,CH,1,China,CH,CH,,35.0,105.0,CH,1,China,CH,CH,,35.0,105.0,CH,20191223074500,Disapprove,Verbal conflict
894671780,20191223,201912,USAGOV,US OFFICIAL,USA,,,,,GOV,,,CHN,CHINA,CHN,,,,,,,,1,112,112,11,3,-2.0,10,1,10,-5.85365853658537,1,China,CH,CH,,35.0,105.0,CH,1,China,CH,CH,,35.0,105.0,CH,1,China,CH,CH,,35.0,105.0,CH,20191223090000,Disapprove,Verbal conflict
894677609,20191223,201912,USA,THE US,USA,,,,,,,,CHN,CHINA,CHN,,,,,,,,1,030,030,03,1,4.0,6,1,6,0.890868596881961,1,New Zealand,NZ,NZ,,-42.0,174.0,NZ,1,New Zealand,NZ,NZ,,-42.0,174.0,NZ,1,New Zealand,NZ,NZ,,-42.0,174.0,NZ,20191223094500,Express intent to cooperate,Verbal cooperation
894678756,20191223,201912,CHN,JIANGXI,CHN,,,,,,,,USA,NEW YORK CITY,USA,,,,,,,,1,040,040,04,1,1.0,10,1,10,6.49350649350649,2,"New York, United States",US,USNY,,42.1497,-74.9384,NY,2,"New York, United States",US,USNY,,42.1497,-74.9384,NY,4,"Nanchang, Jiangxi, China",CH,CH03,13164,28.55,115.933,-1914863,20191223100000,Consult,Verbal cooperation
894679510,20191223,201912,USA,NEW YORK CITY,USA,,,,,,,,CHN,JIANGXI,CHN,,,,,,,,1,040,040,04,1,1.0,10,1,10,6.49350649350649,2,"New York, United States",US,USNY,,42.1497,-74.9384,NY,2,"New York, United States",US,USNY,,42.1497,-74.9384,NY,4,"Nanchang, Jiangxi, China",CH,CH03,13164,28.55,115.933,-1914863,20191223100000,Consult,Verbal cooperation
894683169,20191223,201912,CHN,CHINA,CHN,,,,,,,,USA,UNITED STATES,USA,,,,,,,,1,057,057,05,1,8.0,8,1,8,-2.32558139534883,1,China,CH,CH,,35.0,105.0,CH,1,United States,US,US,,39.828175,-98.5795,US,1,United States,US,US,,39.828175,-98.5795,US,20191223103000,Engage in diplomatic cooperation,Verbal cooperation
894683172,20191223,201912,CHN,CHINA,CHN,,,,,,,,USA,UNITED STATES,USA,,,,,,,,1,061,061,06,2,6.4,14,2,14,0.253830676365888,1,China,CH,CH,,35.0,105.0,CH,1,United States,US,US,,39.828175,-98.5795,US,1,China,CH,CH,,35.0,105.0,CH,20191223103000,Engage in material cooperation,Material cooperation
894684271,20191223,201912,USA,UNITED STATES,USA,,,,,,,,CHN,CHINA,CHN,,,,,,,,1,057,057,05,1,8.0,8,1,8,-2.32558139534883,1,United States,US,US,,39.828175,-98.5795,US,1,China,CH,CH,,35.0,105.0,CH,1,United States,US,US,,39.828175,-98.5795,US,20191223103000,Engage in diplomatic cooperation,Verbal cooperation
894684273,20191223,201912,USA,UNITED STATES,USA,,,,,,,,CHN,CHINA,CHN,,,,,,,,1,061,061,06,2,6.4,10,1,10,-1.9718309859155,1,China,CH,CH,,35.0,105.0,CH,1,China,CH,CH,,35.0,105.0,CH,1,China,CH,CH,,35.0,105.0,CH,20191223103000,Engage in material cooperation,Material cooperation
894688293,20191223,201912,CHN,BEIJING,CHN,,,,,,,,USAMED,REUTERS,USA,,,,,MED,,,1,046,046,04,1,7.0,6,1,6,-0.36407766990291,4,"Beijing, Beijing, China",CH,CH22,13001,39.9289,116.388,-1898541,4,"Beijing, Beijing, China",CH,CH22,13001,39.9289,116.388,-1898541,4,"Moscow, Moskva, Russia",RS,RS48,25106,55.7522,37.6156,-2960561,20191223110000,Consult,Verbal cooperation
894688294,20191223,201912,CHN,CHINA,CHN,,,,,,,,USAMEDOPP,ASSOCIATED PRESS,USA,,,,,MED,OPP,,1,1821,182,18,4,-9.0,8,1,8,-7.1698113207547,4,"Xinjiang, Jiangxi, China",CH,CH03,13167,27.7481,116.274,11065838,4,"Xinjiang, Jiangxi, China",CH,CH03,13167,27.7481,116.274,11065838,4,"Xinjiang, Jiangxi, China",CH,CH03,13167,27.7481,116.274,11065838,20191223110000,Assault,Material conflict
894689237,20191223,201912,USAMED,REUTERS,USA,,,,,MED,,,CHN,BEIJING,CHN,,,,,,,,1,046,046,04,1,7.0,6,1,6,-0.36407766990291,4,"Beijing, Beijing, China",CH,CH22,13001,39.9289,116.388,-1898541,4,"Beijing, Beijing, China",CH,CH22,13001,39.9289,116.388,-1898541,4,"Moscow, Moskva, Russia",RS,RS48,25106,55.7522,37.6156,-2960561,20191223110000,Consult,Verbal cooperation
894702843,20191223,201912,CHN,BEIJING,CHN,,,,,,,,USA,WASHINGTON,USA,,,,,,,,1,061,061,06,2,6.4,10,1,10,2.4330900243309,4,"Beijing, Beijing, China",CH,CH22,13001,39.9289,116.388,-1898541,4,"Beijing, Beijing, China",CH,CH22,13001,39.9289,116.388,-1898541,4,"Beijing, Beijing, China",CH,CH22,13001,39.9289,116.388,-1898541,20191223123000,Engage in material cooperation,Material cooperation
894702844,20191223,201912,CHN,CHINESE,CHN,,,,,,,,USAEDU,SAN FRANCISCO,USA,,,,,EDU,,,1,043,043,04,1,2.8,8,1,8,4.11764705882353,1,China,CH,CH,,35.0,105.0,CH,3,"San Francisco, California, United States",US,USCA,,37.7749,-122.419,277593,1,China,CH,CH,,35.0,105.0,CH,20191223123000,Consult,Verbal cooperation
894703981,20191223,201912,USAEDU,SAN FRANCISCO,USA,,,,,EDU,,,CHN,CHINESE,CHN,,,,,,,,1,042,042,04,1,1.9,8,1,8,4.11764705882353,3,"San Francisco, California, United States",US,USCA,CA075,37.7749,-122.419,277593,3,"San Francisco, California, United States",US,USCA,,37.7749,-122.419,277593,3,"San Francisco, California, United States",US,USCA,,37.7749,-122.419,277593,20191223123000,Consult,Verbal cooperation
894706393,20191223,201912,USA,THE US,USA,,,,,,,,CHN,CHINA,CHN,,,,,,,,1,013,013,01,1,0.4,10,1,10,-0.94339622641509,1,North Korea,KN,KN,,40.0,127.0,KN,4,"Beijing, Beijing, China",CH,CH22,13001,39.9289,116.388,-1898541,4,"Beijing, Beijing, China",CH,CH22,13001,39.9289,116.388,-1898541,20191223124500,Make public statement,Verbal cooperation
894707870,20191223,201912,CHN,BEIJING,CHN,,,,,,,,USA,THE US,USA,,,,,,,,1,112,112,11,3,-2.0,30,1,10,-2.87356321839081,4,"Beijing, Beijing, China",CH,CH22,13001,39.9289,116.388,-1898541,4,"Beijing, Beijing, China",CH,CH22,13001,39.9289,116.388,-1898541,4,"Beijing, Beijing, China",CH,CH22,13001,39.9289,116.388,-1898541,20191223130000,Disapprove,Verbal conflict
894708942,20191223,201912,USA,CALIF,USA,,,,,,,,CHN,CHINA,CHN,,,,,,,,1,075,075,07,2,7.0,6,1,6,-0.14204545454545,2,"Florida, United States",US,USFL,,27.8333,-81.717,FL,2,"Florida, United States",US,USFL,,27.8333,-81.717,FL,2,"Florida, United States",US,USFL,,27.8333,-81.717,FL,20191223130000,Provide aid,Material cooperation
894710356,20191223,201912,CHNGOV,CHINA,CHN,,,,,GOV,,,USA,WASHINGTON,USA,,,,,,,,1,112,112,11,3,-2.0,10,1,10,-2.70270270270271,3,"Washington, District of Columbia, United States",US,USDC,DC001,38.8951,-77.0364,531871,3,"Washington, District of Columbia, United States",US,USDC,DC001,38.8951,-77.0364,531871,3,"Washington, District of Columbia, United States",US,USDC,DC001,38.8951,-77.0364,531871,20191223131500,Disapprove,Verbal conflict
894716683,20191223,201912,USAGOV,NASA,USA,,,,,GOV,,,CHN,CHINESE,CHN,,,,,,,,1,173,173,17,4,-5.0,10,1,10,-4.40528634361234,1,China,CH,CH,,35.0,105.0,CH,1,China,CH,CH,,35.0,105.0,CH,1,China,CH,CH,,35.0,105.0,CH,20191223134500,Coerce,Material conflict
894730831,20191223,201912,CHN,CHINA,CHN,,,,,,,,USA,THE US,USA,,,,,,,,1,0311,031,03,1,5.2,10,1,10,-2.17391304347826,4,"Shanghai, Shanghai, China",CH,CH23,13243,31.2222,121.458,-1924465,4,"Shanghai, Shanghai, China",CH,CH23,13243,31.2222,121.458,-1924465,4,"Shanghai, Shanghai, China",CH,CH23,13243,31.2222,121.458,-1924465,20191223151500,Express intent to cooperate,Verbal cooperation
894731777,20191223,201912,USA,THE US,USA,,,,,,,,CHN,CHINA,CHN,,,,,,,,1,0311,031,03,1,5.2,10,1,10,-2.17391304347826,4,"Shanghai, Shanghai, China",CH,CH23,13243,31.2222,121.458,-1924465,4,"Shanghai, Shanghai, China",CH,CH23,13243,31.2222,121.458,-1924465,4,"Shanghai, Shanghai, China",CH,CH23,13243,31.2222,121.458,-1924465,20191223151500,Express intent to cooperate,Verbal cooperation
894740774,20191223,201912,USAMED,THE ASSOCIATED PRESS,USA,,,,,MED,,,CHN,CHINA,CHN,,,,,,,,1,010,010,01,1,0.0,10,1,10,-5.69105691056911,1,China,CH,CH,,35.0,105.0,CH,1,China,CH,CH,,35.0,105.0,CH,1,China,CH,CH,,35.0,105.0,CH,20191223160000,Make public statement,Verbal cooperation
894743066,20191223,201912,USAAGR,MISSOURI,USA,,,,,AGR,,,CHN,CHINA,CHN,,,,,,,,1,012,012,01,1,-0.4,6,1,6,-2.54629629629629,2,"Missouri, United States",US,USMO,,38.4623,-92.302,MO,2,"Missouri, United States",US,USMO,,38.4623,-92.302,MO,2,"Missouri, United States",US,USMO,,38.4623,-92.302,MO,20191223161500,Make public statement,Verbal cooperation
894746931,20191223,201912,CHN,CHINESE,CHN,,,,,,,,USA,WASHINGTON,USA,,,,,,,,1,051,051,05,1,3.4,6,1,6,-2.10970464135021,4,"Shanghai, Shanghai, China",CH,CH23,13243,31.2222,121.458,-1924465,3,"Washington, District of Columbia, United States",US,USDC,DC001,38.8951,-77.0364,531871,3,"Washington, District of Columbia, United States",US,USDC,DC001,38.8951,-77.0364,531871,20191223164500,Engage in diplomatic cooperation,Verbal cooperation
894755061,20191223,201912,USA,WASHINGTON,USA,,,,,,,,CHN,CHINA,CHN,,,,,,,,1,061,061,06,2,6.4,10,1,10,1.83727034120735,1,"Vietnam, Republic Of",VM,VM,,16.166667,107.833333,VM,1,"Vietnam, Republic Of",VM,VM,,16.166667,107.833333,VM,1,"Vietnam, Republic Of",VM,VM,,16.166667,107.833333,VM,20191223173000,Engage in material cooperation,Material cooperation
894758169,20191216,201912,USA,UNITED STATES,USA,,,,,,,,CHN,BEIJING,CHN,,,,,,,,1,057,057,05,1,8.0,10,1,10,-3.81679389312977,1,United States,US,US,,39.828175,-98.5795,US,4,"Beijing, Beijing, China",CH,CH22,13001,39.9289,116.388,-1898541,1,United States,US,US,,39.828175,-98.5795,US,20191223180000,Engage in diplomatic cooperation,Verbal cooperation
894758509,20191223,201912,CHN,CHINA,CHN,,,,,,,,USA,UNITED STATES,USA,,,,,,,,1,057,057,05,1,8.0,6,1,6,-2.88461538461539,1,China,CH,CH,,35.0,105.0,CH,3,"Washington, District of Columbia, United States",US,USDC,DC001,38.8951,-77.0364,531871,4,"Tehran, Tehran, Iran",IR,IR26,41130,35.75,51.5148,10074674,20191223180000,Engage in diplomatic cooperation,Verbal cooperation
894759593,20191223,201912,USA,UNITED STATES,USA,,,,,,,,CHN,CHINA,CHN,,,,,,,,1,057,057,05,1,8.0,6,1,6,-2.88461538461539,3,"Washington, District of Columbia, United States",US,USDC,DC001,38.8951,-77.0364,531871,1,China,CH,CH,,35.0,105.0,CH,4,"Tehran, Tehran, Iran",IR,IR26,41130,35.75,51.5148,10074674,20191223180000,Engage in diplomatic cooperation,Verbal cooperation
894761641,20191223,201912,CHN,CHINA,CHN,,,,,,,,USA,UNITED STATES,USA,,,,,,,,1,111,111,11,3,-2.0,10,1,10,-7.2972972972973,4,"Idlib, Idlib, Syria",SY,SY12,26365,35.9306,36.6339,-2542538,4,"Idlib, Idlib, Syria",SY,SY12,26365,35.9306,36.6339,-2542538,4,"Idlib, Idlib, Syria",SY,SY12,26365,35.9306,36.6339,-2542538,20191223181500,Disapprove,Verbal conflict
894761642,20191223,201912,CHN,CHINA,CHN,,,,,,,,USA,WASHINGTON,USA,,,,,,,,1,112,112,11,3,-2.0,6,1,6,-7.2972972972973,1,China,CH,CH,,35.0,105.0,CH,3,"Washington, District of Columbia, United States",US,USDC,DC001,38.8951,-77.0364,531871,1,China,CH,CH,,35.0,105.0,CH,20191223181500,Disapprove,Verbal conflict
894763136,20191223,201912,CHN,CHINESE,CHN,,,,,,,,USA,A US,USA,,,,,,,,1,013,013,01,1,0.4,8,1,8,-2.02020202020202,4,"Beijing, Beijing, China",CH,CH22,13001,39.9289,116.388,-1898541,4,"Beijing, Beijing, China",CH,CH22,13001,39.9289,116.388,-1898541,4,"Beijing, Beijing, China",CH,CH22,13001,39.9289,116.388,-1898541,20191223183000,Make public statement,Verbal cooperation
894763138,20191223,201912,CHN,CHINESE,CHN,,,,,,,,USA,A US,USA,,,,,,,,1,014,014,01,1,0.0,8,1,8,-2.02020202020202,4,"Beijing, Beijing, China",CH,CH22,13001,39.9289,116.388,-1898541,4,"Beijing, Beijing, China",CH,CH22,13001,39.9289,116.388,-1898541,4,"Beijing, Beijing, China",CH,CH22,13001,39.9289,116.388,-1898541,20191223183000,Make public statement,Verbal cooperation
894763148,20191223,201912,CHNGOV,XI JINPING,CHN,,,,,GOV,,,USA,THE US,USA,,,,,,,,1,012,012,01,1,-0.4,10,1,10,-2.02020202020202,4,"Pyongyang, P'yongyang-si, North Korea",KN,KN12,39681,39.0194,125.755,-183459,4,"Pyongyang, P'yongyang-si, North Korea",KN,KN12,39681,39.0194,125.755,-183459,4,"Pyongyang, P'yongyang-si, North Korea",KN,KN12,39681,39.0194,125.755,-183459,20191223183000,Make public statement,Verbal cooperation
894763149,20191223,201912,CHNGOV,XI JINPING,CHN,,,,,GOV,,,USA,THE US,USA,,,,,,,,1,020,020,02,1,3.0,10,1,10,-2.02020202020202,4,"Pyongyang, P'yongyang-si, North Korea",KN,KN12,39681,39.0194,125.755,-183459,4,"Pyongyang, P'yongyang-si, North Korea",KN,KN12,39681,39.0194,125.755,-183459,4,"Pyongyang, P'yongyang-si, North Korea",KN,KN12,39681,39.0194,125.755,-183459,20191223183000,Appeal,Verbal cooperation
894768186,20191223,201912,CHN,CHINA,CHN,,,,,,,,USA,UNITED STATES,USA,,,,,,,,1,037,037,03,1,5.0,10,1,10,-2.70270270270271,4,"Beijing, Beijing, China",CH,CH22,13001,39.9289,116.388,-1898541,4,"Beijing, Beijing, China",CH,CH22,13001,39.9289,116.388,-1898541,4,"Beijing, Beijing, China",CH,CH22,13001,39.9289,116.388,-1898541,20191223190000,Express intent to cooperate,Verbal cooperation
894769051,20191223,201912,USA,UNITED STATES,USA,,,,,,,,CHN,CHINA,CHN,,,,,,,,1,037,037,03,1,5.0,8,1,8,-2.70270270270271,1,United States,US,US,,39.828175,-98.5795,US,4,"Beijing, Beijing, China",CH,CH22,13001,39.9289,116.388,-1898541,1,United States,US,US,,39.828175,-98.5795,US,20191223190000,Express intent to cooperate,Verbal cooperation
894769054,20191223,201912,USA,CHICAGO,USA,,,,,,,,CHNOPP,TIBET,CHN,,,,,OPP,,,1,051,051,05,1,3.4,10,1,10,-4.63917525773195,3,"Chicago, Illinois, United States",US,USIL,IL031,41.85,-87.6501,423587,3,"Chicago, Illinois, United States",US,USIL,IL031,41.85,-87.6501,423587,3,"Chicago, Illinois, United States",US,USIL,IL031,41.85,-87.6501,423587,20191223190000,Engage in diplomatic cooperation,Verbal cooperation
894769055,20191223,201912,USA,CHICAGO,USA,,,,,,,,CHNOPP,TIBET,CHN,,,,,OPP,,,1,141,141,14,3,-6.5,10,1,10,-4.63917525773195,3,"Chicago, Illinois, United States",US,USIL,IL031,41.85,-87.6501,423587,3,"Chicago, Illinois, United States",US,USIL,IL031,41.85,-87.6501,423587,3,"Chicago, Illinois, United States",US,USIL,IL031,41.85,-87.6501,423587,20191223190000,Protest,Verbal conflict
894769515,20191223,201912,CHN,CHINA,CHN,,,,,,,,USA,UNITED STATES,USA,,,,,,,,1,110,110,11,3,-2.0,8,1,8,-1.82648401826484,4,"Beijing, Beijing, China",CH,CH22,13001,39.9289,116.388,-1898541,4,"Beijing, Beijing, China",CH,CH22,13001,39.9289,116.388,-1898541,4,"Beijing, Beijing, China",CH,CH22,13001,39.9289,116.388,-1898541,20191223191500,Disapprove,Verbal conflict
894774262,20191223,201912,CHN,CHINA,CHN,,,,,,,,USA,PHOENIX,USA,,,,,,,,1,020,020,02,1,3.0,10,1,10,1.51133501259446,4,"Sichuan, Gansu, China",CH,CH15,13024,35.1221,105.48,10650455,4,"Sichuan, Gansu, China",CH,CH15,13024,35.1221,105.48,10650455,4,"Sichuan, Gansu, China",CH,CH15,13024,35.1221,105.48,10650455,20191223194500,Appeal,Verbal cooperation
894777295,20191223,201912,CHN,CHINA,CHN,,,,,,,,USA,PHOENIX,USA,,,,,,,,1,042,042,04,1,1.9,10,1,10,5.42635658914729,3,"Phoenix, Arizona, United States",US,USAZ,AZ013,33.4484,-112.074,44784,3,"Phoenix, Arizona, United States",US,USAZ,AZ013,33.4484,-112.074,44784,3,"Phoenix, Arizona, United States",US,USAZ,AZ013,33.4484,-112.074,44784,20191223200000,Consult,Verbal cooperation
894777297,20191223,201912,CHN,CHINA,CHN,,,,,,,,USA,UNITED STATES,USA,,,,,,,,1,043,043,04,1,2.8,6,3,6,-1.33612784909615,4,"Shandong, Jiangsu, China",CH,CH04,13151,32.9793,118.852,11415469,2,"Michigan, United States",US,USMI,,43.3504,-84.5603,MI,2,"Michigan, United States",US,USMI,,43.3504,-84.5603,MI,20191223200000,Consult,Verbal cooperation
894778405,20191223,201912,USA,UNITED STATES,USA,,,,,,,,CHN,CHINA,CHN,,,,,,,,1,042,042,04,1,1.9,12,3,12,-1.33612784909615,4,"Shanghai, Shanghai, China",CH,CH23,13243,31.2222,121.458,-1924465,4,"Shanghai, Shanghai, China",CH,CH23,13243,31.2222,121.458,-1924465,4,"Shanghai, Shanghai, China",CH,CH23,13243,31.2222,121.458,-1924465,20191223200000,Consult,Verbal cooperation
894778407,20191223,201912,USA,PHOENIX,USA,,,,,,,,CHN,CHINA,CHN,,,,,,,,1,043,043,04,1,2.8,10,1,10,5.42635658914729,3,"Phoenix, Arizona, United States",US,USAZ,AZ013,33.4484,-112.074,44784,3,"Phoenix, Arizona, United States",US,USAZ,AZ013,33.4484,-112.074,44784,3,"Phoenix, Arizona, United States",US,USAZ,AZ013,33.4484,-112.074,44784,20191223200000,Consult,Verbal cooperation
894780429,20191223,201912,USAGOV,US GOVERNMENT,USA,,,,,GOV,,,CHN,CHINA,CHN,,,,,,,,1,172,172,17,4,-5.0,10,1,10,-4.37158469945356,1,China,CH,CH,,35.0,105.0,CH,1,China,CH,CH,,35.0,105.0,CH,1,China,CH,CH,,35.0,105.0,CH,20191223201500,Coerce,Material conflict
894781465,20191223,201912,CHN,CHINA,CHN,,,,,,,,USA,THE US,USA,,,,,,,,1,190,190,19,4,-10.0,10,1,10,1.19047619047619,1,China,CH,CH,,35.0,105.0,CH,1,China,CH,CH,,35.0,105.0,CH,1,China,CH,CH,,35.0,105.0,CH,20191223203000,Fight,Material conflict
894782436,20191223,201912,USA,THE US,USA,,,,,,,,CHN,CHINA,CHN,,,,,,,,1,190,190,19,4,-10.0,10,1,10,1.19047619047619,1,China,CH,CH,,35.0,105.0,CH,1,China,CH,CH,,35.0,105.0,CH,1,China,CH,CH,,35.0,105.0,CH,20191223203000,Fight,Material conflict
894782584,20191223,201912,USAMED,UNITED STATES,USA,,,,,MED,,,CHN,CHINA,CHN,,,,,,,,1,090,090,09,2,-2.0,10,1,10,-1.05777054515866,3,"Chicago, Illinois, United States",US,USIL,IL031,41.85,-87.6501,423587,3,"Chicago, Illinois, United States",US,USIL,IL031,41.85,-87.6501,423587,3,"Chicago, Illinois, United States",US,USIL,IL031,41.85,-87.6501,423587,20191223203000,Investigate,Material cooperation
894785246,20191223,201912,CHN,CHINA,CHN,,,,,,,,USA,THE US,USA,,,,,,,,1,046,046,04,1,7.0,10,2,10,-0.16694909585498,1,China,CH,CH,,35.0,105.0,CH,1,China,CH,CH,,35.0,105.0,CH,1,China,CH,CH,,35.0,105.0,CH,20191223210000,Consult,Verbal cooperation
894786045,20191223,201912,USA,THE US,USA,,,,,,,,CHN,CHINA,CHN,,,,,,,,1,046,046,04,1,7.0,10,2,10,-0.16694909585498,1,Australia,AS,AS,,-25.0,135.0,AS,1,Australia,AS,AS,,-25.0,135.0,AS,1,Australia,AS,AS,,-25.0,135.0,AS,20191223210000,Consult,Verbal cooperation
894791599,20191223,201912,CHN,CHINESE,CHN,,,,,,,,USA,AMERICAN,USA,,,,,,,,1,190,190,19,4,-10.0,8,1,8,-5.63139931740615,4,"Shanghai, Shanghai, China",CH,CH23,13243,31.2222,121.458,-1924465,3,"Chicago, Illinois, United States",US,USIL,IL031,41.85,-87.6501,423587,4,"Shanghai, Shanghai, China",CH,CH23,13243,31.2222,121.458,-1924465,20191223214500,Fight,Material conflict
894792670,20191223,201912,USA,AMERICAN,USA,,,,,,,,CHN,CHINESE,CHN,,,,,,,,1,190,190,19,4,-10.0,8,1,8,-5.63139931740615,3,"Chicago, Illinois, United States",US,USIL,IL031,41.85,-87.6501,423587,4,"Shanghai, Shanghai, China",CH,CH23,13243,31.2222,121.458,-1924465,4,"Shanghai, Shanghai, China",CH,CH23,13243,31.2222,121.458,-1924465,20191223214500,Fight,Material conflict
894794253,20191223,201912,USA,UNITED STATES,USA,,,,,,,,CHN,CHINESE,CHN,,,,,,,,1,173,173,17,4,-5.0,7,1,7,-1.28378378378378,3,"Washington, District of Columbia, United States",US,USDC,DC001,38.8951,-77.0364,531871,4,"Beijing, Beijing, China",CH,CH22,13001,39.9289,116.388,-1898541,4,"Beijing, Beijing, China",CH,CH22,13001,39.9289,116.388,-1898541,20191223220000,Coerce,Material conflict
894802497,20191223,201912,CHN,CHINA,CHN,,,,,,,,USAMIL,THE US,USA,,,,,MIL,,,1,111,111,11,3,-2.0,11,2,11,-3.5031708123141,4,"Beijing, Beijing, China",CH,CH22,13001,39.9289,116.388,-1898541,4,"Beijing, Beijing, China",CH,CH22,13001,39.9289,116.388,-1898541,4,"Beijing, Beijing, China",CH,CH22,13001,39.9289,116.388,-1898541,20191223231500,Disapprove,Verbal conflict
894802507,20191223,201912,CHNEDU,CHINA,CHN,,,,,EDU,,,USA,UNITED STATES,USA,,,,,,,,1,190,190,19,4,-10.0,6,1,6,0.0,4,"Xinjiang, Jiangxi, China",CH,CH03,13167,27.7481,116.274,11065838,4,"Xinjiang, Jiangxi, China",CH,CH03,13167,27.7481,116.274,11065838,4,"Xinjiang, Jiangxi, China",CH,CH03,13167,27.7481,116.274,11065838,20191223231500,Fight,Material conflict
894802515,20191223,201912,CHNGOV,CHINESE,CHN,,,,,GOV,,,USA,WASHINGTON,USA,,,,,,,,1,111,111,11,3,-2.0,8,2,8,-3.71853350709925,4,"Beijing, Beijing, China",CH,CH22,13001,39.9289,116.388,-1898541,3,"Washington, District of Columbia, United States",US,USDC,DC001,38.8951,-77.0364,531871,3,"Washington, District of Columbia, United States",US,USDC,DC001,38.8951,-77.0364,531871,20191223231500,Disapprove,Verbal conflict
894804161,20191223,201912,CHN,CHINA,CHN,,,,,,,,USA,UNITED STATES,USA,,,,,,,,1,057,057,05,1,8.0,8,1,8,-1.22850122850123,1,China,CH,CH,,35.0,105.0,CH,1,United States,US,US,,39.828175,-98.5795,US,1,China,CH,CH,,35.0,105.0,CH,20191223233000,Engage in diplomatic cooperation,Verbal cooperation
894804962,20191223,201912,USA,UNITED STATES,USA,,,,,,,,CHN,CHINA,CHN,,,,,,,,1,057,057,05,1,8.0,8,1,8,-1.22850122850123,1,United States,US,US,,39.828175,-98.5795,US,1,China,CH,CH,,35.0,105.0,CH,1,China,CH,CH,,35.0,105.0,CH,20191223233000,Engage in diplomatic cooperation,Verbal cooperation
894807813,20191224,201912,CHN,BEIJING,CHN,,,,,,,,USA,THE US,USA,,,,,,,,1,112,112,11,3,-2.0,20,2,20,-2.42424242424242,4,"Beijing, Beijing, China",CH,CH22,13001,39.9289,116.388,-1898541,4,"Beijing, Beijing, China",CH,CH22,13001,39.9289,116.388,-1898541,4,"Beijing, Beijing, China",CH,CH22,13001,39.9289,116.388,-1898541,20191224000000,Disapprove,Verbal conflict
894814669,20191224,201912,CHN,CHINA,CHN,,,,,,,,USA,PHOENIX,USA,,,,,,,,1,042,042,04,1,1.9,10,1,10,5.42635658914729,3,"Phoenix, Arizona, United States",US,USAZ,AZ013,33.4484,-112.074,44784,3,"Phoenix, Arizona, United States",US,USAZ,AZ013,33.4484,-112.074,44784,3,"Phoenix, Arizona, United States",US,USAZ,AZ013,33.4484,-112.074,44784,20191224003000,Consult,Verbal cooperation
894816868,20191224,201912,USA,UNITED STATES,USA,,,,,,,,CHN,CHINA,CHN,,,,,,,,1,042,042,04,1,1.9,8,2,8,-1.33612784909615,4,"Shanghai, Shanghai, China",CH,CH23,13243,31.2222,121.458,-1924465,4,"Shanghai, Shanghai, China",CH,CH23,13243,31.2222,121.458,-1924465,4,"Shanghai, Shanghai, China",CH,CH23,13243,31.2222,121.458,-1924465,20191224003000,Consult,Verbal cooperation
894816874,20191224,201912,USA,PHOENIX,USA,,,,,,,,CHN,CHINA,CHN,,,,,,,,1,043,043,04,1,2.8,10,1,10,5.42635658914729,3,"Phoenix, Arizona, United States",US,USAZ,AZ013,33.4484,-112.074,44784,3,"Phoenix, Arizona, United States",US,USAZ,AZ013,33.4484,-112.074,44784,3,"Phoenix, Arizona, United States",US,USAZ,AZ013,33.4484,-112.074,44784,20191224003000,Consult,Verbal cooperation
894825235,20191224,201912,CHN,CHINA,CHN,,,,,,,,USA,UNITED STATES,USA,,,,,,,,1,061,061,06,2,6.4,8,1,8,-0.32894736842105,4,"Beijing, Beijing, China",CH,CH22,13001,39.9289,116.388,-1898541,1,United States,US,US,,39.828175,-98.5795,US,4,"Beijing, Beijing, China",CH,CH22,13001,39.9289,116.388,-1898541,20191224013000,Engage in material cooperation,Material cooperation
894826068,20191224,201912,USA,UNITED STATES,USA,,,,,,,,CHN,CHINA,CHN,,,,,,,,1,061,061,06,2,6.4,10,1,10,-0.32894736842105,1,Brazil,BR,BR,,-10.0,-55.0,BR,1,Brazil,BR,BR,,-10.0,-55.0,BR,1,Brazil,BR,BR,,-10.0,-55.0,BR,20191224013000,Engage in material cooperation,Material cooperation
894830835,20191224,201912,USA,LOS ANGELES,USA,,,,,,,,CHN,CHINA,CHN,,,,,,,,1,110,110,11,3,-2.0,10,1,10,-0.68337129840547,4,"Beijing, Beijing, China",CH,CH22,13001,39.9289,116.388,-1898541,4,"Beijing, Beijing, China",CH,CH22,13001,39.9289,116.388,-1898541,4,"Beijing, Beijing, China",CH,CH22,13001,39.9289,116.388,-1898541,20191224020000,Disapprove,Verbal conflict
894830922,20191224,201912,USAGOV,NASA,USA,,,,,GOV,,,CHN,CHINESE,CHN,,,,,,,,1,173,173,17,4,-5.0,8,1,8,-4.0,4,"Tokyo, Tokyo, Japan",JA,JA40,36340,35.685,139.751,-246227,4,"Tokyo, Tokyo, Japan",JA,JA40,36340,35.685,139.751,-246227,4,"Tokyo, Tokyo, Japan",JA,JA40,36340,35.685,139.751,-246227,20191224020000,Coerce,Material conflict
894834494,20191224,201912,USA,WISCONSIN,USA,,,,,,,,CHN,CANTON,CHN,,,,,,,,1,172,172,17,4,-5.0,10,1,10,-6.64335664335664,2,"Wisconsin, United States",US,USWI,,44.2563,-89.6385,WI,2,"Wisconsin, United States",US,USWI,,44.2563,-89.6385,WI,2,"Wisconsin, United States",US,USWI,,44.2563,-89.6385,WI,20191224023000,Coerce,Material conflict
894834878,20191224,201912,CHN,CHINA,CHN,,,,,,,,USA,UNITED STATES,USA,,,,,,,,1,061,061,06,2,6.4,8,1,8,0.21929824561404,4,"Beijing, Beijing, China",CH,CH22,13001,39.9289,116.388,-1898541,3,"Chicago Board Of Trade, Illinois, United States",US,USIL,,41.8778,-87.6323,1826553,4,"Beijing, Beijing, China",CH,CH22,13001,39.9289,116.388,-1898541,20191224024500,Engage in material cooperation,Material cooperation
894836429,20191224,201912,CHN,CHINA,CHN,,,,,,,,USA,THE US,USA,,,,,,,,1,046,046,04,1,7.0,8,1,8,1.54798761609907,1,China,CH,CH,,35.0,105.0,CH,1,France,FR,FR,,46.0,2.0,FR,1,China,CH,CH,,35.0,105.0,CH,20191224030000,Consult,Verbal cooperation
894836432,20191224,201912,CHN,CHINA,CHN,,,,,,,,USA,UNITED STATES,USA,,,,,,,,1,051,051,05,1,3.4,8,2,8,-1.8437708194537,4,"Beijing, Beijing, China",CH,CH22,13001,39.9289,116.388,-1898541,3,"Washington, District of Columbia, United States",US,USDC,DC001,38.8951,-77.0364,531871,3,"Washington, District of Columbia, United States",US,USDC,DC001,38.8951,-77.0364,531871,20191224030000,Engage in diplomatic cooperation,Verbal cooperation
894836433,20191224,201912,CHN,BEIJING,CHN,,,,,,,,USA,WASHINGTON,USA,,,,,,,,1,061,061,06,2,6.4,6,1,6,4.01234567901235,4,"Beijing, Beijing, China",CH,CH22,13001,39.9289,116.388,-1898541,3,"Washington, District of Columbia, United States",US,USDC,DC001,38.8951,-77.0364,531871,4,"Beijing, Beijing, China",CH,CH22,13001,39.9289,116.388,-1898541,20191224030000,Engage in material cooperation,Material cooperation
894837256,20191224,201912,USA,THE US,USA,,,,,,,,CHN,CHINA,CHN,,,,,,,,1,036,036,03,1,4.0,8,1,8,1.54798761609907,1,France,FR,FR,,46.0,2.0,FR,1,China,CH,CH,,35.0,105.0,CH,1,China,CH,CH,,35.0,105.0,CH,20191224030000,Express intent to cooperate,Verbal cooperation
894837258,20191224,201912,USA,THE US,USA,,,,,,,,CHN,CHINA,CHN,,,,,,,,1,046,046,04,1,7.0,8,1,8,1.54798761609907,1,France,FR,FR,,46.0,2.0,FR,1,China,CH,CH,,35.0,105.0,CH,1,China,CH,CH,,35.0,105.0,CH,20191224030000,Consult,Verbal cooperation
894837261,20191224,201912,USA,WASHINGTON,USA,,,,,,,,CHN,BEIJING,CHN,,,,,,,,1,061,061,06,2,6.4,6,1,6,4.01234567901235,4,"Mumbai, Maharashtra, India",IN,IN16,70184,18.975,72.8258,-2092174,4,"Mumbai, Maharashtra, India",IN,IN16,70184,18.975,72.8258,-2092174,4,"Mumbai, Maharashtra, India",IN,IN16,70184,18.975,72.8258,-2092174,20191224030000,Engage in material cooperation,Material cooperation
894839418,20191224,201912,CHN,CHINA,CHN,,,,,,,,USA,UNITED STATES,USA,,,,,,,,1,061,061,06,2,6.4,6,1,6,1.49253731343283,1,China,CH,CH,,35.0,105.0,CH,1,United States,US,US,,39.828175,-98.5795,US,1,China,CH,CH,,35.0,105.0,CH,20191224033000,Engage in material cooperation,Material cooperation
894840243,20191224,201912,USA,UNITED STATES,USA,,,,,,,,CHN,CHINA,CHN,,,,,,,,1,061,061,06,2,6.4,10,1,10,1.49253731343283,1,China,CH,CH,,35.0,105.0,CH,1,China,CH,CH,,35.0,105.0,CH,1,China,CH,CH,,35.0,105.0,CH,20191224033000,Engage in material cooperation,Material cooperation
894840347,20191224,201912,USAMED,REUTERS,USA,,,,,MED,,,CHN,CHINESE,CHN,,,,,,,,1,010,010,01,1,0.0,8,1,8,-3.76068376068376,4,"Mekong River, Vietnam (general), Vietnam, Republic Of",VM,VM00,32660,10.25,105.917,-3721425,4,"Mekong River, Vietnam (general), Vietnam, Republic Of",VM,VM00,32660,10.25,105.917,-3721425,4,"Mekong River, Vietnam (general), Vietnam, Republic Of",VM,VM00,32660,10.25,105.917,-3721425,20191224033000,Make public statement,Verbal cooperation
894840348,20191224,201912,USAMED,REUTERS,USA,,,,,MED,,,CHN,CHINA,CHN,,,,,,,,1,017,017,01,1,0.0,10,1,10,-6.79405520169851,4,"Caracas, Distrito Federal, Venezuela",VE,VE25,31959,10.5,-66.9167,-938457,4,"Caracas, Distrito Federal, Venezuela",VE,VE25,31959,10.5,-66.9167,-938457,4,"Caracas, Distrito Federal, Venezuela",VE,VE25,31959,10.5,-66.9167,-938457,20191224033000,Make public statement,Verbal cooperation
894848837,20191224,201912,CHN,CHINA,CHN,,,,,,,,USA,THE US,USA,,,,,,,,1,012,012,01,1,-0.4,10,1,10,-2.0066889632107,4,"Xinjiang, Jiangxi, China",CH,CH03,13167,27.7481,116.274,11065838,4,"Xinjiang, Jiangxi, China",CH,CH03,13167,27.7481,116.274,11065838,4,"Xinjiang, Jiangxi, China",CH,CH03,13167,27.7481,116.274,11065838,20191224050000,Make public statement,Verbal cooperation
894848840,20191224,201912,CHN,CHINESE,CHN,,,,,,,,USAMED,WALL STREET JOURNAL,USA,,,,,MED,,,1,020,020,02,1,3.0,7,1,7,1.23674911660778,4,"Shanghai, Shanghai, China",CH,CH23,13243,31.2222,121.458,-1924465,4,"Shanghai, Shanghai, China",CH,CH23,13243,31.2222,121.458,-1924465,4,"Shanghai, Shanghai, China",CH,CH23,13243,31.2222,121.458,-1924465,20191224050000,Appeal,Verbal cooperation
894851313,20191224,201912,CHN,CHINESE,CHN,,,,,,,,USA,AMERICAN,USA,,,,,,,,1,036,036,03,1,4.0,8,1,8,-2.70270270270271,1,China,CH,CH,,35.0,105.0,CH,1,China,CH,CH,,35.0,105.0,CH,1,China,CH,CH,,35.0,105.0,CH,20191224053000,Express intent to cooperate,Verbal cooperation
894852008,20191224,201912,USA,AMERICAN,USA,,,,,,,,CHN,CHINESE,CHN,,,,,,,,1,036,036,03,1,4.0,6,1,6,-2.70270270270271,1,United States,US,US,,39.828175,-98.5795,US,1,China,CH,CH,,35.0,105.0,CH,1,China,CH,CH,,35.0,105.0,CH,20191224053000,Express intent to cooperate,Verbal cooperation
894853002,20181224,201812,USA,WASHINGTON,USA,,,,,,,,CHN,CHINA,CHN,,,,,,,,1,010,010,01,1,0.0,8,1,8,-4.26829268292683,4,"Tehran, Tehran, Iran",IR,IR26,41130,35.75,51.5148,10074674,4,"Tehran, Tehran, Iran",IR,IR26,41130,35.75,51.5148,10074674,4,"Tehran, Tehran, Iran",IR,IR26,41130,35.75,51.5148,10074674,20191224054500,Make public statement,Verbal cooperation
894853400,20191224,201912,CHN,CANTON,CHN,,,,,,,,USA,ILLINOIS,USA,,,,,,,,1,042,042,04,1,1.9,8,1,8,-9.82142857142853,1,China,CH,CH,,35.0,105.0,CH,1,China,CH,CH,,35.0,105.0,CH,1,China,CH,CH,,35.0,105.0,CH,20191224054500,Consult,Verbal cooperation
894857380,20191224,201912,USALEG,AMERICAN,USA,,,,,LEG,,,CHN,CHINESE,CHN,,,,,,,,1,012,012,01,1,-0.4,6,1,6,0.79365079365079,4,"Beijing, Beijing, China",CH,CH22,13001,39.9289,116.388,-1898541,4,"Beijing, Beijing, China",CH,CH22,13001,39.9289,116.388,-1898541,4,"Beijing, Beijing, China",CH,CH22,13001,39.9289,116.388,-1898541,20191224061500,Make public statement,Verbal cooperation
894857381,20191224,201912,USALEG,AMERICAN,USA,,,,,LEG,,,CHN,BEIJING,CHN,,,,,,,,1,1721,172,17,4,-5.0,6,1,6,0.79365079365079,2,"California, United States",US,USCA,,36.17,-119.746,CA,4,"Beijing, Beijing, China",CH,CH22,13001,39.9289,116.388,-1898541,4,"Beijing, Beijing, China",CH,CH22,13001,39.9289,116.388,-1898541,20191224061500,Coerce,Material conflict
894857383,20191224,201912,USAMEDCOP,REUTERS,USA,,,,,MED,COP,,CHNCVL,CHINESE,CHN,,,,,CVL,,,1,173,173,17,4,-5.0,6,2,6,-10.1639344262295,1,China,CH,CH,,35.0,105.0,CH,4,"Kathmandu, Bagmati, Nepal",NP,NP01,22353,27.7167,85.3167,-1022136,4,"Kathmandu, Bagmati, Nepal",NP,NP01,22353,27.7167,85.3167,-1022136,20191224061500,Coerce,Material conflict
894858660,20191224,201912,MNCUSA,MICROSOFT,USA,,,,,MNC,,,CHN,CHINA,CHN,,,,,,,,1,030,030,03,1,4.0,16,2,16,0.637646053006552,1,India,IN,IN,,20.0,77.0,IN,1,China,CH,CH,,35.0,105.0,CH,1,India,IN,IN,,20.0,77.0,IN,20191224063000,Express intent to cooperate,Verbal cooperation
894859715,20191224,201912,CHN,CHENGDU,CHN,,,,,,,,USAMED,REUTERS,USA,,,,,MED,,,1,043,043,04,1,2.8,8,1,8,-1.12107623318386,4,"Chengdu, Sichuan, China",CH,CH32,13270,30.6667,104.067,-1900349,4,"Seoul, Soul-t'ukpyolsi, South Korea",KS,KS11,24984,37.5664,127.0,-716583,4,"Seoul, Soul-t'ukpyolsi, South Korea",KS,KS11,24984,37.5664,127.0,-716583,20191224064500,Consult,Verbal cooperation
894860716,20191224,201912,USAMED,REUTERS,USA,,,,,MED,,,CHN,CHENGDU,CHN,,,,,,,,1,042,042,04,1,1.9,8,1,8,-1.12107623318386,4,"Seoul, Soul-t'ukpyolsi, South Korea",KS,KS11,24984,37.5664,127.0,-716583,4,"Chengdu, Sichuan, China",CH,CH32,13270,30.6667,104.067,-1900349,4,"Seoul, Soul-t'ukpyolsi, South Korea",KS,KS11,24984,37.5664,127.0,-716583,20191224064500,Consult,Verbal cooperation
894860718,20191224,201912,USAMED,REUTERS,USA,,,,,MED,,,CHN,CHINA,CHN,,,,,,,,1,084,084,08,2,7.0,10,1,10,-0.78740157480315,1,China,CH,CH,,35.0,105.0,CH,1,China,CH,CH,,35.0,105.0,CH,1,China,CH,CH,,35.0,105.0,CH,20191224064500,Yield,Material cooperation
894863371,20191224,201912,CHN,CHINESE,CHN,,,,,,,,USAEDU,SAN FRANCISCO,USA,,,,,EDU,,,1,043,043,04,1,2.8,8,1,8,4.2042042042042,1,China,CH,CH,,35.0,105.0,CH,3,"San Francisco, California, United States",US,USCA,,37.7749,-122.419,277593,1,China,CH,CH,,35.0,105.0,CH,20191224071500,Consult,Verbal cooperation
894863991,20191224,201912,USAEDU,SAN FRANCISCO,USA,,,,,EDU,,,CHN,CHINESE,CHN,,,,,,,,1,042,042,04,1,1.9,8,1,8,4.2042042042042,3,"San Francisco, California, United States",US,USCA,CA075,37.7749,-122.419,277593,3,"San Francisco, California, United States",US,USCA,,37.7749,-122.419,277593,3,"San Francisco, California, United States",US,USCA,,37.7749,-122.419,277593,20191224071500,Consult,Verbal cooperation
894865600,20191224,201912,USA,THE US,USA,,,,,,,,CHN,CHINA,CHN,,,,,,,,1,013,013,01,1,0.4,10,1,10,0.139470013947,1,China,CH,CH,,35.0,105.0,CH,1,China,CH,CH,,35.0,105.0,CH,1,China,CH,CH,,35.0,105.0,CH,20191224073000,Make public statement,Verbal cooperation
894868333,20191224,201912,CHN,CHINA,CHN,,,,,,,,USA,UNITED STATES,USA,,,,,,,,1,040,040,04,1,1.0,8,1,8,-1.63934426229508,4,"Chengdu, Sichuan, China",CH,CH32,13270,30.6667,104.067,-1900349,3,"Washington, District of Columbia, United States",US,USDC,DC001,38.8951,-77.0364,531871,4,"Osaka, Osaka, Japan",JA,JA32,35840,34.6667,135.5,-240905,20191224080000,Consult,Verbal cooperation
894868335,20191224,201912,CHN,CHINA,CHN,,,,,,,,USA,THE US,USA,,,,,,,,1,111,111,11,3,-2.0,6,1,6,-0.68965517241379,1,China,CH,CH,,35.0,105.0,CH,1,Hong Kong,HK,HK,,22.25,114.166667,HK,1,China,CH,CH,,35.0,105.0,CH,20191224080000,Disapprove,Verbal conflict
894869085,20191224,201912,USA,UNITED STATES,USA,,,,,,,,CHN,CHINA,CHN,,,,,,,,1,040,040,04,1,1.0,8,1,8,-1.63934426229508,3,"Washington, District of Columbia, United States",US,USDC,DC001,38.8951,-77.0364,531871,4,"Chengdu, Sichuan, China",CH,CH32,13270,30.6667,104.067,-1900349,4,"Osaka, Osaka, Japan",JA,JA32,35840,34.6667,135.5,-240905,20191224080000,Consult,Verbal cooperation
894875423,20191224,201912,CHN,CHENGDU,CHN,,,,,,,,USA,UNITED STATES,USA,,,,,,,,1,040,040,04,1,1.0,8,1,8,-2.48618784530387,4,"Chengdu, Sichuan, China",CH,CH32,13270,30.6667,104.067,-1900349,1,United States,US,US,,39.828175,-98.5795,US,4,"Osaka, Osaka, Japan",JA,JA32,35840,34.6667,135.5,-240905,20191224090000,Consult,Verbal cooperation
894876015,20191224,201912,USA,UNITED STATES,USA,,,,,,,,CHN,CHENGDU,CHN,,,,,,,,1,040,040,04,1,1.0,8,1,8,-2.48618784530387,1,United States,US,US,,39.828175,-98.5795,US,4,"Chengdu, Sichuan, China",CH,CH32,13270,30.6667,104.067,-1900349,4,"Osaka, Osaka, Japan",JA,JA32,35840,34.6667,135.5,-240905,20191224090000,Consult,Verbal cooperation
894878928,20191224,201912,CHN,CHENGDU,CHN,,,,,,,,USAMED,REUTERS,USA,,,,,MED,,,1,040,040,04,1,1.0,14,1,8,-3.21489001692048,4,"Chengdu, Sichuan, China",CH,CH32,13270,30.6667,104.067,-1900349,4,"Tokyo, Tokyo, Japan",JA,JA40,36340,35.685,139.751,-246227,4,"Chengdu, Sichuan, China",CH,CH32,13270,30.6667,104.067,-1900349,20191224093000,Consult,Verbal cooperation
894879806,20191224,201912,USA,LOS ANGELES,USA,,,,,,,,CHN,CHINA,CHN,,,,,,,,1,110,110,11,3,-2.0,10,1,10,-1.42045454545455,4,"Shanghai, Shanghai, China",CH,CH23,13243,31.2222,121.458,-1924465,4,"Shanghai, Shanghai, China",CH,CH23,13243,31.2222,121.458,-1924465,4,"Shanghai, Shanghai, China",CH,CH23,13243,31.2222,121.458,-1924465,20191224093000,Disapprove,Verbal conflict
894879883,20191224,201912,USAMED,REUTERS,USA,,,,,MED,,,CHN,CHENGDU,CHN,,,,,,,,1,040,040,04,1,1.0,14,1,8,-3.21489001692048,4,"Tokyo, Tokyo, Japan",JA,JA40,36340,35.685,139.751,-246227,4,"Chengdu, Sichuan, China",CH,CH32,13270,30.6667,104.067,-1900349,4,"Chengdu, Sichuan, China",CH,CH32,13270,30.6667,104.067,-1900349,20191224093000,Consult,Verbal cooperation
894881698,20191224,201912,USA,UNITED STATES,USA,,,,,,,,CHN,CHINESE,CHN,,,,,,,,1,060,060,06,2,6.0,10,1,10,-3.76266280752532,4,"Beijing, Beijing, China",CH,CH22,13001,39.9289,116.388,-1898541,2,"Illinois, United States",US,USIL,,40.3363,-89.0022,IL,4,"Beijing, Beijing, China",CH,CH22,13001,39.9289,116.388,-1898541,20191224094500,Engage in material cooperation,Material cooperation
894881699,20191224,201912,USA,CHICAGO,USA,,,,,,,,CHNOPP,TIBET,CHN,,,,,OPP,,,1,051,051,05,1,3.4,10,1,10,0.0,3,"Chicago, Illinois, United States",US,USIL,IL031,41.85,-87.6501,423587,3,"Chicago, Illinois, United States",US,USIL,IL031,41.85,-87.6501,423587,3,"Chicago, Illinois, United States",US,USIL,IL031,41.85,-87.6501,423587,20191224094500,Engage in diplomatic cooperation,Verbal cooperation
894881700,20191224,201912,USA,CHICAGO,USA,,,,,,,,CHNOPP,TIBET,CHN,,,,,OPP,,,1,141,141,14,3,-6.5,10,1,10,0.0,3,"Chicago, Illinois, United States",US,USIL,IL031,41.85,-87.6501,423587,3,"Chicago, Illinois, United States",US,USIL,IL031,41.85,-87.6501,423587,3,"Chicago, Illinois, United States",US,USIL,IL031,41.85,-87.6501,423587,20191224094500,Protest,Verbal conflict
894883790,20191224,201912,USA,UNITED STATES,USA,,,,,,,,CHN,CHINESE,CHN,,,,,,,,1,060,060,06,2,6.0,10,1,10,-3.90977443609022,4,"Beijing, Beijing, China",CH,CH22,13001,39.9289,116.388,-1898541,1,United States,US,US,,39.828175,-98.5795,US,4,"Beijing, Beijing, China",CH,CH22,13001,39.9289,116.388,-1898541,20191224100000,Engage in material cooperation,Material cooperation
894883791,20191224,201912,USA,UNITED STATES,USA,,,,,,,,CHN,CHINESE,CHN,,,,,,,,1,060,060,06,2,6.0,10,1,10,-3.5904255319149,4,"Yangshan, Anhui, China",CH,CH01,12997,31.1782,118.63,10555214,1,United States,US,US,,39.828175,-98.5795,US,4,"Yangshan, Anhui, China",CH,CH01,12997,31.1782,118.63,10555214,20191224100000,Engage in material cooperation,Material cooperation
894885063,20191224,201912,CHN,CHINA,CHN,,,,,,,,USA,UNITED STATES,USA,,,,,,,,1,061,061,06,2,6.4,8,1,8,1.27388535031847,1,China,CH,CH,,35.0,105.0,CH,2,"Florida, United States",US,USFL,,27.8333,-81.717,FL,1,China,CH,CH,,35.0,105.0,CH,20191224101500,Engage in material cooperation,Material cooperation
894885802,20191224,201912,USA,UNITED STATES,USA,,,,,,,,CHN,CHINA,CHN,,,,,,,,1,061,061,06,2,6.4,10,1,10,1.27388535031847,2,"Florida, United States",US,USFL,,27.8333,-81.717,FL,2,"Florida, United States",US,USFL,,27.8333,-81.717,FL,2,"Florida, United States",US,USFL,,27.8333,-81.717,FL,20191224101500,Engage in material cooperation,Material cooperation
894889954,20191224,201912,USAGOV,OBAMA,USA,,,,,GOV,,,CHN,CHINA,CHN,,,,,,,,1,111,111,11,3,-2.0,10,1,10,-4.51127819548872,1,Armenia,AM,AM,,40.0,45.0,AM,1,Armenia,AM,AM,,40.0,45.0,AM,1,Armenia,AM,AM,,40.0,45.0,AM,20191224104500,Disapprove,Verbal conflict
894893648,20191224,201912,USA,UNITED STATES,USA,,,,,,,,CHN,CHINESE,CHN,,,,,,,,1,060,060,06,2,6.0,10,1,10,-3.73134328358209,1,India,IN,IN,,20.0,77.0,IN,1,India,IN,IN,,20.0,77.0,IN,1,India,IN,IN,,20.0,77.0,IN,20191224111500,Engage in material cooperation,Material cooperation
894894638,20181224,201812,CHN,CHINA,CHN,,,,,,,,USA,UNITED STATES,USA,,,,,,,,1,061,061,06,2,6.4,10,1,10,0.87912087912088,4,"Shanghai, Shanghai, China",CH,CH23,13243,31.2222,121.458,-1924465,4,"Shanghai, Shanghai, China",CH,CH23,13243,31.2222,121.458,-1924465,4,"Shanghai, Shanghai, China",CH,CH23,13243,31.2222,121.458,-1924465,20191224113000,Engage in material cooperation,Material cooperation
894897213,20191224,201912,CHN,CHINESE,CHN,,,,,,,,USA,AMERICAN,USA,,,,,,,,1,060,060,06,2,6.0,8,1,8,-2.72638753651412,4,"Beijing, Beijing, China",CH,CH22,13001,39.9289,116.388,-1898541,4,"Beijing, Beijing, China",CH,CH22,13001,39.9289,116.388,-1898541,4,"Beijing, Beijing, China",CH,CH22,13001,39.9289,116.388,-1898541,20191224114500,Engage in material cooperation,Material cooperation
894897214,20191224,201912,CHN,CHINESE,CHN,,,,,,,,USA,AMERICAN,USA,,,,,,,,1,060,060,06,2,6.0,8,1,8,-1.78571428571429,4,"Beijing, Beijing, China",CH,CH22,13001,39.9289,116.388,-1898541,1,United States,US,US,,39.828175,-98.5795,US,4,"Beijing, Beijing, China",CH,CH22,13001,39.9289,116.388,-1898541,20191224114500,Engage in material cooperation,Material cooperation
894897933,20191224,201912,USA,UNITED STATES,USA,,,,,,,,CHN,CHINESE,CHN,,,,,,,,1,060,060,06,2,6.0,10,1,10,-3.64656381486676,4,"Shanghai, Shanghai, China",CH,CH23,13243,31.2222,121.458,-1924465,1,United States,US,US,,39.828175,-98.5795,US,4,"Shanghai, Shanghai, China",CH,CH23,13243,31.2222,121.458,-1924465,20191224114500,Engage in material cooperation,Material cooperation
894901406,20191224,201912,CHN,BEIJING,CHN,,,,,,,,USA,PHILADELPHIA,USA,,,,,,,,1,051,051,05,1,3.4,7,1,7,0.0,3,"Philadelphia, Pennsylvania, United States",US,USPA,PA101,39.9523,-75.1638,1209052,3,"Philadelphia, Pennsylvania, United States",US,USPA,PA101,39.9523,-75.1638,1209052,3,"Philadelphia, Pennsylvania, United States",US,USPA,PA101,39.9523,-75.1638,1209052,20191224121500,Engage in diplomatic cooperation,Verbal cooperation
894902171,20191224,201912,USA,PHILADELPHIA,USA,,,,,,,,CHN,CHINESE,CHN,,,,,,,,1,051,051,05,1,3.4,6,1,6,0.0,3,"Philadelphia City Hall, Pennsylvania, United States",US,USPA,PA101,39.9523,-75.1635,1852216,4,"Yanan, Shaanxi, China",CH,CH26,13220,36.5989,109.492,-1935076,4,"Yanan, Shaanxi, China",CH,CH26,13220,36.5989,109.492,-1935076,20191224121500,Engage in diplomatic cooperation,Verbal cooperation
894904854,20191224,201912,USAMED,WALL STREET JOURNAL,USA,,,,,MED,,,CHN,CHINA,CHN,,,,,,,,1,0833,083,08,2,5.0,6,1,6,0.0,1,Cambodia,CB,CB,,13.0,105.0,CB,2,"New York, United States",US,USNY,,42.1497,-74.9384,NY,2,"New York, United States",US,USNY,,42.1497,-74.9384,NY,20191224123000,Yield,Material cooperation
894905994,20191224,201912,CHN,CHINA,CHN,,,,,,,,MNCUSA,FLUOR CORPORATION,USA,,,,,MNC,,,1,046,046,04,1,7.0,10,1,10,2.64765784114053,1,China,CH,CH,,35.0,105.0,CH,1,Kuwait,KU,KU,,29.5,47.75,KU,1,Kuwait,KU,KU,,29.5,47.75,KU,20191224124500,Consult,Verbal cooperation
894906576,20191224,201912,MNCUSA,FLUOR CORPORATION,USA,,,,,MNC,,,CHN,CHINA,CHN,,,,,,,,1,046,046,04,1,7.0,10,1,10,2.64765784114053,1,Kuwait,KU,KU,,29.5,47.75,KU,1,Kuwait,KU,KU,,29.5,47.75,KU,1,Kuwait,KU,KU,,29.5,47.75,KU,20191224124500,Consult,Verbal cooperation
894914099,20191224,201912,CHN,CHINA,CHN,,,,,,,,USA,THE US,USA,,,,,,,,1,030,030,03,1,4.0,10,1,10,2.66666666666666,1,North Korea,KN,KN,,40.0,127.0,KN,1,North Korea,KN,KN,,40.0,127.0,KN,1,North Korea,KN,KN,,40.0,127.0,KN,20191224134500,Express intent to cooperate,Verbal cooperation
894960878,20191224,201912,USA,UNITED STATES,USA,,,,,,,,CHNMIL,CHINESE,CHN,,,,,MIL,,,1,112,112,11,3,-2.0,6,1,6,1.47783251231527,3,"Washington, District of Columbia, United States",US,USDC,DC001,38.8951,-77.0364,531871,3,"Washington, District of Columbia, United States",US,USDC,DC001,38.8951,-77.0364,531871,3,"Washington, District of Columbia, United States",US,USDC,DC001,38.8951,-77.0364,531871,20191224193000,Disapprove,Verbal conflict
894961891,20191224,201912,CHN,BEIJING,CHN,,,,,,,,USA,UNITED STATES,USA,,,,,,,,1,040,040,04,1,1.0,6,1,6,-3.53982300884956,4,"Beijing, Beijing, China",CH,CH22,13001,39.9289,116.388,-1898541,1,United States,US,US,,39.828175,-98.5795,US,4,"Osaka, Osaka, Japan",JA,JA32,35840,34.6667,135.5,-240905,20191224194500,Consult,Verbal cooperation
894962708,20191224,201912,USA,UNITED STATES,USA,,,,,,,,CHN,BEIJING,CHN,,,,,,,,1,040,040,04,1,1.0,6,1,6,-3.53982300884956,1,United States,US,US,,39.828175,-98.5795,US,4,"Beijing, Beijing, China",CH,CH22,13001,39.9289,116.388,-1898541,4,"Osaka, Osaka, Japan",JA,JA32,35840,34.6667,135.5,-240905,20191224194500,Consult,Verbal cooperation
894972328,20191224,201912,USA,UNITED STATES,USA,,,,,,,,CHN,CHINESE,CHN,,,,,,,,1,060,060,06,2,6.0,10,1,10,-4.03071017274472,4,"Beijing, Beijing, China",CH,CH22,13001,39.9289,116.388,-1898541,4,"Beijing, Beijing, China",CH,CH22,13001,39.9289,116.388,-1898541,4,"Beijing, Beijing, China",CH,CH22,13001,39.9289,116.388,-1898541,20191224213000,Engage in material cooperation,Material cooperation
894974337,20191224,201912,CHN,CHINA,CHN,,,,,,,,USA,UNITED STATES,USA,,,,,,,,1,040,040,04,1,1.0,8,1,8,-3.71959942775394,4,"Chengdu, Sichuan, China",CH,CH32,13270,30.6667,104.067,-1900349,3,"Washington, District of Columbia, United States",US,USDC,DC001,38.8951,-77.0364,531871,4,"Tokyo, Tokyo, Japan",JA,JA40,36340,35.685,139.751,-246227,20191224220000,Consult,Verbal cooperation
894975075,20191224,201912,USA,UNITED STATES,USA,,,,,,,,CHN,CHINA,CHN,,,,,,,,1,040,040,04,1,1.0,8,1,8,-3.71959942775394,3,"Washington, District of Columbia, United States",US,USDC,DC001,38.8951,-77.0364,531871,4,"Chengdu, Sichuan, China",CH,CH32,13270,30.6667,104.067,-1900349,4,"Tokyo, Tokyo, Japan",JA,JA40,36340,35.685,139.751,-246227,20191224220000,Consult,Verbal cooperation
894980852,20191224,201912,USA,UNITED STATES,USA,,,,,,,,CHN,CHINA,CHN,,,,,,,,1,012,012,01,1,-0.4,10,1,10,-2.45398773006135,1,United States,US,US,,39.828175,-98.5795,US,4,"Beijing, Beijing, China",CH,CH22,13001,39.9289,116.388,-1898541,4,"Beijing, Beijing, China",CH,CH22,13001,39.9289,116.388,-1898541,20191224231500,Make public statement,Verbal cooperation
894990419,20191225,201912,CHN,CHENGDU,CHN,,,,,,,,USAMED,REUTERS,USA,,,,,MED,,,1,040,040,04,1,1.0,14,1,8,-3.4351145038168,4,"Chengdu, Sichuan, China",CH,CH32,13270,30.6667,104.067,-1900349,1,Japan,JA,JA,,36.0,138.0,JA,4,"Chengdu, Sichuan, China",CH,CH32,13270,30.6667,104.067,-1900349,20191225004500,Consult,Verbal cooperation
894991310,20191225,201912,USA,UNITED STATES,USA,,,,,,,,CHN,CHINESE,CHN,,,,,,,,1,060,060,06,2,6.0,10,1,10,-3.64656381486676,4,"Shanghai, Shanghai, China",CH,CH23,13243,31.2222,121.458,-1924465,1,United States,US,US,,39.828175,-98.5795,US,4,"Shanghai, Shanghai, China",CH,CH23,13243,31.2222,121.458,-1924465,20191225004500,Engage in material cooperation,Material cooperation
894991435,20191225,201912,USAMED,REUTERS,USA,,,,,MED,,,CHN,CHENGDU,CHN,,,,,,,,1,040,040,04,1,1.0,12,1,8,-3.4351145038168,4,"Chengdu, Sichuan, China",CH,CH32,13270,30.6667,104.067,-1900349,4,"Chengdu, Sichuan, China",CH,CH32,13270,30.6667,104.067,-1900349,4,"Chengdu, Sichuan, China",CH,CH32,13270,30.6667,104.067,-1900349,20191225004500,Consult,Verbal cooperation
894991438,20191225,201912,USAMED,REUTERS,USA,,,,,MED,,,CHN,CHENGDU,CHN,,,,,,,,1,040,040,04,1,1.0,14,1,8,-3.4351145038168,1,Japan,JA,JA,,36.0,138.0,JA,4,"Chengdu, Sichuan, China",CH,CH32,13270,30.6667,104.067,-1900349,4,"Chengdu, Sichuan, China",CH,CH32,13270,30.6667,104.067,-1900349,20191225004500,Consult,Verbal cooperation
894991787,20191225,201912,CHN,CHINA,CHN,,,,,,,,USAMED,THE ASSOCIATED PRESS,USA,,,,,MED,,,1,010,010,01,1,0.0,8,1,8,0.280898876404491,4,"Beijing, Beijing, China",CH,CH22,13001,39.9289,116.388,-1898541,4,"Beijing, Beijing, China",CH,CH22,13001,39.9289,116.388,-1898541,4,"Beijing, Beijing, China",CH,CH22,13001,39.9289,116.388,-1898541,20191225010000,Make public statement,Verbal cooperation
894994298,20191225,201912,CHN,CHENGDU,CHN,,,,,,,,USA,UNITED STATES,USA,,,,,,,,1,040,040,04,1,1.0,8,1,8,-3.76811594202898,4,"Chengdu, Sichuan, China",CH,CH32,13270,30.6667,104.067,-1900349,3,"Washington, District of Columbia, United States",US,USDC,DC001,38.8951,-77.0364,531871,4,"Osaka, Osaka, Japan",JA,JA32,35840,34.6667,135.5,-240905,20191225011500,Consult,Verbal cooperation
894995082,20191225,201912,USA,UNITED STATES,USA,,,,,,,,CHN,CHENGDU,CHN,,,,,,,,1,040,040,04,1,1.0,8,1,8,-3.76811594202898,3,"Washington, District of Columbia, United States",US,USDC,DC001,38.8951,-77.0364,531871,4,"Chengdu, Sichuan, China",CH,CH32,13270,30.6667,104.067,-1900349,4,"Osaka, Osaka, Japan",JA,JA32,35840,34.6667,135.5,-240905,20191225011500,Consult,Verbal cooperation
895002446,20191225,201912,CHN,CHENGDU,CHN,,,,,,,,USA,UNITED STATES,USA,,,,,,,,1,040,040,04,1,1.0,8,1,8,-3.60576923076924,4,"Chengdu, Sichuan, China",CH,CH32,13270,30.6667,104.067,-1900349,1,United States,US,US,,39.828175,-98.5795,US,4,"Osaka, Osaka, Japan",JA,JA32,35840,34.6667,135.5,-240905,20191225030000,Consult,Verbal cooperation
895002936,20191225,201912,USA,UNITED STATES,USA,,,,,,,,CHN,CHENGDU,CHN,,,,,,,,1,040,040,04,1,1.0,8,1,8,-3.60576923076924,1,United States,US,US,,39.828175,-98.5795,US,4,"Chengdu, Sichuan, China",CH,CH32,13270,30.6667,104.067,-1900349,4,"Osaka, Osaka, Japan",JA,JA32,35840,34.6667,135.5,-240905,20191225030000,Consult,Verbal cooperation
895005905,20191225,201912,CHN,CHINA,CHN,,,,,,,,USAMED,THE ASSOCIATED PRESS,USA,,,,,MED,,,1,013,013,01,1,0.4,12,3,12,0.151949432375183,4,"Da Chen, Zhejiang, China",CH,CH02,13328,29.2688,121.227,10563015,4,"Da Chen, Zhejiang, China",CH,CH02,13328,29.2688,121.227,10563015,4,"Da Chen, Zhejiang, China",CH,CH02,13328,29.2688,121.227,10563015,20191225034500,Make public statement,Verbal cooperation
895006950,20191225,201912,CHN,CHINA,CHN,,,,,,,,USAEDU,NEW MEXICO,USA,,,,,EDU,,,1,042,042,04,1,1.9,8,1,8,5.33333333333333,4,"Neijiang, Sichuan, China",CH,CH32,13263,29.5835,105.062,-1920084,4,"Neijiang, Sichuan, China",CH,CH32,13263,29.5835,105.062,-1920084,4,"Neijiang, Sichuan, China",CH,CH32,13263,29.5835,105.062,-1920084,20191225040000,Consult,Verbal cooperation
895006951,20191225,201912,CHN,CHINA,CHN,,,,,,,,USAEDU,NEW MEXICO,USA,,,,,EDU,,,1,060,060,06,2,6.0,8,1,8,5.33333333333333,4,"Neijiang, Sichuan, China",CH,CH32,13263,29.5835,105.062,-1920084,4,"Neijiang, Sichuan, China",CH,CH32,13263,29.5835,105.062,-1920084,4,"Neijiang, Sichuan, China",CH,CH32,13263,29.5835,105.062,-1920084,20191225040000,Engage in material cooperation,Material cooperation
895007578,20191225,201912,USAEDU,NEW MEXICO,USA,,,,,EDU,,,CHN,CHINA,CHN,,,,,,,,1,043,043,04,1,2.8,8,1,8,5.33333333333333,4,"Neijiang, Sichuan, China",CH,CH32,13263,29.5835,105.062,-1920084,4,"Neijiang, Sichuan, China",CH,CH32,13263,29.5835,105.062,-1920084,4,"Neijiang, Sichuan, China",CH,CH32,13263,29.5835,105.062,-1920084,20191225040000,Consult,Verbal cooperation
895007579,20191225,201912,USAEDU,NEW MEXICO,USA,,,,,EDU,,,CHN,CHINA,CHN,,,,,,,,1,051,051,05,1,3.4,8,1,8,5.33333333333333,4,"Neijiang, Sichuan, China",CH,CH32,13263,29.5835,105.062,-1920084,4,"Neijiang, Sichuan, China",CH,CH32,13263,29.5835,105.062,-1920084,4,"Neijiang, Sichuan, China",CH,CH32,13263,29.5835,105.062,-1920084,20191225040000,Engage in diplomatic cooperation,Verbal cooperation
895007580,20191225,201912,USAEDU,NEW MEXICO,USA,,,,,EDU,,,CHN,CHINA,CHN,,,,,,,,1,060,060,06,2,6.0,8,1,8,5.33333333333333,4,"Neijiang, Sichuan, China",CH,CH32,13263,29.5835,105.062,-1920084,4,"Neijiang, Sichuan, China",CH,CH32,13263,29.5835,105.062,-1920084,4,"Neijiang, Sichuan, China",CH,CH32,13263,29.5835,105.062,-1920084,20191225040000,Engage in material cooperation,Material cooperation
895016856,20191225,201912,USA,AMERICAN,USA,,,,,,,,CHN,CHINA,CHN,,,,,,,,1,100,100,10,3,-5.0,10,1,10,12.5,1,United States,US,US,,39.828175,-98.5795,US,1,China,CH,CH,,35.0,105.0,CH,1,India,IN,IN,,20.0,77.0,IN,20191225061500,Demand,Verbal conflict
895020809,20191225,201912,CHN,SICHUAN,CHN,,,,,,,,USA,UNITED STATES,USA,,,,,,,,1,040,040,04,1,1.0,6,1,6,-3.41207349081365,4,"Sichuan, Gansu, China",CH,CH15,13024,35.1221,105.48,10650455,3,"Washington, District of Columbia, United States",US,USDC,DC001,38.8951,-77.0364,531871,4,"Osaka, Osaka, Japan",JA,JA32,35840,34.6667,135.5,-240905,20191225071500,Consult,Verbal cooperation
895020810,20191225,201912,CHN,CHINA,CHN,,,,,,,,USAMEDBUS,REUTERS,USA,,,,,MED,BUS,,1,061,061,06,2,6.4,10,1,10,-0.7168458781362,4,"Beijing, Beijing, China",CH,CH22,13001,39.9289,116.388,-1898541,1,Germany,GM,GM,,51.5,10.5,GM,1,Germany,GM,GM,,51.5,10.5,GM,20191225071500,Engage in material cooperation,Material cooperation
895021238,20191225,201912,USA,UNITED STATES,USA,,,,,,,,CHN,SICHUAN,CHN,,,,,,,,1,040,040,04,1,1.0,6,1,6,-3.41207349081365,3,"Washington, District of Columbia, United States",US,USDC,DC001,38.8951,-77.0364,531871,4,"Sichuan, Gansu, China",CH,CH15,13024,35.1221,105.48,10650455,4,"Osaka, Osaka, Japan",JA,JA32,35840,34.6667,135.5,-240905,20191225071500,Consult,Verbal cooperation
895026814,20191225,201912,CHN,CHINA,CHN,,,,,,,,USAMEDBUS,REUTERS,USA,,,,,MED,BUS,,1,030,030,03,1,4.0,7,1,7,-1.61290322580645,4,"Peking, Beijing, China",CH,CH22,13001,39.9289,116.388,-1898541,4,"Peking, Beijing, China",CH,CH22,13001,39.9289,116.388,-1898541,4,"Peking, Beijing, China",CH,CH22,13001,39.9289,116.388,-1898541,20191225083000,Express intent to cooperate,Verbal cooperation
895026815,20191225,201912,CHN,CHINA,CHN,,,,,,,,USAMEDBUS,REUTERS,USA,,,,,MED,BUS,,1,173,173,17,4,-5.0,10,1,10,-4.24403183023873,4,"Beijing, Beijing, China",CH,CH22,13001,39.9289,116.388,-1898541,4,"Beijing, Beijing, China",CH,CH22,13001,39.9289,116.388,-1898541,4,"Beijing, Beijing, China",CH,CH22,13001,39.9289,116.388,-1898541,20191225083000,Coerce,Material conflict
895031045,20191225,201912,CHN,CHINA,CHN,,,,,,,,USA,UNITED STATES,USA,,,,,,,,1,030,030,03,1,4.0,6,1,6,2.31788079470199,4,"Beijing, Beijing, China",CH,CH22,13001,39.9289,116.388,-1898541,4,"Beijing, Beijing, China",CH,CH22,13001,39.9289,116.388,-1898541,4,"Beijing, Beijing, China",CH,CH22,13001,39.9289,116.388,-1898541,20191225091500,Express intent to cooperate,Verbal cooperation
895033005,20191225,201912,USA,THE US,USA,,,,,,,,CHN,CHINA,CHN,,,,,,,,1,070,070,07,2,7.0,10,1,10,1.20870265914585,1,India,IN,IN,,20.0,77.0,IN,1,India,IN,IN,,20.0,77.0,IN,1,India,IN,IN,,20.0,77.0,IN,20191225093000,Provide aid,Material cooperation
895044363,20191225,201912,USA,UNITED STATES,USA,,,,,,,,CHN,CHINA,CHN,,,,,,,,1,061,061,06,2,6.4,12,1,6,-5.59210526315789,3,"Washington, District of Columbia, United States",US,USDC,DC001,38.8951,-77.0364,531871,1,China,CH,CH,,35.0,105.0,CH,1,China,CH,CH,,35.0,105.0,CH,20191225113000,Engage in material cooperation,Material cooperation
895047238,20191225,201912,USA,UNITED STATES,USA,,,,,,,,CHN,CHINESE,CHN,,,,,,,,1,060,060,06,2,6.0,10,1,10,-4.36187399030695,4,"Beijing, Beijing, China",CH,CH22,13001,39.9289,116.388,-1898541,4,"Beijing, Beijing, China",CH,CH22,13001,39.9289,116.388,-1898541,4,"Beijing, Beijing, China",CH,CH22,13001,39.9289,116.388,-1898541,20191225120000,Engage in material cooperation,Material cooperation
895057309,20191225,201912,USAGOV,NASA,USA,,,,,GOV,,,CHN,CHINESE,CHN,,,,,,,,1,173,173,17,4,-5.0,10,1,10,-8.23529411764706,1,China,CH,CH,,35.0,105.0,CH,1,China,CH,CH,,35.0,105.0,CH,1,China,CH,CH,,35.0,105.0,CH,20191225134500,Coerce,Material conflict
895063985,20191225,201912,CHN,BEIJING,CHN,,,,,,,,MNCUSA,LOCKHEED MARTIN,USA,,,,,MNC,,,1,031,031,03,1,5.2,10,1,10,-2.78745644599303,4,"Beijing, Beijing, China",CH,CH22,13001,39.9289,116.388,-1898541,4,"Beijing, Beijing, China",CH,CH22,13001,39.9289,116.388,-1898541,4,"Beijing, Beijing, China",CH,CH22,13001,39.9289,116.388,-1898541,20191225150000,Express intent to cooperate,Verbal cooperation
895063992,20191225,201912,CHN,BEIJING,CHN,,,,,,,,USAMIL,THE US,USA,,,,,MIL,,,1,060,060,06,2,6.0,10,1,10,-2.78745644599303,4,"Kremlin, Moskva, Russia",RS,RS48,25106,55.7522,37.6156,-2960561,4,"Kremlin, Moskva, Russia",RS,RS48,25106,55.7522,37.6156,-2960561,4,"Kremlin, Moskva, Russia",RS,RS48,25106,55.7522,37.6156,-2960561,20191225150000,Engage in material cooperation,Material cooperation
895064349,20191225,201912,MNCUSA,LOCKHEED MARTIN,USA,,,,,MNC,,,CHN,BEIJING,CHN,,,,,,,,1,031,031,03,1,5.2,10,1,10,-2.78745644599303,4,"Beijing, Beijing, China",CH,CH22,13001,39.9289,116.388,-1898541,4,"Beijing, Beijing, China",CH,CH22,13001,39.9289,116.388,-1898541,4,"Beijing, Beijing, China",CH,CH22,13001,39.9289,116.388,-1898541,20191225150000,Express intent to cooperate,Verbal cooperation
895065475,20191225,201912,CHN,CHINA,CHN,,,,,,,,USA,THE US,USA,,,,,,,,1,057,057,05,1,8.0,10,1,10,-2.64900662251655,1,China,CH,CH,,35.0,105.0,CH,1,China,CH,CH,,35.0,105.0,CH,1,China,CH,CH,,35.0,105.0,CH,20191225151500,Engage in diplomatic cooperation,Verbal cooperation
895066390,20191225,201912,USA,THE US,USA,,,,,,,,CHN,CHINA,CHN,,,,,,,,1,057,057,05,1,8.0,10,1,10,-2.64900662251655,1,China,CH,CH,,35.0,105.0,CH,1,China,CH,CH,,35.0,105.0,CH,1,China,CH,CH,,35.0,105.0,CH,20191225151500,Engage in diplomatic cooperation,Verbal cooperation
895069516,20191225,201912,USA,THE US,USA,,,,,,,,CHN,BEIJING,CHN,,,,,,,,1,084,084,08,2,7.0,10,1,10,1.59151193633953,4,"Beijing, Beijing, China",CH,CH22,13001,39.9289,116.388,-1898541,4,"Beijing, Beijing, China",CH,CH22,13001,39.9289,116.388,-1898541,4,"Beijing, Beijing, China",CH,CH22,13001,39.9289,116.388,-1898541,20191225154500,Yield,Material cooperation
895070954,20191225,201912,CHN,BEIJING,CHN,,,,,,,,MNCUSA,LOCKHEED MARTIN,USA,,,,,MNC,,,1,031,031,03,1,5.2,10,1,10,-3.63636363636363,4,"Beijing, Beijing, China",CH,CH22,13001,39.9289,116.388,-1898541,4,"Moscow, Moskva, Russia",RS,RS48,25106,55.7522,37.6156,-2960561,4,"Moscow, Moskva, Russia",RS,RS48,25106,55.7522,37.6156,-2960561,20191225160000,Express intent to cooperate,Verbal cooperation
895070959,20191225,201912,CHN,CHINA,CHN,,,,,,,,USA,THE US,USA,,,,,,,,1,042,042,04,1,1.9,8,1,8,-2.95748613678373,1,China,CH,CH,,35.0,105.0,CH,1,China,CH,CH,,35.0,105.0,CH,1,China,CH,CH,,35.0,105.0,CH,20191225160000,Consult,Verbal cooperation
895071403,20191225,201912,MNCUSA,LOCKHEED MARTIN,USA,,,,,MNC,,,CHN,BEIJING,CHN,,,,,,,,1,031,031,03,1,5.2,10,1,10,-3.63636363636363,4,"Moscow, Moskva, Russia",RS,RS48,25106,55.7522,37.6156,-2960561,4,"Beijing, Beijing, China",CH,CH22,13001,39.9289,116.388,-1898541,4,"Moscow, Moskva, Russia",RS,RS48,25106,55.7522,37.6156,-2960561,20191225160000,Express intent to cooperate,Verbal cooperation
895071640,20191225,201912,USA,THE US,USA,,,,,,,,CHN,CHINA,CHN,,,,,,,,1,043,043,04,1,2.8,10,1,10,-2.95748613678373,1,China,CH,CH,,35.0,105.0,CH,1,China,CH,CH,,35.0,105.0,CH,1,China,CH,CH,,35.0,105.0,CH,20191225160000,Consult,Verbal cooperation
895081917,20191225,201912,USALEG,THE US,USA,,,,,LEG,,,CHN,CHINA,CHN,,,,,,,,1,130,130,13,3,-4.4,6,1,6,-1.48975791433892,4,"Avangard, Primorskiy Kray, Russia",RS,RS59,25088,42.8908,132.726,360444,1,China,CH,CH,,35.0,105.0,CH,4,"Avangard, Primorskiy Kray, Russia",RS,RS59,25088,42.8908,132.726,360444,20191225180000,Threaten,Verbal conflict
895085523,20191225,201912,USA,THE US,USA,,,,,,,,CHN,CHINA,CHN,,,,,,,,1,061,061,06,2,6.4,10,1,10,-2.02429149797571,1,China,CH,CH,,35.0,105.0,CH,1,China,CH,CH,,35.0,105.0,CH,1,China,CH,CH,,35.0,105.0,CH,20191225184500,Engage in material cooperation,Material cooperation
895093317,20191225,201912,CHN,CHINA,CHN,,,,,,,,USA,UNITED STATES,USA,,,,,,,,1,040,040,04,1,1.0,8,1,8,-4.85268630849221,1,China,CH,CH,,35.0,105.0,CH,2,"New York, United States",US,USNY,,42.1497,-74.9384,NY,1,France,FR,FR,,46.0,2.0,FR,20191225203000,Consult,Verbal cooperation
895093828,20191225,201912,USA,UNITED STATES,USA,,,,,,,,CHN,CHINA,CHN,,,,,,,,1,040,040,04,1,1.0,8,1,8,-4.85268630849221,2,"New York, United States",US,USNY,,42.1497,-74.9384,NY,1,China,CH,CH,,35.0,105.0,CH,1,France,FR,FR,,46.0,2.0,FR,20191225203000,Consult,Verbal cooperation
895095431,20191225,201912,CHN,CHINA,CHN,,,,,,,,USAMED,THE ASSOCIATED PRESS,USA,,,,,MED,,,1,010,010,01,1,0.0,8,1,8,-0.81632653061224,4,"Ling Chen, Jilin, China",CH,CH05,13171,42.7717,125.164,-1915363,4,"Ling Chen, Jilin, China",CH,CH05,13171,42.7717,125.164,-1915363,4,"Ling Chen, Jilin, China",CH,CH05,13171,42.7717,125.164,-1915363,20191225210000,Make public statement,Verbal cooperation
895103160,20191225,201912,CHN,CHINA,CHN,,,,,,,,USA,CALIFORNIA,USA,,,,,,,,1,173,173,17,4,-5.0,6,1,6,-15.5963302752293,3,"City Of Industry, California, United States",US,USCA,CA037,34.0268,-117.94,2410102,3,"City Of Industry, California, United States",US,USCA,,34.0268,-117.94,2410102,3,"City Of Industry, California, United States",US,USCA,,34.0268,-117.94,2410102,20191225230000,Coerce,Material conflict
895104920,20191225,201912,CHN,CHINA,CHN,,,,,,,,USA,NEW YORK,USA,,,,,,,,1,062,062,06,2,7.4,16,1,16,-3.76470588235294,4,"Beijing, Beijing, China",CH,CH22,13001,39.9289,116.388,-1898541,4,"Tehran, Tehran, Iran",IR,IR26,41130,35.75,51.5148,10074674,4,"Moscow, Moskva, Russia",RS,RS48,25106,55.7522,37.6156,-2960561,20191225233000,Engage in material cooperation,Material cooperation
895105214,20191225,201912,USA,AMERICAN,USA,,,,,,,,CHN,CHINA,CHN,,,,,,,,1,061,061,06,2,6.4,7,1,7,-2.00945626477541,4,"Hanoi, Ha N?i, Vietnam, Republic Of",VM,VM44,74067,21.0333,105.85,-3714993,4,"Hanoi, Ha N?i, Vietnam, Republic Of",VM,VM44,74067,21.0333,105.85,-3714993,4,"Hanoi, Ha N?i, Vietnam, Republic Of",VM,VM44,74067,21.0333,105.85,-3714993,20191225233000,Engage in material cooperation,Material cooperation
895105216,20191225,201912,USA,NEW YORK,USA,,,,,,,,CHN,CHINA,CHN,,,,,,,,1,062,062,06,2,7.4,16,1,16,-3.76470588235294,4,"Tehran, Tehran, Iran",IR,IR26,41130,35.75,51.5148,10074674,4,"Beijing, Beijing, China",CH,CH22,13001,39.9289,116.388,-1898541,4,"Moscow, Moskva, Russia",RS,RS48,25106,55.7522,37.6156,-2960561,20191225233000,Engage in material cooperation,Material cooperation
895110225,20191226,201912,CHN,CHINA,CHN,,,,,,,,USAMED,THE ASSOCIATED PRESS,USA,,,,,MED,,,1,010,010,01,1,0.0,8,1,8,0.422535211267601,4,"Beijing, Beijing, China",CH,CH22,13001,39.9289,116.388,-1898541,4,"Beijing, Beijing, China",CH,CH22,13001,39.9289,116.388,-1898541,4,"Beijing, Beijing, China",CH,CH22,13001,39.9289,116.388,-1898541,20191226003000,Make public statement,Verbal cooperation
895112873,20191226,201912,USA,UNITED STATES,USA,,,,,,,,CHN,CHINA,CHN,,,,,,,,1,013,013,01,1,0.4,6,3,6,-0.70422535211268,1,China,CH,CH,,35.0,105.0,CH,1,Japan,JA,JA,,36.0,138.0,JA,1,Japan,JA,JA,,36.0,138.0,JA,20191226004500,Make public statement,Verbal cooperation
895112874,20191226,201912,USA,UNITED STATES,USA,,,,,,,,CHN,CHINA,CHN,,,,,,,,1,013,013,01,1,0.4,6,3,6,-0.70422535211268,1,Japan,JA,JA,,36.0,138.0,JA,1,Canada,CA,CA,,60.0,-96.0,CA,1,Japan,JA,JA,,36.0,138.0,JA,20191226004500,Make public statement,Verbal cooperation
895115340,20191226,201912,CHN,CHINA,CHN,,,,,,,,USAMED,THE ASSOCIATED PRESS,USA,,,,,MED,,,1,010,010,01,1,0.0,8,1,8,0.41841004184101,4,"Ling Chen, Jilin, China",CH,CH05,13171,42.7717,125.164,-1915363,4,"Ling Chen, Jilin, China",CH,CH05,13171,42.7717,125.164,-1915363,4,"Ling Chen, Jilin, China",CH,CH05,13171,42.7717,125.164,-1915363,20191226011500,Make public statement,Verbal cooperation
895116441,20191126,201911,CHN,CHINA,CHN,,,,,,,,USA,UNITED STATES,USA,,,,,,,,1,057,057,05,1,8.0,6,1,6,-0.94142259414226,1,China,CH,CH,,35.0,105.0,CH,1,United States,US,US,,39.828175,-98.5795,US,1,China,CH,CH,,35.0,105.0,CH,20191226013000,Engage in diplomatic cooperation,Verbal cooperation
895116448,20191126,201911,USA,UNITED STATES,USA,,,,,,,,CHN,CHINA,CHN,,,,,,,,1,057,057,05,1,8.0,6,1,6,-0.94142259414226,1,Pakistan,PK,PK,,30.0,70.0,PK,1,Pakistan,PK,PK,,30.0,70.0,PK,1,Pakistan,PK,PK,,30.0,70.0,PK,20191226013000,Engage in diplomatic cooperation,Verbal cooperation
895125513,20191226,201912,USA,UNITED STATES,USA,,,,,,,,CHN,CHINESE,CHN,,,,,,,,1,060,060,06,2,6.0,10,1,10,-4.25196850393701,4,"Beijing, Beijing, China",CH,CH22,13001,39.9289,116.388,-1898541,4,"Beijing, Beijing, China",CH,CH22,13001,39.9289,116.388,-1898541,4,"Beijing, Beijing, China",CH,CH22,13001,39.9289,116.388,-1898541,20191226031500,Engage in material cooperation,Material cooperation
895132193,20191226,201912,USA,THE US,USA,,,,,,,,CHN,CHINA,CHN,,,,,,,,1,110,110,11,3,-2.0,10,1,10,7.14285714285713,1,China,CH,CH,,35.0,105.0,CH,1,China,CH,CH,,35.0,105.0,CH,1,China,CH,CH,,35.0,105.0,CH,20191226044500,Disapprove,Verbal conflict
895133343,20191226,201912,USA,UNITED STATES,USA,,,,,,,,CHN,CHINA,CHN,,,,,,,,1,017,017,01,1,0.0,10,1,10,0.74441687344913,1,China,CH,CH,,35.0,105.0,CH,1,China,CH,CH,,35.0,105.0,CH,1,China,CH,CH,,35.0,105.0,CH,20191226050000,Make public statement,Verbal cooperation
895133888,20191226,201912,CHN,CHINESE,CHN,,,,,,,,USA,CHICAGO,USA,,,,,,,,1,040,040,04,1,1.0,20,1,20,0.53571428571429,1,Belgium,BE,BE,,50.833333,4.0,BE,1,Belgium,BE,BE,,50.833333,4.0,BE,1,Belgium,BE,BE,,50.833333,4.0,BE,20191226051500,Consult,Verbal cooperation
895134282,20191226,201912,USA,CHICAGO,USA,,,,,,,,CHN,CHINESE,CHN,,,,,,,,1,040,040,04,1,1.0,20,1,20,0.53571428571429,3,"Chicago, Illinois, United States",US,USIL,IL031,41.85,-87.6501,423587,4,"Beijing, Beijing, China",CH,CH22,13001,39.9289,116.388,-1898541,3,"Chicago, Illinois, United States",US,USIL,IL031,41.85,-87.6501,423587,20191226051500,Consult,Verbal cooperation
895134283,20191226,201912,USA,AMERICAN,USA,,,,,,,,CHN,CHINA,CHN,,,,,,,,1,061,061,06,2,6.4,7,1,7,-2.30680507497116,4,"Hanoi, Ha N?i, Vietnam, Republic Of",VM,VM44,74067,21.0333,105.85,-3714993,4,"Hanoi, Ha N?i, Vietnam, Republic Of",VM,VM44,74067,21.0333,105.85,-3714993,4,"Hanoi, Ha N?i, Vietnam, Republic Of",VM,VM44,74067,21.0333,105.85,-3714993,20191226051500,Engage in material cooperation,Material cooperation
895136286,20191226,201912,CHN,CHINA,CHN,,,,,,,,USAMEDBUS,REUTERS,USA,,,,,MED,BUS,,1,172,172,17,4,-5.0,10,1,10,-2.67379679144385,4,"Beijing, Beijing, China",CH,CH22,13001,39.9289,116.388,-1898541,4,"Beijing, Beijing, China",CH,CH22,13001,39.9289,116.388,-1898541,4,"Beijing, Beijing, China",CH,CH22,13001,39.9289,116.388,-1898541,20191226054500,Coerce,Material conflict
895136765,20191226,201912,USA,AMERICAN,USA,,,,,,,,CHN,CHINA,CHN,,,,,,,,1,061,061,06,2,6.4,7,1,7,-1.92513368983957,1,China,CH,CH,,35.0,105.0,CH,1,China,CH,CH,,35.0,105.0,CH,1,China,CH,CH,,35.0,105.0,CH,20191226054500,Engage in material cooperation,Material cooperation
895138895,20191226,201912,USA,UNITED STATES,USA,,,,,,,,CHN,CHINA,CHN,,,,,,,,1,020,020,02,1,3.0,10,1,10,-0.05211047420531,4,"Wuhan, Hubei, China",CH,CH12,13124,30.5833,114.267,-1930776,4,"Wuhan, Hubei, China",CH,CH12,13124,30.5833,114.267,-1930776,4,"Wuhan, Hubei, China",CH,CH12,13124,30.5833,114.267,-1930776,20191226061500,Appeal,Verbal cooperation
895143868,20191226,201912,CHN,BEIJING,CHN,,,,,,,,USA,AMERICAN,USA,,,,,,,,1,0311,031,03,1,5.2,6,2,6,-2.51063606281842,4,"Beijing, Beijing, China",CH,CH22,13001,39.9289,116.388,-1898541,1,United States,US,US,,39.828175,-98.5795,US,4,"Beijing, Beijing, China",CH,CH22,13001,39.9289,116.388,-1898541,20191226071500,Express intent to cooperate,Verbal cooperation
895143871,20191226,201912,CHN,BEIJING,CHN,,,,,,,,USA,THE US,USA,,,,,,,,1,111,111,11,3,-2.0,10,1,10,-2.3142112125163,4,"Beijing, Beijing, China",CH,CH22,13001,39.9289,116.388,-1898541,4,"Beijing, Beijing, China",CH,CH22,13001,39.9289,116.388,-1898541,4,"Beijing, Beijing, China",CH,CH22,13001,39.9289,116.388,-1898541,20191226071500,Disapprove,Verbal conflict
895144563,20191226,201912,USA,THE US,USA,,,,,,,,CHN,CHINA,CHN,,,,,,,,1,070,070,07,2,7.0,10,1,10,1.06557377049181,1,India,IN,IN,,20.0,77.0,IN,1,India,IN,IN,,20.0,77.0,IN,1,India,IN,IN,,20.0,77.0,IN,20191226071500,Provide aid,Material cooperation
895145365,20191226,201912,CHN,BEIJING,CHN,,,,,,,,USA,LOS ANGELES,USA,,,,,,,,1,043,043,04,1,2.8,6,2,6,-1.15223542727787,4,"Beijing, Beijing, China",CH,CH22,13001,39.9289,116.388,-1898541,4,"Beijing, Beijing, China",CH,CH22,13001,39.9289,116.388,-1898541,4,"Beijing, Beijing, China",CH,CH22,13001,39.9289,116.388,-1898541,20191226073000,Consult,Verbal cooperation
895145901,20191226,201912,USA,LOS ANGELES,USA,,,,,,,,CHN,BEIJING,CHN,,,,,,,,1,042,042,04,1,1.9,6,2,6,-1.15223542727787,4,"Beijing, Beijing, China",CH,CH22,13001,39.9289,116.388,-1898541,4,"Beijing, Beijing, China",CH,CH22,13001,39.9289,116.388,-1898541,4,"Beijing, Beijing, China",CH,CH22,13001,39.9289,116.388,-1898541,20191226073000,Consult,Verbal cooperation
895153851,20191219,201912,USA,UNITED STATES,USA,,,,,,,,CHN,CHINA,CHN,,,,,,,,1,061,061,06,2,6.4,6,1,6,0.47846889952154,1,United States,US,US,,39.828175,-98.5795,US,1,China,CH,CH,,35.0,105.0,CH,1,China,CH,CH,,35.0,105.0,CH,20191226090000,Engage in material cooperation,Material cooperation
895154056,20191226,201912,CHN,CHINESE,CHN,,,,,,,,USA,LAS VEGAS,USA,,,,,,,,1,036,036,03,1,4.0,10,1,10,-1.46252285191956,1,China,CH,CH,,35.0,105.0,CH,1,China,CH,CH,,35.0,105.0,CH,1,China,CH,CH,,35.0,105.0,CH,20191226090000,Express intent to cooperate,Verbal cooperation
895154057,20191226,201912,CHN,CHINA,CHN,,,,,,,,USA,THE US,USA,,,,,,,,1,061,061,06,2,6.4,10,1,10,-0.34129692832765,1,China,CH,CH,,35.0,105.0,CH,1,China,CH,CH,,35.0,105.0,CH,1,China,CH,CH,,35.0,105.0,CH,20191226090000,Engage in material cooperation,Material cooperation
895154719,20191226,201912,USA,LAS VEGAS,USA,,,,,,,,CHN,CHINESE,CHN,,,,,,,,1,036,036,03,1,4.0,10,1,10,-1.46252285191956,1,China,CH,CH,,35.0,105.0,CH,1,China,CH,CH,,35.0,105.0,CH,1,China,CH,CH,,35.0,105.0,CH,20191226090000,Express intent to cooperate,Verbal cooperation
895167407,20191226,201912,CHN,CHINA,CHN,,,,,,,,USA,THE US,USA,,,,,,,,1,110,110,11,3,-2.0,10,1,10,-3.89221556886228,1,China,CH,CH,,35.0,105.0,CH,1,China,CH,CH,,35.0,105.0,CH,1,China,CH,CH,,35.0,105.0,CH,20191226110000,Disapprove,Verbal conflict
895169222,20191226,201912,CHN,CHINA,CHN,,,,,,,,USA,THE US,USA,,,,,,,,1,014,014,01,1,0.0,10,1,10,-0.59880239520958,4,"Beijing, Beijing, China",CH,CH22,13001,39.9289,116.388,-1898541,4,"Beijing, Beijing, China",CH,CH22,13001,39.9289,116.388,-1898541,4,"Beijing, Beijing, China",CH,CH22,13001,39.9289,116.388,-1898541,20191226111500,Make public statement,Verbal cooperation
895178739,20191226,201912,CHNBUS,CHINA,CHN,,,,,BUS,,,USAMEDBUS,REUTERS,USA,,,,,MED,BUS,,1,173,173,17,4,-5.0,8,1,8,-5.41666666666666,4,"Hengfeng, Jiangsu, China",CH,CH04,13155,33.1497,120.48,10748087,4,"Hengfeng, Jiangsu, China",CH,CH04,13155,33.1497,120.48,10748087,4,"Hengfeng, Jiangsu, China",CH,CH04,13155,33.1497,120.48,10748087,20191226123000,Coerce,Material conflict
895179666,20191226,201912,USA,AMERICAN,USA,,,,,,,,CHN,CHINA,CHN,,,,,,,,1,071,071,07,2,7.4,7,1,7,-2.18905472636816,3,"University Of South Florida, Florida, United States",US,USFL,FL057,28.0627,-82.4136,299746,3,"University Of South Florida, Florida, United States",US,USFL,,28.0627,-82.4136,299746,3,"University Of South Florida, Florida, United States",US,USFL,,28.0627,-82.4136,299746,20191226123000,Provide aid,Material cooperation
895180829,20191226,201912,CHN,CHINA,CHN,,,,,,,,USA,THE US,USA,,,,,,,,1,030,030,03,1,4.0,10,1,10,-3.1892274982282,1,China,CH,CH,,35.0,105.0,CH,1,China,CH,CH,,35.0,105.0,CH,1,China,CH,CH,,35.0,105.0,CH,20191226124500,Express intent to cooperate,Verbal cooperation
895181632,20191226,201912,USA,THE US,USA,,,,,,,,CHN,CHINA,CHN,,,,,,,,1,030,030,03,1,4.0,10,1,10,-3.1892274982282,1,China,CH,CH,,35.0,105.0,CH,1,China,CH,CH,,35.0,105.0,CH,1,China,CH,CH,,35.0,105.0,CH,20191226124500,Express intent to cooperate,Verbal cooperation
895182884,20191226,201912,CHN,CHINA,CHN,,,,,,,,USA,UNITED STATES,USA,,,,,,,,1,040,040,04,1,1.0,8,1,8,-2.35426008968609,4,"Chengdu, Sichuan, China",CH,CH32,13270,30.6667,104.067,-1900349,3,"Washington, District of Columbia, United States",US,USDC,DC001,38.8951,-77.0364,531871,4,"Osaka, Osaka, Japan",JA,JA32,35840,34.6667,135.5,-240905,20191226130000,Consult,Verbal cooperation
895183737,20191226,201912,USA,UNITED STATES,USA,,,,,,,,CHN,CHINA,CHN,,,,,,,,1,040,040,04,1,1.0,8,1,8,-2.35426008968609,3,"Washington, District of Columbia, United States",US,USDC,DC001,38.8951,-77.0364,531871,4,"Chengdu, Sichuan, China",CH,CH32,13270,30.6667,104.067,-1900349,4,"Osaka, Osaka, Japan",JA,JA32,35840,34.6667,135.5,-240905,20191226130000,Consult,Verbal cooperation
895184887,20191226,201912,CHN,CHINESE,CHN,,,,,,,,USAMED,THE ASSOCIATED PRESS,USA,,,,,MED,,,1,061,061,06,2,6.4,7,1,7,0.588235294117643,4,"Beijing, Beijing, China",CH,CH22,13001,39.9289,116.388,-1898541,4,"Beijing, Beijing, China",CH,CH22,13001,39.9289,116.388,-1898541,4,"Beijing, Beijing, China",CH,CH22,13001,39.9289,116.388,-1898541,20191226131500,Engage in material cooperation,Material cooperation
895187199,20191226,201912,CHN,CHINA,CHN,,,,,,,,USA,UNITED STATES,USA,,,,,,,,1,057,057,05,1,8.0,8,1,8,2.29885057471264,1,China,CH,CH,,35.0,105.0,CH,3,"Washington, District of Columbia, United States",US,USDC,DC001,38.8951,-77.0364,531871,1,China,CH,CH,,35.0,105.0,CH,20191226133000,Engage in diplomatic cooperation,Verbal cooperation
895188198,20191226,201912,USA,UNITED STATES,USA,,,,,,,,CHN,CHINA,CHN,,,,,,,,1,057,057,05,1,8.0,8,1,8,2.29885057471264,3,"Washington, District of Columbia, United States",US,USDC,DC001,38.8951,-77.0364,531871,1,China,CH,CH,,35.0,105.0,CH,1,China,CH,CH,,35.0,105.0,CH,20191226133000,Engage in diplomatic cooperation,Verbal cooperation
895195670,20191226,201912,USA,UNITED STATES,USA,,,,,,,,CHN,CHINA,CHN,,,,,,,,1,020,020,02,1,3.0,10,1,10,1.15473441108545,4,"Beijing, Beijing, China",CH,CH22,13001,39.9289,116.388,-1898541,4,"Beijing, Beijing, China",CH,CH22,13001,39.9289,116.388,-1898541,4,"Beijing, Beijing, China",CH,CH22,13001,39.9289,116.388,-1898541,20191226143000,Appeal,Verbal cooperation
895200572,20191226,201912,CHN,CHINA,CHN,,,,,,,,USA,UNITED STATES,USA,,,,,,,,1,010,010,01,1,0.0,10,1,10,-2.62172284644195,1,China,CH,CH,,35.0,105.0,CH,1,China,CH,CH,,35.0,105.0,CH,1,China,CH,CH,,35.0,105.0,CH,20191226151500,Make public statement,Verbal cooperation
895208244,20191226,201912,CHNBUS,CHINESE,CHN,,,,,BUS,,,MNCUSAMED,GOOGLE,USA,,,,,MNC,MED,,1,051,051,05,1,3.4,6,1,6,0.55617352614016,1,China,CH,CH,,35.0,105.0,CH,1,China,CH,CH,,35.0,105.0,CH,1,China,CH,CH,,35.0,105.0,CH,20191226161500,Engage in diplomatic cooperation,Verbal cooperation
895223780,20191226,201912,USA,WASHINGTON,USA,,,,,,,,CHNMIL,CHINESE,CHN,,,,,MIL,,,1,060,060,06,2,6.0,6,1,6,1.22340425531915,3,"Washington, District of Columbia, United States",US,USDC,DC001,38.8951,-77.0364,531871,4,"Shanghai, Shanghai, China",CH,CH23,13243,31.2222,121.458,-1924465,4,"Shanghai, Shanghai, China",CH,CH23,13243,31.2222,121.458,-1924465,20191226180000,Engage in material cooperation,Material cooperation
895226014,20191226,201912,USA,WASHINGTON,USA,,,,,,,,CHN,BEIJING,CHN,,,,,,,,1,061,061,06,2,6.4,6,1,6,4.28134556574924,3,"Washington, District of Columbia, United States",US,USDC,DC001,38.8951,-77.0364,531871,4,"Beijing, Beijing, China",CH,CH22,13001,39.9289,116.388,-1898541,4,"Beijing, Beijing, China",CH,CH22,13001,39.9289,116.388,-1898541,20191226181500,Engage in material cooperation,Material cooperation
895230684,20191226,201912,CHN,BEIJING,CHN,,,,,,,,USA,WASHINGTON,USA,,,,,,,,1,130,130,13,3,-4.4,7,1,7,-5.70987654320988,4,"Beijing, Beijing, China",CH,CH22,13001,39.9289,116.388,-1898541,4,"Beijing, Beijing, China",CH,CH22,13001,39.9289,116.388,-1898541,4,"Beijing, Beijing, China",CH,CH22,13001,39.9289,116.388,-1898541,20191226190000,Threaten,Verbal conflict
895234297,20191226,201912,CHN,CHINA,CHN,,,,,,,,USA,UNITED STATES,USA,,,,,,,,1,061,061,06,2,6.4,6,1,6,-6.12244897959183,1,China,CH,CH,,35.0,105.0,CH,3,"Washington, District of Columbia, United States",US,USDC,DC001,38.8951,-77.0364,531871,1,China,CH,CH,,35.0,105.0,CH,20191226193000,Engage in material cooperation,Material cooperation
895234936,20191226,201912,USA,UNITED STATES,USA,,,,,,,,CHN,CHINA,CHN,,,,,,,,1,061,061,06,2,6.4,6,1,6,-6.12244897959183,3,"Washington, District of Columbia, United States",US,USDC,DC001,38.8951,-77.0364,531871,1,China,CH,CH,,35.0,105.0,CH,1,China,CH,CH,,35.0,105.0,CH,20191226193000,Engage in material cooperation,Material cooperation
895256593,20191226,201912,USAMED,REUTERS,USA,,,,,MED,,,CHN,CHINA,CHN,,,,,,,,1,030,030,03,1,4.0,10,2,10,3.57940644612275,4,"Shanghai, Shanghai, China",CH,CH23,13243,31.2222,121.458,-1924465,4,"Shanghai, Shanghai, China",CH,CH23,13243,31.2222,121.458,-1924465,4,"Shanghai, Shanghai, China",CH,CH23,13243,31.2222,121.458,-1924465,20191226230000,Express intent to cooperate,Verbal cooperation
895261936,20191227,201912,CHN,CHINA,CHN,,,,,,,,USA,UNITED STATES,USA,,,,,,,,1,061,061,06,2,6.4,10,1,10,-0.34542314335061,4,"Beijing, Beijing, China",CH,CH22,13001,39.9289,116.388,-1898541,4,"Beijing, Beijing, China",CH,CH22,13001,39.9289,116.388,-1898541,4,"Beijing, Beijing, China",CH,CH22,13001,39.9289,116.388,-1898541,20191227000000,Engage in material cooperation,Material cooperation
895263572,20191227,201912,USA,AMERICAN,USA,,,,,,,,CHN,CHINA,CHN,,,,,,,,1,061,061,06,2,6.4,7,1,7,-2.12234706616729,4,"Hanoi, Ha N?i, Vietnam, Republic Of",VM,VM44,74067,21.0333,105.85,-3714993,4,"Hanoi, Ha N?i, Vietnam, Republic Of",VM,VM44,74067,21.0333,105.85,-3714993,4,"Hanoi, Ha N?i, Vietnam, Republic Of",VM,VM44,74067,21.0333,105.85,-3714993,20191227000000,Engage in material cooperation,Material cooperation
895263573,20191227,201912,USA,UNITED STATES,USA,,,,,,,,CHN,CHINA,CHN,,,,,,,,1,061,061,06,2,6.4,10,1,10,-0.34542314335061,1,United States,US,US,,39.828175,-98.5795,US,4,"Beijing, Beijing, China",CH,CH22,13001,39.9289,116.388,-1898541,1,United States,US,US,,39.828175,-98.5795,US,20191227000000,Engage in material cooperation,Material cooperation
895273295,20191127,201911,CHN,BEIJING,CHN,,,,,,,,USA,WASHINGTON,USA,,,,,,,,1,012,012,01,1,-0.4,7,1,7,-1.19760479041916,4,"Beijing, Beijing, China",CH,CH22,13001,39.9289,116.388,-1898541,3,"Washington, District of Columbia, United States",US,USDC,DC001,38.8951,-77.0364,531871,3,"Washington, District of Columbia, United States",US,USDC,DC001,38.8951,-77.0364,531871,20191227010000,Make public statement,Verbal cooperation
895276407,20191227,201912,CHN,CHINA,CHN,,,,,,,,USA,THE US,USA,,,,,,,,1,0311,031,03,1,5.2,10,1,10,-4.62046204620462,4,"Beijing, Beijing, China",CH,CH22,13001,39.9289,116.388,-1898541,4,"Beijing, Beijing, China",CH,CH22,13001,39.9289,116.388,-1898541,4,"Beijing, Beijing, China",CH,CH22,13001,39.9289,116.388,-1898541,20191227013000,Express intent to cooperate,Verbal cooperation
895276414,20191227,201912,CHN,CHENGDU,CHN,,,,,,,,USAMED,REUTERS,USA,,,,,MED,,,1,046,046,04,1,7.0,10,1,10,-0.26737967914438,4,"Chengdu, Sichuan, China",CH,CH32,13270,30.6667,104.067,-1900349,4,"Chengdu, Sichuan, China",CH,CH32,13270,30.6667,104.067,-1900349,4,"Tokyo, Tokyo, Japan",JA,JA40,36340,35.685,139.751,-246227,20191227013000,Consult,Verbal cooperation
895277250,20191227,201912,USA,THE US,USA,,,,,,,,CHN,CHINA,CHN,,,,,,,,1,0311,031,03,1,5.2,6,1,6,-4.62046204620462,3,"Washington, District of Columbia, United States",US,USDC,DC001,38.8951,-77.0364,531871,4,"Tehran, Tehran, Iran",IR,IR26,41130,35.75,51.5148,10074674,4,"Tehran, Tehran, Iran",IR,IR26,41130,35.75,51.5148,10074674,20191227013000,Express intent to cooperate,Verbal cooperation
895277257,20191227,201912,USA,AMERICAN,USA,,,,,,,,CHN,BEIJING,CHN,,,,,,,,1,061,061,06,2,6.4,10,1,10,-2.33644859813084,1,United States,US,US,,39.828175,-98.5795,US,4,"Beijing, Beijing, China",CH,CH22,13001,39.9289,116.388,-1898541,4,"Beijing, Beijing, China",CH,CH22,13001,39.9289,116.388,-1898541,20191227013000,Engage in material cooperation,Material cooperation
895277260,20191227,201912,USA,WASHINGTON,USA,,,,,,,,CHNMIL,CHINESE,CHN,,,,,MIL,,,1,060,060,06,2,6.0,6,1,6,1.20608285264814,3,"Washington, District of Columbia, United States",US,USDC,DC001,38.8951,-77.0364,531871,4,"Shanghai, Shanghai, China",CH,CH23,13243,31.2222,121.458,-1924465,4,"Shanghai, Shanghai, China",CH,CH23,13243,31.2222,121.458,-1924465,20191227013000,Engage in material cooperation,Material cooperation
895277388,20191227,201912,USAMED,REUTERS,USA,,,,,MED,,,CHN,CHENGDU,CHN,,,,,,,,1,040,040,04,1,1.0,10,1,10,-0.26737967914438,4,"Chengdu, Sichuan, China",CH,CH32,13270,30.6667,104.067,-1900349,4,"Chengdu, Sichuan, China",CH,CH32,13270,30.6667,104.067,-1900349,4,"Chengdu, Sichuan, China",CH,CH32,13270,30.6667,104.067,-1900349,20191227013000,Consult,Verbal cooperation
895277389,20191227,201912,USAMED,REUTERS,USA,,,,,MED,,,CHN,CHENGDU,CHN,,,,,,,,1,046,046,04,1,7.0,10,1,10,-0.26737967914438,4,"Chengdu, Sichuan, China",CH,CH32,13270,30.6667,104.067,-1900349,4,"Chengdu, Sichuan, China",CH,CH32,13270,30.6667,104.067,-1900349,4,"Tokyo, Tokyo, Japan",JA,JA40,36340,35.685,139.751,-246227,20191227013000,Consult,Verbal cooperation
895280430,20191227,201912,CHN,CHINA,CHN,,,,,,,,USA,WASHINGTON,USA,,,,,,,,1,120,120,12,3,-4.0,10,1,10,-2.4793388429752,1,China,CH,CH,,35.0,105.0,CH,3,"Washington, District of Columbia, United States",US,USDC,DC001,38.8951,-77.0364,531871,1,Russia,RS,RS,,60.0,100.0,RS,20191227020000,Reject,Verbal conflict
895281267,20191227,201912,USA,THE US,USA,,,,,,,,CHN,CHINA,CHN,,,,,,,,1,070,070,07,2,7.0,10,1,10,1.14285714285715,4,"Delhi, Delhi, India",IN,IN07,17911,28.6667,77.2167,-2094230,4,"Delhi, Delhi, India",IN,IN07,17911,28.6667,77.2167,-2094230,4,"Delhi, Delhi, India",IN,IN07,17911,28.6667,77.2167,-2094230,20191227020000,Provide aid,Material cooperation
895285517,20191227,201912,CHNGOV,CHINESE,CHN,,,,,GOV,,,USAMED,WALL STREET JOURNAL,USA,,,,,MED,,,1,070,070,07,2,7.0,6,1,6,-3.50877192982456,1,China,CH,CH,,35.0,105.0,CH,1,China,CH,CH,,35.0,105.0,CH,1,China,CH,CH,,35.0,105.0,CH,20191227030000,Provide aid,Material cooperation
895289482,20191227,201912,CHN,ZHUHAI,CHN,,,,,,,,USA,TEXAS,USA,,,,,,,,1,046,046,04,1,7.0,6,1,6,2.36686390532545,1,China,CH,CH,,35.0,105.0,CH,2,"Texas, United States",US,USTX,,31.106,-97.6475,TX,2,"Texas, United States",US,USTX,,31.106,-97.6475,TX,20191227034500,Consult,Verbal cooperation
895290024,20191227,201912,USA,TEXAS,USA,,,,,,,,CHN,ZHUHAI,CHN,,,,,,,,1,046,046,04,1,7.0,7,1,7,2.36686390532545,1,Kuwait,KU,KU,,29.5,47.75,KU,1,Kuwait,KU,KU,,29.5,47.75,KU,1,Kuwait,KU,KU,,29.5,47.75,KU,20191227034500,Consult,Verbal cooperation
895291613,20191227,201912,USA,WASHINGTON,USA,,,,,,,,CHN,CHINA,CHN,,,,,,,,1,020,020,02,1,3.0,10,1,10,-1.64609053497942,4,"Taipei, T'ai-pei, Taiwan",TW,TW03,13277,25.0478,121.532,-2637882,4,"Beijing, Beijing, China",CH,CH22,13001,39.9289,116.388,-1898541,4,"Beijing, Beijing, China",CH,CH22,13001,39.9289,116.388,-1898541,20191227040000,Appeal,Verbal cooperation
895292640,20191227,201912,USA,AMERICAN,USA,,,,,,,,CHN,CHINESE,CHN,,,,,,,,1,030,030,03,1,4.0,6,1,6,3.50877192982456,1,United States,US,US,,39.828175,-98.5795,US,1,China,CH,CH,,35.0,105.0,CH,1,China,CH,CH,,35.0,105.0,CH,20191227041500,Express intent to cooperate,Verbal cooperation
895292688,20191227,201912,USAMED,REUTERS,USA,,,,,MED,,,CHN,CHINESE,CHN,,,,,,,,1,057,057,05,1,8.0,7,1,7,3.50877192982456,1,China,CH,CH,,35.0,105.0,CH,1,China,CH,CH,,35.0,105.0,CH,1,China,CH,CH,,35.0,105.0,CH,20191227041500,Engage in diplomatic cooperation,Verbal cooperation
895298199,20191227,201912,CHN,BEIJING,CHN,,,,,,,,USA,WASHINGTON,USA,,,,,,,,1,046,046,04,1,7.0,8,1,8,0.0,4,"Beijing, Beijing, China",CH,CH22,13001,39.9289,116.388,-1898541,3,"Washington, District of Columbia, United States",US,USDC,DC001,38.8951,-77.0364,531871,4,"Beijing, Beijing, China",CH,CH22,13001,39.9289,116.388,-1898541,20191227053000,Consult,Verbal cooperation
895298205,20191227,201912,CHN,CHINESE,CHN,,,,,,,,USAMED,REUTERS,USA,,,,,MED,,,1,042,042,04,1,1.9,8,1,8,-2.95930949445129,4,"Beijing, Beijing, China",CH,CH22,13001,39.9289,116.388,-1898541,4,"Beijing, Beijing, China",CH,CH22,13001,39.9289,116.388,-1898541,4,"Beijing, Beijing, China",CH,CH22,13001,39.9289,116.388,-1898541,20191227053000,Consult,Verbal cooperation
895298219,20191227,201912,CHNGOV,CHINESE,CHN,,,,,GOV,,,USAMED,WALL STREET JOURNAL,USA,,,,,MED,,,1,070,070,07,2,7.0,6,1,6,-3.36391437308869,4,"Xiaomi, Fujian, China",CH,CH07,13163,25.2225,116.057,10999868,4,"Xiaomi, Fujian, China",CH,CH07,13163,25.2225,116.057,10999868,4,"Xiaomi, Fujian, China",CH,CH07,13163,25.2225,116.057,10999868,20191227053000,Provide aid,Material cooperation
895299194,20191227,201912,USA,WASHINGTON,USA,,,,,,,,CHN,BEIJING,CHN,,,,,,,,1,046,046,04,1,7.0,8,1,8,0.0,3,"Washington, District of Columbia, United States",US,USDC,DC001,38.8951,-77.0364,531871,4,"Beijing, Beijing, China",CH,CH22,13001,39.9289,116.388,-1898541,4,"Beijing, Beijing, China",CH,CH22,13001,39.9289,116.388,-1898541,20191227053000,Consult,Verbal cooperation
895299341,20191227,201912,USAMED,REUTERS,USA,,,,,MED,,,CHN,CHINESE,CHN,,,,,,,,1,043,043,04,1,2.8,8,1,8,-2.95930949445129,4,"Beijing, Beijing, China",CH,CH22,13001,39.9289,116.388,-1898541,4,"Beijing, Beijing, China",CH,CH22,13001,39.9289,116.388,-1898541,4,"Beijing, Beijing, China",CH,CH22,13001,39.9289,116.388,-1898541,20191227053000,Consult,Verbal cooperation
895299931,20191227,201912,CHN,CHINA,CHN,,,,,,,,USA,UNITED STATES,USA,,,,,,,,1,043,043,04,1,2.8,6,1,6,1.06382978723404,1,China,CH,CH,,35.0,105.0,CH,1,United States,US,US,,39.828175,-98.5795,US,1,Australia,AS,AS,,-25.0,135.0,AS,20191227054500,Consult,Verbal cooperation
895300748,20191227,201912,USA,UNITED STATES,USA,,,,,,,,CHN,CHINA,CHN,,,,,,,,1,042,042,04,1,1.9,6,1,6,1.06382978723404,1,United States,US,US,,39.828175,-98.5795,US,1,China,CH,CH,,35.0,105.0,CH,1,Australia,AS,AS,,-25.0,135.0,AS,20191227054500,Consult,Verbal cooperation
895311527,20191227,201912,CHN,CHINA,CHN,,,,,,,,USA,UNITED STATES,USA,,,,,,,,1,164,164,16,4,-7.0,6,2,6,-0.491400491400495,1,China,CH,CH,,35.0,105.0,CH,3,"Washington, District of Columbia, United States",US,USDC,DC001,38.8951,-77.0364,531871,1,China,CH,CH,,35.0,105.0,CH,20191227074500,Reduce relations,Material conflict
895312974,20191227,201912,CHN,CHINA,CHN,,,,,,,,USA,THE US,USA,,,,,,,,1,014,014,01,1,0.0,10,1,10,-1.33333333333334,4,"Beijing, Beijing, China",CH,CH22,13001,39.9289,116.388,-1898541,4,"Beijing, Beijing, China",CH,CH22,13001,39.9289,116.388,-1898541,4,"Beijing, Beijing, China",CH,CH22,13001,39.9289,116.388,-1898541,20191227080000,Make public statement,Verbal cooperation
895316213,20191227,201912,CHN,CHINA,CHN,,,,,,,,MNCUSAMED,GOOGLE,USA,,,,,MNC,MED,,1,172,172,17,4,-5.0,10,1,10,-0.560224089635852,1,China,CH,CH,,35.0,105.0,CH,1,China,CH,CH,,35.0,105.0,CH,1,China,CH,CH,,35.0,105.0,CH,20191227083000,Coerce,Material conflict
895321995,20191227,201912,CHN,CHINA,CHN,,,,,,,,USA,THE US,USA,,,,,,,,1,0311,031,03,1,5.2,10,1,10,1.01010101010101,1,China,CH,CH,,35.0,105.0,CH,1,China,CH,CH,,35.0,105.0,CH,1,China,CH,CH,,35.0,105.0,CH,20191227091500,Express intent to cooperate,Verbal cooperation
895322903,20191227,201912,USA,THE US,USA,,,,,,,,CHN,CHINA,CHN,,,,,,,,1,0311,031,03,1,5.2,10,1,10,1.01010101010101,1,China,CH,CH,,35.0,105.0,CH,1,China,CH,CH,,35.0,105.0,CH,1,China,CH,CH,,35.0,105.0,CH,20191227091500,Express intent to cooperate,Verbal cooperation
895329345,20191227,201912,CHN,BEIJING,CHN,,,,,,,,USA,WASHINGTON,USA,,,,,,,,1,046,046,04,1,7.0,6,1,6,1.89075630252101,4,"Bengaluru, Karnataka, India",IN,IN19,70159,12.9833,77.5833,-2090174,4,"Bengaluru, Karnataka, India",IN,IN19,70159,12.9833,77.5833,-2090174,4,"Bengaluru, Karnataka, India",IN,IN19,70159,12.9833,77.5833,-2090174,20191227101500,Consult,Verbal cooperation
895329348,20191227,201912,CHN,BEIJING,CHN,,,,,,,,USA,UNITED STATES,USA,,,,,,,,1,051,051,05,1,3.4,8,1,8,-1.57657657657658,3,"Washington, District of Columbia, United States",US,USDC,DC001,38.8951,-77.0364,531871,4,"Beijing, Beijing, China",CH,CH22,13001,39.9289,116.388,-1898541,4,"Beijing, Beijing, China",CH,CH22,13001,39.9289,116.388,-1898541,20191227101500,Engage in diplomatic cooperation,Verbal cooperation
895330016,20191227,201912,USAMED,REUTERS,USA,,,,,MED,,,CHN,CHINA,CHN,,,,,,,,1,013,013,01,1,0.4,8,1,8,1.89075630252101,1,Germany,GM,GM,,51.5,10.5,GM,4,"Beijing, Beijing, China",CH,CH22,13001,39.9289,116.388,-1898541,4,"Beijing, Beijing, China",CH,CH22,13001,39.9289,116.388,-1898541,20191227101500,Make public statement,Verbal cooperation
895332225,20191227,201912,USAMED,REUTERS,USA,,,,,MED,,,CHN,CHINA,CHN,,,,,,,,1,013,013,01,1,0.4,6,1,6,2.14285714285714,4,"Bengaluru, Karnataka, India",IN,IN19,70159,12.9833,77.5833,-2090174,4,"Bengaluru, Karnataka, India",IN,IN19,70159,12.9833,77.5833,-2090174,4,"Bengaluru, Karnataka, India",IN,IN19,70159,12.9833,77.5833,-2090174,20191227103000,Make public statement,Verbal cooperation
895343381,20191227,201912,CHN,CHINESE,CHN,,,,,,,,USA,THE US,USA,,,,,,,,1,061,061,06,2,6.4,20,1,10,1.27659574468086,1,China,CH,CH,,35.0,105.0,CH,1,China,CH,CH,,35.0,105.0,CH,1,China,CH,CH,,35.0,105.0,CH,20191227120000,Engage in material cooperation,Material cooperation
895346027,20191227,201912,USAMED,WALL STREET JOURNAL,USA,,,,,MED,,,CHN,CHINA,CHN,,,,,,,,1,020,020,02,1,3.0,10,1,10,-1.40845070422535,1,China,CH,CH,,35.0,105.0,CH,1,China,CH,CH,,35.0,105.0,CH,1,China,CH,CH,,35.0,105.0,CH,20191227121500,Appeal,Verbal cooperation
895347189,20191227,201912,CHNGOV,CHINESE,CHN,,,,,GOV,,,USA,WASHINGTON,USA,,,,,,,,1,046,046,04,1,7.0,6,1,6,0.980392156862741,1,Iran,IR,IR,,32.0,53.0,IR,1,Morocco,MO,MO,,32.0,-5.0,MO,1,Russia,RS,RS,,60.0,100.0,RS,20191227123000,Consult,Verbal cooperation
895349112,20191227,201912,CHN,BEIJING,CHN,,,,,,,,USA,WASHINGTON,USA,,,,,,,,1,025,025,02,1,-0.3,8,1,8,-2.85714285714285,4,"Beijing, Beijing, China",CH,CH22,13001,39.9289,116.388,-1898541,4,"Beijing, Beijing, China",CH,CH22,13001,39.9289,116.388,-1898541,4,"Beijing, Beijing, China",CH,CH22,13001,39.9289,116.388,-1898541,20191227124500,Appeal,Verbal cooperation
895358626,20191227,201912,CHNBUS,CHINA,CHN,,,,,BUS,,,USAMED,REUTERS,USA,,,,,MED,,,1,057,057,05,1,8.0,10,1,10,2.04498977505112,1,China,CH,CH,,35.0,105.0,CH,1,China,CH,CH,,35.0,105.0,CH,1,China,CH,CH,,35.0,105.0,CH,20191227140000,Engage in diplomatic cooperation,Verbal cooperation
895359427,20191227,201912,USAMED,REUTERS,USA,,,,,MED,,,CHNBUS,CHINA,CHN,,,,,BUS,,,1,057,057,05,1,8.0,10,1,10,2.04498977505112,1,China,CH,CH,,35.0,105.0,CH,1,China,CH,CH,,35.0,105.0,CH,1,China,CH,CH,,35.0,105.0,CH,20191227140000,Engage in diplomatic cooperation,Verbal cooperation
895361214,20191227,201912,USA,MISSISSIPPI,USA,,,,,,,,CHN,CANTON,CHN,,,,,,,,1,173,173,17,4,-5.0,10,1,10,-16.875,1,China,CH,CH,,35.0,105.0,CH,1,China,CH,CH,,35.0,105.0,CH,1,China,CH,CH,,35.0,105.0,CH,20191227141500,Coerce,Material conflict
895365552,20191227,201912,USA,NEW YORK,USA,,,,,,,,CHNGOV,CHINESE,CHN,,,,,GOV,,,1,140,140,14,3,-6.5,6,1,6,-4.65116279069767,2,"New York, United States",US,USNY,,42.1497,-74.9384,NY,4,"Xinjiang, Jiangxi, China",CH,CH03,13167,27.7481,116.274,11065838,4,"Xinjiang, Jiangxi, China",CH,CH03,13167,27.7481,116.274,11065838,20191227144500,Protest,Verbal conflict
895368308,20191227,201912,USA,NEW YORK,USA,,,,,,,,CHN,CHINA,CHN,,,,,,,,1,010,010,01,1,0.0,7,1,7,-1.90735694822888,3,"White House, District of Columbia, United States",US,USDC,,38.8951,-77.0364,531871,1,China,CH,CH,,35.0,105.0,CH,1,China,CH,CH,,35.0,105.0,CH,20191227150000,Make public statement,Verbal cooperation
895368706,20191227,201912,CHN,ZHUHAI,CHN,,,,,,,,MNCUSA,FLUOR CORPORATION,USA,,,,,MNC,,,1,046,046,04,1,7.0,10,1,10,2.44648318042814,1,China,CH,CH,,35.0,105.0,CH,1,China,CH,CH,,35.0,105.0,CH,1,China,CH,CH,,35.0,105.0,CH,20191227151500,Consult,Verbal cooperation
895368707,20191227,201912,CHN,CHINA,CHN,,,,,,,,USAMED,REUTERS,USA,,,,,MED,,,1,013,013,01,1,0.4,10,2,10,-2.60430747048752,4,"Lexu, Guangxi, China",CH,CH16,13062,23.7392,108.095,-1914508,4,"Lexu, Guangxi, China",CH,CH16,13062,23.7392,108.095,-1914508,4,"Lexu, Guangxi, China",CH,CH16,13062,23.7392,108.095,-1914508,20191227151500,Make public statement,Verbal cooperation
895369291,20191227,201912,MNCUSA,FLUOR CORPORATION,USA,,,,,MNC,,,CHN,ZHUHAI,CHN,,,,,,,,1,046,046,04,1,7.0,10,1,10,2.44648318042814,1,Kuwait,KU,KU,,29.5,47.75,KU,1,Kuwait,KU,KU,,29.5,47.75,KU,1,Kuwait,KU,KU,,29.5,47.75,KU,20191227151500,Consult,Verbal cooperation
895381293,20191227,201912,CHN,CHINA,CHN,,,,,,,,USA,UNITED STATES,USA,,,,,,,,1,042,042,04,1,1.9,8,1,8,-0.44843049327354,4,"Beijing, Beijing, China",CH,CH22,13001,39.9289,116.388,-1898541,2,"Georgia, United States",US,USGA,,32.9866,-83.6487,GA,4,"Beijing, Beijing, China",CH,CH22,13001,39.9289,116.388,-1898541,20191227164500,Consult,Verbal cooperation
895382086,20191227,201912,USA,UNITED STATES,USA,,,,,,,,CHN,CHINA,CHN,,,,,,,,1,043,043,04,1,2.8,8,1,8,-0.44843049327354,2,"Georgia, United States",US,USGA,,32.9866,-83.6487,GA,4,"Beijing, Beijing, China",CH,CH22,13001,39.9289,116.388,-1898541,4,"Beijing, Beijing, China",CH,CH22,13001,39.9289,116.388,-1898541,20191227164500,Consult,Verbal cooperation
895382223,20191227,201912,USAGUM,GUAM,USA,,,,,,,,CHN,CHINESE,CHN,,,,,,,,1,010,010,01,1,0.0,10,1,10,-2.42718446601942,4,"Hainan, Hainan, China",CH,CH31,13072,18.9394,109.484,6025157,4,"Hainan, Hainan, China",CH,CH31,13072,18.9394,109.484,6025157,4,"Hainan, Hainan, China",CH,CH31,13072,18.9394,109.484,6025157,20191227164500,Make public statement,Verbal cooperation
895402236,20191227,201912,USA,THE US,USA,,,,,,,,CHN,CHINA,CHN,,,,,,,,1,190,190,19,4,-10.0,6,1,6,-1.83333333333333,4,"East China Sea, Japan (general), Japan",JA,JA00,,29.0,125.0,-226888,4,"East China Sea, Japan (general), Japan",JA,JA00,,29.0,125.0,-226888,4,"East China Sea, Japan (general), Japan",JA,JA00,,29.0,125.0,-226888,20191227193000,Fight,Material conflict
895403246,20191227,201912,CHN,CHINA,CHN,,,,,,,,USA,AMERICAN,USA,,,,,,,,1,046,046,04,1,7.0,10,1,10,-0.19157088122605,1,China,CH,CH,,35.0,105.0,CH,2,"North Dakota, United States",US,USND,,47.5362,-99.793,ND,2,"North Dakota, United States",US,USND,,47.5362,-99.793,ND,20191227194500,Consult,Verbal cooperation
895403950,20191227,201912,USA,AMERICAN,USA,,,,,,,,CHN,CHINA,CHN,,,,,,,,1,046,046,04,1,7.0,10,1,10,-0.19157088122605,2,"North Dakota, United States",US,USND,,47.5362,-99.793,ND,1,China,CH,CH,,35.0,105.0,CH,2,"North Dakota, United States",US,USND,,47.5362,-99.793,ND,20191227194500,Consult,Verbal cooperation
895403951,20191227,201912,USA,AMERICAN,USA,,,,,,,,CHN,CHINA,CHN,,,,,,,,1,061,061,06,2,6.4,10,1,10,-0.19157088122605,2,"North Dakota, United States",US,USND,,47.5362,-99.793,ND,2,"North Dakota, United States",US,USND,,47.5362,-99.793,ND,2,"North Dakota, United States",US,USND,,47.5362,-99.793,ND,20191227194500,Engage in material cooperation,Material cooperation
895414876,20191227,201912,CHN,INNER MONGOLIA,CHN,,,,,,,,USA,HAWAII,USA,,,,,,,,1,040,040,04,1,1.0,8,1,8,0.37105751391466,5,"Inner Mongolia, Nei Mongol, China",CH,CH20,13198,44.0,112.0,-1920094,5,"Inner Mongolia, Nei Mongol, China",CH,CH20,13198,44.0,112.0,-1920094,5,"Inner Mongolia, Nei Mongol, China",CH,CH20,13198,44.0,112.0,-1920094,20191227213000,Consult,Verbal cooperation
895417898,20191227,201912,CHNBUS,CHINESE,CHN,,,,,BUS,,,USA,DENVER,USA,,,,,,,,1,173,173,17,4,-5.0,6,1,6,-3.24858757062147,1,China,CH,CH,,35.0,105.0,CH,1,China,CH,CH,,35.0,105.0,CH,1,China,CH,CH,,35.0,105.0,CH,20191227220000,Coerce,Material conflict
895420424,20191227,201912,USA,COLORADO,USA,,,,,,,,CHN,CHINA,CHN,,,,,,,,1,020,020,02,1,3.0,10,1,10,0.34246575342466,0,,,,,,,,0,,,,,,,,0,,,,,,,,20191227221500,Appeal,Verbal cooperation
895421946,20191227,201912,USAMIL,A US,USA,,,,,MIL,,,CHN,CHINESE,CHN,,,,,,,,1,173,173,17,4,-5.0,8,1,8,-8.61538461538461,2,"Florida, United States",US,USFL,,27.8333,-81.717,FL,2,"Florida, United States",US,USFL,,27.8333,-81.717,FL,2,"Florida, United States",US,USFL,,27.8333,-81.717,FL,20191227223000,Coerce,Material conflict
895440638,20191228,201912,CHNGOV,CHINESE,CHN,,,,,GOV,,,USA,WASHINGTON,USA,,,,,,,,1,046,046,04,1,7.0,6,1,6,1.50537634408602,1,Iran,IR,IR,,32.0,53.0,IR,1,Morocco,MO,MO,,32.0,-5.0,MO,1,Russia,RS,RS,,60.0,100.0,RS,20191228011500,Consult,Verbal cooperation
895441475,20191228,201912,USA,AMERICAN,USA,,,,,,,,CHN,CHINA,CHN,,,,,,,,1,031,031,03,1,5.2,8,1,8,-0.58309037900875,3,"Phoenix, Arizona, United States",US,USAZ,AZ013,33.4484,-112.074,44784,3,"Phoenix, Arizona, United States",US,USAZ,AZ013,33.4484,-112.074,44784,3,"Phoenix, Arizona, United States",US,USAZ,AZ013,33.4484,-112.074,44784,20191228011500,Express intent to cooperate,Verbal cooperation
895441478,20191228,201912,USA,THE US,USA,,,,,,,,CHN,BEIJING,CHN,,,,,,,,1,130,130,13,3,-4.4,10,1,10,-5.0561797752809,4,"Beijing, Beijing, China",CH,CH22,13001,39.9289,116.388,-1898541,4,"Beijing, Beijing, China",CH,CH22,13001,39.9289,116.388,-1898541,4,"Beijing, Beijing, China",CH,CH22,13001,39.9289,116.388,-1898541,20191228011500,Threaten,Verbal conflict
895452807,20191228,201912,USA,CHICAGO,USA,,,,,,,,CHNOPP,TIBET,CHN,,,,,OPP,,,1,051,051,05,1,3.4,10,1,10,0.0,3,"Chicago, Illinois, United States",US,USIL,IL031,41.85,-87.6501,423587,3,"Chicago, Illinois, United States",US,USIL,IL031,41.85,-87.6501,423587,3,"Chicago, Illinois, United States",US,USIL,IL031,41.85,-87.6501,423587,20191228031500,Engage in diplomatic cooperation,Verbal cooperation
895452808,20191228,201912,USA,CHICAGO,USA,,,,,,,,CHNOPP,TIBET,CHN,,,,,OPP,,,1,141,141,14,3,-6.5,10,1,10,0.0,3,"Chicago, Illinois, United States",US,USIL,IL031,41.85,-87.6501,423587,3,"Chicago, Illinois, United States",US,USIL,IL031,41.85,-87.6501,423587,3,"Chicago, Illinois, United States",US,USIL,IL031,41.85,-87.6501,423587,20191228031500,Protest,Verbal conflict
895457646,20191228,201912,USA,WASHINGTON,USA,,,,,,,,CHN,CHINA,CHN,,,,,,,,1,020,020,02,1,3.0,10,1,10,-1.75438596491228,4,"Taipei, T'ai-pei, Taiwan",TW,TW03,13277,25.0478,121.532,-2637882,4,"Beijing, Beijing, China",CH,CH22,13001,39.9289,116.388,-1898541,4,"Beijing, Beijing, China",CH,CH22,13001,39.9289,116.388,-1898541,20191228041500,Appeal,Verbal cooperation
895457647,20191228,201912,USA,UNITED STATES,USA,,,,,,,,CHN,CHINA,CHN,,,,,,,,1,020,020,02,1,3.0,8,1,8,-1.75438596491228,3,"Washington, District of Columbia, United States",US,USDC,DC001,38.8951,-77.0364,531871,4,"Beijing, Beijing, China",CH,CH22,13001,39.9289,116.388,-1898541,4,"Beijing, Beijing, China",CH,CH22,13001,39.9289,116.388,-1898541,20191228041500,Appeal,Verbal cooperation
895473475,20191228,201912,USA,THE US,USA,,,,,,,,CHN,CHINA,CHN,,,,,,,,1,030,030,03,1,4.0,10,1,10,-0.28943560057887,1,United Kingdom,UK,UK,,54.0,-4.0,UK,1,United Kingdom,UK,UK,,54.0,-4.0,UK,1,United Kingdom,UK,UK,,54.0,-4.0,UK,20191228073000,Express intent to cooperate,Verbal cooperation
895475725,20191228,201912,CHN,CHONGQING,CHN,,,,,,,,USA,THE US,USA,,,,,,,,1,112,112,11,3,-2.0,10,1,10,0.0,4,"Chongqing, Chongqing, China",CH,CH33,13004,29.5628,106.553,-1900774,4,"Chongqing, Chongqing, China",CH,CH33,13004,29.5628,106.553,-1900774,4,"Chongqing, Chongqing, China",CH,CH33,13004,29.5628,106.553,-1900774,20191228080000,Disapprove,Verbal conflict
895490814,20191228,201912,USA,UNITED STATES,USA,,,,,,,,CHN,CHINA,CHN,,,,,,,,1,112,112,11,3,-2.0,6,1,6,-4.13223140495868,2,"California, United States",US,USCA,,36.17,-119.746,CA,4,"Beijing, Beijing, China",CH,CH22,13001,39.9289,116.388,-1898541,4,"Beijing, Beijing, China",CH,CH22,13001,39.9289,116.388,-1898541,20191228104500,Disapprove,Verbal conflict
895490881,20191228,201912,USABUS,A US,USA,,,,,BUS,,,CHN,CHINA,CHN,,,,,,,,1,112,112,11,3,-2.0,8,1,8,-4.13223140495868,4,"Beijing, Beijing, China",CH,CH22,13001,39.9289,116.388,-1898541,3,"Washington, District of Columbia, United States",US,USDC,DC001,38.8951,-77.0364,531871,3,"Washington, District of Columbia, United States",US,USDC,DC001,38.8951,-77.0364,531871,20191228104500,Disapprove,Verbal conflict
895504238,20191228,201912,USA,UNITED STATES,USA,,,,,,,,CHN,CHINA,CHN,,,,,,,,1,061,061,06,2,6.4,6,1,6,-1.32075471698114,1,China,CH,CH,,35.0,105.0,CH,1,China,CH,CH,,35.0,105.0,CH,1,China,CH,CH,,35.0,105.0,CH,20191228131500,Engage in material cooperation,Material cooperation
895510253,20191228,201912,CHN,CHINA,CHN,,,,,,,,USA,AMERICAN,USA,,,,,,,,1,046,046,04,1,7.0,10,1,10,-0.19157088122605,1,China,CH,CH,,35.0,105.0,CH,2,"North Dakota, United States",US,USND,,47.5362,-99.793,ND,2,"North Dakota, United States",US,USND,,47.5362,-99.793,ND,20191228143000,Consult,Verbal cooperation
895510669,20191228,201912,USA,AMERICAN,USA,,,,,,,,CHN,CHINA,CHN,,,,,,,,1,046,046,04,1,7.0,10,1,10,-0.19157088122605,2,"North Dakota, United States",US,USND,,47.5362,-99.793,ND,1,China,CH,CH,,35.0,105.0,CH,2,"North Dakota, United States",US,USND,,47.5362,-99.793,ND,20191228143000,Consult,Verbal cooperation
895510670,20191228,201912,USA,AMERICAN,USA,,,,,,,,CHN,CHINA,CHN,,,,,,,,1,061,061,06,2,6.4,10,1,10,-0.19157088122605,2,"North Dakota, United States",US,USND,,47.5362,-99.793,ND,2,"North Dakota, United States",US,USND,,47.5362,-99.793,ND,2,"North Dakota, United States",US,USND,,47.5362,-99.793,ND,20191228143000,Engage in material cooperation,Material cooperation
895511576,20191228,201912,CHN,CHINESE,CHN,,,,,,,,USA,WASHINGTON,USA,,,,,,,,1,036,036,03,1,4.0,6,1,6,-4.66786355475763,1,China,CH,CH,,35.0,105.0,CH,3,"Washington, District of Columbia, United States",US,USDC,DC001,38.8951,-77.0364,531871,3,"Washington, District of Columbia, United States",US,USDC,DC001,38.8951,-77.0364,531871,20191228144500,Express intent to cooperate,Verbal cooperation
895511577,20191228,201912,CHN,CHINESE,CHN,,,,,,,,USA,WASHINGTON,USA,,,,,,,,1,040,040,04,1,1.0,6,1,6,-4.66786355475763,1,China,CH,CH,,35.0,105.0,CH,3,"Washington, District of Columbia, United States",US,USDC,DC001,38.8951,-77.0364,531871,3,"Washington, District of Columbia, United States",US,USDC,DC001,38.8951,-77.0364,531871,20191228144500,Consult,Verbal cooperation
895512028,20191228,201912,USA,WASHINGTON,USA,,,,,,,,CHN,CHINESE,CHN,,,,,,,,1,036,036,03,1,4.0,6,1,6,-4.66786355475763,3,"Washington, District of Columbia, United States",US,USDC,DC001,38.8951,-77.0364,531871,3,"Washington, District of Columbia, United States",US,USDC,DC001,38.8951,-77.0364,531871,3,"Washington, District of Columbia, United States",US,USDC,DC001,38.8951,-77.0364,531871,20191228144500,Express intent to cooperate,Verbal cooperation
895512029,20191228,201912,USA,WASHINGTON,USA,,,,,,,,CHN,CHINESE,CHN,,,,,,,,1,040,040,04,1,1.0,6,1,6,-4.66786355475763,3,"Washington, District of Columbia, United States",US,USDC,DC001,38.8951,-77.0364,531871,1,China,CH,CH,,35.0,105.0,CH,3,"Washington, District of Columbia, United States",US,USDC,DC001,38.8951,-77.0364,531871,20191228144500,Consult,Verbal cooperation
895514771,20191228,201912,MNCUSA,DISNEY,USA,,,,,MNC,,,CHN,CHINA,CHN,,,,,,,,1,071,071,07,2,7.4,10,1,10,6.95187165775401,4,"Shanxi, Fujian, China",CH,CH07,13167,26.9512,116.692,10771269,4,"Shanxi, Fujian, China",CH,CH07,13167,26.9512,116.692,10771269,4,"Shanxi, Fujian, China",CH,CH07,13167,26.9512,116.692,10771269,20191228151500,Provide aid,Material cooperation
895514772,20191228,201912,MNCUSABUS,DISNEY,USA,,,,,MNC,BUS,,CHN,CHINA,CHN,,,,,,,,1,071,071,07,2,7.4,10,1,10,6.95187165775401,4,"Shanxi, Fujian, China",CH,CH07,13167,26.9512,116.692,10771269,4,"Shanxi, Fujian, China",CH,CH07,13167,26.9512,116.692,10771269,4,"Shanxi, Fujian, China",CH,CH07,13167,26.9512,116.692,10771269,20191228151500,Provide aid,Material cooperation
895516047,20191228,201912,USA,AMERICAN,USA,,,,,,,,CHN,CHINA,CHN,,,,,,,,1,061,061,06,2,6.4,7,1,7,-2.125,4,"Hanoi, Ha N?i, Vietnam, Republic Of",VM,VM44,74067,21.0333,105.85,-3714993,4,"Hanoi, Ha N?i, Vietnam, Republic Of",VM,VM44,74067,21.0333,105.85,-3714993,4,"Hanoi, Ha N?i, Vietnam, Republic Of",VM,VM44,74067,21.0333,105.85,-3714993,20191228153000,Engage in material cooperation,Material cooperation
895524554,20191228,201912,CHN,CHINA,CHN,,,,,,,,USA,THE US,USA,,,,,,,,1,080,080,08,2,5.0,10,1,10,0.0,1,China,CH,CH,,35.0,105.0,CH,1,China,CH,CH,,35.0,105.0,CH,1,China,CH,CH,,35.0,105.0,CH,20191228171500,Yield,Material cooperation
895524954,20191228,201912,USA,THE US,USA,,,,,,,,CHN,CHINA,CHN,,,,,,,,1,080,080,08,2,5.0,10,1,10,0.0,1,China,CH,CH,,35.0,105.0,CH,1,China,CH,CH,,35.0,105.0,CH,1,China,CH,CH,,35.0,105.0,CH,20191228171500,Yield,Material cooperation
895540298,20191228,201912,USA,AMERICAN,USA,,,,,,,,CHN,CHINESE,CHN,,,,,,,,1,111,111,11,3,-2.0,8,1,8,-2.6431718061674,1,United States,US,US,,39.828175,-98.5795,US,1,United States,US,US,,39.828175,-98.5795,US,1,United States,US,US,,39.828175,-98.5795,US,20191228203000,Disapprove,Verbal conflict
895540300,20191228,201912,USA,AMERICAN,USA,,,,,,,,CHN,CHINESE,CHN,,,,,,,,1,1721,172,17,4,-5.0,9,1,9,-2.6431718061674,1,United States,US,US,,39.828175,-98.5795,US,1,China,CH,CH,,35.0,105.0,CH,1,China,CH,CH,,35.0,105.0,CH,20191228203000,Coerce,Material conflict
895545780,20191228,201912,CHN,CHINESE,CHN,,,,,,,,USA,NEW YORK CITY,USA,,,,,,,,1,042,042,04,1,1.9,10,1,10,1.47783251231527,4,"Lu Feng, Guangdong, China",CH,CH30,13047,22.9459,115.642,-1903828,4,"Lu Feng, Guangdong, China",CH,CH30,13047,22.9459,115.642,-1903828,4,"Lu Feng, Guangdong, China",CH,CH30,13047,22.9459,115.642,-1903828,20191228220000,Consult,Verbal cooperation
895546117,20191228,201912,USA,NEW YORK CITY,USA,,,,,,,,CHN,CHINESE,CHN,,,,,,,,1,043,043,04,1,2.8,10,1,10,1.47783251231527,1,United States,US,US,,39.828175,-98.5795,US,4,"Peking, Beijing, China",CH,CH22,13001,39.9289,116.388,-1898541,1,United States,US,US,,39.828175,-98.5795,US,20191228220000,Consult,Verbal cooperation
895553385,20191228,201912,MNCUSA,SANDERSON FARMS,USA,,,,,MNC,,,CHN,CHINA,CHN,,,,,,,,1,061,061,06,2,6.4,10,1,10,3.22981366459628,1,China,CH,CH,,35.0,105.0,CH,1,China,CH,CH,,35.0,105.0,CH,1,China,CH,CH,,35.0,105.0,CH,20191228234500,Engage in material cooperation,Material cooperation
895569447,20191229,201912,CHN,CHINA,CHN,,,,,,,,USA,UNITED STATES,USA,,,,,,,,1,057,057,05,1,8.0,8,1,8,-0.943396226415094,1,China,CH,CH,,35.0,105.0,CH,1,United States,US,US,,39.828175,-98.5795,US,1,United States,US,US,,39.828175,-98.5795,US,20191229024500,Engage in diplomatic cooperation,Verbal cooperation
895570080,20191229,201912,USA,UNITED STATES,USA,,,,,,,,CHN,CHINA,CHN,,,,,,,,1,057,057,05,1,8.0,8,1,8,-0.943396226415094,1,United States,US,US,,39.828175,-98.5795,US,1,China,CH,CH,,35.0,105.0,CH,1,United States,US,US,,39.828175,-98.5795,US,20191229024500,Engage in diplomatic cooperation,Verbal cooperation
895587675,20191229,201912,USA,UNITED STATES,USA,,,,,,,,CHN,CHINA,CHN,,,,,,,,1,112,112,11,3,-2.0,6,1,6,-4.7244094488189,2,"California, United States",US,USCA,,36.17,-119.746,CA,4,"Beijing, Beijing, China",CH,CH22,13001,39.9289,116.388,-1898541,4,"Beijing, Beijing, China",CH,CH22,13001,39.9289,116.388,-1898541,20191229064500,Disapprove,Verbal conflict
895587738,20191229,201912,USABUS,A US,USA,,,,,BUS,,,CHN,CHINA,CHN,,,,,,,,1,112,112,11,3,-2.0,8,1,8,-4.7244094488189,4,"Beijing, Beijing, China",CH,CH22,13001,39.9289,116.388,-1898541,3,"Washington, District of Columbia, United States",US,USDC,DC001,38.8951,-77.0364,531871,3,"Washington, District of Columbia, United States",US,USDC,DC001,38.8951,-77.0364,531871,20191229064500,Disapprove,Verbal conflict
895588979,20191229,201912,USA,AMERICAN,USA,,,,,,,,CHNGOV,CHINESE,CHN,,,,,GOV,,,1,0841,084,08,2,7.0,6,1,6,-2.05655526992288,1,United States,US,US,,39.828175,-98.5795,US,1,China,CH,CH,,35.0,105.0,CH,1,China,CH,CH,,35.0,105.0,CH,20191229070000,Yield,Material cooperation
895600319,20191129,201911,CHN,CHINA,CHN,,,,,,,,USA,UNITED STATES,USA,,,,,,,,1,057,057,05,1,8.0,6,1,6,-1.07270560190703,1,China,CH,CH,,35.0,105.0,CH,1,United States,US,US,,39.828175,-98.5795,US,1,China,CH,CH,,35.0,105.0,CH,20191229093000,Engage in diplomatic cooperation,Verbal cooperation
895600323,20191129,201911,USA,UNITED STATES,USA,,,,,,,,CHN,CHINA,CHN,,,,,,,,1,057,057,05,1,8.0,6,1,6,-1.07270560190703,1,China,CH,CH,,35.0,105.0,CH,1,China,CH,CH,,35.0,105.0,CH,1,China,CH,CH,,35.0,105.0,CH,20191229093000,Engage in diplomatic cooperation,Verbal cooperation
895608308,20191229,201912,CHN,CHINESE,CHN,,,,,,,,USA,NEW YORK,USA,,,,,,,,1,043,043,04,1,2.8,6,1,6,11.3861386138614,1,China,CH,CH,,35.0,105.0,CH,1,China,CH,CH,,35.0,105.0,CH,1,China,CH,CH,,35.0,105.0,CH,20191229110000,Consult,Verbal cooperation
895616551,20191229,201912,CHN,TIBET,CHN,,,,,,,,USAEDU,DENVER,USA,,,,,EDU,,,1,043,043,04,1,2.8,6,1,6,3.48101265822784,5,"Tibet, Xizang, China",CH,CH14,13213,32.0,90.0,-1934604,3,"Denver, Colorado, United States",US,USCO,CO031,39.7392,-104.985,201738,3,"Denver, Colorado, United States",US,USCO,CO031,39.7392,-104.985,201738,20191229123000,Consult,Verbal cooperation
895617109,20191229,201912,USAEDU,DENVER,USA,,,,,EDU,,,CHN,TIBET,CHN,,,,,,,,1,042,042,04,1,1.9,6,1,6,3.48101265822784,5,"Tibet, Xizang, China",CH,CH14,13213,32.0,90.0,-1934604,5,"Tibet, Xizang, China",CH,CH14,13213,32.0,90.0,-1934604,5,"Tibet, Xizang, China",CH,CH14,13213,32.0,90.0,-1934604,20191229123000,Consult,Verbal cooperation
895637011,20191229,201912,USA,THE US,USA,,,,,,,,CHN,CHINESE,CHN,,,,,,,,1,112,112,11,3,-2.0,7,1,7,-2.98507462686567,4,"Beijing, Beijing, China",CH,CH22,13001,39.9289,116.388,-1898541,4,"Beijing, Beijing, China",CH,CH22,13001,39.9289,116.388,-1898541,4,"Beijing, Beijing, China",CH,CH22,13001,39.9289,116.388,-1898541,20191229160000,Disapprove,Verbal conflict
895637012,20191229,201912,USA,LAWRENCE,USA,,,,,,,,CHN,CANTON,CHN,,,,,,,,1,112,112,11,3,-2.0,10,1,10,-11.4942528735632,1,China,CH,CH,,35.0,105.0,CH,1,China,CH,CH,,35.0,105.0,CH,1,China,CH,CH,,35.0,105.0,CH,20191229160000,Disapprove,Verbal conflict
895637882,20191229,201912,CHN,CHINA,CHN,,,,,,,,USA,UNITED STATES,USA,,,,,,,,1,061,061,06,2,6.4,8,1,8,-1.20320855614973,1,China,CH,CH,,35.0,105.0,CH,2,"Texas, United States",US,USTX,,31.106,-97.6475,TX,1,China,CH,CH,,35.0,105.0,CH,20191229161500,Engage in material cooperation,Material cooperation
895638529,20191229,201912,USA,UNITED STATES,USA,,,,,,,,CHN,CHINA,CHN,,,,,,,,1,061,061,06,2,6.4,8,1,8,-1.20320855614973,2,"Texas, United States",US,USTX,,31.106,-97.6475,TX,1,China,CH,CH,,35.0,105.0,CH,1,China,CH,CH,,35.0,105.0,CH,20191229161500,Engage in material cooperation,Material cooperation
895638531,20191229,201912,USA,WASHINGTON,USA,,,,,,,,CHNGOV,BEIJING,CHN,,,,,GOV,,,1,111,111,11,3,-2.0,7,1,7,-1.22249388753057,3,"Washington, District of Columbia, United States",US,USDC,DC001,38.8951,-77.0364,531871,4,"Beijing, Beijing, China",CH,CH22,13001,39.9289,116.388,-1898541,3,"Washington, District of Columbia, United States",US,USDC,DC001,38.8951,-77.0364,531871,20191229161500,Disapprove,Verbal conflict
895651849,20191229,201912,CHNGOV,CHINESE,CHN,,,,,GOV,,,USAMED,WALL STREET JOURNAL,USA,,,,,MED,,,1,051,051,05,1,3.4,6,1,6,-1.61943319838057,1,China,CH,CH,,35.0,105.0,CH,1,China,CH,CH,,35.0,105.0,CH,1,China,CH,CH,,35.0,105.0,CH,20191229184500,Engage in diplomatic cooperation,Verbal cooperation
895652395,20191229,201912,USAMED,WALL STREET JOURNAL,USA,,,,,MED,,,CHNGOV,CHINESE,CHN,,,,,GOV,,,1,051,051,05,1,3.4,6,1,6,-1.61943319838057,1,China,CH,CH,,35.0,105.0,CH,1,China,CH,CH,,35.0,105.0,CH,1,China,CH,CH,,35.0,105.0,CH,20191229184500,Engage in diplomatic cooperation,Verbal cooperation
895657424,20191229,201912,CHN,CHINA,CHN,,,,,,,,USA,AMERICAN,USA,,,,,,,,1,040,040,04,1,1.0,10,1,10,3.28697850821745,4,"Beijing, Beijing, China",CH,CH22,13001,39.9289,116.388,-1898541,3,"World Bank, District of Columbia, United States",US,USDC,,38.899,-77.0422,2002658,4,"Beijing, Beijing, China",CH,CH22,13001,39.9289,116.388,-1898541,20191229194500,Consult,Verbal cooperation
895657426,20191229,201912,CHNGOV,CHINESE,CHN,,,,,GOV,,,USA,WASHINGTON,USA,,,,,,,,1,051,051,05,1,3.4,6,1,6,1.46198830409357,4,"Beijing, Beijing, China",CH,CH22,13001,39.9289,116.388,-1898541,4,"Beijing, Beijing, China",CH,CH22,13001,39.9289,116.388,-1898541,4,"Beijing, Beijing, China",CH,CH22,13001,39.9289,116.388,-1898541,20191229194500,Engage in diplomatic cooperation,Verbal cooperation
895671618,20191229,201912,USA,CHICAGO,USA,,,,,,,,CHNOPP,TIBET,CHN,,,,,OPP,,,1,051,051,05,1,3.4,10,1,10,-5.42168674698795,3,"Chicago, Illinois, United States",US,USIL,IL031,41.85,-87.6501,423587,3,"Chicago, Illinois, United States",US,USIL,IL031,41.85,-87.6501,423587,3,"Chicago, Illinois, United States",US,USIL,IL031,41.85,-87.6501,423587,20191229223000,Engage in diplomatic cooperation,Verbal cooperation
895671619,20191229,201912,USA,CHICAGO,USA,,,,,,,,CHNOPP,TIBET,CHN,,,,,OPP,,,1,141,141,14,3,-6.5,10,1,10,-5.42168674698795,3,"Chicago, Illinois, United States",US,USIL,IL031,41.85,-87.6501,423587,3,"Chicago, Illinois, United States",US,USIL,IL031,41.85,-87.6501,423587,3,"Chicago, Illinois, United States",US,USIL,IL031,41.85,-87.6501,423587,20191229223000,Protest,Verbal conflict
895674180,20191229,201912,USA,UNITED STATES,USA,,,,,,,,CHN,CHINA,CHN,,,,,,,,1,061,061,06,2,6.4,10,1,10,-0.30257186081694,3,"Corpus Christi, Texas, United States",US,USTX,TX355,27.8006,-97.3964,1333380,1,China,CH,CH,,35.0,105.0,CH,3,"Corpus Christi, Texas, United States",US,USTX,,27.8006,-97.3964,1333380,20191229230000,Engage in material cooperation,Material cooperation
895677224,20191229,201912,CHN,CHINA,CHN,,,,,,,,USA,WASHINGTON,USA,,,,,,,,1,062,062,06,2,7.4,6,1,6,-2.44328097731239,4,"Beijing, Beijing, China",CH,CH22,13001,39.9289,116.388,-1898541,3,"Washington, District of Columbia, United States",US,USDC,DC001,38.8951,-77.0364,531871,4,"Gulf Of Oman, Iran (general), Iran",IR,IR00,40979,25.4489,57.7939,-3077385,20191229234500,Engage in material cooperation,Material cooperation
895677774,20191229,201912,USA,WASHINGTON,USA,,,,,,,,CHN,CHINA,CHN,,,,,,,,1,062,062,06,2,7.4,6,1,6,-2.44328097731239,3,"Washington, District of Columbia, United States",US,USDC,DC001,38.8951,-77.0364,531871,4,"Beijing, Beijing, China",CH,CH22,13001,39.9289,116.388,-1898541,4,"Gulf Of Oman, Iran (general), Iran",IR,IR00,40979,25.4489,57.7939,-3077385,20191229234500,Engage in material cooperation,Material cooperation
895685439,20191230,201912,CHN,CHINA,CHN,,,,,,,,USA,WASHINGTON,USA,,,,,,,,1,062,062,06,2,7.4,6,1,6,-2.44328097731239,4,"Beijing, Beijing, China",CH,CH22,13001,39.9289,116.388,-1898541,3,"Washington, District of Columbia, United States",US,USDC,DC001,38.8951,-77.0364,531871,4,"Gulf Of Oman, Iran (general), Iran",IR,IR00,40979,25.4489,57.7939,-3077385,20191230004500,Engage in material cooperation,Material cooperation
895686416,20191230,201912,USA,WASHINGTON,USA,,,,,,,,CHN,CHINA,CHN,,,,,,,,1,062,062,06,2,7.4,6,1,6,-2.44328097731239,3,"Washington, District of Columbia, United States",US,USDC,DC001,38.8951,-77.0364,531871,4,"Beijing, Beijing, China",CH,CH22,13001,39.9289,116.388,-1898541,4,"Gulf Of Oman, Iran (general), Iran",IR,IR00,40979,25.4489,57.7939,-3077385,20191230004500,Engage in material cooperation,Material cooperation
895690270,20191230,201912,USA,UNITED STATES,USA,,,,,,,,CHN,CHINA,CHN,,,,,,,,1,061,061,06,2,6.4,8,1,8,-0.27434842249657,1,United States,US,US,,39.828175,-98.5795,US,1,United States,US,US,,39.828175,-98.5795,US,1,United States,US,US,,39.828175,-98.5795,US,20191230011500,Engage in material cooperation,Material cooperation
895692764,20191230,201912,CHN,CHINESE,CHN,,,,,,,,USA,THE US,USA,,,,,,,,1,012,012,01,1,-0.4,8,1,8,1.28755364806867,4,"Beijing, Beijing, China",CH,CH22,13001,39.9289,116.388,-1898541,4,"Beijing, Beijing, China",CH,CH22,13001,39.9289,116.388,-1898541,4,"Beijing, Beijing, China",CH,CH22,13001,39.9289,116.388,-1898541,20191230014500,Make public statement,Verbal cooperation
895692765,20191230,201912,CHN,CHINESE,CHN,,,,,,,,USA,THE US,USA,,,,,,,,1,111,111,11,3,-2.0,8,1,8,1.28755364806867,4,"Beijing, Beijing, China",CH,CH22,13001,39.9289,116.388,-1898541,4,"Beijing, Beijing, China",CH,CH22,13001,39.9289,116.388,-1898541,4,"Beijing, Beijing, China",CH,CH22,13001,39.9289,116.388,-1898541,20191230014500,Disapprove,Verbal conflict
895693264,20191230,201912,USA,THE US,USA,,,,,,,,CHN,CHINA,CHN,,,,,,,,1,030,030,03,1,4.0,10,1,10,1.28755364806867,4,"Beijing, Beijing, China",CH,CH22,13001,39.9289,116.388,-1898541,4,"Beijing, Beijing, China",CH,CH22,13001,39.9289,116.388,-1898541,4,"Beijing, Beijing, China",CH,CH22,13001,39.9289,116.388,-1898541,20191230014500,Express intent to cooperate,Verbal cooperation
895707779,20191230,201912,USA,THE US,USA,,,,,,,,CHN,CHINESE,CHN,,,,,,,,1,060,060,06,2,6.0,10,1,10,-2.97265160523186,1,"Vietnam, Republic Of",VM,VM,,16.166667,107.833333,VM,1,"Vietnam, Republic Of",VM,VM,,16.166667,107.833333,VM,1,"Vietnam, Republic Of",VM,VM,,16.166667,107.833333,VM,20191230043000,Engage in material cooperation,Material cooperation
895707780,20191230,201912,USA,THE US,USA,,,,,,,,CHN,CHINESE,CHN,,,,,,,,1,112,112,11,3,-2.0,7,1,7,-3.01204819277108,4,"Beijing, Beijing, China",CH,CH22,13001,39.9289,116.388,-1898541,4,"Beijing, Beijing, China",CH,CH22,13001,39.9289,116.388,-1898541,4,"Beijing, Beijing, China",CH,CH22,13001,39.9289,116.388,-1898541,20191230043000,Disapprove,Verbal conflict
895707870,20191230,201912,USAMED,REUTERS,USA,,,,,MED,,,CHN,CHINA,CHN,,,,,,,,1,020,020,02,1,3.0,10,1,10,4.16666666666666,4,"Shanghai, Shanghai, China",CH,CH23,13243,31.2222,121.458,-1924465,4,"Shanghai, Shanghai, China",CH,CH23,13243,31.2222,121.458,-1924465,4,"Shanghai, Shanghai, China",CH,CH23,13243,31.2222,121.458,-1924465,20191230043000,Appeal,Verbal cooperation
895711154,20191230,201912,USABUS,AMERICAN,USA,,,,,BUS,,,CHN,CHINA,CHN,,,,,,,,1,192,192,19,4,-9.5,6,1,6,0.72463768115942,1,United States,US,US,,39.828175,-98.5795,US,4,"Shanghai, Shanghai, China",CH,CH23,13243,31.2222,121.458,-1924465,1,United States,US,US,,39.828175,-98.5795,US,20191230051500,Fight,Material conflict
895711908,20191230,201912,CHN,CHINA,CHN,,,,,,,,USA,THE US,USA,,,,,,,,1,046,046,04,1,7.0,10,1,10,2.83224400871459,1,China,CH,CH,,35.0,105.0,CH,1,China,CH,CH,,35.0,105.0,CH,1,China,CH,CH,,35.0,105.0,CH,20191230053000,Consult,Verbal cooperation
895711909,20191230,201912,CHN,CHINA,CHN,,,,,,,,USA,THE US,USA,,,,,,,,1,057,057,05,1,8.0,10,1,10,2.83224400871459,1,China,CH,CH,,35.0,105.0,CH,1,China,CH,CH,,35.0,105.0,CH,1,China,CH,CH,,35.0,105.0,CH,20191230053000,Engage in diplomatic cooperation,Verbal cooperation
895712534,20191230,201912,USA,THE US,USA,,,,,,,,CHN,CHINA,CHN,,,,,,,,1,046,046,04,1,7.0,10,1,10,2.83224400871459,1,China,CH,CH,,35.0,105.0,CH,1,China,CH,CH,,35.0,105.0,CH,1,China,CH,CH,,35.0,105.0,CH,20191230053000,Consult,Verbal cooperation
895712535,20191230,201912,USA,THE US,USA,,,,,,,,CHN,CHINA,CHN,,,,,,,,1,057,057,05,1,8.0,10,1,10,2.83224400871459,4,"Wellington, New Zealand (general), New Zealand",NZ,NZ00,22391,-41.3,174.783,-1521348,4,"Wellington, New Zealand (general), New Zealand",NZ,NZ00,22391,-41.3,174.783,-1521348,4,"Wellington, New Zealand (general), New Zealand",NZ,NZ00,22391,-41.3,174.783,-1521348,20191230053000,Engage in diplomatic cooperation,Verbal cooperation
895716990,20191230,201912,CHN,CHINA,CHN,,,,,,,,USA,THE US,USA,,,,,,,,1,061,061,06,2,6.4,10,1,10,0.56657223796034,4,"Shanghai, Shanghai, China",CH,CH23,13243,31.2222,121.458,-1924465,4,"Shanghai, Shanghai, China",CH,CH23,13243,31.2222,121.458,-1924465,4,"Shanghai, Shanghai, China",CH,CH23,13243,31.2222,121.458,-1924465,20191230061500,Engage in material cooperation,Material cooperation
895728804,20191230,201912,USAMED,REUTERS,USA,,,,,MED,,,CHN,CHINA,CHN,,,,,,,,1,010,010,01,1,0.0,10,1,10,2.28571428571429,4,"Shanghai, Shanghai, China",CH,CH23,13243,31.2222,121.458,-1924465,4,"Shanghai, Shanghai, China",CH,CH23,13243,31.2222,121.458,-1924465,4,"Shanghai, Shanghai, China",CH,CH23,13243,31.2222,121.458,-1924465,20191230080000,Make public statement,Verbal cooperation
895738713,20191230,201912,CHN,CHINA,CHN,,,,,,,,USA,THE US,USA,,,,,,,,1,030,030,03,1,4.0,10,1,10,2.61780104712042,4,"Beijing, Beijing, China",CH,CH22,13001,39.9289,116.388,-1898541,4,"Beijing, Beijing, China",CH,CH22,13001,39.9289,116.388,-1898541,4,"Beijing, Beijing, China",CH,CH22,13001,39.9289,116.388,-1898541,20191230093000,Express intent to cooperate,Verbal cooperation
895738714,20191230,201912,CHN,CHINA,CHN,,,,,,,,USA,THE US,USA,,,,,,,,1,061,061,06,2,6.4,10,1,10,2.61780104712042,4,"Beijing, Beijing, China",CH,CH22,13001,39.9289,116.388,-1898541,4,"Beijing, Beijing, China",CH,CH22,13001,39.9289,116.388,-1898541,4,"Beijing, Beijing, China",CH,CH22,13001,39.9289,116.388,-1898541,20191230093000,Engage in material cooperation,Material cooperation
895742342,20191230,201912,CHN,CHINA,CHN,,,,,,,,USA,THE US,USA,,,,,,,,1,043,043,04,1,2.8,10,1,10,-1.54320987654321,4,"Shenzhen, Guangdong, China",CH,CH30,13036,22.2,111.117,-1925267,4,"Shenzhen, Guangdong, China",CH,CH30,13036,22.2,111.117,-1925267,4,"Shenzhen, Guangdong, China",CH,CH30,13036,22.2,111.117,-1925267,20191230100000,Consult,Verbal cooperation
895742886,20191230,201912,USA,THE US,USA,,,,,,,,CHN,CHINA,CHN,,,,,,,,1,042,042,04,1,1.9,10,1,10,-1.54320987654321,4,"Shenzhen, Guangdong, China",CH,CH30,13036,22.2,111.117,-1925267,4,"Shenzhen, Guangdong, China",CH,CH30,13036,22.2,111.117,-1925267,4,"Shenzhen, Guangdong, China",CH,CH30,13036,22.2,111.117,-1925267,20191230100000,Consult,Verbal cooperation
895750352,20191230,201912,CHN,CHINA,CHN,,,,,,,,USA,UNITED STATES,USA,,,,,,,,1,112,112,11,3,-2.0,8,1,8,-3.57142857142857,4,"Beijing, Beijing, China",CH,CH22,13001,39.9289,116.388,-1898541,1,United States,US,US,,39.828175,-98.5795,US,4,"Beijing, Beijing, China",CH,CH22,13001,39.9289,116.388,-1898541,20191230110000,Disapprove,Verbal conflict
895750362,20191230,201912,CHNGOV,CHINESE,CHN,,,,,GOV,,,USA,THE US,USA,,,,,,,,1,112,112,11,3,-2.0,6,1,6,-3.57142857142857,1,Russia,RS,RS,,60.0,100.0,RS,1,Russia,RS,RS,,60.0,100.0,RS,1,Russia,RS,RS,,60.0,100.0,RS,20191230110000,Disapprove,Verbal conflict
895757930,20191230,201912,CHN,CHINA,CHN,,,,,,,,USA,UNITED STATES,USA,,,,,,,,1,046,046,04,1,7.0,8,1,8,-1.0204081632653,1,China,CH,CH,,35.0,105.0,CH,1,United States,US,US,,39.828175,-98.5795,US,1,United States,US,US,,39.828175,-98.5795,US,20191230114500,Consult,Verbal cooperation
895757931,20191230,201912,CHN,CHINESE,CHN,,,,,,,,USAMED,REUTERS,USA,,,,,MED,,,1,172,172,17,4,-5.0,8,1,8,-4.32900432900433,4,"Shenzhen, Guangdong, China",CH,CH30,13036,22.2,111.117,-1925267,4,"Shenzhen, Guangdong, China",CH,CH30,13036,22.2,111.117,-1925267,4,"Shenzhen, Guangdong, China",CH,CH30,13036,22.2,111.117,-1925267,20191230114500,Coerce,Material conflict
895758898,20191230,201912,USA,UNITED STATES,USA,,,,,,,,CHN,CHINA,CHN,,,,,,,,1,046,046,04,1,7.0,8,1,8,-1.0204081632653,1,United States,US,US,,39.828175,-98.5795,US,1,United States,US,US,,39.828175,-98.5795,US,1,United States,US,US,,39.828175,-98.5795,US,20191230114500,Consult,Verbal cooperation
895762400,20191230,201912,MNCUSA,STARBUCKS,USA,,,,,MNC,,,CHN,CHINA,CHN,,,,,,,,1,0353,035,03,1,7.0,10,1,10,5.85774058577406,1,China,CH,CH,,35.0,105.0,CH,1,China,CH,CH,,35.0,105.0,CH,1,China,CH,CH,,35.0,105.0,CH,20191230121500,Express intent to cooperate,Verbal cooperation
895768723,20191230,201912,CHN,CHINA,CHN,,,,,,,,USA,UNITED STATES,USA,,,,,,,,1,085,085,08,2,7.0,8,3,8,-5.02958579881657,4,"Tehran, Tehran, Iran",IR,IR26,41130,35.75,51.5148,10074674,4,"Moscow, Moskva, Russia",RS,RS48,25106,55.7522,37.6156,-2960561,4,"Tehran, Tehran, Iran",IR,IR26,41130,35.75,51.5148,10074674,20191230130000,Yield,Material cooperation
895768724,20191230,201912,CHN,CHINA,CHN,,,,,,,,USA,UNITED STATES,USA,,,,,,,,1,085,085,08,2,7.0,46,6,46,-5.23922345759413,1,China,CH,CH,,35.0,105.0,CH,3,"Washington, District of Columbia, United States",US,USDC,DC001,38.8951,-77.0364,531871,3,"Washington, District of Columbia, United States",US,USDC,DC001,38.8951,-77.0364,531871,20191230130000,Yield,Material cooperation
895768725,20191230,201912,CHN,CHINA,CHN,,,,,,,,USA,UNITED STATES,USA,,,,,,,,1,085,085,08,2,7.0,14,6,14,-5.21490386131273,1,United Kingdom,UK,UK,,54.0,-4.0,UK,4,"Moscow, Moskva, Russia",RS,RS48,25106,55.7522,37.6156,-2960561,3,"Washington, District of Columbia, United States",US,USDC,DC001,38.8951,-77.0364,531871,20191230130000,Yield,Material cooperation
895768727,20191230,201912,CHN,SHANGHAI,CHN,,,,,,,,USABUS,THE US,USA,,,,,BUS,,,1,0841,084,08,2,7.0,7,1,7,2.77008310249307,4,"Berlin, Berlin, Germany",GM,GM16,16538,52.5167,13.4,-1746443,4,"Berlin, Berlin, Germany",GM,GM16,16538,52.5167,13.4,-1746443,4,"Berlin, Berlin, Germany",GM,GM16,16538,52.5167,13.4,-1746443,20191230130000,Yield,Material cooperation
895771019,20191230,201912,CHN,CHINA,CHN,,,,,,,,USA,UNITED STATES,USA,,,,,,,,1,085,085,08,2,7.0,6,1,6,-7.80141843971631,1,China,CH,CH,,35.0,105.0,CH,1,United States,US,US,,39.828175,-98.5795,US,1,United States,US,US,,39.828175,-98.5795,US,20191230131500,Yield,Material cooperation
895771022,20191230,201912,CHN,CHINA,CHN,,,,,,,,USA,UNITED STATES,USA,,,,,,,,1,112,112,11,3,-2.0,8,1,8,-3.93401015228426,1,China,CH,CH,,35.0,105.0,CH,3,"Washington, District of Columbia, United States",US,USDC,DC001,38.8951,-77.0364,531871,4,"Lisbon, Lisboa, Portugal",PO,PO14,24830,38.7167,-9.13333,-2167973,20191230131500,Disapprove,Verbal conflict
895771761,20191230,201912,USA,UNITED STATES,USA,,,,,,,,CHN,CHINA,CHN,,,,,,,,1,112,112,11,3,-2.0,10,1,10,-3.93401015228426,4,"Lisbon, Lisboa, Portugal",PO,PO14,24830,38.7167,-9.13333,-2167973,4,"Lisbon, Lisboa, Portugal",PO,PO14,24830,38.7167,-9.13333,-2167973,4,"Lisbon, Lisboa, Portugal",PO,PO14,24830,38.7167,-9.13333,-2167973,20191230131500,Disapprove,Verbal conflict
895777607,20191230,201912,CHN,BEIJING,CHN,,,,,,,,USA,WASHINGTON,USA,,,,,,,,1,030,030,03,1,4.0,6,1,6,0.53475935828877,4,"Beijing, Beijing, China",CH,CH22,13001,39.9289,116.388,-1898541,3,"Washington, District of Columbia, United States",US,USDC,DC001,38.8951,-77.0364,531871,3,"Washington, District of Columbia, United States",US,USDC,DC001,38.8951,-77.0364,531871,20191230140000,Express intent to cooperate,Verbal cooperation
895777608,20191230,201912,CHN,CHINA,CHN,,,,,,,,USA,UNITED STATES,USA,,,,,,,,1,060,060,06,2,6.0,10,1,10,3.48837209302325,4,"Shanghai, Shanghai, China",CH,CH23,13243,31.2222,121.458,-1924465,4,"Shanghai, Shanghai, China",CH,CH23,13243,31.2222,121.458,-1924465,4,"Shanghai, Shanghai, China",CH,CH23,13243,31.2222,121.458,-1924465,20191230140000,Engage in material cooperation,Material cooperation
895777609,20191230,201912,CHN,CHINA,CHN,,,,,,,,USA,UNITED STATES,USA,,,,,,,,1,061,061,06,2,6.4,10,1,10,3.48837209302325,4,"Shanghai, Shanghai, China",CH,CH23,13243,31.2222,121.458,-1924465,1,United States,US,US,,39.828175,-98.5795,US,4,"Shanghai, Shanghai, China",CH,CH23,13243,31.2222,121.458,-1924465,20191230140000,Engage in material cooperation,Material cooperation
895779959,20191230,201912,CHN,BEIJING,CHN,,,,,,,,USA,WASHINGTON,USA,,,,,,,,1,036,036,03,1,4.0,10,1,10,0.94043887147335,4,"Beijing, Beijing, China",CH,CH22,13001,39.9289,116.388,-1898541,3,"Washington, District of Columbia, United States",US,USDC,DC001,38.8951,-77.0364,531871,4,"Beijing, Beijing, China",CH,CH22,13001,39.9289,116.388,-1898541,20191230141500,Express intent to cooperate,Verbal cooperation
895779962,20191230,201912,CHN,CHINA,CHN,,,,,,,,USA,UNITED STATES,USA,,,,,,,,1,043,043,04,1,2.8,8,1,8,-3.64583333333334,3,"Bibb County, Georgia, United States",US,USGA,GA021,32.8001,-83.6666,1672039,3,"Bibb County, Georgia, United States",US,USGA,,32.8001,-83.6666,1672039,3,"Bibb County, Georgia, United States",US,USGA,,32.8001,-83.6666,1672039,20191230141500,Consult,Verbal cooperation
895780936,20191230,201912,USA,WASHINGTON,USA,,,,,,,,CHN,BEIJING,CHN,,,,,,,,1,025,025,02,1,-0.3,10,1,10,0.94043887147335,4,"Beijing, Beijing, China",CH,CH22,13001,39.9289,116.388,-1898541,4,"Beijing, Beijing, China",CH,CH22,13001,39.9289,116.388,-1898541,4,"Beijing, Beijing, China",CH,CH22,13001,39.9289,116.388,-1898541,20191230141500,Appeal,Verbal cooperation
895780937,20191230,201912,USA,WASHINGTON,USA,,,,,,,,CHN,BEIJING,CHN,,,,,,,,1,036,036,03,1,4.0,10,1,10,0.94043887147335,3,"Washington, District of Columbia, United States",US,USDC,DC001,38.8951,-77.0364,531871,4,"Beijing, Beijing, China",CH,CH22,13001,39.9289,116.388,-1898541,4,"Beijing, Beijing, China",CH,CH22,13001,39.9289,116.388,-1898541,20191230141500,Express intent to cooperate,Verbal cooperation
895780940,20191230,201912,USA,UNITED STATES,USA,,,,,,,,CHN,CHINA,CHN,,,,,,,,1,042,042,04,1,1.9,8,1,8,-3.64583333333334,3,"Bibb County, Georgia, United States",US,USGA,GA021,32.8001,-83.6666,1672039,3,"Bibb County, Georgia, United States",US,USGA,,32.8001,-83.6666,1672039,3,"Bibb County, Georgia, United States",US,USGA,,32.8001,-83.6666,1672039,20191230141500,Consult,Verbal cooperation
895780945,20191230,201912,USA,UNITED STATES,USA,,,,,,,,CHN,CHINESE,CHN,,,,,,,,1,172,172,17,4,-5.0,6,1,6,-3.64583333333334,2,"Georgia, United States",US,USGA,,32.9866,-83.6487,GA,1,China,CH,CH,,35.0,105.0,CH,1,China,CH,CH,,35.0,105.0,CH,20191230141500,Coerce,Material conflict
895782464,20191230,201912,CHN,CHINESE,CHN,,,,,,,,USAMED,REUTERS,USA,,,,,MED,,,1,036,036,03,1,4.0,7,1,7,2.36220472440945,3,"Washington, District of Columbia, United States",US,USDC,DC001,38.8951,-77.0364,531871,3,"Washington, District of Columbia, United States",US,USDC,DC001,38.8951,-77.0364,531871,4,"Beijing, Beijing, China",CH,CH22,13001,39.9289,116.388,-1898541,20191230143000,Express intent to cooperate,Verbal cooperation
895783516,20191230,201912,USAMED,REUTERS,USA,,,,,MED,,,CHN,CHINESE,CHN,,,,,,,,1,036,036,03,1,4.0,7,1,7,2.36220472440945,4,"Shanghai, Shanghai, China",CH,CH23,13243,31.2222,121.458,-1924465,4,"Shanghai, Shanghai, China",CH,CH23,13243,31.2222,121.458,-1924465,4,"Shanghai, Shanghai, China",CH,CH23,13243,31.2222,121.458,-1924465,20191230143000,Express intent to cooperate,Verbal cooperation
895783517,20191230,201912,USAMED,THE ASSOCIATED PRESS,USA,,,,,MED,,,CHNCVL,CHINESE,CHN,,,,,CVL,,,1,173,173,17,4,-5.0,7,1,7,-4.01785714285714,1,China,CH,CH,,35.0,105.0,CH,1,China,CH,CH,,35.0,105.0,CH,1,China,CH,CH,,35.0,105.0,CH,20191230143000,Coerce,Material conflict
895784812,20191230,201912,CHN,CHINESE,CHN,,,,,,,,USA,WASHINGTON,USA,,,,,,,,1,036,036,03,1,4.0,8,1,8,0.95238095238095,3,"Chicago, Illinois, United States",US,USIL,IL031,41.85,-87.6501,423587,3,"Chicago, Illinois, United States",US,USIL,IL031,41.85,-87.6501,423587,3,"Chicago, Illinois, United States",US,USIL,IL031,41.85,-87.6501,423587,20191230144500,Express intent to cooperate,Verbal cooperation
895786045,20191230,201912,USA,WASHINGTON,USA,,,,,,,,CHN,CHINESE,CHN,,,,,,,,1,036,036,03,1,4.0,8,1,8,0.95238095238095,3,"Washington, District of Columbia, United States",US,USDC,DC001,38.8951,-77.0364,531871,3,"Washington, District of Columbia, United States",US,USDC,DC001,38.8951,-77.0364,531871,3,"Washington, District of Columbia, United States",US,USDC,DC001,38.8951,-77.0364,531871,20191230144500,Express intent to cooperate,Verbal cooperation
895787208,20191230,201912,CHN,CHINA,CHN,,,,,,,,USA,AMERICAN,USA,,,,,,,,1,040,040,04,1,1.0,10,1,10,3.41988600379987,4,"Beijing, Beijing, China",CH,CH22,13001,39.9289,116.388,-1898541,3,"World Bank, District of Columbia, United States",US,USDC,,38.899,-77.0422,2002658,4,"Beijing, Beijing, China",CH,CH22,13001,39.9289,116.388,-1898541,20191230150000,Consult,Verbal cooperation
895797447,20191230,201912,CHN,CHINA,CHN,,,,,,,,USA,WASHINGTON,USA,,,,,,,,1,0311,031,03,1,5.2,10,1,10,2.59259259259259,4,"Beijing, Beijing, China",CH,CH22,13001,39.9289,116.388,-1898541,4,"Beijing, Beijing, China",CH,CH22,13001,39.9289,116.388,-1898541,4,"Beijing, Beijing, China",CH,CH22,13001,39.9289,116.388,-1898541,20191230160000,Express intent to cooperate,Verbal cooperation
895797449,20191230,201912,CHN,CHINA,CHN,,,,,,,,USA,UNITED STATES,USA,,,,,,,,1,190,190,19,4,-10.0,10,1,10,2.03720106288751,3,"Washington, District of Columbia, United States",US,USDC,DC001,38.8951,-77.0364,531871,3,"Washington, District of Columbia, United States",US,USDC,DC001,38.8951,-77.0364,531871,3,"Washington, District of Columbia, United States",US,USDC,DC001,38.8951,-77.0364,531871,20191230160000,Fight,Material conflict
895798242,20191230,201912,USA,WASHINGTON,USA,,,,,,,,CHN,CHINA,CHN,,,,,,,,1,0311,031,03,1,5.2,10,1,10,2.59259259259259,3,"Washington, District of Columbia, United States",US,USDC,DC001,38.8951,-77.0364,531871,4,"Beijing, Beijing, China",CH,CH22,13001,39.9289,116.388,-1898541,4,"Beijing, Beijing, China",CH,CH22,13001,39.9289,116.388,-1898541,20191230160000,Express intent to cooperate,Verbal cooperation
895798244,20191230,201912,USA,WASHINGTON,USA,,,,,,,,CHN,CHINESE,CHN,,,,,,,,1,0841,084,08,2,7.0,8,1,8,6.37583892617449,3,"Washington, District of Columbia, United States",US,USDC,DC001,38.8951,-77.0364,531871,4,"Beijing, Beijing, China",CH,CH22,13001,39.9289,116.388,-1898541,4,"Beijing, Beijing, China",CH,CH22,13001,39.9289,116.388,-1898541,20191230160000,Yield,Material cooperation
895798245,20191230,201912,USA,UNITED STATES,USA,,,,,,,,CHN,CHINA,CHN,,,,,,,,1,190,190,19,4,-10.0,10,1,10,2.03720106288751,3,"Department Of Energy, District of Columbia, United States",US,USDC,DC001,38.8862,-77.025,530856,1,China,CH,CH,,35.0,105.0,CH,3,"Department Of Energy, District of Columbia, United States",US,USDC,,38.8862,-77.025,530856,20191230160000,Fight,Material conflict
895798246,20191230,201912,USA,UNITED STATES,USA,,,,,,,,CHNGOV,CHINA,CHN,,,,,GOV,,,1,090,090,09,2,-2.0,6,1,6,-2.86624203821656,4,"Warsaw, (PL67), Poland",PL,PL67,24452,52.25,21.0,-534433,4,"Warsaw, (PL67), Poland",PL,PL67,24452,52.25,21.0,-534433,4,"Warsaw, (PL67), Poland",PL,PL67,24452,52.25,21.0,-534433,20191230160000,Investigate,Material cooperation
895800774,20191223,201912,USAGOV,THE WHITE HOUSE,USA,,,,,GOV,,,CHN,CHINESE,CHN,,,,,,,,1,124,124,12,3,-4.0,6,1,6,1.81818181818181,3,"White House, District of Columbia, United States",US,USDC,,38.8951,-77.0364,531871,4,"Beijing, Beijing, China",CH,CH22,13001,39.9289,116.388,-1898541,3,"White House, District of Columbia, United States",US,USDC,,38.8951,-77.0364,531871,20191230163000,Reject,Verbal conflict
895801136,20191230,201912,CHN,CHINESE,CHN,,,,,,,,USA,WASHINGTON,USA,,,,,,,,1,057,057,05,1,8.0,10,1,10,3.94736842105263,1,China,CH,CH,,35.0,105.0,CH,3,"Washington, District of Columbia, United States",US,USDC,DC001,38.8951,-77.0364,531871,3,"Washington, District of Columbia, United States",US,USDC,DC001,38.8951,-77.0364,531871,20191230163000,Engage in diplomatic cooperation,Verbal cooperation
895801963,20191230,201912,MNCUSA,NETFLIX,USA,,,,,MNC,,,CHN,CHINESE,CHN,,,,,,,,1,0841,084,08,2,7.0,10,1,10,6.44067796610169,4,"Beijing, Beijing, China",CH,CH22,13001,39.9289,116.388,-1898541,4,"Beijing, Beijing, China",CH,CH22,13001,39.9289,116.388,-1898541,4,"Beijing, Beijing, China",CH,CH22,13001,39.9289,116.388,-1898541,20191230163000,Yield,Material cooperation
895803763,20191230,201912,CHN,CHINA,CHN,,,,,,,,USA,THE US,USA,,,,,,,,1,030,030,03,1,4.0,8,1,8,-1.94690265486726,4,"Xinjiang, Jiangxi, China",CH,CH03,13167,27.7481,116.274,11065838,4,"Xinjiang, Jiangxi, China",CH,CH03,13167,27.7481,116.274,11065838,4,"Xinjiang, Jiangxi, China",CH,CH03,13167,27.7481,116.274,11065838,20191230164500,Express intent to cooperate,Verbal cooperation
895804726,20191230,201912,USA,THE US,USA,,,,,,,,CHN,CHINA,CHN,,,,,,,,1,030,030,03,1,4.0,10,1,10,-1.94690265486726,4,"Xinjiang, Jiangxi, China",CH,CH03,13167,27.7481,116.274,11065838,4,"Xinjiang, Jiangxi, China",CH,CH03,13167,27.7481,116.274,11065838,4,"Xinjiang, Jiangxi, China",CH,CH03,13167,27.7481,116.274,11065838,20191230164500,Express intent to cooperate,Verbal cooperation
895809189,20191230,201912,CHN,CHINESE,CHN,,,,,,,,USA,UNITED STATES,USA,,,,,,,,1,057,057,05,1,8.0,10,1,10,2.60586319218241,4,"Shandong, Jiangsu, China",CH,CH04,13151,32.9793,118.852,11415469,3,"Washington, District of Columbia, United States",US,USDC,DC001,38.8951,-77.0364,531871,3,"Washington, District of Columbia, United States",US,USDC,DC001,38.8951,-77.0364,531871,20191230171500,Engage in diplomatic cooperation,Verbal cooperation
895810238,20191230,201912,USA,UNITED STATES,USA,,,,,,,,CHN,CHINESE,CHN,,,,,,,,1,057,057,05,1,8.0,12,1,10,2.60586319218241,3,"Washington, District of Columbia, United States",US,USDC,DC001,38.8951,-77.0364,531871,4,"Shandong, Jiangsu, China",CH,CH04,13151,32.9793,118.852,11415469,3,"Washington, District of Columbia, United States",US,USDC,DC001,38.8951,-77.0364,531871,20191230171500,Engage in diplomatic cooperation,Verbal cooperation
895810239,20191230,201912,USA,WASHINGTON,USA,,,,,,,,CHN,CHINESE,CHN,,,,,,,,1,061,061,06,2,6.4,8,1,8,2.60586319218241,3,"Washington, District of Columbia, United States",US,USDC,DC001,38.8951,-77.0364,531871,4,"Shandong, Jiangsu, China",CH,CH04,13151,32.9793,118.852,11415469,3,"Washington, District of Columbia, United States",US,USDC,DC001,38.8951,-77.0364,531871,20191230171500,Engage in material cooperation,Material cooperation
895811514,20191230,201912,CHN,CHINA,CHN,,,,,,,,USA,UNITED STATES,USA,,,,,,,,1,043,043,04,1,2.8,8,1,8,-3.96039603960396,4,"Shenzhen, Guangdong, China",CH,CH30,13036,22.2,111.117,-1925267,1,United States,US,US,,39.828175,-98.5795,US,4,"Shenzhen, Guangdong, China",CH,CH30,13036,22.2,111.117,-1925267,20191230173000,Consult,Verbal cooperation
895812562,20191230,201912,USA,UNITED STATES,USA,,,,,,,,CHN,CHINA,CHN,,,,,,,,1,042,042,04,1,1.9,8,1,8,-3.96039603960396,1,United States,US,US,,39.828175,-98.5795,US,4,"Shenzhen, Guangdong, China",CH,CH30,13036,22.2,111.117,-1925267,4,"Shenzhen, Guangdong, China",CH,CH30,13036,22.2,111.117,-1925267,20191230173000,Consult,Verbal cooperation
895812564,20191230,201912,USA,CHICAGO,USA,,,,,,,,CHNOPP,TIBET,CHN,,,,,OPP,,,1,051,051,05,1,3.4,10,1,10,0.0,3,"Chicago, Illinois, United States",US,USIL,IL031,41.85,-87.6501,423587,3,"Chicago, Illinois, United States",US,USIL,IL031,41.85,-87.6501,423587,3,"Chicago, Illinois, United States",US,USIL,IL031,41.85,-87.6501,423587,20191230173000,Engage in diplomatic cooperation,Verbal cooperation
895812565,20191230,201912,USA,CHICAGO,USA,,,,,,,,CHNOPP,TIBET,CHN,,,,,OPP,,,1,141,141,14,3,-6.5,10,1,10,0.0,3,"Chicago, Illinois, United States",US,USIL,IL031,41.85,-87.6501,423587,3,"Chicago, Illinois, United States",US,USIL,IL031,41.85,-87.6501,423587,3,"Chicago, Illinois, United States",US,USIL,IL031,41.85,-87.6501,423587,20191230173000,Protest,Verbal conflict
895814897,20191230,201912,USA,MISSISSIPPI,USA,,,,,,,,CHN,CHINA,CHN,,,,,,,,1,112,112,11,3,-2.0,16,4,16,-1.30618720253834,1,China,CH,CH,,35.0,105.0,CH,1,China,CH,CH,,35.0,105.0,CH,1,China,CH,CH,,35.0,105.0,CH,20191230174500,Disapprove,Verbal conflict
895815050,20191230,201912,USABUS,MISSISSIPPI,USA,,,,,BUS,,,CHN,CHINA,CHN,,,,,,,,1,112,112,11,3,-2.0,24,4,24,-1.30618720253834,1,China,CH,CH,,35.0,105.0,CH,1,China,CH,CH,,35.0,105.0,CH,1,China,CH,CH,,35.0,105.0,CH,20191230174500,Disapprove,Verbal conflict
895818416,20191230,201912,USA,UNITED STATES,USA,,,,,,,,CHN,CHINA,CHN,,,,,,,,1,075,075,07,2,7.0,6,1,6,0.7981755986317,3,"Hollywood, California, United States",US,USCA,CA037,34.0983,-118.327,1660757,3,"Hollywood, California, United States",US,USCA,CA037,34.0983,-118.327,1660757,3,"Hollywood, California, United States",US,USCA,CA037,34.0983,-118.327,1660757,20191230181500,Provide aid,Material cooperation
895820628,20191230,201912,USA,THE US,USA,,,,,,,,CHN,CHINA,CHN,,,,,,,,1,120,120,12,3,-4.0,8,1,8,1.2779552715655,4,"Xinwei, Anhui, China",CH,CH01,13144,31.3629,118.667,10520066,4,"Xinwei, Anhui, China",CH,CH01,13144,31.3629,118.667,10520066,4,"Xinwei, Anhui, China",CH,CH01,13144,31.3629,118.667,10520066,20191230183000,Reject,Verbal conflict
895823403,20191230,201912,MNCUSAMED,GOOGLE,USA,,,,,MNC,MED,,CHN,CHINESE,CHN,,,,,,,,1,010,010,01,1,0.0,8,1,8,-0.35778175313059,1,Turkey,TU,TU,,39.059012,34.911546,TU,1,China,CH,CH,,35.0,105.0,CH,1,China,CH,CH,,35.0,105.0,CH,20191230184500,Make public statement,Verbal cooperation
895824824,20191230,201912,CHN,CHINA,CHN,,,,,,,,USA,NORTH CAROLINA,USA,,,,,,,,1,043,043,04,1,2.8,8,1,8,1.5015015015015,4,"Jung Chang, Chongqing, China",CH,CH33,13003,29.4039,105.587,-1900103,2,"North Carolina, United States",US,USNC,,35.6411,-79.8431,NC,4,"Jung Chang, Chongqing, China",CH,CH33,13003,29.4039,105.587,-1900103,20191230190000,Consult,Verbal cooperation
895825781,20191230,201912,USA,TAMPA,USA,,,,,,,,CHN,CHINA,CHN,,,,,,,,1,020,020,02,1,3.0,10,1,10,-3.39805825242718,3,"Tampa, Florida, United States",US,USFL,FL057,27.9475,-82.4584,292005,1,China,CH,CH,,35.0,105.0,CH,3,"Tampa, Florida, United States",US,USFL,FL057,27.9475,-82.4584,292005,20191230190000,Appeal,Verbal cooperation
895825783,20191230,201912,USA,NORTH CAROLINA,USA,,,,,,,,CHN,CHINA,CHN,,,,,,,,1,042,042,04,1,1.9,8,1,8,1.5015015015015,2,"North Carolina, United States",US,USNC,,35.6411,-79.8431,NC,4,"Jung Chang, Chongqing, China",CH,CH33,13003,29.4039,105.587,-1900103,4,"Jung Chang, Chongqing, China",CH,CH33,13003,29.4039,105.587,-1900103,20191230190000,Consult,Verbal cooperation
895825788,20191230,201912,USA,AMERICAN,USA,,,,,,,,CHN,CHINA,CHN,,,,,,,,1,130,130,13,3,-4.4,6,1,6,-3.39805825242718,2,"Florida, United States",US,USFL,,27.8333,-81.717,FL,2,"Florida, United States",US,USFL,,27.8333,-81.717,FL,2,"Florida, United States",US,USFL,,27.8333,-81.717,FL,20191230190000,Threaten,Verbal conflict
895825909,20191230,201912,USABUS,MISSISSIPPI,USA,,,,,BUS,,,CHN,CHINA,CHN,,,,,,,,1,112,112,11,3,-2.0,6,1,6,-1.35135135135135,2,"Mississippi, United States",US,USMS,,32.7673,-89.6812,MS,2,"Mississippi, United States",US,USMS,,32.7673,-89.6812,MS,2,"Mississippi, United States",US,USMS,,32.7673,-89.6812,MS,20191230190000,Disapprove,Verbal conflict
895827004,20191230,201912,CHN,CHINESE,CHN,,,,,,,,USA,WASHINGTON,USA,,,,,,,,1,036,036,03,1,4.0,7,1,7,0.52631578947369,1,Malaysia,MY,MY,,2.5,112.5,MY,1,Malaysia,MY,MY,,2.5,112.5,MY,1,Malaysia,MY,MY,,2.5,112.5,MY,20191230191500,Express intent to cooperate,Verbal cooperation
895829016,20191230,201912,CHN,CHINA,CHN,,,,,,,,USA,COLUMBUS,USA,,,,,,,,1,042,042,04,1,1.9,7,1,7,1.82328190743338,1,China,CH,CH,,35.0,105.0,CH,3,"Ohio State University, Ohio, United States",US,USOH,,40.5792,-83.0902,1049664,1,China,CH,CH,,35.0,105.0,CH,20191230193000,Consult,Verbal cooperation
895829019,20191230,201912,CHN,CHINA,CHN,,,,,,,,USA,UNITED STATES,USA,,,,,,,,1,043,043,04,1,2.8,8,1,8,1.82328190743338,1,China,CH,CH,,35.0,105.0,CH,3,"Ohio State University, Ohio, United States",US,USOH,,40.5792,-83.0902,1049664,3,"Ohio State University, Ohio, United States",US,USOH,,40.5792,-83.0902,1049664,20191230193000,Consult,Verbal cooperation
895830012,20191230,201912,USA,UNITED STATES,USA,,,,,,,,CHN,CHINA,CHN,,,,,,,,1,042,042,04,1,1.9,8,1,8,1.82328190743338,3,"Ohio State University, Ohio, United States",US,USOH,OH101,40.5792,-83.0902,1049664,1,China,CH,CH,,35.0,105.0,CH,3,"Ohio State University, Ohio, United States",US,USOH,,40.5792,-83.0902,1049664,20191230193000,Consult,Verbal cooperation
895830013,20191230,201912,USA,COLUMBUS,USA,,,,,,,,CHN,CHINA,CHN,,,,,,,,1,043,043,04,1,2.8,6,1,6,1.82328190743338,3,"Columbus, Ohio, United States",US,USOH,OH049,39.9612,-82.9988,1080996,1,China,CH,CH,,35.0,105.0,CH,1,China,CH,CH,,35.0,105.0,CH,20191230193000,Consult,Verbal cooperation
895830173,20191230,201912,USALEG,UNITED STATES,USA,,,,,LEG,,,CHN,CHINA,CHN,,,,,,,,1,012,012,01,1,-0.4,8,1,8,-2.37154150197628,1,China,CH,CH,,35.0,105.0,CH,1,China,CH,CH,,35.0,105.0,CH,1,China,CH,CH,,35.0,105.0,CH,20191230193000,Make public statement,Verbal cooperation
895834799,20191230,201912,CHN,CHINA,CHN,,,,,,,,USA,THE US,USA,,,,,,,,1,046,046,04,1,7.0,10,1,10,0.5,4,"Dalian, Liaoning, China",CH,CH19,13327,38.9122,121.602,-1901835,4,"Dalian, Liaoning, China",CH,CH19,13327,38.9122,121.602,-1901835,4,"Dalian, Liaoning, China",CH,CH19,13327,38.9122,121.602,-1901835,20191230201500,Consult,Verbal cooperation
895835566,20191230,201912,USA,THE US,USA,,,,,,,,CHN,CHINA,CHN,,,,,,,,1,046,046,04,1,7.0,10,1,10,0.5,4,"Dalian, Liaoning, China",CH,CH19,13327,38.9122,121.602,-1901835,4,"Dalian, Liaoning, China",CH,CH19,13327,38.9122,121.602,-1901835,4,"Dalian, Liaoning, China",CH,CH19,13327,38.9122,121.602,-1901835,20191230201500,Consult,Verbal cooperation
895837405,20191230,201912,CHN,CHINESE,CHN,,,,,,,,USA,UNITED STATES,USA,,,,,,,,1,190,190,19,4,-10.0,10,1,10,-3.87596899224806,1,China,CH,CH,,35.0,105.0,CH,2,"New York, United States",US,USNY,,42.1497,-74.9384,NY,1,China,CH,CH,,35.0,105.0,CH,20191230203000,Fight,Material conflict
895839416,20191230,201912,CHN,CHINESE,CHN,,,,,,,,USA,UNITED STATES,USA,,,,,,,,1,190,190,19,4,-10.0,10,1,10,-1.24879923150816,4,"Beijing, Beijing, China",CH,CH22,13001,39.9289,116.388,-1898541,2,"New York, United States",US,USNY,,42.1497,-74.9384,NY,4,"Beijing, Beijing, China",CH,CH22,13001,39.9289,116.388,-1898541,20191230204500,Fight,Material conflict
895841169,20191230,201912,CHN,CHINA,CHN,,,,,,,,USA,THE US,USA,,,,,,,,1,020,020,02,1,3.0,10,1,10,1.61290322580645,1,China,CH,CH,,35.0,105.0,CH,1,China,CH,CH,,35.0,105.0,CH,1,China,CH,CH,,35.0,105.0,CH,20191230210000,Appeal,Verbal cooperation
895841173,20191230,201912,CHN,CHINESE,CHN,,,,,,,,USA,LOS ANGELES,USA,,,,,,,,1,111,111,11,3,-2.0,8,1,8,-0.96852300242131,1,Sweden,SW,SW,,62.0,15.0,SW,1,Sweden,SW,SW,,62.0,15.0,SW,1,Sweden,SW,SW,,62.0,15.0,SW,20191230210000,Disapprove,Verbal conflict
895843220,20191230,201912,CHN,CHINA,CHN,,,,,,,,USA,THE US,USA,,,,,,,,1,190,190,19,4,-10.0,10,1,10,0.657894736842105,1,China,CH,CH,,35.0,105.0,CH,1,China,CH,CH,,35.0,105.0,CH,1,China,CH,CH,,35.0,105.0,CH,20191230211500,Fight,Material conflict
895844004,20191230,201912,USA,THE US,USA,,,,,,,,CHN,CHINA,CHN,,,,,,,,1,190,190,19,4,-10.0,10,1,10,0.657894736842105,1,China,CH,CH,,35.0,105.0,CH,1,China,CH,CH,,35.0,105.0,CH,1,China,CH,CH,,35.0,105.0,CH,20191230211500,Fight,Material conflict
895844472,20191230,201912,CHN,CANTON,CHN,,,,,,,,USA,LOUISVILLE,USA,,,,,,,,1,173,173,17,4,-5.0,10,1,10,-12.5698324022347,1,China,CH,CH,,35.0,105.0,CH,1,China,CH,CH,,35.0,105.0,CH,1,China,CH,CH,,35.0,105.0,CH,20191230213000,Coerce,Material conflict
895846969,20191230,201912,CHN,CHINA,CHN,,,,,,,,USA,UNITED STATES,USA,,,,,,,,1,030,030,03,1,4.0,12,2,12,-5.47409733124018,1,China,CH,CH,,35.0,105.0,CH,3,"Washington, District of Columbia, United States",US,USDC,DC001,38.8951,-77.0364,531871,4,"Tehran, Tehran, Iran",IR,IR26,41130,35.75,51.5148,10074674,20191230214500,Express intent to cooperate,Verbal cooperation
895846971,20191230,201912,CHN,CHINESE,CHN,,,,,,,,USA,OKLAHOMA CITY,USA,,,,,,,,1,042,042,04,1,1.9,20,1,10,3.16742081447963,1,China,CH,CH,,35.0,105.0,CH,1,China,CH,CH,,35.0,105.0,CH,1,China,CH,CH,,35.0,105.0,CH,20191230214500,Consult,Verbal cooperation
895846972,20191230,201912,CHN,CHINA,CHN,,,,,,,,USA,UNITED STATES,USA,,,,,,,,1,043,043,04,1,2.8,10,1,10,0.0,4,"Beijing, Beijing, China",CH,CH22,13001,39.9289,116.388,-1898541,4,"Beijing, Beijing, China",CH,CH22,13001,39.9289,116.388,-1898541,4,"Beijing, Beijing, China",CH,CH22,13001,39.9289,116.388,-1898541,20191230214500,Consult,Verbal cooperation
895847826,20191230,201912,USA,UNITED STATES,USA,,,,,,,,CHN,CHINA,CHN,,,,,,,,1,030,030,03,1,4.0,12,2,12,-5.47409733124018,3,"Washington, District of Columbia, United States",US,USDC,DC001,38.8951,-77.0364,531871,1,China,CH,CH,,35.0,105.0,CH,4,"Tehran, Tehran, Iran",IR,IR26,41130,35.75,51.5148,10074674,20191230214500,Express intent to cooperate,Verbal cooperation
895847827,20191230,201912,USA,OKLAHOMA CITY,USA,,,,,,,,CHN,CHINESE,CHN,,,,,,,,1,036,036,03,1,4.0,10,1,10,3.16742081447963,1,China,CH,CH,,35.0,105.0,CH,1,China,CH,CH,,35.0,105.0,CH,1,China,CH,CH,,35.0,105.0,CH,20191230214500,Express intent to cooperate,Verbal cooperation
895847828,20191230,201912,USA,UNITED STATES,USA,,,,,,,,CHN,CHINA,CHN,,,,,,,,1,042,042,04,1,1.9,10,1,10,0.0,1,United States,US,US,,39.828175,-98.5795,US,4,"Beijing, Beijing, China",CH,CH22,13001,39.9289,116.388,-1898541,1,United States,US,US,,39.828175,-98.5795,US,20191230214500,Consult,Verbal cooperation
895847829,20191230,201912,USA,OKLAHOMA CITY,USA,,,,,,,,CHN,CHINESE,CHN,,,,,,,,1,043,043,04,1,2.8,20,1,10,3.16742081447963,1,China,CH,CH,,35.0,105.0,CH,1,China,CH,CH,,35.0,105.0,CH,1,China,CH,CH,,35.0,105.0,CH,20191230214500,Consult,Verbal cooperation
895851710,20191230,201912,USA,UNITED STATES,USA,,,,,,,,CHN,CHINA,CHN,,,,,,,,1,061,061,06,2,6.4,8,1,8,3.0188679245283,2,"Maine, United States",US,USME,,44.6074,-69.3977,ME,4,"Shanghai, Shanghai, China",CH,CH23,13243,31.2222,121.458,-1924465,2,"Maine, United States",US,USME,,44.6074,-69.3977,ME,20191230221500,Engage in material cooperation,Material cooperation
895854467,20191223,201912,USA,UNITED STATES,USA,,,,,,,,CHN,CHINA,CHN,,,,,,,,1,013,013,01,1,0.4,8,1,8,-11.1253196930946,2,"New Jersey, United States",US,USNJ,,40.314,-74.5089,NJ,2,"New Jersey, United States",US,USNJ,,40.314,-74.5089,NJ,2,"New Jersey, United States",US,USNJ,,40.314,-74.5089,NJ,20191230224500,Make public statement,Verbal cooperation
895857817,20191230,201912,CHN,CHINA,CHN,,,,,,,,USA,UNITED STATES,USA,,,,,,,,1,061,061,06,2,6.4,8,1,8,-1.20967741935484,1,China,CH,CH,,35.0,105.0,CH,2,"Texas, United States",US,USTX,,31.106,-97.6475,TX,1,China,CH,CH,,35.0,105.0,CH,20191230231500,Engage in material cooperation,Material cooperation
895858436,20191230,201912,USA,UNITED STATES,USA,,,,,,,,CHN,CHINA,CHN,,,,,,,,1,061,061,06,2,6.4,8,1,8,-1.20967741935484,2,"Texas, United States",US,USTX,,31.106,-97.6475,TX,1,China,CH,CH,,35.0,105.0,CH,1,China,CH,CH,,35.0,105.0,CH,20191230231500,Engage in material cooperation,Material cooperation
895858440,20191230,201912,USA,CHICAGO,USA,,,,,,,,CHN,CHINA,CHN,,,,,,,,1,193,193,19,4,-10.0,10,1,10,-2.56410256410257,2,"Nebraska, United States",US,USNE,,41.1289,-98.2883,NE,2,"Nebraska, United States",US,USNE,,41.1289,-98.2883,NE,2,"Nebraska, United States",US,USNE,,41.1289,-98.2883,NE,20191230231500,Fight,Material conflict
895863561,20191231,201912,CHN,BEIJING,CHN,,,,,,,,USA,WASHINGTON,USA,,,,,,,,1,010,010,01,1,0.0,10,2,10,2.7027027027027,4,"Beijing, Beijing, China",CH,CH22,13001,39.9289,116.388,-1898541,4,"Beijing, Beijing, China",CH,CH22,13001,39.9289,116.388,-1898541,4,"Beijing, Beijing, China",CH,CH22,13001,39.9289,116.388,-1898541,20191231000000,Make public statement,Verbal cooperation
895863564,20191231,201912,CHN,CHINESE,CHN,,,,,,,,USA,WASHINGTON,USA,,,,,,,,1,036,036,03,1,4.0,8,1,8,0.53191489361703,1,Malaysia,MY,MY,,2.5,112.5,MY,1,Malaysia,MY,MY,,2.5,112.5,MY,1,Malaysia,MY,MY,,2.5,112.5,MY,20191231000000,Express intent to cooperate,Verbal cooperation
895863565,20191231,201912,CHN,CHINESE,CHN,,,,,,,,USA,UNITED STATES,USA,,,,,,,,1,057,057,05,1,8.0,6,2,6,2.7027027027027,4,"Beijing, Beijing, China",CH,CH22,13001,39.9289,116.388,-1898541,4,"Beijing, Beijing, China",CH,CH22,13001,39.9289,116.388,-1898541,4,"Beijing, Beijing, China",CH,CH22,13001,39.9289,116.388,-1898541,20191231000000,Engage in diplomatic cooperation,Verbal cooperation
895863567,20191231,201912,CHN,CHINESE,CHN,,,,,,,,USA,WASHINGTON,USA,,,,,,,,1,057,057,05,1,8.0,6,1,6,0.53191489361703,4,"Beijing, Beijing, China",CH,CH22,13001,39.9289,116.388,-1898541,3,"Washington, District of Columbia, United States",US,USDC,DC001,38.8951,-77.0364,531871,3,"Washington, District of Columbia, United States",US,USDC,DC001,38.8951,-77.0364,531871,20191231000000,Engage in diplomatic cooperation,Verbal cooperation
895865595,20191231,201912,USA,UNITED STATES,USA,,,,,,,,CHN,CHINESE,CHN,,,,,,,,1,057,057,05,1,8.0,10,3,10,1.4002300172513,3,"Washington, District of Columbia, United States",US,USDC,DC001,38.8951,-77.0364,531871,4,"Beijing, Beijing, China",CH,CH22,13001,39.9289,116.388,-1898541,3,"Washington, District of Columbia, United States",US,USDC,DC001,38.8951,-77.0364,531871,20191231000000,Engage in diplomatic cooperation,Verbal cooperation
895867639,20191231,201912,CHN,CHINA,CHN,,,,,,,,USA,UNITED STATES,USA,,,,,,,,1,085,085,08,2,7.0,8,1,8,-5.47445255474452,1,China,CH,CH,,35.0,105.0,CH,3,"Washington, District of Columbia, United States",US,USDC,DC001,38.8951,-77.0364,531871,3,"Washington, District of Columbia, United States",US,USDC,DC001,38.8951,-77.0364,531871,20191231001500,Yield,Material cooperation
895870205,20191224,201912,USAGOV,THE WHITE HOUSE,USA,,,,,GOV,,,CHN,CHINESE,CHN,,,,,,,,1,124,124,12,3,-4.0,6,1,6,1.74081237911026,3,"White House, District of Columbia, United States",US,USDC,,38.8951,-77.0364,531871,4,"Beijing, Beijing, China",CH,CH22,13001,39.9289,116.388,-1898541,3,"White House, District of Columbia, United States",US,USDC,,38.8951,-77.0364,531871,20191231003000,Reject,Verbal conflict
895872617,20191231,201912,USA,UNITED STATES,USA,,,,,,,,CHN,CHINA,CHN,,,,,,,,1,061,061,06,2,6.4,8,1,8,2.57510729613734,1,United States,US,US,,39.828175,-98.5795,US,4,"Shanghai, Shanghai, China",CH,CH23,13243,31.2222,121.458,-1924465,1,United States,US,US,,39.828175,-98.5795,US,20191231003000,Engage in material cooperation,Material cooperation
895872907,20191231,201912,USABUS,MISSISSIPPI,USA,,,,,BUS,,,CHN,CHINA,CHN,,,,,,,,1,112,112,11,3,-2.0,6,1,6,-1.31147540983607,1,China,CH,CH,,35.0,105.0,CH,1,China,CH,CH,,35.0,105.0,CH,1,China,CH,CH,,35.0,105.0,CH,20191231003000,Disapprove,Verbal conflict
895874179,20191231,201912,CHN,CHINESE,CHN,,,,,,,,USA,WASHINGTON,USA,,,,,,,,1,036,036,03,1,4.0,10,1,10,-2.26700251889169,3,"Washington, District of Columbia, United States",US,USDC,DC001,38.8951,-77.0364,531871,3,"Washington, District of Columbia, United States",US,USDC,DC001,38.8951,-77.0364,531871,3,"Washington, District of Columbia, United States",US,USDC,DC001,38.8951,-77.0364,531871,20191231004500,Express intent to cooperate,Verbal cooperation
895874181,20191231,201912,CHN,CHINESE,CHN,,,,,,,,USA,WASHINGTON,USA,,,,,,,,1,057,057,05,1,8.0,6,1,6,-2.26700251889169,3,"Washington, District of Columbia, United States",US,USDC,DC001,38.8951,-77.0364,531871,3,"Washington, District of Columbia, United States",US,USDC,DC001,38.8951,-77.0364,531871,3,"Washington, District of Columbia, United States",US,USDC,DC001,38.8951,-77.0364,531871,20191231004500,Engage in diplomatic cooperation,Verbal cooperation
895875632,20191231,201912,USA,UNITED STATES,USA,,,,,,,,CHN,CHINA,CHN,,,,,,,,1,061,061,06,2,6.4,8,1,8,4.1522491349481,2,"Indiana, United States",US,USIN,,39.8647,-86.2604,IN,4,"Shanghai, Shanghai, China",CH,CH23,13243,31.2222,121.458,-1924465,2,"Indiana, United States",US,USIN,,39.8647,-86.2604,IN,20191231004500,Engage in material cooperation,Material cooperation
895875634,20191231,201912,USA,CHICAGO,USA,,,,,,,,CHN,CHINA,CHN,,,,,,,,1,193,193,19,4,-10.0,10,1,10,-2.26700251889169,2,"Nebraska, United States",US,USNE,,41.1289,-98.2883,NE,2,"Nebraska, United States",US,USNE,,41.1289,-98.2883,NE,2,"Nebraska, United States",US,USNE,,41.1289,-98.2883,NE,20191231004500,Fight,Material conflict
895881648,20191231,201912,CHN,CANTON,CHN,,,,,,,,USA,LOUISVILLE,USA,,,,,,,,1,173,173,17,4,-5.0,10,1,10,-12.094395280236,1,China,CH,CH,,35.0,105.0,CH,1,China,CH,CH,,35.0,105.0,CH,1,China,CH,CH,,35.0,105.0,CH,20191231013000,Coerce,Material conflict
895883366,20191231,201912,CHN,CHINA,CHN,,,,,,,,USA,WASHINGTON,USA,,,,,,,,1,036,036,03,1,4.0,10,1,10,1.36986301369863,4,"Beijing, Beijing, China",CH,CH22,13001,39.9289,116.388,-1898541,3,"Washington, District of Columbia, United States",US,USDC,DC001,38.8951,-77.0364,531871,3,"Washington, District of Columbia, United States",US,USDC,DC001,38.8951,-77.0364,531871,20191231014500,Express intent to cooperate,Verbal cooperation
895889260,20191231,201912,CHN,CHINESE,CHN,,,,,,,,USA,OKLAHOMA CITY,USA,,,,,,,,1,036,036,03,1,4.0,10,1,10,3.16742081447963,1,China,CH,CH,,35.0,105.0,CH,1,China,CH,CH,,35.0,105.0,CH,1,China,CH,CH,,35.0,105.0,CH,20191231023000,Express intent to cooperate,Verbal cooperation
895889262,20191231,201912,CHN,CHINESE,CHN,,,,,,,,USA,OKLAHOMA CITY,USA,,,,,,,,1,042,042,04,1,1.9,22,2,12,2.57275113661904,1,China,CH,CH,,35.0,105.0,CH,1,China,CH,CH,,35.0,105.0,CH,1,China,CH,CH,,35.0,105.0,CH,20191231023000,Consult,Verbal cooperation
895889931,20191231,201912,USA,OKLAHOMA CITY,USA,,,,,,,,CHN,CHINESE,CHN,,,,,,,,1,036,036,03,1,4.0,10,1,10,3.16742081447963,1,China,CH,CH,,35.0,105.0,CH,1,China,CH,CH,,35.0,105.0,CH,1,China,CH,CH,,35.0,105.0,CH,20191231023000,Express intent to cooperate,Verbal cooperation
895889935,20191231,201912,USA,OKLAHOMA CITY,USA,,,,,,,,CHN,CHINESE,CHN,,,,,,,,1,043,043,04,1,2.8,22,2,12,2.57275113661904,1,China,CH,CH,,35.0,105.0,CH,1,China,CH,CH,,35.0,105.0,CH,1,China,CH,CH,,35.0,105.0,CH,20191231023000,Consult,Verbal cooperation
895890037,20191231,201912,USAGOV,THE US,USA,,,,,GOV,,,CHNEDU,CHINESE,CHN,,,,,EDU,,,1,170,170,17,4,-7.0,6,1,6,-3.37394564198688,1,China,CH,CH,,35.0,105.0,CH,1,China,CH,CH,,35.0,105.0,CH,3,"Boston, Massachusetts, United States",US,USMA,MA025,42.3584,-71.0598,617565,20191231023000,Coerce,Material conflict
895890050,20191231,201912,USAJUD,BOSTON,USA,,,,,JUD,,,CHN,CHINA,CHN,,,,,,,,1,020,020,02,1,3.0,6,1,6,-3.37394564198688,3,"Boston, Massachusetts, United States",US,USMA,MA025,42.3584,-71.0598,617565,1,China,CH,CH,,35.0,105.0,CH,3,"Boston, Massachusetts, United States",US,USMA,MA025,42.3584,-71.0598,617565,20191231023000,Appeal,Verbal cooperation
895891570,20191231,201912,USA,UNITED STATES,USA,,,,,,,,CHN,CHINA,CHN,,,,,,,,1,020,020,02,1,3.0,6,3,6,1.86199045782706,4,"Beijing, Beijing, China",CH,CH22,13001,39.9289,116.388,-1898541,4,"Beijing, Beijing, China",CH,CH22,13001,39.9289,116.388,-1898541,4,"Beijing, Beijing, China",CH,CH22,13001,39.9289,116.388,-1898541,20191231024500,Appeal,Verbal cooperation
895893186,20191231,201912,CHN,CHINESE,CHN,,,,,,,,MNCUSA,COSTCO,USA,,,,,MNC,,,1,042,042,04,1,1.9,10,1,10,-0.18966334755808,4,"Shanghai, Shanghai, China",CH,CH23,13243,31.2222,121.458,-1924465,4,"Shanghai, Shanghai, China",CH,CH23,13243,31.2222,121.458,-1924465,4,"Shanghai, Shanghai, China",CH,CH23,13243,31.2222,121.458,-1924465,20191231030000,Consult,Verbal cooperation
895893199,20191231,201912,CHN,CHINA,CHN,,,,,,,,USA,UNITED STATES,USA,,,,,,,,1,012,012,01,1,-0.4,20,1,20,-1.6865236660702,4,"Beijing, Beijing, China",CH,CH22,13001,39.9289,116.388,-1898541,4,"Beijing, Beijing, China",CH,CH22,13001,39.9289,116.388,-1898541,4,"Beijing, Beijing, China",CH,CH22,13001,39.9289,116.388,-1898541,20191231030000,Make public statement,Verbal cooperation
895893200,20191231,201912,CHN,CHINA,CHN,,,,,,,,USA,UNITED STATES,USA,,,,,,,,1,012,012,01,1,-0.4,8,1,8,-3.34261838440112,4,"Shenzhen, Guangdong, China",CH,CH30,13036,22.2,111.117,-1925267,4,"Shenzhen, Guangdong, China",CH,CH30,13036,22.2,111.117,-1925267,1,North Korea,KN,KN,,40.0,127.0,KN,20191231030000,Make public statement,Verbal cooperation
895893203,20191231,201912,CHN,CHINA,CHN,,,,,,,,USA,THE US,USA,,,,,,,,1,020,020,02,1,3.0,10,1,10,1.62962962962963,4,"Shenzhen, Guangdong, China",CH,CH30,13036,22.2,111.117,-1925267,4,"Shenzhen, Guangdong, China",CH,CH30,13036,22.2,111.117,-1925267,4,"Shenzhen, Guangdong, China",CH,CH30,13036,22.2,111.117,-1925267,20191231030000,Appeal,Verbal cooperation
895893875,20191231,201912,MNCUSA,COSTCO,USA,,,,,MNC,,,CHN,CHINESE,CHN,,,,,,,,1,043,043,04,1,2.8,10,1,10,-0.18966334755808,4,"Shanghai, Shanghai, China",CH,CH23,13243,31.2222,121.458,-1924465,4,"Shanghai, Shanghai, China",CH,CH23,13243,31.2222,121.458,-1924465,4,"Shanghai, Shanghai, China",CH,CH23,13243,31.2222,121.458,-1924465,20191231030000,Consult,Verbal cooperation
895894191,20191231,201912,USA,PENNSYLVANIA,USA,,,,,,,,CHN,CANTON,CHN,,,,,,,,1,173,173,17,4,-5.0,10,1,10,-16.1016949152543,1,China,CH,CH,,35.0,105.0,CH,1,China,CH,CH,,35.0,105.0,CH,1,China,CH,CH,,35.0,105.0,CH,20191231030000,Coerce,Material conflict
895894674,20191231,201912,CHN,CHINESE,CHN,,,,,,,,MNCUSA,MICROSOFT,USA,,,,,MNC,,,1,090,090,09,2,-2.0,10,1,10,3.34821428571428,1,China,CH,CH,,35.0,105.0,CH,1,China,CH,CH,,35.0,105.0,CH,1,China,CH,CH,,35.0,105.0,CH,20191231031500,Investigate,Material cooperation
895894675,20191231,201912,CHN,CHINESE,CHN,,,,,,,,MNCUSAMED,GOOGLE,USA,,,,,MNC,MED,,1,051,051,05,1,3.4,7,1,7,3.34821428571428,1,China,CH,CH,,35.0,105.0,CH,1,China,CH,CH,,35.0,105.0,CH,1,China,CH,CH,,35.0,105.0,CH,20191231031500,Engage in diplomatic cooperation,Verbal cooperation
895894676,20191231,201912,CHN,CHINESE,CHN,,,,,,,,MNCUSAMED,GOOGLE,USA,,,,,MNC,MED,,1,090,090,09,2,-2.0,10,1,10,3.34821428571428,1,China,CH,CH,,35.0,105.0,CH,1,China,CH,CH,,35.0,105.0,CH,1,China,CH,CH,,35.0,105.0,CH,20191231031500,Investigate,Material cooperation
895894677,20191231,201912,CHN,CHINESE,CHN,,,,,,,,MNCUSAMED,GOOGLE,USA,,,,,MNC,MED,,1,110,110,11,3,-2.0,7,1,7,3.34821428571428,1,China,CH,CH,,35.0,105.0,CH,1,China,CH,CH,,35.0,105.0,CH,1,China,CH,CH,,35.0,105.0,CH,20191231031500,Disapprove,Verbal conflict
895899987,20191231,201912,CHN,CHINA,CHN,,,,,,,,USA,THE US,USA,,,,,,,,1,036,036,03,1,4.0,10,1,10,2.44755244755244,4,"Beijing, Beijing, China",CH,CH22,13001,39.9289,116.388,-1898541,4,"Beijing, Beijing, China",CH,CH22,13001,39.9289,116.388,-1898541,4,"Beijing, Beijing, China",CH,CH22,13001,39.9289,116.388,-1898541,20191231040000,Express intent to cooperate,Verbal cooperation
895901151,20191231,201912,CHN,XINJIANG,CHN,,,,,,,,USA,NEW YORK,USA,,,,,,,,1,043,043,04,1,2.8,6,2,6,-1.36008632206351,2,"New York, United States",US,USNY,,42.1497,-74.9384,NY,2,"New York, United States",US,USNY,,42.1497,-74.9384,NY,2,"New York, United States",US,USNY,,42.1497,-74.9384,NY,20191231041500,Consult,Verbal cooperation
895901818,20191231,201912,USA,NEW YORK,USA,,,,,,,,CHN,XINJIANG,CHN,,,,,,,,1,042,042,04,1,1.9,6,2,6,-1.36008632206351,2,"New York, United States",US,USNY,,42.1497,-74.9384,NY,2,"New York, United States",US,USNY,,42.1497,-74.9384,NY,2,"New York, United States",US,USNY,,42.1497,-74.9384,NY,20191231041500,Consult,Verbal cooperation
895901822,20191231,201912,USA,UNITED STATES,USA,,,,,,,,CHN,CHINA,CHN,,,,,,,,1,111,111,11,3,-2.0,6,1,6,-6.42857142857143,3,"Washington, District of Columbia, United States",US,USDC,DC001,38.8951,-77.0364,531871,1,China,CH,CH,,35.0,105.0,CH,1,China,CH,CH,,35.0,105.0,CH,20191231041500,Disapprove,Verbal conflict
895902636,20191231,201912,CHN,BEIJING,CHN,,,,,,,,USA,WASHINGTON,USA,,,,,,,,1,0311,031,03,1,5.2,8,1,8,0.35460992907801,4,"Beijing, Beijing, China",CH,CH22,13001,39.9289,116.388,-1898541,3,"Washington, District of Columbia, United States",US,USDC,DC001,38.8951,-77.0364,531871,3,"Washington, District of Columbia, United States",US,USDC,DC001,38.8951,-77.0364,531871,20191231043000,Express intent to cooperate,Verbal cooperation
895902637,20191231,201912,CHN,BEIJING,CHN,,,,,,,,USA,WASHINGTON,USA,,,,,,,,1,042,042,04,1,1.9,6,1,6,0.35460992907801,4,"Beijing, Beijing, China",CH,CH22,13001,39.9289,116.388,-1898541,3,"Washington, District of Columbia, United States",US,USDC,DC001,38.8951,-77.0364,531871,3,"Washington, District of Columbia, United States",US,USDC,DC001,38.8951,-77.0364,531871,20191231043000,Consult,Verbal cooperation
895903261,20191231,201912,USA,WASHINGTON,USA,,,,,,,,CHN,BEIJING,CHN,,,,,,,,1,0311,031,03,1,5.2,8,1,8,0.35460992907801,3,"Washington, District of Columbia, United States",US,USDC,DC001,38.8951,-77.0364,531871,4,"Beijing, Beijing, China",CH,CH22,13001,39.9289,116.388,-1898541,3,"Washington, District of Columbia, United States",US,USDC,DC001,38.8951,-77.0364,531871,20191231043000,Express intent to cooperate,Verbal cooperation
895903262,20191231,201912,USA,WASHINGTON,USA,,,,,,,,CHN,BEIJING,CHN,,,,,,,,1,043,043,04,1,2.8,6,1,6,0.35460992907801,3,"Washington, District of Columbia, United States",US,USDC,DC001,38.8951,-77.0364,531871,4,"Beijing, Beijing, China",CH,CH22,13001,39.9289,116.388,-1898541,3,"Washington, District of Columbia, United States",US,USDC,DC001,38.8951,-77.0364,531871,20191231043000,Consult,Verbal cooperation
895906780,20191231,201912,USA,THE US,USA,,,,,,,,CHN,CHINA,CHN,,,,,,,,1,013,013,01,1,0.4,10,1,10,1.31147540983607,4,"Xinjiang, Jiangxi, China",CH,CH03,13167,27.7481,116.274,11065838,4,"Xinjiang, Jiangxi, China",CH,CH03,13167,27.7481,116.274,11065838,4,"Xinjiang, Jiangxi, China",CH,CH03,13167,27.7481,116.274,11065838,20191231050000,Make public statement,Verbal cooperation
895907207,20191231,201912,CHN,CHINA,CHN,,,,,,,,USA,NORTH CAROLINA,USA,,,,,,,,1,043,043,04,1,2.8,8,1,8,1.46627565982404,4,"Jung Chang, Chongqing, China",CH,CH33,13003,29.4039,105.587,-1900103,2,"North Carolina, United States",US,USNC,,35.6411,-79.8431,NC,4,"Jung Chang, Chongqing, China",CH,CH33,13003,29.4039,105.587,-1900103,20191231051500,Consult,Verbal cooperation
895907904,20191231,201912,USA,NORTH CAROLINA,USA,,,,,,,,CHN,CHINA,CHN,,,,,,,,1,042,042,04,1,1.9,8,1,8,1.46627565982404,2,"North Carolina, United States",US,USNC,,35.6411,-79.8431,NC,4,"Jung Chang, Chongqing, China",CH,CH33,13003,29.4039,105.587,-1900103,4,"Jung Chang, Chongqing, China",CH,CH33,13003,29.4039,105.587,-1900103,20191231051500,Consult,Verbal cooperation
895909894,20191231,201912,USA,UNITED STATES,USA,,,,,,,,CHN,CHINA,CHN,,,,,,,,1,012,012,01,1,-0.4,8,1,8,-2.36686390532544,3,"Washington, District of Columbia, United States",US,USDC,DC001,38.8951,-77.0364,531871,1,China,CH,CH,,35.0,105.0,CH,1,Russia,RS,RS,,60.0,100.0,RS,20191231053000,Make public statement,Verbal cooperation
895912023,20191231,201912,CHN,BEIJING,CHN,,,,,,,,USA,UNITED STATES,USA,,,,,,,,1,163,163,16,4,-8.0,6,1,6,-4.08805031446541,4,"Beijing, Beijing, China",CH,CH22,13001,39.9289,116.388,-1898541,3,"Washington, District of Columbia, United States",US,USDC,DC001,38.8951,-77.0364,531871,3,"Washington, District of Columbia, United States",US,USDC,DC001,38.8951,-77.0364,531871,20191231060000,Reduce relations,Material conflict
895912027,20191231,201912,CHN,CHINA,CHN,,,,,,,,USAEDU,DENVER,USA,,,,,EDU,,,1,186,186,18,4,-10.0,8,1,8,-1.34228187919464,4,"Pyongyang, P'yongyang-si, North Korea",KN,KN12,39681,39.0194,125.755,-183459,1,Indonesia,ID,ID,,-5.0,120.0,ID,4,"Pyongyang, P'yongyang-si, North Korea",KN,KN12,39681,39.0194,125.755,-183459,20191231060000,Assault,Material conflict
895913992,20191231,201912,CHN,CHINA,CHN,,,,,,,,USA,WASHINGTON,USA,,,,,,,,1,046,046,04,1,7.0,6,1,6,-0.40899795501022,1,Thailand,TH,TH,,15.0,100.0,TH,1,Thailand,TH,TH,,15.0,100.0,TH,1,Thailand,TH,TH,,15.0,100.0,TH,20191231061500,Consult,Verbal cooperation
895916633,20191231,201912,USA,THE US,USA,,,,,,,,CHN,CHINA,CHN,,,,,,,,1,100,100,10,3,-5.0,10,1,10,0.98684210526316,1,Japan,JA,JA,,36.0,138.0,JA,1,Japan,JA,JA,,36.0,138.0,JA,1,Japan,JA,JA,,36.0,138.0,JA,20191231063000,Demand,Verbal conflict
895917097,20191231,201912,CHN,CHINA,CHN,,,,,,,,USA,WASHINGTON,USA,,,,,,,,1,013,013,01,1,0.4,10,1,10,1.44230769230769,4,"Beijing, Beijing, China",CH,CH22,13001,39.9289,116.388,-1898541,4,"Beijing, Beijing, China",CH,CH22,13001,39.9289,116.388,-1898541,4,"Beijing, Beijing, China",CH,CH22,13001,39.9289,116.388,-1898541,20191231064500,Make public statement,Verbal cooperation
895920574,20191231,201912,CHN,BEIJING,CHN,,,,,,,,USA,AMERICAN,USA,,,,,,,,1,111,111,11,3,-2.0,38,4,38,-4.50651673696459,4,"Beijing, Beijing, China",CH,CH22,13001,39.9289,116.388,-1898541,3,"Washington, District of Columbia, United States",US,USDC,DC001,38.8951,-77.0364,531871,3,"Washington, District of Columbia, United States",US,USDC,DC001,38.8951,-77.0364,531871,20191231071500,Disapprove,Verbal conflict
895922298,20191231,201912,CHNGOV,CHINA,CHN,,,,,GOV,,,USA,AMERICAN,USA,,,,,,,,1,111,111,11,3,-2.0,10,1,10,-4.70914127423823,4,"Xinjiang, Jiangxi, China",CH,CH03,13167,27.7481,116.274,11065838,3,"Washington, District of Columbia, United States",US,USDC,DC001,38.8951,-77.0364,531871,3,"Washington, District of Columbia, United States",US,USDC,DC001,38.8951,-77.0364,531871,20191231073000,Disapprove,Verbal conflict
895923927,20191231,201912,CHN,BEIJING,CHN,,,,,,,,USA,AMERICAN,USA,,,,,,,,1,111,111,11,3,-2.0,10,1,10,-1.37457044673539,4,"Beijing, Beijing, China",CH,CH22,13001,39.9289,116.388,-1898541,1,United States,US,US,,39.828175,-98.5795,US,1,United States,US,US,,39.828175,-98.5795,US,20191231074500,Disapprove,Verbal conflict
895925653,20191231,201912,CHN,CHINA,CHN,,,,,,,,USA,WASHINGTON,USA,,,,,,,,1,042,042,04,1,1.9,10,1,10,-0.740740740740739,3,"White House, District of Columbia, United States",US,USDC,,38.8951,-77.0364,531871,1,China,CH,CH,,35.0,105.0,CH,3,"White House, District of Columbia, United States",US,USDC,,38.8951,-77.0364,531871,20191231080000,Consult,Verbal cooperation
895926413,20191231,201912,USA,WASHINGTON,USA,,,,,,,,CHN,CHINA,CHN,,,,,,,,1,043,043,04,1,2.8,20,2,20,-0.370370370370369,3,"Washington, District of Columbia, United States",US,USDC,DC001,38.8951,-77.0364,531871,1,China,CH,CH,,35.0,105.0,CH,3,"Washington, District of Columbia, United States",US,USDC,DC001,38.8951,-77.0364,531871,20191231080000,Consult,Verbal cooperation
895928223,20191231,201912,USA,CHICAGO,USA,,,,,,,,CHNOPP,TIBET,CHN,,,,,OPP,,,1,051,051,05,1,3.4,10,1,10,0.0,3,"Chicago, Illinois, United States",US,USIL,IL031,41.85,-87.6501,423587,3,"Chicago, Illinois, United States",US,USIL,IL031,41.85,-87.6501,423587,3,"Chicago, Illinois, United States",US,USIL,IL031,41.85,-87.6501,423587,20191231081500,Engage in diplomatic cooperation,Verbal cooperation
895928224,20191231,201912,USA,CHICAGO,USA,,,,,,,,CHNOPP,TIBET,CHN,,,,,OPP,,,1,141,141,14,3,-6.5,10,1,10,0.0,3,"Chicago, Illinois, United States",US,USIL,IL031,41.85,-87.6501,423587,3,"Chicago, Illinois, United States",US,USIL,IL031,41.85,-87.6501,423587,3,"Chicago, Illinois, United States",US,USIL,IL031,41.85,-87.6501,423587,20191231081500,Protest,Verbal conflict
895931004,20191231,201912,CHN,CHINA,CHN,,,,,,,,MNCUSAMED,GOOGLE,USA,,,,,MNC,MED,,1,172,172,17,4,-5.0,10,1,10,-0.57142857142858,4,"Beijing, Beijing, China",CH,CH22,13001,39.9289,116.388,-1898541,4,"Beijing, Beijing, China",CH,CH22,13001,39.9289,116.388,-1898541,4,"Beijing, Beijing, China",CH,CH22,13001,39.9289,116.388,-1898541,20191231084500,Coerce,Material conflict
895931016,20191231,201912,CHN,CHINESE,CHN,,,,,,,,USA,WASHINGTON,USA,,,,,,,,1,040,040,04,1,1.0,6,1,6,1.35135135135135,4,"Beijing, Beijing, China",CH,CH22,13001,39.9289,116.388,-1898541,4,"Beijing, Beijing, China",CH,CH22,13001,39.9289,116.388,-1898541,4,"Beijing, Beijing, China",CH,CH22,13001,39.9289,116.388,-1898541,20191231084500,Consult,Verbal cooperation
895931642,20191231,201912,USA,WASHINGTON,USA,,,,,,,,CHN,CHINESE,CHN,,,,,,,,1,040,040,04,1,1.0,10,1,10,1.35135135135135,3,"Washington, District of Columbia, United States",US,USDC,DC001,38.8951,-77.0364,531871,4,"Beijing, Beijing, China",CH,CH22,13001,39.9289,116.388,-1898541,3,"Washington, District of Columbia, United States",US,USDC,DC001,38.8951,-77.0364,531871,20191231084500,Consult,Verbal cooperation
895934375,20191231,201912,CHN,CHINESE,CHN,,,,,,,,USA,WASHINGTON,USA,,,,,,,,1,036,036,03,1,4.0,10,1,10,1.90217391304348,1,United Kingdom,UK,UK,,54.0,-4.0,UK,1,United Kingdom,UK,UK,,54.0,-4.0,UK,1,United Kingdom,UK,UK,,54.0,-4.0,UK,20191231091500,Express intent to cooperate,Verbal cooperation
895934376,20191231,201912,CHN,CHINESE,CHN,,,,,,,,USA,WASHINGTON,USA,,,,,,,,1,057,057,05,1,8.0,8,1,8,1.90217391304348,1,China,CH,CH,,35.0,105.0,CH,3,"Washington, District of Columbia, United States",US,USDC,DC001,38.8951,-77.0364,531871,3,"Washington, District of Columbia, United States",US,USDC,DC001,38.8951,-77.0364,531871,20191231091500,Engage in diplomatic cooperation,Verbal cooperation
895935324,20191231,201912,USA,WASHINGTON,USA,,,,,,,,CHN,CHINESE,CHN,,,,,,,,1,057,057,05,1,8.0,8,1,8,1.90217391304348,3,"Washington, District of Columbia, United States",US,USDC,DC001,38.8951,-77.0364,531871,1,China,CH,CH,,35.0,105.0,CH,3,"Washington, District of Columbia, United States",US,USDC,DC001,38.8951,-77.0364,531871,20191231091500,Engage in diplomatic cooperation,Verbal cooperation
895938515,20191231,201912,CHN,CHINA,CHN,,,,,,,,USAEDU,DENVER,USA,,,,,EDU,,,1,186,186,18,4,-10.0,10,1,10,-0.86580086580086,4,"Beijing, Beijing, China",CH,CH22,13001,39.9289,116.388,-1898541,4,"Beijing, Beijing, China",CH,CH22,13001,39.9289,116.388,-1898541,4,"Beijing, Beijing, China",CH,CH22,13001,39.9289,116.388,-1898541,20191231094500,Assault,Material conflict
895938516,20191231,201912,CHN,CHINESE,CHN,,,,,,,,USAMIL,UNITED STATES,USA,,,,,MIL,,,1,172,172,17,4,-5.0,10,1,10,-4.94505494505494,1,United States,US,US,,39.828175,-98.5795,US,1,United States,US,US,,39.828175,-98.5795,US,1,United States,US,US,,39.828175,-98.5795,US,20191231094500,Coerce,Material conflict
895939127,20191231,201912,USA,WASHINGTON,USA,,,,,,,,CHN,BEIJING,CHN,,,,,,,,1,030,030,03,1,4.0,8,1,8,-1.92307692307693,4,"Beijing, Beijing, China",CH,CH22,13001,39.9289,116.388,-1898541,4,"Beijing, Beijing, China",CH,CH22,13001,39.9289,116.388,-1898541,4,"Beijing, Beijing, China",CH,CH22,13001,39.9289,116.388,-1898541,20191231094500,Express intent to cooperate,Verbal cooperation
895939130,20191231,201912,USA,UNITED STATES,USA,,,,,,,,CHN,CHINA,CHN,,,,,,,,1,061,061,06,2,6.4,8,1,8,-1.24223602484472,1,China,CH,CH,,35.0,105.0,CH,1,China,CH,CH,,35.0,105.0,CH,1,China,CH,CH,,35.0,105.0,CH,20191231094500,Engage in material cooperation,Material cooperation
895940840,20191231,201912,USA,SAN FRANCISCO,USA,,,,,,,,CHN,CHINA,CHN,,,,,,,,1,111,111,11,3,-2.0,8,1,8,0.775193798449612,4,"Xiaomi, Fujian, China",CH,CH07,13163,25.2225,116.057,10999868,4,"Xiaomi, Fujian, China",CH,CH07,13163,25.2225,116.057,10999868,4,"Xiaomi, Fujian, China",CH,CH07,13163,25.2225,116.057,10999868,20191231100000,Disapprove,Verbal conflict
895943563,20191231,201912,CHN,CHINA,CHN,,,,,,,,USA,UNITED STATES,USA,,,,,,,,1,020,020,02,1,3.0,10,1,10,-0.58394160583942,4,"Beijing, Beijing, China",CH,CH22,13001,39.9289,116.388,-1898541,4,"Beijing, Beijing, China",CH,CH22,13001,39.9289,116.388,-1898541,4,"Beijing, Beijing, China",CH,CH22,13001,39.9289,116.388,-1898541,20191231103000,Appeal,Verbal cooperation
895943565,20191231,201912,CHNCVL,CHINESE,CHN,,,,,CVL,,,USA,UNITED STATES,USA,,,,,,,,1,042,042,04,1,1.9,6,1,6,1.49253731343284,1,United States,US,US,,39.828175,-98.5795,US,1,China,CH,CH,,35.0,105.0,CH,1,United States,US,US,,39.828175,-98.5795,US,20191231103000,Consult,Verbal cooperation
895947806,20191231,201912,CHNGOV,CHINA,CHN,,,,,GOV,,,USA,AMERICAN,USA,,,,,,,,1,111,111,11,3,-2.0,8,1,8,-6.18556701030928,1,China,CH,CH,,35.0,105.0,CH,3,"Washington, District of Columbia, United States",US,USDC,DC001,38.8951,-77.0364,531871,3,"Washington, District of Columbia, United States",US,USDC,DC001,38.8951,-77.0364,531871,20191231110000,Disapprove,Verbal conflict
895949951,20191231,201912,CHN,CHINA,CHN,,,,,,,,USA,UNITED STATES,USA,,,,,,,,1,020,020,02,1,3.0,10,1,10,-2.4390243902439,4,"Sichuan, Gansu, China",CH,CH15,13024,35.1221,105.48,10650455,4,"Sichuan, Gansu, China",CH,CH15,13024,35.1221,105.48,10650455,4,"Sichuan, Gansu, China",CH,CH15,13024,35.1221,105.48,10650455,20191231111500,Appeal,Verbal cooperation
895949953,20191231,201912,CHN,CHINA,CHN,,,,,,,,USA,UNITED STATES,USA,,,,,,,,1,040,040,04,1,1.0,6,1,6,1.70940170940171,1,China,CH,CH,,35.0,105.0,CH,1,United States,US,US,,39.828175,-98.5795,US,1,China,CH,CH,,35.0,105.0,CH,20191231111500,Consult,Verbal cooperation
895951063,20191231,201912,USA,UNITED STATES,USA,,,,,,,,CHN,CHINA,CHN,,,,,,,,1,040,040,04,1,1.0,7,1,7,1.70940170940171,1,United States,US,US,,39.828175,-98.5795,US,1,United States,US,US,,39.828175,-98.5795,US,1,United States,US,US,,39.828175,-98.5795,US,20191231111500,Consult,Verbal cooperation
895951065,20191231,201912,USA,THE US,USA,,,,,,,,CHNCVL,CHINESE,CHN,,,,,CVL,,,1,112,112,11,3,-2.0,6,1,6,-3.88349514563107,1,Netherlands,NL,NL,,52.5,5.75,NL,1,Netherlands,NL,NL,,52.5,5.75,NL,1,Netherlands,NL,NL,,52.5,5.75,NL,20191231111500,Disapprove,Verbal conflict
895952507,20191231,201912,CHN,CHINA,CHN,,,,,,,,USA,THE US,USA,,,,,,,,1,190,190,19,4,-10.0,20,2,20,-0.280918825506795,4,"Qingdao, Shandong, China",CH,CH25,13226,36.0986,120.372,-1922199,4,"Qingdao, Shandong, China",CH,CH25,13226,36.0986,120.372,-1922199,4,"Qingdao, Shandong, China",CH,CH25,13226,36.0986,120.372,-1922199,20191231113000,Fight,Material conflict
895953656,20191231,201912,USA,THE US,USA,,,,,,,,CHN,CHINA,CHN,,,,,,,,1,190,190,19,4,-10.0,20,2,20,-0.280918825506795,4,"Changxin, Zhejiang, China",CH,CH02,13322,30.7807,121.102,10859994,4,"Changxin, Zhejiang, China",CH,CH02,13322,30.7807,121.102,10859994,4,"Changxin, Zhejiang, China",CH,CH02,13322,30.7807,121.102,10859994,20191231113000,Fight,Material conflict
895954935,20191231,201912,CHN,CHINA,CHN,,,,,,,,USAGOV,THE US,USA,,,,,GOV,,,1,110,110,11,3,-2.0,6,1,6,-1.82648401826484,1,China,CH,CH,,35.0,105.0,CH,1,China,CH,CH,,35.0,105.0,CH,1,China,CH,CH,,35.0,105.0,CH,20191231114500,Disapprove,Verbal conflict
895962022,20191231,201912,USA,THE US,USA,,,,,,,,CHN,CHINA,CHN,,,,,,,,1,020,020,02,1,3.0,10,1,10,-3.49563046192259,1,China,CH,CH,,35.0,105.0,CH,1,China,CH,CH,,35.0,105.0,CH,1,China,CH,CH,,35.0,105.0,CH,20191231123000,Appeal,Verbal cooperation
895962023,20191231,201912,USA,THE US,USA,,,,,,,,CHN,CHINA,CHN,,,,,,,,1,130,130,13,3,-4.4,10,1,10,-3.49563046192259,1,China,CH,CH,,35.0,105.0,CH,1,China,CH,CH,,35.0,105.0,CH,1,China,CH,CH,,35.0,105.0,CH,20191231123000,Threaten,Verbal conflict
895963262,20191231,201912,CHN,ZHUHAI,CHN,,,,,,,,USA,TEXAS,USA,,,,,,,,1,046,046,04,1,7.0,10,1,10,2.41448692152917,1,China,CH,CH,,35.0,105.0,CH,2,"Texas, United States",US,USTX,,31.106,-97.6475,TX,2,"Texas, United States",US,USTX,,31.106,-97.6475,TX,20191231124500,Consult,Verbal cooperation
895964312,20191231,201912,USA,TEXAS,USA,,,,,,,,CHN,ZHUHAI,CHN,,,,,,,,1,046,046,04,1,7.0,10,1,10,2.41448692152917,1,Kuwait,KU,KU,,29.5,47.75,KU,1,Kuwait,KU,KU,,29.5,47.75,KU,1,Kuwait,KU,KU,,29.5,47.75,KU,20191231124500,Consult,Verbal cooperation
895968419,20191231,201912,USASPY,THE US,USA,,,,,SPY,,,CHN,CHINA,CHN,,,,,,,,1,071,071,07,2,7.4,20,2,20,-1.35135135135135,1,China,CH,CH,,35.0,105.0,CH,1,China,CH,CH,,35.0,105.0,CH,1,China,CH,CH,,35.0,105.0,CH,20191231131500,Provide aid,Material cooperation
895968420,20191231,201912,USASPY,THE US,USA,,,,,SPY,,,CHN,CHINA,CHN,,,,,,,,1,112,112,11,3,-2.0,20,2,20,-1.35135135135135,1,China,CH,CH,,35.0,105.0,CH,1,China,CH,CH,,35.0,105.0,CH,1,China,CH,CH,,35.0,105.0,CH,20191231131500,Disapprove,Verbal conflict
895982018,20191231,201912,USAGOV,THE US,USA,,,,,GOV,,,CHN,CHINESE,CHN,,,,,,,,1,170,170,17,4,-7.0,10,1,10,0.70671378091873,4,"Shanghai, Shanghai, China",CH,CH23,13243,31.2222,121.458,-1924465,4,"Shanghai, Shanghai, China",CH,CH23,13243,31.2222,121.458,-1924465,4,"Shanghai, Shanghai, China",CH,CH23,13243,31.2222,121.458,-1924465,20191231144500,Coerce,Material conflict
895985975,20191231,201912,USA,UNITED STATES,USA,,,,,,,,CHN,CHINA,CHN,,,,,,,,1,011,011,01,1,-0.1,20,5,20,-1.73797837939659,3,"White House, District of Columbia, United States",US,USDC,,38.8951,-77.0364,531871,4,"Beijing, Beijing, China",CH,CH22,13001,39.9289,116.388,-1898541,4,"Beijing, Beijing, China",CH,CH22,13001,39.9289,116.388,-1898541,20191231151500,Make public statement,Verbal cooperation
895985977,20191231,201912,USA,UNITED STATES,USA,,,,,,,,CHN,BEIJING,CHN,,,,,,,,1,036,036,03,1,4.0,16,4,16,-1.82233291822333,4,"Beijing, Beijing, China",CH,CH22,13001,39.9289,116.388,-1898541,4,"Beijing, Beijing, China",CH,CH22,13001,39.9289,116.388,-1898541,4,"Beijing, Beijing, China",CH,CH22,13001,39.9289,116.388,-1898541,20191231151500,Express intent to cooperate,Verbal cooperation
895985983,20191231,201912,USA,UNITED STATES,USA,,,,,,,,CHN,CHINA,CHN,,,,,,,,1,124,124,12,3,-4.0,20,5,20,-1.73797837939659,3,"White House, District of Columbia, United States",US,USDC,,38.8951,-77.0364,531871,4,"Beijing, Beijing, China",CH,CH22,13001,39.9289,116.388,-1898541,3,"White House, District of Columbia, United States",US,USDC,,38.8951,-77.0364,531871,20191231151500,Reject,Verbal conflict
895986107,20191231,201912,USAGOV,THE WHITE HOUSE,USA,,,,,GOV,,,CHN,CHINESE,CHN,,,,,,,,1,011,011,01,1,-0.1,10,5,10,-1.73797837939659,4,"Beijing, Beijing, China",CH,CH22,13001,39.9289,116.388,-1898541,3,"White House, District of Columbia, United States",US,USDC,,38.8951,-77.0364,531871,3,"White House, District of Columbia, United States",US,USDC,,38.8951,-77.0364,531871,20191231151500,Make public statement,Verbal cooperation
895986108,20191231,201912,USAGOV,THE WHITE HOUSE,USA,,,,,GOV,,,CHN,CHINESE,CHN,,,,,,,,1,011,011,01,1,-0.1,20,5,20,-1.73797837939659,3,"White House, District of Columbia, United States",US,USDC,,38.8951,-77.0364,531871,4,"Beijing, Beijing, China",CH,CH22,13001,39.9289,116.388,-1898541,4,"Beijing, Beijing, China",CH,CH22,13001,39.9289,116.388,-1898541,20191231151500,Make public statement,Verbal cooperation
895986112,20191231,201912,USAGOV,THE WHITE HOUSE,USA,,,,,GOV,,,CHN,CHINESE,CHN,,,,,,,,1,124,124,12,3,-4.0,10,5,10,-1.73797837939659,4,"Beijing, Beijing, China",CH,CH22,13001,39.9289,116.388,-1898541,3,"White House, District of Columbia, United States",US,USDC,,38.8951,-77.0364,531871,3,"White House, District of Columbia, United States",US,USDC,,38.8951,-77.0364,531871,20191231151500,Reject,Verbal conflict
895986113,20191231,201912,USAGOV,THE WHITE HOUSE,USA,,,,,GOV,,,CHN,CHINESE,CHN,,,,,,,,1,124,124,12,3,-4.0,20,5,20,-1.73797837939659,3,"White House, District of Columbia, United States",US,USDC,,38.8951,-77.0364,531871,4,"Beijing, Beijing, China",CH,CH22,13001,39.9289,116.388,-1898541,3,"White House, District of Columbia, United States",US,USDC,,38.8951,-77.0364,531871,20191231151500,Reject,Verbal conflict
895986135,20191231,201912,USAMIL,UNITED STATES,USA,,,,,MIL,,,CHN,CHINESE,CHN,,,,,,,,1,060,060,06,2,6.0,10,1,10,-6.21230398069964,3,"Washington, District of Columbia, United States",US,USDC,DC001,38.8951,-77.0364,531871,4,"Beijing, Beijing, China",CH,CH22,13001,39.9289,116.388,-1898541,3,"Washington, District of Columbia, United States",US,USDC,DC001,38.8951,-77.0364,531871,20191231151500,Engage in material cooperation,Material cooperation
895986138,20191231,201912,USAMIL,UNITED STATES,USA,,,,,MIL,,,CHN,CHINESE,CHN,,,,,,,,1,130,130,13,3,-4.4,20,1,20,-5.97849241588174,1,Israel,IS,IS,,31.5,34.75,IS,1,Israel,IS,IS,,31.5,34.75,IS,1,Israel,IS,IS,,31.5,34.75,IS,20191231151500,Threaten,Verbal conflict
895987030,20191201,201912,CHN,CHINA,CHN,,,,,,,,USA,UNITED STATES,USA,,,,,,,,1,030,030,03,1,4.0,36,9,36,1.14059553218051,4,"Beijing, Beijing, China",CH,CH22,13001,39.9289,116.388,-1898541,4,"Beijing, Beijing, China",CH,CH22,13001,39.9289,116.388,-1898541,4,"Beijing, Beijing, China",CH,CH22,13001,39.9289,116.388,-1898541,20191231153000,Express intent to cooperate,Verbal cooperation
895987031,20191201,201912,CHN,CHINA,CHN,,,,,,,,USA,UNITED STATES,USA,,,,,,,,1,057,057,05,1,8.0,20,4,20,-0.33557046979866,4,"Beijing, Beijing, China",CH,CH22,13001,39.9289,116.388,-1898541,3,"Palm Beach, Florida, United States",US,USFL,,26.7056,-80.0364,288390,4,"Beijing, Beijing, China",CH,CH22,13001,39.9289,116.388,-1898541,20191231153000,Engage in diplomatic cooperation,Verbal cooperation
895987033,20191201,201912,CHN,CHINA,CHN,,,,,,,,USA,WASHINGTON,USA,,,,,,,,1,061,061,06,2,6.4,8,1,8,3.57142857142857,4,"Beijing, Beijing, China",CH,CH22,13001,39.9289,116.388,-1898541,4,"Beijing, Beijing, China",CH,CH22,13001,39.9289,116.388,-1898541,4,"Beijing, Beijing, China",CH,CH22,13001,39.9289,116.388,-1898541,20191231153000,Engage in material cooperation,Material cooperation
895987035,20191201,201912,CHN,CHINA,CHN,,,,,,,,USAGOV,THE WHITE HOUSE,USA,,,,,GOV,,,1,030,030,03,1,4.0,18,9,18,1.14059553218051,4,"Beijing, Beijing, China",CH,CH22,13001,39.9289,116.388,-1898541,4,"Beijing, Beijing, China",CH,CH22,13001,39.9289,116.388,-1898541,4,"Beijing, Beijing, China",CH,CH22,13001,39.9289,116.388,-1898541,20191231153000,Express intent to cooperate,Verbal cooperation
895987036,20191201,201912,CHN,CHINA,CHN,,,,,,,,USAGOV,THE WHITE HOUSE,USA,,,,,GOV,,,1,057,057,05,1,8.0,9,9,9,1.14059553218051,4,"Beijing, Beijing, China",CH,CH22,13001,39.9289,116.388,-1898541,4,"Beijing, Beijing, China",CH,CH22,13001,39.9289,116.388,-1898541,4,"Beijing, Beijing, China",CH,CH22,13001,39.9289,116.388,-1898541,20191231153000,Engage in diplomatic cooperation,Verbal cooperation
895987037,20191201,201912,CHN,CHINA,CHN,,,,,,,,USAGOV,THE WHITE HOUSE,USA,,,,,GOV,,,1,057,057,05,1,8.0,9,9,9,1.14059553218051,4,"Beijing, Beijing, China",CH,CH22,13001,39.9289,116.388,-1898541,3,"White House, District of Columbia, United States",US,USDC,,38.8951,-77.0364,531871,4,"Beijing, Beijing, China",CH,CH22,13001,39.9289,116.388,-1898541,20191231153000,Engage in diplomatic cooperation,Verbal cooperation
895987045,20191201,201912,USAGOV,THE WHITE HOUSE,USA,,,,,GOV,,,CHN,CHINA,CHN,,,,,,,,1,057,057,05,1,8.0,18,9,18,1.14059553218051,4,"Beijing, Beijing, China",CH,CH22,13001,39.9289,116.388,-1898541,4,"Beijing, Beijing, China",CH,CH22,13001,39.9289,116.388,-1898541,4,"Beijing, Beijing, China",CH,CH22,13001,39.9289,116.388,-1898541,20191231153000,Engage in diplomatic cooperation,Verbal cooperation
895987373,20191231,201912,CHN,CHINA,CHN,,,,,,,,USA,FLORIDA,USA,,,,,,,,1,030,030,03,1,4.0,8,4,8,-0.33557046979866,4,"Beijing, Beijing, China",CH,CH22,13001,39.9289,116.388,-1898541,2,"Florida, United States",US,USFL,,27.8333,-81.717,FL,2,"Florida, United States",US,USFL,,27.8333,-81.717,FL,20191231153000,Express intent to cooperate,Verbal cooperation
895987379,20191231,201912,CHN,CHINA,CHN,,,,,,,,USAGOV,THE WHITE HOUSE,USA,,,,,GOV,,,1,057,057,05,1,8.0,9,9,9,1.14059553218051,4,"Beijing, Beijing, China",CH,CH22,13001,39.9289,116.388,-1898541,4,"Beijing, Beijing, China",CH,CH22,13001,39.9289,116.388,-1898541,4,"Beijing, Beijing, China",CH,CH22,13001,39.9289,116.388,-1898541,20191231153000,Engage in diplomatic cooperation,Verbal cooperation
895987380,20191231,201912,CHN,CHINA,CHN,,,,,,,,USAGOV,THE WHITE HOUSE,USA,,,,,GOV,,,1,057,057,05,1,8.0,9,9,9,1.14059553218051,4,"Beijing, Beijing, China",CH,CH22,13001,39.9289,116.388,-1898541,3,"White House, District of Columbia, United States",US,USDC,,38.8951,-77.0364,531871,4,"Beijing, Beijing, China",CH,CH22,13001,39.9289,116.388,-1898541,20191231153000,Engage in diplomatic cooperation,Verbal cooperation
895988517,20191231,201912,USAGOV,THE WHITE HOUSE,USA,,,,,GOV,,,CHN,CHINA,CHN,,,,,,,,1,057,057,05,1,8.0,18,9,18,1.14059553218051,4,"Beijing, Beijing, China",CH,CH22,13001,39.9289,116.388,-1898541,4,"Beijing, Beijing, China",CH,CH22,13001,39.9289,116.388,-1898541,4,"Beijing, Beijing, China",CH,CH22,13001,39.9289,116.388,-1898541,20191231153000,Engage in diplomatic cooperation,Verbal cooperation
895989604,20191231,201912,CHN,BEIJING,CHN,,,,,,,,USA,WASHINGTON,USA,,,,,,,,1,030,030,03,1,4.0,12,2,12,1.50364902273299,4,"Beijing, Beijing, China",CH,CH22,13001,39.9289,116.388,-1898541,3,"Washington, District of Columbia, United States",US,USDC,DC001,38.8951,-77.0364,531871,4,"Beijing, Beijing, China",CH,CH22,13001,39.9289,116.388,-1898541,20191231154500,Express intent to cooperate,Verbal cooperation
895993650,20191231,201912,CHN,CHINA,CHN,,,,,,,,USA,AMERICAN,USA,,,,,,,,1,010,010,01,1,0.0,8,1,8,-5.23065288631207,4,"Beijing, Beijing, China",CH,CH22,13001,39.9289,116.388,-1898541,3,"World Bank, District of Columbia, United States",US,USDC,,38.899,-77.0422,2002658,3,"World Bank, District of Columbia, United States",US,USDC,,38.899,-77.0422,2002658,20191231161500,Make public statement,Verbal cooperation
895994631,20191231,201912,USA,AMERICAN,USA,,,,,,,,CHN,CHINA,CHN,,,,,,,,1,046,046,04,1,7.0,8,1,8,-5.23065288631207,3,"World Bank, District of Columbia, United States",US,USDC,DC001,38.899,-77.0422,2002658,4,"Beijing, Beijing, China",CH,CH22,13001,39.9289,116.388,-1898541,4,"Beijing, Beijing, China",CH,CH22,13001,39.9289,116.388,-1898541,20191231161500,Consult,Verbal cooperation
895995885,20191231,201912,CHN,CHINA,CHN,,,,,,,,USA,UNITED STATES,USA,,,,,,,,1,042,042,04,1,1.9,8,1,8,-0.43859649122807,4,"Beijing, Beijing, China",CH,CH22,13001,39.9289,116.388,-1898541,2,"Georgia, United States",US,USGA,,32.9866,-83.6487,GA,4,"Beijing, Beijing, China",CH,CH22,13001,39.9289,116.388,-1898541,20191231163000,Consult,Verbal cooperation
895996832,20191231,201912,USA,UNITED STATES,USA,,,,,,,,CHN,CHINA,CHN,,,,,,,,1,043,043,04,1,2.8,8,1,8,-0.43859649122807,2,"Georgia, United States",US,USGA,,32.9866,-83.6487,GA,4,"Beijing, Beijing, China",CH,CH22,13001,39.9289,116.388,-1898541,4,"Beijing, Beijing, China",CH,CH22,13001,39.9289,116.388,-1898541,20191231163000,Consult,Verbal cooperation
895996986,20191231,201912,USAMED,REUTERS,USA,,,,,MED,,,CHNGOV,XI JINPING,CHN,,,,,GOV,,,1,020,020,02,1,3.0,10,1,10,-1.03969754253308,4,"Beijing, Beijing, China",CH,CH22,13001,39.9289,116.388,-1898541,4,"Beijing, Beijing, China",CH,CH22,13001,39.9289,116.388,-1898541,4,"Beijing, Beijing, China",CH,CH22,13001,39.9289,116.388,-1898541,20191231163000,Appeal,Verbal cooperation
895998069,20191231,201912,CHN,CHINA,CHN,,,,,,,,USA,THE US,USA,,,,,,,,1,0311,031,03,1,5.2,10,1,10,2.54957507082153,4,"Xinjiang, Jiangxi, China",CH,CH03,13167,27.7481,116.274,11065838,4,"Xinjiang, Jiangxi, China",CH,CH03,13167,27.7481,116.274,11065838,4,"Xinjiang, Jiangxi, China",CH,CH03,13167,27.7481,116.274,11065838,20191231164500,Express intent to cooperate,Verbal cooperation
895999071,20191231,201912,USA,THE US,USA,,,,,,,,CHN,CHINA,CHN,,,,,,,,1,0311,031,03,1,5.2,10,1,10,2.54957507082153,4,"Beijing, Beijing, China",CH,CH22,13001,39.9289,116.388,-1898541,4,"Beijing, Beijing, China",CH,CH22,13001,39.9289,116.388,-1898541,4,"Beijing, Beijing, China",CH,CH22,13001,39.9289,116.388,-1898541,20191231164500,Express intent to cooperate,Verbal cooperation
896008472,20191230,201912,CHN,CHINA,CHN,,,,,,,,USAMED,REUTERS,USA,,,,,MED,,,1,010,010,01,1,0.0,7,1,7,3.30097087378641,1,China,CH,CH,,35.0,105.0,CH,1,China,CH,CH,,35.0,105.0,CH,1,China,CH,CH,,35.0,105.0,CH,20191231180000,Make public statement,Verbal cooperation
896011044,20191231,201912,CHN,BEIJING,CHN,,,,,,,,USAMIL,THE US,USA,,,,,MIL,,,1,172,172,17,4,-5.0,10,1,10,-1.79640718562875,4,"Beijing, Beijing, China",CH,CH22,13001,39.9289,116.388,-1898541,4,"Beijing, Beijing, China",CH,CH22,13001,39.9289,116.388,-1898541,4,"Beijing, Beijing, China",CH,CH22,13001,39.9289,116.388,-1898541,20191231181500,Coerce,Material conflict
896011046,20191231,201912,CHNLEG,CHINA,CHN,,,,,LEG,,,USAGOV,THE WHITE HOUSE,USA,,,,,GOV,,,1,043,043,04,1,2.8,10,1,10,1.48148148148148,1,China,CH,CH,,35.0,105.0,CH,1,China,CH,CH,,35.0,105.0,CH,1,China,CH,CH,,35.0,105.0,CH,20191231181500,Consult,Verbal cooperation
896011896,20191231,201912,MNCUSAMED,GOOGLE,USA,,,,,MNC,MED,,CHN,CHINA,CHN,,,,,,,,1,010,010,01,1,0.0,6,2,6,-2.34963151445696,1,China,CH,CH,,35.0,105.0,CH,1,China,CH,CH,,35.0,105.0,CH,1,China,CH,CH,,35.0,105.0,CH,20191231181500,Make public statement,Verbal cooperation
896012334,20191231,201912,USAGOV,THE WHITE HOUSE,USA,,,,,GOV,,,CHNLEG,CHINA,CHN,,,,,LEG,,,1,030,030,03,1,4.0,10,1,10,1.48148148148148,1,China,CH,CH,,35.0,105.0,CH,1,China,CH,CH,,35.0,105.0,CH,1,China,CH,CH,,35.0,105.0,CH,20191231181500,Express intent to cooperate,Verbal cooperation
896012335,20191231,201912,USAGOV,THE WHITE HOUSE,USA,,,,,GOV,,,CHNLEG,CHINA,CHN,,,,,LEG,,,1,042,042,04,1,1.9,10,1,10,1.48148148148148,1,China,CH,CH,,35.0,105.0,CH,1,China,CH,CH,,35.0,105.0,CH,1,China,CH,CH,,35.0,105.0,CH,20191231181500,Consult,Verbal cooperation
896013403,20191231,201912,CHN,CHINESE,CHN,,,,,,,,USA,WASHINGTON,USA,,,,,,,,1,042,042,04,1,1.9,6,1,6,-4.70711297071129,4,"Beijing, Beijing, China",CH,CH22,13001,39.9289,116.388,-1898541,3,"Washington, District of Columbia, United States",US,USDC,DC001,38.8951,-77.0364,531871,4,"Beijing, Beijing, China",CH,CH22,13001,39.9289,116.388,-1898541,20191231183000,Consult,Verbal cooperation
896014331,20191231,201912,USA,WASHINGTON,USA,,,,,,,,CHN,CHINESE,CHN,,,,,,,,1,043,043,04,1,2.8,6,1,6,-4.70711297071129,3,"Washington, District of Columbia, United States",US,USDC,DC001,38.8951,-77.0364,531871,4,"Beijing, Beijing, China",CH,CH22,13001,39.9289,116.388,-1898541,4,"Beijing, Beijing, China",CH,CH22,13001,39.9289,116.388,-1898541,20191231183000,Consult,Verbal cooperation
896014490,20191231,201912,USAJUD,BOSTON,USA,,,,,JUD,,,CHN,CHINA,CHN,,,,,,,,1,020,020,02,1,3.0,6,1,6,-3.47222222222222,1,China,CH,CH,,35.0,105.0,CH,3,"Boston, Massachusetts, United States",US,USMA,MA025,42.3584,-71.0598,617565,1,China,CH,CH,,35.0,105.0,CH,20191231183000,Appeal,Verbal cooperation
896020867,20191231,201912,CHN,CHINA,CHN,,,,,,,,USAMED,REUTERS,USA,,,,,MED,,,1,030,030,03,1,4.0,8,1,8,-0.86705202312139,4,"Beijing, Beijing, China",CH,CH22,13001,39.9289,116.388,-1898541,4,"Beijing, Beijing, China",CH,CH22,13001,39.9289,116.388,-1898541,4,"Beijing, Beijing, China",CH,CH22,13001,39.9289,116.388,-1898541,20191231193000,Express intent to cooperate,Verbal cooperation
896039475,20191231,201912,CHN,CHINESE,CHN,,,,,,,,MNCUSAMED,GOOGLE,USA,,,,,MNC,MED,,1,046,046,04,1,7.0,8,1,8,0.776196636481242,1,China,CH,CH,,35.0,105.0,CH,1,Germany,GM,GM,,51.5,10.5,GM,1,Germany,GM,GM,,51.5,10.5,GM,20191231223000,Consult,Verbal cooperation
896039478,20191231,201912,CHN,CHINA,CHN,,,,,,,,USA,THE US,USA,,,,,,,,1,037,037,03,1,5.0,10,1,10,-3.42979635584138,1,China,CH,CH,,35.0,105.0,CH,1,China,CH,CH,,35.0,105.0,CH,1,China,CH,CH,,35.0,105.0,CH,20191231223000,Express intent to cooperate,Verbal cooperation
896040046,20191231,201912,MNCUSAMED,GOOGLE,USA,,,,,MNC,MED,,CHN,CHINESE,CHN,,,,,,,,1,046,046,04,1,7.0,8,1,8,0.776196636481242,1,Germany,GM,GM,,51.5,10.5,GM,1,China,CH,CH,,35.0,105.0,CH,1,Germany,GM,GM,,51.5,10.5,GM,20191231223000,Consult,Verbal cooperation
896040309,20191231,201912,USA,THE US,USA,,,,,,,,CHN,CHINA,CHN,,,,,,,,1,037,037,03,1,5.0,10,1,10,-3.42979635584138,1,Pakistan,PK,PK,,30.0,70.0,PK,1,Pakistan,PK,PK,,30.0,70.0,PK,1,Pakistan,PK,PK,,30.0,70.0,PK,20191231223000,Express intent to cooperate,Verbal cooperation
896040311,20191231,201912,USA,UNITED STATES,USA,,,,,,,,CHNCHR,CHINA,CHN,,,CHR,,,,,1,141,141,14,3,-6.5,10,1,10,-6.72853828306264,3,"Washington, District of Columbia, United States",US,USDC,DC001,38.8951,-77.0364,531871,3,"Washington, District of Columbia, United States",US,USDC,DC001,38.8951,-77.0364,531871,3,"Washington, District of Columbia, United States",US,USDC,DC001,38.8951,-77.0364,531871,20191231223000,Protest,Verbal conflict
896042715,20191231,201912,CHN,CHINA,CHN,,,,,,,,USA,UNITED STATES,USA,,,,,,,,1,062,062,06,2,7.4,6,1,6,-4.42477876106195,1,China,CH,CH,,35.0,105.0,CH,3,"Washington, District of Columbia, United States",US,USDC,DC001,38.8951,-77.0364,531871,4,"Tehran, Tehran, Iran",IR,IR26,41130,35.75,51.5148,10074674,20191231230000,Engage in material cooperation,Material cooperation
896043370,20191231,201912,USA,UNITED STATES,USA,,,,,,,,CHN,CHINA,CHN,,,,,,,,1,062,062,06,2,7.4,6,1,6,-4.42477876106195,3,"Washington, District of Columbia, United States",US,USDC,DC001,38.8951,-77.0364,531871,1,China,CH,CH,,35.0,105.0,CH,4,"Tehran, Tehran, Iran",IR,IR26,41130,35.75,51.5148,10074674,20191231230000,Engage in material cooperation,Material cooperation
896043381,20191231,201912,USA,WASHINGTON,USA,,,,,,,,CHNGOV,CHINESE,CHN,,,,,GOV,,,1,141,141,14,3,-6.5,7,1,7,-3.00187617260788,3,"Washington, District of Columbia, United States",US,USDC,DC001,38.8951,-77.0364,531871,1,China,CH,CH,,35.0,105.0,CH,1,Hong Kong,HK,HK,,22.25,114.166667,HK,20191231230000,Protest,Verbal conflict
896043383,20191231,201912,USA,WASHINGTON,USA,,,,,,,,CHNGOV,CHINESE,CHN,,,,,GOV,,,1,1721,172,17,4,-5.0,7,1,7,-3.00187617260788,3,"Washington, District of Columbia, United States",US,USDC,DC001,38.8951,-77.0364,531871,1,China,CH,CH,,35.0,105.0,CH,3,"Washington, District of Columbia, United States",US,USDC,DC001,38.8951,-77.0364,531871,20191231230000,Coerce,Material conflict
896045800,20191231,201912,USA,UNITED STATES,USA,,,,,,,,CHN,CHINA,CHN,,,,,,,,1,0253,025,02,1,-0.3,6,1,6,-8.0,1,United States,US,US,,39.828175,-98.5795,US,4,"Chengdu, Sichuan, China",CH,CH32,13270,30.6667,104.067,-1900349,4,"Chengdu, Sichuan, China",CH,CH32,13270,30.6667,104.067,-1900349,20191231233000,Appeal,Verbal cooperation
