GLOBALEVENTID,SQLDATE,MonthYear,Actor1Code,Actor1Name,Actor1CountryCode,Actor1KnownGroupCode,Actor1EthnicCode,Actor1Religion1Code,Actor1Religion2Code,Actor1Type1Code,Actor1Type2Code,Actor1Type3Code,Actor2Code,Actor2Name,Actor2CountryCode,Actor2KnownGroupCode,Actor2EthnicCode,Actor2Religion1Code,Actor2Religion2Code,Actor2Type1Code,Actor2Type2Code,Actor2Type3Code,IsRootEvent,EventCode,EventBaseCode,EventRootCode,QuadClass,GoldsteinScale,NumMentions,NumSources,NumArticles,AvgTone,Actor1Geo_Type,Actor1Geo_FullName,Actor1Geo_CountryCode,Actor1Geo_ADM1Code,Actor1Geo_ADM2Code,Actor1Geo_Lat,Actor1Geo_Long,Actor1Geo_FeatureID,Actor2Geo_Type,Actor2Geo_FullName,Actor2Geo_CountryCode,Actor2Geo_ADM1Code,Actor2Geo_ADM2Code,Actor2Geo_Lat,Actor2Geo_Long,Actor2Geo_FeatureID,ActionGeo_Type,ActionGeo_FullName,ActionGeo_CountryCode,ActionGeo_ADM1Code,ActionGeo_ADM2Code,ActionGeo_Lat,ActionGeo_Long,ActionGeo_FeatureID,SourceFileTimestamp,EventRootName,QuadClassName
791081488,20181001,201810,CHN,CHINESE,CHN,,,,,,,,MNCUSA,NETFLIX,USA,,,,,MNC,,,1,020,020,02,1,3.0,10,1,10,0.0,1,China,CH,CH,,35.0,105.0,CH,1,China,CH,CH,,35.0,105.0,CH,1,China,CH,CH,,35.0,105.0,CH,20181001000000,Appeal,Verbal cooperation
791084882,20181001,201810,USA,THE US,USA,,,,,,,,CHN,CHINA,CHN,,,,,,,,1,061,061,06,2,6.4,10,1,10,0.90497737556562,2,"Arizona, United States",US,USAZ,,33.7712,-111.388,AZ,2,"Arizona, United States",US,USAZ,,33.7712,-111.388,AZ,2,"Arizona, United States",US,USAZ,,33.7712,-111.388,AZ,20181001001500,Engage in material cooperation,Material cooperation
791084885,20181001,201810,USA,WASHINGTON,USA,,,,,,,,CHN,BEIJING,CHN,,,,,,,,1,110,110,11,3,-2.0,8,1,8,-4.04040404040404,4,"Beijing, Beijing, China",CH,CH22,13001,39.9289,116.388,-1898541,4,"Beijing, Beijing, China",CH,CH22,13001,39.9289,116.388,-1898541,4,"Beijing, Beijing, China",CH,CH22,13001,39.9289,116.388,-1898541,20181001001500,Disapprove,Verbal conflict
791089005,20181001,201810,CHN,BEIJING,CHN,,,,,,,,MNCUSA,BOEING,USA,,,,,MNC,,,1,043,043,04,1,2.8,10,1,10,-4.80943738656987,4,"Beijing, Beijing, China",CH,CH22,13001,39.9289,116.388,-1898541,4,"Beijing, Beijing, China",CH,CH22,13001,39.9289,116.388,-1898541,4,"Beijing, Beijing, China",CH,CH22,13001,39.9289,116.388,-1898541,20181001004500,Consult,Verbal cooperation
791089768,20181001,201810,MNCUSA,BOEING,USA,,,,,MNC,,,CHN,BEIJING,CHN,,,,,,,,1,042,042,04,1,1.9,10,1,10,-4.80943738656987,4,"Kuala Lumpur, Kuala Lumpur, Malaysia",MY,MY14,18585,3.16667,101.7,-2403010,4,"Kuala Lumpur, Kuala Lumpur, Malaysia",MY,MY14,18585,3.16667,101.7,-2403010,4,"Kuala Lumpur, Kuala Lumpur, Malaysia",MY,MY14,18585,3.16667,101.7,-2403010,20181001004500,Consult,Verbal cooperation
791094882,20181001,201810,USA,A US,USA,,,,,,,,CHN,CHINESE,CHN,,,,,,,,1,051,051,05,1,3.4,10,1,10,0.0,4,"Zhenjiang, Jiangsu, China",CH,CH04,13154,32.2109,119.455,-1938832,4,"Zhenjiang, Jiangsu, China",CH,CH04,13154,32.2109,119.455,-1938832,4,"Zhenjiang, Jiangsu, China",CH,CH04,13154,32.2109,119.455,-1938832,20181001011500,Engage in diplomatic cooperation,Verbal cooperation
791094883,20181001,201810,USA,A US,USA,,,,,,,,CHN,CHINA,CHN,,,,,,,,1,061,061,06,2,6.4,10,1,10,0.0,3,"Thomasville, Illinois, United States",US,USIL,IL135,39.4898,-89.6545,423238,3,"Thomasville, Illinois, United States",US,USIL,IL135,39.4898,-89.6545,423238,3,"Thomasville, Illinois, United States",US,USIL,IL135,39.4898,-89.6545,423238,20181001011500,Engage in material cooperation,Material cooperation
791096163,20181001,201810,CHN,CHINA,CHN,,,,,,,,USA,UNITED STATES,USA,,,,,,,,1,112,112,11,3,-2.0,6,1,6,-4.08163265306122,1,China,CH,CH,,35.0,105.0,CH,1,United States,US,US,,39.828175,-98.5795,US,1,China,CH,CH,,35.0,105.0,CH,20181001013000,Disapprove,Verbal conflict
791098905,20181001,201810,USA,NEW YORK,USA,,,,,,,,CHN,SUZHOU,CHN,,,,,,,,1,173,173,17,4,-5.0,6,1,6,4.31372549019608,4,"Gusu, Guangdong, China",CH,CH30,13047,23.3056,116.267,9203097,4,"Suzhou, Jiangsu, China",CH,CH04,13148,31.3114,120.618,79514,4,"Gusu, Guangdong, China",CH,CH30,13047,23.3056,116.267,9203097,20181001014500,Coerce,Material conflict
791102213,20181001,201810,CHN,BEIJING,CHN,,,,,,,,USA,WASHINGTON,USA,,,,,,,,1,043,043,04,1,2.8,7,1,7,-2.92887029288703,4,"Beijing, Beijing, China",CH,CH22,13001,39.9289,116.388,-1898541,3,"Washington, District of Columbia, United States",US,USDC,DC001,38.8951,-77.0364,531871,4,"Beijing, Beijing, China",CH,CH22,13001,39.9289,116.388,-1898541,20181001021500,Consult,Verbal cooperation
791103876,20181001,201810,USA,WASHINGTON,USA,,,,,,,,CHN,BEIJING,CHN,,,,,,,,1,042,042,04,1,1.9,7,1,7,-2.92887029288703,3,"Washington, District of Columbia, United States",US,USDC,DC001,38.8951,-77.0364,531871,4,"Beijing, Beijing, China",CH,CH22,13001,39.9289,116.388,-1898541,4,"Beijing, Beijing, China",CH,CH22,13001,39.9289,116.388,-1898541,20181001021500,Consult,Verbal cooperation
791104940,20181001,201810,CHN,CHINA,CHN,,,,,,,,USA,UNITED STATES,USA,,,,,,,,1,046,046,04,1,7.0,30,3,30,-5.98956051949992,4,"Beijing, Beijing, China",CH,CH22,13001,39.9289,116.388,-1898541,4,"Beijing, Beijing, China",CH,CH22,13001,39.9289,116.388,-1898541,4,"Beijing, Beijing, China",CH,CH22,13001,39.9289,116.388,-1898541,20181001023000,Consult,Verbal cooperation
791104942,20181001,201810,CHN,CHINA,CHN,,,,,,,,USA,UNITED STATES,USA,,,,,,,,1,046,046,04,1,7.0,8,1,8,-6.97674418604652,4,"Beijing, Beijing, China",CH,CH22,13001,39.9289,116.388,-1898541,2,"New York, United States",US,USNY,,42.1497,-74.9384,NY,2,"New York, United States",US,USNY,,42.1497,-74.9384,NY,20181001023000,Consult,Verbal cooperation
791105748,20181001,201810,USA,UNITED STATES,USA,,,,,,,,CHN,CHINA,CHN,,,,,,,,1,046,046,04,1,7.0,8,1,8,-6.47887323943662,3,"Washington, District of Columbia, United States",US,USDC,DC001,38.8951,-77.0364,531871,4,"Beijing, Beijing, China",CH,CH22,13001,39.9289,116.388,-1898541,3,"Washington, District of Columbia, United States",US,USDC,DC001,38.8951,-77.0364,531871,20181001023000,Consult,Verbal cooperation
791105750,20181001,201810,USA,UNITED STATES,USA,,,,,,,,CHN,CHINA,CHN,,,,,,,,1,046,046,04,1,7.0,24,2,16,-6.15551750170322,2,"New York, United States",US,USNY,,42.1497,-74.9384,NY,4,"Beijing, Beijing, China",CH,CH22,13001,39.9289,116.388,-1898541,2,"New York, United States",US,USNY,,42.1497,-74.9384,NY,20181001023000,Consult,Verbal cooperation
791106669,20181001,201810,CHN,CHINA,CHN,,,,,,,,USA,THE US,USA,,,,,,,,1,090,090,09,2,-2.0,10,1,10,2.8436018957346,1,China,CH,CH,,35.0,105.0,CH,1,China,CH,CH,,35.0,105.0,CH,1,China,CH,CH,,35.0,105.0,CH,20181001024500,Investigate,Material cooperation
791106673,20181001,201810,CHNGOV,CHINESE,CHN,,,,,GOV,,,USA,THE US,USA,,,,,,,,1,112,112,11,3,-2.0,6,1,6,-4.04463040446304,1,China,CH,CH,,35.0,105.0,CH,1,China,CH,CH,,35.0,105.0,CH,1,China,CH,CH,,35.0,105.0,CH,20181001024500,Disapprove,Verbal conflict
791107435,20181001,201810,USA,THE US,USA,,,,,,,,CHNGOVMIL,CHINESE,CHN,,,,,GOV,MIL,,1,163,163,16,4,-8.0,6,1,6,-4.04463040446304,4,"New Delhi, Delhi, India",IN,IN07,17911,28.6,77.2,-2106102,4,"New Delhi, Delhi, India",IN,IN07,17911,28.6,77.2,-2106102,4,"New Delhi, Delhi, India",IN,IN07,17911,28.6,77.2,-2106102,20181001024500,Reduce relations,Material conflict
791110649,20181001,201810,CHN,CHINA,CHN,,,,,,,,USA,UNITED STATES,USA,,,,,,,,1,046,046,04,1,7.0,10,1,10,-0.67567567567568,2,"New York, United States",US,USNY,,42.1497,-74.9384,NY,2,"New York, United States",US,USNY,,42.1497,-74.9384,NY,2,"New York, United States",US,USNY,,42.1497,-74.9384,NY,20181001031500,Consult,Verbal cooperation
791112414,20181001,201810,CHN,CHINA,CHN,,,,,,,,USAGOV,US OFFICIAL,USA,,,,,GOV,,,1,040,040,04,1,1.0,6,1,6,-6.84523809523809,4,"Beijing, Beijing, China",CH,CH22,13001,39.9289,116.388,-1898541,4,"Beijing, Beijing, China",CH,CH22,13001,39.9289,116.388,-1898541,4,"Beijing, Beijing, China",CH,CH22,13001,39.9289,116.388,-1898541,20181001033000,Consult,Verbal cooperation
791112415,20181001,201810,CHN,CHINA,CHN,,,,,,,,USAGOV,US OFFICIAL,USA,,,,,GOV,,,1,164,164,16,4,-7.0,10,1,10,-6.84523809523809,4,"Beijing, Beijing, China",CH,CH22,13001,39.9289,116.388,-1898541,4,"Beijing, Beijing, China",CH,CH22,13001,39.9289,116.388,-1898541,4,"Beijing, Beijing, China",CH,CH22,13001,39.9289,116.388,-1898541,20181001033000,Reduce relations,Material conflict
791113397,20181001,201810,USAGOV,US OFFICIAL,USA,,,,,GOV,,,CHN,CHINA,CHN,,,,,,,,1,040,040,04,1,1.0,6,1,6,-6.84523809523809,4,"Beijing, Beijing, China",CH,CH22,13001,39.9289,116.388,-1898541,4,"Beijing, Beijing, China",CH,CH22,13001,39.9289,116.388,-1898541,4,"Beijing, Beijing, China",CH,CH22,13001,39.9289,116.388,-1898541,20181001033000,Consult,Verbal cooperation
791113398,20181001,201810,USAGOV,US AMBASSADOR,USA,,,,,GOV,,,CHN,CHINA,CHN,,,,,,,,1,112,112,11,3,-2.0,8,1,8,-2.89855072463768,4,"Beijing, Beijing, China",CH,CH22,13001,39.9289,116.388,-1898541,4,"Beijing, Beijing, China",CH,CH22,13001,39.9289,116.388,-1898541,4,"Beijing, Beijing, China",CH,CH22,13001,39.9289,116.388,-1898541,20181001033000,Disapprove,Verbal conflict
791114321,20181001,201810,CHNGOV,CHINA,CHN,,,,,GOV,,,USAGOV,US LEADER,USA,,,,,GOV,,,1,120,120,12,3,-4.0,10,1,10,-1.44404332129964,1,China,CH,CH,,35.0,105.0,CH,1,China,CH,CH,,35.0,105.0,CH,1,China,CH,CH,,35.0,105.0,CH,20181001034500,Reject,Verbal conflict
791115111,20181001,201810,USA,AMERICAN,USA,,,,,,,,CHNMIL,CHINESE,CHN,,,,,MIL,,,1,036,036,03,1,4.0,6,1,6,-5.55555555555555,2,"New York, United States",US,USNY,,42.1497,-74.9384,NY,1,China,CH,CH,,35.0,105.0,CH,2,"New York, United States",US,USNY,,42.1497,-74.9384,NY,20181001034500,Express intent to cooperate,Verbal cooperation
791115233,20181001,201810,USAMED,REUTERS,USA,,,,,MED,,,CHN,CHINA,CHN,,,,,,,,1,010,010,01,1,0.0,10,1,10,-2.33918128654971,1,Bahrain,BA,BA,,26.0,50.5,BA,1,China,CH,CH,,35.0,105.0,CH,1,China,CH,CH,,35.0,105.0,CH,20181001034500,Make public statement,Verbal cooperation
791118068,20181001,201810,CHN,CHINA,CHN,,,,,,,,USA,UNITED STATES,USA,,,,,,,,1,057,057,05,1,8.0,8,1,8,-3.00829875518672,4,"Beijing, Beijing, China",CH,CH22,13001,39.9289,116.388,-1898541,3,"Washington, District of Columbia, United States",US,USDC,DC001,38.8951,-77.0364,531871,4,"Beijing, Beijing, China",CH,CH22,13001,39.9289,116.388,-1898541,20181001041500,Engage in diplomatic cooperation,Verbal cooperation
791118073,20181001,201810,CHN,CHINA,CHN,,,,,,,,USAMED,REUTERS,USA,,,,,MED,,,1,040,040,04,1,1.0,10,1,10,-7.10059171597633,4,"Beijing, Beijing, China",CH,CH22,13001,39.9289,116.388,-1898541,4,"Beijing, Beijing, China",CH,CH22,13001,39.9289,116.388,-1898541,4,"Beijing, Beijing, China",CH,CH22,13001,39.9289,116.388,-1898541,20181001041500,Consult,Verbal cooperation
791118868,20181001,201810,USA,UNITED STATES,USA,,,,,,,,CHN,CHINA,CHN,,,,,,,,1,057,057,05,1,8.0,8,1,8,-3.00829875518672,3,"Washington, District of Columbia, United States",US,USDC,DC001,38.8951,-77.0364,531871,4,"Beijing, Beijing, China",CH,CH22,13001,39.9289,116.388,-1898541,4,"Beijing, Beijing, China",CH,CH22,13001,39.9289,116.388,-1898541,20181001041500,Engage in diplomatic cooperation,Verbal cooperation
791118975,20181001,201810,USAMED,REUTERS,USA,,,,,MED,,,CHN,CHINA,CHN,,,,,,,,1,040,040,04,1,1.0,10,1,10,-7.10059171597633,4,"Beijing, Beijing, China",CH,CH22,13001,39.9289,116.388,-1898541,4,"Beijing, Beijing, China",CH,CH22,13001,39.9289,116.388,-1898541,4,"Beijing, Beijing, China",CH,CH22,13001,39.9289,116.388,-1898541,20181001041500,Consult,Verbal cooperation
791119765,20181001,201810,CHN,CHINA,CHN,,,,,,,,USA,AMERICAN,USA,,,,,,,,1,016,016,01,1,-2.0,8,1,8,-5.6578947368421,4,"Beijing, Beijing, China",CH,CH22,13001,39.9289,116.388,-1898541,3,"Washington, District of Columbia, United States",US,USDC,DC001,38.8951,-77.0364,531871,3,"Washington, District of Columbia, United States",US,USDC,DC001,38.8951,-77.0364,531871,20181001043000,Make public statement,Verbal cooperation
791119768,20181001,201810,CHN,CHINA,CHN,,,,,,,,USA,UNITED STATES,USA,,,,,,,,1,046,046,04,1,7.0,8,1,8,-6.41711229946524,4,"Beijing, Beijing, China",CH,CH22,13001,39.9289,116.388,-1898541,3,"Washington, District of Columbia, United States",US,USDC,DC001,38.8951,-77.0364,531871,3,"Washington, District of Columbia, United States",US,USDC,DC001,38.8951,-77.0364,531871,20181001043000,Consult,Verbal cooperation
791119770,20181001,201810,CHN,CHINA,CHN,,,,,,,,USA,AMERICAN,USA,,,,,,,,1,111,111,11,3,-2.0,6,1,6,-2.4390243902439,4,"Beijing, Beijing, China",CH,CH22,13001,39.9289,116.388,-1898541,2,"Washington, United States",US,USWA,,47.3917,-121.571,WA,4,"Beijing, Beijing, China",CH,CH22,13001,39.9289,116.388,-1898541,20181001043000,Disapprove,Verbal conflict
791131839,20181001,201810,USA,UNITED STATES,USA,,,,,,,,CHN,CHINA,CHN,,,,,,,,1,046,046,04,1,7.0,8,1,8,-7.01754385964912,1,United States,US,US,,39.828175,-98.5795,US,1,China,CH,CH,,35.0,105.0,CH,1,United States,US,US,,39.828175,-98.5795,US,20181001054500,Consult,Verbal cooperation
791136432,20181001,201810,USAMED,REUTERS,USA,,,,,MED,,,CHN,BEIJING,CHN,,,,,,,,1,112,112,11,3,-2.0,10,1,10,-4.62962962962963,4,"Beijing, Beijing, China",CH,CH22,13001,39.9289,116.388,-1898541,4,"Beijing, Beijing, China",CH,CH22,13001,39.9289,116.388,-1898541,4,"Beijing, Beijing, China",CH,CH22,13001,39.9289,116.388,-1898541,20181001061500,Disapprove,Verbal conflict
791150090,20181001,201810,USA,UNITED STATES,USA,,,,,,,,CHN,CHINA,CHN,,,,,,,,1,010,010,01,1,0.0,10,1,10,-2.88461538461539,1,United States,US,US,,39.828175,-98.5795,US,1,China,CH,CH,,35.0,105.0,CH,1,China,CH,CH,,35.0,105.0,CH,20181001074500,Make public statement,Verbal cooperation
791159484,20181001,201810,CHN,CHINA,CHN,,,,,,,,USA,UNITED STATES,USA,,,,,,,,1,057,057,05,1,8.0,8,1,8,-0.84317032040473,1,China,CH,CH,,35.0,105.0,CH,1,United States,US,US,,39.828175,-98.5795,US,1,United States,US,US,,39.828175,-98.5795,US,20181001084500,Engage in diplomatic cooperation,Verbal cooperation
791160526,20181001,201810,USA,UNITED STATES,USA,,,,,,,,CHN,CHINA,CHN,,,,,,,,1,057,057,05,1,8.0,8,1,8,-0.84317032040473,1,United States,US,US,,39.828175,-98.5795,US,1,China,CH,CH,,35.0,105.0,CH,1,United States,US,US,,39.828175,-98.5795,US,20181001084500,Engage in diplomatic cooperation,Verbal cooperation
791169297,20181001,201810,USA,UNITED STATES,USA,,,,,,,,CHN,CHINA,CHN,,,,,,,,1,057,057,05,1,8.0,10,1,10,0.46620046620047,1,China,CH,CH,,35.0,105.0,CH,1,China,CH,CH,,35.0,105.0,CH,1,China,CH,CH,,35.0,105.0,CH,20181001093000,Engage in diplomatic cooperation,Verbal cooperation
791171938,20181001,201810,MNCUSA,BOEING,USA,,,,,MNC,,,CHN,BEIJING,CHN,,,,,,,,1,042,042,04,1,1.9,10,1,10,-4.95626822157434,1,Russia,RS,RS,,60.0,100.0,RS,1,Russia,RS,RS,,60.0,100.0,RS,1,Russia,RS,RS,,60.0,100.0,RS,20181001094500,Consult,Verbal cooperation
791171939,20181001,201810,MNCUSA,ISHARES,USA,,,,,MNC,,,CHN,CHINA,CHN,,,,,,,,1,071,071,07,2,7.4,10,1,10,1.71673819742489,1,China,CH,CH,,35.0,105.0,CH,1,China,CH,CH,,35.0,105.0,CH,1,China,CH,CH,,35.0,105.0,CH,20181001094500,Provide aid,Material cooperation
791183773,20181001,201810,USA,UNITED STATES,USA,,,,,,,,CHN,CHINA,CHN,,,,,,,,1,061,061,06,2,6.4,10,1,10,-2.34009360374415,4,"Bien Dong, Tinh Bac Giang, Vietnam, Republic Of",VM,VM71,32199,21.4,106.75,-3708187,4,"Bien Dong, Tinh Bac Giang, Vietnam, Republic Of",VM,VM71,32199,21.4,106.75,-3708187,1,United States,US,US,,39.828175,-98.5795,US,20181001104500,Engage in material cooperation,Material cooperation
791187138,20181001,201810,USA,WASHINGTON,USA,,,,,,,,CHN,CHINESE,CHN,,,,,,,,1,111,111,11,3,-2.0,8,1,8,-3.52564102564103,3,"Washington, District of Columbia, United States",US,USDC,DC001,38.8951,-77.0364,531871,4,"Beijing, Beijing, China",CH,CH22,13001,39.9289,116.388,-1898541,3,"Washington, District of Columbia, United States",US,USDC,DC001,38.8951,-77.0364,531871,20181001110000,Disapprove,Verbal conflict
791187139,20181001,201810,USA,WASHINGTON,USA,,,,,,,,CHN,CHINA,CHN,,,,,,,,1,112,112,11,3,-2.0,8,1,8,-3.52564102564103,4,"Beijing, Beijing, China",CH,CH22,13001,39.9289,116.388,-1898541,2,"Iowa, United States",US,USIA,,42.0046,-93.214,IA,2,"Iowa, United States",US,USIA,,42.0046,-93.214,IA,20181001110000,Disapprove,Verbal conflict
791194931,20181001,201810,CHN,CHINA,CHN,,,,,,,,MNCUSAMED,GOOGLE,USA,,,,,MNC,MED,,1,172,172,17,4,-5.0,10,1,10,-0.32786885245901,4,"Xiaomi, Fujian, China",CH,CH07,13163,25.2225,116.057,10999868,4,"Xiaomi, Fujian, China",CH,CH07,13163,25.2225,116.057,10999868,4,"Xiaomi, Fujian, China",CH,CH07,13163,25.2225,116.057,10999868,20181001114500,Coerce,Material conflict
791194935,20181001,201810,CHN,CHINA,CHN,,,,,,,,USA,THE US,USA,,,,,,,,1,061,061,06,2,6.4,10,1,10,-5.0,1,China,CH,CH,,35.0,105.0,CH,1,China,CH,CH,,35.0,105.0,CH,1,China,CH,CH,,35.0,105.0,CH,20181001114500,Engage in material cooperation,Material cooperation
791194936,20181001,201810,CHN,CHINA,CHN,,,,,,,,USA,WASHINGTON,USA,,,,,,,,1,164,164,16,4,-7.0,10,1,10,-2.2875816993464,1,Hong Kong,HK,HK,,22.25,114.166667,HK,1,Hong Kong,HK,HK,,22.25,114.166667,HK,1,Hong Kong,HK,HK,,22.25,114.166667,HK,20181001114500,Reduce relations,Material conflict
791199409,20181001,201810,USA,HARTFORD,USA,,,,,,,,CHN,CHINA,CHN,,,,,,,,1,045,045,04,1,5.0,8,1,8,1.09223300970874,1,China,CH,CH,,35.0,105.0,CH,1,China,CH,CH,,35.0,105.0,CH,1,China,CH,CH,,35.0,105.0,CH,20181001120000,Consult,Verbal cooperation
791208247,20181001,201810,CHN,CHINA,CHN,,,,,,,,MNCUSAMED,GOOGLE,USA,,,,,MNC,MED,,1,043,043,04,1,2.8,10,1,10,-3.48525469168901,4,"Beijing, Beijing, China",CH,CH22,13001,39.9289,116.388,-1898541,4,"Beijing, Beijing, China",CH,CH22,13001,39.9289,116.388,-1898541,4,"Beijing, Beijing, China",CH,CH22,13001,39.9289,116.388,-1898541,20181001124500,Consult,Verbal cooperation
791208263,20181001,201810,CHN,CHINA,CHN,,,,,,,,USA,THE US,USA,,,,,,,,1,030,030,03,1,4.0,6,1,6,-2.99184043517679,1,China,CH,CH,,35.0,105.0,CH,1,United Kingdom,UK,UK,,54.0,-4.0,UK,4,"Tehran, Tehran, Iran",IR,IR26,41130,35.75,51.5148,10074674,20181001124500,Express intent to cooperate,Verbal cooperation
791209166,20181001,201810,MNCUSAMED,GOOGLE,USA,,,,,MNC,MED,,CHN,CHINA,CHN,,,,,,,,1,042,042,04,1,1.9,10,1,10,-3.48525469168901,4,"Beijing, Beijing, China",CH,CH22,13001,39.9289,116.388,-1898541,4,"Beijing, Beijing, China",CH,CH22,13001,39.9289,116.388,-1898541,4,"Beijing, Beijing, China",CH,CH22,13001,39.9289,116.388,-1898541,20181001124500,Consult,Verbal cooperation
791209167,20181001,201810,MNCUSAMED,GOOGLE,USA,,,,,MNC,MED,,CHN,CHINA,CHN,,,,,,,,1,090,090,09,2,-2.0,18,1,10,-3.48525469168901,4,"Beijing, Beijing, China",CH,CH22,13001,39.9289,116.388,-1898541,4,"Beijing, Beijing, China",CH,CH22,13001,39.9289,116.388,-1898541,4,"Beijing, Beijing, China",CH,CH22,13001,39.9289,116.388,-1898541,20181001124500,Investigate,Material cooperation
791209478,20181001,201810,USA,THE US,USA,,,,,,,,CHN,CHINA,CHN,,,,,,,,1,030,030,03,1,4.0,6,1,6,-2.99184043517679,1,United Kingdom,UK,UK,,54.0,-4.0,UK,1,China,CH,CH,,35.0,105.0,CH,4,"Tehran, Tehran, Iran",IR,IR26,41130,35.75,51.5148,10074674,20181001124500,Express intent to cooperate,Verbal cooperation
791212720,20181001,201810,USA,NEW YORK,USA,,,,,,,,CHN,BEIJING,CHN,,,,,,,,1,036,036,03,1,4.0,14,2,14,-6.26785714285715,2,"New York, United States",US,USNY,,42.1497,-74.9384,NY,4,"Beijing, Beijing, China",CH,CH22,13001,39.9289,116.388,-1898541,4,"Beijing, Beijing, China",CH,CH22,13001,39.9289,116.388,-1898541,20181001130000,Express intent to cooperate,Verbal cooperation
791212723,20181001,201810,USA,NEW YORK,USA,,,,,,,,CHN,BEIJING,CHN,,,,,,,,1,164,164,16,4,-7.0,10,2,10,-6.26785714285715,2,"New York, United States",US,USNY,,42.1497,-74.9384,NY,4,"Beijing, Beijing, China",CH,CH22,13001,39.9289,116.388,-1898541,4,"Beijing, Beijing, China",CH,CH22,13001,39.9289,116.388,-1898541,20181001130000,Reduce relations,Material conflict
791215740,20181001,201810,USA,UNITED STATES,USA,,,,,,,,CHN,CHINA,CHN,,,,,,,,1,061,061,06,2,6.4,6,1,6,-2.32558139534884,2,"California, United States",US,USCA,,36.17,-119.746,CA,2,"California, United States",US,USCA,,36.17,-119.746,CA,2,"California, United States",US,USCA,,36.17,-119.746,CA,20181001131500,Engage in material cooperation,Material cooperation
791231030,20181001,201810,MNCUSABUS,MORGAN STANLEY,USA,,,,,MNC,BUS,,CHN,CHINA,CHN,,,,,,,,1,020,020,02,1,3.0,20,2,20,-3.93013100436681,1,Macau,MC,MC,,22.157778,113.559722,MC,1,Macau,MC,MC,,22.157778,113.559722,MC,1,Macau,MC,MC,,22.157778,113.559722,MC,20181001143000,Appeal,Verbal cooperation
791233345,20181001,201810,CHNOPP,BEIJING,CHN,,,,,OPP,,,USAGOV,THE US,USA,,,,,GOV,,,1,141,141,14,3,-6.5,12,1,6,-0.64850843060959,4,"Beijing, Beijing, China",CH,CH22,13001,39.9289,116.388,-1898541,4,"Beijing, Beijing, China",CH,CH22,13001,39.9289,116.388,-1898541,4,"Beijing, Beijing, China",CH,CH22,13001,39.9289,116.388,-1898541,20181001144500,Protest,Verbal conflict
791243262,20181001,201810,CHNGOV,CHINESE,CHN,,,,,GOV,,,USA,WASHINGTON,USA,,,,,,,,1,040,040,04,1,1.0,6,1,6,0.0,4,"Beijing, Beijing, China",CH,CH22,13001,39.9289,116.388,-1898541,3,"White House, District of Columbia, United States",US,USDC,,38.8951,-77.0364,531871,4,"Beijing, Beijing, China",CH,CH22,13001,39.9289,116.388,-1898541,20181001153000,Consult,Verbal cooperation
791248421,20181001,201810,USA,PENNSYLVANIA,USA,,,,,,,,CHN,CHINESE,CHN,,,,,,,,1,051,051,05,1,3.4,6,1,6,2.35294117647059,2,"New Jersey, United States",US,USNJ,,40.314,-74.5089,NJ,3,"Warren County, New Jersey, United States",US,USNJ,,40.8334,-74.9496,882237,3,"Warren County, New Jersey, United States",US,USNJ,,40.8334,-74.9496,882237,20181001154500,Engage in diplomatic cooperation,Verbal cooperation
791248748,20181001,201810,USAMIL,A US,USA,,,,,MIL,,,CHN,CHINA,CHN,,,,,,,,1,010,010,01,1,0.0,7,1,7,-2.05128205128205,1,China,CH,CH,,35.0,105.0,CH,1,China,CH,CH,,35.0,105.0,CH,1,China,CH,CH,,35.0,105.0,CH,20181001154500,Make public statement,Verbal cooperation
791248750,20181001,201810,USAMIL,A US,USA,,,,,MIL,,,CHN,CHINA,CHN,,,,,,,,1,190,190,19,4,-10.0,10,1,10,-2.05128205128205,1,China,CH,CH,,35.0,105.0,CH,1,China,CH,CH,,35.0,105.0,CH,1,China,CH,CH,,35.0,105.0,CH,20181001154500,Fight,Material conflict
791261192,20181001,201810,MNCUSA,NETFLIX,USA,,,,,MNC,,,CHN,CHINA,CHN,,,,,,,,1,010,010,01,1,0.0,8,1,8,0.57471264367817,1,United States,US,US,,39.828175,-98.5795,US,1,China,CH,CH,,35.0,105.0,CH,1,United States,US,US,,39.828175,-98.5795,US,20181001164500,Make public statement,Verbal cooperation
791261533,20181001,201810,USA,WASHINGTON,USA,,,,,,,,CHN,CHINA,CHN,,,,,,,,1,036,036,03,1,4.0,8,4,8,-4.3859649122807,4,"Beijing, Beijing, China",CH,CH22,13001,39.9289,116.388,-1898541,3,"Washington, District of Columbia, United States",US,USDC,DC001,38.8951,-77.0364,531871,3,"Washington, District of Columbia, United States",US,USDC,DC001,38.8951,-77.0364,531871,20181001164500,Express intent to cooperate,Verbal cooperation
791261537,20181001,201810,USA,WASHINGTON,USA,,,,,,,,CHN,CHINA,CHN,,,,,,,,1,120,120,12,3,-4.0,80,8,80,-5.36133641189588,4,"Beijing, Beijing, China",CH,CH22,13001,39.9289,116.388,-1898541,4,"Beijing, Beijing, China",CH,CH22,13001,39.9289,116.388,-1898541,4,"Beijing, Beijing, China",CH,CH22,13001,39.9289,116.388,-1898541,20181001164500,Reject,Verbal conflict
791264781,20181001,201810,USA,THE US,USA,,,,,,,,CHN,CHINA,CHN,,,,,,,,1,190,190,19,4,-10.0,10,1,10,-2.30414746543779,1,China,CH,CH,,35.0,105.0,CH,1,China,CH,CH,,35.0,105.0,CH,1,China,CH,CH,,35.0,105.0,CH,20181001170000,Fight,Material conflict
791266549,20181001,201810,CHN,CHINA,CHN,,,,,,,,USA,THE US,USA,,,,,,,,1,046,046,04,1,7.0,10,1,10,-5.7422969187675,4,"Tiananmen Square, Beijing, China",CH,CH22,13001,39.9044,116.391,9244097,4,"Tiananmen Square, Beijing, China",CH,CH22,13001,39.9044,116.391,9244097,4,"Tiananmen Square, Beijing, China",CH,CH22,13001,39.9044,116.391,9244097,20181001171500,Consult,Verbal cooperation
791266554,20181001,201810,CHN,CHINA,CHN,,,,,,,,USA,THE US,USA,,,,,,,,1,192,192,19,4,-9.5,10,1,10,-4.13533834586466,4,"Beijing, Beijing, China",CH,CH22,13001,39.9289,116.388,-1898541,4,"Beijing, Beijing, China",CH,CH22,13001,39.9289,116.388,-1898541,4,"Beijing, Beijing, China",CH,CH22,13001,39.9289,116.388,-1898541,20181001171500,Fight,Material conflict
791266555,20181001,201810,CHN,CHINA,CHN,,,,,,,,USA,THE US,USA,,,,,,,,1,193,193,19,4,-10.0,6,1,6,-4.13533834586466,4,"Beijing, Beijing, China",CH,CH22,13001,39.9289,116.388,-1898541,4,"Beijing, Beijing, China",CH,CH22,13001,39.9289,116.388,-1898541,4,"Beijing, Beijing, China",CH,CH22,13001,39.9289,116.388,-1898541,20181001171500,Fight,Material conflict
791266557,20181001,201810,CHN,CHINESE,CHN,,,,,,,,USAGOV,US OFFICIAL,USA,,,,,GOV,,,1,010,010,01,1,0.0,10,1,10,-5.7422969187675,4,"Beijing, Beijing, China",CH,CH22,13001,39.9289,116.388,-1898541,4,"Beijing, Beijing, China",CH,CH22,13001,39.9289,116.388,-1898541,4,"Beijing, Beijing, China",CH,CH22,13001,39.9289,116.388,-1898541,20181001171500,Make public statement,Verbal cooperation
791267916,20181001,201810,USA,THE US,USA,,,,,,,,CHN,CHINA,CHN,,,,,,,,1,046,046,04,1,7.0,10,1,10,-5.7422969187675,4,"Beijing, Beijing, China",CH,CH22,13001,39.9289,116.388,-1898541,4,"Beijing, Beijing, China",CH,CH22,13001,39.9289,116.388,-1898541,4,"Beijing, Beijing, China",CH,CH22,13001,39.9289,116.388,-1898541,20181001171500,Consult,Verbal cooperation
791270916,20181001,201810,USA,WASHINGTON,USA,,,,,,,,CHN,CHINA,CHN,,,,,,,,1,120,120,12,3,-4.0,10,1,10,-5.88235294117647,3,"Washington, District of Columbia, United States",US,USDC,DC001,38.8951,-77.0364,531871,4,"Beijing, Beijing, China",CH,CH22,13001,39.9289,116.388,-1898541,4,"Beijing, Beijing, China",CH,CH22,13001,39.9289,116.388,-1898541,20181001173000,Reject,Verbal conflict
791273969,20181001,201810,USA,PENNSYLVANIA,USA,,,,,,,,CHN,CHINESE,CHN,,,,,,,,1,051,051,05,1,3.4,6,1,6,2.16049382716049,2,"New Jersey, United States",US,USNJ,,40.314,-74.5089,NJ,2,"New Jersey, United States",US,USNJ,,40.314,-74.5089,NJ,2,"New Jersey, United States",US,USNJ,,40.314,-74.5089,NJ,20181001174500,Engage in diplomatic cooperation,Verbal cooperation
791273970,20181001,201810,USA,PENNSYLVANIA,USA,,,,,,,,CHN,CHINESE,CHN,,,,,,,,1,051,051,05,1,3.4,6,1,6,2.57142857142857,2,"New York, United States",US,USNY,,42.1497,-74.9384,NY,2,"New York, United States",US,USNY,,42.1497,-74.9384,NY,2,"New York, United States",US,USNY,,42.1497,-74.9384,NY,20181001174500,Engage in diplomatic cooperation,Verbal cooperation
791274245,20181001,201810,USAMIL,AMERICAN,USA,,,,,MIL,,,CHN,BEIJING,CHN,,,,,,,,1,110,110,11,3,-2.0,6,1,6,-4.33333333333333,4,"Beijing, Beijing, China",CH,CH22,13001,39.9289,116.388,-1898541,1,Hong Kong,HK,HK,,22.25,114.166667,HK,1,Hong Kong,HK,HK,,22.25,114.166667,HK,20181001174500,Disapprove,Verbal conflict
791276909,20181001,201810,USA,WASHINGTON,USA,,,,,,,,CHN,CHINA,CHN,,,,,,,,1,036,036,03,1,4.0,6,3,6,-2.77136258660508,3,"Washington, District of Columbia, United States",US,USDC,DC001,38.8951,-77.0364,531871,3,"Washington, District of Columbia, United States",US,USDC,DC001,38.8951,-77.0364,531871,4,"Beijing, Beijing, China",CH,CH22,13001,39.9289,116.388,-1898541,20181001180000,Express intent to cooperate,Verbal cooperation
791276910,20181001,201810,USA,WASHINGTON,USA,,,,,,,,CHN,CHINA,CHN,,,,,,,,1,036,036,03,1,4.0,6,3,6,-3.2859958787213,3,"Washington, District of Columbia, United States",US,USDC,DC001,38.8951,-77.0364,531871,3,"Washington, District of Columbia, United States",US,USDC,DC001,38.8951,-77.0364,531871,3,"Washington, District of Columbia, United States",US,USDC,DC001,38.8951,-77.0364,531871,20181001180000,Express intent to cooperate,Verbal cooperation
791277143,20181001,201810,USAGOVMIL,WASHINGTON,USA,,,,,GOV,MIL,,CHN,CHINA,CHN,,,,,,,,1,036,036,03,1,4.0,6,1,6,-3.14769975786925,3,"Washington, District of Columbia, United States",US,USDC,DC001,38.8951,-77.0364,531871,4,"Beijing, Beijing, China",CH,CH22,13001,39.9289,116.388,-1898541,4,"Beijing, Beijing, China",CH,CH22,13001,39.9289,116.388,-1898541,20181001180000,Express intent to cooperate,Verbal cooperation
791277144,20181001,201810,USAGOVMIL,WASHINGTON,USA,,,,,GOV,MIL,,CHN,CHINA,CHN,,,,,,,,1,120,120,12,3,-4.0,6,1,6,-3.14769975786925,4,"Beijing, Beijing, China",CH,CH22,13001,39.9289,116.388,-1898541,4,"Beijing, Beijing, China",CH,CH22,13001,39.9289,116.388,-1898541,4,"Beijing, Beijing, China",CH,CH22,13001,39.9289,116.388,-1898541,20181001180000,Reject,Verbal conflict
791278742,20181001,201810,CHNMIL,CHINESE,CHN,,,,,MIL,,,USA,THE US,USA,,,,,,,,1,040,040,04,1,1.0,6,1,6,-3.88170055452865,4,"Beijing, Beijing, China",CH,CH22,13001,39.9289,116.388,-1898541,4,"Beijing, Beijing, China",CH,CH22,13001,39.9289,116.388,-1898541,4,"Beijing, Beijing, China",CH,CH22,13001,39.9289,116.388,-1898541,20181001181500,Consult,Verbal cooperation
791279933,20181001,201810,USA,THE US,USA,,,,,,,,CHNMIL,CHINESE,CHN,,,,,MIL,,,1,040,040,04,1,1.0,6,1,6,-3.88170055452865,4,"Beijing, Beijing, China",CH,CH22,13001,39.9289,116.388,-1898541,4,"Beijing, Beijing, China",CH,CH22,13001,39.9289,116.388,-1898541,4,"Beijing, Beijing, China",CH,CH22,13001,39.9289,116.388,-1898541,20181001181500,Consult,Verbal cooperation
791281721,20181001,201810,CHN,CHINESE,CHN,,,,,,,,USA,UNITED STATES,USA,,,,,,,,1,111,111,11,3,-2.0,6,1,6,0.65549890750182,4,"Xiaomi, Fujian, China",CH,CH07,13163,25.2225,116.057,10999868,4,"Xiaomi, Fujian, China",CH,CH07,13163,25.2225,116.057,10999868,4,"Xiaomi, Fujian, China",CH,CH07,13163,25.2225,116.057,10999868,20181001183000,Disapprove,Verbal conflict
791284506,20181001,201810,CHN,CHINA,CHN,,,,,,,,USA,NEW YORK,USA,,,,,,,,1,013,013,01,1,0.4,7,1,7,-1.96629213483146,4,"Beijing, Beijing, China",CH,CH22,13001,39.9289,116.388,-1898541,2,"New York, United States",US,USNY,,42.1497,-74.9384,NY,2,"New York, United States",US,USNY,,42.1497,-74.9384,NY,20181001184500,Make public statement,Verbal cooperation
791284514,20181001,201810,CHNMIL,CHINESE,CHN,,,,,MIL,,,USAMIL,A US,USA,,,,,MIL,,,1,100,100,10,3,-5.0,6,1,6,-7.17213114754098,4,"Beijing, Beijing, China",CH,CH22,13001,39.9289,116.388,-1898541,4,"Beijing, Beijing, China",CH,CH22,13001,39.9289,116.388,-1898541,4,"Beijing, Beijing, China",CH,CH22,13001,39.9289,116.388,-1898541,20181001184500,Demand,Verbal conflict
791285625,20181001,201810,USA,UNITED STATES,USA,,,,,,,,CHN,CHINA,CHN,,,,,,,,1,012,012,01,1,-0.4,8,1,8,-1.71184022824536,3,"Washington, District of Columbia, United States",US,USDC,DC001,38.8951,-77.0364,531871,1,China,CH,CH,,35.0,105.0,CH,1,China,CH,CH,,35.0,105.0,CH,20181001184500,Make public statement,Verbal cooperation
791285628,20181001,201810,USA,UNITED STATES,USA,,,,,,,,CHN,CHINA,CHN,,,,,,,,1,050,050,05,1,3.5,6,1,6,-1.71184022824536,1,Russia,RS,RS,,60.0,100.0,RS,1,Russia,RS,RS,,60.0,100.0,RS,1,Russia,RS,RS,,60.0,100.0,RS,20181001184500,Engage in diplomatic cooperation,Verbal cooperation
791289064,20181001,201810,USAMED,REUTERS,USA,,,,,MED,,,CHN,CHINA,CHN,,,,,,,,1,164,164,16,4,-7.0,6,1,6,-4.9079754601227,4,"Beijing, Beijing, China",CH,CH22,13001,39.9289,116.388,-1898541,4,"Beijing, Beijing, China",CH,CH22,13001,39.9289,116.388,-1898541,4,"Beijing, Beijing, China",CH,CH22,13001,39.9289,116.388,-1898541,20181001190000,Reduce relations,Material conflict
791289065,20181001,201810,USAMED,REUTERS,USA,,,,,MED,,,CHN,CHINA,CHN,,,,,,,,1,164,164,16,4,-7.0,6,1,6,-4.75247524752475,3,"Washington, District of Columbia, United States",US,USDC,DC001,38.8951,-77.0364,531871,3,"Washington, District of Columbia, United States",US,USDC,DC001,38.8951,-77.0364,531871,3,"Washington, District of Columbia, United States",US,USDC,DC001,38.8951,-77.0364,531871,20181001190000,Reduce relations,Material conflict
791297472,20181001,201810,USA,THE US,USA,,,,,,,,CHN,CHINA,CHN,,,,,,,,1,111,111,11,3,-2.0,10,1,10,1.79640718562875,1,China,CH,CH,,35.0,105.0,CH,1,United States,US,US,,39.828175,-98.5795,US,1,China,CH,CH,,35.0,105.0,CH,20181001194500,Disapprove,Verbal conflict
791297645,20181001,201810,USAEDU,THE US,USA,,,,,EDU,,,CHN,CHINA,CHN,,,,,,,,1,010,010,01,1,0.0,8,1,8,1.63265306122449,1,Singapore,SN,SN,,1.366667,103.8,SN,1,Singapore,SN,SN,,1.366667,103.8,SN,1,Singapore,SN,SN,,1.366667,103.8,SN,20181001194500,Make public statement,Verbal cooperation
791299088,20181001,201810,CHN,CHINA,CHN,,,,,,,,USA,UNITED STATES,USA,,,,,,,,1,042,042,04,1,1.9,6,1,6,-0.33936651583711,4,"Beijing, Beijing, China",CH,CH22,13001,39.9289,116.388,-1898541,1,United States,US,US,,39.828175,-98.5795,US,1,United States,US,US,,39.828175,-98.5795,US,20181001200000,Consult,Verbal cooperation
791300221,20181001,201810,USA,UNITED STATES,USA,,,,,,,,CHN,CHINA,CHN,,,,,,,,1,043,043,04,1,2.8,6,1,6,-0.33936651583711,1,United States,US,US,,39.828175,-98.5795,US,4,"Beijing, Beijing, China",CH,CH22,13001,39.9289,116.388,-1898541,1,United States,US,US,,39.828175,-98.5795,US,20181001200000,Consult,Verbal cooperation
791301742,20181001,201810,CHN,CHINA,CHN,,,,,,,,USA,UNITED STATES,USA,,,,,,,,1,112,112,11,3,-2.0,6,1,6,-4.61278036394414,4,"Beijing, Beijing, China",CH,CH22,13001,39.9289,116.388,-1898541,3,"Washington, District of Columbia, United States",US,USDC,DC001,38.8951,-77.0364,531871,4,"Beijing, Beijing, China",CH,CH22,13001,39.9289,116.388,-1898541,20181001201500,Disapprove,Verbal conflict
791302877,20181001,201810,USA,UNITED STATES,USA,,,,,,,,CHN,CHINA,CHN,,,,,,,,1,112,112,11,3,-2.0,9,1,8,-4.61278036394414,3,"Washington, District of Columbia, United States",US,USDC,DC001,38.8951,-77.0364,531871,4,"Beijing, Beijing, China",CH,CH22,13001,39.9289,116.388,-1898541,4,"Beijing, Beijing, China",CH,CH22,13001,39.9289,116.388,-1898541,20181001201500,Disapprove,Verbal conflict
791305301,20181001,201810,USA,UNITED STATES,USA,,,,,,,,CHN,CHINA,CHN,,,,,,,,1,046,046,04,1,7.0,10,1,10,0.427350427350428,3,"Berkeley, California, United States",US,USCA,CA001,37.8716,-122.273,1658037,1,China,CH,CH,,35.0,105.0,CH,1,China,CH,CH,,35.0,105.0,CH,20181001203000,Consult,Verbal cooperation
791314492,20181001,201810,CHN,CHINA,CHN,,,,,,,,USAMIL,THE US,USA,,,,,MIL,,,1,130,130,13,3,-4.4,10,1,10,1.69014084507042,1,China,CH,CH,,35.0,105.0,CH,1,China,CH,CH,,35.0,105.0,CH,1,China,CH,CH,,35.0,105.0,CH,20181001213000,Threaten,Verbal conflict
791322089,20181001,201810,CHN,BEIJING,CHN,,,,,,,,USA,WASHINGTON,USA,,,,,,,,1,190,190,19,4,-10.0,6,1,6,-6.20384047267356,4,"Beijing, Beijing, China",CH,CH22,13001,39.9289,116.388,-1898541,2,"Washington, United States",US,USWA,,47.3917,-121.571,WA,4,"Beijing, Beijing, China",CH,CH22,13001,39.9289,116.388,-1898541,20181001221500,Fight,Material conflict
791323116,20181001,201810,USA,WASHINGTON,USA,,,,,,,,CHN,BEIJING,CHN,,,,,,,,1,190,190,19,4,-10.0,6,1,6,-6.20384047267356,2,"Washington, United States",US,USWA,,47.3917,-121.571,WA,4,"Beijing, Beijing, China",CH,CH22,13001,39.9289,116.388,-1898541,4,"Beijing, Beijing, China",CH,CH22,13001,39.9289,116.388,-1898541,20181001221500,Fight,Material conflict
791324417,20181001,201810,CHN,CHINA,CHN,,,,,,,,MNCUSAMEDELI,GOOGLE,USA,,,,,MNC,MED,ELI,1,010,010,01,1,0.0,10,1,10,0.66844919786096,4,"Beijing, Beijing, China",CH,CH22,13001,39.9289,116.388,-1898541,4,"Beijing, Beijing, China",CH,CH22,13001,39.9289,116.388,-1898541,4,"Beijing, Beijing, China",CH,CH22,13001,39.9289,116.388,-1898541,20181001223000,Make public statement,Verbal cooperation
791326363,20081003,200810,USA,NEW JERSEY,USA,,,,,,,,CHNGOV,CHINESE,CHN,,,,,GOV,,,1,010,010,01,1,0.0,6,1,6,0.26246719160105,1,China,CH,CH,,35.0,105.0,CH,1,China,CH,CH,,35.0,105.0,CH,1,China,CH,CH,,35.0,105.0,CH,20181001224500,Make public statement,Verbal cooperation
791327946,20181001,201810,USA,CALIFORNIA,USA,,,,,,,,CHN,CANTON,CHN,,,,,,,,1,1823,182,18,4,-10.0,8,1,8,-6.99300699300699,2,"California, United States",US,USCA,,36.17,-119.746,CA,1,China,CH,CH,,35.0,105.0,CH,1,China,CH,CH,,35.0,105.0,CH,20181001224500,Assault,Material conflict
791330389,20181001,201810,USA,THE US,USA,,,,,,,,CHN,CHINA,CHN,,,,,,,,1,110,110,11,3,-2.0,6,1,6,-6.10687022900763,4,"South China Sea, Brunei (general), Brunei",BX,BX00,,15.0,115.0,-1337919,4,"South China Sea, Brunei (general), Brunei",BX,BX00,,15.0,115.0,-1337919,4,"South China Sea, Brunei (general), Brunei",BX,BX00,,15.0,115.0,-1337919,20181001230000,Disapprove,Verbal conflict
791330642,20181001,201810,USAMIL,AMERICAN,USA,,,,,MIL,,,CHN,BEIJING,CHN,,,,,,,,1,110,110,11,3,-2.0,6,1,6,-4.53216374269006,1,United States,US,US,,39.828175,-98.5795,US,4,"Beijing, Beijing, China",CH,CH22,13001,39.9289,116.388,-1898541,4,"Beijing, Beijing, China",CH,CH22,13001,39.9289,116.388,-1898541,20181001230000,Disapprove,Verbal conflict
791334953,20181001,201810,USA,WISCONSIN,USA,,,,,,,,CHN,CHINA,CHN,,,,,,,,1,061,061,06,2,6.4,7,1,7,-2.33463035019456,2,"Ohio, United States",US,USOH,,40.3736,-82.7755,OH,2,"Ohio, United States",US,USOH,,40.3736,-82.7755,OH,2,"Ohio, United States",US,USOH,,40.3736,-82.7755,OH,20181001233000,Engage in material cooperation,Material cooperation
791341851,20181002,201810,USA,THE US,USA,,,,,,,,CHN,CHINA,CHN,,,,,,,,1,110,110,11,3,-2.0,6,1,6,-6.5015479876161,4,"Beijing, Beijing, China",CH,CH22,13001,39.9289,116.388,-1898541,4,"Beijing, Beijing, China",CH,CH22,13001,39.9289,116.388,-1898541,4,"Beijing, Beijing, China",CH,CH22,13001,39.9289,116.388,-1898541,20181002000000,Disapprove,Verbal conflict
791342308,20181002,201810,USABUS,KENTUCKY,USA,,,,,BUS,,,CHN,CHINA,CHN,,,,,,,,1,061,061,06,2,6.4,6,1,6,-4.18502202643172,2,"Kentucky, United States",US,USKY,,37.669,-84.6514,KY,2,"Kentucky, United States",US,USKY,,37.669,-84.6514,KY,2,"Kentucky, United States",US,USKY,,37.669,-84.6514,KY,20181002000000,Engage in material cooperation,Material cooperation
791343885,20181002,201810,CHN,CHINA,CHN,,,,,,,,USA,WASHINGTON,USA,,,,,,,,1,120,120,12,3,-4.0,6,1,6,-4.17227456258411,4,"Paris, France (general), France",FR,FR00,16282,48.8667,2.33333,-1456928,4,"Brussels, Bruxelles-Capitale, Belgium",BE,BE11,5850,50.8333,4.33333,-1955538,4,"Paris, France (general), France",FR,FR00,16282,48.8667,2.33333,-1456928,20181002001500,Reject,Verbal conflict
791345762,20181002,201810,USA,UNITED STATES,USA,,,,,,,,CHN,CHINA,CHN,,,,,,,,1,040,040,04,1,1.0,60,6,60,-12.280701754386,1,China,CH,CH,,35.0,105.0,CH,1,China,CH,CH,,35.0,105.0,CH,1,China,CH,CH,,35.0,105.0,CH,20181002001500,Consult,Verbal cooperation
791345763,20181002,201810,USA,THE US,USA,,,,,,,,CHN,CHINA,CHN,,,,,,,,1,061,061,06,2,6.4,10,1,10,-3.72340425531915,1,China,CH,CH,,35.0,105.0,CH,1,China,CH,CH,,35.0,105.0,CH,1,China,CH,CH,,35.0,105.0,CH,20181002001500,Engage in material cooperation,Material cooperation
791346273,20181002,201810,USAMED,REUTERS,USA,,,,,MED,,,CHN,CHINA,CHN,,,,,,,,1,164,164,16,4,-7.0,6,1,6,-5.33333333333334,3,"Washington, District of Columbia, United States",US,USDC,DC001,38.8951,-77.0364,531871,3,"Washington, District of Columbia, United States",US,USDC,DC001,38.8951,-77.0364,531871,3,"Washington, District of Columbia, United States",US,USDC,DC001,38.8951,-77.0364,531871,20181002001500,Reduce relations,Material conflict
791348290,20181002,201810,CHN,CHINA,CHN,,,,,,,,USA,UNITED STATES,USA,,,,,,,,1,046,046,04,1,7.0,10,1,10,-6.44257703081232,4,"Beijing, Beijing, China",CH,CH22,13001,39.9289,116.388,-1898541,4,"Beijing, Beijing, China",CH,CH22,13001,39.9289,116.388,-1898541,4,"Beijing, Beijing, China",CH,CH22,13001,39.9289,116.388,-1898541,20181002003000,Consult,Verbal cooperation
791350004,20181002,201810,USA,WASHINGTON,USA,,,,,,,,CHN,CHINA,CHN,,,,,,,,1,036,036,03,1,4.0,8,1,8,-2.84900284900284,3,"Washington, District of Columbia, United States",US,USDC,DC001,38.8951,-77.0364,531871,4,"Beijing, Beijing, China",CH,CH22,13001,39.9289,116.388,-1898541,4,"Beijing, Beijing, China",CH,CH22,13001,39.9289,116.388,-1898541,20181002003000,Express intent to cooperate,Verbal cooperation
791350008,20181002,201810,USA,UNITED STATES,USA,,,,,,,,CHN,CHINA,CHN,,,,,,,,1,046,046,04,1,7.0,8,1,8,-6.44257703081232,3,"Washington, District of Columbia, United States",US,USDC,DC001,38.8951,-77.0364,531871,4,"Beijing, Beijing, China",CH,CH22,13001,39.9289,116.388,-1898541,3,"Washington, District of Columbia, United States",US,USDC,DC001,38.8951,-77.0364,531871,20181002003000,Consult,Verbal cooperation
791350010,20181002,201810,USA,WASHINGTON,USA,,,,,,,,CHN,CHINA,CHN,,,,,,,,1,120,120,12,3,-4.0,10,1,10,-2.84900284900284,4,"Beijing, Beijing, China",CH,CH22,13001,39.9289,116.388,-1898541,4,"Beijing, Beijing, China",CH,CH22,13001,39.9289,116.388,-1898541,4,"Beijing, Beijing, China",CH,CH22,13001,39.9289,116.388,-1898541,20181002003000,Reject,Verbal conflict
791355286,20181002,201810,CHNMIL,CHINESE,CHN,,,,,MIL,,,USAGOV,AMERICAN,USA,,,,,GOV,,,1,010,010,01,1,0.0,6,1,6,-15.3846153846154,1,China,CH,CH,,35.0,105.0,CH,1,United States,US,US,,39.828175,-98.5795,US,1,United States,US,US,,39.828175,-98.5795,US,20181002010000,Make public statement,Verbal cooperation
791356665,20181002,201810,USA,THE US,USA,,,,,,,,CHN,CHINA,CHN,,,,,,,,1,190,190,19,4,-10.0,10,1,10,-2.30414746543779,1,China,CH,CH,,35.0,105.0,CH,1,China,CH,CH,,35.0,105.0,CH,1,China,CH,CH,,35.0,105.0,CH,20181002010000,Fight,Material conflict
791356964,20181002,201810,USAMIL,A US,USA,,,,,MIL,,,CHN,CHINA,CHN,,,,,,,,1,010,010,01,1,0.0,7,1,7,-2.30414746543779,1,China,CH,CH,,35.0,105.0,CH,1,China,CH,CH,,35.0,105.0,CH,1,China,CH,CH,,35.0,105.0,CH,20181002010000,Make public statement,Verbal cooperation
791356965,20181002,201810,USAMIL,A US,USA,,,,,MIL,,,CHN,CHINA,CHN,,,,,,,,1,190,190,19,4,-10.0,6,1,6,-2.30414746543779,1,China,CH,CH,,35.0,105.0,CH,1,China,CH,CH,,35.0,105.0,CH,1,China,CH,CH,,35.0,105.0,CH,20181002010000,Fight,Material conflict
791357933,20180925,201809,CHN,CHINA,CHN,,,,,,,,USA,THE US,USA,,,,,,,,1,180,180,18,4,-9.0,8,1,8,-7.11297071129707,4,"Beijing, Beijing, China",CH,CH22,13001,39.9289,116.388,-1898541,1,Hong Kong,HK,HK,,22.25,114.166667,HK,4,"Beijing, Beijing, China",CH,CH22,13001,39.9289,116.388,-1898541,20181002011500,Assault,Material conflict
791358508,20181002,201810,CHN,CANTON,CHN,,,,,,,,USA,UNITED STATES,USA,,,,,,,,1,015,015,01,1,0.0,6,1,6,-8.20399113082035,1,China,CH,CH,,35.0,105.0,CH,3,"North Canton, Ohio, United States",US,USOH,,40.8759,-81.4023,1065163,1,China,CH,CH,,35.0,105.0,CH,20181002011500,Make public statement,Verbal cooperation
791358531,20181002,201810,CHNMIL,CHINESE,CHN,,,,,MIL,,,USA,THE US,USA,,,,,,,,1,040,040,04,1,1.0,6,1,6,-3.82513661202186,4,"Beijing, Beijing, China",CH,CH22,13001,39.9289,116.388,-1898541,4,"Beijing, Beijing, China",CH,CH22,13001,39.9289,116.388,-1898541,4,"Beijing, Beijing, China",CH,CH22,13001,39.9289,116.388,-1898541,20181002011500,Consult,Verbal cooperation
791360093,20181002,201810,USA,THE US,USA,,,,,,,,CHNMIL,CHINESE,CHN,,,,,MIL,,,1,040,040,04,1,1.0,6,1,6,-3.82513661202186,4,"Beijing, Beijing, China",CH,CH22,13001,39.9289,116.388,-1898541,4,"Beijing, Beijing, China",CH,CH22,13001,39.9289,116.388,-1898541,4,"Beijing, Beijing, China",CH,CH22,13001,39.9289,116.388,-1898541,20181002011500,Consult,Verbal cooperation
791360394,20181002,201810,USAMIL,AMERICAN,USA,,,,,MIL,,,CHNMIL,CHINESE,CHN,,,,,MIL,,,1,0841,084,08,2,7.0,6,1,6,-7.11297071129707,4,"Paris, France (general), France",FR,FR00,16282,48.8667,2.33333,-1456928,4,"Paris, France (general), France",FR,FR00,16282,48.8667,2.33333,-1456928,4,"Paris, France (general), France",FR,FR00,16282,48.8667,2.33333,-1456928,20181002011500,Yield,Material cooperation
791361755,20181002,201810,CHN,CHINA,CHN,,,,,,,,USA,UNITED STATES,USA,,,,,,,,1,046,046,04,1,7.0,8,1,8,-6.21890547263681,3,"Washington, District of Columbia, United States",US,USDC,DC001,38.8951,-77.0364,531871,3,"Washington, District of Columbia, United States",US,USDC,DC001,38.8951,-77.0364,531871,3,"Washington, District of Columbia, United States",US,USDC,DC001,38.8951,-77.0364,531871,20181002013000,Consult,Verbal cooperation
791361760,20181002,201810,CHNGOV,BEIJING,CHN,,,,,GOV,,,USA,UNITED STATES,USA,,,,,,,,1,020,020,02,1,3.0,10,1,10,-5.94059405940594,4,"Beijing, Beijing, China",CH,CH22,13001,39.9289,116.388,-1898541,1,United States,US,US,,39.828175,-98.5795,US,1,United States,US,US,,39.828175,-98.5795,US,20181002013000,Appeal,Verbal cooperation
791363447,20181002,201810,USAGOVMEDASA,RADIO FREE ASIA,USA,,,,,GOV,MED,,CHN,BEIJING,CHN,,,,,,,,1,173,173,17,4,-5.0,10,1,10,-4.48877805486284,4,"Xinjiang, Jiangxi, China",CH,CH03,13167,27.7481,116.274,11065838,4,"Xinjiang, Jiangxi, China",CH,CH03,13167,27.7481,116.274,11065838,4,"Xinjiang, Jiangxi, China",CH,CH03,13167,27.7481,116.274,11065838,20181002013000,Coerce,Material conflict
791368515,20181002,201810,MNCUSA,ISHARES,USA,,,,,MNC,,,CHN,CHINA,CHN,,,,,,,,1,071,071,07,2,7.4,10,1,10,1.55844155844156,1,China,CH,CH,,35.0,105.0,CH,1,China,CH,CH,,35.0,105.0,CH,1,China,CH,CH,,35.0,105.0,CH,20181002020000,Provide aid,Material cooperation
791369220,20181002,201810,USAMED,REUTERS,USA,,,,,MED,,,CHN,CHINA,CHN,,,,,,,,1,164,164,16,4,-7.0,6,1,6,-5.31309297912713,4,"Beijing, Beijing, China",CH,CH22,13001,39.9289,116.388,-1898541,4,"Beijing, Beijing, China",CH,CH22,13001,39.9289,116.388,-1898541,4,"Beijing, Beijing, China",CH,CH22,13001,39.9289,116.388,-1898541,20181002020000,Reduce relations,Material conflict
791374199,20181002,201810,USA,THE US,USA,,,,,,,,CHNMIL,CHINESE,CHN,,,,,MIL,,,1,130,130,13,3,-4.4,10,1,10,-6.45161290322581,4,"Beijing, Beijing, China",CH,CH22,13001,39.9289,116.388,-1898541,4,"Beijing, Beijing, China",CH,CH22,13001,39.9289,116.388,-1898541,4,"Beijing, Beijing, China",CH,CH22,13001,39.9289,116.388,-1898541,20181002023000,Threaten,Verbal conflict
791376494,20181002,201810,USA,THE US,USA,,,,,,,,CHN,CHINA,CHN,,,,,,,,1,130,130,13,3,-4.4,10,2,10,-3.44739732262117,4,"Beijing, Beijing, China",CH,CH22,13001,39.9289,116.388,-1898541,4,"Beijing, Beijing, China",CH,CH22,13001,39.9289,116.388,-1898541,4,"Beijing, Beijing, China",CH,CH22,13001,39.9289,116.388,-1898541,20181002024500,Threaten,Verbal conflict
791378617,20181002,201810,USA,WASHINGTON,USA,,,,,,,,CHN,CHINA,CHN,,,,,,,,1,010,010,01,1,0.0,6,1,6,-6.38686131386861,3,"Washington, District of Columbia, United States",US,USDC,DC001,38.8951,-77.0364,531871,4,"Xinjiang, Jiangxi, China",CH,CH03,13167,27.7481,116.274,11065838,4,"Xinjiang, Jiangxi, China",CH,CH03,13167,27.7481,116.274,11065838,20181002030000,Make public statement,Verbal cooperation
791378624,20181002,201810,USA,WASHINGTON,USA,,,,,,,,CHN,CHINA,CHN,,,,,,,,1,084,084,08,2,7.0,6,1,6,-6.38686131386861,3,"Washington, District of Columbia, United States",US,USDC,DC001,38.8951,-77.0364,531871,4,"Xinjiang, Jiangxi, China",CH,CH03,13167,27.7481,116.274,11065838,4,"Xinjiang, Jiangxi, China",CH,CH03,13167,27.7481,116.274,11065838,20181002030000,Yield,Material cooperation
791381930,20181002,201810,CHN,CHINA,CHN,,,,,,,,USA,UNITED STATES,USA,,,,,,,,1,013,013,01,1,0.4,10,1,10,-2.21606648199446,1,Japan,JA,JA,,36.0,138.0,JA,1,Japan,JA,JA,,36.0,138.0,JA,1,Japan,JA,JA,,36.0,138.0,JA,20181002033000,Make public statement,Verbal cooperation
791386227,20181002,201810,CHNGOV,CHINA,CHN,,,,,GOV,,,USAGOV,US LEADER,USA,,,,,GOV,,,1,120,120,12,3,-4.0,10,1,10,-1.38339920948616,1,China,CH,CH,,35.0,105.0,CH,1,China,CH,CH,,35.0,105.0,CH,1,China,CH,CH,,35.0,105.0,CH,20181002040000,Reject,Verbal conflict
791392670,20181002,201810,CHN,CHINA,CHN,,,,,,,,USAMIL,A US,USA,,,,,MIL,,,1,111,111,11,3,-2.0,8,1,8,-5.73770491803279,4,"Beijing, Beijing, China",CH,CH22,13001,39.9289,116.388,-1898541,4,"Beijing, Beijing, China",CH,CH22,13001,39.9289,116.388,-1898541,4,"Beijing, Beijing, China",CH,CH22,13001,39.9289,116.388,-1898541,20181002044500,Disapprove,Verbal conflict
791392674,20181002,201810,CHNGOV,BEIJING,CHN,,,,,GOV,,,USA,UNITED STATES,USA,,,,,,,,1,020,020,02,1,3.0,10,1,10,-2.45098039215687,4,"Beijing, Beijing, China",CH,CH22,13001,39.9289,116.388,-1898541,3,"Decatur, Washington, United States",US,USWA,WA055,48.5004,-122.82,1534563,3,"Decatur, Washington, United States",US,USWA,WA055,48.5004,-122.82,1534563,20181002044500,Appeal,Verbal cooperation
791404657,20181002,201810,USA,UNITED STATES,USA,,,,,,,,CHN,CHINA,CHN,,,,,,,,1,040,040,04,1,1.0,6,1,6,-11.7647058823529,1,United States,US,US,,39.828175,-98.5795,US,1,China,CH,CH,,35.0,105.0,CH,1,United States,US,US,,39.828175,-98.5795,US,20181002060000,Consult,Verbal cooperation
791408079,20181002,201810,CHN,CHINA,CHN,,,,,,,,USA,UNITED STATES,USA,,,,,,,,1,111,111,11,3,-2.0,8,1,8,-8.95522388059701,4,"Beijing, Beijing, China",CH,CH22,13001,39.9289,116.388,-1898541,1,United States,US,US,,39.828175,-98.5795,US,1,United States,US,US,,39.828175,-98.5795,US,20181002063000,Disapprove,Verbal conflict
791409082,20181002,201810,USA,WASHINGTON,USA,,,,,,,,CHN,CHINESE,CHN,,,,,,,,1,050,050,05,1,3.5,10,1,10,0.90225563909775,1,China,CH,CH,,35.0,105.0,CH,1,China,CH,CH,,35.0,105.0,CH,1,China,CH,CH,,35.0,105.0,CH,20181002063000,Engage in diplomatic cooperation,Verbal cooperation
791409083,20181002,201810,USA,WASHINGTON,USA,,,,,,,,CHN,CHINA,CHN,,,,,,,,1,120,120,12,3,-4.0,8,1,8,-4.95049504950495,3,"Washington, District of Columbia, United States",US,USDC,DC001,38.8951,-77.0364,531871,4,"Beijing, Beijing, China",CH,CH22,13001,39.9289,116.388,-1898541,4,"Beijing, Beijing, China",CH,CH22,13001,39.9289,116.388,-1898541,20181002063000,Reject,Verbal conflict
791410377,20181002,201810,CHN,CHINA,CHN,,,,,,,,USA,UNITED STATES,USA,,,,,,,,1,057,057,05,1,8.0,8,1,8,-0.26954177897574,1,China,CH,CH,,35.0,105.0,CH,1,United States,US,US,,39.828175,-98.5795,US,1,United States,US,US,,39.828175,-98.5795,US,20181002064500,Engage in diplomatic cooperation,Verbal cooperation
791411163,20181002,201810,MNCUSAMED,GOOGLE,USA,,,,,MNC,MED,,CHNGOV,CHINESE,CHN,,,,,GOV,,,1,013,013,01,1,0.4,6,1,6,2.5531914893617,1,China,CH,CH,,35.0,105.0,CH,1,China,CH,CH,,35.0,105.0,CH,1,China,CH,CH,,35.0,105.0,CH,20181002064500,Make public statement,Verbal cooperation
791411164,20181002,201810,MNCUSAMED,GOOGLE,USA,,,,,MNC,MED,,CHNGOV,CHINESE,CHN,,,,,GOV,,,1,050,050,05,1,3.5,6,1,6,2.5531914893617,1,China,CH,CH,,35.0,105.0,CH,1,China,CH,CH,,35.0,105.0,CH,1,China,CH,CH,,35.0,105.0,CH,20181002064500,Engage in diplomatic cooperation,Verbal cooperation
791411439,20181002,201810,USA,UNITED STATES,USA,,,,,,,,CHN,CHINA,CHN,,,,,,,,1,057,057,05,1,8.0,8,1,8,-0.26954177897574,1,United States,US,US,,39.828175,-98.5795,US,1,China,CH,CH,,35.0,105.0,CH,1,United States,US,US,,39.828175,-98.5795,US,20181002064500,Engage in diplomatic cooperation,Verbal cooperation
791412688,20181002,201810,CHN,SHANGHAI,CHN,,,,,,,,USA,DALLAS,USA,,,,,,,,1,043,043,04,1,2.8,16,1,16,-0.862068965517239,4,"Shanghai, Shanghai, China",CH,CH23,13243,31.2222,121.458,-1924465,3,"Dallas, Texas, United States",US,USTX,TX113,32.7831,-96.8067,1380944,4,"Shanghai, Shanghai, China",CH,CH23,13243,31.2222,121.458,-1924465,20181002070000,Consult,Verbal cooperation
791412689,20181002,201810,CHN,HEFEI,CHN,,,,,,,,USA,CHICAGO,USA,,,,,,,,1,060,060,06,2,6.0,8,1,8,2.0,4,"Hefei, Anhui, China",CH,CH01,12998,31.8639,117.281,-1908634,3,"Chicago, Illinois, United States",US,USIL,IL031,41.85,-87.6501,423587,4,"Hefei, Anhui, China",CH,CH01,12998,31.8639,117.281,-1908634,20181002070000,Engage in material cooperation,Material cooperation
791412690,20181002,201810,CHN,CHINA,CHN,,,,,,,,USAMIL,AMERICAN,USA,,,,,MIL,,,1,042,042,04,1,1.9,6,1,6,-4.50751252086811,4,"Beijing, Beijing, China",CH,CH22,13001,39.9289,116.388,-1898541,1,Hong Kong,HK,HK,,22.25,114.166667,HK,4,"Beijing, Beijing, China",CH,CH22,13001,39.9289,116.388,-1898541,20181002070000,Consult,Verbal cooperation
791413544,20181002,201810,USA,WASHINGTON,USA,,,,,,,,CHN,CHINA,CHN,,,,,,,,1,010,010,01,1,0.0,6,1,6,-1.61290322580645,3,"Washington, District of Columbia, United States",US,USDC,DC001,38.8951,-77.0364,531871,1,China,CH,CH,,35.0,105.0,CH,1,Mexico,MX,MX,,23.0,-102.0,MX,20181002070000,Make public statement,Verbal cooperation
791413548,20181002,201810,USA,DALLAS,USA,,,,,,,,CHN,SHANGHAI,CHN,,,,,,,,1,042,042,04,1,1.9,16,1,16,-0.862068965517239,3,"Dallas, Texas, United States",US,USTX,TX113,32.7831,-96.8067,1380944,4,"Shanghai, Shanghai, China",CH,CH23,13243,31.2222,121.458,-1924465,4,"Shanghai, Shanghai, China",CH,CH23,13243,31.2222,121.458,-1924465,20181002070000,Consult,Verbal cooperation
791413549,20181002,201810,USA,CHICAGO,USA,,,,,,,,CHN,HEFEI,CHN,,,,,,,,1,060,060,06,2,6.0,8,1,8,2.0,3,"Chicago, Illinois, United States",US,USIL,IL031,41.85,-87.6501,423587,4,"Hefei, Anhui, China",CH,CH01,12998,31.8639,117.281,-1908634,4,"Hefei, Anhui, China",CH,CH01,12998,31.8639,117.281,-1908634,20181002070000,Engage in material cooperation,Material cooperation
791413550,20181002,201810,USA,WASHINGTON,USA,,,,,,,,CHN,CHINA,CHN,,,,,,,,1,084,084,08,2,7.0,10,1,10,-1.61290322580645,3,"Washington, District of Columbia, United States",US,USDC,DC001,38.8951,-77.0364,531871,1,China,CH,CH,,35.0,105.0,CH,1,China,CH,CH,,35.0,105.0,CH,20181002070000,Yield,Material cooperation
791417263,20181002,201810,CHN,CHINA,CHN,,,,,,,,USA,THE US,USA,,,,,,,,1,046,046,04,1,7.0,10,1,10,-4.46428571428571,1,China,CH,CH,,35.0,105.0,CH,1,China,CH,CH,,35.0,105.0,CH,1,China,CH,CH,,35.0,105.0,CH,20181002073000,Consult,Verbal cooperation
791417265,20181002,201810,CHN,CHINA,CHN,,,,,,,,USA,THE US,USA,,,,,,,,1,160,160,16,4,-4.0,10,1,10,-4.46428571428571,1,China,CH,CH,,35.0,105.0,CH,1,China,CH,CH,,35.0,105.0,CH,1,China,CH,CH,,35.0,105.0,CH,20181002073000,Reduce relations,Material conflict
791418234,20181002,201810,USA,THE US,USA,,,,,,,,CHN,CHINA,CHN,,,,,,,,1,046,046,04,1,7.0,10,1,10,-4.46428571428571,1,China,CH,CH,,35.0,105.0,CH,1,China,CH,CH,,35.0,105.0,CH,1,China,CH,CH,,35.0,105.0,CH,20181002073000,Consult,Verbal cooperation
791425308,20181002,201810,CHNGOV,CHINESE,CHN,,,,,GOV,,,USA,THE US,USA,,,,,,,,1,110,110,11,3,-2.0,54,9,54,-7.2478060345257,4,"Beijing, Beijing, China",CH,CH22,13001,39.9289,116.388,-1898541,4,"Beijing, Beijing, China",CH,CH22,13001,39.9289,116.388,-1898541,4,"Beijing, Beijing, China",CH,CH22,13001,39.9289,116.388,-1898541,20181002081500,Disapprove,Verbal conflict
791427715,20181002,201810,CHN,CHINA,CHN,,,,,,,,USAMIL,AMERICAN,USA,,,,,MIL,,,1,042,042,04,1,1.9,6,1,6,-4.27553444180522,4,"Luyang, Shaanxi, China",CH,CH26,13219,34.755,109.833,10529074,3,"White House, District of Columbia, United States",US,USDC,,38.8951,-77.0364,531871,4,"Luyang, Shaanxi, China",CH,CH26,13219,34.755,109.833,10529074,20181002083000,Consult,Verbal cooperation
791431530,20181002,201810,USA,WASHINGTON,USA,,,,,,,,CHN,CHINA,CHN,,,,,,,,1,160,160,16,4,-4.0,8,1,8,-4.76190476190476,3,"Washington, District of Columbia, United States",US,USDC,DC001,38.8951,-77.0364,531871,4,"Beijing, Beijing, China",CH,CH22,13001,39.9289,116.388,-1898541,4,"Beijing, Beijing, China",CH,CH22,13001,39.9289,116.388,-1898541,20181002084500,Reduce relations,Material conflict
791434409,20181002,201810,USAGOV,UNITED STATES,USA,,,,,GOV,,,CHN,CHINA,CHN,,,,,,,,1,020,020,02,1,3.0,6,1,6,-1.82648401826484,4,"Beijing, Beijing, China",CH,CH22,13001,39.9289,116.388,-1898541,4,"Beijing, Beijing, China",CH,CH22,13001,39.9289,116.388,-1898541,4,"Beijing, Beijing, China",CH,CH22,13001,39.9289,116.388,-1898541,20181002090000,Appeal,Verbal cooperation
791436131,20181002,201810,CHN,BEIJING,CHN,,,,,,,,USAMIL,A US,USA,,,,,MIL,,,1,111,111,11,3,-2.0,24,3,24,-4.63347256000846,4,"Wu Qian, Guizhou, China",CH,CH18,13306,26.8,105.0,-3835110,4,"Wu Qian, Guizhou, China",CH,CH18,13306,26.8,105.0,-3835110,4,"Wu Qian, Guizhou, China",CH,CH18,13306,26.8,105.0,-3835110,20181002091500,Disapprove,Verbal conflict
791436135,20181002,201810,CHNGOV,CHINESE,CHN,,,,,GOV,,,USA,UNITED STATES,USA,,,,,,,,1,020,020,02,1,3.0,6,1,6,-6.5625,4,"Beijing, Beijing, China",CH,CH22,13001,39.9289,116.388,-1898541,4,"Beijing, Beijing, China",CH,CH22,13001,39.9289,116.388,-1898541,4,"Beijing, Beijing, China",CH,CH22,13001,39.9289,116.388,-1898541,20181002091500,Appeal,Verbal cooperation
791436140,20181002,201810,CHNMIL,CHINESE,CHN,,,,,MIL,,,USAMIL,A US,USA,,,,,MIL,,,1,111,111,11,3,-2.0,6,1,6,-4.66321243523316,4,"Wu Qian, Guizhou, China",CH,CH18,13306,26.8,105.0,-3835110,4,"Wu Qian, Guizhou, China",CH,CH18,13306,26.8,105.0,-3835110,4,"Wu Qian, Guizhou, China",CH,CH18,13306,26.8,105.0,-3835110,20181002091500,Disapprove,Verbal conflict
791437453,20181002,201810,USA,THE US,USA,,,,,,,,CHN,CHINA,CHN,,,,,,,,1,061,061,06,2,6.4,6,1,6,-0.6993006993007,1,"Vietnam, Republic Of",VM,VM,,16.166667,107.833333,VM,1,"Vietnam, Republic Of",VM,VM,,16.166667,107.833333,VM,1,"Vietnam, Republic Of",VM,VM,,16.166667,107.833333,VM,20181002091500,Engage in material cooperation,Material cooperation
791437457,20181002,201810,USA,CALIFORNIA,USA,,,,,,,,CHN,CHINESE,CHN,,,,,,,,1,173,173,17,4,-5.0,6,1,6,-6.12903225806452,1,China,CH,CH,,35.0,105.0,CH,1,Hong Kong,HK,HK,,22.25,114.166667,HK,1,China,CH,CH,,35.0,105.0,CH,20181002091500,Coerce,Material conflict
791437602,20181002,201810,USAMIL,THE US,USA,,,,,MIL,,,CHNMIL,CHINA,CHN,,,,,MIL,,,1,112,112,11,3,-2.0,10,1,10,-4.10628019323672,1,China,CH,CH,,35.0,105.0,CH,1,China,CH,CH,,35.0,105.0,CH,1,China,CH,CH,,35.0,105.0,CH,20181002091500,Disapprove,Verbal conflict
791439179,20181002,201810,CHN,CHINA,CHN,,,,,,,,USA,THE US,USA,,,,,,,,1,130,130,13,3,-4.4,10,1,10,-18.6046511627907,1,Russia,RS,RS,,60.0,100.0,RS,1,Russia,RS,RS,,60.0,100.0,RS,1,Russia,RS,RS,,60.0,100.0,RS,20181002093000,Threaten,Verbal conflict
791443096,20181002,201810,USA,THE US,USA,,,,,,,,CHNMIL,CHINESE,CHN,,,,,MIL,,,1,163,163,16,4,-8.0,6,1,6,-5.7742782152231,4,"Beijing, Beijing, China",CH,CH22,13001,39.9289,116.388,-1898541,4,"Beijing, Beijing, China",CH,CH22,13001,39.9289,116.388,-1898541,4,"Beijing, Beijing, China",CH,CH22,13001,39.9289,116.388,-1898541,20181002094500,Reduce relations,Material conflict
791447890,20181002,201810,CHN,CHINA,CHN,,,,,,,,USA,THE US,USA,,,,,,,,1,030,030,03,1,4.0,10,1,10,-5.88235294117647,4,"Beijing, Beijing, China",CH,CH22,13001,39.9289,116.388,-1898541,4,"Beijing, Beijing, China",CH,CH22,13001,39.9289,116.388,-1898541,4,"Beijing, Beijing, China",CH,CH22,13001,39.9289,116.388,-1898541,20181002101500,Express intent to cooperate,Verbal cooperation
791447893,20181002,201810,CHN,CHINA,CHN,,,,,,,,USA,THE US,USA,,,,,,,,1,0311,031,03,1,5.2,10,1,10,-1.26582278481013,4,"Paris, France (general), France",FR,FR00,16282,48.8667,2.33333,-1456928,4,"Paris, France (general), France",FR,FR00,16282,48.8667,2.33333,-1456928,4,"Paris, France (general), France",FR,FR00,16282,48.8667,2.33333,-1456928,20181002101500,Express intent to cooperate,Verbal cooperation
791447895,20181002,201810,CHN,CHINESE,CHN,,,,,,,,USA,UNITED STATES,USA,,,,,,,,1,061,061,06,2,6.4,6,1,6,-1.38713745271123,3,"White House, District of Columbia, United States",US,USDC,,38.8951,-77.0364,531871,1,China,CH,CH,,35.0,105.0,CH,3,"White House, District of Columbia, United States",US,USDC,,38.8951,-77.0364,531871,20181002101500,Engage in material cooperation,Material cooperation
791447897,20181002,201810,CHN,CHINA,CHN,,,,,,,,USA,UNITED STATES,USA,,,,,,,,1,061,061,06,2,6.4,8,1,8,-1.38713745271123,1,China,CH,CH,,35.0,105.0,CH,3,"White House, District of Columbia, United States",US,USDC,,38.8951,-77.0364,531871,1,China,CH,CH,,35.0,105.0,CH,20181002101500,Engage in material cooperation,Material cooperation
791451057,20181002,201810,CHN,CHINA,CHN,,,,,,,,USA,THE US,USA,,,,,,,,1,0311,031,03,1,5.2,6,1,6,0.0,1,United States,US,US,,39.828175,-98.5795,US,1,United States,US,US,,39.828175,-98.5795,US,1,United States,US,US,,39.828175,-98.5795,US,20181002103000,Express intent to cooperate,Verbal cooperation
791454832,20181002,201810,MNCUSAMED,GOOGLE,USA,,,,,MNC,MED,,CHN,CHINA,CHN,,,,,,,,1,0311,031,03,1,5.2,20,1,10,-1.30434782608695,1,China,CH,CH,,35.0,105.0,CH,1,China,CH,CH,,35.0,105.0,CH,1,China,CH,CH,,35.0,105.0,CH,20181002104500,Express intent to cooperate,Verbal cooperation
791455154,20181002,201810,USA,THE US,USA,,,,,,,,CHNMIL,CHINESE,CHN,,,,,MIL,,,1,112,112,11,3,-2.0,6,1,6,-4.55974842767295,4,"Wu Qian, Guizhou, China",CH,CH18,13306,26.8,105.0,-3835110,4,"Wu Qian, Guizhou, China",CH,CH18,13306,26.8,105.0,-3835110,4,"Wu Qian, Guizhou, China",CH,CH18,13306,26.8,105.0,-3835110,20181002104500,Disapprove,Verbal conflict
791459984,20181002,201810,CHNMIL,CHINESE,CHN,,,,,MIL,,,USAMIL,THE US,USA,,,,,MIL,,,1,010,010,01,1,0.0,6,1,6,-6.38297872340425,4,"Beijing, Beijing, China",CH,CH22,13001,39.9289,116.388,-1898541,4,"Beijing, Beijing, China",CH,CH22,13001,39.9289,116.388,-1898541,4,"Beijing, Beijing, China",CH,CH22,13001,39.9289,116.388,-1898541,20181002111500,Make public statement,Verbal cooperation
791465813,20181002,201810,CHN,CHINA,CHN,,,,,,,,USA,THE US,USA,,,,,,,,1,042,042,04,1,1.9,10,1,10,-3.18257956448911,1,China,CH,CH,,35.0,105.0,CH,1,United States,US,US,,39.828175,-98.5795,US,1,United States,US,US,,39.828175,-98.5795,US,20181002114500,Consult,Verbal cooperation
791465817,20181002,201810,CHN,BEIJING,CHN,,,,,,,,USA,UNITED STATES,USA,,,,,,,,1,112,112,11,3,-2.0,8,1,8,-6.46900269541779,4,"Nansha, Guangdong, China",CH,CH30,13045,22.493,113.186,10317471,4,"Nansha, Guangdong, China",CH,CH30,13045,22.493,113.186,10317471,4,"Nansha, Guangdong, China",CH,CH30,13045,22.493,113.186,10317471,20181002114500,Disapprove,Verbal conflict
791465819,20181002,201810,CHN,CHINA,CHN,,,,,,,,USAMIL,UNITED STATES,USA,,,,,MIL,,,1,111,111,11,3,-2.0,10,1,10,-3.18257956448911,4,"Petaling, Malaysia (general), Malaysia",MY,MY00,18585,3.08333,101.667,-2403014,4,"Petaling, Malaysia (general), Malaysia",MY,MY00,18585,3.08333,101.667,-2403014,4,"Petaling, Malaysia (general), Malaysia",MY,MY00,18585,3.08333,101.667,-2403014,20181002114500,Disapprove,Verbal conflict
791467039,20181002,201810,USA,THE US,USA,,,,,,,,CHN,CHINA,CHN,,,,,,,,1,043,043,04,1,2.8,10,1,10,-3.18257956448911,1,United States,US,US,,39.828175,-98.5795,US,1,China,CH,CH,,35.0,105.0,CH,1,United States,US,US,,39.828175,-98.5795,US,20181002114500,Consult,Verbal cooperation
791468781,20181002,201810,CHN,CHINESE,CHN,,,,,,,,USA,A US,USA,,,,,,,,1,151,151,15,4,-7.2,10,1,10,-4.31309904153355,4,"Beijing, Beijing, China",CH,CH22,13001,39.9289,116.388,-1898541,4,"Beijing, Beijing, China",CH,CH22,13001,39.9289,116.388,-1898541,4,"Beijing, Beijing, China",CH,CH22,13001,39.9289,116.388,-1898541,20181002120000,Exhibit force posture,Material conflict
791473460,20181002,201810,USAMIL,AMERICAN,USA,,,,,MIL,,,CHN,BEIJING,CHN,,,,,,,,1,110,110,11,3,-2.0,6,1,6,-3.54330708661418,4,"Beijing, Beijing, China",CH,CH22,13001,39.9289,116.388,-1898541,4,"Beijing, Beijing, China",CH,CH22,13001,39.9289,116.388,-1898541,4,"Beijing, Beijing, China",CH,CH22,13001,39.9289,116.388,-1898541,20181002121500,Disapprove,Verbal conflict
791474929,20180925,201809,USAGOVMIL,THE US,USA,,,,,GOV,MIL,,CHN,CHINA,CHN,,,,,,,,1,160,160,16,4,-4.0,10,1,10,-11.5384615384615,1,China,CH,CH,,35.0,105.0,CH,1,China,CH,CH,,35.0,105.0,CH,1,China,CH,CH,,35.0,105.0,CH,20181002123000,Reduce relations,Material conflict
791475345,20181002,201810,CHNGOV,CHINA,CHN,,,,,GOV,,,USA,UNITED STATES,USA,,,,,,,,1,050,050,05,1,3.5,6,1,6,3.09050772626932,4,"Shanghai, Shanghai, China",CH,CH23,13243,31.2222,121.458,-1924465,1,United States,US,US,,39.828175,-98.5795,US,4,"Shanghai, Shanghai, China",CH,CH23,13243,31.2222,121.458,-1924465,20181002123000,Engage in diplomatic cooperation,Verbal cooperation
791476753,20181002,201810,USA,UNITED STATES,USA,,,,,,,,CHN,CHINA,CHN,,,,,,,,1,050,050,05,1,3.5,8,1,8,3.09050772626932,1,United States,US,US,,39.828175,-98.5795,US,4,"Shanghai, Shanghai, China",CH,CH23,13243,31.2222,121.458,-1924465,4,"Shanghai, Shanghai, China",CH,CH23,13243,31.2222,121.458,-1924465,20181002123000,Engage in diplomatic cooperation,Verbal cooperation
791476755,20181002,201810,USA,UNITED STATES,USA,,,,,,,,CHNGOV,CHINA,CHN,,,,,GOV,,,1,050,050,05,1,3.5,6,1,6,3.09050772626932,1,United States,US,US,,39.828175,-98.5795,US,4,"Shanghai, Shanghai, China",CH,CH23,13243,31.2222,121.458,-1924465,4,"Shanghai, Shanghai, China",CH,CH23,13243,31.2222,121.458,-1924465,20181002123000,Engage in diplomatic cooperation,Verbal cooperation
791476966,20181002,201810,USAMIL,THE US,USA,,,,,MIL,,,CHN,CHINA,CHN,,,,,,,,1,112,112,11,3,-2.0,10,1,10,-11.5384615384615,1,China,CH,CH,,35.0,105.0,CH,1,China,CH,CH,,35.0,105.0,CH,1,China,CH,CH,,35.0,105.0,CH,20181002123000,Disapprove,Verbal conflict
791478760,20181002,201810,CHNGOV,CHINA,CHN,,,,,GOV,,,USA,THE US,USA,,,,,,,,1,020,020,02,1,3.0,10,1,10,-6.47321428571429,1,China,CH,CH,,35.0,105.0,CH,1,China,CH,CH,,35.0,105.0,CH,1,China,CH,CH,,35.0,105.0,CH,20181002124500,Appeal,Verbal cooperation
791480322,20181002,201810,USAGOV,THE US,USA,,,,,GOV,,,CHN,CHINA,CHN,,,,,,,,1,112,112,11,3,-2.0,10,1,10,-6.47321428571429,1,China,CH,CH,,35.0,105.0,CH,1,China,CH,CH,,35.0,105.0,CH,1,China,CH,CH,,35.0,105.0,CH,20181002124500,Disapprove,Verbal conflict
791485544,20181002,201810,CHN,CHINA,CHN,,,,,,,,USA,AMERICAN,USA,,,,,,,,1,042,042,04,1,1.9,10,1,10,4.33925049309665,1,Mongolia,MG,MG,,46.0,105.0,MG,1,Mongolia,MG,MG,,46.0,105.0,MG,1,Mongolia,MG,MG,,46.0,105.0,MG,20181002131500,Consult,Verbal cooperation
791485545,20181002,201810,CHN,CHINA,CHN,,,,,,,,USA,THE US,USA,,,,,,,,1,050,050,05,1,3.5,13,1,9,-3.75,4,"Beijing, Beijing, China",CH,CH22,13001,39.9289,116.388,-1898541,4,"Beijing, Beijing, China",CH,CH22,13001,39.9289,116.388,-1898541,4,"Beijing, Beijing, China",CH,CH22,13001,39.9289,116.388,-1898541,20181002131500,Engage in diplomatic cooperation,Verbal cooperation
791486719,20181002,201810,USA,AMERICAN,USA,,,,,,,,CHN,CHINA,CHN,,,,,,,,1,043,043,04,1,2.8,10,1,10,4.33925049309665,2,"Illinois, United States",US,USIL,,40.3363,-89.0022,IL,1,China,CH,CH,,35.0,105.0,CH,1,China,CH,CH,,35.0,105.0,CH,20181002131500,Consult,Verbal cooperation
791488709,20181002,201810,CHNMIL,CHINESE,CHN,,,,,MIL,,,USA,AMERICAN,USA,,,,,,,,1,111,111,11,3,-2.0,6,1,6,-9.45945945945946,4,"Beijing, Beijing, China",CH,CH22,13001,39.9289,116.388,-1898541,4,"Beijing, Beijing, China",CH,CH22,13001,39.9289,116.388,-1898541,4,"Beijing, Beijing, China",CH,CH22,13001,39.9289,116.388,-1898541,20181002133000,Disapprove,Verbal conflict
791503922,20181002,201810,USA,NEW YORK,USA,,,,,,,,CHN,CHINA,CHN,,,,,,,,1,190,190,19,4,-10.0,10,1,10,-3.125,4,"Wu Qian, Guizhou, China",CH,CH18,13306,26.8,105.0,-3835110,4,"Wu Qian, Guizhou, China",CH,CH18,13306,26.8,105.0,-3835110,4,"Wu Qian, Guizhou, China",CH,CH18,13306,26.8,105.0,-3835110,20181002143000,Fight,Material conflict
791504090,20181002,201810,USAGOVMIL,WASHINGTON,USA,,,,,GOV,MIL,,CHN,CHINA,CHN,,,,,,,,1,036,036,03,1,4.0,6,1,6,-3.03030303030303,3,"Washington, District of Columbia, United States",US,USDC,DC001,38.8951,-77.0364,531871,4,"Beijing, Beijing, China",CH,CH22,13001,39.9289,116.388,-1898541,4,"Beijing, Beijing, China",CH,CH22,13001,39.9289,116.388,-1898541,20181002143000,Express intent to cooperate,Verbal cooperation
791504091,20181002,201810,USAGOVMIL,WASHINGTON,USA,,,,,GOV,MIL,,CHN,CHINA,CHN,,,,,,,,1,120,120,12,3,-4.0,6,1,6,-3.03030303030303,4,"Beijing, Beijing, China",CH,CH22,13001,39.9289,116.388,-1898541,4,"Beijing, Beijing, China",CH,CH22,13001,39.9289,116.388,-1898541,4,"Beijing, Beijing, China",CH,CH22,13001,39.9289,116.388,-1898541,20181002143000,Reject,Verbal conflict
791505370,20171002,201710,CHN,CHINA,CHN,,,,,,,,USA,THE US,USA,,,,,,,,1,014,014,01,1,0.0,10,1,10,-3.96341463414634,4,"Beijing, Beijing, China",CH,CH22,13001,39.9289,116.388,-1898541,4,"Beijing, Beijing, China",CH,CH22,13001,39.9289,116.388,-1898541,4,"Beijing, Beijing, China",CH,CH22,13001,39.9289,116.388,-1898541,20181002144500,Make public statement,Verbal cooperation
791505797,20181002,201810,CHN,CHINA,CHN,,,,,,,,USA,UNITED STATES,USA,,,,,,,,1,040,040,04,1,1.0,6,1,6,1.73913043478261,4,"Beijing, Beijing, China",CH,CH22,13001,39.9289,116.388,-1898541,1,United States,US,US,,39.828175,-98.5795,US,1,United States,US,US,,39.828175,-98.5795,US,20181002144500,Consult,Verbal cooperation
791507015,20181002,201810,USA,UNITED STATES,USA,,,,,,,,CHN,CHINA,CHN,,,,,,,,1,040,040,04,1,1.0,6,1,6,1.73913043478261,1,United States,US,US,,39.828175,-98.5795,US,4,"Beijing, Beijing, China",CH,CH22,13001,39.9289,116.388,-1898541,1,United States,US,US,,39.828175,-98.5795,US,20181002144500,Consult,Verbal cooperation
791510363,20181002,201810,USA,UNITED STATES,USA,,,,,,,,CHN,CHINA,CHN,,,,,,,,1,051,051,05,1,3.4,6,1,6,-2.06766917293233,3,"Washington, District of Columbia, United States",US,USDC,DC001,38.8951,-77.0364,531871,1,China,CH,CH,,35.0,105.0,CH,3,"Washington, District of Columbia, United States",US,USDC,DC001,38.8951,-77.0364,531871,20181002150000,Engage in diplomatic cooperation,Verbal cooperation
791510370,20181002,201810,USA,UNITED STATES,USA,,,,,,,,CHN,CHINA,CHN,,,,,,,,1,120,120,12,3,-4.0,6,1,6,-2.06766917293233,3,"Washington, District of Columbia, United States",US,USDC,DC001,38.8951,-77.0364,531871,1,China,CH,CH,,35.0,105.0,CH,1,Canada,CA,CA,,60.0,-96.0,CA,20181002150000,Reject,Verbal conflict
791512227,20181002,201810,CHNGOV,CHINESE,CHN,,,,,GOV,,,USA,WASHINGTON,USA,,,,,,,,1,046,046,04,1,7.0,6,1,6,-4.26356589147287,4,"Beijing, Beijing, China",CH,CH22,13001,39.9289,116.388,-1898541,3,"Washington, District of Columbia, United States",US,USDC,DC001,38.8951,-77.0364,531871,4,"Beijing, Beijing, China",CH,CH22,13001,39.9289,116.388,-1898541,20181002151500,Consult,Verbal cooperation
791513692,20181002,201810,USA,THE US,USA,,,,,,,,CHN,CHINA,CHN,,,,,,,,1,012,012,01,1,-0.4,6,1,6,0.87527352297593,1,China,CH,CH,,35.0,105.0,CH,1,China,CH,CH,,35.0,105.0,CH,1,China,CH,CH,,35.0,105.0,CH,20181002151500,Make public statement,Verbal cooperation
791513696,20181002,201810,USA,THE US,USA,,,,,,,,CHN,CHINA,CHN,,,,,,,,1,030,030,03,1,4.0,8,1,8,-4.26356589147287,4,"Beijing, Beijing, China",CH,CH22,13001,39.9289,116.388,-1898541,4,"Beijing, Beijing, China",CH,CH22,13001,39.9289,116.388,-1898541,4,"Beijing, Beijing, China",CH,CH22,13001,39.9289,116.388,-1898541,20181002151500,Express intent to cooperate,Verbal cooperation
791513702,20181002,201810,USA,WASHINGTON,USA,,,,,,,,CHNGOV,CHINESE,CHN,,,,,GOV,,,1,046,046,04,1,7.0,6,1,6,-4.26356589147287,3,"Washington, District of Columbia, United States",US,USDC,DC001,38.8951,-77.0364,531871,4,"Beijing, Beijing, China",CH,CH22,13001,39.9289,116.388,-1898541,4,"Beijing, Beijing, China",CH,CH22,13001,39.9289,116.388,-1898541,20181002151500,Consult,Verbal cooperation
791513703,20181002,201810,USA,UNITED STATES,USA,,,,,,,,CHNMIL,CHINESE,CHN,,,,,MIL,,,1,160,160,16,4,-4.0,6,1,6,-4.14364640883978,1,United States,US,US,,39.828175,-98.5795,US,4,"Beijing, Beijing, China",CH,CH22,13001,39.9289,116.388,-1898541,1,United States,US,US,,39.828175,-98.5795,US,20181002151500,Reduce relations,Material conflict
791515907,20181002,201810,CHN,CHINA,CHN,,,,,,,,USA,THE US,USA,,,,,,,,1,043,043,04,1,2.8,10,1,10,2.45901639344262,1,China,CH,CH,,35.0,105.0,CH,1,China,CH,CH,,35.0,105.0,CH,1,China,CH,CH,,35.0,105.0,CH,20181002153000,Consult,Verbal cooperation
791517609,20181002,201810,USA,THE US,USA,,,,,,,,CHN,CHINA,CHN,,,,,,,,1,042,042,04,1,1.9,10,1,10,2.45901639344262,1,United Kingdom,UK,UK,,54.0,-4.0,UK,1,United Kingdom,UK,UK,,54.0,-4.0,UK,1,United Kingdom,UK,UK,,54.0,-4.0,UK,20181002153000,Consult,Verbal cooperation
791519713,20181002,201810,CHN,CHINA,CHN,,,,,,,,USA,DALLAS,USA,,,,,,,,1,043,043,04,1,2.8,8,1,8,-3.48258706467662,1,China,CH,CH,,35.0,105.0,CH,3,"Dallas, Texas, United States",US,USTX,TX113,32.7831,-96.8067,1380944,1,China,CH,CH,,35.0,105.0,CH,20181002154500,Consult,Verbal cooperation
791521130,20181002,201810,USA,DALLAS,USA,,,,,,,,CHN,CHINA,CHN,,,,,,,,1,042,042,04,1,1.9,8,1,8,-3.48258706467662,3,"Dallas, Texas, United States",US,USTX,TX113,32.7831,-96.8067,1380944,1,China,CH,CH,,35.0,105.0,CH,1,China,CH,CH,,35.0,105.0,CH,20181002154500,Consult,Verbal cooperation
791521369,20181002,201810,USAMIL,AMERICAN,USA,,,,,MIL,,,CHNMIL,CHINESE,CHN,,,,,MIL,,,1,0841,084,08,2,7.0,8,1,8,-6.79347826086956,4,"Beijing, Beijing, China",CH,CH22,13001,39.9289,116.388,-1898541,4,"Beijing, Beijing, China",CH,CH22,13001,39.9289,116.388,-1898541,4,"Beijing, Beijing, China",CH,CH22,13001,39.9289,116.388,-1898541,20181002154500,Yield,Material cooperation
791533001,20181002,201810,CHN,CHINA,CHN,,,,,,,,USAMIL,UNITED STATES,USA,,,,,MIL,,,1,162,162,16,4,-5.6,6,1,6,-1.33689839572192,4,"Beijing, Beijing, China",CH,CH22,13001,39.9289,116.388,-1898541,3,"Washington, District of Columbia, United States",US,USDC,DC001,38.8951,-77.0364,531871,3,"Washington, District of Columbia, United States",US,USDC,DC001,38.8951,-77.0364,531871,20181002164500,Reduce relations,Material conflict
791540838,20181002,201810,USA,UNITED STATES,USA,,,,,,,,CHN,CHINA,CHN,,,,,,,,1,046,046,04,1,7.0,8,1,8,-5.1150895140665,3,"Decatur, New York, United States",US,USNY,NY077,42.6442,-74.7252,948156,4,"Beijing, Beijing, China",CH,CH22,13001,39.9289,116.388,-1898541,4,"Beijing, Beijing, China",CH,CH22,13001,39.9289,116.388,-1898541,20181002171500,Consult,Verbal cooperation
791540839,20181002,201810,USA,NORTH CAROLINA,USA,,,,,,,,CHN,CHINA,CHN,,,,,,,,1,061,061,06,2,6.4,10,1,10,-0.34602076124567,2,"North Carolina, United States",US,USNC,,35.6411,-79.8431,NC,1,China,CH,CH,,35.0,105.0,CH,1,China,CH,CH,,35.0,105.0,CH,20181002171500,Engage in material cooperation,Material cooperation
791549268,20181002,201810,CHN,CHINA,CHN,,,,,,,,USAMIL,AMERICAN,USA,,,,,MIL,,,1,042,042,04,1,1.9,6,1,6,-4.86486486486487,4,"Beijing, Beijing, China",CH,CH22,13001,39.9289,116.388,-1898541,4,"Beijing, Beijing, China",CH,CH22,13001,39.9289,116.388,-1898541,4,"Beijing, Beijing, China",CH,CH22,13001,39.9289,116.388,-1898541,20181002180000,Consult,Verbal cooperation
791553784,20181002,201810,USA,THE US,USA,,,,,,,,CHN,CHINA,CHN,,,,,,,,1,0841,084,08,2,7.0,10,1,10,-4.90196078431372,1,China,CH,CH,,35.0,105.0,CH,1,China,CH,CH,,35.0,105.0,CH,1,China,CH,CH,,35.0,105.0,CH,20181002181500,Yield,Material cooperation
791560028,20181002,201810,USA,UNITED STATES,USA,,,,,,,,CHN,BEIJING,CHN,,,,,,,,1,111,111,11,3,-2.0,8,1,8,-0.96993210475266,4,"Beijing, Beijing, China",CH,CH22,13001,39.9289,116.388,-1898541,4,"Taipei, T'ai-pei, Taiwan",TW,TW03,13277,25.0478,121.532,-2637882,4,"Beijing, Beijing, China",CH,CH22,13001,39.9289,116.388,-1898541,20181002184500,Disapprove,Verbal conflict
791561863,20181002,201810,CHN,CHINA,CHN,,,,,,,,USA,UNITED STATES,USA,,,,,,,,1,080,080,08,2,5.0,10,1,10,-5.07425742574258,4,"Beijing, Beijing, China",CH,CH22,13001,39.9289,116.388,-1898541,3,"Washington, District of Columbia, United States",US,USDC,DC001,38.8951,-77.0364,531871,3,"Washington, District of Columbia, United States",US,USDC,DC001,38.8951,-77.0364,531871,20181002190000,Yield,Material cooperation
791566091,20181002,201810,USA,WASHINGTON,USA,,,,,,,,CHN,CHINESE,CHN,,,,,,,,1,160,160,16,4,-4.0,10,1,10,-5.28700906344411,3,"Washington, District of Columbia, United States",US,USDC,DC001,38.8951,-77.0364,531871,4,"Luyang, Shaanxi, China",CH,CH26,13219,34.755,109.833,10529074,4,"Luyang, Shaanxi, China",CH,CH26,13219,34.755,109.833,10529074,20181002191500,Reduce relations,Material conflict
791567746,20181002,201810,CHNGOV,CHINESE,CHN,,,,,GOV,,,USA,THE US,USA,,,,,,,,1,112,112,11,3,-2.0,6,1,6,-4.0,1,China,CH,CH,,35.0,105.0,CH,1,China,CH,CH,,35.0,105.0,CH,1,China,CH,CH,,35.0,105.0,CH,20181002193000,Disapprove,Verbal conflict
791569144,20181002,201810,USA,BOSTON,USA,,,,,,,,CHN,BEIJING,CHN,,,,,,,,1,051,051,05,1,3.4,9,1,9,1.32708821233412,3,"Boston, Massachusetts, United States",US,USMA,MA025,42.3584,-71.0598,617565,3,"Boston, Massachusetts, United States",US,USMA,MA025,42.3584,-71.0598,617565,3,"Boston, Massachusetts, United States",US,USMA,MA025,42.3584,-71.0598,617565,20181002193000,Engage in diplomatic cooperation,Verbal cooperation
791569146,20181002,201810,USA,THE US,USA,,,,,,,,CHNGOVMIL,CHINESE,CHN,,,,,GOV,MIL,,1,163,163,16,4,-8.0,6,1,6,-4.0,4,"New Delhi, Delhi, India",IN,IN07,17911,28.6,77.2,-2106102,4,"New Delhi, Delhi, India",IN,IN07,17911,28.6,77.2,-2106102,4,"New Delhi, Delhi, India",IN,IN07,17911,28.6,77.2,-2106102,20181002193000,Reduce relations,Material conflict
791569435,20181002,201810,USAOPP,BOSTON,USA,,,,,OPP,,,CHNGOV,CHINESE,CHN,,,,,GOV,,,1,051,051,05,1,3.4,6,1,6,1.32708821233412,3,"Boston, Massachusetts, United States",US,USMA,MA025,42.3584,-71.0598,617565,4,"Liu Cheng, Zhejiang, China",CH,CH02,13329,28.624,119.593,-1915627,3,"Boston, Massachusetts, United States",US,USMA,MA025,42.3584,-71.0598,617565,20181002193000,Engage in diplomatic cooperation,Verbal cooperation
791581069,20181002,201810,USA,UNITED STATES,USA,,,,,,,,CHN,CHINA,CHN,,,,,,,,1,061,061,06,2,6.4,10,1,10,-1.7094017094017,4,"Guangzhou, Guangdong, China",CH,CH30,13033,23.1167,113.25,-1907161,4,"Guangzhou, Guangdong, China",CH,CH30,13033,23.1167,113.25,-1907161,4,"Guangzhou, Guangdong, China",CH,CH30,13033,23.1167,113.25,-1907161,20181002203000,Engage in material cooperation,Material cooperation
791581070,20181002,201810,USA,WASHINGTON,USA,,,,,,,,CHNGOV,CHINA,CHN,,,,,GOV,,,1,173,173,17,4,-5.0,8,1,8,-4.40251572327044,4,"Xinjiang, Jiangxi, China",CH,CH03,13167,27.7481,116.274,11065838,4,"Xinjiang, Jiangxi, China",CH,CH03,13167,27.7481,116.274,11065838,4,"Xinjiang, Jiangxi, China",CH,CH03,13167,27.7481,116.274,11065838,20181002203000,Coerce,Material conflict
791584075,20181002,201810,USA,CHICAGO,USA,,,,,,,,CHN,CHINA,CHN,,,,,,,,1,023,023,02,1,3.4,8,1,8,-0.684931506849315,3,"Chicago, Illinois, United States",US,USIL,IL031,41.85,-87.6501,423587,3,"Chicago, Illinois, United States",US,USIL,IL031,41.85,-87.6501,423587,3,"Chicago, Illinois, United States",US,USIL,IL031,41.85,-87.6501,423587,20181002204500,Appeal,Verbal cooperation
791585634,20181002,201810,CHN,CHINESE,CHN,,,,,,,,USA,AMERICAN,USA,,,,,,,,1,130,130,13,3,-4.4,7,1,7,-6.4066852367688,4,"South China Sea, Brunei (general), Brunei",BX,BX00,,15.0,115.0,-1337919,4,"South China Sea, Brunei (general), Brunei",BX,BX00,,15.0,115.0,-1337919,4,"South China Sea, Brunei (general), Brunei",BX,BX00,,15.0,115.0,-1337919,20181002210000,Threaten,Verbal conflict
791585637,20181002,201810,CHNGOV,CHINESE,CHN,,,,,GOV,,,USA,UNITED STATES,USA,,,,,,,,1,120,120,12,3,-4.0,6,1,6,-1.30718954248366,4,"Beijing, Beijing, China",CH,CH22,13001,39.9289,116.388,-1898541,1,Taiwan,TW,TW,,24.0,121.0,TW,4,"Beijing, Beijing, China",CH,CH22,13001,39.9289,116.388,-1898541,20181002210000,Reject,Verbal conflict
791590812,20181002,201810,CHN,CHINA,CHN,,,,,,,,USA,UNITED STATES,USA,,,,,,,,1,051,051,05,1,3.4,6,1,6,4.31654676258993,4,"Shede, Yunnan, China",CH,CH29,13309,24.25,103.85,-1925066,3,"Los Angeles, California, United States",US,USCA,,34.0522,-118.244,1662328,3,"Los Angeles, California, United States",US,USCA,,34.0522,-118.244,1662328,20181002213000,Engage in diplomatic cooperation,Verbal cooperation
791593558,20181002,201810,CHN,CHINA,CHN,,,,,,,,USA,MINNESOTA,USA,,,,,,,,1,042,042,04,1,1.9,6,1,6,1.12359550561798,1,China,CH,CH,,35.0,105.0,CH,2,"Minnesota, United States",US,USMN,,45.7326,-93.9196,MN,3,"Mankato, Minnesota, United States",US,USMN,MN013,44.1636,-93.9994,647438,20181002214500,Consult,Verbal cooperation
791594616,20181002,201810,USA,MINNESOTA,USA,,,,,,,,CHN,CHINA,CHN,,,,,,,,1,043,043,04,1,2.8,10,1,10,1.12359550561798,2,"Minnesota, United States",US,USMN,,45.7326,-93.9196,MN,2,"Minnesota, United States",US,USMN,,45.7326,-93.9196,MN,2,"Minnesota, United States",US,USMN,,45.7326,-93.9196,MN,20181002214500,Consult,Verbal cooperation
791598406,20181002,201810,CHN,CHINA,CHN,,,,,,,,USAMIL,UNITED STATES,USA,,,,,MIL,,,1,162,162,16,4,-5.6,6,1,6,-1.47492625368732,4,"Beijing, Beijing, China",CH,CH22,13001,39.9289,116.388,-1898541,1,United States,US,US,,39.828175,-98.5795,US,1,United States,US,US,,39.828175,-98.5795,US,20181002221500,Reduce relations,Material conflict
791599705,20181002,201810,USAMIL,THE US,USA,,,,,MIL,,,CHN,CHINA,CHN,,,,,,,,1,112,112,11,3,-2.0,10,1,10,-6.55893536121673,4,"Beijing, Beijing, China",CH,CH22,13001,39.9289,116.388,-1898541,4,"Beijing, Beijing, China",CH,CH22,13001,39.9289,116.388,-1898541,4,"Beijing, Beijing, China",CH,CH22,13001,39.9289,116.388,-1898541,20181002221500,Disapprove,Verbal conflict
791600845,20181002,201810,CHNGOVMIL,CHINESE,CHN,,,,,GOV,MIL,,USA,UNITED STATES,USA,,,,,,,,1,112,112,11,3,-2.0,6,1,6,-3.57852882703777,4,"Beijing, Beijing, China",CH,CH22,13001,39.9289,116.388,-1898541,1,United States,US,US,,39.828175,-98.5795,US,4,"Beijing, Beijing, China",CH,CH22,13001,39.9289,116.388,-1898541,20181002223000,Disapprove,Verbal conflict
791609142,20181002,201810,USA,NEW YORK,USA,,,,,,,,CHN,CHINA,CHN,,,,,,,,1,036,036,03,1,4.0,10,1,10,0.985221674876839,1,Afghanistan,AF,AF,,33.0,66.0,AF,4,"Beijing, Beijing, China",CH,CH22,13001,39.9289,116.388,-1898541,4,"Beijing, Beijing, China",CH,CH22,13001,39.9289,116.388,-1898541,20181002231500,Express intent to cooperate,Verbal cooperation
791612795,20181002,201810,CHN,CHINA,CHN,,,,,,,,USA,UNITED STATES,USA,,,,,,,,1,040,040,04,1,1.0,8,1,8,-4.02414486921529,1,China,CH,CH,,35.0,105.0,CH,1,United States,US,US,,39.828175,-98.5795,US,1,United States,US,US,,39.828175,-98.5795,US,20181002234500,Consult,Verbal cooperation
791614345,20171003,201710,USA,THE US,USA,,,,,,,,CHN,CHINA,CHN,,,,,,,,1,061,061,06,2,6.4,10,1,10,1.30813953488372,1,China,CH,CH,,35.0,105.0,CH,1,China,CH,CH,,35.0,105.0,CH,1,China,CH,CH,,35.0,105.0,CH,20181003000000,Engage in material cooperation,Material cooperation
791617841,20181003,201810,USA,THE US,USA,,,,,,,,CHN,CHINA,CHN,,,,,,,,1,061,061,06,2,6.4,10,1,10,1.30813953488372,1,"Vietnam, Republic Of",VM,VM,,16.166667,107.833333,VM,1,"Vietnam, Republic Of",VM,VM,,16.166667,107.833333,VM,1,"Vietnam, Republic Of",VM,VM,,16.166667,107.833333,VM,20181003000000,Engage in material cooperation,Material cooperation
791619836,20181003,201810,CHN,CHINESE,CHN,,,,,,,,USA,AMERICAN,USA,,,,,,,,1,100,100,10,3,-5.0,8,1,8,-1.20643431635389,1,Brazil,BR,BR,,-10.0,-55.0,BR,1,Brazil,BR,BR,,-10.0,-55.0,BR,1,Brazil,BR,BR,,-10.0,-55.0,BR,20181003001500,Demand,Verbal conflict
791621760,20181003,201810,USA,AMERICAN,USA,,,,,,,,CHN,CHINESE,CHN,,,,,,,,1,0874,087,08,2,10.0,8,1,8,-1.20643431635389,1,United States,US,US,,39.828175,-98.5795,US,4,"Cheng Wei, Guangdong, China",CH,CH30,13042,22.1313,112.146,10315392,4,"Cheng Wei, Guangdong, China",CH,CH30,13042,22.1313,112.146,10315392,20181003001500,Yield,Material cooperation
791621761,20181003,201810,USA,CALIFORNIA,USA,,,,,,,,CHN,CHINA,CHN,,,,,,,,1,090,090,09,2,-2.0,10,1,10,-6.47359454855196,3,"Long Beach, California, United States",US,USCA,CA037,33.767,-118.189,1652747,3,"Long Beach, California, United States",US,USCA,,33.767,-118.189,1652747,3,"Long Beach, California, United States",US,USCA,,33.767,-118.189,1652747,20181003001500,Investigate,Material cooperation
791621762,20181003,201810,USA,CALIFORNIA,USA,,,,,,,,CHN,CHINA,CHN,,,,,,,,1,173,173,17,4,-5.0,10,1,10,-6.47359454855196,2,"California, United States",US,USCA,,36.17,-119.746,CA,1,China,CH,CH,,35.0,105.0,CH,2,"California, United States",US,USCA,,36.17,-119.746,CA,20181003001500,Coerce,Material conflict
791626041,20181003,201810,USA,CALIFORNIA,USA,,,,,,,,CHN,CHINA,CHN,,,,,,,,1,090,090,09,2,-2.0,12,2,12,-6.5068493150685,2,"California, United States",US,USCA,,36.17,-119.746,CA,2,"California, United States",US,USCA,,36.17,-119.746,CA,2,"California, United States",US,USCA,,36.17,-119.746,CA,20181003003000,Investigate,Material cooperation
791628341,20181003,201810,CHN,BEIJING,CHN,,,,,,,,USA,WASHINGTON,USA,,,,,,,,1,072,072,07,2,8.3,7,1,7,-0.65217391304348,1,Brazil,BR,BR,,-10.0,-55.0,BR,4,"Beijing, Beijing, China",CH,CH22,13001,39.9289,116.388,-1898541,1,Brazil,BR,BR,,-10.0,-55.0,BR,20181003004500,Provide aid,Material cooperation
791639388,20181003,201810,CHN,CHINESE,CHN,,,,,,,,USA,THE US,USA,,,,,,,,1,010,010,01,1,0.0,10,1,10,-7.14285714285714,1,China,CH,CH,,35.0,105.0,CH,1,China,CH,CH,,35.0,105.0,CH,1,China,CH,CH,,35.0,105.0,CH,20181003013000,Make public statement,Verbal cooperation
791639392,20181003,201810,CHN,CHINA,CHN,,,,,,,,USA,UNITED STATES,USA,,,,,,,,1,040,040,04,1,1.0,6,1,6,1.45985401459854,1,China,CH,CH,,35.0,105.0,CH,1,United States,US,US,,39.828175,-98.5795,US,1,United States,US,US,,39.828175,-98.5795,US,20181003013000,Consult,Verbal cooperation
791639394,20181003,201810,CHN,CHINESE,CHN,,,,,,,,USA,THE US,USA,,,,,,,,1,161,161,16,4,-4.0,10,1,10,-7.14285714285714,1,China,CH,CH,,35.0,105.0,CH,1,China,CH,CH,,35.0,105.0,CH,1,China,CH,CH,,35.0,105.0,CH,20181003013000,Reduce relations,Material conflict
791640536,20181003,201810,USA,UNITED STATES,USA,,,,,,,,CHN,CHINA,CHN,,,,,,,,1,040,040,04,1,1.0,6,1,6,1.45985401459854,1,United States,US,US,,39.828175,-98.5795,US,1,China,CH,CH,,35.0,105.0,CH,1,United States,US,US,,39.828175,-98.5795,US,20181003013000,Consult,Verbal cooperation
791640544,20181003,201810,USA,THE US,USA,,,,,,,,CHNMIL,CHINESE,CHN,,,,,MIL,,,1,112,112,11,3,-2.0,6,1,6,-6.72782874617737,4,"Nansha, Guangdong, China",CH,CH30,13045,22.493,113.186,10317471,4,"Nansha, Guangdong, China",CH,CH30,13045,22.493,113.186,10317471,4,"Nansha, Guangdong, China",CH,CH30,13045,22.493,113.186,10317471,20181003013000,Disapprove,Verbal conflict
791644763,20181003,201810,CHN,CHINA,CHN,,,,,,,,USA,UNITED STATES,USA,,,,,,,,1,042,042,04,1,1.9,6,1,6,-0.61652281134402,4,"Beijing, Beijing, China",CH,CH22,13001,39.9289,116.388,-1898541,4,"Beijing, Beijing, China",CH,CH22,13001,39.9289,116.388,-1898541,4,"Beijing, Beijing, China",CH,CH22,13001,39.9289,116.388,-1898541,20181003020000,Consult,Verbal cooperation
791647490,20181003,201810,CHN,CHINESE,CHN,,,,,,,,USA,THE US,USA,,,,,,,,1,061,061,06,2,6.4,10,1,10,-3.9236479321315,4,"London, London, City of, United Kingdom",UK,UKH9,40110,51.5,-0.116667,-2601889,4,"London, London, City of, United Kingdom",UK,UKH9,40110,51.5,-0.116667,-2601889,4,"London, London, City of, United Kingdom",UK,UKH9,40110,51.5,-0.116667,-2601889,20181003021500,Engage in material cooperation,Material cooperation
791647494,20181003,201810,CHN,CHINA,CHN,,,,,,,,USAMIL,UNITED STATES,USA,,,,,MIL,,,1,162,162,16,4,-5.6,6,1,6,-1.38888888888889,4,"Beijing, Beijing, China",CH,CH22,13001,39.9289,116.388,-1898541,3,"Washington, District of Columbia, United States",US,USDC,DC001,38.8951,-77.0364,531871,3,"Washington, District of Columbia, United States",US,USDC,DC001,38.8951,-77.0364,531871,20181003021500,Reduce relations,Material conflict
791651106,20181003,201810,USA,WASHINGTON,USA,,,,,,,,CHNGOV,CHINA,CHN,,,,,GOV,,,1,173,173,17,4,-5.0,10,1,10,-4.76190476190476,4,"Xinjiang, Jiangxi, China",CH,CH03,13167,27.7481,116.274,11065838,4,"Xinjiang, Jiangxi, China",CH,CH03,13167,27.7481,116.274,11065838,4,"Xinjiang, Jiangxi, China",CH,CH03,13167,27.7481,116.274,11065838,20181003023000,Coerce,Material conflict
791654569,20181003,201810,CHN,CHINA,CHN,,,,,,,,USA,THE US,USA,,,,,,,,1,190,190,19,4,-10.0,10,1,10,-6.9284064665127,4,"Beijing, Beijing, China",CH,CH22,13001,39.9289,116.388,-1898541,4,"Beijing, Beijing, China",CH,CH22,13001,39.9289,116.388,-1898541,4,"Beijing, Beijing, China",CH,CH22,13001,39.9289,116.388,-1898541,20181003030000,Fight,Material conflict
791655864,20181003,201810,USA,THE US,USA,,,,,,,,CHN,CHINA,CHN,,,,,,,,1,190,190,19,4,-10.0,8,1,8,-6.9284064665127,4,"Beijing, Beijing, China",CH,CH22,13001,39.9289,116.388,-1898541,4,"Beijing, Beijing, China",CH,CH22,13001,39.9289,116.388,-1898541,4,"Beijing, Beijing, China",CH,CH22,13001,39.9289,116.388,-1898541,20181003030000,Fight,Material conflict
791661267,20181003,201810,USAEDU,IOWA,USA,,,,,EDU,,,CHN,CHINA,CHN,,,,,,,,1,036,036,03,1,4.0,10,1,10,1.88284518828452,1,China,CH,CH,,35.0,105.0,CH,1,China,CH,CH,,35.0,105.0,CH,1,China,CH,CH,,35.0,105.0,CH,20181003033000,Express intent to cooperate,Verbal cooperation
791662359,20181003,201810,CHN,CHINA,CHN,,,,,,,,USA,UNITED STATES,USA,,,,,,,,1,120,120,12,3,-4.0,8,1,8,-4.51388888888889,4,"Beijing, Beijing, China",CH,CH22,13001,39.9289,116.388,-1898541,3,"Washington, District of Columbia, United States",US,USDC,DC001,38.8951,-77.0364,531871,4,"Beijing, Beijing, China",CH,CH22,13001,39.9289,116.388,-1898541,20181003034500,Reject,Verbal conflict
791665874,20181003,201810,USA,THE US,USA,,,,,,,,CHNMIL,CHINESE,CHN,,,,,MIL,,,1,112,112,11,3,-2.0,6,1,6,-3.92156862745098,4,"Wu Qian, Guizhou, China",CH,CH18,13306,26.8,105.0,-3835110,4,"Wu Qian, Guizhou, China",CH,CH18,13306,26.8,105.0,-3835110,4,"Wu Qian, Guizhou, China",CH,CH18,13306,26.8,105.0,-3835110,20181003040000,Disapprove,Verbal conflict
791666022,20181003,201810,USAGOV,US OFFICIAL,USA,,,,,GOV,,,CHN,CHINESE,CHN,,,,,,,,1,010,010,01,1,0.0,20,2,20,-10.4432397959184,4,"Gaven Reef, disputed, Spratly Islands",PG,PG0Z,,10.2,114.217,-1322853,4,"Beijing, Beijing, China",CH,CH22,13001,39.9289,116.388,-1898541,4,"Gaven Reef, disputed, Spratly Islands",PG,PG0Z,,10.2,114.217,-1322853,20181003040000,Make public statement,Verbal cooperation
791668034,20181003,201810,USA,THE US,USA,,,,,,,,CHNMIL,CHINESE,CHN,,,,,MIL,,,1,130,130,13,3,-4.4,10,1,10,-3.5799522673031,4,"Beijing, Beijing, China",CH,CH22,13001,39.9289,116.388,-1898541,4,"Beijing, Beijing, China",CH,CH22,13001,39.9289,116.388,-1898541,4,"Beijing, Beijing, China",CH,CH22,13001,39.9289,116.388,-1898541,20181003041500,Threaten,Verbal conflict
791669247,20181003,201810,CHN,CHINESE,CHN,,,,,,,,USA,UNITED STATES,USA,,,,,,,,1,010,010,01,1,0.0,10,1,10,-5.09977827050998,4,"Beijing, Beijing, China",CH,CH22,13001,39.9289,116.388,-1898541,4,"Beijing, Beijing, China",CH,CH22,13001,39.9289,116.388,-1898541,4,"Beijing, Beijing, China",CH,CH22,13001,39.9289,116.388,-1898541,20181003043000,Make public statement,Verbal cooperation
791669253,20181003,201810,CHN,BEIJING,CHN,,,,,,,,USA,WASHINGTON,USA,,,,,,,,1,111,111,11,3,-2.0,8,1,8,-5.09977827050998,4,"Beijing, Beijing, China",CH,CH22,13001,39.9289,116.388,-1898541,3,"Washington, District of Columbia, United States",US,USDC,DC001,38.8951,-77.0364,531871,4,"Beijing, Beijing, China",CH,CH22,13001,39.9289,116.388,-1898541,20181003043000,Disapprove,Verbal conflict
791669258,20181003,201810,CHN,BEIJING,CHN,,,,,,,,USA,A US,USA,,,,,,,,1,172,172,17,4,-5.0,10,1,10,-3.49127182044888,4,"Beijing, Beijing, China",CH,CH22,13001,39.9289,116.388,-1898541,4,"Beijing, Beijing, China",CH,CH22,13001,39.9289,116.388,-1898541,4,"Beijing, Beijing, China",CH,CH22,13001,39.9289,116.388,-1898541,20181003043000,Coerce,Material conflict
791669259,20181003,201810,CHN,BEIJING,CHN,,,,,,,,USA,UNITED STATES,USA,,,,,,,,1,172,172,17,4,-5.0,8,1,8,-4.21836228287841,4,"Beijing, Beijing, China",CH,CH22,13001,39.9289,116.388,-1898541,3,"Washington, District of Columbia, United States",US,USDC,DC001,38.8951,-77.0364,531871,4,"Beijing, Beijing, China",CH,CH22,13001,39.9289,116.388,-1898541,20181003043000,Coerce,Material conflict
791670177,20181003,201810,USA,UNITED STATES,USA,,,,,,,,CHN,CHINA,CHN,,,,,,,,1,046,046,04,1,7.0,8,1,8,-4.5766590389016,3,"Washington, District of Columbia, United States",US,USDC,DC001,38.8951,-77.0364,531871,4,"Beijing, Beijing, China",CH,CH22,13001,39.9289,116.388,-1898541,3,"Washington, District of Columbia, United States",US,USDC,DC001,38.8951,-77.0364,531871,20181003043000,Consult,Verbal cooperation
791670370,20181003,201810,USAMIL,UNITED STATES,USA,,,,,MIL,,,CHN,BEIJING,CHN,,,,,,,,1,110,110,11,3,-2.0,10,1,10,-5.09977827050998,3,"Washington, District of Columbia, United States",US,USDC,DC001,38.8951,-77.0364,531871,4,"Beijing, Beijing, China",CH,CH22,13001,39.9289,116.388,-1898541,4,"Beijing, Beijing, China",CH,CH22,13001,39.9289,116.388,-1898541,20181003043000,Disapprove,Verbal conflict
791670993,20180926,201809,USAGOV,US OFFICIAL,USA,,,,,GOV,,,CHN,CHINESE,CHN,,,,,,,,1,173,173,17,4,-5.0,10,1,10,-4.36241610738255,1,China,CH,CH,,35.0,105.0,CH,1,China,CH,CH,,35.0,105.0,CH,1,China,CH,CH,,35.0,105.0,CH,20181003044500,Coerce,Material conflict
791671357,20181003,201810,CHN,CHINA,CHN,,,,,,,,USA,UNITED STATES,USA,,,,,,,,1,046,046,04,1,7.0,6,1,6,-4.28265524625268,3,"White House, District of Columbia, United States",US,USDC,,38.8951,-77.0364,531871,4,"South China Sea, Brunei (general), Brunei",BX,BX00,,15.0,115.0,-1337919,4,"South China Sea, Brunei (general), Brunei",BX,BX00,,15.0,115.0,-1337919,20181003044500,Consult,Verbal cooperation
791671369,20181003,201810,CHN,BEIJING,CHN,,,,,,,,USA,UNITED STATES,USA,,,,,,,,1,172,172,17,4,-5.0,6,1,6,-2.43445692883895,3,"Washington, District of Columbia, United States",US,USDC,DC001,38.8951,-77.0364,531871,3,"Washington, District of Columbia, United States",US,USDC,DC001,38.8951,-77.0364,531871,4,"Beijing, Beijing, China",CH,CH22,13001,39.9289,116.388,-1898541,20181003044500,Coerce,Material conflict
791672464,20181003,201810,USA,UNITED STATES,USA,,,,,,,,CHN,CHINA,CHN,,,,,,,,1,046,046,04,1,7.0,8,1,8,-4.28265524625268,2,"New York, United States",US,USNY,,42.1497,-74.9384,NY,4,"Beijing, Beijing, China",CH,CH22,13001,39.9289,116.388,-1898541,2,"New York, United States",US,USNY,,42.1497,-74.9384,NY,20181003044500,Consult,Verbal cooperation
791674902,20181003,201810,USA,UNITED STATES,USA,,,,,,,,CHNMIL,CHINESE,CHN,,,,,MIL,,,1,160,160,16,4,-4.0,6,1,6,-4.58452722063037,1,United States,US,US,,39.828175,-98.5795,US,4,"Beijing, Beijing, China",CH,CH22,13001,39.9289,116.388,-1898541,1,United States,US,US,,39.828175,-98.5795,US,20181003050000,Reduce relations,Material conflict
791677219,20181003,201810,USA,UNITED STATES,USA,,,,,,,,CHN,CHINA,CHN,,,,,,,,1,036,036,03,1,4.0,6,1,6,-4.94296577946768,3,"Washington, District of Columbia, United States",US,USDC,DC001,38.8951,-77.0364,531871,4,"Beijing, Beijing, China",CH,CH22,13001,39.9289,116.388,-1898541,4,"Beijing, Beijing, China",CH,CH22,13001,39.9289,116.388,-1898541,20181003051500,Express intent to cooperate,Verbal cooperation
791677221,20181003,201810,USA,UNITED STATES,USA,,,,,,,,CHN,CHINA,CHN,,,,,,,,1,120,120,12,3,-4.0,6,1,6,-4.94296577946768,3,"Washington, District of Columbia, United States",US,USDC,DC001,38.8951,-77.0364,531871,4,"Beijing, Beijing, China",CH,CH22,13001,39.9289,116.388,-1898541,4,"Beijing, Beijing, China",CH,CH22,13001,39.9289,116.388,-1898541,20181003051500,Reject,Verbal conflict
791685895,20181003,201810,CHN,CHINA,CHN,,,,,,,,USAMED,REUTERS,USA,,,,,MED,,,1,043,043,04,1,2.8,8,1,8,2.75,4,"Wuzhen, Hubei, China",CH,CH12,13129,31.6836,112.004,-1931252,5,"Zhejiang, Zhejiang, China",CH,CH02,13325,29.0,120.0,-1938694,4,"Wuzhen, Hubei, China",CH,CH12,13129,31.6836,112.004,-1931252,20181003061500,Consult,Verbal cooperation
791687261,20181003,201810,USAMED,REUTERS,USA,,,,,MED,,,CHN,CHINA,CHN,,,,,,,,1,042,042,04,1,1.9,10,1,10,2.75,5,"Zhejiang, Zhejiang, China",CH,CH02,13325,29.0,120.0,-1938694,5,"Zhejiang, Zhejiang, China",CH,CH02,13325,29.0,120.0,-1938694,5,"Zhejiang, Zhejiang, China",CH,CH02,13325,29.0,120.0,-1938694,20181003061500,Consult,Verbal cooperation
791693480,20181003,201810,CHN,CHINA,CHN,,,,,,,,USA,UNITED STATES,USA,,,,,,,,1,030,030,03,1,4.0,6,1,6,0.985221674876839,4,"Beijing, Beijing, China",CH,CH22,13001,39.9289,116.388,-1898541,3,"Washington, District of Columbia, United States",US,USDC,DC001,38.8951,-77.0364,531871,4,"Beijing, Beijing, China",CH,CH22,13001,39.9289,116.388,-1898541,20181003070000,Express intent to cooperate,Verbal cooperation
791693484,20181003,201810,CHN,SHANGHAI,CHN,,,,,,,,USA,DALLAS,USA,,,,,,,,1,043,043,04,1,2.8,8,1,8,-2.06185567010309,4,"Shanghai, Shanghai, China",CH,CH23,13243,31.2222,121.458,-1924465,3,"Dallas, Texas, United States",US,USTX,TX113,32.7831,-96.8067,1380944,4,"Shanghai, Shanghai, China",CH,CH23,13243,31.2222,121.458,-1924465,20181003070000,Consult,Verbal cooperation
791693485,20181003,201810,CHN,CHINA,CHN,,,,,,,,USA,UNITED STATES,USA,,,,,,,,1,051,051,05,1,3.4,6,1,6,0.985221674876839,4,"Beijing, Beijing, China",CH,CH22,13001,39.9289,116.388,-1898541,3,"Washington, District of Columbia, United States",US,USDC,DC001,38.8951,-77.0364,531871,4,"Beijing, Beijing, China",CH,CH22,13001,39.9289,116.388,-1898541,20181003070000,Engage in diplomatic cooperation,Verbal cooperation
791694566,20181003,201810,USA,DALLAS,USA,,,,,,,,CHN,SHANGHAI,CHN,,,,,,,,1,042,042,04,1,1.9,8,1,8,-2.06185567010309,3,"Dallas, Texas, United States",US,USTX,TX113,32.7831,-96.8067,1380944,4,"Shanghai, Shanghai, China",CH,CH23,13243,31.2222,121.458,-1924465,4,"Shanghai, Shanghai, China",CH,CH23,13243,31.2222,121.458,-1924465,20181003070000,Consult,Verbal cooperation
791696131,20181003,201810,CHN,CHINA,CHN,,,,,,,,USAMIL,A US,USA,,,,,MIL,,,1,036,036,03,1,4.0,8,2,8,-6.13614188142111,4,"Beijing, Beijing, China",CH,CH22,13001,39.9289,116.388,-1898541,4,"Beijing, Beijing, China",CH,CH22,13001,39.9289,116.388,-1898541,4,"Beijing, Beijing, China",CH,CH22,13001,39.9289,116.388,-1898541,20181003071500,Express intent to cooperate,Verbal cooperation
791696132,20181003,201810,CHN,CHINA,CHN,,,,,,,,USAMIL,A US,USA,,,,,MIL,,,1,036,036,03,1,4.0,12,2,12,-6.13614188142111,4,"Beijing, Beijing, China",CH,CH22,13001,39.9289,116.388,-1898541,1,Hong Kong,HK,HK,,22.25,114.166667,HK,4,"Beijing, Beijing, China",CH,CH22,13001,39.9289,116.388,-1898541,20181003071500,Express intent to cooperate,Verbal cooperation
791702338,20181003,201810,USA,THE US,USA,,,,,,,,CHN,CHINA,CHN,,,,,,,,1,110,110,11,3,-2.0,6,1,6,-6.19834710743801,4,"Luyang, Shaanxi, China",CH,CH26,13219,34.755,109.833,10529074,4,"Luyang, Shaanxi, China",CH,CH26,13219,34.755,109.833,10529074,4,"Luyang, Shaanxi, China",CH,CH26,13219,34.755,109.833,10529074,20181003074500,Disapprove,Verbal conflict
791703861,20181003,201810,CHN,CHINESE,CHN,,,,,,,,USA,THE US,USA,,,,,,,,1,020,020,02,1,3.0,10,1,10,2.83748925193465,4,"London, London, City of, United Kingdom",UK,UKH9,40110,51.5,-0.116667,-2601889,4,"London, London, City of, United Kingdom",UK,UKH9,40110,51.5,-0.116667,-2601889,4,"London, London, City of, United Kingdom",UK,UKH9,40110,51.5,-0.116667,-2601889,20181003080000,Appeal,Verbal cooperation
791703863,20181003,201810,CHN,CHINA,CHN,,,,,,,,USAMIL,UNITED STATES,USA,,,,,MIL,,,1,162,162,16,4,-5.6,6,1,6,-1.49476831091181,4,"Beijing, Beijing, China",CH,CH22,13001,39.9289,116.388,-1898541,1,United States,US,US,,39.828175,-98.5795,US,1,United States,US,US,,39.828175,-98.5795,US,20181003080000,Reduce relations,Material conflict
791707707,20181003,201810,USA,UNITED STATES,USA,,,,,,,,CHN,CHINA,CHN,,,,,,,,1,112,112,11,3,-2.0,20,1,20,1.14436974425258,1,India,IN,IN,,20.0,77.0,IN,1,India,IN,IN,,20.0,77.0,IN,1,India,IN,IN,,20.0,77.0,IN,20181003081500,Disapprove,Verbal conflict
791718629,20181003,201810,CHN,CHINA,CHN,,,,,,,,USA,UNITED STATES,USA,,,,,,,,1,040,040,04,1,1.0,6,1,6,1.75438596491228,4,"Beijing, Beijing, China",CH,CH22,13001,39.9289,116.388,-1898541,1,United States,US,US,,39.828175,-98.5795,US,1,United States,US,US,,39.828175,-98.5795,US,20181003091500,Consult,Verbal cooperation
791718632,20181003,201810,CHN,CHINA,CHN,,,,,,,,USA,UNITED STATES,USA,,,,,,,,1,061,061,06,2,6.4,8,1,8,4.03645833333334,1,China,CH,CH,,35.0,105.0,CH,1,United States,US,US,,39.828175,-98.5795,US,1,United States,US,US,,39.828175,-98.5795,US,20181003091500,Engage in material cooperation,Material cooperation
791719696,20181003,201810,USA,UNITED STATES,USA,,,,,,,,CHN,CHINA,CHN,,,,,,,,1,040,040,04,1,1.0,6,1,6,1.75438596491228,1,United States,US,US,,39.828175,-98.5795,US,4,"Beijing, Beijing, China",CH,CH22,13001,39.9289,116.388,-1898541,1,United States,US,US,,39.828175,-98.5795,US,20181003091500,Consult,Verbal cooperation
791719698,20181003,201810,USA,UNITED STATES,USA,,,,,,,,CHN,CHINA,CHN,,,,,,,,1,061,061,06,2,6.4,10,1,10,4.03645833333334,4,"Blackrock, Nova Scotia, Canada",CA,CA07,12626,45.3167,-60.95,-561321,4,"Blackrock, Nova Scotia, Canada",CA,CA07,12626,45.3167,-60.95,-561321,4,"Blackrock, Nova Scotia, Canada",CA,CA07,12626,45.3167,-60.95,-561321,20181003091500,Engage in material cooperation,Material cooperation
791719703,20181003,201810,USA,THE US,USA,,,,,,,,CHNMIL,CHINESE,CHN,,,,,MIL,,,1,163,163,16,4,-8.0,6,1,6,-2.27817745803357,4,"Moscow, Moskva, Russia",RS,RS48,25106,55.7522,37.6156,-2960561,4,"Moscow, Moskva, Russia",RS,RS48,25106,55.7522,37.6156,-2960561,4,"Moscow, Moskva, Russia",RS,RS48,25106,55.7522,37.6156,-2960561,20181003091500,Reduce relations,Material conflict
791721270,20181003,201810,CHN,CHINA,CHN,,,,,,,,USA,UNITED STATES,USA,,,,,,,,1,130,130,13,3,-4.4,10,1,10,-2.85071267816954,4,"Beijing, Beijing, China",CH,CH22,13001,39.9289,116.388,-1898541,2,"Iowa, United States",US,USIA,,42.0046,-93.214,IA,4,"Beijing, Beijing, China",CH,CH22,13001,39.9289,116.388,-1898541,20181003093000,Threaten,Verbal conflict
791725493,20181003,201810,USA,WASHINGTON,USA,,,,,,,,CHN,CHINESE,CHN,,,,,,,,1,050,050,05,1,3.5,10,1,10,0.91185410334347,1,China,CH,CH,,35.0,105.0,CH,1,China,CH,CH,,35.0,105.0,CH,1,China,CH,CH,,35.0,105.0,CH,20181003094500,Engage in diplomatic cooperation,Verbal cooperation
791730051,20181003,201810,CHN,CHINA,CHN,,,,,,,,USABUS,AMERICAN,USA,,,,,BUS,,,1,042,042,04,1,1.9,6,1,6,-2.01072386058982,1,China,CH,CH,,35.0,105.0,CH,3,"Washington, District of Columbia, United States",US,USDC,DC001,38.8951,-77.0364,531871,1,China,CH,CH,,35.0,105.0,CH,20181003101500,Consult,Verbal cooperation
791731402,20181003,201810,USABUS,AMERICAN,USA,,,,,BUS,,,CHN,CHINA,CHN,,,,,,,,1,012,012,01,1,-0.4,6,1,6,-2.01072386058982,1,China,CH,CH,,35.0,105.0,CH,1,China,CH,CH,,35.0,105.0,CH,1,China,CH,CH,,35.0,105.0,CH,20181003101500,Make public statement,Verbal cooperation
791731405,20181003,201810,USABUS,AMERICAN,USA,,,,,BUS,,,CHN,CHINA,CHN,,,,,,,,1,043,043,04,1,2.8,6,1,6,-2.01072386058982,3,"Washington, District of Columbia, United States",US,USDC,DC001,38.8951,-77.0364,531871,1,China,CH,CH,,35.0,105.0,CH,1,China,CH,CH,,35.0,105.0,CH,20181003101500,Consult,Verbal cooperation
791736331,20181003,201810,CHN,CHINA,CHN,,,,,,,,USA,UNITED STATES,USA,,,,,,,,1,042,042,04,1,1.9,8,1,8,-7.99136069114471,1,China,CH,CH,,35.0,105.0,CH,1,United States,US,US,,39.828175,-98.5795,US,1,China,CH,CH,,35.0,105.0,CH,20181003104500,Consult,Verbal cooperation
791736337,20181003,201810,CHNGOV,CHINA,CHN,,,,,GOV,,,USA,THE US,USA,,,,,,,,1,020,020,02,1,3.0,10,1,10,-8.58895705521472,1,China,CH,CH,,35.0,105.0,CH,1,China,CH,CH,,35.0,105.0,CH,1,China,CH,CH,,35.0,105.0,CH,20181003104500,Appeal,Verbal cooperation
791737666,20181003,201810,USA,UNITED STATES,USA,,,,,,,,CHN,CHINA,CHN,,,,,,,,1,043,043,04,1,2.8,10,1,10,-7.99136069114471,1,United States,US,US,,39.828175,-98.5795,US,1,United States,US,US,,39.828175,-98.5795,US,1,United States,US,US,,39.828175,-98.5795,US,20181003104500,Consult,Verbal cooperation
791741196,20181003,201810,USAGOV,US OFFICIAL,USA,,,,,GOV,,,CHN,CHINESE,CHN,,,,,,,,1,112,112,11,3,-2.0,8,1,8,-0.23364485981308,1,Japan,JA,JA,,36.0,138.0,JA,1,Japan,JA,JA,,36.0,138.0,JA,1,Japan,JA,JA,,36.0,138.0,JA,20181003110000,Disapprove,Verbal conflict
791742450,20180903,201809,USA,UNITED STATES,USA,,,,,,,,CHNMIL,CHINA,CHN,,,,,MIL,,,1,163,163,16,4,-8.0,8,1,8,-4.00667779632722,1,United States,US,US,,39.828175,-98.5795,US,1,China,CH,CH,,35.0,105.0,CH,1,United States,US,US,,39.828175,-98.5795,US,20181003111500,Reduce relations,Material conflict
791742903,20181003,201810,CHNBUS,CHINESE,CHN,,,,,BUS,,,USA,DETROIT,USA,,,,,,,,1,042,042,04,1,1.9,6,1,6,-1.43198090692124,4,"Zhang Fan, Anhui, China",CH,CH01,13126,31.2917,115.85,-3806362,4,"Zhang Fan, Anhui, China",CH,CH01,13126,31.2917,115.85,-3806362,4,"Zhang Fan, Anhui, China",CH,CH01,13126,31.2917,115.85,-3806362,20181003111500,Consult,Verbal cooperation
791744364,20181003,201810,USA,UNITED STATES,USA,,,,,,,,CHN,CHINA,CHN,,,,,,,,1,020,020,02,1,3.0,10,1,10,0.33167495854063,1,United States,US,US,,39.828175,-98.5795,US,1,China,CH,CH,,35.0,105.0,CH,1,China,CH,CH,,35.0,105.0,CH,20181003111500,Appeal,Verbal cooperation
791744367,20181003,201810,USA,PHOENIX,USA,,,,,,,,CHN,CHINESE,CHN,,,,,,,,1,084,084,08,2,7.0,20,2,20,0.763358778625956,3,"Phoenix, Arizona, United States",US,USAZ,AZ013,33.4484,-112.074,44784,1,China,CH,CH,,35.0,105.0,CH,3,"Phoenix, Arizona, United States",US,USAZ,AZ013,33.4484,-112.074,44784,20181003111500,Yield,Material cooperation
791744375,20181003,201810,USA,DETROIT,USA,,,,,,,,CHNBUS,CHINESE,CHN,,,,,BUS,,,1,043,043,04,1,2.8,6,1,6,-1.43198090692124,4,"Zhang Fan, Anhui, China",CH,CH01,13126,31.2917,115.85,-3806362,4,"Zhang Fan, Anhui, China",CH,CH01,13126,31.2917,115.85,-3806362,4,"Zhang Fan, Anhui, China",CH,CH01,13126,31.2917,115.85,-3806362,20181003111500,Consult,Verbal cooperation
791744376,20181003,201810,USA,THE US,USA,,,,,,,,CHNMIL,CHINESE,CHN,,,,,MIL,,,1,163,163,16,4,-8.0,6,1,6,-5.58659217877095,4,"Beijing, Beijing, China",CH,CH22,13001,39.9289,116.388,-1898541,4,"Beijing, Beijing, China",CH,CH22,13001,39.9289,116.388,-1898541,4,"Beijing, Beijing, China",CH,CH22,13001,39.9289,116.388,-1898541,20181003111500,Reduce relations,Material conflict
791746102,20181003,201810,CHNGOV,CHINESE,CHN,,,,,GOV,,,USAMED,REUTERS,USA,,,,,MED,,,1,040,040,04,1,1.0,6,1,6,-3.31489286968739,4,"Beijing, Beijing, China",CH,CH22,13001,39.9289,116.388,-1898541,4,"Beijing, Beijing, China",CH,CH22,13001,39.9289,116.388,-1898541,4,"Beijing, Beijing, China",CH,CH22,13001,39.9289,116.388,-1898541,20181003113000,Consult,Verbal cooperation
791747413,20181003,201810,USAMED,REUTERS,USA,,,,,MED,,,CHN,CHINA,CHN,,,,,,,,1,036,036,03,1,4.0,6,1,6,-3.31489286968739,4,"Pyongyang, P'yongyang-si, North Korea",KN,KN12,39681,39.0194,125.755,-183459,1,South Korea,KS,KS,,37.0,127.5,KS,1,South Korea,KS,KS,,37.0,127.5,KS,20181003113000,Express intent to cooperate,Verbal cooperation
791747416,20181003,201810,USAMED,REUTERS,USA,,,,,MED,,,CHNGOV,CHINESE,CHN,,,,,GOV,,,1,040,040,04,1,1.0,6,1,6,-3.31489286968739,4,"Beijing, Beijing, China",CH,CH22,13001,39.9289,116.388,-1898541,4,"Beijing, Beijing, China",CH,CH22,13001,39.9289,116.388,-1898541,4,"Beijing, Beijing, China",CH,CH22,13001,39.9289,116.388,-1898541,20181003113000,Consult,Verbal cooperation
791751404,20180903,201809,USA,THE US,USA,,,,,,,,CHNMIL,CHINA,CHN,,,,,MIL,,,1,163,163,16,4,-8.0,10,1,10,-4.39367311072056,1,China,CH,CH,,35.0,105.0,CH,1,China,CH,CH,,35.0,105.0,CH,1,China,CH,CH,,35.0,105.0,CH,20181003120000,Reduce relations,Material conflict
791756460,20181003,201810,USAMED,REUTERS,USA,,,,,MED,,,CHN,CHINA,CHN,,,,,,,,1,164,164,16,4,-7.0,10,1,10,-2.08333333333333,1,Australia,AS,AS,,-25.0,135.0,AS,1,Australia,AS,AS,,-25.0,135.0,AS,1,Australia,AS,AS,,-25.0,135.0,AS,20181003121500,Reduce relations,Material conflict
791761385,20181003,201810,CHN,CHINA,CHN,,,,,,,,MNCUSAMED,GOOGLE,USA,,,,,MNC,MED,,1,090,090,09,2,-2.0,10,2,10,-0.35906642728905,1,China,CH,CH,,35.0,105.0,CH,1,China,CH,CH,,35.0,105.0,CH,1,China,CH,CH,,35.0,105.0,CH,20181003124500,Investigate,Material cooperation
791761386,20181003,201810,CHN,CHINA,CHN,,,,,,,,MNCUSAMED,GOOGLE,USA,,,,,MNC,MED,,1,1721,172,17,4,-5.0,10,2,10,-0.35906642728905,1,China,CH,CH,,35.0,105.0,CH,1,China,CH,CH,,35.0,105.0,CH,1,China,CH,CH,,35.0,105.0,CH,20181003124500,Coerce,Material conflict
791762705,20181003,201810,USA,PHOENIX,USA,,,,,,,,CHN,CHINESE,CHN,,,,,,,,1,084,084,08,2,7.0,6,1,6,0.746268656716422,3,"Phoenix, Arizona, United States",US,USAZ,AZ013,33.4484,-112.074,44784,1,China,CH,CH,,35.0,105.0,CH,1,China,CH,CH,,35.0,105.0,CH,20181003124500,Yield,Material cooperation
791764885,20181003,201810,CHN,TIBET,CHN,,,,,,,,USA,UNITED STATES,USA,,,,,,,,1,042,042,04,1,1.9,8,1,8,-2.23776223776224,5,"Tibet, Xizang, China",CH,CH14,13213,32.0,90.0,-1934604,5,"Tibet, Xizang, China",CH,CH14,13213,32.0,90.0,-1934604,5,"Tibet, Xizang, China",CH,CH14,13213,32.0,90.0,-1934604,20181003130000,Consult,Verbal cooperation
791770635,20181003,201810,USAGOV,US LEADER,USA,,,,,GOV,,,CHN,CHINA,CHN,,,,,,,,1,010,010,01,1,0.0,10,1,10,-1.8361581920904,4,"Wu Qian, Guizhou, China",CH,CH18,13306,26.8,105.0,-3835110,4,"Wu Qian, Guizhou, China",CH,CH18,13306,26.8,105.0,-3835110,4,"Wu Qian, Guizhou, China",CH,CH18,13306,26.8,105.0,-3835110,20181003131500,Make public statement,Verbal cooperation
791772309,20181003,201810,CHN,CHINA,CHN,,,,,,,,MNCUSAMED,GOOGLE,USA,,,,,MNC,MED,,1,040,040,04,1,1.0,10,5,10,-0.308148114725957,1,China,CH,CH,,35.0,105.0,CH,1,China,CH,CH,,35.0,105.0,CH,1,China,CH,CH,,35.0,105.0,CH,20181003133000,Consult,Verbal cooperation
791773289,20181003,201810,MNCUSAMED,GOOGLE,USA,,,,,MNC,MED,,CHN,CHINA,CHN,,,,,,,,1,040,040,04,1,1.0,10,5,10,-0.308148114725957,1,China,CH,CH,,35.0,105.0,CH,1,China,CH,CH,,35.0,105.0,CH,1,China,CH,CH,,35.0,105.0,CH,20181003133000,Consult,Verbal cooperation
791776891,20181003,201810,USA,TEXAS,USA,,,,,,,,CHN,CHINA,CHN,,,,,,,,1,051,051,05,1,3.4,7,1,7,6.76470588235294,4,"Caojing, Shanghai, China",CH,CH23,13327,30.7969,121.404,-1899456,4,"Caojing, Shanghai, China",CH,CH23,13327,30.7969,121.404,-1899456,4,"Caojing, Shanghai, China",CH,CH23,13327,30.7969,121.404,-1899456,20181003134500,Engage in diplomatic cooperation,Verbal cooperation
791780157,20181003,201810,USA,TEXAS,USA,,,,,,,,CHN,CHINA,CHN,,,,,,,,1,051,051,05,1,3.4,7,1,7,5.6,4,"Caojing, Shanghai, China",CH,CH23,13327,30.7969,121.404,-1899456,2,"Texas, United States",US,USTX,,31.106,-97.6475,TX,4,"Caojing, Shanghai, China",CH,CH23,13327,30.7969,121.404,-1899456,20181003140000,Engage in diplomatic cooperation,Verbal cooperation
791781496,20180926,201809,USAGOV,UNITED STATES,USA,,,,,GOV,,,CHN,CHINA,CHN,,,,,,,,1,036,036,03,1,4.0,6,1,6,0.0,4,"Beijing, Beijing, China",CH,CH22,13001,39.9289,116.388,-1898541,4,"Beijing, Beijing, China",CH,CH22,13001,39.9289,116.388,-1898541,4,"Beijing, Beijing, China",CH,CH22,13001,39.9289,116.388,-1898541,20181003141500,Express intent to cooperate,Verbal cooperation
791785075,20181003,201810,CHN,CHINA,CHN,,,,,,,,USA,UNITED STATES,USA,,,,,,,,1,080,080,08,2,5.0,8,1,8,-4.88636363636364,4,"Beijing, Beijing, China",CH,CH22,13001,39.9289,116.388,-1898541,3,"Washington, District of Columbia, United States",US,USDC,DC001,38.8951,-77.0364,531871,3,"Washington, District of Columbia, United States",US,USDC,DC001,38.8951,-77.0364,531871,20181003143000,Yield,Material cooperation
791789906,20181003,201810,USA,LOS ANGELES,USA,,,,,,,,CHN,CHINA,CHN,,,,,,,,1,040,040,04,1,1.0,10,1,10,-6.97674418604651,3,"Los Angeles, California, United States",US,USCA,CA037,34.0522,-118.244,1662328,1,China,CH,CH,,35.0,105.0,CH,1,China,CH,CH,,35.0,105.0,CH,20181003144500,Consult,Verbal cooperation
791789910,20181003,201810,USA,THE US,USA,,,,,,,,CHN,CHINA,CHN,,,,,,,,1,190,190,19,4,-10.0,10,1,10,-2.45183887915937,4,"Wu Qian, Guizhou, China",CH,CH18,13306,26.8,105.0,-3835110,4,"Wu Qian, Guizhou, China",CH,CH18,13306,26.8,105.0,-3835110,4,"Wu Qian, Guizhou, China",CH,CH18,13306,26.8,105.0,-3835110,20181003144500,Fight,Material conflict
791791957,20181003,201810,CHNGOV,CHINESE,CHN,,,,,GOV,,,USA,THE US,USA,,,,,,,,1,020,020,02,1,3.0,6,1,6,-5.64373897707231,4,"Luoyang, Henan, China",CH,CH09,13101,34.6836,112.454,-1917235,4,"Luoyang, Henan, China",CH,CH09,13101,34.6836,112.454,-1917235,4,"Luoyang, Henan, China",CH,CH09,13101,34.6836,112.454,-1917235,20181003150000,Appeal,Verbal cooperation
791793742,20181003,201810,USAMIL,THE US,USA,,,,,MIL,,,CHN,CHINESE,CHN,,,,,,,,1,190,190,19,4,-10.0,10,1,10,-5.64373897707231,4,"South China Sea, Brunei (general), Brunei",BX,BX00,,15.0,115.0,-1337919,4,"Luyang, Shaanxi, China",CH,CH26,13219,34.755,109.833,10529074,4,"Luyang, Shaanxi, China",CH,CH26,13219,34.755,109.833,10529074,20181003150000,Fight,Material conflict
791795544,20181003,201810,CHN,CHINA,CHN,,,,,,,,USAGOV,MICHIGAN,USA,,,,,GOV,,,1,057,057,05,1,8.0,6,1,6,6.33802816901408,1,China,CH,CH,,35.0,105.0,CH,2,"Michigan, United States",US,USMI,,43.3504,-84.5603,MI,2,"Michigan, United States",US,USMI,,43.3504,-84.5603,MI,20181003151500,Engage in diplomatic cooperation,Verbal cooperation
791797331,20181003,201810,USAGOV,MICHIGAN,USA,,,,,GOV,,,CHN,CHINA,CHN,,,,,,,,1,057,057,05,1,8.0,6,1,6,6.33802816901408,2,"Michigan, United States",US,USMI,,43.3504,-84.5603,MI,1,China,CH,CH,,35.0,105.0,CH,2,"Michigan, United States",US,USMI,,43.3504,-84.5603,MI,20181003151500,Engage in diplomatic cooperation,Verbal cooperation
791797377,20181003,201810,USAMIL,THE US,USA,,,,,MIL,,,CHN,CHINESE,CHN,,,,,,,,1,190,190,19,4,-10.0,10,1,10,-5.14705882352941,4,"Luyang, Shaanxi, China",CH,CH26,13219,34.755,109.833,10529074,4,"Luyang, Shaanxi, China",CH,CH26,13219,34.755,109.833,10529074,4,"Luyang, Shaanxi, China",CH,CH26,13219,34.755,109.833,10529074,20181003151500,Fight,Material conflict
791798597,20180903,201809,USA,UNITED STATES,USA,,,,,,,,CHNMIL,CHINA,CHN,,,,,MIL,,,1,163,163,16,4,-8.0,10,1,10,-4.50751252086812,4,"Kremlin, Moskva, Russia",RS,RS48,25106,55.7522,37.6156,-2960561,4,"Kremlin, Moskva, Russia",RS,RS48,25106,55.7522,37.6156,-2960561,4,"Kremlin, Moskva, Russia",RS,RS48,25106,55.7522,37.6156,-2960561,20181003153000,Reduce relations,Material conflict
791805921,20180903,201809,USA,UNITED STATES,USA,,,,,,,,CHNMIL,CHINA,CHN,,,,,MIL,,,1,163,163,16,4,-8.0,8,1,8,-3.98613518197574,3,"Washington, District of Columbia, United States",US,USDC,DC001,38.8951,-77.0364,531871,1,China,CH,CH,,35.0,105.0,CH,3,"Washington, District of Columbia, United States",US,USDC,DC001,38.8951,-77.0364,531871,20181003160000,Reduce relations,Material conflict
791810065,20181003,201810,CHNGOV,CHINESE,CHN,,,,,GOV,,,USA,THE US,USA,,,,,,,,1,110,110,11,3,-2.0,6,1,6,-7.36196319018404,4,"Beijing, Beijing, China",CH,CH22,13001,39.9289,116.388,-1898541,4,"Beijing, Beijing, China",CH,CH22,13001,39.9289,116.388,-1898541,4,"Beijing, Beijing, China",CH,CH22,13001,39.9289,116.388,-1898541,20181003161500,Disapprove,Verbal conflict
791815303,20181003,201810,USA,UNITED STATES,USA,,,,,,,,CHN,CHINA,CHN,,,,,,,,1,061,061,06,2,6.4,8,1,8,3.90835579514825,1,United States,US,US,,39.828175,-98.5795,US,1,China,CH,CH,,35.0,105.0,CH,1,United States,US,US,,39.828175,-98.5795,US,20181003163000,Engage in material cooperation,Material cooperation
791816779,20180926,201809,USA,UNITED STATES,USA,,,,,,,,CHN,CHINESE,CHN,,,,,,,,1,060,060,06,2,6.0,10,1,10,1.34408602150538,1,China,CH,CH,,35.0,105.0,CH,1,China,CH,CH,,35.0,105.0,CH,1,China,CH,CH,,35.0,105.0,CH,20181003164500,Engage in material cooperation,Material cooperation
791817238,20181003,201810,CHN,CHINA,CHN,,,,,,,,USA,HAWAII,USA,,,,,,,,1,042,042,04,1,1.9,6,1,6,-0.66225165562914,1,United Kingdom,UK,UK,,54.0,-4.0,UK,1,United Kingdom,UK,UK,,54.0,-4.0,UK,1,United Kingdom,UK,UK,,54.0,-4.0,UK,20181003164500,Consult,Verbal cooperation
791817244,20181003,201810,CHN,CHINA,CHN,,,,,,,,USA,UNITED STATES,USA,,,,,,,,1,1123,112,11,3,-2.0,6,1,6,-5.35714285714285,4,"Beijing, Beijing, China",CH,CH22,13001,39.9289,116.388,-1898541,3,"Decatur, Washington, United States",US,USWA,WA055,48.5004,-122.82,1534563,4,"Beijing, Beijing, China",CH,CH22,13001,39.9289,116.388,-1898541,20181003164500,Disapprove,Verbal conflict
791818828,20181003,201810,USA,UNITED STATES,USA,,,,,,,,CHNMIL,CHINESE,CHN,,,,,MIL,,,1,112,112,11,3,-2.0,6,1,6,-5.35714285714285,4,"Beijing, Beijing, China",CH,CH22,13001,39.9289,116.388,-1898541,4,"Beijing, Beijing, China",CH,CH22,13001,39.9289,116.388,-1898541,4,"Beijing, Beijing, China",CH,CH22,13001,39.9289,116.388,-1898541,20181003164500,Disapprove,Verbal conflict
791831442,20181003,201810,CHN,BEIJING,CHN,,,,,,,,USA,UNITED STATES,USA,,,,,,,,1,010,010,01,1,0.0,10,1,10,-4.51612903225807,4,"Beijing, Beijing, China",CH,CH22,13001,39.9289,116.388,-1898541,1,United States,US,US,,39.828175,-98.5795,US,4,"Beijing, Beijing, China",CH,CH22,13001,39.9289,116.388,-1898541,20181003174500,Make public statement,Verbal cooperation
791831443,20181003,201810,CHN,BEIJING,CHN,,,,,,,,USA,UNITED STATES,USA,,,,,,,,1,020,020,02,1,3.0,10,1,10,-4.51612903225807,4,"Beijing, Beijing, China",CH,CH22,13001,39.9289,116.388,-1898541,1,United States,US,US,,39.828175,-98.5795,US,1,United States,US,US,,39.828175,-98.5795,US,20181003174500,Appeal,Verbal cooperation
791833000,20181003,201810,USA,UNITED STATES,USA,,,,,,,,CHN,CHINA,CHN,,,,,,,,1,020,020,02,1,3.0,10,1,10,-4.51612903225807,1,United States,US,US,,39.828175,-98.5795,US,4,"Beijing, Beijing, China",CH,CH22,13001,39.9289,116.388,-1898541,1,United States,US,US,,39.828175,-98.5795,US,20181003174500,Appeal,Verbal cooperation
791838929,20181003,201810,CHN,CANTON,CHN,,,,,,,,USA,OHIO,USA,,,,,,,,1,173,173,17,4,-5.0,10,1,10,-10.1851851851852,3,"Stark County, Ohio, United States",US,USOH,OH151,40.8167,-81.3665,1065576,3,"Stark County, Ohio, United States",US,USOH,,40.8167,-81.3665,1065576,3,"Stark County, Ohio, United States",US,USOH,,40.8167,-81.3665,1065576,20181003181500,Coerce,Material conflict
791840450,20181003,201810,USA,THE US,USA,,,,,,,,CHN,CHINA,CHN,,,,,,,,1,120,120,12,3,-4.0,10,1,10,-7.30337078651687,1,South Africa,SF,SF,,-30.0,26.0,SF,1,South Africa,SF,SF,,-30.0,26.0,SF,1,South Africa,SF,SF,,-30.0,26.0,SF,20181003181500,Reject,Verbal conflict
791847089,20181003,201810,USA,TEXAS,USA,,,,,,,,CHN,CANTON,CHN,,,,,,,,1,173,173,17,4,-5.0,10,1,10,-8.42105263157895,4,"Valencia, Carabobo, Venezuela",VE,VE07,31933,10.1806,-68.0039,-960192,4,"Valencia, Carabobo, Venezuela",VE,VE07,31933,10.1806,-68.0039,-960192,4,"Valencia, Carabobo, Venezuela",VE,VE07,31933,10.1806,-68.0039,-960192,20181003184500,Coerce,Material conflict
791859342,20181003,201810,USA,THE US,USA,,,,,,,,CHN,CHINA,CHN,,,,,,,,1,0841,084,08,2,7.0,10,1,10,-5.44959128065395,1,United States,US,US,,39.828175,-98.5795,US,1,United States,US,US,,39.828175,-98.5795,US,1,United States,US,US,,39.828175,-98.5795,US,20181003194500,Yield,Material cooperation
791859577,20181003,201810,USAEDU,MONTANA,USA,,,,,EDU,,,CHN,CHINA,CHN,,,,,,,,1,051,051,05,1,3.4,6,1,6,1.21527777777778,4,"Hainan, Hainan, China",CH,CH31,13072,18.9394,109.484,6025157,4,"Hainan, Hainan, China",CH,CH31,13072,18.9394,109.484,6025157,4,"Hainan, Hainan, China",CH,CH31,13072,18.9394,109.484,6025157,20181003194500,Engage in diplomatic cooperation,Verbal cooperation
791873521,20181003,201810,USA,UNITED STATES,USA,,,,,,,,CHN,CHINA,CHN,,,,,,,,1,061,061,06,2,6.4,10,1,10,1.9047619047619,1,Japan,JA,JA,,36.0,138.0,JA,1,Japan,JA,JA,,36.0,138.0,JA,1,Japan,JA,JA,,36.0,138.0,JA,20181003210000,Engage in material cooperation,Material cooperation
791874947,20181003,201810,CHN,CHINA,CHN,,,,,,,,USA,THE US,USA,,,,,,,,1,110,110,11,3,-2.0,6,1,6,-2.47787610619469,4,"Hainan, Hainan, China",CH,CH31,13072,18.9394,109.484,6025157,4,"Scarborough Shoal, Philippines (general), Philippines",RP,RP00,25318,15.1333,117.767,-2452628,4,"Scarborough Shoal, Philippines (general), Philippines",RP,RP00,25318,15.1333,117.767,-2452628,20181003211500,Disapprove,Verbal conflict
791876094,20181003,201810,USA,THE US,USA,,,,,,,,CHN,CHINA,CHN,,,,,,,,1,110,110,11,3,-2.0,6,1,6,-2.47787610619469,4,"Scarborough Shoal, Philippines (general), Philippines",RP,RP00,25318,15.1333,117.767,-2452628,4,"Hainan, Hainan, China",CH,CH31,13072,18.9394,109.484,6025157,4,"Scarborough Shoal, Philippines (general), Philippines",RP,RP00,25318,15.1333,117.767,-2452628,20181003211500,Disapprove,Verbal conflict
791876321,20181003,201810,USAGOV,US OFFICIAL,USA,,,,,GOV,,,CHN,CHINA,CHN,,,,,,,,1,164,164,16,4,-7.0,10,1,10,-2.47787610619469,4,"Beijing, Beijing, China",CH,CH22,13001,39.9289,116.388,-1898541,4,"Beijing, Beijing, China",CH,CH22,13001,39.9289,116.388,-1898541,4,"Beijing, Beijing, China",CH,CH22,13001,39.9289,116.388,-1898541,20181003211500,Reduce relations,Material conflict
791884417,20181003,201810,USA,CHICAGO,USA,,,,,,,,CHN,CANTON,CHN,,,,,,,,1,190,190,19,4,-10.0,8,1,8,-5.19287833827893,3,"Chicago, Illinois, United States",US,USIL,IL031,41.85,-87.6501,423587,3,"Chicago, Illinois, United States",US,USIL,IL031,41.85,-87.6501,423587,3,"Chicago, Illinois, United States",US,USIL,IL031,41.85,-87.6501,423587,20181003220000,Fight,Material conflict
791884421,20181003,201810,USA,THE US,USA,,,,,,,,CHNMIL,CHINESE,CHN,,,,,MIL,,,1,020,020,02,1,3.0,6,1,6,-2.01754385964912,4,"Beijing, Beijing, China",CH,CH22,13001,39.9289,116.388,-1898541,4,"Beijing, Beijing, China",CH,CH22,13001,39.9289,116.388,-1898541,4,"Beijing, Beijing, China",CH,CH22,13001,39.9289,116.388,-1898541,20181003220000,Appeal,Verbal cooperation
791885851,20181003,201810,CHN,CHINESE,CHN,,,,,,,,USA,UNITED STATES,USA,,,,,,,,1,0874,087,08,2,10.0,6,1,6,1.32325141776938,1,China,CH,CH,,35.0,105.0,CH,3,"Worcester, Massachusetts, United States",US,USMA,MA027,42.2626,-71.8023,617867,1,China,CH,CH,,35.0,105.0,CH,20181003221500,Yield,Material cooperation
791888406,20181003,201810,CHN,CHINA,CHN,,,,,,,,USA,DALLAS,USA,,,,,,,,1,043,043,04,1,2.8,8,1,8,0.0,1,China,CH,CH,,35.0,105.0,CH,3,"Dallas, Texas, United States",US,USTX,TX113,32.7831,-96.8067,1380944,1,China,CH,CH,,35.0,105.0,CH,20181003223000,Consult,Verbal cooperation
791889490,20181003,201810,USA,DALLAS,USA,,,,,,,,CHN,CHINA,CHN,,,,,,,,1,042,042,04,1,1.9,8,1,8,0.0,3,"Dallas, Texas, United States",US,USTX,TX113,32.7831,-96.8067,1380944,3,"Los Angeles, California, United States",US,USCA,,34.0522,-118.244,1662328,3,"Los Angeles, California, United States",US,USCA,,34.0522,-118.244,1662328,20181003223000,Consult,Verbal cooperation
791892119,20181003,201810,USA,UNITED STATES,USA,,,,,,,,CHN,CHINA,CHN,,,,,,,,1,061,061,06,2,6.4,12,2,12,0.146842878120415,4,"Xinjiang, Jiangxi, China",CH,CH03,13167,27.7481,116.274,11065838,4,"Xinjiang, Jiangxi, China",CH,CH03,13167,27.7481,116.274,11065838,4,"Xinjiang, Jiangxi, China",CH,CH03,13167,27.7481,116.274,11065838,20181003224500,Engage in material cooperation,Material cooperation
791895797,20181003,201810,CHN,CHINA,CHN,,,,,,,,USAMIL,AMERICAN,USA,,,,,MIL,,,1,042,042,04,1,1.9,12,1,12,-5.82191780821918,4,"Beijing, Beijing, China",CH,CH22,13001,39.9289,116.388,-1898541,2,"Washington, United States",US,USWA,,47.3917,-121.571,WA,4,"Beijing, Beijing, China",CH,CH22,13001,39.9289,116.388,-1898541,20181003231500,Consult,Verbal cooperation
791895799,20181003,201810,CHNMIL,CHINESE,CHN,,,,,MIL,,,USA,THE US,USA,,,,,,,,1,040,040,04,1,1.0,6,1,6,-5.82191780821918,4,"Beijing, Beijing, China",CH,CH22,13001,39.9289,116.388,-1898541,3,"Decatur, Washington, United States",US,USWA,WA055,48.5004,-122.82,1534563,4,"Beijing, Beijing, China",CH,CH22,13001,39.9289,116.388,-1898541,20181003231500,Consult,Verbal cooperation
791896911,20181003,201810,USA,THE US,USA,,,,,,,,CHNMIL,CHINESE,CHN,,,,,MIL,,,1,040,040,04,1,1.0,6,1,6,-5.82191780821918,3,"Decatur, Washington, United States",US,USWA,WA055,48.5004,-122.82,1534563,4,"Beijing, Beijing, China",CH,CH22,13001,39.9289,116.388,-1898541,4,"Beijing, Beijing, China",CH,CH22,13001,39.9289,116.388,-1898541,20181003231500,Consult,Verbal cooperation
791899582,20181003,201810,USAGOV,US OFFICIAL,USA,,,,,GOV,,,CHN,CHINESE,CHN,,,,,,,,1,114,114,11,3,-2.0,8,1,8,-4.79233226837061,4,"Beijing, Beijing, China",CH,CH22,13001,39.9289,116.388,-1898541,4,"Beijing, Beijing, China",CH,CH22,13001,39.9289,116.388,-1898541,4,"Beijing, Beijing, China",CH,CH22,13001,39.9289,116.388,-1898541,20181003233000,Disapprove,Verbal conflict
791903891,20181004,201810,CHN,CHINA,CHN,,,,,,,,USA,DALLAS,USA,,,,,,,,1,043,043,04,1,2.8,16,2,16,0.0,1,China,CH,CH,,35.0,105.0,CH,3,"Dallas, Texas, United States",US,USTX,TX113,32.7831,-96.8067,1380944,1,China,CH,CH,,35.0,105.0,CH,20181004000000,Consult,Verbal cooperation
791903899,20181004,201810,CHN,CHINA,CHN,,,,,,,,USA,THE US,USA,,,,,,,,1,110,110,11,3,-2.0,6,1,6,-2.67716535433071,4,"Hainan, Hainan, China",CH,CH31,13072,18.9394,109.484,6025157,4,"Scarborough Shoal, Philippines (general), Philippines",RP,RP00,25318,15.1333,117.767,-2452628,4,"Scarborough Shoal, Philippines (general), Philippines",RP,RP00,25318,15.1333,117.767,-2452628,20181004000000,Disapprove,Verbal conflict
791903900,20181004,201810,CHN,CHINA,CHN,,,,,,,,USA,THE US,USA,,,,,,,,1,111,111,11,3,-2.0,10,1,10,-5.79150579150579,4,"Beijing, Beijing, China",CH,CH22,13001,39.9289,116.388,-1898541,4,"Beijing, Beijing, China",CH,CH22,13001,39.9289,116.388,-1898541,4,"Beijing, Beijing, China",CH,CH22,13001,39.9289,116.388,-1898541,20181004000000,Disapprove,Verbal conflict
791903908,20181004,201810,CHN,CHINA,CHN,,,,,,,,USAMIL,A US,USA,,,,,MIL,,,1,036,036,03,1,4.0,6,1,6,-6.12244897959183,4,"Beijing, Beijing, China",CH,CH22,13001,39.9289,116.388,-1898541,1,Hong Kong,HK,HK,,22.25,114.166667,HK,4,"Beijing, Beijing, China",CH,CH22,13001,39.9289,116.388,-1898541,20181004000000,Express intent to cooperate,Verbal cooperation
791907774,20181004,201810,USA,DALLAS,USA,,,,,,,,CHN,CHINA,CHN,,,,,,,,1,042,042,04,1,1.9,12,2,12,0.0,3,"Dallas, Texas, United States",US,USTX,TX113,32.7831,-96.8067,1380944,3,"Dallas, Texas, United States",US,USTX,TX113,32.7831,-96.8067,1380944,3,"Dallas, Texas, United States",US,USTX,TX113,32.7831,-96.8067,1380944,20181004000000,Consult,Verbal cooperation
791907775,20181004,201810,USA,DALLAS,USA,,,,,,,,CHN,CHINA,CHN,,,,,,,,1,042,042,04,1,1.9,8,1,8,0.0,3,"Dallas, Texas, United States",US,USTX,TX113,32.7831,-96.8067,1380944,3,"Los Angeles, California, United States",US,USCA,,34.0522,-118.244,1662328,3,"Los Angeles, California, United States",US,USCA,,34.0522,-118.244,1662328,20181004000000,Consult,Verbal cooperation
791907776,20181004,201810,USA,UNITED STATES,USA,,,,,,,,CHN,CHINA,CHN,,,,,,,,1,061,061,06,2,6.4,30,5,30,0.0,4,"Xinjiang, Jiangxi, China",CH,CH03,13167,27.7481,116.274,11065838,4,"Xinjiang, Jiangxi, China",CH,CH03,13167,27.7481,116.274,11065838,4,"Xinjiang, Jiangxi, China",CH,CH03,13167,27.7481,116.274,11065838,20181004000000,Engage in material cooperation,Material cooperation
791907777,20181004,201810,USA,UNITED STATES,USA,,,,,,,,CHN,CHINA,CHN,,,,,,,,1,061,061,06,2,6.4,10,5,10,0.0,3,"Washington, District of Columbia, United States",US,USDC,DC001,38.8951,-77.0364,531871,4,"Xinjiang, Jiangxi, China",CH,CH03,13167,27.7481,116.274,11065838,4,"Xinjiang, Jiangxi, China",CH,CH03,13167,27.7481,116.274,11065838,20181004000000,Engage in material cooperation,Material cooperation
791907778,20181004,201810,USA,UNITED STATES,USA,,,,,,,,CHN,CHINA,CHN,,,,,,,,1,061,061,06,2,6.4,10,5,10,0.0,3,"Washington, District of Columbia, United States",US,USDC,DC001,38.8951,-77.0364,531871,4,"Xinjiang, Jiangxi, China",CH,CH03,13167,27.7481,116.274,11065838,3,"Washington, District of Columbia, United States",US,USDC,DC001,38.8951,-77.0364,531871,20181004000000,Engage in material cooperation,Material cooperation
791907784,20181004,201810,USA,THE US,USA,,,,,,,,CHN,CHINA,CHN,,,,,,,,1,110,110,11,3,-2.0,6,1,6,-2.67716535433071,4,"Scarborough Shoal, Philippines (general), Philippines",RP,RP00,25318,15.1333,117.767,-2452628,4,"Hainan, Hainan, China",CH,CH31,13072,18.9394,109.484,6025157,4,"Scarborough Shoal, Philippines (general), Philippines",RP,RP00,25318,15.1333,117.767,-2452628,20181004000000,Disapprove,Verbal conflict
791908508,20181004,201810,USAGOV,US OFFICIAL,USA,,,,,GOV,,,CHN,CHINA,CHN,,,,,,,,1,164,164,16,4,-7.0,10,1,10,-2.67716535433071,4,"Beijing, Beijing, China",CH,CH22,13001,39.9289,116.388,-1898541,4,"Beijing, Beijing, China",CH,CH22,13001,39.9289,116.388,-1898541,4,"Beijing, Beijing, China",CH,CH22,13001,39.9289,116.388,-1898541,20181004000000,Reduce relations,Material conflict
791913442,20181004,201810,USAGOV,US OFFICIAL,USA,,,,,GOV,,,CHN,CHINESE,CHN,,,,,,,,1,112,112,11,3,-2.0,16,1,16,-0.24057738572574,1,Japan,JA,JA,,36.0,138.0,JA,1,Japan,JA,JA,,36.0,138.0,JA,1,Japan,JA,JA,,36.0,138.0,JA,20181004001500,Disapprove,Verbal conflict
791917295,20181004,201810,MNCUSAMED,GOOGLE,USA,,,,,MNC,MED,,CHNGOV,CHINESE,CHN,,,,,GOV,,,1,1721,172,17,4,-5.0,6,1,6,-1.94552529182879,4,"Guizhou, Hubei, China",CH,CH12,13129,31.0167,110.583,-1907618,4,"Guizhou, Hubei, China",CH,CH12,13129,31.0167,110.583,-1907618,4,"Guizhou, Hubei, China",CH,CH12,13129,31.0167,110.583,-1907618,20181004003000,Coerce,Material conflict
791918031,20181004,201810,USA,UNITED STATES,USA,,,,,,,,CHN,CHINA,CHN,,,,,,,,1,042,042,04,1,1.9,8,1,8,-2.25872689938398,2,"New York, United States",US,USNY,,42.1497,-74.9384,NY,2,"New York, United States",US,USNY,,42.1497,-74.9384,NY,2,"New York, United States",US,USNY,,42.1497,-74.9384,NY,20181004003000,Consult,Verbal cooperation
791928685,20181004,201810,USA,WASHINGTON,USA,,,,,,,,CHNGOV,CHINA,CHN,,,,,GOV,,,1,173,173,17,4,-5.0,8,1,8,-4.40251572327044,4,"Xinjiang, Jiangxi, China",CH,CH03,13167,27.7481,116.274,11065838,4,"Xinjiang, Jiangxi, China",CH,CH03,13167,27.7481,116.274,11065838,4,"Xinjiang, Jiangxi, China",CH,CH03,13167,27.7481,116.274,11065838,20181004011500,Coerce,Material conflict
791933362,20181004,201810,CHN,CHINA,CHN,,,,,,,,USA,UNITED STATES,USA,,,,,,,,1,010,010,01,1,0.0,10,1,10,-4.63576158940397,1,China,CH,CH,,35.0,105.0,CH,1,United States,US,US,,39.828175,-98.5795,US,1,China,CH,CH,,35.0,105.0,CH,20181004014500,Make public statement,Verbal cooperation
791933363,20181004,201810,CHN,CHINA,CHN,,,,,,,,USA,UNITED STATES,USA,,,,,,,,1,020,020,02,1,3.0,10,1,10,-4.63576158940397,1,China,CH,CH,,35.0,105.0,CH,1,United States,US,US,,39.828175,-98.5795,US,1,United States,US,US,,39.828175,-98.5795,US,20181004014500,Appeal,Verbal cooperation
791933364,20181004,201810,CHN,CHINESE,CHN,,,,,,,,USA,THE US,USA,,,,,,,,1,061,061,06,2,6.4,10,1,10,-3.4833091436865,4,"Beijing, Beijing, China",CH,CH22,13001,39.9289,116.388,-1898541,4,"Beijing, Beijing, China",CH,CH22,13001,39.9289,116.388,-1898541,4,"Beijing, Beijing, China",CH,CH22,13001,39.9289,116.388,-1898541,20181004014500,Engage in material cooperation,Material cooperation
791934770,20181004,201810,USA,UNITED STATES,USA,,,,,,,,CHN,CHINA,CHN,,,,,,,,1,020,020,02,1,3.0,10,1,10,-4.63576158940397,1,United States,US,US,,39.828175,-98.5795,US,1,China,CH,CH,,35.0,105.0,CH,1,United States,US,US,,39.828175,-98.5795,US,20181004014500,Appeal,Verbal cooperation
791934771,20181004,201810,USA,THE US,USA,,,,,,,,CHNEDU,CHINESE,CHN,,,,,EDU,,,1,172,172,17,4,-5.0,8,1,8,-4.05797101449275,4,"Beijing, Beijing, China",CH,CH22,13001,39.9289,116.388,-1898541,4,"Beijing, Beijing, China",CH,CH22,13001,39.9289,116.388,-1898541,4,"Beijing, Beijing, China",CH,CH22,13001,39.9289,116.388,-1898541,20181004014500,Coerce,Material conflict
791937356,20181004,201810,USA,THE US,USA,,,,,,,,CHN,CHINA,CHN,,,,,,,,1,061,061,06,2,6.4,8,1,8,-2.734375,4,"Phuoc Hoa, Phú, Vietnam, Republic Of",VM,VM61,32508,13.2833,109.1,-3725943,1,China,CH,CH,,35.0,105.0,CH,1,China,CH,CH,,35.0,105.0,CH,20181004020000,Engage in material cooperation,Material cooperation
791940003,20181004,201810,USA,UNITED STATES,USA,,,,,,,,CHN,CHINA,CHN,,,,,,,,1,112,112,11,3,-2.0,8,4,8,-5.63946730005607,3,"Washington, District of Columbia, United States",US,USDC,DC001,38.8951,-77.0364,531871,3,"Washington, District of Columbia, United States",US,USDC,DC001,38.8951,-77.0364,531871,3,"Washington, District of Columbia, United States",US,USDC,DC001,38.8951,-77.0364,531871,20181004021500,Disapprove,Verbal conflict
791940004,20181004,201810,USA,UNITED STATES,USA,,,,,,,,CHN,CHINA,CHN,,,,,,,,1,112,112,11,3,-2.0,16,4,12,-6.24183635648189,3,"Washington, District of Columbia, United States",US,USDC,DC001,38.8951,-77.0364,531871,1,China,CH,CH,,35.0,105.0,CH,1,China,CH,CH,,35.0,105.0,CH,20181004021500,Disapprove,Verbal conflict
791942318,20181004,201810,USA,UNITED STATES,USA,,,,,,,,CHN,CHINA,CHN,,,,,,,,1,013,013,01,1,0.4,20,2,20,-5.36321613335888,3,"Washington, District of Columbia, United States",US,USDC,DC001,38.8951,-77.0364,531871,3,"Washington, District of Columbia, United States",US,USDC,DC001,38.8951,-77.0364,531871,3,"Washington, District of Columbia, United States",US,USDC,DC001,38.8951,-77.0364,531871,20181004023000,Make public statement,Verbal cooperation
791943731,20181004,201810,CHN,CHINA,CHN,,,,,,,,USA,DALLAS,USA,,,,,,,,1,043,043,04,1,2.8,8,1,8,0.0,4,"Beijing, Beijing, China",CH,CH22,13001,39.9289,116.388,-1898541,3,"Dallas, Texas, United States",US,USTX,TX113,32.7831,-96.8067,1380944,4,"Beijing, Beijing, China",CH,CH22,13001,39.9289,116.388,-1898541,20181004024500,Consult,Verbal cooperation
791945075,20181004,201810,USA,UNITED STATES,USA,,,,,,,,CHN,CHINA,CHN,,,,,,,,1,013,013,01,1,0.4,10,1,10,-5.02958579881657,4,"Beijing, Beijing, China",CH,CH22,13001,39.9289,116.388,-1898541,4,"Beijing, Beijing, China",CH,CH22,13001,39.9289,116.388,-1898541,4,"Beijing, Beijing, China",CH,CH22,13001,39.9289,116.388,-1898541,20181004024500,Make public statement,Verbal cooperation
791945973,20180904,201809,USA,THE US,USA,,,,,,,,CHN,CHINA,CHN,,,,,,,,1,163,163,16,4,-8.0,8,1,8,-5.84192439862543,4,"Moscow, Moskva, Russia",RS,RS48,25106,55.7522,37.6156,-2960561,4,"Moscow, Moskva, Russia",RS,RS48,25106,55.7522,37.6156,-2960561,4,"Moscow, Moskva, Russia",RS,RS48,25106,55.7522,37.6156,-2960561,20181004030000,Reduce relations,Material conflict
791948877,20181004,201810,CHNGOV,CHINA,CHN,,,,,GOV,,,USA,UNITED STATES,USA,,,,,,,,1,111,111,11,3,-2.0,8,1,8,-6.35593220338983,3,"Washington, District of Columbia, United States",US,USDC,DC001,38.8951,-77.0364,531871,3,"Washington, District of Columbia, United States",US,USDC,DC001,38.8951,-77.0364,531871,3,"Washington, District of Columbia, United States",US,USDC,DC001,38.8951,-77.0364,531871,20181004031500,Disapprove,Verbal conflict
791950171,20181004,201810,USA,UNITED STATES,USA,,,,,,,,CHN,CHINA,CHN,,,,,,,,1,013,013,01,1,0.4,6,3,6,-5.97222292137546,4,"Beijing, Beijing, China",CH,CH22,13001,39.9289,116.388,-1898541,3,"Washington, District of Columbia, United States",US,USDC,DC001,38.8951,-77.0364,531871,3,"Washington, District of Columbia, United States",US,USDC,DC001,38.8951,-77.0364,531871,20181004031500,Make public statement,Verbal cooperation
791950172,20181004,201810,USA,UNITED STATES,USA,,,,,,,,CHN,CHINA,CHN,,,,,,,,1,013,013,01,1,0.4,24,3,24,-5.97222292137546,3,"Washington, District of Columbia, United States",US,USDC,DC001,38.8951,-77.0364,531871,4,"Beijing, Beijing, China",CH,CH22,13001,39.9289,116.388,-1898541,4,"Beijing, Beijing, China",CH,CH22,13001,39.9289,116.388,-1898541,20181004031500,Make public statement,Verbal cooperation
791954927,20181004,201810,USA,THE US,USA,,,,,,,,CHN,CHINA,CHN,,,,,,,,1,0841,084,08,2,7.0,10,1,10,-4.26065162907268,4,"Luyang, Shaanxi, China",CH,CH26,13219,34.755,109.833,10529074,4,"Luyang, Shaanxi, China",CH,CH26,13219,34.755,109.833,10529074,4,"Luyang, Shaanxi, China",CH,CH26,13219,34.755,109.833,10529074,20181004034500,Yield,Material cooperation
791954928,20181004,201810,USA,WASHINGTON,USA,,,,,,,,CHN,CHINA,CHN,,,,,,,,1,112,112,11,3,-2.0,10,1,10,-4.27480916030534,3,"Decatur, Washington, United States",US,USWA,WA055,48.5004,-122.82,1534563,3,"Decatur, Washington, United States",US,USWA,WA055,48.5004,-122.82,1534563,3,"Decatur, Washington, United States",US,USWA,WA055,48.5004,-122.82,1534563,20181004034500,Disapprove,Verbal conflict
791956066,20181004,201810,CHN,SHANGHAI,CHN,,,,,,,,USA,THE US,USA,,,,,,,,1,043,043,04,1,2.8,10,1,10,3.40599455040872,4,"Shanghai, Shanghai, China",CH,CH23,13243,31.2222,121.458,-1924465,4,"Shanghai, Shanghai, China",CH,CH23,13243,31.2222,121.458,-1924465,4,"Shanghai, Shanghai, China",CH,CH23,13243,31.2222,121.458,-1924465,20181004040000,Consult,Verbal cooperation
791957287,20181004,201810,USA,THE US,USA,,,,,,,,CHN,SHANGHAI,CHN,,,,,,,,1,042,042,04,1,1.9,10,1,10,3.40599455040872,4,"Shanghai, Shanghai, China",CH,CH23,13243,31.2222,121.458,-1924465,4,"Shanghai, Shanghai, China",CH,CH23,13243,31.2222,121.458,-1924465,4,"Shanghai, Shanghai, China",CH,CH23,13243,31.2222,121.458,-1924465,20181004040000,Consult,Verbal cooperation
791958191,20180904,201809,USA,UNITED STATES,USA,,,,,,,,CHNMIL,CHINA,CHN,,,,,MIL,,,1,163,163,16,4,-8.0,8,1,8,-5.20446096654276,1,United States,US,US,,39.828175,-98.5795,US,1,China,CH,CH,,35.0,105.0,CH,1,United States,US,US,,39.828175,-98.5795,US,20181004041500,Reduce relations,Material conflict
791958677,20181004,201810,CHN,BEIJING,CHN,,,,,,,,USA,TEXAS,USA,,,,,,,,1,062,062,06,2,7.4,7,1,7,2.4390243902439,4,"Beijing, Beijing, China",CH,CH22,13001,39.9289,116.388,-1898541,2,"Texas, United States",US,USTX,,31.106,-97.6475,TX,2,"Texas, United States",US,USTX,,31.106,-97.6475,TX,20181004041500,Engage in material cooperation,Material cooperation
791959888,20181004,201810,USA,TEXAS,USA,,,,,,,,CHN,BEIJING,CHN,,,,,,,,1,062,062,06,2,7.4,7,1,7,2.4390243902439,2,"Texas, United States",US,USTX,,31.106,-97.6475,TX,4,"Beijing, Beijing, China",CH,CH22,13001,39.9289,116.388,-1898541,2,"Texas, United States",US,USTX,,31.106,-97.6475,TX,20181004041500,Engage in material cooperation,Material cooperation
791963561,20181004,201810,CHNGOV,CHINA,CHN,,,,,GOV,,,USA,UNITED STATES,USA,,,,,,,,1,040,040,04,1,1.0,8,4,8,-4.52414014984313,4,"Beijing, Beijing, China",CH,CH22,13001,39.9289,116.388,-1898541,1,United States,US,US,,39.828175,-98.5795,US,4,"Beijing, Beijing, China",CH,CH22,13001,39.9289,116.388,-1898541,20181004044500,Consult,Verbal cooperation
791963562,20181004,201810,CHNGOV,CHINA,CHN,,,,,GOV,,,USA,UNITED STATES,USA,,,,,,,,1,040,040,04,1,1.0,16,8,16,-4.25607287449392,4,"Beijing, Beijing, China",CH,CH22,13001,39.9289,116.388,-1898541,2,"Washington, United States",US,USWA,,47.3917,-121.571,WA,4,"Beijing, Beijing, China",CH,CH22,13001,39.9289,116.388,-1898541,20181004044500,Consult,Verbal cooperation
791964538,20181004,201810,USA,UNITED STATES,USA,,,,,,,,CHNGOV,CHINA,CHN,,,,,GOV,,,1,040,040,04,1,1.0,8,4,8,-4.52414014984313,1,United States,US,US,,39.828175,-98.5795,US,4,"Beijing, Beijing, China",CH,CH22,13001,39.9289,116.388,-1898541,4,"Beijing, Beijing, China",CH,CH22,13001,39.9289,116.388,-1898541,20181004044500,Consult,Verbal cooperation
791964539,20181004,201810,USA,UNITED STATES,USA,,,,,,,,CHNGOV,CHINA,CHN,,,,,GOV,,,1,040,040,04,1,1.0,16,8,16,-4.25607287449392,2,"Washington, United States",US,USWA,,47.3917,-121.571,WA,4,"Beijing, Beijing, China",CH,CH22,13001,39.9289,116.388,-1898541,4,"Beijing, Beijing, China",CH,CH22,13001,39.9289,116.388,-1898541,20181004044500,Consult,Verbal cooperation
791965485,20180904,201809,CHN,CHINA,CHN,,,,,,,,USA,WASHINGTON,USA,,,,,,,,1,043,043,04,1,2.8,8,1,8,1.96560196560196,4,"Beijing, Beijing, China",CH,CH22,13001,39.9289,116.388,-1898541,3,"Washington, District of Columbia, United States",US,USDC,DC001,38.8951,-77.0364,531871,4,"Beijing, Beijing, China",CH,CH22,13001,39.9289,116.388,-1898541,20181004050000,Consult,Verbal cooperation
791965495,20180904,201809,USA,WASHINGTON,USA,,,,,,,,CHN,CHINA,CHN,,,,,,,,1,042,042,04,1,1.9,8,1,8,1.96560196560196,3,"Washington, District of Columbia, United States",US,USDC,DC001,38.8951,-77.0364,531871,4,"Beijing, Beijing, China",CH,CH22,13001,39.9289,116.388,-1898541,4,"Beijing, Beijing, China",CH,CH22,13001,39.9289,116.388,-1898541,20181004050000,Consult,Verbal cooperation
791968887,20181004,201810,CHN,CHINA,CHN,,,,,,,,USA,UNITED STATES,USA,,,,,,,,1,040,040,04,1,1.0,10,1,10,-3.10765815760266,4,"Beijing, Beijing, China",CH,CH22,13001,39.9289,116.388,-1898541,1,United States,US,US,,39.828175,-98.5795,US,4,"Beijing, Beijing, China",CH,CH22,13001,39.9289,116.388,-1898541,20181004051500,Consult,Verbal cooperation
791968888,20181004,201810,CHN,CHINA,CHN,,,,,,,,USA,UNITED STATES,USA,,,,,,,,1,050,050,05,1,3.5,8,1,8,-3.10765815760266,4,"Beijing, Beijing, China",CH,CH22,13001,39.9289,116.388,-1898541,4,"Beijing, Beijing, China",CH,CH22,13001,39.9289,116.388,-1898541,4,"Beijing, Beijing, China",CH,CH22,13001,39.9289,116.388,-1898541,20181004051500,Engage in diplomatic cooperation,Verbal cooperation
791970010,20181004,201810,USA,UNITED STATES,USA,,,,,,,,CHN,CHINA,CHN,,,,,,,,1,040,040,04,1,1.0,10,1,10,-3.10765815760266,1,United States,US,US,,39.828175,-98.5795,US,4,"Beijing, Beijing, China",CH,CH22,13001,39.9289,116.388,-1898541,4,"Beijing, Beijing, China",CH,CH22,13001,39.9289,116.388,-1898541,20181004051500,Consult,Verbal cooperation
791971432,20181004,201810,CHNGOV,CHINESE,CHN,,,,,GOV,,,USA,THE US,USA,,,,,,,,1,020,020,02,1,3.0,6,1,6,-5.60578661844484,4,"Luoyang, Henan, China",CH,CH09,13101,34.6836,112.454,-1917235,4,"Luoyang, Henan, China",CH,CH09,13101,34.6836,112.454,-1917235,4,"Luoyang, Henan, China",CH,CH09,13101,34.6836,112.454,-1917235,20181004053000,Appeal,Verbal cooperation
791972639,20181004,201810,USAMIL,THE US,USA,,,,,MIL,,,CHN,CHINESE,CHN,,,,,,,,1,190,190,19,4,-10.0,10,1,10,-5.60578661844484,4,"South China Sea, Brunei (general), Brunei",BX,BX00,,15.0,115.0,-1337919,4,"Luyang, Shaanxi, China",CH,CH26,13219,34.755,109.833,10529074,4,"Luyang, Shaanxi, China",CH,CH26,13219,34.755,109.833,10529074,20181004053000,Fight,Material conflict
791974767,20181004,201810,USA,WASHINGTON,USA,,,,,,,,CHN,BEIJING,CHN,,,,,,,,1,036,036,03,1,4.0,8,1,8,0.0,3,"Washington, District of Columbia, United States",US,USDC,DC001,38.8951,-77.0364,531871,4,"Beijing, Beijing, China",CH,CH22,13001,39.9289,116.388,-1898541,4,"Tokyo, Tokyo, Japan",JA,JA40,36340,35.685,139.751,-246227,20181004054500,Express intent to cooperate,Verbal cooperation
791981244,20181004,201810,CHN,CHINESE,CHN,,,,,,,,USA,AMERICAN,USA,,,,,,,,1,090,090,09,2,-2.0,6,1,6,-2.00729927007299,1,China,CH,CH,,35.0,105.0,CH,3,"Hollywood, California, United States",US,USCA,CA037,34.0983,-118.327,1660757,3,"Hollywood, California, United States",US,USCA,CA037,34.0983,-118.327,1660757,20181004063000,Investigate,Material cooperation
791981250,20181004,201810,CHN,TIANJIN,CHN,,,,,,,,USAJUD,A US,USA,,,,,JUD,,,1,100,100,10,3,-5.0,20,1,20,-7.46268656716418,1,Hong Kong,HK,HK,,22.25,114.166667,HK,1,Hong Kong,HK,HK,,22.25,114.166667,HK,1,Hong Kong,HK,HK,,22.25,114.166667,HK,20181004063000,Demand,Verbal conflict
791982898,20181004,201810,USAMED,REUTERS,USA,,,,,MED,,,CHN,CHINA,CHN,,,,,,,,1,120,120,12,3,-4.0,10,1,10,-5.55555555555556,1,Hong Kong,HK,HK,,22.25,114.166667,HK,4,"Zhongan, Jilin, China",CH,CH05,13176,43.3237,129.571,10869776,4,"Zhongan, Jilin, China",CH,CH05,13176,43.3237,129.571,10869776,20181004063000,Reject,Verbal conflict
791987762,20181004,201810,USA,UNITED STATES,USA,,,,,,,,CHN,CHINA,CHN,,,,,,,,1,014,014,01,1,0.0,10,1,10,-2.37154150197629,1,China,CH,CH,,35.0,105.0,CH,1,China,CH,CH,,35.0,105.0,CH,1,China,CH,CH,,35.0,105.0,CH,20181004070000,Make public statement,Verbal cooperation
791999807,20181004,201810,CHN,CHINESE,CHN,,,,,,,,USA,THE US,USA,,,,,,,,1,120,120,12,3,-4.0,7,1,7,-3.53159851301115,4,"Lanzhou, Gansu, China",CH,CH15,13026,36.0564,103.792,-1914139,3,"Decatur, Washington, United States",US,USWA,WA055,48.5004,-122.82,1534563,4,"Lanzhou, Gansu, China",CH,CH15,13026,36.0564,103.792,-1914139,20181004081500,Reject,Verbal conflict
791999823,20181004,201810,CHNMIL,CHINESE,CHN,,,,,MIL,,,USA,THE US,USA,,,,,,,,1,042,042,04,1,1.9,6,1,6,-3.53159851301115,2,"Washington, United States",US,USWA,,47.3917,-121.571,WA,2,"Washington, United States",US,USWA,,47.3917,-121.571,WA,2,"Washington, United States",US,USWA,,47.3917,-121.571,WA,20181004081500,Consult,Verbal cooperation
792002018,20180904,201809,USA,WASHINGTON,USA,,,,,,,,CHNMIL,CHINESE,CHN,,,,,MIL,,,1,163,163,16,4,-8.0,24,3,24,-1.1321247354253,1,Afghanistan,AF,AF,,33.0,66.0,AF,4,"Moscow, Moskva, Russia",RS,RS48,25106,55.7522,37.6156,-2960561,1,Afghanistan,AF,AF,,33.0,66.0,AF,20181004083000,Reduce relations,Material conflict
792008044,20180904,201809,USA,WASHINGTON,USA,,,,,,,,CHNMIL,CHINESE,CHN,,,,,MIL,,,1,163,163,16,4,-8.0,6,1,6,-0.92226613965744,4,"New Delhi, Delhi, India",IN,IN07,17911,28.6,77.2,-2106102,4,"New Delhi, Delhi, India",IN,IN07,17911,28.6,77.2,-2106102,4,"New Delhi, Delhi, India",IN,IN07,17911,28.6,77.2,-2106102,20181004090000,Reduce relations,Material conflict
792008045,20180904,201809,USA,WASHINGTON,USA,,,,,,,,CHNMIL,CHINESE,CHN,,,,,MIL,,,1,163,163,16,4,-8.0,6,1,6,-1.24137931034483,3,"Washington, District of Columbia, United States",US,USDC,DC001,38.8951,-77.0364,531871,4,"Beijing, Beijing, China",CH,CH22,13001,39.9289,116.388,-1898541,3,"Washington, District of Columbia, United States",US,USDC,DC001,38.8951,-77.0364,531871,20181004090000,Reduce relations,Material conflict
792014386,20181004,201810,CHN,CHINA,CHN,,,,,,,,USA,UNITED STATES,USA,,,,,,,,1,010,010,01,1,0.0,10,1,10,-6.18556701030928,1,China,CH,CH,,35.0,105.0,CH,3,"Washington, District of Columbia, United States",US,USDC,DC001,38.8951,-77.0364,531871,1,China,CH,CH,,35.0,105.0,CH,20181004093000,Make public statement,Verbal cooperation
792015632,20181004,201810,USA,THE US,USA,,,,,,,,CHN,CHINA,CHN,,,,,,,,1,013,013,01,1,0.4,10,1,10,-6.18556701030928,1,China,CH,CH,,35.0,105.0,CH,1,China,CH,CH,,35.0,105.0,CH,1,China,CH,CH,,35.0,105.0,CH,20181004093000,Make public statement,Verbal cooperation
792017676,20181004,201810,CHN,CHINA,CHN,,,,,,,,USA,WASHINGTON,USA,,,,,,,,1,100,100,10,3,-5.0,7,1,7,0.58823529411765,1,China,CH,CH,,35.0,105.0,CH,1,Japan,JA,JA,,36.0,138.0,JA,1,Japan,JA,JA,,36.0,138.0,JA,20181004094500,Demand,Verbal conflict
792020326,20180904,201809,USA,UNITED STATES,USA,,,,,,,,CHNMIL,CHINA,CHN,,,,,MIL,,,1,163,163,16,4,-8.0,8,1,8,-4.13080895008606,3,"Washington, District of Columbia, United States",US,USDC,DC001,38.8951,-77.0364,531871,1,China,CH,CH,,35.0,105.0,CH,3,"Washington, District of Columbia, United States",US,USDC,DC001,38.8951,-77.0364,531871,20181004100000,Reduce relations,Material conflict
792029607,20181004,201810,CHN,CHINA,CHN,,,,,,,,USA,WASHINGTON,USA,,,,,,,,1,043,043,04,1,2.8,10,1,10,1.52284263959391,4,"Beijing, Beijing, China",CH,CH22,13001,39.9289,116.388,-1898541,3,"Washington, District of Columbia, United States",US,USDC,DC001,38.8951,-77.0364,531871,4,"Beijing, Beijing, China",CH,CH22,13001,39.9289,116.388,-1898541,20181004104500,Consult,Verbal cooperation
792031081,20181004,201810,USA,WASHINGTON,USA,,,,,,,,CHN,CHINA,CHN,,,,,,,,1,042,042,04,1,1.9,8,1,8,1.52284263959391,4,"Kabul, Kabol, Afghanistan",AF,AF13,3580,34.5167,69.1833,-3378435,4,"Beijing, Beijing, China",CH,CH22,13001,39.9289,116.388,-1898541,4,"Beijing, Beijing, China",CH,CH22,13001,39.9289,116.388,-1898541,20181004104500,Consult,Verbal cooperation
792033128,20181004,201810,CHN,CHINESE,CHN,,,,,,,,USA,CALIFORNIA,USA,,,,,,,,1,020,020,02,1,3.0,7,1,7,0.0,4,"Jinan, Shandong, China",CH,CH25,13238,36.6683,116.997,-1912283,2,"California, United States",US,USCA,,36.17,-119.746,CA,4,"Jinan, Shandong, China",CH,CH25,13238,36.6683,116.997,-1912283,20181004110000,Appeal,Verbal cooperation
792033130,20181004,201810,CHN,CHINESE,CHN,,,,,,,,USA,CALIFORNIA,USA,,,,,,,,1,051,051,05,1,3.4,7,1,7,0.0,4,"Jinan, Shandong, China",CH,CH25,13238,36.6683,116.997,-1912283,2,"California, United States",US,USCA,,36.17,-119.746,CA,4,"Jinan, Shandong, China",CH,CH25,13238,36.6683,116.997,-1912283,20181004110000,Engage in diplomatic cooperation,Verbal cooperation
792033131,20181004,201810,CHN,CHINA,CHN,,,,,,,,USA,UNITED STATES,USA,,,,,,,,1,061,061,06,2,6.4,6,1,6,0.0,1,China,CH,CH,,35.0,105.0,CH,1,United States,US,US,,39.828175,-98.5795,US,1,United States,US,US,,39.828175,-98.5795,US,20181004110000,Engage in material cooperation,Material cooperation
792033135,20181004,201810,CHN,CHINA,CHN,,,,,,,,USA,AMERICAN,USA,,,,,,,,1,075,075,07,2,7.0,6,1,6,0.29828486204325,4,"Tel Aviv, Tel Aviv, Israel",IS,IS05,18316,32.0667,34.7667,-781545,2,"California, United States",US,USCA,,36.17,-119.746,CA,2,"California, United States",US,USCA,,36.17,-119.746,CA,20181004110000,Provide aid,Material cooperation
792034805,20181004,201810,USA,WASHINGTON,USA,,,,,,,,CHN,BEIJING,CHN,,,,,,,,1,013,013,01,1,0.4,8,1,8,-4.91803278688524,3,"Washington, District of Columbia, United States",US,USDC,DC001,38.8951,-77.0364,531871,4,"Beijing, Beijing, China",CH,CH22,13001,39.9289,116.388,-1898541,3,"Washington, District of Columbia, United States",US,USDC,DC001,38.8951,-77.0364,531871,20181004110000,Make public statement,Verbal cooperation
792034806,20181004,201810,USA,UNITED STATES,USA,,,,,,,,CHN,CHINA,CHN,,,,,,,,1,061,061,06,2,6.4,10,1,10,0.0,1,Japan,JA,JA,,36.0,138.0,JA,1,Japan,JA,JA,,36.0,138.0,JA,1,Japan,JA,JA,,36.0,138.0,JA,20181004110000,Engage in material cooperation,Material cooperation
792036720,20181004,201810,CHNGOV,CHINESE,CHN,,,,,GOV,,,USABUS,AMERICAN,USA,,,,,BUS,,,1,090,090,09,2,-2.0,6,1,6,-3.6697247706422,1,China,CH,CH,,35.0,105.0,CH,1,China,CH,CH,,35.0,105.0,CH,1,China,CH,CH,,35.0,105.0,CH,20181004111500,Investigate,Material cooperation
792040111,20181004,201810,CHN,CHINA,CHN,,,,,,,,USA,UNITED STATES,USA,,,,,,,,1,0874,087,08,2,10.0,10,1,10,0.894854586129751,3,"Washington, District of Columbia, United States",US,USDC,DC001,38.8951,-77.0364,531871,1,Canada,CA,CA,,60.0,-96.0,CA,1,Canada,CA,CA,,60.0,-96.0,CA,20181004113000,Yield,Material cooperation
792041111,20181004,201810,MNCCHN,CHINA EASTERN AIRLINES,CHN,,,,,MNC,,,MNCUSA,SOUTHWEST AIRLINES,USA,,,,,MNC,,,1,020,020,02,1,3.0,10,1,10,2.33722871452421,4,"Shanghai, Shanghai, China",CH,CH23,13243,31.2222,121.458,-1924465,4,"Shanghai, Shanghai, China",CH,CH23,13243,31.2222,121.458,-1924465,4,"Shanghai, Shanghai, China",CH,CH23,13243,31.2222,121.458,-1924465,20181004113000,Appeal,Verbal cooperation
792043673,20181004,201810,CHN,CHINA,CHN,,,,,,,,USA,UNITED STATES,USA,,,,,,,,1,046,046,04,1,7.0,6,1,6,-8.43373493975904,1,China,CH,CH,,35.0,105.0,CH,1,United States,US,US,,39.828175,-98.5795,US,1,United States,US,US,,39.828175,-98.5795,US,20181004114500,Consult,Verbal cooperation
792043676,20181004,201810,CHN,CHINA,CHN,,,,,,,,USA,UNITED STATES,USA,,,,,,,,1,190,190,19,4,-10.0,8,1,8,-0.7847533632287,4,"Zhongya, Jiangsu, China",CH,CH04,13156,33.675,118.417,-3862629,1,United States,US,US,,39.828175,-98.5795,US,1,United States,US,US,,39.828175,-98.5795,US,20181004114500,Fight,Material conflict
792045272,20181004,201810,USA,UNITED STATES,USA,,,,,,,,CHN,CHINA,CHN,,,,,,,,1,046,046,04,1,7.0,6,1,6,-8.43373493975904,1,United States,US,US,,39.828175,-98.5795,US,1,China,CH,CH,,35.0,105.0,CH,1,United States,US,US,,39.828175,-98.5795,US,20181004114500,Consult,Verbal cooperation
792045275,20181004,201810,USA,DALLAS,USA,,,,,,,,CHN,JIANGSU,CHN,,,,,,,,1,061,061,06,2,6.4,10,1,10,1.8041237113402,4,"Lianshui, Shaanxi, China",CH,CH26,13221,32.9322,106.828,-1914847,4,"Huaian, Fujian, China",CH,CH07,13005,26.1014,119.223,8034853,4,"Huaian, Fujian, China",CH,CH07,13005,26.1014,119.223,8034853,20181004114500,Engage in material cooperation,Material cooperation
792045276,20181004,201810,USA,UNITED STATES,USA,,,,,,,,CHN,CHINA,CHN,,,,,,,,1,190,190,19,4,-10.0,10,1,10,-0.7847533632287,4,"Beijing, Beijing, China",CH,CH22,13001,39.9289,116.388,-1898541,4,"Beijing, Beijing, China",CH,CH22,13001,39.9289,116.388,-1898541,4,"Beijing, Beijing, China",CH,CH22,13001,39.9289,116.388,-1898541,20181004114500,Fight,Material conflict
792050619,20181004,201810,CHN,CHINESE,CHN,,,,,,,,USA,SAN FRANCISCO,USA,,,,,,,,1,090,090,09,2,-2.0,6,1,6,-0.32786885245901,3,"Whitehouse, District of Columbia, United States",US,USDC,,38.8951,-77.0364,531871,3,"Whitehouse, District of Columbia, United States",US,USDC,,38.8951,-77.0364,531871,3,"Whitehouse, District of Columbia, United States",US,USDC,,38.8951,-77.0364,531871,20181004121500,Investigate,Material cooperation
792052127,20181004,201810,USA,AMERICAN,USA,,,,,,,,CHN,CANTON,CHN,,,,,,,,1,051,051,05,1,3.4,10,1,10,0.47846889952153,1,United Kingdom,UK,UK,,54.0,-4.0,UK,1,United Kingdom,UK,UK,,54.0,-4.0,UK,1,United Kingdom,UK,UK,,54.0,-4.0,UK,20181004121500,Engage in diplomatic cooperation,Verbal cooperation
792053990,20181004,201810,CHN,CHINA,CHN,,,,,,,,USA,THE US,USA,,,,,,,,1,057,057,05,1,8.0,6,1,6,-3.40425531914893,4,"Beijing, Beijing, China",CH,CH22,13001,39.9289,116.388,-1898541,4,"Beijing, Beijing, China",CH,CH22,13001,39.9289,116.388,-1898541,4,"Beijing, Beijing, China",CH,CH22,13001,39.9289,116.388,-1898541,20181004123000,Engage in diplomatic cooperation,Verbal cooperation
792055478,20181004,201810,USA,THE US,USA,,,,,,,,CHN,CHINA,CHN,,,,,,,,1,057,057,05,1,8.0,10,1,10,-3.40425531914893,4,"Beijing, Beijing, China",CH,CH22,13001,39.9289,116.388,-1898541,4,"Beijing, Beijing, China",CH,CH22,13001,39.9289,116.388,-1898541,4,"Beijing, Beijing, China",CH,CH22,13001,39.9289,116.388,-1898541,20181004123000,Engage in diplomatic cooperation,Verbal cooperation
792055480,20181004,201810,USA,WASHINGTON,USA,,,,,,,,CHN,CHINA,CHN,,,,,,,,1,090,090,09,2,-2.0,8,1,8,0.25706940874036,3,"Washington, District of Columbia, United States",US,USDC,DC001,38.8951,-77.0364,531871,4,"Xiaoquan, Sichuan, China",CH,CH32,13270,31.2505,104.278,-1932284,4,"Xiaoquan, Sichuan, China",CH,CH32,13270,31.2505,104.278,-1932284,20181004123000,Investigate,Material cooperation
792060653,20181004,201810,USA,LAWRENCE,USA,,,,,,,,CHN,CANTON,CHN,,,,,,,,1,173,173,17,4,-5.0,10,1,10,-11.4551083591332,1,China,CH,CH,,35.0,105.0,CH,1,China,CH,CH,,35.0,105.0,CH,1,China,CH,CH,,35.0,105.0,CH,20181004130000,Coerce,Material conflict
792077078,20181004,201810,CHN,CHINA,CHN,,,,,,,,USA,PORTLAND,USA,,,,,,,,1,090,090,09,2,-2.0,10,1,10,-1.25786163522013,3,"Portland, Oregon, United States",US,USOR,OR051,45.5235,-122.676,1136645,3,"Portland, Oregon, United States",US,USOR,OR051,45.5235,-122.676,1136645,3,"Portland, Oregon, United States",US,USOR,OR051,45.5235,-122.676,1136645,20181004141500,Investigate,Material cooperation
792080640,20181004,201810,CHN,CHINA,CHN,,,,,,,,USA,THE US,USA,,,,,,,,1,057,057,05,1,8.0,20,2,20,-3.29637969859692,1,China,CH,CH,,35.0,105.0,CH,1,China,CH,CH,,35.0,105.0,CH,1,China,CH,CH,,35.0,105.0,CH,20181004143000,Engage in diplomatic cooperation,Verbal cooperation
792080641,20181004,201810,CHN,CHINA,CHN,,,,,,,,USA,THE US,USA,,,,,,,,1,057,057,05,1,8.0,8,1,8,-1.96078431372549,1,China,CH,CH,,35.0,105.0,CH,1,Iran,IR,IR,,32.0,53.0,IR,1,Iran,IR,IR,,32.0,53.0,IR,20181004143000,Engage in diplomatic cooperation,Verbal cooperation
792082516,20181004,201810,USA,THE US,USA,,,,,,,,CHN,CHINA,CHN,,,,,,,,1,057,057,05,1,8.0,20,2,20,-3.29637969859692,1,China,CH,CH,,35.0,105.0,CH,1,China,CH,CH,,35.0,105.0,CH,1,China,CH,CH,,35.0,105.0,CH,20181004143000,Engage in diplomatic cooperation,Verbal cooperation
792082517,20181004,201810,USA,THE US,USA,,,,,,,,CHN,CHINA,CHN,,,,,,,,1,057,057,05,1,8.0,8,1,8,-1.96078431372549,1,Iran,IR,IR,,32.0,53.0,IR,1,China,CH,CH,,35.0,105.0,CH,1,Iran,IR,IR,,32.0,53.0,IR,20181004143000,Engage in diplomatic cooperation,Verbal cooperation
792082519,20181004,201810,USA,THE US,USA,,,,,,,,CHN,CHINA,CHN,,,,,,,,1,0874,087,08,2,10.0,8,1,8,-1.96078431372549,1,Iran,IR,IR,,32.0,53.0,IR,1,China,CH,CH,,35.0,105.0,CH,1,Iran,IR,IR,,32.0,53.0,IR,20181004143000,Yield,Material cooperation
792084569,20181004,201810,CHN,BEIJING,CHN,,,,,,,,USA,UNITED STATES,USA,,,,,,,,1,010,010,01,1,0.0,10,1,10,-4.45859872611465,4,"Beijing, Beijing, China",CH,CH22,13001,39.9289,116.388,-1898541,1,United States,US,US,,39.828175,-98.5795,US,4,"Beijing, Beijing, China",CH,CH22,13001,39.9289,116.388,-1898541,20181004144500,Make public statement,Verbal cooperation
792084570,20181004,201810,CHN,BEIJING,CHN,,,,,,,,USA,UNITED STATES,USA,,,,,,,,1,020,020,02,1,3.0,10,1,10,-4.45859872611465,4,"Beijing, Beijing, China",CH,CH22,13001,39.9289,116.388,-1898541,1,United States,US,US,,39.828175,-98.5795,US,1,United States,US,US,,39.828175,-98.5795,US,20181004144500,Appeal,Verbal cooperation
792084573,20181004,201810,CHN,CHINA,CHN,,,,,,,,USA,UNITED STATES,USA,,,,,,,,1,036,036,03,1,4.0,8,1,6,-1.0752688172043,4,"Jiguan, Zhejiang, China",CH,CH02,13327,29.8798,122.296,116827,2,"New York, United States",US,USNY,,42.1497,-74.9384,NY,2,"New York, United States",US,USNY,,42.1497,-74.9384,NY,20181004144500,Express intent to cooperate,Verbal cooperation
792085987,20181004,201810,USA,UNITED STATES,USA,,,,,,,,CHN,CHINA,CHN,,,,,,,,1,036,036,03,1,4.0,6,1,6,-1.0752688172043,2,"New York, United States",US,USNY,,42.1497,-74.9384,NY,4,"Jiguan, Zhejiang, China",CH,CH02,13327,29.8798,122.296,116827,2,"New York, United States",US,USNY,,42.1497,-74.9384,NY,20181004144500,Express intent to cooperate,Verbal cooperation
792098125,20181004,201810,CHN,CANTON,CHN,,,,,,,,USA,BOSTON,USA,,,,,,,,1,112,112,11,3,-2.0,10,1,10,-6.72645739910312,1,China,CH,CH,,35.0,105.0,CH,3,"Boston, Massachusetts, United States",US,USMA,MA025,42.3584,-71.0598,617565,1,China,CH,CH,,35.0,105.0,CH,20181004154500,Disapprove,Verbal conflict
792099638,20181004,201810,USA,WASHINGTON,USA,,,,,,,,CHNGOV,CHINESE,CHN,,,,,GOV,,,1,112,112,11,3,-2.0,6,2,6,-3.08446295581377,4,"Beijing, Beijing, China",CH,CH22,13001,39.9289,116.388,-1898541,4,"Beijing, Beijing, China",CH,CH22,13001,39.9289,116.388,-1898541,4,"Beijing, Beijing, China",CH,CH22,13001,39.9289,116.388,-1898541,20181004154500,Disapprove,Verbal conflict
792099640,20181004,201810,USA,WASHINGTON,USA,,,,,,,,CHNGOV,CHINESE,CHN,,,,,GOV,,,1,112,112,11,3,-2.0,9,2,9,-3.26975671155897,3,"Washington, District of Columbia, United States",US,USDC,DC001,38.8951,-77.0364,531871,4,"Beijing, Beijing, China",CH,CH22,13001,39.9289,116.388,-1898541,4,"Beijing, Beijing, China",CH,CH22,13001,39.9289,116.388,-1898541,20181004154500,Disapprove,Verbal conflict
792101154,20171004,201710,USA,UNITED STATES,USA,,,,,,,,CHN,CHINA,CHN,,,,,,,,1,035,035,03,1,7.0,6,1,6,-2.15264187866927,2,"California, United States",US,USCA,,36.17,-119.746,CA,1,China,CH,CH,,35.0,105.0,CH,2,"California, United States",US,USCA,,36.17,-119.746,CA,20181004160000,Express intent to cooperate,Verbal cooperation
792109197,20181004,201810,CHN,CHINESE,CHN,,,,,,,,USABUS,THE US,USA,,,,,BUS,,,1,060,060,06,2,6.0,10,1,10,-0.985221674876839,1,China,CH,CH,,35.0,105.0,CH,1,China,CH,CH,,35.0,105.0,CH,1,China,CH,CH,,35.0,105.0,CH,20181004163000,Engage in material cooperation,Material cooperation
792109198,20181004,201810,CHN,CHINESE,CHN,,,,,,,,USABUS,THE US,USA,,,,,BUS,,,1,090,090,09,2,-2.0,10,1,10,-0.985221674876839,1,China,CH,CH,,35.0,105.0,CH,1,China,CH,CH,,35.0,105.0,CH,1,China,CH,CH,,35.0,105.0,CH,20181004163000,Investigate,Material cooperation
792110815,20181004,201810,USA,UNITED STATES,USA,,,,,,,,CHN,CHINA,CHN,,,,,,,,1,020,020,02,1,3.0,8,1,8,-0.62992125984252,3,"White House, District of Columbia, United States",US,USDC,,38.8951,-77.0364,531871,1,China,CH,CH,,35.0,105.0,CH,3,"White House, District of Columbia, United States",US,USDC,,38.8951,-77.0364,531871,20181004163000,Appeal,Verbal cooperation
792110816,20181004,201810,USA,WASHINGTON,USA,,,,,,,,CHN,CHINA,CHN,,,,,,,,1,112,112,11,3,-2.0,8,2,8,-6.00044365572316,3,"Washington, District of Columbia, United States",US,USDC,DC001,38.8951,-77.0364,531871,1,Russia,RS,RS,,60.0,100.0,RS,1,Russia,RS,RS,,60.0,100.0,RS,20181004163000,Disapprove,Verbal conflict
792112789,20181004,201810,CHN,CHINA,CHN,,,,,,,,USA,THE US,USA,,,,,,,,1,061,061,06,2,6.4,8,1,8,-4.54545454545455,1,Germany,GM,GM,,51.5,10.5,GM,1,Germany,GM,GM,,51.5,10.5,GM,1,Germany,GM,GM,,51.5,10.5,GM,20181004164500,Engage in material cooperation,Material cooperation
792114420,20181004,201810,USA,THE US,USA,,,,,,,,CHN,CHINA,CHN,,,,,,,,1,061,061,06,2,6.4,10,1,10,-4.54545454545455,1,China,CH,CH,,35.0,105.0,CH,1,China,CH,CH,,35.0,105.0,CH,1,China,CH,CH,,35.0,105.0,CH,20181004164500,Engage in material cooperation,Material cooperation
792118527,20181004,201810,USA,UNITED STATES,USA,,,,,,,,CHN,BEIJING,CHN,,,,,,,,1,151,151,15,4,-7.2,10,1,10,-3.75,4,"Beijing, Beijing, China",CH,CH22,13001,39.9289,116.388,-1898541,1,Russia,RS,RS,,60.0,100.0,RS,1,Russia,RS,RS,,60.0,100.0,RS,20181004170000,Exhibit force posture,Material conflict
792121261,20181004,201810,MNCUSAMED,GOOGLE,USA,,,,,MNC,MED,,CHN,CHINA,CHN,,,,,,,,1,012,012,01,1,-0.4,10,1,10,-2.85714285714286,1,China,CH,CH,,35.0,105.0,CH,1,China,CH,CH,,35.0,105.0,CH,1,China,CH,CH,,35.0,105.0,CH,20181004171500,Make public statement,Verbal cooperation
792121636,20181004,201810,USA,WASHINGTON,USA,,,,,,,,CHN,CHINA,CHN,,,,,,,,1,112,112,11,3,-2.0,6,1,6,-5.05319148936171,2,"Iowa, United States",US,USIA,,42.0046,-93.214,IA,2,"Iowa, United States",US,USIA,,42.0046,-93.214,IA,2,"Iowa, United States",US,USIA,,42.0046,-93.214,IA,20181004171500,Disapprove,Verbal conflict
792124957,20181004,201810,USA,WASHINGTON,USA,,,,,,,,CHN,CHINA,CHN,,,,,,,,1,1123,112,11,3,-2.0,10,1,10,-4.00593471810089,4,"Beijing, Beijing, China",CH,CH22,13001,39.9289,116.388,-1898541,4,"Beijing, Beijing, China",CH,CH22,13001,39.9289,116.388,-1898541,4,"Beijing, Beijing, China",CH,CH22,13001,39.9289,116.388,-1898541,20181004173000,Disapprove,Verbal conflict
792126756,20181004,201810,CHN,CANTON,CHN,,,,,,,,USA,DETROIT,USA,,,,,,,,1,173,173,17,4,-5.0,10,1,10,-12.7272727272727,1,China,CH,CH,,35.0,105.0,CH,1,China,CH,CH,,35.0,105.0,CH,1,China,CH,CH,,35.0,105.0,CH,20181004174500,Coerce,Material conflict
792132058,20181004,201810,USA,AMERICAN,USA,,,,,,,,CHN,CHINESE,CHN,,,,,,,,1,020,020,02,1,3.0,6,1,6,-5.15463917525773,3,"Des Moines, Iowa, United States",US,USIA,IA153,41.6005,-93.6091,465961,4,"Beijing, Beijing, China",CH,CH22,13001,39.9289,116.388,-1898541,4,"Beijing, Beijing, China",CH,CH22,13001,39.9289,116.388,-1898541,20181004180000,Appeal,Verbal cooperation
792135522,20181004,201810,USA,AMERICAN,USA,,,,,,,,CHN,CHINA,CHN,,,,,,,,1,060,060,06,2,6.0,8,1,8,-2.18228498074454,3,"Washington, District of Columbia, United States",US,USDC,DC001,38.8951,-77.0364,531871,4,"Beijing, Beijing, China",CH,CH22,13001,39.9289,116.388,-1898541,4,"Beijing, Beijing, China",CH,CH22,13001,39.9289,116.388,-1898541,20181004181500,Engage in material cooperation,Material cooperation
792135841,20181004,201810,USAMIL,THE US,USA,,,,,MIL,,,CHN,BEIJING,CHN,,,,,,,,1,040,040,04,1,1.0,8,1,8,-4.70588235294117,4,"South China Sea, Brunei (general), Brunei",BX,BX00,,15.0,115.0,-1337919,4,"Beijing, Beijing, China",CH,CH22,13001,39.9289,116.388,-1898541,4,"Beijing, Beijing, China",CH,CH22,13001,39.9289,116.388,-1898541,20181004181500,Consult,Verbal cooperation
792137641,20181004,201810,CHNJUD,CANTON,CHN,,,,,JUD,,,USA,LAWRENCE,USA,,,,,,,,1,173,173,17,4,-5.0,6,1,6,-11.2936344969199,1,China,CH,CH,,35.0,105.0,CH,1,China,CH,CH,,35.0,105.0,CH,1,China,CH,CH,,35.0,105.0,CH,20181004183000,Coerce,Material conflict
792137642,20181004,201810,CHNJUD,CANTON,CHN,,,,,JUD,,,USA,LAWRENCE,USA,,,,,,,,1,1821,182,18,4,-9.0,6,1,6,-11.2936344969199,1,China,CH,CH,,35.0,105.0,CH,1,China,CH,CH,,35.0,105.0,CH,1,China,CH,CH,,35.0,105.0,CH,20181004183000,Assault,Material conflict
792139123,20181004,201810,USA,WASHINGTON,USA,,,,,,,,CHN,CHINA,CHN,,,,,,,,1,1123,112,11,3,-2.0,8,1,8,-4.11347517730497,2,"Washington, United States",US,USWA,,47.3917,-121.571,WA,4,"Beijing, Beijing, China",CH,CH22,13001,39.9289,116.388,-1898541,4,"Beijing, Beijing, China",CH,CH22,13001,39.9289,116.388,-1898541,20181004183000,Disapprove,Verbal conflict
792146129,20181004,201810,USAGOV,THE WHITE HOUSE,USA,,,,,GOV,,,CHN,CHINA,CHN,,,,,,,,1,110,110,11,3,-2.0,6,1,6,-3.91061452513967,3,"White House, District of Columbia, United States",US,USDC,,38.8951,-77.0364,531871,1,China,CH,CH,,35.0,105.0,CH,1,China,CH,CH,,35.0,105.0,CH,20181004190000,Disapprove,Verbal conflict
792148772,20181004,201810,MNCUSAMED,GOOGLE,USA,,,,,MNC,MED,,CHN,CHINESE,CHN,,,,,,,,1,0311,031,03,1,5.2,10,1,10,-4.34782608695652,4,"Beijing, Beijing, China",CH,CH22,13001,39.9289,116.388,-1898541,4,"Beijing, Beijing, China",CH,CH22,13001,39.9289,116.388,-1898541,4,"Beijing, Beijing, China",CH,CH22,13001,39.9289,116.388,-1898541,20181004191500,Express intent to cooperate,Verbal cooperation
792155991,20181004,201810,CHN,CHINA,CHN,,,,,,,,USA,UNITED STATES,USA,,,,,,,,1,090,090,09,2,-2.0,10,1,10,-1.68674698795181,4,"Hastinapur, Uttar Pradesh, India",IN,IN36,17926,29.1667,78.0167,-2097304,4,"Hastinapur, Uttar Pradesh, India",IN,IN36,17926,29.1667,78.0167,-2097304,4,"Hastinapur, Uttar Pradesh, India",IN,IN36,17926,29.1667,78.0167,-2097304,20181004200000,Investigate,Material cooperation
792158889,20181004,201810,CHN,CHINA,CHN,,,,,,,,USA,KANSAS CITY,USA,,,,,,,,1,051,051,05,1,3.4,10,1,10,0.73260073260074,1,China,CH,CH,,35.0,105.0,CH,2,"Kansas, United States",US,USKS,,38.5111,-96.8005,KS,2,"Kansas, United States",US,USKS,,38.5111,-96.8005,KS,20181004201500,Engage in diplomatic cooperation,Verbal cooperation
792158893,20181004,201810,CHNLEG,CHINESE,CHN,,,,,LEG,,,USA,KANSAS CITY,USA,,,,,,,,1,040,040,04,1,1.0,8,1,8,0.73260073260074,1,China,CH,CH,,35.0,105.0,CH,2,"Kansas, United States",US,USKS,,38.5111,-96.8005,KS,2,"Kansas, United States",US,USKS,,38.5111,-96.8005,KS,20181004201500,Consult,Verbal cooperation
792158895,20181004,201810,CHNMIL,CHINESE,CHN,,,,,MIL,,,USAMIL,THE US,USA,,,,,MIL,,,1,010,010,01,1,0.0,6,1,6,-6.18556701030928,4,"Beijing, Beijing, China",CH,CH22,13001,39.9289,116.388,-1898541,4,"Beijing, Beijing, China",CH,CH22,13001,39.9289,116.388,-1898541,4,"Beijing, Beijing, China",CH,CH22,13001,39.9289,116.388,-1898541,20181004201500,Make public statement,Verbal cooperation
792160128,20181004,201810,USA,KANSAS CITY,USA,,,,,,,,CHN,CHINA,CHN,,,,,,,,1,051,051,05,1,3.4,6,1,6,0.73260073260074,2,"Kansas, United States",US,USKS,,38.5111,-96.8005,KS,1,China,CH,CH,,35.0,105.0,CH,1,China,CH,CH,,35.0,105.0,CH,20181004201500,Engage in diplomatic cooperation,Verbal cooperation
792160129,20181004,201810,USA,KANSAS CITY,USA,,,,,,,,CHNLEG,CHINESE,CHN,,,,,LEG,,,1,040,040,04,1,1.0,8,1,8,0.73260073260074,1,China,CH,CH,,35.0,105.0,CH,1,China,CH,CH,,35.0,105.0,CH,1,China,CH,CH,,35.0,105.0,CH,20181004201500,Consult,Verbal cooperation
792163399,20181004,201810,USAMIL,THE US,USA,,,,,MIL,,,CHN,CHINA,CHN,,,,,,,,1,020,020,02,1,3.0,10,1,10,-7.2,4,"Gaven Reef, disputed, Spratly Islands",PG,PG0Z,,10.2,114.217,-1322853,4,"Luyang, Shaanxi, China",CH,CH26,13219,34.755,109.833,10529074,4,"Gaven Reef, disputed, Spratly Islands",PG,PG0Z,,10.2,114.217,-1322853,20181004203000,Appeal,Verbal cooperation
792165418,20181004,201810,MNCUSAMED,GOOGLE,USA,,,,,MNC,MED,,CHN,CHINA,CHN,,,,,,,,1,090,090,09,2,-2.0,6,1,6,-2.20125786163522,4,"Beijing, Beijing, China",CH,CH22,13001,39.9289,116.388,-1898541,4,"Beijing, Beijing, China",CH,CH22,13001,39.9289,116.388,-1898541,4,"Beijing, Beijing, China",CH,CH22,13001,39.9289,116.388,-1898541,20181004204500,Investigate,Material cooperation
792165419,20181004,201810,MNCUSAMED,GOOGLE,USA,,,,,MNC,MED,,CHN,CHINA,CHN,,,,,,,,1,1721,172,17,4,-5.0,6,1,6,-2.20125786163522,4,"Beijing, Beijing, China",CH,CH22,13001,39.9289,116.388,-1898541,4,"Beijing, Beijing, China",CH,CH22,13001,39.9289,116.388,-1898541,4,"Beijing, Beijing, China",CH,CH22,13001,39.9289,116.388,-1898541,20181004204500,Coerce,Material conflict
792168120,20181004,201810,MNCUSA,BANK OF AMERICA,USA,,,,,MNC,,,MNCCHN,PETROCHINA,CHN,,,,,MNC,,,1,120,120,12,3,-4.0,6,1,6,1.59857904085257,1,United States,US,US,,39.828175,-98.5795,US,1,United States,US,US,,39.828175,-98.5795,US,1,United States,US,US,,39.828175,-98.5795,US,20181004210000,Reject,Verbal conflict
792175144,20181004,201810,CHN,CHINA,CHN,,,,,,,,USASPY,AMERICAN,USA,,,,,SPY,,,1,020,020,02,1,3.0,8,1,8,-4.46927374301676,4,"Beijing, Beijing, China",CH,CH22,13001,39.9289,116.388,-1898541,3,"White House, District of Columbia, United States",US,USDC,,38.8951,-77.0364,531871,4,"Beijing, Beijing, China",CH,CH22,13001,39.9289,116.388,-1898541,20181004214500,Appeal,Verbal cooperation
792176361,20181004,201810,USA,UNITED STATES,USA,,,,,,,,CHN,CHINA,CHN,,,,,,,,1,090,090,09,2,-2.0,6,1,6,-3.09278350515464,3,"White House, District of Columbia, United States",US,USDC,,38.8951,-77.0364,531871,4,"Beijing, Beijing, China",CH,CH22,13001,39.9289,116.388,-1898541,4,"Beijing, Beijing, China",CH,CH22,13001,39.9289,116.388,-1898541,20181004214500,Investigate,Material cooperation
792181723,20181004,201810,USA,UNITED STATES,USA,,,,,,,,CHN,CHINA,CHN,,,,,,,,1,112,112,11,3,-2.0,10,1,10,-5.4095826893354,4,"South China Sea, Brunei (general), Brunei",BX,BX00,,15.0,115.0,-1337919,4,"South China Sea, Brunei (general), Brunei",BX,BX00,,15.0,115.0,-1337919,4,"South China Sea, Brunei (general), Brunei",BX,BX00,,15.0,115.0,-1337919,20181004221500,Disapprove,Verbal conflict
792181725,20181004,201810,USA,SAN FRANCISCO,USA,,,,,,,,CHN,SHANGHAI,CHN,,,,,,,,1,193,193,19,4,-10.0,6,1,6,3.49162011173184,3,"Fairmont, California, United States",US,USCA,CA037,34.7347,-118.425,252888,3,"Fairmont, California, United States",US,USCA,CA037,34.7347,-118.425,252888,3,"Fairmont, California, United States",US,USCA,CA037,34.7347,-118.425,252888,20181004221500,Fight,Material conflict
792186175,20181004,201810,CHN,CHINESE,CHN,,,,,,,,USABUS,AMERICAN,USA,,,,,BUS,,,1,130,130,13,3,-4.4,6,1,6,-5.37634408602151,3,"Washington, District of Columbia, United States",US,USDC,DC001,38.8951,-77.0364,531871,3,"Washington, District of Columbia, United States",US,USDC,DC001,38.8951,-77.0364,531871,3,"Washington, District of Columbia, United States",US,USDC,DC001,38.8951,-77.0364,531871,20181004224500,Threaten,Verbal conflict
792199167,20181005,201810,CHN,CHINA,CHN,,,,,,,,USASPY,AMERICAN,USA,,,,,SPY,,,1,020,020,02,1,3.0,8,1,8,-5.02793296089385,4,"Beijing, Beijing, China",CH,CH22,13001,39.9289,116.388,-1898541,3,"White House, District of Columbia, United States",US,USDC,,38.8951,-77.0364,531871,4,"Beijing, Beijing, China",CH,CH22,13001,39.9289,116.388,-1898541,20181005000000,Appeal,Verbal cooperation
792210319,20181005,201810,USA,AUSTIN,USA,,,,,,,,CHN,CHINA,CHN,,,,,,,,1,173,173,17,4,-5.0,6,1,6,2.07612456747404,2,"Texas, United States",US,USTX,,31.106,-97.6475,TX,4,"Beijing, Beijing, China",CH,CH22,13001,39.9289,116.388,-1898541,2,"Texas, United States",US,USTX,,31.106,-97.6475,TX,20181005003000,Coerce,Material conflict
792214403,20181005,201810,USAMED,REUTERS,USA,,,,,MED,,,CHNSPY,CHINESE,CHN,,,,,SPY,,,1,016,016,01,1,-2.0,6,1,6,-3.52564102564103,4,"London, London, City of, United Kingdom",UK,UKH9,40110,51.5,-0.116667,-2601889,4,"London, London, City of, United Kingdom",UK,UKH9,40110,51.5,-0.116667,-2601889,4,"London, London, City of, United Kingdom",UK,UKH9,40110,51.5,-0.116667,-2601889,20181005004500,Make public statement,Verbal cooperation
792215927,20181005,201810,CHN,CHINA,CHN,,,,,,,,USA,WASHINGTON,USA,,,,,,,,1,010,010,01,1,0.0,8,1,8,-4.21052631578947,4,"Beijing, Beijing, China",CH,CH22,13001,39.9289,116.388,-1898541,3,"Washington, District of Columbia, United States",US,USDC,DC001,38.8951,-77.0364,531871,3,"Washington, District of Columbia, United States",US,USDC,DC001,38.8951,-77.0364,531871,20181005010000,Make public statement,Verbal cooperation
792215930,20181005,201810,CHN,CHINA,CHN,,,,,,,,USA,WASHINGTON,USA,,,,,,,,1,046,046,04,1,7.0,6,1,6,-4.21052631578947,4,"Beijing, Beijing, China",CH,CH22,13001,39.9289,116.388,-1898541,3,"Washington, District of Columbia, United States",US,USDC,DC001,38.8951,-77.0364,531871,3,"Washington, District of Columbia, United States",US,USDC,DC001,38.8951,-77.0364,531871,20181005010000,Consult,Verbal cooperation
792215931,20181005,201810,CHN,GREAT WALL,CHN,,,,,,,,USAMED,THE ASSOCIATED PRESS,USA,,,,,MED,,,1,040,040,04,1,1.0,10,1,10,-0.299401197604789,4,"Great Wall, China (general), China",CH,CH00,13077,39.9667,119.8,-1930117,4,"Great Wall, China (general), China",CH,CH00,13077,39.9667,119.8,-1930117,4,"Great Wall, China (general), China",CH,CH00,13077,39.9667,119.8,-1930117,20181005010000,Consult,Verbal cooperation
792217507,20181005,201810,USA,WASHINGTON,USA,,,,,,,,CHN,CHINA,CHN,,,,,,,,1,046,046,04,1,7.0,6,1,6,-4.21052631578947,3,"Washington, District of Columbia, United States",US,USDC,DC001,38.8951,-77.0364,531871,4,"Beijing, Beijing, China",CH,CH22,13001,39.9289,116.388,-1898541,3,"Washington, District of Columbia, United States",US,USDC,DC001,38.8951,-77.0364,531871,20181005010000,Consult,Verbal cooperation
792217863,20181005,201810,USAMED,THE ASSOCIATED PRESS,USA,,,,,MED,,,CHN,GREAT WALL,CHN,,,,,,,,1,036,036,03,1,4.0,8,1,8,-0.299401197604789,3,"White House, District of Columbia, United States",US,USDC,,38.8951,-77.0364,531871,3,"White House, District of Columbia, United States",US,USDC,,38.8951,-77.0364,531871,3,"White House, District of Columbia, United States",US,USDC,,38.8951,-77.0364,531871,20181005010000,Express intent to cooperate,Verbal cooperation
792217865,20181005,201810,USAMED,THE ASSOCIATED PRESS,USA,,,,,MED,,,CHN,GREAT WALL,CHN,,,,,,,,1,040,040,04,1,1.0,10,1,10,-0.299401197604789,4,"Great Wall, China (general), China",CH,CH00,13077,39.9667,119.8,-1930117,4,"Great Wall, China (general), China",CH,CH00,13077,39.9667,119.8,-1930117,4,"Great Wall, China (general), China",CH,CH00,13077,39.9667,119.8,-1930117,20181005010000,Consult,Verbal cooperation
792219243,20181005,201810,CHN,CHINESE,CHN,,,,,,,,MNCUSAMED,GOOGLE,USA,,,,,MNC,MED,,1,090,090,09,2,-2.0,8,1,8,-3.41614906832298,4,"Beijing, Beijing, China",CH,CH22,13001,39.9289,116.388,-1898541,4,"Beijing, Beijing, China",CH,CH22,13001,39.9289,116.388,-1898541,4,"Beijing, Beijing, China",CH,CH22,13001,39.9289,116.388,-1898541,20181005011500,Investigate,Material cooperation
792219244,20181005,201810,CHN,CHINESE,CHN,,,,,,,,MNCUSAMED,GOOGLE,USA,,,,,MNC,MED,,1,111,111,11,3,-2.0,10,1,10,-3.41614906832298,4,"Beijing, Beijing, China",CH,CH22,13001,39.9289,116.388,-1898541,4,"Beijing, Beijing, China",CH,CH22,13001,39.9289,116.388,-1898541,4,"Beijing, Beijing, China",CH,CH22,13001,39.9289,116.388,-1898541,20181005011500,Disapprove,Verbal conflict
792219245,20181005,201810,CHN,CHINESE,CHN,,,,,,,,MNCUSAMED,GOOGLE,USA,,,,,MNC,MED,,1,1721,172,17,4,-5.0,10,1,10,-3.41614906832298,4,"Beijing, Beijing, China",CH,CH22,13001,39.9289,116.388,-1898541,4,"Beijing, Beijing, China",CH,CH22,13001,39.9289,116.388,-1898541,4,"Beijing, Beijing, China",CH,CH22,13001,39.9289,116.388,-1898541,20181005011500,Coerce,Material conflict
792220633,20181005,201810,USA,UNITED STATES,USA,,,,,,,,CHN,CHINA,CHN,,,,,,,,1,014,014,01,1,0.0,10,1,10,-2.4,1,China,CH,CH,,35.0,105.0,CH,1,China,CH,CH,,35.0,105.0,CH,1,China,CH,CH,,35.0,105.0,CH,20181005011500,Make public statement,Verbal cooperation
792226292,20181005,201810,USA,WASHINGTON,USA,,,,,,,,CHN,CHINESE,CHN,,,,,,,,1,112,112,11,3,-2.0,12,2,8,-4.80572597137015,3,"White House, District of Columbia, United States",US,USDC,,38.8951,-77.0364,531871,4,"Beijing, Beijing, China",CH,CH22,13001,39.9289,116.388,-1898541,4,"Beijing, Beijing, China",CH,CH22,13001,39.9289,116.388,-1898541,20181005014500,Disapprove,Verbal conflict
792226293,20181005,201810,USA,WASHINGTON,USA,,,,,,,,CHNGOV,CHINESE,CHN,,,,,GOV,,,1,112,112,11,3,-2.0,6,2,6,-4.80572597137015,4,"Beijing, Beijing, China",CH,CH22,13001,39.9289,116.388,-1898541,4,"Beijing, Beijing, China",CH,CH22,13001,39.9289,116.388,-1898541,4,"Beijing, Beijing, China",CH,CH22,13001,39.9289,116.388,-1898541,20181005014500,Disapprove,Verbal conflict
792226294,20181005,201810,USA,WASHINGTON,USA,,,,,,,,CHNGOV,CHINESE,CHN,,,,,GOV,,,1,112,112,11,3,-2.0,6,2,6,-4.80572597137015,3,"Washington, District of Columbia, United States",US,USDC,DC001,38.8951,-77.0364,531871,4,"Beijing, Beijing, China",CH,CH22,13001,39.9289,116.388,-1898541,4,"Beijing, Beijing, China",CH,CH22,13001,39.9289,116.388,-1898541,20181005014500,Disapprove,Verbal conflict
792232218,20181005,201810,USA,UNITED STATES,USA,,,,,,,,CHN,CHINA,CHN,,,,,,,,1,070,070,07,2,7.0,6,1,6,1.48883374689827,4,"Beijing, Beijing, China",CH,CH22,13001,39.9289,116.388,-1898541,4,"Beijing, Beijing, China",CH,CH22,13001,39.9289,116.388,-1898541,4,"Beijing, Beijing, China",CH,CH22,13001,39.9289,116.388,-1898541,20181005021500,Provide aid,Material cooperation
792233817,20181005,201810,CHN,CHINESE,CHN,,,,,,,,USA,AMERICAN,USA,,,,,,,,1,090,090,09,2,-2.0,10,1,10,-1.72413793103448,1,Syria,SY,SY,,35.0,38.0,SY,1,Syria,SY,SY,,35.0,38.0,SY,1,Syria,SY,SY,,35.0,38.0,SY,20181005023000,Investigate,Material cooperation
792235052,20181005,201810,MNCUSA,APPLE INC,USA,,,,,MNC,,,CHNSPY,CHINESE,CHN,,,,,SPY,,,1,016,016,01,1,-2.0,6,1,6,-3.1986531986532,4,"Beijing, Beijing, China",CH,CH22,13001,39.9289,116.388,-1898541,4,"Beijing, Beijing, China",CH,CH22,13001,39.9289,116.388,-1898541,4,"Beijing, Beijing, China",CH,CH22,13001,39.9289,116.388,-1898541,20181005023000,Make public statement,Verbal cooperation
792235542,20181005,201810,USA,UNITED STATES,USA,,,,,,,,CHN,CHINA,CHN,,,,,,,,1,013,013,01,1,0.4,10,1,10,-5.53505535055351,3,"Washington, District of Columbia, United States",US,USDC,DC001,38.8951,-77.0364,531871,3,"Washington, District of Columbia, United States",US,USDC,DC001,38.8951,-77.0364,531871,3,"Washington, District of Columbia, United States",US,USDC,DC001,38.8951,-77.0364,531871,20181005023000,Make public statement,Verbal cooperation
792236956,20181005,201810,CHN,CHINA,CHN,,,,,,,,USA,UNITED STATES,USA,,,,,,,,1,090,090,09,2,-2.0,10,1,10,-1.67731629392971,4,"Hastinapur, Uttar Pradesh, India",IN,IN36,17926,29.1667,78.0167,-2097304,4,"Hastinapur, Uttar Pradesh, India",IN,IN36,17926,29.1667,78.0167,-2097304,4,"Hastinapur, Uttar Pradesh, India",IN,IN36,17926,29.1667,78.0167,-2097304,20181005024500,Investigate,Material cooperation
792238221,20181005,201810,USA,WASHINGTON,USA,,,,,,,,CHN,BEIJING,CHN,,,,,,,,1,013,013,01,1,0.4,8,1,8,-5.0531914893617,3,"Washington, District of Columbia, United States",US,USDC,DC001,38.8951,-77.0364,531871,4,"Beijing, Beijing, China",CH,CH22,13001,39.9289,116.388,-1898541,3,"Washington, District of Columbia, United States",US,USDC,DC001,38.8951,-77.0364,531871,20181005024500,Make public statement,Verbal cooperation
792240186,20181005,201810,MNCUSA,SUPER MICRO COMPUTER,USA,,,,,MNC,,,CHN,CHINESE,CHN,,,,,,,,1,090,090,09,2,-2.0,10,1,10,-5.71428571428571,1,China,CH,CH,,35.0,105.0,CH,1,China,CH,CH,,35.0,105.0,CH,1,China,CH,CH,,35.0,105.0,CH,20181005030000,Investigate,Material cooperation
792241393,20180905,201809,USA,WASHINGTON,USA,,,,,,,,CHNMIL,CHINESE,CHN,,,,,MIL,,,1,163,163,16,4,-8.0,6,1,6,-1.41843971631205,1,Afghanistan,AF,AF,,33.0,66.0,AF,4,"Moscow, Moskva, Russia",RS,RS48,25106,55.7522,37.6156,-2960561,1,Afghanistan,AF,AF,,33.0,66.0,AF,20181005031500,Reduce relations,Material conflict
792241825,20181005,201810,CHN,CHINA,CHN,,,,,,,,USA,THE US,USA,,,,,,,,1,010,010,01,1,0.0,10,1,10,-0.30303030303031,1,China,CH,CH,,35.0,105.0,CH,1,China,CH,CH,,35.0,105.0,CH,1,China,CH,CH,,35.0,105.0,CH,20181005031500,Make public statement,Verbal cooperation
792242986,20181005,201810,USA,CHICAGO,USA,,,,,,,,CHN,BEIJING,CHN,,,,,,,,1,012,012,01,1,-0.4,9,1,9,3.11203319502075,3,"Chicago, Illinois, United States",US,USIL,IL031,41.85,-87.6501,423587,3,"Chicago, Illinois, United States",US,USIL,IL031,41.85,-87.6501,423587,3,"Chicago, Illinois, United States",US,USIL,IL031,41.85,-87.6501,423587,20181005031500,Make public statement,Verbal cooperation
792244280,20181005,201810,CHN,CHINA,CHN,,,,,,,,USAGOV,AMERICAN,USA,,,,,GOV,,,1,010,010,01,1,0.0,6,2,6,-5.59441653756475,4,"Beijing, Beijing, China",CH,CH22,13001,39.9289,116.388,-1898541,4,"Beijing, Beijing, China",CH,CH22,13001,39.9289,116.388,-1898541,4,"Beijing, Beijing, China",CH,CH22,13001,39.9289,116.388,-1898541,20181005033000,Make public statement,Verbal cooperation
792246590,20181005,201810,CHN,CHINA,CHN,,,,,,,,USA,AMERICAN,USA,,,,,,,,1,111,111,11,3,-2.0,10,1,10,-6.9164265129683,4,"Beijing, Beijing, China",CH,CH22,13001,39.9289,116.388,-1898541,2,"Washington, United States",US,USWA,,47.3917,-121.571,WA,4,"Beijing, Beijing, China",CH,CH22,13001,39.9289,116.388,-1898541,20181005034500,Disapprove,Verbal conflict
792247546,20181005,201810,USA,WASHINGTON,USA,,,,,,,,CHN,CHINA,CHN,,,,,,,,1,1123,112,11,3,-2.0,10,1,10,-4.08432147562583,4,"Beijing, Beijing, China",CH,CH22,13001,39.9289,116.388,-1898541,4,"Beijing, Beijing, China",CH,CH22,13001,39.9289,116.388,-1898541,4,"Beijing, Beijing, China",CH,CH22,13001,39.9289,116.388,-1898541,20181005034500,Disapprove,Verbal conflict
792251423,20181005,201810,CHN,CHINA,CHN,,,,,,,,USA,BEEHIVE STATE,USA,,,,,,,,1,0311,031,03,1,5.2,8,1,8,-2.2972972972973,2,"Utah, United States",US,USUT,,40.1135,-111.854,UT,2,"Utah, United States",US,USUT,,40.1135,-111.854,UT,2,"Utah, United States",US,USUT,,40.1135,-111.854,UT,20181005041500,Express intent to cooperate,Verbal cooperation
792252280,20181005,201810,USA,SAN FRANCISCO,USA,,,,,,,,CHN,CHINA,CHN,,,,,,,,1,110,110,11,3,-2.0,10,1,10,5.21920668058455,4,"Beijing, Beijing, China",CH,CH22,13001,39.9289,116.388,-1898541,4,"Beijing, Beijing, China",CH,CH22,13001,39.9289,116.388,-1898541,4,"Beijing, Beijing, China",CH,CH22,13001,39.9289,116.388,-1898541,20181005041500,Disapprove,Verbal conflict
792256301,20181005,201810,CHNGOV,CHINESE,CHN,,,,,GOV,,,USABUS,AMERICAN,USA,,,,,BUS,,,1,090,090,09,2,-2.0,6,1,6,-3.72340425531915,1,China,CH,CH,,35.0,105.0,CH,1,China,CH,CH,,35.0,105.0,CH,1,China,CH,CH,,35.0,105.0,CH,20181005044500,Investigate,Material cooperation
792257365,20181005,201810,USA,WASHINGTON,USA,,,,,,,,CHN,CHINA,CHN,,,,,,,,1,1123,112,11,3,-2.0,7,1,7,-5.3932584269663,2,"Washington, United States",US,USWA,,47.3917,-121.571,WA,4,"Beijing, Beijing, China",CH,CH22,13001,39.9289,116.388,-1898541,4,"Beijing, Beijing, China",CH,CH22,13001,39.9289,116.388,-1898541,20181005044500,Disapprove,Verbal conflict
792259879,20181005,201810,USA,WASHINGTON,USA,,,,,,,,CHN,CHINESE,CHN,,,,,,,,1,1721,172,17,4,-5.0,8,1,8,-2.38095238095238,3,"Washington, District of Columbia, United States",US,USDC,DC001,38.8951,-77.0364,531871,1,China,CH,CH,,35.0,105.0,CH,1,China,CH,CH,,35.0,105.0,CH,20181005050000,Coerce,Material conflict
792261083,20181005,201810,CHN,CHINESE,CHN,,,,,,,,USA,OREGON,USA,,,,,,,,1,090,090,09,2,-2.0,8,1,8,-2.4346257889991,3,"Portland, Oregon, United States",US,USOR,OR051,45.5235,-122.676,1136645,3,"Portland, Oregon, United States",US,USOR,OR051,45.5235,-122.676,1136645,3,"Portland, Oregon, United States",US,USOR,OR051,45.5235,-122.676,1136645,20181005051500,Investigate,Material cooperation
792262263,20181005,201810,USA,THE US,USA,,,,,,,,CHN,CHINA,CHN,,,,,,,,1,110,110,11,3,-2.0,6,1,6,-9.80392156862745,4,"South China Sea, Brunei (general), Brunei",BX,BX00,,15.0,115.0,-1337919,4,"South China Sea, Brunei (general), Brunei",BX,BX00,,15.0,115.0,-1337919,4,"South China Sea, Brunei (general), Brunei",BX,BX00,,15.0,115.0,-1337919,20181005051500,Disapprove,Verbal conflict
792268374,20181005,201810,CHN,CHINA,CHN,,,,,,,,USA,LOS ANGELES,USA,,,,,,,,1,043,043,04,1,2.8,8,1,8,3.50877192982456,1,China,CH,CH,,35.0,105.0,CH,3,"Los Angeles, California, United States",US,USCA,,34.0522,-118.244,1662328,1,China,CH,CH,,35.0,105.0,CH,20181005060000,Consult,Verbal cooperation
792269348,20181005,201810,USA,LOS ANGELES,USA,,,,,,,,CHN,CHINA,CHN,,,,,,,,1,042,042,04,1,1.9,10,1,10,3.50877192982456,2,"California, United States",US,USCA,,36.17,-119.746,CA,2,"California, United States",US,USCA,,36.17,-119.746,CA,2,"California, United States",US,USCA,,36.17,-119.746,CA,20181005060000,Consult,Verbal cooperation
792270762,20181005,201810,CHN,CHINA,CHN,,,,,,,,USA,UNITED STATES,USA,,,,,,,,1,046,046,04,1,7.0,10,1,10,1.68350168350169,1,China,CH,CH,,35.0,105.0,CH,1,United States,US,US,,39.828175,-98.5795,US,1,United States,US,US,,39.828175,-98.5795,US,20181005061500,Consult,Verbal cooperation
792270765,20181005,201810,CHN,CHINA,CHN,,,,,,,,USAJUD,NEW YORK,USA,,,,,JUD,,,1,040,040,04,1,1.0,6,1,6,-2.30414746543779,1,China,CH,CH,,35.0,105.0,CH,2,"New York, United States",US,USNY,,42.1497,-74.9384,NY,1,China,CH,CH,,35.0,105.0,CH,20181005061500,Consult,Verbal cooperation
792271920,20181005,201810,USA,UNITED STATES,USA,,,,,,,,CHN,CHINA,CHN,,,,,,,,1,046,046,04,1,7.0,10,1,10,1.68350168350169,1,United States,US,US,,39.828175,-98.5795,US,1,China,CH,CH,,35.0,105.0,CH,1,United States,US,US,,39.828175,-98.5795,US,20181005061500,Consult,Verbal cooperation
792272056,20181005,201810,USAJUD,NEW YORK,USA,,,,,JUD,,,CHN,CHINA,CHN,,,,,,,,1,040,040,04,1,1.0,6,1,6,-2.30414746543779,1,Libya,LY,LY,,25.0,17.0,LY,1,Iran,IR,IR,,32.0,53.0,IR,1,Iran,IR,IR,,32.0,53.0,IR,20181005061500,Consult,Verbal cooperation
792273389,20181005,201810,CHNEDU,CHINESE,CHN,,,,,EDU,,,USAEDU,AMERICAN,USA,,,,,EDU,,,1,010,010,01,1,0.0,6,1,6,1.76056338028169,4,"Wuhan, Hubei, China",CH,CH12,13124,30.5833,114.267,-1930776,1,United States,US,US,,39.828175,-98.5795,US,4,"Wuhan, Hubei, China",CH,CH12,13124,30.5833,114.267,-1930776,20181005063000,Make public statement,Verbal cooperation
792274526,20181005,201810,USA,THE US,USA,,,,,,,,CHN,CHINESE,CHN,,,,,,,,1,012,012,01,1,-0.4,10,1,10,-1.43607705779335,4,"Nanyang, Henan, China",CH,CH09,13102,33.8302,112.486,10541456,4,"Nanyang, Henan, China",CH,CH09,13102,33.8302,112.486,10541456,4,"Nanyang, Henan, China",CH,CH09,13102,33.8302,112.486,10541456,20181005063000,Make public statement,Verbal cooperation
792275808,20181005,201810,CHN,CHINA,CHN,,,,,,,,USAMIL,THE US,USA,,,,,MIL,,,1,151,151,15,4,-7.2,10,1,10,-2.24032586558045,1,Hong Kong,HK,HK,,22.25,114.166667,HK,1,Hong Kong,HK,HK,,22.25,114.166667,HK,1,Hong Kong,HK,HK,,22.25,114.166667,HK,20181005064500,Exhibit force posture,Material conflict
792276936,20181005,201810,USAMED,REUTERS,USA,,,,,MED,,,CHNSPY,CHINESE,CHN,,,,,SPY,,,1,016,016,01,1,-2.0,6,1,6,-3.1496062992126,1,China,CH,CH,,35.0,105.0,CH,1,China,CH,CH,,35.0,105.0,CH,1,China,CH,CH,,35.0,105.0,CH,20181005064500,Make public statement,Verbal cooperation
792279099,20181005,201810,USA,WASHINGTON,USA,,,,,,,,CHN,BEIJING,CHN,,,,,,,,1,130,130,13,3,-4.4,16,2,16,-4.95641106505676,4,"Beijing, Beijing, China",CH,CH22,13001,39.9289,116.388,-1898541,4,"Beijing, Beijing, China",CH,CH22,13001,39.9289,116.388,-1898541,4,"Beijing, Beijing, China",CH,CH22,13001,39.9289,116.388,-1898541,20181005070000,Threaten,Verbal conflict
792291883,20181005,201810,MNCUSAMED,GOOGLE,USA,,,,,MNC,MED,,CHN,CHINESE,CHN,,,,,,,,1,1721,172,17,4,-5.0,8,1,8,-2.25563909774436,3,"Capitol Hill, District of Columbia, United States",US,USDC,DC001,38.889,-77.0003,529313,3,"Capitol Hill, District of Columbia, United States",US,USDC,,38.889,-77.0003,529313,3,"Capitol Hill, District of Columbia, United States",US,USDC,,38.889,-77.0003,529313,20181005081500,Coerce,Material conflict
792294440,20181005,201810,MNCUSAMED,GOOGLE,USA,,,,,MNC,MED,,CHN,CHINA,CHN,,,,,,,,1,025,025,02,1,-0.3,10,1,10,-8.24742268041237,4,"Beijing, Beijing, China",CH,CH22,13001,39.9289,116.388,-1898541,4,"Beijing, Beijing, China",CH,CH22,13001,39.9289,116.388,-1898541,4,"Beijing, Beijing, China",CH,CH22,13001,39.9289,116.388,-1898541,20181005083000,Appeal,Verbal cooperation
792300560,20181005,201810,USA,UNITED STATES,USA,,,,,,,,CHN,CHINA,CHN,,,,,,,,1,090,090,09,2,-2.0,6,1,6,-3.26797385620915,3,"White House, District of Columbia, United States",US,USDC,,38.8951,-77.0364,531871,4,"Beijing, Beijing, China",CH,CH22,13001,39.9289,116.388,-1898541,4,"Beijing, Beijing, China",CH,CH22,13001,39.9289,116.388,-1898541,20181005090000,Investigate,Material cooperation
792304871,20181005,201810,CHN,CHINA,CHN,,,,,,,,USA,UNITED STATES,USA,,,,,,,,1,0841,084,08,2,7.0,6,1,6,-1.36239782016348,1,China,CH,CH,,35.0,105.0,CH,1,China,CH,CH,,35.0,105.0,CH,1,China,CH,CH,,35.0,105.0,CH,20181005093000,Yield,Material cooperation
792313188,20180905,201809,USA,WASHINGTON,USA,,,,,,,,CHNMIL,CHINESE,CHN,,,,,MIL,,,1,163,163,16,4,-8.0,6,1,6,-0.1131221719457,2,"Texas, United States",US,USTX,,31.106,-97.6475,TX,2,"Texas, United States",US,USTX,,31.106,-97.6475,TX,2,"Texas, United States",US,USTX,,31.106,-97.6475,TX,20181005101500,Reduce relations,Material conflict
792313620,20181005,201810,CHN,CHINESE,CHN,,,,,,,,USA,UNITED STATES,USA,,,,,,,,1,061,061,06,2,6.4,6,1,6,-5.17241379310345,4,"Beijing, Beijing, China",CH,CH22,13001,39.9289,116.388,-1898541,1,Russia,RS,RS,,60.0,100.0,RS,4,"Beijing, Beijing, China",CH,CH22,13001,39.9289,116.388,-1898541,20181005101500,Engage in material cooperation,Material cooperation
792314775,20181005,201810,USA,AMERICAN,USA,,,,,,,,CHN,TIBET,CHN,,,,,,,,1,0862,086,08,2,9.0,7,1,7,-2.76625172890733,5,"Tibet, Xizang, China",CH,CH14,13213,32.0,90.0,-1934604,5,"Tibet, Xizang, China",CH,CH14,13213,32.0,90.0,-1934604,5,"Tibet, Xizang, China",CH,CH14,13213,32.0,90.0,-1934604,20181005101500,Yield,Material cooperation
792319594,20181005,201810,CHN,CHINA,CHN,,,,,,,,USA,UNITED STATES,USA,,,,,,,,1,040,040,04,1,1.0,6,1,6,-6.32411067193676,4,"Beijing, Beijing, China",CH,CH22,13001,39.9289,116.388,-1898541,2,"Iowa, United States",US,USIA,,42.0046,-93.214,IA,2,"Iowa, United States",US,USIA,,42.0046,-93.214,IA,20181005104500,Consult,Verbal cooperation
792319596,20181005,201810,CHN,SHANDONG,CHN,,,,,,,,USA,UNITED STATES,USA,,,,,,,,1,042,042,04,1,1.9,10,1,10,2.74672628553178,3,"Mason School, Illinois, United States",US,USIL,IL031,41.8559,-87.7303,413105,3,"Mason School, Illinois, United States",US,USIL,,41.8559,-87.7303,413105,3,"Mason School, Illinois, United States",US,USIL,,41.8559,-87.7303,413105,20181005104500,Consult,Verbal cooperation
792319604,20181005,201810,CHN,CHINA,CHN,,,,,,,,USA,UNITED STATES,USA,,,,,,,,1,190,190,19,4,-10.0,8,1,8,-6.42857142857142,1,Israel,IS,IS,,31.5,34.75,IS,1,Syria,SY,SY,,35.0,38.0,SY,1,Syria,SY,SY,,35.0,38.0,SY,20181005104500,Fight,Material conflict
792319609,20181005,201810,CHN,CHINESE,CHN,,,,,,,,USAGOV,UNITED STATES,USA,,,,,GOV,,,1,110,110,11,3,-2.0,8,1,8,-6.32411067193676,4,"Beijing, Beijing, China",CH,CH22,13001,39.9289,116.388,-1898541,2,"Iowa, United States",US,USIA,,42.0046,-93.214,IA,2,"Iowa, United States",US,USIA,,42.0046,-93.214,IA,20181005104500,Disapprove,Verbal conflict
792320825,20181005,201810,USA,UNITED STATES,USA,,,,,,,,CHN,CHINA,CHN,,,,,,,,1,013,013,01,1,0.4,10,1,10,-4.02429764616553,1,Australia,AS,AS,,-25.0,135.0,AS,1,Australia,AS,AS,,-25.0,135.0,AS,1,Australia,AS,AS,,-25.0,135.0,AS,20181005104500,Make public statement,Verbal cooperation
792320830,20181005,201810,USA,UNITED STATES,USA,,,,,,,,CHN,CHINA,CHN,,,,,,,,1,040,040,04,1,1.0,6,1,6,-6.32411067193676,2,"Iowa, United States",US,USIA,,42.0046,-93.214,IA,4,"Beijing, Beijing, China",CH,CH22,13001,39.9289,116.388,-1898541,2,"Iowa, United States",US,USIA,,42.0046,-93.214,IA,20181005104500,Consult,Verbal cooperation
792320837,20181005,201810,USA,UNITED STATES,USA,,,,,,,,CHN,CHINA,CHN,,,,,,,,1,046,046,04,1,7.0,6,1,6,-6.32411067193676,2,"Iowa, United States",US,USIA,,42.0046,-93.214,IA,4,"Beijing, Beijing, China",CH,CH22,13001,39.9289,116.388,-1898541,2,"Iowa, United States",US,USIA,,42.0046,-93.214,IA,20181005104500,Consult,Verbal cooperation
792320844,20181005,201810,USA,UNITED STATES,USA,,,,,,,,CHN,CHINA,CHN,,,,,,,,1,190,190,19,4,-10.0,6,1,6,-6.42857142857142,3,"White House, District of Columbia, United States",US,USDC,,38.8951,-77.0364,531871,4,"Beijing, Beijing, China",CH,CH22,13001,39.9289,116.388,-1898541,2,"Washington, United States",US,USWA,,47.3917,-121.571,WA,20181005104500,Fight,Material conflict
792322292,20180905,201809,USA,WASHINGTON,USA,,,,,,,,CHN,CHINA,CHN,,,,,,,,1,042,042,04,1,1.9,8,1,8,1.60857908847185,4,"Kabul, Kabol, Afghanistan",AF,AF13,3580,34.5167,69.1833,-3378435,4,"Beijing, Beijing, China",CH,CH22,13001,39.9289,116.388,-1898541,4,"Beijing, Beijing, China",CH,CH22,13001,39.9289,116.388,-1898541,20181005110000,Consult,Verbal cooperation
792322677,20181005,201810,CHN,BEIJING,CHN,,,,,,,,USA,UNITED STATES,USA,,,,,,,,1,036,036,03,1,4.0,10,1,10,1.80505415162455,1,Australia,AS,AS,,-25.0,135.0,AS,1,Australia,AS,AS,,-25.0,135.0,AS,1,Australia,AS,AS,,-25.0,135.0,AS,20181005110000,Express intent to cooperate,Verbal cooperation
792322683,20181005,201810,CHN,BEIJING,CHN,,,,,,,,USA,UNITED STATES,USA,,,,,,,,1,054,054,05,1,6.0,8,1,8,1.80505415162455,4,"Beijing, Beijing, China",CH,CH22,13001,39.9289,116.388,-1898541,1,United States,US,US,,39.828175,-98.5795,US,1,United States,US,US,,39.828175,-98.5795,US,20181005110000,Engage in diplomatic cooperation,Verbal cooperation
792322684,20181005,201810,CHN,CHINA,CHN,,,,,,,,USA,UNITED STATES,USA,,,,,,,,1,111,111,11,3,-2.0,8,1,8,-5.31400966183575,4,"Beijing, Beijing, China",CH,CH22,13001,39.9289,116.388,-1898541,4,"Beijing, Beijing, China",CH,CH22,13001,39.9289,116.388,-1898541,4,"Beijing, Beijing, China",CH,CH22,13001,39.9289,116.388,-1898541,20181005110000,Disapprove,Verbal conflict
792323956,20181005,201810,USA,UNITED STATES,USA,,,,,,,,CHN,BEIJING,CHN,,,,,,,,1,054,054,05,1,6.0,8,1,8,1.80505415162455,1,United States,US,US,,39.828175,-98.5795,US,4,"Beijing, Beijing, China",CH,CH22,13001,39.9289,116.388,-1898541,1,United States,US,US,,39.828175,-98.5795,US,20181005110000,Engage in diplomatic cooperation,Verbal cooperation
792328760,20181005,201810,CHN,CHINA,CHN,,,,,,,,USA,UNITED STATES,USA,,,,,,,,1,112,112,11,3,-2.0,6,1,6,1.1910926980839,3,"Greene, Indiana, United States",US,USIN,IN075,40.4084,-85.1,435433,3,"Greene, Indiana, United States",US,USIN,IN075,40.4084,-85.1,435433,3,"Greene, Indiana, United States",US,USIN,IN075,40.4084,-85.1,435433,20181005113000,Disapprove,Verbal conflict
792329842,20181005,201810,USA,UNITED STATES,USA,,,,,,,,CHN,CHINA,CHN,,,,,,,,1,061,061,06,2,6.4,8,1,8,1.1910926980839,3,"Washington, District of Columbia, United States",US,USDC,DC001,38.8951,-77.0364,531871,4,"Tiankai, Beijing, China",CH,CH22,13001,39.6261,115.886,-1928573,4,"Tiankai, Beijing, China",CH,CH22,13001,39.6261,115.886,-1928573,20181005113000,Engage in material cooperation,Material cooperation
792331791,20181005,201810,CHN,BEIJING,CHN,,,,,,,,USA,UNITED STATES,USA,,,,,,,,1,046,046,04,1,7.0,10,1,10,1.38248847926268,4,"Beijing, Beijing, China",CH,CH22,13001,39.9289,116.388,-1898541,1,United States,US,US,,39.828175,-98.5795,US,4,"Beijing, Beijing, China",CH,CH22,13001,39.9289,116.388,-1898541,20181005114500,Consult,Verbal cooperation
792331792,20181005,201810,CHN,BEIJING,CHN,,,,,,,,USA,UNITED STATES,USA,,,,,,,,1,050,050,05,1,3.5,10,1,10,1.38248847926268,4,"Beijing, Beijing, China",CH,CH22,13001,39.9289,116.388,-1898541,1,United States,US,US,,39.828175,-98.5795,US,1,United States,US,US,,39.828175,-98.5795,US,20181005114500,Engage in diplomatic cooperation,Verbal cooperation
792333776,20181005,201810,USA,UNITED STATES,USA,,,,,,,,CHN,BEIJING,CHN,,,,,,,,1,046,046,04,1,7.0,10,1,10,1.38248847926268,1,United States,US,US,,39.828175,-98.5795,US,4,"Beijing, Beijing, China",CH,CH22,13001,39.9289,116.388,-1898541,4,"Beijing, Beijing, China",CH,CH22,13001,39.9289,116.388,-1898541,20181005114500,Consult,Verbal cooperation
792333777,20181005,201810,USA,UNITED STATES,USA,,,,,,,,CHN,BEIJING,CHN,,,,,,,,1,050,050,05,1,3.5,10,1,10,1.38248847926268,1,United States,US,US,,39.828175,-98.5795,US,4,"Beijing, Beijing, China",CH,CH22,13001,39.9289,116.388,-1898541,1,United States,US,US,,39.828175,-98.5795,US,20181005114500,Engage in diplomatic cooperation,Verbal cooperation
792335840,20181005,201810,CHN,CHINA,CHN,,,,,,,,USA,UNITED STATES,USA,,,,,,,,1,061,061,06,2,6.4,6,1,6,1.89274447949527,1,China,CH,CH,,35.0,105.0,CH,1,United States,US,US,,39.828175,-98.5795,US,1,United States,US,US,,39.828175,-98.5795,US,20181005120000,Engage in material cooperation,Material cooperation
792336972,20181005,201810,USA,UNITED STATES,USA,,,,,,,,CHN,CHINA,CHN,,,,,,,,1,061,061,06,2,6.4,10,1,10,1.89274447949527,1,Japan,JA,JA,,36.0,138.0,JA,1,Japan,JA,JA,,36.0,138.0,JA,1,Japan,JA,JA,,36.0,138.0,JA,20181005120000,Engage in material cooperation,Material cooperation
792337064,20181005,201810,USAREL,CHICAGO,USA,,,,,,,,CHN,CHINA,CHN,,,,,,,,1,051,051,05,1,3.4,6,1,6,-0.20554984583762,4,"Rome, Lazio, Italy",IT,IT07,18350,41.9,12.4833,-126693,4,"Rome, Lazio, Italy",IT,IT07,18350,41.9,12.4833,-126693,4,"Rome, Lazio, Italy",IT,IT07,18350,41.9,12.4833,-126693,20181005120000,Engage in diplomatic cooperation,Verbal cooperation
792341469,20181005,201810,CHN,CHINA,CHN,,,,,,,,USA,UNITED STATES,USA,,,,,,,,1,112,112,11,3,-2.0,8,1,8,-4.62519936204147,4,"Beijing, Beijing, China",CH,CH22,13001,39.9289,116.388,-1898541,1,United States,US,US,,39.828175,-98.5795,US,4,"Beijing, Beijing, China",CH,CH22,13001,39.9289,116.388,-1898541,20181005123000,Disapprove,Verbal conflict
792343064,20181005,201810,USAMED,REUTERS,USA,,,,,MED,,,CHN,CHINA,CHN,,,,,,,,1,018,018,01,1,3.4,20,1,20,-6.03448275862069,4,"Beijing, Beijing, China",CH,CH22,13001,39.9289,116.388,-1898541,1,Iran,IR,IR,,32.0,53.0,IR,1,Iran,IR,IR,,32.0,53.0,IR,20181005123000,Make public statement,Verbal cooperation
792349385,20181005,201810,USAMED,REUTERS,USA,,,,,MED,,,CHNSPY,CHINESE,CHN,,,,,SPY,,,1,016,016,01,1,-2.0,6,1,6,-4.04040404040404,4,"Beijing, Beijing, China",CH,CH22,13001,39.9289,116.388,-1898541,4,"Beijing, Beijing, China",CH,CH22,13001,39.9289,116.388,-1898541,4,"Beijing, Beijing, China",CH,CH22,13001,39.9289,116.388,-1898541,20181005130000,Make public statement,Verbal cooperation
792357758,20181005,201810,CHN,CHINESE,CHN,,,,,,,,MNCUSAMED,VERIZON,USA,,,,,MNC,MED,,1,090,090,09,2,-2.0,10,2,10,-2.04678362573099,2,"New York, United States",US,USNY,,42.1497,-74.9384,NY,2,"New York, United States",US,USNY,,42.1497,-74.9384,NY,2,"New York, United States",US,USNY,,42.1497,-74.9384,NY,20181005134500,Investigate,Material cooperation
792365110,20181005,201810,USA,THE US,USA,,,,,,,,CHN,CHINA,CHN,,,,,,,,1,020,020,02,1,3.0,10,1,10,-2.54237288135593,1,China,CH,CH,,35.0,105.0,CH,1,China,CH,CH,,35.0,105.0,CH,1,China,CH,CH,,35.0,105.0,CH,20181005141500,Appeal,Verbal cooperation
792374140,20181005,201810,CHN,CHINA,CHN,,,,,,,,USA,AMERICAN,USA,,,,,,,,1,110,110,11,3,-2.0,8,1,8,3.8560411311054,1,China,CH,CH,,35.0,105.0,CH,2,"Pennsylvania, United States",US,USPA,,40.5773,-77.264,PA,1,China,CH,CH,,35.0,105.0,CH,20181005150000,Disapprove,Verbal conflict
792375539,20181005,201810,USA,UNITED STATES,USA,,,,,,,,CHN,CHINA,CHN,,,,,,,,1,090,090,09,2,-2.0,18,1,6,-3.56083086053413,3,"White House, District of Columbia, United States",US,USDC,,38.8951,-77.0364,531871,1,China,CH,CH,,35.0,105.0,CH,1,China,CH,CH,,35.0,105.0,CH,20181005150000,Investigate,Material cooperation
792375540,20181005,201810,USA,LOS ANGELES,USA,,,,,,,,CHN,CHINA,CHN,,,,,,,,1,090,090,09,2,-2.0,8,1,8,-2.7027027027027,2,"California, United States",US,USCA,,36.17,-119.746,CA,2,"California, United States",US,USCA,,36.17,-119.746,CA,2,"California, United States",US,USCA,,36.17,-119.746,CA,20181005150000,Investigate,Material cooperation
792379129,20181005,201810,USA,UNITED STATES,USA,,,,,,,,CHN,CHINESE,CHN,,,,,,,,1,043,043,04,1,2.8,8,1,8,-0.81566068515498,2,"Georgia, United States",US,USGA,,32.9866,-83.6487,GA,1,China,CH,CH,,35.0,105.0,CH,2,"Georgia, United States",US,USGA,,32.9866,-83.6487,GA,20181005151500,Consult,Verbal cooperation
792381010,20181005,201810,CHN,CHINESE,CHN,,,,,,,,USA,WASHINGTON,USA,,,,,,,,1,182,182,18,4,-9.5,10,1,10,-7.69230769230769,1,China,CH,CH,,35.0,105.0,CH,3,"Washington, District of Columbia, United States",US,USDC,DC001,38.8951,-77.0364,531871,1,China,CH,CH,,35.0,105.0,CH,20181005153000,Assault,Material conflict
792381020,20181005,201810,CHNELI,CHINESE,CHN,,,,,ELI,,,USAMED,THE ASSOCIATED PRESS,USA,,,,,MED,,,1,040,040,04,1,1.0,6,1,6,-1.20481927710843,1,China,CH,CH,,35.0,105.0,CH,1,France,FR,FR,,46.0,2.0,FR,1,France,FR,FR,,46.0,2.0,FR,20181005153000,Consult,Verbal cooperation
792382509,20181005,201810,USA,KANSAS CITY,USA,,,,,,,,CHN,CHINESE,CHN,,,,,,,,1,017,017,01,1,0.0,10,1,10,3.15533980582524,4,"Yanan, Shaanxi, China",CH,CH26,13220,36.5989,109.492,-1935076,2,"Kansas, United States",US,USKS,,38.5111,-96.8005,KS,4,"Yanan, Shaanxi, China",CH,CH26,13220,36.5989,109.492,-1935076,20181005153000,Make public statement,Verbal cooperation
792382511,20181005,201810,USA,KANSAS,USA,,,,,,,,CHN,CHINESE,CHN,,,,,,,,1,051,051,05,1,3.4,6,1,6,3.15533980582524,2,"Kansas, United States",US,USKS,,38.5111,-96.8005,KS,4,"Yanan, Shaanxi, China",CH,CH26,13220,36.5989,109.492,-1935076,2,"Kansas, United States",US,USKS,,38.5111,-96.8005,KS,20181005153000,Engage in diplomatic cooperation,Verbal cooperation
792382748,20181005,201810,USAMED,THE ASSOCIATED PRESS,USA,,,,,MED,,,CHNELI,CHINESE,CHN,,,,,ELI,,,1,040,040,04,1,1.0,6,1,6,-1.20481927710843,1,France,FR,FR,,46.0,2.0,FR,1,China,CH,CH,,35.0,105.0,CH,1,France,FR,FR,,46.0,2.0,FR,20181005153000,Consult,Verbal cooperation
792387946,20181005,201810,CHN,CHINA,CHN,,,,,,,,USA,AMERICAN,USA,,,,,,,,1,020,020,02,1,3.0,6,1,6,1.02389078498293,4,"Shenzhen, Guangdong, China",CH,CH30,13036,22.2,111.117,-1925267,4,"Shenzhen, Guangdong, China",CH,CH30,13036,22.2,111.117,-1925267,4,"Shenzhen, Guangdong, China",CH,CH30,13036,22.2,111.117,-1925267,20181005160000,Appeal,Verbal cooperation
792402075,20181005,201810,MNCUSAMED,GOOGLE,USA,,,,,MNC,MED,,CHN,CHINA,CHN,,,,,,,,1,080,080,08,2,5.0,10,1,10,-1.86567164179104,1,China,CH,CH,,35.0,105.0,CH,1,China,CH,CH,,35.0,105.0,CH,1,China,CH,CH,,35.0,105.0,CH,20181005170000,Yield,Material cooperation
792407775,20181005,201810,CHN,CHINESE,CHN,,,,,,,,USABUS,PORTLAND,USA,,,,,BUS,,,1,190,190,19,4,-10.0,8,1,8,-2.95081967213115,1,China,CH,CH,,35.0,105.0,CH,1,China,CH,CH,,35.0,105.0,CH,1,China,CH,CH,,35.0,105.0,CH,20181005173000,Fight,Material conflict
792413933,20181005,201810,CHN,CHINA,CHN,,,,,,,,USAMED,REUTERS,USA,,,,,MED,,,1,182,182,18,4,-9.5,6,1,6,-9.18367346938776,5,"Gansu, Gansu, China",CH,CH15,13209,38.0,102.0,-1906131,5,"Gansu, Gansu, China",CH,CH15,13209,38.0,102.0,-1906131,5,"Gansu, Gansu, China",CH,CH15,13209,38.0,102.0,-1906131,20181005180000,Assault,Material conflict
792415175,20181005,201810,USA,LOS ANGELES,USA,,,,,,,,CHN,CHINA,CHN,,,,,,,,1,040,040,04,1,1.0,10,1,10,-6.97674418604651,3,"Los Angeles, California, United States",US,USCA,CA037,34.0522,-118.244,1662328,1,China,CH,CH,,35.0,105.0,CH,1,China,CH,CH,,35.0,105.0,CH,20181005180000,Consult,Verbal cooperation
792417074,20181005,201810,CHN,BEIJING,CHN,,,,,,,,USABUS,AMERICAN,USA,,,,,BUS,,,1,020,020,02,1,3.0,6,1,6,-2.84629981024668,4,"Beijing, Beijing, China",CH,CH22,13001,39.9289,116.388,-1898541,3,"Decatur, Washington, United States",US,USWA,WA055,48.5004,-122.82,1534563,4,"Beijing, Beijing, China",CH,CH22,13001,39.9289,116.388,-1898541,20181005181500,Appeal,Verbal cooperation
792418613,20181005,201810,USA,UNITED STATES,USA,,,,,,,,CHN,CHINA,CHN,,,,,,,,1,0841,084,08,2,7.0,8,1,8,-4.8469387755102,3,"Washington, District of Columbia, United States",US,USDC,DC001,38.8951,-77.0364,531871,4,"Beijing, Beijing, China",CH,CH22,13001,39.9289,116.388,-1898541,4,"Beijing, Beijing, China",CH,CH22,13001,39.9289,116.388,-1898541,20181005181500,Yield,Material cooperation
792418618,20181005,201810,USA,THE US,USA,,,,,,,,CHN,CHINA,CHN,,,,,,,,1,163,163,16,4,-8.0,8,1,8,-2.32018561484919,1,China,CH,CH,,35.0,105.0,CH,1,China,CH,CH,,35.0,105.0,CH,1,China,CH,CH,,35.0,105.0,CH,20181005181500,Reduce relations,Material conflict
792420248,20181005,201810,CHN,CHINESE,CHN,,,,,,,,USA,UNITED STATES,USA,,,,,,,,1,042,042,04,1,1.9,8,1,8,0.89020771513353,1,China,CH,CH,,35.0,105.0,CH,2,"Georgia, United States",US,USGA,,32.9866,-83.6487,GA,2,"Georgia, United States",US,USGA,,32.9866,-83.6487,GA,20181005183000,Consult,Verbal cooperation
792421667,20181005,201810,USA,AMERICAN,USA,,,,,,,,CHN,CHINESE,CHN,,,,,,,,1,036,036,03,1,4.0,6,1,6,4.01284109149278,1,United States,US,US,,39.828175,-98.5795,US,1,China,CH,CH,,35.0,105.0,CH,1,Singapore,SN,SN,,1.366667,103.8,SN,20181005183000,Express intent to cooperate,Verbal cooperation
792421668,20181005,201810,USA,WASHINGTON,USA,,,,,,,,CHN,BEIJING,CHN,,,,,,,,1,050,050,05,1,3.5,10,1,10,-0.28653295128939,4,"Brussels, Bruxelles-Capitale, Belgium",BE,BE11,5850,50.8333,4.33333,-1955538,4,"Brussels, Bruxelles-Capitale, Belgium",BE,BE11,5850,50.8333,4.33333,-1955538,4,"Brussels, Bruxelles-Capitale, Belgium",BE,BE11,5850,50.8333,4.33333,-1955538,20181005183000,Engage in diplomatic cooperation,Verbal cooperation
792430515,20181005,201810,USAGOV,US OFFICIAL,USA,,,,,GOV,,,CHN,CHINESE,CHN,,,,,,,,1,012,012,01,1,-0.4,10,1,10,-2.89655172413793,4,"Beijing, Beijing, China",CH,CH22,13001,39.9289,116.388,-1898541,4,"Beijing, Beijing, China",CH,CH22,13001,39.9289,116.388,-1898541,4,"Beijing, Beijing, China",CH,CH22,13001,39.9289,116.388,-1898541,20181005191500,Make public statement,Verbal cooperation
792437376,20181005,201810,CHN,CHINA,CHN,,,,,,,,USA,UNITED STATES,USA,,,,,,,,1,057,057,05,1,8.0,6,1,6,-4.32960893854749,4,"Beijing, Beijing, China",CH,CH22,13001,39.9289,116.388,-1898541,3,"White House, District of Columbia, United States",US,USDC,,38.8951,-77.0364,531871,3,"White House, District of Columbia, United States",US,USDC,,38.8951,-77.0364,531871,20181005200000,Engage in diplomatic cooperation,Verbal cooperation
792439128,20181005,201810,USA,UNITED STATES,USA,,,,,,,,CHN,CHINA,CHN,,,,,,,,1,057,057,05,1,8.0,8,1,8,-4.32960893854749,3,"Washington, District of Columbia, United States",US,USDC,DC001,38.8951,-77.0364,531871,3,"Washington, District of Columbia, United States",US,USDC,DC001,38.8951,-77.0364,531871,3,"Washington, District of Columbia, United States",US,USDC,DC001,38.8951,-77.0364,531871,20181005200000,Engage in diplomatic cooperation,Verbal cooperation
792439134,20181005,201810,USA,UNITED STATES,USA,,,,,,,,CHN,CHINA,CHN,,,,,,,,1,190,190,19,4,-10.0,6,1,6,-3.94557823129251,4,"Rome, Lazio, Italy",IT,IT07,18350,41.9,12.4833,-126693,4,"Rome, Lazio, Italy",IT,IT07,18350,41.9,12.4833,-126693,4,"Rome, Lazio, Italy",IT,IT07,18350,41.9,12.4833,-126693,20181005200000,Fight,Material conflict
792441664,20181005,201810,USA,AMERICAN,USA,,,,,,,,CHN,CHINA,CHN,,,,,,,,1,061,061,06,2,6.4,6,1,6,-5.1094890510949,3,"Washington, District of Columbia, United States",US,USDC,DC001,38.8951,-77.0364,531871,1,China,CH,CH,,35.0,105.0,CH,3,"Washington, District of Columbia, United States",US,USDC,DC001,38.8951,-77.0364,531871,20181005201500,Engage in material cooperation,Material cooperation
792441666,20181005,201810,USA,WASHINGTON,USA,,,,,,,,CHN,CHINA,CHN,,,,,,,,1,061,061,06,2,6.4,6,1,6,-5.1094890510949,1,China,CH,CH,,35.0,105.0,CH,1,China,CH,CH,,35.0,105.0,CH,1,China,CH,CH,,35.0,105.0,CH,20181005201500,Engage in material cooperation,Material cooperation
792442900,20181005,201810,CHN,CHINA,CHN,,,,,,,,USA,UNITED STATES,USA,,,,,,,,1,110,110,11,3,-2.0,6,1,6,-1.47710487444608,4,"Beijing, Beijing, China",CH,CH22,13001,39.9289,116.388,-1898541,3,"Washington, District of Columbia, United States",US,USDC,DC001,38.8951,-77.0364,531871,4,"Beijing, Beijing, China",CH,CH22,13001,39.9289,116.388,-1898541,20181005203000,Disapprove,Verbal conflict
792465013,20181005,201810,CHN,SHANGHAI,CHN,,,,,,,,USA,NEW YORK CITY,USA,,,,,,,,1,042,042,04,1,1.9,8,1,8,2.22222222222222,4,"Shanghai, Shanghai, China",CH,CH23,13243,31.2222,121.458,-1924465,2,"New York, United States",US,USNY,,42.1497,-74.9384,NY,2,"New York, United States",US,USNY,,42.1497,-74.9384,NY,20181005224500,Consult,Verbal cooperation
792465934,20181005,201810,USA,NEW YORK CITY,USA,,,,,,,,CHN,SHANGHAI,CHN,,,,,,,,1,043,043,04,1,2.8,8,1,8,2.22222222222222,2,"New York, United States",US,USNY,,42.1497,-74.9384,NY,4,"Shanghai, Shanghai, China",CH,CH23,13243,31.2222,121.458,-1924465,2,"New York, United States",US,USNY,,42.1497,-74.9384,NY,20181005224500,Consult,Verbal cooperation
792473245,20171005,201710,CHNGOVMED,CHINESE,CHN,,,,,GOV,MED,,USAMIL,THE US,USA,,,,,MIL,,,1,111,111,11,3,-2.0,8,1,8,-4.40476190476191,4,"Lanzhou, Gansu, China",CH,CH15,13026,36.0564,103.792,-1914139,4,"Lanzhou, Gansu, China",CH,CH15,13026,36.0564,103.792,-1914139,4,"Lanzhou, Gansu, China",CH,CH15,13026,36.0564,103.792,-1914139,20181005234500,Disapprove,Verbal conflict
792473583,20181005,201810,CHN,CHINA,CHN,,,,,,,,USA,UNITED STATES,USA,,,,,,,,1,043,043,04,1,2.8,6,1,6,-4.40476190476191,4,"Beijing, Beijing, China",CH,CH22,13001,39.9289,116.388,-1898541,3,"Decatur, Washington, United States",US,USWA,WA055,48.5004,-122.82,1534563,4,"Beijing, Beijing, China",CH,CH22,13001,39.9289,116.388,-1898541,20181005234500,Consult,Verbal cooperation
792474487,20181005,201810,USA,UNITED STATES,USA,,,,,,,,CHN,CHINA,CHN,,,,,,,,1,042,042,04,1,1.9,8,1,8,-4.40476190476191,2,"Washington, United States",US,USWA,,47.3917,-121.571,WA,2,"Washington, United States",US,USWA,,47.3917,-121.571,WA,2,"Washington, United States",US,USWA,,47.3917,-121.571,WA,20181005234500,Consult,Verbal cooperation
792474488,20181005,201810,USA,OHIO,USA,,,,,,,,CHN,CANTON,CHN,,,,,,,,1,112,112,11,3,-2.0,10,1,10,-6.87830687830688,2,"Ohio, United States",US,USOH,,40.3736,-82.7755,OH,1,China,CH,CH,,35.0,105.0,CH,1,China,CH,CH,,35.0,105.0,CH,20181005234500,Disapprove,Verbal conflict
792474489,20181005,201810,USA,UNITED STATES,USA,,,,,,,,CHN,CHINA,CHN,,,,,,,,1,120,120,12,3,-4.0,6,1,6,-4.40476190476191,3,"Decatur, Washington, United States",US,USWA,WA055,48.5004,-122.82,1534563,4,"Beijing, Beijing, China",CH,CH22,13001,39.9289,116.388,-1898541,4,"Beijing, Beijing, China",CH,CH22,13001,39.9289,116.388,-1898541,20181005234500,Reject,Verbal conflict
792482420,20181006,201810,USA,WASHINGTON,USA,,,,,,,,CHN,CHINA,CHN,,,,,,,,1,031,031,03,1,5.2,10,1,10,-3.05498981670061,4,"Beijing, Beijing, China",CH,CH22,13001,39.9289,116.388,-1898541,4,"Beijing, Beijing, China",CH,CH22,13001,39.9289,116.388,-1898541,4,"Beijing, Beijing, China",CH,CH22,13001,39.9289,116.388,-1898541,20181006001500,Express intent to cooperate,Verbal cooperation
792482430,20181006,201810,USA,UNITED STATES,USA,,,,,,,,CHN,CHINESE,CHN,,,,,,,,1,112,112,11,3,-2.0,6,2,6,-3.4584170848697,4,"Beijing, Beijing, China",CH,CH22,13001,39.9289,116.388,-1898541,4,"Beijing, Beijing, China",CH,CH22,13001,39.9289,116.388,-1898541,4,"Beijing, Beijing, China",CH,CH22,13001,39.9289,116.388,-1898541,20181006001500,Disapprove,Verbal conflict
792482432,20181006,201810,USA,AMERICAN,USA,,,,,,,,CHNGOV,CHINESE,CHN,,,,,GOV,,,1,112,112,11,3,-2.0,6,1,6,-3.05498981670061,3,"Washington, District of Columbia, United States",US,USDC,DC001,38.8951,-77.0364,531871,4,"Beijing, Beijing, China",CH,CH22,13001,39.9289,116.388,-1898541,4,"Beijing, Beijing, China",CH,CH22,13001,39.9289,116.388,-1898541,20181006001500,Disapprove,Verbal conflict
792493572,20181006,201810,CHN,CHINA,CHN,,,,,,,,USA,AMERICAN,USA,,,,,,,,1,130,130,13,3,-4.4,8,1,8,-5.52486187845304,1,United States,US,US,,39.828175,-98.5795,US,1,United States,US,US,,39.828175,-98.5795,US,1,United States,US,US,,39.828175,-98.5795,US,20181006011500,Threaten,Verbal conflict
792499953,20181006,201810,CHN,CHINA,CHN,,,,,,,,USA,UNITED STATES,USA,,,,,,,,1,057,057,05,1,8.0,6,1,6,1.85873605947955,1,China,CH,CH,,35.0,105.0,CH,3,"Kinghill, New York, United States",US,USNY,NY107,42.2037,-76.1055,954633,3,"Kinghill, New York, United States",US,USNY,NY107,42.2037,-76.1055,954633,20181006014500,Engage in diplomatic cooperation,Verbal cooperation
792501208,20181006,201810,USA,UNITED STATES,USA,,,,,,,,CHN,CHINA,CHN,,,,,,,,1,057,057,05,1,8.0,6,1,6,1.85873605947955,3,"Kinghill, New York, United States",US,USNY,NY107,42.2037,-76.1055,954633,1,China,CH,CH,,35.0,105.0,CH,3,"Kinghill, New York, United States",US,USNY,NY107,42.2037,-76.1055,954633,20181006014500,Engage in diplomatic cooperation,Verbal cooperation
792501210,20181006,201810,USA,THE US,USA,,,,,,,,CHN,CHINA,CHN,,,,,,,,1,112,112,11,3,-2.0,10,1,10,-4.71380471380471,1,China,CH,CH,,35.0,105.0,CH,1,China,CH,CH,,35.0,105.0,CH,1,China,CH,CH,,35.0,105.0,CH,20181006014500,Disapprove,Verbal conflict
792502565,20181006,201810,CHN,CHINA,CHN,,,,,,,,USA,WASHINGTON,USA,,,,,,,,1,040,040,04,1,1.0,6,1,6,-0.78849721706865,4,"Beijing, Beijing, China",CH,CH22,13001,39.9289,116.388,-1898541,3,"Washington, District of Columbia, United States",US,USDC,DC001,38.8951,-77.0364,531871,3,"Washington, District of Columbia, United States",US,USDC,DC001,38.8951,-77.0364,531871,20181006020000,Consult,Verbal cooperation
792503663,20181006,201810,USA,WASHINGTON,USA,,,,,,,,CHN,CHINA,CHN,,,,,,,,1,040,040,04,1,1.0,6,1,6,-0.78849721706865,1,Japan,JA,JA,,36.0,138.0,JA,1,Japan,JA,JA,,36.0,138.0,JA,1,Japan,JA,JA,,36.0,138.0,JA,20181006020000,Consult,Verbal cooperation
792505814,20181006,201810,USA,UNITED STATES,USA,,,,,,,,CHN,CHINA,CHN,,,,,,,,1,190,190,19,4,-10.0,6,1,6,-3.74331550802139,4,"Rome, Lazio, Italy",IT,IT07,18350,41.9,12.4833,-126693,4,"Rome, Lazio, Italy",IT,IT07,18350,41.9,12.4833,-126693,4,"Rome, Lazio, Italy",IT,IT07,18350,41.9,12.4833,-126693,20181006021500,Fight,Material conflict
792507876,20181006,201810,USA,WASHINGTON,USA,,,,,,,,CHN,CHINA,CHN,,,,,,,,1,010,010,01,1,0.0,7,1,7,1.20627261761158,3,"Washington, District of Columbia, United States",US,USDC,DC001,38.8951,-77.0364,531871,4,"Beijing, Beijing, China",CH,CH22,13001,39.9289,116.388,-1898541,4,"Beijing, Beijing, China",CH,CH22,13001,39.9289,116.388,-1898541,20181006023000,Make public statement,Verbal cooperation
792508810,20181006,201810,CHN,CHINA,CHN,,,,,,,,USAGOV,US OFFICIAL,USA,,,,,GOV,,,1,050,050,05,1,3.5,8,2,8,-2.14848840935798,4,"Beijing, Beijing, China",CH,CH22,13001,39.9289,116.388,-1898541,4,"Beijing, Beijing, China",CH,CH22,13001,39.9289,116.388,-1898541,4,"Beijing, Beijing, China",CH,CH22,13001,39.9289,116.388,-1898541,20181006024500,Engage in diplomatic cooperation,Verbal cooperation
792509831,20181006,201810,USA,UNITED STATES,USA,,,,,,,,CHN,CHINA,CHN,,,,,,,,1,013,013,01,1,0.4,12,2,12,-2.14848840935798,2,"New York, United States",US,USNY,,42.1497,-74.9384,NY,4,"Beijing, Beijing, China",CH,CH22,13001,39.9289,116.388,-1898541,2,"New York, United States",US,USNY,,42.1497,-74.9384,NY,20181006024500,Make public statement,Verbal cooperation
792509832,20181006,201810,USA,UNITED STATES,USA,,,,,,,,CHN,CHINA,CHN,,,,,,,,1,030,030,03,1,4.0,8,2,8,-2.14848840935798,2,"New York, United States",US,USNY,,42.1497,-74.9384,NY,4,"Beijing, Beijing, China",CH,CH22,13001,39.9289,116.388,-1898541,4,"Beijing, Beijing, China",CH,CH22,13001,39.9289,116.388,-1898541,20181006024500,Express intent to cooperate,Verbal cooperation
792512076,20181006,201810,USA,UNITED STATES,USA,,,,,,,,CHN,CHINA,CHN,,,,,,,,1,013,013,01,1,0.4,12,2,12,-2.17000162775556,3,"Washington, District of Columbia, United States",US,USDC,DC001,38.8951,-77.0364,531871,4,"Beijing, Beijing, China",CH,CH22,13001,39.9289,116.388,-1898541,3,"Washington, District of Columbia, United States",US,USDC,DC001,38.8951,-77.0364,531871,20181006030000,Make public statement,Verbal cooperation
792512077,20181006,201810,USA,UNITED STATES,USA,,,,,,,,CHN,CHINA,CHN,,,,,,,,1,030,030,03,1,4.0,8,2,8,-2.17000162775556,3,"Washington, District of Columbia, United States",US,USDC,DC001,38.8951,-77.0364,531871,4,"Beijing, Beijing, China",CH,CH22,13001,39.9289,116.388,-1898541,4,"Beijing, Beijing, China",CH,CH22,13001,39.9289,116.388,-1898541,20181006030000,Express intent to cooperate,Verbal cooperation
792512080,20181006,201810,USA,WASHINGTON,USA,,,,,,,,CHN,CHINA,CHN,,,,,,,,1,111,111,11,3,-2.0,8,1,8,-5.21042084168335,3,"Washington, District of Columbia, United States",US,USDC,DC001,38.8951,-77.0364,531871,4,"Shigen, Guangdong, China",CH,CH30,13048,22.5348,111.311,10322008,4,"Shigen, Guangdong, China",CH,CH30,13048,22.5348,111.311,10322008,20181006030000,Disapprove,Verbal conflict
792512081,20181006,201810,USA,OHIO,USA,,,,,,,,CHN,CANTON,CHN,,,,,,,,1,112,112,11,3,-2.0,10,1,10,-7.0,2,"Ohio, United States",US,USOH,,40.3736,-82.7755,OH,1,China,CH,CH,,35.0,105.0,CH,1,China,CH,CH,,35.0,105.0,CH,20181006030000,Disapprove,Verbal conflict
792518727,20181006,201810,CHN,CHINESE,CHN,,,,,,,,USA,UNITED STATES,USA,,,,,,,,1,010,010,01,1,0.0,12,1,12,-2.34986945169713,4,"Beijing, Beijing, China",CH,CH22,13001,39.9289,116.388,-1898541,4,"Beijing, Beijing, China",CH,CH22,13001,39.9289,116.388,-1898541,4,"Beijing, Beijing, China",CH,CH22,13001,39.9289,116.388,-1898541,20181006040000,Make public statement,Verbal cooperation
792518730,20181006,201810,CHN,CHINA,CHN,,,,,,,,USA,A US,USA,,,,,,,,1,060,060,06,2,6.0,6,1,6,0.10493179433368,4,"Lianyungang, Jiangsu, China",CH,CH04,13150,34.7319,119.442,-1914881,4,"Lianyungang, Jiangsu, China",CH,CH04,13150,34.7319,119.442,-1914881,4,"Lianyungang, Jiangsu, China",CH,CH04,13150,34.7319,119.442,-1914881,20181006040000,Engage in material cooperation,Material cooperation
792523455,20181006,201810,USABUS,UNITED STATES,USA,,,,,BUS,,,CHN,BEIJING,CHN,,,,,,,,1,080,080,08,2,5.0,6,1,6,-5.19323671497585,2,"Washington, United States",US,USWA,,47.3917,-121.571,WA,4,"Beijing, Beijing, China",CH,CH22,13001,39.9289,116.388,-1898541,2,"Washington, United States",US,USWA,,47.3917,-121.571,WA,20181006043000,Yield,Material cooperation
792523456,20181006,201810,USABUS,UNITED STATES,USA,,,,,BUS,,,CHN,BEIJING,CHN,,,,,,,,1,112,112,11,3,-2.0,8,1,8,-5.19323671497585,4,"Beijing, Beijing, China",CH,CH22,13001,39.9289,116.388,-1898541,4,"Beijing, Beijing, China",CH,CH22,13001,39.9289,116.388,-1898541,4,"Beijing, Beijing, China",CH,CH22,13001,39.9289,116.388,-1898541,20181006043000,Disapprove,Verbal conflict
792526987,20181006,201810,USA,UNITED STATES,USA,,,,,,,,CHN,CHINA,CHN,,,,,,,,1,013,013,01,1,0.4,10,1,10,-5.91397849462365,4,"Lingnan, Guangdong, China",CH,CH30,13034,22.4285,112.857,10317483,4,"Lingnan, Guangdong, China",CH,CH30,13034,22.4285,112.857,10317483,4,"Lingnan, Guangdong, China",CH,CH30,13034,22.4285,112.857,10317483,20181006050000,Make public statement,Verbal cooperation
792533809,20180906,201809,USA,THE US,USA,,,,,,,,CHN,CHINA,CHN,,,,,,,,1,163,163,16,4,-8.0,6,1,6,-0.9922822491731,1,China,CH,CH,,35.0,105.0,CH,1,China,CH,CH,,35.0,105.0,CH,1,China,CH,CH,,35.0,105.0,CH,20181006061500,Reduce relations,Material conflict
792537912,20181006,201810,CHN,CHINESE,CHN,,,,,,,,USA,UNITED STATES,USA,,,,,,,,1,046,046,04,1,7.0,10,1,10,-3.25925925925926,4,"Beijing, Beijing, China",CH,CH22,13001,39.9289,116.388,-1898541,3,"Washington, District of Columbia, United States",US,USDC,DC001,38.8951,-77.0364,531871,3,"Washington, District of Columbia, United States",US,USDC,DC001,38.8951,-77.0364,531871,20181006064500,Consult,Verbal cooperation
792537913,20181006,201810,CHN,CHINA,CHN,,,,,,,,USA,UNITED STATES,USA,,,,,,,,1,190,190,19,4,-10.0,10,1,10,-0.29455081001472,1,China,CH,CH,,35.0,105.0,CH,3,"Washington, District of Columbia, United States",US,USDC,DC001,38.8951,-77.0364,531871,3,"Washington, District of Columbia, United States",US,USDC,DC001,38.8951,-77.0364,531871,20181006064500,Fight,Material conflict
792538777,20181006,201810,USA,UNITED STATES,USA,,,,,,,,CHN,CHINESE,CHN,,,,,,,,1,046,046,04,1,7.0,10,1,10,-3.25925925925926,3,"Washington, District of Columbia, United States",US,USDC,DC001,38.8951,-77.0364,531871,4,"Beijing, Beijing, China",CH,CH22,13001,39.9289,116.388,-1898541,3,"Washington, District of Columbia, United States",US,USDC,DC001,38.8951,-77.0364,531871,20181006064500,Consult,Verbal cooperation
792538779,20181006,201810,USA,UNITED STATES,USA,,,,,,,,CHN,CHINA,CHN,,,,,,,,1,190,190,19,4,-10.0,10,1,10,-0.29455081001472,3,"Washington, District of Columbia, United States",US,USDC,DC001,38.8951,-77.0364,531871,1,China,CH,CH,,35.0,105.0,CH,3,"Washington, District of Columbia, United States",US,USDC,DC001,38.8951,-77.0364,531871,20181006064500,Fight,Material conflict
792540489,20181006,201810,MNCUSA,APPLE INC,USA,,,,,MNC,,,CHNSPY,CHINESE,CHN,,,,,SPY,,,1,016,016,01,1,-2.0,6,1,6,-3.52941176470589,4,"Beijing, Beijing, China",CH,CH22,13001,39.9289,116.388,-1898541,4,"Beijing, Beijing, China",CH,CH22,13001,39.9289,116.388,-1898541,4,"Beijing, Beijing, China",CH,CH22,13001,39.9289,116.388,-1898541,20181006070000,Make public statement,Verbal cooperation
792541684,20181006,201810,CHN,CHINA,CHN,,,,,,,,USAMED,REUTERS,USA,,,,,MED,,,1,043,043,04,1,2.8,6,1,6,-7.02479338842975,1,China,CH,CH,,35.0,105.0,CH,1,France,FR,FR,,46.0,2.0,FR,1,France,FR,FR,,46.0,2.0,FR,20181006071500,Consult,Verbal cooperation
792542401,20181006,201810,USA,THE US,USA,,,,,,,,CHN,CHINA,CHN,,,,,,,,1,061,061,06,2,6.4,6,1,6,1.97238658777121,1,China,CH,CH,,35.0,105.0,CH,1,"Vietnam, Republic Of",VM,VM,,16.166667,107.833333,VM,1,Brazil,BR,BR,,-10.0,-55.0,BR,20181006071500,Engage in material cooperation,Material cooperation
792542498,20181006,201810,USAMED,REUTERS,USA,,,,,MED,,,CHN,CHINA,CHN,,,,,,,,1,042,042,04,1,1.9,6,1,6,-7.02479338842975,1,France,FR,FR,,46.0,2.0,FR,1,China,CH,CH,,35.0,105.0,CH,1,France,FR,FR,,46.0,2.0,FR,20181006071500,Consult,Verbal cooperation
792547129,20181006,201810,CHN,CHINA,CHN,,,,,,,,USAMED,REUTERS,USA,,,,,MED,,,1,043,043,04,1,2.8,6,1,6,-5.96491228070175,4,"Beijing, Beijing, China",CH,CH22,13001,39.9289,116.388,-1898541,1,France,FR,FR,,46.0,2.0,FR,1,France,FR,FR,,46.0,2.0,FR,20181006080000,Consult,Verbal cooperation
792548077,20181006,201810,USAMED,REUTERS,USA,,,,,MED,,,CHN,CHINA,CHN,,,,,,,,1,042,042,04,1,1.9,6,1,6,-5.96491228070175,1,France,FR,FR,,46.0,2.0,FR,4,"Beijing, Beijing, China",CH,CH22,13001,39.9289,116.388,-1898541,1,France,FR,FR,,46.0,2.0,FR,20181006080000,Consult,Verbal cooperation
792549770,20181006,201810,USA,THE US,USA,,,,,,,,CHN,CHINA,CHN,,,,,,,,1,061,061,06,2,6.4,6,1,6,2.25352112676057,1,China,CH,CH,,35.0,105.0,CH,1,China,CH,CH,,35.0,105.0,CH,1,Brazil,BR,BR,,-10.0,-55.0,BR,20181006081500,Engage in material cooperation,Material cooperation
792550884,20181006,201810,CHN,BEIJING,CHN,,,,,,,,USA,THE US,USA,,,,,,,,1,1123,112,11,3,-2.0,8,1,8,-5.12333965844402,4,"Beijing, Beijing, China",CH,CH22,13001,39.9289,116.388,-1898541,4,"Beijing, Beijing, China",CH,CH22,13001,39.9289,116.388,-1898541,4,"Beijing, Beijing, China",CH,CH22,13001,39.9289,116.388,-1898541,20181006083000,Disapprove,Verbal conflict
792551616,20181006,201810,USAMIL,THE US,USA,,,,,MIL,,,CHN,CHINA,CHN,,,,,,,,1,020,020,02,1,3.0,10,1,10,-5.12333965844402,4,"Moscow, Moskva, Russia",RS,RS48,25106,55.7522,37.6156,-2960561,4,"Moscow, Moskva, Russia",RS,RS48,25106,55.7522,37.6156,-2960561,4,"Moscow, Moskva, Russia",RS,RS48,25106,55.7522,37.6156,-2960561,20181006083000,Appeal,Verbal cooperation
792551617,20181006,201810,USAMIL,THE US,USA,,,,,MIL,,,CHN,CHINA,CHN,,,,,,,,1,151,151,15,4,-7.2,10,1,10,-5.12333965844402,4,"Beijing, Beijing, China",CH,CH22,13001,39.9289,116.388,-1898541,4,"Beijing, Beijing, China",CH,CH22,13001,39.9289,116.388,-1898541,4,"Beijing, Beijing, China",CH,CH22,13001,39.9289,116.388,-1898541,20181006083000,Exhibit force posture,Material conflict
792563103,20181006,201810,USAGOV,THE US,USA,,,,,GOV,,,CHN,BEIJING,CHN,,,,,,,,1,036,036,03,1,4.0,7,1,7,-0.24038461538462,4,"Seoul, Soul-t'ukpyolsi, South Korea",KS,KS11,24984,37.5664,127.0,-716583,4,"Beijing, Beijing, China",CH,CH22,13001,39.9289,116.388,-1898541,4,"Beijing, Beijing, China",CH,CH22,13001,39.9289,116.388,-1898541,20181006101500,Express intent to cooperate,Verbal cooperation
792573332,20181006,201810,USA,WASHINGTON,USA,,,,,,,,CHN,CHINESE,CHN,,,,,,,,1,071,071,07,2,7.4,7,1,7,-2.37388724035608,4,"Beijing, Beijing, China",CH,CH22,13001,39.9289,116.388,-1898541,4,"Beijing, Beijing, China",CH,CH22,13001,39.9289,116.388,-1898541,4,"Beijing, Beijing, China",CH,CH22,13001,39.9289,116.388,-1898541,20181006114500,Provide aid,Material cooperation
792582314,20181006,201810,USAGOVMIL,UNITED STATES,USA,,,,,GOV,MIL,,CHN,CHINESE,CHN,,,,,,,,1,013,013,01,1,0.4,8,1,8,-2.11267605633802,3,"White House, District of Columbia, United States",US,USDC,,38.8951,-77.0364,531871,3,"White House, District of Columbia, United States",US,USDC,,38.8951,-77.0364,531871,3,"White House, District of Columbia, United States",US,USDC,,38.8951,-77.0364,531871,20181006130000,Make public statement,Verbal cooperation
792585878,20181006,201810,USA,WASHINGTON,USA,,,,,,,,CHN,CHINA,CHN,,,,,,,,1,111,111,11,3,-2.0,8,1,8,-5.55555555555556,3,"Washington, District of Columbia, United States",US,USDC,DC001,38.8951,-77.0364,531871,4,"Beijing, Beijing, China",CH,CH22,13001,39.9289,116.388,-1898541,4,"Beijing, Beijing, China",CH,CH22,13001,39.9289,116.388,-1898541,20181006133000,Disapprove,Verbal conflict
792589631,20181006,201810,USA,WASHINGTON,USA,,,,,,,,CHNEDU,BEIJING,CHN,,,,,EDU,,,1,112,112,11,3,-2.0,6,1,6,-6.2111801242236,4,"Beijing, Beijing, China",CH,CH22,13001,39.9289,116.388,-1898541,4,"Beijing, Beijing, China",CH,CH22,13001,39.9289,116.388,-1898541,4,"Beijing, Beijing, China",CH,CH22,13001,39.9289,116.388,-1898541,20181006140000,Disapprove,Verbal conflict
792589632,20181006,201810,USA,WASHINGTON,USA,,,,,,,,CHNEDU,CHINESE,CHN,,,,,EDU,,,1,112,112,11,3,-2.0,6,1,6,-2.37020316027088,3,"Washington, District of Columbia, United States",US,USDC,DC001,38.8951,-77.0364,531871,5,"Inner Mongolia, Nei Mongol, China",CH,CH20,13198,44.0,112.0,-1920094,5,"Inner Mongolia, Nei Mongol, China",CH,CH20,13198,44.0,112.0,-1920094,20181006140000,Disapprove,Verbal conflict
792593288,20181006,201810,USAMIL,THE US,USA,,,,,MIL,,,CHN,CHINESE,CHN,,,,,,,,1,130,130,13,3,-4.4,6,1,6,-1.83908045977012,4,"Philippine, Benguet, Philippines",RP,RP10,24213,16.45,120.55,-2445611,1,China,CH,CH,,35.0,105.0,CH,4,"Philippine, Benguet, Philippines",RP,RP10,24213,16.45,120.55,-2445611,20181006143000,Threaten,Verbal conflict
792598597,20181006,201810,MNCUSA,ISHARES,USA,,,,,MNC,,,CHN,CHINA,CHN,,,,,,,,1,080,080,08,2,5.0,10,1,10,-0.516795865633075,1,China,CH,CH,,35.0,105.0,CH,1,China,CH,CH,,35.0,105.0,CH,1,China,CH,CH,,35.0,105.0,CH,20181006151500,Yield,Material cooperation
792599919,20181006,201810,CHN,CHINA,CHN,,,,,,,,USA,UNITED STATES,USA,,,,,,,,1,111,111,11,3,-2.0,10,1,10,-4.58715596330275,4,"Beijing, Beijing, China",CH,CH22,13001,39.9289,116.388,-1898541,4,"Beijing, Beijing, China",CH,CH22,13001,39.9289,116.388,-1898541,4,"Beijing, Beijing, China",CH,CH22,13001,39.9289,116.388,-1898541,20181006153000,Disapprove,Verbal conflict
792599921,20181006,201810,CHN,CHINA,CHN,,,,,,,,USAMED,REUTERS,USA,,,,,MED,,,1,043,043,04,1,2.8,6,1,6,-7.16723549488055,1,China,CH,CH,,35.0,105.0,CH,4,"Paris, France (general), France",FR,FR00,16282,48.8667,2.33333,-1456928,4,"Paris, France (general), France",FR,FR00,16282,48.8667,2.33333,-1456928,20181006153000,Consult,Verbal cooperation
792600851,20181006,201810,USAMED,REUTERS,USA,,,,,MED,,,CHN,CHINA,CHN,,,,,,,,1,042,042,04,1,1.9,6,1,6,-7.16723549488055,4,"Paris, France (general), France",FR,FR00,16282,48.8667,2.33333,-1456928,1,China,CH,CH,,35.0,105.0,CH,4,"Paris, France (general), France",FR,FR00,16282,48.8667,2.33333,-1456928,20181006153000,Consult,Verbal cooperation
792604291,20181006,201810,USA,THE US,USA,,,,,,,,CHN,CHINESE,CHN,,,,,,,,1,071,071,07,2,7.4,6,1,6,1.77383592017738,4,"Cairo, Al Qahirah, Egypt",EG,EG11,65350,30.05,31.25,-290692,4,"Cairo, Al Qahirah, Egypt",EG,EG11,65350,30.05,31.25,-290692,4,"Cairo, Al Qahirah, Egypt",EG,EG11,65350,30.05,31.25,-290692,20181006160000,Provide aid,Material cooperation
792605514,20181006,201810,CHN,CHINA,CHN,,,,,,,,USA,UNITED STATES,USA,,,,,,,,1,190,190,19,4,-10.0,6,1,6,-1.13493064312737,4,"Zhongya, Jiangsu, China",CH,CH04,13156,33.675,118.417,-3862629,1,United States,US,US,,39.828175,-98.5795,US,1,United States,US,US,,39.828175,-98.5795,US,20181006161500,Fight,Material conflict
792605516,20181006,201810,CHN,CHINESE,CHN,,,,,,,,USAGOV,THE US,USA,,,,,GOV,,,1,061,061,06,2,6.4,10,1,10,-1.13493064312737,4,"Beijing, Beijing, China",CH,CH22,13001,39.9289,116.388,-1898541,4,"Beijing, Beijing, China",CH,CH22,13001,39.9289,116.388,-1898541,4,"Beijing, Beijing, China",CH,CH22,13001,39.9289,116.388,-1898541,20181006161500,Engage in material cooperation,Material cooperation
792606443,20181006,201810,USA,UNITED STATES,USA,,,,,,,,CHN,CHINA,CHN,,,,,,,,1,190,190,19,4,-10.0,10,1,10,-1.13493064312737,4,"Beijing, Beijing, China",CH,CH22,13001,39.9289,116.388,-1898541,4,"Beijing, Beijing, China",CH,CH22,13001,39.9289,116.388,-1898541,4,"Beijing, Beijing, China",CH,CH22,13001,39.9289,116.388,-1898541,20181006161500,Fight,Material conflict
792609726,20181006,201810,CHN,CHINESE,CHN,,,,,,,,USA,UNITED STATES,USA,,,,,,,,1,180,180,18,4,-9.0,6,1,6,-6.17469879518072,4,"Seoul, Soul-t'ukpyolsi, South Korea",KS,KS11,24984,37.5664,127.0,-716583,4,"Seoul, Soul-t'ukpyolsi, South Korea",KS,KS11,24984,37.5664,127.0,-716583,4,"Seoul, Soul-t'ukpyolsi, South Korea",KS,KS11,24984,37.5664,127.0,-716583,20181006164500,Assault,Material conflict
792623585,20181006,201810,MNCUSAMED,GOOGLE,USA,,,,,MNC,MED,,CHN,CHINA,CHN,,,,,,,,1,012,012,01,1,-0.4,10,1,10,-2.38095238095238,3,"Washington, District of Columbia, United States",US,USDC,DC001,38.8951,-77.0364,531871,3,"Washington, District of Columbia, United States",US,USDC,DC001,38.8951,-77.0364,531871,3,"Washington, District of Columbia, United States",US,USDC,DC001,38.8951,-77.0364,531871,20181006184500,Make public statement,Verbal cooperation
792623587,20181006,201810,MNCUSAMED,GOOGLE,USA,,,,,MNC,MED,,CHN,CHINA,CHN,,,,,,,,1,090,090,09,2,-2.0,8,1,8,-2.38095238095238,1,China,CH,CH,,35.0,105.0,CH,1,China,CH,CH,,35.0,105.0,CH,1,China,CH,CH,,35.0,105.0,CH,20181006184500,Investigate,Material cooperation
792625046,20181006,201810,MNCUSAMED,GOOGLE,USA,,,,,MNC,MED,,CHN,CHINA,CHN,,,,,,,,1,051,051,05,1,3.4,10,1,10,-0.91145833333334,1,China,CH,CH,,35.0,105.0,CH,1,China,CH,CH,,35.0,105.0,CH,1,China,CH,CH,,35.0,105.0,CH,20181006190000,Engage in diplomatic cooperation,Verbal cooperation
792633732,20181006,201810,MNCUSA,BOEING,USA,,,,,MNC,,,CHNBUS,CHINA,CHN,,,,,BUS,,,1,071,071,07,2,7.4,6,1,6,2.02312138728324,1,Afghanistan,AF,AF,,33.0,66.0,AF,1,Afghanistan,AF,AF,,33.0,66.0,AF,1,Afghanistan,AF,AF,,33.0,66.0,AF,20181006203000,Provide aid,Material cooperation
792634757,20181006,201810,CHN,CHINA,CHN,,,,,,,,USA,UNITED STATES,USA,,,,,,,,1,190,190,19,4,-10.0,6,1,6,-0.18484288354898,1,China,CH,CH,,35.0,105.0,CH,1,China,CH,CH,,35.0,105.0,CH,1,China,CH,CH,,35.0,105.0,CH,20181006204500,Fight,Material conflict
792635362,20181006,201810,USA,UNITED STATES,USA,,,,,,,,CHN,CHINA,CHN,,,,,,,,1,190,190,19,4,-10.0,6,1,6,-0.18484288354898,3,"San Diego, California, United States",US,USCA,CA073,32.7153,-117.157,1661377,1,China,CH,CH,,35.0,105.0,CH,3,"San Diego, California, United States",US,USCA,,32.7153,-117.157,1661377,20181006204500,Fight,Material conflict
792639196,20181006,201810,CHN,CHINA,CHN,,,,,,,,USA,AMERICAN,USA,,,,,,,,1,051,051,05,1,3.4,10,1,10,-4.50236966824644,1,China,CH,CH,,35.0,105.0,CH,1,United States,US,US,,39.828175,-98.5795,US,1,China,CH,CH,,35.0,105.0,CH,20181006213000,Engage in diplomatic cooperation,Verbal cooperation
792639779,20181006,201810,USA,UNITED STATES,USA,,,,,,,,CHN,CHINESE,CHN,,,,,,,,1,050,050,05,1,3.5,10,1,10,-4.50236966824644,1,China,CH,CH,,35.0,105.0,CH,1,China,CH,CH,,35.0,105.0,CH,1,China,CH,CH,,35.0,105.0,CH,20181006213000,Engage in diplomatic cooperation,Verbal cooperation
792647673,20180929,201809,CHN,CHINA,CHN,,,,,,,,USA,TAMPA,USA,,,,,,,,1,043,043,04,1,2.8,6,1,6,3.63636363636364,1,China,CH,CH,,35.0,105.0,CH,1,China,CH,CH,,35.0,105.0,CH,1,China,CH,CH,,35.0,105.0,CH,20181006230000,Consult,Verbal cooperation
792647685,20180929,201809,USA,TAMPA,USA,,,,,,,,CHN,CHINA,CHN,,,,,,,,1,042,042,04,1,1.9,6,1,6,3.63636363636364,4,"Melbourne, Victoria, Australia",AS,AS07,5430,-37.8167,144.967,-1586844,4,"Melbourne, Victoria, Australia",AS,AS07,5430,-37.8167,144.967,-1586844,4,"Melbourne, Victoria, Australia",AS,AS07,5430,-37.8167,144.967,-1586844,20181006230000,Consult,Verbal cooperation
792652903,20181006,201810,USA,THE US,USA,,,,,,,,CHN,CHINA,CHN,,,,,,,,1,150,150,15,4,-7.2,10,1,10,-5.9190031152648,1,China,CH,CH,,35.0,105.0,CH,1,China,CH,CH,,35.0,105.0,CH,1,China,CH,CH,,35.0,105.0,CH,20181006234500,Exhibit force posture,Material conflict
792664757,20181007,201810,USA,WASHINGTON,USA,,,,,,,,CHN,CHINESE,CHN,,,,,,,,1,071,071,07,2,7.4,8,1,8,-2.3542600896861,4,"Beijing, Beijing, China",CH,CH22,13001,39.9289,116.388,-1898541,4,"Beijing, Beijing, China",CH,CH22,13001,39.9289,116.388,-1898541,4,"Beijing, Beijing, China",CH,CH22,13001,39.9289,116.388,-1898541,20181007004500,Provide aid,Material cooperation
792669404,20181007,201810,CHN,CHINA,CHN,,,,,,,,USA,THE US,USA,,,,,,,,1,110,110,11,3,-2.0,6,1,6,-2.51572327044025,4,"Hainan, Hainan, China",CH,CH31,13072,18.9394,109.484,6025157,4,"Scarborough Shoal, Philippines (general), Philippines",RP,RP00,25318,15.1333,117.767,-2452628,4,"Scarborough Shoal, Philippines (general), Philippines",RP,RP00,25318,15.1333,117.767,-2452628,20181007013000,Disapprove,Verbal conflict
792670654,20181007,201810,USA,THE US,USA,,,,,,,,CHN,CHINA,CHN,,,,,,,,1,110,110,11,3,-2.0,6,1,6,-2.51572327044025,4,"Scarborough Shoal, Philippines (general), Philippines",RP,RP00,25318,15.1333,117.767,-2452628,4,"Hainan, Hainan, China",CH,CH31,13072,18.9394,109.484,6025157,4,"Scarborough Shoal, Philippines (general), Philippines",RP,RP00,25318,15.1333,117.767,-2452628,20181007013000,Disapprove,Verbal conflict
792670786,20181007,201810,USAGOV,US OFFICIAL,USA,,,,,GOV,,,CHN,CHINA,CHN,,,,,,,,1,164,164,16,4,-7.0,10,1,10,-2.51572327044025,4,"Beijing, Beijing, China",CH,CH22,13001,39.9289,116.388,-1898541,4,"Beijing, Beijing, China",CH,CH22,13001,39.9289,116.388,-1898541,4,"Beijing, Beijing, China",CH,CH22,13001,39.9289,116.388,-1898541,20181007013000,Reduce relations,Material conflict
792671273,20181006,201810,USAMIL,THE US,USA,,,,,MIL,,,CHN,CHINA,CHN,,,,,,,,1,150,150,15,4,-7.2,8,1,8,-3.37837837837838,4,"Scarborough Shoal, Philippines (general), Philippines",RP,RP00,25318,15.1333,117.767,-2452628,1,China,CH,CH,,35.0,105.0,CH,1,China,CH,CH,,35.0,105.0,CH,20181007014500,Exhibit force posture,Material conflict
792674098,20181007,201810,USA,UNITED STATES,USA,,,,,,,,CHNGOV,CHINA,CHN,,,,,GOV,,,1,112,112,11,3,-2.0,6,1,6,-7.97665369649805,3,"Washington, District of Columbia, United States",US,USDC,DC001,38.8951,-77.0364,531871,4,"Beijing, Beijing, China",CH,CH22,13001,39.9289,116.388,-1898541,4,"Beijing, Beijing, China",CH,CH22,13001,39.9289,116.388,-1898541,20181007020000,Disapprove,Verbal conflict
792674175,20181007,201810,USAGOV,US OFFICIAL,USA,,,,,GOV,,,CHN,CHINA,CHN,,,,,,,,1,061,061,06,2,6.4,10,1,10,-0.66666666666667,4,"Beijing, Beijing, China",CH,CH22,13001,39.9289,116.388,-1898541,4,"Beijing, Beijing, China",CH,CH22,13001,39.9289,116.388,-1898541,4,"Beijing, Beijing, China",CH,CH22,13001,39.9289,116.388,-1898541,20181007020000,Engage in material cooperation,Material cooperation
792675564,20181007,201810,MNCUSAMED,GOOGLE,USA,,,,,MNC,MED,,CHN,CHINA,CHN,,,,,,,,1,1721,172,17,4,-5.0,8,1,8,-5.31400966183575,4,"Beijing, Beijing, China",CH,CH22,13001,39.9289,116.388,-1898541,4,"Beijing, Beijing, China",CH,CH22,13001,39.9289,116.388,-1898541,4,"Beijing, Beijing, China",CH,CH22,13001,39.9289,116.388,-1898541,20181007021500,Coerce,Material conflict
792677880,20181007,201810,USA,THE US,USA,,,,,,,,CHNMIL,CHINA,CHN,,,,,MIL,,,1,163,163,16,4,-8.0,10,1,10,-3.97727272727273,4,"Moscow, Moskva, Russia",RS,RS48,25106,55.7522,37.6156,-2960561,1,Iran,IR,IR,,32.0,53.0,IR,4,"Moscow, Moskva, Russia",RS,RS48,25106,55.7522,37.6156,-2960561,20181007023000,Reduce relations,Material conflict
792678561,20181007,201810,CHN,CHINA,CHN,,,,,,,,USA,THE US,USA,,,,,,,,1,057,057,05,1,8.0,8,1,8,0.0,1,France,FR,FR,,46.0,2.0,FR,1,United Kingdom,UK,UK,,54.0,-4.0,UK,1,Germany,GM,GM,,51.5,10.5,GM,20181007024500,Engage in diplomatic cooperation,Verbal cooperation
792679131,20181007,201810,USA,THE US,USA,,,,,,,,CHN,CHINA,CHN,,,,,,,,1,057,057,05,1,8.0,8,1,8,0.0,1,United Kingdom,UK,UK,,54.0,-4.0,UK,1,France,FR,FR,,46.0,2.0,FR,1,Germany,GM,GM,,51.5,10.5,GM,20181007024500,Engage in diplomatic cooperation,Verbal cooperation
792679133,20181007,201810,USA,UNITED STATES,USA,,,,,,,,CHNMIL,CHINA,CHN,,,,,MIL,,,1,163,163,16,4,-8.0,8,1,8,-5.64971751412429,1,United States,US,US,,39.828175,-98.5795,US,1,China,CH,CH,,35.0,105.0,CH,1,United States,US,US,,39.828175,-98.5795,US,20181007024500,Reduce relations,Material conflict
792680732,20181007,201810,USA,UNITED STATES,USA,,,,,,,,CHN,CHINA,CHN,,,,,,,,1,061,061,06,2,6.4,7,1,7,0.61834421161113,2,"Idaho, United States",US,USID,,44.2394,-114.51,ID,1,China,CH,CH,,35.0,105.0,CH,2,"Idaho, United States",US,USID,,44.2394,-114.51,ID,20181007030000,Engage in material cooperation,Material cooperation
792680888,20181007,201810,USAGOV,THE WHITE HOUSE,USA,,,,,GOV,,,CHN,CHINESE,CHN,,,,,,,,1,160,160,16,4,-4.0,7,1,6,-4.11913814955641,3,"White House, District of Columbia, United States",US,USDC,,38.8951,-77.0364,531871,4,"Beijing, Beijing, China",CH,CH22,13001,39.9289,116.388,-1898541,4,"Beijing, Beijing, China",CH,CH22,13001,39.9289,116.388,-1898541,20181007030000,Reduce relations,Material conflict
792682968,20181007,201810,CHN,BEIJING,CHN,,,,,,,,USA,UNITED STATES,USA,,,,,,,,1,036,036,03,1,4.0,14,2,14,-1.00663761046024,4,"Beijing, Beijing, China",CH,CH22,13001,39.9289,116.388,-1898541,3,"Washington, District of Columbia, United States",US,USDC,DC001,38.8951,-77.0364,531871,4,"Beijing, Beijing, China",CH,CH22,13001,39.9289,116.388,-1898541,20181007033000,Express intent to cooperate,Verbal cooperation
792682970,20181007,201810,CHN,BEIJING,CHN,,,,,,,,USA,UNITED STATES,USA,,,,,,,,1,042,042,04,1,1.9,12,2,12,-1.00663761046024,4,"Beijing, Beijing, China",CH,CH22,13001,39.9289,116.388,-1898541,3,"Washington, District of Columbia, United States",US,USDC,DC001,38.8951,-77.0364,531871,4,"Beijing, Beijing, China",CH,CH22,13001,39.9289,116.388,-1898541,20181007033000,Consult,Verbal cooperation
792683682,20181007,201810,USA,UNITED STATES,USA,,,,,,,,CHN,BEIJING,CHN,,,,,,,,1,036,036,03,1,4.0,14,2,14,-1.00663761046024,3,"Washington, District of Columbia, United States",US,USDC,DC001,38.8951,-77.0364,531871,4,"Beijing, Beijing, China",CH,CH22,13001,39.9289,116.388,-1898541,4,"Beijing, Beijing, China",CH,CH22,13001,39.9289,116.388,-1898541,20181007033000,Express intent to cooperate,Verbal cooperation
792683684,20181007,201810,USA,UNITED STATES,USA,,,,,,,,CHN,BEIJING,CHN,,,,,,,,1,043,043,04,1,2.8,12,2,12,-1.00663761046024,3,"Washington, District of Columbia, United States",US,USDC,DC001,38.8951,-77.0364,531871,4,"Beijing, Beijing, China",CH,CH22,13001,39.9289,116.388,-1898541,4,"Beijing, Beijing, China",CH,CH22,13001,39.9289,116.388,-1898541,20181007033000,Consult,Verbal cooperation
792690399,20181007,201810,USA,AMERICAN,USA,,,,,,,,CHN,CANTON,CHN,,,,,,,,1,051,051,05,1,3.4,6,1,6,0.93676814988291,3,"Washington, District of Columbia, United States",US,USDC,DC001,38.8951,-77.0364,531871,3,"Washington, District of Columbia, United States",US,USDC,DC001,38.8951,-77.0364,531871,3,"Washington, District of Columbia, United States",US,USDC,DC001,38.8951,-77.0364,531871,20181007043000,Engage in diplomatic cooperation,Verbal cooperation
792690402,20181007,201810,USA,THE US,USA,,,,,,,,CHNMIL,CHINESE,CHN,,,,,MIL,,,1,130,130,13,3,-4.4,10,1,10,-5.5944055944056,4,"Beijing, Beijing, China",CH,CH22,13001,39.9289,116.388,-1898541,4,"Beijing, Beijing, China",CH,CH22,13001,39.9289,116.388,-1898541,4,"Beijing, Beijing, China",CH,CH22,13001,39.9289,116.388,-1898541,20181007043000,Threaten,Verbal conflict
792691137,20181007,201810,CHN,BEIJING,CHN,,,,,,,,USA,THE US,USA,,,,,,,,1,110,110,11,3,-2.0,8,1,8,-6.97115384615384,1,Russia,RS,RS,,60.0,100.0,RS,1,Russia,RS,RS,,60.0,100.0,RS,1,Russia,RS,RS,,60.0,100.0,RS,20181007044500,Disapprove,Verbal conflict
792691964,20181007,201810,USAMED,REUTERS,USA,,,,,MED,,,CHN,CHINA,CHN,,,,,,,,1,111,111,11,3,-2.0,10,1,10,2.92397660818713,2,"New York, United States",US,USNY,,42.1497,-74.9384,NY,2,"New York, United States",US,USNY,,42.1497,-74.9384,NY,2,"New York, United States",US,USNY,,42.1497,-74.9384,NY,20181007044500,Disapprove,Verbal conflict
792697774,20181007,201810,USA,UNITED STATES,USA,,,,,,,,CHN,CHINA,CHN,,,,,,,,1,013,013,01,1,0.4,6,1,6,-1.70394036208733,3,"Washington, District of Columbia, United States",US,USDC,DC001,38.8951,-77.0364,531871,4,"Beijing, Beijing, China",CH,CH22,13001,39.9289,116.388,-1898541,3,"Washington, District of Columbia, United States",US,USDC,DC001,38.8951,-77.0364,531871,20181007054500,Make public statement,Verbal cooperation
792697778,20181007,201810,USA,UNITED STATES,USA,,,,,,,,CHN,CHINA,CHN,,,,,,,,1,040,040,04,1,1.0,8,1,8,-3.48837209302326,2,"Washington, United States",US,USWA,,47.3917,-121.571,WA,2,"Washington, United States",US,USWA,,47.3917,-121.571,WA,2,"Washington, United States",US,USWA,,47.3917,-121.571,WA,20181007054500,Consult,Verbal cooperation
792701791,20181007,201810,CHN,CHINA,CHN,,,,,,,,USA,UNITED STATES,USA,,,,,,,,1,111,111,11,3,-2.0,6,1,6,-4.54545454545455,3,"Washington, District of Columbia, United States",US,USDC,DC001,38.8951,-77.0364,531871,1,China,CH,CH,,35.0,105.0,CH,1,China,CH,CH,,35.0,105.0,CH,20181007063000,Disapprove,Verbal conflict
792701794,20181007,201810,CHN,CHINA,CHN,,,,,,,,USA,UNITED STATES,USA,,,,,,,,1,120,120,12,3,-4.0,6,1,6,-3.76175548589342,1,North Korea,KN,KN,,40.0,127.0,KN,4,"Beijing, Beijing, China",CH,CH22,13001,39.9289,116.388,-1898541,4,"Beijing, Beijing, China",CH,CH22,13001,39.9289,116.388,-1898541,20181007063000,Reject,Verbal conflict
792709629,20181007,201810,CHN,CHINA,CHN,,,,,,,,USA,UNITED STATES,USA,,,,,,,,1,046,046,04,1,7.0,10,1,10,4.03225806451613,1,China,CH,CH,,35.0,105.0,CH,3,"San Antonio, Texas, United States",US,USTX,,29.4241,-98.4936,1380951,3,"San Antonio, Texas, United States",US,USTX,,29.4241,-98.4936,1380951,20181007074500,Consult,Verbal cooperation
792710274,20181007,201810,USA,UNITED STATES,USA,,,,,,,,CHN,CHINA,CHN,,,,,,,,1,013,013,01,1,0.4,6,1,6,-1.0752688172043,2,"New York, United States",US,USNY,,42.1497,-74.9384,NY,4,"Beijing, Beijing, China",CH,CH22,13001,39.9289,116.388,-1898541,2,"New York, United States",US,USNY,,42.1497,-74.9384,NY,20181007074500,Make public statement,Verbal cooperation
792710277,20181007,201810,USA,UNITED STATES,USA,,,,,,,,CHN,CHINA,CHN,,,,,,,,1,046,046,04,1,7.0,10,1,10,4.03225806451613,3,"San Antonio, Texas, United States",US,USTX,TX029,29.4241,-98.4936,1380951,1,China,CH,CH,,35.0,105.0,CH,3,"San Antonio, Texas, United States",US,USTX,,29.4241,-98.4936,1380951,20181007074500,Consult,Verbal cooperation
792722572,20181007,201810,USA,UNITED STATES,USA,,,,,,,,CHN,CHINA,CHN,,,,,,,,1,110,110,11,3,-2.0,10,1,10,-3.4623217922607,4,"Pingan, Jilin, China",CH,CH05,13176,43.2894,129.601,10869879,4,"Pingan, Jilin, China",CH,CH05,13176,43.2894,129.601,10869879,4,"Pingan, Jilin, China",CH,CH05,13176,43.2894,129.601,10869879,20181007093000,Disapprove,Verbal conflict
792722573,20181007,201810,USA,WASHINGTON,USA,,,,,,,,CHN,BEIJING,CHN,,,,,,,,1,120,120,12,3,-4.0,8,1,8,-1.51515151515151,3,"Washington, District of Columbia, United States",US,USDC,DC001,38.8951,-77.0364,531871,4,"Beijing, Beijing, China",CH,CH22,13001,39.9289,116.388,-1898541,3,"Washington, District of Columbia, United States",US,USDC,DC001,38.8951,-77.0364,531871,20181007093000,Reject,Verbal conflict
792729107,20181007,201810,CHN,CHINA,CHN,,,,,,,,USA,UNITED STATES,USA,,,,,,,,1,190,190,19,4,-10.0,6,1,6,-2.0125786163522,1,China,CH,CH,,35.0,105.0,CH,2,"Iowa, United States",US,USIA,,42.0046,-93.214,IA,2,"Iowa, United States",US,USIA,,42.0046,-93.214,IA,20181007103000,Fight,Material conflict
792730017,20181007,201810,USA,UNITED STATES,USA,,,,,,,,CHN,CHINA,CHN,,,,,,,,1,190,190,19,4,-10.0,6,1,6,-2.0125786163522,2,"Iowa, United States",US,USIA,,42.0046,-93.214,IA,2,"Iowa, United States",US,USIA,,42.0046,-93.214,IA,2,"Iowa, United States",US,USIA,,42.0046,-93.214,IA,20181007103000,Fight,Material conflict
792746647,20181007,201810,USA,THE US,USA,,,,,,,,CHN,CHINESE,CHN,,,,,,,,1,071,071,07,2,7.4,6,1,6,1.83066361556064,4,"Cairo, Al Qahirah, Egypt",EG,EG11,65350,30.05,31.25,-290692,4,"Cairo, Al Qahirah, Egypt",EG,EG11,65350,30.05,31.25,-290692,4,"Cairo, Al Qahirah, Egypt",EG,EG11,65350,30.05,31.25,-290692,20181007124500,Provide aid,Material cooperation
792756646,20180907,201809,USAMIL,THE US,USA,,,,,MIL,,,CHN,CHINESE,CHN,,,,,,,,1,012,012,01,1,-0.4,10,1,10,-1.91387559808612,4,"South China Sea, Brunei (general), Brunei",BX,BX00,,15.0,115.0,-1337919,1,China,CH,CH,,35.0,105.0,CH,1,China,CH,CH,,35.0,105.0,CH,20181007140000,Make public statement,Verbal cooperation
792756647,20180907,201809,USAMIL,THE US,USA,,,,,MIL,,,CHN,CHINA,CHN,,,,,,,,1,014,014,01,1,0.0,6,1,6,-1.91387559808612,4,"South China Sea, Brunei (general), Brunei",BX,BX00,,15.0,115.0,-1337919,1,China,CH,CH,,35.0,105.0,CH,4,"South China Sea, Brunei (general), Brunei",BX,BX00,,15.0,115.0,-1337919,20181007140000,Make public statement,Verbal cooperation
792756649,20180907,201809,USAMIL,THE US,USA,,,,,MIL,,,CHN,CHINA,CHN,,,,,,,,1,151,151,15,4,-7.2,10,1,10,-1.91387559808612,4,"South China Sea, Brunei (general), Brunei",BX,BX00,,15.0,115.0,-1337919,1,China,CH,CH,,35.0,105.0,CH,1,China,CH,CH,,35.0,105.0,CH,20181007140000,Exhibit force posture,Material conflict
792769281,20181007,201810,USAGOV,RICHARD NIXON,USA,,,,,GOV,,,CHN,CHINA,CHN,,,,,,,,1,020,020,02,1,3.0,8,1,8,-5.08474576271187,1,China,CH,CH,,35.0,105.0,CH,1,Russia,RS,RS,,60.0,100.0,RS,1,China,CH,CH,,35.0,105.0,CH,20181007153000,Appeal,Verbal cooperation
792773955,20181007,201810,CHN,CANTON,CHN,,,,,,,,USA,UNITED STATES,USA,,,,,,,,1,043,043,04,1,2.8,8,1,8,0.0,2,"Massachusetts, United States",US,USMA,,42.2373,-71.5314,MA,2,"Massachusetts, United States",US,USMA,,42.2373,-71.5314,MA,2,"Massachusetts, United States",US,USMA,,42.2373,-71.5314,MA,20181007161500,Consult,Verbal cooperation
792774743,20181007,201810,USA,UNITED STATES,USA,,,,,,,,CHN,CANTON,CHN,,,,,,,,1,042,042,04,1,1.9,8,1,8,0.0,3,"Bridgewater, Massachusetts, United States",US,USMA,MA023,41.9904,-70.975,613482,3,"Bridgewater, Massachusetts, United States",US,USMA,MA023,41.9904,-70.975,613482,3,"Bridgewater, Massachusetts, United States",US,USMA,MA023,41.9904,-70.975,613482,20181007161500,Consult,Verbal cooperation
792776430,20181007,201810,USA,VERMONT,USA,,,,,,,,CHN,CHINESE,CHN,,,,,,,,1,130,130,13,3,-4.4,6,1,6,-2.91970802919708,2,"Vermont, United States",US,USVT,,44.0407,-72.7093,VT,1,China,CH,CH,,35.0,105.0,CH,1,China,CH,CH,,35.0,105.0,CH,20181007163000,Threaten,Verbal conflict
792776535,20181007,201810,USAMED,REUTERS,USA,,,,,MED,,,CHN,CHINA,CHN,,,,,,,,1,192,192,19,4,-9.5,10,1,10,-4.71794871794871,4,"Shenzhen, Guangdong, China",CH,CH30,13036,22.2,111.117,-1925267,4,"Shenzhen, Guangdong, China",CH,CH30,13036,22.2,111.117,-1925267,4,"Shenzhen, Guangdong, China",CH,CH30,13036,22.2,111.117,-1925267,20181007163000,Fight,Material conflict
792781925,20181007,201810,USA,THE US,USA,,,,,,,,CHN,CHINA,CHN,,,,,,,,1,090,090,09,2,-2.0,10,1,10,-1.14285714285714,1,China,CH,CH,,35.0,105.0,CH,1,China,CH,CH,,35.0,105.0,CH,1,China,CH,CH,,35.0,105.0,CH,20181007171500,Investigate,Material cooperation
792803700,20181007,201810,CHN,CHINA,CHN,,,,,,,,USA,UNITED STATES,USA,,,,,,,,1,042,042,04,1,1.9,6,1,6,-0.8284023668639,4,"Beijing, Beijing, China",CH,CH22,13001,39.9289,116.388,-1898541,1,United States,US,US,,39.828175,-98.5795,US,1,United States,US,US,,39.828175,-98.5795,US,20181007203000,Consult,Verbal cooperation
792804298,20181007,201810,USA,UNITED STATES,USA,,,,,,,,CHN,CHINA,CHN,,,,,,,,1,043,043,04,1,2.8,6,1,6,-0.8284023668639,1,United States,US,US,,39.828175,-98.5795,US,4,"Beijing, Beijing, China",CH,CH22,13001,39.9289,116.388,-1898541,1,United States,US,US,,39.828175,-98.5795,US,20181007203000,Consult,Verbal cooperation
792804299,20181007,201810,USA,THE US,USA,,,,,,,,CHN,CHINA,CHN,,,,,,,,1,114,114,11,3,-2.0,10,1,10,-0.8284023668639,4,"Beijing, Beijing, China",CH,CH22,13001,39.9289,116.388,-1898541,4,"Beijing, Beijing, China",CH,CH22,13001,39.9289,116.388,-1898541,4,"Beijing, Beijing, China",CH,CH22,13001,39.9289,116.388,-1898541,20181007203000,Disapprove,Verbal conflict
792804301,20181007,201810,USA,UNITED STATES,USA,,,,,,,,CHN,CHINA,CHN,,,,,,,,1,163,163,16,4,-8.0,8,1,8,-0.54884742041713,3,"Washington, District of Columbia, United States",US,USDC,DC001,38.8951,-77.0364,531871,1,China,CH,CH,,35.0,105.0,CH,3,"Washington, District of Columbia, United States",US,USDC,DC001,38.8951,-77.0364,531871,20181007203000,Reduce relations,Material conflict
792809881,20181007,201810,USA,THE US,USA,,,,,,,,CHN,CHINA,CHN,,,,,,,,1,061,061,06,2,6.4,10,1,10,1.40845070422535,1,China,CH,CH,,35.0,105.0,CH,1,China,CH,CH,,35.0,105.0,CH,1,China,CH,CH,,35.0,105.0,CH,20181007213000,Engage in material cooperation,Material cooperation
792810725,20181007,201810,CHN,BEIJING,CHN,,,,,,,,USA,WASHINGTON,USA,,,,,,,,1,111,111,11,3,-2.0,8,1,8,0.42674253200569,4,"Beijing, Beijing, China",CH,CH22,13001,39.9289,116.388,-1898541,3,"Washington, District of Columbia, United States",US,USDC,DC001,38.8951,-77.0364,531871,3,"Washington, District of Columbia, United States",US,USDC,DC001,38.8951,-77.0364,531871,20181007214500,Disapprove,Verbal conflict
792811375,20181007,201810,USA,WASHINGTON,USA,,,,,,,,CHN,BEIJING,CHN,,,,,,,,1,111,111,11,3,-2.0,6,1,6,0.42674253200569,3,"Washington, District of Columbia, United States",US,USDC,DC001,38.8951,-77.0364,531871,3,"Washington, District of Columbia, United States",US,USDC,DC001,38.8951,-77.0364,531871,3,"Washington, District of Columbia, United States",US,USDC,DC001,38.8951,-77.0364,531871,20181007214500,Disapprove,Verbal conflict
792814024,20181007,201810,USA,UNITED STATES,USA,,,,,,,,CHN,CHINA,CHN,,,,,,,,1,061,061,06,2,6.4,10,1,10,-2.3728813559322,4,"Beijing, Beijing, China",CH,CH22,13001,39.9289,116.388,-1898541,4,"Beijing, Beijing, China",CH,CH22,13001,39.9289,116.388,-1898541,4,"Beijing, Beijing, China",CH,CH22,13001,39.9289,116.388,-1898541,20181007221500,Engage in material cooperation,Material cooperation
792819104,20181007,201810,CHNGOV,XI JINPING,CHN,,,,,GOV,,,USAGOV,BARACK OBAMA,USA,,,,,GOV,,,1,013,013,01,1,0.4,6,1,6,-3.02013422818792,3,"Decatur, Washington, United States",US,USWA,WA055,48.5004,-122.82,1534563,2,"Washington, United States",US,USWA,,47.3917,-121.571,WA,3,"Decatur, Washington, United States",US,USWA,WA055,48.5004,-122.82,1534563,20181007231500,Make public statement,Verbal cooperation
792821119,20181007,201810,USA,UNITED STATES,USA,,,,,,,,CHN,CHINA,CHN,,,,,,,,1,030,030,03,1,4.0,6,1,6,-1.42857142857143,1,United States,US,US,,39.828175,-98.5795,US,1,China,CH,CH,,35.0,105.0,CH,1,China,CH,CH,,35.0,105.0,CH,20181007233000,Express intent to cooperate,Verbal cooperation
792827896,20181008,201810,USA,UNITED STATES,USA,,,,,,,,CHN,CHINA,CHN,,,,,,,,1,100,100,10,3,-5.0,8,1,8,-2.85977859778598,3,"White House, District of Columbia, United States",US,USDC,,38.8951,-77.0364,531871,1,China,CH,CH,,35.0,105.0,CH,3,"White House, District of Columbia, United States",US,USDC,,38.8951,-77.0364,531871,20181008001500,Demand,Verbal conflict
792832007,20181008,201810,CHNGOV,XI JINPING,CHN,,,,,GOV,,,USAGOV,BARACK OBAMA,USA,,,,,GOV,,,1,013,013,01,1,0.4,6,1,6,-3.17273795534665,3,"Decatur, Washington, United States",US,USWA,WA055,48.5004,-122.82,1534563,2,"Washington, United States",US,USWA,,47.3917,-121.571,WA,3,"Decatur, Washington, United States",US,USWA,WA055,48.5004,-122.82,1534563,20181008004500,Make public statement,Verbal cooperation
792836626,20181008,201810,CHN,HEFEI,CHN,,,,,,,,USA,CHICAGO,USA,,,,,,,,1,060,060,06,2,6.0,8,1,8,2.0,4,"Hefei, Anhui, China",CH,CH01,12998,31.8639,117.281,-1908634,3,"Chicago, Illinois, United States",US,USIL,IL031,41.85,-87.6501,423587,4,"Hefei, Anhui, China",CH,CH01,12998,31.8639,117.281,-1908634,20181008011500,Engage in material cooperation,Material cooperation
792837477,20181008,201810,USA,CHICAGO,USA,,,,,,,,CHN,HEFEI,CHN,,,,,,,,1,060,060,06,2,6.0,8,1,8,2.0,3,"Chicago, Illinois, United States",US,USIL,IL031,41.85,-87.6501,423587,4,"Hefei, Anhui, China",CH,CH01,12998,31.8639,117.281,-1908634,4,"Hefei, Anhui, China",CH,CH01,12998,31.8639,117.281,-1908634,20181008011500,Engage in material cooperation,Material cooperation
792840815,20181008,201810,CHN,BEIJING,CHN,,,,,,,,USA,UNITED STATES,USA,,,,,,,,1,036,036,03,1,4.0,8,1,8,-5.2158273381295,4,"Beijing, Beijing, China",CH,CH22,13001,39.9289,116.388,-1898541,1,United States,US,US,,39.828175,-98.5795,US,4,"Beijing, Beijing, China",CH,CH22,13001,39.9289,116.388,-1898541,20181008014500,Express intent to cooperate,Verbal cooperation
792840817,20181008,201810,CHN,CHINA,CHN,,,,,,,,USA,UNITED STATES,USA,,,,,,,,1,046,046,04,1,7.0,6,1,6,-5.2158273381295,4,"Beijing, Beijing, China",CH,CH22,13001,39.9289,116.388,-1898541,1,United States,US,US,,39.828175,-98.5795,US,4,"Beijing, Beijing, China",CH,CH22,13001,39.9289,116.388,-1898541,20181008014500,Consult,Verbal cooperation
792842016,20181008,201810,USA,UNITED STATES,USA,,,,,,,,CHN,CHINA,CHN,,,,,,,,1,046,046,04,1,7.0,6,1,6,-5.2158273381295,1,United States,US,US,,39.828175,-98.5795,US,4,"Beijing, Beijing, China",CH,CH22,13001,39.9289,116.388,-1898541,4,"Beijing, Beijing, China",CH,CH22,13001,39.9289,116.388,-1898541,20181008014500,Consult,Verbal cooperation
792842128,20181008,201810,USAGOV,OBAMA,USA,,,,,GOV,,,CHN,BEIJING,CHN,,,,,,,,1,130,130,13,3,-4.4,10,1,10,-3.23529411764706,4,"Beijing, Beijing, China",CH,CH22,13001,39.9289,116.388,-1898541,4,"Beijing, Beijing, China",CH,CH22,13001,39.9289,116.388,-1898541,4,"Beijing, Beijing, China",CH,CH22,13001,39.9289,116.388,-1898541,20181008014500,Threaten,Verbal conflict
792843908,20181008,201810,USA,UNITED STATES,USA,,,,,,,,CHNGOV,CHINA,CHN,,,,,GOV,,,1,112,112,11,3,-2.0,6,1,6,-7.97665369649805,3,"Washington, District of Columbia, United States",US,USDC,DC001,38.8951,-77.0364,531871,4,"Beijing, Beijing, China",CH,CH22,13001,39.9289,116.388,-1898541,4,"Beijing, Beijing, China",CH,CH22,13001,39.9289,116.388,-1898541,20181008020000,Disapprove,Verbal conflict
792857718,20181008,201810,CHN,BEIJING,CHN,,,,,,,,USA,UNITED STATES,USA,,,,,,,,1,043,043,04,1,2.8,10,1,10,-1.53664302600473,4,"Islamabad, Islamabad, Pakistan",PK,PK08,23674,33.7,73.1667,-2762812,4,"Islamabad, Islamabad, Pakistan",PK,PK08,23674,33.7,73.1667,-2762812,4,"Islamabad, Islamabad, Pakistan",PK,PK08,23674,33.7,73.1667,-2762812,20181008040000,Consult,Verbal cooperation
792858257,20181008,201810,USA,UNITED STATES,USA,,,,,,,,CHN,BEIJING,CHN,,,,,,,,1,042,042,04,1,1.9,8,1,8,-1.53664302600473,1,United States,US,US,,39.828175,-98.5795,US,4,"Beijing, Beijing, China",CH,CH22,13001,39.9289,116.388,-1898541,1,United States,US,US,,39.828175,-98.5795,US,20181008040000,Consult,Verbal cooperation
792859222,20181008,201810,CHN,CHINA,CHN,,,,,,,,USA,THE US,USA,,,,,,,,1,012,012,01,1,-0.4,10,1,10,-1.46341463414634,1,China,CH,CH,,35.0,105.0,CH,1,China,CH,CH,,35.0,105.0,CH,1,China,CH,CH,,35.0,105.0,CH,20181008041500,Make public statement,Verbal cooperation
792859223,20181008,201810,CHN,CHINA,CHN,,,,,,,,USA,THE US,USA,,,,,,,,1,110,110,11,3,-2.0,10,1,10,-1.46341463414634,1,China,CH,CH,,35.0,105.0,CH,1,China,CH,CH,,35.0,105.0,CH,1,China,CH,CH,,35.0,105.0,CH,20181008041500,Disapprove,Verbal conflict
792860060,20181008,201810,USA,THE US,USA,,,,,,,,CHN,CHINA,CHN,,,,,,,,1,110,110,11,3,-2.0,10,1,10,-1.46341463414634,1,China,CH,CH,,35.0,105.0,CH,1,China,CH,CH,,35.0,105.0,CH,1,China,CH,CH,,35.0,105.0,CH,20181008041500,Disapprove,Verbal conflict
792860937,20181008,201810,CHN,CHINESE,CHN,,,,,,,,USA,THE US,USA,,,,,,,,1,061,061,06,2,6.4,10,1,10,-2.15264187866928,1,China,CH,CH,,35.0,105.0,CH,1,China,CH,CH,,35.0,105.0,CH,1,China,CH,CH,,35.0,105.0,CH,20181008043000,Engage in material cooperation,Material cooperation
792860938,20181008,201810,CHN,CHINA,CHN,,,,,,,,USAGOVBUS,US TREASURY,USA,,,,,GOV,BUS,,1,080,080,08,2,5.0,10,1,10,-7.37704918032784,1,Iran,IR,IR,,32.0,53.0,IR,1,Iran,IR,IR,,32.0,53.0,IR,1,Iran,IR,IR,,32.0,53.0,IR,20181008043000,Yield,Material cooperation
792860939,20181008,201810,CHNBUS,CHINESE,CHN,,,,,BUS,,,USA,UNITED STATES,USA,,,,,,,,1,061,061,06,2,6.4,9,1,6,2.62390670553935,4,"Beijing, Beijing, China",CH,CH22,13001,39.9289,116.388,-1898541,1,United States,US,US,,39.828175,-98.5795,US,1,United States,US,US,,39.828175,-98.5795,US,20181008043000,Engage in material cooperation,Material cooperation
792866983,20181008,201810,USA,NEW MEXICO,USA,,,,,,,,CHN,CHINESE,CHN,,,,,,,,1,043,043,04,1,2.8,6,1,6,5.57432432432432,2,"New Mexico, United States",US,USNM,,34.8375,-106.237,NM,4,"Tianyu, Jiangxi, China",CH,CH03,13166,27.1408,115.053,11042683,2,"New Mexico, United States",US,USNM,,34.8375,-106.237,NM,20181008051500,Consult,Verbal cooperation
792868887,20181008,201810,USA,THE US,USA,,,,,,,,CHN,CHINA,CHN,,,,,,,,1,190,190,19,4,-10.0,10,1,10,-6.31229235880399,1,China,CH,CH,,35.0,105.0,CH,1,China,CH,CH,,35.0,105.0,CH,1,China,CH,CH,,35.0,105.0,CH,20181008053000,Fight,Material conflict
792881277,20181008,201810,CHN,CHINA,CHN,,,,,,,,USA,WASHINGTON,USA,,,,,,,,1,040,040,04,1,1.0,8,1,8,-4.03768506056527,4,"Beijing, Beijing, China",CH,CH22,13001,39.9289,116.388,-1898541,3,"Washington, District of Columbia, United States",US,USDC,DC001,38.8951,-77.0364,531871,1,Iraq,IZ,IZ,,33.0,44.0,IZ,20181008070000,Consult,Verbal cooperation
792882188,20181008,201810,USA,WASHINGTON,USA,,,,,,,,CHN,CHINA,CHN,,,,,,,,1,040,040,04,1,1.0,8,1,8,-4.03768506056527,3,"Washington, District of Columbia, United States",US,USDC,DC001,38.8951,-77.0364,531871,4,"Beijing, Beijing, China",CH,CH22,13001,39.9289,116.388,-1898541,3,"Washington, District of Columbia, United States",US,USDC,DC001,38.8951,-77.0364,531871,20181008070000,Consult,Verbal cooperation
792883628,20181008,201810,CHN,CHINESE,CHN,,,,,,,,USABUS,UNITED STATES,USA,,,,,BUS,,,1,130,130,13,3,-4.4,6,1,6,-4.37665782493369,4,"Beijing, Beijing, China",CH,CH22,13001,39.9289,116.388,-1898541,4,"Beijing, Beijing, China",CH,CH22,13001,39.9289,116.388,-1898541,1,Singapore,SN,SN,,1.366667,103.8,SN,20181008071500,Threaten,Verbal conflict
792883632,20181008,201810,CHNGOV,CHINESE,CHN,,,,,GOV,,,USA,UNITED STATES,USA,,,,,,,,1,090,090,09,2,-2.0,8,1,8,-1.5576323987539,1,China,CH,CH,,35.0,105.0,CH,1,China,CH,CH,,35.0,105.0,CH,1,China,CH,CH,,35.0,105.0,CH,20181008071500,Investigate,Material cooperation
792888529,20181008,201810,CHN,CHINESE,CHN,,,,,,,,USA,THE US,USA,,,,,,,,1,060,060,06,2,6.0,6,1,6,0.81135902636917,1,China,CH,CH,,35.0,105.0,CH,1,China,CH,CH,,35.0,105.0,CH,4,"London, London, City of, United Kingdom",UK,UKH9,40110,51.5,-0.116667,-2601889,20181008074500,Engage in material cooperation,Material cooperation
792889537,20181008,201810,USA,THE US,USA,,,,,,,,CHN,CHINESE,CHN,,,,,,,,1,060,060,06,2,6.0,10,1,10,0.81135902636917,1,Switzerland,SZ,SZ,,47.0,8.0,SZ,1,Switzerland,SZ,SZ,,47.0,8.0,SZ,1,Switzerland,SZ,SZ,,47.0,8.0,SZ,20181008074500,Engage in material cooperation,Material cooperation
792889609,20181008,201810,USAGOV,THE US,USA,,,,,GOV,,,CHN,CHINESE,CHN,,,,,,,,1,114,114,11,3,-2.0,10,1,10,-4.2016806722689,1,Russia,RS,RS,,60.0,100.0,RS,1,Russia,RS,RS,,60.0,100.0,RS,1,Russia,RS,RS,,60.0,100.0,RS,20181008074500,Disapprove,Verbal conflict
792897685,20181008,201810,CHN,CHINA,CHN,,,,,,,,USA,UNITED STATES,USA,,,,,,,,1,043,043,04,1,2.8,16,2,16,-4.59158667628401,4,"Beijing, Beijing, China",CH,CH22,13001,39.9289,116.388,-1898541,3,"Washington, District of Columbia, United States",US,USDC,DC001,38.8951,-77.0364,531871,4,"Beijing, Beijing, China",CH,CH22,13001,39.9289,116.388,-1898541,20181008084500,Consult,Verbal cooperation
792898674,20181008,201810,USA,UNITED STATES,USA,,,,,,,,CHN,CHINA,CHN,,,,,,,,1,042,042,04,1,1.9,8,1,8,-3.60696517412935,3,"Washington, District of Columbia, United States",US,USDC,DC001,38.8951,-77.0364,531871,3,"Washington, District of Columbia, United States",US,USDC,DC001,38.8951,-77.0364,531871,3,"Washington, District of Columbia, United States",US,USDC,DC001,38.8951,-77.0364,531871,20181008084500,Consult,Verbal cooperation
792898676,20181008,201810,USA,AMERICAN,USA,,,,,,,,CHN,CHINA,CHN,,,,,,,,1,060,060,06,2,6.0,8,1,8,-2.5830258302583,3,"Washington, District of Columbia, United States",US,USDC,DC001,38.8951,-77.0364,531871,4,"Beijing, Beijing, China",CH,CH22,13001,39.9289,116.388,-1898541,4,"Beijing, Beijing, China",CH,CH22,13001,39.9289,116.388,-1898541,20181008084500,Engage in material cooperation,Material cooperation
792898679,20181008,201810,USA,UNITED STATES,USA,,,,,,,,CHN,CHINA,CHN,,,,,,,,1,120,120,12,3,-4.0,8,1,8,-3.60696517412935,3,"Washington, District of Columbia, United States",US,USDC,DC001,38.8951,-77.0364,531871,4,"Beijing, Beijing, China",CH,CH22,13001,39.9289,116.388,-1898541,4,"Beijing, Beijing, China",CH,CH22,13001,39.9289,116.388,-1898541,20181008084500,Reject,Verbal conflict
792899894,20180908,201809,USA,UNITED STATES,USA,,,,,,,,CHN,CHINA,CHN,,,,,,,,1,163,163,16,4,-8.0,8,1,8,-0.83857442348009,3,"Washington, District of Columbia, United States",US,USDC,DC001,38.8951,-77.0364,531871,4,"Beijing, Beijing, China",CH,CH22,13001,39.9289,116.388,-1898541,3,"Washington, District of Columbia, United States",US,USDC,DC001,38.8951,-77.0364,531871,20181008090000,Reduce relations,Material conflict
792900250,20181008,201810,CHNCRM,CHINESE,CHN,,,,,CRM,,,USAMED,REUTERS,USA,,,,,MED,,,1,010,010,01,1,0.0,8,1,8,-2.73972602739727,4,"Shanghai, Shanghai, China",CH,CH23,13243,31.2222,121.458,-1924465,4,"Shanghai, Shanghai, China",CH,CH23,13243,31.2222,121.458,-1924465,4,"Shanghai, Shanghai, China",CH,CH23,13243,31.2222,121.458,-1924465,20181008090000,Make public statement,Verbal cooperation
792901273,20181008,201810,USA,UNITED STATES,USA,,,,,,,,CHN,CHINA,CHN,,,,,,,,1,010,010,01,1,0.0,8,2,8,-2.12776659959759,1,North Korea,KN,KN,,40.0,127.0,KN,1,North Korea,KN,KN,,40.0,127.0,KN,1,North Korea,KN,KN,,40.0,127.0,KN,20181008090000,Make public statement,Verbal cooperation
792903029,20181008,201810,CHN,CHINA,CHN,,,,,,,,USA,WASHINGTON,USA,,,,,,,,1,100,100,10,3,-5.0,6,1,6,-4.19047619047619,3,"Washington, District of Columbia, United States",US,USDC,DC001,38.8951,-77.0364,531871,4,"Pyongyang, P'yongyang-si, North Korea",KN,KN12,39681,39.0194,125.755,-183459,3,"Washington, District of Columbia, United States",US,USDC,DC001,38.8951,-77.0364,531871,20181008091500,Demand,Verbal conflict
792908743,20181008,201810,CHN,BEIJING,CHN,,,,,,,,USA,WASHINGTON,USA,,,,,,,,1,100,100,10,3,-5.0,6,1,6,-4.47154471544716,3,"Washington, District of Columbia, United States",US,USDC,DC001,38.8951,-77.0364,531871,4,"Pyongyang, P'yongyang-si, North Korea",KN,KN12,39681,39.0194,125.755,-183459,4,"Pyongyang, P'yongyang-si, North Korea",KN,KN12,39681,39.0194,125.755,-183459,20181008094500,Demand,Verbal conflict
792917750,20181008,201810,CHN,CHINESE,CHN,,,,,,,,USAGOVMIL,THE US,USA,,,,,GOV,MIL,,1,040,040,04,1,1.0,10,1,10,-4.00866738894908,4,"Beijing, Beijing, China",CH,CH22,13001,39.9289,116.388,-1898541,4,"Beijing, Beijing, China",CH,CH22,13001,39.9289,116.388,-1898541,4,"Beijing, Beijing, China",CH,CH22,13001,39.9289,116.388,-1898541,20181008103000,Consult,Verbal cooperation
792917751,20181008,201810,CHN,CHINESE,CHN,,,,,,,,USAGOVMIL,THE US,USA,,,,,GOV,MIL,,1,164,164,16,4,-7.0,10,1,10,-4.00866738894908,4,"Beijing, Beijing, China",CH,CH22,13001,39.9289,116.388,-1898541,4,"Beijing, Beijing, China",CH,CH22,13001,39.9289,116.388,-1898541,4,"Beijing, Beijing, China",CH,CH22,13001,39.9289,116.388,-1898541,20181008103000,Reduce relations,Material conflict
792919352,20181008,201810,USAGOVMIL,THE US,USA,,,,,GOV,MIL,,CHN,CHINESE,CHN,,,,,,,,1,040,040,04,1,1.0,10,1,10,-4.00866738894908,4,"Beijing, Beijing, China",CH,CH22,13001,39.9289,116.388,-1898541,4,"Beijing, Beijing, China",CH,CH22,13001,39.9289,116.388,-1898541,4,"Beijing, Beijing, China",CH,CH22,13001,39.9289,116.388,-1898541,20181008103000,Consult,Verbal cooperation
792921091,20181008,201810,CHN,BEIJING,CHN,,,,,,,,USA,WASHINGTON,USA,,,,,,,,1,100,100,10,3,-5.0,8,1,8,-4.35606060606061,4,"Beijing, Beijing, China",CH,CH22,13001,39.9289,116.388,-1898541,3,"Washington, District of Columbia, United States",US,USDC,DC001,38.8951,-77.0364,531871,4,"Beijing, Beijing, China",CH,CH22,13001,39.9289,116.388,-1898541,20181008104500,Demand,Verbal conflict
792921116,20181008,201810,CHNGOV,CHINA,CHN,,,,,GOV,,,USA,UNITED STATES,USA,,,,,,,,1,111,111,11,3,-2.0,6,1,6,-5.06666666666667,4,"Beijing, Beijing, China",CH,CH22,13001,39.9289,116.388,-1898541,1,United States,US,US,,39.828175,-98.5795,US,1,United States,US,US,,39.828175,-98.5795,US,20181008104500,Disapprove,Verbal conflict
792922447,20181008,201810,USA,UNITED STATES,USA,,,,,,,,CHN,CHINA,CHN,,,,,,,,1,010,010,01,1,0.0,24,6,24,-1.875,3,"Washington, District of Columbia, United States",US,USDC,DC001,38.8951,-77.0364,531871,3,"Washington, District of Columbia, United States",US,USDC,DC001,38.8951,-77.0364,531871,3,"Washington, District of Columbia, United States",US,USDC,DC001,38.8951,-77.0364,531871,20181008104500,Make public statement,Verbal cooperation
792922555,20181008,201810,USAMED,REUTERS,USA,,,,,MED,,,CHN,CHINA,CHN,,,,,,,,1,010,010,01,1,0.0,6,1,6,-5.06666666666667,4,"Beijing, Beijing, China",CH,CH22,13001,39.9289,116.388,-1898541,4,"Beijing, Beijing, China",CH,CH22,13001,39.9289,116.388,-1898541,4,"Beijing, Beijing, China",CH,CH22,13001,39.9289,116.388,-1898541,20181008104500,Make public statement,Verbal cooperation
792922556,20181008,201810,USAMED,REUTERS,USA,,,,,MED,,,CHN,CHINA,CHN,,,,,,,,1,071,071,07,2,7.4,10,1,10,-5.06666666666667,4,"Beijing, Beijing, China",CH,CH22,13001,39.9289,116.388,-1898541,4,"Beijing, Beijing, China",CH,CH22,13001,39.9289,116.388,-1898541,4,"Beijing, Beijing, China",CH,CH22,13001,39.9289,116.388,-1898541,20181008104500,Provide aid,Material cooperation
792924253,20181008,201810,CHN,CHINA,CHN,,,,,,,,USA,THE US,USA,,,,,,,,1,061,061,06,2,6.4,10,1,10,-1.32669983416252,4,"Beijing, Beijing, China",CH,CH22,13001,39.9289,116.388,-1898541,4,"Beijing, Beijing, China",CH,CH22,13001,39.9289,116.388,-1898541,4,"Beijing, Beijing, China",CH,CH22,13001,39.9289,116.388,-1898541,20181008110000,Engage in material cooperation,Material cooperation
792925439,20181008,201810,USA,THE US,USA,,,,,,,,CHN,CHINA,CHN,,,,,,,,1,061,061,06,2,6.4,10,1,10,-1.32669983416252,4,"Beijing, Beijing, China",CH,CH22,13001,39.9289,116.388,-1898541,4,"Beijing, Beijing, China",CH,CH22,13001,39.9289,116.388,-1898541,4,"Beijing, Beijing, China",CH,CH22,13001,39.9289,116.388,-1898541,20181008110000,Engage in material cooperation,Material cooperation
792936398,20171008,201710,CHN,CHINA,CHN,,,,,,,,USA,AMERICAN,USA,,,,,,,,1,060,060,06,2,6.0,10,1,10,-3.1331592689295,4,"Gongji, Hunan, China",CH,CH11,13142,27.9108,110.885,9174233,1,United States,US,US,,39.828175,-98.5795,US,4,"Gongji, Hunan, China",CH,CH11,13142,27.9108,110.885,9174233,20181008120000,Engage in material cooperation,Material cooperation
792936877,20181008,201810,CHNGOV,CHINA,CHN,,,,,GOV,,,USAGOV,UNITED STATES,USA,,,,,GOV,,,1,022,022,02,1,3.2,8,1,8,-4.54545454545455,4,"Beijing, Beijing, China",CH,CH22,13001,39.9289,116.388,-1898541,1,United States,US,US,,39.828175,-98.5795,US,1,United States,US,US,,39.828175,-98.5795,US,20181008120000,Appeal,Verbal cooperation
792940021,20181008,201810,CHN,CHINA,CHN,,,,,,,,USA,WASHINGTON,USA,,,,,,,,1,022,022,02,1,3.2,8,1,8,-0.85870413739266,4,"Tokyo, Tokyo, Japan",JA,JA40,36340,35.685,139.751,-246227,4,"Tokyo, Tokyo, Japan",JA,JA40,36340,35.685,139.751,-246227,4,"Tokyo, Tokyo, Japan",JA,JA40,36340,35.685,139.751,-246227,20181008121500,Appeal,Verbal cooperation
792941281,20181008,201810,USA,UNITED STATES,USA,,,,,,,,CHN,CHINA,CHN,,,,,,,,1,013,013,01,1,0.4,6,1,6,-1.66830225711482,2,"New York, United States",US,USNY,,42.1497,-74.9384,NY,4,"Beijing, Beijing, China",CH,CH22,13001,39.9289,116.388,-1898541,2,"New York, United States",US,USNY,,42.1497,-74.9384,NY,20181008121500,Make public statement,Verbal cooperation
792941286,20181008,201810,USA,THE US,USA,,,,,,,,CHN,CHINESE,CHN,,,,,,,,1,112,112,11,3,-2.0,10,1,10,-1.6489988221437,1,Taiwan,TW,TW,,24.0,121.0,TW,1,Taiwan,TW,TW,,24.0,121.0,TW,1,Taiwan,TW,TW,,24.0,121.0,TW,20181008121500,Disapprove,Verbal conflict
792943402,20181008,201810,CHN,CHINA,CHN,,,,,,,,USAMED,REUTERS,USA,,,,,MED,,,1,043,043,04,1,2.8,6,1,6,-10.0877192982456,1,China,CH,CH,,35.0,105.0,CH,1,France,FR,FR,,46.0,2.0,FR,1,France,FR,FR,,46.0,2.0,FR,20181008123000,Consult,Verbal cooperation
792944895,20181008,201810,USAMED,REUTERS,USA,,,,,MED,,,CHN,CHINA,CHN,,,,,,,,1,042,042,04,1,1.9,6,1,6,-10.0877192982456,1,France,FR,FR,,46.0,2.0,FR,1,China,CH,CH,,35.0,105.0,CH,1,France,FR,FR,,46.0,2.0,FR,20181008123000,Consult,Verbal cooperation
792946638,20181008,201810,CHNGOV,CHINA,CHN,,,,,GOV,,,USAGOV,UNITED STATES,USA,,,,,GOV,,,1,046,046,04,1,7.0,8,1,8,-3.31753554502369,4,"Beijing, Beijing, China",CH,CH22,13001,39.9289,116.388,-1898541,1,United States,US,US,,39.828175,-98.5795,US,4,"Beijing, Beijing, China",CH,CH22,13001,39.9289,116.388,-1898541,20181008124500,Consult,Verbal cooperation
792948239,20181008,201810,USAGOV,UNITED STATES,USA,,,,,GOV,,,CHNGOV,CHINA,CHN,,,,,GOV,,,1,046,046,04,1,7.0,7,1,7,-3.31753554502369,1,United States,US,US,,39.828175,-98.5795,US,4,"Beijing, Beijing, China",CH,CH22,13001,39.9289,116.388,-1898541,4,"Beijing, Beijing, China",CH,CH22,13001,39.9289,116.388,-1898541,20181008124500,Consult,Verbal cooperation
792950036,20181008,201810,CHN,HANGZHOU,CHN,,,,,,,,USABUS,A US,USA,,,,,BUS,,,1,043,043,04,1,2.8,10,1,10,4.46787148594377,5,"Guangxi, Guangxi, China",CH,CH16,13062,24.0,109.0,-1907151,5,"Guangxi, Guangxi, China",CH,CH16,13062,24.0,109.0,-1907151,5,"Guangxi, Guangxi, China",CH,CH16,13062,24.0,109.0,-1907151,20181008130000,Consult,Verbal cooperation
792951618,20181008,201810,USABUS,A US,USA,,,,,BUS,,,CHN,NANJING,CHN,,,,,,,,1,042,042,04,1,1.9,7,1,7,4.46787148594377,4,"Nanjing, Jiangsu, China",CH,CH04,13144,32.0617,118.778,-1919548,4,"Nanjing, Jiangsu, China",CH,CH04,13144,32.0617,118.778,-1919548,4,"Nanjing, Jiangsu, China",CH,CH04,13144,32.0617,118.778,-1919548,20181008130000,Consult,Verbal cooperation
792959985,20181008,201810,CHN,BEIJING,CHN,,,,,,,,USAGOV,THE WHITE HOUSE,USA,,,,,GOV,,,1,012,012,01,1,-0.4,6,1,6,-2.43902439024391,4,"Lu Kang, Anhui, China",CH,CH01,13144,31.2728,118.337,-1916844,4,"Lu Kang, Anhui, China",CH,CH01,13144,31.2728,118.337,-1916844,4,"Lu Kang, Anhui, China",CH,CH01,13144,31.2728,118.337,-1916844,20181008134500,Make public statement,Verbal cooperation
792963138,20181008,201810,CHN,CHINA,CHN,,,,,,,,USA,UNITED STATES,USA,,,,,,,,1,043,043,04,1,2.8,6,1,6,1.20845921450151,4,"Beijing, Beijing, China",CH,CH22,13001,39.9289,116.388,-1898541,3,"Chicago, Illinois, United States",US,USIL,IL031,41.85,-87.6501,423587,4,"Beijing, Beijing, China",CH,CH22,13001,39.9289,116.388,-1898541,20181008140000,Consult,Verbal cooperation
792964651,20181008,201810,USA,UNITED STATES,USA,,,,,,,,CHN,CHINA,CHN,,,,,,,,1,042,042,04,1,1.9,6,1,6,1.20845921450151,3,"Chicago, Illinois, United States",US,USIL,IL031,41.85,-87.6501,423587,4,"Beijing, Beijing, China",CH,CH22,13001,39.9289,116.388,-1898541,4,"Beijing, Beijing, China",CH,CH22,13001,39.9289,116.388,-1898541,20181008140000,Consult,Verbal cooperation
792964652,20181008,201810,USA,AMERICAN,USA,,,,,,,,CHN,CHINA,CHN,,,,,,,,1,070,070,07,2,7.0,10,1,10,1.20845921450151,3,"Chicago, Illinois, United States",US,USIL,IL031,41.85,-87.6501,423587,3,"Chicago, Illinois, United States",US,USIL,IL031,41.85,-87.6501,423587,3,"Chicago, Illinois, United States",US,USIL,IL031,41.85,-87.6501,423587,20181008140000,Provide aid,Material cooperation
792967885,20181008,201810,USACVL,AMERICAN,USA,,,,,CVL,,,CHN,CHINA,CHN,,,,,,,,1,042,042,04,1,1.9,8,1,8,-2.03160270880361,1,United States,US,US,,39.828175,-98.5795,US,1,United States,US,US,,39.828175,-98.5795,US,1,United States,US,US,,39.828175,-98.5795,US,20181008141500,Consult,Verbal cooperation
792969668,20181008,201810,CHN,CHINA,CHN,,,,,,,,USA,WASHINGTON,USA,,,,,,,,1,043,043,04,1,2.8,8,1,8,-1.32013201320132,1,China,CH,CH,,35.0,105.0,CH,3,"Washington, District of Columbia, United States",US,USDC,DC001,38.8951,-77.0364,531871,1,China,CH,CH,,35.0,105.0,CH,20181008143000,Consult,Verbal cooperation
792971012,20181008,201810,USA,SOUTH DAKOTA,USA,,,,,,,,CHN,CANTON,CHN,,,,,,,,1,013,013,01,1,0.4,8,1,8,-7.65027322404372,2,"South Dakota, United States",US,USSD,,44.2853,-99.4632,SD,1,China,CH,CH,,35.0,105.0,CH,2,"South Dakota, United States",US,USSD,,44.2853,-99.4632,SD,20181008143000,Make public statement,Verbal cooperation
792971013,20181008,201810,USA,WASHINGTON,USA,,,,,,,,CHN,CHINA,CHN,,,,,,,,1,042,042,04,1,1.9,10,1,10,-1.32013201320132,1,Germany,GM,GM,,51.5,10.5,GM,1,Germany,GM,GM,,51.5,10.5,GM,1,Germany,GM,GM,,51.5,10.5,GM,20181008143000,Consult,Verbal cooperation
792976248,20181008,201810,CHN,CHINA,CHN,,,,,,,,USA,THE US,USA,,,,,,,,1,020,020,02,1,3.0,10,1,10,-2.69749518304432,1,China,CH,CH,,35.0,105.0,CH,1,China,CH,CH,,35.0,105.0,CH,1,China,CH,CH,,35.0,105.0,CH,20181008150000,Appeal,Verbal cooperation
792976251,20181008,201810,CHN,CHINA,CHN,,,,,,,,USA,THE US,USA,,,,,,,,1,070,070,07,2,7.0,10,1,10,-4.56273764258556,4,"Beijing, Beijing, China",CH,CH22,13001,39.9289,116.388,-1898541,4,"Beijing, Beijing, China",CH,CH22,13001,39.9289,116.388,-1898541,4,"Beijing, Beijing, China",CH,CH22,13001,39.9289,116.388,-1898541,20181008150000,Provide aid,Material cooperation
792976252,20181008,201810,CHN,CHINA,CHN,,,,,,,,USAGOV,THE US,USA,,,,,GOV,,,1,040,040,04,1,1.0,10,1,10,-3.65217391304348,4,"Beijing, Beijing, China",CH,CH22,13001,39.9289,116.388,-1898541,4,"Beijing, Beijing, China",CH,CH22,13001,39.9289,116.388,-1898541,4,"Beijing, Beijing, China",CH,CH22,13001,39.9289,116.388,-1898541,20181008150000,Consult,Verbal cooperation
792977837,20181008,201810,USAGOV,THE US,USA,,,,,GOV,,,CHN,CHINA,CHN,,,,,,,,1,040,040,04,1,1.0,10,1,10,-3.65217391304348,4,"Beijing, Beijing, China",CH,CH22,13001,39.9289,116.388,-1898541,4,"Beijing, Beijing, China",CH,CH22,13001,39.9289,116.388,-1898541,4,"Beijing, Beijing, China",CH,CH22,13001,39.9289,116.388,-1898541,20181008150000,Consult,Verbal cooperation
792977838,20181008,201810,USAGOV,BARACK OBAMA,USA,,,,,GOV,,,CHN,CHINA,CHN,,,,,,,,1,051,051,05,1,3.4,10,1,10,-4.56273764258556,4,"Beijing, Beijing, China",CH,CH22,13001,39.9289,116.388,-1898541,4,"Beijing, Beijing, China",CH,CH22,13001,39.9289,116.388,-1898541,4,"Beijing, Beijing, China",CH,CH22,13001,39.9289,116.388,-1898541,20181008150000,Engage in diplomatic cooperation,Verbal cooperation
792977839,20181008,201810,USAGOV,US OFFICIAL,USA,,,,,GOV,,,CHN,CHINA,CHN,,,,,,,,1,112,112,11,3,-2.0,10,1,10,-4.56273764258556,4,"Beijing, Beijing, China",CH,CH22,13001,39.9289,116.388,-1898541,4,"Beijing, Beijing, China",CH,CH22,13001,39.9289,116.388,-1898541,4,"Beijing, Beijing, China",CH,CH22,13001,39.9289,116.388,-1898541,20181008150000,Disapprove,Verbal conflict
792979579,20181008,201810,CHN,CHINA,CHN,,,,,,,,USAEDU,CALIFORNIA,USA,,,,,EDU,,,1,040,040,04,1,1.0,10,1,10,3.50877192982456,4,"Beijing, Beijing, China",CH,CH22,13001,39.9289,116.388,-1898541,4,"Beijing, Beijing, China",CH,CH22,13001,39.9289,116.388,-1898541,4,"Beijing, Beijing, China",CH,CH22,13001,39.9289,116.388,-1898541,20181008151500,Consult,Verbal cooperation
792987664,20181008,201810,USA,UNITED STATES,USA,,,,,,,,CHN,CHINA,CHN,,,,,,,,1,071,071,07,2,7.4,10,1,10,0.45045045045045,1,United States,US,US,,39.828175,-98.5795,US,4,"Beijing, Beijing, China",CH,CH22,13001,39.9289,116.388,-1898541,4,"Beijing, Beijing, China",CH,CH22,13001,39.9289,116.388,-1898541,20181008154500,Provide aid,Material cooperation
792989506,20181008,201810,CHN,BEIJING,CHN,,,,,,,,USA,WASHINGTON,USA,,,,,,,,1,112,112,11,3,-2.0,6,1,6,-3.7914691943128,4,"Beijing, Beijing, China",CH,CH22,13001,39.9289,116.388,-1898541,3,"Washington, District of Columbia, United States",US,USDC,DC001,38.8951,-77.0364,531871,3,"Washington, District of Columbia, United States",US,USDC,DC001,38.8951,-77.0364,531871,20181008160000,Disapprove,Verbal conflict
792994330,20181008,201810,USA,UNITED STATES,USA,,,,,,,,CHN,CHINA,CHN,,,,,,,,1,020,020,02,1,3.0,10,1,10,-1.89873417721519,1,United States,US,US,,39.828175,-98.5795,US,1,China,CH,CH,,35.0,105.0,CH,1,United States,US,US,,39.828175,-98.5795,US,20181008161500,Appeal,Verbal cooperation
792994337,20181008,201810,USA,WASHINGTON,USA,,,,,,,,CHNMIL,CHINESE,CHN,,,,,MIL,,,1,163,163,16,4,-8.0,6,1,6,-4.70588235294118,3,"Washington, District of Columbia, United States",US,USDC,DC001,38.8951,-77.0364,531871,4,"Beijing, Beijing, China",CH,CH22,13001,39.9289,116.388,-1898541,3,"Washington, District of Columbia, United States",US,USDC,DC001,38.8951,-77.0364,531871,20181008161500,Reduce relations,Material conflict
792994555,20181008,201810,USAMIL,AMERICAN,USA,,,,,MIL,,,CHN,BEIJING,CHN,,,,,,,,1,162,162,16,4,-5.6,6,1,6,-4.70588235294118,3,"Washington, District of Columbia, United States",US,USDC,DC001,38.8951,-77.0364,531871,4,"Beijing, Beijing, China",CH,CH22,13001,39.9289,116.388,-1898541,4,"Beijing, Beijing, China",CH,CH22,13001,39.9289,116.388,-1898541,20181008161500,Reduce relations,Material conflict
793005098,20181008,201810,CHN,CHINA,CHN,,,,,,,,USA,THE US,USA,,,,,,,,1,057,057,05,1,8.0,10,1,10,-5.34124629080119,1,China,CH,CH,,35.0,105.0,CH,1,China,CH,CH,,35.0,105.0,CH,1,China,CH,CH,,35.0,105.0,CH,20181008171500,Engage in diplomatic cooperation,Verbal cooperation
793006329,20181008,201810,USA,THE US,USA,,,,,,,,CHN,CHINA,CHN,,,,,,,,1,057,057,05,1,8.0,10,1,10,-5.34124629080119,1,China,CH,CH,,35.0,105.0,CH,1,China,CH,CH,,35.0,105.0,CH,1,China,CH,CH,,35.0,105.0,CH,20181008171500,Engage in diplomatic cooperation,Verbal cooperation
793006331,20181008,201810,USA,THE US,USA,,,,,,,,CHN,CHINA,CHN,,,,,,,,1,070,070,07,2,7.0,10,1,10,1.42857142857143,4,"Brussels, Bruxelles-Capitale, Belgium",BE,BE11,5850,50.8333,4.33333,-1955538,4,"Brussels, Bruxelles-Capitale, Belgium",BE,BE11,5850,50.8333,4.33333,-1955538,4,"Brussels, Bruxelles-Capitale, Belgium",BE,BE11,5850,50.8333,4.33333,-1955538,20181008171500,Provide aid,Material cooperation
793006332,20181008,201810,USA,THE US,USA,,,,,,,,CHN,CHINA,CHN,,,,,,,,1,070,070,07,2,7.0,10,1,10,1.30434782608695,1,United Kingdom,UK,UK,,54.0,-4.0,UK,1,United Kingdom,UK,UK,,54.0,-4.0,UK,1,United Kingdom,UK,UK,,54.0,-4.0,UK,20181008171500,Provide aid,Material cooperation
793011547,20181008,201810,CHN,CHINESE,CHN,,,,,,,,USA,THE US,USA,,,,,,,,1,120,120,12,3,-4.0,10,1,10,1.2396694214876,1,China,CH,CH,,35.0,105.0,CH,1,China,CH,CH,,35.0,105.0,CH,1,China,CH,CH,,35.0,105.0,CH,20181008174500,Reject,Verbal conflict
793015868,20181008,201810,USA,UNITED STATES,USA,,,,,,,,CHN,CHINA,CHN,,,,,,,,1,111,111,11,3,-2.0,8,1,8,-2.70880361173815,1,United States,US,US,,39.828175,-98.5795,US,4,"Beijing, Beijing, China",CH,CH22,13001,39.9289,116.388,-1898541,4,"Beijing, Beijing, China",CH,CH22,13001,39.9289,116.388,-1898541,20181008180000,Disapprove,Verbal conflict
793031404,20181008,201810,CHNGOV,CHINESE,CHN,,,,,GOV,,,USA,THE US,USA,,,,,,,,1,138,138,13,3,-7.0,6,1,6,-4.46672743846855,4,"Beijing, Beijing, China",CH,CH22,13001,39.9289,116.388,-1898541,4,"Beijing, Beijing, China",CH,CH22,13001,39.9289,116.388,-1898541,4,"Beijing, Beijing, China",CH,CH22,13001,39.9289,116.388,-1898541,20181008193000,Threaten,Verbal conflict
793032714,20181008,201810,USA,THE US,USA,,,,,,,,CHN,CHINA,CHN,,,,,,,,1,051,051,05,1,3.4,10,1,10,1.28440366972477,4,"Hubei, Guangdong, China",CH,CH30,13047,23.2656,116.054,10073728,4,"Hubei, Guangdong, China",CH,CH30,13047,23.2656,116.054,10073728,4,"Republic Of China, Taiwan (general), Taiwan",TW,TW00,13277,24.0,121.0,-2637939,20181008193000,Engage in diplomatic cooperation,Verbal cooperation
793036999,20181008,201810,CHN,CHINA,CHN,,,,,,,,USA,UNITED STATES,USA,,,,,,,,1,025,025,02,1,-0.3,10,1,10,-8.33333333333333,1,China,CH,CH,,35.0,105.0,CH,1,United States,US,US,,39.828175,-98.5795,US,1,China,CH,CH,,35.0,105.0,CH,20181008200000,Appeal,Verbal cooperation
793047846,20081010,200810,CHN,CHINESE,CHN,,,,,,,,USA,THE US,USA,,,,,,,,1,060,060,06,2,6.0,8,1,8,0.30674846625767,4,"Hai Yangdao, Liaoning, China",CH,CH19,13178,39.0497,123.18,-1908234,4,"Colombo, Western, Sri Lanka",CE,CE36,25852,6.93194,79.8478,-2214877,4,"Hai Yangdao, Liaoning, China",CH,CH19,13178,39.0497,123.18,-1908234,20181008210000,Engage in material cooperation,Material cooperation
793050780,20181008,201810,CHN,CHINA,CHN,,,,,,,,USABUS,AMERICAN,USA,,,,,BUS,,,1,042,042,04,1,1.9,6,1,6,-2.83553875236294,4,"Zexi, Hunan, China",CH,CH11,13142,27.9328,110.764,9174242,3,"Washington, District of Columbia, United States",US,USDC,DC001,38.8951,-77.0364,531871,4,"Zexi, Hunan, China",CH,CH11,13142,27.9328,110.764,9174242,20181008211500,Consult,Verbal cooperation
793051880,20181008,201810,USABUS,AMERICAN,USA,,,,,BUS,,,CHN,CHINA,CHN,,,,,,,,1,012,012,01,1,-0.4,6,1,6,-2.83553875236294,4,"Zexi, Hunan, China",CH,CH11,13142,27.9328,110.764,9174242,4,"Zexi, Hunan, China",CH,CH11,13142,27.9328,110.764,9174242,4,"Zexi, Hunan, China",CH,CH11,13142,27.9328,110.764,9174242,20181008211500,Make public statement,Verbal cooperation
793051883,20181008,201810,USABUS,AMERICAN,USA,,,,,BUS,,,CHN,CHINA,CHN,,,,,,,,1,043,043,04,1,2.8,6,1,6,-2.83553875236294,3,"Washington, District of Columbia, United States",US,USDC,DC001,38.8951,-77.0364,531871,4,"Zexi, Hunan, China",CH,CH11,13142,27.9328,110.764,9174242,4,"Zexi, Hunan, China",CH,CH11,13142,27.9328,110.764,9174242,20181008211500,Consult,Verbal cooperation
793055224,20181008,201810,CHN,TIBET,CHN,,,,,,,,USA,UNITED STATES,USA,,,,,,,,1,042,042,04,1,1.9,8,1,8,-2.07715133531157,5,"Tibet, Xizang, China",CH,CH14,13213,32.0,90.0,-1934604,5,"Tibet, Xizang, China",CH,CH14,13213,32.0,90.0,-1934604,5,"Tibet, Xizang, China",CH,CH14,13213,32.0,90.0,-1934604,20181008214500,Consult,Verbal cooperation
793066628,20181008,201810,CHN,CHINA,CHN,,,,,,,,USA,WASHINGTON,USA,,,,,,,,1,054,054,05,1,6.0,9,1,9,-3.87596899224806,4,"Beijing, Beijing, China",CH,CH22,13001,39.9289,116.388,-1898541,4,"Beijing, Beijing, China",CH,CH22,13001,39.9289,116.388,-1898541,4,"Beijing, Beijing, China",CH,CH22,13001,39.9289,116.388,-1898541,20181008230000,Engage in diplomatic cooperation,Verbal cooperation
793070506,20171008,201710,CHN,CHINA,CHN,,,,,,,,USA,UNITED STATES,USA,,,,,,,,1,043,043,04,1,2.8,7,1,7,-2.50696378830083,4,"Beijing, Beijing, China",CH,CH22,13001,39.9289,116.388,-1898541,3,"Hillsboro, North Dakota, United States",US,USND,ND097,47.4039,-97.062,1029457,2,"North Dakota, United States",US,USND,,47.5362,-99.793,ND,20181008233000,Consult,Verbal cooperation
793072995,20181008,201810,CHN,CHINESE,CHN,,,,,,,,USACOP,UNITED STATES,USA,,,,,COP,,,1,193,193,19,4,-10.0,8,1,8,-2.55152109911678,3,"Las Cruces, New Mexico, United States",US,USNM,NM013,32.3123,-106.778,899715,3,"Las Cruces, New Mexico, United States",US,USNM,,32.3123,-106.778,899715,3,"Las Cruces, New Mexico, United States",US,USNM,,32.3123,-106.778,899715,20181008234500,Fight,Material conflict
793074838,20081011,200810,CHN,CHINESE,CHN,,,,,,,,USA,THE US,USA,,,,,,,,1,060,060,06,2,6.0,12,2,12,0.30832476875643,4,"Hai Yangdao, Liaoning, China",CH,CH19,13178,39.0497,123.18,-1908234,4,"Colombo, Western, Sri Lanka",CE,CE36,25852,6.93194,79.8478,-2214877,4,"Hai Yangdao, Liaoning, China",CH,CH19,13178,39.0497,123.18,-1908234,20181009000000,Engage in material cooperation,Material cooperation
793075914,20181009,201810,CHN,CHINA,CHN,,,,,,,,USA,UNITED STATES,USA,,,,,,,,1,010,010,01,1,0.0,15,3,15,-2.82637954239569,4,"Diaoyutai, Henan, China",CH,CH09,13111,33.8072,111.925,6001729,3,"Washington, District of Columbia, United States",US,USDC,DC001,38.8951,-77.0364,531871,4,"Diaoyutai, Henan, China",CH,CH09,13111,33.8072,111.925,6001729,20181009000000,Make public statement,Verbal cooperation
793079040,20181009,201810,USA,THE US,USA,,,,,,,,CHN,CHINA,CHN,,,,,,,,1,190,190,19,4,-10.0,10,1,10,-8.53658536585366,1,China,CH,CH,,35.0,105.0,CH,1,China,CH,CH,,35.0,105.0,CH,1,China,CH,CH,,35.0,105.0,CH,20181009000000,Fight,Material conflict
793081112,20181009,201810,CHN,CHINESE,CHN,,,,,,,,USA,CHICAGO,USA,,,,,,,,1,046,046,04,1,7.0,6,1,6,3.74064837905237,3,"Chicago, Illinois, United States",US,USIL,IL031,41.85,-87.6501,423587,3,"Boston, Massachusetts, United States",US,USMA,MA025,42.3584,-71.0598,617565,3,"Chicago, Illinois, United States",US,USIL,IL031,41.85,-87.6501,423587,20181009001500,Consult,Verbal cooperation
793081115,20181009,201810,CHN,CHINESE,CHN,,,,,,,,USA,CHICAGO,USA,,,,,,,,1,110,110,11,3,-2.0,8,1,8,3.74064837905237,4,"Beijing, Beijing, China",CH,CH22,13001,39.9289,116.388,-1898541,3,"Chicago, Illinois, United States",US,USIL,IL031,41.85,-87.6501,423587,4,"Beijing, Beijing, China",CH,CH22,13001,39.9289,116.388,-1898541,20181009001500,Disapprove,Verbal conflict
793083176,20181009,201810,USA,UNITED STATES,USA,,,,,,,,CHN,CHINESE,CHN,,,,,,,,1,046,046,04,1,7.0,9,1,9,3.74064837905237,3,"Chicago, Illinois, United States",US,USIL,IL031,41.85,-87.6501,423587,4,"Beijing, Beijing, China",CH,CH22,13001,39.9289,116.388,-1898541,4,"Beijing, Beijing, China",CH,CH22,13001,39.9289,116.388,-1898541,20181009001500,Consult,Verbal cooperation
793085450,20181009,201810,CHN,CHINA,CHN,,,,,,,,USA,SAN DIEGO,USA,,,,,,,,1,061,061,06,2,6.4,10,1,10,1.11524163568773,3,"San Diego, California, United States",US,USCA,CA073,32.7153,-117.157,1661377,3,"San Diego, California, United States",US,USCA,,32.7153,-117.157,1661377,3,"San Diego, California, United States",US,USCA,,32.7153,-117.157,1661377,20181009003000,Engage in material cooperation,Material cooperation
793087326,20181009,201810,USAEDU,UNITED STATES,USA,,,,,EDU,,,CHN,CHINA,CHN,,,,,,,,1,042,042,04,1,1.9,8,1,8,2.11081794195251,4,"Suzhou, Jiangsu, China",CH,CH04,13148,31.3114,120.618,79514,4,"Suzhou, Jiangsu, China",CH,CH04,13148,31.3114,120.618,79514,4,"Suzhou, Jiangsu, China",CH,CH04,13148,31.3114,120.618,79514,20181009003000,Consult,Verbal cooperation
793098630,20181009,201810,CHN,CHINA,CHN,,,,,,,,USA,THE US,USA,,,,,,,,1,112,112,11,3,-2.0,10,1,10,-4.6218487394958,4,"Renmin, Liaoning, China",CH,CH19,13182,40.7703,123.792,11215357,4,"Renmin, Liaoning, China",CH,CH19,13182,40.7703,123.792,11215357,4,"Renmin, Liaoning, China",CH,CH19,13182,40.7703,123.792,11215357,20181009013000,Disapprove,Verbal conflict
793101756,20181009,201810,CHN,BEIJING,CHN,,,,,,,,USA,WASHINGTON,USA,,,,,,,,1,043,043,04,1,2.8,6,1,6,-3.125,4,"Beijing, Beijing, China",CH,CH22,13001,39.9289,116.388,-1898541,3,"Washington, District of Columbia, United States",US,USDC,DC001,38.8951,-77.0364,531871,4,"Beijing, Beijing, China",CH,CH22,13001,39.9289,116.388,-1898541,20181009014500,Consult,Verbal cooperation
793101759,20181009,201810,CHNCRM,CHINESE,CHN,,,,,CRM,,,USAMED,REUTERS,USA,,,,,MED,,,1,010,010,01,1,0.0,8,1,8,-2.34986945169712,4,"Shanghai, Shanghai, China",CH,CH23,13243,31.2222,121.458,-1924465,4,"Shanghai, Shanghai, China",CH,CH23,13243,31.2222,121.458,-1924465,4,"Shanghai, Shanghai, China",CH,CH23,13243,31.2222,121.458,-1924465,20181009014500,Make public statement,Verbal cooperation
793104515,20181009,201810,CHN,CHINESE,CHN,,,,,,,,USA,AMERICAN,USA,,,,,,,,1,163,163,16,4,-8.0,8,1,8,-1.42314990512334,4,"Diaoyu, Liaoning, China",CH,CH19,13188,42.8333,124.633,-1903386,4,"Diaoyu, Liaoning, China",CH,CH19,13188,42.8333,124.633,-1903386,4,"Diaoyu, Liaoning, China",CH,CH19,13188,42.8333,124.633,-1903386,20181009020000,Reduce relations,Material conflict
793104517,20181009,201810,CHN,CHINA,CHN,,,,,,,,USA,NEW YORK,USA,,,,,,,,1,190,190,19,4,-10.0,15,1,10,-1.91082802547771,1,China,CH,CH,,35.0,105.0,CH,1,China,CH,CH,,35.0,105.0,CH,1,China,CH,CH,,35.0,105.0,CH,20181009020000,Fight,Material conflict
793104518,20181009,201810,CHN,CHINA,CHN,,,,,,,,USAGOV,UNITED STATES,USA,,,,,GOV,,,1,043,043,04,1,2.8,8,1,8,-1.42314990512334,4,"Diaoyu, Liaoning, China",CH,CH19,13188,42.8333,124.633,-1903386,3,"Washington, District of Columbia, United States",US,USDC,DC001,38.8951,-77.0364,531871,4,"Diaoyu, Liaoning, China",CH,CH19,13188,42.8333,124.633,-1903386,20181009020000,Consult,Verbal cooperation
793105814,20181009,201810,USAGOV,UNITED STATES,USA,,,,,GOV,,,CHN,CHINA,CHN,,,,,,,,1,020,020,02,1,3.0,8,1,8,-1.42314990512334,3,"Washington, District of Columbia, United States",US,USDC,DC001,38.8951,-77.0364,531871,4,"Diaoyu, Liaoning, China",CH,CH19,13188,42.8333,124.633,-1903386,4,"Diaoyu, Liaoning, China",CH,CH19,13188,42.8333,124.633,-1903386,20181009020000,Appeal,Verbal cooperation
793105816,20181009,201810,USAGOV,UNITED STATES,USA,,,,,GOV,,,CHN,CHINA,CHN,,,,,,,,1,042,042,04,1,1.9,8,1,8,-1.42314990512334,3,"Washington, District of Columbia, United States",US,USDC,DC001,38.8951,-77.0364,531871,4,"Diaoyu, Liaoning, China",CH,CH19,13188,42.8333,124.633,-1903386,4,"Diaoyu, Liaoning, China",CH,CH19,13188,42.8333,124.633,-1903386,20181009020000,Consult,Verbal cooperation
793120335,20181009,201810,CHNGOV,CHINA,CHN,,,,,GOV,,,USA,THE US,USA,,,,,,,,1,046,046,04,1,7.0,6,1,6,-6.07142857142857,4,"Hainan, Hainan, China",CH,CH31,13072,18.9394,109.484,6025157,4,"Hainan, Hainan, China",CH,CH31,13072,18.9394,109.484,6025157,4,"Hainan, Hainan, China",CH,CH31,13072,18.9394,109.484,6025157,20181009034500,Consult,Verbal cooperation
793129913,20181009,201810,USA,AMERICAN,USA,,,,,,,,CHN,CHINA,CHN,,,,,,,,1,020,020,02,1,3.0,8,1,8,-2.61306532663316,1,United States,US,US,,39.828175,-98.5795,US,4,"Great Wall, China (general), China",CH,CH00,13077,39.9667,119.8,-1930117,4,"Great Wall, China (general), China",CH,CH00,13077,39.9667,119.8,-1930117,20181009044500,Appeal,Verbal cooperation
793131104,20181009,201810,CHNGOV,CHINA,CHN,,,,,GOV,,,USA,UNITED STATES,USA,,,,,,,,1,111,111,11,3,-2.0,6,1,6,-3.86473429951691,4,"Beijing, Beijing, China",CH,CH22,13001,39.9289,116.388,-1898541,1,United States,US,US,,39.828175,-98.5795,US,1,United States,US,US,,39.828175,-98.5795,US,20181009050000,Disapprove,Verbal conflict
793137504,20181009,201810,CHN,CHINA,CHN,,,,,,,,USA,THE US,USA,,,,,,,,1,030,030,03,1,4.0,8,1,8,-3.93013100436681,1,China,CH,CH,,35.0,105.0,CH,1,Saudi Arabia,SA,SA,,25.0,45.0,SA,1,Iran,IR,IR,,32.0,53.0,IR,20181009054500,Express intent to cooperate,Verbal cooperation
793137505,20181009,201810,CHN,CANTON,CHN,,,,,,,,USA,BOSTON,USA,,,,,,,,1,173,173,17,4,-5.0,8,1,8,-6.11111111111111,1,China,CH,CH,,35.0,105.0,CH,1,China,CH,CH,,35.0,105.0,CH,1,China,CH,CH,,35.0,105.0,CH,20181009054500,Coerce,Material conflict
793138743,20181009,201810,USAGOV,US OFFICIAL,USA,,,,,GOV,,,CHN,CHINA,CHN,,,,,,,,1,130,130,13,3,-4.4,30,1,10,-3.1496062992126,4,"Beijing, Beijing, China",CH,CH22,13001,39.9289,116.388,-1898541,4,"Beijing, Beijing, China",CH,CH22,13001,39.9289,116.388,-1898541,4,"Beijing, Beijing, China",CH,CH22,13001,39.9289,116.388,-1898541,20181009054500,Threaten,Verbal conflict
793139761,20181009,201810,CHN,BEIJING,CHN,,,,,,,,USA,UNITED STATES,USA,,,,,,,,1,100,100,10,3,-5.0,8,1,8,-2.59208731241474,3,"Washington, District of Columbia, United States",US,USDC,DC001,38.8951,-77.0364,531871,3,"Washington, District of Columbia, United States",US,USDC,DC001,38.8951,-77.0364,531871,3,"Washington, District of Columbia, United States",US,USDC,DC001,38.8951,-77.0364,531871,20181009060000,Demand,Verbal conflict
793140814,20181009,201810,USA,WASHINGTON,USA,,,,,,,,CHN,CHINA,CHN,,,,,,,,1,120,120,12,3,-4.0,7,1,7,-2.28215767634854,1,Russia,RS,RS,,60.0,100.0,RS,4,"Beijing, Beijing, China",CH,CH22,13001,39.9289,116.388,-1898541,4,"Beijing, Beijing, China",CH,CH22,13001,39.9289,116.388,-1898541,20181009060000,Reject,Verbal conflict
793142095,20181009,201810,CHN,CANTON,CHN,,,,,,,,USA,BOSTON,USA,,,,,,,,1,173,173,17,4,-5.0,8,1,8,-5.98591549295775,3,"Boston, Massachusetts, United States",US,USMA,MA025,42.3584,-71.0598,617565,3,"Boston, Massachusetts, United States",US,USMA,MA025,42.3584,-71.0598,617565,3,"Boston, Massachusetts, United States",US,USMA,MA025,42.3584,-71.0598,617565,20181009061500,Coerce,Material conflict
793143124,20181009,201810,USA,BOSTON,USA,,,,,,,,CHN,CANTON,CHN,,,,,,,,1,180,180,18,4,-9.0,8,1,8,-5.98591549295775,3,"Boston, Massachusetts, United States",US,USMA,MA025,42.3584,-71.0598,617565,1,China,CH,CH,,35.0,105.0,CH,1,China,CH,CH,,35.0,105.0,CH,20181009061500,Assault,Material conflict
793145769,20181009,201810,USA,WASHINGTON,USA,,,,,,,,CHNMIL,CHINESE,CHN,,,,,MIL,,,1,163,163,16,4,-8.0,6,1,6,-5.11363636363637,3,"Washington, District of Columbia, United States",US,USDC,DC001,38.8951,-77.0364,531871,4,"Beijing, Beijing, China",CH,CH22,13001,39.9289,116.388,-1898541,3,"Washington, District of Columbia, United States",US,USDC,DC001,38.8951,-77.0364,531871,20181009063000,Reduce relations,Material conflict
793145860,20181009,201810,USAMIL,AMERICAN,USA,,,,,MIL,,,CHN,BEIJING,CHN,,,,,,,,1,162,162,16,4,-5.6,6,1,6,-5.11363636363637,3,"Washington, District of Columbia, United States",US,USDC,DC001,38.8951,-77.0364,531871,4,"Beijing, Beijing, China",CH,CH22,13001,39.9289,116.388,-1898541,4,"Beijing, Beijing, China",CH,CH22,13001,39.9289,116.388,-1898541,20181009063000,Reduce relations,Material conflict
793151995,20181009,201810,CHN,CHINA,CHN,,,,,,,,USA,UNITED STATES,USA,,,,,,,,1,016,016,01,1,-2.0,10,1,8,-9.07407407407407,4,"Beijing, Beijing, China",CH,CH22,13001,39.9289,116.388,-1898541,4,"Beijing, Beijing, China",CH,CH22,13001,39.9289,116.388,-1898541,4,"Beijing, Beijing, China",CH,CH22,13001,39.9289,116.388,-1898541,20181009071500,Make public statement,Verbal cooperation
793151996,20181009,201810,CHN,CHINA,CHN,,,,,,,,USA,UNITED STATES,USA,,,,,,,,1,016,016,01,1,-2.0,6,1,6,-9.07407407407407,4,"Beijing, Beijing, China",CH,CH22,13001,39.9289,116.388,-1898541,1,United States,US,US,,39.828175,-98.5795,US,4,"Beijing, Beijing, China",CH,CH22,13001,39.9289,116.388,-1898541,20181009071500,Make public statement,Verbal cooperation
793151998,20181009,201810,CHN,CHINA,CHN,,,,,,,,USA,UNITED STATES,USA,,,,,,,,1,030,030,03,1,4.0,8,1,8,-2.87907869481765,1,China,CH,CH,,35.0,105.0,CH,3,"Washington, District of Columbia, United States",US,USDC,DC001,38.8951,-77.0364,531871,3,"Washington, District of Columbia, United States",US,USDC,DC001,38.8951,-77.0364,531871,20181009071500,Express intent to cooperate,Verbal cooperation
793151999,20181009,201810,CHN,BEIJING,CHN,,,,,,,,USA,WASHINGTON,USA,,,,,,,,1,100,100,10,3,-5.0,10,1,10,-6.12244897959183,4,"Beijing, Beijing, China",CH,CH22,13001,39.9289,116.388,-1898541,4,"Beijing, Beijing, China",CH,CH22,13001,39.9289,116.388,-1898541,4,"Beijing, Beijing, China",CH,CH22,13001,39.9289,116.388,-1898541,20181009071500,Demand,Verbal conflict
793154853,20181009,201810,MNCUSA,BORGWARNER,USA,,,,,MNC,,,CHN,WUHAN,CHN,,,,,,,,1,051,051,05,1,3.4,10,1,10,0.91324200913242,4,"Wuhan, Hubei, China",CH,CH12,13124,30.5833,114.267,-1930776,4,"Wuhan, Hubei, China",CH,CH12,13124,30.5833,114.267,-1930776,4,"Wuhan, Hubei, China",CH,CH12,13124,30.5833,114.267,-1930776,20181009073000,Engage in diplomatic cooperation,Verbal cooperation
793156479,20181009,201810,CHN,CHINA,CHN,,,,,,,,USA,THE US,USA,,,,,,,,1,110,110,11,3,-2.0,11,1,8,2.46136233543217,1,China,CH,CH,,35.0,105.0,CH,1,Russia,RS,RS,,60.0,100.0,RS,1,China,CH,CH,,35.0,105.0,CH,20181009074500,Disapprove,Verbal conflict
793157450,20181009,201810,USA,THE US,USA,,,,,,,,CHN,CHINA,CHN,,,,,,,,1,110,110,11,3,-2.0,11,1,8,2.46136233543217,1,Russia,RS,RS,,60.0,100.0,RS,1,China,CH,CH,,35.0,105.0,CH,1,China,CH,CH,,35.0,105.0,CH,20181009074500,Disapprove,Verbal conflict
793161277,20181009,201810,CHN,CHINA,CHN,,,,,,,,USA,UNITED STATES,USA,,,,,,,,1,031,031,03,1,5.2,6,2,6,-4.68050468050468,4,"Lu Kang, Anhui, China",CH,CH01,13144,31.2728,118.337,-1916844,4,"Lu Kang, Anhui, China",CH,CH01,13144,31.2728,118.337,-1916844,1,United States,US,US,,39.828175,-98.5795,US,20181009081500,Express intent to cooperate,Verbal cooperation
793175457,20181009,201810,CHN,SHANGHAI,CHN,,,,,,,,USA,NEW YORK,USA,,,,,,,,1,172,172,17,4,-5.0,6,1,6,5.46218487394958,4,"Shanghai, Shanghai, China",CH,CH23,13243,31.2222,121.458,-1924465,4,"Shanghai, Shanghai, China",CH,CH23,13243,31.2222,121.458,-1924465,4,"Shanghai, Shanghai, China",CH,CH23,13243,31.2222,121.458,-1924465,20181009093000,Coerce,Material conflict
793184527,20181009,201810,CHNCVL,CHINESE,CHN,,,,,CVL,,,USA,THE US,USA,,,,,,,,1,036,036,03,1,4.0,8,1,8,2.56410256410257,1,France,FR,FR,,46.0,2.0,FR,1,France,FR,FR,,46.0,2.0,FR,1,France,FR,FR,,46.0,2.0,FR,20181009101500,Express intent to cooperate,Verbal cooperation
793194372,20181009,201810,CHN,CHINA,CHN,,,,,,,,USA,THE US,USA,,,,,,,,1,046,046,04,1,7.0,6,1,6,-0.0734214390601999,4,"Yingtai, Hebei, China",CH,CH10,13079,37.6086,115.176,-1936523,4,"Yingtai, Hebei, China",CH,CH10,13079,37.6086,115.176,-1936523,4,"Yingtai, Hebei, China",CH,CH10,13079,37.6086,115.176,-1936523,20181009110000,Consult,Verbal cooperation
793194377,20181009,201810,CHN,CHINA,CHN,,,,,,,,USA,THE US,USA,,,,,,,,1,190,190,19,4,-10.0,10,1,10,-1.90909090909091,4,"Diaoyu, Liaoning, China",CH,CH19,13188,42.8333,124.633,-1903386,4,"Diaoyu, Liaoning, China",CH,CH19,13188,42.8333,124.633,-1903386,4,"Diaoyu, Liaoning, China",CH,CH19,13188,42.8333,124.633,-1903386,20181009110000,Fight,Material conflict
793195672,20181009,201810,USA,AMERICAN,USA,,,,,,,,CHN,CHINESE,CHN,,,,,,,,1,043,043,04,1,2.8,6,1,6,0.941619585687387,1,United States,US,US,,39.828175,-98.5795,US,5,"Anhui, Anhui, China",CH,CH01,12996,32.0,117.0,-1896677,1,United States,US,US,,39.828175,-98.5795,US,20181009110000,Consult,Verbal cooperation
793195674,20181009,201810,USA,THE US,USA,,,,,,,,CHN,CHINA,CHN,,,,,,,,1,190,190,19,4,-10.0,10,1,10,-1.90909090909091,4,"Diaoyu, Liaoning, China",CH,CH19,13188,42.8333,124.633,-1903386,4,"Diaoyu, Liaoning, China",CH,CH19,13188,42.8333,124.633,-1903386,4,"Diaoyu, Liaoning, China",CH,CH19,13188,42.8333,124.633,-1903386,20181009110000,Fight,Material conflict
793208491,20181009,201810,CHN,CHINA,CHN,,,,,,,,USA,THE US,USA,,,,,,,,1,030,030,03,1,4.0,10,1,10,-3.63247863247863,1,China,CH,CH,,35.0,105.0,CH,4,"Tehran, Tehran, Iran",IR,IR26,41130,35.75,51.5148,10074674,4,"Tehran, Tehran, Iran",IR,IR26,41130,35.75,51.5148,10074674,20181009120000,Express intent to cooperate,Verbal cooperation
793218319,20181009,201810,CHN,CHINA,CHN,,,,,,,,USA,UNITED STATES,USA,,,,,,,,1,042,042,04,1,1.9,6,1,6,2.18340611353712,2,"Illinois, United States",US,USIL,,40.3363,-89.0022,IL,3,"Bloomington, Illinois, United States",US,USIL,IL113,40.4842,-88.9937,404579,2,"Illinois, United States",US,USIL,,40.3363,-89.0022,IL,20181009124500,Consult,Verbal cooperation
793219499,20181009,201810,USA,UNITED STATES,USA,,,,,,,,CHN,CHINA,CHN,,,,,,,,1,043,043,04,1,2.8,6,1,6,2.18340611353712,3,"Bloomington, Illinois, United States",US,USIL,IL113,40.4842,-88.9937,404579,2,"Illinois, United States",US,USIL,,40.3363,-89.0022,IL,2,"Illinois, United States",US,USIL,,40.3363,-89.0022,IL,20181009124500,Consult,Verbal cooperation
793236309,20181009,201810,USA,VERMONT,USA,,,,,,,,CHN,CHINA,CHN,,,,,,,,1,172,172,17,4,-5.0,10,1,10,-8.26210826210826,2,"New York, United States",US,USNY,,42.1497,-74.9384,NY,2,"California, United States",US,USCA,,36.17,-119.746,CA,2,"New York, United States",US,USNY,,42.1497,-74.9384,NY,20181009140000,Coerce,Material conflict
793238296,20181009,201810,CHN,CHINA,CHN,,,,,,,,USA,WASHINGTON,USA,,,,,,,,1,130,130,13,3,-4.4,10,1,10,-6.11702127659575,4,"Beijing, Beijing, China",CH,CH22,13001,39.9289,116.388,-1898541,4,"Beijing, Beijing, China",CH,CH22,13001,39.9289,116.388,-1898541,4,"Beijing, Beijing, China",CH,CH22,13001,39.9289,116.388,-1898541,20181009141500,Threaten,Verbal conflict
793239763,20181009,201810,USA,THE US,USA,,,,,,,,CHN,CHINA,CHN,,,,,,,,1,050,050,05,1,3.5,8,1,8,1.20192307692308,4,"Moscow, Moskva, Russia",RS,RS48,25106,55.7522,37.6156,-2960561,4,"Moscow, Moskva, Russia",RS,RS48,25106,55.7522,37.6156,-2960561,4,"Moscow, Moskva, Russia",RS,RS48,25106,55.7522,37.6156,-2960561,20181009141500,Engage in diplomatic cooperation,Verbal cooperation
793239764,20181009,201810,USA,THE US,USA,,,,,,,,CHN,CHINA,CHN,,,,,,,,1,120,120,12,3,-4.0,10,1,10,-2.13903743315508,4,"Beijing, Beijing, China",CH,CH22,13001,39.9289,116.388,-1898541,4,"Beijing, Beijing, China",CH,CH22,13001,39.9289,116.388,-1898541,4,"Beijing, Beijing, China",CH,CH22,13001,39.9289,116.388,-1898541,20181009141500,Reject,Verbal conflict
793239967,20181009,201810,USAGOV,HILLARY CLINTON,USA,,,,,GOV,,,CHN,CHINA,CHN,,,,,,,,1,112,112,11,3,-2.0,10,1,10,-4.35540069686411,2,"New York, United States",US,USNY,,42.1497,-74.9384,NY,2,"New York, United States",US,USNY,,42.1497,-74.9384,NY,2,"New York, United States",US,USNY,,42.1497,-74.9384,NY,20181009141500,Disapprove,Verbal conflict
793239989,20181009,201810,USAMED,THE ASSOCIATED PRESS,USA,,,,,MED,,,CHN,CHINA,CHN,,,,,,,,1,010,010,01,1,0.0,7,7,7,-3.91572869174115,4,"Beijing, Beijing, China",CH,CH22,13001,39.9289,116.388,-1898541,4,"Beijing, Beijing, China",CH,CH22,13001,39.9289,116.388,-1898541,4,"Beijing, Beijing, China",CH,CH22,13001,39.9289,116.388,-1898541,20181009141500,Make public statement,Verbal cooperation
793239990,20181009,201810,USAMED,THE ASSOCIATED PRESS,USA,,,,,MED,,,CHN,CHINA,CHN,,,,,,,,1,010,010,01,1,0.0,9,9,9,-3.66975469728601,1,China,CH,CH,,35.0,105.0,CH,1,China,CH,CH,,35.0,105.0,CH,1,China,CH,CH,,35.0,105.0,CH,20181009141500,Make public statement,Verbal cooperation
793241949,20181009,201810,CHN,CHINA,CHN,,,,,,,,USA,WASHINGTON,USA,,,,,,,,1,051,051,05,1,3.4,6,1,6,-2.07156308851224,4,"Yangtze, China (general), China",CH,CH00,13243,31.7867,121.141,-1899838,4,"Yangtze, China (general), China",CH,CH00,13243,31.7867,121.141,-1899838,4,"Yangtze, China (general), China",CH,CH00,13243,31.7867,121.141,-1899838,20181009143000,Engage in diplomatic cooperation,Verbal cooperation
793249157,20181009,201810,CHN,CANTON,CHN,,,,,,,,USA,UNITED STATES,USA,,,,,,,,1,042,042,04,1,1.9,6,1,6,5.68181818181818,3,"Brooklyn, Washington, United States",US,USWA,WA049,46.7762,-123.51,1510840,3,"Brooklyn, Washington, United States",US,USWA,WA049,46.7762,-123.51,1510840,3,"Brooklyn, Washington, United States",US,USWA,WA049,46.7762,-123.51,1510840,20181009150000,Consult,Verbal cooperation
793261706,20181009,201810,USA,LOUISIANA,USA,,,,,,,,CHN,CHINA,CHN,,,,,,,,1,051,051,05,1,3.4,6,1,6,5.35168195718654,4,"Qingdao, Shandong, China",CH,CH25,13226,36.0986,120.372,-1922199,4,"Qingdao, Shandong, China",CH,CH25,13226,36.0986,120.372,-1922199,4,"Qingdao, Shandong, China",CH,CH25,13226,36.0986,120.372,-1922199,20181009154500,Engage in diplomatic cooperation,Verbal cooperation
793268785,20181009,201810,USA,BOSTON,USA,,,,,,,,CHN,CANTON,CHN,,,,,,,,1,171,171,17,4,-9.2,6,1,6,-5.29595015576324,2,"South Carolina, United States",US,USSC,,33.8191,-80.9066,SC,2,"South Carolina, United States",US,USSC,,33.8191,-80.9066,SC,2,"South Carolina, United States",US,USSC,,33.8191,-80.9066,SC,20181009161500,Coerce,Material conflict
793286334,20181009,201810,USA,AMERICAN,USA,,,,,,,,CHN,CHINA,CHN,,,,,,,,1,111,111,11,3,-2.0,8,1,8,2.85714285714286,4,"Beijing, Beijing, China",CH,CH22,13001,39.9289,116.388,-1898541,4,"Beijing, Beijing, China",CH,CH22,13001,39.9289,116.388,-1898541,4,"Beijing, Beijing, China",CH,CH22,13001,39.9289,116.388,-1898541,20181009173000,Disapprove,Verbal conflict
793289692,20181009,201810,USA,WASHINGTON,USA,,,,,,,,CHN,CHINA,CHN,,,,,,,,1,160,160,16,4,-4.0,10,1,10,-3.22033898305085,3,"Washington, District of Columbia, United States",US,USDC,DC001,38.8951,-77.0364,531871,1,China,CH,CH,,35.0,105.0,CH,3,"Washington, District of Columbia, United States",US,USDC,DC001,38.8951,-77.0364,531871,20181009174500,Reduce relations,Material conflict
793296262,20181009,201810,USA,THE US,USA,,,,,,,,CHN,CHINA,CHN,,,,,,,,1,112,112,11,3,-2.0,10,1,10,-3.47322720694646,4,"Beijing, Beijing, China",CH,CH22,13001,39.9289,116.388,-1898541,4,"Beijing, Beijing, China",CH,CH22,13001,39.9289,116.388,-1898541,4,"Beijing, Beijing, China",CH,CH22,13001,39.9289,116.388,-1898541,20181009181500,Disapprove,Verbal conflict
793303084,20181009,201810,USAMIL,THE US,USA,,,,,MIL,,,CHNMIL,CHINESE,CHN,,,,,MIL,,,1,020,020,02,1,3.0,6,1,6,1.171875,4,"Lanzhou, Gansu, China",CH,CH15,13026,36.0564,103.792,-1914139,4,"Lanzhou, Gansu, China",CH,CH15,13026,36.0564,103.792,-1914139,4,"Lanzhou, Gansu, China",CH,CH15,13026,36.0564,103.792,-1914139,20181009184500,Appeal,Verbal cooperation
793304353,20181009,201810,CHN,CHINA,CHN,,,,,,,,USA,UNITED STATES,USA,,,,,,,,1,061,061,06,2,6.4,6,1,6,1.24223602484472,1,China,CH,CH,,35.0,105.0,CH,1,United States,US,US,,39.828175,-98.5795,US,1,United States,US,US,,39.828175,-98.5795,US,20181009190000,Engage in material cooperation,Material cooperation
793305468,20181009,201810,USA,UNITED STATES,USA,,,,,,,,CHN,CHINA,CHN,,,,,,,,1,061,061,06,2,6.4,10,1,10,1.24223602484472,1,Japan,JA,JA,,36.0,138.0,JA,1,Japan,JA,JA,,36.0,138.0,JA,1,Japan,JA,JA,,36.0,138.0,JA,20181009190000,Engage in material cooperation,Material cooperation
793309750,20181009,201810,CHN,CANTON,CHN,,,,,,,,USAEDU,BOSTON,USA,,,,,EDU,,,1,036,036,03,1,4.0,8,1,8,0.917431192660549,1,China,CH,CH,,35.0,105.0,CH,1,China,CH,CH,,35.0,105.0,CH,1,China,CH,CH,,35.0,105.0,CH,20181009193000,Express intent to cooperate,Verbal cooperation
793311065,20181009,201810,USAEDU,BOSTON,USA,,,,,EDU,,,CHN,CANTON,CHN,,,,,,,,1,036,036,03,1,4.0,8,1,8,0.917431192660549,1,China,CH,CH,,35.0,105.0,CH,1,China,CH,CH,,35.0,105.0,CH,1,China,CH,CH,,35.0,105.0,CH,20181009193000,Express intent to cooperate,Verbal cooperation
793318318,20181009,201810,CHN,CANTON,CHN,,,,,,,,USA,BOSTON,USA,,,,,,,,1,173,173,17,4,-5.0,8,1,8,-5.65371024734983,2,"South Carolina, United States",US,USSC,,33.8191,-80.9066,SC,2,"South Carolina, United States",US,USSC,,33.8191,-80.9066,SC,2,"South Carolina, United States",US,USSC,,33.8191,-80.9066,SC,20181009201500,Coerce,Material conflict
793319031,20181009,201810,MNCUSAMED,GOOGLE,USA,,,,,MNC,MED,,CHN,CHINA,CHN,,,,,,,,1,090,090,09,2,-2.0,6,1,6,-1.53452685421995,4,"Brussels, Bruxelles-Capitale, Belgium",BE,BE11,5850,50.8333,4.33333,-1955538,4,"Brussels, Bruxelles-Capitale, Belgium",BE,BE11,5850,50.8333,4.33333,-1955538,4,"Brussels, Bruxelles-Capitale, Belgium",BE,BE11,5850,50.8333,4.33333,-1955538,20181009201500,Investigate,Material cooperation
793319390,20181009,201810,USA,UNITED STATES,USA,,,,,,,,CHN,CHINA,CHN,,,,,,,,1,013,013,01,1,0.4,8,2,8,-0.855935790570465,1,United States,US,US,,39.828175,-98.5795,US,1,China,CH,CH,,35.0,105.0,CH,1,United States,US,US,,39.828175,-98.5795,US,20181009201500,Make public statement,Verbal cooperation
793319392,20181009,201810,USA,UNITED STATES,USA,,,,,,,,CHN,CHINA,CHN,,,,,,,,1,051,051,05,1,3.4,8,2,8,-0.855935790570465,1,United States,US,US,,39.828175,-98.5795,US,1,China,CH,CH,,35.0,105.0,CH,1,China,CH,CH,,35.0,105.0,CH,20181009201500,Engage in diplomatic cooperation,Verbal cooperation
793320455,20171009,201710,CHN,CHINESE,CHN,,,,,,,,MNCUSAMED,GOOGLE,USA,,,,,MNC,MED,,1,040,040,04,1,1.0,10,1,10,-1.07913669064748,1,China,CH,CH,,35.0,105.0,CH,1,China,CH,CH,,35.0,105.0,CH,1,China,CH,CH,,35.0,105.0,CH,20181009203000,Consult,Verbal cooperation
793320456,20171009,201710,CHN,CHINESE,CHN,,,,,,,,MNCUSAMED,GOOGLE,USA,,,,,MNC,MED,,1,046,046,04,1,7.0,6,1,6,-1.07913669064748,1,China,CH,CH,,35.0,105.0,CH,1,China,CH,CH,,35.0,105.0,CH,1,China,CH,CH,,35.0,105.0,CH,20181009203000,Consult,Verbal cooperation
793320461,20171009,201710,MNCUSAMED,GOOGLE,USA,,,,,MNC,MED,,CHN,CHINESE,CHN,,,,,,,,1,040,040,04,1,1.0,8,1,8,-1.07913669064748,1,China,CH,CH,,35.0,105.0,CH,1,China,CH,CH,,35.0,105.0,CH,1,China,CH,CH,,35.0,105.0,CH,20181009203000,Consult,Verbal cooperation
793320462,20171009,201710,MNCUSAMED,GOOGLE,USA,,,,,MNC,MED,,CHN,CHINESE,CHN,,,,,,,,1,046,046,04,1,7.0,6,1,6,-1.07913669064748,3,"Washington, District of Columbia, United States",US,USDC,DC001,38.8951,-77.0364,531871,3,"Washington, District of Columbia, United States",US,USDC,DC001,38.8951,-77.0364,531871,3,"Washington, District of Columbia, United States",US,USDC,DC001,38.8951,-77.0364,531871,20181009203000,Consult,Verbal cooperation
793322495,20181009,201810,USAMIL,THE US,USA,,,,,MIL,,,CHNMIL,CHINESE,CHN,,,,,MIL,,,1,020,020,02,1,3.0,6,1,6,1.03857566765579,4,"Taipei, T'ai-pei, Taiwan",TW,TW03,13277,25.0478,121.532,-2637882,4,"Taipei, T'ai-pei, Taiwan",TW,TW03,13277,25.0478,121.532,-2637882,4,"Taipei, T'ai-pei, Taiwan",TW,TW03,13277,25.0478,121.532,-2637882,20181009203000,Appeal,Verbal cooperation
793328839,20181009,201810,CHN,CHINA,CHN,,,,,,,,MNCUSAMED,GOOGLE,USA,,,,,MNC,MED,,1,043,043,04,1,2.8,10,1,10,-5.17799352750809,1,China,CH,CH,,35.0,105.0,CH,1,China,CH,CH,,35.0,105.0,CH,1,China,CH,CH,,35.0,105.0,CH,20181009211500,Consult,Verbal cooperation
793328859,20181009,201810,CHN,CHINA,CHN,,,,,,,,USAMED,THE ASSOCIATED PRESS,USA,,,,,MED,,,1,014,014,01,1,0.0,6,1,6,-3.88768898488121,1,France,FR,FR,,46.0,2.0,FR,4,"Beijing, Beijing, China",CH,CH22,13001,39.9289,116.388,-1898541,4,"Beijing, Beijing, China",CH,CH22,13001,39.9289,116.388,-1898541,20181009211500,Make public statement,Verbal cooperation
793329635,20181009,201810,MNCUSAMED,GOOGLE,USA,,,,,MNC,MED,,CHN,CHINA,CHN,,,,,,,,1,042,042,04,1,1.9,10,1,10,-5.17799352750809,1,China,CH,CH,,35.0,105.0,CH,1,China,CH,CH,,35.0,105.0,CH,1,China,CH,CH,,35.0,105.0,CH,20181009211500,Consult,Verbal cooperation
793332013,20181009,201810,MNCUSAMED,GOOGLE,USA,,,,,MNC,MED,,CHN,CHINESE,CHN,,,,,,,,1,090,090,09,2,-2.0,8,1,8,0.48661800486618,1,Russia,RS,RS,,60.0,100.0,RS,1,Russia,RS,RS,,60.0,100.0,RS,1,Russia,RS,RS,,60.0,100.0,RS,20181009213000,Investigate,Material cooperation
793332360,20181009,201810,USA,DETROIT,USA,,,,,,,,CHN,SHANGHAI,CHN,,,,,,,,1,043,043,04,1,2.8,10,1,10,-6.17283950617284,3,"Detroit, Michigan, United States",US,USMI,MI163,42.3314,-83.0458,1617959,4,"Shanghai, Shanghai, China",CH,CH23,13243,31.2222,121.458,-1924465,3,"Detroit, Michigan, United States",US,USMI,MI163,42.3314,-83.0458,1617959,20181009213000,Consult,Verbal cooperation
793333684,20181009,201810,CHN,SHANDONG,CHN,,,,,,,,USA,UNITED STATES,USA,,,,,,,,1,042,042,04,1,1.9,10,1,10,2.59993500162495,3,"Mason School, Illinois, United States",US,USIL,IL031,41.8559,-87.7303,413105,3,"Mason School, Illinois, United States",US,USIL,,41.8559,-87.7303,413105,3,"Mason School, Illinois, United States",US,USIL,,41.8559,-87.7303,413105,20181009214500,Consult,Verbal cooperation
793345581,20181009,201810,CHNGOV,CHINA,CHN,,,,,GOV,,,MNCUSAMED,GOOGLE,USA,,,,,MNC,MED,,1,030,030,03,1,4.0,10,1,10,-2.31578947368421,1,China,CH,CH,,35.0,105.0,CH,1,China,CH,CH,,35.0,105.0,CH,1,China,CH,CH,,35.0,105.0,CH,20181009230000,Express intent to cooperate,Verbal cooperation
793347792,20181009,201810,CHNBUS,CHINESE,CHN,,,,,BUS,,,MNCUSAMED,GOOGLE,USA,,,,,MNC,MED,,1,182,182,18,4,-9.5,6,1,6,2.06489675516224,4,"Xiaomi, Fujian, China",CH,CH07,13163,25.2225,116.057,10999868,4,"Xiaomi, Fujian, China",CH,CH07,13163,25.2225,116.057,10999868,4,"Xiaomi, Fujian, China",CH,CH07,13163,25.2225,116.057,10999868,20181009231500,Assault,Material conflict
793348370,20181009,201810,MNCUSA,BORGWARNER,USA,,,,,MNC,,,CHN,CHINA,CHN,,,,,,,,1,051,051,05,1,3.4,6,1,6,3.20855614973262,4,"Wuhan, Hubei, China",CH,CH12,13124,30.5833,114.267,-1930776,4,"Caidian, Fujian, China",CH,CH07,13010,24.6213,118.141,9157118,4,"Wuhan, Hubei, China",CH,CH12,13124,30.5833,114.267,-1930776,20181009231500,Engage in diplomatic cooperation,Verbal cooperation
793352985,20181009,201810,MNCUSAMED,GOOGLE,USA,,,,,MNC,MED,,CHN,CHINA,CHN,,,,,,,,1,090,090,09,2,-2.0,20,1,10,-0.18382352941177,4,"Beijing, Beijing, China",CH,CH22,13001,39.9289,116.388,-1898541,4,"Beijing, Beijing, China",CH,CH22,13001,39.9289,116.388,-1898541,4,"Beijing, Beijing, China",CH,CH22,13001,39.9289,116.388,-1898541,20181009234500,Investigate,Material cooperation
793355288,20181010,201810,CHN,CHINA,CHN,,,,,,,,USA,UNITED STATES,USA,,,,,,,,1,030,030,03,1,4.0,8,1,8,-4.36507936507936,1,China,CH,CH,,35.0,105.0,CH,1,United States,US,US,,39.828175,-98.5795,US,1,United States,US,US,,39.828175,-98.5795,US,20181010000000,Express intent to cooperate,Verbal cooperation
793355289,20181010,201810,CHN,PEARL RIVER,CHN,,,,,,,,USA,PHILADELPHIA,USA,,,,,,,,1,040,040,04,1,1.0,6,1,6,3.53982300884956,3,"Pearl River, Mississippi, United States",US,USMS,MS099,32.7835,-89.2278,675540,3,"Philadelphia, Pennsylvania, United States",US,USPA,PA101,39.9523,-75.1638,1209052,3,"Pearl River, Mississippi, United States",US,USMS,,32.7835,-89.2278,675540,20181010000000,Consult,Verbal cooperation
793355290,20181010,201810,CHN,SHANGHAI,CHN,,,,,,,,USA,DETROIT,USA,,,,,,,,1,042,042,04,1,1.9,24,2,20,-6.17307472468849,4,"Shanghai, Shanghai, China",CH,CH23,13243,31.2222,121.458,-1924465,4,"Shanghai, Shanghai, China",CH,CH23,13243,31.2222,121.458,-1924465,4,"Shanghai, Shanghai, China",CH,CH23,13243,31.2222,121.458,-1924465,20181010000000,Consult,Verbal cooperation
793355291,20181010,201810,CHN,CHINA,CHN,,,,,,,,USA,THE US,USA,,,,,,,,1,061,061,06,2,6.4,20,1,10,-2.22929936305732,4,"Beijing, Beijing, China",CH,CH22,13001,39.9289,116.388,-1898541,4,"Beijing, Beijing, China",CH,CH22,13001,39.9289,116.388,-1898541,4,"Beijing, Beijing, China",CH,CH22,13001,39.9289,116.388,-1898541,20181010000000,Engage in material cooperation,Material cooperation
793355292,20181010,201810,CHN,CHINA,CHN,,,,,,,,USAMED,THE ASSOCIATED PRESS,USA,,,,,MED,,,1,013,013,01,1,0.4,10,2,10,-3.17303627085648,4,"Beijing, Beijing, China",CH,CH22,13001,39.9289,116.388,-1898541,4,"Beijing, Beijing, China",CH,CH22,13001,39.9289,116.388,-1898541,4,"Beijing, Beijing, China",CH,CH22,13001,39.9289,116.388,-1898541,20181010000000,Make public statement,Verbal cooperation
793358119,20181010,201810,USA,PHILADELPHIA,USA,,,,,,,,CHN,PEARL RIVER,CHN,,,,,,,,1,040,040,04,1,1.0,6,1,6,3.53982300884956,3,"Philadelphia, Pennsylvania, United States",US,USPA,PA101,39.9523,-75.1638,1209052,3,"Pearl River, Mississippi, United States",US,USMS,,32.7835,-89.2278,675540,3,"Pearl River, Mississippi, United States",US,USMS,,32.7835,-89.2278,675540,20181010000000,Consult,Verbal cooperation
793358120,20181010,201810,USA,DETROIT,USA,,,,,,,,CHN,SHANGHAI,CHN,,,,,,,,1,043,043,04,1,2.8,24,2,20,-6.17307472468849,4,"Shanghai, Shanghai, China",CH,CH23,13243,31.2222,121.458,-1924465,4,"Shanghai, Shanghai, China",CH,CH23,13243,31.2222,121.458,-1924465,4,"Shanghai, Shanghai, China",CH,CH23,13243,31.2222,121.458,-1924465,20181010000000,Consult,Verbal cooperation
793358121,20181010,201810,USA,AMERICAN,USA,,,,,,,,CHN,CHINA,CHN,,,,,,,,1,061,061,06,2,6.4,8,1,8,-2.22929936305732,1,United States,US,US,,39.828175,-98.5795,US,4,"Beijing, Beijing, China",CH,CH22,13001,39.9289,116.388,-1898541,1,India,IN,IN,,20.0,77.0,IN,20181010000000,Engage in material cooperation,Material cooperation
793360234,20181010,201810,CHN,CANTON,CHN,,,,,,,,USA,BOSTON,USA,,,,,,,,1,112,112,11,3,-2.0,10,1,10,-6.28019323671497,1,China,CH,CH,,35.0,105.0,CH,1,China,CH,CH,,35.0,105.0,CH,1,China,CH,CH,,35.0,105.0,CH,20181010001500,Disapprove,Verbal conflict
793373341,20181010,201810,CHN,CHINA,CHN,,,,,,,,MNCUSAMED,GOOGLE,USA,,,,,MNC,MED,,1,090,090,09,2,-2.0,12,3,12,-3.51035103510351,1,China,CH,CH,,35.0,105.0,CH,1,China,CH,CH,,35.0,105.0,CH,1,China,CH,CH,,35.0,105.0,CH,20181010010000,Investigate,Material cooperation
793374784,20181010,201810,USA,UNITED STATES,USA,,,,,,,,CHN,CHINA,CHN,,,,,,,,1,061,061,06,2,6.4,10,1,10,-2.22984562607204,4,"Beijing, Beijing, China",CH,CH22,13001,39.9289,116.388,-1898541,4,"Beijing, Beijing, China",CH,CH22,13001,39.9289,116.388,-1898541,4,"Beijing, Beijing, China",CH,CH22,13001,39.9289,116.388,-1898541,20181010010000,Engage in material cooperation,Material cooperation
793382675,20181010,201810,CHN,CHINA,CHN,,,,,,,,USA,THE US,USA,,,,,,,,1,046,046,04,1,7.0,6,1,6,-0.07299270072992,4,"Qiuyan, Zhejiang, China",CH,CH02,13325,29.4218,120.695,10562724,4,"Qiuyan, Zhejiang, China",CH,CH02,13325,29.4218,120.695,10562724,4,"Qiuyan, Zhejiang, China",CH,CH02,13325,29.4218,120.695,10562724,20181010014500,Consult,Verbal cooperation
793391737,20181010,201810,USA,THE US,USA,,,,,,,,CHN,CHINA,CHN,,,,,,,,1,151,151,15,4,-7.2,10,1,10,0.390625,1,China,CH,CH,,35.0,105.0,CH,1,China,CH,CH,,35.0,105.0,CH,1,China,CH,CH,,35.0,105.0,CH,20181010023000,Exhibit force posture,Material conflict
793398086,20181010,201810,CHN,BEIJING,CHN,,,,,,,,USA,WASHINGTON,USA,,,,,,,,1,043,043,04,1,2.8,6,1,6,-3.125,4,"Beijing, Beijing, China",CH,CH22,13001,39.9289,116.388,-1898541,3,"Washington, District of Columbia, United States",US,USDC,DC001,38.8951,-77.0364,531871,4,"Beijing, Beijing, China",CH,CH22,13001,39.9289,116.388,-1898541,20181010031500,Consult,Verbal cooperation
793400469,20181010,201810,CHN,CANTON,CHN,,,,,,,,USA,LAWRENCE,USA,,,,,,,,1,020,020,02,1,3.0,10,1,10,1.79948586118252,1,China,CH,CH,,35.0,105.0,CH,1,China,CH,CH,,35.0,105.0,CH,1,China,CH,CH,,35.0,105.0,CH,20181010033000,Appeal,Verbal cooperation
793402912,20181010,201810,CHN,SHANGHAI,CHN,,,,,,,,USA,UNITED STATES,USA,,,,,,,,1,111,111,11,3,-2.0,7,1,7,3.8659793814433,4,"Shanghai, Shanghai, China",CH,CH23,13243,31.2222,121.458,-1924465,4,"Shanghai, Shanghai, China",CH,CH23,13243,31.2222,121.458,-1924465,4,"Shanghai, Shanghai, China",CH,CH23,13243,31.2222,121.458,-1924465,20181010034500,Disapprove,Verbal conflict
793405760,20181010,201810,MNCUSAMED,GOOGLE,USA,,,,,MNC,MED,,CHN,CHINA,CHN,,,,,,,,1,090,090,09,2,-2.0,6,1,6,-1.25944584382871,4,"Brussels, Bruxelles-Capitale, Belgium",BE,BE11,5850,50.8333,4.33333,-1955538,4,"Brussels, Bruxelles-Capitale, Belgium",BE,BE11,5850,50.8333,4.33333,-1955538,4,"Brussels, Bruxelles-Capitale, Belgium",BE,BE11,5850,50.8333,4.33333,-1955538,20181010040000,Investigate,Material cooperation
793416133,20181010,201810,CHN,CANTON,CHN,,,,,,,,USAEDU,BOSTON,USA,,,,,EDU,,,1,036,036,03,1,4.0,8,1,8,-0.96153846153846,1,China,CH,CH,,35.0,105.0,CH,1,China,CH,CH,,35.0,105.0,CH,1,China,CH,CH,,35.0,105.0,CH,20181010051500,Express intent to cooperate,Verbal cooperation
793417111,20181010,201810,USA,WASHINGTON,USA,,,,,,,,CHNEDU,CHINESE,CHN,,,,,EDU,,,1,112,112,11,3,-2.0,6,1,6,-3.00207039337474,3,"Washington, District of Columbia, United States",US,USDC,DC001,38.8951,-77.0364,531871,5,"Inner Mongolia, Nei Mongol, China",CH,CH20,13198,44.0,112.0,-1920094,5,"Inner Mongolia, Nei Mongol, China",CH,CH20,13198,44.0,112.0,-1920094,20181010051500,Disapprove,Verbal conflict
793417238,20181010,201810,USAEDU,BOSTON,USA,,,,,EDU,,,CHN,CANTON,CHN,,,,,,,,1,036,036,03,1,4.0,8,1,8,-0.96153846153846,1,China,CH,CH,,35.0,105.0,CH,1,China,CH,CH,,35.0,105.0,CH,1,China,CH,CH,,35.0,105.0,CH,20181010051500,Express intent to cooperate,Verbal cooperation
793418100,20181003,201810,USA,AMERICAN,USA,,,,,,,,CHNMIL,CHINESE,CHN,,,,,MIL,,,1,112,112,11,3,-2.0,6,1,6,-2.25563909774436,1,Kyrgyzstan,KG,KG,,41.0,75.0,KG,1,Kyrgyzstan,KG,KG,,41.0,75.0,KG,1,United States,US,US,,39.828175,-98.5795,US,20181010053000,Disapprove,Verbal conflict
793427282,20181010,201810,USA,THE US,USA,,,,,,,,CHN,CHINA,CHN,,,,,,,,1,010,010,01,1,0.0,10,1,10,-4.87804878048781,1,China,CH,CH,,35.0,105.0,CH,1,China,CH,CH,,35.0,105.0,CH,1,China,CH,CH,,35.0,105.0,CH,20181010061500,Make public statement,Verbal cooperation
793428660,20181010,201810,CHNCRM,CHINESE,CHN,,,,,CRM,,,USAMED,REUTERS,USA,,,,,MED,,,1,010,010,01,1,0.0,8,1,8,-1.64609053497942,4,"Shanghai, Shanghai, China",CH,CH23,13243,31.2222,121.458,-1924465,4,"Shanghai, Shanghai, China",CH,CH23,13243,31.2222,121.458,-1924465,4,"Shanghai, Shanghai, China",CH,CH23,13243,31.2222,121.458,-1924465,20181010063000,Make public statement,Verbal cooperation
793429577,20181010,201810,USA,NEW YORK,USA,,,,,,,,CHN,CHINA,CHN,,,,,,,,1,111,111,11,3,-2.0,8,1,8,0.96463022508039,4,"Long Island, Shandong, China",CH,CH25,13226,36.4214,120.97,-1928533,4,"Long Island, Shandong, China",CH,CH25,13226,36.4214,120.97,-1928533,4,"Long Island, Shandong, China",CH,CH25,13226,36.4214,120.97,-1928533,20181010063000,Disapprove,Verbal conflict
793429695,20181010,201810,USAMED,THE ASSOCIATED PRESS,USA,,,,,MED,,,CHN,CHINA,CHN,,,,,,,,1,025,025,02,1,-0.3,10,1,10,1.1764705882353,4,"Taipei, T'ai-pei, Taiwan",TW,TW03,13277,25.0478,121.532,-2637882,4,"Beijing, Beijing, China",CH,CH22,13001,39.9289,116.388,-1898541,4,"Beijing, Beijing, China",CH,CH22,13001,39.9289,116.388,-1898541,20181010063000,Appeal,Verbal cooperation
793429696,20181010,201810,USAMED,THE ASSOCIATED PRESS,USA,,,,,MED,,,CHNMIL,BEIJING,CHN,,,,,MIL,,,1,013,013,01,1,0.4,10,1,10,1.1764705882353,4,"Taipei, T'ai-pei, Taiwan",TW,TW03,13277,25.0478,121.532,-2637882,4,"Beijing, Beijing, China",CH,CH22,13001,39.9289,116.388,-1898541,4,"Beijing, Beijing, China",CH,CH22,13001,39.9289,116.388,-1898541,20181010063000,Make public statement,Verbal cooperation
793430902,20181010,201810,CHN,CHINA,CHN,,,,,,,,USA,THE US,USA,,,,,,,,1,050,050,05,1,3.5,10,1,10,-0.78125,4,"Zhong Shan, Anhui, China",CH,CH01,12997,30.8938,118.769,10997260,4,"Zhong Shan, Anhui, China",CH,CH01,12997,30.8938,118.769,10997260,4,"Zhong Shan, Anhui, China",CH,CH01,12997,30.8938,118.769,10997260,20181010064500,Engage in diplomatic cooperation,Verbal cooperation
793431859,20181010,201810,USA,THE US,USA,,,,,,,,CHN,CHINA,CHN,,,,,,,,1,050,050,05,1,3.5,10,1,10,-0.78125,4,"Zhong Shan, Anhui, China",CH,CH01,12997,30.8938,118.769,10997260,4,"Zhong Shan, Anhui, China",CH,CH01,12997,30.8938,118.769,10997260,4,"Zhong Shan, Anhui, China",CH,CH01,12997,30.8938,118.769,10997260,20181010064500,Engage in diplomatic cooperation,Verbal cooperation
793431860,20181010,201810,USA,THE US,USA,,,,,,,,CHN,CHINA,CHN,,,,,,,,1,120,120,12,3,-4.0,10,1,10,-3.18725099601594,4,"Beijing, Beijing, China",CH,CH22,13001,39.9289,116.388,-1898541,4,"Beijing, Beijing, China",CH,CH22,13001,39.9289,116.388,-1898541,4,"Beijing, Beijing, China",CH,CH22,13001,39.9289,116.388,-1898541,20181010064500,Reject,Verbal conflict
793433289,20181010,201810,CHN,CHINA,CHN,,,,,,,,USA,THE US,USA,,,,,,,,1,040,040,04,1,1.0,10,1,10,-1.53061224489796,4,"Shanghai, Shanghai, China",CH,CH23,13243,31.2222,121.458,-1924465,4,"Shanghai, Shanghai, China",CH,CH23,13243,31.2222,121.458,-1924465,4,"Shanghai, Shanghai, China",CH,CH23,13243,31.2222,121.458,-1924465,20181010070000,Consult,Verbal cooperation
793434178,20181010,201810,USA,THE US,USA,,,,,,,,CHN,CHINA,CHN,,,,,,,,1,040,040,04,1,1.0,10,1,10,-1.53061224489796,4,"Shanghai, Shanghai, China",CH,CH23,13243,31.2222,121.458,-1924465,4,"Shanghai, Shanghai, China",CH,CH23,13243,31.2222,121.458,-1924465,4,"Shanghai, Shanghai, China",CH,CH23,13243,31.2222,121.458,-1924465,20181010070000,Consult,Verbal cooperation
793439255,20181010,201810,MNCUSAMED,GOOGLE,USA,,,,,MNC,MED,,CHN,CHINESE,CHN,,,,,,,,1,090,090,09,2,-2.0,6,1,6,-5.37974683544303,4,"Riyadh, Ar Riya?, Saudi Arabia",SA,SA10,25316,24.6408,46.7728,-3093009,1,China,CH,CH,,35.0,105.0,CH,1,China,CH,CH,,35.0,105.0,CH,20181010073000,Investigate,Material cooperation
793446377,20181010,201810,CHN,SHANGHAI,CHN,,,,,,,,USA,HOUSTON,USA,,,,,,,,1,030,030,03,1,4.0,8,1,8,6.05381165919283,4,"Shanghai, Shanghai, China",CH,CH23,13243,31.2222,121.458,-1924465,3,"Houston, Texas, United States",US,USTX,TX201,29.7633,-95.3633,1380948,4,"Junshi, Anhui, China",CH,CH01,12998,31.3987,118.288,10530277,20181010081500,Express intent to cooperate,Verbal cooperation
793446378,20181010,201810,CHN,SHANGHAI,CHN,,,,,,,,USA,HOUSTON,USA,,,,,,,,1,057,057,05,1,8.0,10,1,10,6.05381165919283,4,"Junshi, Anhui, China",CH,CH01,12998,31.3987,118.288,10530277,4,"Junshi, Anhui, China",CH,CH01,12998,31.3987,118.288,10530277,4,"Junshi, Anhui, China",CH,CH01,12998,31.3987,118.288,10530277,20181010081500,Engage in diplomatic cooperation,Verbal cooperation
793447335,20181010,201810,USA,HOUSTON,USA,,,,,,,,CHN,SHANGHAI,CHN,,,,,,,,1,030,030,03,1,4.0,8,1,8,6.05381165919283,3,"Houston, Texas, United States",US,USTX,TX201,29.7633,-95.3633,1380948,4,"Shanghai, Shanghai, China",CH,CH23,13243,31.2222,121.458,-1924465,4,"Junshi, Anhui, China",CH,CH01,12998,31.3987,118.288,10530277,20181010081500,Express intent to cooperate,Verbal cooperation
793447337,20181010,201810,USA,HOUSTON,USA,,,,,,,,CHN,SHANGHAI,CHN,,,,,,,,1,057,057,05,1,8.0,8,1,8,6.05381165919283,3,"Houston, Texas, United States",US,USTX,TX201,29.7633,-95.3633,1380948,4,"Shanghai, Shanghai, China",CH,CH23,13243,31.2222,121.458,-1924465,4,"Junshi, Anhui, China",CH,CH01,12998,31.3987,118.288,10530277,20181010081500,Engage in diplomatic cooperation,Verbal cooperation
793449204,20181010,201810,CHN,CHINA,CHN,,,,,,,,USA,THE US,USA,,,,,,,,1,057,057,05,1,8.0,6,1,6,2.26480836236934,1,China,CH,CH,,35.0,105.0,CH,1,South Korea,KS,KS,,37.0,127.5,KS,1,South Korea,KS,KS,,37.0,127.5,KS,20181010083000,Engage in diplomatic cooperation,Verbal cooperation
793450680,20181010,201810,USA,THE US,USA,,,,,,,,CHN,CHINA,CHN,,,,,,,,1,057,057,05,1,8.0,6,1,6,2.26480836236934,1,South Korea,KS,KS,,37.0,127.5,KS,1,China,CH,CH,,35.0,105.0,CH,1,South Korea,KS,KS,,37.0,127.5,KS,20181010083000,Engage in diplomatic cooperation,Verbal cooperation
793452396,20181010,201810,CHN,CHINA,CHN,,,,,,,,MNCUSAMED,GOOGLE,USA,,,,,MNC,MED,,1,043,043,04,1,2.8,20,1,10,-3.26530612244898,4,"Guangdong, Jilin, China",CH,CH05,13176,42.7683,129.336,10884162,4,"Guangdong, Jilin, China",CH,CH05,13176,42.7683,129.336,10884162,4,"Guangdong, Jilin, China",CH,CH05,13176,42.7683,129.336,10884162,20181010084500,Consult,Verbal cooperation
793453357,20181010,201810,MNCUSAMED,GOOGLE,USA,,,,,MNC,MED,,CHN,CHINA,CHN,,,,,,,,1,042,042,04,1,1.9,20,1,10,-3.26530612244898,4,"Guangdong, Jilin, China",CH,CH05,13176,42.7683,129.336,10884162,4,"Guangdong, Jilin, China",CH,CH05,13176,42.7683,129.336,10884162,4,"Guangdong, Jilin, China",CH,CH05,13176,42.7683,129.336,10884162,20181010084500,Consult,Verbal cooperation
793458659,20181010,201810,CHNGOV,CHINESE,CHN,,,,,GOV,,,USA,THE US,USA,,,,,,,,1,100,100,10,3,-5.0,6,1,6,-3.86965376782077,4,"Beijing, Beijing, China",CH,CH22,13001,39.9289,116.388,-1898541,4,"Beijing, Beijing, China",CH,CH22,13001,39.9289,116.388,-1898541,4,"Beijing, Beijing, China",CH,CH22,13001,39.9289,116.388,-1898541,20181010091500,Demand,Verbal conflict
793464604,20181010,201810,CHN,CHINESE,CHN,,,,,,,,USA,WASHINGTON,USA,,,,,,,,1,100,100,10,3,-5.0,7,1,7,-1.15273775216139,1,Switzerland,SZ,SZ,,47.0,8.0,SZ,1,Switzerland,SZ,SZ,,47.0,8.0,SZ,1,Switzerland,SZ,SZ,,47.0,8.0,SZ,20181010094500,Demand,Verbal conflict
793464612,20181010,201810,CHNGOV,CHINESE,CHN,,,,,GOV,,,USA,THE US,USA,,,,,,,,1,100,100,10,3,-5.0,6,1,6,-4.88599348534201,4,"Ji Rong, Xizang, China",CH,CH14,13298,29.202,92.002,11259431,4,"Ji Rong, Xizang, China",CH,CH14,13298,29.202,92.002,11259431,4,"Ji Rong, Xizang, China",CH,CH14,13298,29.202,92.002,11259431,20181010094500,Demand,Verbal conflict
793478294,20181010,201810,USAGOVBUS,US TREASURY,USA,,,,,GOV,BUS,,CHN,BEIJING,CHN,,,,,,,,1,130,130,13,3,-4.4,10,1,10,-4.49438202247191,4,"Beijing, Beijing, China",CH,CH22,13001,39.9289,116.388,-1898541,4,"Beijing, Beijing, China",CH,CH22,13001,39.9289,116.388,-1898541,4,"Beijing, Beijing, China",CH,CH22,13001,39.9289,116.388,-1898541,20181010104500,Threaten,Verbal conflict
793478304,20181010,201810,USAMIL,THE US,USA,,,,,MIL,,,CHN,BEIJING,CHN,,,,,,,,1,040,040,04,1,1.0,8,1,8,-4.70809792843691,4,"Beijing, Beijing, China",CH,CH22,13001,39.9289,116.388,-1898541,4,"Beijing, Beijing, China",CH,CH22,13001,39.9289,116.388,-1898541,4,"Beijing, Beijing, China",CH,CH22,13001,39.9289,116.388,-1898541,20181010104500,Consult,Verbal cooperation
793478305,20181010,201810,USAMIL,THE US,USA,,,,,MIL,,,CHN,BEIJING,CHN,,,,,,,,1,150,150,15,4,-7.2,6,1,6,-4.70809792843691,4,"Beijing, Beijing, China",CH,CH22,13001,39.9289,116.388,-1898541,4,"Beijing, Beijing, China",CH,CH22,13001,39.9289,116.388,-1898541,4,"Beijing, Beijing, China",CH,CH22,13001,39.9289,116.388,-1898541,20181010104500,Exhibit force posture,Material conflict
793492835,20181010,201810,CHN,CHINA,CHN,,,,,,,,USA,UNITED STATES,USA,,,,,,,,1,150,150,15,4,-7.2,8,1,8,0.0,4,"Beijing, Beijing, China",CH,CH22,13001,39.9289,116.388,-1898541,3,"Washington, District of Columbia, United States",US,USDC,DC001,38.8951,-77.0364,531871,3,"Washington, District of Columbia, United States",US,USDC,DC001,38.8951,-77.0364,531871,20181010120000,Exhibit force posture,Material conflict
793492838,20181010,201810,CHN,CHINA,CHN,,,,,,,,USAGOV,THE US,USA,,,,,GOV,,,1,111,111,11,3,-2.0,6,1,6,-5.51724137931035,4,"Zhong Shan, Anhui, China",CH,CH01,12997,30.8938,118.769,10997260,4,"Zhong Shan, Anhui, China",CH,CH01,12997,30.8938,118.769,10997260,4,"Zhong Shan, Anhui, China",CH,CH01,12997,30.8938,118.769,10997260,20181010120000,Disapprove,Verbal conflict
793492839,20181010,201810,CHN,CHINA,CHN,,,,,,,,USAGOV,THE US,USA,,,,,GOV,,,1,112,112,11,3,-2.0,10,1,10,-5.51724137931035,4,"Zhong Shan, Anhui, China",CH,CH01,12997,30.8938,118.769,10997260,4,"Zhong Shan, Anhui, China",CH,CH01,12997,30.8938,118.769,10997260,4,"Zhong Shan, Anhui, China",CH,CH01,12997,30.8938,118.769,10997260,20181010120000,Disapprove,Verbal conflict
793492840,20181010,201810,CHN,CHINA,CHN,,,,,,,,USAMED,REUTERS,USA,,,,,MED,,,1,190,190,19,4,-10.0,10,1,10,-4.76190476190476,4,"Beijing, Beijing, China",CH,CH22,13001,39.9289,116.388,-1898541,4,"Beijing, Beijing, China",CH,CH22,13001,39.9289,116.388,-1898541,4,"Beijing, Beijing, China",CH,CH22,13001,39.9289,116.388,-1898541,20181010120000,Fight,Material conflict
793494155,20181010,201810,USAGOVBUS,US TREASURY,USA,,,,,GOV,BUS,,CHN,CHINA,CHN,,,,,,,,1,138,138,13,3,-7.0,10,1,10,-3.15457413249211,4,"Beijing, Beijing, China",CH,CH22,13001,39.9289,116.388,-1898541,4,"Beijing, Beijing, China",CH,CH22,13001,39.9289,116.388,-1898541,4,"Beijing, Beijing, China",CH,CH22,13001,39.9289,116.388,-1898541,20181010120000,Threaten,Verbal conflict
793494160,20181010,201810,USAMED,REUTERS,USA,,,,,MED,,,CHN,CHINA,CHN,,,,,,,,1,190,190,19,4,-10.0,10,1,10,-4.76190476190476,4,"Beijing, Beijing, China",CH,CH22,13001,39.9289,116.388,-1898541,4,"Beijing, Beijing, China",CH,CH22,13001,39.9289,116.388,-1898541,4,"Beijing, Beijing, China",CH,CH22,13001,39.9289,116.388,-1898541,20181010120000,Fight,Material conflict
793496031,20181010,201810,CHN,BEIJING,CHN,,,,,,,,USAGOV,US AMBASSADOR,USA,,,,,GOV,,,1,051,051,05,1,3.4,20,1,20,2.60416666666666,4,"Beijing, Beijing, China",CH,CH22,13001,39.9289,116.388,-1898541,4,"Beijing, Beijing, China",CH,CH22,13001,39.9289,116.388,-1898541,4,"Beijing, Beijing, China",CH,CH22,13001,39.9289,116.388,-1898541,20181010121500,Engage in diplomatic cooperation,Verbal cooperation
793499421,20181010,201810,CHN,LANZHOU,CHN,,,,,,,,USA,THE US,USA,,,,,,,,1,046,046,04,1,7.0,8,1,8,-0.63965884861408,4,"Lanzhou, Gansu, China",CH,CH15,13026,36.0564,103.792,-1914139,4,"Lanzhou, Gansu, China",CH,CH15,13026,36.0564,103.792,-1914139,4,"Lanzhou, Gansu, China",CH,CH15,13026,36.0564,103.792,-1914139,20181010123000,Consult,Verbal cooperation
793500783,20181010,201810,USA,THE US,USA,,,,,,,,CHN,LANZHOU,CHN,,,,,,,,1,046,046,04,1,7.0,8,1,8,-0.63965884861408,4,"Lanzhou, Gansu, China",CH,CH15,13026,36.0564,103.792,-1914139,4,"Lanzhou, Gansu, China",CH,CH15,13026,36.0564,103.792,-1914139,4,"Lanzhou, Gansu, China",CH,CH15,13026,36.0564,103.792,-1914139,20181010123000,Consult,Verbal cooperation
793500996,20181010,201810,USAMIL,THE US,USA,,,,,MIL,,,CHNMIL,CHINESE,CHN,,,,,MIL,,,1,020,020,02,1,3.0,6,1,6,-0.63965884861408,4,"Lanzhou, Gansu, China",CH,CH15,13026,36.0564,103.792,-1914139,4,"Lanzhou, Gansu, China",CH,CH15,13026,36.0564,103.792,-1914139,4,"Lanzhou, Gansu, China",CH,CH15,13026,36.0564,103.792,-1914139,20181010123000,Appeal,Verbal cooperation
793504195,20181010,201810,USA,CALIFORNIA,USA,,,,,,,,CHN,CHINA,CHN,,,,,,,,1,061,061,06,2,6.4,18,2,18,0.364881300959508,1,China,CH,CH,,35.0,105.0,CH,1,China,CH,CH,,35.0,105.0,CH,1,China,CH,CH,,35.0,105.0,CH,20181010124500,Engage in material cooperation,Material cooperation
793509222,20181010,201810,CHN,CHINA,CHN,,,,,,,,MNCUSAMED,GOOGLE,USA,,,,,MNC,MED,,1,043,043,04,1,2.8,10,1,10,-2.63157894736842,1,China,CH,CH,,35.0,105.0,CH,1,China,CH,CH,,35.0,105.0,CH,1,China,CH,CH,,35.0,105.0,CH,20181010131500,Consult,Verbal cooperation
793510434,20181010,201810,MNCUSAMED,GOOGLE,USA,,,,,MNC,MED,,CHN,CHINA,CHN,,,,,,,,1,042,042,04,1,1.9,10,1,10,-2.63157894736842,1,China,CH,CH,,35.0,105.0,CH,1,China,CH,CH,,35.0,105.0,CH,1,China,CH,CH,,35.0,105.0,CH,20181010131500,Consult,Verbal cooperation
793513134,20181010,201810,CHN,CHINA,CHN,,,,,,,,USA,UNITED STATES,USA,,,,,,,,1,030,030,03,1,4.0,8,1,8,-3.63636363636363,1,China,CH,CH,,35.0,105.0,CH,2,"Texas, United States",US,USTX,,31.106,-97.6475,TX,2,"Texas, United States",US,USTX,,31.106,-97.6475,TX,20181010133000,Express intent to cooperate,Verbal cooperation
793513136,20181010,201810,CHN,CHINA,CHN,,,,,,,,USA,UNITED STATES,USA,,,,,,,,1,042,042,04,1,1.9,6,1,6,2.06611570247933,2,"Illinois, United States",US,USIL,,40.3363,-89.0022,IL,3,"Bloomington, Illinois, United States",US,USIL,IL113,40.4842,-88.9937,404579,2,"Illinois, United States",US,USIL,,40.3363,-89.0022,IL,20181010133000,Consult,Verbal cooperation
793514880,20181010,201810,USA,THE US,USA,,,,,,,,CHN,CHINA,CHN,,,,,,,,1,061,061,06,2,6.4,20,2,20,-1.42857142857143,1,Australia,AS,AS,,-25.0,135.0,AS,1,Australia,AS,AS,,-25.0,135.0,AS,1,Australia,AS,AS,,-25.0,135.0,AS,20181010133000,Engage in material cooperation,Material cooperation
793520410,20181010,201810,CHNGOV,CHINESE,CHN,,,,,GOV,,,USA,THE US,USA,,,,,,,,1,100,100,10,3,-5.0,6,1,6,-2.88888888888889,1,India,IN,IN,,20.0,77.0,IN,1,India,IN,IN,,20.0,77.0,IN,1,India,IN,IN,,20.0,77.0,IN,20181010140000,Demand,Verbal conflict
793523755,20181010,201810,CHN,CHINA,CHN,,,,,,,,USA,UNITED STATES,USA,,,,,,,,1,046,046,04,1,7.0,8,1,8,0.0,1,China,CH,CH,,35.0,105.0,CH,1,United States,US,US,,39.828175,-98.5795,US,1,United States,US,US,,39.828175,-98.5795,US,20181010141500,Consult,Verbal cooperation
793525057,20181010,201810,USA,UNITED STATES,USA,,,,,,,,CHN,CHINA,CHN,,,,,,,,1,046,046,04,1,7.0,8,1,8,0.0,1,United States,US,US,,39.828175,-98.5795,US,1,China,CH,CH,,35.0,105.0,CH,1,United States,US,US,,39.828175,-98.5795,US,20181010141500,Consult,Verbal cooperation
793528683,20181010,201810,USA,THE US,USA,,,,,,,,CHN,CHINA,CHN,,,,,,,,1,138,138,13,3,-7.0,10,1,10,-3.13199105145414,0,,,,,,,,0,,,,,,,,0,,,,,,,,20181010143000,Threaten,Verbal conflict
793534249,20181010,201810,CHN,CHINA,CHN,,,,,,,,USABUS,AMERICAN,USA,,,,,BUS,,,1,114,114,11,3,-2.0,6,1,6,-1.86457311089303,4,"Beijing, Beijing, China",CH,CH22,13001,39.9289,116.388,-1898541,3,"Washington, District of Columbia, United States",US,USDC,DC001,38.8951,-77.0364,531871,4,"Beijing, Beijing, China",CH,CH22,13001,39.9289,116.388,-1898541,20181010150000,Disapprove,Verbal conflict
793544798,20181010,201810,CHN,CHINA,CHN,,,,,,,,USA,UNITED STATES,USA,,,,,,,,1,020,020,02,1,3.0,8,1,8,-6.15384615384615,1,China,CH,CH,,35.0,105.0,CH,1,United States,US,US,,39.828175,-98.5795,US,1,North Korea,KN,KN,,40.0,127.0,KN,20181010154500,Appeal,Verbal cooperation
793549108,20181010,201810,MNCUSA,DELTA AIR LINES,USA,,,,,MNC,,,CHN,SHANGHAI,CHN,,,,,,,,1,036,036,03,1,4.0,10,1,10,-1.12359550561798,4,"Shanghai, Shanghai, China",CH,CH23,13243,31.2222,121.458,-1924465,4,"Shanghai, Shanghai, China",CH,CH23,13243,31.2222,121.458,-1924465,4,"Shanghai, Shanghai, China",CH,CH23,13243,31.2222,121.458,-1924465,20181010160000,Express intent to cooperate,Verbal cooperation
793553422,20181010,201810,USABUS,AMERICAN,USA,,,,,BUS,,,CHN,CHINA,CHN,,,,,,,,1,020,020,02,1,3.0,8,1,8,-0.90634441087613,4,"Yang Liu, Guizhou, China",CH,CH18,13068,26.7333,105.958,-3835261,4,"Yang Liu, Guizhou, China",CH,CH18,13068,26.7333,105.958,-3835261,4,"Yang Liu, Guizhou, China",CH,CH18,13068,26.7333,105.958,-3835261,20181010161500,Appeal,Verbal cooperation
793563141,20181010,201810,MNCUSA,STARBUCKS,USA,,,,,MNC,,,CHN,CHINA,CHN,,,,,,,,1,010,010,01,1,0.0,6,1,6,0.0,1,China,CH,CH,,35.0,105.0,CH,1,China,CH,CH,,35.0,105.0,CH,1,China,CH,CH,,35.0,105.0,CH,20181010170000,Make public statement,Verbal cooperation
793565584,20181010,201810,CHN,SHANGHAI,CHN,,,,,,,,USA,PHOENIX,USA,,,,,,,,1,043,043,04,1,2.8,6,1,6,2.49221183800623,3,"Phoenix, Arizona, United States",US,USAZ,AZ013,33.4484,-112.074,44784,3,"Phoenix, Arizona, United States",US,USAZ,AZ013,33.4484,-112.074,44784,3,"Phoenix, Arizona, United States",US,USAZ,AZ013,33.4484,-112.074,44784,20181010171500,Consult,Verbal cooperation
793566821,20181010,201810,USA,PHOENIX,USA,,,,,,,,CHN,SHANGHAI,CHN,,,,,,,,1,042,042,04,1,1.9,6,1,6,2.49221183800623,3,"Phoenix, Arizona, United States",US,USAZ,AZ013,33.4484,-112.074,44784,3,"Phoenix, Arizona, United States",US,USAZ,AZ013,33.4484,-112.074,44784,3,"Phoenix, Arizona, United States",US,USAZ,AZ013,33.4484,-112.074,44784,20181010171500,Consult,Verbal cooperation
793566996,20181010,201810,USABUS,AMERICAN,USA,,,,,BUS,,,CHN,CHINA,CHN,,,,,,,,1,020,020,02,1,3.0,7,1,7,-0.95238095238096,3,"Washington, District of Columbia, United States",US,USDC,DC001,38.8951,-77.0364,531871,4,"Yang Liu, Guizhou, China",CH,CH18,13068,26.7333,105.958,-3835261,4,"Yang Liu, Guizhou, China",CH,CH18,13068,26.7333,105.958,-3835261,20181010171500,Appeal,Verbal cooperation
793568354,20171010,201710,CHN,CHINA,CHN,,,,,,,,USA,THE US,USA,,,,,,,,1,070,070,07,2,7.0,10,1,10,-0.86313193588163,4,"Renmin, Liaoning, China",CH,CH19,13182,40.7703,123.792,11215357,4,"Renmin, Liaoning, China",CH,CH19,13182,40.7703,123.792,11215357,4,"Renmin, Liaoning, China",CH,CH19,13182,40.7703,123.792,11215357,20181010173000,Provide aid,Material cooperation
793584401,20181010,201810,USA,AMERICAN,USA,,,,,,,,CHN,CHINA,CHN,,,,,,,,1,010,010,01,1,0.0,6,1,6,-5.74712643678161,2,"Florida, United States",US,USFL,,27.8333,-81.717,FL,4,"Xinjiang, Jiangxi, China",CH,CH03,13167,27.7481,116.274,11065838,4,"Xinjiang, Jiangxi, China",CH,CH03,13167,27.7481,116.274,11065838,20181010183000,Make public statement,Verbal cooperation
793584664,20181010,201810,USABUS,AMERICAN,USA,,,,,BUS,,,CHN,CHINA,CHN,,,,,,,,1,020,020,02,1,3.0,8,1,8,-0.87124878993224,4,"Shanghai, Shanghai, China",CH,CH23,13243,31.2222,121.458,-1924465,4,"Shanghai, Shanghai, China",CH,CH23,13243,31.2222,121.458,-1924465,4,"Shanghai, Shanghai, China",CH,CH23,13243,31.2222,121.458,-1924465,20181010183000,Appeal,Verbal cooperation
793586228,20181010,201810,CHN,BEIJING,CHN,,,,,,,,USA,UNITED STATES,USA,,,,,,,,1,0311,031,03,1,5.2,7,1,7,0.85836909871245,4,"Tokyo, Tokyo, Japan",JA,JA40,36340,35.685,139.751,-246227,4,"Tokyo, Tokyo, Japan",JA,JA40,36340,35.685,139.751,-246227,4,"Tokyo, Tokyo, Japan",JA,JA40,36340,35.685,139.751,-246227,20181010184500,Express intent to cooperate,Verbal cooperation
793589362,20181010,201810,CHN,CHINA,CHN,,,,,,,,USA,UNITED STATES,USA,,,,,,,,1,040,040,04,1,1.0,10,1,10,-1.73010380622837,1,United States,US,US,,39.828175,-98.5795,US,1,United States,US,US,,39.828175,-98.5795,US,1,United States,US,US,,39.828175,-98.5795,US,20181010190000,Consult,Verbal cooperation
793590665,20181010,201810,USA,UNITED STATES,USA,,,,,,,,CHN,CHINA,CHN,,,,,,,,1,040,040,04,1,1.0,6,1,6,-1.73010380622837,1,United States,US,US,,39.828175,-98.5795,US,1,China,CH,CH,,35.0,105.0,CH,1,United States,US,US,,39.828175,-98.5795,US,20181010190000,Consult,Verbal cooperation
793592405,20181010,201810,CHN,CHINA,CHN,,,,,,,,USABUS,AMERICAN,USA,,,,,BUS,,,1,010,010,01,1,0.0,8,2,8,-2.34949111609453,1,China,CH,CH,,35.0,105.0,CH,3,"Cincinnati, Ohio, United States",US,USOH,OH061,39.162,-84.4569,1066650,3,"Cincinnati, Ohio, United States",US,USOH,OH061,39.162,-84.4569,1066650,20181010191500,Make public statement,Verbal cooperation
793600111,20181010,201810,USA,CALIFORNIA,USA,,,,,,,,CHNEDU,CHENGDU,CHN,,,,,EDU,,,1,075,075,07,2,7.0,6,1,6,0.20060180541625,3,"Fremont, California, United States",US,USCA,CA071,35.1916,-117.577,252893,3,"Fremont, California, United States",US,USCA,CA071,35.1916,-117.577,252893,3,"Fremont, California, United States",US,USCA,CA071,35.1916,-117.577,252893,20181010194500,Provide aid,Material cooperation
793601075,20171010,201710,CHN,CHINA,CHN,,,,,,,,USA,AMERICAN,USA,,,,,,,,1,060,060,06,2,6.0,10,1,10,-2.79329608938548,4,"Gongji, Hunan, China",CH,CH11,13142,27.9108,110.885,9174233,1,United States,US,US,,39.828175,-98.5795,US,4,"Gongji, Hunan, China",CH,CH11,13142,27.9108,110.885,9174233,20181010200000,Engage in material cooperation,Material cooperation
793602854,20181010,201810,USA,MISSOURI,USA,,,,,,,,CHN,CANTON,CHN,,,,,,,,1,172,172,17,4,-5.0,8,1,8,-2.92504570383912,3,"Riverview Park, Minnesota, United States",US,USMN,MN145,45.5639,-94.2306,2067820,3,"Riverview Park, Minnesota, United States",US,USMN,,45.5639,-94.2306,2067820,3,"Riverview Park, Minnesota, United States",US,USMN,,45.5639,-94.2306,2067820,20181010200000,Coerce,Material conflict
793607226,20181010,201810,CHN,CHINESE,CHN,,,,,,,,USA,CINCINNATI,USA,,,,,,,,1,090,090,09,2,-2.0,8,1,8,-3.23809523809524,3,"Cincinnati, Ohio, United States",US,USOH,OH061,39.162,-84.4569,1066650,3,"Cincinnati, Ohio, United States",US,USOH,OH061,39.162,-84.4569,1066650,3,"Cincinnati, Ohio, United States",US,USOH,OH061,39.162,-84.4569,1066650,20181010203000,Investigate,Material cooperation
793609606,20181010,201810,CHNSPY,CHINESE,CHN,,,,,SPY,,,USA,AMERICAN,USA,,,,,,,,1,173,173,17,4,-5.0,6,1,6,-4.53752181500872,1,China,CH,CH,,35.0,105.0,CH,3,"Cincinnati, Ohio, United States",US,USOH,OH061,39.162,-84.4569,1066650,1,China,CH,CH,,35.0,105.0,CH,20181010204500,Coerce,Material conflict
793609607,20181010,201810,CHNSPY,CHINESE,CHN,,,,,SPY,,,USA,AMERICAN,USA,,,,,,,,1,173,173,17,4,-5.0,6,1,6,-4.53752181500872,1,China,CH,CH,,35.0,105.0,CH,1,China,CH,CH,,35.0,105.0,CH,1,China,CH,CH,,35.0,105.0,CH,20181010204500,Coerce,Material conflict
793610810,20181010,201810,USA,WASHINGTON,USA,,,,,,,,CHN,CHINESE,CHN,,,,,,,,1,173,173,17,4,-5.0,8,3,8,-4.62632475819198,1,Belgium,BE,BE,,50.833333,4.0,BE,1,China,CH,CH,,35.0,105.0,CH,1,Belgium,BE,BE,,50.833333,4.0,BE,20181010204500,Coerce,Material conflict
793610812,20181010,201810,USA,WASHINGTON,USA,,,,,,,,CHNSPY,CHINESE,CHN,,,,,SPY,,,1,173,173,17,4,-5.0,9,3,9,-4.65592573925307,1,Belgium,BE,BE,,50.833333,4.0,BE,1,China,CH,CH,,35.0,105.0,CH,1,Belgium,BE,BE,,50.833333,4.0,BE,20181010204500,Coerce,Material conflict
793611029,20181010,201810,USABUS,OHIO,USA,,,,,BUS,,,CHNSPY,CHINESE,CHN,,,,,SPY,,,1,1125,112,11,3,-2.0,8,1,8,-2.85714285714286,2,"Ohio, United States",US,USOH,,40.3736,-82.7755,OH,4,"Zhang Hui, Anhui, China",CH,CH01,12998,32.0128,117.876,-1938142,4,"Zhang Hui, Anhui, China",CH,CH01,12998,32.0128,117.876,-1938142,20181010204500,Disapprove,Verbal conflict
793611030,20181010,201810,USABUS,OHIO,USA,,,,,BUS,,,CHNSPY,CHINESE,CHN,,,,,SPY,,,1,173,173,17,4,-5.0,8,1,8,-2.85714285714286,2,"Ohio, United States",US,USOH,,40.3736,-82.7755,OH,4,"Zhang Hui, Anhui, China",CH,CH01,12998,32.0128,117.876,-1938142,4,"Zhang Hui, Anhui, China",CH,CH01,12998,32.0128,117.876,-1938142,20181010204500,Coerce,Material conflict
793615308,20181010,201810,CHN,CHINA,CHN,,,,,,,,USA,UNITED STATES,USA,,,,,,,,1,020,020,02,1,3.0,10,1,10,-6.36042402826855,4,"Ji Rong, Xizang, China",CH,CH14,13298,29.202,92.002,11259431,4,"Ji Rong, Xizang, China",CH,CH14,13298,29.202,92.002,11259431,4,"Ji Rong, Xizang, China",CH,CH14,13298,29.202,92.002,11259431,20181010211500,Appeal,Verbal cooperation
793618973,20181010,201810,USA,THE US,USA,,,,,,,,CHN,CHINESE,CHN,,,,,,,,1,130,130,13,3,-4.4,10,1,10,-1.01867572156197,4,"South China Sea, Brunei (general), Brunei",BX,BX00,,15.0,115.0,-1337919,4,"Beijing, Beijing, China",CH,CH22,13001,39.9289,116.388,-1898541,4,"Beijing, Beijing, China",CH,CH22,13001,39.9289,116.388,-1898541,20181010213000,Threaten,Verbal conflict
793618979,20181010,201810,USA,WASHINGTON,USA,,,,,,,,CHNSPY,CHINESE,CHN,,,,,SPY,,,1,173,173,17,4,-5.0,6,2,6,-4.2833607907743,1,Belgium,BE,BE,,50.833333,4.0,BE,4,"Beijing, Beijing, China",CH,CH22,13001,39.9289,116.388,-1898541,1,Belgium,BE,BE,,50.833333,4.0,BE,20181010213000,Coerce,Material conflict
793620549,20181010,201810,CHN,CHINA,CHN,,,,,,,,USA,THE US,USA,,,,,,,,1,190,190,19,4,-10.0,10,1,10,-4.20168067226891,1,China,CH,CH,,35.0,105.0,CH,1,China,CH,CH,,35.0,105.0,CH,1,China,CH,CH,,35.0,105.0,CH,20181010214500,Fight,Material conflict
793621670,20181010,201810,USA,THE US,USA,,,,,,,,CHN,CHINA,CHN,,,,,,,,1,190,190,19,4,-10.0,10,1,10,-4.20168067226891,1,Russia,RS,RS,,60.0,100.0,RS,1,Russia,RS,RS,,60.0,100.0,RS,1,Russia,RS,RS,,60.0,100.0,RS,20181010214500,Fight,Material conflict
793623009,20181010,201810,CHN,BEIJING,CHN,,,,,,,,USA,UNITED STATES,USA,,,,,,,,1,0311,031,03,1,5.2,6,1,6,0.39840637450199,4,"Beijing, Beijing, China",CH,CH22,13001,39.9289,116.388,-1898541,1,United States,US,US,,39.828175,-98.5795,US,4,"Tokyo, Tokyo, Japan",JA,JA40,36340,35.685,139.751,-246227,20181010220000,Express intent to cooperate,Verbal cooperation
793623011,20181010,201810,CHN,CANTON,CHN,,,,,,,,USA,SOUTH DAKOTA,USA,,,,,,,,1,084,084,08,2,7.0,10,1,10,-3.50877192982456,1,China,CH,CH,,35.0,105.0,CH,2,"South Dakota, United States",US,USSD,,44.2853,-99.4632,SD,2,"South Dakota, United States",US,USSD,,44.2853,-99.4632,SD,20181010220000,Yield,Material cooperation
793623014,20181010,201810,CHN,CHINA,CHN,,,,,,,,USA,UNITED STATES,USA,,,,,,,,1,150,150,15,4,-7.2,8,1,8,-2.16216216216216,4,"Beijing, Beijing, China",CH,CH22,13001,39.9289,116.388,-1898541,1,United States,US,US,,39.828175,-98.5795,US,1,United States,US,US,,39.828175,-98.5795,US,20181010220000,Exhibit force posture,Material conflict
793623026,20181010,201810,CHNSPY,CHINESE,CHN,,,,,SPY,,,USA,UNITED STATES,USA,,,,,,,,1,112,112,11,3,-2.0,6,1,6,-6.97247706422019,4,"Beijing, Beijing, China",CH,CH22,13001,39.9289,116.388,-1898541,3,"Cincinnati, Ohio, United States",US,USOH,OH061,39.162,-84.4569,1066650,3,"Cincinnati, Ohio, United States",US,USOH,OH061,39.162,-84.4569,1066650,20181010220000,Disapprove,Verbal conflict
793623027,20181010,201810,CHNSPY,CHINESE,CHN,,,,,SPY,,,USA,UNITED STATES,USA,,,,,,,,1,1122,112,11,3,-2.0,6,1,6,-6.97247706422019,4,"Beijing, Beijing, China",CH,CH22,13001,39.9289,116.388,-1898541,3,"Cincinnati, Ohio, United States",US,USOH,OH061,39.162,-84.4569,1066650,3,"Cincinnati, Ohio, United States",US,USOH,OH061,39.162,-84.4569,1066650,20181010220000,Disapprove,Verbal conflict
793623028,20181010,201810,CHNSPY,CHINESE,CHN,,,,,SPY,,,USA,UNITED STATES,USA,,,,,,,,1,174,174,17,4,-5.0,6,1,6,-6.97247706422019,4,"Beijing, Beijing, China",CH,CH22,13001,39.9289,116.388,-1898541,4,"Beijing, Beijing, China",CH,CH22,13001,39.9289,116.388,-1898541,4,"Beijing, Beijing, China",CH,CH22,13001,39.9289,116.388,-1898541,20181010220000,Coerce,Material conflict
793625841,20181010,201810,CHNGOV,CHINESE,CHN,,,,,GOV,,,USA,THE US,USA,,,,,,,,1,100,100,10,3,-5.0,6,1,6,-5.10638297872341,4,"New Delhi, Delhi, India",IN,IN07,17911,28.6,77.2,-2106102,4,"New Delhi, Delhi, India",IN,IN07,17911,28.6,77.2,-2106102,4,"New Delhi, Delhi, India",IN,IN07,17911,28.6,77.2,-2106102,20181010221500,Demand,Verbal conflict
793626906,20181010,201810,USA,UNITED STATES,USA,,,,,,,,CHNSPY,CHINESE,CHN,,,,,SPY,,,1,174,174,17,4,-5.0,6,1,6,-4.22018348623853,3,"Washington, District of Columbia, United States",US,USDC,DC001,38.8951,-77.0364,531871,4,"Beijing, Beijing, China",CH,CH22,13001,39.9289,116.388,-1898541,3,"Washington, District of Columbia, United States",US,USDC,DC001,38.8951,-77.0364,531871,20181010221500,Coerce,Material conflict
793627144,20181010,201810,USALEG,U. S.,USA,,,,,LEG,,,CHN,CHINESE,CHN,,,,,,,,1,020,020,02,1,3.0,20,1,10,-8.33333333333333,4,"Beijing, Beijing, China",CH,CH22,13001,39.9289,116.388,-1898541,4,"Beijing, Beijing, China",CH,CH22,13001,39.9289,116.388,-1898541,4,"Beijing, Beijing, China",CH,CH22,13001,39.9289,116.388,-1898541,20181010221500,Appeal,Verbal cooperation
793629056,20181010,201810,USA,FLORIDA,USA,,,,,,,,CHN,CHINA,CHN,,,,,,,,1,012,012,01,1,-0.4,10,1,10,-3.80952380952381,1,China,CH,CH,,35.0,105.0,CH,1,China,CH,CH,,35.0,105.0,CH,1,China,CH,CH,,35.0,105.0,CH,20181010223000,Make public statement,Verbal cooperation
793629346,20181010,201810,USAGOV,US GOVERNMENT,USA,,,,,GOV,,,CHN,CHINESE,CHN,,,,,,,,1,090,090,09,2,-2.0,8,1,8,-4.33996383363472,4,"Zhang Hui, Anhui, China",CH,CH01,12998,32.0128,117.876,-1938142,4,"Zhang Hui, Anhui, China",CH,CH01,12998,32.0128,117.876,-1938142,4,"Zhang Hui, Anhui, China",CH,CH01,12998,32.0128,117.876,-1938142,20181010223000,Investigate,Material cooperation
793629349,20181010,201810,USAGOV,US GOVERNMENT,USA,,,,,GOV,,,CHN,CHINESE,CHN,,,,,,,,1,173,173,17,4,-5.0,6,1,6,-4.33996383363472,3,"Cincinnati, Ohio, United States",US,USOH,OH061,39.162,-84.4569,1066650,3,"Cincinnati, Ohio, United States",US,USOH,OH061,39.162,-84.4569,1066650,3,"Cincinnati, Ohio, United States",US,USOH,OH061,39.162,-84.4569,1066650,20181010223000,Coerce,Material conflict
793630419,20181010,201810,CHNGOV,CHINESE,CHN,,,,,GOV,,,USA,UNITED STATES,USA,,,,,,,,1,112,112,11,3,-2.0,6,1,6,-5.43933054393305,3,"Chicago, Illinois, United States",US,USIL,IL031,41.85,-87.6501,423587,3,"Chicago, Illinois, United States",US,USIL,IL031,41.85,-87.6501,423587,3,"Chicago, Illinois, United States",US,USIL,IL031,41.85,-87.6501,423587,20181010224500,Disapprove,Verbal conflict
793631368,20181010,201810,USA,UNITED STATES,USA,,,,,,,,CHN,CHINA,CHN,,,,,,,,1,090,090,09,2,-2.0,10,1,10,-5.16898608349901,2,"Ohio, United States",US,USOH,,40.3736,-82.7755,OH,2,"Ohio, United States",US,USOH,,40.3736,-82.7755,OH,2,"Ohio, United States",US,USOH,,40.3736,-82.7755,OH,20181010224500,Investigate,Material cooperation
793631369,20181010,201810,USA,UNITED STATES,USA,,,,,,,,CHN,CHINA,CHN,,,,,,,,1,1122,112,11,3,-2.0,8,1,8,-5.16898608349901,2,"Ohio, United States",US,USOH,,40.3736,-82.7755,OH,1,China,CH,CH,,35.0,105.0,CH,1,China,CH,CH,,35.0,105.0,CH,20181010224500,Disapprove,Verbal conflict
793632662,20181010,201810,CHNGOV,CHINESE,CHN,,,,,GOV,,,USA,UNITED STATES,USA,,,,,,,,1,090,090,09,2,-2.0,6,1,6,-3.2,1,China,CH,CH,,35.0,105.0,CH,2,"Ohio, United States",US,USOH,,40.3736,-82.7755,OH,1,China,CH,CH,,35.0,105.0,CH,20181010230000,Investigate,Material cooperation
793632663,20181010,201810,CHNGOV,CHINESE,CHN,,,,,GOV,,,USA,UNITED STATES,USA,,,,,,,,1,173,173,17,4,-5.0,6,1,6,-3.2,1,China,CH,CH,,35.0,105.0,CH,2,"Ohio, United States",US,USOH,,40.3736,-82.7755,OH,2,"Ohio, United States",US,USOH,,40.3736,-82.7755,OH,20181010230000,Coerce,Material conflict
793633856,20181010,201810,USA,UNITED STATES,USA,,,,,,,,CHN,CHINESE,CHN,,,,,,,,1,090,090,09,2,-2.0,10,1,10,-3.2,3,"Cincinnati, Ohio, United States",US,USOH,OH061,39.162,-84.4569,1066650,1,China,CH,CH,,35.0,105.0,CH,1,China,CH,CH,,35.0,105.0,CH,20181010230000,Investigate,Material cooperation
793637195,20181010,201810,CHN,CHINA,CHN,,,,,,,,USA,AMERICAN,USA,,,,,,,,1,045,045,04,1,5.0,7,1,7,4.0983606557377,1,Mexico,MX,MX,,23.0,-102.0,MX,1,Mexico,MX,MX,,23.0,-102.0,MX,1,Mexico,MX,MX,,23.0,-102.0,MX,20181010233000,Consult,Verbal cooperation
793637205,20181010,201810,CHNSPY,CHINESE,CHN,,,,,SPY,,,USA,AMERICAN,USA,,,,,,,,1,173,173,17,4,-5.0,6,1,6,-4.26829268292683,4,"Beijing, Beijing, China",CH,CH22,13001,39.9289,116.388,-1898541,4,"Beijing, Beijing, China",CH,CH22,13001,39.9289,116.388,-1898541,4,"Beijing, Beijing, China",CH,CH22,13001,39.9289,116.388,-1898541,20181010233000,Coerce,Material conflict
793638254,20181010,201810,USA,THE US,USA,,,,,,,,CHN,CHINA,CHN,,,,,,,,1,190,190,19,4,-10.0,10,1,10,0.23310023310023,1,United States,US,US,,39.828175,-98.5795,US,1,United States,US,US,,39.828175,-98.5795,US,1,United States,US,US,,39.828175,-98.5795,US,20181010233000,Fight,Material conflict
793646745,20181011,201810,CHN,CHINA,CHN,,,,,,,,USA,UNITED STATES,USA,,,,,,,,1,010,010,01,1,0.0,10,1,10,-1.15774240231548,1,China,CH,CH,,35.0,105.0,CH,1,China,CH,CH,,35.0,105.0,CH,1,China,CH,CH,,35.0,105.0,CH,20181011001500,Make public statement,Verbal cooperation
793648638,20181011,201810,USA,ARIZONA,USA,,,,,,,,CHN,CHINA,CHN,,,,,,,,1,070,070,07,2,7.0,7,1,7,3.92156862745099,2,"Arizona, United States",US,USAZ,,33.7712,-111.388,AZ,2,"Arizona, United States",US,USAZ,,33.7712,-111.388,AZ,1,Mexico,MX,MX,,23.0,-102.0,MX,20181011001500,Provide aid,Material cooperation
793648643,20181011,201810,USA,WASHINGTON,USA,,,,,,,,CHN,CHINESE,CHN,,,,,,,,1,173,173,17,4,-5.0,8,4,8,-4.2833607907743,1,Belgium,BE,BE,,50.833333,4.0,BE,4,"Beijing, Beijing, China",CH,CH22,13001,39.9289,116.388,-1898541,1,Belgium,BE,BE,,50.833333,4.0,BE,20181011001500,Coerce,Material conflict
793648644,20181011,201810,USA,UNITED STATES,USA,,,,,,,,CHN,CHINESE,CHN,,,,,,,,1,174,174,17,4,-5.0,6,1,6,-3.42368045649073,4,"Beijing, Beijing, China",CH,CH22,13001,39.9289,116.388,-1898541,4,"Beijing, Beijing, China",CH,CH22,13001,39.9289,116.388,-1898541,4,"Beijing, Beijing, China",CH,CH22,13001,39.9289,116.388,-1898541,20181011001500,Coerce,Material conflict
793648647,20181011,201810,USA,WASHINGTON,USA,,,,,,,,CHNSPY,CHINESE,CHN,,,,,SPY,,,1,173,173,17,4,-5.0,12,4,12,-4.2833607907743,1,Belgium,BE,BE,,50.833333,4.0,BE,4,"Beijing, Beijing, China",CH,CH22,13001,39.9289,116.388,-1898541,1,Belgium,BE,BE,,50.833333,4.0,BE,20181011001500,Coerce,Material conflict
793650898,20181011,201810,CHNGOV,CHINESE,CHN,,,,,GOV,,,USA,THE US,USA,,,,,,,,1,100,100,10,3,-5.0,7,1,7,-2.43243243243243,4,"Beijing, Beijing, China",CH,CH22,13001,39.9289,116.388,-1898541,4,"Beijing, Beijing, China",CH,CH22,13001,39.9289,116.388,-1898541,4,"Beijing, Beijing, China",CH,CH22,13001,39.9289,116.388,-1898541,20181011003000,Demand,Verbal conflict
793656825,20181011,201810,USA,UNITED STATES,USA,,,,,,,,CHNSPY,CHINESE,CHN,,,,,SPY,,,1,174,174,17,4,-5.0,12,2,12,-4.38905180840665,3,"Washington, District of Columbia, United States",US,USDC,DC001,38.8951,-77.0364,531871,4,"Beijing, Beijing, China",CH,CH22,13001,39.9289,116.388,-1898541,3,"Washington, District of Columbia, United States",US,USDC,DC001,38.8951,-77.0364,531871,20181011004500,Coerce,Material conflict
793658835,20181011,201810,CHN,CHINA,CHN,,,,,,,,USA,UNITED STATES,USA,,,,,,,,1,020,020,02,1,3.0,10,1,10,1.97044334975369,1,India,IN,IN,,20.0,77.0,IN,1,India,IN,IN,,20.0,77.0,IN,1,India,IN,IN,,20.0,77.0,IN,20181011010000,Appeal,Verbal cooperation
793658836,20181011,201810,CHN,CHINESE,CHN,,,,,,,,USA,UNITED STATES,USA,,,,,,,,1,090,090,09,2,-2.0,8,1,8,-4.55696202531645,4,"Beijing, Beijing, China",CH,CH22,13001,39.9289,116.388,-1898541,4,"Beijing, Beijing, China",CH,CH22,13001,39.9289,116.388,-1898541,4,"Beijing, Beijing, China",CH,CH22,13001,39.9289,116.388,-1898541,20181011010000,Investigate,Material cooperation
793658839,20181011,201810,CHN,CHINESE,CHN,,,,,,,,USA,UNITED STATES,USA,,,,,,,,1,174,174,17,4,-5.0,8,1,8,-4.55696202531645,4,"Zhang Hui, Anhui, China",CH,CH01,12998,32.0128,117.876,-1938142,3,"Cincinnati, Ohio, United States",US,USOH,OH061,39.162,-84.4569,1066650,3,"Cincinnati, Ohio, United States",US,USOH,OH061,39.162,-84.4569,1066650,20181011010000,Coerce,Material conflict
793667579,20181011,201810,CHN,CHINA,CHN,,,,,,,,USA,AMERICAN,USA,,,,,,,,1,061,061,06,2,6.4,8,1,8,-4.28455941794665,4,"Beijing, Beijing, China",CH,CH22,13001,39.9289,116.388,-1898541,2,"Iowa, United States",US,USIA,,42.0046,-93.214,IA,4,"Beijing, Beijing, China",CH,CH22,13001,39.9289,116.388,-1898541,20181011014500,Engage in material cooperation,Material cooperation
793667581,20181011,201810,CHN,CHINESE,CHN,,,,,,,,USA,NEW YORK,USA,,,,,,,,1,071,071,07,2,7.4,10,1,10,5.61497326203209,1,Poland,PL,PL,,52.0,20.0,PL,1,Poland,PL,PL,,52.0,20.0,PL,1,Poland,PL,PL,,52.0,20.0,PL,20181011014500,Provide aid,Material cooperation
793668349,20181011,201810,MNCUSAMED,GOOGLE,USA,,,,,MNC,MED,,CHN,CHINA,CHN,,,,,,,,1,090,090,09,2,-2.0,10,1,10,0.909090909090911,1,China,CH,CH,,35.0,105.0,CH,1,China,CH,CH,,35.0,105.0,CH,1,China,CH,CH,,35.0,105.0,CH,20181011014500,Investigate,Material cooperation
793668350,20181011,201810,MNCUSAMED,GOOGLE,USA,,,,,MNC,MED,,CHN,CHINA,CHN,,,,,,,,1,1721,172,17,4,-5.0,10,1,10,0.909090909090911,1,China,CH,CH,,35.0,105.0,CH,1,China,CH,CH,,35.0,105.0,CH,1,China,CH,CH,,35.0,105.0,CH,20181011014500,Coerce,Material conflict
793668765,20181011,201810,USA,UNITED STATES,USA,,,,,,,,CHN,CHINESE,CHN,,,,,,,,1,060,060,06,2,6.0,6,1,6,1.73160173160173,2,"Maine, United States",US,USME,,44.6074,-69.3977,ME,2,"Maine, United States",US,USME,,44.6074,-69.3977,ME,2,"Maine, United States",US,USME,,44.6074,-69.3977,ME,20181011014500,Engage in material cooperation,Material cooperation
793670560,20181011,201810,CHNSPY,CHINESE,CHN,,,,,SPY,,,USA,UNITED STATES,USA,,,,,,,,1,112,112,11,3,-2.0,6,1,6,-3.94736842105263,4,"Beijing, Beijing, China",CH,CH22,13001,39.9289,116.388,-1898541,3,"Cincinnati, Ohio, United States",US,USOH,OH061,39.162,-84.4569,1066650,3,"Cincinnati, Ohio, United States",US,USOH,OH061,39.162,-84.4569,1066650,20181011020000,Disapprove,Verbal conflict
793672155,20181011,201810,USABUS,AMERICAN,USA,,,,,BUS,,,CHN,CHINA,CHN,,,,,,,,1,020,020,02,1,3.0,8,1,8,-3.50194552529182,4,"Beijing, Beijing, China",CH,CH22,13001,39.9289,116.388,-1898541,4,"Beijing, Beijing, China",CH,CH22,13001,39.9289,116.388,-1898541,4,"Beijing, Beijing, China",CH,CH22,13001,39.9289,116.388,-1898541,20181011020000,Appeal,Verbal cooperation
793673402,20181011,201810,CHN,CHINA,CHN,,,,,,,,USA,THE US,USA,,,,,,,,1,061,061,06,2,6.4,10,1,10,-5.00568828213879,4,"Beijing, Beijing, China",CH,CH22,13001,39.9289,116.388,-1898541,4,"Beijing, Beijing, China",CH,CH22,13001,39.9289,116.388,-1898541,4,"Beijing, Beijing, China",CH,CH22,13001,39.9289,116.388,-1898541,20181011021500,Engage in material cooperation,Material cooperation
793674611,20181011,201810,USA,THE US,USA,,,,,,,,CHN,CHINA,CHN,,,,,,,,1,061,061,06,2,6.4,10,1,10,-5.00568828213879,4,"Beijing, Beijing, China",CH,CH22,13001,39.9289,116.388,-1898541,4,"Beijing, Beijing, China",CH,CH22,13001,39.9289,116.388,-1898541,4,"Beijing, Beijing, China",CH,CH22,13001,39.9289,116.388,-1898541,20181011021500,Engage in material cooperation,Material cooperation
793678733,20181011,201810,CHN,BEIJING,CHN,,,,,,,,USA,WASHINGTON,USA,,,,,,,,1,111,111,11,3,-2.0,10,1,10,-1.36518771331058,4,"Beijing, Beijing, China",CH,CH22,13001,39.9289,116.388,-1898541,4,"Beijing, Beijing, China",CH,CH22,13001,39.9289,116.388,-1898541,4,"Beijing, Beijing, China",CH,CH22,13001,39.9289,116.388,-1898541,20181011024500,Disapprove,Verbal conflict
793680373,20181011,201810,USA,THE US,USA,,,,,,,,CHN,CHINA,CHN,,,,,,,,1,061,061,06,2,6.4,8,1,8,-6.73076923076923,1,China,CH,CH,,35.0,105.0,CH,1,China,CH,CH,,35.0,105.0,CH,1,China,CH,CH,,35.0,105.0,CH,20181011024500,Engage in material cooperation,Material cooperation
793680376,20181011,201810,USA,THE US,USA,,,,,,,,CHN,CHINA,CHN,,,,,,,,1,120,120,12,3,-4.0,6,1,6,-6.73076923076923,1,China,CH,CH,,35.0,105.0,CH,1,China,CH,CH,,35.0,105.0,CH,1,China,CH,CH,,35.0,105.0,CH,20181011024500,Reject,Verbal conflict
793680378,20181011,201810,USA,FLORIDA,USA,,,,,,,,CHN,CHINA,CHN,,,,,,,,1,130,130,13,3,-4.4,10,1,10,-2.55941499085923,1,China,CH,CH,,35.0,105.0,CH,1,China,CH,CH,,35.0,105.0,CH,1,China,CH,CH,,35.0,105.0,CH,20181011024500,Threaten,Verbal conflict
793681773,20181011,201810,CHN,CHINA,CHN,,,,,,,,USA,UNITED STATES,USA,,,,,,,,1,111,111,11,3,-2.0,10,1,10,3.95778364116095,4,"Shanghai, Shanghai, China",CH,CH23,13243,31.2222,121.458,-1924465,4,"Shanghai, Shanghai, China",CH,CH23,13243,31.2222,121.458,-1924465,4,"Shanghai, Shanghai, China",CH,CH23,13243,31.2222,121.458,-1924465,20181011030000,Disapprove,Verbal conflict
793684445,20181011,201810,CHN,HANGZHOU,CHN,,,,,,,,USAMED,REUTERS,USA,,,,,MED,,,1,046,046,04,1,7.0,20,1,20,-6.28415300546448,4,"Hangzhou, Zhejiang, China",CH,CH02,13319,30.2553,120.169,-1908366,4,"Hangzhou, Zhejiang, China",CH,CH02,13319,30.2553,120.169,-1908366,4,"Hangzhou, Zhejiang, China",CH,CH02,13319,30.2553,120.169,-1908366,20181011031500,Consult,Verbal cooperation
793685517,20181011,201810,USAMED,REUTERS,USA,,,,,MED,,,CHN,HANGZHOU,CHN,,,,,,,,1,046,046,04,1,7.0,8,1,8,-6.28415300546448,1,United States,US,US,,39.828175,-98.5795,US,1,United States,US,US,,39.828175,-98.5795,US,4,"Kuala Lumpur, Kuala Lumpur, Malaysia",MY,MY14,18585,3.16667,101.7,-2403010,20181011031500,Consult,Verbal cooperation
793685518,20181011,201810,USAMED,REUTERS,USA,,,,,MED,,,CHN,HANGZHOU,CHN,,,,,,,,1,046,046,04,1,7.0,12,1,12,-6.28415300546448,1,United States,US,US,,39.828175,-98.5795,US,1,United States,US,US,,39.828175,-98.5795,US,1,United States,US,US,,39.828175,-98.5795,US,20181011031500,Consult,Verbal cooperation
793686592,20181011,201810,CHN,CHINA,CHN,,,,,,,,USA,AMERICAN,USA,,,,,,,,1,045,045,04,1,5.0,7,1,7,4.0,1,Mexico,MX,MX,,23.0,-102.0,MX,1,Mexico,MX,MX,,23.0,-102.0,MX,1,Mexico,MX,MX,,23.0,-102.0,MX,20181011033000,Consult,Verbal cooperation
793686600,20181011,201810,CHNSPY,CHINESE,CHN,,,,,SPY,,,USA,THE US,USA,,,,,,,,1,063,063,06,2,7.4,6,1,6,-6.45161290322582,1,Belgium,BE,BE,,50.833333,4.0,BE,1,Belgium,BE,BE,,50.833333,4.0,BE,3,"Washington, District of Columbia, United States",US,USDC,DC001,38.8951,-77.0364,531871,20181011033000,Engage in material cooperation,Material cooperation
793691427,20181011,201810,CHN,BEIJING,CHN,,,,,,,,USA,THE US,USA,,,,,,,,1,016,016,01,1,-2.0,8,1,8,-1.03092783505155,3,"White House, District of Columbia, United States",US,USDC,,38.8951,-77.0364,531871,3,"White House, District of Columbia, United States",US,USDC,,38.8951,-77.0364,531871,3,"White House, District of Columbia, United States",US,USDC,,38.8951,-77.0364,531871,20181011040000,Make public statement,Verbal cooperation
793691431,20181011,201810,CHN,CHINA,CHN,,,,,,,,USA,UNITED STATES,USA,,,,,,,,1,061,061,06,2,6.4,8,1,8,0.71942446043166,1,China,CH,CH,,35.0,105.0,CH,1,United States,US,US,,39.828175,-98.5795,US,1,China,CH,CH,,35.0,105.0,CH,20181011040000,Engage in material cooperation,Material cooperation
793691444,20181011,201810,CHN,CHINESE,CHN,,,,,,,,USAEDU,AMERICAN,USA,,,,,EDU,,,1,090,090,09,2,-2.0,6,1,6,-5.77689243027889,2,"Texas, United States",US,USTX,,31.106,-97.6475,TX,3,"Houston, Texas, United States",US,USTX,TX201,29.7633,-95.3633,1380948,3,"Houston, Texas, United States",US,USTX,TX201,29.7633,-95.3633,1380948,20181011040000,Investigate,Material cooperation
793691453,20181011,201810,CHNGOV,CHINESE,CHN,,,,,GOV,,,USA,UNITED STATES,USA,,,,,,,,1,090,090,09,2,-2.0,6,1,6,-3.36787564766839,1,China,CH,CH,,35.0,105.0,CH,2,"Ohio, United States",US,USOH,,40.3736,-82.7755,OH,1,China,CH,CH,,35.0,105.0,CH,20181011040000,Investigate,Material cooperation
793691454,20181011,201810,CHNGOV,CHINESE,CHN,,,,,GOV,,,USA,UNITED STATES,USA,,,,,,,,1,173,173,17,4,-5.0,6,1,6,-3.36787564766839,1,China,CH,CH,,35.0,105.0,CH,2,"Ohio, United States",US,USOH,,40.3736,-82.7755,OH,2,"Ohio, United States",US,USOH,,40.3736,-82.7755,OH,20181011040000,Coerce,Material conflict
793692723,20181011,201810,USA,UNITED STATES,USA,,,,,,,,CHN,CHINESE,CHN,,,,,,,,1,090,090,09,2,-2.0,8,1,8,-3.36787564766839,3,"Cincinnati, Ohio, United States",US,USOH,OH061,39.162,-84.4569,1066650,1,China,CH,CH,,35.0,105.0,CH,1,China,CH,CH,,35.0,105.0,CH,20181011040000,Investigate,Material cooperation
793692726,20181011,201810,USA,UNITED STATES,USA,,,,,,,,CHN,CHINESE,CHN,,,,,,,,1,112,112,11,3,-2.0,6,1,6,-3.36787564766839,1,China,CH,CH,,35.0,105.0,CH,1,China,CH,CH,,35.0,105.0,CH,1,China,CH,CH,,35.0,105.0,CH,20181011040000,Disapprove,Verbal conflict
793694997,20181011,201810,USALAB,AMERICAN,USA,,,,,LAB,,,CHN,CHINA,CHN,,,,,,,,1,061,061,06,2,6.4,6,1,6,-0.48780487804878,2,"Texas, United States",US,USTX,,31.106,-97.6475,TX,2,"Texas, United States",US,USTX,,31.106,-97.6475,TX,2,"Texas, United States",US,USTX,,31.106,-97.6475,TX,20181011041500,Engage in material cooperation,Material cooperation
793699043,20181011,201810,USA,UNITED STATES,USA,,,,,,,,CHN,CHINA,CHN,,,,,,,,1,042,042,04,1,1.9,10,1,10,-2.72727272727273,1,China,CH,CH,,35.0,105.0,CH,1,China,CH,CH,,35.0,105.0,CH,1,China,CH,CH,,35.0,105.0,CH,20181011044500,Consult,Verbal cooperation
793700289,20181011,201810,CHNGOV,CHINA,CHN,,,,,GOV,,,USAGOV,THE US,USA,,,,,GOV,,,1,112,112,11,3,-2.0,10,1,10,-4.56942003514938,4,"Zhong Shan, Anhui, China",CH,CH01,12997,30.8938,118.769,10997260,4,"Zhong Shan, Anhui, China",CH,CH01,12997,30.8938,118.769,10997260,4,"Zhong Shan, Anhui, China",CH,CH01,12997,30.8938,118.769,10997260,20181011050000,Disapprove,Verbal conflict
793707162,20181011,201810,CHNGOV,CHINESE,CHN,,,,,GOV,,,USAJUD,THE US,USA,,,,,JUD,,,1,080,080,08,2,5.0,12,2,12,-4.70604519187516,1,China,CH,CH,,35.0,105.0,CH,2,"Ohio, United States",US,USOH,,40.3736,-82.7755,OH,1,China,CH,CH,,35.0,105.0,CH,20181011054500,Yield,Material cooperation
793708398,20181011,201810,USA,UNITED STATES,USA,,,,,,,,CHNSPY,CHINESE,CHN,,,,,SPY,,,1,173,173,17,4,-5.0,6,1,6,-6.2962962962963,4,"Shanghai, Shanghai, China",CH,CH23,13243,31.2222,121.458,-1924465,4,"Shanghai, Shanghai, China",CH,CH23,13243,31.2222,121.458,-1924465,4,"Shanghai, Shanghai, China",CH,CH23,13243,31.2222,121.458,-1924465,20181011054500,Coerce,Material conflict
793715440,20181011,201810,USA,WASHINGTON,USA,,,,,,,,CHNGOV,BEIJING,CHN,,,,,GOV,,,1,080,080,08,2,5.0,6,1,6,-1.13333333333333,3,"Washington, District of Columbia, United States",US,USDC,DC001,38.8951,-77.0364,531871,3,"Washington, District of Columbia, United States",US,USDC,DC001,38.8951,-77.0364,531871,3,"Washington, District of Columbia, United States",US,USDC,DC001,38.8951,-77.0364,531871,20181011063000,Yield,Material cooperation
793717990,20181011,201810,USA,FLORIDA,USA,,,,,,,,CHN,CHINA,CHN,,,,,,,,1,130,130,13,3,-4.4,10,1,10,-2.11864406779661,4,"Xinjiang, Jiangxi, China",CH,CH03,13167,27.7481,116.274,11065838,4,"Xinjiang, Jiangxi, China",CH,CH03,13167,27.7481,116.274,11065838,4,"Xinjiang, Jiangxi, China",CH,CH03,13167,27.7481,116.274,11065838,20181011064500,Threaten,Verbal conflict
793719007,20180911,201809,CHN,CHINA,CHN,,,,,,,,USA,WASHINGTON,USA,,,,,,,,1,110,110,11,3,-2.0,10,1,10,1.06382978723405,1,China,CH,CH,,35.0,105.0,CH,1,China,CH,CH,,35.0,105.0,CH,1,China,CH,CH,,35.0,105.0,CH,20181011070000,Disapprove,Verbal conflict
793719008,20180911,201809,CHN,CHINA,CHN,,,,,,,,USA,WASHINGTON,USA,,,,,,,,1,120,120,12,3,-4.0,6,1,6,1.06382978723405,1,China,CH,CH,,35.0,105.0,CH,3,"Washington, District of Columbia, United States",US,USDC,DC001,38.8951,-77.0364,531871,3,"Washington, District of Columbia, United States",US,USDC,DC001,38.8951,-77.0364,531871,20181011070000,Reject,Verbal conflict
793719361,20181011,201810,CHN,BEIJING,CHN,,,,,,,,USA,AMERICAN,USA,,,,,,,,1,043,043,04,1,2.8,6,1,6,-4.21631530705775,4,"Beijing, Beijing, China",CH,CH22,13001,39.9289,116.388,-1898541,2,"Washington, United States",US,USWA,,47.3917,-121.571,WA,4,"Beijing, Beijing, China",CH,CH22,13001,39.9289,116.388,-1898541,20181011070000,Consult,Verbal cooperation
793719362,20181011,201810,CHN,CHINA,CHN,,,,,,,,USA,NEW YORK,USA,,,,,,,,1,112,112,11,3,-2.0,7,1,7,-5.33807829181495,1,China,CH,CH,,35.0,105.0,CH,2,"New York, United States",US,USNY,,42.1497,-74.9384,NY,1,China,CH,CH,,35.0,105.0,CH,20181011070000,Disapprove,Verbal conflict
793720485,20181011,201810,USA,AMERICAN,USA,,,,,,,,CHN,BEIJING,CHN,,,,,,,,1,042,042,04,1,1.9,8,1,8,-4.21631530705775,4,"Beijing, Beijing, China",CH,CH22,13001,39.9289,116.388,-1898541,4,"Beijing, Beijing, China",CH,CH22,13001,39.9289,116.388,-1898541,4,"Beijing, Beijing, China",CH,CH22,13001,39.9289,116.388,-1898541,20181011070000,Consult,Verbal cooperation
793723234,20181011,201810,USA,AMERICAN,USA,,,,,,,,CHN,CHINA,CHN,,,,,,,,1,061,061,06,2,6.4,8,1,8,-4.25531914893617,1,United States,US,US,,39.828175,-98.5795,US,4,"Beijing, Beijing, China",CH,CH22,13001,39.9289,116.388,-1898541,1,India,IN,IN,,20.0,77.0,IN,20181011071500,Engage in material cooperation,Material cooperation
793728303,20181011,201810,USA,THE US,USA,,,,,,,,CHN,CHINA,CHN,,,,,,,,1,112,112,11,3,-2.0,10,1,10,-0.84033613445378,4,"Beijing, Beijing, China",CH,CH22,13001,39.9289,116.388,-1898541,4,"Beijing, Beijing, China",CH,CH22,13001,39.9289,116.388,-1898541,4,"Beijing, Beijing, China",CH,CH22,13001,39.9289,116.388,-1898541,20181011074500,Disapprove,Verbal conflict
793733632,20181011,201810,USABUS,AMERICAN,USA,,,,,BUS,,,CHN,CHINA,CHN,,,,,,,,1,020,020,02,1,3.0,8,1,8,-0.90270812437312,4,"Shanghai, Shanghai, China",CH,CH23,13243,31.2222,121.458,-1924465,4,"Shanghai, Shanghai, China",CH,CH23,13243,31.2222,121.458,-1924465,4,"Shanghai, Shanghai, China",CH,CH23,13243,31.2222,121.458,-1924465,20181011081500,Appeal,Verbal cooperation
793734708,20180911,201809,USA,THE US,USA,,,,,,,,CHN,CHINA,CHN,,,,,,,,1,163,163,16,4,-8.0,7,1,7,-4.51388888888889,4,"Moscow, Moskva, Russia",RS,RS48,25106,55.7522,37.6156,-2960561,4,"New Delhi, Delhi, India",IN,IN07,17911,28.6,77.2,-2106102,4,"New Delhi, Delhi, India",IN,IN07,17911,28.6,77.2,-2106102,20181011083000,Reduce relations,Material conflict
793741759,20181011,201810,USA,AMERICAN,USA,,,,,,,,CHN,CHINA,CHN,,,,,,,,1,010,010,01,1,0.0,10,1,10,-0.381679389312979,4,"Beijing, Beijing, China",CH,CH22,13001,39.9289,116.388,-1898541,4,"Beijing, Beijing, China",CH,CH22,13001,39.9289,116.388,-1898541,4,"Beijing, Beijing, China",CH,CH22,13001,39.9289,116.388,-1898541,20181011090000,Make public statement,Verbal cooperation
793744646,20181011,201810,USAGOV,THE US,USA,,,,,GOV,,,CHNGOV,CHINA,CHN,,,,,GOV,,,1,173,173,17,4,-5.0,10,1,10,-5.5421686746988,4,"Zhang Hui, Anhui, China",CH,CH01,12998,32.0128,117.876,-1938142,4,"Zhang Hui, Anhui, China",CH,CH01,12998,32.0128,117.876,-1938142,4,"Zhang Hui, Anhui, China",CH,CH01,12998,32.0128,117.876,-1938142,20181011091500,Coerce,Material conflict
793744659,20181011,201810,USALEG,U. S.,USA,,,,,LEG,,,CHN,CHINESE,CHN,,,,,,,,1,020,020,02,1,3.0,6,1,6,-4.6639231824417,4,"Tianshan, Jilin, China",CH,CH05,13176,43.6182,129.608,10869903,4,"Tianshan, Jilin, China",CH,CH05,13176,43.6182,129.608,10869903,4,"Tianshan, Jilin, China",CH,CH05,13176,43.6182,129.608,10869903,20181011091500,Appeal,Verbal cooperation
793747286,20181011,201810,USA,UNITED STATES,USA,,,,,,,,CHN,CHINESE,CHN,,,,,,,,1,090,090,09,2,-2.0,6,1,6,-3.83944153577661,2,"New York, United States",US,USNY,,42.1497,-74.9384,NY,4,"Beijing, Beijing, China",CH,CH22,13001,39.9289,116.388,-1898541,4,"Beijing, Beijing, China",CH,CH22,13001,39.9289,116.388,-1898541,20181011093000,Investigate,Material cooperation
793749155,20181011,201810,CHN,CHINA,CHN,,,,,,,,USA,WASHINGTON,USA,,,,,,,,1,112,112,11,3,-2.0,6,1,6,-8.55263157894737,4,"Beijing, Beijing, China",CH,CH22,13001,39.9289,116.388,-1898541,3,"Washington, District of Columbia, United States",US,USDC,DC001,38.8951,-77.0364,531871,3,"Washington, District of Columbia, United States",US,USDC,DC001,38.8951,-77.0364,531871,20181011094500,Disapprove,Verbal conflict
793750451,20181011,201810,USA,THE US,USA,,,,,,,,CHN,CHINESE,CHN,,,,,,,,1,090,090,09,2,-2.0,8,1,8,-8.55263157894737,1,Belgium,BE,BE,,50.833333,4.0,BE,4,"Beijing, Beijing, China",CH,CH22,13001,39.9289,116.388,-1898541,4,"Beijing, Beijing, China",CH,CH22,13001,39.9289,116.388,-1898541,20181011094500,Investigate,Material cooperation
793750452,20181011,201810,USA,THE US,USA,,,,,,,,CHN,CHINESE,CHN,,,,,,,,1,173,173,17,4,-5.0,8,1,8,-8.55263157894737,1,Belgium,BE,BE,,50.833333,4.0,BE,4,"Beijing, Beijing, China",CH,CH22,13001,39.9289,116.388,-1898541,4,"Beijing, Beijing, China",CH,CH22,13001,39.9289,116.388,-1898541,20181011094500,Coerce,Material conflict
793765028,20181011,201810,CHN,CHINA,CHN,,,,,,,,USA,THE US,USA,,,,,,,,1,016,016,01,1,-2.0,10,1,10,-3.86643233743409,4,"Beijing, Beijing, China",CH,CH22,13001,39.9289,116.388,-1898541,4,"Beijing, Beijing, China",CH,CH22,13001,39.9289,116.388,-1898541,4,"Beijing, Beijing, China",CH,CH22,13001,39.9289,116.388,-1898541,20181011110000,Make public statement,Verbal cooperation
793768300,20181011,201810,CHN,CHINESE,CHN,,,,,,,,USA,THE US,USA,,,,,,,,1,043,043,04,1,2.8,10,1,10,-2.67459138187222,4,"Shanghai, Shanghai, China",CH,CH23,13243,31.2222,121.458,-1924465,4,"Shanghai, Shanghai, China",CH,CH23,13243,31.2222,121.458,-1924465,4,"Shanghai, Shanghai, China",CH,CH23,13243,31.2222,121.458,-1924465,20181011111500,Consult,Verbal cooperation
793769804,20181011,201810,USA,THE US,USA,,,,,,,,CHN,CHINESE,CHN,,,,,,,,1,042,042,04,1,1.9,10,1,10,-2.67459138187222,4,"Shanghai, Shanghai, China",CH,CH23,13243,31.2222,121.458,-1924465,4,"Shanghai, Shanghai, China",CH,CH23,13243,31.2222,121.458,-1924465,4,"Shanghai, Shanghai, China",CH,CH23,13243,31.2222,121.458,-1924465,20181011111500,Consult,Verbal cooperation
793769805,20181011,201810,USA,UNITED STATES,USA,,,,,,,,CHN,CHINA,CHN,,,,,,,,1,120,120,12,3,-4.0,10,1,10,-2.30700976042591,2,"Wisconsin, United States",US,USWI,,44.2563,-89.6385,WI,2,"Wisconsin, United States",US,USWI,,44.2563,-89.6385,WI,3,"Marquette University, Wisconsin, United States",US,USWI,,43.0375,-87.9298,1569068,20181011111500,Reject,Verbal conflict
793771675,20181011,201810,CHN,CHINESE,CHN,,,,,,,,USA,CINCINNATI,USA,,,,,,,,1,090,090,09,2,-2.0,8,1,8,-3.44036697247706,3,"Cincinnati, Ohio, United States",US,USOH,OH061,39.162,-84.4569,1066650,3,"Cincinnati, Ohio, United States",US,USOH,OH061,39.162,-84.4569,1066650,3,"Cincinnati, Ohio, United States",US,USOH,OH061,39.162,-84.4569,1066650,20181011113000,Investigate,Material cooperation
793776001,20181011,201810,USA,UNITED STATES,USA,,,,,,,,CHN,CHINA,CHN,,,,,,,,1,120,120,12,3,-4.0,23,3,23,-2.27378008345077,3,"Marquette University, Wisconsin, United States",US,USWI,WI079,43.0375,-87.9298,1569068,3,"Marquette University, Wisconsin, United States",US,USWI,,43.0375,-87.9298,1569068,3,"Marquette University, Wisconsin, United States",US,USWI,,43.0375,-87.9298,1569068,20181011114500,Reject,Verbal conflict
793791015,20181011,201810,CHN,CHINA,CHN,,,,,,,,USAGOV,UNITED STATES,USA,,,,,GOV,,,1,012,012,01,1,-0.4,10,1,10,-5.81395348837209,4,"Xinjiang, Jiangxi, China",CH,CH03,13167,27.7481,116.274,11065838,1,United States,US,US,,39.828175,-98.5795,US,1,United States,US,US,,39.828175,-98.5795,US,20181011130000,Make public statement,Verbal cooperation
793797669,20181011,201810,CHN,BEIJING,CHN,,,,,,,,USA,DETROIT,USA,,,,,,,,1,036,036,03,1,4.0,10,1,10,-2.69953051643193,4,"Beijing, Beijing, China",CH,CH22,13001,39.9289,116.388,-1898541,4,"Beijing, Beijing, China",CH,CH22,13001,39.9289,116.388,-1898541,4,"Beijing, Beijing, China",CH,CH22,13001,39.9289,116.388,-1898541,20181011133000,Express intent to cooperate,Verbal cooperation
793804335,20181011,201810,CHN,CHINA,CHN,,,,,,,,MNCUSAHLH,WALGREEN,USA,,,,,MNC,HLH,,1,061,061,06,2,6.4,10,1,10,2.3728813559322,1,China,CH,CH,,35.0,105.0,CH,1,China,CH,CH,,35.0,105.0,CH,1,China,CH,CH,,35.0,105.0,CH,20181011140000,Engage in material cooperation,Material cooperation
793804343,20181011,201810,CHN,CHINESE,CHN,,,,,,,,USA,THE US,USA,,,,,,,,1,040,040,04,1,1.0,10,1,10,0.0,4,"Shanghai, Shanghai, China",CH,CH23,13243,31.2222,121.458,-1924465,4,"Shanghai, Shanghai, China",CH,CH23,13243,31.2222,121.458,-1924465,4,"Shanghai, Shanghai, China",CH,CH23,13243,31.2222,121.458,-1924465,20181011140000,Consult,Verbal cooperation
793804344,20181011,201810,CHN,CHINA,CHN,,,,,,,,USA,THE US,USA,,,,,,,,1,050,050,05,1,3.5,10,1,10,0.0,4,"Shanghai, Shanghai, China",CH,CH23,13243,31.2222,121.458,-1924465,4,"Shanghai, Shanghai, China",CH,CH23,13243,31.2222,121.458,-1924465,4,"Shanghai, Shanghai, China",CH,CH23,13243,31.2222,121.458,-1924465,20181011140000,Engage in diplomatic cooperation,Verbal cooperation
793804349,20181011,201810,CHN,CHINESE,CHN,,,,,,,,USA,THE US,USA,,,,,,,,1,090,090,09,2,-2.0,8,1,8,-2.69133725820017,3,"Illinois Institute Of Technology, Illinois, United States",US,USIL,IL031,41.8353,-87.627,410767,3,"Illinois Institute Of Technology, Illinois, United States",US,USIL,,41.8353,-87.627,410767,3,"Illinois Institute Of Technology, Illinois, United States",US,USIL,,41.8353,-87.627,410767,20181011140000,Investigate,Material cooperation
793804351,20181011,201810,CHN,CHINESE,CHN,,,,,,,,USA,THE US,USA,,,,,,,,1,174,174,17,4,-5.0,10,1,10,-2.69133725820017,4,"Zhang Hui, Anhui, China",CH,CH01,12998,32.0128,117.876,-1938142,4,"Zhang Hui, Anhui, China",CH,CH01,12998,32.0128,117.876,-1938142,4,"Zhang Hui, Anhui, China",CH,CH01,12998,32.0128,117.876,-1938142,20181011140000,Coerce,Material conflict
793805313,20181011,201810,MNCUSAHLH,WALGREEN,USA,,,,,MNC,HLH,,CHN,CHINA,CHN,,,,,,,,1,061,061,06,2,6.4,10,1,10,2.3728813559322,1,China,CH,CH,,35.0,105.0,CH,1,China,CH,CH,,35.0,105.0,CH,1,China,CH,CH,,35.0,105.0,CH,20181011140000,Engage in material cooperation,Material cooperation
793805726,20181011,201810,USA,THE US,USA,,,,,,,,CHN,CHINESE,CHN,,,,,,,,1,040,040,04,1,1.0,10,1,10,0.0,4,"Shanghai, Shanghai, China",CH,CH23,13243,31.2222,121.458,-1924465,4,"Shanghai, Shanghai, China",CH,CH23,13243,31.2222,121.458,-1924465,4,"Shanghai, Shanghai, China",CH,CH23,13243,31.2222,121.458,-1924465,20181011140000,Consult,Verbal cooperation
793805727,20181011,201810,USA,THE US,USA,,,,,,,,CHN,CHINA,CHN,,,,,,,,1,050,050,05,1,3.5,10,1,10,0.0,4,"Shanghai, Shanghai, China",CH,CH23,13243,31.2222,121.458,-1924465,4,"Shanghai, Shanghai, China",CH,CH23,13243,31.2222,121.458,-1924465,4,"Shanghai, Shanghai, China",CH,CH23,13243,31.2222,121.458,-1924465,20181011140000,Engage in diplomatic cooperation,Verbal cooperation
793830316,20181011,201810,USA,UNITED STATES,USA,,,,,,,,CHN,BEIJING,CHN,,,,,,,,1,054,054,05,1,6.0,8,1,8,-0.22935779816514,3,"Washington, District of Columbia, United States",US,USDC,DC001,38.8951,-77.0364,531871,4,"Beijing, Beijing, China",CH,CH22,13001,39.9289,116.388,-1898541,4,"Beijing, Beijing, China",CH,CH22,13001,39.9289,116.388,-1898541,20181011154500,Engage in diplomatic cooperation,Verbal cooperation
793830319,20181011,201810,USA,NEW YORK,USA,,,,,,,,CHN,CHINA,CHN,,,,,,,,1,060,060,06,2,6.0,8,1,8,-2.0997375328084,2,"New York, United States",US,USNY,,42.1497,-74.9384,NY,4,"Beijing, Beijing, China",CH,CH22,13001,39.9289,116.388,-1898541,2,"New York, United States",US,USNY,,42.1497,-74.9384,NY,20181011154500,Engage in material cooperation,Material cooperation
793833853,20181011,201810,USA,TEXAS,USA,,,,,,,,CHN,CHINA,CHN,,,,,,,,1,061,061,06,2,6.4,10,1,10,-3.31125827814569,2,"Texas, United States",US,USTX,,31.106,-97.6475,TX,1,China,CH,CH,,35.0,105.0,CH,1,China,CH,CH,,35.0,105.0,CH,20181011160000,Engage in material cooperation,Material cooperation
793833854,20181011,201810,USA,TEXAS,USA,,,,,,,,CHN,CHINA,CHN,,,,,,,,1,080,080,08,2,5.0,10,1,10,-3.31125827814569,1,Iran,IR,IR,,32.0,53.0,IR,1,Iran,IR,IR,,32.0,53.0,IR,1,Iran,IR,IR,,32.0,53.0,IR,20181011160000,Yield,Material cooperation
793835599,20181011,201810,CHN,SHANGHAI,CHN,,,,,,,,USA,HOUSTON,USA,,,,,,,,1,030,030,03,1,4.0,16,1,16,6.01851851851852,4,"Shanghai, Shanghai, China",CH,CH23,13243,31.2222,121.458,-1924465,3,"Houston, Texas, United States",US,USTX,TX201,29.7633,-95.3633,1380948,4,"Junshi, Anhui, China",CH,CH01,12998,31.3987,118.288,10530277,20181011161500,Express intent to cooperate,Verbal cooperation
793835603,20181011,201810,CHN,SHANGHAI,CHN,,,,,,,,USA,HOUSTON,USA,,,,,,,,1,057,057,05,1,8.0,20,1,20,6.01851851851852,4,"Junshi, Anhui, China",CH,CH01,12998,31.3987,118.288,10530277,4,"Junshi, Anhui, China",CH,CH01,12998,31.3987,118.288,10530277,4,"Junshi, Anhui, China",CH,CH01,12998,31.3987,118.288,10530277,20181011161500,Engage in diplomatic cooperation,Verbal cooperation
793837100,20181011,201810,USA,HOUSTON,USA,,,,,,,,CHN,SHANGHAI,CHN,,,,,,,,1,030,030,03,1,4.0,16,1,16,6.01851851851852,3,"Houston, Texas, United States",US,USTX,TX201,29.7633,-95.3633,1380948,4,"Shanghai, Shanghai, China",CH,CH23,13243,31.2222,121.458,-1924465,4,"Junshi, Anhui, China",CH,CH01,12998,31.3987,118.288,10530277,20181011161500,Express intent to cooperate,Verbal cooperation
793837105,20181011,201810,USA,HOUSTON,USA,,,,,,,,CHN,SHANGHAI,CHN,,,,,,,,1,057,057,05,1,8.0,16,1,16,6.01851851851852,3,"Houston, Texas, United States",US,USTX,TX201,29.7633,-95.3633,1380948,4,"Shanghai, Shanghai, China",CH,CH23,13243,31.2222,121.458,-1924465,4,"Junshi, Anhui, China",CH,CH01,12998,31.3987,118.288,10530277,20181011161500,Engage in diplomatic cooperation,Verbal cooperation
793837106,20181011,201810,USA,THE US,USA,,,,,,,,CHN,CHINA,CHN,,,,,,,,1,080,080,08,2,5.0,8,1,8,-6.33802816901408,4,"Beijing, Beijing, China",CH,CH22,13001,39.9289,116.388,-1898541,4,"Beijing, Beijing, China",CH,CH22,13001,39.9289,116.388,-1898541,4,"Beijing, Beijing, China",CH,CH22,13001,39.9289,116.388,-1898541,20181011161500,Yield,Material cooperation
793837107,20181011,201810,USA,THE US,USA,,,,,,,,CHN,CHINA,CHN,,,,,,,,1,090,090,09,2,-2.0,8,1,8,-6.33802816901408,4,"Beijing, Beijing, China",CH,CH22,13001,39.9289,116.388,-1898541,4,"Beijing, Beijing, China",CH,CH22,13001,39.9289,116.388,-1898541,4,"Beijing, Beijing, China",CH,CH22,13001,39.9289,116.388,-1898541,20181011161500,Investigate,Material cooperation
793838985,20181011,201810,CHN,CANTON,CHN,,,,,,,,USA,LAWRENCE,USA,,,,,,,,1,036,036,03,1,4.0,8,1,8,-2.74914089347079,1,China,CH,CH,,35.0,105.0,CH,1,China,CH,CH,,35.0,105.0,CH,1,China,CH,CH,,35.0,105.0,CH,20181011163000,Express intent to cooperate,Verbal cooperation
793838989,20181011,201810,CHN,CHINA,CHN,,,,,,,,USA,THE US,USA,,,,,,,,1,100,100,10,3,-5.0,10,1,10,-3.11526479750779,4,"Beijing, Beijing, China",CH,CH22,13001,39.9289,116.388,-1898541,3,"Washington, District of Columbia, United States",US,USDC,DC001,38.8951,-77.0364,531871,3,"Washington, District of Columbia, United States",US,USDC,DC001,38.8951,-77.0364,531871,20181011163000,Demand,Verbal conflict
793840662,20181011,201810,USA,LAWRENCE,USA,,,,,,,,CHN,CANTON,CHN,,,,,,,,1,036,036,03,1,4.0,8,1,8,-2.74914089347079,1,China,CH,CH,,35.0,105.0,CH,1,China,CH,CH,,35.0,105.0,CH,1,China,CH,CH,,35.0,105.0,CH,20181011163000,Express intent to cooperate,Verbal cooperation
793844311,20181011,201810,USA,THE US,USA,,,,,,,,CHN,CHINA,CHN,,,,,,,,1,0311,031,03,1,5.2,10,1,10,-0.72727272727273,2,"Ohio, United States",US,USOH,,40.3736,-82.7755,OH,2,"Ohio, United States",US,USOH,,40.3736,-82.7755,OH,2,"Ohio, United States",US,USOH,,40.3736,-82.7755,OH,20181011164500,Express intent to cooperate,Verbal cooperation
793847889,20181011,201810,USA,AMERICAN,USA,,,,,,,,CHN,CHINESE,CHN,,,,,,,,1,071,071,07,2,7.4,8,1,8,-1.94174757281554,1,United States,US,US,,39.828175,-98.5795,US,1,China,CH,CH,,35.0,105.0,CH,1,United States,US,US,,39.828175,-98.5795,US,20181011170000,Provide aid,Material cooperation
793852895,20181011,201810,CHN,CHINA,CHN,,,,,,,,USABUS,AMERICAN,USA,,,,,BUS,,,1,114,114,11,3,-2.0,6,1,6,-1.78571428571429,4,"Beijing, Beijing, China",CH,CH22,13001,39.9289,116.388,-1898541,3,"Washington, District of Columbia, United States",US,USDC,DC001,38.8951,-77.0364,531871,4,"Beijing, Beijing, China",CH,CH22,13001,39.9289,116.388,-1898541,20181011173000,Disapprove,Verbal conflict
793856049,20181011,201810,CHNGOV,CHINESE,CHN,,,,,GOV,,,USA,UNITED STATES,USA,,,,,,,,1,042,042,04,1,1.9,6,1,6,-6.90208667736757,1,China,CH,CH,,35.0,105.0,CH,1,China,CH,CH,,35.0,105.0,CH,1,China,CH,CH,,35.0,105.0,CH,20181011174500,Consult,Verbal cooperation
793857494,20181011,201810,USA,AMERICAN,USA,,,,,,,,CHN,CHINESE,CHN,,,,,,,,1,071,071,07,2,7.4,8,1,8,-1.91387559808613,3,"Washington, District of Columbia, United States",US,USDC,DC001,38.8951,-77.0364,531871,1,China,CH,CH,,35.0,105.0,CH,3,"Washington, District of Columbia, United States",US,USDC,DC001,38.8951,-77.0364,531871,20181011174500,Provide aid,Material cooperation
793857497,20181011,201810,USA,UNITED STATES,USA,,,,,,,,CHNGOV,CHINESE,CHN,,,,,GOV,,,1,043,043,04,1,2.8,6,1,6,-6.90208667736757,3,"Washington, District of Columbia, United States",US,USDC,DC001,38.8951,-77.0364,531871,1,China,CH,CH,,35.0,105.0,CH,1,China,CH,CH,,35.0,105.0,CH,20181011174500,Consult,Verbal cooperation
793862332,20181011,201810,CHN,CHINA,CHN,,,,,,,,USA,THE US,USA,,,,,,,,1,016,016,01,1,-2.0,10,1,10,-4.15704387990762,4,"Lu Kang, Anhui, China",CH,CH01,13144,31.2728,118.337,-1916844,4,"Lu Kang, Anhui, China",CH,CH01,13144,31.2728,118.337,-1916844,4,"Lu Kang, Anhui, China",CH,CH01,13144,31.2728,118.337,-1916844,20181011181500,Make public statement,Verbal cooperation
793862333,20181011,201810,CHN,CHINA,CHN,,,,,,,,USA,THE US,USA,,,,,,,,1,090,090,09,2,-2.0,10,1,10,-4.15704387990762,4,"Lu Kang, Anhui, China",CH,CH01,13144,31.2728,118.337,-1916844,4,"Lu Kang, Anhui, China",CH,CH01,13144,31.2728,118.337,-1916844,4,"Lu Kang, Anhui, China",CH,CH01,13144,31.2728,118.337,-1916844,20181011181500,Investigate,Material cooperation
793862334,20181011,201810,CHN,CHINA,CHN,,,,,,,,USAEDU,CALIFORNIA,USA,,,,,EDU,,,1,040,040,04,1,1.0,10,1,10,4.03587443946188,3,"Berkeley, California, United States",US,USCA,CA001,37.8716,-122.273,1658037,3,"Berkeley, California, United States",US,USCA,CA001,37.8716,-122.273,1658037,3,"Berkeley, California, United States",US,USCA,CA001,37.8716,-122.273,1658037,20181011181500,Consult,Verbal cooperation
793863793,20181011,201810,USA,THE US,USA,,,,,,,,CHN,CHINA,CHN,,,,,,,,1,112,112,11,3,-2.0,10,1,10,-4.15704387990762,4,"Lu Kang, Anhui, China",CH,CH01,13144,31.2728,118.337,-1916844,4,"Lu Kang, Anhui, China",CH,CH01,13144,31.2728,118.337,-1916844,4,"Lu Kang, Anhui, China",CH,CH01,13144,31.2728,118.337,-1916844,20181011181500,Disapprove,Verbal conflict
793863794,20181011,201810,USA,THE US,USA,,,,,,,,CHNSPY,CHINESE,CHN,,,,,SPY,,,1,173,173,17,4,-5.0,8,1,8,-4.15704387990762,4,"Lu Kang, Anhui, China",CH,CH01,13144,31.2728,118.337,-1916844,4,"Lu Kang, Anhui, China",CH,CH01,13144,31.2728,118.337,-1916844,4,"Lu Kang, Anhui, China",CH,CH01,13144,31.2728,118.337,-1916844,20181011181500,Coerce,Material conflict
793866856,20181011,201810,USA,UNITED STATES,USA,,,,,,,,CHN,CHINA,CHN,,,,,,,,1,013,013,01,1,0.4,6,1,6,0.17079419299744,3,"Washington, District of Columbia, United States",US,USDC,DC001,38.8951,-77.0364,531871,4,"Beijing, Beijing, China",CH,CH22,13001,39.9289,116.388,-1898541,3,"Washington, District of Columbia, United States",US,USDC,DC001,38.8951,-77.0364,531871,20181011183000,Make public statement,Verbal cooperation
793866861,20181011,201810,USA,AMERICAN,USA,,,,,,,,CHN,CHINESE,CHN,,,,,,,,1,071,071,07,2,7.4,6,1,6,-4.25531914893617,1,United States,US,US,,39.828175,-98.5795,US,4,"Lu Kang, Anhui, China",CH,CH01,13144,31.2728,118.337,-1916844,1,United States,US,US,,39.828175,-98.5795,US,20181011183000,Provide aid,Material cooperation
793875021,20181011,201810,CHN,CHINESE,CHN,,,,,,,,USA,UNITED STATES,USA,,,,,,,,1,061,061,06,2,6.4,6,1,6,-1.38713745271123,3,"White House, District of Columbia, United States",US,USDC,,38.8951,-77.0364,531871,1,China,CH,CH,,35.0,105.0,CH,3,"White House, District of Columbia, United States",US,USDC,,38.8951,-77.0364,531871,20181011191500,Engage in material cooperation,Material cooperation
793875023,20181011,201810,CHN,CHINA,CHN,,,,,,,,USA,UNITED STATES,USA,,,,,,,,1,061,061,06,2,6.4,8,1,8,-1.38713745271123,1,China,CH,CH,,35.0,105.0,CH,3,"White House, District of Columbia, United States",US,USDC,,38.8951,-77.0364,531871,1,China,CH,CH,,35.0,105.0,CH,20181011191500,Engage in material cooperation,Material cooperation
793881076,20181011,201810,CHN,CHINESE,CHN,,,,,,,,MNCUSAMED,GOOGLE,USA,,,,,MNC,MED,,1,040,040,04,1,1.0,10,1,10,1.85701021355617,1,China,CH,CH,,35.0,105.0,CH,1,China,CH,CH,,35.0,105.0,CH,1,China,CH,CH,,35.0,105.0,CH,20181011194500,Consult,Verbal cooperation
793881947,20181011,201810,MNCUSAMED,GOOGLE,USA,,,,,MNC,MED,,CHN,CHINESE,CHN,,,,,,,,1,040,040,04,1,1.0,10,1,10,1.85701021355617,1,China,CH,CH,,35.0,105.0,CH,1,China,CH,CH,,35.0,105.0,CH,1,China,CH,CH,,35.0,105.0,CH,20181011194500,Consult,Verbal cooperation
793882357,20181011,201810,USA,UNITED STATES,USA,,,,,,,,CHN,CHINESE,CHN,,,,,,,,1,174,174,17,4,-5.0,6,1,6,-4.07801418439717,1,Belgium,BE,BE,,50.833333,4.0,BE,1,Belgium,BE,BE,,50.833333,4.0,BE,1,Belgium,BE,BE,,50.833333,4.0,BE,20181011194500,Coerce,Material conflict
793882358,20181011,201810,USA,CALIFORNIA,USA,,,,,,,,CHNEDU,CHENGDU,CHN,,,,,EDU,,,1,075,075,07,2,7.0,6,1,6,0.56737588652482,3,"Fremont, California, United States",US,USCA,CA071,35.1916,-117.577,252893,3,"Fremont, California, United States",US,USCA,CA071,35.1916,-117.577,252893,3,"Fremont, California, United States",US,USCA,CA071,35.1916,-117.577,252893,20181011194500,Provide aid,Material cooperation
793886480,20181011,201810,CHN,CHINESE,CHN,,,,,,,,USA,NEW YORK,USA,,,,,,,,1,173,173,17,4,-5.0,10,1,10,-5.61224489795918,3,"Michigan State University, Michigan, United States",US,USMI,MI077,42.4053,-85.4019,632213,3,"Michigan State University, Michigan, United States",US,USMI,,42.4053,-85.4019,632213,3,"Michigan State University, Michigan, United States",US,USMI,,42.4053,-85.4019,632213,20181011201500,Coerce,Material conflict
793890270,20181011,201810,USA,UNITED STATES,USA,,,,,,,,CHN,CHINA,CHN,,,,,,,,1,090,090,09,2,-2.0,6,1,6,-4.83870967741936,4,"Beijing, Beijing, China",CH,CH22,13001,39.9289,116.388,-1898541,3,"Cincinnati, Ohio, United States",US,USOH,OH061,39.162,-84.4569,1066650,3,"Cincinnati, Ohio, United States",US,USOH,OH061,39.162,-84.4569,1066650,20181011203000,Investigate,Material cooperation
793890271,20181011,201810,USA,UNITED STATES,USA,,,,,,,,CHN,CHINA,CHN,,,,,,,,1,173,173,17,4,-5.0,8,1,8,-4.83870967741936,2,"Ohio, United States",US,USOH,,40.3736,-82.7755,OH,4,"Beijing, Beijing, China",CH,CH22,13001,39.9289,116.388,-1898541,4,"Beijing, Beijing, China",CH,CH22,13001,39.9289,116.388,-1898541,20181011203000,Coerce,Material conflict
793894568,20181011,201810,CHN,CHINESE,CHN,,,,,,,,USA,UNITED STATES,USA,,,,,,,,1,090,090,09,2,-2.0,8,1,8,-7.33333333333334,4,"Zhang Hui, Anhui, China",CH,CH01,12998,32.0128,117.876,-1938142,1,United States,US,US,,39.828175,-98.5795,US,4,"Zhang Hui, Anhui, China",CH,CH01,12998,32.0128,117.876,-1938142,20181011210000,Investigate,Material cooperation
793894572,20181011,201810,CHN,CHINESE,CHN,,,,,,,,USA,UNITED STATES,USA,,,,,,,,1,173,173,17,4,-5.0,6,1,6,-1.81488203266787,3,"Chicago, Illinois, United States",US,USIL,IL031,41.85,-87.6501,423587,3,"Chicago, Illinois, United States",US,USIL,IL031,41.85,-87.6501,423587,3,"Chicago, Illinois, United States",US,USIL,IL031,41.85,-87.6501,423587,20181011210000,Coerce,Material conflict
793894574,20181011,201810,CHN,CHINESE,CHN,,,,,,,,USA,UNITED STATES,USA,,,,,,,,1,174,174,17,4,-5.0,6,1,6,-7.33333333333334,4,"Zhang Hui, Anhui, China",CH,CH01,12998,32.0128,117.876,-1938142,1,United States,US,US,,39.828175,-98.5795,US,1,United States,US,US,,39.828175,-98.5795,US,20181011210000,Coerce,Material conflict
793894594,20181011,201810,CHNSPY,CHINESE,CHN,,,,,SPY,,,USA,UNITED STATES,USA,,,,,,,,1,060,060,06,2,6.0,6,1,6,-1.81488203266787,4,"Beijing, Beijing, China",CH,CH22,13001,39.9289,116.388,-1898541,3,"Cincinnati, Ohio, United States",US,USOH,OH061,39.162,-84.4569,1066650,3,"Cincinnati, Ohio, United States",US,USOH,OH061,39.162,-84.4569,1066650,20181011210000,Engage in material cooperation,Material cooperation
793895646,20181011,201810,USA,CINCINNATI,USA,,,,,,,,CHNSPY,CHINA,CHN,,,,,SPY,,,1,174,174,17,4,-5.0,6,1,6,-1.81488203266787,3,"Cincinnati, Ohio, United States",US,USOH,OH061,39.162,-84.4569,1066650,4,"Beijing, Beijing, China",CH,CH22,13001,39.9289,116.388,-1898541,3,"Cincinnati, Ohio, United States",US,USOH,OH061,39.162,-84.4569,1066650,20181011210000,Coerce,Material conflict
793898332,20181011,201810,USA,UNITED STATES,USA,,,,,,,,CHN,CHINA,CHN,,,,,,,,1,013,013,01,1,0.4,6,1,6,0.17467248908297,1,Japan,JA,JA,,36.0,138.0,JA,1,Japan,JA,JA,,36.0,138.0,JA,1,Japan,JA,JA,,36.0,138.0,JA,20181011211500,Make public statement,Verbal cooperation
793899787,20181011,201810,CHN,CHINA,CHN,,,,,,,,USA,UNITED STATES,USA,,,,,,,,1,050,050,05,1,3.5,8,1,8,-2.73003033367037,4,"Beijing, Beijing, China",CH,CH22,13001,39.9289,116.388,-1898541,3,"Washington, District of Columbia, United States",US,USDC,DC001,38.8951,-77.0364,531871,4,"Beijing, Beijing, China",CH,CH22,13001,39.9289,116.388,-1898541,20181011213000,Engage in diplomatic cooperation,Verbal cooperation
793899790,20181011,201810,CHN,CHINA,CHN,,,,,,,,USA,UNITED STATES,USA,,,,,,,,1,160,160,16,4,-4.0,8,1,8,-2.73003033367037,3,"Washington, District of Columbia, United States",US,USDC,DC001,38.8951,-77.0364,531871,3,"Washington, District of Columbia, United States",US,USDC,DC001,38.8951,-77.0364,531871,3,"Washington, District of Columbia, United States",US,USDC,DC001,38.8951,-77.0364,531871,20181011213000,Reduce relations,Material conflict
793905030,20181011,201810,CHN,CANTON,CHN,,,,,,,,USA,UNITED STATES,USA,,,,,,,,1,042,042,04,1,1.9,6,1,6,1.00250626566416,3,"Waterfront Park, Massachusetts, United States",US,USMA,MA025,42.3609,-71.0517,1971849,3,"Waterfront Park, Massachusetts, United States",US,USMA,,42.3609,-71.0517,1971849,3,"Waterfront Park, Massachusetts, United States",US,USMA,,42.3609,-71.0517,1971849,20181011220000,Consult,Verbal cooperation
793906310,20181011,201810,USA,UNITED STATES,USA,,,,,,,,CHN,CANTON,CHN,,,,,,,,1,043,043,04,1,2.8,6,1,6,1.00250626566416,3,"Waterfront Park, Massachusetts, United States",US,USMA,MA025,42.3609,-71.0517,1971849,3,"Waterfront Park, Massachusetts, United States",US,USMA,,42.3609,-71.0517,1971849,3,"Waterfront Park, Massachusetts, United States",US,USMA,,42.3609,-71.0517,1971849,20181011220000,Consult,Verbal cooperation
793911417,20181011,201810,USABUS,THE US,USA,,,,,BUS,,,CHN,CHINA,CHN,,,,,,,,1,061,061,06,2,6.4,10,1,10,1.45719489981785,4,"Perth, Western Australia, Australia",AS,AS08,5533,-31.9333,115.833,-1594675,4,"Perth, Western Australia, Australia",AS,AS08,5533,-31.9333,115.833,-1594675,4,"Perth, Western Australia, Australia",AS,AS08,5533,-31.9333,115.833,-1594675,20181011223000,Engage in material cooperation,Material cooperation
793917087,20181011,201810,CHN,CHINESE,CHN,,,,,,,,USA,LAWRENCE,USA,,,,,,,,1,080,080,08,2,5.0,8,1,8,-4.34782608695652,1,China,CH,CH,,35.0,105.0,CH,1,China,CH,CH,,35.0,105.0,CH,1,China,CH,CH,,35.0,105.0,CH,20181011231500,Yield,Material cooperation
793921883,20181011,201810,CHN,CHINA,CHN,,,,,,,,USA,THE US,USA,,,,,,,,1,057,057,05,1,8.0,10,1,10,-5.55555555555555,4,"Beijing, Beijing, China",CH,CH22,13001,39.9289,116.388,-1898541,4,"Beijing, Beijing, China",CH,CH22,13001,39.9289,116.388,-1898541,4,"Beijing, Beijing, China",CH,CH22,13001,39.9289,116.388,-1898541,20181011234500,Engage in diplomatic cooperation,Verbal cooperation
793922858,20181011,201810,USA,THE US,USA,,,,,,,,CHN,CHINA,CHN,,,,,,,,1,020,020,02,1,3.0,8,1,8,2.32558139534884,4,"Taipei, T'ai-pei, Taiwan",TW,TW03,13277,25.0478,121.532,-2637882,4,"Beijing, Beijing, China",CH,CH22,13001,39.9289,116.388,-1898541,4,"Taipei, T'ai-pei, Taiwan",TW,TW03,13277,25.0478,121.532,-2637882,20181011234500,Appeal,Verbal cooperation
793922860,20181011,201810,USA,THE US,USA,,,,,,,,CHN,CHINA,CHN,,,,,,,,1,057,057,05,1,8.0,10,1,10,-5.55555555555555,4,"Beijing, Beijing, China",CH,CH22,13001,39.9289,116.388,-1898541,4,"Beijing, Beijing, China",CH,CH22,13001,39.9289,116.388,-1898541,4,"Beijing, Beijing, China",CH,CH22,13001,39.9289,116.388,-1898541,20181011234500,Engage in diplomatic cooperation,Verbal cooperation
793924597,20181012,201810,CHN,CHINA,CHN,,,,,,,,USA,AMERICAN,USA,,,,,,,,1,130,130,13,3,-4.4,6,1,6,-3.85674931129476,1,United States,US,US,,39.828175,-98.5795,US,4,"Beijing, Beijing, China",CH,CH22,13001,39.9289,116.388,-1898541,4,"Beijing, Beijing, China",CH,CH22,13001,39.9289,116.388,-1898541,20181012000000,Threaten,Verbal conflict
793929214,20181012,201810,CHN,CHINA,CHN,,,,,,,,USA,THE US,USA,,,,,,,,1,061,061,06,2,6.4,10,1,10,-2.80561122244489,4,"Beijing, Beijing, China",CH,CH22,13001,39.9289,116.388,-1898541,4,"Beijing, Beijing, China",CH,CH22,13001,39.9289,116.388,-1898541,4,"Beijing, Beijing, China",CH,CH22,13001,39.9289,116.388,-1898541,20181012001500,Engage in material cooperation,Material cooperation
793931221,20181012,201810,USA,THE US,USA,,,,,,,,CHN,CHINA,CHN,,,,,,,,1,061,061,06,2,6.4,10,1,10,-2.80561122244489,4,"Beijing, Beijing, China",CH,CH22,13001,39.9289,116.388,-1898541,4,"Beijing, Beijing, China",CH,CH22,13001,39.9289,116.388,-1898541,4,"Beijing, Beijing, China",CH,CH22,13001,39.9289,116.388,-1898541,20181012001500,Engage in material cooperation,Material cooperation
793935342,20181012,201810,USA,WASHINGTON,USA,,,,,,,,CHN,CHINA,CHN,,,,,,,,1,010,010,01,1,0.0,10,1,10,-3.00480769230769,4,"Xinjiang, Jiangxi, China",CH,CH03,13167,27.7481,116.274,11065838,4,"Xinjiang, Jiangxi, China",CH,CH03,13167,27.7481,116.274,11065838,4,"Xinjiang, Jiangxi, China",CH,CH03,13167,27.7481,116.274,11065838,20181012003000,Make public statement,Verbal cooperation
793935344,20181012,201810,USA,WASHINGTON,USA,,,,,,,,CHN,CHINA,CHN,,,,,,,,1,110,110,11,3,-2.0,10,1,10,-3.00480769230769,3,"Washington, District of Columbia, United States",US,USDC,DC001,38.8951,-77.0364,531871,4,"Xinjiang, Jiangxi, China",CH,CH03,13167,27.7481,116.274,11065838,4,"Xinjiang, Jiangxi, China",CH,CH03,13167,27.7481,116.274,11065838,20181012003000,Disapprove,Verbal conflict
793941066,20181012,201810,CHN,BEIJING,CHN,,,,,,,,USA,WASHINGTON,USA,,,,,,,,1,061,061,06,2,6.4,8,1,8,-2.67022696929239,4,"Beijing, Beijing, China",CH,CH22,13001,39.9289,116.388,-1898541,3,"Washington, District of Columbia, United States",US,USDC,DC001,38.8951,-77.0364,531871,4,"Beijing, Beijing, China",CH,CH22,13001,39.9289,116.388,-1898541,20181012010000,Engage in material cooperation,Material cooperation
793942622,20181012,201810,USA,UNITED STATES,USA,,,,,,,,CHN,CHINA,CHN,,,,,,,,1,046,046,04,1,7.0,10,1,10,-1.53321976149915,1,United States,US,US,,39.828175,-98.5795,US,1,China,CH,CH,,35.0,105.0,CH,1,China,CH,CH,,35.0,105.0,CH,20181012010000,Consult,Verbal cooperation
793948114,20181012,201810,MNCUSAMED,GOOGLE,USA,,,,,MNC,MED,,CHN,CHINESE,CHN,,,,,,,,1,090,090,09,2,-2.0,11,1,9,-4.64169381107492,4,"Tiananmen Square, Beijing, China",CH,CH22,13001,39.9044,116.391,9244097,4,"Tiananmen Square, Beijing, China",CH,CH22,13001,39.9044,116.391,9244097,4,"Tiananmen Square, Beijing, China",CH,CH22,13001,39.9044,116.391,9244097,20181012013000,Investigate,Material cooperation
793948115,20181012,201810,MNCUSAMED,GOOGLE,USA,,,,,MNC,MED,,CHN,CHINESE,CHN,,,,,,,,1,1721,172,17,4,-5.0,10,1,10,-4.64169381107492,4,"Tiananmen Square, Beijing, China",CH,CH22,13001,39.9044,116.391,9244097,4,"Tiananmen Square, Beijing, China",CH,CH22,13001,39.9044,116.391,9244097,4,"Tiananmen Square, Beijing, China",CH,CH22,13001,39.9044,116.391,9244097,20181012013000,Coerce,Material conflict
793950109,20181012,201810,CHN,CHINESE,CHN,,,,,,,,USA,THE US,USA,,,,,,,,1,090,090,09,2,-2.0,8,1,8,-6.49350649350649,1,Russia,RS,RS,,60.0,100.0,RS,1,Russia,RS,RS,,60.0,100.0,RS,1,Russia,RS,RS,,60.0,100.0,RS,20181012014500,Investigate,Material cooperation
793954104,20181012,201810,USA,THE US,USA,,,,,,,,CHNMIL,CHINESE,CHN,,,,,MIL,,,1,163,163,16,4,-8.0,6,1,6,-3.94088669950739,4,"Beijing, Beijing, China",CH,CH22,13001,39.9289,116.388,-1898541,4,"Beijing, Beijing, China",CH,CH22,13001,39.9289,116.388,-1898541,4,"Beijing, Beijing, China",CH,CH22,13001,39.9289,116.388,-1898541,20181012020000,Reduce relations,Material conflict
793958386,20181012,201810,CHN,CHINESE,CHN,,,,,,,,USA,UNITED STATES,USA,,,,,,,,1,111,111,11,3,-2.0,8,1,8,-2.85961871750434,4,"Dahua, Jiangsu, China",CH,CH04,13144,31.2849,118.728,10511986,1,United States,US,US,,39.828175,-98.5795,US,4,"Dahua, Jiangsu, China",CH,CH04,13144,31.2849,118.728,10511986,20181012023000,Disapprove,Verbal conflict
793958388,20181012,201810,CHN,CANTON,CHN,,,,,,,,USA,TEXAS,USA,,,,,,,,1,173,173,17,4,-5.0,7,1,7,-7.46791131855309,2,"Texas, United States",US,USTX,,31.106,-97.6475,TX,2,"Texas, United States",US,USTX,,31.106,-97.6475,TX,2,"Texas, United States",US,USTX,,31.106,-97.6475,TX,20181012023000,Coerce,Material conflict
793964658,20181012,201810,USAGOVBUS,US TREASURY,USA,,,,,GOV,BUS,,CHN,CHINA,CHN,,,,,,,,1,020,020,02,1,3.0,10,1,10,2.24719101123595,1,China,CH,CH,,35.0,105.0,CH,1,China,CH,CH,,35.0,105.0,CH,1,China,CH,CH,,35.0,105.0,CH,20181012030000,Appeal,Verbal cooperation
793971304,20181012,201810,USA,AMERICAN,USA,,,,,,,,CHN,CHINESE,CHN,,,,,,,,1,071,071,07,2,7.4,7,1,7,-2.92207792207792,3,"Washington, District of Columbia, United States",US,USDC,DC001,38.8951,-77.0364,531871,1,China,CH,CH,,35.0,105.0,CH,3,"Washington, District of Columbia, United States",US,USDC,DC001,38.8951,-77.0364,531871,20181012034500,Provide aid,Material cooperation
793972628,20181012,201810,CHN,CHINESE,CHN,,,,,,,,USA,THE US,USA,,,,,,,,1,061,061,06,2,6.4,10,1,10,-2.01342281879195,1,China,CH,CH,,35.0,105.0,CH,1,China,CH,CH,,35.0,105.0,CH,1,China,CH,CH,,35.0,105.0,CH,20181012040000,Engage in material cooperation,Material cooperation
793975132,20181012,201810,CHN,BEIJING,CHN,,,,,,,,USA,UNITED STATES,USA,,,,,,,,1,061,061,06,2,6.4,10,1,10,-3.59897172236504,4,"Beijing, Beijing, China",CH,CH22,13001,39.9289,116.388,-1898541,3,"Washington, District of Columbia, United States",US,USDC,DC001,38.8951,-77.0364,531871,3,"Washington, District of Columbia, United States",US,USDC,DC001,38.8951,-77.0364,531871,20181012041500,Engage in material cooperation,Material cooperation
793975133,20181012,201810,CHN,CHINA,CHN,,,,,,,,USA,UNITED STATES,USA,,,,,,,,1,070,070,07,2,7.0,6,1,6,-0.0832639467110701,4,"Beijing, Beijing, China",CH,CH22,13001,39.9289,116.388,-1898541,4,"Beijing, Beijing, China",CH,CH22,13001,39.9289,116.388,-1898541,4,"Beijing, Beijing, China",CH,CH22,13001,39.9289,116.388,-1898541,20181012041500,Provide aid,Material cooperation
793977125,20181012,201810,CHN,BEIJING,CHN,,,,,,,,USA,AMERICAN,USA,,,,,,,,1,061,061,06,2,6.4,10,1,10,-2.94599018003274,4,"Beijing, Beijing, China",CH,CH22,13001,39.9289,116.388,-1898541,1,United States,US,US,,39.828175,-98.5795,US,1,United States,US,US,,39.828175,-98.5795,US,20181012043000,Engage in material cooperation,Material cooperation
793979299,20181012,201810,CHN,CHINESE,CHN,,,,,,,,USA,THE US,USA,,,,,,,,1,051,051,05,1,3.4,10,1,10,-1.75131348511384,4,"Beijing, Beijing, China",CH,CH22,13001,39.9289,116.388,-1898541,4,"Beijing, Beijing, China",CH,CH22,13001,39.9289,116.388,-1898541,4,"Beijing, Beijing, China",CH,CH22,13001,39.9289,116.388,-1898541,20181012044500,Engage in diplomatic cooperation,Verbal cooperation
793979300,20181012,201810,CHN,CHINA,CHN,,,,,,,,USA,UNITED STATES,USA,,,,,,,,1,125,125,12,3,-5.0,6,1,6,-1.75131348511384,4,"Beijing, Beijing, China",CH,CH22,13001,39.9289,116.388,-1898541,3,"Berkeley, California, United States",US,USCA,CA001,37.8716,-122.273,1658037,4,"Beijing, Beijing, China",CH,CH22,13001,39.9289,116.388,-1898541,20181012044500,Reject,Verbal conflict
793982505,20181012,201810,USA,WASHINGTON,USA,,,,,,,,CHN,CHINA,CHN,,,,,,,,1,112,112,11,3,-2.0,10,1,10,-4.01069518716578,1,Mexico,MX,MX,,23.0,-102.0,MX,1,Mexico,MX,MX,,23.0,-102.0,MX,1,Mexico,MX,MX,,23.0,-102.0,MX,20181012050000,Disapprove,Verbal conflict
793985953,20181012,201810,CHNGOV,BEIJING,CHN,,,,,GOV,,,USAEDU,AMERICAN,USA,,,,,EDU,,,1,112,112,11,3,-2.0,6,1,6,-0.86455331412104,4,"Beijing, Beijing, China",CH,CH22,13001,39.9289,116.388,-1898541,2,"Kentucky, United States",US,USKY,,37.669,-84.6514,KY,4,"Beijing, Beijing, China",CH,CH22,13001,39.9289,116.388,-1898541,20181012053000,Disapprove,Verbal conflict
793991384,20181012,201810,MNCUSA,SOUTHWEST AIRLINES,USA,,,,,MNC,,,MNCCHN,CHINA EASTERN AIRLINES,CHN,,,,,MNC,,,1,020,020,02,1,3.0,10,1,10,2.97339593114241,1,Turkey,TU,TU,,39.059012,34.911546,TU,1,Turkey,TU,TU,,39.059012,34.911546,TU,1,Turkey,TU,TU,,39.059012,34.911546,TU,20181012060000,Appeal,Verbal cooperation
793991892,20181012,201810,USAGOV,US AMBASSADOR,USA,,,,,GOV,,,CHN,CHINA,CHN,,,,,,,,1,190,190,19,4,-10.0,10,1,10,-2.53061224489796,4,"Beijing, Beijing, China",CH,CH22,13001,39.9289,116.388,-1898541,4,"Beijing, Beijing, China",CH,CH22,13001,39.9289,116.388,-1898541,1,New Zealand,NZ,NZ,,-42.0,174.0,NZ,20181012060000,Fight,Material conflict
793991893,20181012,201810,USAGOV,US AMBASSADOR,USA,,,,,GOV,,,CHN,CHINA,CHN,,,,,,,,1,190,190,19,4,-10.0,8,1,8,-2.53061224489796,4,"Jian Yang, Jiangxi, China",CH,CH03,13165,29.1158,116.919,10995139,4,"Jian Yang, Jiangxi, China",CH,CH03,13165,29.1158,116.919,10995139,4,"Jian Yang, Jiangxi, China",CH,CH03,13165,29.1158,116.919,10995139,20181012060000,Fight,Material conflict
793993069,20181012,201810,CHN,CHINA,CHN,,,,,,,,USA,A US,USA,,,,,,,,1,071,071,07,2,7.4,12,1,12,2.734375,4,"Yunfeng, Sichuan, China",CH,CH32,13003,30.1222,105.526,10340959,4,"Xiaozhu, Anhui, China",CH,CH01,13323,30.8785,119.414,11008773,4,"Yunfeng, Sichuan, China",CH,CH32,13003,30.1222,105.526,10340959,20181012061500,Provide aid,Material cooperation
793996437,20181012,201810,USAMED,WALL STREET JOURNAL,USA,,,,,MED,,,CHN,BEIJING,CHN,,,,,,,,1,010,010,01,1,0.0,12,2,12,-2.15056526207605,4,"Buenos Aires, Distrito Federal, Argentina",AR,AR07,22379,-34.5875,-58.6725,-979186,4,"Beijing, Beijing, China",CH,CH22,13001,39.9289,116.388,-1898541,3,"White House, District of Columbia, United States",US,USDC,,38.8951,-77.0364,531871,20181012063000,Make public statement,Verbal cooperation
793997771,20181012,201810,CHN,CHINESE,CHN,,,,,,,,USA,UNITED STATES,USA,,,,,,,,1,061,061,06,2,6.4,7,1,7,-3.125,1,China,CH,CH,,35.0,105.0,CH,1,United States,US,US,,39.828175,-98.5795,US,1,China,CH,CH,,35.0,105.0,CH,20181012064500,Engage in material cooperation,Material cooperation
793997772,20181012,201810,CHN,BEIJING,CHN,,,,,,,,USAMED,REUTERS,USA,,,,,MED,,,1,061,061,06,2,6.4,10,1,10,-0.59880239520958,4,"Beijing, Beijing, China",CH,CH22,13001,39.9289,116.388,-1898541,4,"Beijing, Beijing, China",CH,CH22,13001,39.9289,116.388,-1898541,4,"Beijing, Beijing, China",CH,CH22,13001,39.9289,116.388,-1898541,20181012064500,Engage in material cooperation,Material cooperation
794000300,20181012,201810,CHN,CHINA,CHN,,,,,,,,USA,UNITED STATES,USA,,,,,,,,1,046,046,04,1,7.0,6,1,6,3.7914691943128,4,"Peng Shou, Guangdong, China",CH,CH30,13037,23.2035,112.617,10401137,4,"Peng Shou, Guangdong, China",CH,CH30,13037,23.2035,112.617,10401137,4,"Peng Shou, Guangdong, China",CH,CH30,13037,23.2035,112.617,10401137,20181012070000,Consult,Verbal cooperation
794000301,20181012,201810,CHN,CHINESE,CHN,,,,,,,,USA,THE US,USA,,,,,,,,1,061,061,06,2,6.4,10,1,10,-8.09859154929573,3,"White House, District of Columbia, United States",US,USDC,,38.8951,-77.0364,531871,3,"White House, District of Columbia, United States",US,USDC,,38.8951,-77.0364,531871,3,"White House, District of Columbia, United States",US,USDC,,38.8951,-77.0364,531871,20181012070000,Engage in material cooperation,Material cooperation
794001092,20181012,201810,USA,UNITED STATES,USA,,,,,,,,CHN,CHINA,CHN,,,,,,,,1,046,046,04,1,7.0,6,1,6,3.7914691943128,3,"Boston, Massachusetts, United States",US,USMA,MA025,42.3584,-71.0598,617565,4,"Peng Shou, Guangdong, China",CH,CH30,13037,23.2035,112.617,10401137,4,"Peng Shou, Guangdong, China",CH,CH30,13037,23.2035,112.617,10401137,20181012070000,Consult,Verbal cooperation
794002349,20181012,201810,CHN,CHINA,CHN,,,,,,,,USA,UNITED STATES,USA,,,,,,,,1,061,061,06,2,6.4,20,2,20,-2.90502793296089,4,"Shandong, Jiangsu, China",CH,CH04,13151,32.9793,118.852,11415469,3,"Washington, District of Columbia, United States",US,USDC,DC001,38.8951,-77.0364,531871,3,"Washington, District of Columbia, United States",US,USDC,DC001,38.8951,-77.0364,531871,20181012071500,Engage in material cooperation,Material cooperation
794003732,20181012,201810,USAMED,WALL STREET JOURNAL,USA,,,,,MED,,,CHN,BEIJING,CHN,,,,,,,,1,010,010,01,1,0.0,6,1,6,1.1070110701107,3,"White House, District of Columbia, United States",US,USDC,,38.8951,-77.0364,531871,3,"White House, District of Columbia, United States",US,USDC,,38.8951,-77.0364,531871,3,"White House, District of Columbia, United States",US,USDC,,38.8951,-77.0364,531871,20181012071500,Make public statement,Verbal cooperation
794004929,20181012,201810,CHN,CHINA,CHN,,,,,,,,USA,UNITED STATES,USA,,,,,,,,1,120,120,12,3,-4.0,12,1,12,-0.76530612244898,4,"Beijing, Beijing, China",CH,CH22,13001,39.9289,116.388,-1898541,3,"Washington, District of Columbia, United States",US,USDC,DC001,38.8951,-77.0364,531871,3,"Washington, District of Columbia, United States",US,USDC,DC001,38.8951,-77.0364,531871,20181012073000,Reject,Verbal conflict
794004930,20181012,201810,CHN,CHINA,CHN,,,,,,,,USA,UNITED STATES,USA,,,,,,,,1,120,120,12,3,-4.0,6,1,6,-0.510204081632653,4,"Taipei, T'ai-pei, Taiwan",TW,TW03,13277,25.0478,121.532,-2637882,3,"Washington, District of Columbia, United States",US,USDC,DC001,38.8951,-77.0364,531871,3,"Washington, District of Columbia, United States",US,USDC,DC001,38.8951,-77.0364,531871,20181012073000,Reject,Verbal conflict
794006026,20181012,201810,USA,UNITED STATES,USA,,,,,,,,CHN,BEIJING,CHN,,,,,,,,1,054,054,05,1,6.0,14,1,14,-0.65597667638484,3,"Washington, District of Columbia, United States",US,USDC,DC001,38.8951,-77.0364,531871,4,"Beijing, Beijing, China",CH,CH22,13001,39.9289,116.388,-1898541,4,"Beijing, Beijing, China",CH,CH22,13001,39.9289,116.388,-1898541,20181012073000,Engage in diplomatic cooperation,Verbal cooperation
794006028,20181012,201810,USA,WASHINGTON,USA,,,,,,,,CHN,CHINA,CHN,,,,,,,,1,112,112,11,3,-2.0,10,1,10,-4.80349344978166,1,China,CH,CH,,35.0,105.0,CH,1,China,CH,CH,,35.0,105.0,CH,1,China,CH,CH,,35.0,105.0,CH,20181012073000,Disapprove,Verbal conflict
794008782,20181012,201810,USA,WASHINGTON,USA,,,,,,,,CHN,BEIJING,CHN,,,,,,,,1,112,112,11,3,-2.0,8,1,8,-4.80905233380481,3,"Washington, District of Columbia, United States",US,USDC,DC001,38.8951,-77.0364,531871,4,"Beijing, Beijing, China",CH,CH22,13001,39.9289,116.388,-1898541,4,"Beijing, Beijing, China",CH,CH22,13001,39.9289,116.388,-1898541,20181012074500,Disapprove,Verbal conflict
794008783,20181012,201810,USA,UNITED STATES,USA,,,,,,,,CHN,CHINA,CHN,,,,,,,,1,120,120,12,3,-4.0,6,1,6,-6.60377358490566,1,China,CH,CH,,35.0,105.0,CH,1,China,CH,CH,,35.0,105.0,CH,1,China,CH,CH,,35.0,105.0,CH,20181012074500,Reject,Verbal conflict
794010201,20181012,201810,CHN,BEIJING,CHN,,,,,,,,USA,AMERICAN,USA,,,,,,,,1,061,061,06,2,6.4,10,1,10,-1.86046511627907,1,United Kingdom,UK,UK,,54.0,-4.0,UK,1,Saudi Arabia,SA,SA,,25.0,45.0,SA,1,Saudi Arabia,SA,SA,,25.0,45.0,SA,20181012080000,Engage in material cooperation,Material cooperation
794010921,20181012,201810,USA,THE US,USA,,,,,,,,CHN,CHINA,CHN,,,,,,,,1,012,012,01,1,-0.4,10,1,10,-3.11203319502074,1,China,CH,CH,,35.0,105.0,CH,1,China,CH,CH,,35.0,105.0,CH,1,China,CH,CH,,35.0,105.0,CH,20181012080000,Make public statement,Verbal cooperation
794010922,20181012,201810,USA,AMERICAN,USA,,,,,,,,CHN,CHINA,CHN,,,,,,,,1,061,061,06,2,6.4,8,1,8,-3.72771474878444,3,"Washington, District of Columbia, United States",US,USDC,DC001,38.8951,-77.0364,531871,4,"Beijing, Beijing, China",CH,CH22,13001,39.9289,116.388,-1898541,4,"Beijing, Beijing, China",CH,CH22,13001,39.9289,116.388,-1898541,20181012080000,Engage in material cooperation,Material cooperation
794013817,20181012,201810,USA,UNITED STATES,USA,,,,,,,,CHNSPY,CHINESE,CHN,,,,,SPY,,,1,174,174,17,4,-5.0,8,1,8,-4.04354587869363,3,"Washington, District of Columbia, United States",US,USDC,DC001,38.8951,-77.0364,531871,4,"Beijing, Beijing, China",CH,CH22,13001,39.9289,116.388,-1898541,3,"Washington, District of Columbia, United States",US,USDC,DC001,38.8951,-77.0364,531871,20181012081500,Coerce,Material conflict
794020182,20171012,201710,USA,MAINE,USA,,,,,,,,CHN,CHINA,CHN,,,,,,,,1,061,061,06,2,6.4,8,1,8,-1.70940170940171,2,"Maine, United States",US,USME,,44.6074,-69.3977,ME,1,China,CH,CH,,35.0,105.0,CH,1,China,CH,CH,,35.0,105.0,CH,20181012090000,Engage in material cooperation,Material cooperation
794020659,20181012,201810,CHN,CHINA,CHN,,,,,,,,USA,MAINE,USA,,,,,,,,1,061,061,06,2,6.4,10,1,10,-1.70940170940171,2,"Maine, United States",US,USME,,44.6074,-69.3977,ME,2,"Maine, United States",US,USME,,44.6074,-69.3977,ME,2,"Maine, United States",US,USME,,44.6074,-69.3977,ME,20181012090000,Engage in material cooperation,Material cooperation
794028029,20181012,201810,USA,AMERICAN,USA,,,,,,,,CHN,CHINA,CHN,,,,,,,,1,190,190,19,4,-10.0,10,1,10,-3.17460317460318,1,United States,US,US,,39.828175,-98.5795,US,4,"Beijing, Beijing, China",CH,CH22,13001,39.9289,116.388,-1898541,4,"Beijing, Beijing, China",CH,CH22,13001,39.9289,116.388,-1898541,20181012093000,Fight,Material conflict
794029565,20181012,201810,CHN,BEIJING,CHN,,,,,,,,USA,AMERICAN,USA,,,,,,,,1,061,061,06,2,6.4,8,1,8,-5.88785046728971,4,"Beijing, Beijing, China",CH,CH22,13001,39.9289,116.388,-1898541,3,"World Bank, District of Columbia, United States",US,USDC,,38.899,-77.0422,2002658,3,"World Bank, District of Columbia, United States",US,USDC,,38.899,-77.0422,2002658,20181012094500,Engage in material cooperation,Material cooperation
794029566,20181012,201810,CHN,CHINA,CHN,,,,,,,,USA,AMERICAN,USA,,,,,,,,1,061,061,06,2,6.4,10,1,10,-1.85497470489038,5,"Zhejiang, Zhejiang, China",CH,CH02,13325,29.0,120.0,-1938694,3,"Washington, District of Columbia, United States",US,USDC,DC001,38.8951,-77.0364,531871,3,"Washington, District of Columbia, United States",US,USDC,DC001,38.8951,-77.0364,531871,20181012094500,Engage in material cooperation,Material cooperation
794046706,20171012,201710,USA,MAINE,USA,,,,,,,,CHN,CHINA,CHN,,,,,,,,1,061,061,06,2,6.4,8,1,8,-1.90156599552573,1,China,CH,CH,,35.0,105.0,CH,1,China,CH,CH,,35.0,105.0,CH,1,China,CH,CH,,35.0,105.0,CH,20181012111500,Engage in material cooperation,Material cooperation
794057877,20181012,201810,USA,THE US,USA,,,,,,,,CHN,CHINA,CHN,,,,,,,,1,160,160,16,4,-4.0,10,1,10,-4.59770114942529,1,China,CH,CH,,35.0,105.0,CH,1,China,CH,CH,,35.0,105.0,CH,1,China,CH,CH,,35.0,105.0,CH,20181012120000,Reduce relations,Material conflict
794063443,20181012,201810,CHN,CHINA,CHN,,,,,,,,USABUS,AMERICAN,USA,,,,,BUS,,,1,114,114,11,3,-2.0,6,1,6,-1.78571428571429,4,"Beijing, Beijing, China",CH,CH22,13001,39.9289,116.388,-1898541,3,"Washington, District of Columbia, United States",US,USDC,DC001,38.8951,-77.0364,531871,4,"Beijing, Beijing, China",CH,CH22,13001,39.9289,116.388,-1898541,20181012123000,Disapprove,Verbal conflict
794067242,20181012,201810,CHN,BEIJING,CHN,,,,,,,,USA,THE US,USA,,,,,,,,1,016,016,01,1,-2.0,10,1,10,1.28205128205128,4,"Beijing, Beijing, China",CH,CH22,13001,39.9289,116.388,-1898541,4,"Beijing, Beijing, China",CH,CH22,13001,39.9289,116.388,-1898541,4,"Beijing, Beijing, China",CH,CH22,13001,39.9289,116.388,-1898541,20181012124500,Make public statement,Verbal cooperation
794068536,20181012,201810,USA,UNITED STATES,USA,,,,,,,,CHN,CHINA,CHN,,,,,,,,1,010,010,01,1,0.0,24,1,24,-3.47166777999428,1,Japan,JA,JA,,36.0,138.0,JA,1,Japan,JA,JA,,36.0,138.0,JA,1,Japan,JA,JA,,36.0,138.0,JA,20181012124500,Make public statement,Verbal cooperation
794068541,20181012,201810,USA,WASHINGTON,USA,,,,,,,,CHN,CHINA,CHN,,,,,,,,1,112,112,11,3,-2.0,10,1,10,-1.63934426229508,4,"Islamabad, Islamabad, Pakistan",PK,PK08,23674,33.7,73.1667,-2762812,4,"Islamabad, Islamabad, Pakistan",PK,PK08,23674,33.7,73.1667,-2762812,4,"Islamabad, Islamabad, Pakistan",PK,PK08,23674,33.7,73.1667,-2762812,20181012124500,Disapprove,Verbal conflict
794074816,20181012,201810,USA,UNITED STATES,USA,,,,,,,,CHN,CHINA,CHN,,,,,,,,1,020,020,02,1,3.0,10,1,10,-3.07486631016043,1,Russia,RS,RS,,60.0,100.0,RS,1,Russia,RS,RS,,60.0,100.0,RS,1,Russia,RS,RS,,60.0,100.0,RS,20181012131500,Appeal,Verbal cooperation
794074820,20181012,201810,USA,INDIANA,USA,,,,,,,,CHN,CHINA,CHN,,,,,,,,1,111,111,11,3,-2.0,6,2,6,-1.61565477581637,2,"Indiana, United States",US,USIN,,39.8647,-86.2604,IN,1,China,CH,CH,,35.0,105.0,CH,1,China,CH,CH,,35.0,105.0,CH,20181012131500,Disapprove,Verbal conflict
794074821,20181012,201810,USA,INDIANA,USA,,,,,,,,CHN,CHINA,CHN,,,,,,,,1,111,111,11,3,-2.0,12,2,12,-1.72090605131238,2,"Indiana, United States",US,USIN,,39.8647,-86.2604,IN,1,China,CH,CH,,35.0,105.0,CH,2,"Indiana, United States",US,USIN,,39.8647,-86.2604,IN,20181012131500,Disapprove,Verbal conflict
794074823,20181012,201810,USA,UNITED STATES,USA,,,,,,,,CHN,CHINA,CHN,,,,,,,,1,112,112,11,3,-2.0,10,1,10,-8.83720930232558,4,"Lu Kang, Anhui, China",CH,CH01,13144,31.2728,118.337,-1916844,4,"Lu Kang, Anhui, China",CH,CH01,13144,31.2728,118.337,-1916844,4,"Lu Kang, Anhui, China",CH,CH01,13144,31.2728,118.337,-1916844,20181012131500,Disapprove,Verbal conflict
794074824,20181012,201810,USA,UNITED STATES,USA,,,,,,,,CHN,CHINA,CHN,,,,,,,,1,194,194,19,4,-10.0,10,1,10,-3.07486631016043,1,United States,US,US,,39.828175,-98.5795,US,1,China,CH,CH,,35.0,105.0,CH,1,China,CH,CH,,35.0,105.0,CH,20181012131500,Fight,Material conflict
794075005,20181012,201810,USAMED,THE ASSOCIATED PRESS,USA,,,,,MED,,,CHN,CHINA,CHN,,,,,,,,1,061,061,06,2,6.4,20,2,20,-1.72090605131238,1,China,CH,CH,,35.0,105.0,CH,1,China,CH,CH,,35.0,105.0,CH,1,China,CH,CH,,35.0,105.0,CH,20181012131500,Engage in material cooperation,Material cooperation
794076769,20181012,201810,CHNGOV,CHINA,CHN,,,,,GOV,,,USAMED,REUTERS,USA,,,,,MED,,,1,010,010,01,1,0.0,8,1,8,-6.60146699266504,4,"Xinjiang, Jiangxi, China",CH,CH03,13167,27.7481,116.274,11065838,4,"Xinjiang, Jiangxi, China",CH,CH03,13167,27.7481,116.274,11065838,4,"Xinjiang, Jiangxi, China",CH,CH03,13167,27.7481,116.274,11065838,20181012133000,Make public statement,Verbal cooperation
794078372,20181012,201810,USA,THE US,USA,,,,,,,,CHN,CHINA,CHN,,,,,,,,1,180,180,18,4,-9.0,8,2,8,-2.82902829028291,4,"Beijing, Beijing, China",CH,CH22,13001,39.9289,116.388,-1898541,4,"Beijing, Beijing, China",CH,CH22,13001,39.9289,116.388,-1898541,4,"Beijing, Beijing, China",CH,CH22,13001,39.9289,116.388,-1898541,20181012133000,Assault,Material conflict
794080221,20181012,201810,CHN,CHINA,CHN,,,,,,,,USA,UNITED STATES,USA,,,,,,,,1,020,020,02,1,3.0,10,1,10,0.35183780277292,4,"Qinghai, Guizhou, China",CH,CH18,13069,25.8083,106.075,-3836054,4,"Qinghai, Guizhou, China",CH,CH18,13069,25.8083,106.075,-3836054,1,Luxembourg,LU,LU,,49.75,6.166667,LU,20181012134500,Appeal,Verbal cooperation
794086582,20181012,201810,CHN,CHINA,CHN,,,,,,,,USA,UNITED STATES,USA,,,,,,,,1,046,046,04,1,7.0,6,1,6,-0.21691973969631,4,"Beijing, Beijing, China",CH,CH22,13001,39.9289,116.388,-1898541,2,"Arizona, United States",US,USAZ,,33.7712,-111.388,AZ,4,"Beijing, Beijing, China",CH,CH22,13001,39.9289,116.388,-1898541,20181012141500,Consult,Verbal cooperation
794088142,20181012,201810,USA,UNITED STATES,USA,,,,,,,,CHN,CHINA,CHN,,,,,,,,1,046,046,04,1,7.0,6,1,6,-0.21691973969631,2,"Arizona, United States",US,USAZ,,33.7712,-111.388,AZ,4,"Beijing, Beijing, China",CH,CH22,13001,39.9289,116.388,-1898541,4,"Beijing, Beijing, China",CH,CH22,13001,39.9289,116.388,-1898541,20181012141500,Consult,Verbal cooperation
794088147,20181012,201810,USA,AMERICAN,USA,,,,,,,,CHN,CHINESE,CHN,,,,,,,,1,071,071,07,2,7.4,6,1,6,-5.61403508771929,1,United States,US,US,,39.828175,-98.5795,US,1,China,CH,CH,,35.0,105.0,CH,1,United States,US,US,,39.828175,-98.5795,US,20181012141500,Provide aid,Material cooperation
794104586,20181012,201810,CHN,CHINA,CHN,,,,,,,,USA,WASHINGTON,USA,,,,,,,,1,010,010,01,1,0.0,8,1,8,-5.29595015576324,4,"Beijing, Beijing, China",CH,CH22,13001,39.9289,116.388,-1898541,3,"Washington, District of Columbia, United States",US,USDC,DC001,38.8951,-77.0364,531871,3,"Washington, District of Columbia, United States",US,USDC,DC001,38.8951,-77.0364,531871,20181012153000,Make public statement,Verbal cooperation
794108242,20181012,201810,CHN,CHINA,CHN,,,,,,,,USA,LAWRENCE,USA,,,,,,,,1,036,036,03,1,4.0,6,1,6,1.85185185185185,1,China,CH,CH,,35.0,105.0,CH,1,China,CH,CH,,35.0,105.0,CH,1,China,CH,CH,,35.0,105.0,CH,20181012154500,Express intent to cooperate,Verbal cooperation
794116618,20181012,201810,USAMED,REUTERS,USA,,,,,MED,,,CHN,CHINA,CHN,,,,,,,,1,010,010,01,1,0.0,6,1,6,-4.296875,4,"South China Sea, Brunei (general), Brunei",BX,BX00,,15.0,115.0,-1337919,4,"Beijing, Beijing, China",CH,CH22,13001,39.9289,116.388,-1898541,4,"South China Sea, Brunei (general), Brunei",BX,BX00,,15.0,115.0,-1337919,20181012161500,Make public statement,Verbal cooperation
794126889,20181012,201810,USA,THE US,USA,,,,,,,,CHN,CHINA,CHN,,,,,,,,1,020,020,02,1,3.0,10,1,10,-3.24675324675324,4,"Zhang Chao, Hubei, China",CH,CH12,13160,29.4203,114.286,11068166,4,"Zhang Chao, Hubei, China",CH,CH12,13160,29.4203,114.286,11068166,4,"Zhang Chao, Hubei, China",CH,CH12,13160,29.4203,114.286,11068166,20181012170000,Appeal,Verbal cooperation
794130290,20181012,201810,USAGOVBUS,US TREASURY,USA,,,,,GOV,BUS,,CHN,CHINA,CHN,,,,,,,,1,130,130,13,3,-4.4,10,1,10,-1.89125295508274,3,"Washington, District of Columbia, United States",US,USDC,DC001,38.8951,-77.0364,531871,4,"Beijing, Beijing, China",CH,CH22,13001,39.9289,116.388,-1898541,4,"Beijing, Beijing, China",CH,CH22,13001,39.9289,116.388,-1898541,20181012171500,Threaten,Verbal conflict
794135402,20181012,201810,CHN,CHINA,CHN,,,,,,,,USA,UNITED STATES,USA,,,,,,,,1,057,057,05,1,8.0,8,1,8,-4.54545454545454,4,"Beijing, Beijing, China",CH,CH22,13001,39.9289,116.388,-1898541,3,"Washington, District of Columbia, United States",US,USDC,DC001,38.8951,-77.0364,531871,4,"Beijing, Beijing, China",CH,CH22,13001,39.9289,116.388,-1898541,20181012174500,Engage in diplomatic cooperation,Verbal cooperation
794136295,20181012,201810,MNCUSA,BOEING,USA,,,,,MNC,,,CHN,KUNMING,CHN,,,,,,,,1,036,036,03,1,4.0,6,1,6,1.12359550561798,1,Singapore,SN,SN,,1.366667,103.8,SN,4,"Kunming, Yunnan, China",CH,CH29,13303,25.0389,102.718,-1913826,1,Singapore,SN,SN,,1.366667,103.8,SN,20181012174500,Express intent to cooperate,Verbal cooperation
794136735,20181012,201810,USA,UNITED STATES,USA,,,,,,,,CHN,CHINA,CHN,,,,,,,,1,057,057,05,1,8.0,10,1,10,-4.54545454545454,4,"Yu Xiang, Anhui, China",CH,CH01,12998,31.7442,118.181,10529601,4,"Yu Xiang, Anhui, China",CH,CH01,12998,31.7442,118.181,10529601,4,"Yu Xiang, Anhui, China",CH,CH01,12998,31.7442,118.181,10529601,20181012174500,Engage in diplomatic cooperation,Verbal cooperation
794138556,20181012,201810,CHN,BEIJING,CHN,,,,,,,,USA,WASHINGTON,USA,,,,,,,,1,072,072,07,2,8.3,7,1,7,-0.65217391304348,1,Brazil,BR,BR,,-10.0,-55.0,BR,4,"Beijing, Beijing, China",CH,CH22,13001,39.9289,116.388,-1898541,1,Brazil,BR,BR,,-10.0,-55.0,BR,20181012180000,Provide aid,Material cooperation
794140279,20181012,201810,USAGOVBUS,US TREASURY,USA,,,,,GOV,BUS,,CHN,CHINA,CHN,,,,,,,,1,130,130,13,3,-4.4,10,1,10,-5.62060889929742,4,"Beijing, Beijing, China",CH,CH22,13001,39.9289,116.388,-1898541,4,"Beijing, Beijing, China",CH,CH22,13001,39.9289,116.388,-1898541,4,"Beijing, Beijing, China",CH,CH22,13001,39.9289,116.388,-1898541,20181012180000,Threaten,Verbal conflict
794141807,20181012,201810,CHN,CHINA,CHN,,,,,,,,USAMED,REUTERS,USA,,,,,MED,,,1,061,061,06,2,6.4,10,1,10,0.0,1,China,CH,CH,,35.0,105.0,CH,1,China,CH,CH,,35.0,105.0,CH,1,China,CH,CH,,35.0,105.0,CH,20181012181500,Engage in material cooperation,Material cooperation
794147733,20181012,201810,CHN,CHINA,CHN,,,,,,,,USA,UNITED STATES,USA,,,,,,,,1,111,111,11,3,-2.0,8,1,8,-5.09554140127389,1,China,CH,CH,,35.0,105.0,CH,3,"Des Moines, Iowa, United States",US,USIA,,41.6005,-93.6091,465961,1,China,CH,CH,,35.0,105.0,CH,20181012184500,Disapprove,Verbal conflict
794159610,20181012,201810,USA,FLORIDA,USA,,,,,,,,CHN,CANTON,CHN,,,,,,,,1,090,090,09,2,-2.0,10,1,10,-8.02030456852792,3,"Mexico Beach, Florida, United States",US,USFL,FL005,29.948,-85.418,286747,3,"Mexico Beach, Florida, United States",US,USFL,,29.948,-85.418,286747,3,"Mexico Beach, Florida, United States",US,USFL,,29.948,-85.418,286747,20181012194500,Investigate,Material cooperation
794160959,20181012,201810,CHN,CHINESE,CHN,,,,,,,,USA,AMERICAN,USA,,,,,,,,1,114,114,11,3,-2.0,6,1,6,-6.0,4,"Beijing, Beijing, China",CH,CH22,13001,39.9289,116.388,-1898541,1,United States,US,US,,39.828175,-98.5795,US,1,United States,US,US,,39.828175,-98.5795,US,20181012200000,Disapprove,Verbal conflict
794166175,20181012,201810,CHN,CHINA,CHN,,,,,,,,USA,AMERICAN,USA,,,,,,,,1,061,061,06,2,6.4,10,1,10,-2.42718446601941,1,United States,US,US,,39.828175,-98.5795,US,4,"Beijing, Beijing, China",CH,CH22,13001,39.9289,116.388,-1898541,4,"Beijing, Beijing, China",CH,CH22,13001,39.9289,116.388,-1898541,20181012203000,Engage in material cooperation,Material cooperation
794171788,20181012,201810,MNCUSAMED,GOOGLE,USA,,,,,MNC,MED,,CHN,CHINA,CHN,,,,,,,,1,014,014,01,1,0.0,10,1,10,0.0,1,China,CH,CH,,35.0,105.0,CH,1,China,CH,CH,,35.0,105.0,CH,1,China,CH,CH,,35.0,105.0,CH,20181012210000,Make public statement,Verbal cooperation
794171790,20181012,201810,MNCUSAMED,GOOGLE,USA,,,,,MNC,MED,,CHN,CHINESE,CHN,,,,,,,,1,030,030,03,1,4.0,6,1,6,-2.22772277227723,2,"Virginia, United States",US,USVA,,37.768,-78.2057,VA,1,China,CH,CH,,35.0,105.0,CH,1,China,CH,CH,,35.0,105.0,CH,20181012210000,Express intent to cooperate,Verbal cooperation
794171791,20181012,201810,MNCUSAMED,GOOGLE,USA,,,,,MNC,MED,,CHN,CHINESE,CHN,,,,,,,,1,1721,172,17,4,-5.0,6,1,6,-2.22772277227723,2,"Virginia, United States",US,USVA,,37.768,-78.2057,VA,1,China,CH,CH,,35.0,105.0,CH,1,China,CH,CH,,35.0,105.0,CH,20181012210000,Coerce,Material conflict
794173402,20181012,201810,CHNGOV,CHINA,CHN,,,,,GOV,,,USAGOV,THE US,USA,,,,,GOV,,,1,112,112,11,3,-2.0,10,1,10,-4.57746478873239,4,"Zhong Shan, Anhui, China",CH,CH01,12997,30.8938,118.769,10997260,4,"Zhong Shan, Anhui, China",CH,CH01,12997,30.8938,118.769,10997260,4,"Zhong Shan, Anhui, China",CH,CH01,12997,30.8938,118.769,10997260,20181012211500,Disapprove,Verbal conflict
794174496,20181012,201810,USA,UNITED STATES,USA,,,,,,,,CHN,CHINA,CHN,,,,,,,,1,020,020,02,1,3.0,6,1,6,0.0,1,China,CH,CH,,35.0,105.0,CH,1,United States,US,US,,39.828175,-98.5795,US,1,China,CH,CH,,35.0,105.0,CH,20181012211500,Appeal,Verbal cooperation
794176654,20181012,201810,USA,COLUMBUS,USA,,,,,,,,CHN,CHINESE,CHN,,,,,,,,1,016,016,01,1,-2.0,12,2,12,-8.31168831168831,3,"Cincinnati, Ohio, United States",US,USOH,OH061,39.162,-84.4569,1066650,3,"Cincinnati, Ohio, United States",US,USOH,OH061,39.162,-84.4569,1066650,3,"Cincinnati, Ohio, United States",US,USOH,OH061,39.162,-84.4569,1066650,20181012213000,Make public statement,Verbal cooperation
794180211,20181012,201810,CHN,CHINA,CHN,,,,,,,,USA,TEXAS,USA,,,,,,,,1,100,100,10,3,-5.0,10,1,10,-3.92156862745098,2,"Texas, United States",US,USTX,,31.106,-97.6475,TX,2,"Texas, United States",US,USTX,,31.106,-97.6475,TX,2,"Texas, United States",US,USTX,,31.106,-97.6475,TX,20181012220000,Demand,Verbal conflict
794188297,20181012,201810,MNCUSAMED,GOOGLE,USA,,,,,MNC,MED,,CHN,CHINA,CHN,,,,,,,,1,010,010,01,1,0.0,6,1,6,-3.06306306306306,3,"Washington, District of Columbia, United States",US,USDC,DC001,38.8951,-77.0364,531871,3,"Washington, District of Columbia, United States",US,USDC,DC001,38.8951,-77.0364,531871,3,"Washington, District of Columbia, United States",US,USDC,DC001,38.8951,-77.0364,531871,20181012224500,Make public statement,Verbal cooperation
794188691,20181012,201810,USAGOV,PRESIDENT NIXON,USA,,,,,GOV,,,CHN,BEIJING,CHN,,,,,,,,1,042,042,04,1,1.9,8,1,8,-3.25443786982248,1,India,IN,IN,,20.0,77.0,IN,1,India,IN,IN,,20.0,77.0,IN,1,India,IN,IN,,20.0,77.0,IN,20181012224500,Consult,Verbal cooperation
794189591,20181012,201810,CHN,CHINA,CHN,,,,,,,,USAEDU,CALIFORNIA,USA,,,,,EDU,,,1,040,040,04,1,1.0,10,1,10,3.2258064516129,4,"Beijing, Beijing, China",CH,CH22,13001,39.9289,116.388,-1898541,4,"Beijing, Beijing, China",CH,CH22,13001,39.9289,116.388,-1898541,4,"Beijing, Beijing, China",CH,CH22,13001,39.9289,116.388,-1898541,20181012230000,Consult,Verbal cooperation
794190427,20181012,201810,USA,MISSISSIPPI,USA,,,,,,,,CHN,CANTON,CHN,,,,,,,,1,010,010,01,1,0.0,10,1,10,-5.0,2,"Georgia, United States",US,USGA,,32.9866,-83.6487,GA,2,"Georgia, United States",US,USGA,,32.9866,-83.6487,GA,2,"Georgia, United States",US,USGA,,32.9866,-83.6487,GA,20181012230000,Make public statement,Verbal cooperation
794195421,20181012,201810,USAGOV,US AMBASSADOR,USA,,,,,GOV,,,CHN,CHINA,CHN,,,,,,,,1,190,190,19,4,-10.0,10,1,10,-1.88383045525903,1,New Zealand,NZ,NZ,,-42.0,174.0,NZ,4,"Beijing, Beijing, China",CH,CH22,13001,39.9289,116.388,-1898541,1,New Zealand,NZ,NZ,,-42.0,174.0,NZ,20181012233000,Fight,Material conflict
794197303,20181012,201810,USA,WASHINGTON,USA,,,,,,,,CHN,CANTON,CHN,,,,,,,,1,036,036,03,1,4.0,10,1,10,3.0716723549488,3,"Dedham, Massachusetts, United States",US,USMA,MA021,42.2418,-71.1662,612438,3,"Dedham, Massachusetts, United States",US,USMA,MA021,42.2418,-71.1662,612438,3,"Dedham, Massachusetts, United States",US,USMA,MA021,42.2418,-71.1662,612438,20181012234500,Express intent to cooperate,Verbal cooperation
794197304,20181012,201810,USA,UNITED STATES,USA,,,,,,,,CHN,BEIJING,CHN,,,,,,,,1,151,151,15,4,-7.2,10,1,10,-6.25,4,"Beijing, Beijing, China",CH,CH22,13001,39.9289,116.388,-1898541,4,"Beijing, Beijing, China",CH,CH22,13001,39.9289,116.388,-1898541,4,"Beijing, Beijing, China",CH,CH22,13001,39.9289,116.388,-1898541,20181012234500,Exhibit force posture,Material conflict
794202398,20180913,201809,USAEDU,NEW YORK,USA,,,,,EDU,,,CHN,ZHUHAI,CHN,,,,,,,,1,010,010,01,1,0.0,10,1,10,-3.57142857142857,1,China,CH,CH,,35.0,105.0,CH,1,China,CH,CH,,35.0,105.0,CH,1,China,CH,CH,,35.0,105.0,CH,20181013001500,Make public statement,Verbal cooperation
794205301,20181013,201810,USA,CINCINNATI,USA,,,,,,,,CHN,CHINESE,CHN,,,,,,,,1,173,173,17,4,-5.0,6,3,6,-11.8518518518519,3,"Cincinnati, Ohio, United States",US,USOH,OH061,39.162,-84.4569,1066650,3,"Cincinnati, Ohio, United States",US,USOH,OH061,39.162,-84.4569,1066650,3,"Cincinnati, Ohio, United States",US,USOH,OH061,39.162,-84.4569,1066650,20181013001500,Coerce,Material conflict
794205302,20181013,201810,USA,CINCINNATI,USA,,,,,,,,CHN,CHINESE,CHN,,,,,,,,1,173,173,17,4,-5.0,6,3,6,-11.8518518518519,1,China,CH,CH,,35.0,105.0,CH,3,"Cincinnati, Ohio, United States",US,USOH,OH061,39.162,-84.4569,1066650,3,"Cincinnati, Ohio, United States",US,USOH,OH061,39.162,-84.4569,1066650,20181013001500,Coerce,Material conflict
794205303,20181013,201810,USA,CINCINNATI,USA,,,,,,,,CHN,CHINESE,CHN,,,,,,,,1,173,173,17,4,-5.0,18,3,18,-11.8518518518519,1,China,CH,CH,,35.0,105.0,CH,1,China,CH,CH,,35.0,105.0,CH,1,China,CH,CH,,35.0,105.0,CH,20181013001500,Coerce,Material conflict
794209077,20181013,201810,USA,COLUMBUS,USA,,,,,,,,CHN,CHINESE,CHN,,,,,,,,1,016,016,01,1,-2.0,6,1,6,-8.51063829787234,3,"Cincinnati, Ohio, United States",US,USOH,OH061,39.162,-84.4569,1066650,3,"Cincinnati, Ohio, United States",US,USOH,OH061,39.162,-84.4569,1066650,3,"Cincinnati, Ohio, United States",US,USOH,OH061,39.162,-84.4569,1066650,20181013003000,Make public statement,Verbal cooperation
794212537,20181013,201810,USA,NEW YORK,USA,,,,,,,,CHN,CHINA,CHN,,,,,,,,1,010,010,01,1,0.0,9,1,7,-3.78890392422192,4,"Beijing, Beijing, China",CH,CH22,13001,39.9289,116.388,-1898541,4,"Beijing, Beijing, China",CH,CH22,13001,39.9289,116.388,-1898541,4,"Beijing, Beijing, China",CH,CH22,13001,39.9289,116.388,-1898541,20181013004500,Make public statement,Verbal cooperation
794219709,20181013,201810,CHN,CHINA,CHN,,,,,,,,USA,THE US,USA,,,,,,,,1,061,061,06,2,6.4,10,1,10,-5.00834724540902,4,"Beijing, Beijing, China",CH,CH22,13001,39.9289,116.388,-1898541,4,"Beijing, Beijing, China",CH,CH22,13001,39.9289,116.388,-1898541,4,"Beijing, Beijing, China",CH,CH22,13001,39.9289,116.388,-1898541,20181013013000,Engage in material cooperation,Material cooperation
794220854,20181013,201810,USA,THE US,USA,,,,,,,,CHN,CHINA,CHN,,,,,,,,1,061,061,06,2,6.4,10,1,10,-5.00834724540902,4,"Beijing, Beijing, China",CH,CH22,13001,39.9289,116.388,-1898541,4,"Beijing, Beijing, China",CH,CH22,13001,39.9289,116.388,-1898541,4,"Beijing, Beijing, China",CH,CH22,13001,39.9289,116.388,-1898541,20181013013000,Engage in material cooperation,Material cooperation
794226713,20181013,201810,CHN,CHINA,CHN,,,,,,,,USA,UNITED STATES,USA,,,,,,,,1,061,061,06,2,6.4,8,1,8,3.9348710990502,1,China,CH,CH,,35.0,105.0,CH,1,United States,US,US,,39.828175,-98.5795,US,1,United States,US,US,,39.828175,-98.5795,US,20181013021500,Engage in material cooperation,Material cooperation
794227754,20181013,201810,USA,UNITED STATES,USA,,,,,,,,CHN,CHINA,CHN,,,,,,,,1,061,061,06,2,6.4,10,1,10,3.9348710990502,4,"Blackrock, Nova Scotia, Canada",CA,CA07,12626,45.3167,-60.95,-561321,4,"Blackrock, Nova Scotia, Canada",CA,CA07,12626,45.3167,-60.95,-561321,4,"Blackrock, Nova Scotia, Canada",CA,CA07,12626,45.3167,-60.95,-561321,20181013021500,Engage in material cooperation,Material cooperation
794227757,20181013,201810,USA,UNITED STATES,USA,,,,,,,,CHN,CHINESE,CHN,,,,,,,,1,172,172,17,4,-5.0,8,1,8,-0.52083333333333,4,"West Midlands, United Kingdom (general), United Kingdom",UK,UK00,40136,52.5,-1.96667,-2611326,4,"West Midlands, United Kingdom (general), United Kingdom",UK,UK00,40136,52.5,-1.96667,-2611326,4,"West Midlands, United Kingdom (general), United Kingdom",UK,UK00,40136,52.5,-1.96667,-2611326,20181013021500,Coerce,Material conflict
794229007,20181013,201810,CHN,CHINA,CHN,,,,,,,,USAGOV,RICHARD NIXON,USA,,,,,GOV,,,1,043,043,04,1,2.8,10,1,10,0.54545454545455,4,"Baijiu, Zhejiang, China",CH,CH02,13325,29.3925,119.631,6025787,4,"Baijiu, Zhejiang, China",CH,CH02,13325,29.3925,119.631,6025787,4,"Baijiu, Zhejiang, China",CH,CH02,13325,29.3925,119.631,6025787,20181013023000,Consult,Verbal cooperation
794230102,20181013,201810,USA,UNITED STATES,USA,,,,,,,,CHN,CHINA,CHN,,,,,,,,1,030,030,03,1,4.0,8,1,8,0.505050505050505,3,"Tacoma, Washington, United States",US,USWA,WA053,47.2529,-122.444,1512713,4,"Sichuan, Gansu, China",CH,CH15,13024,35.1221,105.48,10650455,4,"Sichuan, Gansu, China",CH,CH15,13024,35.1221,105.48,10650455,20181013023000,Express intent to cooperate,Verbal cooperation
794230340,20181013,201810,USAGOV,RICHARD NIXON,USA,,,,,GOV,,,CHN,CHINA,CHN,,,,,,,,1,042,042,04,1,1.9,10,1,10,0.54545454545455,4,"Baijiu, Zhejiang, China",CH,CH02,13325,29.3925,119.631,6025787,4,"Baijiu, Zhejiang, China",CH,CH02,13325,29.3925,119.631,6025787,4,"Baijiu, Zhejiang, China",CH,CH02,13325,29.3925,119.631,6025787,20181013023000,Consult,Verbal cooperation
794231286,20181013,201810,CHN,CHINESE,CHN,,,,,,,,USA,UNITED STATES,USA,,,,,,,,1,046,046,04,1,7.0,6,1,6,-0.8130081300813,1,China,CH,CH,,35.0,105.0,CH,3,"White House, District of Columbia, United States",US,USDC,,38.8951,-77.0364,531871,1,China,CH,CH,,35.0,105.0,CH,20181013024500,Consult,Verbal cooperation
794232344,20181013,201810,USA,UNITED STATES,USA,,,,,,,,CHN,CHINESE,CHN,,,,,,,,1,046,046,04,1,7.0,6,1,6,-0.8130081300813,1,Russia,RS,RS,,60.0,100.0,RS,1,Russia,RS,RS,,60.0,100.0,RS,1,Russia,RS,RS,,60.0,100.0,RS,20181013024500,Consult,Verbal cooperation
794234231,20181013,201810,USA,THE US,USA,,,,,,,,CHN,CHINA,CHN,,,,,,,,1,080,080,08,2,5.0,8,1,8,-6.49819494584838,4,"Beijing, Beijing, China",CH,CH22,13001,39.9289,116.388,-1898541,4,"Beijing, Beijing, China",CH,CH22,13001,39.9289,116.388,-1898541,4,"Beijing, Beijing, China",CH,CH22,13001,39.9289,116.388,-1898541,20181013030000,Yield,Material cooperation
794234232,20181013,201810,USA,THE US,USA,,,,,,,,CHN,CHINA,CHN,,,,,,,,1,090,090,09,2,-2.0,8,1,8,-6.49819494584838,4,"Beijing, Beijing, China",CH,CH22,13001,39.9289,116.388,-1898541,4,"Beijing, Beijing, China",CH,CH22,13001,39.9289,116.388,-1898541,4,"Beijing, Beijing, China",CH,CH22,13001,39.9289,116.388,-1898541,20181013030000,Investigate,Material cooperation
794234233,20181013,201810,USA,THE US,USA,,,,,,,,CHN,CHINESE,CHN,,,,,,,,1,174,174,17,4,-5.0,8,1,8,-6.49819494584838,4,"Beijing, Beijing, China",CH,CH22,13001,39.9289,116.388,-1898541,4,"Beijing, Beijing, China",CH,CH22,13001,39.9289,116.388,-1898541,4,"Beijing, Beijing, China",CH,CH22,13001,39.9289,116.388,-1898541,20181013030000,Coerce,Material conflict
794235259,20181013,201810,CHN,CHINA,CHN,,,,,,,,USA,AMERICAN,USA,,,,,,,,1,020,020,02,1,3.0,16,4,8,0.0,4,"Yi Gang, Gansu, China",CH,CH15,13206,35.4833,105.25,-1936316,4,"Yi Gang, Gansu, China",CH,CH15,13206,35.4833,105.25,-1936316,4,"Yi Gang, Gansu, China",CH,CH15,13206,35.4833,105.25,-1936316,20181013031500,Appeal,Verbal cooperation
794235260,20181013,201810,CHN,CHINA,CHN,,,,,,,,USA,AMERICAN,USA,,,,,,,,1,020,020,02,1,3.0,16,4,8,0.0,4,"Yi Gang, Gansu, China",CH,CH15,13206,35.4833,105.25,-1936316,1,United States,US,US,,39.828175,-98.5795,US,4,"Yi Gang, Gansu, China",CH,CH15,13206,35.4833,105.25,-1936316,20181013031500,Appeal,Verbal cooperation
794235261,20181013,201810,CHN,CHINA,CHN,,,,,,,,USA,AMERICAN,USA,,,,,,,,1,042,042,04,1,1.9,16,4,8,0.0,4,"Yi Gang, Gansu, China",CH,CH15,13206,35.4833,105.25,-1936316,4,"Yi Gang, Gansu, China",CH,CH15,13206,35.4833,105.25,-1936316,4,"Yi Gang, Gansu, China",CH,CH15,13206,35.4833,105.25,-1936316,20181013031500,Consult,Verbal cooperation
794235262,20181013,201810,CHN,CHINA,CHN,,,,,,,,USA,AMERICAN,USA,,,,,,,,1,042,042,04,1,1.9,16,4,8,0.0,4,"Yi Gang, Gansu, China",CH,CH15,13206,35.4833,105.25,-1936316,1,United States,US,US,,39.828175,-98.5795,US,1,United States,US,US,,39.828175,-98.5795,US,20181013031500,Consult,Verbal cooperation
794235265,20181013,201810,CHN,CHINESE,CHN,,,,,,,,USABUS,AMERICAN,USA,,,,,BUS,,,1,190,190,19,4,-10.0,6,1,6,-1.24716553287982,1,China,CH,CH,,35.0,105.0,CH,2,"South Carolina, United States",US,USSC,,33.8191,-80.9066,SC,2,"South Carolina, United States",US,USSC,,33.8191,-80.9066,SC,20181013031500,Fight,Material conflict
794236204,20181013,201810,USA,AMERICAN,USA,,,,,,,,CHN,CHINA,CHN,,,,,,,,1,043,043,04,1,2.8,16,4,8,0.0,4,"Yi Gang, Gansu, China",CH,CH15,13206,35.4833,105.25,-1936316,4,"Yi Gang, Gansu, China",CH,CH15,13206,35.4833,105.25,-1936316,4,"Yi Gang, Gansu, China",CH,CH15,13206,35.4833,105.25,-1936316,20181013031500,Consult,Verbal cooperation
794236205,20181013,201810,USA,AMERICAN,USA,,,,,,,,CHN,CHINA,CHN,,,,,,,,1,043,043,04,1,2.8,16,4,8,0.0,1,United States,US,US,,39.828175,-98.5795,US,4,"Yi Gang, Gansu, China",CH,CH15,13206,35.4833,105.25,-1936316,1,United States,US,US,,39.828175,-98.5795,US,20181013031500,Consult,Verbal cooperation
794236322,20181013,201810,USABUS,AMERICAN,USA,,,,,BUS,,,CHN,CHINESE,CHN,,,,,,,,1,190,190,19,4,-10.0,6,1,6,-1.24716553287982,2,"South Carolina, United States",US,USSC,,33.8191,-80.9066,SC,2,"South Carolina, United States",US,USSC,,33.8191,-80.9066,SC,2,"South Carolina, United States",US,USSC,,33.8191,-80.9066,SC,20181013031500,Fight,Material conflict
794239166,20181013,201810,CHN,CHINESE,CHN,,,,,,,,USA,AMERICAN,USA,,,,,,,,1,036,036,03,1,4.0,7,1,7,-4.60829493087557,1,China,CH,CH,,35.0,105.0,CH,3,"Washington, District of Columbia, United States",US,USDC,DC001,38.8951,-77.0364,531871,1,China,CH,CH,,35.0,105.0,CH,20181013034500,Express intent to cooperate,Verbal cooperation
794239902,20181013,201810,USA,AMERICAN,USA,,,,,,,,CHN,CHINESE,CHN,,,,,,,,1,036,036,03,1,4.0,7,1,7,-4.60829493087557,3,"Washington, District of Columbia, United States",US,USDC,DC001,38.8951,-77.0364,531871,1,China,CH,CH,,35.0,105.0,CH,1,China,CH,CH,,35.0,105.0,CH,20181013034500,Express intent to cooperate,Verbal cooperation
794239903,20181013,201810,USA,AMERICAN,USA,,,,,,,,CHN,CHINESE,CHN,,,,,,,,1,071,071,07,2,7.4,8,1,8,-4.60829493087557,3,"Washington, District of Columbia, United States",US,USDC,DC001,38.8951,-77.0364,531871,1,China,CH,CH,,35.0,105.0,CH,3,"Washington, District of Columbia, United States",US,USDC,DC001,38.8951,-77.0364,531871,20181013034500,Provide aid,Material cooperation
794241247,20181013,201810,MNCUSAMED,GOOGLE,USA,,,,,MNC,MED,,CHN,CHINESE,CHN,,,,,,,,1,030,030,03,1,4.0,10,1,10,-2.93159609120522,2,"Virginia, United States",US,USVA,,37.768,-78.2057,VA,1,China,CH,CH,,35.0,105.0,CH,1,China,CH,CH,,35.0,105.0,CH,20181013040000,Express intent to cooperate,Verbal cooperation
794241248,20181013,201810,MNCUSAMED,GOOGLE,USA,,,,,MNC,MED,,CHN,CHINESE,CHN,,,,,,,,1,1721,172,17,4,-5.0,8,1,8,-2.93159609120522,1,China,CH,CH,,35.0,105.0,CH,1,China,CH,CH,,35.0,105.0,CH,1,China,CH,CH,,35.0,105.0,CH,20181013040000,Coerce,Material conflict
794242461,20181013,201810,CHN,CHINA,CHN,,,,,,,,USA,UNITED STATES,USA,,,,,,,,1,061,061,06,2,6.4,28,2,28,-2.41721926358045,4,"Beijing, Beijing, China",CH,CH22,13001,39.9289,116.388,-1898541,3,"Washington, District of Columbia, United States",US,USDC,DC001,38.8951,-77.0364,531871,4,"Beijing, Beijing, China",CH,CH22,13001,39.9289,116.388,-1898541,20181013041500,Engage in material cooperation,Material cooperation
794242469,20181013,201810,CHNGOV,CHINA,CHN,,,,,GOV,,,USA,WASHINGTON,USA,,,,,,,,1,130,130,13,3,-4.4,7,1,7,-3.08056872037915,4,"Beijing, Beijing, China",CH,CH22,13001,39.9289,116.388,-1898541,4,"Beijing, Beijing, China",CH,CH22,13001,39.9289,116.388,-1898541,4,"Beijing, Beijing, China",CH,CH22,13001,39.9289,116.388,-1898541,20181013041500,Threaten,Verbal conflict
794243267,20181013,201810,USA,THE US,USA,,,,,,,,CHNSPY,CHINESE,CHN,,,,,SPY,,,1,173,173,17,4,-5.0,6,1,6,-1.73745173745174,4,"Beijing, Beijing, China",CH,CH22,13001,39.9289,116.388,-1898541,4,"Beijing, Beijing, China",CH,CH22,13001,39.9289,116.388,-1898541,4,"Beijing, Beijing, China",CH,CH22,13001,39.9289,116.388,-1898541,20181013041500,Coerce,Material conflict
794243451,20181013,201810,USAGOVBUS,US TREASURY,USA,,,,,GOV,BUS,,CHN,CHINA,CHN,,,,,,,,1,012,012,01,1,-0.4,10,1,10,-4.11663807890223,4,"Beijing, Beijing, China",CH,CH22,13001,39.9289,116.388,-1898541,4,"Beijing, Beijing, China",CH,CH22,13001,39.9289,116.388,-1898541,4,"Beijing, Beijing, China",CH,CH22,13001,39.9289,116.388,-1898541,20181013041500,Make public statement,Verbal cooperation
794245705,20181013,201810,CHNGOV,CHINA,CHN,,,,,GOV,,,USA,WASHINGTON,USA,,,,,,,,1,130,130,13,3,-4.4,7,1,7,-4.09356725146198,1,Argentina,AR,AR,,-34.0,-64.0,AR,1,Argentina,AR,AR,,-34.0,-64.0,AR,1,Argentina,AR,AR,,-34.0,-64.0,AR,20181013044500,Threaten,Verbal conflict
794246188,20181013,201810,MNCUSA,BANK OF AMERICA,USA,,,,,MNC,,,MNCCHN,PETROCHINA,CHN,,,,,MNC,,,1,010,010,01,1,0.0,6,1,6,2.11640211640212,1,China,CH,CH,,35.0,105.0,CH,1,China,CH,CH,,35.0,105.0,CH,1,China,CH,CH,,35.0,105.0,CH,20181013044500,Make public statement,Verbal cooperation
794253112,20181013,201810,CHN,CHINESE,CHN,,,,,,,,USA,THE US,USA,,,,,,,,1,061,061,06,2,6.4,7,1,7,-3.39702760084926,1,Iran,IR,IR,,32.0,53.0,IR,1,Iran,IR,IR,,32.0,53.0,IR,1,Iran,IR,IR,,32.0,53.0,IR,20181013054500,Engage in material cooperation,Material cooperation
794253114,20181013,201810,CHN,CHINESE,CHN,,,,,,,,USA,THE US,USA,,,,,,,,1,061,061,06,2,6.4,8,2,8,-3.13942558614434,1,Yemen,YM,YM,,15.5,47.5,YM,1,Yemen,YM,YM,,15.5,47.5,YM,1,Yemen,YM,YM,,15.5,47.5,YM,20181013054500,Engage in material cooperation,Material cooperation
794253115,20181013,201810,CHN,CHINA,CHN,,,,,,,,USAGOV,RICHARD NIXON,USA,,,,,GOV,,,1,043,043,04,1,2.8,10,1,10,-2.88,4,"Beijing, Beijing, China",CH,CH22,13001,39.9289,116.388,-1898541,4,"Beijing, Beijing, China",CH,CH22,13001,39.9289,116.388,-1898541,4,"Beijing, Beijing, China",CH,CH22,13001,39.9289,116.388,-1898541,20181013054500,Consult,Verbal cooperation
794254081,20181013,201810,USAGOV,RICHARD NIXON,USA,,,,,GOV,,,CHN,CHINA,CHN,,,,,,,,1,042,042,04,1,1.9,8,1,8,-2.88,4,"Beijing, Beijing, China",CH,CH22,13001,39.9289,116.388,-1898541,4,"Beijing, Beijing, China",CH,CH22,13001,39.9289,116.388,-1898541,4,"Beijing, Beijing, China",CH,CH22,13001,39.9289,116.388,-1898541,20181013054500,Consult,Verbal cooperation
794258452,20181013,201810,CHN,CHINA,CHN,,,,,,,,USA,A US,USA,,,,,,,,1,0331,033,03,1,5.2,10,1,10,0.29411764705882,1,China,CH,CH,,35.0,105.0,CH,1,China,CH,CH,,35.0,105.0,CH,1,China,CH,CH,,35.0,105.0,CH,20181013063000,Express intent to cooperate,Verbal cooperation
794263376,20181013,201810,CHN,CHINA,CHN,,,,,,,,USA,THE US,USA,,,,,,,,1,043,043,04,1,2.8,10,1,10,1.64203612479474,4,"Shanghai, Shanghai, China",CH,CH23,13243,31.2222,121.458,-1924465,4,"Shanghai, Shanghai, China",CH,CH23,13243,31.2222,121.458,-1924465,4,"Shanghai, Shanghai, China",CH,CH23,13243,31.2222,121.458,-1924465,20181013071500,Consult,Verbal cooperation
794264055,20181013,201810,USA,THE US,USA,,,,,,,,CHN,CHINA,CHN,,,,,,,,1,042,042,04,1,1.9,10,1,10,1.64203612479474,4,"Renmin, Liaoning, China",CH,CH19,13182,40.7703,123.792,11215357,4,"Renmin, Liaoning, China",CH,CH19,13182,40.7703,123.792,11215357,4,"Renmin, Liaoning, China",CH,CH19,13182,40.7703,123.792,11215357,20181013071500,Consult,Verbal cooperation
794264994,20181013,201810,CHN,CHINESE,CHN,,,,,,,,USA,AMERICAN,USA,,,,,,,,1,036,036,03,1,4.0,14,1,14,-4.90196078431372,4,"Beijing, Beijing, China",CH,CH22,13001,39.9289,116.388,-1898541,3,"Washington, District of Columbia, United States",US,USDC,DC001,38.8951,-77.0364,531871,4,"Beijing, Beijing, China",CH,CH22,13001,39.9289,116.388,-1898541,20181013073000,Express intent to cooperate,Verbal cooperation
794265831,20181013,201810,USA,AMERICAN,USA,,,,,,,,CHN,CHINESE,CHN,,,,,,,,1,036,036,03,1,4.0,14,1,14,-4.90196078431372,3,"Washington, District of Columbia, United States",US,USDC,DC001,38.8951,-77.0364,531871,4,"Beijing, Beijing, China",CH,CH22,13001,39.9289,116.388,-1898541,4,"Beijing, Beijing, China",CH,CH22,13001,39.9289,116.388,-1898541,20181013073000,Express intent to cooperate,Verbal cooperation
794265834,20181013,201810,USA,AMERICAN,USA,,,,,,,,CHN,CHINESE,CHN,,,,,,,,1,071,071,07,2,7.4,16,1,16,-4.90196078431372,3,"Washington, District of Columbia, United States",US,USDC,DC001,38.8951,-77.0364,531871,4,"Beijing, Beijing, China",CH,CH22,13001,39.9289,116.388,-1898541,3,"Washington, District of Columbia, United States",US,USDC,DC001,38.8951,-77.0364,531871,20181013073000,Provide aid,Material cooperation
794275216,20181013,201810,USA,WASHINGTON,USA,,,,,,,,CHN,CHINA,CHN,,,,,,,,1,100,100,10,3,-5.0,20,2,20,-1.99115044247788,3,"Washington, District of Columbia, United States",US,USDC,DC001,38.8951,-77.0364,531871,3,"Washington, District of Columbia, United States",US,USDC,DC001,38.8951,-77.0364,531871,3,"Washington, District of Columbia, United States",US,USDC,DC001,38.8951,-77.0364,531871,20181013084500,Demand,Verbal conflict
794284360,20181013,201810,USA,THE US,USA,,,,,,,,CHN,BEIJING,CHN,,,,,,,,1,026,026,02,1,4.0,10,1,10,-1.03626943005181,4,"Beijing, Beijing, China",CH,CH22,13001,39.9289,116.388,-1898541,4,"Beijing, Beijing, China",CH,CH22,13001,39.9289,116.388,-1898541,4,"Beijing, Beijing, China",CH,CH22,13001,39.9289,116.388,-1898541,20181013100000,Appeal,Verbal cooperation
794285383,20181013,201810,CHN,CHINA,CHN,,,,,,,,USAMED,REUTERS,USA,,,,,MED,,,1,046,046,04,1,7.0,10,1,10,-1.46231721034871,4,"Beijing, Beijing, China",CH,CH22,13001,39.9289,116.388,-1898541,4,"Beijing, Beijing, China",CH,CH22,13001,39.9289,116.388,-1898541,4,"Beijing, Beijing, China",CH,CH22,13001,39.9289,116.388,-1898541,20181013101500,Consult,Verbal cooperation
794285796,20181013,201810,MNCUSA,ISHARES,USA,,,,,MNC,,,CHN,CHINA,CHN,,,,,,,,1,071,071,07,2,7.4,10,1,10,2.5,1,China,CH,CH,,35.0,105.0,CH,1,China,CH,CH,,35.0,105.0,CH,1,China,CH,CH,,35.0,105.0,CH,20181013101500,Provide aid,Material cooperation
794285970,20181013,201810,USAGOVBUS,US TREASURY,USA,,,,,GOV,BUS,,CHN,CHINESE,CHN,,,,,,,,1,010,010,01,1,0.0,10,1,10,-3.49854227405247,4,"Beijing, Beijing, China",CH,CH22,13001,39.9289,116.388,-1898541,4,"Beijing, Beijing, China",CH,CH22,13001,39.9289,116.388,-1898541,4,"Beijing, Beijing, China",CH,CH22,13001,39.9289,116.388,-1898541,20181013101500,Make public statement,Verbal cooperation
794285972,20181013,201810,USAMED,REUTERS,USA,,,,,MED,,,CHN,CHINA,CHN,,,,,,,,1,046,046,04,1,7.0,10,1,10,-1.46231721034871,4,"Beijing, Beijing, China",CH,CH22,13001,39.9289,116.388,-1898541,4,"Beijing, Beijing, China",CH,CH22,13001,39.9289,116.388,-1898541,4,"Beijing, Beijing, China",CH,CH22,13001,39.9289,116.388,-1898541,20181013101500,Consult,Verbal cooperation
794291473,20181013,201810,USA,WASHINGTON,USA,,,,,,,,CHNEDU,CHINESE,CHN,,,,,EDU,,,1,112,112,11,3,-2.0,6,1,6,-6.45161290322581,3,"Washington, District of Columbia, United States",US,USDC,DC001,38.8951,-77.0364,531871,5,"Inner Mongolia, Nei Mongol, China",CH,CH20,13198,44.0,112.0,-1920094,5,"Inner Mongolia, Nei Mongol, China",CH,CH20,13198,44.0,112.0,-1920094,20181013110000,Disapprove,Verbal conflict
794294277,20181013,201810,CHN,CHINA,CHN,,,,,,,,USA,THE US,USA,,,,,,,,1,057,057,05,1,8.0,6,1,6,-2.51046025104602,1,China,CH,CH,,35.0,105.0,CH,1,France,FR,FR,,46.0,2.0,FR,1,France,FR,FR,,46.0,2.0,FR,20181013113000,Engage in diplomatic cooperation,Verbal cooperation
794295125,20181013,201810,USA,THE US,USA,,,,,,,,CHN,CHINA,CHN,,,,,,,,1,057,057,05,1,8.0,6,1,6,-2.51046025104602,1,France,FR,FR,,46.0,2.0,FR,1,China,CH,CH,,35.0,105.0,CH,1,France,FR,FR,,46.0,2.0,FR,20181013113000,Engage in diplomatic cooperation,Verbal cooperation
794297261,20181013,201810,USA,PITTSBURGH,USA,,,,,,,,CHN,CHINESE,CHN,,,,,,,,1,173,173,17,4,-5.0,6,1,6,-3.55648535564853,1,China,CH,CH,,35.0,105.0,CH,3,"Washington, District of Columbia, United States",US,USDC,DC001,38.8951,-77.0364,531871,1,China,CH,CH,,35.0,105.0,CH,20181013114500,Coerce,Material conflict
794300488,20181013,201810,CHN,CHINESE,CHN,,,,,,,,USA,UNITED STATES,USA,,,,,,,,1,010,010,01,1,0.0,10,1,10,-3.21637426900585,1,China,CH,CH,,35.0,105.0,CH,1,United States,US,US,,39.828175,-98.5795,US,1,United States,US,US,,39.828175,-98.5795,US,20181013121500,Make public statement,Verbal cooperation
794303826,20181013,201810,CHN,CHINA,CHN,,,,,,,,USA,UNITED STATES,USA,,,,,,,,1,040,040,04,1,1.0,8,1,8,-5.0,1,China,CH,CH,,35.0,105.0,CH,1,United States,US,US,,39.828175,-98.5795,US,1,China,CH,CH,,35.0,105.0,CH,20181013124500,Consult,Verbal cooperation
794303836,20181013,201810,CHNEDU,CHINESE,CHN,,,,,EDU,,,USA,NEW YORK,USA,,,,,,,,1,042,042,04,1,1.9,6,1,6,7.16723549488055,1,China,CH,CH,,35.0,105.0,CH,2,"New York, United States",US,USNY,,42.1497,-74.9384,NY,2,"New York, United States",US,USNY,,42.1497,-74.9384,NY,20181013124500,Consult,Verbal cooperation
794304415,20181013,201810,USA,UNITED STATES,USA,,,,,,,,CHN,CHINA,CHN,,,,,,,,1,040,040,04,1,1.0,8,1,8,-5.0,1,United States,US,US,,39.828175,-98.5795,US,1,China,CH,CH,,35.0,105.0,CH,1,China,CH,CH,,35.0,105.0,CH,20181013124500,Consult,Verbal cooperation
794304424,20181013,201810,USA,NEW YORK,USA,,,,,,,,CHNEDU,CHINESE,CHN,,,,,EDU,,,1,043,043,04,1,2.8,6,1,6,7.16723549488055,1,China,CH,CH,,35.0,105.0,CH,1,China,CH,CH,,35.0,105.0,CH,1,China,CH,CH,,35.0,105.0,CH,20181013124500,Consult,Verbal cooperation
794310737,20181013,201810,CHN,CHINA,CHN,,,,,,,,USA,UNITED STATES,USA,,,,,,,,1,010,010,01,1,0.0,10,1,10,-1.96428571428571,1,China,CH,CH,,35.0,105.0,CH,1,China,CH,CH,,35.0,105.0,CH,1,China,CH,CH,,35.0,105.0,CH,20181013134500,Make public statement,Verbal cooperation
794329293,20181013,201810,USA,UNITED STATES,USA,,,,,,,,CHN,CHINA,CHN,,,,,,,,1,160,160,16,4,-4.0,8,1,8,-4.92610837438423,3,"Washington, District of Columbia, United States",US,USDC,DC001,38.8951,-77.0364,531871,4,"Beijing, Beijing, China",CH,CH22,13001,39.9289,116.388,-1898541,3,"Washington, District of Columbia, United States",US,USDC,DC001,38.8951,-77.0364,531871,20181013161500,Reduce relations,Material conflict
794330946,20181013,201810,USA,THE US,USA,,,,,,,,CHN,CHINESE,CHN,,,,,,,,1,090,090,09,2,-2.0,16,2,16,-2.82352941176471,2,"New York, United States",US,USNY,,42.1497,-74.9384,NY,2,"New York, United States",US,USNY,,42.1497,-74.9384,NY,2,"New York, United States",US,USNY,,42.1497,-74.9384,NY,20181013163000,Investigate,Material cooperation
794345593,20171013,201710,USA,UNITED STATES,USA,,,,,,,,CHN,CHINA,CHN,,,,,,,,1,061,061,06,2,6.4,8,1,8,-4.03458213256484,1,United States,US,US,,39.828175,-98.5795,US,1,China,CH,CH,,35.0,105.0,CH,1,China,CH,CH,,35.0,105.0,CH,20181013184500,Engage in material cooperation,Material cooperation
794359290,20181013,201810,CHN,CHINESE,CHN,,,,,,,,USA,THE US,USA,,,,,,,,1,061,061,06,2,6.4,7,1,7,-0.660501981505941,4,"Varanasi, Uttar Pradesh, India",IN,IN36,17943,25.3333,83.0,-2114217,4,"Varanasi, Uttar Pradesh, India",IN,IN36,17943,25.3333,83.0,-2114217,4,"Varanasi, Uttar Pradesh, India",IN,IN36,17943,25.3333,83.0,-2114217,20181013204500,Engage in material cooperation,Material cooperation
794359746,20181013,201810,USA,PHILADELPHIA,USA,,,,,,,,CHN,CHINA,CHN,,,,,,,,1,173,173,17,4,-5.0,6,1,6,3.83439844401223,5,"Zhejiang, Zhejiang, China",CH,CH02,13325,29.0,120.0,-1938694,5,"Zhejiang, Zhejiang, China",CH,CH02,13325,29.0,120.0,-1938694,5,"Zhejiang, Zhejiang, China",CH,CH02,13325,29.0,120.0,-1938694,20181013204500,Coerce,Material conflict
794366637,20181013,201810,USAGOVBUS,US TREASURY,USA,,,,,GOV,BUS,,CHN,CHINESE,CHN,,,,,,,,1,010,010,01,1,0.0,10,1,10,-3.19327731092437,4,"Bali, Zhejiang, China",CH,CH02,13324,29.4267,120.897,10563136,4,"Bali, Zhejiang, China",CH,CH02,13324,29.4267,120.897,10563136,4,"Bali, Zhejiang, China",CH,CH02,13324,29.4267,120.897,10563136,20181013220000,Make public statement,Verbal cooperation
794371883,20181013,201810,USA,AMERICAN,USA,,,,,,,,CHN,CHINESE,CHN,,,,,,,,1,020,020,02,1,3.0,10,1,10,0.0,3,"Boston, Massachusetts, United States",US,USMA,MA025,42.3584,-71.0598,617565,3,"Boston, Massachusetts, United States",US,USMA,MA025,42.3584,-71.0598,617565,3,"Boston, Massachusetts, United States",US,USMA,MA025,42.3584,-71.0598,617565,20181013230000,Appeal,Verbal cooperation
794379370,20181014,201810,CHN,CHINESE,CHN,,,,,,,,USA,UNITED STATES,USA,,,,,,,,1,111,111,11,3,-2.0,8,1,8,2.80777537796976,4,"Shanghai, Shanghai, China",CH,CH23,13243,31.2222,121.458,-1924465,4,"Shanghai, Shanghai, China",CH,CH23,13243,31.2222,121.458,-1924465,4,"Shanghai, Shanghai, China",CH,CH23,13243,31.2222,121.458,-1924465,20181014001500,Disapprove,Verbal conflict
794380153,20181014,201810,USA,WASHINGTON,USA,,,,,,,,CHN,CHINA,CHN,,,,,,,,1,100,100,10,3,-5.0,10,1,10,-3.94736842105263,3,"Washington, District of Columbia, United States",US,USDC,DC001,38.8951,-77.0364,531871,3,"Washington, District of Columbia, United States",US,USDC,DC001,38.8951,-77.0364,531871,3,"Washington, District of Columbia, United States",US,USDC,DC001,38.8951,-77.0364,531871,20181014001500,Demand,Verbal conflict
794393665,20181014,201810,USA,THE US,USA,,,,,,,,CHN,CHINA,CHN,,,,,,,,1,061,061,06,2,6.4,10,1,10,-2.99884659746252,1,China,CH,CH,,35.0,105.0,CH,1,China,CH,CH,,35.0,105.0,CH,1,China,CH,CH,,35.0,105.0,CH,20181014014500,Engage in material cooperation,Material cooperation
794399117,20181014,201810,CHNCVL,CHINESE,CHN,,,,,CVL,,,USA,AMERICAN,USA,,,,,,,,1,014,014,01,1,0.0,6,1,6,-2.30149597238205,3,"University Of Miami, Florida, United States",US,USFL,FL086,25.7195,-80.2787,292693,3,"University Of Miami, Florida, United States",US,USFL,,25.7195,-80.2787,292693,3,"University Of Miami, Florida, United States",US,USFL,,25.7195,-80.2787,292693,20181014024500,Make public statement,Verbal cooperation
794399653,20181014,201810,USA,UNITED STATES,USA,,,,,,,,CHN,BEIJING,CHN,,,,,,,,1,012,012,01,1,-0.4,9,1,9,-0.36101083032491,4,"Beijing, Beijing, China",CH,CH22,13001,39.9289,116.388,-1898541,4,"Beijing, Beijing, China",CH,CH22,13001,39.9289,116.388,-1898541,4,"Beijing, Beijing, China",CH,CH22,13001,39.9289,116.388,-1898541,20181014024500,Make public statement,Verbal cooperation
794399655,20181014,201810,USA,UNITED STATES,USA,,,,,,,,CHN,BEIJING,CHN,,,,,,,,1,030,030,03,1,4.0,8,1,8,-0.36101083032491,3,"White House, District of Columbia, United States",US,USDC,,38.8951,-77.0364,531871,4,"Beijing, Beijing, China",CH,CH22,13001,39.9289,116.388,-1898541,4,"Beijing, Beijing, China",CH,CH22,13001,39.9289,116.388,-1898541,20181014024500,Express intent to cooperate,Verbal cooperation
794407201,20181014,201810,CHN,CHINESE,CHN,,,,,,,,USA,THE US,USA,,,,,,,,1,061,061,06,2,6.4,8,1,8,-3.04232804232804,4,"Beijing, Beijing, China",CH,CH22,13001,39.9289,116.388,-1898541,4,"Beijing, Beijing, China",CH,CH22,13001,39.9289,116.388,-1898541,4,"Beijing, Beijing, China",CH,CH22,13001,39.9289,116.388,-1898541,20181014041500,Engage in material cooperation,Material cooperation
794407202,20181014,201810,CHN,CHINA,CHN,,,,,,,,USA,UNITED STATES,USA,,,,,,,,1,061,061,06,2,6.4,10,1,10,-3.04232804232804,1,Iran,IR,IR,,32.0,53.0,IR,1,Iran,IR,IR,,32.0,53.0,IR,1,Iran,IR,IR,,32.0,53.0,IR,20181014041500,Engage in material cooperation,Material cooperation
794412980,20181014,201810,CHNGOV,PATRICK HO,CHN,,,,,GOV,,,USA,UNITED STATES,USA,,,,,,,,1,130,130,13,3,-4.4,8,1,8,-3.55912743972445,1,South Sudan,OD,OD,,8.0,30.0,OD,1,South Sudan,OD,OD,,8.0,30.0,OD,1,South Sudan,OD,OD,,8.0,30.0,OD,20181014051500,Threaten,Verbal conflict
794416484,20181014,201810,USA,NEW YORK,USA,,,,,,,,CHN,CHINA,CHN,,,,,,,,1,120,120,12,3,-4.0,14,1,14,-8.13186813186813,4,"London, London, City of, United Kingdom",UK,UKH9,40110,51.5,-0.116667,-2601889,4,"London, London, City of, United Kingdom",UK,UKH9,40110,51.5,-0.116667,-2601889,4,"London, London, City of, United Kingdom",UK,UKH9,40110,51.5,-0.116667,-2601889,20181014054500,Reject,Verbal conflict
794417295,20181014,201810,CHN,CHINESE,CHN,,,,,,,,USA,AMERICAN,USA,,,,,,,,1,090,090,09,2,-2.0,6,1,6,-1.33333333333333,3,"Tulsa, Oklahoma, United States",US,USOK,OK143,36.154,-95.9928,1100962,3,"Tulsa, Oklahoma, United States",US,USOK,OK143,36.154,-95.9928,1100962,3,"Tulsa, Oklahoma, United States",US,USOK,OK143,36.154,-95.9928,1100962,20181014060000,Investigate,Material cooperation
794426365,20181014,201810,CHN,CHINESE,CHN,,,,,,,,USA,NEW YORK CITY,USA,,,,,,,,1,036,036,03,1,4.0,7,1,7,2.08695652173913,1,China,CH,CH,,35.0,105.0,CH,1,China,CH,CH,,35.0,105.0,CH,1,China,CH,CH,,35.0,105.0,CH,20181014073000,Express intent to cooperate,Verbal cooperation
794436753,20181014,201810,CHN,NANJING,CHN,,,,,,,,USA,UNITED STATES,USA,,,,,,,,1,120,120,12,3,-4.0,6,1,6,-10.9848484848485,4,"Nanjing, Jiangsu, China",CH,CH04,13144,32.0617,118.778,-1919548,1,United States,US,US,,39.828175,-98.5795,US,1,United States,US,US,,39.828175,-98.5795,US,20181014090000,Reject,Verbal conflict
794438591,20181014,201810,CHN,CHINA,CHN,,,,,,,,USA,THE US,USA,,,,,,,,1,120,120,12,3,-4.0,8,2,8,-4.49808144125407,1,China,CH,CH,,35.0,105.0,CH,1,China,CH,CH,,35.0,105.0,CH,1,China,CH,CH,,35.0,105.0,CH,20181014091500,Reject,Verbal conflict
794442050,20181014,201810,CHN,CHINA,CHN,,,,,,,,USA,UNITED STATES,USA,,,,,,,,1,180,180,18,4,-9.0,8,1,8,-0.83832335329342,4,"Malyutka, Sakha (Yakutiya), Russia",RS,RS63,25092,63.9667,143.4,-2952838,4,"Malyutka, Sakha (Yakutiya), Russia",RS,RS63,25092,63.9667,143.4,-2952838,4,"Malyutka, Sakha (Yakutiya), Russia",RS,RS63,25092,63.9667,143.4,-2952838,20181014094500,Assault,Material conflict
794447152,20181014,201810,CHN,CHINA,CHN,,,,,,,,USA,THE US,USA,,,,,,,,1,070,070,07,2,7.0,16,1,8,0.466200466200468,1,China,CH,CH,,35.0,105.0,CH,1,China,CH,CH,,35.0,105.0,CH,1,China,CH,CH,,35.0,105.0,CH,20181014103000,Provide aid,Material cooperation
794450338,20181014,201810,CHN,CHINA,CHN,,,,,,,,MNCUSAMED,GOOGLE,USA,,,,,MNC,MED,,1,023,023,02,1,3.4,10,1,10,-4.32822362488729,4,"Beijing, Beijing, China",CH,CH22,13001,39.9289,116.388,-1898541,4,"Beijing, Beijing, China",CH,CH22,13001,39.9289,116.388,-1898541,4,"Beijing, Beijing, China",CH,CH22,13001,39.9289,116.388,-1898541,20181014110000,Appeal,Verbal cooperation
794453736,20181014,201810,CHN,CANTON,CHN,,,,,,,,USA,LAWRENCE,USA,,,,,,,,1,090,090,09,2,-2.0,10,1,10,-11.033681765389,1,China,CH,CH,,35.0,105.0,CH,1,China,CH,CH,,35.0,105.0,CH,1,China,CH,CH,,35.0,105.0,CH,20181014113000,Investigate,Material cooperation
794453737,20181014,201810,CHN,CANTON,CHN,,,,,,,,USA,LAWRENCE,USA,,,,,,,,1,173,173,17,4,-5.0,10,1,10,-11.033681765389,1,China,CH,CH,,35.0,105.0,CH,1,China,CH,CH,,35.0,105.0,CH,1,China,CH,CH,,35.0,105.0,CH,20181014113000,Coerce,Material conflict
794454466,20181014,201810,USA,LAWRENCE,USA,,,,,,,,CHN,CANTON,CHN,,,,,,,,1,173,173,17,4,-5.0,10,1,10,-11.033681765389,1,China,CH,CH,,35.0,105.0,CH,1,China,CH,CH,,35.0,105.0,CH,1,China,CH,CH,,35.0,105.0,CH,20181014113000,Coerce,Material conflict
794459311,20181014,201810,CHN,CHINA,CHN,,,,,,,,USA,AMERICAN,USA,,,,,,,,1,043,043,04,1,2.8,168,82,168,-2.68260215047474,4,"Beijing, Beijing, China",CH,CH22,13001,39.9289,116.388,-1898541,3,"Washington, District of Columbia, United States",US,USDC,DC001,38.8951,-77.0364,531871,1,Hong Kong,HK,HK,,22.25,114.166667,HK,20181014121500,Consult,Verbal cooperation
794459314,20181014,201810,CHN,CHINA,CHN,,,,,,,,USA,AMERICAN,USA,,,,,,,,1,120,120,12,3,-4.0,168,82,168,-2.68260215047474,4,"Beijing, Beijing, China",CH,CH22,13001,39.9289,116.388,-1898541,3,"Washington, District of Columbia, United States",US,USDC,DC001,38.8951,-77.0364,531871,4,"Beijing, Beijing, China",CH,CH22,13001,39.9289,116.388,-1898541,20181014121500,Reject,Verbal conflict
794459318,20181014,201810,CHN,CHINA,CHN,,,,,,,,USAMIL,AMERICAN,USA,,,,,MIL,,,1,043,043,04,1,2.8,498,82,498,-2.69359842331871,4,"Beijing, Beijing, China",CH,CH22,13001,39.9289,116.388,-1898541,3,"Washington, District of Columbia, United States",US,USDC,DC001,38.8951,-77.0364,531871,1,Hong Kong,HK,HK,,22.25,114.166667,HK,20181014121500,Consult,Verbal cooperation
794459319,20181014,201810,CHN,CHINA,CHN,,,,,,,,USAMIL,AMERICAN,USA,,,,,MIL,,,1,120,120,12,3,-4.0,498,82,498,-2.69359842331871,4,"Beijing, Beijing, China",CH,CH22,13001,39.9289,116.388,-1898541,3,"Washington, District of Columbia, United States",US,USDC,DC001,38.8951,-77.0364,531871,4,"Beijing, Beijing, China",CH,CH22,13001,39.9289,116.388,-1898541,20181014121500,Reject,Verbal conflict
794460224,20181014,201810,USA,AMERICAN,USA,,,,,,,,CHN,CHINA,CHN,,,,,,,,1,042,042,04,1,1.9,168,82,168,-2.68260215047474,3,"Washington, District of Columbia, United States",US,USDC,DC001,38.8951,-77.0364,531871,4,"Beijing, Beijing, China",CH,CH22,13001,39.9289,116.388,-1898541,1,Hong Kong,HK,HK,,22.25,114.166667,HK,20181014121500,Consult,Verbal cooperation
794460355,20181014,201810,USAMIL,AMERICAN,USA,,,,,MIL,,,CHN,CHINA,CHN,,,,,,,,1,042,042,04,1,1.9,498,82,498,-2.69359842331871,3,"Washington, District of Columbia, United States",US,USDC,DC001,38.8951,-77.0364,531871,4,"Beijing, Beijing, China",CH,CH22,13001,39.9289,116.388,-1898541,1,Hong Kong,HK,HK,,22.25,114.166667,HK,20181014121500,Consult,Verbal cooperation
794466085,20181014,201810,MNCUSAMED,GOOGLE,USA,,,,,MNC,MED,,CHN,CHINA,CHN,,,,,,,,1,035,035,03,1,7.0,10,1,10,-4.46351931330472,4,"Shanghai, Shanghai, China",CH,CH23,13243,31.2222,121.458,-1924465,4,"Shanghai, Shanghai, China",CH,CH23,13243,31.2222,121.458,-1924465,4,"Shanghai, Shanghai, China",CH,CH23,13243,31.2222,121.458,-1924465,20181014130000,Express intent to cooperate,Verbal cooperation
794467437,20181014,201810,CHNGOV,CHINESE,CHN,,,,,GOV,,,USA,UNITED STATES,USA,,,,,,,,1,042,042,04,1,1.9,6,1,6,-6.0,1,China,CH,CH,,35.0,105.0,CH,1,United States,US,US,,39.828175,-98.5795,US,1,China,CH,CH,,35.0,105.0,CH,20181014131500,Consult,Verbal cooperation
794468027,20181014,201810,USA,UNITED STATES,USA,,,,,,,,CHNGOV,CHINESE,CHN,,,,,GOV,,,1,043,043,04,1,2.8,6,1,6,-6.0,1,United States,US,US,,39.828175,-98.5795,US,1,China,CH,CH,,35.0,105.0,CH,1,China,CH,CH,,35.0,105.0,CH,20181014131500,Consult,Verbal cooperation
794470981,20181014,201810,CHN,CHINA,CHN,,,,,,,,USA,UNITED STATES,USA,,,,,,,,1,057,057,05,1,8.0,6,1,6,-1.85897435897436,1,China,CH,CH,,35.0,105.0,CH,3,"Washington, District of Columbia, United States",US,USDC,DC001,38.8951,-77.0364,531871,3,"Washington, District of Columbia, United States",US,USDC,DC001,38.8951,-77.0364,531871,20181014134500,Engage in diplomatic cooperation,Verbal cooperation
794471892,20181014,201810,USA,UNITED STATES,USA,,,,,,,,CHN,CHINA,CHN,,,,,,,,1,057,057,05,1,8.0,6,1,6,-1.85897435897436,1,China,CH,CH,,35.0,105.0,CH,1,China,CH,CH,,35.0,105.0,CH,1,China,CH,CH,,35.0,105.0,CH,20181014134500,Engage in diplomatic cooperation,Verbal cooperation
794475116,20181014,201810,CHN,CHINA,CHN,,,,,,,,USA,UNITED STATES,USA,,,,,,,,1,020,020,02,1,3.0,10,1,10,0.11600928074246,4,"Chengdu, Sichuan, China",CH,CH32,13270,30.6667,104.067,-1900349,4,"Sichuan, Gansu, China",CH,CH15,13024,35.1221,105.48,10650455,4,"Chengdu, Sichuan, China",CH,CH32,13270,30.6667,104.067,-1900349,20181014141500,Appeal,Verbal cooperation
794478715,20181014,201810,CHN,CHINA,CHN,,,,,,,,USA,THE US,USA,,,,,,,,1,012,012,01,1,-0.4,10,1,10,1.14192495921697,4,"Lianyungang, Jiangsu, China",CH,CH04,13150,34.7319,119.442,-1914881,4,"Lianyungang, Jiangsu, China",CH,CH04,13150,34.7319,119.442,-1914881,4,"Lianyungang, Jiangsu, China",CH,CH04,13150,34.7319,119.442,-1914881,20181014144500,Make public statement,Verbal cooperation
794487704,20181014,201810,CHN,CHINESE,CHN,,,,,,,,USA,UNITED STATES,USA,,,,,,,,1,010,010,01,1,0.0,10,1,10,-3.7037037037037,4,"Beijing, Beijing, China",CH,CH22,13001,39.9289,116.388,-1898541,4,"Beijing, Beijing, China",CH,CH22,13001,39.9289,116.388,-1898541,4,"Beijing, Beijing, China",CH,CH22,13001,39.9289,116.388,-1898541,20181014160000,Make public statement,Verbal cooperation
794487711,20181014,201810,CHN,CHINA,CHN,,,,,,,,USA,THE US,USA,,,,,,,,1,061,061,06,2,6.4,10,1,10,-2.8391167192429,1,China,CH,CH,,35.0,105.0,CH,1,China,CH,CH,,35.0,105.0,CH,1,China,CH,CH,,35.0,105.0,CH,20181014160000,Engage in material cooperation,Material cooperation
794487714,20181014,201810,CHNGOV,CHINESE,CHN,,,,,GOV,,,USA,UNITED STATES,USA,,,,,,,,1,042,042,04,1,1.9,6,1,6,-6.65584415584415,1,China,CH,CH,,35.0,105.0,CH,1,China,CH,CH,,35.0,105.0,CH,1,China,CH,CH,,35.0,105.0,CH,20181014160000,Consult,Verbal cooperation
794488638,20181014,201810,USA,UNITED STATES,USA,,,,,,,,CHNGOV,CHINESE,CHN,,,,,GOV,,,1,043,043,04,1,2.8,6,1,6,-6.65584415584415,3,"Washington, District of Columbia, United States",US,USDC,DC001,38.8951,-77.0364,531871,1,China,CH,CH,,35.0,105.0,CH,1,China,CH,CH,,35.0,105.0,CH,20181014160000,Consult,Verbal cooperation
794493479,20181014,201810,CHNGOV,CHINA,CHN,,,,,GOV,,,USA,THE US,USA,,,,,,,,1,012,012,01,1,-0.4,14,2,14,-2.80516667335232,4,"Beijing, Beijing, China",CH,CH22,13001,39.9289,116.388,-1898541,4,"Beijing, Beijing, China",CH,CH22,13001,39.9289,116.388,-1898541,4,"Beijing, Beijing, China",CH,CH22,13001,39.9289,116.388,-1898541,20181014164500,Make public statement,Verbal cooperation
794497190,20181014,201810,CHN,CHINA,CHN,,,,,,,,USA,WASHINGTON,USA,,,,,,,,1,120,120,12,3,-4.0,7,1,7,-1.98135198135198,4,"Shanghai, Shanghai, China",CH,CH23,13243,31.2222,121.458,-1924465,3,"Washington, District of Columbia, United States",US,USDC,DC001,38.8951,-77.0364,531871,4,"Shanghai, Shanghai, China",CH,CH23,13243,31.2222,121.458,-1924465,20181014171500,Reject,Verbal conflict
794498911,20181014,201810,CHNGOV,CHINA,CHN,,,,,GOV,,,USA,THE US,USA,,,,,,,,1,012,012,01,1,-0.4,7,1,7,-2.87474332648871,4,"Buenos Aires, Distrito Federal, Argentina",AR,AR07,22379,-34.5875,-58.6725,-979186,4,"Buenos Aires, Distrito Federal, Argentina",AR,AR07,22379,-34.5875,-58.6725,-979186,4,"Buenos Aires, Distrito Federal, Argentina",AR,AR07,22379,-34.5875,-58.6725,-979186,20181014173000,Make public statement,Verbal cooperation
794500565,20181014,201810,CHN,CHINESE,CHN,,,,,,,,USA,UNITED STATES,USA,,,,,,,,1,018,018,01,1,3.4,8,1,8,-4.27807486631016,4,"Shanghai, Shanghai, China",CH,CH23,13243,31.2222,121.458,-1924465,3,"Washington, District of Columbia, United States",US,USDC,DC001,38.8951,-77.0364,531871,4,"Shanghai, Shanghai, China",CH,CH23,13243,31.2222,121.458,-1924465,20181014174500,Make public statement,Verbal cooperation
794501263,20181014,201810,USA,WASHINGTON,USA,,,,,,,,CHN,CHINA,CHN,,,,,,,,1,061,061,06,2,6.4,8,2,8,-2.68533543049984,3,"Washington, District of Columbia, United States",US,USDC,DC001,38.8951,-77.0364,531871,4,"Beijing, Beijing, China",CH,CH22,13001,39.9289,116.388,-1898541,4,"Beijing, Beijing, China",CH,CH22,13001,39.9289,116.388,-1898541,20181014174500,Engage in material cooperation,Material cooperation
794509048,20181014,201810,CHN,CHINA,CHN,,,,,,,,MNCUSAMED,GOOGLE,USA,,,,,MNC,MED,,1,090,090,09,2,-2.0,10,1,10,-3.35195530726257,4,"Shanghai, Shanghai, China",CH,CH23,13243,31.2222,121.458,-1924465,4,"Shanghai, Shanghai, China",CH,CH23,13243,31.2222,121.458,-1924465,4,"Shanghai, Shanghai, China",CH,CH23,13243,31.2222,121.458,-1924465,20181014190000,Investigate,Material cooperation
794509052,20181014,201810,CHN,SHANGHAI,CHN,,,,,,,,USAMED,REUTERS,USA,,,,,MED,,,1,051,051,05,1,3.4,6,1,6,3.06122448979592,4,"Beijing, Beijing, China",CH,CH22,13001,39.9289,116.388,-1898541,4,"Beijing, Beijing, China",CH,CH22,13001,39.9289,116.388,-1898541,4,"Beijing, Beijing, China",CH,CH22,13001,39.9289,116.388,-1898541,20181014190000,Engage in diplomatic cooperation,Verbal cooperation
794509430,20181014,201810,MNCUSAMED,GOOGLE,USA,,,,,MNC,MED,,CHN,CHINA,CHN,,,,,,,,1,0874,087,08,2,10.0,10,1,10,-3.35195530726257,4,"Shanghai, Shanghai, China",CH,CH23,13243,31.2222,121.458,-1924465,4,"Shanghai, Shanghai, China",CH,CH23,13243,31.2222,121.458,-1924465,4,"Shanghai, Shanghai, China",CH,CH23,13243,31.2222,121.458,-1924465,20181014190000,Yield,Material cooperation
794518810,20181014,201810,CHN,CHINA,CHN,,,,,,,,USA,UNITED STATES,USA,,,,,,,,1,050,050,05,1,3.5,8,1,8,-2.58706467661691,4,"Beijing, Beijing, China",CH,CH22,13001,39.9289,116.388,-1898541,3,"Washington, District of Columbia, United States",US,USDC,DC001,38.8951,-77.0364,531871,4,"Beijing, Beijing, China",CH,CH22,13001,39.9289,116.388,-1898541,20181014203000,Engage in diplomatic cooperation,Verbal cooperation
794518812,20181014,201810,CHN,CHINA,CHN,,,,,,,,USA,UNITED STATES,USA,,,,,,,,1,160,160,16,4,-4.0,8,1,8,-2.58706467661691,3,"Washington, District of Columbia, United States",US,USDC,DC001,38.8951,-77.0364,531871,3,"Washington, District of Columbia, United States",US,USDC,DC001,38.8951,-77.0364,531871,3,"Washington, District of Columbia, United States",US,USDC,DC001,38.8951,-77.0364,531871,20181014203000,Reduce relations,Material conflict
794524992,20181014,201810,CHN,CHINA,CHN,,,,,,,,USA,UNITED STATES,USA,,,,,,,,1,040,040,04,1,1.0,8,1,8,1.23915737298637,1,China,CH,CH,,35.0,105.0,CH,1,United States,US,US,,39.828175,-98.5795,US,1,China,CH,CH,,35.0,105.0,CH,20181014213000,Consult,Verbal cooperation
794525001,20181014,201810,CHN,CHINA,CHN,,,,,,,,USABUS,UTAH,USA,,,,,BUS,,,1,042,042,04,1,1.9,8,1,8,-0.32679738562091,1,China,CH,CH,,35.0,105.0,CH,3,"Utah County, Utah, United States",US,USUT,,40.1244,-111.626,1448038,1,China,CH,CH,,35.0,105.0,CH,20181014213000,Consult,Verbal cooperation
794525841,20181014,201810,USA,UNITED STATES,USA,,,,,,,,CHN,CHINA,CHN,,,,,,,,1,030,030,03,1,4.0,10,1,10,1.23915737298637,1,United States,US,US,,39.828175,-98.5795,US,1,China,CH,CH,,35.0,105.0,CH,1,China,CH,CH,,35.0,105.0,CH,20181014213000,Express intent to cooperate,Verbal cooperation
794525842,20181014,201810,USA,UNITED STATES,USA,,,,,,,,CHN,CHINA,CHN,,,,,,,,1,040,040,04,1,1.0,10,1,10,1.23915737298637,4,"Vimy Ridge, Ontario, Canada",CA,CA08,12645,48.4833,-80.3833,-575393,4,"Vimy Ridge, Ontario, Canada",CA,CA08,12645,48.4833,-80.3833,-575393,4,"Vimy Ridge, Ontario, Canada",CA,CA08,12645,48.4833,-80.3833,-575393,20181014213000,Consult,Verbal cooperation
794525915,20181014,201810,USABUS,UTAH,USA,,,,,BUS,,,CHN,CHINA,CHN,,,,,,,,1,043,043,04,1,2.8,8,1,8,-0.32679738562091,3,"Utah County, Utah, United States",US,USUT,UT049,40.1244,-111.626,1448038,1,China,CH,CH,,35.0,105.0,CH,1,China,CH,CH,,35.0,105.0,CH,20181014213000,Consult,Verbal cooperation
794528338,20181014,201810,CHN,CHINA,CHN,,,,,,,,USA,UNITED STATES,USA,,,,,,,,1,061,061,06,2,6.4,18,1,10,0.0836120401337799,4,"Beijing, Beijing, China",CH,CH22,13001,39.9289,116.388,-1898541,1,United States,US,US,,39.828175,-98.5795,US,4,"Beijing, Beijing, China",CH,CH22,13001,39.9289,116.388,-1898541,20181014220000,Engage in material cooperation,Material cooperation
794532743,20181014,201810,CHN,CHINA,CHN,,,,,,,,USA,UNITED STATES,USA,,,,,,,,1,040,040,04,1,1.0,10,1,10,1.63265306122449,1,China,CH,CH,,35.0,105.0,CH,1,United States,US,US,,39.828175,-98.5795,US,1,Dominican Republic,DR,DR,,19.0,-70.666667,DR,20181014224500,Consult,Verbal cooperation
794533461,20181014,201810,USA,UNITED STATES,USA,,,,,,,,CHN,CHINA,CHN,,,,,,,,1,040,040,04,1,1.0,10,1,10,1.63265306122449,1,United States,US,US,,39.828175,-98.5795,US,1,China,CH,CH,,35.0,105.0,CH,1,Dominican Republic,DR,DR,,19.0,-70.666667,DR,20181014224500,Consult,Verbal cooperation
794547734,20181015,201810,USA,UNITED STATES,USA,,,,,,,,CHN,CHINA,CHN,,,,,,,,1,020,020,02,1,3.0,6,1,6,2.78422273781903,3,"Bridgepoint, California, United States",US,USCA,CA017,38.7049,-121.104,1733884,3,"Bridgepoint, California, United States",US,USCA,CA017,38.7049,-121.104,1733884,3,"Bridgepoint, California, United States",US,USCA,CA017,38.7049,-121.104,1733884,20181015003000,Appeal,Verbal cooperation
794548677,20180915,201809,USA,UNITED STATES,USA,,,,,,,,CHN,CHINA,CHN,,,,,,,,1,163,163,16,4,-8.0,8,1,8,-2.15557638238051,1,United States,US,US,,39.828175,-98.5795,US,4,"Beijing, Beijing, China",CH,CH22,13001,39.9289,116.388,-1898541,1,United States,US,US,,39.828175,-98.5795,US,20181015004500,Reduce relations,Material conflict
794549110,20181015,201810,CHN,CHINA,CHN,,,,,,,,USA,UNITED STATES,USA,,,,,,,,1,112,112,11,3,-2.0,8,1,8,-6.90846286701209,4,"Beijing, Beijing, China",CH,CH22,13001,39.9289,116.388,-1898541,3,"Washington, District of Columbia, United States",US,USDC,DC001,38.8951,-77.0364,531871,4,"Beijing, Beijing, China",CH,CH22,13001,39.9289,116.388,-1898541,20181015004500,Disapprove,Verbal conflict
794554369,20181015,201810,CHN,CHINA,CHN,,,,,,,,USA,UNITED STATES,USA,,,,,,,,1,027,027,02,1,4.0,6,1,6,-5.7356608478803,1,China,CH,CH,,35.0,105.0,CH,2,"Texas, United States",US,USTX,,31.106,-97.6475,TX,2,"Texas, United States",US,USTX,,31.106,-97.6475,TX,20181015011500,Appeal,Verbal cooperation
794554371,20181015,201810,CHN,CHINA,CHN,,,,,,,,USA,UNITED STATES,USA,,,,,,,,1,036,036,03,1,4.0,6,1,6,-5.7356608478803,1,China,CH,CH,,35.0,105.0,CH,2,"Texas, United States",US,USTX,,31.106,-97.6475,TX,1,China,CH,CH,,35.0,105.0,CH,20181015011500,Express intent to cooperate,Verbal cooperation
794555395,20181015,201810,USA,UNITED STATES,USA,,,,,,,,CHN,CHINA,CHN,,,,,,,,1,036,036,03,1,4.0,6,1,6,-5.7356608478803,2,"Texas, United States",US,USTX,,31.106,-97.6475,TX,1,China,CH,CH,,35.0,105.0,CH,1,China,CH,CH,,35.0,105.0,CH,20181015011500,Express intent to cooperate,Verbal cooperation
794556853,20181015,201810,CHN,CHINA,CHN,,,,,,,,USA,RICHMOND,USA,,,,,,,,1,051,051,05,1,3.4,6,1,6,1.21951219512195,1,Canada,CA,CA,,60.0,-96.0,CA,1,Canada,CA,CA,,60.0,-96.0,CA,1,Canada,CA,CA,,60.0,-96.0,CA,20181015013000,Engage in diplomatic cooperation,Verbal cooperation
794561257,20181015,201810,CHN,BEIJING,CHN,,,,,,,,USA,WASHINGTON,USA,,,,,,,,1,110,110,11,3,-2.0,10,2,10,-5.07676172624626,4,"Beijing, Beijing, China",CH,CH22,13001,39.9289,116.388,-1898541,3,"Washington, District of Columbia, United States",US,USDC,DC001,38.8951,-77.0364,531871,4,"Beijing, Beijing, China",CH,CH22,13001,39.9289,116.388,-1898541,20181015020000,Disapprove,Verbal conflict
794562175,20181015,201810,USA,WASHINGTON,USA,,,,,,,,CHN,BEIJING,CHN,,,,,,,,1,110,110,11,3,-2.0,10,2,10,-5.07676172624626,3,"Washington, District of Columbia, United States",US,USDC,DC001,38.8951,-77.0364,531871,4,"Beijing, Beijing, China",CH,CH22,13001,39.9289,116.388,-1898541,4,"Beijing, Beijing, China",CH,CH22,13001,39.9289,116.388,-1898541,20181015020000,Disapprove,Verbal conflict
794563183,20181015,201810,CHN,CHINA,CHN,,,,,,,,USA,UNITED STATES,USA,,,,,,,,1,020,020,02,1,3.0,6,1,6,-3.33024976873265,4,"Beijing, Beijing, China",CH,CH22,13001,39.9289,116.388,-1898541,4,"Beijing, Beijing, China",CH,CH22,13001,39.9289,116.388,-1898541,4,"Beijing, Beijing, China",CH,CH22,13001,39.9289,116.388,-1898541,20181015021500,Appeal,Verbal cooperation
794563184,20181015,201810,CHN,CHINA,CHN,,,,,,,,USA,UNITED STATES,USA,,,,,,,,1,172,172,17,4,-5.0,6,1,6,-3.33024976873265,4,"Beijing, Beijing, China",CH,CH22,13001,39.9289,116.388,-1898541,1,United States,US,US,,39.828175,-98.5795,US,4,"University Of Hong Kong, Hong Kong (general), Hong Kong",HK,HK00,13031,22.2833,114.133,-1353150,20181015021500,Coerce,Material conflict
794565559,20181015,201810,CHN,BEIJING,CHN,,,,,,,,USA,UNITED STATES,USA,,,,,,,,1,061,061,06,2,6.4,10,1,10,-8.0,4,"Beijing, Beijing, China",CH,CH22,13001,39.9289,116.388,-1898541,4,"Beijing, Beijing, China",CH,CH22,13001,39.9289,116.388,-1898541,4,"Beijing, Beijing, China",CH,CH22,13001,39.9289,116.388,-1898541,20181015023000,Engage in material cooperation,Material cooperation
794565560,20181015,201810,CHN,CHINA,CHN,,,,,,,,USA,UNITED STATES,USA,,,,,,,,1,061,061,06,2,6.4,16,1,16,-9.52380952380952,1,China,CH,CH,,35.0,105.0,CH,1,United States,US,US,,39.828175,-98.5795,US,1,United States,US,US,,39.828175,-98.5795,US,20181015023000,Engage in material cooperation,Material cooperation
794565563,20181015,201810,CHN,CHINA,CHN,,,,,,,,USA,UNITED STATES,USA,,,,,,,,1,061,061,06,2,6.4,8,1,8,-4.64700625558535,1,United States,US,US,,39.828175,-98.5795,US,1,United States,US,US,,39.828175,-98.5795,US,1,United States,US,US,,39.828175,-98.5795,US,20181015023000,Engage in material cooperation,Material cooperation
794567722,20180915,201809,USA,UNITED STATES,USA,,,,,,,,CHN,CHINA,CHN,,,,,,,,1,138,138,13,3,-7.0,10,5,10,-4.64918170524154,4,"Moscow, Moskva, Russia",RS,RS48,25106,55.7522,37.6156,-2960561,1,China,CH,CH,,35.0,105.0,CH,4,"Moscow, Moskva, Russia",RS,RS48,25106,55.7522,37.6156,-2960561,20181015024500,Threaten,Verbal conflict
794567723,20180915,201809,USA,UNITED STATES,USA,,,,,,,,CHN,CHINA,CHN,,,,,,,,1,138,138,13,3,-7.0,10,5,10,-4.64918170524154,3,"White House, District of Columbia, United States",US,USDC,,38.8951,-77.0364,531871,1,China,CH,CH,,35.0,105.0,CH,4,"Moscow, Moskva, Russia",RS,RS48,25106,55.7522,37.6156,-2960561,20181015024500,Threaten,Verbal conflict
794567724,20180915,201809,USA,UNITED STATES,USA,,,,,,,,CHN,CHINA,CHN,,,,,,,,1,138,138,13,3,-7.0,30,5,30,-4.64918170524154,2,"Mississippi, United States",US,USMS,,32.7673,-89.6812,MS,2,"Mississippi, United States",US,USMS,,32.7673,-89.6812,MS,2,"Mississippi, United States",US,USMS,,32.7673,-89.6812,MS,20181015024500,Threaten,Verbal conflict
794569746,20181015,201810,CHN,CHINA,CHN,,,,,,,,USA,UNITED STATES,USA,,,,,,,,1,061,061,06,2,6.4,10,1,10,-9.58904109589039,1,Japan,JA,JA,,36.0,138.0,JA,1,Japan,JA,JA,,36.0,138.0,JA,1,Japan,JA,JA,,36.0,138.0,JA,20181015030000,Engage in material cooperation,Material cooperation
794571468,20181015,201810,CHNGOV,CHINA,CHN,,,,,GOV,,,USA,THE US,USA,,,,,,,,1,012,012,01,1,-0.4,7,1,7,-2.61437908496732,4,"Beijing, Beijing, China",CH,CH22,13001,39.9289,116.388,-1898541,4,"Beijing, Beijing, China",CH,CH22,13001,39.9289,116.388,-1898541,4,"Beijing, Beijing, China",CH,CH22,13001,39.9289,116.388,-1898541,20181015031500,Make public statement,Verbal cooperation
794578888,20181015,201810,CHN,CHINA,CHN,,,,,,,,USA,UNITED STATES,USA,,,,,,,,1,036,036,03,1,4.0,10,1,10,-4.93562231759656,2,"Texas, United States",US,USTX,,31.106,-97.6475,TX,2,"Texas, United States",US,USTX,,31.106,-97.6475,TX,2,"Texas, United States",US,USTX,,31.106,-97.6475,TX,20181015041500,Express intent to cooperate,Verbal cooperation
794582669,20181015,201810,CHN,CHINA,CHN,,,,,,,,USAMED,UNITED STATES,USA,,,,,MED,,,1,010,010,01,1,0.0,9,9,9,-1.81464351606136,1,China,CH,CH,,35.0,105.0,CH,4,"Paris, France (general), France",FR,FR00,16282,48.8667,2.33333,-1456928,1,China,CH,CH,,35.0,105.0,CH,20181015044500,Make public statement,Verbal cooperation
794586231,20181008,201810,USA,UNITED STATES,USA,,,,,,,,CHN,CHINA,CHN,,,,,,,,1,051,051,05,1,3.4,24,3,24,0.0,4,"Canberra, Australian Capital Territory, Australia",AS,AS01,4940,-35.2833,149.217,-1563952,4,"Canberra, Australian Capital Territory, Australia",AS,AS01,4940,-35.2833,149.217,-1563952,4,"Canberra, Australian Capital Territory, Australia",AS,AS01,4940,-35.2833,149.217,-1563952,20181015051500,Engage in diplomatic cooperation,Verbal cooperation
794587772,20181015,201810,USALEG,UNITED STATES,USA,,,,,LEG,,,CHN,CHINA,CHN,,,,,,,,1,111,111,11,3,-2.0,8,1,8,-2.31884057971014,2,"Virginia, United States",US,USVA,,37.768,-78.2057,VA,1,China,CH,CH,,35.0,105.0,CH,1,China,CH,CH,,35.0,105.0,CH,20181015051500,Disapprove,Verbal conflict
794588727,20181015,201810,CHN,CHINA,CHN,,,,,,,,USA,THE US,USA,,,,,,,,1,057,057,05,1,8.0,18,2,18,1.16822429906542,1,China,CH,CH,,35.0,105.0,CH,1,China,CH,CH,,35.0,105.0,CH,4,"Kuala Lumpur, Kuala Lumpur, Malaysia",MY,MY14,18585,3.16667,101.7,-2403010,20181015053000,Engage in diplomatic cooperation,Verbal cooperation
794589608,20181015,201810,USA,THE US,USA,,,,,,,,CHN,CHINA,CHN,,,,,,,,1,057,057,05,1,8.0,20,2,20,1.16822429906542,1,China,CH,CH,,35.0,105.0,CH,1,China,CH,CH,,35.0,105.0,CH,1,China,CH,CH,,35.0,105.0,CH,20181015053000,Engage in diplomatic cooperation,Verbal cooperation
794590503,20181008,201810,USA,UNITED STATES,USA,,,,,,,,CHN,CHINA,CHN,,,,,,,,1,051,051,05,1,3.4,8,1,8,0.0,1,Australia,AS,AS,,-25.0,135.0,AS,1,Australia,AS,AS,,-25.0,135.0,AS,1,Australia,AS,AS,,-25.0,135.0,AS,20181015054500,Engage in diplomatic cooperation,Verbal cooperation
794593031,20181008,201810,USA,UNITED STATES,USA,,,,,,,,CHN,CHINA,CHN,,,,,,,,1,051,051,05,1,3.4,8,1,8,-2.70935960591133,4,"South China Sea, Brunei (general), Brunei",BX,BX00,,15.0,115.0,-1337919,4,"South China Sea, Brunei (general), Brunei",BX,BX00,,15.0,115.0,-1337919,4,"South China Sea, Brunei (general), Brunei",BX,BX00,,15.0,115.0,-1337919,20181015060000,Engage in diplomatic cooperation,Verbal cooperation
794593394,20181015,201810,CHNGOV,CHINA,CHN,,,,,GOV,,,USA,THE US,USA,,,,,,,,1,040,040,04,1,1.0,10,1,10,-3.65448504983388,1,Taiwan,TW,TW,,24.0,121.0,TW,1,Taiwan,TW,TW,,24.0,121.0,TW,1,Taiwan,TW,TW,,24.0,121.0,TW,20181015060000,Consult,Verbal cooperation
794594338,20181015,201810,USA,THE US,USA,,,,,,,,CHNGOV,CHINA,CHN,,,,,GOV,,,1,040,040,04,1,1.0,10,1,10,-3.65448504983388,1,China,CH,CH,,35.0,105.0,CH,1,China,CH,CH,,35.0,105.0,CH,1,China,CH,CH,,35.0,105.0,CH,20181015060000,Consult,Verbal cooperation
794595202,20181008,201810,USA,UNITED STATES,USA,,,,,,,,CHN,CHINA,CHN,,,,,,,,1,051,051,05,1,3.4,77,11,77,-2.85177009908529,4,"South China Sea, Brunei (general), Brunei",BX,BX00,,15.0,115.0,-1337919,4,"South China Sea, Brunei (general), Brunei",BX,BX00,,15.0,115.0,-1337919,1,China,CH,CH,,35.0,105.0,CH,20181015061500,Engage in diplomatic cooperation,Verbal cooperation
794596714,20181015,201810,USA,WASHINGTON,USA,,,,,,,,CHN,BEIJING,CHN,,,,,,,,1,012,012,01,1,-0.4,10,1,10,-1.25523012552301,4,"Taipei, T'ai-pei, Taiwan",TW,TW03,13277,25.0478,121.532,-2637882,4,"Taipei, T'ai-pei, Taiwan",TW,TW03,13277,25.0478,121.532,-2637882,4,"Taipei, T'ai-pei, Taiwan",TW,TW03,13277,25.0478,121.532,-2637882,20181015061500,Make public statement,Verbal cooperation
794596715,20181015,201810,USA,AMERICAN,USA,,,,,,,,CHN,CHINA,CHN,,,,,,,,1,111,111,11,3,-2.0,10,1,10,-3.89221556886228,1,Singapore,SN,SN,,1.366667,103.8,SN,1,Singapore,SN,SN,,1.366667,103.8,SN,1,Singapore,SN,SN,,1.366667,103.8,SN,20181015061500,Disapprove,Verbal conflict
794600250,20181015,201810,CHN,CANTON,CHN,,,,,,,,USA,ILLINOIS,USA,,,,,,,,1,090,090,09,2,-2.0,10,1,10,-4.296875,2,"Illinois, United States",US,USIL,,40.3363,-89.0022,IL,2,"Illinois, United States",US,USIL,,40.3363,-89.0022,IL,2,"Illinois, United States",US,USIL,,40.3363,-89.0022,IL,20181015064500,Investigate,Material cooperation
794604776,20181015,201810,CHN,CHINA,CHN,,,,,,,,USA,UNITED STATES,USA,,,,,,,,1,042,042,04,1,1.9,6,1,6,0.0,4,"Beijing, Beijing, China",CH,CH22,13001,39.9289,116.388,-1898541,4,"Shanghai, Shanghai, China",CH,CH23,13243,31.2222,121.458,-1924465,4,"Beijing, Beijing, China",CH,CH22,13001,39.9289,116.388,-1898541,20181015071500,Consult,Verbal cooperation
794604780,20181015,201810,CHN,CHINA,CHN,,,,,,,,USA,UNITED STATES,USA,,,,,,,,1,084,084,08,2,7.0,8,1,8,0.0,4,"Beijing, Beijing, China",CH,CH22,13001,39.9289,116.388,-1898541,1,United States,US,US,,39.828175,-98.5795,US,1,United States,US,US,,39.828175,-98.5795,US,20181015071500,Yield,Material cooperation
794605939,20181015,201810,USA,UNITED STATES,USA,,,,,,,,CHN,CHINA,CHN,,,,,,,,1,043,043,04,1,2.8,8,1,8,0.0,1,United States,US,US,,39.828175,-98.5795,US,4,"Beijing, Beijing, China",CH,CH22,13001,39.9289,116.388,-1898541,4,"Beijing, Beijing, China",CH,CH22,13001,39.9289,116.388,-1898541,20181015071500,Consult,Verbal cooperation
794631251,20181015,201810,CHN,BEIJING,CHN,,,,,,,,USA,UNITED STATES,USA,,,,,,,,1,061,061,06,2,6.4,8,1,8,-9.375,4,"Beijing, Beijing, China",CH,CH22,13001,39.9289,116.388,-1898541,1,United States,US,US,,39.828175,-98.5795,US,1,United States,US,US,,39.828175,-98.5795,US,20181015094500,Engage in material cooperation,Material cooperation
794634182,20181015,201810,CHN,CHINA,CHN,,,,,,,,USA,THE US,USA,,,,,,,,1,026,026,02,1,4.0,6,2,6,-0.795793439020563,1,China,CH,CH,,35.0,105.0,CH,1,China,CH,CH,,35.0,105.0,CH,1,China,CH,CH,,35.0,105.0,CH,20181015100000,Appeal,Verbal cooperation
794634183,20181015,201810,CHN,CHINA,CHN,,,,,,,,USA,AMERICAN,USA,,,,,,,,1,166,166,16,4,-7.0,7,1,7,-2.28187919463087,4,"New Delhi, Delhi, India",IN,IN07,17911,28.6,77.2,-2106102,4,"New Delhi, Delhi, India",IN,IN07,17911,28.6,77.2,-2106102,4,"New Delhi, Delhi, India",IN,IN07,17911,28.6,77.2,-2106102,20181015100000,Reduce relations,Material conflict
794644767,20181015,201810,USA,THE US,USA,,,,,,,,CHN,CHINA,CHN,,,,,,,,1,112,112,11,3,-2.0,10,1,10,-4.4153720359771,4,"New Delhi, Delhi, India",IN,IN07,17911,28.6,77.2,-2106102,4,"New Delhi, Delhi, India",IN,IN07,17911,28.6,77.2,-2106102,4,"New Delhi, Delhi, India",IN,IN07,17911,28.6,77.2,-2106102,20181015104500,Disapprove,Verbal conflict
794646778,20181015,201810,CHN,CHINESE,CHN,,,,,,,,USA,UNITED STATES,USA,,,,,,,,1,010,010,01,1,0.0,8,1,8,0.85470085470085,1,China,CH,CH,,35.0,105.0,CH,3,"White House, District of Columbia, United States",US,USDC,,38.8951,-77.0364,531871,3,"White House, District of Columbia, United States",US,USDC,,38.8951,-77.0364,531871,20181015110000,Make public statement,Verbal cooperation
794649893,20181015,201810,CHN,CANTON,CHN,,,,,,,,USA,LAWRENCE,USA,,,,,,,,1,173,173,17,4,-5.0,10,1,10,-10.7784431137724,1,China,CH,CH,,35.0,105.0,CH,1,China,CH,CH,,35.0,105.0,CH,1,China,CH,CH,,35.0,105.0,CH,20181015111500,Coerce,Material conflict
794681155,20181015,201810,USA,THE US,USA,,,,,,,,CHN,CHINA,CHN,,,,,,,,1,163,163,16,4,-8.0,8,1,8,-2.42587601078167,1,China,CH,CH,,35.0,105.0,CH,1,China,CH,CH,,35.0,105.0,CH,1,China,CH,CH,,35.0,105.0,CH,20181015133000,Reduce relations,Material conflict
794689807,20181015,201810,CHN,CHINA,CHN,,,,,,,,USA,WASHINGTON,USA,,,,,,,,1,061,061,06,2,6.4,10,1,10,-3.20404721753794,2,"Georgia, United States",US,USGA,,32.9866,-83.6487,GA,2,"Georgia, United States",US,USGA,,32.9866,-83.6487,GA,2,"Georgia, United States",US,USGA,,32.9866,-83.6487,GA,20181015141500,Engage in material cooperation,Material cooperation
794694794,20181015,201810,USA,UNITED STATES,USA,,,,,,,,CHN,CHINA,CHN,,,,,,,,1,040,040,04,1,1.0,10,1,10,-0.99206349206349,3,"Washington, District of Columbia, United States",US,USDC,DC001,38.8951,-77.0364,531871,4,"Beijing, Beijing, China",CH,CH22,13001,39.9289,116.388,-1898541,4,"Beijing, Beijing, China",CH,CH22,13001,39.9289,116.388,-1898541,20181015143000,Consult,Verbal cooperation
794697546,20181015,201810,MNCUSAMED,GOOGLE,USA,,,,,MNC,MED,,CHN,CHINESE,CHN,,,,,,,,1,030,030,03,1,4.0,10,1,10,-2.85714285714285,2,"Virginia, United States",US,USVA,,37.768,-78.2057,VA,1,China,CH,CH,,35.0,105.0,CH,1,China,CH,CH,,35.0,105.0,CH,20181015144500,Express intent to cooperate,Verbal cooperation
794697547,20181015,201810,MNCUSAMED,GOOGLE,USA,,,,,MNC,MED,,CHN,CHINESE,CHN,,,,,,,,1,1721,172,17,4,-5.0,10,1,10,-2.85714285714285,2,"Virginia, United States",US,USVA,,37.768,-78.2057,VA,1,China,CH,CH,,35.0,105.0,CH,1,China,CH,CH,,35.0,105.0,CH,20181015144500,Coerce,Material conflict
794701288,20181015,201810,USA,WASHINGTON,USA,,,,,,,,CHN,CHINA,CHN,,,,,,,,1,012,012,01,1,-0.4,7,1,7,-0.44576523031204,3,"Washington, District of Columbia, United States",US,USDC,DC001,38.8951,-77.0364,531871,1,China,CH,CH,,35.0,105.0,CH,1,China,CH,CH,,35.0,105.0,CH,20181015150000,Make public statement,Verbal cooperation
794705865,20171015,201710,USA,THE US,USA,,,,,,,,CHN,CHINESE,CHN,,,,,,,,1,071,071,07,2,7.4,8,1,8,-1.70357751277683,3,"Washington, District of Columbia, United States",US,USDC,DC001,38.8951,-77.0364,531871,4,"Beijing, Beijing, China",CH,CH22,13001,39.9289,116.388,-1898541,3,"Washington, District of Columbia, United States",US,USDC,DC001,38.8951,-77.0364,531871,20181015153000,Provide aid,Material cooperation
794705867,20171015,201710,USA,THE US,USA,,,,,,,,CHN,CHINESE,CHN,,,,,,,,1,071,071,07,2,7.4,7,1,7,-1.27970749542962,1,United States,US,US,,39.828175,-98.5795,US,4,"Beijing, Beijing, China",CH,CH22,13001,39.9289,116.388,-1898541,1,United States,US,US,,39.828175,-98.5795,US,20181015153000,Provide aid,Material cooperation
794705868,20171015,201710,USA,THE US,USA,,,,,,,,CHN,CHINESE,CHN,,,,,,,,1,110,110,11,3,-2.0,10,1,10,-1.70357751277683,3,"Washington, District of Columbia, United States",US,USDC,DC001,38.8951,-77.0364,531871,3,"Washington, District of Columbia, United States",US,USDC,DC001,38.8951,-77.0364,531871,3,"Washington, District of Columbia, United States",US,USDC,DC001,38.8951,-77.0364,531871,20181015153000,Disapprove,Verbal conflict
794705869,20171015,201710,USA,THE US,USA,,,,,,,,CHN,CHINESE,CHN,,,,,,,,1,110,110,11,3,-2.0,7,1,7,-1.27970749542962,1,Russia,RS,RS,,60.0,100.0,RS,1,Russia,RS,RS,,60.0,100.0,RS,1,Russia,RS,RS,,60.0,100.0,RS,20181015153000,Disapprove,Verbal conflict
794710177,20181015,201810,CHN,CHINA,CHN,,,,,,,,USA,UNITED STATES,USA,,,,,,,,1,061,061,06,2,6.4,10,1,10,-3.04232804232804,1,Iran,IR,IR,,32.0,53.0,IR,1,Iran,IR,IR,,32.0,53.0,IR,1,Iran,IR,IR,,32.0,53.0,IR,20181015154500,Engage in material cooperation,Material cooperation
794715836,20181015,201810,USA,OHIO,USA,,,,,,,,CHN,CHINA,CHN,,,,,,,,1,051,051,05,1,3.4,6,1,6,-2.63157894736842,2,"Ohio, United States",US,USOH,,40.3736,-82.7755,OH,1,China,CH,CH,,35.0,105.0,CH,2,"Ohio, United States",US,USOH,,40.3736,-82.7755,OH,20181015160000,Engage in diplomatic cooperation,Verbal cooperation
794737456,20181015,201810,CHN,CANTON,CHN,,,,,,,,USA,UNITED STATES,USA,,,,,,,,1,042,042,04,1,1.9,6,1,6,5.68181818181818,3,"Brooklyn, Washington, United States",US,USWA,WA049,46.7762,-123.51,1510840,3,"Brooklyn, Washington, United States",US,USWA,WA049,46.7762,-123.51,1510840,3,"Brooklyn, Washington, United States",US,USWA,WA049,46.7762,-123.51,1510840,20181015174500,Consult,Verbal cooperation
794751453,20181015,201810,USA,UNITED STATES,USA,,,,,,,,CHN,CHINA,CHN,,,,,,,,1,120,120,12,3,-4.0,10,1,10,-2.27272727272727,2,"Wisconsin, United States",US,USWI,,44.2563,-89.6385,WI,2,"Wisconsin, United States",US,USWI,,44.2563,-89.6385,WI,3,"Marquette University, Wisconsin, United States",US,USWI,,43.0375,-87.9298,1569068,20181015184500,Reject,Verbal conflict
794760112,20181015,201810,USA,LOS ANGELES,USA,,,,,,,,CHN,CHINA,CHN,,,,,,,,1,061,061,06,2,6.4,10,1,10,-0.28901734104046,3,"Las Vegas, Nevada, United States",US,USNV,NV003,36.175,-115.137,847388,3,"Las Vegas, Nevada, United States",US,USNV,,36.175,-115.137,847388,3,"Las Vegas, Nevada, United States",US,USNV,,36.175,-115.137,847388,20181015193000,Engage in material cooperation,Material cooperation
794775516,20181015,201810,CHN,CHINA,CHN,,,,,,,,USA,THE US,USA,,,,,,,,1,042,042,04,1,1.9,7,1,7,-1.85581727337616,4,"Canberra, Australian Capital Territory, Australia",AS,AS01,4940,-35.2833,149.217,-1563952,4,"Canberra, Australian Capital Territory, Australia",AS,AS01,4940,-35.2833,149.217,-1563952,4,"Canberra, Australian Capital Territory, Australia",AS,AS01,4940,-35.2833,149.217,-1563952,20181015210000,Consult,Verbal cooperation
794778824,20181015,201810,USA,NEW YORK,USA,,,,,,,,CHN,SHANGHAI,CHN,,,,,,,,1,017,017,01,1,0.0,8,1,8,9.85507246376817,2,"New York, United States",US,USNY,,42.1497,-74.9384,NY,4,"Shanghai, Shanghai, China",CH,CH23,13243,31.2222,121.458,-1924465,4,"London, London, City of, United Kingdom",UK,UKH9,40110,51.5,-0.116667,-2601889,20181015211500,Make public statement,Verbal cooperation
794780277,20181015,201810,CHN,BEIJING,CHN,,,,,,,,USAMED,WALL STREET JOURNAL,USA,,,,,MED,,,1,013,013,01,1,0.4,7,1,7,0.62893081761006,4,"Baijiu, Zhejiang, China",CH,CH02,13325,29.3925,119.631,6025787,4,"Baijiu, Zhejiang, China",CH,CH02,13325,29.3925,119.631,6025787,4,"Baijiu, Zhejiang, China",CH,CH02,13325,29.3925,119.631,6025787,20181015213000,Make public statement,Verbal cooperation
794789506,20171015,201710,USA,THE US,USA,,,,,,,,CHN,CHINESE,CHN,,,,,,,,1,110,110,11,3,-2.0,8,1,8,-0.67114093959732,4,"Beijing, Beijing, China",CH,CH22,13001,39.9289,116.388,-1898541,4,"Beijing, Beijing, China",CH,CH22,13001,39.9289,116.388,-1898541,4,"Beijing, Beijing, China",CH,CH22,13001,39.9289,116.388,-1898541,20181015223000,Disapprove,Verbal conflict
794799792,20181015,201810,CHNGOVBUS,CHINESE,CHN,,,,,GOV,BUS,,USA,WASHINGTON,USA,,,,,,,,1,040,040,04,1,1.0,6,1,6,-2.05882352941176,4,"Beijing, Beijing, China",CH,CH22,13001,39.9289,116.388,-1898541,3,"Washington, District of Columbia, United States",US,USDC,DC001,38.8951,-77.0364,531871,4,"Beijing, Beijing, China",CH,CH22,13001,39.9289,116.388,-1898541,20181015233000,Consult,Verbal cooperation
794800918,20181015,201810,USA,WASHINGTON,USA,,,,,,,,CHNGOVBUS,CHINESE,CHN,,,,,GOV,BUS,,1,040,040,04,1,1.0,6,1,6,-2.05882352941176,3,"Washington, District of Columbia, United States",US,USDC,DC001,38.8951,-77.0364,531871,4,"Beijing, Beijing, China",CH,CH22,13001,39.9289,116.388,-1898541,4,"Beijing, Beijing, China",CH,CH22,13001,39.9289,116.388,-1898541,20181015233000,Consult,Verbal cooperation
794802061,20181015,201810,CHN,CHINA,CHN,,,,,,,,USA,THE US,USA,,,,,,,,1,084,084,08,2,7.0,10,1,10,-2.78670953912112,1,India,IN,IN,,20.0,77.0,IN,1,China,CH,CH,,35.0,105.0,CH,1,China,CH,CH,,35.0,105.0,CH,20181015234500,Yield,Material cooperation
794805093,20181016,201810,CHN,CHINA,CHN,,,,,,,,USA,UNITED STATES,USA,,,,,,,,1,061,061,06,2,6.4,10,1,10,-5.0578034682081,4,"Dalian, Liaoning, China",CH,CH19,13327,38.9122,121.602,-1901835,4,"Dalian, Liaoning, China",CH,CH19,13327,38.9122,121.602,-1901835,4,"Dalian, Liaoning, China",CH,CH19,13327,38.9122,121.602,-1901835,20181016000000,Engage in material cooperation,Material cooperation
794809939,20181016,201810,CHNCVL,CHINESE,CHN,,,,,CVL,,,USA,THE US,USA,,,,,,,,1,042,042,04,1,1.9,6,1,6,0.22271714922049,4,"Havana, Ciudad de La Habana, Cuba",CU,CU02,14613,23.1319,-82.3642,-1628751,4,"Beijing, Beijing, China",CH,CH22,13001,39.9289,116.388,-1898541,4,"Havana, Ciudad de La Habana, Cuba",CU,CU02,14613,23.1319,-82.3642,-1628751,20181016001500,Consult,Verbal cooperation
794816562,20181016,201810,USA,WASHINGTON,USA,,,,,,,,CHN,CHINA,CHN,,,,,,,,1,012,012,01,1,-0.4,6,1,6,-0.46875,3,"Washington, District of Columbia, United States",US,USDC,DC001,38.8951,-77.0364,531871,1,China,CH,CH,,35.0,105.0,CH,1,China,CH,CH,,35.0,105.0,CH,20181016003000,Make public statement,Verbal cooperation
794816565,20181016,201810,USA,WASHINGTON,USA,,,,,,,,CHN,CHINA,CHN,,,,,,,,1,016,016,01,1,-2.0,8,1,8,-0.46875,3,"Washington, District of Columbia, United States",US,USDC,DC001,38.8951,-77.0364,531871,1,China,CH,CH,,35.0,105.0,CH,3,"Washington, District of Columbia, United States",US,USDC,DC001,38.8951,-77.0364,531871,20181016003000,Make public statement,Verbal cooperation
794816569,20181016,201810,USA,WASHINGTON,USA,,,,,,,,CHN,CHINA,CHN,,,,,,,,1,112,112,11,3,-2.0,8,1,8,-0.46875,3,"Washington, District of Columbia, United States",US,USDC,DC001,38.8951,-77.0364,531871,1,China,CH,CH,,35.0,105.0,CH,1,China,CH,CH,,35.0,105.0,CH,20181016003000,Disapprove,Verbal conflict
794821072,20181016,201810,USA,WASHINGTON,USA,,,,,,,,CHN,CHINA,CHN,,,,,,,,1,112,112,11,3,-2.0,8,1,8,-0.15174506828528,4,"Beijing, Beijing, China",CH,CH22,13001,39.9289,116.388,-1898541,4,"Beijing, Beijing, China",CH,CH22,13001,39.9289,116.388,-1898541,4,"Beijing, Beijing, China",CH,CH22,13001,39.9289,116.388,-1898541,20181016004500,Disapprove,Verbal conflict
794821458,20181016,201810,USAGOV,BARACK OBAMA,USA,,,,,GOV,,,CHN,CHINA,CHN,,,,,,,,1,013,013,01,1,0.4,10,1,10,-0.15174506828528,4,"Beijing, Beijing, China",CH,CH22,13001,39.9289,116.388,-1898541,4,"Beijing, Beijing, China",CH,CH22,13001,39.9289,116.388,-1898541,4,"Beijing, Beijing, China",CH,CH22,13001,39.9289,116.388,-1898541,20181016004500,Make public statement,Verbal cooperation
794822600,20181009,201810,USA,UNITED STATES,USA,,,,,,,,CHN,CHINA,CHN,,,,,,,,1,051,051,05,1,3.4,7,1,7,-2.77777777777778,4,"South China Sea, Brunei (general), Brunei",BX,BX00,,15.0,115.0,-1337919,4,"South China Sea, Brunei (general), Brunei",BX,BX00,,15.0,115.0,-1337919,1,China,CH,CH,,35.0,105.0,CH,20181016010000,Engage in diplomatic cooperation,Verbal cooperation
794833473,20171016,201710,USA,MAINE,USA,,,,,,,,CHN,CHINA,CHN,,,,,,,,1,061,061,06,2,6.4,10,1,10,-4.34782608695652,1,China,CH,CH,,35.0,105.0,CH,1,China,CH,CH,,35.0,105.0,CH,1,China,CH,CH,,35.0,105.0,CH,20181016014500,Engage in material cooperation,Material cooperation
794833970,20181016,201810,CHN,CHINA,CHN,,,,,,,,USA,AMERICAN,USA,,,,,,,,1,043,043,04,1,2.8,7,1,7,1.78173719376392,1,China,CH,CH,,35.0,105.0,CH,3,"Brooklyn, New York, United States",US,USNY,NY025,42.3442,-75.1704,944840,3,"Brooklyn, New York, United States",US,USNY,NY025,42.3442,-75.1704,944840,20181016014500,Consult,Verbal cooperation
794833977,20181016,201810,CHNGOV,CHINA,CHN,,,,,GOV,,,USA,THE US,USA,,,,,,,,1,012,012,01,1,-0.4,7,1,7,-2.08768267223382,4,"Beijing, Beijing, China",CH,CH22,13001,39.9289,116.388,-1898541,4,"Beijing, Beijing, China",CH,CH22,13001,39.9289,116.388,-1898541,4,"Beijing, Beijing, China",CH,CH22,13001,39.9289,116.388,-1898541,20181016014500,Make public statement,Verbal cooperation
794835184,20181016,201810,USA,AMERICAN,USA,,,,,,,,CHN,CHINA,CHN,,,,,,,,1,042,042,04,1,1.9,7,1,7,1.78173719376392,3,"Brooklyn, New York, United States",US,USNY,NY025,42.3442,-75.1704,944840,1,China,CH,CH,,35.0,105.0,CH,3,"Brooklyn, New York, United States",US,USNY,NY025,42.3442,-75.1704,944840,20181016014500,Consult,Verbal cooperation
794839404,20181016,201810,CHN,CHINESE,CHN,,,,,,,,USA,UNITED STATES,USA,,,,,,,,1,012,012,01,1,-0.4,8,1,8,-0.46728971962616,1,China,CH,CH,,35.0,105.0,CH,2,"California, United States",US,USCA,,36.17,-119.746,CA,1,China,CH,CH,,35.0,105.0,CH,20181016021500,Make public statement,Verbal cooperation
794839405,20181016,201810,CHN,CHINESE,CHN,,,,,,,,USA,UNITED STATES,USA,,,,,,,,1,016,016,01,1,-2.0,8,1,8,-0.46728971962616,1,China,CH,CH,,35.0,105.0,CH,2,"California, United States",US,USCA,,36.17,-119.746,CA,2,"California, United States",US,USCA,,36.17,-119.746,CA,20181016021500,Make public statement,Verbal cooperation
794839409,20181016,201810,CHN,CHINESE,CHN,,,,,,,,USA,UNITED STATES,USA,,,,,,,,1,112,112,11,3,-2.0,8,1,8,-0.46728971962616,1,China,CH,CH,,35.0,105.0,CH,2,"California, United States",US,USCA,,36.17,-119.746,CA,1,China,CH,CH,,35.0,105.0,CH,20181016021500,Disapprove,Verbal conflict
794840281,20181016,201810,MNCUSAMED,GOOGLE,USA,,,,,MNC,MED,,CHN,CHINA,CHN,,,,,,,,1,090,090,09,2,-2.0,10,1,10,-4.90405117270788,2,"New York, United States",US,USNY,,42.1497,-74.9384,NY,2,"New York, United States",US,USNY,,42.1497,-74.9384,NY,2,"New York, United States",US,USNY,,42.1497,-74.9384,NY,20181016021500,Investigate,Material cooperation
794848069,20181016,201810,MNCUSAMED,GOOGLE,USA,,,,,MNC,MED,,CHN,CHINA,CHN,,,,,,,,1,090,090,09,2,-2.0,6,1,6,-2.87769784172662,3,"Washington, District of Columbia, United States",US,USDC,DC001,38.8951,-77.0364,531871,3,"Washington, District of Columbia, United States",US,USDC,DC001,38.8951,-77.0364,531871,3,"Washington, District of Columbia, United States",US,USDC,DC001,38.8951,-77.0364,531871,20181016030000,Investigate,Material cooperation
794848070,20181016,201810,MNCUSAMED,GOOGLE,USA,,,,,MNC,MED,,CHN,CHINA,CHN,,,,,,,,1,090,090,09,2,-2.0,15,2,12,-1.15539314580082,1,China,CH,CH,,35.0,105.0,CH,1,China,CH,CH,,35.0,105.0,CH,1,China,CH,CH,,35.0,105.0,CH,20181016030000,Investigate,Material cooperation
794848071,20181016,201810,MNCUSAMED,GOOGLE,USA,,,,,MNC,MED,,CHN,CHINA,CHN,,,,,,,,1,120,120,12,3,-4.0,6,1,6,-0.52910052910053,1,China,CH,CH,,35.0,105.0,CH,1,China,CH,CH,,35.0,105.0,CH,1,China,CH,CH,,35.0,105.0,CH,20181016030000,Reject,Verbal conflict
794855818,20181016,201810,USA,THE US,USA,,,,,,,,CHN,CHINA,CHN,,,,,,,,1,163,163,16,4,-8.0,8,1,8,-2.30769230769231,1,China,CH,CH,,35.0,105.0,CH,1,China,CH,CH,,35.0,105.0,CH,1,China,CH,CH,,35.0,105.0,CH,20181016034500,Reduce relations,Material conflict
794856958,20181016,201810,CHN,CHINA,CHN,,,,,,,,USA,AMERICAN,USA,,,,,,,,1,192,192,19,4,-9.5,10,1,10,-2.11132437619962,3,"Washington, District of Columbia, United States",US,USDC,DC001,38.8951,-77.0364,531871,3,"Washington, District of Columbia, United States",US,USDC,DC001,38.8951,-77.0364,531871,3,"Washington, District of Columbia, United States",US,USDC,DC001,38.8951,-77.0364,531871,20181016040000,Fight,Material conflict
794857987,20181016,201810,USA,ATLANTA,USA,,,,,,,,CHN,CHINA,CHN,,,,,,,,1,020,020,02,1,3.0,10,1,10,1.88679245283019,1,China,CH,CH,,35.0,105.0,CH,1,China,CH,CH,,35.0,105.0,CH,1,China,CH,CH,,35.0,105.0,CH,20181016040000,Appeal,Verbal cooperation
794860320,20181016,201810,USA,THE US,USA,,,,,,,,CHN,CHINA,CHN,,,,,,,,1,080,080,08,2,5.0,10,1,10,0.0,1,United States,US,US,,39.828175,-98.5795,US,1,United States,US,US,,39.828175,-98.5795,US,1,China,CH,CH,,35.0,105.0,CH,20181016041500,Yield,Material cooperation
794861710,20181016,201810,CHN,CHINA,CHN,,,,,,,,MNCUSAMED,GOOGLE,USA,,,,,MNC,MED,,1,043,043,04,1,2.8,12,1,10,-3.25318246110325,1,China,CH,CH,,35.0,105.0,CH,1,China,CH,CH,,35.0,105.0,CH,1,China,CH,CH,,35.0,105.0,CH,20181016043000,Consult,Verbal cooperation
794862540,20181016,201810,MNCUSAMED,GOOGLE,USA,,,,,MNC,MED,,CHN,CHINA,CHN,,,,,,,,1,042,042,04,1,1.9,12,1,10,-3.25318246110325,1,China,CH,CH,,35.0,105.0,CH,1,China,CH,CH,,35.0,105.0,CH,1,China,CH,CH,,35.0,105.0,CH,20181016043000,Consult,Verbal cooperation
794867170,20181016,201810,USA,UNITED STATES,USA,,,,,,,,CHN,CHINA,CHN,,,,,,,,1,057,057,05,1,8.0,6,1,6,1.73864273696018,2,"Texas, United States",US,USTX,,31.106,-97.6475,TX,2,"Texas, United States",US,USTX,,31.106,-97.6475,TX,2,"Texas, United States",US,USTX,,31.106,-97.6475,TX,20181016050000,Engage in diplomatic cooperation,Verbal cooperation
794867172,20181016,201810,USA,THE US,USA,,,,,,,,CHN,BEIJING,CHN,,,,,,,,1,163,163,16,4,-8.0,10,1,10,-5.75396825396825,4,"Moscow, Moskva, Russia",RS,RS48,25106,55.7522,37.6156,-2960561,4,"Beijing, Beijing, China",CH,CH22,13001,39.9289,116.388,-1898541,4,"Beijing, Beijing, China",CH,CH22,13001,39.9289,116.388,-1898541,20181016050000,Reduce relations,Material conflict
794883122,20181016,201810,CHN,BEIJING,CHN,,,,,,,,USA,UNITED STATES,USA,,,,,,,,1,020,020,02,1,3.0,12,1,12,-0.32746639478415,1,United States,US,US,,39.828175,-98.5795,US,1,United States,US,US,,39.828175,-98.5795,US,1,United States,US,US,,39.828175,-98.5795,US,20181016064500,Appeal,Verbal cooperation
794884296,20181016,201810,USA,THE US,USA,,,,,,,,CHN,CHINA,CHN,,,,,,,,1,070,070,07,2,7.0,7,1,7,-3.00751879699248,1,China,CH,CH,,35.0,105.0,CH,1,China,CH,CH,,35.0,105.0,CH,1,China,CH,CH,,35.0,105.0,CH,20181016064500,Provide aid,Material cooperation
794884397,20181016,201810,USAGOV,BARACK OBAMA,USA,,,,,GOV,,,CHN,CHINA,CHN,,,,,,,,1,013,013,01,1,0.4,6,1,6,-0.150150150150161,3,"Washington, District of Columbia, United States",US,USDC,DC001,38.8951,-77.0364,531871,3,"Washington, District of Columbia, United States",US,USDC,DC001,38.8951,-77.0364,531871,3,"Washington, District of Columbia, United States",US,USDC,DC001,38.8951,-77.0364,531871,20181016064500,Make public statement,Verbal cooperation
794885837,20181016,201810,CHN,CHINA,CHN,,,,,,,,USA,HAWAII,USA,,,,,,,,1,036,036,03,1,4.0,6,1,6,3.24324324324324,1,China,CH,CH,,35.0,105.0,CH,2,"Hawaii, United States",US,USHI,,21.1098,-157.531,HI,4,"Kuala Lumpur, Kuala Lumpur, Malaysia",MY,MY14,18585,3.16667,101.7,-2403010,20181016070000,Express intent to cooperate,Verbal cooperation
794886997,20181016,201810,USA,HAWAII,USA,,,,,,,,CHN,CHINA,CHN,,,,,,,,1,036,036,03,1,4.0,6,1,6,3.24324324324324,2,"Hawaii, United States",US,USHI,,21.1098,-157.531,HI,1,China,CH,CH,,35.0,105.0,CH,4,"Kuala Lumpur, Kuala Lumpur, Malaysia",MY,MY14,18585,3.16667,101.7,-2403010,20181016070000,Express intent to cooperate,Verbal cooperation
794889643,20181016,201810,USA,WASHINGTON,USA,,,,,,,,CHN,CHINA,CHN,,,,,,,,1,012,012,01,1,-0.4,6,1,6,-2.38473767885532,2,"Washington, United States",US,USWA,,47.3917,-121.571,WA,4,"Beijing, Beijing, China",CH,CH22,13001,39.9289,116.388,-1898541,2,"Washington, United States",US,USWA,,47.3917,-121.571,WA,20181016071500,Make public statement,Verbal cooperation
794893996,20181016,201810,CHNCVL,CHINESE,CHN,,,,,CVL,,,USA,UNITED STATES,USA,,,,,,,,1,042,042,04,1,1.9,6,2,6,2.10044741088456,1,China,CH,CH,,35.0,105.0,CH,1,United States,US,US,,39.828175,-98.5795,US,1,China,CH,CH,,35.0,105.0,CH,20181016074500,Consult,Verbal cooperation
794895168,20181016,201810,USA,UNITED STATES,USA,,,,,,,,CHNCVL,CHINESE,CHN,,,,,CVL,,,1,043,043,04,1,2.8,6,2,6,2.10044741088456,1,United States,US,US,,39.828175,-98.5795,US,1,China,CH,CH,,35.0,105.0,CH,1,China,CH,CH,,35.0,105.0,CH,20181016074500,Consult,Verbal cooperation
794897278,20181016,201810,MNCUSAMED,GOOGLE,USA,,,,,MNC,MED,,CHN,CHINESE,CHN,,,,,,,,1,030,030,03,1,4.0,10,1,10,-2.24215246636771,1,China,CH,CH,,35.0,105.0,CH,1,China,CH,CH,,35.0,105.0,CH,1,China,CH,CH,,35.0,105.0,CH,20181016080000,Express intent to cooperate,Verbal cooperation
794908059,20181016,201810,CHN,CHINESE,CHN,,,,,,,,MNCUSAMED,GOOGLE,USA,,,,,MNC,MED,,1,040,040,04,1,1.0,14,1,10,-3.29218106995885,1,China,CH,CH,,35.0,105.0,CH,1,China,CH,CH,,35.0,105.0,CH,1,China,CH,CH,,35.0,105.0,CH,20181016090000,Consult,Verbal cooperation
794908795,20181016,201810,MNCUSAMED,GOOGLE,USA,,,,,MNC,MED,,CHN,CHINA,CHN,,,,,,,,1,010,010,01,1,0.0,10,1,10,-1.71990171990172,4,"Beijing, Beijing, China",CH,CH22,13001,39.9289,116.388,-1898541,4,"Beijing, Beijing, China",CH,CH22,13001,39.9289,116.388,-1898541,4,"Beijing, Beijing, China",CH,CH22,13001,39.9289,116.388,-1898541,20181016090000,Make public statement,Verbal cooperation
794908796,20181016,201810,MNCUSAMED,GOOGLE,USA,,,,,MNC,MED,,CHN,CHINESE,CHN,,,,,,,,1,040,040,04,1,1.0,14,1,10,-3.29218106995885,1,China,CH,CH,,35.0,105.0,CH,1,China,CH,CH,,35.0,105.0,CH,1,China,CH,CH,,35.0,105.0,CH,20181016090000,Consult,Verbal cooperation
794910839,20181016,201810,CHN,CHINA,CHN,,,,,,,,USA,THE US,USA,,,,,,,,1,084,084,08,2,7.0,10,1,10,-2.15175537938845,1,Russia,RS,RS,,60.0,100.0,RS,1,China,CH,CH,,35.0,105.0,CH,1,Russia,RS,RS,,60.0,100.0,RS,20181016091500,Yield,Material cooperation
794913824,20181016,201810,CHN,CHINA,CHN,,,,,,,,USA,THE US,USA,,,,,,,,1,061,061,06,2,6.4,10,1,10,-0.82304526748971,4,"Beijing, Beijing, China",CH,CH22,13001,39.9289,116.388,-1898541,4,"Beijing, Beijing, China",CH,CH22,13001,39.9289,116.388,-1898541,4,"Beijing, Beijing, China",CH,CH22,13001,39.9289,116.388,-1898541,20181016093000,Engage in material cooperation,Material cooperation
794922974,20181016,201810,CHN,CHINA,CHN,,,,,,,,MNCUSAMED,GOOGLE,USA,,,,,MNC,MED,,1,014,014,01,1,0.0,10,1,10,-1.54440154440154,1,China,CH,CH,,35.0,105.0,CH,1,China,CH,CH,,35.0,105.0,CH,1,China,CH,CH,,35.0,105.0,CH,20181016101500,Make public statement,Verbal cooperation
794924245,20181016,201810,USA,PHOENIX,USA,,,,,,,,CHN,CHINESE,CHN,,,,,,,,1,111,111,11,3,-2.0,7,1,7,-0.49751243781094,3,"Phoenix, Arizona, United States",US,USAZ,AZ013,33.4484,-112.074,44784,4,"Xiaomi, Fujian, China",CH,CH07,13163,25.2225,116.057,10999868,3,"Phoenix, Arizona, United States",US,USAZ,AZ013,33.4484,-112.074,44784,20181016101500,Disapprove,Verbal conflict
794933002,20181016,201810,CHN,CHINA,CHN,,,,,,,,USA,UNITED STATES,USA,,,,,,,,1,061,061,06,2,6.4,8,1,8,-3.14136125654451,1,Iran,IR,IR,,32.0,53.0,IR,1,Iran,IR,IR,,32.0,53.0,IR,1,Iran,IR,IR,,32.0,53.0,IR,20181016110000,Engage in material cooperation,Material cooperation
794940388,20181016,201810,MNCUSAMED,GOOGLE,USA,,,,,MNC,MED,,CHNGOV,CHINESE,CHN,,,,,GOV,,,1,090,090,09,2,-2.0,6,1,6,-4.20168067226891,1,China,CH,CH,,35.0,105.0,CH,1,China,CH,CH,,35.0,105.0,CH,1,China,CH,CH,,35.0,105.0,CH,20181016113000,Investigate,Material cooperation
794940865,20181016,201810,USA,THE US,USA,,,,,,,,CHN,CHINA,CHN,,,,,,,,1,040,040,04,1,1.0,10,1,10,-2.19298245614035,1,China,CH,CH,,35.0,105.0,CH,1,China,CH,CH,,35.0,105.0,CH,1,China,CH,CH,,35.0,105.0,CH,20181016113000,Consult,Verbal cooperation
794940866,20181016,201810,USA,THE US,USA,,,,,,,,CHN,CHINA,CHN,,,,,,,,1,111,111,11,3,-2.0,10,1,10,-2.19298245614035,1,China,CH,CH,,35.0,105.0,CH,1,China,CH,CH,,35.0,105.0,CH,1,China,CH,CH,,35.0,105.0,CH,20181016113000,Disapprove,Verbal conflict
794942471,20181009,201810,USA,THE US,USA,,,,,,,,CHNGOV,CHINA,CHN,,,,,GOV,,,1,173,173,17,4,-5.0,10,1,10,-2.52747252747253,4,"Beijing, Beijing, China",CH,CH22,13001,39.9289,116.388,-1898541,4,"Beijing, Beijing, China",CH,CH22,13001,39.9289,116.388,-1898541,4,"Beijing, Beijing, China",CH,CH22,13001,39.9289,116.388,-1898541,20181016114500,Coerce,Material conflict
794946610,20181016,201810,CHN,CHINA,CHN,,,,,,,,USA,UNITED STATES,USA,,,,,,,,1,061,061,06,2,6.4,8,1,8,3.79562043795621,1,China,CH,CH,,35.0,105.0,CH,1,United States,US,US,,39.828175,-98.5795,US,1,United States,US,US,,39.828175,-98.5795,US,20181016120000,Engage in material cooperation,Material cooperation
794947424,20181016,201810,MNCUSAMED,GOOGLE,USA,,,,,MNC,MED,,CHN,CHINA,CHN,,,,,,,,1,035,035,03,1,7.0,8,1,8,-0.29239766081871,1,China,CH,CH,,35.0,105.0,CH,1,China,CH,CH,,35.0,105.0,CH,1,China,CH,CH,,35.0,105.0,CH,20181016120000,Express intent to cooperate,Verbal cooperation
794947812,20181016,201810,USA,UNITED STATES,USA,,,,,,,,CHN,CHINA,CHN,,,,,,,,1,061,061,06,2,6.4,10,1,10,3.79562043795621,1,Canada,CA,CA,,60.0,-96.0,CA,1,Canada,CA,CA,,60.0,-96.0,CA,1,Canada,CA,CA,,60.0,-96.0,CA,20181016120000,Engage in material cooperation,Material cooperation
794956143,20181016,201810,CHNBUS,CHINA,CHN,,,,,BUS,,,USAMED,REUTERS,USA,,,,,MED,,,1,012,012,01,1,-0.4,10,1,10,-5.51282051282051,1,Iran,IR,IR,,32.0,53.0,IR,1,Iran,IR,IR,,32.0,53.0,IR,1,Iran,IR,IR,,32.0,53.0,IR,20181016124500,Make public statement,Verbal cooperation
794966442,20181016,201810,CHN,CHINESE,CHN,,,,,,,,USA,SAN FRANCISCO,USA,,,,,,,,1,040,040,04,1,1.0,10,2,10,-3.57921794672067,1,China,CH,CH,,35.0,105.0,CH,3,"San Francisco, California, United States",US,USCA,,37.7749,-122.419,277593,1,China,CH,CH,,35.0,105.0,CH,20181016133000,Consult,Verbal cooperation
794967411,20181016,201810,MNCUSAMED,GOOGLE,USA,,,,,MNC,MED,,CHN,CHINA,CHN,,,,,,,,1,161,161,16,4,-4.0,10,1,10,-3.24427480916031,1,China,CH,CH,,35.0,105.0,CH,1,China,CH,CH,,35.0,105.0,CH,1,China,CH,CH,,35.0,105.0,CH,20181016133000,Reduce relations,Material conflict
794967865,20181016,201810,USA,SAN FRANCISCO,USA,,,,,,,,CHN,CHINESE,CHN,,,,,,,,1,1721,172,17,4,-5.0,10,1,10,-3.24427480916031,3,"San Francisco, California, United States",US,USCA,CA075,37.7749,-122.419,277593,1,China,CH,CH,,35.0,105.0,CH,1,China,CH,CH,,35.0,105.0,CH,20181016133000,Coerce,Material conflict
794969870,20181016,201810,CHN,CHINA,CHN,,,,,,,,USA,UNITED STATES,USA,,,,,,,,1,061,061,06,2,6.4,8,1,8,3.80333951762523,1,China,CH,CH,,35.0,105.0,CH,2,"Florida, United States",US,USFL,,27.8333,-81.717,FL,2,"Florida, United States",US,USFL,,27.8333,-81.717,FL,20181016134500,Engage in material cooperation,Material cooperation
794971545,20181016,201810,USAMED,ASSOCIATED PRESS,USA,,,,,MED,,,CHN,CHINA,CHN,,,,,,,,1,070,070,07,2,7.0,36,6,36,-0.49689517672185,4,"Chen Si, Xinjiang, China",CH,CH13,13283,43.5833,92.85,-1898223,4,"Chen Si, Xinjiang, China",CH,CH13,13283,43.5833,92.85,-1898223,4,"Chen Si, Xinjiang, China",CH,CH13,13283,43.5833,92.85,-1898223,20181016134500,Provide aid,Material cooperation
794974403,20181016,201810,MNCUSAMED,GOOGLE,USA,,,,,MNC,MED,,CHN,CHINA,CHN,,,,,,,,1,090,090,09,2,-2.0,10,1,10,-3.55648535564853,4,"Tiananmen Square, Beijing, China",CH,CH22,13001,39.9044,116.391,9244097,4,"Tiananmen Square, Beijing, China",CH,CH22,13001,39.9044,116.391,9244097,4,"Tiananmen Square, Beijing, China",CH,CH22,13001,39.9044,116.391,9244097,20181016140000,Investigate,Material cooperation
794974404,20181016,201810,MNCUSAMED,GOOGLE,USA,,,,,MNC,MED,,CHN,CHINA,CHN,,,,,,,,1,1721,172,17,4,-5.0,10,1,10,-3.55648535564853,4,"Tiananmen Square, Beijing, China",CH,CH22,13001,39.9044,116.391,9244097,4,"Tiananmen Square, Beijing, China",CH,CH22,13001,39.9044,116.391,9244097,4,"Tiananmen Square, Beijing, China",CH,CH22,13001,39.9044,116.391,9244097,20181016140000,Coerce,Material conflict
794976928,20181016,201810,CHN,CHINESE,CHN,,,,,,,,USA,A US,USA,,,,,,,,1,070,070,07,2,7.0,10,1,10,0.815217391304347,4,"Gobi, Qinghai, China",CH,CH06,13214,37.2344,96.9808,-1906755,4,"Gobi, Qinghai, China",CH,CH06,13214,37.2344,96.9808,-1906755,4,"Gobi, Qinghai, China",CH,CH06,13214,37.2344,96.9808,-1906755,20181016141500,Provide aid,Material cooperation
794978097,20181016,201810,USA,THE US,USA,,,,,,,,CHN,CHINA,CHN,,,,,,,,1,112,112,11,3,-2.0,6,1,6,-3.2258064516129,1,India,IN,IN,,20.0,77.0,IN,1,India,IN,IN,,20.0,77.0,IN,1,India,IN,IN,,20.0,77.0,IN,20181016141500,Disapprove,Verbal conflict
794983811,20181016,201810,MNCUSAMED,GOOGLE,USA,,,,,MNC,MED,,CHN,CHINA,CHN,,,,,,,,1,013,013,01,1,0.4,8,1,8,-2.31958762886598,4,"Beijing, Beijing, China",CH,CH22,13001,39.9289,116.388,-1898541,4,"Beijing, Beijing, China",CH,CH22,13001,39.9289,116.388,-1898541,4,"Beijing, Beijing, China",CH,CH22,13001,39.9289,116.388,-1898541,20181016144500,Make public statement,Verbal cooperation
794986348,20181016,201810,CHN,CHINA,CHN,,,,,,,,USA,THE US,USA,,,,,,,,1,057,057,05,1,8.0,8,1,8,-1.11111111111111,1,China,CH,CH,,35.0,105.0,CH,4,"Tehran, Tehran, Iran",IR,IR26,41130,35.75,51.5148,10074674,4,"Tehran, Tehran, Iran",IR,IR26,41130,35.75,51.5148,10074674,20181016150000,Engage in diplomatic cooperation,Verbal cooperation
794988157,20181016,201810,USA,THE US,USA,,,,,,,,CHN,CHINA,CHN,,,,,,,,1,057,057,05,1,8.0,8,1,8,-1.11111111111111,4,"Tehran, Tehran, Iran",IR,IR26,41130,35.75,51.5148,10074674,1,China,CH,CH,,35.0,105.0,CH,4,"Tehran, Tehran, Iran",IR,IR26,41130,35.75,51.5148,10074674,20181016150000,Engage in diplomatic cooperation,Verbal cooperation
794995033,20181016,201810,MNCUSA,GOLDMAN SACHS,USA,,,,,MNC,,,CHN,CHINESE,CHN,,,,,,,,1,130,130,13,3,-4.4,10,1,10,1.04712041884817,1,China,CH,CH,,35.0,105.0,CH,1,China,CH,CH,,35.0,105.0,CH,1,China,CH,CH,,35.0,105.0,CH,20181016153000,Threaten,Verbal conflict
794995050,20181016,201810,MNCUSAMED,GOOGLE,USA,,,,,MNC,MED,,CHN,CHINA,CHN,,,,,,,,1,015,015,01,1,0.0,16,1,10,-3.84615384615385,4,"Beijing, Beijing, China",CH,CH22,13001,39.9289,116.388,-1898541,4,"Beijing, Beijing, China",CH,CH22,13001,39.9289,116.388,-1898541,4,"Beijing, Beijing, China",CH,CH22,13001,39.9289,116.388,-1898541,20181016153000,Make public statement,Verbal cooperation
794995052,20181016,201810,MNCUSAMED,GOOGLE,USA,,,,,MNC,MED,,CHN,CHINA,CHN,,,,,,,,1,015,015,01,1,0.0,12,1,10,-3.84615384615385,3,"White House, District of Columbia, United States",US,USDC,,38.8951,-77.0364,531871,4,"Beijing, Beijing, China",CH,CH22,13001,39.9289,116.388,-1898541,3,"White House, District of Columbia, United States",US,USDC,,38.8951,-77.0364,531871,20181016153000,Make public statement,Verbal cooperation
794995055,20181016,201810,MNCUSAMED,GOOGLE,USA,,,,,MNC,MED,,CHN,CHINA,CHN,,,,,,,,1,090,090,09,2,-2.0,12,1,10,-3.84615384615385,3,"White House, District of Columbia, United States",US,USDC,,38.8951,-77.0364,531871,4,"Beijing, Beijing, China",CH,CH22,13001,39.9289,116.388,-1898541,4,"Beijing, Beijing, China",CH,CH22,13001,39.9289,116.388,-1898541,20181016153000,Investigate,Material cooperation
795005762,20181016,201810,MNCUSAMED,GOOGLE,USA,,,,,MNC,MED,,CHN,CHINA,CHN,,,,,,,,1,1721,172,17,4,-5.0,10,1,10,-1.99252801992528,3,"San Francisco, California, United States",US,USCA,CA075,37.7749,-122.419,277593,3,"San Francisco, California, United States",US,USCA,,37.7749,-122.419,277593,3,"San Francisco, California, United States",US,USCA,,37.7749,-122.419,277593,20181016161500,Coerce,Material conflict
795016469,20181016,201810,MNCUSAMEDBUS,GOOGLE,USA,,,,,MNC,MED,BUS,CHN,CHINA,CHN,,,,,,,,1,090,090,09,2,-2.0,10,1,10,-3.42741935483871,1,China,CH,CH,,35.0,105.0,CH,1,China,CH,CH,,35.0,105.0,CH,1,China,CH,CH,,35.0,105.0,CH,20181016170000,Investigate,Material cooperation
795016470,20181016,201810,MNCUSAMEDBUS,GOOGLE,USA,,,,,MNC,MED,BUS,CHN,CHINA,CHN,,,,,,,,1,1721,172,17,4,-5.0,10,1,10,-3.42741935483871,1,China,CH,CH,,35.0,105.0,CH,1,China,CH,CH,,35.0,105.0,CH,1,China,CH,CH,,35.0,105.0,CH,20181016170000,Coerce,Material conflict
795018907,20181016,201810,CHN,CHINA,CHN,,,,,,,,USA,THE US,USA,,,,,,,,1,040,040,04,1,1.0,10,1,10,-4.95238095238096,4,"Yi Gang, Gansu, China",CH,CH15,13206,35.4833,105.25,-1936316,4,"Yi Gang, Gansu, China",CH,CH15,13206,35.4833,105.25,-1936316,4,"Yi Gang, Gansu, China",CH,CH15,13206,35.4833,105.25,-1936316,20181016171500,Consult,Verbal cooperation
795020407,20181016,201810,USA,THE US,USA,,,,,,,,CHN,CHINA,CHN,,,,,,,,1,040,040,04,1,1.0,10,1,10,-4.95238095238096,4,"Yi Gang, Gansu, China",CH,CH15,13206,35.4833,105.25,-1936316,4,"Yi Gang, Gansu, China",CH,CH15,13206,35.4833,105.25,-1936316,4,"Yi Gang, Gansu, China",CH,CH15,13206,35.4833,105.25,-1936316,20181016171500,Consult,Verbal cooperation
795022446,20181016,201810,CHNCVL,CHINESE,CHN,,,,,CVL,,,USA,UNITED STATES,USA,,,,,,,,1,042,042,04,1,1.9,6,1,6,-3.31632653061224,4,"Tokyo, Tokyo, Japan",JA,JA40,36340,35.685,139.751,-246227,4,"Tokyo, Tokyo, Japan",JA,JA40,36340,35.685,139.751,-246227,4,"Tokyo, Tokyo, Japan",JA,JA40,36340,35.685,139.751,-246227,20181016173000,Consult,Verbal cooperation
795023900,20181016,201810,USA,UNITED STATES,USA,,,,,,,,CHNCVL,CHINESE,CHN,,,,,CVL,,,1,043,043,04,1,2.8,6,1,6,-3.31632653061224,1,China,CH,CH,,35.0,105.0,CH,1,China,CH,CH,,35.0,105.0,CH,1,China,CH,CH,,35.0,105.0,CH,20181016173000,Consult,Verbal cooperation
795038995,20181016,201810,CHN,CHINESE,CHN,,,,,,,,USA,AMERICAN,USA,,,,,,,,1,042,042,04,1,1.9,10,1,10,-0.90349075975359,1,Hong Kong,HK,HK,,22.25,114.166667,HK,1,Hong Kong,HK,HK,,22.25,114.166667,HK,1,Hong Kong,HK,HK,,22.25,114.166667,HK,20181016184500,Consult,Verbal cooperation
795043379,20181016,201810,MNCUSAMED,GOOGLE,USA,,,,,MNC,MED,,CHN,CHINA,CHN,,,,,,,,1,1721,172,17,4,-5.0,10,1,10,-2.44897959183673,2,"Maine, United States",US,USME,,44.6074,-69.3977,ME,2,"Maine, United States",US,USME,,44.6074,-69.3977,ME,2,"Maine, United States",US,USME,,44.6074,-69.3977,ME,20181016190000,Coerce,Material conflict
795048678,20181016,201810,CHN,CHINA,CHN,,,,,,,,USA,HAWAII,USA,,,,,,,,1,090,090,09,2,-2.0,6,1,6,-1.47329650092081,4,"Hapa, Xinjiang, China",CH,CH13,13294,47.8833,86.2,-1913345,4,"Hapa, Xinjiang, China",CH,CH13,13294,47.8833,86.2,-1913345,4,"Hapa, Xinjiang, China",CH,CH13,13294,47.8833,86.2,-1913345,20181016193000,Investigate,Material cooperation
795055621,20181016,201810,CHN,GREAT WALL OF CHINA,CHN,,,,,,,,USA,COLORADO,USA,,,,,,,,1,042,042,04,1,1.9,7,1,7,-2.42537313432836,4,"Great Wall, China (general), China",CH,CH00,13077,39.9667,119.8,-1930117,4,"Great Wall, China (general), China",CH,CH00,13077,39.9667,119.8,-1930117,4,"Great Wall, China (general), China",CH,CH00,13077,39.9667,119.8,-1930117,20181016200000,Consult,Verbal cooperation
795062269,20181016,201810,MNCUSAMED,GOOGLE,USA,,,,,MNC,MED,,CHN,CHINA,CHN,,,,,,,,1,012,012,01,1,-0.4,13,1,10,-1.52505446623094,1,China,CH,CH,,35.0,105.0,CH,1,China,CH,CH,,35.0,105.0,CH,1,China,CH,CH,,35.0,105.0,CH,20181016203000,Make public statement,Verbal cooperation
795069025,20181016,201810,USA,UNITED STATES,USA,,,,,,,,CHN,CHINA,CHN,,,,,,,,1,190,190,19,4,-10.0,8,1,8,-6.88836104513064,1,United States,US,US,,39.828175,-98.5795,US,4,"Beijing, Beijing, China",CH,CH22,13001,39.9289,116.388,-1898541,1,United States,US,US,,39.828175,-98.5795,US,20181016210000,Fight,Material conflict
795071675,20181016,201810,USA,UNITED STATES,USA,,,,,,,,CHN,CHINESE,CHN,,,,,,,,1,036,036,03,1,4.0,10,1,10,-0.82474226804123,1,United States,US,US,,39.828175,-98.5795,US,4,"Dalian, Liaoning, China",CH,CH19,13327,38.9122,121.602,-1901835,4,"Dalian, Liaoning, China",CH,CH19,13327,38.9122,121.602,-1901835,20181016211500,Express intent to cooperate,Verbal cooperation
795073220,20181016,201810,CHN,CHINA,CHN,,,,,,,,MNCUSAMED,GOOGLE,USA,,,,,MNC,MED,,1,110,110,11,3,-2.0,10,1,10,0.86083213773314,1,China,CH,CH,,35.0,105.0,CH,1,China,CH,CH,,35.0,105.0,CH,1,China,CH,CH,,35.0,105.0,CH,20181016213000,Disapprove,Verbal conflict
795073221,20181016,201810,CHN,CHINA,CHN,,,,,,,,MNCUSAMED,GOOGLE,USA,,,,,MNC,MED,,1,192,192,19,4,-9.5,10,1,10,0.86083213773314,1,China,CH,CH,,35.0,105.0,CH,1,China,CH,CH,,35.0,105.0,CH,1,China,CH,CH,,35.0,105.0,CH,20181016213000,Fight,Material conflict
795086775,20181016,201810,CHN,CHINA,CHN,,,,,,,,USA,THE US,USA,,,,,,,,1,042,042,04,1,1.9,10,1,10,-0.17699115044248,4,"Chengdu, Sichuan, China",CH,CH32,13270,30.6667,104.067,-1900349,4,"Chengdu, Sichuan, China",CH,CH32,13270,30.6667,104.067,-1900349,4,"Chengdu, Sichuan, China",CH,CH32,13270,30.6667,104.067,-1900349,20181016224500,Consult,Verbal cooperation
795087935,20181016,201810,USA,THE US,USA,,,,,,,,CHN,CHINA,CHN,,,,,,,,1,043,043,04,1,2.8,8,1,8,-0.17699115044248,1,Russia,RS,RS,,60.0,100.0,RS,4,"Chengdu, Sichuan, China",CH,CH32,13270,30.6667,104.067,-1900349,1,Russia,RS,RS,,60.0,100.0,RS,20181016224500,Consult,Verbal cooperation
795097333,20181016,201810,CHN,CHINA,CHN,,,,,,,,MNCUSA,MICROSOFT,USA,,,,,MNC,,,1,043,043,04,1,2.8,10,1,10,3.05084745762712,1,China,CH,CH,,35.0,105.0,CH,1,China,CH,CH,,35.0,105.0,CH,1,China,CH,CH,,35.0,105.0,CH,20181016234500,Consult,Verbal cooperation
795097341,20181016,201810,CHNBUS,CHINA,CHN,,,,,BUS,,,USAMED,REUTERS,USA,,,,,MED,,,1,012,012,01,1,-0.4,8,1,8,-4.30733410942957,4,"Guangzhou, Guangdong, China",CH,CH30,13033,23.1167,113.25,-1907161,4,"Guangzhou, Guangdong, China",CH,CH30,13033,23.1167,113.25,-1907161,4,"Guangzhou, Guangdong, China",CH,CH30,13033,23.1167,113.25,-1907161,20181016234500,Make public statement,Verbal cooperation
795098192,20181016,201810,MNCUSA,MICROSOFT,USA,,,,,MNC,,,CHN,CHINA,CHN,,,,,,,,1,042,042,04,1,1.9,10,1,10,3.05084745762712,1,China,CH,CH,,35.0,105.0,CH,1,China,CH,CH,,35.0,105.0,CH,1,China,CH,CH,,35.0,105.0,CH,20181016234500,Consult,Verbal cooperation
795107542,20181017,201810,MNCUSAMED,GOOGLE,USA,,,,,MNC,MED,,CHN,CHINESE,CHN,,,,,,,,1,090,090,09,2,-2.0,10,1,10,-5.35372848948375,1,China,CH,CH,,35.0,105.0,CH,1,China,CH,CH,,35.0,105.0,CH,1,China,CH,CH,,35.0,105.0,CH,20181017001500,Investigate,Material cooperation
795107543,20181017,201810,MNCUSAMED,GOOGLE,USA,,,,,MNC,MED,,CHN,CHINESE,CHN,,,,,,,,1,1721,172,17,4,-5.0,16,1,8,-5.35372848948375,1,China,CH,CH,,35.0,105.0,CH,1,China,CH,CH,,35.0,105.0,CH,1,China,CH,CH,,35.0,105.0,CH,20181017001500,Coerce,Material conflict
795110867,20181017,201810,CHNGOV,CHINESE,CHN,,,,,GOV,,,MNCUSAMED,GOOGLE,USA,,,,,MNC,MED,,1,040,040,04,1,1.0,6,1,6,-1.93798449612403,1,China,CH,CH,,35.0,105.0,CH,1,China,CH,CH,,35.0,105.0,CH,1,China,CH,CH,,35.0,105.0,CH,20181017003000,Consult,Verbal cooperation
795111989,20181017,201810,MNCUSAMED,GOOGLE,USA,,,,,MNC,MED,,CHNGOV,CHINESE,CHN,,,,,GOV,,,1,020,020,02,1,3.0,6,1,6,-1.93798449612403,1,China,CH,CH,,35.0,105.0,CH,1,China,CH,CH,,35.0,105.0,CH,1,China,CH,CH,,35.0,105.0,CH,20181017003000,Appeal,Verbal cooperation
795111990,20181017,201810,MNCUSAMED,GOOGLE,USA,,,,,MNC,MED,,CHNGOV,CHINESE,CHN,,,,,GOV,,,1,030,030,03,1,4.0,6,1,6,-1.93798449612403,1,China,CH,CH,,35.0,105.0,CH,1,China,CH,CH,,35.0,105.0,CH,1,China,CH,CH,,35.0,105.0,CH,20181017003000,Express intent to cooperate,Verbal cooperation
795111991,20181017,201810,MNCUSAMED,GOOGLE,USA,,,,,MNC,MED,,CHNGOV,CHINESE,CHN,,,,,GOV,,,1,040,040,04,1,1.0,6,1,6,-1.93798449612403,1,China,CH,CH,,35.0,105.0,CH,1,China,CH,CH,,35.0,105.0,CH,1,China,CH,CH,,35.0,105.0,CH,20181017003000,Consult,Verbal cooperation
795115394,20181017,201810,CHN,CHINA,CHN,,,,,,,,USA,UNITED STATES,USA,,,,,,,,1,111,111,11,3,-2.0,6,1,6,0.42918454935623,1,China,CH,CH,,35.0,105.0,CH,2,"New York, United States",US,USNY,,42.1497,-74.9384,NY,2,"New York, United States",US,USNY,,42.1497,-74.9384,NY,20181017004500,Disapprove,Verbal conflict
795115397,20181017,201810,CHN,CHINA,CHN,,,,,,,,USA,UNITED STATES,USA,,,,,,,,1,190,190,19,4,-10.0,6,1,6,0.42918454935623,2,"New York, United States",US,USNY,,42.1497,-74.9384,NY,2,"New York, United States",US,USNY,,42.1497,-74.9384,NY,2,"New York, United States",US,USNY,,42.1497,-74.9384,NY,20181017004500,Fight,Material conflict
795117665,20181017,201810,USA,UNITED STATES,USA,,,,,,,,CHN,CHINA,CHN,,,,,,,,1,190,190,19,4,-10.0,6,1,6,0.42918454935623,2,"New York, United States",US,USNY,,42.1497,-74.9384,NY,1,China,CH,CH,,35.0,105.0,CH,2,"New York, United States",US,USNY,,42.1497,-74.9384,NY,20181017004500,Fight,Material conflict
795119677,20181017,201810,CHN,CHINA,CHN,,,,,,,,USA,UNITED STATES,USA,,,,,,,,1,112,112,11,3,-2.0,8,1,8,-7.32600732600737,4,"Beijing, Beijing, China",CH,CH22,13001,39.9289,116.388,-1898541,3,"Washington, District of Columbia, United States",US,USDC,DC001,38.8951,-77.0364,531871,4,"Beijing, Beijing, China",CH,CH22,13001,39.9289,116.388,-1898541,20181017010000,Disapprove,Verbal conflict
795120801,20181017,201810,MNCUSA,INVESCO,USA,,,,,MNC,,,CHN,CHINA,CHN,,,,,,,,1,010,010,01,1,0.0,10,1,10,1.70068027210884,1,China,CH,CH,,35.0,105.0,CH,1,China,CH,CH,,35.0,105.0,CH,1,China,CH,CH,,35.0,105.0,CH,20181017010000,Make public statement,Verbal cooperation
795125169,20181017,201810,USAMED,ASSOCIATED PRESS,USA,,,,,MED,,,CHN,CHINA,CHN,,,,,,,,1,070,070,07,2,7.0,6,1,6,-0.496277915632751,4,"Chen Si, Xinjiang, China",CH,CH13,13283,43.5833,92.85,-1898223,4,"Chen Si, Xinjiang, China",CH,CH13,13283,43.5833,92.85,-1898223,4,"Chen Si, Xinjiang, China",CH,CH13,13283,43.5833,92.85,-1898223,20181017011500,Provide aid,Material cooperation
795130614,20181017,201810,CHN,CHINESE,CHN,,,,,,,,USAEDU,AMERICAN,USA,,,,,EDU,,,1,030,030,03,1,4.0,8,1,8,-0.31720856463125,2,"Utah, United States",US,USUT,,40.1135,-111.854,UT,2,"Utah, United States",US,USUT,,40.1135,-111.854,UT,4,"Yang Ying, Jiangsu, China",CH,CH04,13151,32.8743,118.597,11425944,20181017014500,Express intent to cooperate,Verbal cooperation
795134014,20181017,201810,CHN,CHINA,CHN,,,,,,,,USA,AMERICAN,USA,,,,,,,,1,192,192,19,4,-9.5,8,1,8,-2.66666666666666,4,"Nanjing, Jiangsu, China",CH,CH04,13144,32.0617,118.778,-1919548,4,"Nanjing, Jiangsu, China",CH,CH04,13144,32.0617,118.778,-1919548,4,"Nanjing, Jiangsu, China",CH,CH04,13144,32.0617,118.778,-1919548,20181017020000,Fight,Material conflict
795135136,20181017,201810,MNCUSAMED,GOOGLE,USA,,,,,MNC,MED,,CHN,CHINA,CHN,,,,,,,,1,030,030,03,1,4.0,10,1,10,-3.25203252032521,3,"San Francisco, California, United States",US,USCA,CA075,37.7749,-122.419,277593,3,"San Francisco, California, United States",US,USCA,,37.7749,-122.419,277593,3,"San Francisco, California, United States",US,USCA,,37.7749,-122.419,277593,20181017020000,Express intent to cooperate,Verbal cooperation
795135138,20181017,201810,MNCUSAMED,GOOGLE,USA,,,,,MNC,MED,,CHN,CHINA,CHN,,,,,,,,1,090,090,09,2,-2.0,20,1,10,-2.36686390532545,4,"Tiananmen Square, Beijing, China",CH,CH22,13001,39.9044,116.391,9244097,4,"Tiananmen Square, Beijing, China",CH,CH22,13001,39.9044,116.391,9244097,4,"Tiananmen Square, Beijing, China",CH,CH22,13001,39.9044,116.391,9244097,20181017020000,Investigate,Material cooperation
795135139,20181017,201810,MNCUSAMED,GOOGLE,USA,,,,,MNC,MED,,CHN,CHINA,CHN,,,,,,,,1,1721,172,17,4,-5.0,10,1,10,-2.36686390532545,4,"Tiananmen Square, Beijing, China",CH,CH22,13001,39.9044,116.391,9244097,4,"Tiananmen Square, Beijing, China",CH,CH22,13001,39.9044,116.391,9244097,4,"Tiananmen Square, Beijing, China",CH,CH22,13001,39.9044,116.391,9244097,20181017020000,Coerce,Material conflict
795138552,20181017,201810,USA,THE US,USA,,,,,,,,CHN,CHINA,CHN,,,,,,,,1,190,190,19,4,-10.0,8,1,8,1.43540669856459,3,"Washington, District of Columbia, United States",US,USDC,DC001,38.8951,-77.0364,531871,1,China,CH,CH,,35.0,105.0,CH,1,China,CH,CH,,35.0,105.0,CH,20181017021500,Fight,Material conflict
795138553,20181017,201810,USA,THE US,USA,,,,,,,,CHN,CHINA,CHN,,,,,,,,1,190,190,19,4,-10.0,20,2,20,1.61725067385445,1,United States,US,US,,39.828175,-98.5795,US,1,China,CH,CH,,35.0,105.0,CH,1,China,CH,CH,,35.0,105.0,CH,20181017021500,Fight,Material conflict
795140763,20181017,201810,MNCUSAMED,GOOGLE,USA,,,,,MNC,MED,,CHN,CHINA,CHN,,,,,,,,1,012,012,01,1,-0.4,10,1,10,-1.1070110701107,1,China,CH,CH,,35.0,105.0,CH,1,China,CH,CH,,35.0,105.0,CH,1,China,CH,CH,,35.0,105.0,CH,20181017023000,Make public statement,Verbal cooperation
795150193,20181017,201810,USACVL,RICHMOND,USA,,,,,CVL,,,CHN,CHINESE,CHN,,,,,,,,1,111,111,11,3,-2.0,10,1,10,1.36452241715399,4,"Hong Guo, Guangdong, China",CH,CH30,13035,20.5398,109.962,10289574,4,"Hong Guo, Guangdong, China",CH,CH30,13035,20.5398,109.962,10289574,4,"Hong Guo, Guangdong, China",CH,CH30,13035,20.5398,109.962,10289574,20181017031500,Disapprove,Verbal conflict
795150194,20181017,201810,USACVL,RICHMOND,USA,,,,,CVL,,,CHNJUD,CHINESE,CHN,,,,,JUD,,,1,110,110,11,3,-2.0,10,1,10,1.36452241715399,4,"Hong Guo, Guangdong, China",CH,CH30,13035,20.5398,109.962,10289574,4,"Hong Guo, Guangdong, China",CH,CH30,13035,20.5398,109.962,10289574,4,"Hong Guo, Guangdong, China",CH,CH30,13035,20.5398,109.962,10289574,20181017031500,Disapprove,Verbal conflict
795151411,20181017,201810,CHN,CHINA,CHN,,,,,,,,MNCUSA,EXXON MOBIL,USA,,,,,MNC,,,1,040,040,04,1,1.0,20,2,20,0.0,4,"Meng Meng, Yunnan, China",CH,CH29,13318,23.465,99.8021,-1918558,4,"Meng Meng, Yunnan, China",CH,CH29,13318,23.465,99.8021,-1918558,4,"Meng Meng, Yunnan, China",CH,CH29,13318,23.465,99.8021,-1918558,20181017033000,Consult,Verbal cooperation
795151412,20181017,201810,CHN,CHINA,CHN,,,,,,,,MNCUSA,EXXON MOBIL,USA,,,,,MNC,,,1,040,040,04,1,1.0,10,2,10,0.0,4,"Zhoushan, Zhejiang, China",CH,CH02,13329,27.7228,120.163,10045436,4,"Zhoushan, Zhejiang, China",CH,CH02,13329,27.7228,120.163,10045436,4,"Zhoushan, Zhejiang, China",CH,CH02,13329,27.7228,120.163,10045436,20181017033000,Consult,Verbal cooperation
795151416,20181017,201810,CHN,CHINA,CHN,,,,,,,,USA,UNITED STATES,USA,,,,,,,,1,040,040,04,1,1.0,10,2,10,0.0,4,"Meng Meng, Yunnan, China",CH,CH29,13318,23.465,99.8021,-1918558,4,"Meng Meng, Yunnan, China",CH,CH29,13318,23.465,99.8021,-1918558,4,"Meng Meng, Yunnan, China",CH,CH29,13318,23.465,99.8021,-1918558,20181017033000,Consult,Verbal cooperation
795156306,20181017,201810,CHN,CHINA,CHN,,,,,,,,MNCUSA,EXXON MOBIL,USA,,,,,MNC,,,1,040,040,04,1,1.0,12,1,12,0.0,5,"Zhejiang, Zhejiang, China",CH,CH02,13325,29.0,120.0,-1938694,4,"Meng Meng, Yunnan, China",CH,CH29,13318,23.465,99.8021,-1918558,4,"Meng Meng, Yunnan, China",CH,CH29,13318,23.465,99.8021,-1918558,20181017040000,Consult,Verbal cooperation
795156307,20181017,201810,CHN,CHINA,CHN,,,,,,,,MNCUSA,EXXON MOBIL,USA,,,,,MNC,,,1,040,040,04,1,1.0,8,1,8,0.0,5,"Zhejiang, Zhejiang, China",CH,CH02,13325,29.0,120.0,-1938694,4,"Meng Meng, Yunnan, China",CH,CH29,13318,23.465,99.8021,-1918558,5,"Zhejiang, Zhejiang, China",CH,CH02,13325,29.0,120.0,-1938694,20181017040000,Consult,Verbal cooperation
795163617,20181017,201810,MNCUSAMED,QUALCOMM,USA,,,,,MNC,MED,,CHN,CHINA,CHN,,,,,,,,1,040,040,04,1,1.0,8,1,8,5.68561872909699,4,"Qingdao, Shandong, China",CH,CH25,13226,36.0986,120.372,-1922199,4,"Qingdao, Shandong, China",CH,CH25,13226,36.0986,120.372,-1922199,4,"Qingdao, Shandong, China",CH,CH25,13226,36.0986,120.372,-1922199,20181017044500,Consult,Verbal cooperation
795165224,20181017,201810,CHN,CHINA,CHN,,,,,,,,USA,THE US,USA,,,,,,,,1,061,061,06,2,6.4,10,1,10,1.85873605947956,4,"Jiangnan, Sichuan, China",CH,CH32,13003,31.5686,105.967,10341749,4,"Jiangnan, Sichuan, China",CH,CH32,13003,31.5686,105.967,10341749,4,"Jiangnan, Sichuan, China",CH,CH32,13003,31.5686,105.967,10341749,20181017050000,Engage in material cooperation,Material cooperation
795167459,20181017,201810,CHN,CHINA,CHN,,,,,,,,USA,THE US,USA,,,,,,,,1,042,042,04,1,1.9,10,1,10,-0.18726591760299,4,"Chengdu, Sichuan, China",CH,CH32,13270,30.6667,104.067,-1900349,4,"Chengdu, Sichuan, China",CH,CH32,13270,30.6667,104.067,-1900349,4,"Chengdu, Sichuan, China",CH,CH32,13270,30.6667,104.067,-1900349,20181017051500,Consult,Verbal cooperation
795168486,20181017,201810,USA,THE US,USA,,,,,,,,CHN,CHINA,CHN,,,,,,,,1,043,043,04,1,2.8,8,1,8,-0.18726591760299,1,Russia,RS,RS,,60.0,100.0,RS,4,"Chengdu, Sichuan, China",CH,CH32,13270,30.6667,104.067,-1900349,1,Russia,RS,RS,,60.0,100.0,RS,20181017051500,Consult,Verbal cooperation
795171011,20181017,201810,USA,UNITED STATES,USA,,,,,,,,CHN,CHINA,CHN,,,,,,,,1,061,061,06,2,6.4,6,1,6,1.84615384615384,1,United States,US,US,,39.828175,-98.5795,US,1,China,CH,CH,,35.0,105.0,CH,1,United States,US,US,,39.828175,-98.5795,US,20181017053000,Engage in material cooperation,Material cooperation
795171284,20181017,201810,USAMED,REUTERS,USA,,,,,MED,,,CHN,CHINA,CHN,,,,,,,,1,061,061,06,2,6.4,6,1,6,-6.08519269776877,1,Iran,IR,IR,,32.0,53.0,IR,1,China,CH,CH,,35.0,105.0,CH,1,Iran,IR,IR,,32.0,53.0,IR,20181017053000,Engage in material cooperation,Material cooperation
795173543,20181017,201810,USA,AMERICAN,USA,,,,,,,,CHNCVL,CHINESE,CHN,,,,,CVL,,,1,112,112,11,3,-2.0,6,1,6,-2.28136882129278,2,"Iowa, United States",US,USIA,,42.0046,-93.214,IA,1,China,CH,CH,,35.0,105.0,CH,1,China,CH,CH,,35.0,105.0,CH,20181017054500,Disapprove,Verbal conflict
795174599,20180917,201809,CHN,CHINESE,CHN,,,,,,,,USAGOV,THE US,USA,,,,,GOV,,,1,190,190,19,4,-10.0,10,1,10,-0.84985835694051,1,Germany,GM,GM,,51.5,10.5,GM,1,Germany,GM,GM,,51.5,10.5,GM,1,Germany,GM,GM,,51.5,10.5,GM,20181017060000,Fight,Material conflict
795175017,20181017,201810,CHN,CHINA,CHN,,,,,,,,USA,THE US,USA,,,,,,,,1,010,010,01,1,0.0,6,1,6,-3.78548895899054,4,"Qingdao, Shandong, China",CH,CH25,13226,36.0986,120.372,-1922199,4,"Qingdao, Shandong, China",CH,CH25,13226,36.0986,120.372,-1922199,4,"Qingdao, Shandong, China",CH,CH25,13226,36.0986,120.372,-1922199,20181017060000,Make public statement,Verbal cooperation
795175020,20181017,201810,CHN,CHINA,CHN,,,,,,,,USA,THE US,USA,,,,,,,,1,043,043,04,1,2.8,8,1,8,-3.78548895899054,4,"Qingdao, Shandong, China",CH,CH25,13226,36.0986,120.372,-1922199,4,"Qingdao, Shandong, China",CH,CH25,13226,36.0986,120.372,-1922199,4,"Qingdao, Shandong, China",CH,CH25,13226,36.0986,120.372,-1922199,20181017060000,Consult,Verbal cooperation
795176085,20181017,201810,USA,THE US,USA,,,,,,,,CHN,CHINA,CHN,,,,,,,,1,042,042,04,1,1.9,8,1,8,-3.78548895899054,4,"Qingdao, Shandong, China",CH,CH25,13226,36.0986,120.372,-1922199,4,"Qingdao, Shandong, China",CH,CH25,13226,36.0986,120.372,-1922199,4,"Qingdao, Shandong, China",CH,CH25,13226,36.0986,120.372,-1922199,20181017060000,Consult,Verbal cooperation
795182553,20181017,201810,CHN,CHINA,CHN,,,,,,,,USA,AMERICAN,USA,,,,,,,,1,111,111,11,3,-2.0,8,1,7,-0.85910652920962,1,China,CH,CH,,35.0,105.0,CH,1,United States,US,US,,39.828175,-98.5795,US,1,United States,US,US,,39.828175,-98.5795,US,20181017064500,Disapprove,Verbal conflict
795182556,20181017,201810,CHN,CHINA,CHN,,,,,,,,USA,AMERICAN,USA,,,,,,,,1,163,163,16,4,-8.0,6,1,6,-0.85910652920962,1,China,CH,CH,,35.0,105.0,CH,1,United States,US,US,,39.828175,-98.5795,US,1,United States,US,US,,39.828175,-98.5795,US,20181017064500,Reduce relations,Material conflict
795183230,20181017,201810,MNCUSA,ISHARES,USA,,,,,MNC,,,CHN,CHINA,CHN,,,,,,,,1,071,071,07,2,7.4,10,1,10,1.67130919220055,1,China,CH,CH,,35.0,105.0,CH,1,China,CH,CH,,35.0,105.0,CH,1,China,CH,CH,,35.0,105.0,CH,20181017064500,Provide aid,Material cooperation
795205696,20181017,201810,CHN,CHINA,CHN,,,,,,,,USA,UNITED STATES,USA,,,,,,,,1,030,030,03,1,4.0,6,1,6,2.38095238095238,1,China,CH,CH,,35.0,105.0,CH,1,United States,US,US,,39.828175,-98.5795,US,1,China,CH,CH,,35.0,105.0,CH,20181017084500,Express intent to cooperate,Verbal cooperation
795206997,20181017,201810,USA,UNITED STATES,USA,,,,,,,,CHN,CHINA,CHN,,,,,,,,1,030,030,03,1,4.0,6,1,6,2.38095238095238,1,United States,US,US,,39.828175,-98.5795,US,1,China,CH,CH,,35.0,105.0,CH,1,China,CH,CH,,35.0,105.0,CH,20181017084500,Express intent to cooperate,Verbal cooperation
795206998,20181017,201810,USA,THE US,USA,,,,,,,,CHN,CHINA,CHN,,,,,,,,1,111,111,11,3,-2.0,10,1,10,-2.5136612021858,1,China,CH,CH,,35.0,105.0,CH,1,China,CH,CH,,35.0,105.0,CH,1,China,CH,CH,,35.0,105.0,CH,20181017084500,Disapprove,Verbal conflict
795210171,20181017,201810,USA,THE US,USA,,,,,,,,CHN,CHINA,CHN,,,,,,,,1,112,112,11,3,-2.0,10,1,10,-0.75187969924812,1,China,CH,CH,,35.0,105.0,CH,1,China,CH,CH,,35.0,105.0,CH,1,China,CH,CH,,35.0,105.0,CH,20181017090000,Disapprove,Verbal conflict
795214954,20181017,201810,CHN,CHINA,CHN,,,,,,,,USAGOVMEDSEA,VOICE OF AMERICA,USA,,,,,GOV,MED,,1,051,051,05,1,3.4,10,1,10,-3.82022471910112,4,"Beijing, Beijing, China",CH,CH22,13001,39.9289,116.388,-1898541,4,"Beijing, Beijing, China",CH,CH22,13001,39.9289,116.388,-1898541,4,"Beijing, Beijing, China",CH,CH22,13001,39.9289,116.388,-1898541,20181017093000,Engage in diplomatic cooperation,Verbal cooperation
795214955,20181017,201810,CHN,CHINA,CHN,,,,,,,,USAGOVMEDSEA,VOICE OF AMERICA,USA,,,,,GOV,MED,,1,051,051,05,1,3.4,10,1,10,-3.82022471910112,4,"Jinan, Shandong, China",CH,CH25,13238,36.6683,116.997,-1912283,4,"Jinan, Shandong, China",CH,CH25,13238,36.6683,116.997,-1912283,4,"Jinan, Shandong, China",CH,CH25,13238,36.6683,116.997,-1912283,20181017093000,Engage in diplomatic cooperation,Verbal cooperation
795218247,20181017,201810,CHNGOV,SHANGHAI,CHN,,,,,GOV,,,USA,UNITED STATES,USA,,,,,,,,1,057,057,05,1,8.0,18,1,18,1.42914653784219,4,"Shanghai, Shanghai, China",CH,CH23,13243,31.2222,121.458,-1924465,1,United States,US,US,,39.828175,-98.5795,US,4,"Shanghai, Shanghai, China",CH,CH23,13243,31.2222,121.458,-1924465,20181017094500,Engage in diplomatic cooperation,Verbal cooperation
795219227,20181017,201810,USA,UNITED STATES,USA,,,,,,,,CHNGOV,SHANGHAI,CHN,,,,,GOV,,,1,057,057,05,1,8.0,18,1,18,1.42914653784219,1,United States,US,US,,39.828175,-98.5795,US,4,"Shanghai, Shanghai, China",CH,CH23,13243,31.2222,121.458,-1924465,4,"Shanghai, Shanghai, China",CH,CH23,13243,31.2222,121.458,-1924465,20181017094500,Engage in diplomatic cooperation,Verbal cooperation
795220988,20181017,201810,CHN,BEIJING,CHN,,,,,,,,USA,UNITED STATES,USA,,,,,,,,1,111,111,11,3,-2.0,6,2,6,-1.48148148148148,4,"Beijing, Beijing, China",CH,CH22,13001,39.9289,116.388,-1898541,4,"Beijing, Beijing, China",CH,CH22,13001,39.9289,116.388,-1898541,4,"Beijing, Beijing, China",CH,CH22,13001,39.9289,116.388,-1898541,20181017100000,Disapprove,Verbal conflict
795222202,20181017,201810,USA,NEW YORK,USA,,,,,,,,CHN,SHANGHAI,CHN,,,,,,,,1,042,042,04,1,1.9,7,1,7,2.8526148969889,2,"New York, United States",US,USNY,,42.1497,-74.9384,NY,2,"New York, United States",US,USNY,,42.1497,-74.9384,NY,2,"New York, United States",US,USNY,,42.1497,-74.9384,NY,20181017100000,Consult,Verbal cooperation
795225171,20181017,201810,USA,UNITED STATES,USA,,,,,,,,CHNGOV,SHANGHAI,CHN,,,,,GOV,,,1,057,057,05,1,8.0,6,1,6,2.3972602739726,4,"Shanghai, Shanghai, China",CH,CH23,13243,31.2222,121.458,-1924465,4,"Shanghai, Shanghai, China",CH,CH23,13243,31.2222,121.458,-1924465,4,"Shanghai, Shanghai, China",CH,CH23,13243,31.2222,121.458,-1924465,20181017101500,Engage in diplomatic cooperation,Verbal cooperation
795231552,20181017,201810,USA,AMERICAN,USA,,,,,,,,CHN,CHINESE,CHN,,,,,,,,1,051,051,05,1,3.4,10,1,10,2.6369168356998,1,China,CH,CH,,35.0,105.0,CH,1,China,CH,CH,,35.0,105.0,CH,1,China,CH,CH,,35.0,105.0,CH,20181017104500,Engage in diplomatic cooperation,Verbal cooperation
795234633,20181017,201810,USA,THE US,USA,,,,,,,,CHN,CHINA,CHN,,,,,,,,1,070,070,07,2,7.0,7,1,7,-2.98507462686567,1,China,CH,CH,,35.0,105.0,CH,1,China,CH,CH,,35.0,105.0,CH,1,China,CH,CH,,35.0,105.0,CH,20181017110000,Provide aid,Material cooperation
795244534,20181017,201810,USA,WASHINGTON,USA,,,,,,,,CHN,CHINA,CHN,,,,,,,,1,051,051,05,1,3.4,8,1,8,-3.11890838206628,4,"Beijing, Beijing, China",CH,CH22,13001,39.9289,116.388,-1898541,4,"Beijing, Beijing, China",CH,CH22,13001,39.9289,116.388,-1898541,4,"Beijing, Beijing, China",CH,CH22,13001,39.9289,116.388,-1898541,20181017114500,Engage in diplomatic cooperation,Verbal cooperation
795254852,20181017,201810,USA,WASHINGTON,USA,,,,,,,,CHN,CHINA,CHN,,,,,,,,1,100,100,10,3,-5.0,20,1,20,-1.91176470588236,3,"Washington, District of Columbia, United States",US,USDC,DC001,38.8951,-77.0364,531871,3,"Washington, District of Columbia, United States",US,USDC,DC001,38.8951,-77.0364,531871,3,"Washington, District of Columbia, United States",US,USDC,DC001,38.8951,-77.0364,531871,20181017123000,Demand,Verbal conflict
795257000,20181017,201810,CHN,BEIJING,CHN,,,,,,,,USAMIL,AMERICAN,USA,,,,,MIL,,,1,050,050,05,1,3.5,6,1,6,-4.15754923413567,4,"Beijing, Beijing, China",CH,CH22,13001,39.9289,116.388,-1898541,4,"Beijing, Beijing, China",CH,CH22,13001,39.9289,116.388,-1898541,4,"Beijing, Beijing, China",CH,CH22,13001,39.9289,116.388,-1898541,20181017124500,Engage in diplomatic cooperation,Verbal cooperation
795267954,20181017,201810,CHN,CHINA,CHN,,,,,,,,USA,WASHINGTON,USA,,,,,,,,1,120,120,12,3,-4.0,7,1,7,-2.25385527876631,4,"Shanghai, Shanghai, China",CH,CH23,13243,31.2222,121.458,-1924465,3,"Washington, District of Columbia, United States",US,USDC,DC001,38.8951,-77.0364,531871,4,"Shanghai, Shanghai, China",CH,CH23,13243,31.2222,121.458,-1924465,20181017133000,Reject,Verbal conflict
795273360,20181017,201810,MNCUSAMED,GOOGLE,USA,,,,,MNC,MED,,CHN,CHINA,CHN,,,,,,,,1,1721,172,17,4,-5.0,10,1,10,-1.99252801992528,3,"San Francisco, California, United States",US,USCA,CA075,37.7749,-122.419,277593,3,"San Francisco, California, United States",US,USCA,,37.7749,-122.419,277593,3,"San Francisco, California, United States",US,USCA,,37.7749,-122.419,277593,20181017134500,Coerce,Material conflict
795279555,20181017,201810,CHN,CHINESE,CHN,,,,,,,,USA,THE US,USA,,,,,,,,1,012,012,01,1,-0.4,7,1,7,-1.55844155844156,4,"Lu Kang, Anhui, China",CH,CH01,13144,31.2728,118.337,-1916844,4,"Lu Kang, Anhui, China",CH,CH01,13144,31.2728,118.337,-1916844,4,"Lu Kang, Anhui, China",CH,CH01,13144,31.2728,118.337,-1916844,20181017141500,Make public statement,Verbal cooperation
795279559,20181017,201810,CHN,BEIJING,CHN,,,,,,,,USAMIL,A US,USA,,,,,MIL,,,1,012,012,01,1,-0.4,6,1,6,-1.55844155844156,4,"Beijing, Beijing, China",CH,CH22,13001,39.9289,116.388,-1898541,3,"Washington, District of Columbia, United States",US,USDC,DC001,38.8951,-77.0364,531871,4,"Beijing, Beijing, China",CH,CH22,13001,39.9289,116.388,-1898541,20181017141500,Make public statement,Verbal cooperation
795283190,20181017,201810,CHN,CHINA,CHN,,,,,,,,USA,NEW ORLEANS,USA,,,,,,,,1,043,043,04,1,2.8,10,1,10,0.0,1,China,CH,CH,,35.0,105.0,CH,1,China,CH,CH,,35.0,105.0,CH,1,China,CH,CH,,35.0,105.0,CH,20181017143000,Consult,Verbal cooperation
795285132,20181017,201810,USA,NEW ORLEANS,USA,,,,,,,,CHN,CHINA,CHN,,,,,,,,1,042,042,04,1,1.9,10,1,10,0.0,1,China,CH,CH,,35.0,105.0,CH,1,China,CH,CH,,35.0,105.0,CH,1,China,CH,CH,,35.0,105.0,CH,20181017143000,Consult,Verbal cooperation
795288345,20181017,201810,MNCUSA,BOEING,USA,,,,,MNC,,,CHN,CHINA,CHN,,,,,,,,1,010,010,01,1,0.0,10,1,10,0.896860986547087,1,United States,US,US,,39.828175,-98.5795,US,1,China,CH,CH,,35.0,105.0,CH,1,China,CH,CH,,35.0,105.0,CH,20181017144500,Make public statement,Verbal cooperation
795310245,20181017,201810,CHN,CHINA,CHN,,,,,,,,USA,FLORIDA,USA,,,,,,,,1,110,110,11,3,-2.0,6,1,6,-3.87652548456569,4,"Beijing, Beijing, China",CH,CH22,13001,39.9289,116.388,-1898541,1,Russia,RS,RS,,60.0,100.0,RS,4,"Beijing, Beijing, China",CH,CH22,13001,39.9289,116.388,-1898541,20181017161500,Disapprove,Verbal conflict
795324374,20181017,201810,USAGOV,THE WHITE HOUSE,USA,,,,,GOV,,,CHN,CHINA,CHN,,,,,,,,1,020,020,02,1,3.0,6,1,6,-3.33333333333334,1,Russia,RS,RS,,60.0,100.0,RS,1,Russia,RS,RS,,60.0,100.0,RS,1,Russia,RS,RS,,60.0,100.0,RS,20181017170000,Appeal,Verbal cooperation
795328100,20181017,201810,USAGOV,US OFFICIAL,USA,,,,,GOV,,,CHN,CHINA,CHN,,,,,,,,1,010,010,01,1,0.0,40,2,20,-1.55038759689923,4,"Beijing, Beijing, China",CH,CH22,13001,39.9289,116.388,-1898541,4,"Beijing, Beijing, China",CH,CH22,13001,39.9289,116.388,-1898541,4,"Beijing, Beijing, China",CH,CH22,13001,39.9289,116.388,-1898541,20181017171500,Make public statement,Verbal cooperation
795340579,20181017,201810,CHN,SHANGHAI,CHN,,,,,,,,USA,UNITED STATES,USA,,,,,,,,1,043,043,04,1,2.8,6,1,6,-0.70175438596491,4,"Shanghai, Shanghai, China",CH,CH23,13243,31.2222,121.458,-1924465,1,United States,US,US,,39.828175,-98.5795,US,4,"Shanghai, Shanghai, China",CH,CH23,13243,31.2222,121.458,-1924465,20181017181500,Consult,Verbal cooperation
795341970,20181017,201810,USA,UNITED STATES,USA,,,,,,,,CHN,SHANGHAI,CHN,,,,,,,,1,042,042,04,1,1.9,6,1,6,-0.70175438596491,1,United States,US,US,,39.828175,-98.5795,US,4,"Shanghai, Shanghai, China",CH,CH23,13243,31.2222,121.458,-1924465,4,"Shanghai, Shanghai, China",CH,CH23,13243,31.2222,121.458,-1924465,20181017181500,Consult,Verbal cooperation
795343745,20181017,201810,CHN,CHINA,CHN,,,,,,,,USA,UNITED STATES,USA,,,,,,,,1,051,051,05,1,3.4,6,1,6,-0.35618878005342,4,"Beijing, Beijing, China",CH,CH22,13001,39.9289,116.388,-1898541,3,"Statue Of Liberty, New York, United States",US,USNY,,40.689,-74.0443,1934644,4,"Beijing, Beijing, China",CH,CH22,13001,39.9289,116.388,-1898541,20181017183000,Engage in diplomatic cooperation,Verbal cooperation
795344471,20181017,201810,MNCUSAMED,GOOGLE,USA,,,,,MNC,MED,,CHN,CHINA,CHN,,,,,,,,1,013,013,01,1,0.4,10,1,10,-2.16606498194946,1,China,CH,CH,,35.0,105.0,CH,1,China,CH,CH,,35.0,105.0,CH,1,China,CH,CH,,35.0,105.0,CH,20181017183000,Make public statement,Verbal cooperation
795344816,20181017,201810,USA,THE US,USA,,,,,,,,CHN,CHINA,CHN,,,,,,,,1,190,190,19,4,-10.0,10,1,10,-1.03092783505155,2,"New York, United States",US,USNY,,42.1497,-74.9384,NY,1,China,CH,CH,,35.0,105.0,CH,1,China,CH,CH,,35.0,105.0,CH,20181017183000,Fight,Material conflict
795348451,20181017,201810,USA,SOUTH CAROLINA,USA,,,,,,,,CHN,CHINA,CHN,,,,,,,,1,061,061,06,2,6.4,8,1,8,-4.57142857142857,2,"Virginia, United States",US,USVA,,37.768,-78.2057,VA,2,"Virginia, United States",US,USVA,,37.768,-78.2057,VA,2,"Virginia, United States",US,USVA,,37.768,-78.2057,VA,20181017184500,Engage in material cooperation,Material cooperation
795348453,20181017,201810,USA,WASHINGTON,USA,,,,,,,,CHN,CHINESE,CHN,,,,,,,,1,160,160,16,4,-4.0,8,1,8,-3.12174817898023,1,China,CH,CH,,35.0,105.0,CH,1,China,CH,CH,,35.0,105.0,CH,1,China,CH,CH,,35.0,105.0,CH,20181017184500,Reduce relations,Material conflict
795352284,20181017,201810,USAMIL,A US,USA,,,,,MIL,,,CHN,BEIJING,CHN,,,,,,,,1,012,012,01,1,-0.4,8,1,8,-3.31753554502369,4,"Beijing, Beijing, China",CH,CH22,13001,39.9289,116.388,-1898541,4,"Beijing, Beijing, China",CH,CH22,13001,39.9289,116.388,-1898541,4,"Lu Kang, Zhanghua Xian, Taiwan",TW,TW05,13277,24.0558,120.435,-2633646,20181017190000,Make public statement,Verbal cooperation
795353783,20181017,201810,CHN,CHINA,CHN,,,,,,,,USA,UNITED STATES,USA,,,,,,,,1,030,030,03,1,4.0,12,2,12,-4.30606097182024,1,Iran,IR,IR,,32.0,53.0,IR,1,Iran,IR,IR,,32.0,53.0,IR,1,Iran,IR,IR,,32.0,53.0,IR,20181017191500,Express intent to cooperate,Verbal cooperation
795360729,20181017,201810,MNCUSAMED,GOOGLE,USA,,,,,MNC,MED,,CHN,CHINESE,CHN,,,,,,,,1,090,090,09,2,-2.0,8,1,8,-2.49042145593869,2,"New York, United States",US,USNY,,42.1497,-74.9384,NY,2,"New York, United States",US,USNY,,42.1497,-74.9384,NY,2,"New York, United States",US,USNY,,42.1497,-74.9384,NY,20181017194500,Investigate,Material cooperation
795361083,20181017,201810,USA,WASHINGTON,USA,,,,,,,,CHN,CHINA,CHN,,,,,,,,1,090,090,09,2,-2.0,6,2,6,-1.20332819253251,4,"Shanxi, Fujian, China",CH,CH07,13167,26.9512,116.692,10771269,4,"Shanxi, Fujian, China",CH,CH07,13167,26.9512,116.692,10771269,4,"Shanxi, Fujian, China",CH,CH07,13167,26.9512,116.692,10771269,20181017194500,Investigate,Material cooperation
795361283,20181017,201810,USAGOV,UNITED STATES,USA,,,,,GOV,,,CHN,CHINA,CHN,,,,,,,,1,111,111,11,3,-2.0,10,1,10,-6.26151012891344,4,"Beijing, Beijing, China",CH,CH22,13001,39.9289,116.388,-1898541,4,"Beijing, Beijing, China",CH,CH22,13001,39.9289,116.388,-1898541,4,"Beijing, Beijing, China",CH,CH22,13001,39.9289,116.388,-1898541,20181017194500,Disapprove,Verbal conflict
795362717,20181017,201810,CHN,BEIJING,CHN,,,,,,,,USA,WASHINGTON,USA,,,,,,,,1,057,057,05,1,8.0,6,1,6,-0.95923261390888,4,"Beijing, Beijing, China",CH,CH22,13001,39.9289,116.388,-1898541,3,"Washington, District of Columbia, United States",US,USDC,DC001,38.8951,-77.0364,531871,3,"Washington, District of Columbia, United States",US,USDC,DC001,38.8951,-77.0364,531871,20181017200000,Engage in diplomatic cooperation,Verbal cooperation
795362721,20181017,201810,CHN,BEIJING,CHN,,,,,,,,USAMIL,A US,USA,,,,,MIL,,,1,012,012,01,1,-0.4,6,1,6,-3.584229390681,4,"Lu Kang, Zhanghua Xian, Taiwan",TW,TW05,13277,24.0558,120.435,-2633646,1,Spratly Islands,PG,PG,,10.369,115.06,PG,1,Spratly Islands,PG,PG,,10.369,115.06,PG,20181017200000,Make public statement,Verbal cooperation
795363939,20181017,201810,USA,WASHINGTON,USA,,,,,,,,CHN,BEIJING,CHN,,,,,,,,1,057,057,05,1,8.0,6,1,6,-0.95923261390888,3,"Washington, District of Columbia, United States",US,USDC,DC001,38.8951,-77.0364,531871,4,"Beijing, Beijing, China",CH,CH22,13001,39.9289,116.388,-1898541,3,"Washington, District of Columbia, United States",US,USDC,DC001,38.8951,-77.0364,531871,20181017200000,Engage in diplomatic cooperation,Verbal cooperation
795365452,20181017,201810,CHN,BEIJING,CHN,,,,,,,,USAMIL,A US,USA,,,,,MIL,,,1,012,012,01,1,-0.4,6,1,6,-3.41296928327645,4,"Beijing, Beijing, China",CH,CH22,13001,39.9289,116.388,-1898541,4,"Lu Kang, Zhanghua Xian, Taiwan",TW,TW05,13277,24.0558,120.435,-2633646,4,"Beijing, Beijing, China",CH,CH22,13001,39.9289,116.388,-1898541,20181017201500,Make public statement,Verbal cooperation
795375268,20181017,201810,USA,OHIO,USA,,,,,,,,CHN,CHINESE,CHN,,,,,,,,1,051,051,05,1,3.4,7,1,7,-1.79948586118252,2,"Ohio, United States",US,USOH,,40.3736,-82.7755,OH,1,China,CH,CH,,35.0,105.0,CH,1,China,CH,CH,,35.0,105.0,CH,20181017210000,Engage in diplomatic cooperation,Verbal cooperation
795375269,20181017,201810,USA,A US,USA,,,,,,,,CHN,CHINESE,CHN,,,,,,,,1,071,071,07,2,7.4,10,1,10,1.64835164835165,4,"Xiaomi, Fujian, China",CH,CH07,13163,25.2225,116.057,10999868,4,"Xiaomi, Fujian, China",CH,CH07,13163,25.2225,116.057,10999868,4,"Xiaomi, Fujian, China",CH,CH07,13163,25.2225,116.057,10999868,20181017210000,Provide aid,Material cooperation
795379353,20181017,201810,CHN,CHINESE,CHN,,,,,,,,USA,UNITED STATES,USA,,,,,,,,1,057,057,05,1,8.0,8,1,8,-2.76497695852535,1,United States,US,US,,39.828175,-98.5795,US,1,United States,US,US,,39.828175,-98.5795,US,4,"Shanghai, Shanghai, China",CH,CH23,13243,31.2222,121.458,-1924465,20181017213000,Engage in diplomatic cooperation,Verbal cooperation
795379354,20181017,201810,CHN,CHINA,CHN,,,,,,,,USAMED,REUTERS,USA,,,,,MED,,,1,013,013,01,1,0.4,6,1,6,-3.14465408805031,4,"Xiangqian, Jiangsu, China",CH,CH04,13149,31.762,120.773,10634040,4,"Xiangqian, Jiangsu, China",CH,CH04,13149,31.762,120.773,10634040,4,"Xiangqian, Jiangsu, China",CH,CH04,13149,31.762,120.773,10634040,20181017213000,Make public statement,Verbal cooperation
795380853,20181017,201810,USA,UNITED STATES,USA,,,,,,,,CHN,CHINESE,CHN,,,,,,,,1,057,057,05,1,8.0,8,1,8,-2.76497695852535,4,"Shanghai, Shanghai, China",CH,CH23,13243,31.2222,121.458,-1924465,4,"Shanghai, Shanghai, China",CH,CH23,13243,31.2222,121.458,-1924465,4,"Shanghai, Shanghai, China",CH,CH23,13243,31.2222,121.458,-1924465,20181017213000,Engage in diplomatic cooperation,Verbal cooperation
795388753,20181017,201810,USA,WASHINGTON,USA,,,,,,,,CHN,CHINA,CHN,,,,,,,,1,042,042,04,1,1.9,6,1,6,-3.88127853881278,3,"Decatur, Washington, United States",US,USWA,WA055,48.5004,-122.82,1534563,3,"Decatur, Washington, United States",US,USWA,WA055,48.5004,-122.82,1534563,3,"Decatur, Washington, United States",US,USWA,WA055,48.5004,-122.82,1534563,20181017221500,Consult,Verbal cooperation
795388754,20181017,201810,USA,WASHINGTON,USA,,,,,,,,CHN,CHINA,CHN,,,,,,,,1,110,110,11,3,-2.0,6,1,6,-3.88127853881278,2,"Washington, United States",US,USWA,,47.3917,-121.571,WA,4,"South China Sea, Brunei (general), Brunei",BX,BX00,,15.0,115.0,-1337919,4,"South China Sea, Brunei (general), Brunei",BX,BX00,,15.0,115.0,-1337919,20181017221500,Disapprove,Verbal conflict
795396500,20181017,201810,USA,OHIO,USA,,,,,,,,CHNBUS,CHINESE,CHN,,,,,BUS,,,1,010,010,01,1,0.0,6,1,6,-3.84615384615385,2,"Ohio, United States",US,USOH,,40.3736,-82.7755,OH,1,China,CH,CH,,35.0,105.0,CH,2,"New York, United States",US,USNY,,42.1497,-74.9384,NY,20181017230000,Make public statement,Verbal cooperation
795402968,20181017,201810,CHN,SHANGHAI,CHN,,,,,,,,USA,UTAH,USA,,,,,,,,1,043,043,04,1,2.8,14,2,14,4.75594493116396,4,"Shanghai, Shanghai, China",CH,CH23,13243,31.2222,121.458,-1924465,2,"Utah, United States",US,USUT,,40.1135,-111.854,UT,2,"Utah, United States",US,USUT,,40.1135,-111.854,UT,20181017234500,Consult,Verbal cooperation
795402974,20181017,201810,CHN,CHINA,CHN,,,,,,,,USAMED,REUTERS,USA,,,,,MED,,,1,010,010,01,1,0.0,6,1,6,-3.7199124726477,4,"Beibei, Chongqing, China",CH,CH33,13004,29.8256,106.434,-1898403,4,"London, London, City of, United Kingdom",UK,UKH9,40110,51.5,-0.116667,-2601889,4,"London, London, City of, United Kingdom",UK,UKH9,40110,51.5,-0.116667,-2601889,20181017234500,Make public statement,Verbal cooperation
795403896,20181017,201810,USA,UTAH,USA,,,,,,,,CHN,SHANGHAI,CHN,,,,,,,,1,042,042,04,1,1.9,14,2,14,4.75594493116396,2,"Utah, United States",US,USUT,,40.1135,-111.854,UT,4,"Shanghai, Shanghai, China",CH,CH23,13243,31.2222,121.458,-1924465,2,"Utah, United States",US,USUT,,40.1135,-111.854,UT,20181017234500,Consult,Verbal cooperation
795403897,20181017,201810,USA,UTAH,USA,,,,,,,,CHN,CHINA,CHN,,,,,,,,1,042,042,04,1,1.9,16,2,16,4.75594493116396,2,"Utah, United States",US,USUT,,40.1135,-111.854,UT,2,"Utah, United States",US,USUT,,40.1135,-111.854,UT,2,"Utah, United States",US,USUT,,40.1135,-111.854,UT,20181017234500,Consult,Verbal cooperation
795403903,20181017,201810,USA,UTAH,USA,,,,,,,,CHN,CHINA,CHN,,,,,,,,1,061,061,06,2,6.4,18,2,14,4.75594493116396,2,"Utah, United States",US,USUT,,40.1135,-111.854,UT,4,"Beijing, Beijing, China",CH,CH22,13001,39.9289,116.388,-1898541,2,"Utah, United States",US,USUT,,40.1135,-111.854,UT,20181017234500,Engage in material cooperation,Material cooperation
795405962,20181018,201810,CHN,CHINA,CHN,,,,,,,,USA,WASHINGTON,USA,,,,,,,,1,043,043,04,1,2.8,24,4,24,-2.30179028132993,4,"South China Sea, Brunei (general), Brunei",BX,BX00,,15.0,115.0,-1337919,2,"Washington, United States",US,USWA,,47.3917,-121.571,WA,4,"South China Sea, Brunei (general), Brunei",BX,BX00,,15.0,115.0,-1337919,20181018000000,Consult,Verbal cooperation
795405967,20181018,201810,CHN,CHINA,CHN,,,,,,,,USAMED,REUTERS,USA,,,,,MED,,,1,010,010,01,1,0.0,6,1,6,-3.14814814814814,4,"Beibei, Chongqing, China",CH,CH33,13004,29.8256,106.434,-1898403,4,"London, London, City of, United Kingdom",UK,UKH9,40110,51.5,-0.116667,-2601889,4,"London, London, City of, United Kingdom",UK,UKH9,40110,51.5,-0.116667,-2601889,20181018000000,Make public statement,Verbal cooperation
795409459,20181018,201810,USA,WASHINGTON,USA,,,,,,,,CHN,CHINA,CHN,,,,,,,,1,042,042,04,1,1.9,24,4,24,-2.30179028132993,3,"Decatur, Washington, United States",US,USWA,WA055,48.5004,-122.82,1534563,3,"Decatur, Washington, United States",US,USWA,WA055,48.5004,-122.82,1534563,3,"Decatur, Washington, United States",US,USWA,WA055,48.5004,-122.82,1534563,20181018000000,Consult,Verbal cooperation
795409460,20181018,201810,USA,AMERICAN,USA,,,,,,,,CHN,CHINESE,CHN,,,,,,,,1,051,051,05,1,3.4,8,1,8,-3.26223337515684,1,China,CH,CH,,35.0,105.0,CH,1,China,CH,CH,,35.0,105.0,CH,1,China,CH,CH,,35.0,105.0,CH,20181018000000,Engage in diplomatic cooperation,Verbal cooperation
795409461,20181018,201810,USA,WASHINGTON,USA,,,,,,,,CHN,CHINA,CHN,,,,,,,,1,110,110,11,3,-2.0,24,4,24,-2.30179028132993,2,"Washington, United States",US,USWA,,47.3917,-121.571,WA,4,"South China Sea, Brunei (general), Brunei",BX,BX00,,15.0,115.0,-1337919,4,"South China Sea, Brunei (general), Brunei",BX,BX00,,15.0,115.0,-1337919,20181018000000,Disapprove,Verbal conflict
795409463,20181018,201810,USA,WASHINGTON,USA,,,,,,,,CHN,CHINA,CHN,,,,,,,,1,111,111,11,3,-2.0,8,5,8,-4.00570753870738,4,"Beijing, Beijing, China",CH,CH22,13001,39.9289,116.388,-1898541,4,"Beijing, Beijing, China",CH,CH22,13001,39.9289,116.388,-1898541,4,"Beijing, Beijing, China",CH,CH22,13001,39.9289,116.388,-1898541,20181018000000,Disapprove,Verbal conflict
795409464,20181018,201810,USA,WASHINGTON,USA,,,,,,,,CHN,CHINA,CHN,,,,,,,,1,111,111,11,3,-2.0,6,1,6,-5.70962479608483,3,"Washington, District of Columbia, United States",US,USDC,DC001,38.8951,-77.0364,531871,4,"Beijing, Beijing, China",CH,CH22,13001,39.9289,116.388,-1898541,4,"Beijing, Beijing, China",CH,CH22,13001,39.9289,116.388,-1898541,20181018000000,Disapprove,Verbal conflict
795411643,20181018,201810,CHN,CHINA,CHN,,,,,,,,USA,UNITED STATES,USA,,,,,,,,1,030,030,03,1,4.0,12,2,12,-4.16184971098266,1,Iran,IR,IR,,32.0,53.0,IR,1,Iran,IR,IR,,32.0,53.0,IR,1,Iran,IR,IR,,32.0,53.0,IR,20181018001500,Express intent to cooperate,Verbal cooperation
795411654,20181018,201810,CHN,CHINA,CHN,,,,,,,,USAGOV,UNITED STATES,USA,,,,,GOV,,,1,042,042,04,1,1.9,12,1,10,-0.71942446043165,4,"Beijing, Beijing, China",CH,CH22,13001,39.9289,116.388,-1898541,3,"Hollywood, California, United States",US,USCA,CA037,34.0983,-118.327,1660757,4,"Beijing, Beijing, China",CH,CH22,13001,39.9289,116.388,-1898541,20181018001500,Consult,Verbal cooperation
795411664,20181018,201810,CHNGOV,BEIJING,CHN,,,,,GOV,,,USAGOV,UNITED STATES,USA,,,,,GOV,,,1,042,042,04,1,1.9,6,1,6,-0.71942446043165,4,"Beijing, Beijing, China",CH,CH22,13001,39.9289,116.388,-1898541,3,"Hollywood, California, United States",US,USCA,CA037,34.0983,-118.327,1660757,4,"Beijing, Beijing, China",CH,CH22,13001,39.9289,116.388,-1898541,20181018001500,Consult,Verbal cooperation
795413972,20181018,201810,USA,AMERICAN,USA,,,,,,,,CHN,CHINA,CHN,,,,,,,,1,017,017,01,1,0.0,7,1,7,-1.30486358244366,1,India,IN,IN,,20.0,77.0,IN,1,India,IN,IN,,20.0,77.0,IN,1,India,IN,IN,,20.0,77.0,IN,20181018001500,Make public statement,Verbal cooperation
795414375,20181018,201810,USAGOV,THE WHITE HOUSE,USA,,,,,GOV,,,CHN,CHINA,CHN,,,,,,,,1,020,020,02,1,3.0,6,1,6,-3.18772136953956,1,Russia,RS,RS,,60.0,100.0,RS,1,Russia,RS,RS,,60.0,100.0,RS,1,Russia,RS,RS,,60.0,100.0,RS,20181018001500,Appeal,Verbal cooperation
795414376,20181018,201810,USAGOV,UNITED STATES,USA,,,,,GOV,,,CHN,CHINA,CHN,,,,,,,,1,043,043,04,1,2.8,7,1,7,-0.71942446043165,4,"Beijing, Beijing, China",CH,CH22,13001,39.9289,116.388,-1898541,4,"Beijing, Beijing, China",CH,CH22,13001,39.9289,116.388,-1898541,4,"Beijing, Beijing, China",CH,CH22,13001,39.9289,116.388,-1898541,20181018001500,Consult,Verbal cooperation
795414378,20181018,201810,USAGOV,UNITED STATES,USA,,,,,GOV,,,CHNGOV,BEIJING,CHN,,,,,GOV,,,1,043,043,04,1,2.8,6,1,6,-0.71942446043165,3,"Hollywood, California, United States",US,USCA,CA037,34.0983,-118.327,1660757,4,"Beijing, Beijing, China",CH,CH22,13001,39.9289,116.388,-1898541,4,"Beijing, Beijing, China",CH,CH22,13001,39.9289,116.388,-1898541,20181018001500,Consult,Verbal cooperation
795416462,20181018,201810,CHN,SHANGHAI,CHN,,,,,,,,USA,SAN DIEGO,USA,,,,,,,,1,043,043,04,1,2.8,10,1,10,0.71047957371225,4,"Shanghai, Shanghai, China",CH,CH23,13243,31.2222,121.458,-1924465,3,"San Diego, California, United States",US,USCA,,32.7153,-117.157,1661377,4,"Shanghai, Shanghai, China",CH,CH23,13243,31.2222,121.458,-1924465,20181018003000,Consult,Verbal cooperation
795418436,20181018,201810,USA,SAN DIEGO,USA,,,,,,,,CHN,SHANGHAI,CHN,,,,,,,,1,042,042,04,1,1.9,10,1,10,0.71047957371225,4,"Shanghai, Shanghai, China",CH,CH23,13243,31.2222,121.458,-1924465,4,"Shanghai, Shanghai, China",CH,CH23,13243,31.2222,121.458,-1924465,4,"Shanghai, Shanghai, China",CH,CH23,13243,31.2222,121.458,-1924465,20181018003000,Consult,Verbal cooperation
795426412,20181018,201810,USA,SAN FRANCISCO,USA,,,,,,,,CHN,CHINESE,CHN,,,,,,,,1,090,090,09,2,-2.0,10,1,10,0.91743119266055,1,China,CH,CH,,35.0,105.0,CH,1,China,CH,CH,,35.0,105.0,CH,1,China,CH,CH,,35.0,105.0,CH,20181018010000,Investigate,Material cooperation
795428466,20181018,201810,CHN,CHINESE,CHN,,,,,,,,USA,UNITED STATES,USA,,,,,,,,1,010,010,01,1,0.0,10,1,10,-3.46385542168674,1,China,CH,CH,,35.0,105.0,CH,1,United States,US,US,,39.828175,-98.5795,US,1,United States,US,US,,39.828175,-98.5795,US,20181018011500,Make public statement,Verbal cooperation
795428468,20181018,201810,CHN,CHINA,CHN,,,,,,,,USA,THE US,USA,,,,,,,,1,030,030,03,1,4.0,10,1,10,0.94936708860759,1,China,CH,CH,,35.0,105.0,CH,1,China,CH,CH,,35.0,105.0,CH,1,China,CH,CH,,35.0,105.0,CH,20181018011500,Express intent to cooperate,Verbal cooperation
795428470,20181018,201810,CHN,CHINA,CHN,,,,,,,,USA,THE US,USA,,,,,,,,1,090,090,09,2,-2.0,10,1,10,0.94936708860759,1,China,CH,CH,,35.0,105.0,CH,1,China,CH,CH,,35.0,105.0,CH,1,China,CH,CH,,35.0,105.0,CH,20181018011500,Investigate,Material cooperation
795429618,20181018,201810,MNCUSAMED,GOOGLE,USA,,,,,MNC,MED,,CHN,CHINA,CHN,,,,,,,,1,020,020,02,1,3.0,6,1,6,-1.52963671128107,3,"White House, District of Columbia, United States",US,USDC,,38.8951,-77.0364,531871,1,China,CH,CH,,35.0,105.0,CH,1,China,CH,CH,,35.0,105.0,CH,20181018011500,Appeal,Verbal cooperation
795432178,20181018,201810,CHN,CHINA,CHN,,,,,,,,USA,CHICAGO,USA,,,,,,,,1,057,057,05,1,8.0,10,1,10,5.5793991416309,4,"Shanghai, Shanghai, China",CH,CH23,13243,31.2222,121.458,-1924465,3,"Chicago, Illinois, United States",US,USIL,IL031,41.85,-87.6501,423587,4,"Shanghai, Shanghai, China",CH,CH23,13243,31.2222,121.458,-1924465,20181018013000,Engage in diplomatic cooperation,Verbal cooperation
795433770,20181018,201810,USA,CHICAGO,USA,,,,,,,,CHN,CHINA,CHN,,,,,,,,1,057,057,05,1,8.0,10,1,10,5.5793991416309,3,"Chicago, Illinois, United States",US,USIL,IL031,41.85,-87.6501,423587,4,"Shanghai, Shanghai, China",CH,CH23,13243,31.2222,121.458,-1924465,4,"Shanghai, Shanghai, China",CH,CH23,13243,31.2222,121.458,-1924465,20181018013000,Engage in diplomatic cooperation,Verbal cooperation
795447997,20181018,201810,CHN,CHINA,CHN,,,,,,,,USA,UNITED STATES,USA,,,,,,,,1,061,061,06,2,6.4,6,1,6,4.01284109149278,1,China,CH,CH,,35.0,105.0,CH,1,United States,US,US,,39.828175,-98.5795,US,1,United States,US,US,,39.828175,-98.5795,US,20181018024500,Engage in material cooperation,Material cooperation
795449285,20181018,201810,USA,UNITED STATES,USA,,,,,,,,CHN,CHINA,CHN,,,,,,,,1,061,061,06,2,6.4,10,1,10,4.01284109149278,1,Canada,CA,CA,,60.0,-96.0,CA,1,Canada,CA,CA,,60.0,-96.0,CA,1,Canada,CA,CA,,60.0,-96.0,CA,20181018024500,Engage in material cooperation,Material cooperation
795450760,20181018,201810,CHNGOV,CHINESE,CHN,,,,,GOV,,,MNCUSAMED,GOOGLE,USA,,,,,MNC,MED,,1,040,040,04,1,1.0,6,1,6,3.02197802197802,1,China,CH,CH,,35.0,105.0,CH,1,China,CH,CH,,35.0,105.0,CH,1,China,CH,CH,,35.0,105.0,CH,20181018030000,Consult,Verbal cooperation
795451510,20181018,201810,MNCUSAMED,GOOGLE,USA,,,,,MNC,MED,,CHN,CHINA,CHN,,,,,,,,1,090,090,09,2,-2.0,10,1,10,3.02197802197802,4,"Pune, Maharashtra, India",IN,IN16,70178,18.5333,73.8667,-2108361,4,"Pune, Maharashtra, India",IN,IN16,70178,18.5333,73.8667,-2108361,4,"Pune, Maharashtra, India",IN,IN16,70178,18.5333,73.8667,-2108361,20181018030000,Investigate,Material cooperation
795451511,20181018,201810,MNCUSAMED,GOOGLE,USA,,,,,MNC,MED,,CHNGOV,CHINESE,CHN,,,,,GOV,,,1,020,020,02,1,3.0,6,1,6,3.02197802197802,1,China,CH,CH,,35.0,105.0,CH,1,China,CH,CH,,35.0,105.0,CH,1,China,CH,CH,,35.0,105.0,CH,20181018030000,Appeal,Verbal cooperation
795451512,20181018,201810,MNCUSAMED,GOOGLE,USA,,,,,MNC,MED,,CHNGOV,CHINESE,CHN,,,,,GOV,,,1,030,030,03,1,4.0,6,1,6,3.02197802197802,1,China,CH,CH,,35.0,105.0,CH,1,China,CH,CH,,35.0,105.0,CH,1,China,CH,CH,,35.0,105.0,CH,20181018030000,Express intent to cooperate,Verbal cooperation
795451513,20181018,201810,MNCUSAMED,GOOGLE,USA,,,,,MNC,MED,,CHNGOV,CHINESE,CHN,,,,,GOV,,,1,040,040,04,1,1.0,6,1,6,3.02197802197802,1,China,CH,CH,,35.0,105.0,CH,1,China,CH,CH,,35.0,105.0,CH,1,China,CH,CH,,35.0,105.0,CH,20181018030000,Consult,Verbal cooperation
795453050,20181018,201810,CHN,CHINA,CHN,,,,,,,,USAGOVBUS,US TREASURY,USA,,,,,GOV,BUS,,1,120,120,12,3,-4.0,35,1,35,-4.82114511346822,4,"Beijing, Beijing, China",CH,CH22,13001,39.9289,116.388,-1898541,4,"Beijing, Beijing, China",CH,CH22,13001,39.9289,116.388,-1898541,4,"Beijing, Beijing, China",CH,CH22,13001,39.9289,116.388,-1898541,20181018031500,Reject,Verbal conflict
795454231,20181018,201810,USA,UNITED STATES,USA,,,,,,,,CHN,CHINA,CHN,,,,,,,,1,130,130,13,3,-4.4,8,1,8,-4.66321243523316,1,Japan,JA,JA,,36.0,138.0,JA,1,China,CH,CH,,35.0,105.0,CH,1,China,CH,CH,,35.0,105.0,CH,20181018031500,Threaten,Verbal conflict
795456483,20181018,201810,USA,THE US,USA,,,,,,,,CHN,BEIJING,CHN,,,,,,,,1,163,163,16,4,-8.0,10,1,10,-5.77689243027888,4,"Moscow, Moskva, Russia",RS,RS48,25106,55.7522,37.6156,-2960561,4,"Beijing, Beijing, China",CH,CH22,13001,39.9289,116.388,-1898541,4,"Beijing, Beijing, China",CH,CH22,13001,39.9289,116.388,-1898541,20181018033000,Reduce relations,Material conflict
795459819,20181018,201810,USA,WASHINGTON,USA,,,,,,,,CHN,CHINA,CHN,,,,,,,,1,111,111,11,3,-2.0,8,1,8,-5.79470198675496,3,"Washington, District of Columbia, United States",US,USDC,DC001,38.8951,-77.0364,531871,3,"Washington, District of Columbia, United States",US,USDC,DC001,38.8951,-77.0364,531871,3,"Washington, District of Columbia, United States",US,USDC,DC001,38.8951,-77.0364,531871,20181018034500,Disapprove,Verbal conflict
795461384,20181018,201810,CHN,BEIJING,CHN,,,,,,,,USAMIL,A US,USA,,,,,MIL,,,1,012,012,01,1,-0.4,6,1,6,-3.77358490566038,4,"Lu Kang, Zhanghua Xian, Taiwan",TW,TW05,13277,24.0558,120.435,-2633646,1,Spratly Islands,PG,PG,,10.369,115.06,PG,1,Spratly Islands,PG,PG,,10.369,115.06,PG,20181018040000,Make public statement,Verbal cooperation
795462292,20181018,201810,USAMIL,A US,USA,,,,,MIL,,,CHN,BEIJING,CHN,,,,,,,,1,012,012,01,1,-0.4,8,1,8,-3.77358490566038,4,"Beijing, Beijing, China",CH,CH22,13001,39.9289,116.388,-1898541,4,"Beijing, Beijing, China",CH,CH22,13001,39.9289,116.388,-1898541,4,"Lu Kang, Zhanghua Xian, Taiwan",TW,TW05,13277,24.0558,120.435,-2633646,20181018040000,Make public statement,Verbal cooperation
795464628,20181018,201810,USA,WASHINGTON,USA,,,,,,,,CHN,CHINA,CHN,,,,,,,,1,111,111,11,3,-2.0,10,1,10,-5.3072625698324,1,Ireland,EI,EI,,53.0,-8.0,EI,1,Ireland,EI,EI,,53.0,-8.0,EI,1,Ireland,EI,EI,,53.0,-8.0,EI,20181018041500,Disapprove,Verbal conflict
795464631,20181018,201810,USA,THE US,USA,,,,,,,,CHN,CHINA,CHN,,,,,,,,1,120,120,12,3,-4.0,6,1,6,0.66666666666667,1,Ireland,EI,EI,,53.0,-8.0,EI,1,Ireland,EI,EI,,53.0,-8.0,EI,1,Ireland,EI,EI,,53.0,-8.0,EI,20181018041500,Reject,Verbal conflict
795465552,20180918,201809,CHN,BEIJING,CHN,,,,,,,,USA,A US,USA,,,,,,,,1,164,164,16,4,-7.0,6,1,6,-3.15581854043393,4,"Beijing, Beijing, China",CH,CH22,13001,39.9289,116.388,-1898541,4,"Beijing, Beijing, China",CH,CH22,13001,39.9289,116.388,-1898541,4,"Beijing, Beijing, China",CH,CH22,13001,39.9289,116.388,-1898541,20181018043000,Reduce relations,Material conflict
795467229,20181018,201810,USA,THE US,USA,,,,,,,,CHN,CHINA,CHN,,,,,,,,1,061,061,06,2,6.4,8,1,8,1.45363408521304,4,"Johor, Johor, Malaysia",MY,MY01,18585,1.4655,103.758,-2405456,4,"Johor, Johor, Malaysia",MY,MY01,18585,1.4655,103.758,-2405456,4,"Johor, Johor, Malaysia",MY,MY01,18585,1.4655,103.758,-2405456,20181018043000,Engage in material cooperation,Material cooperation
795467231,20181018,201810,USA,WASHINGTON,USA,,,,,,,,CHN,CHINA,CHN,,,,,,,,1,112,112,11,3,-2.0,8,1,8,-7.64925373134328,3,"Washington, District of Columbia, United States",US,USDC,DC001,38.8951,-77.0364,531871,1,China,CH,CH,,35.0,105.0,CH,1,China,CH,CH,,35.0,105.0,CH,20181018043000,Disapprove,Verbal conflict
795471099,20181018,201810,CHN,CHINA,CHN,,,,,,,,USA,CHICAGO,USA,,,,,,,,1,043,043,04,1,2.8,20,1,20,0.37037037037037,1,China,CH,CH,,35.0,105.0,CH,3,"Chicago, Illinois, United States",US,USIL,IL031,41.85,-87.6501,423587,3,"Chicago, Illinois, United States",US,USIL,IL031,41.85,-87.6501,423587,20181018050000,Consult,Verbal cooperation
795471100,20181018,201810,CHN,BEIJING,CHN,,,,,,,,USA,WASHINGTON,USA,,,,,,,,1,130,130,13,3,-4.4,10,1,10,-2.2354694485842,4,"Beijing, Beijing, China",CH,CH22,13001,39.9289,116.388,-1898541,2,"Washington, United States",US,USWA,,47.3917,-121.571,WA,2,"Washington, United States",US,USWA,,47.3917,-121.571,WA,20181018050000,Threaten,Verbal conflict
795472228,20181018,201810,USA,UNITED STATES,USA,,,,,,,,CHN,CHINA,CHN,,,,,,,,1,010,010,01,1,0.0,6,1,6,0.37037037037037,2,"New York, United States",US,USNY,,42.1497,-74.9384,NY,1,China,CH,CH,,35.0,105.0,CH,1,China,CH,CH,,35.0,105.0,CH,20181018050000,Make public statement,Verbal cooperation
795472233,20181018,201810,USA,UNITED STATES,USA,,,,,,,,CHN,CHINA,CHN,,,,,,,,1,042,042,04,1,1.9,8,1,8,0.37037037037037,2,"North Dakota, United States",US,USND,,47.5362,-99.793,ND,1,China,CH,CH,,35.0,105.0,CH,1,China,CH,CH,,35.0,105.0,CH,20181018050000,Consult,Verbal cooperation
795472236,20181018,201810,USA,UNITED STATES,USA,,,,,,,,CHN,CHINA,CHN,,,,,,,,1,1721,172,17,4,-5.0,6,1,6,0.37037037037037,2,"New York, United States",US,USNY,,42.1497,-74.9384,NY,1,China,CH,CH,,35.0,105.0,CH,1,China,CH,CH,,35.0,105.0,CH,20181018050000,Coerce,Material conflict
795478989,20181018,201810,MNCUSA,EXXON MOBIL,USA,,,,,MNC,,,CHN,ZHEJIANG,CHN,,,,,,,,1,057,057,05,1,8.0,8,1,8,1.86046511627907,4,"Shanghai, Shanghai, China",CH,CH23,13243,31.2222,121.458,-1924465,4,"Shanghai, Shanghai, China",CH,CH23,13243,31.2222,121.458,-1924465,4,"Shanghai, Shanghai, China",CH,CH23,13243,31.2222,121.458,-1924465,20181018054500,Engage in diplomatic cooperation,Verbal cooperation
795480879,20181018,201810,CHN,CHINESE,CHN,,,,,,,,USA,UNITED STATES,USA,,,,,,,,1,046,046,04,1,7.0,6,1,6,-0.16393442622951,3,"Hollywood, California, United States",US,USCA,CA037,34.0983,-118.327,1660757,3,"Hollywood, California, United States",US,USCA,CA037,34.0983,-118.327,1660757,3,"Hollywood, California, United States",US,USCA,CA037,34.0983,-118.327,1660757,20181018060000,Consult,Verbal cooperation
795481937,20181018,201810,USA,UNITED STATES,USA,,,,,,,,CHN,CHINESE,CHN,,,,,,,,1,046,046,04,1,7.0,6,1,6,-0.16393442622951,3,"Hollywood, California, United States",US,USCA,CA037,34.0983,-118.327,1660757,3,"Hollywood, California, United States",US,USCA,CA037,34.0983,-118.327,1660757,3,"Hollywood, California, United States",US,USCA,CA037,34.0983,-118.327,1660757,20181018060000,Consult,Verbal cooperation
795489362,20181018,201810,CHN,CHINA,CHN,,,,,,,,USA,UNITED STATES,USA,,,,,,,,1,061,061,06,2,6.4,12,1,8,-3.34261838440112,4,"Beijing, Beijing, China",CH,CH22,13001,39.9289,116.388,-1898541,3,"Sabine Pass, Louisiana, United States",US,USLA,,29.7263,-93.8632,538771,4,"Beijing, Beijing, China",CH,CH22,13001,39.9289,116.388,-1898541,20181018064500,Engage in material cooperation,Material cooperation
795489366,20181018,201810,CHN,CHINA,CHN,,,,,,,,USA,UNITED STATES,USA,,,,,,,,1,061,061,06,2,6.4,12,1,8,-3.53107344632769,1,China,CH,CH,,35.0,105.0,CH,3,"Sabine Pass, Louisiana, United States",US,USLA,,29.7263,-93.8632,538771,1,China,CH,CH,,35.0,105.0,CH,20181018064500,Engage in material cooperation,Material cooperation
795489371,20181018,201810,CHN,BEIJING,CHN,,,,,,,,USAMIL,AMERICAN,USA,,,,,MIL,,,1,050,050,05,1,3.5,6,1,6,-2.15384615384615,3,"Washington, District of Columbia, United States",US,USDC,DC001,38.8951,-77.0364,531871,3,"Washington, District of Columbia, United States",US,USDC,DC001,38.8951,-77.0364,531871,3,"Washington, District of Columbia, United States",US,USDC,DC001,38.8951,-77.0364,531871,20181018064500,Engage in diplomatic cooperation,Verbal cooperation
795492227,20181018,201810,CHN,CHINA,CHN,,,,,,,,MNCUSAMED,GOOGLE,USA,,,,,MNC,MED,,1,043,043,04,1,2.8,10,1,10,-4.10714285714286,1,China,CH,CH,,35.0,105.0,CH,1,China,CH,CH,,35.0,105.0,CH,1,China,CH,CH,,35.0,105.0,CH,20181018070000,Consult,Verbal cooperation
795492241,20181018,201810,CHN,CHINESE,CHN,,,,,,,,USA,THE US,USA,,,,,,,,1,120,120,12,3,-4.0,10,1,10,-5.83657587548638,1,China,CH,CH,,35.0,105.0,CH,1,China,CH,CH,,35.0,105.0,CH,1,China,CH,CH,,35.0,105.0,CH,20181018070000,Reject,Verbal conflict
795492242,20181018,201810,CHN,CHINA,CHN,,,,,,,,USA,THE US,USA,,,,,,,,1,128,128,12,3,-5.0,10,1,10,-4.83870967741936,1,China,CH,CH,,35.0,105.0,CH,1,China,CH,CH,,35.0,105.0,CH,1,China,CH,CH,,35.0,105.0,CH,20181018070000,Reject,Verbal conflict
795492948,20181018,201810,MNCUSAMED,GOOGLE,USA,,,,,MNC,MED,,CHN,CHINA,CHN,,,,,,,,1,042,042,04,1,1.9,10,1,10,-4.10714285714286,1,China,CH,CH,,35.0,105.0,CH,1,China,CH,CH,,35.0,105.0,CH,1,China,CH,CH,,35.0,105.0,CH,20181018070000,Consult,Verbal cooperation
795493343,20181018,201810,USA,THE US,USA,,,,,,,,CHN,CHINA,CHN,,,,,,,,1,080,080,08,2,5.0,10,1,10,-4.20560747663551,4,"Shanghai, Shanghai, China",CH,CH23,13243,31.2222,121.458,-1924465,4,"Shanghai, Shanghai, China",CH,CH23,13243,31.2222,121.458,-1924465,4,"Shanghai, Shanghai, China",CH,CH23,13243,31.2222,121.458,-1924465,20181018070000,Yield,Material cooperation
795493344,20181018,201810,USA,PHOENIX,USA,,,,,,,,CHN,CHINA,CHN,,,,,,,,1,120,120,12,3,-4.0,10,1,10,-1.63339382940109,1,China,CH,CH,,35.0,105.0,CH,1,China,CH,CH,,35.0,105.0,CH,1,China,CH,CH,,35.0,105.0,CH,20181018070000,Reject,Verbal conflict
795494793,20181018,201810,CHN,CHINA,CHN,,,,,,,,MNCUSAMED,GOOGLE,USA,,,,,MNC,MED,,1,020,020,02,1,3.0,6,1,6,-2.93453724604966,1,China,CH,CH,,35.0,105.0,CH,1,China,CH,CH,,35.0,105.0,CH,1,China,CH,CH,,35.0,105.0,CH,20181018071500,Appeal,Verbal cooperation
795494801,20181018,201810,CHN,CHINESE,CHN,,,,,,,,USA,UNITED STATES,USA,,,,,,,,1,046,046,04,1,7.0,7,1,7,-1.36518771331058,1,United States,US,US,,39.828175,-98.5795,US,1,United States,US,US,,39.828175,-98.5795,US,1,United States,US,US,,39.828175,-98.5795,US,20181018071500,Consult,Verbal cooperation
795495984,20181018,201810,USA,UNITED STATES,USA,,,,,,,,CHN,CHINESE,CHN,,,,,,,,1,046,046,04,1,7.0,7,1,7,-1.36518771331058,1,United States,US,US,,39.828175,-98.5795,US,1,China,CH,CH,,35.0,105.0,CH,1,United States,US,US,,39.828175,-98.5795,US,20181018071500,Consult,Verbal cooperation
795495987,20181018,201810,USA,SAN FRANCISCO,USA,,,,,,,,CHN,CHINESE,CHN,,,,,,,,1,090,090,09,2,-2.0,8,1,8,-2.93453724604966,3,"San Francisco, California, United States",US,USCA,CA075,37.7749,-122.419,277593,1,China,CH,CH,,35.0,105.0,CH,1,China,CH,CH,,35.0,105.0,CH,20181018071500,Investigate,Material cooperation
795495989,20181018,201810,USA,SAN FRANCISCO,USA,,,,,,,,CHN,CHINESE,CHN,,,,,,,,1,1721,172,17,4,-5.0,6,1,6,-2.93453724604966,1,China,CH,CH,,35.0,105.0,CH,1,China,CH,CH,,35.0,105.0,CH,1,China,CH,CH,,35.0,105.0,CH,20181018071500,Coerce,Material conflict
795497632,20181018,201810,CHN,CHINESE,CHN,,,,,,,,USA,THE US,USA,,,,,,,,1,040,040,04,1,1.0,6,1,6,-2.75482093663911,4,"Beijing, Beijing, China",CH,CH22,13001,39.9289,116.388,-1898541,4,"Beijing, Beijing, China",CH,CH22,13001,39.9289,116.388,-1898541,4,"Beijing, Beijing, China",CH,CH22,13001,39.9289,116.388,-1898541,20181018073000,Consult,Verbal cooperation
795497639,20181018,201810,CHNGOV,SHANGHAI,CHN,,,,,GOV,,,USA,UNITED STATES,USA,,,,,,,,1,057,057,05,1,8.0,6,1,6,1.7948717948718,4,"Shanghai, Shanghai, China",CH,CH23,13243,31.2222,121.458,-1924465,1,United States,US,US,,39.828175,-98.5795,US,4,"Shanghai, Shanghai, China",CH,CH23,13243,31.2222,121.458,-1924465,20181018073000,Engage in diplomatic cooperation,Verbal cooperation
795498598,20181018,201810,USA,THE US,USA,,,,,,,,CHN,CHINESE,CHN,,,,,,,,1,040,040,04,1,1.0,6,1,6,-2.75482093663911,1,"Vietnam, Republic Of",VM,VM,,16.166667,107.833333,VM,1,"Vietnam, Republic Of",VM,VM,,16.166667,107.833333,VM,1,"Vietnam, Republic Of",VM,VM,,16.166667,107.833333,VM,20181018073000,Consult,Verbal cooperation
795498599,20181018,201810,USA,UNITED STATES,USA,,,,,,,,CHNGOV,SHANGHAI,CHN,,,,,GOV,,,1,057,057,05,1,8.0,6,1,6,1.7948717948718,1,United States,US,US,,39.828175,-98.5795,US,4,"Shanghai, Shanghai, China",CH,CH23,13243,31.2222,121.458,-1924465,4,"Shanghai, Shanghai, China",CH,CH23,13243,31.2222,121.458,-1924465,20181018073000,Engage in diplomatic cooperation,Verbal cooperation
795502973,20181018,201810,CHN,CHINA,CHN,,,,,,,,USA,WASHINGTON,USA,,,,,,,,1,130,130,13,3,-4.4,6,1,6,-0.722673893405601,1,North Korea,KN,KN,,40.0,127.0,KN,1,United Kingdom,UK,UK,,54.0,-4.0,UK,1,United Kingdom,UK,UK,,54.0,-4.0,UK,20181018080000,Threaten,Verbal conflict
795507119,20181018,201810,USA,UNITED STATES,USA,,,,,,,,CHN,CHINA,CHN,,,,,,,,1,110,110,11,3,-2.0,8,1,8,-2.26904376012966,3,"Washington, District of Columbia, United States",US,USDC,DC001,38.8951,-77.0364,531871,3,"Washington, District of Columbia, United States",US,USDC,DC001,38.8951,-77.0364,531871,3,"Washington, District of Columbia, United States",US,USDC,DC001,38.8951,-77.0364,531871,20181018081500,Disapprove,Verbal conflict
795513277,20181018,201810,USACVL,CENTER FOR STRATEGIC AND INTERNATIONAL STUDIES,USA,,,,,CVL,,,CHN,CHINA,CHN,,,,,,,,1,015,015,01,1,0.0,8,1,8,-3.24909747292419,3,"Washington, District of Columbia, United States",US,USDC,DC001,38.8951,-77.0364,531871,1,China,CH,CH,,35.0,105.0,CH,1,China,CH,CH,,35.0,105.0,CH,20181018084500,Make public statement,Verbal cooperation
795524162,20181018,201810,CHN,CHINA,CHN,,,,,,,,MNCUSA,BOEING,USA,,,,,MNC,,,1,010,010,01,1,0.0,10,1,10,0.0,4,"Kunming, Yunnan, China",CH,CH29,13303,25.0389,102.718,-1913826,4,"Kunming, Yunnan, China",CH,CH29,13303,25.0389,102.718,-1913826,4,"Kunming, Yunnan, China",CH,CH29,13303,25.0389,102.718,-1913826,20181018094500,Make public statement,Verbal cooperation
795525607,20181018,201810,USA,UNITED STATES,USA,,,,,,,,CHN,CHINA,CHN,,,,,,,,1,173,173,17,4,-5.0,13,2,13,-1.15765726868443,4,"Beijing, Beijing, China",CH,CH22,13001,39.9289,116.388,-1898541,4,"Beijing, Beijing, China",CH,CH22,13001,39.9289,116.388,-1898541,4,"Beijing, Beijing, China",CH,CH22,13001,39.9289,116.388,-1898541,20181018094500,Coerce,Material conflict
795530941,20181018,201810,CHN,JIANGSU,CHN,,,,,,,,USA,HOUSTON,USA,,,,,,,,1,031,031,03,1,5.2,10,1,10,0.12484394506867,4,"Fuyuan, Sichuan, China",CH,CH32,13003,31.1821,106.568,10327658,4,"Fuyuan, Sichuan, China",CH,CH32,13003,31.1821,106.568,10327658,4,"Fuyuan, Sichuan, China",CH,CH32,13003,31.1821,106.568,10327658,20181018101500,Express intent to cooperate,Verbal cooperation
795532062,20181018,201810,USA,HOUSTON,USA,,,,,,,,CHN,JIANGSU,CHN,,,,,,,,1,031,031,03,1,5.2,8,1,8,0.12484394506867,3,"Houston, Texas, United States",US,USTX,TX201,29.7633,-95.3633,1380948,4,"Yixing, Sichuan, China",CH,CH32,13003,31.1546,105.846,6021882,4,"Yixing, Sichuan, China",CH,CH32,13003,31.1546,105.846,6021882,20181018101500,Express intent to cooperate,Verbal cooperation
795534049,20181018,201810,CHN,BEIJING,CHN,,,,,,,,USAMIL,AMERICAN,USA,,,,,MIL,,,1,050,050,05,1,3.5,6,1,6,-4.03587443946188,4,"Beijing, Beijing, China",CH,CH22,13001,39.9289,116.388,-1898541,4,"Beijing, Beijing, China",CH,CH22,13001,39.9289,116.388,-1898541,4,"Beijing, Beijing, China",CH,CH22,13001,39.9289,116.388,-1898541,20181018103000,Engage in diplomatic cooperation,Verbal cooperation
795540715,20181018,201810,CHN,CHINA,CHN,,,,,,,,USA,TEXAS,USA,,,,,,,,1,112,112,11,3,-2.0,10,1,10,-1.67364016736402,2,"Texas, United States",US,USTX,,31.106,-97.6475,TX,4,"Beijing, Beijing, China",CH,CH22,13001,39.9289,116.388,-1898541,2,"Texas, United States",US,USTX,,31.106,-97.6475,TX,20181018110000,Disapprove,Verbal conflict
795540716,20181018,201810,CHN,CHINA,CHN,,,,,,,,USAMED,REUTERS,USA,,,,,MED,,,1,013,013,01,1,0.4,8,1,8,2.03389830508474,4,"Yahui, Guizhou, China",CH,CH18,13071,26.1192,108.047,-1935031,4,"Yahui, Guizhou, China",CH,CH18,13071,26.1192,108.047,-1935031,4,"Yahui, Guizhou, China",CH,CH18,13071,26.1192,108.047,-1935031,20181018110000,Make public statement,Verbal cooperation
795540718,20181018,201810,CHNBUS,CHINESE,CHN,,,,,BUS,,,MNCUSA,EXXON MOBIL,USA,,,,,MNC,,,1,036,036,03,1,4.0,6,1,6,2.03389830508474,5,"Zhejiang, Zhejiang, China",CH,CH02,13325,29.0,120.0,-1938694,5,"Zhejiang, Zhejiang, China",CH,CH02,13325,29.0,120.0,-1938694,5,"Zhejiang, Zhejiang, China",CH,CH02,13325,29.0,120.0,-1938694,20181018110000,Express intent to cooperate,Verbal cooperation
795541749,20181018,201810,MNCUSA,EXXON MOBIL,USA,,,,,MNC,,,CHN,ZHEJIANG,CHN,,,,,,,,1,057,057,05,1,8.0,10,1,10,2.03389830508474,4,"Yahui, Guizhou, China",CH,CH18,13071,26.1192,108.047,-1935031,4,"Yahui, Guizhou, China",CH,CH18,13071,26.1192,108.047,-1935031,4,"Yahui, Guizhou, China",CH,CH18,13071,26.1192,108.047,-1935031,20181018110000,Engage in diplomatic cooperation,Verbal cooperation
795541750,20181018,201810,MNCUSA,EXXON MOBIL,USA,,,,,MNC,,,CHNBUS,CHINESE,CHN,,,,,BUS,,,1,036,036,03,1,4.0,6,1,6,2.03389830508474,5,"Zhejiang, Zhejiang, China",CH,CH02,13325,29.0,120.0,-1938694,5,"Zhejiang, Zhejiang, China",CH,CH02,13325,29.0,120.0,-1938694,5,"Zhejiang, Zhejiang, China",CH,CH02,13325,29.0,120.0,-1938694,20181018110000,Express intent to cooperate,Verbal cooperation
795544207,20181018,201810,CHN,CHINESE,CHN,,,,,,,,MNCUSA,STARBUCKS,USA,,,,,MNC,,,1,042,042,04,1,1.9,10,1,10,2.65486725663717,4,"Baoan, Zhejiang, China",CH,CH02,13326,28.3901,118.518,-1898052,4,"Baoan, Zhejiang, China",CH,CH02,13326,28.3901,118.518,-1898052,1,Japan,JA,JA,,36.0,138.0,JA,20181018111500,Consult,Verbal cooperation
795544213,20181018,201810,CHN,CHINA,CHN,,,,,,,,USA,WASHINGTON,USA,,,,,,,,1,042,042,04,1,1.9,18,3,18,-5.74208533265894,4,"Xinjiang, Jiangxi, China",CH,CH03,13167,27.7481,116.274,11065838,4,"Xinjiang, Jiangxi, China",CH,CH03,13167,27.7481,116.274,11065838,4,"Xinjiang, Jiangxi, China",CH,CH03,13167,27.7481,116.274,11065838,20181018111500,Consult,Verbal cooperation
795544214,20181018,201810,CHN,CHINA,CHN,,,,,,,,USA,WASHINGTON,USA,,,,,,,,1,042,042,04,1,1.9,12,3,12,-5.74208533265894,3,"Washington, District of Columbia, United States",US,USDC,DC001,38.8951,-77.0364,531871,3,"Washington, District of Columbia, United States",US,USDC,DC001,38.8951,-77.0364,531871,3,"Washington, District of Columbia, United States",US,USDC,DC001,38.8951,-77.0364,531871,20181018111500,Consult,Verbal cooperation
795545056,20181018,201810,MNCUSA,STARBUCKS,USA,,,,,MNC,,,CHN,CHINESE,CHN,,,,,,,,1,043,043,04,1,2.8,10,1,10,2.65486725663717,4,"Baoan, Zhejiang, China",CH,CH02,13326,28.3901,118.518,-1898052,4,"Baoan, Zhejiang, China",CH,CH02,13326,28.3901,118.518,-1898052,1,Japan,JA,JA,,36.0,138.0,JA,20181018111500,Consult,Verbal cooperation
795545446,20181018,201810,USA,WASHINGTON,USA,,,,,,,,CHN,CHINA,CHN,,,,,,,,1,043,043,04,1,2.8,30,3,30,-5.74208533265894,3,"Washington, District of Columbia, United States",US,USDC,DC001,38.8951,-77.0364,531871,4,"Xinjiang, Jiangxi, China",CH,CH03,13167,27.7481,116.274,11065838,3,"Washington, District of Columbia, United States",US,USDC,DC001,38.8951,-77.0364,531871,20181018111500,Consult,Verbal cooperation
795547448,20181018,201810,CHN,CHINA,CHN,,,,,,,,USA,UNITED STATES,USA,,,,,,,,1,073,073,07,2,7.4,8,1,8,4.24028268551237,4,"Beijing, Beijing, China",CH,CH22,13001,39.9289,116.388,-1898541,1,United States,US,US,,39.828175,-98.5795,US,1,United States,US,US,,39.828175,-98.5795,US,20181018113000,Provide aid,Material cooperation
795547450,20181018,201810,CHN,CHINA,CHN,,,,,,,,USA,UNITED STATES,USA,,,,,,,,1,190,190,19,4,-10.0,10,1,10,4.24028268551237,4,"Beijing, Beijing, China",CH,CH22,13001,39.9289,116.388,-1898541,4,"Beijing, Beijing, China",CH,CH22,13001,39.9289,116.388,-1898541,4,"Beijing, Beijing, China",CH,CH22,13001,39.9289,116.388,-1898541,20181018113000,Fight,Material conflict
795548631,20181018,201810,USA,UNITED STATES,USA,,,,,,,,CHN,CHINA,CHN,,,,,,,,1,190,190,19,4,-10.0,8,1,8,4.24028268551237,1,United States,US,US,,39.828175,-98.5795,US,4,"Beijing, Beijing, China",CH,CH22,13001,39.9289,116.388,-1898541,1,United States,US,US,,39.828175,-98.5795,US,20181018113000,Fight,Material conflict
795550628,20181018,201810,CHN,CHINA,CHN,,,,,,,,USA,UNITED STATES,USA,,,,,,,,1,111,111,11,3,-2.0,6,1,6,0.42918454935623,1,China,CH,CH,,35.0,105.0,CH,2,"New York, United States",US,USNY,,42.1497,-74.9384,NY,2,"New York, United States",US,USNY,,42.1497,-74.9384,NY,20181018114500,Disapprove,Verbal conflict
795550629,20181018,201810,CHN,CHINA,CHN,,,,,,,,USA,UNITED STATES,USA,,,,,,,,1,190,190,19,4,-10.0,6,1,6,0.42918454935623,2,"New York, United States",US,USNY,,42.1497,-74.9384,NY,2,"New York, United States",US,USNY,,42.1497,-74.9384,NY,2,"New York, United States",US,USNY,,42.1497,-74.9384,NY,20181018114500,Fight,Material conflict
795551578,20181018,201810,MNCUSA,EXXON MOBIL,USA,,,,,MNC,,,CHN,CHINA,CHN,,,,,,,,1,057,057,05,1,8.0,8,1,8,2.72727272727273,4,"Zhoushan, Zhejiang, China",CH,CH02,13329,27.7228,120.163,10045436,5,"Zhejiang, Zhejiang, China",CH,CH02,13325,29.0,120.0,-1938694,5,"Zhejiang, Zhejiang, China",CH,CH02,13325,29.0,120.0,-1938694,20181018114500,Engage in diplomatic cooperation,Verbal cooperation
795551970,20181018,201810,USA,UNITED STATES,USA,,,,,,,,CHN,CHINA,CHN,,,,,,,,1,190,190,19,4,-10.0,6,1,6,0.42918454935623,2,"New York, United States",US,USNY,,42.1497,-74.9384,NY,1,China,CH,CH,,35.0,105.0,CH,2,"New York, United States",US,USNY,,42.1497,-74.9384,NY,20181018114500,Fight,Material conflict
795557394,20181018,201810,CHN,ZHEJIANG,CHN,,,,,,,,MNCUSA,EXXON MOBIL,USA,,,,,MNC,,,1,057,057,05,1,8.0,10,1,10,-1.06382978723404,0,,,,,,,,0,,,,,,,,0,,,,,,,,20181018121500,Engage in diplomatic cooperation,Verbal cooperation
795558174,20181018,201810,MNCUSA,EXXON MOBIL,USA,,,,,MNC,,,CHN,ZHEJIANG,CHN,,,,,,,,1,057,057,05,1,8.0,10,1,10,-1.06382978723404,0,,,,,,,,0,,,,,,,,0,,,,,,,,20181018121500,Engage in diplomatic cooperation,Verbal cooperation
795560564,20181018,201810,CHN,CHINA,CHN,,,,,,,,USAMED,REUTERS,USA,,,,,MED,,,1,043,043,04,1,2.8,10,1,10,-3.33333333333334,4,"Dalian, Liaoning, China",CH,CH19,13327,38.9122,121.602,-1901835,4,"Dalian, Liaoning, China",CH,CH19,13327,38.9122,121.602,-1901835,4,"Dalian, Liaoning, China",CH,CH19,13327,38.9122,121.602,-1901835,20181018123000,Consult,Verbal cooperation
795562011,20181018,201810,USA,WASHINGTON,USA,,,,,,,,CHN,CHINA,CHN,,,,,,,,1,130,130,13,3,-4.4,10,1,10,-1.08108108108108,3,"Washington, District of Columbia, United States",US,USDC,DC001,38.8951,-77.0364,531871,1,China,CH,CH,,35.0,105.0,CH,1,China,CH,CH,,35.0,105.0,CH,20181018123000,Threaten,Verbal conflict
795562203,20181018,201810,USAGOVBUS,US TREASURY,USA,,,,,GOV,BUS,,CHN,CHINA,CHN,,,,,,,,1,130,130,13,3,-4.4,10,1,10,-1.08108108108108,1,China,CH,CH,,35.0,105.0,CH,1,China,CH,CH,,35.0,105.0,CH,1,China,CH,CH,,35.0,105.0,CH,20181018123000,Threaten,Verbal conflict
795562218,20181018,201810,USAMED,REUTERS,USA,,,,,MED,,,CHN,CHINA,CHN,,,,,,,,1,042,042,04,1,1.9,10,1,10,-3.33333333333334,4,"Dalian, Liaoning, China",CH,CH19,13327,38.9122,121.602,-1901835,4,"Dalian, Liaoning, China",CH,CH19,13327,38.9122,121.602,-1901835,4,"Dalian, Liaoning, China",CH,CH19,13327,38.9122,121.602,-1901835,20181018123000,Consult,Verbal cooperation
795564165,20181018,201810,CHN,CHINA,CHN,,,,,,,,USA,WASHINGTON,USA,,,,,,,,1,042,042,04,1,1.9,16,2,16,-3.31835014200841,4,"Moscow, Moskva, Russia",RS,RS48,25106,55.7522,37.6156,-2960561,4,"Moscow, Moskva, Russia",RS,RS48,25106,55.7522,37.6156,-2960561,4,"Moscow, Moskva, Russia",RS,RS48,25106,55.7522,37.6156,-2960561,20181018124500,Consult,Verbal cooperation
795567378,20181018,201810,CHN,CHINA,CHN,,,,,,,,USA,UNITED STATES,USA,,,,,,,,1,020,020,02,1,3.0,8,1,8,3.44827586206897,4,"Beijing, Beijing, China",CH,CH22,13001,39.9289,116.388,-1898541,4,"Beijing, Beijing, China",CH,CH22,13001,39.9289,116.388,-1898541,4,"Beijing, Beijing, China",CH,CH22,13001,39.9289,116.388,-1898541,20181018130000,Appeal,Verbal cooperation
795567380,20181018,201810,CHN,CHINA,CHN,,,,,,,,USA,UNITED STATES,USA,,,,,,,,1,061,061,06,2,6.4,8,1,8,-3.59712230215827,1,China,CH,CH,,35.0,105.0,CH,2,"California, United States",US,USCA,,36.17,-119.746,CA,1,China,CH,CH,,35.0,105.0,CH,20181018130000,Engage in material cooperation,Material cooperation
795567381,20181018,201810,CHN,CHINA,CHN,,,,,,,,USA,THE US,USA,,,,,,,,1,061,061,06,2,6.4,8,1,8,-5.47045951859956,1,Iran,IR,IR,,32.0,53.0,IR,1,Iran,IR,IR,,32.0,53.0,IR,1,Iran,IR,IR,,32.0,53.0,IR,20181018130000,Engage in material cooperation,Material cooperation
795582758,20181018,201810,USA,THE US,USA,,,,,,,,CHN,CHINA,CHN,,,,,,,,1,130,130,13,3,-4.4,10,1,10,-3.19634703196347,4,"Beijing, Beijing, China",CH,CH22,13001,39.9289,116.388,-1898541,4,"Beijing, Beijing, China",CH,CH22,13001,39.9289,116.388,-1898541,4,"Beijing, Beijing, China",CH,CH22,13001,39.9289,116.388,-1898541,20181018140000,Threaten,Verbal conflict
795583010,20181018,201810,USAGOVBUS,US TREASURY,USA,,,,,GOV,BUS,,CHN,CHINA,CHN,,,,,,,,1,193,193,19,4,-10.0,10,1,10,-3.19634703196347,4,"Beijing, Beijing, China",CH,CH22,13001,39.9289,116.388,-1898541,4,"Beijing, Beijing, China",CH,CH22,13001,39.9289,116.388,-1898541,4,"Beijing, Beijing, China",CH,CH22,13001,39.9289,116.388,-1898541,20181018140000,Fight,Material conflict
795585024,20181018,201810,CHN,CHINA,CHN,,,,,,,,USA,WASHINGTON,USA,,,,,,,,1,042,042,04,1,1.9,10,1,10,-5.26315789473685,4,"Xinjiang, Jiangxi, China",CH,CH03,13167,27.7481,116.274,11065838,3,"Washington, District of Columbia, United States",US,USDC,DC001,38.8951,-77.0364,531871,3,"Washington, District of Columbia, United States",US,USDC,DC001,38.8951,-77.0364,531871,20181018141500,Consult,Verbal cooperation
795592294,20181018,201810,CHN,CHINA,CHN,,,,,,,,USA,THE US,USA,,,,,,,,1,040,040,04,1,1.0,10,1,10,-3.10679611650485,1,China,CH,CH,,35.0,105.0,CH,1,China,CH,CH,,35.0,105.0,CH,1,China,CH,CH,,35.0,105.0,CH,20181018144500,Consult,Verbal cooperation
795592295,20181018,201810,CHN,CHINA,CHN,,,,,,,,USA,WASHINGTON,USA,,,,,,,,1,042,042,04,1,1.9,6,1,6,-3.34448160535118,4,"Ankara, Ankara, Turkey",TU,TU68,27516,39.9272,32.8644,-735338,4,"Ankara, Ankara, Turkey",TU,TU68,27516,39.9272,32.8644,-735338,4,"Ankara, Ankara, Turkey",TU,TU68,27516,39.9272,32.8644,-735338,20181018144500,Consult,Verbal cooperation
795599718,20181018,201810,CHN,CHINA,CHN,,,,,,,,USA,UNITED STATES,USA,,,,,,,,1,010,010,01,1,0.0,8,1,8,-3.24825986078886,4,"Beijing, Beijing, China",CH,CH22,13001,39.9289,116.388,-1898541,3,"Washington, District of Columbia, United States",US,USDC,DC001,38.8951,-77.0364,531871,3,"Washington, District of Columbia, United States",US,USDC,DC001,38.8951,-77.0364,531871,20181018151500,Make public statement,Verbal cooperation
795599719,20181018,201810,CHN,CHINESE,CHN,,,,,,,,USA,THE US,USA,,,,,,,,1,036,036,03,1,4.0,8,1,8,3.0,1,China,CH,CH,,35.0,105.0,CH,4,"Taipei, T'ai-pei, Taiwan",TW,TW03,13277,25.0478,121.532,-2637882,4,"Taipei, T'ai-pei, Taiwan",TW,TW03,13277,25.0478,121.532,-2637882,20181018151500,Express intent to cooperate,Verbal cooperation
795599723,20181018,201810,CHN,CHINA,CHN,,,,,,,,USA,UNITED STATES,USA,,,,,,,,1,160,160,16,4,-4.0,10,1,10,-3.24825986078886,3,"Washington, District of Columbia, United States",US,USDC,DC001,38.8951,-77.0364,531871,3,"Washington, District of Columbia, United States",US,USDC,DC001,38.8951,-77.0364,531871,3,"Washington, District of Columbia, United States",US,USDC,DC001,38.8951,-77.0364,531871,20181018151500,Reduce relations,Material conflict
795599727,20181018,201810,CHNBUS,CHINESE,CHN,,,,,BUS,,,USA,AMERICAN,USA,,,,,,,,1,071,071,07,2,7.4,6,1,6,-1.75879396984925,4,"Shanghai, Shanghai, China",CH,CH23,13243,31.2222,121.458,-1924465,2,"New York, United States",US,USNY,,42.1497,-74.9384,NY,4,"Shanghai, Shanghai, China",CH,CH23,13243,31.2222,121.458,-1924465,20181018151500,Provide aid,Material cooperation
795601576,20181018,201810,USA,THE US,USA,,,,,,,,CHN,CHINESE,CHN,,,,,,,,1,036,036,03,1,4.0,8,1,8,3.0,4,"Taipei, T'ai-pei, Taiwan",TW,TW03,13277,25.0478,121.532,-2637882,1,China,CH,CH,,35.0,105.0,CH,4,"Taipei, T'ai-pei, Taiwan",TW,TW03,13277,25.0478,121.532,-2637882,20181018151500,Express intent to cooperate,Verbal cooperation
795603603,20181018,201810,CHN,CHINA,CHN,,,,,,,,USA,UNITED STATES,USA,,,,,,,,1,020,020,02,1,3.0,10,1,10,-2.74881516587678,4,"Tayma, Tabuk, Saudi Arabia",SA,SA19,25317,27.6223,38.5388,-3099971,4,"Tayma, Tabuk, Saudi Arabia",SA,SA19,25317,27.6223,38.5388,-3099971,2,"Arizona, United States",US,USAZ,,33.7712,-111.388,AZ,20181018153000,Appeal,Verbal cooperation
795603606,20181018,201810,CHN,CHINA,CHN,,,,,,,,USAGOVMIL,THE US,USA,,,,,GOV,MIL,,1,030,030,03,1,4.0,10,1,10,-3.03030303030303,1,China,CH,CH,,35.0,105.0,CH,1,China,CH,CH,,35.0,105.0,CH,1,China,CH,CH,,35.0,105.0,CH,20181018153000,Express intent to cooperate,Verbal cooperation
795605135,20181018,201810,USA,MINNEAPOLIS,USA,,,,,,,,CHN,CHINA,CHN,,,,,,,,1,173,173,17,4,-5.0,10,1,10,-2.26104830421377,1,China,CH,CH,,35.0,105.0,CH,1,China,CH,CH,,35.0,105.0,CH,1,China,CH,CH,,35.0,105.0,CH,20181018153000,Coerce,Material conflict
795605328,20181018,201810,USAGOVMIL,THE US,USA,,,,,GOV,MIL,,CHN,CHINA,CHN,,,,,,,,1,030,030,03,1,4.0,8,1,8,-3.03030303030303,1,China,CH,CH,,35.0,105.0,CH,1,China,CH,CH,,35.0,105.0,CH,1,China,CH,CH,,35.0,105.0,CH,20181018153000,Express intent to cooperate,Verbal cooperation
795605330,20181018,201810,USAGOVMIL,THE US,USA,,,,,GOV,MIL,,CHN,CHINA,CHN,,,,,,,,1,050,050,05,1,3.5,10,1,10,-3.03030303030303,1,China,CH,CH,,35.0,105.0,CH,1,China,CH,CH,,35.0,105.0,CH,1,China,CH,CH,,35.0,105.0,CH,20181018153000,Engage in diplomatic cooperation,Verbal cooperation
795614704,20181018,201810,CHNBUS,CHINESE,CHN,,,,,BUS,,,USAMED,REUTERS,USA,,,,,MED,,,1,036,036,03,1,4.0,6,1,6,2.04081632653061,5,"Zhejiang, Zhejiang, China",CH,CH02,13325,29.0,120.0,-1938694,5,"Zhejiang, Zhejiang, China",CH,CH02,13325,29.0,120.0,-1938694,5,"Zhejiang, Zhejiang, China",CH,CH02,13325,29.0,120.0,-1938694,20181018161500,Express intent to cooperate,Verbal cooperation
795616417,20181018,201810,USAMED,REUTERS,USA,,,,,MED,,,CHNBUS,CHINESE,CHN,,,,,BUS,,,1,036,036,03,1,4.0,6,1,6,2.04081632653061,5,"Zhejiang, Zhejiang, China",CH,CH02,13325,29.0,120.0,-1938694,5,"Zhejiang, Zhejiang, China",CH,CH02,13325,29.0,120.0,-1938694,5,"Zhejiang, Zhejiang, China",CH,CH02,13325,29.0,120.0,-1938694,20181018161500,Express intent to cooperate,Verbal cooperation
795618449,20181018,201810,CHN,CHINA,CHN,,,,,,,,USA,WASHINGTON,USA,,,,,,,,1,042,042,04,1,1.9,10,1,10,-2.7231467473525,1,Turkey,TU,TU,,39.059012,34.911546,TU,4,"Xinjiang, Jiangxi, China",CH,CH03,13167,27.7481,116.274,11065838,4,"Xinjiang, Jiangxi, China",CH,CH03,13167,27.7481,116.274,11065838,20181018163000,Consult,Verbal cooperation
795620140,20181018,201810,USA,WASHINGTON,USA,,,,,,,,CHN,CHINA,CHN,,,,,,,,1,061,061,06,2,6.4,6,1,6,-9.92907801418436,4,"Beijing, Beijing, China",CH,CH22,13001,39.9289,116.388,-1898541,4,"Beijing, Beijing, China",CH,CH22,13001,39.9289,116.388,-1898541,3,"Washington, District of Columbia, United States",US,USDC,DC001,38.8951,-77.0364,531871,20181018163000,Engage in material cooperation,Material cooperation
795622397,20181018,201810,CHN,CHINA,CHN,,,,,,,,USA,UNITED STATES,USA,,,,,,,,1,020,020,02,1,3.0,10,1,10,2.14067278287461,1,India,IN,IN,,20.0,77.0,IN,1,India,IN,IN,,20.0,77.0,IN,1,India,IN,IN,,20.0,77.0,IN,20181018164500,Appeal,Verbal cooperation
795626985,20181018,201810,CHN,CHINESE,CHN,,,,,,,,USA,UNITED STATES,USA,,,,,,,,1,061,061,06,2,6.4,8,1,8,-3.06834030683403,1,China,CH,CH,,35.0,105.0,CH,3,"Susitna, Alaska, United States",US,USAK,AK170,61.5436,-150.512,1410439,3,"Susitna, Alaska, United States",US,USAK,AK170,61.5436,-150.512,1410439,20181018170000,Engage in material cooperation,Material cooperation
795630261,20181018,201810,CHNGOV,CHINA,CHN,,,,,GOV,,,USA,THE US,USA,,,,,,,,1,130,130,13,3,-4.4,10,1,10,-4.7008547008547,1,China,CH,CH,,35.0,105.0,CH,1,China,CH,CH,,35.0,105.0,CH,1,China,CH,CH,,35.0,105.0,CH,20181018171500,Threaten,Verbal conflict
795655182,20181018,201810,CHN,CHINA,CHN,,,,,,,,USA,AMERICAN,USA,,,,,,,,1,061,061,06,2,6.4,6,1,6,-3.01783264746228,4,"Tiananmen Square, Beijing, China",CH,CH22,13001,39.9044,116.391,9244097,1,Taiwan,TW,TW,,24.0,121.0,TW,4,"Tiananmen Square, Beijing, China",CH,CH22,13001,39.9044,116.391,9244097,20181018190000,Engage in material cooperation,Material cooperation
795658697,20181018,201810,CHN,CHINA,CHN,,,,,,,,USA,WASHINGTON,USA,,,,,,,,1,042,042,04,1,1.9,8,1,8,-3.28054298642534,3,"Washington, District of Columbia, United States",US,USDC,DC001,38.8951,-77.0364,531871,4,"Beijing, Beijing, China",CH,CH22,13001,39.9289,116.388,-1898541,4,"Beijing, Beijing, China",CH,CH22,13001,39.9289,116.388,-1898541,20181018191500,Consult,Verbal cooperation
795658698,20181018,201810,CHN,SHANGHAI,CHN,,,,,,,,USABUS,AMERICAN,USA,,,,,BUS,,,1,051,051,05,1,3.4,10,1,10,5.54765291607397,1,Germany,GM,GM,,51.5,10.5,GM,1,Germany,GM,GM,,51.5,10.5,GM,1,Germany,GM,GM,,51.5,10.5,GM,20181018191500,Engage in diplomatic cooperation,Verbal cooperation
795660630,20181018,201810,USAMED,ASSOCIATED PRESS,USA,,,,,MED,,,CHNGOVMIL,CHINESE,CHN,,,,,GOV,MIL,,1,040,040,04,1,1.0,6,1,6,-2.6634382566586,1,"Vietnam, Republic Of",VM,VM,,16.166667,107.833333,VM,1,"Vietnam, Republic Of",VM,VM,,16.166667,107.833333,VM,1,"Vietnam, Republic Of",VM,VM,,16.166667,107.833333,VM,20181018191500,Consult,Verbal cooperation
795662265,20181018,201810,CHNBUS,SHANGHAI,CHN,,,,,BUS,,,USABUS,AMERICAN,USA,,,,,BUS,,,1,051,051,05,1,3.4,6,1,6,5.40242557883131,4,"Shanghai, Shanghai, China",CH,CH23,13243,31.2222,121.458,-1924465,4,"Shanghai, Shanghai, China",CH,CH23,13243,31.2222,121.458,-1924465,4,"Shanghai, Shanghai, China",CH,CH23,13243,31.2222,121.458,-1924465,20181018193000,Engage in diplomatic cooperation,Verbal cooperation
795665138,20181018,201810,CHN,CHINA,CHN,,,,,,,,USA,THE US,USA,,,,,,,,1,057,057,05,1,8.0,10,1,10,-2.04081632653061,4,"Shanghai, Shanghai, China",CH,CH23,13243,31.2222,121.458,-1924465,4,"Shanghai, Shanghai, China",CH,CH23,13243,31.2222,121.458,-1924465,4,"Shanghai, Shanghai, China",CH,CH23,13243,31.2222,121.458,-1924465,20181018194500,Engage in diplomatic cooperation,Verbal cooperation
795666334,20181018,201810,USA,THE US,USA,,,,,,,,CHN,CHINA,CHN,,,,,,,,1,057,057,05,1,8.0,10,1,10,-2.04081632653061,4,"Shanghai, Shanghai, China",CH,CH23,13243,31.2222,121.458,-1924465,4,"Shanghai, Shanghai, China",CH,CH23,13243,31.2222,121.458,-1924465,4,"Shanghai, Shanghai, China",CH,CH23,13243,31.2222,121.458,-1924465,20181018194500,Engage in diplomatic cooperation,Verbal cooperation
795666335,20181018,201810,USA,THE US,USA,,,,,,,,CHN,CHINA,CHN,,,,,,,,1,0874,087,08,2,10.0,10,1,10,-2.04081632653061,4,"Shanghai, Shanghai, China",CH,CH23,13243,31.2222,121.458,-1924465,4,"Shanghai, Shanghai, China",CH,CH23,13243,31.2222,121.458,-1924465,4,"Shanghai, Shanghai, China",CH,CH23,13243,31.2222,121.458,-1924465,20181018194500,Yield,Material cooperation
795666336,20181018,201810,USA,THE US,USA,,,,,,,,CHNBUS,CHINESE,CHN,,,,,BUS,,,1,071,071,07,2,7.4,10,1,10,-2.04081632653061,4,"Shanghai, Shanghai, China",CH,CH23,13243,31.2222,121.458,-1924465,4,"Shanghai, Shanghai, China",CH,CH23,13243,31.2222,121.458,-1924465,4,"Shanghai, Shanghai, China",CH,CH23,13243,31.2222,121.458,-1924465,20181018194500,Provide aid,Material cooperation
795668007,20181018,201810,CHNBUS,CHINESE,CHN,,,,,BUS,,,USA,THE US,USA,,,,,,,,1,040,040,04,1,1.0,6,1,6,-1.38312586445367,4,"Shenzhen, Guangdong, China",CH,CH30,13036,22.2,111.117,-1925267,4,"Shenzhen, Guangdong, China",CH,CH30,13036,22.2,111.117,-1925267,4,"Shenzhen, Guangdong, China",CH,CH30,13036,22.2,111.117,-1925267,20181018200000,Consult,Verbal cooperation
795669324,20181018,201810,USA,THE US,USA,,,,,,,,CHNBUS,CHINESE,CHN,,,,,BUS,,,1,040,040,04,1,1.0,6,1,6,-1.38312586445367,4,"Shenzhen, Guangdong, China",CH,CH30,13036,22.2,111.117,-1925267,4,"Shenzhen, Guangdong, China",CH,CH30,13036,22.2,111.117,-1925267,4,"Shenzhen, Guangdong, China",CH,CH30,13036,22.2,111.117,-1925267,20181018200000,Consult,Verbal cooperation
795671119,20181018,201810,CHN,GUANGDONG,CHN,,,,,,,,MNCUSA,EXXON,USA,,,,,MNC,,,1,050,050,05,1,3.5,10,1,10,-0.33003300330033,4,"Guangdong, Jilin, China",CH,CH05,13176,42.7683,129.336,10884162,4,"Guangdong, Jilin, China",CH,CH05,13176,42.7683,129.336,10884162,4,"Guangdong, Jilin, China",CH,CH05,13176,42.7683,129.336,10884162,20181018201500,Engage in diplomatic cooperation,Verbal cooperation
795671936,20181018,201810,MNCUSA,EXXON,USA,,,,,MNC,,,CHN,GUANGDONG,CHN,,,,,,,,1,050,050,05,1,3.5,10,1,10,-0.33003300330033,4,"Guangdong, Jilin, China",CH,CH05,13176,42.7683,129.336,10884162,4,"Guangdong, Jilin, China",CH,CH05,13176,42.7683,129.336,10884162,4,"Guangdong, Jilin, China",CH,CH05,13176,42.7683,129.336,10884162,20181018201500,Engage in diplomatic cooperation,Verbal cooperation
795671937,20181018,201810,MNCUSA,EXXON,USA,,,,,MNC,,,CHN,GUANGDONG,CHN,,,,,,,,1,060,060,06,2,6.0,10,1,10,-0.33003300330033,4,"Guangdong, Jilin, China",CH,CH05,13176,42.7683,129.336,10884162,4,"Guangdong, Jilin, China",CH,CH05,13176,42.7683,129.336,10884162,4,"Guangdong, Jilin, China",CH,CH05,13176,42.7683,129.336,10884162,20181018201500,Engage in material cooperation,Material cooperation
795677405,20181018,201810,CHN,CHINA,CHN,,,,,,,,USA,AMERICAN,USA,,,,,,,,1,120,120,12,3,-4.0,7,1,7,0.63131313131313,4,"Beijing, Beijing, China",CH,CH22,13001,39.9289,116.388,-1898541,3,"Los Angeles, California, United States",US,USCA,,34.0522,-118.244,1662328,3,"Los Angeles, California, United States",US,USCA,,34.0522,-118.244,1662328,20181018204500,Reject,Verbal conflict
795687928,20181018,201810,USA,TEXAS,USA,,,,,,,,CHN,CHINA,CHN,,,,,,,,1,051,051,05,1,3.4,6,1,6,-3.43137254901961,2,"Texas, United States",US,USTX,,31.106,-97.6475,TX,1,China,CH,CH,,35.0,105.0,CH,1,China,CH,CH,,35.0,105.0,CH,20181018213000,Engage in diplomatic cooperation,Verbal cooperation
795689404,20181018,201810,CHN,CHINESE,CHN,,,,,,,,USA,LOS ANGELES,USA,,,,,,,,1,042,042,04,1,1.9,7,1,7,1.41287284144427,2,"Maine, United States",US,USME,,44.6074,-69.3977,ME,3,"Bar Harbor, Maine, United States",US,USME,,44.3876,-68.2039,561569,2,"Maine, United States",US,USME,,44.6074,-69.3977,ME,20181018214500,Consult,Verbal cooperation
795692590,20181018,201810,CHN,CHINA,CHN,,,,,,,,USA,UNITED STATES,USA,,,,,,,,1,036,036,03,1,4.0,10,1,10,2.63157894736842,1,China,CH,CH,,35.0,105.0,CH,1,United States,US,US,,39.828175,-98.5795,US,1,United States,US,US,,39.828175,-98.5795,US,20181018220000,Express intent to cooperate,Verbal cooperation
795693872,20181018,201810,USA,UNITED STATES,USA,,,,,,,,CHN,CHINA,CHN,,,,,,,,1,036,036,03,1,4.0,10,1,10,2.63157894736842,1,United States,US,US,,39.828175,-98.5795,US,1,China,CH,CH,,35.0,105.0,CH,1,United States,US,US,,39.828175,-98.5795,US,20181018220000,Express intent to cooperate,Verbal cooperation
795697863,20181018,201810,CHN,CHINESE,CHN,,,,,,,,USAEDU,IDAHO,USA,,,,,EDU,,,1,042,042,04,1,1.9,8,1,8,4.17582417582418,4,"Chengdu, Sichuan, China",CH,CH32,13270,30.6667,104.067,-1900349,2,"Idaho, United States",US,USID,,44.2394,-114.51,ID,4,"Chengdu, Sichuan, China",CH,CH32,13270,30.6667,104.067,-1900349,20181018223000,Consult,Verbal cooperation
795699237,20181018,201810,USA,THE US,USA,,,,,,,,CHN,CHINA,CHN,,,,,,,,1,031,031,03,1,5.2,10,1,10,-1.48270181219111,1,China,CH,CH,,35.0,105.0,CH,1,China,CH,CH,,35.0,105.0,CH,1,China,CH,CH,,35.0,105.0,CH,20181018223000,Express intent to cooperate,Verbal cooperation
795699241,20181018,201810,USA,THE US,USA,,,,,,,,CHN,CHINA,CHN,,,,,,,,1,0874,087,08,2,10.0,6,1,6,-3.08747855917667,4,"Beijing, Beijing, China",CH,CH22,13001,39.9289,116.388,-1898541,4,"Beijing, Beijing, China",CH,CH22,13001,39.9289,116.388,-1898541,4,"Beijing, Beijing, China",CH,CH22,13001,39.9289,116.388,-1898541,20181018223000,Yield,Material cooperation
795699492,20181018,201810,USAEDU,IDAHO,USA,,,,,EDU,,,CHN,CHINESE,CHN,,,,,,,,1,043,043,04,1,2.8,8,1,8,4.17582417582418,4,"Sichuan, Gansu, China",CH,CH15,13024,35.1221,105.48,10650455,4,"Sichuan, Gansu, China",CH,CH15,13024,35.1221,105.48,10650455,4,"Sichuan, Gansu, China",CH,CH15,13024,35.1221,105.48,10650455,20181018223000,Consult,Verbal cooperation
795713933,20181019,201810,CHN,CHINA,CHN,,,,,,,,USAMED,REUTERS,USA,,,,,MED,,,1,043,043,04,1,2.8,10,1,10,-2.70588235294117,4,"Dalian, Liaoning, China",CH,CH19,13327,38.9122,121.602,-1901835,1,Iran,IR,IR,,32.0,53.0,IR,4,"Dalian, Liaoning, China",CH,CH19,13327,38.9122,121.602,-1901835,20181019000000,Consult,Verbal cooperation
795717433,20181019,201810,USAMED,REUTERS,USA,,,,,MED,,,CHN,CHINA,CHN,,,,,,,,1,042,042,04,1,1.9,8,1,8,-2.70588235294117,1,Iran,IR,IR,,32.0,53.0,IR,4,"Dalian, Liaoning, China",CH,CH19,13327,38.9122,121.602,-1901835,4,"Dalian, Liaoning, China",CH,CH19,13327,38.9122,121.602,-1901835,20181019000000,Consult,Verbal cooperation
795725665,20181019,201810,USACVL,AMERICAN,USA,,,,,CVL,,,CHN,CHINESE,CHN,,,,,,,,1,036,036,03,1,4.0,8,1,8,4.86111111111111,1,China,CH,CH,,35.0,105.0,CH,1,China,CH,CH,,35.0,105.0,CH,1,China,CH,CH,,35.0,105.0,CH,20181019003000,Express intent to cooperate,Verbal cooperation
795725667,20181019,201810,USACVL,AMERICAN,USA,,,,,CVL,,,CHN,CHINESE,CHN,,,,,,,,1,051,051,05,1,3.4,6,1,6,4.86111111111111,1,United States,US,US,,39.828175,-98.5795,US,1,China,CH,CH,,35.0,105.0,CH,1,China,CH,CH,,35.0,105.0,CH,20181019003000,Engage in diplomatic cooperation,Verbal cooperation
795727424,20181019,201810,CHN,CHINA,CHN,,,,,,,,USA,UNITED STATES,USA,,,,,,,,1,030,030,03,1,4.0,6,1,6,-4.20819490586932,1,Iran,IR,IR,,32.0,53.0,IR,1,Iran,IR,IR,,32.0,53.0,IR,1,Iran,IR,IR,,32.0,53.0,IR,20181019004500,Express intent to cooperate,Verbal cooperation
795729127,20181019,201810,USA,THE US,USA,,,,,,,,CHNBUS,CHINA,CHN,,,,,BUS,,,1,061,061,06,2,6.4,8,1,8,-8.1419624217119,4,"Beijing, Beijing, China",CH,CH22,13001,39.9289,116.388,-1898541,4,"Beijing, Beijing, China",CH,CH22,13001,39.9289,116.388,-1898541,4,"Beijing, Beijing, China",CH,CH22,13001,39.9289,116.388,-1898541,20181019004500,Engage in material cooperation,Material cooperation
795733593,20181019,201810,USAMED,REUTERS,USA,,,,,MED,,,CHN,BEIJING,CHN,,,,,,,,1,044,044,04,1,2.5,6,1,6,-2.59067357512953,4,"Beijing, Beijing, China",CH,CH22,13001,39.9289,116.388,-1898541,4,"Beijing, Beijing, China",CH,CH22,13001,39.9289,116.388,-1898541,4,"Beijing, Beijing, China",CH,CH22,13001,39.9289,116.388,-1898541,20181019010000,Consult,Verbal cooperation
795735199,20181019,201810,CHN,CHINA,CHN,,,,,,,,USA,UNITED STATES,USA,,,,,,,,1,020,020,02,1,3.0,10,1,10,-2.68767377201112,4,"Tayma, Tabuk, Saudi Arabia",SA,SA19,25317,27.6223,38.5388,-3099971,4,"Tayma, Tabuk, Saudi Arabia",SA,SA19,25317,27.6223,38.5388,-3099971,2,"Arizona, United States",US,USAZ,,33.7712,-111.388,AZ,20181019011500,Appeal,Verbal cooperation
795735202,20181019,201810,CHN,CHINA,CHN,,,,,,,,USA,WASHINGTON,USA,,,,,,,,1,042,042,04,1,1.9,38,5,38,-3.3020579403973,4,"Moscow, Moskva, Russia",RS,RS48,25106,55.7522,37.6156,-2960561,4,"Moscow, Moskva, Russia",RS,RS48,25106,55.7522,37.6156,-2960561,4,"Moscow, Moskva, Russia",RS,RS48,25106,55.7522,37.6156,-2960561,20181019011500,Consult,Verbal cooperation
795735205,20181019,201810,CHN,CHINA,CHN,,,,,,,,USA,WASHINGTON,USA,,,,,,,,1,042,042,04,1,1.9,6,1,6,-3.24763193504736,4,"Ankara, Ankara, Turkey",TU,TU68,27516,39.9272,32.8644,-735338,4,"Ankara, Ankara, Turkey",TU,TU68,27516,39.9272,32.8644,-735338,4,"Ankara, Ankara, Turkey",TU,TU68,27516,39.9272,32.8644,-735338,20181019011500,Consult,Verbal cooperation
795736330,20181019,201810,MNCUSA,GOLDMAN SACHS,USA,,,,,MNC,,,CHN,CHINA,CHN,,,,,,,,1,130,130,13,3,-4.4,10,1,10,-1.00334448160535,1,China,CH,CH,,35.0,105.0,CH,1,China,CH,CH,,35.0,105.0,CH,1,China,CH,CH,,35.0,105.0,CH,20181019011500,Threaten,Verbal conflict
795736913,20181019,201810,USA,WASHINGTON,USA,,,,,,,,CHN,CHINA,CHN,,,,,,,,1,043,043,04,1,2.8,8,2,8,-3.42384887839434,3,"Washington, District of Columbia, United States",US,USDC,DC001,38.8951,-77.0364,531871,4,"Beijing, Beijing, China",CH,CH22,13001,39.9289,116.388,-1898541,3,"Washington, District of Columbia, United States",US,USDC,DC001,38.8951,-77.0364,531871,20181019011500,Consult,Verbal cooperation
795736914,20181019,201810,USA,WASHINGTON,USA,,,,,,,,CHN,CHINA,CHN,,,,,,,,1,043,043,04,1,2.8,48,6,48,-3.27013318906192,3,"Washington, District of Columbia, United States",US,USDC,DC001,38.8951,-77.0364,531871,4,"Xinjiang, Jiangxi, China",CH,CH03,13167,27.7481,116.274,11065838,3,"Washington, District of Columbia, United States",US,USDC,DC001,38.8951,-77.0364,531871,20181019011500,Consult,Verbal cooperation
795745050,20181019,201810,CHN,CHINESE,CHN,,,,,,,,USA,AMERICAN,USA,,,,,,,,1,010,010,01,1,0.0,6,1,6,-1.34357005758157,1,United States,US,US,,39.828175,-98.5795,US,1,United States,US,US,,39.828175,-98.5795,US,1,United States,US,US,,39.828175,-98.5795,US,20181019020000,Make public statement,Verbal cooperation
795748097,20181019,201810,CHN,CHINA,CHN,,,,,,,,USA,WASHINGTON,USA,,,,,,,,1,042,042,04,1,1.9,10,1,10,-4.36590436590437,4,"Xinjiang, Jiangxi, China",CH,CH03,13167,27.7481,116.274,11065838,4,"Xinjiang, Jiangxi, China",CH,CH03,13167,27.7481,116.274,11065838,4,"Xinjiang, Jiangxi, China",CH,CH03,13167,27.7481,116.274,11065838,20181019021500,Consult,Verbal cooperation
795748098,20181019,201810,CHNEDU,CHINESE,CHN,,,,,EDU,,,USAJUD,ILLINOIS,USA,,,,,JUD,,,1,020,020,02,1,3.0,6,1,6,-6.86813186813187,3,"Champaign, Illinois, United States",US,USIL,IL019,40.1164,-88.2434,405936,3,"Champaign, Illinois, United States",US,USIL,IL019,40.1164,-88.2434,405936,3,"Champaign, Illinois, United States",US,USIL,IL019,40.1164,-88.2434,405936,20181019021500,Appeal,Verbal cooperation
795752187,20181019,201810,USA,UTAH,USA,,,,,,,,CHN,CHINA,CHN,,,,,,,,1,061,061,06,2,6.4,6,1,6,2.52525252525253,2,"Utah, United States",US,USUT,,40.1135,-111.854,UT,4,"Shanghai, Shanghai, China",CH,CH23,13243,31.2222,121.458,-1924465,2,"Utah, United States",US,USUT,,40.1135,-111.854,UT,20181019023000,Engage in material cooperation,Material cooperation
795753718,20181019,201810,CHN,CHINA,CHN,,,,,,,,USA,WASHINGTON,USA,,,,,,,,1,084,084,08,2,7.0,10,1,10,-6.81818181818182,4,"Beijing, Beijing, China",CH,CH22,13001,39.9289,116.388,-1898541,3,"Washington, District of Columbia, United States",US,USDC,DC001,38.8951,-77.0364,531871,4,"Beijing, Beijing, China",CH,CH22,13001,39.9289,116.388,-1898541,20181019024500,Yield,Material cooperation
795755184,20181019,201810,USA,UNITED STATES,USA,,,,,,,,CHN,CHINA,CHN,,,,,,,,1,060,060,06,2,6.0,10,1,10,-5.52147239263804,4,"Beijing, Beijing, China",CH,CH22,13001,39.9289,116.388,-1898541,4,"Beijing, Beijing, China",CH,CH22,13001,39.9289,116.388,-1898541,4,"Beijing, Beijing, China",CH,CH22,13001,39.9289,116.388,-1898541,20181019024500,Engage in material cooperation,Material cooperation
795755185,20181019,201810,USA,AMERICAN,USA,,,,,,,,CHN,CHINESE,CHN,,,,,,,,1,061,061,06,2,6.4,40,4,40,-4.60232568303345,3,"Washington, District of Columbia, United States",US,USDC,DC001,38.8951,-77.0364,531871,4,"Beijing, Beijing, China",CH,CH22,13001,39.9289,116.388,-1898541,3,"Washington, District of Columbia, United States",US,USDC,DC001,38.8951,-77.0364,531871,20181019024500,Engage in material cooperation,Material cooperation
795769594,20181019,201810,CHN,CHINA,CHN,,,,,,,,USA,UNITED STATES,USA,,,,,,,,1,020,020,02,1,3.0,8,1,8,2.99003322259136,4,"Beijing, Beijing, China",CH,CH22,13001,39.9289,116.388,-1898541,4,"Beijing, Beijing, China",CH,CH22,13001,39.9289,116.388,-1898541,4,"Beijing, Beijing, China",CH,CH22,13001,39.9289,116.388,-1898541,20181019040000,Appeal,Verbal cooperation
795773697,20181019,201810,USA,THE US,USA,,,,,,,,CHN,CHINA,CHN,,,,,,,,1,112,112,11,3,-2.0,10,1,10,-1.67785234899329,4,"Beijing, Beijing, China",CH,CH22,13001,39.9289,116.388,-1898541,4,"Beijing, Beijing, China",CH,CH22,13001,39.9289,116.388,-1898541,4,"Beijing, Beijing, China",CH,CH22,13001,39.9289,116.388,-1898541,20181019041500,Disapprove,Verbal conflict
795773698,20181019,201810,USA,UNITED STATES,USA,,,,,,,,CHNBUS,CHINESE,CHN,,,,,BUS,,,1,014,014,01,1,0.0,6,1,6,-2.95698924731182,4,"Lu Kang, Anhui, China",CH,CH01,13144,31.2728,118.337,-1916844,4,"Lu Kang, Anhui, China",CH,CH01,13144,31.2728,118.337,-1916844,4,"Lu Kang, Anhui, China",CH,CH01,13144,31.2728,118.337,-1916844,20181019041500,Make public statement,Verbal cooperation
795780791,20181019,201810,USA,UNITED STATES,USA,,,,,,,,CHNBUS,CHINESE,CHN,,,,,BUS,,,1,014,014,01,1,0.0,6,1,6,-2.9023746701847,1,United States,US,US,,39.828175,-98.5795,US,4,"Gao Feng, Sichuan, China",CH,CH32,13270,32.0105,104.019,10334640,4,"Gao Feng, Sichuan, China",CH,CH32,13270,32.0105,104.019,10334640,20181019050000,Make public statement,Verbal cooperation
795781026,20181019,201810,USAGOVBUS,US TREASURY,USA,,,,,GOV,BUS,,CHNBUS,CHINA,CHN,,,,,BUS,,,1,012,012,01,1,-0.4,10,1,10,-2.9023746701847,4,"Zhong Nan, Sichuan, China",CH,CH32,13003,31.2201,105.803,10327060,4,"Zhong Nan, Sichuan, China",CH,CH32,13003,31.2201,105.803,10327060,4,"Zhong Nan, Sichuan, China",CH,CH32,13003,31.2201,105.803,10327060,20181019050000,Make public statement,Verbal cooperation
795782365,20181019,201810,CHN,CHINA,CHN,,,,,,,,USA,AMERICAN,USA,,,,,,,,1,051,051,05,1,3.4,10,1,10,-4.50236966824644,1,China,CH,CH,,35.0,105.0,CH,1,United States,US,US,,39.828175,-98.5795,US,1,China,CH,CH,,35.0,105.0,CH,20181019051500,Engage in diplomatic cooperation,Verbal cooperation
795782368,20181019,201810,CHN,CHINA,CHN,,,,,,,,USAMED,UNITED STATES,USA,,,,,MED,,,1,011,011,01,1,-0.1,6,1,6,-1.5625,4,"Beijing, Beijing, China",CH,CH22,13001,39.9289,116.388,-1898541,1,United States,US,US,,39.828175,-98.5795,US,1,United States,US,US,,39.828175,-98.5795,US,20181019051500,Make public statement,Verbal cooperation
795783796,20181019,201810,USA,UNITED STATES,USA,,,,,,,,CHN,CHINESE,CHN,,,,,,,,1,050,050,05,1,3.5,10,1,10,-4.50236966824644,1,China,CH,CH,,35.0,105.0,CH,1,China,CH,CH,,35.0,105.0,CH,1,China,CH,CH,,35.0,105.0,CH,20181019051500,Engage in diplomatic cooperation,Verbal cooperation
795786085,20181019,201810,CHN,CHINA,CHN,,,,,,,,USA,UNITED STATES,USA,,,,,,,,1,036,036,03,1,4.0,6,1,6,1.43884892086331,1,China,CH,CH,,35.0,105.0,CH,3,"Benton County, Oregon, United States",US,USOR,,44.4996,-123.418,1155126,3,"Benton County, Oregon, United States",US,USOR,,44.4996,-123.418,1155126,20181019053000,Express intent to cooperate,Verbal cooperation
795786089,20181019,201810,CHN,CHINA,CHN,,,,,,,,USA,UNITED STATES,USA,,,,,,,,1,046,046,04,1,7.0,6,1,6,1.43884892086331,1,China,CH,CH,,35.0,105.0,CH,3,"Benton County, Oregon, United States",US,USOR,,44.4996,-123.418,1155126,3,"Benton County, Oregon, United States",US,USOR,,44.4996,-123.418,1155126,20181019053000,Consult,Verbal cooperation
795791552,20181019,201810,USA,UNITED STATES,USA,,,,,,,,CHN,CHINA,CHN,,,,,,,,1,036,036,03,1,4.0,6,1,6,1.43884892086331,3,"Benton County, Oregon, United States",US,USOR,OR003,44.4996,-123.418,1155126,1,China,CH,CH,,35.0,105.0,CH,3,"Benton County, Oregon, United States",US,USOR,,44.4996,-123.418,1155126,20181019053000,Express intent to cooperate,Verbal cooperation
795791556,20181019,201810,USA,UNITED STATES,USA,,,,,,,,CHN,CHINA,CHN,,,,,,,,1,046,046,04,1,7.0,6,1,6,1.43884892086331,3,"Benton County, Oregon, United States",US,USOR,OR003,44.4996,-123.418,1155126,3,"Benton County, Oregon, United States",US,USOR,,44.4996,-123.418,1155126,3,"Benton County, Oregon, United States",US,USOR,,44.4996,-123.418,1155126,20181019053000,Consult,Verbal cooperation
795793507,20181019,201810,CHN,CHINA,CHN,,,,,,,,USA,THE US,USA,,,,,,,,1,057,057,05,1,8.0,10,1,10,-1.89873417721519,4,"Shanghai, Shanghai, China",CH,CH23,13243,31.2222,121.458,-1924465,4,"Shanghai, Shanghai, China",CH,CH23,13243,31.2222,121.458,-1924465,4,"Shanghai, Shanghai, China",CH,CH23,13243,31.2222,121.458,-1924465,20181019054500,Engage in diplomatic cooperation,Verbal cooperation
795794502,20181019,201810,USA,THE US,USA,,,,,,,,CHN,CHINA,CHN,,,,,,,,1,057,057,05,1,8.0,10,1,10,-1.89873417721519,4,"Shanghai, Shanghai, China",CH,CH23,13243,31.2222,121.458,-1924465,4,"Shanghai, Shanghai, China",CH,CH23,13243,31.2222,121.458,-1924465,4,"Shanghai, Shanghai, China",CH,CH23,13243,31.2222,121.458,-1924465,20181019054500,Engage in diplomatic cooperation,Verbal cooperation
795794506,20181019,201810,USA,THE US,USA,,,,,,,,CHN,CHINA,CHN,,,,,,,,1,0874,087,08,2,10.0,10,1,10,-1.89873417721519,4,"Shanghai, Shanghai, China",CH,CH23,13243,31.2222,121.458,-1924465,4,"Shanghai, Shanghai, China",CH,CH23,13243,31.2222,121.458,-1924465,4,"Shanghai, Shanghai, China",CH,CH23,13243,31.2222,121.458,-1924465,20181019054500,Yield,Material cooperation
795794508,20181019,201810,USA,THE US,USA,,,,,,,,CHNBUS,CHINESE,CHN,,,,,BUS,,,1,071,071,07,2,7.4,10,1,10,-1.89873417721519,4,"Shanghai, Shanghai, China",CH,CH23,13243,31.2222,121.458,-1924465,4,"Shanghai, Shanghai, China",CH,CH23,13243,31.2222,121.458,-1924465,4,"Shanghai, Shanghai, China",CH,CH23,13243,31.2222,121.458,-1924465,20181019054500,Provide aid,Material cooperation
795798177,20181012,201810,USA,UNITED STATES,USA,,,,,,,,CHN,CHINA,CHN,,,,,,,,1,160,160,16,4,-4.0,8,1,8,0.0,1,United States,US,US,,39.828175,-98.5795,US,4,"Bali, Zhejiang, China",CH,CH02,13324,29.4267,120.897,10563136,4,"Bali, Zhejiang, China",CH,CH02,13324,29.4267,120.897,10563136,20181019061500,Reduce relations,Material conflict
795800682,20181019,201810,CHNBUS,CHINESE,CHN,,,,,BUS,,,USA,AMERICAN,USA,,,,,,,,1,071,071,07,2,7.4,6,1,6,-1.59817351598174,4,"Shanghai, Shanghai, China",CH,CH23,13243,31.2222,121.458,-1924465,2,"New York, United States",US,USNY,,42.1497,-74.9384,NY,4,"Shanghai, Shanghai, China",CH,CH23,13243,31.2222,121.458,-1924465,20181019063000,Provide aid,Material cooperation
795806125,20181019,201810,CHN,CHINA,CHN,,,,,,,,USA,UNITED STATES,USA,,,,,,,,1,061,061,06,2,6.4,6,1,6,0.99337748344371,1,China,CH,CH,,35.0,105.0,CH,1,United States,US,US,,39.828175,-98.5795,US,1,United States,US,US,,39.828175,-98.5795,US,20181019070000,Engage in material cooperation,Material cooperation
795807244,20181019,201810,USA,UNITED STATES,USA,,,,,,,,CHN,CHINA,CHN,,,,,,,,1,061,061,06,2,6.4,10,1,10,0.99337748344371,1,Japan,JA,JA,,36.0,138.0,JA,1,Japan,JA,JA,,36.0,138.0,JA,1,Japan,JA,JA,,36.0,138.0,JA,20181019070000,Engage in material cooperation,Material cooperation
795815856,20181019,201810,USA,THE US,USA,,,,,,,,CHN,CHINA,CHN,,,,,,,,1,0874,087,08,2,10.0,6,1,6,-8.22622107969152,1,United States,US,US,,39.828175,-98.5795,US,1,China,CH,CH,,35.0,105.0,CH,1,China,CH,CH,,35.0,105.0,CH,20181019074500,Yield,Material cooperation
795819738,20181019,201810,CHN,CHINA,CHN,,,,,,,,MNCUSAMED,GOOGLE,USA,,,,,MNC,MED,,1,036,036,03,1,4.0,10,1,10,-1.77777777777778,1,China,CH,CH,,35.0,105.0,CH,1,China,CH,CH,,35.0,105.0,CH,1,China,CH,CH,,35.0,105.0,CH,20181019081500,Express intent to cooperate,Verbal cooperation
795820654,20181019,201810,MNCUSAMED,GOOGLE,USA,,,,,MNC,MED,,CHN,CHINA,CHN,,,,,,,,1,036,036,03,1,4.0,6,1,6,-1.77777777777778,1,China,CH,CH,,35.0,105.0,CH,1,China,CH,CH,,35.0,105.0,CH,1,China,CH,CH,,35.0,105.0,CH,20181019081500,Express intent to cooperate,Verbal cooperation
795832946,20181019,201810,CHN,CHINA,CHN,,,,,,,,USA,THE US,USA,,,,,,,,1,020,020,02,1,3.0,8,1,8,-1.60891089108911,4,"Wuhan, Hubei, China",CH,CH12,13124,30.5833,114.267,-1930776,4,"Wuhan, Hubei, China",CH,CH12,13124,30.5833,114.267,-1930776,4,"Wuhan, Hubei, China",CH,CH12,13124,30.5833,114.267,-1930776,20181019093000,Appeal,Verbal cooperation
795832951,20181019,201810,CHNGOV,SHANGHAI,CHN,,,,,GOV,,,USA,THE US,USA,,,,,,,,1,057,057,05,1,8.0,6,1,6,1.03092783505155,4,"Shanghai, Shanghai, China",CH,CH23,13243,31.2222,121.458,-1924465,4,"Shanghai, Shanghai, China",CH,CH23,13243,31.2222,121.458,-1924465,4,"Shanghai, Shanghai, China",CH,CH23,13243,31.2222,121.458,-1924465,20181019093000,Engage in diplomatic cooperation,Verbal cooperation
795834045,20181019,201810,USA,THE US,USA,,,,,,,,CHNGOV,SHANGHAI,CHN,,,,,GOV,,,1,057,057,05,1,8.0,6,1,6,1.03092783505155,4,"Shanghai, Shanghai, China",CH,CH23,13243,31.2222,121.458,-1924465,4,"Shanghai, Shanghai, China",CH,CH23,13243,31.2222,121.458,-1924465,4,"Shanghai, Shanghai, China",CH,CH23,13243,31.2222,121.458,-1924465,20181019093000,Engage in diplomatic cooperation,Verbal cooperation
795846729,20181019,201810,USA,WASHINGTON,USA,,,,,,,,CHN,BEIJING,CHN,,,,,,,,1,044,044,04,1,2.5,10,1,10,-3.05676855895196,3,"Washington, District of Columbia, United States",US,USDC,DC001,38.8951,-77.0364,531871,4,"Beijing, Beijing, China",CH,CH22,13001,39.9289,116.388,-1898541,4,"Tokyo, Tokyo, Japan",JA,JA40,36340,35.685,139.751,-246227,20181019103000,Consult,Verbal cooperation
795846733,20181019,201810,USA,AMERICAN,USA,,,,,,,,CHN,CHINESE,CHN,,,,,,,,1,112,112,11,3,-2.0,6,1,6,-1.26582278481013,1,China,CH,CH,,35.0,105.0,CH,1,China,CH,CH,,35.0,105.0,CH,1,China,CH,CH,,35.0,105.0,CH,20181019103000,Disapprove,Verbal conflict
795852176,20181019,201810,CHN,CHINA,CHN,,,,,,,,USABUS,AMERICAN,USA,,,,,BUS,,,1,043,043,04,1,2.8,6,1,6,-2.12464589235127,1,China,CH,CH,,35.0,105.0,CH,3,"White House, District of Columbia, United States",US,USDC,,38.8951,-77.0364,531871,1,China,CH,CH,,35.0,105.0,CH,20181019110000,Consult,Verbal cooperation
795853800,20181019,201810,USABUS,AMERICAN,USA,,,,,BUS,,,CHN,CHINESE,CHN,,,,,,,,1,012,012,01,1,-0.4,6,1,6,-2.12464589235127,3,"White House, District of Columbia, United States",US,USDC,,38.8951,-77.0364,531871,1,China,CH,CH,,35.0,105.0,CH,3,"White House, District of Columbia, United States",US,USDC,,38.8951,-77.0364,531871,20181019110000,Make public statement,Verbal cooperation
795853802,20181019,201810,USABUS,AMERICAN,USA,,,,,BUS,,,CHN,CHINA,CHN,,,,,,,,1,042,042,04,1,1.9,8,1,8,-2.12464589235127,1,China,CH,CH,,35.0,105.0,CH,1,China,CH,CH,,35.0,105.0,CH,1,China,CH,CH,,35.0,105.0,CH,20181019110000,Consult,Verbal cooperation
795859277,20181019,201810,CHN,CHINA,CHN,,,,,,,,USAGOV,THE US,USA,,,,,GOV,,,1,172,172,17,4,-5.0,10,1,10,-1.02941176470588,4,"Dahua, Jiangsu, China",CH,CH04,13144,31.2849,118.728,10511986,4,"Dahua, Jiangsu, China",CH,CH04,13144,31.2849,118.728,10511986,4,"Dahua, Jiangsu, China",CH,CH04,13144,31.2849,118.728,10511986,20181019113000,Coerce,Material conflict
795860075,20181019,201810,MNCUSAMED,GOOGLE,USA,,,,,MNC,MED,,CHN,CHINA,CHN,,,,,,,,1,011,011,01,1,-0.1,10,1,10,-0.23391812865497,4,"Shanghai, Shanghai, China",CH,CH23,13243,31.2222,121.458,-1924465,4,"Shanghai, Shanghai, China",CH,CH23,13243,31.2222,121.458,-1924465,4,"Shanghai, Shanghai, China",CH,CH23,13243,31.2222,121.458,-1924465,20181019113000,Make public statement,Verbal cooperation
795860076,20181019,201810,MNCUSAMED,GOOGLE,USA,,,,,MNC,MED,,CHN,CHINESE,CHN,,,,,,,,1,013,013,01,1,0.4,8,1,8,-0.23391812865497,4,"Beijing, Beijing, China",CH,CH22,13001,39.9289,116.388,-1898541,4,"Beijing, Beijing, China",CH,CH22,13001,39.9289,116.388,-1898541,4,"Beijing, Beijing, China",CH,CH22,13001,39.9289,116.388,-1898541,20181019113000,Make public statement,Verbal cooperation
795860077,20181019,201810,MNCUSAMED,GOOGLE,USA,,,,,MNC,MED,,CHN,CHINA,CHN,,,,,,,,1,090,090,09,2,-2.0,30,1,10,-0.23391812865497,4,"Shanghai, Shanghai, China",CH,CH23,13243,31.2222,121.458,-1924465,4,"Shanghai, Shanghai, China",CH,CH23,13243,31.2222,121.458,-1924465,4,"Shanghai, Shanghai, China",CH,CH23,13243,31.2222,121.458,-1924465,20181019113000,Investigate,Material cooperation
795860467,20181019,201810,USA,THE US,USA,,,,,,,,CHN,CHINA,CHN,,,,,,,,1,0874,087,08,2,10.0,6,1,6,-1.73697270471464,2,"California, United States",US,USCA,,36.17,-119.746,CA,2,"California, United States",US,USCA,,36.17,-119.746,CA,2,"California, United States",US,USCA,,36.17,-119.746,CA,20181019113000,Yield,Material cooperation
795865613,20181019,201810,CHN,BEIJING,CHN,,,,,,,,USA,THE US,USA,,,,,,,,1,190,190,19,4,-10.0,8,1,8,-3.29218106995885,4,"Beijing, Beijing, China",CH,CH22,13001,39.9289,116.388,-1898541,3,"Washington, District of Columbia, United States",US,USDC,DC001,38.8951,-77.0364,531871,4,"Beijing, Beijing, China",CH,CH22,13001,39.9289,116.388,-1898541,20181019120000,Fight,Material conflict
795867077,20181019,201810,USA,THE US,USA,,,,,,,,CHN,BEIJING,CHN,,,,,,,,1,190,190,19,4,-10.0,8,1,8,-3.29218106995885,3,"Washington, District of Columbia, United States",US,USDC,DC001,38.8951,-77.0364,531871,4,"Beijing, Beijing, China",CH,CH22,13001,39.9289,116.388,-1898541,4,"Beijing, Beijing, China",CH,CH22,13001,39.9289,116.388,-1898541,20181019120000,Fight,Material conflict
795872457,20181019,201810,CHN,CHINA,CHN,,,,,,,,USA,A US,USA,,,,,,,,1,020,020,02,1,3.0,8,1,8,-3.87409200968523,1,China,CH,CH,,35.0,105.0,CH,1,Norway,NO,NO,,62.0,10.0,NO,1,China,CH,CH,,35.0,105.0,CH,20181019123000,Appeal,Verbal cooperation
795872459,20181019,201810,CHN,CHINA,CHN,,,,,,,,USA,A US,USA,,,,,,,,1,090,090,09,2,-2.0,8,1,8,-3.87409200968523,1,China,CH,CH,,35.0,105.0,CH,1,Norway,NO,NO,,62.0,10.0,NO,1,China,CH,CH,,35.0,105.0,CH,20181019123000,Investigate,Material cooperation
795875777,20181019,201810,CHN,CHINA,CHN,,,,,,,,USA,WASHINGTON,USA,,,,,,,,1,023,023,02,1,3.4,8,1,8,-4.56140350877193,4,"Beijing, Beijing, China",CH,CH22,13001,39.9289,116.388,-1898541,3,"Washington, District of Columbia, United States",US,USDC,DC001,38.8951,-77.0364,531871,4,"Beijing, Beijing, China",CH,CH22,13001,39.9289,116.388,-1898541,20181019124500,Appeal,Verbal cooperation
795883273,20181019,201810,MNCUSAMED,GOOGLE,USA,,,,,MNC,MED,,CHN,CHINA,CHN,,,,,,,,1,090,090,09,2,-2.0,8,1,8,0.0,1,China,CH,CH,,35.0,105.0,CH,1,China,CH,CH,,35.0,105.0,CH,1,China,CH,CH,,35.0,105.0,CH,20181019131500,Investigate,Material cooperation
795885812,20181019,201810,CHN,ZHEJIANG,CHN,,,,,,,,MNCUSA,EXXON MOBIL,USA,,,,,MNC,,,1,057,057,05,1,8.0,10,1,10,2.4390243902439,5,"Zhejiang, Zhejiang, China",CH,CH02,13325,29.0,120.0,-1938694,5,"Zhejiang, Zhejiang, China",CH,CH02,13325,29.0,120.0,-1938694,5,"Zhejiang, Zhejiang, China",CH,CH02,13325,29.0,120.0,-1938694,20181019133000,Engage in diplomatic cooperation,Verbal cooperation
795885817,20181019,201810,CHN,CHINA,CHN,,,,,,,,USAMED,REUTERS,USA,,,,,MED,,,1,013,013,01,1,0.4,8,1,8,2.4390243902439,4,"Yahui, Guizhou, China",CH,CH18,13071,26.1192,108.047,-1935031,4,"Yahui, Guizhou, China",CH,CH18,13071,26.1192,108.047,-1935031,4,"Yahui, Guizhou, China",CH,CH18,13071,26.1192,108.047,-1935031,20181019133000,Make public statement,Verbal cooperation
795885819,20181019,201810,CHNBUS,CHINESE,CHN,,,,,BUS,,,MNCUSA,EXXON MOBIL,USA,,,,,MNC,,,1,036,036,03,1,4.0,6,1,6,2.4390243902439,5,"Zhejiang, Zhejiang, China",CH,CH02,13325,29.0,120.0,-1938694,5,"Zhejiang, Zhejiang, China",CH,CH02,13325,29.0,120.0,-1938694,5,"Zhejiang, Zhejiang, China",CH,CH02,13325,29.0,120.0,-1938694,20181019133000,Express intent to cooperate,Verbal cooperation
795886856,20181019,201810,MNCUSA,EXXON MOBIL,USA,,,,,MNC,,,CHN,ZHEJIANG,CHN,,,,,,,,1,057,057,05,1,8.0,8,1,8,2.4390243902439,5,"Zhejiang, Zhejiang, China",CH,CH02,13325,29.0,120.0,-1938694,5,"Zhejiang, Zhejiang, China",CH,CH02,13325,29.0,120.0,-1938694,5,"Zhejiang, Zhejiang, China",CH,CH02,13325,29.0,120.0,-1938694,20181019133000,Engage in diplomatic cooperation,Verbal cooperation
795886857,20181019,201810,MNCUSA,EXXON MOBIL,USA,,,,,MNC,,,CHNBUS,CHINESE,CHN,,,,,BUS,,,1,036,036,03,1,4.0,6,1,6,2.4390243902439,5,"Zhejiang, Zhejiang, China",CH,CH02,13325,29.0,120.0,-1938694,5,"Zhejiang, Zhejiang, China",CH,CH02,13325,29.0,120.0,-1938694,5,"Zhejiang, Zhejiang, China",CH,CH02,13325,29.0,120.0,-1938694,20181019133000,Express intent to cooperate,Verbal cooperation
795903124,20181019,201810,CHN,BEIJING,CHN,,,,,,,,USA,UNITED STATES,USA,,,,,,,,1,061,061,06,2,6.4,10,1,10,-1.70454545454545,4,"Beijing, Beijing, China",CH,CH22,13001,39.9289,116.388,-1898541,1,United States,US,US,,39.828175,-98.5795,US,1,United States,US,US,,39.828175,-98.5795,US,20181019144500,Engage in material cooperation,Material cooperation
795906496,20181019,201810,CHN,CANTON,CHN,,,,,,,,USAGOV,OHIO,USA,,,,,GOV,,,1,010,010,01,1,0.0,6,1,6,-3.55191256830601,3,"Dayton, Ohio, United States",US,USOH,OH113,39.7589,-84.1916,1064514,3,"Dayton, Ohio, United States",US,USOH,OH113,39.7589,-84.1916,1064514,3,"Dayton, Ohio, United States",US,USOH,OH113,39.7589,-84.1916,1064514,20181019150000,Make public statement,Verbal cooperation
795916651,20181019,201810,CHNCRM,CHINESE,CHN,,,,,CRM,,,USA,UNITED STATES,USA,,,,,,,,1,120,120,12,3,-4.0,6,1,6,-0.99009900990099,1,United States,US,US,,39.828175,-98.5795,US,1,United States,US,US,,39.828175,-98.5795,US,1,United States,US,US,,39.828175,-98.5795,US,20181019154500,Reject,Verbal conflict
795920065,20181019,201810,CHN,CANTON,CHN,,,,,,,,USAGOV,OHIO,USA,,,,,GOV,,,1,010,010,01,1,0.0,6,1,6,-3.72050816696914,1,China,CH,CH,,35.0,105.0,CH,2,"Ohio, United States",US,USOH,,40.3736,-82.7755,OH,2,"Ohio, United States",US,USOH,,40.3736,-82.7755,OH,20181019160000,Make public statement,Verbal cooperation
795925569,20181019,201810,USA,AMERICAN,USA,,,,,,,,CHN,CHINA,CHN,,,,,,,,1,012,012,01,1,-0.4,8,1,8,-6.66666666666667,1,United States,US,US,,39.828175,-98.5795,US,1,China,CH,CH,,35.0,105.0,CH,1,China,CH,CH,,35.0,105.0,CH,20181019161500,Make public statement,Verbal cooperation
795925813,20181019,201810,USACVL,AMERICAN,USA,,,,,CVL,,,CHN,CHINA,CHN,,,,,,,,1,051,051,05,1,3.4,10,1,10,-6.66666666666667,1,United States,US,US,,39.828175,-98.5795,US,1,China,CH,CH,,35.0,105.0,CH,1,United States,US,US,,39.828175,-98.5795,US,20181019161500,Engage in diplomatic cooperation,Verbal cooperation
795928983,20181019,201810,USA,WASHINGTON,USA,,,,,,,,CHN,BEIJING,CHN,,,,,,,,1,057,057,05,1,8.0,6,1,6,0.0,4,"Beijing, Beijing, China",CH,CH22,13001,39.9289,116.388,-1898541,4,"Beijing, Beijing, China",CH,CH22,13001,39.9289,116.388,-1898541,4,"Beijing, Beijing, China",CH,CH22,13001,39.9289,116.388,-1898541,20181019163000,Engage in diplomatic cooperation,Verbal cooperation
795930872,20181019,201810,CHN,CHINA,CHN,,,,,,,,MNCUSAMED,GOOGLE,USA,,,,,MNC,MED,,1,061,061,06,2,6.4,8,1,8,-2.33614536015575,4,"Beijing, Beijing, China",CH,CH22,13001,39.9289,116.388,-1898541,4,"Beijing, Beijing, China",CH,CH22,13001,39.9289,116.388,-1898541,4,"Beijing, Beijing, China",CH,CH22,13001,39.9289,116.388,-1898541,20181019164500,Engage in material cooperation,Material cooperation
795931851,20181019,201810,MNCUSAMED,GOOGLE,USA,,,,,MNC,MED,,CHN,CHINA,CHN,,,,,,,,1,061,061,06,2,6.4,8,1,8,-2.33614536015575,4,"Beijing, Beijing, China",CH,CH22,13001,39.9289,116.388,-1898541,4,"Beijing, Beijing, China",CH,CH22,13001,39.9289,116.388,-1898541,4,"Beijing, Beijing, China",CH,CH22,13001,39.9289,116.388,-1898541,20181019164500,Engage in material cooperation,Material cooperation
795935774,20181019,201810,USA,ATLANTA,USA,,,,,,,,CHN,CHINA,CHN,,,,,,,,1,173,173,17,4,-5.0,10,1,10,3.50584307178631,4,"Hangzhou, Zhejiang, China",CH,CH02,13319,30.2553,120.169,-1908366,4,"Hangzhou, Zhejiang, China",CH,CH02,13319,30.2553,120.169,-1908366,4,"Hangzhou, Zhejiang, China",CH,CH02,13319,30.2553,120.169,-1908366,20181019170000,Coerce,Material conflict
795942435,20181019,201810,USA,NEW YORK STATE,USA,,,,,,,,CHN,CHINESE,CHN,,,,,,,,1,013,013,01,1,0.4,6,1,6,1.05421686746988,2,"New York, United States",US,USNY,,42.1497,-74.9384,NY,1,China,CH,CH,,35.0,105.0,CH,1,China,CH,CH,,35.0,105.0,CH,20181019173000,Make public statement,Verbal cooperation
795947597,20181019,201810,CHN,CHINA,CHN,,,,,,,,USAMED,THE ASSOCIATED PRESS,USA,,,,,MED,,,1,010,010,01,1,0.0,16,8,16,-1.6080779054917,4,"Beijing, Beijing, China",CH,CH22,13001,39.9289,116.388,-1898541,4,"Beijing, Beijing, China",CH,CH22,13001,39.9289,116.388,-1898541,4,"Beijing, Beijing, China",CH,CH22,13001,39.9289,116.388,-1898541,20181019180000,Make public statement,Verbal cooperation
795950735,20181019,201810,CHN,XIAMEN,CHN,,,,,,,,MNCUSA,BOEING,USA,,,,,MNC,,,1,046,046,04,1,7.0,10,1,10,-2.43243243243243,4,"Xiamen, Fujian, China",CH,CH07,13010,24.4798,118.082,-1931546,4,"Xiamen, Fujian, China",CH,CH07,13010,24.4798,118.082,-1931546,4,"Xiamen, Fujian, China",CH,CH07,13010,24.4798,118.082,-1931546,20181019181500,Consult,Verbal cooperation
795951590,20181019,201810,MNCUSA,BOEING,USA,,,,,MNC,,,CHN,XIAMEN,CHN,,,,,,,,1,046,046,04,1,7.0,10,1,10,-2.43243243243243,4,"Xiamen, Fujian, China",CH,CH07,13010,24.4798,118.082,-1931546,4,"Xiamen, Fujian, China",CH,CH07,13010,24.4798,118.082,-1931546,4,"Xiamen, Fujian, China",CH,CH07,13010,24.4798,118.082,-1931546,20181019181500,Consult,Verbal cooperation
795951952,20181019,201810,USA,THE US,USA,,,,,,,,CHN,CHINA,CHN,,,,,,,,1,050,050,05,1,3.5,8,1,8,-0.58823529411764,1,Russia,RS,RS,,60.0,100.0,RS,1,China,CH,CH,,35.0,105.0,CH,1,United Kingdom,UK,UK,,54.0,-4.0,UK,20181019181500,Engage in diplomatic cooperation,Verbal cooperation
795951956,20181019,201810,USA,DALLAS,USA,,,,,,,,CHN,CHINA,CHN,,,,,,,,1,061,061,06,2,6.4,10,1,10,-0.29791459781529,2,"Texas, United States",US,USTX,,31.106,-97.6475,TX,2,"Texas, United States",US,USTX,,31.106,-97.6475,TX,2,"Texas, United States",US,USTX,,31.106,-97.6475,TX,20181019181500,Engage in material cooperation,Material cooperation
795960241,20181019,201810,CHN,CHINA,CHN,,,,,,,,USA,UNITED STATES,USA,,,,,,,,1,061,061,06,2,6.4,10,1,10,-4.98687664041995,4,"Yi Gang, Gansu, China",CH,CH15,13206,35.4833,105.25,-1936316,4,"Yi Gang, Gansu, China",CH,CH15,13206,35.4833,105.25,-1936316,4,"Yi Gang, Gansu, China",CH,CH15,13206,35.4833,105.25,-1936316,20181019190000,Engage in material cooperation,Material cooperation
795967541,20181019,201810,USA,OHIO,USA,,,,,,,,CHN,CANTON,CHN,,,,,,,,1,060,060,06,2,6.0,7,1,7,-3.43980343980344,2,"Ohio, United States",US,USOH,,40.3736,-82.7755,OH,1,China,CH,CH,,35.0,105.0,CH,1,China,CH,CH,,35.0,105.0,CH,20181019193000,Engage in material cooperation,Material cooperation
795972019,20181019,201810,CHN,CHINA,CHN,,,,,,,,USA,TEXAS,USA,,,,,,,,1,035,035,03,1,7.0,10,1,10,1.05820105820106,4,"Chengdu, Sichuan, China",CH,CH32,13270,30.6667,104.067,-1900349,4,"Chengdu, Sichuan, China",CH,CH32,13270,30.6667,104.067,-1900349,4,"Chengdu, Sichuan, China",CH,CH32,13270,30.6667,104.067,-1900349,20181019200000,Express intent to cooperate,Verbal cooperation
795972020,20181019,201810,CHN,CHINA,CHN,,,,,,,,USA,UNITED STATES,USA,,,,,,,,1,061,061,06,2,6.4,8,1,8,3.74832663989291,1,China,CH,CH,,35.0,105.0,CH,2,"New York, United States",US,USNY,,42.1497,-74.9384,NY,2,"New York, United States",US,USNY,,42.1497,-74.9384,NY,20181019200000,Engage in material cooperation,Material cooperation
795973426,20181019,201810,USA,UNITED STATES,USA,,,,,,,,CHN,CHINA,CHN,,,,,,,,1,061,061,06,2,6.4,10,1,10,3.74832663989291,1,Canada,CA,CA,,60.0,-96.0,CA,1,Canada,CA,CA,,60.0,-96.0,CA,1,Canada,CA,CA,,60.0,-96.0,CA,20181019200000,Engage in material cooperation,Material cooperation
795975089,20181019,201810,CHN,GOBI,CHN,,,,,,,,USA,MASSACHUSETTS,USA,,,,,,,,1,090,090,09,2,-2.0,10,1,10,3.02375809935205,2,"Massachusetts, United States",US,USMA,,42.2373,-71.5314,MA,2,"Massachusetts, United States",US,USMA,,42.2373,-71.5314,MA,2,"Massachusetts, United States",US,USMA,,42.2373,-71.5314,MA,20181019201500,Investigate,Material cooperation
795977894,20181019,201810,CHN,CHINESE,CHN,,,,,,,,USAJUD,TEXAS,USA,,,,,JUD,,,1,112,112,11,3,-2.0,8,1,8,-4.9718574108818,4,"Shenzhen, Guangdong, China",CH,CH30,13036,22.2,111.117,-1925267,4,"Shenzhen, Guangdong, China",CH,CH30,13036,22.2,111.117,-1925267,4,"Shenzhen, Guangdong, China",CH,CH30,13036,22.2,111.117,-1925267,20181019203000,Disapprove,Verbal conflict
795977895,20181019,201810,CHN,CHINESE,CHN,,,,,,,,USAJUD,TEXAS,USA,,,,,JUD,,,1,115,115,11,3,-2.0,8,1,8,-4.9718574108818,4,"Beijing, Beijing, China",CH,CH22,13001,39.9289,116.388,-1898541,2,"Texas, United States",US,USTX,,31.106,-97.6475,TX,4,"Beijing, Beijing, China",CH,CH22,13001,39.9289,116.388,-1898541,20181019203000,Disapprove,Verbal conflict
795986675,20181019,201810,MNCUSA,INVESCO,USA,,,,,MNC,,,CHN,CHINA,CHN,,,,,,,,1,010,010,01,1,0.0,10,1,10,1.0351966873706,1,China,CH,CH,,35.0,105.0,CH,1,China,CH,CH,,35.0,105.0,CH,1,China,CH,CH,,35.0,105.0,CH,20181019211500,Make public statement,Verbal cooperation
795988521,20181019,201810,CHN,CHINA,CHN,,,,,,,,USA,THE US,USA,,,,,,,,1,013,013,01,1,0.4,10,1,10,1.16822429906542,4,"Zhanjiang, Guangdong, China",CH,CH30,13035,21.2815,110.343,-1938422,4,"Zhanjiang, Guangdong, China",CH,CH30,13035,21.2815,110.343,-1938422,4,"Zhanjiang, Guangdong, China",CH,CH30,13035,21.2815,110.343,-1938422,20181019213000,Make public statement,Verbal cooperation
796003198,20181019,201810,CHN,JIANGSU,CHN,,,,,,,,USA,HOUSTON,USA,,,,,,,,1,031,031,03,1,5.2,10,1,10,3.86100386100386,4,"Fuyuan, Sichuan, China",CH,CH32,13003,31.1821,106.568,10327658,4,"Fuyuan, Sichuan, China",CH,CH32,13003,31.1821,106.568,10327658,4,"Fuyuan, Sichuan, China",CH,CH32,13003,31.1821,106.568,10327658,20181019230000,Express intent to cooperate,Verbal cooperation
796006405,20181019,201810,MNCUSAMED,GOOGLE,USA,,,,,MNC,MED,,CHN,CHINESE,CHN,,,,,,,,1,013,013,01,1,0.4,7,1,7,3.89610389610389,1,China,CH,CH,,35.0,105.0,CH,1,China,CH,CH,,35.0,105.0,CH,1,China,CH,CH,,35.0,105.0,CH,20181019231500,Make public statement,Verbal cooperation
796016095,20181020,201810,USA,SAN FRANCISCO,USA,,,,,,,,CHN,CHINESE,CHN,,,,,,,,1,020,020,02,1,3.0,10,1,10,-4.54545454545454,1,China,CH,CH,,35.0,105.0,CH,1,China,CH,CH,,35.0,105.0,CH,1,China,CH,CH,,35.0,105.0,CH,20181020000000,Appeal,Verbal cooperation
796025331,20181020,201810,USABUS,AMERICAN,USA,,,,,BUS,,,CHN,CHINA,CHN,,,,,,,,1,130,130,13,3,-4.4,6,1,6,-1.42857142857143,1,United States,US,US,,39.828175,-98.5795,US,1,United States,US,US,,39.828175,-98.5795,US,1,United States,US,US,,39.828175,-98.5795,US,20181020003000,Threaten,Verbal conflict
796039655,20181020,201810,USA,MISSISSIPPI,USA,,,,,,,,CHN,CANTON,CHN,,,,,,,,1,173,173,17,4,-5.0,6,1,6,-7.93650793650794,2,"Mississippi, United States",US,USMS,,32.7673,-89.6812,MS,1,China,CH,CH,,35.0,105.0,CH,1,China,CH,CH,,35.0,105.0,CH,20181020013000,Coerce,Material conflict
796042204,20181020,201810,USA,CALIFORNIA,USA,,,,,,,,CHNSPY,CHINA,CHN,,,,,SPY,,,1,010,010,01,1,0.0,8,1,8,-1.4760147601476,4,"Beijing, Beijing, China",CH,CH22,13001,39.9289,116.388,-1898541,4,"Beijing, Beijing, China",CH,CH22,13001,39.9289,116.388,-1898541,4,"Beijing, Beijing, China",CH,CH22,13001,39.9289,116.388,-1898541,20181020014500,Make public statement,Verbal cooperation
796044832,20181020,201810,USA,WASHINGTON,USA,,,,,,,,CHN,CHINA,CHN,,,,,,,,1,035,035,03,1,7.0,7,1,7,-2.5974025974026,3,"Washington, District of Columbia, United States",US,USDC,DC001,38.8951,-77.0364,531871,1,China,CH,CH,,35.0,105.0,CH,4,"New Delhi, Delhi, India",IN,IN07,17911,28.6,77.2,-2106102,20181020020000,Express intent to cooperate,Verbal cooperation
796044833,20181020,201810,USA,AMERICAN,USA,,,,,,,,CHN,CHINESE,CHN,,,,,,,,1,061,061,06,2,6.4,10,1,10,-4.08163265306122,3,"Washington, District of Columbia, United States",US,USDC,DC001,38.8951,-77.0364,531871,4,"Beijing, Beijing, China",CH,CH22,13001,39.9289,116.388,-1898541,3,"Washington, District of Columbia, United States",US,USDC,DC001,38.8951,-77.0364,531871,20181020020000,Engage in material cooperation,Material cooperation
796049934,20181020,201810,USA,PALMETTO STATE,USA,,,,,,,,CHN,CHINA,CHN,,,,,,,,1,061,061,06,2,6.4,8,1,8,-1.2987012987013,3,"Spartanburg County, South Carolina, United States",US,USSC,SC083,34.9307,-81.9832,1248592,3,"Spartanburg County, South Carolina, United States",US,USSC,,34.9307,-81.9832,1248592,3,"Spartanburg County, South Carolina, United States",US,USSC,,34.9307,-81.9832,1248592,20181020023000,Engage in material cooperation,Material cooperation
796056339,20181020,201810,CHN,CHINA,CHN,,,,,,,,USA,THE US,USA,,,,,,,,1,057,057,05,1,8.0,10,1,10,-6.10932475884245,1,China,CH,CH,,35.0,105.0,CH,1,China,CH,CH,,35.0,105.0,CH,1,China,CH,CH,,35.0,105.0,CH,20181020031500,Engage in diplomatic cooperation,Verbal cooperation
796057200,20181020,201810,USA,THE US,USA,,,,,,,,CHN,CHINA,CHN,,,,,,,,1,057,057,05,1,8.0,10,1,10,-6.10932475884245,1,China,CH,CH,,35.0,105.0,CH,1,China,CH,CH,,35.0,105.0,CH,1,China,CH,CH,,35.0,105.0,CH,20181020031500,Engage in diplomatic cooperation,Verbal cooperation
796061170,20181020,201810,USA,THE US,USA,,,,,,,,CHN,CHINA,CHN,,,,,,,,1,061,061,06,2,6.4,15,1,10,-0.973630831643,4,"Beijing, Beijing, China",CH,CH22,13001,39.9289,116.388,-1898541,4,"Beijing, Beijing, China",CH,CH22,13001,39.9289,116.388,-1898541,4,"Beijing, Beijing, China",CH,CH22,13001,39.9289,116.388,-1898541,20181020034500,Engage in material cooperation,Material cooperation
796065874,20181020,201810,CHN,CHINESE,CHN,,,,,,,,USA,DETROIT,USA,,,,,,,,1,112,112,11,3,-2.0,6,1,6,-1.669449081803,2,"Massachusetts, United States",US,USMA,,42.2373,-71.5314,MA,2,"Massachusetts, United States",US,USMA,,42.2373,-71.5314,MA,2,"Massachusetts, United States",US,USMA,,42.2373,-71.5314,MA,20181020043000,Disapprove,Verbal conflict
796077267,20181020,201810,CHN,CHINA,CHN,,,,,,,,USA,UNITED STATES,USA,,,,,,,,1,061,061,06,2,6.4,10,1,10,-5.42635658914728,4,"Beijing, Beijing, China",CH,CH22,13001,39.9289,116.388,-1898541,1,United States,US,US,,39.828175,-98.5795,US,4,"Beijing, Beijing, China",CH,CH22,13001,39.9289,116.388,-1898541,20181020060000,Engage in material cooperation,Material cooperation
796094333,20181020,201810,USA,THE US,USA,,,,,,,,CHN,CHINA,CHN,,,,,,,,1,060,060,06,2,6.0,10,1,10,-3.91061452513967,4,"Beijing, Beijing, China",CH,CH22,13001,39.9289,116.388,-1898541,4,"Beijing, Beijing, China",CH,CH22,13001,39.9289,116.388,-1898541,4,"Beijing, Beijing, China",CH,CH22,13001,39.9289,116.388,-1898541,20181020081500,Engage in material cooperation,Material cooperation
796094334,20181020,201810,USA,COLORADO,USA,,,,,,,,CHN,CHINA,CHN,,,,,,,,1,071,071,07,2,7.4,10,1,10,1.76678445229682,4,"Beijing, Beijing, China",CH,CH22,13001,39.9289,116.388,-1898541,4,"Beijing, Beijing, China",CH,CH22,13001,39.9289,116.388,-1898541,4,"Beijing, Beijing, China",CH,CH22,13001,39.9289,116.388,-1898541,20181020081500,Provide aid,Material cooperation
796095494,20181020,201810,CHN,CHINA,CHN,,,,,,,,USA,UNITED STATES,USA,,,,,,,,1,062,062,06,2,7.4,6,1,6,0.97323600973236,4,"Zhanjiang, Guangdong, China",CH,CH30,13035,21.2815,110.343,-1938422,3,"Washington, District of Columbia, United States",US,USDC,DC001,38.8951,-77.0364,531871,4,"Zhanjiang, Guangdong, China",CH,CH30,13035,21.2815,110.343,-1938422,20181020083000,Engage in material cooperation,Material cooperation
796095997,20181020,201810,USA,UNITED STATES,USA,,,,,,,,CHN,CHINA,CHN,,,,,,,,1,062,062,06,2,7.4,6,1,6,0.97323600973236,3,"Washington, District of Columbia, United States",US,USDC,DC001,38.8951,-77.0364,531871,4,"Zhanjiang, Guangdong, China",CH,CH30,13035,21.2815,110.343,-1938422,4,"Zhanjiang, Guangdong, China",CH,CH30,13035,21.2815,110.343,-1938422,20181020083000,Engage in material cooperation,Material cooperation
796097607,20181020,201810,MNCUSA,ISHARES,USA,,,,,MNC,,,CHN,CHINA,CHN,,,,,,,,1,071,071,07,2,7.4,10,1,10,0.251256281407035,1,China,CH,CH,,35.0,105.0,CH,1,China,CH,CH,,35.0,105.0,CH,1,China,CH,CH,,35.0,105.0,CH,20181020084500,Provide aid,Material cooperation
796098899,20181020,201810,CHN,CHINA,CHN,,,,,,,,USA,THE US,USA,,,,,,,,1,040,040,04,1,1.0,10,1,10,-5.42540073982737,4,"Beijing, Beijing, China",CH,CH22,13001,39.9289,116.388,-1898541,4,"Beijing, Beijing, China",CH,CH22,13001,39.9289,116.388,-1898541,4,"Beijing, Beijing, China",CH,CH22,13001,39.9289,116.388,-1898541,20181020090000,Consult,Verbal cooperation
796098901,20181020,201810,CHN,CHINA,CHN,,,,,,,,USA,THE US,USA,,,,,,,,1,110,110,11,3,-2.0,10,1,10,-5.42540073982737,4,"Beijing, Beijing, China",CH,CH22,13001,39.9289,116.388,-1898541,4,"Beijing, Beijing, China",CH,CH22,13001,39.9289,116.388,-1898541,4,"Beijing, Beijing, China",CH,CH22,13001,39.9289,116.388,-1898541,20181020090000,Disapprove,Verbal conflict
796099545,20181020,201810,USA,THE US,USA,,,,,,,,CHN,CHINA,CHN,,,,,,,,1,040,040,04,1,1.0,10,1,10,-5.42540073982737,4,"Beijing, Beijing, China",CH,CH22,13001,39.9289,116.388,-1898541,4,"Beijing, Beijing, China",CH,CH22,13001,39.9289,116.388,-1898541,4,"Beijing, Beijing, China",CH,CH22,13001,39.9289,116.388,-1898541,20181020090000,Consult,Verbal cooperation
796099547,20181020,201810,USA,THE US,USA,,,,,,,,CHN,CHINA,CHN,,,,,,,,1,110,110,11,3,-2.0,10,1,10,-5.42540073982737,4,"Beijing, Beijing, China",CH,CH22,13001,39.9289,116.388,-1898541,4,"Beijing, Beijing, China",CH,CH22,13001,39.9289,116.388,-1898541,4,"Beijing, Beijing, China",CH,CH22,13001,39.9289,116.388,-1898541,20181020090000,Disapprove,Verbal conflict
796114363,20181020,201810,USAMED,THE ASSOCIATED PRESS,USA,,,,,MED,,,CHN,CHINA,CHN,,,,,,,,1,110,110,11,3,-2.0,6,1,6,-1.39275766016713,4,"Beijing, Beijing, China",CH,CH22,13001,39.9289,116.388,-1898541,4,"Beijing, Beijing, China",CH,CH22,13001,39.9289,116.388,-1898541,4,"Beijing, Beijing, China",CH,CH22,13001,39.9289,116.388,-1898541,20181020110000,Disapprove,Verbal conflict
796122751,20181020,201810,USAMED,THE ASSOCIATED PRESS,USA,,,,,MED,,,CHN,CHINA,CHN,,,,,,,,1,110,110,11,3,-2.0,8,1,8,0.65573770491803,4,"Taipei, T'ai-pei, Taiwan",TW,TW03,13277,25.0478,121.532,-2637882,4,"Beijing, Beijing, China",CH,CH22,13001,39.9289,116.388,-1898541,4,"Beijing, Beijing, China",CH,CH22,13001,39.9289,116.388,-1898541,20181020120000,Disapprove,Verbal conflict
796123935,20181020,201810,CHN,BEIJING,CHN,,,,,,,,USA,WASHINGTON,USA,,,,,,,,1,130,130,13,3,-4.4,6,1,6,-2.02247191011236,4,"Beijing, Beijing, China",CH,CH22,13001,39.9289,116.388,-1898541,3,"Washington, District of Columbia, United States",US,USDC,DC001,38.8951,-77.0364,531871,3,"Washington, District of Columbia, United States",US,USDC,DC001,38.8951,-77.0364,531871,20181020121500,Threaten,Verbal conflict
796137046,20181020,201810,CHN,CHINA,CHN,,,,,,,,USA,THE US,USA,,,,,,,,1,040,040,04,1,1.0,10,1,10,3.89294403892944,4,"Hangzhou, Zhejiang, China",CH,CH02,13319,30.2553,120.169,-1908366,1,Italy,IT,IT,,42.833333,12.833333,IT,4,"Hangzhou, Zhejiang, China",CH,CH02,13319,30.2553,120.169,-1908366,20181020140000,Consult,Verbal cooperation
796137769,20181020,201810,USA,THE US,USA,,,,,,,,CHN,CHINA,CHN,,,,,,,,1,040,040,04,1,1.0,10,1,10,3.89294403892944,1,Italy,IT,IT,,42.833333,12.833333,IT,4,"Hangzhou, Zhejiang, China",CH,CH02,13319,30.2553,120.169,-1908366,4,"Hangzhou, Zhejiang, China",CH,CH02,13319,30.2553,120.169,-1908366,20181020140000,Consult,Verbal cooperation
796138876,20181020,201810,CHNEDU,CHINA,CHN,,,,,EDU,,,USAMED,REUTERS,USA,,,,,MED,,,1,010,010,01,1,0.0,6,2,6,-4.65121834687053,1,India,IN,IN,,20.0,77.0,IN,1,India,IN,IN,,20.0,77.0,IN,1,India,IN,IN,,20.0,77.0,IN,20181020141500,Make public statement,Verbal cooperation
796139512,20181020,201810,USAGOV,SAN FRANCISCO,USA,,,,,GOV,,,CHN,SHANGHAI,CHN,,,,,,,,1,054,054,05,1,6.0,8,1,8,-0.26123301985371,4,"Havana, Ciudad de La Habana, Cuba",CU,CU02,14613,23.1319,-82.3642,-1628751,4,"Havana, Ciudad de La Habana, Cuba",CU,CU02,14613,23.1319,-82.3642,-1628751,4,"Havana, Ciudad de La Habana, Cuba",CU,CU02,14613,23.1319,-82.3642,-1628751,20181020141500,Engage in diplomatic cooperation,Verbal cooperation
796140650,20181020,201810,CHNENV,CHINESE,CHN,,,,,ENV,,,USA,NEW YORK,USA,,,,,,,,1,010,010,01,1,0.0,8,1,8,-2.77777777777778,4,"Nairobi, Nairobi Area, Kenya",KE,KE05,18585,-1.28333,36.8167,-2258072,4,"Nairobi, Nairobi Area, Kenya",KE,KE05,18585,-1.28333,36.8167,-2258072,4,"Nairobi, Nairobi Area, Kenya",KE,KE05,18585,-1.28333,36.8167,-2258072,20181020143000,Make public statement,Verbal cooperation
796159102,20181020,201810,USA,THE US,USA,,,,,,,,CHN,BEIJING,CHN,,,,,,,,1,173,173,17,4,-5.0,10,1,10,0.0,4,"Beijing, Beijing, China",CH,CH22,13001,39.9289,116.388,-1898541,4,"Beijing, Beijing, China",CH,CH22,13001,39.9289,116.388,-1898541,4,"Beijing, Beijing, China",CH,CH22,13001,39.9289,116.388,-1898541,20181020170000,Coerce,Material conflict
796163515,20181013,201810,USA,UNITED STATES,USA,,,,,,,,CHN,CHINA,CHN,,,,,,,,1,051,051,05,1,3.4,8,1,8,0.72463768115942,4,"Canberra, Australian Capital Territory, Australia",AS,AS01,4940,-35.2833,149.217,-1563952,4,"Canberra, Australian Capital Territory, Australia",AS,AS01,4940,-35.2833,149.217,-1563952,4,"Canberra, Australian Capital Territory, Australia",AS,AS01,4940,-35.2833,149.217,-1563952,20181020174500,Engage in diplomatic cooperation,Verbal cooperation
796171676,20181020,201810,MNCUSAMEDGOV,GOOGLE,USA,,,,,MNC,MED,GOV,CHN,CHINA,CHN,,,,,,,,1,090,090,09,2,-2.0,10,1,10,-0.854700854700855,1,China,CH,CH,,35.0,105.0,CH,1,China,CH,CH,,35.0,105.0,CH,1,China,CH,CH,,35.0,105.0,CH,20181020184500,Investigate,Material cooperation
796174337,20181020,201810,CHN,CHINESE,CHN,,,,,,,,USA,UNITED STATES,USA,,,,,,,,1,174,174,17,4,-5.0,8,1,8,-4.28571428571428,1,United States,US,US,,39.828175,-98.5795,US,1,United States,US,US,,39.828175,-98.5795,US,1,United States,US,US,,39.828175,-98.5795,US,20181020191500,Coerce,Material conflict
796178414,20181020,201810,USA,WASHINGTON,USA,,,,,,,,CHN,CHINA,CHN,,,,,,,,1,160,160,16,4,-4.0,10,1,10,-3.2258064516129,3,"Washington, District of Columbia, United States",US,USDC,DC001,38.8951,-77.0364,531871,1,China,CH,CH,,35.0,105.0,CH,3,"Washington, District of Columbia, United States",US,USDC,DC001,38.8951,-77.0364,531871,20181020194500,Reduce relations,Material conflict
796187476,20181020,201810,CHN,CHINA,CHN,,,,,,,,USA,UNITED STATES,USA,,,,,,,,1,030,030,03,1,4.0,8,1,8,-3.68271954674221,1,Saudi Arabia,SA,SA,,25.0,45.0,SA,1,Kuwait,KU,KU,,29.5,47.75,KU,1,Saudi Arabia,SA,SA,,25.0,45.0,SA,20181020211500,Express intent to cooperate,Verbal cooperation
796195850,20181020,201810,CHN,CANTON,CHN,,,,,,,,USAEDU,LAWRENCE,USA,,,,,EDU,,,1,051,051,05,1,3.4,10,1,10,0.0,1,China,CH,CH,,35.0,105.0,CH,1,China,CH,CH,,35.0,105.0,CH,1,China,CH,CH,,35.0,105.0,CH,20181020224500,Engage in diplomatic cooperation,Verbal cooperation
796195851,20181020,201810,CHN,CANTON,CHN,,,,,,,,USAEDU,LAWRENCE,USA,,,,,EDU,,,1,160,160,16,4,-4.0,10,1,10,0.0,2,"Maine, United States",US,USME,,44.6074,-69.3977,ME,2,"Maine, United States",US,USME,,44.6074,-69.3977,ME,2,"Maine, United States",US,USME,,44.6074,-69.3977,ME,20181020224500,Reduce relations,Material conflict
796201187,20181020,201810,CHN,BEIJING,CHN,,,,,,,,USA,THE US,USA,,,,,,,,1,112,112,11,3,-2.0,6,1,6,-6.89655172413793,4,"Beijing, Beijing, China",CH,CH22,13001,39.9289,116.388,-1898541,4,"Beijing, Beijing, China",CH,CH22,13001,39.9289,116.388,-1898541,4,"Beijing, Beijing, China",CH,CH22,13001,39.9289,116.388,-1898541,20181020234500,Disapprove,Verbal conflict
796209750,20181021,201810,CHN,CHINA,CHN,,,,,,,,USA,UNITED STATES,USA,,,,,,,,1,061,061,06,2,6.4,10,1,10,-4.43349753694581,4,"Beijing, Beijing, China",CH,CH22,13001,39.9289,116.388,-1898541,4,"Beijing, Beijing, China",CH,CH22,13001,39.9289,116.388,-1898541,4,"Beijing, Beijing, China",CH,CH22,13001,39.9289,116.388,-1898541,20181021003000,Engage in material cooperation,Material cooperation
796222458,20171021,201710,CHN,CHINA,CHN,,,,,,,,USA,DELAWARE,USA,,,,,,,,1,042,042,04,1,1.9,7,1,7,-3.0188679245283,3,"Kent County, Delaware, United States",US,USDE,DE001,39.0834,-75.5496,217271,3,"Kent County, Delaware, United States",US,USDE,,39.0834,-75.5496,217271,3,"Kent County, Delaware, United States",US,USDE,,39.0834,-75.5496,217271,20181021020000,Consult,Verbal cooperation
796229839,20181021,201810,MNCUSAMED,GOOGLE,USA,,,,,MNC,MED,,CHN,CHINA,CHN,,,,,,,,1,090,090,09,2,-2.0,10,1,10,-3.23232323232323,4,"Beijing, Beijing, China",CH,CH22,13001,39.9289,116.388,-1898541,4,"Beijing, Beijing, China",CH,CH22,13001,39.9289,116.388,-1898541,4,"Beijing, Beijing, China",CH,CH22,13001,39.9289,116.388,-1898541,20181021030000,Investigate,Material cooperation
796229840,20181021,201810,MNCUSAMED,GOOGLE,USA,,,,,MNC,MED,,CHN,CHINA,CHN,,,,,,,,1,111,111,11,3,-2.0,10,1,10,-3.23232323232323,4,"Beijing, Beijing, China",CH,CH22,13001,39.9289,116.388,-1898541,4,"Beijing, Beijing, China",CH,CH22,13001,39.9289,116.388,-1898541,4,"Beijing, Beijing, China",CH,CH22,13001,39.9289,116.388,-1898541,20181021030000,Disapprove,Verbal conflict
796230836,20181021,201810,CHN,CHINA,CHN,,,,,,,,USA,WASHINGTON,USA,,,,,,,,1,042,042,04,1,1.9,8,1,8,-3.12093628088426,4,"Moscow, Moskva, Russia",RS,RS48,25106,55.7522,37.6156,-2960561,4,"Moscow, Moskva, Russia",RS,RS48,25106,55.7522,37.6156,-2960561,4,"Moscow, Moskva, Russia",RS,RS48,25106,55.7522,37.6156,-2960561,20181021031500,Consult,Verbal cooperation
796231557,20181021,201810,USA,WASHINGTON,USA,,,,,,,,CHN,CHINA,CHN,,,,,,,,1,043,043,04,1,2.8,10,1,10,-3.12093628088426,3,"Washington, District of Columbia, United States",US,USDC,DC001,38.8951,-77.0364,531871,4,"Xinjiang, Jiangxi, China",CH,CH03,13167,27.7481,116.274,11065838,3,"Washington, District of Columbia, United States",US,USDC,DC001,38.8951,-77.0364,531871,20181021031500,Consult,Verbal cooperation
796237957,20181021,201810,USA,AMERICAN,USA,,,,,,,,CHN,CHINA,CHN,,,,,,,,1,112,112,11,3,-2.0,6,1,6,0.0,1,China,CH,CH,,35.0,105.0,CH,1,United States,US,US,,39.828175,-98.5795,US,1,United States,US,US,,39.828175,-98.5795,US,20181021041500,Disapprove,Verbal conflict
796238097,20181021,201810,USABUS,AMERICAN,USA,,,,,BUS,,,CHN,CHINA,CHN,,,,,,,,1,020,020,02,1,3.0,6,1,6,-0.71647901740021,4,"Shanghai, Shanghai, China",CH,CH23,13243,31.2222,121.458,-1924465,4,"Shanghai, Shanghai, China",CH,CH23,13243,31.2222,121.458,-1924465,4,"Shanghai, Shanghai, China",CH,CH23,13243,31.2222,121.458,-1924465,20181021041500,Appeal,Verbal cooperation
796238144,20181021,201810,USAMIL,THE US,USA,,,,,MIL,,,CHN,CHINESE,CHN,,,,,,,,1,020,020,02,1,3.0,10,1,10,-1.87110187110187,1,Hong Kong,HK,HK,,22.25,114.166667,HK,1,Hong Kong,HK,HK,,22.25,114.166667,HK,1,Hong Kong,HK,HK,,22.25,114.166667,HK,20181021041500,Appeal,Verbal cooperation
796246990,20181021,201810,CHN,SHANDONG,CHN,,,,,,,,USAMED,THE ASSOCIATED PRESS,USA,,,,,MED,,,1,010,010,01,1,0.0,24,4,24,-2.23484848484849,4,"Shandong, Jiangsu, China",CH,CH04,13151,32.9793,118.852,11415469,4,"Shandong, Jiangsu, China",CH,CH04,13151,32.9793,118.852,11415469,4,"Shandong, Jiangsu, China",CH,CH04,13151,32.9793,118.852,11415469,20181021054500,Make public statement,Verbal cooperation
796246991,20181021,201810,CHN,CHINA,CHN,,,,,,,,USAMED,THE ASSOCIATED PRESS,USA,,,,,MED,,,1,013,013,01,1,0.4,16,4,16,-2.23484848484849,4,"Shandong, Jiangsu, China",CH,CH04,13151,32.9793,118.852,11415469,4,"Shandong, Jiangsu, China",CH,CH04,13151,32.9793,118.852,11415469,4,"Shandong, Jiangsu, China",CH,CH04,13151,32.9793,118.852,11415469,20181021054500,Make public statement,Verbal cooperation
796254295,20181021,201810,USA,INDIANA,USA,,,,,,,,CHN,CHINESE,CHN,,,,,,,,1,080,080,08,2,5.0,7,1,7,-0.20161290322581,2,"Indiana, United States",US,USIN,,39.8647,-86.2604,IN,1,China,CH,CH,,35.0,105.0,CH,2,"Indiana, United States",US,USIN,,39.8647,-86.2604,IN,20181021064500,Yield,Material cooperation
796261805,20181021,201810,CHN,CANTON,CHN,,,,,,,,USAEDU,LAWRENCE,USA,,,,,EDU,,,1,051,051,05,1,3.4,10,1,10,0.0,1,China,CH,CH,,35.0,105.0,CH,1,China,CH,CH,,35.0,105.0,CH,1,China,CH,CH,,35.0,105.0,CH,20181021080000,Engage in diplomatic cooperation,Verbal cooperation
796261806,20181021,201810,CHN,CANTON,CHN,,,,,,,,USAEDU,LAWRENCE,USA,,,,,EDU,,,1,160,160,16,4,-4.0,10,1,10,0.0,2,"Maine, United States",US,USME,,44.6074,-69.3977,ME,2,"Maine, United States",US,USME,,44.6074,-69.3977,ME,2,"Maine, United States",US,USME,,44.6074,-69.3977,ME,20181021080000,Reduce relations,Material conflict
796262704,20181021,201810,USA,THE US,USA,,,,,,,,CHN,CHINA,CHN,,,,,,,,1,014,014,01,1,0.0,8,1,8,-0.78003120124805,4,"New Delhi, Delhi, India",IN,IN07,17911,28.6,77.2,-2106102,4,"Beijing, Beijing, China",CH,CH22,13001,39.9289,116.388,-1898541,4,"Beijing, Beijing, China",CH,CH22,13001,39.9289,116.388,-1898541,20181021080000,Make public statement,Verbal cooperation
796262707,20181021,201810,USA,THE US,USA,,,,,,,,CHN,CHINA,CHN,,,,,,,,1,110,110,11,3,-2.0,10,1,10,-0.78003120124805,4,"Beijing, Beijing, China",CH,CH22,13001,39.9289,116.388,-1898541,4,"Beijing, Beijing, China",CH,CH22,13001,39.9289,116.388,-1898541,4,"Beijing, Beijing, China",CH,CH22,13001,39.9289,116.388,-1898541,20181021080000,Disapprove,Verbal conflict
796262708,20181021,201810,USA,THE US,USA,,,,,,,,CHN,CHINA,CHN,,,,,,,,1,120,120,12,3,-4.0,10,1,10,-0.78003120124805,4,"Beijing, Beijing, China",CH,CH22,13001,39.9289,116.388,-1898541,4,"Beijing, Beijing, China",CH,CH22,13001,39.9289,116.388,-1898541,4,"Beijing, Beijing, China",CH,CH22,13001,39.9289,116.388,-1898541,20181021080000,Reject,Verbal conflict
796268649,20181021,201810,CHN,BEIJING,CHN,,,,,,,,USAMED,REUTERS,USA,,,,,MED,,,1,046,046,04,1,7.0,6,1,6,-3.81679389312977,4,"Beijing, Beijing, China",CH,CH22,13001,39.9289,116.388,-1898541,4,"Beijing, Beijing, China",CH,CH22,13001,39.9289,116.388,-1898541,4,"Beijing, Beijing, China",CH,CH22,13001,39.9289,116.388,-1898541,20181021090000,Consult,Verbal cooperation
796269383,20181021,201810,USAEDU,AMERICAN,USA,,,,,EDU,,,CHN,CHINA,CHN,,,,,,,,1,010,010,01,1,0.0,6,1,6,-1.97368421052631,4,"Beijing, Beijing, China",CH,CH22,13001,39.9289,116.388,-1898541,4,"Beijing, Beijing, China",CH,CH22,13001,39.9289,116.388,-1898541,4,"Beijing, Beijing, China",CH,CH22,13001,39.9289,116.388,-1898541,20181021090000,Make public statement,Verbal cooperation
796269404,20181021,201810,USAMED,REUTERS,USA,,,,,MED,,,CHN,BEIJING,CHN,,,,,,,,1,046,046,04,1,7.0,6,1,6,-3.81679389312977,4,"Beijing, Beijing, China",CH,CH22,13001,39.9289,116.388,-1898541,4,"Beijing, Beijing, China",CH,CH22,13001,39.9289,116.388,-1898541,4,"Beijing, Beijing, China",CH,CH22,13001,39.9289,116.388,-1898541,20181021090000,Consult,Verbal cooperation
796272097,20181021,201810,CHN,CANTON,CHN,,,,,,,,USA,PENNSYLVANIA,USA,,,,,,,,1,173,173,17,4,-5.0,10,1,10,-12.0973269362578,1,China,CH,CH,,35.0,105.0,CH,2,"Pennsylvania, United States",US,USPA,,40.5773,-77.264,PA,1,China,CH,CH,,35.0,105.0,CH,20181021093000,Coerce,Material conflict
796272893,20181021,201810,USA,PENNSYLVANIA,USA,,,,,,,,CHN,CANTON,CHN,,,,,,,,1,173,173,17,4,-5.0,7,1,7,-12.0973269362578,2,"Pennsylvania, United States",US,USPA,,40.5773,-77.264,PA,1,China,CH,CH,,35.0,105.0,CH,1,China,CH,CH,,35.0,105.0,CH,20181021093000,Coerce,Material conflict
796272991,20181021,201810,USAMED,REUTERS,USA,,,,,MED,,,CHN,SHANDONG,CHN,,,,,,,,1,042,042,04,1,1.9,6,1,6,-1.80181805064569,4,"Min Zhang, Sichuan, China",CH,CH32,13297,31.6076,98.7877,10443237,4,"Min Zhang, Sichuan, China",CH,CH32,13297,31.6076,98.7877,10443237,4,"Min Zhang, Sichuan, China",CH,CH32,13297,31.6076,98.7877,10443237,20181021093000,Consult,Verbal cooperation
796277519,20181021,201810,CHN,BEIJING,CHN,,,,,,,,USAMIL,UNITED STATES,USA,,,,,MIL,,,1,114,114,11,3,-2.0,7,1,7,-3.05206463195692,4,"Beijing, Beijing, China",CH,CH22,13001,39.9289,116.388,-1898541,3,"Washington, District of Columbia, United States",US,USDC,DC001,38.8951,-77.0364,531871,4,"Beijing, Beijing, China",CH,CH22,13001,39.9289,116.388,-1898541,20181021101500,Disapprove,Verbal conflict
796279613,20181021,201810,CHN,BEIJING,CHN,,,,,,,,USAMIL,UNITED STATES,USA,,,,,MIL,,,1,114,114,11,3,-2.0,8,1,8,-3.80952380952381,4,"Beijing, Beijing, China",CH,CH22,13001,39.9289,116.388,-1898541,4,"Beijing, Beijing, China",CH,CH22,13001,39.9289,116.388,-1898541,4,"Beijing, Beijing, China",CH,CH22,13001,39.9289,116.388,-1898541,20181021103000,Disapprove,Verbal conflict
796283338,20181021,201810,CHN,CANTON,CHN,,,,,,,,USACOP,UNITED STATES,USA,,,,,COP,,,1,1821,182,18,4,-9.0,12,2,12,-8.60215053763441,1,China,CH,CH,,35.0,105.0,CH,3,"Stark County, Ohio, United States",US,USOH,,40.8167,-81.3665,1065576,3,"Stark County, Ohio, United States",US,USOH,,40.8167,-81.3665,1065576,20181021110000,Assault,Material conflict
796285763,20181021,201810,USAMED,THE ASSOCIATED PRESS,USA,,,,,MED,,,CHN,CHINA,CHN,,,,,,,,1,084,084,08,2,7.0,10,1,10,-4.3046357615894,4,"Shandong, Jiangsu, China",CH,CH04,13151,32.9793,118.852,11415469,4,"Shandong, Jiangsu, China",CH,CH04,13151,32.9793,118.852,11415469,4,"Shandong, Jiangsu, China",CH,CH04,13151,32.9793,118.852,11415469,20181021111500,Yield,Material cooperation
796294379,20181021,201810,CHN,CHINA,CHN,,,,,,,,USA,UNITED STATES,USA,,,,,,,,1,020,020,02,1,3.0,8,1,8,3.03030303030303,4,"Beijing, Beijing, China",CH,CH22,13001,39.9289,116.388,-1898541,4,"Beijing, Beijing, China",CH,CH22,13001,39.9289,116.388,-1898541,4,"Beijing, Beijing, China",CH,CH22,13001,39.9289,116.388,-1898541,20181021123000,Appeal,Verbal cooperation
796297333,20181021,201810,USAMED,ASSOCIATED PRESS,USA,,,,,MED,,,CHN,BEIJING,CHN,,,,,,,,1,070,070,07,2,7.0,336,42,336,-4.76349087425573,4,"Beijing, Beijing, China",CH,CH22,13001,39.9289,116.388,-1898541,4,"Beijing, Beijing, China",CH,CH22,13001,39.9289,116.388,-1898541,4,"Beijing, Beijing, China",CH,CH22,13001,39.9289,116.388,-1898541,20181021124500,Provide aid,Material cooperation
796299104,20181021,201810,USA,LAWRENCE,USA,,,,,,,,CHN,CANTON,CHN,,,,,,,,1,173,173,17,4,-5.0,10,1,10,-10.3882476390346,1,China,CH,CH,,35.0,105.0,CH,1,China,CH,CH,,35.0,105.0,CH,1,China,CH,CH,,35.0,105.0,CH,20181021130000,Coerce,Material conflict
796303928,20181021,201810,CHN,CHINA,CHN,,,,,,,,USA,WASHINGTON,USA,,,,,,,,1,042,042,04,1,1.9,6,1,6,-3.04506699147381,4,"Ankara, Ankara, Turkey",TU,TU68,27516,39.9272,32.8644,-735338,4,"Ankara, Ankara, Turkey",TU,TU68,27516,39.9272,32.8644,-735338,4,"Ankara, Ankara, Turkey",TU,TU68,27516,39.9272,32.8644,-735338,20181021134500,Consult,Verbal cooperation
796303930,20181021,201810,CHN,CHINA,CHN,,,,,,,,USA,A US,USA,,,,,,,,1,051,051,05,1,3.4,6,1,6,-1.82767624020888,1,China,CH,CH,,35.0,105.0,CH,1,China,CH,CH,,35.0,105.0,CH,4,"Hanoi, Ha N?i, Vietnam, Republic Of",VM,VM44,74067,21.0333,105.85,-3714993,20181021134500,Engage in diplomatic cooperation,Verbal cooperation
796303931,20181021,201810,CHN,CHINA,CHN,,,,,,,,USA,THE US,USA,,,,,,,,1,051,051,05,1,3.4,14,1,10,-1.82767624020888,1,China,CH,CH,,35.0,105.0,CH,1,China,CH,CH,,35.0,105.0,CH,1,China,CH,CH,,35.0,105.0,CH,20181021134500,Engage in diplomatic cooperation,Verbal cooperation
796309593,20181021,201810,CHNGOV,CHINA,CHN,,,,,GOV,,,USA,UNITED STATES,USA,,,,,,,,1,043,043,04,1,2.8,6,1,6,3.71287128712871,4,"Beijing, Beijing, China",CH,CH22,13001,39.9289,116.388,-1898541,1,United States,US,US,,39.828175,-98.5795,US,4,"Beijing, Beijing, China",CH,CH22,13001,39.9289,116.388,-1898541,20181021143000,Consult,Verbal cooperation
796315194,20181021,201810,CHN,CHINA,CHN,,,,,,,,USA,UNITED STATES,USA,,,,,,,,1,020,020,02,1,3.0,8,1,8,-2.85714285714286,1,China,CH,CH,,35.0,105.0,CH,3,"Washington, District of Columbia, United States",US,USDC,DC001,38.8951,-77.0364,531871,1,China,CH,CH,,35.0,105.0,CH,20181021151500,Appeal,Verbal cooperation
796315196,20181021,201810,CHN,CHINA,CHN,,,,,,,,USA,UNITED STATES,USA,,,,,,,,1,090,090,09,2,-2.0,8,1,8,-2.85714285714286,1,China,CH,CH,,35.0,105.0,CH,3,"Washington, District of Columbia, United States",US,USDC,DC001,38.8951,-77.0364,531871,3,"Washington, District of Columbia, United States",US,USDC,DC001,38.8951,-77.0364,531871,20181021151500,Investigate,Material cooperation
796321880,20181021,201810,USA,UNITED STATES,USA,,,,,,,,CHN,CHINA,CHN,,,,,,,,1,020,020,02,1,3.0,6,1,6,-8.90207715133536,3,"Washington, District of Columbia, United States",US,USDC,DC001,38.8951,-77.0364,531871,4,"Beijing, Beijing, China",CH,CH22,13001,39.9289,116.388,-1898541,3,"Washington, District of Columbia, United States",US,USDC,DC001,38.8951,-77.0364,531871,20181021160000,Appeal,Verbal cooperation
796338005,20181021,201810,CHN,CHINA,CHN,,,,,,,,USA,AMERICAN,USA,,,,,,,,1,071,071,07,2,7.4,10,1,10,1.14285714285715,4,"Shanghai, Shanghai, China",CH,CH23,13243,31.2222,121.458,-1924465,4,"Shanghai, Shanghai, China",CH,CH23,13243,31.2222,121.458,-1924465,4,"Shanghai, Shanghai, China",CH,CH23,13243,31.2222,121.458,-1924465,20181021181500,Provide aid,Material cooperation
796353893,20181021,201810,CHN,SHANGHAI,CHN,,,,,,,,USA,MIAMI,USA,,,,,,,,1,042,042,04,1,1.9,6,1,6,6.74157303370787,4,"Shanghai, Shanghai, China",CH,CH23,13243,31.2222,121.458,-1924465,3,"Miami, Florida, United States",US,USFL,FL086,25.7743,-80.1937,295004,4,"London, London, City of, United Kingdom",UK,UKH9,40110,51.5,-0.116667,-2601889,20181021204500,Consult,Verbal cooperation
796354607,20181021,201810,USA,MIAMI,USA,,,,,,,,CHN,SHANGHAI,CHN,,,,,,,,1,043,043,04,1,2.8,6,1,6,6.74157303370787,3,"Miami, Florida, United States",US,USFL,FL086,25.7743,-80.1937,295004,4,"Shanghai, Shanghai, China",CH,CH23,13243,31.2222,121.458,-1924465,4,"London, London, City of, United Kingdom",UK,UKH9,40110,51.5,-0.116667,-2601889,20181021204500,Consult,Verbal cooperation
796361571,20181021,201810,CHN,CHINESE,CHN,,,,,,,,USA,AMERICAN,USA,,,,,,,,1,042,042,04,1,1.9,10,1,10,0.33955857385399,1,United States,US,US,,39.828175,-98.5795,US,1,United States,US,US,,39.828175,-98.5795,US,1,United States,US,US,,39.828175,-98.5795,US,20181021220000,Consult,Verbal cooperation
796362172,20181021,201810,USA,AMERICAN,USA,,,,,,,,CHN,CHINA,CHN,,,,,,,,1,012,012,01,1,-0.4,8,1,8,-3.3049040511727,4,"Beijing, Beijing, China",CH,CH22,13001,39.9289,116.388,-1898541,4,"Beijing, Beijing, China",CH,CH22,13001,39.9289,116.388,-1898541,4,"Beijing, Beijing, China",CH,CH22,13001,39.9289,116.388,-1898541,20181021220000,Make public statement,Verbal cooperation
796365779,20181021,201810,USA,UNITED STATES,USA,,,,,,,,CHN,CHINESE,CHN,,,,,,,,1,193,193,19,4,-10.0,6,1,6,2.14723926380368,1,China,CH,CH,,35.0,105.0,CH,1,China,CH,CH,,35.0,105.0,CH,1,China,CH,CH,,35.0,105.0,CH,20181021223000,Fight,Material conflict
796385195,20181022,201810,CHN,SHANDONG,CHN,,,,,,,,USAMED,THE ASSOCIATED PRESS,USA,,,,,MED,,,1,013,013,01,1,0.4,10,1,10,-2.22222222222223,4,"Shandong, Jiangsu, China",CH,CH04,13151,32.9793,118.852,11415469,4,"Shandong, Jiangsu, China",CH,CH04,13151,32.9793,118.852,11415469,4,"Shandong, Jiangsu, China",CH,CH04,13151,32.9793,118.852,11415469,20181022010000,Make public statement,Verbal cooperation
796389624,20171022,201710,CHN,BEIJING,CHN,,,,,,,,USA,A US,USA,,,,,,,,1,051,051,05,1,3.4,8,1,8,0.0,4,"Paris, France (general), France",FR,FR00,16282,48.8667,2.33333,-1456928,4,"Paris, France (general), France",FR,FR00,16282,48.8667,2.33333,-1456928,4,"Paris, France (general), France",FR,FR00,16282,48.8667,2.33333,-1456928,20181022013000,Engage in diplomatic cooperation,Verbal cooperation
796393309,20181022,201810,USA,NEW YORK,USA,,,,,,,,CHN,CHINESE,CHN,,,,,,,,1,013,013,01,1,0.4,7,1,7,2.45398773006135,2,"New York, United States",US,USNY,,42.1497,-74.9384,NY,4,"Beijing, Beijing, China",CH,CH22,13001,39.9289,116.388,-1898541,2,"New York, United States",US,USNY,,42.1497,-74.9384,NY,20181022014500,Make public statement,Verbal cooperation
796393323,20181022,201810,USA,NEW YORK CITY,USA,,,,,,,,CHN,CHINESE,CHN,,,,,,,,1,173,173,17,4,-5.0,6,1,6,2.45398773006135,2,"New York, United States",US,USNY,,42.1497,-74.9384,NY,2,"New York, United States",US,USNY,,42.1497,-74.9384,NY,2,"New York, United States",US,USNY,,42.1497,-74.9384,NY,20181022014500,Coerce,Material conflict
796396787,20181022,201810,CHN,CHINESE,CHN,,,,,,,,USA,HAWAII,USA,,,,,,,,1,138,138,13,3,-7.0,8,1,8,-0.25,4,"Beijing, Beijing, China",CH,CH22,13001,39.9289,116.388,-1898541,4,"Beijing, Beijing, China",CH,CH22,13001,39.9289,116.388,-1898541,4,"Beijing, Beijing, China",CH,CH22,13001,39.9289,116.388,-1898541,20181022021500,Threaten,Verbal conflict
796398854,20181022,201810,CHNBUS,CHINESE,CHN,,,,,BUS,,,USA,UNITED STATES,USA,,,,,,,,1,020,020,02,1,3.0,6,1,6,3.45622119815668,4,"Beijing, Beijing, China",CH,CH22,13001,39.9289,116.388,-1898541,4,"Beijing, Beijing, China",CH,CH22,13001,39.9289,116.388,-1898541,4,"Beijing, Beijing, China",CH,CH22,13001,39.9289,116.388,-1898541,20181022023000,Appeal,Verbal cooperation
796415255,20181022,201810,USAMED,ASSOCIATED PRESS,USA,,,,,MED,,,CHN,BEIJING,CHN,,,,,,,,1,070,070,07,2,7.0,6,1,6,-5.73248407643312,4,"Beijing, Beijing, China",CH,CH22,13001,39.9289,116.388,-1898541,4,"Beijing, Beijing, China",CH,CH22,13001,39.9289,116.388,-1898541,4,"Beijing, Beijing, China",CH,CH22,13001,39.9289,116.388,-1898541,20181022043000,Provide aid,Material cooperation
796416192,20181022,201810,CHN,CHINESE,CHN,,,,,,,,USA,AMERICAN,USA,,,,,,,,1,061,061,06,2,6.4,7,1,7,0.53619302949062,4,"Beijing, Beijing, China",CH,CH22,13001,39.9289,116.388,-1898541,1,United States,US,US,,39.828175,-98.5795,US,1,United States,US,US,,39.828175,-98.5795,US,20181022044500,Engage in material cooperation,Material cooperation
796417278,20181022,201810,USA,AMERICAN,USA,,,,,,,,CHN,CHINESE,CHN,,,,,,,,1,061,061,06,2,6.4,7,1,7,0.53619302949062,1,United States,US,US,,39.828175,-98.5795,US,4,"Beijing, Beijing, China",CH,CH22,13001,39.9289,116.388,-1898541,1,United States,US,US,,39.828175,-98.5795,US,20181022044500,Engage in material cooperation,Material cooperation
796420641,20171022,201710,CHN,CHINA,CHN,,,,,,,,USA,UNITED STATES,USA,,,,,,,,1,010,010,01,1,0.0,6,1,6,-6.40495867768595,4,"Beijing, Beijing, China",CH,CH22,13001,39.9289,116.388,-1898541,4,"Beijing, Beijing, China",CH,CH22,13001,39.9289,116.388,-1898541,4,"Beijing, Beijing, China",CH,CH22,13001,39.9289,116.388,-1898541,20181022051500,Make public statement,Verbal cooperation
796422121,20181022,201810,USAGOVBUS,US TREASURY,USA,,,,,GOV,BUS,,CHN,CHINA,CHN,,,,,,,,1,012,012,01,1,-0.4,10,1,10,-7.14285714285714,1,China,CH,CH,,35.0,105.0,CH,1,China,CH,CH,,35.0,105.0,CH,1,China,CH,CH,,35.0,105.0,CH,20181022051500,Make public statement,Verbal cooperation
796433413,20181022,201810,CHN,CHINA,CHN,,,,,,,,USA,LOS ANGELES,USA,,,,,,,,1,043,043,04,1,2.8,10,1,10,4.7244094488189,4,"Chengdu, Sichuan, China",CH,CH32,13270,30.6667,104.067,-1900349,3,"Los Angeles, California, United States",US,USCA,,34.0522,-118.244,1662328,4,"Seoul, Soul-t'ukpyolsi, South Korea",KS,KS11,24984,37.5664,127.0,-716583,20181022063000,Consult,Verbal cooperation
796434391,20181022,201810,USA,LOS ANGELES,USA,,,,,,,,CHN,CHINA,CHN,,,,,,,,1,042,042,04,1,1.9,10,1,10,4.7244094488189,3,"Los Angeles, California, United States",US,USCA,CA037,34.0522,-118.244,1662328,4,"Chengdu, Sichuan, China",CH,CH32,13270,30.6667,104.067,-1900349,4,"Seoul, Soul-t'ukpyolsi, South Korea",KS,KS11,24984,37.5664,127.0,-716583,20181022063000,Consult,Verbal cooperation
796441595,20181022,201810,CHN,CHINA,CHN,,,,,,,,USA,THE US,USA,,,,,,,,1,042,042,04,1,1.9,10,1,10,1.48698884758364,1,China,CH,CH,,35.0,105.0,CH,1,China,CH,CH,,35.0,105.0,CH,1,China,CH,CH,,35.0,105.0,CH,20181022073000,Consult,Verbal cooperation
796442197,20181022,201810,USA,THE US,USA,,,,,,,,CHN,CHINA,CHN,,,,,,,,1,043,043,04,1,2.8,6,1,6,1.48698884758364,2,"Rhode Island, United States",US,USRI,,41.6772,-71.5101,RI,2,"Rhode Island, United States",US,USRI,,41.6772,-71.5101,RI,2,"Rhode Island, United States",US,USRI,,41.6772,-71.5101,RI,20181022073000,Consult,Verbal cooperation
796447500,20181022,201810,USALEG,UNITED STATES,USA,,,,,LEG,,,CHN,CHINA,CHN,,,,,,,,1,112,112,11,3,-2.0,10,1,10,-0.897666068222621,4,"Hiroshima, Hiroshima, Japan",JA,JA11,34163,34.4,132.45,-229436,4,"Hiroshima, Hiroshima, Japan",JA,JA11,34163,34.4,132.45,-229436,4,"Hiroshima, Hiroshima, Japan",JA,JA11,34163,34.4,132.45,-229436,20181022080000,Disapprove,Verbal conflict
796449833,20181022,201810,USA,THE US,USA,,,,,,,,CHN,CHINA,CHN,,,,,,,,1,0311,031,03,1,5.2,10,1,10,-4.0,1,China,CH,CH,,35.0,105.0,CH,1,China,CH,CH,,35.0,105.0,CH,1,China,CH,CH,,35.0,105.0,CH,20181022081500,Express intent to cooperate,Verbal cooperation
796456404,20181022,201810,CHN,CHINA,CHN,,,,,,,,USA,THE US,USA,,,,,,,,1,0874,087,08,2,10.0,10,1,10,-1.15942028985508,4,"Hangzhou, Zhejiang, China",CH,CH02,13319,30.2553,120.169,-1908366,4,"Hangzhou, Zhejiang, China",CH,CH02,13319,30.2553,120.169,-1908366,4,"Hangzhou, Zhejiang, China",CH,CH02,13319,30.2553,120.169,-1908366,20181022090000,Yield,Material cooperation
796459372,20181022,201810,CHN,CHINA,CHN,,,,,,,,USA,THE US,USA,,,,,,,,1,030,030,03,1,4.0,10,1,10,-0.873362445414851,4,"Beijing, Beijing, China",CH,CH22,13001,39.9289,116.388,-1898541,4,"Beijing, Beijing, China",CH,CH22,13001,39.9289,116.388,-1898541,4,"Beijing, Beijing, China",CH,CH22,13001,39.9289,116.388,-1898541,20181022091500,Express intent to cooperate,Verbal cooperation
796460797,20181022,201810,USA,THE US,USA,,,,,,,,CHN,CHINA,CHN,,,,,,,,1,030,030,03,1,4.0,10,1,10,-0.873362445414851,4,"Beijing, Beijing, China",CH,CH22,13001,39.9289,116.388,-1898541,4,"Beijing, Beijing, China",CH,CH22,13001,39.9289,116.388,-1898541,4,"Beijing, Beijing, China",CH,CH22,13001,39.9289,116.388,-1898541,20181022091500,Express intent to cooperate,Verbal cooperation
796462590,20181022,201810,CHNGOVMED,CHINA,CHN,,,,,GOV,MED,,USA,UNITED STATES,USA,,,,,,,,1,111,111,11,3,-2.0,6,1,6,-4.65116279069767,1,China,CH,CH,,35.0,105.0,CH,1,United States,US,US,,39.828175,-98.5795,US,1,China,CH,CH,,35.0,105.0,CH,20181022093000,Disapprove,Verbal conflict
796471754,20181022,201810,CHN,CHINA,CHN,,,,,,,,USA,THE US,USA,,,,,,,,1,050,050,05,1,3.5,20,1,10,1.36655948553054,4,"Sanmen, Jiangxi, China",CH,CH03,13163,25.9163,115.251,6072283,4,"Sanmen, Jiangxi, China",CH,CH03,13163,25.9163,115.251,6072283,4,"Sanmen, Jiangxi, China",CH,CH03,13163,25.9163,115.251,6072283,20181022101500,Engage in diplomatic cooperation,Verbal cooperation
796471755,20181022,201810,CHN,CHINA,CHN,,,,,,,,USA,THE US,USA,,,,,,,,1,057,057,05,1,8.0,20,1,10,1.36655948553054,4,"Sanmen, Jiangxi, China",CH,CH03,13163,25.9163,115.251,6072283,4,"Sanmen, Jiangxi, China",CH,CH03,13163,25.9163,115.251,6072283,4,"Sanmen, Jiangxi, China",CH,CH03,13163,25.9163,115.251,6072283,20181022101500,Engage in diplomatic cooperation,Verbal cooperation
796473109,20181022,201810,USA,THE US,USA,,,,,,,,CHN,CHINA,CHN,,,,,,,,1,050,050,05,1,3.5,20,1,10,1.36655948553054,4,"Sanmen, Jiangxi, China",CH,CH03,13163,25.9163,115.251,6072283,4,"Sanmen, Jiangxi, China",CH,CH03,13163,25.9163,115.251,6072283,4,"Sanmen, Jiangxi, China",CH,CH03,13163,25.9163,115.251,6072283,20181022101500,Engage in diplomatic cooperation,Verbal cooperation
796473110,20181022,201810,USA,THE US,USA,,,,,,,,CHN,CHINA,CHN,,,,,,,,1,057,057,05,1,8.0,20,1,10,1.36655948553054,4,"Sanmen, Jiangxi, China",CH,CH03,13163,25.9163,115.251,6072283,4,"Sanmen, Jiangxi, China",CH,CH03,13163,25.9163,115.251,6072283,4,"Sanmen, Jiangxi, China",CH,CH03,13163,25.9163,115.251,6072283,20181022101500,Engage in diplomatic cooperation,Verbal cooperation
796478399,20181022,201810,CHN,BEIJING,CHN,,,,,,,,USA,UNITED STATES,USA,,,,,,,,1,130,130,13,3,-4.4,8,1,8,-5.22875816993464,4,"Tokyo, Tokyo, Japan",JA,JA40,36340,35.685,139.751,-246227,4,"Moscow, Moskva, Russia",RS,RS48,25106,55.7522,37.6156,-2960561,4,"Moscow, Moskva, Russia",RS,RS48,25106,55.7522,37.6156,-2960561,20181022104500,Threaten,Verbal conflict
796481198,20181022,201810,CHN,CHINA,CHN,,,,,,,,USA,THE US,USA,,,,,,,,1,111,111,11,3,-2.0,10,1,10,-4.16666666666666,1,China,CH,CH,,35.0,105.0,CH,1,China,CH,CH,,35.0,105.0,CH,1,China,CH,CH,,35.0,105.0,CH,20181022110000,Disapprove,Verbal conflict
796481201,20181022,201810,CHN,CHINA,CHN,,,,,,,,USA,THE US,USA,,,,,,,,1,161,161,16,4,-4.0,10,1,10,-4.16666666666666,1,China,CH,CH,,35.0,105.0,CH,1,China,CH,CH,,35.0,105.0,CH,1,China,CH,CH,,35.0,105.0,CH,20181022110000,Reduce relations,Material conflict
796487620,20181022,201810,CHNGOV,CHINESE,CHN,,,,,GOV,,,USA,UNITED STATES,USA,,,,,,,,1,130,130,13,3,-4.4,6,1,6,-5.28052805280528,4,"Tokyo, Tokyo, Japan",JA,JA40,36340,35.685,139.751,-246227,4,"Moscow, Moskva, Russia",RS,RS48,25106,55.7522,37.6156,-2960561,4,"Tokyo, Tokyo, Japan",JA,JA40,36340,35.685,139.751,-246227,20181022113000,Threaten,Verbal conflict
796497808,20181022,201810,CHN,CANTON,CHN,,,,,,,,USA,LAWRENCE,USA,,,,,,,,1,015,015,01,1,0.0,10,1,10,-9.57592339261289,3,"Washington, District of Columbia, United States",US,USDC,DC001,38.8951,-77.0364,531871,3,"Washington, District of Columbia, United States",US,USDC,DC001,38.8951,-77.0364,531871,3,"Washington, District of Columbia, United States",US,USDC,DC001,38.8951,-77.0364,531871,20181022121500,Make public statement,Verbal cooperation
796501070,20181022,201810,CHN,SHANGHAI,CHN,,,,,,,,USA,AMERICAN,USA,,,,,,,,1,060,060,06,2,6.0,8,1,8,0.44943820224719,4,"Shanghai, Shanghai, China",CH,CH23,13243,31.2222,121.458,-1924465,1,United States,US,US,,39.828175,-98.5795,US,1,United States,US,US,,39.828175,-98.5795,US,20181022123000,Engage in material cooperation,Material cooperation
796501071,20181022,201810,CHN,SHANDONG,CHN,,,,,,,,USAMED,THE ASSOCIATED PRESS,USA,,,,,MED,,,1,010,010,01,1,0.0,6,1,6,-4.48717948717949,4,"Shandong, Jiangsu, China",CH,CH04,13151,32.9793,118.852,11415469,4,"Shandong, Jiangsu, China",CH,CH04,13151,32.9793,118.852,11415469,4,"Shandong, Jiangsu, China",CH,CH04,13151,32.9793,118.852,11415469,20181022123000,Make public statement,Verbal cooperation
796502387,20181022,201810,USA,WASHINGTON,USA,,,,,,,,CHN,BEIJING,CHN,,,,,,,,1,100,100,10,3,-5.0,20,2,20,-4.97148288973384,3,"Washington, District of Columbia, United States",US,USDC,DC001,38.8951,-77.0364,531871,4,"Beijing, Beijing, China",CH,CH22,13001,39.9289,116.388,-1898541,4,"Beijing, Beijing, China",CH,CH22,13001,39.9289,116.388,-1898541,20181022123000,Demand,Verbal conflict
796517896,20181022,201810,CHN,CHINA,CHN,,,,,,,,USA,NEW YORK,USA,,,,,,,,1,010,010,01,1,0.0,20,4,20,2.91666666666666,1,China,CH,CH,,35.0,105.0,CH,2,"New York, United States",US,USNY,,42.1497,-74.9384,NY,2,"New York, United States",US,USNY,,42.1497,-74.9384,NY,20181022134500,Make public statement,Verbal cooperation
796517897,20181022,201810,CHN,SHANGHAI,CHN,,,,,,,,USA,UNITED STATES,USA,,,,,,,,1,043,043,04,1,2.8,12,1,12,0.188679245283019,4,"Shanghai, Shanghai, China",CH,CH23,13243,31.2222,121.458,-1924465,3,"Orlando, Florida, United States",US,USFL,FL095,28.5383,-81.3792,288240,4,"Shanghai, Shanghai, China",CH,CH23,13243,31.2222,121.458,-1924465,20181022134500,Consult,Verbal cooperation
796517898,20181022,201810,CHN,SHANGHAI,CHN,,,,,,,,USA,UNITED STATES,USA,,,,,,,,1,043,043,04,1,2.8,12,1,12,0.188679245283019,3,"Orlando, Florida, United States",US,USFL,FL095,28.5383,-81.3792,288240,3,"Orlando, Florida, United States",US,USFL,FL095,28.5383,-81.3792,288240,3,"Orlando, Florida, United States",US,USFL,FL095,28.5383,-81.3792,288240,20181022134500,Consult,Verbal cooperation
796519443,20181022,201810,USA,UNITED STATES,USA,,,,,,,,CHN,SHANGHAI,CHN,,,,,,,,1,042,042,04,1,1.9,24,1,24,0.188679245283019,3,"Orlando, Florida, United States",US,USFL,FL095,28.5383,-81.3792,288240,3,"Orlando, Florida, United States",US,USFL,FL095,28.5383,-81.3792,288240,3,"Orlando, Florida, United States",US,USFL,FL095,28.5383,-81.3792,288240,20181022134500,Consult,Verbal cooperation
796522749,20181022,201810,USA,WASHINGTON,USA,,,,,,,,CHN,CHINESE,CHN,,,,,,,,1,163,163,16,4,-8.0,7,1,7,-2.52427184466019,3,"Washington, District of Columbia, United States",US,USDC,DC001,38.8951,-77.0364,531871,4,"Xinjiang, Jiangxi, China",CH,CH03,13167,27.7481,116.274,11065838,3,"Washington, District of Columbia, United States",US,USDC,DC001,38.8951,-77.0364,531871,20181022140000,Reduce relations,Material conflict
796524510,20181022,201810,CHN,CHINA,CHN,,,,,,,,USA,THE US,USA,,,,,,,,1,110,110,11,3,-2.0,10,1,10,-1.19363395225464,1,China,CH,CH,,35.0,105.0,CH,1,China,CH,CH,,35.0,105.0,CH,1,China,CH,CH,,35.0,105.0,CH,20181022141500,Disapprove,Verbal conflict
796524511,20181022,201810,CHN,ZHENGZHOU,CHN,,,,,,,,USABUS,NEW YORK,USA,,,,,BUS,,,1,040,040,04,1,1.0,10,1,10,2.40770465489567,0,,,,,,,,0,,,,,,,,0,,,,,,,,20181022141500,Consult,Verbal cooperation
796525877,20181022,201810,USABUS,NEW YORK,USA,,,,,BUS,,,CHN,ZHENGZHOU,CHN,,,,,,,,1,040,040,04,1,1.0,10,1,10,2.40770465489567,0,,,,,,,,0,,,,,,,,0,,,,,,,,20181022141500,Consult,Verbal cooperation
796527832,20181022,201810,CHN,SHANGHAI,CHN,,,,,,,,USA,NEW YORK,USA,,,,,,,,1,036,036,03,1,4.0,8,1,8,6.52173913043478,4,"Shanghai, Shanghai, China",CH,CH23,13243,31.2222,121.458,-1924465,2,"New York, United States",US,USNY,,42.1497,-74.9384,NY,2,"New York, United States",US,USNY,,42.1497,-74.9384,NY,20181022143000,Express intent to cooperate,Verbal cooperation
796527833,20181022,201810,CHN,CHINESE,CHN,,,,,,,,USA,AMERICAN,USA,,,,,,,,1,051,051,05,1,3.4,10,1,10,-5.88235294117647,1,China,CH,CH,,35.0,105.0,CH,1,China,CH,CH,,35.0,105.0,CH,1,China,CH,CH,,35.0,105.0,CH,20181022143000,Engage in diplomatic cooperation,Verbal cooperation
796529210,20181022,201810,USA,NEW YORK,USA,,,,,,,,CHN,SHANGHAI,CHN,,,,,,,,1,036,036,03,1,4.0,8,1,8,6.52173913043478,2,"New York, United States",US,USNY,,42.1497,-74.9384,NY,4,"Shanghai, Shanghai, China",CH,CH23,13243,31.2222,121.458,-1924465,2,"New York, United States",US,USNY,,42.1497,-74.9384,NY,20181022143000,Express intent to cooperate,Verbal cooperation
796535789,20181022,201810,MNCUSA,DELTA AIR LINES,USA,,,,,MNC,,,CHN,SHANGHAI,CHN,,,,,,,,1,036,036,03,1,4.0,10,1,10,2.68199233716475,2,"Minnesota, United States",US,USMN,,45.7326,-93.9196,MN,2,"Minnesota, United States",US,USMN,,45.7326,-93.9196,MN,2,"Minnesota, United States",US,USMN,,45.7326,-93.9196,MN,20181022150000,Express intent to cooperate,Verbal cooperation
796538103,20181022,201810,CHN,CHINA,CHN,,,,,,,,USA,UNITED STATES,USA,,,,,,,,1,030,030,03,1,4.0,6,1,6,-2.35934664246824,1,China,CH,CH,,35.0,105.0,CH,3,"Washington, District of Columbia, United States",US,USDC,DC001,38.8951,-77.0364,531871,4,"Tehran, Tehran, Iran",IR,IR26,41130,35.75,51.5148,10074674,20181022151500,Express intent to cooperate,Verbal cooperation
796538121,20181022,201810,CHNGOV,CHINESE,CHN,,,,,GOV,,,USA,UNITED STATES,USA,,,,,,,,1,130,130,13,3,-4.4,6,1,6,-5.17799352750809,4,"Tokyo, Tokyo, Japan",JA,JA40,36340,35.685,139.751,-246227,4,"Moscow, Moskva, Russia",RS,RS48,25106,55.7522,37.6156,-2960561,4,"Moscow, Moskva, Russia",RS,RS48,25106,55.7522,37.6156,-2960561,20181022151500,Threaten,Verbal conflict
796539496,20181022,201810,USA,UNITED STATES,USA,,,,,,,,CHN,CHINA,CHN,,,,,,,,1,030,030,03,1,4.0,6,1,6,-2.35934664246824,3,"Washington, District of Columbia, United States",US,USDC,DC001,38.8951,-77.0364,531871,1,China,CH,CH,,35.0,105.0,CH,4,"Tehran, Tehran, Iran",IR,IR26,41130,35.75,51.5148,10074674,20181022151500,Express intent to cooperate,Verbal cooperation
796549472,20181022,201810,CHN,CHINA,CHN,,,,,,,,USA,AMERICAN,USA,,,,,,,,1,071,071,07,2,7.4,10,1,10,0.23288309268747,4,"Beijing, Beijing, China",CH,CH22,13001,39.9289,116.388,-1898541,4,"Beijing, Beijing, China",CH,CH22,13001,39.9289,116.388,-1898541,4,"Beijing, Beijing, China",CH,CH22,13001,39.9289,116.388,-1898541,20181022160000,Provide aid,Material cooperation
796549475,20181022,201810,CHNCVL,CHINESE,CHN,,,,,CVL,,,USA,THE US,USA,,,,,,,,1,090,090,09,2,-2.0,6,1,6,1.16731517509727,4,"Ottawa, Ontario, Canada",CA,CA08,12755,45.4167,-75.7,-570760,4,"Ottawa, Ontario, Canada",CA,CA08,12755,45.4167,-75.7,-570760,4,"Ottawa, Ontario, Canada",CA,CA08,12755,45.4167,-75.7,-570760,20181022160000,Investigate,Material cooperation
796569153,20181022,201810,CHN,CANTON,CHN,,,,,,,,USA,LAWRENCE,USA,,,,,,,,1,015,015,01,1,0.0,10,1,10,-7.36434108527132,1,China,CH,CH,,35.0,105.0,CH,1,China,CH,CH,,35.0,105.0,CH,1,China,CH,CH,,35.0,105.0,CH,20181022171500,Make public statement,Verbal cooperation
796569155,20181022,201810,CHN,CHINA,CHN,,,,,,,,USA,NEW MEXICO,USA,,,,,,,,1,043,043,04,1,2.8,10,1,10,3.11750599520384,4,"Jianjun, Shaanxi, China",CH,CH26,13218,34.6914,108.14,-1911778,4,"Jianjun, Shaanxi, China",CH,CH26,13218,34.6914,108.14,-1911778,4,"Jianjun, Shaanxi, China",CH,CH26,13218,34.6914,108.14,-1911778,20181022171500,Consult,Verbal cooperation
796570622,20181022,201810,USA,NEW MEXICO,USA,,,,,,,,CHN,CHINA,CHN,,,,,,,,1,042,042,04,1,1.9,10,1,10,3.11750599520384,4,"Jianjun, Shaanxi, China",CH,CH26,13218,34.6914,108.14,-1911778,4,"Jianjun, Shaanxi, China",CH,CH26,13218,34.6914,108.14,-1911778,4,"Jianjun, Shaanxi, China",CH,CH26,13218,34.6914,108.14,-1911778,20181022171500,Consult,Verbal cooperation
796572594,20181022,201810,CHN,CHINA,CHN,,,,,,,,USA,THE US,USA,,,,,,,,1,190,190,19,4,-10.0,8,1,8,2.30607966457023,4,"Tokyo, Tokyo, Japan",JA,JA40,36340,35.685,139.751,-246227,4,"New Delhi, Delhi, India",IN,IN07,17911,28.6,77.2,-2106102,4,"Tokyo, Tokyo, Japan",JA,JA40,36340,35.685,139.751,-246227,20181022173000,Fight,Material conflict
796574084,20181022,201810,USA,THE US,USA,,,,,,,,CHN,CHINA,CHN,,,,,,,,1,190,190,19,4,-10.0,8,1,8,2.30607966457023,4,"Beijing, Beijing, China",CH,CH22,13001,39.9289,116.388,-1898541,4,"Beijing, Beijing, China",CH,CH22,13001,39.9289,116.388,-1898541,4,"Beijing, Beijing, China",CH,CH22,13001,39.9289,116.388,-1898541,20181022173000,Fight,Material conflict
796584506,20181022,201810,USA,UNITED STATES,USA,,,,,,,,CHN,BEIJING,CHN,,,,,,,,1,111,111,11,3,-2.0,8,1,8,-5.6390977443609,1,United States,US,US,,39.828175,-98.5795,US,4,"Beijing, Beijing, China",CH,CH22,13001,39.9289,116.388,-1898541,4,"Beijing, Beijing, China",CH,CH22,13001,39.9289,116.388,-1898541,20181022181500,Disapprove,Verbal conflict
796584509,20181022,201810,USA,UNITED STATES,USA,,,,,,,,CHN,BEIJING,CHN,,,,,,,,1,130,130,13,3,-4.4,8,1,8,-5.6390977443609,1,United States,US,US,,39.828175,-98.5795,US,4,"Beijing, Beijing, China",CH,CH22,13001,39.9289,116.388,-1898541,4,"Beijing, Beijing, China",CH,CH22,13001,39.9289,116.388,-1898541,20181022181500,Threaten,Verbal conflict
796587468,20181022,201810,USA,AMERICAN,USA,,,,,,,,CHN,SHENZHEN,CHN,,,,,,,,1,061,061,06,2,6.4,7,1,7,-1.33779264214047,2,"California, United States",US,USCA,,36.17,-119.746,CA,4,"Shenzhen, Guangdong, China",CH,CH30,13036,22.2,111.117,-1925267,2,"California, United States",US,USCA,,36.17,-119.746,CA,20181022183000,Engage in material cooperation,Material cooperation
796594039,20181022,201810,USA,TENNESSEE,USA,,,,,,,,CHN,CHINA,CHN,,,,,,,,1,061,061,06,2,6.4,8,1,8,-1.21802679658953,2,"Tennessee, United States",US,USTN,,35.7449,-86.7489,TN,2,"Tennessee, United States",US,USTN,,35.7449,-86.7489,TN,2,"Tennessee, United States",US,USTN,,35.7449,-86.7489,TN,20181022190000,Engage in material cooperation,Material cooperation
796601203,20181022,201810,USA,UNITED STATES,USA,,,,,,,,CHN,CHINA,CHN,,,,,,,,1,110,110,11,3,-2.0,8,1,8,-5.10314875135722,1,China,CH,CH,,35.0,105.0,CH,1,China,CH,CH,,35.0,105.0,CH,1,China,CH,CH,,35.0,105.0,CH,20181022193000,Disapprove,Verbal conflict
796602858,20181022,201810,CHNGOV,CHINESE,CHN,,,,,GOV,,,USA,UNITED STATES,USA,,,,,,,,1,061,061,06,2,6.4,7,1,7,-2.81995661605206,1,China,CH,CH,,35.0,105.0,CH,1,United States,US,US,,39.828175,-98.5795,US,1,China,CH,CH,,35.0,105.0,CH,20181022194500,Engage in material cooperation,Material cooperation
796602860,20181022,201810,CHNGOV,CHINESE,CHN,,,,,GOV,,,USA,UNITED STATES,USA,,,,,,,,1,110,110,11,3,-2.0,8,1,8,-2.81995661605206,1,China,CH,CH,,35.0,105.0,CH,1,United States,US,US,,39.828175,-98.5795,US,1,United States,US,US,,39.828175,-98.5795,US,20181022194500,Disapprove,Verbal conflict
796607171,20181022,201810,MNCUSAMED,GOOGLE,USA,,,,,MNC,MED,,CHN,CHINA,CHN,,,,,,,,1,084,084,08,2,7.0,8,1,8,0.7168458781362,4,"Xiaomi, Fujian, China",CH,CH07,13163,25.2225,116.057,10999868,4,"Xiaomi, Fujian, China",CH,CH07,13163,25.2225,116.057,10999868,4,"Xiaomi, Fujian, China",CH,CH07,13163,25.2225,116.057,10999868,20181022200000,Yield,Material cooperation
796609412,20181022,201810,CHN,CHINESE,CHN,,,,,,,,USA,SAN FRANCISCO,USA,,,,,,,,1,036,036,03,1,4.0,10,1,10,-0.37807183364839,4,"Beijing, Beijing, China",CH,CH22,13001,39.9289,116.388,-1898541,4,"Beijing, Beijing, China",CH,CH22,13001,39.9289,116.388,-1898541,4,"Beijing, Beijing, China",CH,CH22,13001,39.9289,116.388,-1898541,20181022201500,Express intent to cooperate,Verbal cooperation
796610861,20181022,201810,USA,WASHINGTON,USA,,,,,,,,CHN,CHINA,CHN,,,,,,,,1,194,194,19,4,-10.0,10,1,10,-3.08370044052864,4,"Moscow, Moskva, Russia",RS,RS48,25106,55.7522,37.6156,-2960561,4,"Moscow, Moskva, Russia",RS,RS48,25106,55.7522,37.6156,-2960561,4,"Moscow, Moskva, Russia",RS,RS48,25106,55.7522,37.6156,-2960561,20181022201500,Fight,Material conflict
796610862,20181022,201810,USA,WASHINGTON,USA,,,,,,,,CHN,CHINA,CHN,,,,,,,,1,194,194,19,4,-10.0,10,1,10,-3.08370044052864,3,"Washington, District of Columbia, United States",US,USDC,DC001,38.8951,-77.0364,531871,4,"Beijing, Beijing, China",CH,CH22,13001,39.9289,116.388,-1898541,4,"Beijing, Beijing, China",CH,CH22,13001,39.9289,116.388,-1898541,20181022201500,Fight,Material conflict
796616377,20181022,201810,USA,UNITED STATES,USA,,,,,,,,CHN,CHINA,CHN,,,,,,,,1,110,110,11,3,-2.0,6,1,6,-5.14112903225807,4,"Moscow, Moskva, Russia",RS,RS48,25106,55.7522,37.6156,-2960561,3,"Washington, District of Columbia, United States",US,USDC,DC001,38.8951,-77.0364,531871,3,"Washington, District of Columbia, United States",US,USDC,DC001,38.8951,-77.0364,531871,20181022204500,Disapprove,Verbal conflict
796623618,20181022,201810,CHN,CHINA,CHN,,,,,,,,USA,UNITED STATES,USA,,,,,,,,1,130,130,13,3,-4.4,10,1,10,-5.55555555555555,1,China,CH,CH,,35.0,105.0,CH,1,United States,US,US,,39.828175,-98.5795,US,1,China,CH,CH,,35.0,105.0,CH,20181022213000,Threaten,Verbal conflict
796626699,20181022,201810,CHN,SHANGHAI,CHN,,,,,,,,USA,NEW YORK,USA,,,,,,,,1,036,036,03,1,4.0,6,1,6,5.38720538720539,4,"Shanghai, Shanghai, China",CH,CH23,13243,31.2222,121.458,-1924465,4,"Shanghai, Shanghai, China",CH,CH23,13243,31.2222,121.458,-1924465,4,"Shanghai, Shanghai, China",CH,CH23,13243,31.2222,121.458,-1924465,20181022214500,Express intent to cooperate,Verbal cooperation
796630443,20181022,201810,MNCUSA,INVESCO,USA,,,,,MNC,,,CHN,CHINESE,CHN,,,,,,,,1,010,010,01,1,0.0,10,1,10,-1.9704433497537,0,,,,,,,,0,,,,,,,,0,,,,,,,,20181022220000,Make public statement,Verbal cooperation
796634919,20181022,201810,CHN,CHINA,CHN,,,,,,,,USA,NEW YORK,USA,,,,,,,,1,036,036,03,1,4.0,8,1,8,3.54838709677419,2,"New York, United States",US,USNY,,42.1497,-74.9384,NY,2,"New York, United States",US,USNY,,42.1497,-74.9384,NY,2,"New York, United States",US,USNY,,42.1497,-74.9384,NY,20181022223000,Express intent to cooperate,Verbal cooperation
796637528,20181022,201810,CHN,BEIJING,CHN,,,,,,,,USA,WASHINGTON,USA,,,,,,,,1,020,020,02,1,3.0,8,1,8,-4.92610837438423,4,"Moscow, Moskva, Russia",RS,RS48,25106,55.7522,37.6156,-2960561,4,"Moscow, Moskva, Russia",RS,RS48,25106,55.7522,37.6156,-2960561,4,"Moscow, Moskva, Russia",RS,RS48,25106,55.7522,37.6156,-2960561,20181022224500,Appeal,Verbal cooperation
796638302,20181022,201810,MNCUSA,BOEING,USA,,,,,MNC,,,CHN,CHINA,CHN,,,,,,,,1,020,020,02,1,3.0,10,1,10,0.883002207505521,4,"Beijing, Beijing, China",CH,CH22,13001,39.9289,116.388,-1898541,4,"Beijing, Beijing, China",CH,CH22,13001,39.9289,116.388,-1898541,4,"Beijing, Beijing, China",CH,CH22,13001,39.9289,116.388,-1898541,20181022224500,Appeal,Verbal cooperation
796638303,20181022,201810,MNCUSA,BOEING,USA,,,,,MNC,,,CHN,BEIJING,CHN,,,,,,,,1,036,036,03,1,4.0,10,1,10,0.883002207505521,4,"Shanghai, Shanghai, China",CH,CH23,13243,31.2222,121.458,-1924465,4,"Shanghai, Shanghai, China",CH,CH23,13243,31.2222,121.458,-1924465,4,"Shanghai, Shanghai, China",CH,CH23,13243,31.2222,121.458,-1924465,20181022224500,Express intent to cooperate,Verbal cooperation
796638724,20181022,201810,USA,THE US,USA,,,,,,,,CHN,CHINA,CHN,,,,,,,,1,050,050,05,1,3.5,10,1,10,-1.6260162601626,4,"Beijing, Beijing, China",CH,CH22,13001,39.9289,116.388,-1898541,4,"Beijing, Beijing, China",CH,CH22,13001,39.9289,116.388,-1898541,4,"Beijing, Beijing, China",CH,CH22,13001,39.9289,116.388,-1898541,20181022224500,Engage in diplomatic cooperation,Verbal cooperation
796642313,20181022,201810,CHN,CHINA,CHN,,,,,,,,USA,UNITED STATES,USA,,,,,,,,1,130,130,13,3,-4.4,6,1,6,-4.14201183431953,1,China,CH,CH,,35.0,105.0,CH,1,China,CH,CH,,35.0,105.0,CH,1,China,CH,CH,,35.0,105.0,CH,20181022231500,Threaten,Verbal conflict
796647388,20181022,201810,CHN,CHINA,CHN,,,,,,,,USA,NEW YORK,USA,,,,,,,,1,040,040,04,1,1.0,6,1,6,-0.60483870967742,4,"Anbang, Zhejiang, China",CH,CH02,13323,30.5336,120.374,11006456,4,"Anbang, Zhejiang, China",CH,CH02,13323,30.5336,120.374,11006456,4,"Anbang, Zhejiang, China",CH,CH02,13323,30.5336,120.374,11006456,20181022234500,Consult,Verbal cooperation
796654121,20181023,201810,USA,UNITED STATES,USA,,,,,,,,CHN,CHINA,CHN,,,,,,,,1,100,100,10,3,-5.0,6,3,6,-4.97095120590386,3,"Washington, District of Columbia, United States",US,USDC,DC001,38.8951,-77.0364,531871,4,"Beijing, Beijing, China",CH,CH22,13001,39.9289,116.388,-1898541,4,"Beijing, Beijing, China",CH,CH22,13001,39.9289,116.388,-1898541,20181023000000,Demand,Verbal conflict
796656165,20181023,201810,CHN,CHINA,CHN,,,,,,,,USA,NEW MEXICO,USA,,,,,,,,1,043,043,04,1,2.8,10,1,10,3.11750599520384,4,"Jianjun, Shaanxi, China",CH,CH26,13218,34.6914,108.14,-1911778,4,"Jianjun, Shaanxi, China",CH,CH26,13218,34.6914,108.14,-1911778,4,"Jianjun, Shaanxi, China",CH,CH26,13218,34.6914,108.14,-1911778,20181023001500,Consult,Verbal cooperation
796658533,20181023,201810,USA,NEW MEXICO,USA,,,,,,,,CHN,CHINA,CHN,,,,,,,,1,042,042,04,1,1.9,10,1,10,3.11750599520384,4,"Jianjun, Shaanxi, China",CH,CH26,13218,34.6914,108.14,-1911778,4,"Jianjun, Shaanxi, China",CH,CH26,13218,34.6914,108.14,-1911778,4,"Jianjun, Shaanxi, China",CH,CH26,13218,34.6914,108.14,-1911778,20181023001500,Consult,Verbal cooperation
796670031,20181023,201810,CHN,CHINA,CHN,,,,,,,,USA,UNITED STATES,USA,,,,,,,,1,061,061,06,2,6.4,7,1,7,-2.3543990086741,1,Mexico,MX,MX,,23.0,-102.0,MX,2,"Missouri, United States",US,USMO,,38.4623,-92.302,MO,1,Mexico,MX,MX,,23.0,-102.0,MX,20181023010000,Engage in material cooperation,Material cooperation
796671127,20181023,201810,MNCUSAMED,GOOGLE,USA,,,,,MNC,MED,,CHN,CHINA,CHN,,,,,,,,1,090,090,09,2,-2.0,6,1,6,-2.91545189504373,1,China,CH,CH,,35.0,105.0,CH,1,China,CH,CH,,35.0,105.0,CH,1,China,CH,CH,,35.0,105.0,CH,20181023010000,Investigate,Material cooperation
796671614,20181023,201810,USA,WASHINGTON,USA,,,,,,,,CHN,CHINA,CHN,,,,,,,,1,110,110,11,3,-2.0,20,2,20,-4.31987315010571,4,"Beijing, Beijing, China",CH,CH22,13001,39.9289,116.388,-1898541,3,"Washington, District of Columbia, United States",US,USDC,DC001,38.8951,-77.0364,531871,3,"Washington, District of Columbia, United States",US,USDC,DC001,38.8951,-77.0364,531871,20181023010000,Disapprove,Verbal conflict
796677639,20181023,201810,MNCUSA,BANK OF AMERICA,USA,,,,,MNC,,,CHN,CHINA,CHN,,,,,,,,1,020,020,02,1,3.0,10,1,10,-3.30275229357798,4,"Shanghai, Shanghai, China",CH,CH23,13243,31.2222,121.458,-1924465,4,"Shanghai, Shanghai, China",CH,CH23,13243,31.2222,121.458,-1924465,4,"Shanghai, Shanghai, China",CH,CH23,13243,31.2222,121.458,-1924465,20181023013000,Appeal,Verbal cooperation
796677640,20181023,201810,MNCUSA,BANK OF AMERICA,USA,,,,,MNC,,,CHN,CHINA,CHN,,,,,,,,1,141,141,14,3,-6.5,10,1,10,-3.30275229357798,4,"Shanghai, Shanghai, China",CH,CH23,13243,31.2222,121.458,-1924465,4,"Shanghai, Shanghai, China",CH,CH23,13243,31.2222,121.458,-1924465,4,"Shanghai, Shanghai, China",CH,CH23,13243,31.2222,121.458,-1924465,20181023013000,Protest,Verbal conflict
796679863,20181023,201810,CHN,CHINA,CHN,,,,,,,,USA,UNITED STATES,USA,,,,,,,,1,010,010,01,1,0.0,6,1,6,1.16279069767442,2,"Colorado, United States",US,USCO,,39.0646,-105.327,CO,2,"Colorado, United States",US,USCO,,39.0646,-105.327,CO,2,"Colorado, United States",US,USCO,,39.0646,-105.327,CO,20181023014500,Make public statement,Verbal cooperation
796679865,20181023,201810,CHN,BEIJING,CHN,,,,,,,,USA,WASHINGTON,USA,,,,,,,,1,057,057,05,1,8.0,8,1,8,-0.3448275862069,4,"Beijing, Beijing, China",CH,CH22,13001,39.9289,116.388,-1898541,4,"Beijing, Beijing, China",CH,CH22,13001,39.9289,116.388,-1898541,4,"Beijing, Beijing, China",CH,CH22,13001,39.9289,116.388,-1898541,20181023014500,Engage in diplomatic cooperation,Verbal cooperation
796681273,20181023,201810,USA,WASHINGTON,USA,,,,,,,,CHN,BEIJING,CHN,,,,,,,,1,057,057,05,1,8.0,6,1,6,-0.3448275862069,3,"Washington, District of Columbia, United States",US,USDC,DC001,38.8951,-77.0364,531871,4,"Beijing, Beijing, China",CH,CH22,13001,39.9289,116.388,-1898541,4,"Beijing, Beijing, China",CH,CH22,13001,39.9289,116.388,-1898541,20181023014500,Engage in diplomatic cooperation,Verbal cooperation
796681607,20181023,201810,USAMIL,THE US,USA,,,,,MIL,,,CHN,CHINA,CHN,,,,,,,,1,151,151,15,4,-7.2,10,1,10,-1.875,3,"Washington, District of Columbia, United States",US,USDC,DC001,38.8951,-77.0364,531871,3,"Washington, District of Columbia, United States",US,USDC,DC001,38.8951,-77.0364,531871,3,"Washington, District of Columbia, United States",US,USDC,DC001,38.8951,-77.0364,531871,20181023014500,Exhibit force posture,Material conflict
796682840,20181023,201810,CHN,CHINA,CHN,,,,,,,,USAMIL,UNITED STATES,USA,,,,,MIL,,,1,012,012,01,1,-0.4,8,1,8,-2.41691842900302,4,"Beijing, Beijing, China",CH,CH22,13001,39.9289,116.388,-1898541,1,United States,US,US,,39.828175,-98.5795,US,4,"Beijing, Beijing, China",CH,CH22,13001,39.9289,116.388,-1898541,20181023020000,Make public statement,Verbal cooperation
796684232,20181023,201810,USAGOV,AMERICAN,USA,,,,,GOV,,,CHN,CHINA,CHN,,,,,,,,1,100,100,10,3,-5.0,6,1,6,-4.66786355475763,1,United States,US,US,,39.828175,-98.5795,US,1,China,CH,CH,,35.0,105.0,CH,4,"Moscow, Moskva, Russia",RS,RS48,25106,55.7522,37.6156,-2960561,20181023020000,Demand,Verbal conflict
796684296,20181023,201810,USAMIL,THE US,USA,,,,,MIL,,,CHN,CHINA,CHN,,,,,,,,1,151,151,15,4,-7.2,6,1,6,-2.41691842900302,4,"Beijing, Beijing, China",CH,CH22,13001,39.9289,116.388,-1898541,1,Taiwan,TW,TW,,24.0,121.0,TW,1,Taiwan,TW,TW,,24.0,121.0,TW,20181023020000,Exhibit force posture,Material conflict
796685666,20181023,201810,CHN,CHINA,CHN,,,,,,,,USA,UNITED STATES,USA,,,,,,,,1,030,030,03,1,4.0,6,1,6,-2.28873239436619,1,China,CH,CH,,35.0,105.0,CH,3,"Washington, District of Columbia, United States",US,USDC,DC001,38.8951,-77.0364,531871,4,"Tehran, Tehran, Iran",IR,IR26,41130,35.75,51.5148,10074674,20181023021500,Express intent to cooperate,Verbal cooperation
796687019,20181023,201810,USA,UNITED STATES,USA,,,,,,,,CHN,CHINA,CHN,,,,,,,,1,030,030,03,1,4.0,6,1,6,-2.28873239436619,3,"Washington, District of Columbia, United States",US,USDC,DC001,38.8951,-77.0364,531871,1,China,CH,CH,,35.0,105.0,CH,4,"Tehran, Tehran, Iran",IR,IR26,41130,35.75,51.5148,10074674,20181023021500,Express intent to cooperate,Verbal cooperation
796688579,20181023,201810,CHNSPY,CHINESE,CHN,,,,,SPY,,,MNCUSA,SUPER MICRO COMPUTER,USA,,,,,MNC,,,1,090,090,09,2,-2.0,8,1,8,-0.52910052910053,1,China,CH,CH,,35.0,105.0,CH,1,China,CH,CH,,35.0,105.0,CH,1,China,CH,CH,,35.0,105.0,CH,20181023023000,Investigate,Material cooperation
796690935,20171023,201710,CHN,CHINA,CHN,,,,,,,,USA,UNITED STATES,USA,,,,,,,,1,010,010,01,1,0.0,8,1,8,-5.47263681592039,4,"Beijing, Beijing, China",CH,CH22,13001,39.9289,116.388,-1898541,1,United States,US,US,,39.828175,-98.5795,US,4,"Beijing, Beijing, China",CH,CH22,13001,39.9289,116.388,-1898541,20181023024500,Make public statement,Verbal cooperation
796691360,20181023,201810,CHN,CHINA,CHN,,,,,,,,USA,THE US,USA,,,,,,,,1,130,130,13,3,-4.4,6,1,6,-8.79629629629625,1,China,CH,CH,,35.0,105.0,CH,1,China,CH,CH,,35.0,105.0,CH,4,"Kremlin, Moskva, Russia",RS,RS48,25106,55.7522,37.6156,-2960561,20181023024500,Threaten,Verbal conflict
796702944,20181023,201810,CHN,CHINA,CHN,,,,,,,,USA,COLUMBUS,USA,,,,,,,,1,080,080,08,2,5.0,8,1,8,0.0,4,"Pearl River, Guangdong, China",CH,CH30,13044,22.7694,113.622,-1939637,1,United Kingdom,UK,UK,,54.0,-4.0,UK,1,United Kingdom,UK,UK,,54.0,-4.0,UK,20181023040000,Yield,Material cooperation
796703876,20181023,201810,USA,WASHINGTON,USA,,,,,,,,CHN,CHINA,CHN,,,,,,,,1,100,100,10,3,-5.0,12,2,12,-4.474832819445,3,"Washington, District of Columbia, United States",US,USDC,DC001,38.8951,-77.0364,531871,1,China,CH,CH,,35.0,105.0,CH,4,"Moscow, Moskva, Russia",RS,RS48,25106,55.7522,37.6156,-2960561,20181023040000,Demand,Verbal conflict
796706523,20181023,201810,USA,NEW YORK,USA,,,,,,,,CHN,CHINESE,CHN,,,,,,,,1,013,013,01,1,0.4,7,1,7,2.50783699059561,2,"New York, United States",US,USNY,,42.1497,-74.9384,NY,4,"Beijing, Beijing, China",CH,CH22,13001,39.9289,116.388,-1898541,2,"New York, United States",US,USNY,,42.1497,-74.9384,NY,20181023041500,Make public statement,Verbal cooperation
796706525,20181023,201810,USA,AMERICAN,USA,,,,,,,,CHN,SHENZHEN,CHN,,,,,,,,1,061,061,06,2,6.4,7,1,7,-1.33779264214047,2,"California, United States",US,USCA,,36.17,-119.746,CA,4,"Shenzhen, Guangdong, China",CH,CH30,13036,22.2,111.117,-1925267,2,"California, United States",US,USCA,,36.17,-119.746,CA,20181023041500,Engage in material cooperation,Material cooperation
796709117,20181023,201810,USAMIL,THE US,USA,,,,,MIL,,,CHN,CHINA,CHN,,,,,,,,1,151,151,15,4,-7.2,8,1,8,-1.16959064327485,4,"Taiwan Strait, Taiwan (general), Taiwan",TW,TW00,,24.0,119.0,-2637942,4,"Beijing, Beijing, China",CH,CH22,13001,39.9289,116.388,-1898541,4,"Beijing, Beijing, China",CH,CH22,13001,39.9289,116.388,-1898541,20181023043000,Exhibit force posture,Material conflict
796710273,20181023,201810,CHN,CHINESE,CHN,,,,,,,,USAMED,THE ASSOCIATED PRESS,USA,,,,,MED,,,1,080,080,08,2,5.0,8,2,8,1.46978769733261,4,"Guangdong, Jilin, China",CH,CH05,13176,42.7683,129.336,10884162,4,"Guangdong, Jilin, China",CH,CH05,13176,42.7683,129.336,10884162,4,"Guangdong, Jilin, China",CH,CH05,13176,42.7683,129.336,10884162,20181023044500,Yield,Material cooperation
796710292,20181023,201810,CHNGOV,CHINESE,CHN,,,,,GOV,,,USAMED,THE ASSOCIATED PRESS,USA,,,,,MED,,,1,042,042,04,1,1.9,6,2,6,1.46978769733261,4,"Guangdong, Jilin, China",CH,CH05,13176,42.7683,129.336,10884162,4,"Guangdong, Jilin, China",CH,CH05,13176,42.7683,129.336,10884162,4,"Guangdong, Jilin, China",CH,CH05,13176,42.7683,129.336,10884162,20181023044500,Consult,Verbal cooperation
796711602,20181023,201810,USAMED,REUTERS,USA,,,,,MED,,,CHN,BEIJING,CHN,,,,,,,,1,051,051,05,1,3.4,12,2,12,-0.59679053501977,4,"Beijing, Beijing, China",CH,CH22,13001,39.9289,116.388,-1898541,4,"Beijing, Beijing, China",CH,CH22,13001,39.9289,116.388,-1898541,4,"Beijing, Beijing, China",CH,CH22,13001,39.9289,116.388,-1898541,20181023044500,Engage in diplomatic cooperation,Verbal cooperation
796711604,20181023,201810,USAMED,REUTERS,USA,,,,,MED,,,CHN,CHINA,CHN,,,,,,,,1,080,080,08,2,5.0,14,2,14,-0.57232501785889,4,"Beijing, Beijing, China",CH,CH22,13001,39.9289,116.388,-1898541,4,"Beijing, Beijing, China",CH,CH22,13001,39.9289,116.388,-1898541,4,"Beijing, Beijing, China",CH,CH22,13001,39.9289,116.388,-1898541,20181023044500,Yield,Material cooperation
796711606,20181023,201810,USAMED,THE ASSOCIATED PRESS,USA,,,,,MED,,,CHNGOV,CHINESE,CHN,,,,,GOV,,,1,043,043,04,1,2.8,6,2,6,1.46978769733261,4,"Guangdong, Jilin, China",CH,CH05,13176,42.7683,129.336,10884162,4,"Guangdong, Jilin, China",CH,CH05,13176,42.7683,129.336,10884162,4,"Guangdong, Jilin, China",CH,CH05,13176,42.7683,129.336,10884162,20181023044500,Consult,Verbal cooperation
796715467,20181023,201810,CHN,CHINA,CHN,,,,,,,,USA,UNITED STATES,USA,,,,,,,,1,061,061,06,2,6.4,10,1,10,-0.87719298245614,1,China,CH,CH,,35.0,105.0,CH,1,United States,US,US,,39.828175,-98.5795,US,1,China,CH,CH,,35.0,105.0,CH,20181023051500,Engage in material cooperation,Material cooperation
796719511,20181023,201810,USA,THE US,USA,,,,,,,,CHN,CHINESE,CHN,,,,,,,,1,111,111,11,3,-2.0,8,1,8,-2.54476908576815,3,"Washington, District of Columbia, United States",US,USDC,DC001,38.8951,-77.0364,531871,4,"Beijing, Beijing, China",CH,CH22,13001,39.9289,116.388,-1898541,3,"Washington, District of Columbia, United States",US,USDC,DC001,38.8951,-77.0364,531871,20181023053000,Disapprove,Verbal conflict
796724009,20181023,201810,USA,THE US,USA,,,,,,,,CHN,CHINA,CHN,,,,,,,,1,100,100,10,3,-5.0,6,1,6,-0.77519379844961,1,China,CH,CH,,35.0,105.0,CH,1,China,CH,CH,,35.0,105.0,CH,1,Russia,RS,RS,,60.0,100.0,RS,20181023060000,Demand,Verbal conflict
796727767,20181023,201810,CHN,BEIJING,CHN,,,,,,,,USA,THE US,USA,,,,,,,,1,163,163,16,4,-8.0,8,1,8,-3.57142857142857,4,"Beijing, Beijing, China",CH,CH22,13001,39.9289,116.388,-1898541,4,"Beijing, Beijing, China",CH,CH22,13001,39.9289,116.388,-1898541,4,"Beijing, Beijing, China",CH,CH22,13001,39.9289,116.388,-1898541,20181023063000,Reduce relations,Material conflict
796727768,20181023,201810,CHN,BEIJING,CHN,,,,,,,,USA,THE US,USA,,,,,,,,1,1821,182,18,4,-9.0,8,1,8,-3.57142857142857,4,"Beijing, Beijing, China",CH,CH22,13001,39.9289,116.388,-1898541,4,"Beijing, Beijing, China",CH,CH22,13001,39.9289,116.388,-1898541,4,"Beijing, Beijing, China",CH,CH22,13001,39.9289,116.388,-1898541,20181023063000,Assault,Material conflict
796728772,20181023,201810,USA,NEW YORK,USA,,,,,,,,CHN,CHINESE,CHN,,,,,,,,1,090,090,09,2,-2.0,8,1,8,-4.46503791069924,2,"New York, United States",US,USNY,,42.1497,-74.9384,NY,4,"Beijing, Beijing, China",CH,CH22,13001,39.9289,116.388,-1898541,4,"Beijing, Beijing, China",CH,CH22,13001,39.9289,116.388,-1898541,20181023063000,Investigate,Material cooperation
796730321,20181023,201810,CHNGOV,CHINESE,CHN,,,,,GOV,,,USA,THE US,USA,,,,,,,,1,042,042,04,1,1.9,6,1,6,-1.43415906127771,4,"Chengdu, Sichuan, China",CH,CH32,13270,30.6667,104.067,-1900349,4,"Chengdu, Sichuan, China",CH,CH32,13270,30.6667,104.067,-1900349,4,"Chengdu, Sichuan, China",CH,CH32,13270,30.6667,104.067,-1900349,20181023064500,Consult,Verbal cooperation
796730323,20181023,201810,CHNGOV,CHINESE,CHN,,,,,GOV,,,USA,THE US,USA,,,,,,,,1,172,172,17,4,-5.0,6,1,6,-1.43415906127771,4,"Chengdu, Sichuan, China",CH,CH32,13270,30.6667,104.067,-1900349,4,"Chengdu, Sichuan, China",CH,CH32,13270,30.6667,104.067,-1900349,4,"Chengdu, Sichuan, China",CH,CH32,13270,30.6667,104.067,-1900349,20181023064500,Coerce,Material conflict
796731534,20181023,201810,USA,THE US,USA,,,,,,,,CHNGOV,CHINESE,CHN,,,,,GOV,,,1,043,043,04,1,2.8,6,1,6,-1.43415906127771,4,"Chengdu, Sichuan, China",CH,CH32,13270,30.6667,104.067,-1900349,4,"Chengdu, Sichuan, China",CH,CH32,13270,30.6667,104.067,-1900349,4,"Chengdu, Sichuan, China",CH,CH32,13270,30.6667,104.067,-1900349,20181023064500,Consult,Verbal cooperation
796732604,20171023,201710,MNCCHNMED,CHINA MOBILE,CHN,,,,,MNC,MED,,MNCUSAMED,QUALCOMM,USA,,,,,MNC,MED,,1,040,040,04,1,1.0,6,1,6,-0.804289544235925,4,"Xiaomi, Fujian, China",CH,CH07,13163,25.2225,116.057,10999868,1,Hong Kong,HK,HK,,22.25,114.166667,HK,1,Hong Kong,HK,HK,,22.25,114.166667,HK,20181023070000,Consult,Verbal cooperation
796734060,20181023,201810,USA,THE US,USA,,,,,,,,CHN,CHINA,CHN,,,,,,,,1,163,163,16,4,-8.0,10,1,10,-4.2654028436019,4,"Beijing, Beijing, China",CH,CH22,13001,39.9289,116.388,-1898541,4,"Beijing, Beijing, China",CH,CH22,13001,39.9289,116.388,-1898541,4,"Beijing, Beijing, China",CH,CH22,13001,39.9289,116.388,-1898541,20181023070000,Reduce relations,Material conflict
796734061,20181023,201810,USA,THE US,USA,,,,,,,,CHN,CHINA,CHN,,,,,,,,1,1821,182,18,4,-9.0,10,1,10,-4.2654028436019,4,"Beijing, Beijing, China",CH,CH22,13001,39.9289,116.388,-1898541,4,"Beijing, Beijing, China",CH,CH22,13001,39.9289,116.388,-1898541,4,"Beijing, Beijing, China",CH,CH22,13001,39.9289,116.388,-1898541,20181023070000,Assault,Material conflict
796735684,20181023,201810,CHN,CHINA,CHN,,,,,,,,USA,WASHINGTON,USA,,,,,,,,1,051,051,05,1,3.4,7,1,7,2.7027027027027,4,"Canberra, Australian Capital Territory, Australia",AS,AS01,4940,-35.2833,149.217,-1563952,4,"Canberra, Australian Capital Territory, Australia",AS,AS01,4940,-35.2833,149.217,-1563952,4,"Canberra, Australian Capital Territory, Australia",AS,AS01,4940,-35.2833,149.217,-1563952,20181023071500,Engage in diplomatic cooperation,Verbal cooperation
796737083,20181023,201810,USA,WASHINGTON,USA,,,,,,,,CHN,BEIJING,CHN,,,,,,,,1,040,040,04,1,1.0,6,1,6,-0.79207920792079,3,"Washington, District of Columbia, United States",US,USDC,DC001,38.8951,-77.0364,531871,4,"Beijing, Beijing, China",CH,CH22,13001,39.9289,116.388,-1898541,4,"Beijing, Beijing, China",CH,CH22,13001,39.9289,116.388,-1898541,20181023071500,Consult,Verbal cooperation
796738624,20181023,201810,CHN,BEIJING,CHN,,,,,,,,USAMED,REUTERS,USA,,,,,MED,,,1,061,061,06,2,6.4,10,1,10,-2.3489932885906,4,"Beijing, Beijing, China",CH,CH22,13001,39.9289,116.388,-1898541,4,"Beijing, Beijing, China",CH,CH22,13001,39.9289,116.388,-1898541,4,"Beijing, Beijing, China",CH,CH22,13001,39.9289,116.388,-1898541,20181023073000,Engage in material cooperation,Material cooperation
796741352,20181023,201810,CHN,CHINA,CHN,,,,,,,,USAGOV,RICHARD NIXON,USA,,,,,GOV,,,1,043,043,04,1,2.8,10,1,10,-0.31055900621118,4,"Shanghai, Shanghai, China",CH,CH23,13243,31.2222,121.458,-1924465,4,"Shanghai, Shanghai, China",CH,CH23,13243,31.2222,121.458,-1924465,4,"Shanghai, Shanghai, China",CH,CH23,13243,31.2222,121.458,-1924465,20181023074500,Consult,Verbal cooperation
796741356,20181023,201810,CHNGOV,CHINA,CHN,,,,,GOV,,,USA,UNITED STATES,USA,,,,,,,,1,012,012,01,1,-0.4,8,1,8,-3.03030303030303,4,"Beijing, Beijing, China",CH,CH22,13001,39.9289,116.388,-1898541,3,"Washington, District of Columbia, United States",US,USDC,DC001,38.8951,-77.0364,531871,3,"Washington, District of Columbia, United States",US,USDC,DC001,38.8951,-77.0364,531871,20181023074500,Make public statement,Verbal cooperation
796741357,20181023,201810,CHNGOV,CHINA,CHN,,,,,GOV,,,USA,UNITED STATES,USA,,,,,,,,1,110,110,11,3,-2.0,10,1,10,-3.03030303030303,4,"Beijing, Beijing, China",CH,CH22,13001,39.9289,116.388,-1898541,3,"Washington, District of Columbia, United States",US,USDC,DC001,38.8951,-77.0364,531871,4,"Beijing, Beijing, China",CH,CH22,13001,39.9289,116.388,-1898541,20181023074500,Disapprove,Verbal conflict
796742551,20181023,201810,USAGOV,RICHARD NIXON,USA,,,,,GOV,,,CHN,CHINA,CHN,,,,,,,,1,042,042,04,1,1.9,10,1,10,-0.31055900621118,4,"Shanghai, Shanghai, China",CH,CH23,13243,31.2222,121.458,-1924465,4,"Shanghai, Shanghai, China",CH,CH23,13243,31.2222,121.458,-1924465,4,"Shanghai, Shanghai, China",CH,CH23,13243,31.2222,121.458,-1924465,20181023074500,Consult,Verbal cooperation
796744164,20181023,201810,CHN,BEIJING,CHN,,,,,,,,USA,UNITED STATES,USA,,,,,,,,1,012,012,01,1,-0.4,8,1,8,-2.5,4,"Beijing, Beijing, China",CH,CH22,13001,39.9289,116.388,-1898541,3,"Washington, District of Columbia, United States",US,USDC,DC001,38.8951,-77.0364,531871,3,"Washington, District of Columbia, United States",US,USDC,DC001,38.8951,-77.0364,531871,20181023080000,Make public statement,Verbal cooperation
796744165,20181023,201810,CHN,BEIJING,CHN,,,,,,,,USA,UNITED STATES,USA,,,,,,,,1,110,110,11,3,-2.0,10,1,10,-2.5,4,"Beijing, Beijing, China",CH,CH22,13001,39.9289,116.388,-1898541,3,"Washington, District of Columbia, United States",US,USDC,DC001,38.8951,-77.0364,531871,4,"Beijing, Beijing, China",CH,CH22,13001,39.9289,116.388,-1898541,20181023080000,Disapprove,Verbal conflict
796744168,20181023,201810,CHN,CHINA,CHN,,,,,,,,USAMED,REUTERS,USA,,,,,MED,,,1,080,080,08,2,5.0,6,1,6,0.35778175313059,4,"Guangdong, Jilin, China",CH,CH05,13176,42.7683,129.336,10884162,4,"Lantau Island, Hong Kong (general), Hong Kong",HK,HK00,13031,22.2614,113.941,-1354273,4,"Guangdong, Jilin, China",CH,CH05,13176,42.7683,129.336,10884162,20181023080000,Yield,Material cooperation
796746790,20181023,201810,CHN,CHINA,CHN,,,,,,,,USA,UNITED STATES,USA,,,,,,,,1,057,057,05,1,8.0,16,1,16,-4.43786982248521,4,"Beijing, Beijing, China",CH,CH22,13001,39.9289,116.388,-1898541,3,"Washington, District of Columbia, United States",US,USDC,DC001,38.8951,-77.0364,531871,3,"Washington, District of Columbia, United States",US,USDC,DC001,38.8951,-77.0364,531871,20181023081500,Engage in diplomatic cooperation,Verbal cooperation
796747799,20181023,201810,USA,UTAH,USA,,,,,,,,CHN,CHINA,CHN,,,,,,,,1,010,010,01,1,0.0,6,3,6,-5.55555555555556,4,"Beijing, Beijing, China",CH,CH22,13001,39.9289,116.388,-1898541,4,"Beijing, Beijing, China",CH,CH22,13001,39.9289,116.388,-1898541,4,"Beijing, Beijing, China",CH,CH22,13001,39.9289,116.388,-1898541,20181023081500,Make public statement,Verbal cooperation
796747805,20181023,201810,USA,UNITED STATES,USA,,,,,,,,CHN,CHINA,CHN,,,,,,,,1,057,057,05,1,8.0,16,1,16,-4.43786982248521,3,"Washington, District of Columbia, United States",US,USDC,DC001,38.8951,-77.0364,531871,4,"Beijing, Beijing, China",CH,CH22,13001,39.9289,116.388,-1898541,3,"Washington, District of Columbia, United States",US,USDC,DC001,38.8951,-77.0364,531871,20181023081500,Engage in diplomatic cooperation,Verbal cooperation
796747808,20181023,201810,USA,WASHINGTON,USA,,,,,,,,CHN,BEIJING,CHN,,,,,,,,1,130,130,13,3,-4.4,8,1,8,-0.80862533692722,4,"Beijing, Beijing, China",CH,CH22,13001,39.9289,116.388,-1898541,4,"Seoul, Soul-t'ukpyolsi, South Korea",KS,KS11,24984,37.5664,127.0,-716583,4,"Beijing, Beijing, China",CH,CH22,13001,39.9289,116.388,-1898541,20181023081500,Threaten,Verbal conflict
796747906,20181023,201810,USAMED,REUTERS,USA,,,,,MED,,,CHN,CHINA,CHN,,,,,,,,1,080,080,08,2,5.0,8,1,8,-0.12853470437018,4,"Pearl River, Guangdong, China",CH,CH30,13044,22.7694,113.622,-1939637,4,"Pearl River, Guangdong, China",CH,CH30,13044,22.7694,113.622,-1939637,4,"Pearl River, Guangdong, China",CH,CH30,13044,22.7694,113.622,-1939637,20181023081500,Yield,Material cooperation
796749003,20171023,201710,USAMED,REUTERS,USA,,,,,MED,,,CHN,CHINA,CHN,,,,,,,,1,061,061,06,2,6.4,10,1,10,-2.77777777777778,1,South Korea,KS,KS,,37.0,127.5,KS,1,South Korea,KS,KS,,37.0,127.5,KS,1,South Korea,KS,KS,,37.0,127.5,KS,20181023083000,Engage in material cooperation,Material cooperation
796749541,20181023,201810,CHN,SHANDONG,CHN,,,,,,,,USAMED,THE ASSOCIATED PRESS,USA,,,,,MED,,,1,013,013,01,1,0.4,8,1,8,-4.14937759336099,4,"Longyun, Sichuan, China",CH,CH32,13003,31.086,106.294,10327572,4,"Longyun, Sichuan, China",CH,CH32,13003,31.086,106.294,10327572,4,"Longyun, Sichuan, China",CH,CH32,13003,31.086,106.294,10327572,20181023083000,Make public statement,Verbal cooperation
796751295,20181023,201810,USA,UNITED STATES,USA,,,,,,,,CHN,JIANGSU,CHN,,,,,,,,1,046,046,04,1,7.0,10,1,10,5.38033395176252,4,"Bocholt, Nordrhein-Westfalen, Germany",GM,GM07,16553,51.8333,6.6,-1749189,4,"Bocholt, Nordrhein-Westfalen, Germany",GM,GM07,16553,51.8333,6.6,-1749189,4,"Bocholt, Nordrhein-Westfalen, Germany",GM,GM07,16553,51.8333,6.6,-1749189,20181023083000,Consult,Verbal cooperation
796751298,20181023,201810,USA,WASHINGTON,USA,,,,,,,,CHN,BEIJING,CHN,,,,,,,,1,151,151,15,4,-7.2,8,1,8,-0.82644628099174,1,Spratly Islands,PG,PG,,10.369,115.06,PG,3,"Decatur, Washington, United States",US,USWA,WA055,48.5004,-122.82,1534563,4,"South China Sea, Brunei (general), Brunei",BX,BX00,,15.0,115.0,-1337919,20181023083000,Exhibit force posture,Material conflict
796753019,20181023,201810,CHN,CHINA,CHN,,,,,,,,USA,UNITED STATES,USA,,,,,,,,1,042,042,04,1,1.9,8,1,8,0.0,1,China,CH,CH,,35.0,105.0,CH,1,United States,US,US,,39.828175,-98.5795,US,1,Mexico,MX,MX,,23.0,-102.0,MX,20181023084500,Consult,Verbal cooperation
796755511,20181016,201810,USA,UNITED STATES,USA,,,,,,,,CHN,CHINA,CHN,,,,,,,,1,010,010,01,1,0.0,6,1,6,-2.05047318611988,1,China,CH,CH,,35.0,105.0,CH,1,China,CH,CH,,35.0,105.0,CH,1,China,CH,CH,,35.0,105.0,CH,20181023090000,Make public statement,Verbal cooperation
796755905,20181023,201810,CHN,CHINA,CHN,,,,,,,,USA,THE US,USA,,,,,,,,1,061,061,06,2,6.4,10,1,10,-2.05047318611988,1,China,CH,CH,,35.0,105.0,CH,1,China,CH,CH,,35.0,105.0,CH,1,China,CH,CH,,35.0,105.0,CH,20181023090000,Engage in material cooperation,Material cooperation
796755910,20181023,201810,CHNGOV,CHINA,CHN,,,,,GOV,,,USA,UNITED STATES,USA,,,,,,,,1,012,012,01,1,-0.4,8,1,8,-4.76190476190476,1,China,CH,CH,,35.0,105.0,CH,3,"Washington, District of Columbia, United States",US,USDC,DC001,38.8951,-77.0364,531871,3,"Washington, District of Columbia, United States",US,USDC,DC001,38.8951,-77.0364,531871,20181023090000,Make public statement,Verbal cooperation
796755912,20181023,201810,CHNGOV,CHINA,CHN,,,,,GOV,,,USA,UNITED STATES,USA,,,,,,,,1,110,110,11,3,-2.0,10,1,10,-4.76190476190476,1,China,CH,CH,,35.0,105.0,CH,3,"Washington, District of Columbia, United States",US,USDC,DC001,38.8951,-77.0364,531871,1,China,CH,CH,,35.0,105.0,CH,20181023090000,Disapprove,Verbal conflict
796759188,20181023,201810,CHN,CHINESE,CHN,,,,,,,,USA,SAN FRANCISCO,USA,,,,,,,,1,042,042,04,1,1.9,8,1,8,0.47801147227534,4,"An-Mei, Fujian, China",CH,CH07,13010,24.9458,117.797,6064145,4,"An-Mei, Fujian, China",CH,CH07,13010,24.9458,117.797,6064145,4,"An-Mei, Fujian, China",CH,CH07,13010,24.9458,117.797,6064145,20181023091500,Consult,Verbal cooperation
796759190,20181023,201810,CHN,CHINESE,CHN,,,,,,,,USAMED,REUTERS,USA,,,,,MED,,,1,051,051,05,1,3.4,8,1,8,0.0,4,"Beijing, Beijing, China",CH,CH22,13001,39.9289,116.388,-1898541,1,Hong Kong,HK,HK,,22.25,114.166667,HK,4,"Beijing, Beijing, China",CH,CH22,13001,39.9289,116.388,-1898541,20181023091500,Engage in diplomatic cooperation,Verbal cooperation
796759191,20181023,201810,CHN,CHINESE,CHN,,,,,,,,USAMED,REUTERS,USA,,,,,MED,,,1,080,080,08,2,5.0,10,1,10,0.0,4,"Beijing, Beijing, China",CH,CH22,13001,39.9289,116.388,-1898541,1,Hong Kong,HK,HK,,22.25,114.166667,HK,4,"Beijing, Beijing, China",CH,CH22,13001,39.9289,116.388,-1898541,20181023091500,Yield,Material cooperation
796760574,20181023,201810,USA,SAN FRANCISCO,USA,,,,,,,,CHN,CHINESE,CHN,,,,,,,,1,043,043,04,1,2.8,8,1,8,0.47801147227534,3,"San Francisco, California, United States",US,USCA,CA075,37.7749,-122.419,277593,4,"Suyuan, Fujian, China",CH,CH07,13011,26.694,117.743,10808078,3,"San Francisco, California, United States",US,USCA,,37.7749,-122.419,277593,20181023091500,Consult,Verbal cooperation
796762221,20181023,201810,CHN,CHINA,CHN,,,,,,,,USA,UNITED STATES,USA,,,,,,,,1,100,100,10,3,-5.0,8,1,8,0.19569471624266,1,China,CH,CH,,35.0,105.0,CH,1,United States,US,US,,39.828175,-98.5795,US,1,United States,US,US,,39.828175,-98.5795,US,20181023093000,Demand,Verbal conflict
796763638,20181023,201810,USA,UNITED STATES,USA,,,,,,,,CHN,BEIJING,CHN,,,,,,,,1,012,012,01,1,-0.4,8,1,8,-0.4950495049505,3,"Washington, District of Columbia, United States",US,USDC,DC001,38.8951,-77.0364,531871,4,"Beijing, Beijing, China",CH,CH22,13001,39.9289,116.388,-1898541,3,"Washington, District of Columbia, United States",US,USDC,DC001,38.8951,-77.0364,531871,20181023093000,Make public statement,Verbal cooperation
796765240,20181016,201810,MNCUSAMED,GOOGLE,USA,,,,,MNC,MED,,CHN,CHINA,CHN,,,,,,,,1,015,015,01,1,0.0,10,1,10,-4.34782608695653,4,"Tiananmen Square, Beijing, China",CH,CH22,13001,39.9044,116.391,9244097,4,"Tiananmen Square, Beijing, China",CH,CH22,13001,39.9044,116.391,9244097,4,"Tiananmen Square, Beijing, China",CH,CH22,13001,39.9044,116.391,9244097,20181023094500,Make public statement,Verbal cooperation
796765603,20181023,201810,CHN,CHINA,CHN,,,,,,,,USA,UNITED STATES,USA,,,,,,,,1,130,130,13,3,-4.4,8,1,8,-3.26530612244898,1,China,CH,CH,,35.0,105.0,CH,1,United States,US,US,,39.828175,-98.5795,US,1,United States,US,US,,39.828175,-98.5795,US,20181023094500,Threaten,Verbal conflict
796771452,20181023,201810,CHN,CHINA,CHN,,,,,,,,USA,UNITED STATES,USA,,,,,,,,1,057,057,05,1,8.0,8,1,8,-4.8780487804878,1,China,CH,CH,,35.0,105.0,CH,1,United States,US,US,,39.828175,-98.5795,US,1,United States,US,US,,39.828175,-98.5795,US,20181023101500,Engage in diplomatic cooperation,Verbal cooperation
796772569,20181023,201810,USA,UNITED STATES,USA,,,,,,,,CHN,CHINA,CHN,,,,,,,,1,057,057,05,1,8.0,8,1,8,-4.8780487804878,1,United States,US,US,,39.828175,-98.5795,US,1,China,CH,CH,,35.0,105.0,CH,1,United States,US,US,,39.828175,-98.5795,US,20181023101500,Engage in diplomatic cooperation,Verbal cooperation
796778170,20181023,201810,CHN,BEIJING,CHN,,,,,,,,USA,UNITED STATES,USA,,,,,,,,1,012,012,01,1,-0.4,8,1,8,-2.83687943262411,4,"Beijing, Beijing, China",CH,CH22,13001,39.9289,116.388,-1898541,1,United States,US,US,,39.828175,-98.5795,US,1,United States,US,US,,39.828175,-98.5795,US,20181023104500,Make public statement,Verbal cooperation
796778171,20181023,201810,CHN,BEIJING,CHN,,,,,,,,USA,UNITED STATES,USA,,,,,,,,1,110,110,11,3,-2.0,10,1,10,-2.83687943262411,4,"Beijing, Beijing, China",CH,CH22,13001,39.9289,116.388,-1898541,1,United States,US,US,,39.828175,-98.5795,US,4,"Beijing, Beijing, China",CH,CH22,13001,39.9289,116.388,-1898541,20181023104500,Disapprove,Verbal conflict
796778176,20181023,201810,CHNGOV,CHINESE,CHN,,,,,GOV,,,USA,UNITED STATES,USA,,,,,,,,1,120,120,12,3,-4.0,6,1,6,-3.17460317460317,1,Japan,JA,JA,,36.0,138.0,JA,1,Japan,JA,JA,,36.0,138.0,JA,1,Japan,JA,JA,,36.0,138.0,JA,20181023104500,Reject,Verbal conflict
796778984,20181023,201810,MNCUSAMED,GOOGLE,USA,,,,,MNC,MED,,CHN,CHINA,CHN,,,,,,,,1,090,090,09,2,-2.0,10,1,10,-8.48484848484848,1,United States,US,US,,39.828175,-98.5795,US,1,China,CH,CH,,35.0,105.0,CH,1,China,CH,CH,,35.0,105.0,CH,20181023104500,Investigate,Material cooperation
796781643,20181023,201810,CHN,LIAONING,CHN,,,,,,,,USAMED,REUTERS,USA,,,,,MED,,,1,172,172,17,4,-5.0,7,1,7,-8.67924528301887,5,"Liaoning, Liaoning, China",CH,CH19,13186,41.0,123.0,-1914920,5,"Liaoning, Liaoning, China",CH,CH19,13186,41.0,123.0,-1914920,5,"Liaoning, Liaoning, China",CH,CH19,13186,41.0,123.0,-1914920,20181023110000,Coerce,Material conflict
796781644,20181023,201810,CHN,LIAONING,CHN,,,,,,,,USAMED,REUTERS,USA,,,,,MED,,,1,193,193,19,4,-10.0,7,1,7,-8.67924528301887,5,"Liaoning, Liaoning, China",CH,CH19,13186,41.0,123.0,-1914920,5,"Liaoning, Liaoning, China",CH,CH19,13186,41.0,123.0,-1914920,5,"Liaoning, Liaoning, China",CH,CH19,13186,41.0,123.0,-1914920,20181023110000,Fight,Material conflict
796783069,20181023,201810,USA,CALIFORNIA,USA,,,,,,,,CHN,CHINESE,CHN,,,,,,,,1,080,080,08,2,5.0,8,1,8,2.38095238095238,2,"California, United States",US,USCA,,36.17,-119.746,CA,1,China,CH,CH,,35.0,105.0,CH,1,China,CH,CH,,35.0,105.0,CH,20181023110000,Yield,Material cooperation
796784813,20171023,201710,MNCUSAMED,QUALCOMM,USA,,,,,MNC,MED,,MNCCHNMED,CHINA MOBILE,CHN,,,,,MNC,MED,,1,111,111,11,3,-2.0,8,1,8,1.87165775401069,1,South Korea,KS,KS,,37.0,127.5,KS,1,South Korea,KS,KS,,37.0,127.5,KS,1,South Korea,KS,KS,,37.0,127.5,KS,20181023111500,Disapprove,Verbal conflict
796785256,20181023,201810,CHN,CHINA,CHN,,,,,,,,USA,UNITED STATES,USA,,,,,,,,1,012,012,01,1,-0.4,8,1,8,-2.96296296296296,1,China,CH,CH,,35.0,105.0,CH,1,United States,US,US,,39.828175,-98.5795,US,1,United States,US,US,,39.828175,-98.5795,US,20181023111500,Make public statement,Verbal cooperation
796785263,20181023,201810,CHN,CHINA,CHN,,,,,,,,USA,UNITED STATES,USA,,,,,,,,1,110,110,11,3,-2.0,8,1,8,-2.96296296296296,1,China,CH,CH,,35.0,105.0,CH,1,United States,US,US,,39.828175,-98.5795,US,1,China,CH,CH,,35.0,105.0,CH,20181023111500,Disapprove,Verbal conflict
796788530,20181023,201810,CHN,SHANGHAI,CHN,,,,,,,,USA,MINNEAPOLIS,USA,,,,,,,,1,036,036,03,1,4.0,8,1,8,0.968992248062015,4,"Shanghai, Shanghai, China",CH,CH23,13243,31.2222,121.458,-1924465,4,"Shanghai, Shanghai, China",CH,CH23,13243,31.2222,121.458,-1924465,4,"Shanghai, Shanghai, China",CH,CH23,13243,31.2222,121.458,-1924465,20181023113000,Express intent to cooperate,Verbal cooperation
796788537,20181023,201810,CHN,CHINA,CHN,,,,,,,,USA,THE US,USA,,,,,,,,1,190,190,19,4,-10.0,8,1,8,2.16049382716049,4,"Tokyo, Tokyo, Japan",JA,JA40,36340,35.685,139.751,-246227,4,"Tokyo, Tokyo, Japan",JA,JA40,36340,35.685,139.751,-246227,4,"Tokyo, Tokyo, Japan",JA,JA40,36340,35.685,139.751,-246227,20181023113000,Fight,Material conflict
796790160,20181023,201810,USA,THE US,USA,,,,,,,,CHN,CHINA,CHN,,,,,,,,1,190,190,19,4,-10.0,10,1,10,2.16049382716049,4,"Beijing, Beijing, China",CH,CH22,13001,39.9289,116.388,-1898541,4,"Beijing, Beijing, China",CH,CH22,13001,39.9289,116.388,-1898541,4,"Beijing, Beijing, China",CH,CH22,13001,39.9289,116.388,-1898541,20181023113000,Fight,Material conflict
796797303,20181023,201810,USA,THE US,USA,,,,,,,,CHN,ZHUHAI,CHN,,,,,,,,1,080,080,08,2,5.0,10,1,10,-1.95121951219513,1,Hong Kong,HK,HK,,22.25,114.166667,HK,1,Hong Kong,HK,HK,,22.25,114.166667,HK,1,Hong Kong,HK,HK,,22.25,114.166667,HK,20181023120000,Yield,Material cooperation
796803138,20181023,201810,CHN,CHINA,CHN,,,,,,,,USAMED,REUTERS,USA,,,,,MED,,,1,036,036,03,1,4.0,10,1,10,-1.8348623853211,1,China,CH,CH,,35.0,105.0,CH,1,China,CH,CH,,35.0,105.0,CH,1,China,CH,CH,,35.0,105.0,CH,20181023123000,Express intent to cooperate,Verbal cooperation
796804204,20181023,201810,MNCUSAMED,GOOGLE,USA,,,,,MNC,MED,,CHN,CHINA,CHN,,,,,,,,1,090,090,09,2,-2.0,8,1,8,-7.60233918128655,2,"California, United States",US,USCA,,36.17,-119.746,CA,1,China,CH,CH,,35.0,105.0,CH,1,China,CH,CH,,35.0,105.0,CH,20181023123000,Investigate,Material cooperation
796804733,20181023,201810,USA,JACKSONVILLE,USA,,,,,,,,CHN,TIANJIN,CHN,,,,,,,,1,051,051,05,1,3.4,10,1,10,3.49206349206349,3,"Jacksonville, Florida, United States",US,USFL,FL031,30.3322,-81.6556,295003,3,"Jacksonville, Florida, United States",US,USFL,FL031,30.3322,-81.6556,295003,3,"Jacksonville, Florida, United States",US,USFL,FL031,30.3322,-81.6556,295003,20181023123000,Engage in diplomatic cooperation,Verbal cooperation
796808104,20181023,201810,USA,UNITED STATES,USA,,,,,,,,CHN,CHINA,CHN,,,,,,,,1,050,050,05,1,3.5,6,1,6,-0.60851926977687,3,"Washington, District of Columbia, United States",US,USDC,DC001,38.8951,-77.0364,531871,1,Taiwan,TW,TW,,24.0,121.0,TW,3,"Washington, District of Columbia, United States",US,USDC,DC001,38.8951,-77.0364,531871,20181023124500,Engage in diplomatic cooperation,Verbal cooperation
796817178,20181023,201810,CHN,CHINA,CHN,,,,,,,,USAMIL,UNITED STATES,USA,,,,,MIL,,,1,012,012,01,1,-0.4,6,1,6,-3.58744394618834,4,"Beijing, Beijing, China",CH,CH22,13001,39.9289,116.388,-1898541,4,"Taipei, T'ai-pei, Taiwan",TW,TW03,13277,25.0478,121.532,-2637882,4,"Taipei, T'ai-pei, Taiwan",TW,TW03,13277,25.0478,121.532,-2637882,20181023133000,Make public statement,Verbal cooperation
796818843,20181023,201810,USA,UNITED STATES,USA,,,,,,,,CHN,CHINA,CHN,,,,,,,,1,110,110,11,3,-2.0,8,1,8,-5.21739130434782,1,China,CH,CH,,35.0,105.0,CH,1,China,CH,CH,,35.0,105.0,CH,1,China,CH,CH,,35.0,105.0,CH,20181023133000,Disapprove,Verbal conflict
796825839,20181023,201810,USAGOV,THE US,USA,,,,,GOV,,,CHNBUS,CHINESE,CHN,,,,,BUS,,,1,110,110,11,3,-2.0,10,1,10,1.95652173913044,1,China,CH,CH,,35.0,105.0,CH,1,China,CH,CH,,35.0,105.0,CH,1,China,CH,CH,,35.0,105.0,CH,20181023140000,Disapprove,Verbal conflict
796825877,20181023,201810,USAMED,REUTERS,USA,,,,,MED,,,CHN,CHINA,CHN,,,,,,,,1,114,114,11,3,-2.0,6,1,6,-1.56400174748799,4,"Moscow, Moskva, Russia",RS,RS48,25106,55.7522,37.6156,-2960561,4,"Moscow, Moskva, Russia",RS,RS48,25106,55.7522,37.6156,-2960561,4,"Moscow, Moskva, Russia",RS,RS48,25106,55.7522,37.6156,-2960561,20181023140000,Disapprove,Verbal conflict
796825878,20181023,201810,USAMED,REUTERS,USA,,,,,MED,,,CHN,CHINA,CHN,,,,,,,,1,114,114,11,3,-2.0,6,1,6,-1.56400174748799,4,"Moscow, Moskva, Russia",RS,RS48,25106,55.7522,37.6156,-2960561,1,China,CH,CH,,35.0,105.0,CH,1,China,CH,CH,,35.0,105.0,CH,20181023140000,Disapprove,Verbal conflict
796827774,20181023,201810,CHN,CHINESE,CHN,,,,,,,,USA,WASHINGTON,USA,,,,,,,,1,013,013,01,1,0.4,6,1,6,-4.91803278688525,4,"Beijing, Beijing, China",CH,CH22,13001,39.9289,116.388,-1898541,3,"Washington, District of Columbia, United States",US,USDC,DC001,38.8951,-77.0364,531871,4,"Beijing, Beijing, China",CH,CH22,13001,39.9289,116.388,-1898541,20181023141500,Make public statement,Verbal cooperation
796827777,20181023,201810,CHN,CHINA,CHN,,,,,,,,USA,UNITED STATES,USA,,,,,,,,1,110,110,11,3,-2.0,10,1,10,0.22222222222222,4,"Taipei, T'ai-pei, Taiwan",TW,TW03,13277,25.0478,121.532,-2637882,4,"Taipei, T'ai-pei, Taiwan",TW,TW03,13277,25.0478,121.532,-2637882,4,"Taipei, T'ai-pei, Taiwan",TW,TW03,13277,25.0478,121.532,-2637882,20181023141500,Disapprove,Verbal conflict
796835430,20181023,201810,CHN,CHINA,CHN,,,,,,,,USA,THE US,USA,,,,,,,,1,130,130,13,3,-4.4,8,1,8,-4.12044374009509,4,"Beijing, Beijing, China",CH,CH22,13001,39.9289,116.388,-1898541,4,"Beijing, Beijing, China",CH,CH22,13001,39.9289,116.388,-1898541,4,"Moscow, Moskva, Russia",RS,RS48,25106,55.7522,37.6156,-2960561,20181023144500,Threaten,Verbal conflict
796835440,20181023,201810,CHNGOVMIL,CHINA,CHN,,,,,GOV,MIL,,USA,THE US,USA,,,,,,,,1,111,111,11,3,-2.0,10,1,10,-3.93374741200828,5,"Liaoning, Liaoning, China",CH,CH19,13186,41.0,123.0,-1914920,5,"Liaoning, Liaoning, China",CH,CH19,13186,41.0,123.0,-1914920,5,"Liaoning, Liaoning, China",CH,CH19,13186,41.0,123.0,-1914920,20181023144500,Disapprove,Verbal conflict
796842527,20181023,201810,CHN,BEIJING,CHN,,,,,,,,USA,WASHINGTON,USA,,,,,,,,1,025,025,02,1,-0.3,6,1,6,-2.1505376344086,4,"Beijing, Beijing, China",CH,CH22,13001,39.9289,116.388,-1898541,3,"Washington, District of Columbia, United States",US,USDC,DC001,38.8951,-77.0364,531871,3,"Washington, District of Columbia, United States",US,USDC,DC001,38.8951,-77.0364,531871,20181023151500,Appeal,Verbal cooperation
796842533,20181023,201810,CHN,CHINESE,CHN,,,,,,,,USAMIL,THE US,USA,,,,,MIL,,,1,090,090,09,2,-2.0,8,1,8,0.12113870381587,4,"New Delhi, Delhi, India",IN,IN07,17911,28.6,77.2,-2106102,4,"Wuhan, Hubei, China",CH,CH12,13124,30.5833,114.267,-1930776,4,"Wuhan, Hubei, China",CH,CH12,13124,30.5833,114.267,-1930776,20181023151500,Investigate,Material cooperation
796844236,20181023,201810,USA,HARTFORD,USA,,,,,,,,CHN,CANTON,CHN,,,,,,,,1,060,060,06,2,6.0,10,1,10,0.0,1,China,CH,CH,,35.0,105.0,CH,1,China,CH,CH,,35.0,105.0,CH,1,China,CH,CH,,35.0,105.0,CH,20181023151500,Engage in material cooperation,Material cooperation
796857470,20171023,201710,USAMED,REUTERS,USA,,,,,MED,,,CHN,CHINA,CHN,,,,,,,,1,061,061,06,2,6.4,10,1,10,-2.43902439024391,1,China,CH,CH,,35.0,105.0,CH,4,"Seoul, Soul-t'ukpyolsi, South Korea",KS,KS11,24984,37.5664,127.0,-716583,4,"Seoul, Soul-t'ukpyolsi, South Korea",KS,KS11,24984,37.5664,127.0,-716583,20181023161500,Engage in material cooperation,Material cooperation
796859424,20181023,201810,USA,WASHINGTON,USA,,,,,,,,CHN,CHINESE,CHN,,,,,,,,1,020,020,02,1,3.0,10,1,10,1.38888888888889,4,"Beijing, Beijing, China",CH,CH22,13001,39.9289,116.388,-1898541,4,"Beijing, Beijing, China",CH,CH22,13001,39.9289,116.388,-1898541,4,"Beijing, Beijing, China",CH,CH22,13001,39.9289,116.388,-1898541,20181023161500,Appeal,Verbal cooperation
796861208,20171023,201710,CHN,BEIJING,CHN,,,,,,,,USA,THE US,USA,,,,,,,,1,016,016,01,1,-2.0,8,1,8,0.0,4,"Wenzhou, Zhejiang, China",CH,CH02,13328,27.9994,120.667,-1930588,4,"Wenzhou, Zhejiang, China",CH,CH02,13328,27.9994,120.667,-1930588,4,"Wenzhou, Zhejiang, China",CH,CH02,13328,27.9994,120.667,-1930588,20181023163000,Make public statement,Verbal cooperation
796868885,20181023,201810,CHN,CHINESE,CHN,,,,,,,,USAGOV,THE US,USA,,,,,GOV,,,1,036,036,03,1,4.0,10,1,10,-1.21212121212121,4,"Liang Huang, Zhejiang, China",CH,CH02,13328,29.2494,121.327,6965,4,"Liang Huang, Zhejiang, China",CH,CH02,13328,29.2494,121.327,6965,4,"Liang Huang, Zhejiang, China",CH,CH02,13328,29.2494,121.327,6965,20181023170000,Express intent to cooperate,Verbal cooperation
796869877,20181023,201810,MNCUSA,CATERPILLAR INC,USA,,,,,MNC,,,CHN,CHINA,CHN,,,,,,,,1,130,130,13,3,-4.4,10,1,10,-1.8018018018018,1,China,CH,CH,,35.0,105.0,CH,1,China,CH,CH,,35.0,105.0,CH,1,China,CH,CH,,35.0,105.0,CH,20181023170000,Threaten,Verbal conflict
796870325,20181023,201810,USA,UNITED STATES,USA,,,,,,,,CHN,CHINA,CHN,,,,,,,,1,012,012,01,1,-0.4,8,1,8,-5.26315789473684,1,United States,US,US,,39.828175,-98.5795,US,1,China,CH,CH,,35.0,105.0,CH,1,United States,US,US,,39.828175,-98.5795,US,20181023170000,Make public statement,Verbal cooperation
796870333,20181023,201810,USA,UNITED STATES,USA,,,,,,,,CHN,CHINA,CHN,,,,,,,,1,160,160,16,4,-4.0,8,1,8,-5.27617477328937,4,"Beijing, Beijing, China",CH,CH22,13001,39.9289,116.388,-1898541,4,"Beijing, Beijing, China",CH,CH22,13001,39.9289,116.388,-1898541,4,"Beijing, Beijing, China",CH,CH22,13001,39.9289,116.388,-1898541,20181023170000,Reduce relations,Material conflict
796870598,20181023,201810,USAGOV,THE US,USA,,,,,GOV,,,CHN,CHINESE,CHN,,,,,,,,1,036,036,03,1,4.0,10,1,10,-1.21212121212121,4,"Liang Huang, Zhejiang, China",CH,CH02,13328,29.2494,121.327,6965,4,"Liang Huang, Zhejiang, China",CH,CH02,13328,29.2494,121.327,6965,4,"Liang Huang, Zhejiang, China",CH,CH02,13328,29.2494,121.327,6965,20181023170000,Express intent to cooperate,Verbal cooperation
796875516,20181022,201810,USA,THE US,USA,,,,,,,,CHN,CHINA,CHN,,,,,,,,1,012,012,01,1,-0.4,10,1,10,-0.62111801242236,4,"Beijing, Beijing, China",CH,CH22,13001,39.9289,116.388,-1898541,4,"Beijing, Beijing, China",CH,CH22,13001,39.9289,116.388,-1898541,4,"Beijing, Beijing, China",CH,CH22,13001,39.9289,116.388,-1898541,20181023173000,Make public statement,Verbal cooperation
796888957,20181023,201810,USA,THE US,USA,,,,,,,,CHN,CHINA,CHN,,,,,,,,1,138,138,13,3,-7.0,10,1,10,2.27272727272727,1,China,CH,CH,,35.0,105.0,CH,1,China,CH,CH,,35.0,105.0,CH,1,China,CH,CH,,35.0,105.0,CH,20181023174500,Threaten,Verbal conflict
796905803,20181023,201810,USA,VERMONT,USA,,,,,,,,CHN,CHINA,CHN,,,,,,,,1,110,110,11,3,-2.0,20,4,20,-1.2453300124533,2,"Vermont, United States",US,USVT,,44.0407,-72.7093,VT,2,"Vermont, United States",US,USVT,,44.0407,-72.7093,VT,2,"Vermont, United States",US,USVT,,44.0407,-72.7093,VT,20181023190000,Disapprove,Verbal conflict
796910833,20181023,201810,CHN,CHINA,CHN,,,,,,,,USAMED,REUTERS,USA,,,,,MED,,,1,043,043,04,1,2.8,8,1,8,-2.52454417952314,4,"Dalian, Liaoning, China",CH,CH19,13327,38.9122,121.602,-1901835,1,Iran,IR,IR,,32.0,53.0,IR,4,"Dalian, Liaoning, China",CH,CH19,13327,38.9122,121.602,-1901835,20181023193000,Consult,Verbal cooperation
796911978,20181023,201810,USA,UNITED STATES,USA,,,,,,,,CHN,BEIJING,CHN,,,,,,,,1,141,141,14,3,-6.5,8,1,8,-6.71256454388985,3,"White House, District of Columbia, United States",US,USDC,,38.8951,-77.0364,531871,1,Russia,RS,RS,,60.0,100.0,RS,3,"White House, District of Columbia, United States",US,USDC,,38.8951,-77.0364,531871,20181023193000,Protest,Verbal conflict
796912235,20181023,201810,USAMED,REUTERS,USA,,,,,MED,,,CHN,CHINA,CHN,,,,,,,,1,042,042,04,1,1.9,8,1,8,-2.52454417952314,1,Iran,IR,IR,,32.0,53.0,IR,4,"Dalian, Liaoning, China",CH,CH19,13327,38.9122,121.602,-1901835,4,"Dalian, Liaoning, China",CH,CH19,13327,38.9122,121.602,-1901835,20181023193000,Consult,Verbal cooperation
796913729,20181023,201810,CHN,CHINA,CHN,,,,,,,,USA,THE US,USA,,,,,,,,1,040,040,04,1,1.0,10,1,10,-1.15546218487395,4,"Xinjiang, Jiangxi, China",CH,CH03,13167,27.7481,116.274,11065838,4,"Xinjiang, Jiangxi, China",CH,CH03,13167,27.7481,116.274,11065838,4,"Xinjiang, Jiangxi, China",CH,CH03,13167,27.7481,116.274,11065838,20181023194500,Consult,Verbal cooperation
796921415,20181023,201810,USA,TEXAS,USA,,,,,,,,CHN,BEIJING,CHN,,,,,,,,1,010,010,01,1,0.0,10,1,10,0.91240875912409,3,"Houston, Texas, United States",US,USTX,TX201,29.7633,-95.3633,1380948,3,"Houston, Texas, United States",US,USTX,TX201,29.7633,-95.3633,1380948,3,"Houston, Texas, United States",US,USTX,TX201,29.7633,-95.3633,1380948,20181023201500,Make public statement,Verbal cooperation
796934972,20181023,201810,CHN,CHINA,CHN,,,,,,,,USA,UNITED STATES,USA,,,,,,,,1,061,061,06,2,6.4,6,1,6,-1.32827324478178,1,China,CH,CH,,35.0,105.0,CH,3,"White House, District of Columbia, United States",US,USDC,,38.8951,-77.0364,531871,1,China,CH,CH,,35.0,105.0,CH,20181023213000,Engage in material cooperation,Material cooperation
796936173,20181023,201810,USA,UNITED STATES,USA,,,,,,,,CHN,BEIJING,CHN,,,,,,,,1,012,012,01,1,-0.4,10,1,10,0.0,4,"Taipei, T'ai-pei, Taiwan",TW,TW03,13277,25.0478,121.532,-2637882,4,"Taipei, T'ai-pei, Taiwan",TW,TW03,13277,25.0478,121.532,-2637882,4,"Taipei, T'ai-pei, Taiwan",TW,TW03,13277,25.0478,121.532,-2637882,20181023213000,Make public statement,Verbal cooperation
796946488,20181023,201810,CHN,CHINESE,CHN,,,,,,,,USA,WASHINGTON,USA,,,,,,,,1,036,036,03,1,4.0,6,1,6,-3.01003344481605,4,"Beijing, Beijing, China",CH,CH22,13001,39.9289,116.388,-1898541,3,"Washington, District of Columbia, United States",US,USDC,DC001,38.8951,-77.0364,531871,4,"Beijing, Beijing, China",CH,CH22,13001,39.9289,116.388,-1898541,20181023223000,Express intent to cooperate,Verbal cooperation
796951751,20171023,201710,CHN,CHINESE,CHN,,,,,,,,USA,UNITED STATES,USA,,,,,,,,1,060,060,06,2,6.0,6,1,6,-3.38983050847458,4,"Beijing, Beijing, China",CH,CH22,13001,39.9289,116.388,-1898541,3,"White House, District of Columbia, United States",US,USDC,,38.8951,-77.0364,531871,4,"Beijing, Beijing, China",CH,CH22,13001,39.9289,116.388,-1898541,20181023230000,Engage in material cooperation,Material cooperation
796955628,20181023,201810,USA,THE US,USA,,,,,,,,CHN,CHINA,CHN,,,,,,,,1,061,061,06,2,6.4,10,1,10,0.0,1,India,IN,IN,,20.0,77.0,IN,1,India,IN,IN,,20.0,77.0,IN,1,India,IN,IN,,20.0,77.0,IN,20181023231500,Engage in material cooperation,Material cooperation
796960972,20181023,201810,USA,UNITED STATES,USA,,,,,,,,CHN,CHINA,CHN,,,,,,,,1,061,061,06,2,6.4,8,1,8,-3.52480417754569,1,United States,US,US,,39.828175,-98.5795,US,1,China,CH,CH,,35.0,105.0,CH,1,China,CH,CH,,35.0,105.0,CH,20181023234500,Engage in material cooperation,Material cooperation
796961975,20171024,201710,CHN,CHINESE,CHN,,,,,,,,USA,UNITED STATES,USA,,,,,,,,1,060,060,06,2,6.0,6,1,6,-3.38164251207729,4,"Beijing, Beijing, China",CH,CH22,13001,39.9289,116.388,-1898541,3,"White House, District of Columbia, United States",US,USDC,,38.8951,-77.0364,531871,4,"Beijing, Beijing, China",CH,CH22,13001,39.9289,116.388,-1898541,20181024000000,Engage in material cooperation,Material cooperation
796963103,20181024,201810,CHN,BEIJING,CHN,,,,,,,,USA,WASHINGTON,USA,,,,,,,,1,012,012,01,1,-0.4,8,1,8,-2.02702702702703,4,"Beijing, Beijing, China",CH,CH22,13001,39.9289,116.388,-1898541,3,"Washington, District of Columbia, United States",US,USDC,DC001,38.8951,-77.0364,531871,3,"Washington, District of Columbia, United States",US,USDC,DC001,38.8951,-77.0364,531871,20181024000000,Make public statement,Verbal cooperation
796963104,20181024,201810,CHN,BEIJING,CHN,,,,,,,,USA,WASHINGTON,USA,,,,,,,,1,110,110,11,3,-2.0,10,1,10,-2.02702702702703,1,Taiwan,TW,TW,,24.0,121.0,TW,1,Taiwan,TW,TW,,24.0,121.0,TW,1,Taiwan,TW,TW,,24.0,121.0,TW,20181024000000,Disapprove,Verbal conflict
796977973,20181024,201810,CHN,CHINA,CHN,,,,,,,,USAMIL,THE US,USA,,,,,MIL,,,1,090,090,09,2,-2.0,10,1,10,-1.64203612479475,4,"Eluanbi, Pingdong Xian, Taiwan",TW,TW18,13277,21.9039,120.852,-2634978,4,"Eluanbi, Pingdong Xian, Taiwan",TW,TW18,13277,21.9039,120.852,-2634978,4,"Eluanbi, Pingdong Xian, Taiwan",TW,TW18,13277,21.9039,120.852,-2634978,20181024004500,Investigate,Material cooperation
796980357,20181024,201810,USAGOV,RICHARD NIXON,USA,,,,,GOV,,,CHN,CHINA,CHN,,,,,,,,1,050,050,05,1,3.5,8,1,8,1.37931034482759,4,"Beijing, Beijing, China",CH,CH22,13001,39.9289,116.388,-1898541,4,"Beijing, Beijing, China",CH,CH22,13001,39.9289,116.388,-1898541,4,"Beijing, Beijing, China",CH,CH22,13001,39.9289,116.388,-1898541,20181024004500,Engage in diplomatic cooperation,Verbal cooperation
796980420,20181024,201810,USAMED,REUTERS,USA,,,,,MED,,,CHN,BEIJING,CHN,,,,,,,,1,051,051,05,1,3.4,6,1,6,-0.77399380804954,4,"Beijing, Beijing, China",CH,CH22,13001,39.9289,116.388,-1898541,4,"Beijing, Beijing, China",CH,CH22,13001,39.9289,116.388,-1898541,4,"Beijing, Beijing, China",CH,CH22,13001,39.9289,116.388,-1898541,20181024004500,Engage in diplomatic cooperation,Verbal cooperation
796980422,20181024,201810,USAMED,REUTERS,USA,,,,,MED,,,CHN,CHINA,CHN,,,,,,,,1,080,080,08,2,5.0,6,1,6,-0.77399380804954,4,"Beijing, Beijing, China",CH,CH22,13001,39.9289,116.388,-1898541,4,"Beijing, Beijing, China",CH,CH22,13001,39.9289,116.388,-1898541,4,"Beijing, Beijing, China",CH,CH22,13001,39.9289,116.388,-1898541,20181024004500,Yield,Material cooperation
796980423,20181024,201810,USAMED,REUTERS,USA,,,,,MED,,,CHN,CHINA,CHN,,,,,,,,1,080,080,08,2,5.0,8,1,8,-0.41666666666667,4,"Pearl River, Guangdong, China",CH,CH30,13044,22.7694,113.622,-1939637,4,"Pearl River, Guangdong, China",CH,CH30,13044,22.7694,113.622,-1939637,4,"Pearl River, Guangdong, China",CH,CH30,13044,22.7694,113.622,-1939637,20181024004500,Yield,Material cooperation
796989352,20181024,201810,CHN,BEIJING,CHN,,,,,,,,USAGOV,RICHARD NIXON,USA,,,,,GOV,,,1,043,043,04,1,2.8,6,1,6,-4.76730987514188,4,"Beijing, Beijing, China",CH,CH22,13001,39.9289,116.388,-1898541,4,"Beijing, Beijing, China",CH,CH22,13001,39.9289,116.388,-1898541,4,"Beijing, Beijing, China",CH,CH22,13001,39.9289,116.388,-1898541,20181024013000,Consult,Verbal cooperation
796990746,20181024,201810,USA,AMERICAN,USA,,,,,,,,CHN,SHENZHEN,CHN,,,,,,,,1,061,061,06,2,6.4,7,1,7,-1.32780082987552,2,"California, United States",US,USCA,,36.17,-119.746,CA,4,"Shenzhen, Guangdong, China",CH,CH30,13036,22.2,111.117,-1925267,2,"California, United States",US,USCA,,36.17,-119.746,CA,20181024013000,Engage in material cooperation,Material cooperation
796990974,20181024,201810,USAGOV,RICHARD NIXON,USA,,,,,GOV,,,CHN,BEIJING,CHN,,,,,,,,1,042,042,04,1,1.9,6,1,6,-4.76730987514188,4,"Beijing, Beijing, China",CH,CH22,13001,39.9289,116.388,-1898541,4,"Beijing, Beijing, China",CH,CH22,13001,39.9289,116.388,-1898541,4,"Beijing, Beijing, China",CH,CH22,13001,39.9289,116.388,-1898541,20181024013000,Consult,Verbal cooperation
796990977,20181024,201810,USAGOV,RICHARD NIXON,USA,,,,,GOV,,,CHN,BEIJING,CHN,,,,,,,,1,051,051,05,1,3.4,6,1,6,-4.76730987514188,4,"Beijing, Beijing, China",CH,CH22,13001,39.9289,116.388,-1898541,4,"Beijing, Beijing, China",CH,CH22,13001,39.9289,116.388,-1898541,4,"Beijing, Beijing, China",CH,CH22,13001,39.9289,116.388,-1898541,20181024013000,Engage in diplomatic cooperation,Verbal cooperation
796994054,20181024,201810,USA,AMERICAN,USA,,,,,,,,CHN,CHINESE,CHN,,,,,,,,1,051,051,05,1,3.4,8,1,8,-2.47747747747747,1,United States,US,US,,39.828175,-98.5795,US,1,United States,US,US,,39.828175,-98.5795,US,1,United States,US,US,,39.828175,-98.5795,US,20181024014500,Engage in diplomatic cooperation,Verbal cooperation
797001676,20171024,201710,USA,NORTH CAROLINA,USA,,,,,,,,CHN,CHINA,CHN,,,,,,,,1,061,061,06,2,6.4,10,1,10,-0.87281795511222,1,Argentina,AR,AR,,-34.0,-64.0,AR,1,Argentina,AR,AR,,-34.0,-64.0,AR,1,Argentina,AR,AR,,-34.0,-64.0,AR,20181024023000,Engage in material cooperation,Material cooperation
797002206,20181024,201810,CHN,CHINA,CHN,,,,,,,,USA,UNITED STATES,USA,,,,,,,,1,012,012,01,1,-0.4,10,1,10,-2.77777777777778,4,"Beijing, Beijing, China",CH,CH22,13001,39.9289,116.388,-1898541,1,United States,US,US,,39.828175,-98.5795,US,1,United States,US,US,,39.828175,-98.5795,US,20181024023000,Make public statement,Verbal cooperation
797002209,20181024,201810,CHN,CHINA,CHN,,,,,,,,USA,UNITED STATES,USA,,,,,,,,1,110,110,11,3,-2.0,10,1,10,-2.77777777777778,4,"Beijing, Beijing, China",CH,CH22,13001,39.9289,116.388,-1898541,4,"Beijing, Beijing, China",CH,CH22,13001,39.9289,116.388,-1898541,4,"Beijing, Beijing, China",CH,CH22,13001,39.9289,116.388,-1898541,20181024023000,Disapprove,Verbal conflict
797013519,20181024,201810,USALEG,AMERICAN,USA,,,,,LEG,,,CHN,CHINESE,CHN,,,,,,,,1,0214,021,02,1,3.4,6,1,6,-2.81124497991968,4,"Beijing, Beijing, China",CH,CH22,13001,39.9289,116.388,-1898541,4,"Beijing, Beijing, China",CH,CH22,13001,39.9289,116.388,-1898541,4,"Beijing, Beijing, China",CH,CH22,13001,39.9289,116.388,-1898541,20181024033000,Appeal,Verbal cooperation
797017278,20181024,201810,CHN,BEIJING,CHN,,,,,,,,USA,WASHINGTON,USA,,,,,,,,1,110,110,11,3,-2.0,8,1,8,-2.06185567010309,1,Taiwan,TW,TW,,24.0,121.0,TW,4,"Beijing, Beijing, China",CH,CH22,13001,39.9289,116.388,-1898541,1,Taiwan,TW,TW,,24.0,121.0,TW,20181024040000,Disapprove,Verbal conflict
797018519,20181024,201810,USA,UNITED STATES,USA,,,,,,,,CHN,CHINA,CHN,,,,,,,,1,020,020,02,1,3.0,10,1,10,-2.05761316872428,4,"Brussels, Bruxelles-Capitale, Belgium",BE,BE11,5850,50.8333,4.33333,-1955538,4,"Brussels, Bruxelles-Capitale, Belgium",BE,BE11,5850,50.8333,4.33333,-1955538,4,"Brussels, Bruxelles-Capitale, Belgium",BE,BE11,5850,50.8333,4.33333,-1955538,20181024040000,Appeal,Verbal cooperation
797020673,20181024,201810,USA,THE US,USA,,,,,,,,CHN,CHINA,CHN,,,,,,,,1,012,012,01,1,-0.4,8,1,8,-0.25706940874036,4,"Beijing, Beijing, China",CH,CH22,13001,39.9289,116.388,-1898541,4,"Beijing, Beijing, China",CH,CH22,13001,39.9289,116.388,-1898541,4,"Beijing, Beijing, China",CH,CH22,13001,39.9289,116.388,-1898541,20181024041500,Make public statement,Verbal cooperation
797021857,20181024,201810,CHN,CHINA,CHN,,,,,,,,USA,THE US,USA,,,,,,,,1,020,020,02,1,3.0,10,1,10,-0.8595988538682,1,China,CH,CH,,35.0,105.0,CH,1,China,CH,CH,,35.0,105.0,CH,1,China,CH,CH,,35.0,105.0,CH,20181024043000,Appeal,Verbal cooperation
797023016,20181024,201810,USA,AMERICAN,USA,,,,,,,,CHN,CHINA,CHN,,,,,,,,1,061,061,06,2,6.4,10,1,10,-0.82474226804124,1,China,CH,CH,,35.0,105.0,CH,1,China,CH,CH,,35.0,105.0,CH,1,China,CH,CH,,35.0,105.0,CH,20181024043000,Engage in material cooperation,Material cooperation
797026856,20181024,201810,CHN,CHINA,CHN,,,,,,,,USA,UNITED STATES,USA,,,,,,,,1,112,112,11,3,-2.0,16,2,16,-10.4541039339485,3,"Rockingham County, New Hampshire, United States",US,USNH,NH015,42.9668,-71.0995,873181,3,"Rockingham County, New Hampshire, United States",US,USNH,,42.9668,-71.0995,873181,3,"Rockingham County, New Hampshire, United States",US,USNH,,42.9668,-71.0995,873181,20181024050000,Disapprove,Verbal conflict
797029168,20181024,201810,CHNGOV,CHINESE,CHN,,,,,GOV,,,USA,UNITED STATES,USA,,,,,,,,1,012,012,01,1,-0.4,6,1,6,-1.86915887850467,4,"Beijing, Beijing, China",CH,CH22,13001,39.9289,116.388,-1898541,3,"Washington, District of Columbia, United States",US,USDC,DC001,38.8951,-77.0364,531871,4,"Beijing, Beijing, China",CH,CH22,13001,39.9289,116.388,-1898541,20181024051500,Make public statement,Verbal cooperation
797029169,20181024,201810,CHNGOV,CHINESE,CHN,,,,,GOV,,,USA,UNITED STATES,USA,,,,,,,,1,040,040,04,1,1.0,6,1,6,-1.86915887850467,4,"Beijing, Beijing, China",CH,CH22,13001,39.9289,116.388,-1898541,1,Taiwan,TW,TW,,24.0,121.0,TW,1,Taiwan,TW,TW,,24.0,121.0,TW,20181024051500,Consult,Verbal cooperation
797030073,20181024,201810,USA,UNITED STATES,USA,,,,,,,,CHNGOV,CHINESE,CHN,,,,,GOV,,,1,040,040,04,1,1.0,6,1,6,-1.86915887850467,3,"Washington, District of Columbia, United States",US,USDC,DC001,38.8951,-77.0364,531871,4,"Beijing, Beijing, China",CH,CH22,13001,39.9289,116.388,-1898541,4,"Beijing, Beijing, China",CH,CH22,13001,39.9289,116.388,-1898541,20181024051500,Consult,Verbal cooperation
797030231,20181024,201810,USAMED,REUTERS,USA,,,,,MED,,,CHN,CHINA,CHN,,,,,,,,1,120,120,12,3,-4.0,6,1,6,0.0,4,"Tongyi, Yunnan, China",CH,CH29,13310,24.2002,102.061,10279087,4,"Tongyi, Yunnan, China",CH,CH29,13310,24.2002,102.061,10279087,4,"Tongyi, Yunnan, China",CH,CH29,13310,24.2002,102.061,10279087,20181024051500,Reject,Verbal conflict
797031031,20171024,201710,MNCUSAMED,QUALCOMM,USA,,,,,MNC,MED,,MNCCHNMED,CHINA MOBILE,CHN,,,,,MNC,MED,,1,111,111,11,3,-2.0,8,1,8,1.85185185185185,1,South Korea,KS,KS,,37.0,127.5,KS,1,South Korea,KS,KS,,37.0,127.5,KS,1,South Korea,KS,KS,,37.0,127.5,KS,20181024053000,Disapprove,Verbal conflict
797031530,20181024,201810,CHN,CHINESE,CHN,,,,,,,,USA,UNITED STATES OF AMERICA,USA,,,,,,,,1,043,043,04,1,2.8,10,1,10,-3.11004784688996,1,China,CH,CH,,35.0,105.0,CH,1,United States,US,US,,39.828175,-98.5795,US,1,United States,US,US,,39.828175,-98.5795,US,20181024053000,Consult,Verbal cooperation
797031531,20181024,201810,CHN,CHINESE,CHN,,,,,,,,USA,UNITED STATES OF AMERICA,USA,,,,,,,,1,110,110,11,3,-2.0,10,1,10,-3.11004784688996,1,United States,US,US,,39.828175,-98.5795,US,1,United States,US,US,,39.828175,-98.5795,US,1,United States,US,US,,39.828175,-98.5795,US,20181024053000,Disapprove,Verbal conflict
797032754,20181024,201810,USA,UNITED STATES OF AMERICA,USA,,,,,,,,CHN,CHINESE,CHN,,,,,,,,1,042,042,04,1,1.9,10,1,10,-3.11004784688996,1,United States,US,US,,39.828175,-98.5795,US,1,China,CH,CH,,35.0,105.0,CH,1,United States,US,US,,39.828175,-98.5795,US,20181024053000,Consult,Verbal cooperation
797032755,20181024,201810,USA,AMERICAN,USA,,,,,,,,CHN,CHINA,CHN,,,,,,,,1,061,061,06,2,6.4,10,1,10,0.51546391752577,1,United States,US,US,,39.828175,-98.5795,US,1,China,CH,CH,,35.0,105.0,CH,1,China,CH,CH,,35.0,105.0,CH,20181024053000,Engage in material cooperation,Material cooperation
797034166,20181024,201810,CHN,CHINA,CHN,,,,,,,,USA,UNITED STATES,USA,,,,,,,,1,061,061,06,2,6.4,10,1,10,-2.57913247362251,4,"Beijing, Beijing, China",CH,CH22,13001,39.9289,116.388,-1898541,4,"Beijing, Beijing, China",CH,CH22,13001,39.9289,116.388,-1898541,4,"Beijing, Beijing, China",CH,CH22,13001,39.9289,116.388,-1898541,20181024054500,Engage in material cooperation,Material cooperation
797037901,20181024,201810,USA,WASHINGTON,USA,,,,,,,,CHN,BEIJING,CHN,,,,,,,,1,012,012,01,1,-0.4,6,1,6,-2.44648318042813,4,"Beijing, Beijing, China",CH,CH22,13001,39.9289,116.388,-1898541,4,"Beijing, Beijing, China",CH,CH22,13001,39.9289,116.388,-1898541,3,"Washington, District of Columbia, United States",US,USDC,DC001,38.8951,-77.0364,531871,20181024060000,Make public statement,Verbal cooperation
797044455,20180924,201809,CHNMIL,CHINESE,CHN,,,,,MIL,,,USAMIL,A US,USA,,,,,MIL,,,1,040,040,04,1,1.0,6,1,6,0.42194092827004,1,China,CH,CH,,35.0,105.0,CH,1,China,CH,CH,,35.0,105.0,CH,1,China,CH,CH,,35.0,105.0,CH,20181024064500,Consult,Verbal cooperation
797044459,20180924,201809,USAMIL,A US,USA,,,,,MIL,,,CHNMIL,CHINESE,CHN,,,,,MIL,,,1,040,040,04,1,1.0,6,1,6,0.42194092827004,1,China,CH,CH,,35.0,105.0,CH,1,China,CH,CH,,35.0,105.0,CH,1,China,CH,CH,,35.0,105.0,CH,20181024064500,Consult,Verbal cooperation
797048284,20181024,201810,MNCUSA,APPLE INC,USA,,,,,MNC,,,CHNSPY,CHINESE,CHN,,,,,SPY,,,1,016,016,01,1,-2.0,6,1,6,1.03734439834025,2,"California, United States",US,USCA,,36.17,-119.746,CA,2,"California, United States",US,USCA,,36.17,-119.746,CA,2,"California, United States",US,USCA,,36.17,-119.746,CA,20181024070000,Make public statement,Verbal cooperation
797049992,20181024,201810,CHN,CHINA,CHN,,,,,,,,USABUS,UNITED STATES,USA,,,,,BUS,,,1,060,060,06,2,6.0,10,1,10,-1.4018691588785,4,"Sussex, New Brunswick, Canada",CA,CA04,12601,45.7167,-65.5167,-574388,4,"Sussex, New Brunswick, Canada",CA,CA04,12601,45.7167,-65.5167,-574388,4,"Sussex, New Brunswick, Canada",CA,CA04,12601,45.7167,-65.5167,-574388,20181024071500,Engage in material cooperation,Material cooperation
797049993,20181024,201810,CHN,CHINA,CHN,,,,,,,,USABUS,UNITED STATES,USA,,,,,BUS,,,1,060,060,06,2,6.0,8,1,8,-2.58899676375404,1,China,CH,CH,,35.0,105.0,CH,3,"Washington, District of Columbia, United States",US,USDC,DC001,38.8951,-77.0364,531871,1,China,CH,CH,,35.0,105.0,CH,20181024071500,Engage in material cooperation,Material cooperation
797079397,20181024,201810,USAMED,REUTERS,USA,,,,,MED,,,CHNBUS,CHINESE,CHN,,,,,BUS,,,1,0331,033,03,1,5.2,6,1,6,-1.85950413223141,4,"Hainan, Hainan, China",CH,CH31,13072,18.9394,109.484,6025157,4,"Hainan, Hainan, China",CH,CH31,13072,18.9394,109.484,6025157,4,"Hainan, Hainan, China",CH,CH31,13072,18.9394,109.484,6025157,20181024094500,Express intent to cooperate,Verbal cooperation
797088137,20181024,201810,CHN,CHINA,CHN,,,,,,,,USA,MICHIGAN,USA,,,,,,,,1,036,036,03,1,4.0,10,1,10,-1.71821305841924,4,"Beijing, Beijing, China",CH,CH22,13001,39.9289,116.388,-1898541,4,"Beijing, Beijing, China",CH,CH22,13001,39.9289,116.388,-1898541,4,"Beijing, Beijing, China",CH,CH22,13001,39.9289,116.388,-1898541,20181024103000,Express intent to cooperate,Verbal cooperation
797088138,20181024,201810,CHN,CHINA,CHN,,,,,,,,USA,MICHIGAN,USA,,,,,,,,1,036,036,03,1,4.0,10,1,10,-1.90114068441064,1,China,CH,CH,,35.0,105.0,CH,1,China,CH,CH,,35.0,105.0,CH,1,China,CH,CH,,35.0,105.0,CH,20181024103000,Express intent to cooperate,Verbal cooperation
797092605,20181024,201810,USA,JACKSONVILLE,USA,,,,,,,,CHN,TIANJIN,CHN,,,,,,,,1,051,051,05,1,3.4,10,1,10,3.65853658536585,4,"Tianjin, Tianjin, China",CH,CH28,13279,39.1422,117.177,-1928564,4,"Tianjin, Tianjin, China",CH,CH28,13279,39.1422,117.177,-1928564,4,"Tianjin, Tianjin, China",CH,CH28,13279,39.1422,117.177,-1928564,20181024104500,Engage in diplomatic cooperation,Verbal cooperation
797096147,20181024,201810,USA,UNITED STATES,USA,,,,,,,,CHN,CHINA,CHN,,,,,,,,1,061,061,06,2,6.4,6,1,6,-2.94117647058824,4,"King Island, Tasmania, Australia",AS,AS06,5342,-39.89,144.05,-1581748,4,"King Island, Tasmania, Australia",AS,AS06,5342,-39.89,144.05,-1581748,4,"King Island, Tasmania, Australia",AS,AS06,5342,-39.89,144.05,-1581748,20181024110000,Engage in material cooperation,Material cooperation
797098077,20181024,201810,CHN,CHINA,CHN,,,,,,,,USABUS,UNITED STATES,USA,,,,,BUS,,,1,060,060,06,2,6.0,10,1,10,0.58309037900875,3,"Los Angeles, California, United States",US,USCA,CA037,34.0522,-118.244,1662328,3,"Los Angeles, California, United States",US,USCA,,34.0522,-118.244,1662328,3,"Los Angeles, California, United States",US,USCA,,34.0522,-118.244,1662328,20181024111500,Engage in material cooperation,Material cooperation
797099852,20181024,201810,USA,THE US,USA,,,,,,,,CHN,CHINA,CHN,,,,,,,,1,0874,087,08,2,10.0,6,1,6,-2.7536231884058,4,"Beijing, Beijing, China",CH,CH22,13001,39.9289,116.388,-1898541,4,"Beijing, Beijing, China",CH,CH22,13001,39.9289,116.388,-1898541,3,"Washington, District of Columbia, United States",US,USDC,DC001,38.8951,-77.0364,531871,20181024111500,Yield,Material cooperation
797109063,20181024,201810,CHN,CHINA,CHN,,,,,,,,USA,UNITED STATES,USA,,,,,,,,1,110,110,11,3,-2.0,10,1,10,-0.24752475247525,4,"Taipei, T'ai-pei, Taiwan",TW,TW03,13277,25.0478,121.532,-2637882,4,"Taipei, T'ai-pei, Taiwan",TW,TW03,13277,25.0478,121.532,-2637882,4,"Taipei, T'ai-pei, Taiwan",TW,TW03,13277,25.0478,121.532,-2637882,20181024120000,Disapprove,Verbal conflict
797109064,20181024,201810,CHN,CHINESE,CHN,,,,,,,,USAGOV,US OFFICIAL,USA,,,,,GOV,,,1,112,112,11,3,-2.0,10,1,10,-9.46745562130182,1,United States,US,US,,39.828175,-98.5795,US,4,"Beijing, Beijing, China",CH,CH22,13001,39.9289,116.388,-1898541,4,"Beijing, Beijing, China",CH,CH22,13001,39.9289,116.388,-1898541,20181024120000,Disapprove,Verbal conflict
797110758,20181024,201810,USA,NEW YORK,USA,,,,,,,,CHN,CHINESE,CHN,,,,,,,,1,090,090,09,2,-2.0,8,1,8,-4.33734939759037,2,"New York, United States",US,USNY,,42.1497,-74.9384,NY,4,"Beijing, Beijing, China",CH,CH22,13001,39.9289,116.388,-1898541,4,"Beijing, Beijing, China",CH,CH22,13001,39.9289,116.388,-1898541,20181024120000,Investigate,Material cooperation
797116439,20181024,201810,CHN,BEIJING,CHN,,,,,,,,USA,THE US,USA,,,,,,,,1,043,043,04,1,2.8,10,1,10,-1.43472022955523,4,"Beijing, Beijing, China",CH,CH22,13001,39.9289,116.388,-1898541,4,"Beijing, Beijing, China",CH,CH22,13001,39.9289,116.388,-1898541,4,"Beijing, Beijing, China",CH,CH22,13001,39.9289,116.388,-1898541,20181024123000,Consult,Verbal cooperation
797118007,20181024,201810,USA,THE US,USA,,,,,,,,CHN,BEIJING,CHN,,,,,,,,1,042,042,04,1,1.9,10,1,10,-1.43472022955523,4,"Beijing, Beijing, China",CH,CH22,13001,39.9289,116.388,-1898541,4,"Beijing, Beijing, China",CH,CH22,13001,39.9289,116.388,-1898541,4,"Beijing, Beijing, China",CH,CH22,13001,39.9289,116.388,-1898541,20181024123000,Consult,Verbal cooperation
797123246,20181024,201810,CHN,CHINA,CHN,,,,,,,,USA,THE US,USA,,,,,,,,1,040,040,04,1,1.0,10,1,10,-1.15303983228512,4,"Xinjiang, Jiangxi, China",CH,CH03,13167,27.7481,116.274,11065838,4,"Xinjiang, Jiangxi, China",CH,CH03,13167,27.7481,116.274,11065838,4,"Xinjiang, Jiangxi, China",CH,CH03,13167,27.7481,116.274,11065838,20181024130000,Consult,Verbal cooperation
797124672,20181024,201810,USA,UNITED STATES,USA,,,,,,,,CHN,CHINA,CHN,,,,,,,,1,100,100,10,3,-5.0,10,1,10,-2.68456375838926,1,China,CH,CH,,35.0,105.0,CH,1,China,CH,CH,,35.0,105.0,CH,1,China,CH,CH,,35.0,105.0,CH,20181024130000,Demand,Verbal conflict
797130361,20181024,201810,CHN,CHONGQING,CHN,,,,,,,,USA,CALIFORNIA,USA,,,,,,,,1,043,043,04,1,2.8,6,1,6,-9.28433268858797,4,"Chongqing, Chongqing, China",CH,CH33,13004,29.5628,106.553,-1900774,2,"California, United States",US,USCA,,36.17,-119.746,CA,4,"Chongqing, Chongqing, China",CH,CH33,13004,29.5628,106.553,-1900774,20181024133000,Consult,Verbal cooperation
797131779,20181024,201810,USA,CALIFORNIA,USA,,,,,,,,CHN,CHONGQING,CHN,,,,,,,,1,042,042,04,1,1.9,10,1,10,-9.28433268858797,4,"Chongqing, Chongqing, China",CH,CH33,13004,29.5628,106.553,-1900774,4,"Chongqing, Chongqing, China",CH,CH33,13004,29.5628,106.553,-1900774,4,"Chongqing, Chongqing, China",CH,CH33,13004,29.5628,106.553,-1900774,20181024133000,Consult,Verbal cooperation
797147329,20181024,201810,CHN,CHINESE,CHN,,,,,,,,MNCUSA,BOEING,USA,,,,,MNC,,,1,020,020,02,1,3.0,10,1,10,-1.43369175627241,1,China,CH,CH,,35.0,105.0,CH,1,China,CH,CH,,35.0,105.0,CH,1,China,CH,CH,,35.0,105.0,CH,20181024144500,Appeal,Verbal cooperation
797147333,20181024,201810,CHN,CHINESE,CHN,,,,,,,,USA,UNITED STATES,USA,,,,,,,,1,061,061,06,2,6.4,6,1,6,-1.09375,4,"Changde, Hunan, China",CH,CH11,13138,29.1674,111.708,11319183,4,"Changde, Hunan, China",CH,CH11,13138,29.1674,111.708,11319183,4,"Changde, Hunan, China",CH,CH11,13138,29.1674,111.708,11319183,20181024144500,Engage in material cooperation,Material cooperation
797152552,20181024,201810,USA,HOUSTON,USA,,,,,,,,CHN,CHINA,CHN,,,,,,,,1,036,036,03,1,4.0,8,1,8,-0.229885057471264,1,China,CH,CH,,35.0,105.0,CH,3,"Rice University, Texas, United States",US,USTX,,29.7173,-95.4027,1345164,3,"Rice University, Texas, United States",US,USTX,,29.7173,-95.4027,1345164,20181024150000,Express intent to cooperate,Verbal cooperation
797174113,20181024,201810,USA,UNITED STATES,USA,,,,,,,,CHN,CHINA,CHN,,,,,,,,1,061,061,06,2,6.4,6,1,6,0.0,1,United States,US,US,,39.828175,-98.5795,US,4,"Jingdong, Guangdong, China",CH,CH30,13034,22.2937,112.701,11289149,1,United States,US,US,,39.828175,-98.5795,US,20181024163000,Engage in material cooperation,Material cooperation
797174114,20181024,201810,USA,UNITED STATES,USA,,,,,,,,CHN,CHINA,CHN,,,,,,,,1,075,075,07,2,7.0,10,1,10,4.16666666666667,4,"Guangdong, Jilin, China",CH,CH05,13176,42.7683,129.336,10884162,4,"Guangdong, Jilin, China",CH,CH05,13176,42.7683,129.336,10884162,4,"Guangdong, Jilin, China",CH,CH05,13176,42.7683,129.336,10884162,20181024163000,Provide aid,Material cooperation
797174115,20181024,201810,USA,THE US,USA,,,,,,,,CHN,CHINA,CHN,,,,,,,,1,100,100,10,3,-5.0,10,1,10,0.2808988764045,1,South Africa,SF,SF,,-30.0,26.0,SF,1,South Africa,SF,SF,,-30.0,26.0,SF,1,South Africa,SF,SF,,-30.0,26.0,SF,20181024163000,Demand,Verbal conflict
797176157,20181024,201810,CHN,CHINA,CHN,,,,,,,,USAASM,SAMOAN,USA,,,,,,,,1,040,040,04,1,1.0,6,1,6,-2.16606498194946,4,"Nanking, Jiangsu, China",CH,CH04,13144,32.0617,118.778,-1919548,3,"Washington, District of Columbia, United States",US,USDC,DC001,38.8951,-77.0364,531871,4,"Nanking, Jiangsu, China",CH,CH04,13144,32.0617,118.778,-1919548,20181024164500,Consult,Verbal cooperation
797176158,20181024,201810,CHN,CHINA,CHN,,,,,,,,USAASM,SAMOAN,USA,,,,,,,,1,043,043,04,1,2.8,8,1,8,-2.16606498194946,4,"Nanking, Jiangsu, China",CH,CH04,13144,32.0617,118.778,-1919548,3,"Washington, District of Columbia, United States",US,USDC,DC001,38.8951,-77.0364,531871,4,"Nanking, Jiangsu, China",CH,CH04,13144,32.0617,118.778,-1919548,20181024164500,Consult,Verbal cooperation
797177638,20181024,201810,USAASM,SAMOAN,USA,,,,,,,,CHN,CHINA,CHN,,,,,,,,1,040,040,04,1,1.0,6,1,6,-2.16606498194946,3,"Washington, District of Columbia, United States",US,USDC,DC001,38.8951,-77.0364,531871,4,"Nanking, Jiangsu, China",CH,CH04,13144,32.0617,118.778,-1919548,4,"Nanking, Jiangsu, China",CH,CH04,13144,32.0617,118.778,-1919548,20181024164500,Consult,Verbal cooperation
797177639,20181024,201810,USAASM,SAMOAN,USA,,,,,,,,CHN,CHINA,CHN,,,,,,,,1,042,042,04,1,1.9,8,1,8,-2.16606498194946,3,"Washington, District of Columbia, United States",US,USDC,DC001,38.8951,-77.0364,531871,3,"Washington, District of Columbia, United States",US,USDC,DC001,38.8951,-77.0364,531871,3,"Washington, District of Columbia, United States",US,USDC,DC001,38.8951,-77.0364,531871,20181024164500,Consult,Verbal cooperation
797187380,20181024,201810,USA,OKLAHOMA,USA,,,,,,,,CHN,CANTON,CHN,,,,,,,,1,020,020,02,1,3.0,10,1,10,-3.96825396825397,3,"Tulsa, Oklahoma, United States",US,USOK,OK143,36.154,-95.9928,1100962,3,"Tulsa, Oklahoma, United States",US,USOK,OK143,36.154,-95.9928,1100962,3,"Tulsa, Oklahoma, United States",US,USOK,OK143,36.154,-95.9928,1100962,20181024173000,Appeal,Verbal cooperation
797200158,20181024,201810,CHN,CHINA,CHN,,,,,,,,USA,UNITED STATES,USA,,,,,,,,1,110,110,11,3,-2.0,8,1,8,-0.84175084175084,4,"Beijing, Beijing, China",CH,CH22,13001,39.9289,116.388,-1898541,3,"Washington, District of Columbia, United States",US,USDC,DC001,38.8951,-77.0364,531871,4,"Beijing, Beijing, China",CH,CH22,13001,39.9289,116.388,-1898541,20181024183000,Disapprove,Verbal conflict
797209180,20171024,201710,USAAGR,AMERICAN,USA,,,,,AGR,,,CHN,CHINA,CHN,,,,,,,,1,060,060,06,2,6.0,6,1,6,-4.93827160493827,2,"Louisiana, United States",US,USLA,,31.1801,-91.8749,LA,4,"Beijing, Beijing, China",CH,CH22,13001,39.9289,116.388,-1898541,2,"Louisiana, United States",US,USLA,,31.1801,-91.8749,LA,20181024191500,Engage in material cooperation,Material cooperation
797209625,20181024,201810,CHN,BEIJING,CHN,,,,,,,,USA,AMERICAN,USA,,,,,,,,1,172,172,17,4,-5.0,10,1,10,-4.93827160493827,4,"Beijing, Beijing, China",CH,CH22,13001,39.9289,116.388,-1898541,4,"Beijing, Beijing, China",CH,CH22,13001,39.9289,116.388,-1898541,4,"Beijing, Beijing, China",CH,CH22,13001,39.9289,116.388,-1898541,20181024191500,Coerce,Material conflict
797214015,20181024,201810,USA,ALASKA,USA,,,,,,,,CHN,CHINA,CHN,,,,,,,,1,040,040,04,1,1.0,8,1,8,1.68067226890756,5,"Heilongjiang, Heilongjiang, China",CH,CH08,13097,48.0,128.0,-1908709,5,"Heilongjiang, Heilongjiang, China",CH,CH08,13097,48.0,128.0,-1908709,5,"Heilongjiang, Heilongjiang, China",CH,CH08,13097,48.0,128.0,-1908709,20181024193000,Consult,Verbal cooperation
797215724,20181024,201810,CHN,CHINA,CHN,,,,,,,,USA,THE US,USA,,,,,,,,1,018,018,01,1,3.4,10,1,10,-2.54452926208651,1,China,CH,CH,,35.0,105.0,CH,1,China,CH,CH,,35.0,105.0,CH,1,China,CH,CH,,35.0,105.0,CH,20181024194500,Make public statement,Verbal cooperation
797217022,20181024,201810,USA,THE US,USA,,,,,,,,CHN,CHINA,CHN,,,,,,,,1,018,018,01,1,3.4,10,1,10,-2.54452926208651,1,China,CH,CH,,35.0,105.0,CH,1,China,CH,CH,,35.0,105.0,CH,1,China,CH,CH,,35.0,105.0,CH,20181024194500,Make public statement,Verbal cooperation
797218363,20180924,201809,CHN,CHINA,CHN,,,,,,,,USAGOV,US OFFICIAL,USA,,,,,GOV,,,1,043,043,04,1,2.8,10,1,10,-1.20481927710843,4,"Shanghai, Shanghai, China",CH,CH23,13243,31.2222,121.458,-1924465,4,"Shanghai, Shanghai, China",CH,CH23,13243,31.2222,121.458,-1924465,4,"Shanghai, Shanghai, China",CH,CH23,13243,31.2222,121.458,-1924465,20181024200000,Consult,Verbal cooperation
797218800,20181024,201810,CHN,CHINA,CHN,,,,,,,,USA,UNITED STATES,USA,,,,,,,,1,036,036,03,1,4.0,8,1,8,-1.40350877192983,4,"Peking, Beijing, China",CH,CH22,13001,39.9289,116.388,-1898541,1,United States,US,US,,39.828175,-98.5795,US,1,United States,US,US,,39.828175,-98.5795,US,20181024200000,Express intent to cooperate,Verbal cooperation
797220084,20181024,201810,USA,THE US,USA,,,,,,,,CHN,CHINA,CHN,,,,,,,,1,111,111,11,3,-2.0,10,1,10,-1.65631469979296,1,Taiwan,TW,TW,,24.0,121.0,TW,1,Taiwan,TW,TW,,24.0,121.0,TW,1,Taiwan,TW,TW,,24.0,121.0,TW,20181024200000,Disapprove,Verbal conflict
797223206,20181024,201810,USA,UNITED STATES,USA,,,,,,,,CHN,CHINA,CHN,,,,,,,,1,012,012,01,1,-0.4,10,1,10,1.61943319838056,1,United States,US,US,,39.828175,-98.5795,US,1,China,CH,CH,,35.0,105.0,CH,1,China,CH,CH,,35.0,105.0,CH,20181024201500,Make public statement,Verbal cooperation
797223209,20181024,201810,USA,UNITED STATES,USA,,,,,,,,CHN,CHINA,CHN,,,,,,,,1,061,061,06,2,6.4,10,1,10,1.86335403726708,1,Japan,JA,JA,,36.0,138.0,JA,1,Japan,JA,JA,,36.0,138.0,JA,1,Japan,JA,JA,,36.0,138.0,JA,20181024201500,Engage in material cooperation,Material cooperation
797223210,20181024,201810,USA,UNITED STATES,USA,,,,,,,,CHN,CHINA,CHN,,,,,,,,1,193,193,19,4,-10.0,10,1,10,1.61943319838056,1,United States,US,US,,39.828175,-98.5795,US,1,China,CH,CH,,35.0,105.0,CH,1,United States,US,US,,39.828175,-98.5795,US,20181024201500,Fight,Material conflict
797228473,20181024,201810,USA,THE US,USA,,,,,,,,CHN,ZHUHAI,CHN,,,,,,,,1,080,080,08,2,5.0,10,1,10,-2.09003215434084,1,Hong Kong,HK,HK,,22.25,114.166667,HK,1,Hong Kong,HK,HK,,22.25,114.166667,HK,1,Hong Kong,HK,HK,,22.25,114.166667,HK,20181024204500,Yield,Material cooperation
797229623,20180924,201809,CHN,CHINA,CHN,,,,,,,,USA,UNITED STATES,USA,,,,,,,,1,080,080,08,2,5.0,10,1,10,-4.75,4,"Beijing, Beijing, China",CH,CH22,13001,39.9289,116.388,-1898541,2,"New York, United States",US,USNY,,42.1497,-74.9384,NY,4,"Tehran, Tehran, Iran",IR,IR26,41130,35.75,51.5148,10074674,20181024210000,Yield,Material cooperation
797236595,20181024,201810,USAGOV,OBAMA,USA,,,,,GOV,,,CHN,CHINA,CHN,,,,,,,,1,060,060,06,2,6.0,6,1,6,-0.63291139240507,4,"Berlin, Berlin, Germany",GM,GM16,16538,52.5167,13.4,-1746443,4,"Berlin, Berlin, Germany",GM,GM16,16538,52.5167,13.4,-1746443,4,"Berlin, Berlin, Germany",GM,GM16,16538,52.5167,13.4,-1746443,20181024213000,Engage in material cooperation,Material cooperation
797243130,20181024,201810,CHN,CHINESE,CHN,,,,,,,,USAMIL,AMERICAN,USA,,,,,MIL,,,1,111,111,11,3,-2.0,6,1,6,-1.29032258064516,1,China,CH,CH,,35.0,105.0,CH,3,"Washington, District of Columbia, United States",US,USDC,DC001,38.8951,-77.0364,531871,3,"Washington, District of Columbia, United States",US,USDC,DC001,38.8951,-77.0364,531871,20181024221500,Disapprove,Verbal conflict
797245562,20181024,201810,CHN,BEIJING,CHN,,,,,,,,USA,UNITED STATES,USA,,,,,,,,1,012,012,01,1,-0.4,7,1,7,-0.95693779904306,4,"Beijing, Beijing, China",CH,CH22,13001,39.9289,116.388,-1898541,1,United States,US,US,,39.828175,-98.5795,US,4,"Beijing, Beijing, China",CH,CH22,13001,39.9289,116.388,-1898541,20181024223000,Make public statement,Verbal cooperation
797249935,20181024,201810,USABUS,VIRGINIA,USA,,,,,BUS,,,CHN,CHINA,CHN,,,,,,,,1,061,061,06,2,6.4,8,1,8,-2.55754475703325,3,"Boston, Massachusetts, United States",US,USMA,MA025,42.3584,-71.0598,617565,3,"Boston, Massachusetts, United States",US,USMA,MA025,42.3584,-71.0598,617565,3,"Boston, Massachusetts, United States",US,USMA,MA025,42.3584,-71.0598,617565,20181024224500,Engage in material cooperation,Material cooperation
797252120,20181024,201810,USA,AMERICAN,USA,,,,,,,,CHN,CHINA,CHN,,,,,,,,1,090,090,09,2,-2.0,8,1,8,1.16279069767442,3,"White House, District of Columbia, United States",US,USDC,,38.8951,-77.0364,531871,1,China,CH,CH,,35.0,105.0,CH,3,"White House, District of Columbia, United States",US,USDC,,38.8951,-77.0364,531871,20181024230000,Investigate,Material cooperation
797259087,20181024,201810,USA,THE US,USA,,,,,,,,CHN,CHINESE,CHN,,,,,,,,1,090,090,09,2,-2.0,6,1,6,-3.67892976588628,1,United States,US,US,,39.828175,-98.5795,US,4,"Beijing, Beijing, China",CH,CH22,13001,39.9289,116.388,-1898541,4,"Beijing, Beijing, China",CH,CH22,13001,39.9289,116.388,-1898541,20181024234500,Investigate,Material cooperation
797261084,20181025,201810,CHN,CHINESE,CHN,,,,,,,,MNCUSA,BOEING,USA,,,,,MNC,,,1,020,020,02,1,3.0,10,1,10,-1.40350877192983,1,China,CH,CH,,35.0,105.0,CH,1,China,CH,CH,,35.0,105.0,CH,1,China,CH,CH,,35.0,105.0,CH,20181025000000,Appeal,Verbal cooperation
797261085,20181025,201810,CHN,CHINA,CHN,,,,,,,,MNCUSA,EXXON MOBIL,USA,,,,,MNC,,,1,043,043,04,1,2.8,9,1,9,0.0,4,"Zhoushan, Zhejiang, China",CH,CH02,13329,27.7228,120.163,10045436,1,Saudi Arabia,SA,SA,,25.0,45.0,SA,4,"Zhoushan, Zhejiang, China",CH,CH02,13329,27.7228,120.163,10045436,20181025000000,Consult,Verbal cooperation
797262985,20181025,201810,MNCUSA,EXXON MOBIL,USA,,,,,MNC,,,CHN,CHINA,CHN,,,,,,,,1,042,042,04,1,1.9,9,1,9,0.0,4,"Beijing, Beijing, China",CH,CH22,13001,39.9289,116.388,-1898541,4,"Beijing, Beijing, China",CH,CH22,13001,39.9289,116.388,-1898541,4,"Beijing, Beijing, China",CH,CH22,13001,39.9289,116.388,-1898541,20181025000000,Consult,Verbal cooperation
797270558,20181025,201810,CHNGOV,CHINESE,CHN,,,,,GOV,,,USAMED,REUTERS,USA,,,,,MED,,,1,042,042,04,1,1.9,6,1,6,0.0,4,"Beijing, Beijing, China",CH,CH22,13001,39.9289,116.388,-1898541,4,"Beijing, Beijing, China",CH,CH22,13001,39.9289,116.388,-1898541,4,"Beijing, Beijing, China",CH,CH22,13001,39.9289,116.388,-1898541,20181025003000,Consult,Verbal cooperation
797272907,20181025,201810,USA,THE US,USA,,,,,,,,CHN,CHINA,CHN,,,,,,,,1,035,035,03,1,7.0,10,1,10,2.94117647058824,4,"Ibadan, Oyo, Nigeria",NI,NI32,191242,7.38778,3.89639,-2010458,4,"Ibadan, Oyo, Nigeria",NI,NI32,191242,7.38778,3.89639,-2010458,4,"Ibadan, Oyo, Nigeria",NI,NI32,191242,7.38778,3.89639,-2010458,20181025003000,Express intent to cooperate,Verbal cooperation
797273293,20181025,201810,USAMED,REUTERS,USA,,,,,MED,,,CHNGOV,CHINESE,CHN,,,,,GOV,,,1,043,043,04,1,2.8,6,1,6,0.0,4,"Beijing, Beijing, China",CH,CH22,13001,39.9289,116.388,-1898541,4,"Beijing, Beijing, China",CH,CH22,13001,39.9289,116.388,-1898541,4,"Beijing, Beijing, China",CH,CH22,13001,39.9289,116.388,-1898541,20181025003000,Consult,Verbal cooperation
797277093,20181025,201810,USAGOV,US OFFICIAL,USA,,,,,GOV,,,CHN,CHINA,CHN,,,,,,,,1,012,012,01,1,-0.4,10,1,10,-1.88172043010753,1,China,CH,CH,,35.0,105.0,CH,1,China,CH,CH,,35.0,105.0,CH,1,China,CH,CH,,35.0,105.0,CH,20181025004500,Make public statement,Verbal cooperation
797278206,20180925,201809,CHNMIL,CHINESE,CHN,,,,,MIL,,,USAMIL,A US,USA,,,,,MIL,,,1,040,040,04,1,1.0,6,1,6,0.59880239520958,1,China,CH,CH,,35.0,105.0,CH,1,China,CH,CH,,35.0,105.0,CH,1,China,CH,CH,,35.0,105.0,CH,20181025010000,Consult,Verbal cooperation
797278231,20180925,201809,USAMIL,A US,USA,,,,,MIL,,,CHNMIL,CHINESE,CHN,,,,,MIL,,,1,040,040,04,1,1.0,6,1,6,0.59880239520958,1,China,CH,CH,,35.0,105.0,CH,1,China,CH,CH,,35.0,105.0,CH,1,China,CH,CH,,35.0,105.0,CH,20181025010000,Consult,Verbal cooperation
797285125,20181025,201810,CHN,CHINA,CHN,,,,,,,,USA,THE US,USA,,,,,,,,1,040,040,04,1,1.0,10,1,10,-1.30130130130131,4,"Xinjiang, Jiangxi, China",CH,CH03,13167,27.7481,116.274,11065838,4,"Xinjiang, Jiangxi, China",CH,CH03,13167,27.7481,116.274,11065838,4,"Xinjiang, Jiangxi, China",CH,CH03,13167,27.7481,116.274,11065838,20181025013000,Consult,Verbal cooperation
797288296,20181025,201810,CHN,CHINA,CHN,,,,,,,,USA,UNITED STATES,USA,,,,,,,,1,043,043,04,1,2.8,6,1,6,4.73484848484849,1,China,CH,CH,,35.0,105.0,CH,3,"Chesapeake, Virginia, United States",US,USVA,VA131,37.3079,-75.9519,1492751,3,"Chesapeake, Virginia, United States",US,USVA,VA131,37.3079,-75.9519,1492751,20181025014500,Consult,Verbal cooperation
797289540,20181025,201810,USA,LOS ANGELES,USA,,,,,,,,CHN,CHINESE,CHN,,,,,,,,1,036,036,03,1,4.0,10,1,10,1.00755667506297,3,"Hollywood, California, United States",US,USCA,CA037,34.0983,-118.327,1660757,3,"Hollywood, California, United States",US,USCA,CA037,34.0983,-118.327,1660757,3,"Hollywood, California, United States",US,USCA,CA037,34.0983,-118.327,1660757,20181025014500,Express intent to cooperate,Verbal cooperation
797293232,20181025,201810,USASPY,AMERICAN,USA,,,,,SPY,,,CHN,CHINESE,CHN,,,,,,,,1,020,020,02,1,3.0,6,1,6,0.18050541516245,2,"New York, United States",US,USNY,,42.1497,-74.9384,NY,2,"New York, United States",US,USNY,,42.1497,-74.9384,NY,2,"New York, United States",US,USNY,,42.1497,-74.9384,NY,20181025020000,Appeal,Verbal cooperation
797297466,20181025,201810,CHN,CHINA,CHN,,,,,,,,USA,THE US,USA,,,,,,,,1,020,020,02,1,3.0,10,1,10,1.37931034482758,1,China,CH,CH,,35.0,105.0,CH,1,China,CH,CH,,35.0,105.0,CH,1,China,CH,CH,,35.0,105.0,CH,20181025023000,Appeal,Verbal cooperation
797302641,20181018,201810,USAGOVMIL,UNITED STATES,USA,,,,,GOV,MIL,,CHN,CHINESE,CHN,,,,,,,,1,013,013,01,1,0.4,6,1,6,-4.34782608695652,1,United States,US,US,,39.828175,-98.5795,US,4,"Xiangshan, Guangdong, China",CH,CH30,13046,23.6326,116.733,10074537,4,"Xiangshan, Guangdong, China",CH,CH30,13046,23.6326,116.733,10074537,20181025030000,Make public statement,Verbal cooperation
797302643,20181018,201810,USAGOVMIL,UNITED STATES,USA,,,,,GOV,MIL,,CHN,CHINESE,CHN,,,,,,,,1,020,020,02,1,3.0,8,1,8,-4.34782608695652,1,United States,US,US,,39.828175,-98.5795,US,4,"Xiangshan, Guangdong, China",CH,CH30,13046,23.6326,116.733,10074537,4,"Xiangshan, Guangdong, China",CH,CH30,13046,23.6326,116.733,10074537,20181025030000,Appeal,Verbal cooperation
797303107,20181025,201810,CHN,SHANGHAI,CHN,,,,,,,,USAGOV,US AMBASSADOR,USA,,,,,GOV,,,1,043,043,04,1,2.8,6,1,6,1.49532710280374,4,"Shanghai, Shanghai, China",CH,CH23,13243,31.2222,121.458,-1924465,4,"Hubei, Guangdong, China",CH,CH30,13047,23.2656,116.054,10073728,4,"Shanghai, Shanghai, China",CH,CH23,13243,31.2222,121.458,-1924465,20181025030000,Consult,Verbal cooperation
797304525,20181025,201810,USAGOV,US AMBASSADOR,USA,,,,,GOV,,,CHN,SHANGHAI,CHN,,,,,,,,1,042,042,04,1,1.9,6,1,6,1.49532710280374,4,"Guangdong, Jilin, China",CH,CH05,13176,42.7683,129.336,10884162,3,"Seattle, Washington, United States",US,USWA,WA033,47.6062,-122.332,1512650,3,"Seattle, Washington, United States",US,USWA,WA033,47.6062,-122.332,1512650,20181025030000,Consult,Verbal cooperation
797304528,20181025,201810,USAGOV,WASHINGTON,USA,,,,,GOV,,,CHN,CHINA,CHN,,,,,,,,1,061,061,06,2,6.4,6,1,6,1.49532710280374,2,"Washington, United States",US,USWA,,47.3917,-121.571,WA,4,"Beijing, Beijing, China",CH,CH22,13001,39.9289,116.388,-1898541,4,"Beijing, Beijing, China",CH,CH22,13001,39.9289,116.388,-1898541,20181025030000,Engage in material cooperation,Material cooperation
797306812,20181025,201810,USA,THE US,USA,,,,,,,,CHN,CHINA,CHN,,,,,,,,1,138,138,13,3,-7.0,10,1,10,2.33463035019455,1,China,CH,CH,,35.0,105.0,CH,1,China,CH,CH,,35.0,105.0,CH,1,China,CH,CH,,35.0,105.0,CH,20181025031500,Threaten,Verbal conflict
797306983,20181025,201810,USAGOV,RICHARD NIXON,USA,,,,,GOV,,,CHN,CHINA,CHN,,,,,,,,1,050,050,05,1,3.5,8,1,8,1.37931034482759,4,"Beijing, Beijing, China",CH,CH22,13001,39.9289,116.388,-1898541,4,"Beijing, Beijing, China",CH,CH22,13001,39.9289,116.388,-1898541,4,"Beijing, Beijing, China",CH,CH22,13001,39.9289,116.388,-1898541,20181025031500,Engage in diplomatic cooperation,Verbal cooperation
797310531,20181025,201810,CHN,BEIJING,CHN,,,,,,,,USA,WASHINGTON,USA,,,,,,,,1,012,012,01,1,-0.4,8,1,8,-2.03389830508475,4,"Beijing, Beijing, China",CH,CH22,13001,39.9289,116.388,-1898541,3,"Washington, District of Columbia, United States",US,USDC,DC001,38.8951,-77.0364,531871,3,"Washington, District of Columbia, United States",US,USDC,DC001,38.8951,-77.0364,531871,20181025034500,Make public statement,Verbal cooperation
797310532,20181025,201810,CHN,BEIJING,CHN,,,,,,,,USA,WASHINGTON,USA,,,,,,,,1,110,110,11,3,-2.0,10,1,10,-2.03389830508475,1,Taiwan,TW,TW,,24.0,121.0,TW,1,Taiwan,TW,TW,,24.0,121.0,TW,1,Taiwan,TW,TW,,24.0,121.0,TW,20181025034500,Disapprove,Verbal conflict
797311445,20181025,201810,USA,UNITED STATES,USA,,,,,,,,CHN,CHINA,CHN,,,,,,,,1,075,075,07,2,7.0,6,1,6,3.78787878787878,3,"Hollywood, California, United States",US,USCA,CA037,34.0983,-118.327,1660757,3,"Hollywood, California, United States",US,USCA,CA037,34.0983,-118.327,1660757,3,"Hollywood, California, United States",US,USCA,CA037,34.0983,-118.327,1660757,20181025034500,Provide aid,Material cooperation
797312873,20181025,201810,CHN,CHINA,CHN,,,,,,,,USA,NEW YORK,USA,,,,,,,,1,040,040,04,1,1.0,6,1,6,3.71024734982333,4,"Chang Ping, Sichuan, China",CH,CH32,13003,31.4273,106.287,10341564,2,"New York, United States",US,USNY,,42.1497,-74.9384,NY,2,"New York, United States",US,USNY,,42.1497,-74.9384,NY,20181025040000,Consult,Verbal cooperation
797313918,20181025,201810,USA,NEW YORK,USA,,,,,,,,CHN,CHINA,CHN,,,,,,,,1,040,040,04,1,1.0,6,1,6,3.71024734982333,2,"New York, United States",US,USNY,,42.1497,-74.9384,NY,4,"Chang Ping, Sichuan, China",CH,CH32,13003,31.4273,106.287,10341564,2,"New York, United States",US,USNY,,42.1497,-74.9384,NY,20181025040000,Consult,Verbal cooperation
797316304,20181025,201810,USAAGR,MINNESOTA,USA,,,,,AGR,,,CHN,CHINA,CHN,,,,,,,,1,061,061,06,2,6.4,6,1,6,-1.8202502844141,2,"Minnesota, United States",US,USMN,,45.7326,-93.9196,MN,1,China,CH,CH,,35.0,105.0,CH,2,"Minnesota, United States",US,USMN,,45.7326,-93.9196,MN,20181025041500,Engage in material cooperation,Material cooperation
797317376,20181025,201810,CHN,CHINESE,CHN,,,,,,,,USA,LOS ANGELES,USA,,,,,,,,1,043,043,04,1,2.8,8,1,8,4.27553444180523,4,"Guangdong, Jilin, China",CH,CH05,13176,42.7683,129.336,10884162,3,"Los Angeles, California, United States",US,USCA,,34.0522,-118.244,1662328,3,"Los Angeles, California, United States",US,USCA,,34.0522,-118.244,1662328,20181025043000,Consult,Verbal cooperation
797317379,20181025,201810,CHN,SHANGHAI,CHN,,,,,,,,USAMED,REUTERS,USA,,,,,MED,,,1,030,030,03,1,4.0,6,2,6,-2.33333333333333,4,"Sanmen, Jiangxi, China",CH,CH03,13163,25.9163,115.251,6072283,4,"Sanmen, Jiangxi, China",CH,CH03,13163,25.9163,115.251,6072283,4,"Sanmen, Jiangxi, China",CH,CH03,13163,25.9163,115.251,6072283,20181025043000,Express intent to cooperate,Verbal cooperation
797318541,20181025,201810,USA,UNITED STATES,USA,,,,,,,,CHN,CHINA,CHN,,,,,,,,1,030,030,03,1,4.0,6,1,6,3.86940749697703,2,"California, United States",US,USCA,,36.17,-119.746,CA,2,"California, United States",US,USCA,,36.17,-119.746,CA,2,"California, United States",US,USCA,,36.17,-119.746,CA,20181025043000,Express intent to cooperate,Verbal cooperation
797318542,20181025,201810,USA,LOS ANGELES,USA,,,,,,,,CHN,CHINESE,CHN,,,,,,,,1,042,042,04,1,1.9,8,1,8,4.27553444180523,3,"Los Angeles, California, United States",US,USCA,CA037,34.0522,-118.244,1662328,4,"Guangdong, Jilin, China",CH,CH05,13176,42.7683,129.336,10884162,3,"Los Angeles, California, United States",US,USCA,,34.0522,-118.244,1662328,20181025043000,Consult,Verbal cooperation
797324384,20181025,201810,CHN,CHINA,CHN,,,,,,,,USA,UNITED STATES,USA,,,,,,,,1,090,090,09,2,-2.0,8,1,8,3.88888888888889,4,"Guangdong, Jilin, China",CH,CH05,13176,42.7683,129.336,10884162,3,"Los Angeles, California, United States",US,USCA,,34.0522,-118.244,1662328,3,"Los Angeles, California, United States",US,USCA,,34.0522,-118.244,1662328,20181025051500,Investigate,Material cooperation
797325490,20181025,201810,USA,UNITED STATES,USA,,,,,,,,CHN,CHINA,CHN,,,,,,,,1,075,075,07,2,7.0,8,1,8,3.88888888888889,3,"Los Angeles, California, United States",US,USCA,CA037,34.0522,-118.244,1662328,4,"Guangdong, Jilin, China",CH,CH05,13176,42.7683,129.336,10884162,4,"Guangdong, Jilin, China",CH,CH05,13176,42.7683,129.336,10884162,20181025051500,Provide aid,Material cooperation
797330959,20181025,201810,USA,AMERICAN,USA,,,,,,,,CHN,SHENZHEN,CHN,,,,,,,,1,061,061,06,2,6.4,7,1,7,-1.32780082987552,2,"California, United States",US,USCA,,36.17,-119.746,CA,4,"Shenzhen, Guangdong, China",CH,CH30,13036,22.2,111.117,-1925267,2,"California, United States",US,USCA,,36.17,-119.746,CA,20181025054500,Engage in material cooperation,Material cooperation
797335000,20181025,201810,CHN,CHINA,CHN,,,,,,,,USA,PITTSBURGH,USA,,,,,,,,1,012,012,01,1,-0.4,8,2,8,0.712061416549045,4,"Beijing, Beijing, China",CH,CH22,13001,39.9289,116.388,-1898541,4,"Beijing, Beijing, China",CH,CH22,13001,39.9289,116.388,-1898541,4,"Beijing, Beijing, China",CH,CH22,13001,39.9289,116.388,-1898541,20181025061500,Make public statement,Verbal cooperation
797335001,20181025,201810,CHN,CHINA,CHN,,,,,,,,USA,PITTSBURGH,USA,,,,,,,,1,012,012,01,1,-0.4,16,4,16,0.51712992889464,4,"Yanji, Jilin, China",CH,CH05,13176,42.7714,129.423,-1916350,4,"Yanji, Jilin, China",CH,CH05,13176,42.7714,129.423,-1916350,4,"Yanji, Jilin, China",CH,CH05,13176,42.7714,129.423,-1916350,20181025061500,Make public statement,Verbal cooperation
797335003,20181025,201810,CHN,CHINA,CHN,,,,,,,,USA,THE US,USA,,,,,,,,1,061,061,06,2,6.4,8,1,8,-2.40963855421687,4,"Beijing, Beijing, China",CH,CH22,13001,39.9289,116.388,-1898541,4,"Beijing, Beijing, China",CH,CH22,13001,39.9289,116.388,-1898541,4,"Beijing, Beijing, China",CH,CH22,13001,39.9289,116.388,-1898541,20181025061500,Engage in material cooperation,Material cooperation
797336093,20181025,201810,USA,PITTSBURGH,USA,,,,,,,,CHN,CHINA,CHN,,,,,,,,1,012,012,01,1,-0.4,39,7,39,0.333109064670472,4,"Beijing, Beijing, China",CH,CH22,13001,39.9289,116.388,-1898541,4,"Beijing, Beijing, China",CH,CH22,13001,39.9289,116.388,-1898541,4,"Beijing, Beijing, China",CH,CH22,13001,39.9289,116.388,-1898541,20181025061500,Make public statement,Verbal cooperation
797336094,20181025,201810,USA,WASHINGTON,USA,,,,,,,,CHN,BEIJING,CHN,,,,,,,,1,012,012,01,1,-0.4,6,1,6,-2.65486725663717,4,"Beijing, Beijing, China",CH,CH22,13001,39.9289,116.388,-1898541,4,"Beijing, Beijing, China",CH,CH22,13001,39.9289,116.388,-1898541,3,"Washington, District of Columbia, United States",US,USDC,DC001,38.8951,-77.0364,531871,20181025061500,Make public statement,Verbal cooperation
797343090,20181025,201810,CHN,CHINA,CHN,,,,,,,,USA,UNITED STATES,USA,,,,,,,,1,061,061,06,2,6.4,8,1,8,4.20289855072463,1,China,CH,CH,,35.0,105.0,CH,1,United States,US,US,,39.828175,-98.5795,US,1,United States,US,US,,39.828175,-98.5795,US,20181025070000,Engage in material cooperation,Material cooperation
797344177,20181025,201810,USA,UNITED STATES,USA,,,,,,,,CHN,CHINA,CHN,,,,,,,,1,061,061,06,2,6.4,10,1,10,4.20289855072463,1,Canada,CA,CA,,60.0,-96.0,CA,1,Canada,CA,CA,,60.0,-96.0,CA,1,Canada,CA,CA,,60.0,-96.0,CA,20181025070000,Engage in material cooperation,Material cooperation
797347040,20181025,201810,USA,PITTSBURGH,USA,,,,,,,,CHN,CHINA,CHN,,,,,,,,1,012,012,01,1,-0.4,12,2,12,0.579335672944855,4,"Yanji, Jilin, China",CH,CH05,13176,42.7714,129.423,-1916350,4,"Yanji, Jilin, China",CH,CH05,13176,42.7714,129.423,-1916350,4,"Yanji, Jilin, China",CH,CH05,13176,42.7714,129.423,-1916350,20181025071500,Make public statement,Verbal cooperation
797348636,20181025,201810,CHN,CHINA,CHN,,,,,,,,USA,AMERICAN,USA,,,,,,,,1,070,070,07,2,7.0,6,2,6,-4.94474076543415,1,China,CH,CH,,35.0,105.0,CH,1,United States,US,US,,39.828175,-98.5795,US,1,United States,US,US,,39.828175,-98.5795,US,20181025073000,Provide aid,Material cooperation
797352561,20181025,201810,USAGOV,LAWRENCE,USA,,,,,GOV,,,CHN,CHINA,CHN,,,,,,,,1,050,050,05,1,3.5,6,1,6,1.79533213644525,4,"Shanghai, Shanghai, China",CH,CH23,13243,31.2222,121.458,-1924465,4,"Shanghai, Shanghai, China",CH,CH23,13243,31.2222,121.458,-1924465,4,"Shanghai, Shanghai, China",CH,CH23,13243,31.2222,121.458,-1924465,20181025074500,Engage in diplomatic cooperation,Verbal cooperation
797354950,20181025,201810,MNCUSAMED,GOOGLE,USA,,,,,MNC,MED,,CHN,CHINESE,CHN,,,,,,,,1,017,017,01,1,0.0,6,1,6,2.42424242424242,3,"Hollywood, California, United States",US,USCA,CA037,34.0983,-118.327,1660757,3,"Hollywood, California, United States",US,USCA,CA037,34.0983,-118.327,1660757,3,"Hollywood, California, United States",US,USCA,CA037,34.0983,-118.327,1660757,20181025080000,Make public statement,Verbal cooperation
797358260,20181025,201810,USAMED,ASSOCIATED PRESS,USA,,,,,MED,,,CHN,CHINA,CHN,,,,,,,,1,090,090,09,2,-2.0,10,1,10,0.5503144654088,4,"Yanji, Jilin, China",CH,CH05,13176,42.7714,129.423,-1916350,4,"Yanji, Jilin, China",CH,CH05,13176,42.7714,129.423,-1916350,4,"Yanji, Jilin, China",CH,CH05,13176,42.7714,129.423,-1916350,20181025081500,Investigate,Material cooperation
797372564,20181025,201810,CHN,CHINA,CHN,,,,,,,,USA,THE US,USA,,,,,,,,1,036,036,03,1,4.0,9,1,9,1.85185185185185,1,China,CH,CH,,35.0,105.0,CH,1,China,CH,CH,,35.0,105.0,CH,1,China,CH,CH,,35.0,105.0,CH,20181025093000,Express intent to cooperate,Verbal cooperation
797373749,20181025,201810,USA,THE US,USA,,,,,,,,CHN,CHINA,CHN,,,,,,,,1,036,036,03,1,4.0,10,1,10,1.85185185185185,1,China,CH,CH,,35.0,105.0,CH,1,China,CH,CH,,35.0,105.0,CH,1,China,CH,CH,,35.0,105.0,CH,20181025093000,Express intent to cooperate,Verbal cooperation
797376641,20181025,201810,MNCUSAMED,GOOGLE,USA,,,,,MNC,MED,,CHN,CHINESE,CHN,,,,,,,,1,017,017,01,1,0.0,6,1,6,4.77611940298508,3,"San Francisco, California, United States",US,USCA,CA075,37.7749,-122.419,277593,3,"San Francisco, California, United States",US,USCA,,37.7749,-122.419,277593,3,"San Francisco, California, United States",US,USCA,,37.7749,-122.419,277593,20181025094500,Make public statement,Verbal cooperation
797376944,20181025,201810,USA,PITTSBURGH,USA,,,,,,,,CHN,CHINA,CHN,,,,,,,,1,012,012,01,1,-0.4,6,1,6,0.77279752704791,4,"Jilin, Jilin, China",CH,CH05,13169,43.8508,126.56,-1912247,4,"Beijing, Beijing, China",CH,CH22,13001,39.9289,116.388,-1898541,4,"Jilin, Jilin, China",CH,CH05,13169,43.8508,126.56,-1912247,20181025094500,Make public statement,Verbal cooperation
797389663,20181025,201810,USA,NEW YORK,USA,,,,,,,,CHN,BEIJING,CHN,,,,,,,,1,080,080,08,2,5.0,10,2,10,-1.99718351133107,1,Hong Kong,HK,HK,,22.25,114.166667,HK,4,"Beijing, Beijing, China",CH,CH22,13001,39.9289,116.388,-1898541,1,Hong Kong,HK,HK,,22.25,114.166667,HK,20181025104500,Yield,Material cooperation
797389789,20181025,201810,USAGOV,US OFFICIAL,USA,,,,,GOV,,,CHN,CHINESE,CHN,,,,,,,,1,090,090,09,2,-2.0,8,1,8,-1.7391304347826,2,"New York, United States",US,USNY,,42.1497,-74.9384,NY,1,China,CH,CH,,35.0,105.0,CH,1,China,CH,CH,,35.0,105.0,CH,20181025104500,Investigate,Material cooperation
797398897,20181025,201810,CHN,CHINESE,CHN,,,,,,,,MNCUSAMED,GOOGLE,USA,,,,,MNC,MED,,1,051,051,05,1,3.4,6,1,6,5.78512396694215,1,China,CH,CH,,35.0,105.0,CH,3,"San Francisco, California, United States",US,USCA,,37.7749,-122.419,277593,3,"San Francisco, California, United States",US,USCA,,37.7749,-122.419,277593,20181025113000,Engage in diplomatic cooperation,Verbal cooperation
797398934,20181025,201810,CHN,CHINA,CHN,,,,,,,,USA,UNITED STATES,USA,,,,,,,,1,130,130,13,3,-4.4,8,1,8,-0.94428706326724,4,"Beijing, Beijing, China",CH,CH22,13001,39.9289,116.388,-1898541,3,"White House, District of Columbia, United States",US,USDC,,38.8951,-77.0364,531871,3,"White House, District of Columbia, United States",US,USDC,,38.8951,-77.0364,531871,20181025113000,Threaten,Verbal conflict
797400292,20181025,201810,USA,THE US,USA,,,,,,,,CHN,CHINA,CHN,,,,,,,,1,061,061,06,2,6.4,20,1,10,-0.95486111111111,1,China,CH,CH,,35.0,105.0,CH,1,China,CH,CH,,35.0,105.0,CH,1,China,CH,CH,,35.0,105.0,CH,20181025113000,Engage in material cooperation,Material cooperation
797402179,20181025,201810,CHN,CHINA,CHN,,,,,,,,USA,UNITED STATES,USA,,,,,,,,1,020,020,02,1,3.0,8,1,8,0.88888888888889,1,China,CH,CH,,35.0,105.0,CH,2,"Louisiana, United States",US,USLA,,31.1801,-91.8749,LA,2,"Louisiana, United States",US,USLA,,31.1801,-91.8749,LA,20181025114500,Appeal,Verbal cooperation
797402180,20181025,201810,CHN,BEIJING,CHN,,,,,,,,USAGOV,THE US,USA,,,,,GOV,,,1,012,012,01,1,-0.4,6,1,6,-2.53164556962026,4,"Beijing, Beijing, China",CH,CH22,13001,39.9289,116.388,-1898541,4,"Beijing, Beijing, China",CH,CH22,13001,39.9289,116.388,-1898541,4,"Beijing, Beijing, China",CH,CH22,13001,39.9289,116.388,-1898541,20181025114500,Make public statement,Verbal cooperation
797403092,20181025,201810,MNCUSAMED,GOOGLE,USA,,,,,MNC,MED,,CHN,CHINA,CHN,,,,,,,,1,090,090,09,2,-2.0,10,1,10,-8.20668693009116,1,United States,US,US,,39.828175,-98.5795,US,1,China,CH,CH,,35.0,105.0,CH,1,China,CH,CH,,35.0,105.0,CH,20181025114500,Investigate,Material cooperation
797405902,20181025,201810,CHN,JIANGSU,CHN,,,,,,,,USA,TEXAS,USA,,,,,,,,1,031,031,03,1,5.2,10,1,10,3.57142857142857,4,"Yixing, Sichuan, China",CH,CH32,13003,31.1546,105.846,6021882,4,"Yixing, Sichuan, China",CH,CH32,13003,31.1546,105.846,6021882,4,"Yixing, Sichuan, China",CH,CH32,13003,31.1546,105.846,6021882,20181025120000,Express intent to cooperate,Verbal cooperation
797405908,20181025,201810,CHN,CHINA,CHN,,,,,,,,USAMED,REUTERS,USA,,,,,MED,,,1,043,043,04,1,2.8,6,1,6,4.22535211267606,4,"Beijing, Beijing, China",CH,CH22,13001,39.9289,116.388,-1898541,4,"Beijing, Beijing, China",CH,CH22,13001,39.9289,116.388,-1898541,1,Japan,JA,JA,,36.0,138.0,JA,20181025120000,Consult,Verbal cooperation
797407317,20181025,201810,USA,TEXAS,USA,,,,,,,,CHN,JIANGSU,CHN,,,,,,,,1,031,031,03,1,5.2,6,1,6,3.57142857142857,2,"Texas, United States",US,USTX,,31.106,-97.6475,TX,4,"Yixing, Sichuan, China",CH,CH32,13003,31.1546,105.846,6021882,4,"Yixing, Sichuan, China",CH,CH32,13003,31.1546,105.846,6021882,20181025120000,Express intent to cooperate,Verbal cooperation
797407320,20181025,201810,USA,THE US,USA,,,,,,,,CHN,CHINA,CHN,,,,,,,,1,036,036,03,1,4.0,8,1,8,0.79051383399209,1,China,CH,CH,,35.0,105.0,CH,1,China,CH,CH,,35.0,105.0,CH,4,"Philippine, Benguet, Philippines",RP,RP10,24213,16.45,120.55,-2445611,20181025120000,Express intent to cooperate,Verbal cooperation
797407494,20181025,201810,USAMED,REUTERS,USA,,,,,MED,,,CHN,CHINA,CHN,,,,,,,,1,042,042,04,1,1.9,6,1,6,4.22535211267606,4,"Beijing, Beijing, China",CH,CH22,13001,39.9289,116.388,-1898541,4,"Beijing, Beijing, China",CH,CH22,13001,39.9289,116.388,-1898541,1,Japan,JA,JA,,36.0,138.0,JA,20181025120000,Consult,Verbal cooperation
797407495,20181025,201810,USAMED,REUTERS,USA,,,,,MED,,,CHN,CHINA,CHN,,,,,,,,1,051,051,05,1,3.4,6,1,6,4.22535211267606,4,"Beijing, Beijing, China",CH,CH22,13001,39.9289,116.388,-1898541,4,"Beijing, Beijing, China",CH,CH22,13001,39.9289,116.388,-1898541,1,Japan,JA,JA,,36.0,138.0,JA,20181025120000,Engage in diplomatic cooperation,Verbal cooperation
797410344,20181025,201810,MNCUSAMED,VERIZON,USA,,,,,MNC,MED,,CHN,CHINESE,CHN,,,,,,,,1,031,031,03,1,5.2,6,1,6,-2.31884057971015,2,"New York, United States",US,USNY,,42.1497,-74.9384,NY,4,"Beijing, Beijing, China",CH,CH22,13001,39.9289,116.388,-1898541,4,"Beijing, Beijing, China",CH,CH22,13001,39.9289,116.388,-1898541,20181025121500,Express intent to cooperate,Verbal cooperation
797418776,20181025,201810,USAMIL,THE US,USA,,,,,MIL,,,CHN,CHINESE,CHN,,,,,,,,1,010,010,01,1,0.0,10,1,10,-3.84615384615385,0,,,,,,,,0,,,,,,,,0,,,,,,,,20181025124500,Make public statement,Verbal cooperation
797425450,20181025,201810,USA,WASHINGTON,USA,,,,,,,,CHN,CHINA,CHN,,,,,,,,1,071,071,07,2,7.4,8,1,8,-1.16279069767442,4,"Beijing, Beijing, China",CH,CH22,13001,39.9289,116.388,-1898541,4,"Beijing, Beijing, China",CH,CH22,13001,39.9289,116.388,-1898541,4,"Beijing, Beijing, China",CH,CH22,13001,39.9289,116.388,-1898541,20181025131500,Provide aid,Material cooperation
797430914,20181025,201810,CHN,CHINESE,CHN,,,,,,,,USA,UNITED STATES,USA,,,,,,,,1,112,112,11,3,-2.0,8,1,8,-11.0294117647058,3,"Rockingham County, New Hampshire, United States",US,USNH,NH015,42.9668,-71.0995,873181,3,"Rockingham County, New Hampshire, United States",US,USNH,,42.9668,-71.0995,873181,3,"Rockingham County, New Hampshire, United States",US,USNH,,42.9668,-71.0995,873181,20181025134500,Disapprove,Verbal conflict
797441267,20171025,201710,USA,UNITED STATES,USA,,,,,,,,CHN,CHINA,CHN,,,,,,,,1,036,036,03,1,4.0,8,1,8,-3.36391437308868,3,"Washington, District of Columbia, United States",US,USDC,DC001,38.8951,-77.0364,531871,3,"Washington, District of Columbia, United States",US,USDC,DC001,38.8951,-77.0364,531871,3,"Washington, District of Columbia, United States",US,USDC,DC001,38.8951,-77.0364,531871,20181025143000,Express intent to cooperate,Verbal cooperation
797457775,20181025,201810,USA,UNITED STATES,USA,,,,,,,,CHN,CHINA,CHN,,,,,,,,1,012,012,01,1,-0.4,8,1,8,-2.57009345794392,4,"Ottawa, Ontario, Canada",CA,CA08,12755,45.4167,-75.7,-570760,4,"Ottawa, Ontario, Canada",CA,CA08,12755,45.4167,-75.7,-570760,4,"Ottawa, Ontario, Canada",CA,CA08,12755,45.4167,-75.7,-570760,20181025153000,Make public statement,Verbal cooperation
797461050,20181025,201810,USA,UNITED STATES,USA,,,,,,,,CHN,CHINA,CHN,,,,,,,,1,061,061,06,2,6.4,8,1,8,-1.09034267912772,1,United States,US,US,,39.828175,-98.5795,US,1,China,CH,CH,,35.0,105.0,CH,1,China,CH,CH,,35.0,105.0,CH,20181025154500,Engage in material cooperation,Material cooperation
797466855,20181025,201810,CHN,SHANGHAI,CHN,,,,,,,,MNCUSA,CARNIVAL CORPORATION,USA,,,,,MNC,,,1,057,057,05,1,8.0,10,1,10,1.42857142857143,4,"Shanghai, Shanghai, China",CH,CH23,13243,31.2222,121.458,-1924465,4,"Shanghai, Shanghai, China",CH,CH23,13243,31.2222,121.458,-1924465,4,"Shanghai, Shanghai, China",CH,CH23,13243,31.2222,121.458,-1924465,20181025161500,Engage in diplomatic cooperation,Verbal cooperation
797467885,20181025,201810,MNCUSA,CARNIVAL CORPORATION,USA,,,,,MNC,,,CHN,SHANGHAI,CHN,,,,,,,,1,057,057,05,1,8.0,10,1,10,1.42857142857143,4,"Waigaoqiao, Shanghai, China",CH,CH23,13243,31.3559,121.573,11128625,4,"Waigaoqiao, Shanghai, China",CH,CH23,13243,31.3559,121.573,11128625,4,"Waigaoqiao, Shanghai, China",CH,CH23,13243,31.3559,121.573,11128625,20181025161500,Engage in diplomatic cooperation,Verbal cooperation
797467886,20181025,201810,MNCUSA,ISHARES,USA,,,,,MNC,,,CHN,CHINA,CHN,,,,,,,,1,071,071,07,2,7.4,10,1,10,2.26700251889169,1,China,CH,CH,,35.0,105.0,CH,1,China,CH,CH,,35.0,105.0,CH,1,China,CH,CH,,35.0,105.0,CH,20181025161500,Provide aid,Material cooperation
797470572,20181025,201810,CHN,CHINA,CHN,,,,,,,,USA,THE US,USA,,,,,,,,1,036,036,03,1,4.0,10,1,10,-0.61919504643963,4,"Panhua, Tainan Municipality, Taiwan",TW,TW21,13277,23.2836,120.441,-2635184,4,"Panhua, Tainan Municipality, Taiwan",TW,TW21,13277,23.2836,120.441,-2635184,4,"Panhua, Tainan Municipality, Taiwan",TW,TW21,13277,23.2836,120.441,-2635184,20181025163000,Express intent to cooperate,Verbal cooperation
797472023,20181025,201810,USA,UNITED STATES,USA,,,,,,,,CHN,CHINA,CHN,,,,,,,,1,012,012,01,1,-0.4,10,1,10,-2.70935960591133,1,Canada,CA,CA,,60.0,-96.0,CA,1,Canada,CA,CA,,60.0,-96.0,CA,1,Canada,CA,CA,,60.0,-96.0,CA,20181025163000,Make public statement,Verbal cooperation
797477650,20181025,201810,CHN,BEIJING,CHN,,,,,,,,USA,UNITED STATES,USA,,,,,,,,1,013,013,01,1,0.4,10,1,10,-0.93023255813953,4,"Wu Qian, Guizhou, China",CH,CH18,13306,26.8,105.0,-3835110,4,"Wu Qian, Guizhou, China",CH,CH18,13306,26.8,105.0,-3835110,4,"Wu Qian, Guizhou, China",CH,CH18,13306,26.8,105.0,-3835110,20181025170000,Make public statement,Verbal cooperation
797477659,20181025,201810,CHN,CHINESE,CHN,,,,,,,,USAGOV,US GOVERNMENT,USA,,,,,GOV,,,1,090,090,09,2,-2.0,8,1,8,-3.23974082073435,4,"Nanjing, Jiangsu, China",CH,CH04,13144,32.0617,118.778,-1919548,4,"Nanjing, Jiangsu, China",CH,CH04,13144,32.0617,118.778,-1919548,4,"Nanjing, Jiangsu, China",CH,CH04,13144,32.0617,118.778,-1919548,20181025170000,Investigate,Material cooperation
797482717,20181025,201810,USA,UNITED STATES,USA,,,,,,,,CHN,CHINA,CHN,,,,,,,,1,061,061,06,2,6.4,6,1,6,-2.62096774193549,4,"King Island, Tasmania, Australia",AS,AS06,5342,-39.89,144.05,-1581748,4,"King Island, Tasmania, Australia",AS,AS06,5342,-39.89,144.05,-1581748,4,"King Island, Tasmania, Australia",AS,AS06,5342,-39.89,144.05,-1581748,20181025171500,Engage in material cooperation,Material cooperation
797488683,20181025,201810,CHN,CANTON,CHN,,,,,,,,USA,LAWRENCE,USA,,,,,,,,1,173,173,17,4,-5.0,10,1,10,-15.8469945355191,1,China,CH,CH,,35.0,105.0,CH,1,China,CH,CH,,35.0,105.0,CH,1,China,CH,CH,,35.0,105.0,CH,20181025174500,Coerce,Material conflict
797494237,20181025,201810,USAMIL,THE US,USA,,,,,MIL,,,CHN,CHINA,CHN,,,,,,,,1,020,020,02,1,3.0,10,1,10,-2.49839846252402,1,China,CH,CH,,35.0,105.0,CH,1,China,CH,CH,,35.0,105.0,CH,1,China,CH,CH,,35.0,105.0,CH,20181025180000,Appeal,Verbal cooperation
797512092,20181025,201810,CHN,CHINA,CHN,,,,,,,,USA,UNITED STATES,USA,,,,,,,,1,040,040,04,1,1.0,20,1,20,-4.32907075873828,1,China,CH,CH,,35.0,105.0,CH,3,"Washington, District of Columbia, United States",US,USDC,DC001,38.8951,-77.0364,531871,1,China,CH,CH,,35.0,105.0,CH,20181025193000,Consult,Verbal cooperation
797513262,20181025,201810,USA,UNITED STATES,USA,,,,,,,,CHN,CHINA,CHN,,,,,,,,1,010,010,01,1,0.0,20,1,20,-4.32907075873828,3,"Washington, District of Columbia, United States",US,USDC,DC001,38.8951,-77.0364,531871,1,China,CH,CH,,35.0,105.0,CH,1,China,CH,CH,,35.0,105.0,CH,20181025193000,Make public statement,Verbal cooperation
797513263,20181025,201810,USA,UNITED STATES,USA,,,,,,,,CHN,CHINA,CHN,,,,,,,,1,020,020,02,1,3.0,12,1,12,-4.32907075873828,3,"Washington, District of Columbia, United States",US,USDC,DC001,38.8951,-77.0364,531871,1,China,CH,CH,,35.0,105.0,CH,3,"Washington, District of Columbia, United States",US,USDC,DC001,38.8951,-77.0364,531871,20181025193000,Appeal,Verbal cooperation
797513264,20181025,201810,USA,UNITED STATES,USA,,,,,,,,CHN,CHINA,CHN,,,,,,,,1,020,020,02,1,3.0,8,1,8,-4.32907075873828,3,"Washington, District of Columbia, United States",US,USDC,DC001,38.8951,-77.0364,531871,1,China,CH,CH,,35.0,105.0,CH,1,China,CH,CH,,35.0,105.0,CH,20181025193000,Appeal,Verbal cooperation
797513265,20181025,201810,USA,UNITED STATES,USA,,,,,,,,CHN,CHINA,CHN,,,,,,,,1,040,040,04,1,1.0,20,1,20,-4.32907075873828,3,"Washington, District of Columbia, United States",US,USDC,DC001,38.8951,-77.0364,531871,1,China,CH,CH,,35.0,105.0,CH,1,China,CH,CH,,35.0,105.0,CH,20181025193000,Consult,Verbal cooperation
797514993,20181025,201810,CHN,CHINESE,CHN,,,,,,,,USA,NEW YORK,USA,,,,,,,,1,016,016,01,1,-2.0,7,1,7,-5.63106796116505,4,"Shanghai, Shanghai, China",CH,CH23,13243,31.2222,121.458,-1924465,2,"New York, United States",US,USNY,,42.1497,-74.9384,NY,4,"Shanghai, Shanghai, China",CH,CH23,13243,31.2222,121.458,-1924465,20181025194500,Make public statement,Verbal cooperation
797523912,20181025,201810,CHNGOV,CHINA,CHN,,,,,GOV,,,USAGOV,THE US,USA,,,,,GOV,,,1,012,012,01,1,-0.4,6,1,6,-2.02429149797571,1,China,CH,CH,,35.0,105.0,CH,1,China,CH,CH,,35.0,105.0,CH,1,China,CH,CH,,35.0,105.0,CH,20181025203000,Make public statement,Verbal cooperation
797527743,20181025,201810,MNCUSAMED,GOOGLE,USA,,,,,MNC,MED,,CHNCVL,CHINESE,CHN,,,,,CVL,,,1,010,010,01,1,0.0,9,1,9,1.43547273982056,1,China,CH,CH,,35.0,105.0,CH,1,China,CH,CH,,35.0,105.0,CH,1,China,CH,CH,,35.0,105.0,CH,20181025204500,Make public statement,Verbal cooperation
797528335,20181025,201810,USABUS,AMERICAN,USA,,,,,BUS,,,CHN,CHINESE,CHN,,,,,,,,1,040,040,04,1,1.0,6,1,6,-0.940170940170939,4,"Beijing, Beijing, China",CH,CH22,13001,39.9289,116.388,-1898541,4,"Beijing, Beijing, China",CH,CH22,13001,39.9289,116.388,-1898541,4,"Beijing, Beijing, China",CH,CH22,13001,39.9289,116.388,-1898541,20181025204500,Consult,Verbal cooperation
797532174,20181024,201810,CHN,BEIJING,CHN,,,,,,,,USA,NEW YORK,USA,,,,,,,,1,016,016,01,1,-2.0,6,1,6,0.0,4,"Beijing, Beijing, China",CH,CH22,13001,39.9289,116.388,-1898541,2,"New York, United States",US,USNY,,42.1497,-74.9384,NY,4,"Beijing, Beijing, China",CH,CH22,13001,39.9289,116.388,-1898541,20181025211500,Make public statement,Verbal cooperation
797532602,20181025,201810,CHN,CHINA,CHN,,,,,,,,USA,PITTSBURGH,USA,,,,,,,,1,070,070,07,2,7.0,8,1,8,4.4548651817116,1,China,CH,CH,,35.0,105.0,CH,1,China,CH,CH,,35.0,105.0,CH,1,China,CH,CH,,35.0,105.0,CH,20181025211500,Provide aid,Material cooperation
797533812,20181025,201810,USA,UNITED STATES,USA,,,,,,,,CHN,CHINA,CHN,,,,,,,,1,012,012,01,1,-0.4,8,1,8,-4.28571428571428,1,Australia,AS,AS,,-25.0,135.0,AS,1,Australia,AS,AS,,-25.0,135.0,AS,4,"Ottawa, Ontario, Canada",CA,CA08,12755,45.4167,-75.7,-570760,20181025211500,Make public statement,Verbal cooperation
797539327,20181025,201810,USA,MISSOURI,USA,,,,,,,,CHN,CHINESE,CHN,,,,,,,,1,060,060,06,2,6.0,8,1,8,-4.57516339869281,3,"Washington, District of Columbia, United States",US,USDC,DC001,38.8951,-77.0364,531871,3,"Washington, District of Columbia, United States",US,USDC,DC001,38.8951,-77.0364,531871,3,"Washington, District of Columbia, United States",US,USDC,DC001,38.8951,-77.0364,531871,20181025214500,Engage in material cooperation,Material cooperation
797546165,20181025,201810,CHN,BEIJING,CHN,,,,,,,,USA,UNITED STATES,USA,,,,,,,,1,025,025,02,1,-0.3,8,1,8,-3.43642611683848,4,"Beijing, Beijing, China",CH,CH22,13001,39.9289,116.388,-1898541,1,United States,US,US,,39.828175,-98.5795,US,1,United States,US,US,,39.828175,-98.5795,US,20181025223000,Appeal,Verbal cooperation
797546166,20181025,201810,CHN,CHINA,CHN,,,,,,,,USA,UNITED STATES,USA,,,,,,,,1,025,025,02,1,-0.3,10,1,10,-3.43642611683848,4,"Gao Feng, Sichuan, China",CH,CH32,13270,32.0105,104.019,10334640,4,"Gao Feng, Sichuan, China",CH,CH32,13270,32.0105,104.019,10334640,4,"Gao Feng, Sichuan, China",CH,CH32,13270,32.0105,104.019,10334640,20181025223000,Appeal,Verbal cooperation
797547279,20181025,201810,USA,THE US,USA,,,,,,,,CHN,CHINA,CHN,,,,,,,,1,0841,084,08,2,7.0,8,1,8,-4.04761904761904,4,"Beijing, Beijing, China",CH,CH22,13001,39.9289,116.388,-1898541,4,"Beijing, Beijing, China",CH,CH22,13001,39.9289,116.388,-1898541,4,"Beijing, Beijing, China",CH,CH22,13001,39.9289,116.388,-1898541,20181025223000,Yield,Material cooperation
797547564,20181025,201810,USAMIL,THE US,USA,,,,,MIL,,,CHN,CHINESE,CHN,,,,,,,,1,010,010,01,1,0.0,10,1,10,-4.04761904761904,4,"Beijing, Beijing, China",CH,CH22,13001,39.9289,116.388,-1898541,4,"Beijing, Beijing, China",CH,CH22,13001,39.9289,116.388,-1898541,4,"Beijing, Beijing, China",CH,CH22,13001,39.9289,116.388,-1898541,20181025223000,Make public statement,Verbal cooperation
797556020,20181025,201810,CHN,CHINA,CHN,,,,,,,,USA,DALLAS,USA,,,,,,,,1,036,036,03,1,4.0,6,1,6,-0.813008130081299,1,China,CH,CH,,35.0,105.0,CH,3,"Dallas, Texas, United States",US,USTX,TX113,32.7831,-96.8067,1380944,3,"Dallas, Texas, United States",US,USTX,TX113,32.7831,-96.8067,1380944,20181025233000,Express intent to cooperate,Verbal cooperation
797556811,20181025,201810,MNCUSAMED,GOOGLE,USA,,,,,MNC,MED,,CHN,CHINESE,CHN,,,,,,,,1,017,017,01,1,0.0,10,1,10,5.76923076923077,1,China,CH,CH,,35.0,105.0,CH,1,China,CH,CH,,35.0,105.0,CH,1,China,CH,CH,,35.0,105.0,CH,20181025233000,Make public statement,Verbal cooperation
797557189,20181025,201810,USA,IOWA,USA,,,,,,,,CHN,CHINESE,CHN,,,,,,,,1,012,012,01,1,-0.4,12,2,12,-1.58429854182937,2,"Iowa, United States",US,USIA,,42.0046,-93.214,IA,2,"Iowa, United States",US,USIA,,42.0046,-93.214,IA,2,"Iowa, United States",US,USIA,,42.0046,-93.214,IA,20181025233000,Make public statement,Verbal cooperation
797566259,20181026,201810,CHN,CHINESE,CHN,,,,,,,,USAGOV,UNITED STATES,USA,,,,,GOV,,,1,190,190,19,4,-10.0,10,1,10,-0.78740157480315,1,United States,US,US,,39.828175,-98.5795,US,1,United States,US,US,,39.828175,-98.5795,US,1,United States,US,US,,39.828175,-98.5795,US,20181026001500,Fight,Material conflict
797568415,20181026,201810,USA,IOWA,USA,,,,,,,,CHN,CHINESE,CHN,,,,,,,,1,012,012,01,1,-0.4,6,1,6,-0.62370062370062,2,"Iowa, United States",US,USIA,,42.0046,-93.214,IA,1,China,CH,CH,,35.0,105.0,CH,2,"Iowa, United States",US,USIA,,42.0046,-93.214,IA,20181026001500,Make public statement,Verbal cooperation
797568784,20181026,201810,USAGOV,UNITED STATES,USA,,,,,GOV,,,CHN,CHINESE,CHN,,,,,,,,1,190,190,19,4,-10.0,10,1,10,-0.78740157480315,1,United States,US,US,,39.828175,-98.5795,US,1,China,CH,CH,,35.0,105.0,CH,1,United States,US,US,,39.828175,-98.5795,US,20181026001500,Fight,Material conflict
797575368,20181026,201810,CHN,CHINA,CHN,,,,,,,,USA,UNITED STATES,USA,,,,,,,,1,061,061,06,2,6.4,10,1,10,-2.88770053475936,4,"Beijing, Beijing, China",CH,CH22,13001,39.9289,116.388,-1898541,4,"Beijing, Beijing, China",CH,CH22,13001,39.9289,116.388,-1898541,4,"Beijing, Beijing, China",CH,CH22,13001,39.9289,116.388,-1898541,20181026004500,Engage in material cooperation,Material cooperation
797577338,20181026,201810,USA,UNITED STATES,USA,,,,,,,,CHN,CHINA,CHN,,,,,,,,1,012,012,01,1,-0.4,10,1,10,-2.70270270270271,4,"Ottawa, Ontario, Canada",CA,CA08,12755,45.4167,-75.7,-570760,4,"Ottawa, Ontario, Canada",CA,CA08,12755,45.4167,-75.7,-570760,4,"Ottawa, Ontario, Canada",CA,CA08,12755,45.4167,-75.7,-570760,20181026004500,Make public statement,Verbal cooperation
797579288,20181026,201810,CHN,CHINA,CHN,,,,,,,,USA,PITTSBURGH,USA,,,,,,,,1,012,012,01,1,-0.4,8,2,8,0.710383637067035,4,"Beijing, Beijing, China",CH,CH22,13001,39.9289,116.388,-1898541,4,"Beijing, Beijing, China",CH,CH22,13001,39.9289,116.388,-1898541,4,"Beijing, Beijing, China",CH,CH22,13001,39.9289,116.388,-1898541,20181026010000,Make public statement,Verbal cooperation
797579289,20181026,201810,CHN,CHINA,CHN,,,,,,,,USA,THE US,USA,,,,,,,,1,020,020,02,1,3.0,10,1,10,-2.40295748613678,4,"Beijing, Beijing, China",CH,CH22,13001,39.9289,116.388,-1898541,4,"Beijing, Beijing, China",CH,CH22,13001,39.9289,116.388,-1898541,4,"Beijing, Beijing, China",CH,CH22,13001,39.9289,116.388,-1898541,20181026010000,Appeal,Verbal cooperation
797579292,20181026,201810,CHN,CHINA,CHN,,,,,,,,USA,THE US,USA,,,,,,,,1,040,040,04,1,1.0,10,1,10,-1.30260521042084,4,"Xinjiang, Jiangxi, China",CH,CH03,13167,27.7481,116.274,11065838,4,"Xinjiang, Jiangxi, China",CH,CH03,13167,27.7481,116.274,11065838,4,"Xinjiang, Jiangxi, China",CH,CH03,13167,27.7481,116.274,11065838,20181026010000,Consult,Verbal cooperation
797580756,20181026,201810,USA,PITTSBURGH,USA,,,,,,,,CHN,CHINA,CHN,,,,,,,,1,012,012,01,1,-0.4,12,2,12,0.710383637067035,4,"Beijing, Beijing, China",CH,CH22,13001,39.9289,116.388,-1898541,4,"Beijing, Beijing, China",CH,CH22,13001,39.9289,116.388,-1898541,4,"Beijing, Beijing, China",CH,CH22,13001,39.9289,116.388,-1898541,20181026010000,Make public statement,Verbal cooperation
797580760,20181026,201810,USA,THE US,USA,,,,,,,,CHN,CHINA,CHN,,,,,,,,1,110,110,11,3,-2.0,10,1,10,-3.89908256880734,3,"Washington, District of Columbia, United States",US,USDC,DC001,38.8951,-77.0364,531871,3,"Washington, District of Columbia, United States",US,USDC,DC001,38.8951,-77.0364,531871,3,"Washington, District of Columbia, United States",US,USDC,DC001,38.8951,-77.0364,531871,20181026010000,Disapprove,Verbal conflict
797582799,20181026,201810,CHN,BEIJING,CHN,,,,,,,,USA,UNITED STATES,USA,,,,,,,,1,013,013,01,1,0.4,10,1,10,-0.94339622641509,4,"Wu Qian, Guizhou, China",CH,CH18,13306,26.8,105.0,-3835110,4,"Wu Qian, Guizhou, China",CH,CH18,13306,26.8,105.0,-3835110,4,"Wu Qian, Guizhou, China",CH,CH18,13306,26.8,105.0,-3835110,20181026011500,Make public statement,Verbal cooperation
797582801,20181026,201810,CHN,CHINA,CHN,,,,,,,,USA,THE US,USA,,,,,,,,1,110,110,11,3,-2.0,10,1,10,-5.33117932148627,4,"Beijing, Beijing, China",CH,CH22,13001,39.9289,116.388,-1898541,4,"Beijing, Beijing, China",CH,CH22,13001,39.9289,116.388,-1898541,4,"Beijing, Beijing, China",CH,CH22,13001,39.9289,116.388,-1898541,20181026011500,Disapprove,Verbal conflict
797584370,20181026,201810,USA,THE US,USA,,,,,,,,CHN,CHINA,CHN,,,,,,,,1,110,110,11,3,-2.0,8,1,8,-5.33117932148627,4,"Beijing, Beijing, China",CH,CH22,13001,39.9289,116.388,-1898541,4,"Beijing, Beijing, China",CH,CH22,13001,39.9289,116.388,-1898541,4,"Beijing, Beijing, China",CH,CH22,13001,39.9289,116.388,-1898541,20181026011500,Disapprove,Verbal conflict
797586087,20181026,201810,CHN,CHINA,CHN,,,,,,,,USA,NEW JERSEY,USA,,,,,,,,1,042,042,04,1,1.9,9,1,9,-4.97737556561086,3,"Philadelphia, Pennsylvania, United States",US,USPA,PA101,39.9523,-75.1638,1209052,3,"Philadelphia, Pennsylvania, United States",US,USPA,PA101,39.9523,-75.1638,1209052,3,"Philadelphia, Pennsylvania, United States",US,USPA,PA101,39.9523,-75.1638,1209052,20181026013000,Consult,Verbal cooperation
797587371,20181026,201810,USA,UNITED STATES,USA,,,,,,,,CHN,CHINA,CHN,,,,,,,,1,043,043,04,1,2.8,6,1,6,-4.97737556561086,3,"Newark, New Jersey, United States",US,USNJ,NJ013,40.7357,-74.1724,878762,4,"Yangshan, Anhui, China",CH,CH01,12997,31.1782,118.63,10555214,4,"Yangshan, Anhui, China",CH,CH01,12997,31.1782,118.63,10555214,20181026013000,Consult,Verbal cooperation
797589073,20181026,201810,CHNGOV,CHINA,CHN,,,,,GOV,,,USA,THE US,USA,,,,,,,,1,012,012,01,1,-0.4,7,1,7,-6.11111111111111,1,China,CH,CH,,35.0,105.0,CH,1,China,CH,CH,,35.0,105.0,CH,1,China,CH,CH,,35.0,105.0,CH,20181026014500,Make public statement,Verbal cooperation
797589074,20181026,201810,CHNGOV,CHINA,CHN,,,,,GOV,,,USAGOV,THE US,USA,,,,,GOV,,,1,012,012,01,1,-0.4,6,1,6,-2.5695931477516,4,"Beijing, Beijing, China",CH,CH22,13001,39.9289,116.388,-1898541,4,"Beijing, Beijing, China",CH,CH22,13001,39.9289,116.388,-1898541,4,"Beijing, Beijing, China",CH,CH22,13001,39.9289,116.388,-1898541,20181026014500,Make public statement,Verbal cooperation
797603395,20181026,201810,CHN,BEIJING,CHN,,,,,,,,USAGOV,THE US,USA,,,,,GOV,,,1,012,012,01,1,-0.4,6,1,6,-2.0,4,"Beijing, Beijing, China",CH,CH22,13001,39.9289,116.388,-1898541,4,"Beijing, Beijing, China",CH,CH22,13001,39.9289,116.388,-1898541,4,"Beijing, Beijing, China",CH,CH22,13001,39.9289,116.388,-1898541,20181026030000,Make public statement,Verbal cooperation
797605718,20181026,201810,CHN,CANTON,CHN,,,,,,,,USA,AUSTIN,USA,,,,,,,,1,173,173,17,4,-5.0,10,1,10,-13.1313131313131,1,China,CH,CH,,35.0,105.0,CH,1,China,CH,CH,,35.0,105.0,CH,1,China,CH,CH,,35.0,105.0,CH,20181026031500,Coerce,Material conflict
797605727,20181026,201810,CHNGOV,CHINA,CHN,,,,,GOV,,,USAGOV,THE US,USA,,,,,GOV,,,1,012,012,01,1,-0.4,6,1,6,-2.81329923273658,1,China,CH,CH,,35.0,105.0,CH,1,China,CH,CH,,35.0,105.0,CH,1,China,CH,CH,,35.0,105.0,CH,20181026031500,Make public statement,Verbal cooperation
797606456,20181026,201810,MNCUSAMED,GOOGLE,USA,,,,,MNC,MED,,CHN,CHINESE,CHN,,,,,,,,1,051,051,05,1,3.4,6,1,6,5.29100529100529,3,"Santa Monica, California, United States",US,USCA,CA037,34.0195,-118.491,1652792,3,"Santa Monica, California, United States",US,USCA,,34.0195,-118.491,1652792,3,"Santa Monica, California, United States",US,USCA,,34.0195,-118.491,1652792,20181026031500,Engage in diplomatic cooperation,Verbal cooperation
797619693,20181026,201810,CHN,CHINA,CHN,,,,,,,,USA,UNITED STATES,USA,,,,,,,,1,173,173,17,4,-5.0,8,1,8,-4.15647921760391,3,"Washington, District of Columbia, United States",US,USDC,DC001,38.8951,-77.0364,531871,3,"Washington, District of Columbia, United States",US,USDC,DC001,38.8951,-77.0364,531871,3,"Washington, District of Columbia, United States",US,USDC,DC001,38.8951,-77.0364,531871,20181026044500,Coerce,Material conflict
797624556,20181026,201810,CHN,CHONGQING,CHN,,,,,,,,USAMED,REUTERS,USA,,,,,MED,,,1,182,182,18,4,-9.5,15,2,15,-10.2395411605938,5,"Shaanxi, Shaanxi, China",CH,CH26,13220,36.0,109.0,-1924159,5,"Shaanxi, Shaanxi, China",CH,CH26,13220,36.0,109.0,-1924159,5,"Shaanxi, Shaanxi, China",CH,CH26,13220,36.0,109.0,-1924159,20181026051500,Assault,Material conflict
797625676,20181026,201810,USA,AMERICAN,USA,,,,,,,,CHN,SHENZHEN,CHN,,,,,,,,1,061,061,06,2,6.4,7,1,7,-1.32780082987552,2,"California, United States",US,USCA,,36.17,-119.746,CA,4,"Shenzhen, Guangdong, China",CH,CH30,13036,22.2,111.117,-1925267,2,"California, United States",US,USCA,,36.17,-119.746,CA,20181026051500,Engage in material cooperation,Material cooperation
797628162,20181026,201810,USAMED,REUTERS,USA,,,,,MED,,,CHN,CHINESE,CHN,,,,,,,,1,028,028,02,1,4.0,8,1,8,0.51679586563308,2,"California, United States",US,USCA,,36.17,-119.746,CA,2,"California, United States",US,USCA,,36.17,-119.746,CA,2,"California, United States",US,USCA,,36.17,-119.746,CA,20181026053000,Appeal,Verbal cooperation
797629685,20181026,201810,CHN,CHINA,CHN,,,,,,,,USA,UNITED STATES,USA,,,,,,,,1,025,025,02,1,-0.3,10,1,10,-3.4965034965035,4,"Gao Feng, Sichuan, China",CH,CH32,13270,32.0105,104.019,10334640,4,"Gao Feng, Sichuan, China",CH,CH32,13270,32.0105,104.019,10334640,4,"Gao Feng, Sichuan, China",CH,CH32,13270,32.0105,104.019,10334640,20181026054500,Appeal,Verbal cooperation
797629687,20181026,201810,CHN,CHINA,CHN,,,,,,,,USA,UNITED STATES,USA,,,,,,,,1,025,025,02,1,-0.3,8,1,8,-3.4965034965035,4,"Gao Feng, Sichuan, China",CH,CH32,13270,32.0105,104.019,10334640,1,United States,US,US,,39.828175,-98.5795,US,1,United States,US,US,,39.828175,-98.5795,US,20181026054500,Appeal,Verbal cooperation
797629691,20181026,201810,CHN,CHINA,CHN,,,,,,,,USA,UNITED STATES,USA,,,,,,,,1,112,112,11,3,-2.0,10,1,10,-1.65289256198347,4,"Beijing, Beijing, China",CH,CH22,13001,39.9289,116.388,-1898541,3,"Washington, District of Columbia, United States",US,USDC,DC001,38.8951,-77.0364,531871,3,"Washington, District of Columbia, United States",US,USDC,DC001,38.8951,-77.0364,531871,20181026054500,Disapprove,Verbal conflict
797635219,20181026,201810,CHN,BEIJING,CHN,,,,,,,,USAGOV,THE WHITE HOUSE,USA,,,,,GOV,,,1,042,042,04,1,1.9,6,1,6,-0.757575757575758,4,"Beijing, Beijing, China",CH,CH22,13001,39.9289,116.388,-1898541,3,"White House, District of Columbia, United States",US,USDC,,38.8951,-77.0364,531871,3,"White House, District of Columbia, United States",US,USDC,,38.8951,-77.0364,531871,20181026061500,Consult,Verbal cooperation
797636416,20181026,201810,USAGOV,THE WHITE HOUSE,USA,,,,,GOV,,,CHN,BEIJING,CHN,,,,,,,,1,043,043,04,1,2.8,6,1,6,-0.757575757575758,3,"White House, District of Columbia, United States",US,USDC,,38.8951,-77.0364,531871,4,"Beijing, Beijing, China",CH,CH22,13001,39.9289,116.388,-1898541,3,"White House, District of Columbia, United States",US,USDC,,38.8951,-77.0364,531871,20181026061500,Consult,Verbal cooperation
797640376,20181026,201810,CHN,CHINA,CHN,,,,,,,,USA,NEW YORK,USA,,,,,,,,1,042,042,04,1,1.9,6,1,6,-1.57728706624605,4,"Lixian, Beijing, China",CH,CH22,13001,39.5522,116.445,-1916077,4,"Lixian, Beijing, China",CH,CH22,13001,39.5522,116.445,-1916077,4,"Lixian, Beijing, China",CH,CH22,13001,39.5522,116.445,-1916077,20181026064500,Consult,Verbal cooperation
797641373,20181026,201810,USA,NEW YORK,USA,,,,,,,,CHN,CHINA,CHN,,,,,,,,1,043,043,04,1,2.8,10,1,10,-1.57728706624605,2,"New York, United States",US,USNY,,42.1497,-74.9384,NY,4,"Beijing, Beijing, China",CH,CH22,13001,39.9289,116.388,-1898541,4,"Beijing, Beijing, China",CH,CH22,13001,39.9289,116.388,-1898541,20181026064500,Consult,Verbal cooperation
797641374,20181026,201810,USA,CALIFORNIA,USA,,,,,,,,CHN,CHINA,CHN,,,,,,,,1,061,061,06,2,6.4,8,1,8,-3.06905370843989,1,China,CH,CH,,35.0,105.0,CH,1,China,CH,CH,,35.0,105.0,CH,1,China,CH,CH,,35.0,105.0,CH,20181026064500,Engage in material cooperation,Material cooperation
797645198,20181026,201810,CHN,CHINA,CHN,,,,,,,,USA,UNITED STATES,USA,,,,,,,,1,012,012,01,1,-0.4,8,1,8,-4.26829268292682,1,Hong Kong,HK,HK,,22.25,114.166667,HK,1,Hong Kong,HK,HK,,22.25,114.166667,HK,1,China,CH,CH,,35.0,105.0,CH,20181026071500,Make public statement,Verbal cooperation
797654954,20181026,201810,CHN,CHINA,CHN,,,,,,,,USA,UNITED STATES,USA,,,,,,,,1,061,061,06,2,6.4,10,1,10,-2.94117647058823,1,China,CH,CH,,35.0,105.0,CH,1,China,CH,CH,,35.0,105.0,CH,1,China,CH,CH,,35.0,105.0,CH,20181026081500,Engage in material cooperation,Material cooperation
797656055,20181026,201810,USA,UNITED STATES,USA,,,,,,,,CHN,CHINA,CHN,,,,,,,,1,138,138,13,3,-7.0,6,1,6,4.74452554744525,1,United States,US,US,,39.828175,-98.5795,US,1,China,CH,CH,,35.0,105.0,CH,1,United States,US,US,,39.828175,-98.5795,US,20181026081500,Threaten,Verbal conflict
797660395,20181026,201810,CHN,CHINESE,CHN,,,,,,,,USA,THE US,USA,,,,,,,,1,141,141,14,3,-6.5,7,1,7,-2.77777777777778,1,China,CH,CH,,35.0,105.0,CH,1,Saudi Arabia,SA,SA,,25.0,45.0,SA,1,Saudi Arabia,SA,SA,,25.0,45.0,SA,20181026084500,Protest,Verbal conflict
797660397,20181026,201810,CHN,CHINESE,CHN,,,,,,,,USA,THE US,USA,,,,,,,,1,190,190,19,4,-10.0,7,1,7,-2.77777777777778,4,"Sydney, New South Wales, Australia",AS,AS02,154637,-33.8833,151.217,-1603135,4,"Sydney, New South Wales, Australia",AS,AS02,154637,-33.8833,151.217,-1603135,4,"Sydney, New South Wales, Australia",AS,AS02,154637,-33.8833,151.217,-1603135,20181026084500,Fight,Material conflict
797668529,20181026,201810,USA,THE US,USA,,,,,,,,CHN,CHINA,CHN,,,,,,,,1,111,111,11,3,-2.0,6,1,6,1.17994100294985,1,United Kingdom,UK,UK,,54.0,-4.0,UK,4,"Xiaomi, Fujian, China",CH,CH07,13163,25.2225,116.057,10999868,1,United Kingdom,UK,UK,,54.0,-4.0,UK,20181026091500,Disapprove,Verbal conflict
797683600,20181026,201810,USA,UNITED STATES,USA,,,,,,,,CHN,CHINA,CHN,,,,,,,,1,138,138,13,3,-7.0,6,1,6,3.61702127659574,1,United States,US,US,,39.828175,-98.5795,US,4,"Shenzhen, Guangdong, China",CH,CH30,13036,22.2,111.117,-1925267,1,United States,US,US,,39.828175,-98.5795,US,20181026103000,Threaten,Verbal conflict
797691829,20181026,201810,CHN,CHINA,CHN,,,,,,,,USA,WASHINGTON,USA,,,,,,,,1,112,112,11,3,-2.0,10,1,10,-6.23100303951368,3,"Washington, District of Columbia, United States",US,USDC,DC001,38.8951,-77.0364,531871,3,"Washington, District of Columbia, United States",US,USDC,DC001,38.8951,-77.0364,531871,3,"Washington, District of Columbia, United States",US,USDC,DC001,38.8951,-77.0364,531871,20181026111500,Disapprove,Verbal conflict
797692955,20181026,201810,USA,PITTSBURGH,USA,,,,,,,,CHN,CHINA,CHN,,,,,,,,1,012,012,01,1,-0.4,6,1,6,0.70532915360501,4,"Yanji, Jilin, China",CH,CH05,13176,42.7714,129.423,-1916350,4,"Yanji, Jilin, China",CH,CH05,13176,42.7714,129.423,-1916350,4,"Yanji, Jilin, China",CH,CH05,13176,42.7714,129.423,-1916350,20181026111500,Make public statement,Verbal cooperation
797696335,20181026,201810,USABUS,AMERICAN,USA,,,,,BUS,,,CHN,CHINESE,CHN,,,,,,,,1,040,040,04,1,1.0,6,1,6,-0.940170940170939,4,"Beijing, Beijing, China",CH,CH22,13001,39.9289,116.388,-1898541,4,"Beijing, Beijing, China",CH,CH22,13001,39.9289,116.388,-1898541,4,"Beijing, Beijing, China",CH,CH22,13001,39.9289,116.388,-1898541,20181026113000,Consult,Verbal cooperation
797701058,20181026,201810,CHN,CHINA,CHN,,,,,,,,MNCUSAMED,GOOGLE,USA,,,,,MNC,MED,,1,043,043,04,1,2.8,20,1,10,-2.30088495575222,1,China,CH,CH,,35.0,105.0,CH,1,China,CH,CH,,35.0,105.0,CH,1,China,CH,CH,,35.0,105.0,CH,20181026120000,Consult,Verbal cooperation
797701902,20181026,201810,MNCUSAMED,GOOGLE,USA,,,,,MNC,MED,,CHN,CHINA,CHN,,,,,,,,1,042,042,04,1,1.9,20,1,10,-2.30088495575222,1,China,CH,CH,,35.0,105.0,CH,1,China,CH,CH,,35.0,105.0,CH,1,China,CH,CH,,35.0,105.0,CH,20181026120000,Consult,Verbal cooperation
797717939,20181026,201810,USA,UNITED STATES,USA,,,,,,,,CHN,CHINA,CHN,,,,,,,,1,012,012,01,1,-0.4,10,1,10,-4.43974630021141,1,Australia,AS,AS,,-25.0,135.0,AS,1,Australia,AS,AS,,-25.0,135.0,AS,4,"Ottawa, Ontario, Canada",CA,CA08,12755,45.4167,-75.7,-570760,20181026131500,Make public statement,Verbal cooperation
797721302,20181026,201810,USA,THE US,USA,,,,,,,,CHNGOV,CHINESE,CHN,,,,,GOV,,,1,163,163,16,4,-8.0,8,1,8,-4.03645833333334,1,China,CH,CH,,35.0,105.0,CH,1,China,CH,CH,,35.0,105.0,CH,1,China,CH,CH,,35.0,105.0,CH,20181026133000,Reduce relations,Material conflict
797740750,20181026,201810,CHN,CHINESE,CHN,,,,,,,,USA,UNITED STATES,USA,,,,,,,,1,010,010,01,1,0.0,8,2,8,-1.33475144685907,4,"Beijing, Beijing, China",CH,CH22,13001,39.9289,116.388,-1898541,3,"Washington, District of Columbia, United States",US,USDC,DC001,38.8951,-77.0364,531871,3,"Washington, District of Columbia, United States",US,USDC,DC001,38.8951,-77.0364,531871,20181026150000,Make public statement,Verbal cooperation
797740761,20181026,201810,CHNMIL,CHINESE,CHN,,,,,MIL,,,USA,AMERICAN,USA,,,,,,,,1,010,010,01,1,0.0,12,2,12,-1.33475144685907,4,"Beijing, Beijing, China",CH,CH22,13001,39.9289,116.388,-1898541,3,"Washington, District of Columbia, United States",US,USDC,DC001,38.8951,-77.0364,531871,3,"Washington, District of Columbia, United States",US,USDC,DC001,38.8951,-77.0364,531871,20181026150000,Make public statement,Verbal cooperation
797742071,20181026,201810,USA,UNITED STATES,USA,,,,,,,,CHN,CHINA,CHN,,,,,,,,1,138,138,13,3,-7.0,8,1,8,-3.55263157894737,1,United Kingdom,UK,UK,,54.0,-4.0,UK,1,United Kingdom,UK,UK,,54.0,-4.0,UK,4,"Xiaomi, Fujian, China",CH,CH07,13163,25.2225,116.057,10999868,20181026150000,Threaten,Verbal conflict
797745279,20181026,201810,USA,UNITED STATES,USA,,,,,,,,CHN,CHINA,CHN,,,,,,,,1,012,012,01,1,-0.4,6,1,6,-0.24875621890548,3,"Washington, District of Columbia, United States",US,USDC,DC001,38.8951,-77.0364,531871,4,"Beijing, Beijing, China",CH,CH22,13001,39.9289,116.388,-1898541,3,"Washington, District of Columbia, United States",US,USDC,DC001,38.8951,-77.0364,531871,20181026151500,Make public statement,Verbal cooperation
797747334,20181026,201810,CHN,CHINESE,CHN,,,,,,,,USA,LOS ANGELES,USA,,,,,,,,1,173,173,17,4,-5.0,8,1,8,3.51351351351351,2,"California, United States",US,USCA,,36.17,-119.746,CA,2,"California, United States",US,USCA,,36.17,-119.746,CA,2,"California, United States",US,USCA,,36.17,-119.746,CA,20181026153000,Coerce,Material conflict
797750338,20171026,201710,MNCUSA,GOLDMAN SACHS,USA,,,,,MNC,,,CHN,CHINA,CHN,,,,,,,,1,120,120,12,3,-4.0,8,1,8,1.16279069767441,1,China,CH,CH,,35.0,105.0,CH,1,China,CH,CH,,35.0,105.0,CH,1,China,CH,CH,,35.0,105.0,CH,20181026154500,Reject,Verbal conflict
797752106,20181026,201810,USA,UNITED STATES,USA,,,,,,,,CHN,CHINA,CHN,,,,,,,,1,061,061,06,2,6.4,12,1,12,-2.79720279720279,4,"Beijing, Beijing, China",CH,CH22,13001,39.9289,116.388,-1898541,3,"Smithfield, Illinois, United States",US,USIL,IL057,40.4734,-90.2918,418653,3,"Smithfield, Illinois, United States",US,USIL,IL057,40.4734,-90.2918,418653,20181026154500,Engage in material cooperation,Material cooperation
797771580,20181026,201810,CHNMIL,CHINESE,CHN,,,,,MIL,,,USA,AMERICAN,USA,,,,,,,,1,010,010,01,1,0.0,6,1,6,-2.40963855421687,4,"Taipei, T'ai-pei, Taiwan",TW,TW03,13277,25.0478,121.532,-2637882,4,"Xiangshan, Guangdong, China",CH,CH30,13046,23.6326,116.733,10074537,4,"Xiangshan, Guangdong, China",CH,CH30,13046,23.6326,116.733,10074537,20181026171500,Make public statement,Verbal cooperation
797778076,20181026,201810,CHNBUS,CHINESE,CHN,,,,,BUS,,,USA,FLORIDA,USA,,,,,,,,1,051,051,05,1,3.4,6,1,6,0.19569471624266,2,"Florida, United States",US,USFL,,27.8333,-81.717,FL,2,"Florida, United States",US,USFL,,27.8333,-81.717,FL,2,"Florida, United States",US,USFL,,27.8333,-81.717,FL,20181026174500,Engage in diplomatic cooperation,Verbal cooperation
797783309,20181026,201810,USA,CHICAGO,USA,,,,,,,,CHNOPP,TIBET,CHN,,,,,OPP,,,1,051,051,05,1,3.4,10,1,10,0.0,3,"Chicago, Illinois, United States",US,USIL,IL031,41.85,-87.6501,423587,3,"Chicago, Illinois, United States",US,USIL,IL031,41.85,-87.6501,423587,3,"Chicago, Illinois, United States",US,USIL,IL031,41.85,-87.6501,423587,20181026180000,Engage in diplomatic cooperation,Verbal cooperation
797783310,20181026,201810,USA,CHICAGO,USA,,,,,,,,CHNOPP,TIBET,CHN,,,,,OPP,,,1,141,141,14,3,-6.5,10,1,10,0.0,3,"Chicago, Illinois, United States",US,USIL,IL031,41.85,-87.6501,423587,3,"Chicago, Illinois, United States",US,USIL,IL031,41.85,-87.6501,423587,3,"Chicago, Illinois, United States",US,USIL,IL031,41.85,-87.6501,423587,20181026180000,Protest,Verbal conflict
797785008,20181026,201810,CHN,CHINA,CHN,,,,,,,,USA,UNITED STATES,USA,,,,,,,,1,012,012,01,1,-0.4,6,1,6,-3.30578512396694,4,"Beijing, Beijing, China",CH,CH22,13001,39.9289,116.388,-1898541,3,"Washington, District of Columbia, United States",US,USDC,DC001,38.8951,-77.0364,531871,3,"Washington, District of Columbia, United States",US,USDC,DC001,38.8951,-77.0364,531871,20181026181500,Make public statement,Verbal cooperation
797785009,20181026,201810,CHN,CHINA,CHN,,,,,,,,USA,UNITED STATES,USA,,,,,,,,1,110,110,11,3,-2.0,8,1,8,-3.30578512396694,4,"Beijing, Beijing, China",CH,CH22,13001,39.9289,116.388,-1898541,3,"Washington, District of Columbia, United States",US,USDC,DC001,38.8951,-77.0364,531871,4,"Beijing, Beijing, China",CH,CH22,13001,39.9289,116.388,-1898541,20181026181500,Disapprove,Verbal conflict
797791151,20181026,201810,CHN,CHINA,CHN,,,,,,,,USA,AMERICAN,USA,,,,,,,,1,042,042,04,1,1.9,8,1,8,2.0997375328084,1,China,CH,CH,,35.0,105.0,CH,1,United States,US,US,,39.828175,-98.5795,US,1,United States,US,US,,39.828175,-98.5795,US,20181026184500,Consult,Verbal cooperation
797792785,20181026,201810,USA,AMERICAN,USA,,,,,,,,CHN,CHINA,CHN,,,,,,,,1,043,043,04,1,2.8,8,1,8,2.0997375328084,1,United States,US,US,,39.828175,-98.5795,US,1,China,CH,CH,,35.0,105.0,CH,1,United States,US,US,,39.828175,-98.5795,US,20181026184500,Consult,Verbal cooperation
797801717,20181026,201810,USA,AMERICAN,USA,,,,,,,,CHN,CHINA,CHN,,,,,,,,1,061,061,06,2,6.4,8,1,8,-4.41988950276243,1,China,CH,CH,,35.0,105.0,CH,2,"North Dakota, United States",US,USND,,47.5362,-99.793,ND,2,"North Dakota, United States",US,USND,,47.5362,-99.793,ND,20181026193000,Engage in material cooperation,Material cooperation
797807367,20181026,201810,USA,UNITED STATES,USA,,,,,,,,CHN,CHINA,CHN,,,,,,,,1,061,061,06,2,6.4,10,1,10,-0.60422960725075,1,United States,US,US,,39.828175,-98.5795,US,1,United States,US,US,,39.828175,-98.5795,US,1,United States,US,US,,39.828175,-98.5795,US,20181026200000,Engage in material cooperation,Material cooperation
797808866,20181026,201810,CHN,CANTON,CHN,,,,,,,,USAEDU,LAWRENCE,USA,,,,,EDU,,,1,036,036,03,1,4.0,10,1,10,1.98019801980198,1,China,CH,CH,,35.0,105.0,CH,1,China,CH,CH,,35.0,105.0,CH,1,China,CH,CH,,35.0,105.0,CH,20181026201500,Express intent to cooperate,Verbal cooperation
797808867,20181026,201810,CHN,CANTON,CHN,,,,,,,,USAEDU,LAWRENCE,USA,,,,,EDU,,,1,036,036,03,1,4.0,10,1,10,4.8582995951417,1,United States,US,US,,39.828175,-98.5795,US,1,United States,US,US,,39.828175,-98.5795,US,1,United States,US,US,,39.828175,-98.5795,US,20181026201500,Express intent to cooperate,Verbal cooperation
797810227,20181026,201810,USAEDU,LAWRENCE,USA,,,,,EDU,,,CHN,CANTON,CHN,,,,,,,,1,036,036,03,1,4.0,20,1,20,3.41924880747184,1,China,CH,CH,,35.0,105.0,CH,1,China,CH,CH,,35.0,105.0,CH,1,China,CH,CH,,35.0,105.0,CH,20181026201500,Express intent to cooperate,Verbal cooperation
797812472,20181026,201810,USA,UNITED STATES,USA,,,,,,,,CHN,CHINA,CHN,,,,,,,,1,046,046,04,1,7.0,10,1,10,-2.44299674267101,5,"Inner Mongolia, Nei Mongol, China",CH,CH20,13198,44.0,112.0,-1920094,5,"Inner Mongolia, Nei Mongol, China",CH,CH20,13198,44.0,112.0,-1920094,5,"Inner Mongolia, Nei Mongol, China",CH,CH20,13198,44.0,112.0,-1920094,20181026203000,Consult,Verbal cooperation
797813735,20181026,201810,CHN,CHINA,CHN,,,,,,,,USA,WASHINGTON,USA,,,,,,,,1,042,042,04,1,1.9,9,1,9,0.65359477124183,4,"Chengdu, Sichuan, China",CH,CH32,13270,30.6667,104.067,-1900349,4,"Chengdu, Sichuan, China",CH,CH32,13270,30.6667,104.067,-1900349,4,"Chengdu, Sichuan, China",CH,CH32,13270,30.6667,104.067,-1900349,20181026204500,Consult,Verbal cooperation
797814928,20181026,201810,USA,WASHINGTON,USA,,,,,,,,CHN,CHINA,CHN,,,,,,,,1,043,043,04,1,2.8,7,1,7,0.65359477124183,3,"Washington, District of Columbia, United States",US,USDC,DC001,38.8951,-77.0364,531871,4,"Beijing, Beijing, China",CH,CH22,13001,39.9289,116.388,-1898541,4,"Beijing, Beijing, China",CH,CH22,13001,39.9289,116.388,-1898541,20181026204500,Consult,Verbal cooperation
797821474,20181026,201810,CHN,CHINESE,CHN,,,,,,,,MNCUSAMED,GOOGLE,USA,,,,,MNC,MED,,1,090,090,09,2,-2.0,15,1,10,-3.2967032967033,1,China,CH,CH,,35.0,105.0,CH,1,China,CH,CH,,35.0,105.0,CH,1,China,CH,CH,,35.0,105.0,CH,20181026213000,Investigate,Material cooperation
797822559,20181026,201810,USA,DELAWARE,USA,,,,,,,,CHN,CHINA,CHN,,,,,,,,1,020,020,02,1,3.0,8,1,8,1.85185185185185,2,"Delaware, United States",US,USDE,,39.3498,-75.5148,DE,1,China,CH,CH,,35.0,105.0,CH,1,China,CH,CH,,35.0,105.0,CH,20181026213000,Appeal,Verbal cooperation
797825241,20181026,201810,USA,UNITED STATES,USA,,,,,,,,CHN,CHINA,CHN,,,,,,,,1,030,030,03,1,4.0,8,1,8,-5.28266913809083,1,United States,US,US,,39.828175,-98.5795,US,1,China,CH,CH,,35.0,105.0,CH,1,China,CH,CH,,35.0,105.0,CH,20181026214500,Express intent to cooperate,Verbal cooperation
797825242,20181026,201810,USA,NEW YORK,USA,,,,,,,,CHN,CHINESE,CHN,,,,,,,,1,090,090,09,2,-2.0,6,1,6,-4.41860465116279,1,Russia,RS,RS,,60.0,100.0,RS,1,Russia,RS,RS,,60.0,100.0,RS,1,Russia,RS,RS,,60.0,100.0,RS,20181026214500,Investigate,Material cooperation
797844368,20181027,201810,CHN,CANTON,CHN,,,,,,,,USAEDU,LAWRENCE,USA,,,,,EDU,,,1,036,036,03,1,4.0,10,1,10,0.980392156862745,1,United States,US,US,,39.828175,-98.5795,US,1,United States,US,US,,39.828175,-98.5795,US,1,United States,US,US,,39.828175,-98.5795,US,20181027000000,Express intent to cooperate,Verbal cooperation
797844369,20181027,201810,CHN,CANTON,CHN,,,,,,,,USAEDU,LAWRENCE,USA,,,,,EDU,,,1,043,043,04,1,2.8,8,1,8,0.980392156862745,1,China,CH,CH,,35.0,105.0,CH,1,China,CH,CH,,35.0,105.0,CH,1,China,CH,CH,,35.0,105.0,CH,20181027000000,Consult,Verbal cooperation
797847293,20181027,201810,USAEDU,LAWRENCE,USA,,,,,EDU,,,CHN,CANTON,CHN,,,,,,,,1,036,036,03,1,4.0,10,1,10,0.980392156862745,1,China,CH,CH,,35.0,105.0,CH,1,China,CH,CH,,35.0,105.0,CH,1,China,CH,CH,,35.0,105.0,CH,20181027000000,Express intent to cooperate,Verbal cooperation
797847294,20181027,201810,USAEDU,LAWRENCE,USA,,,,,EDU,,,CHN,CANTON,CHN,,,,,,,,1,042,042,04,1,1.9,8,1,8,0.980392156862745,1,China,CH,CH,,35.0,105.0,CH,1,China,CH,CH,,35.0,105.0,CH,1,China,CH,CH,,35.0,105.0,CH,20181027000000,Consult,Verbal cooperation
797854215,20181027,201810,USA,PITTSBURGH,USA,,,,,,,,CHN,CHINA,CHN,,,,,,,,1,012,012,01,1,-0.4,6,1,6,-0.93457943925233,4,"Beijing, Beijing, China",CH,CH22,13001,39.9289,116.388,-1898541,4,"Beijing, Beijing, China",CH,CH22,13001,39.9289,116.388,-1898541,4,"Beijing, Beijing, China",CH,CH22,13001,39.9289,116.388,-1898541,20181027003000,Make public statement,Verbal cooperation
797859427,20181027,201810,CHN,CHINA,CHN,,,,,,,,USA,UNITED STATES,USA,,,,,,,,1,061,061,06,2,6.4,10,1,10,-2.37467018469657,1,China,CH,CH,,35.0,105.0,CH,1,China,CH,CH,,35.0,105.0,CH,1,China,CH,CH,,35.0,105.0,CH,20181027010000,Engage in material cooperation,Material cooperation
797867479,20181027,201810,USA,UNITED STATES,USA,,,,,,,,CHN,CHINESE,CHN,,,,,,,,1,090,090,09,2,-2.0,8,1,8,-1.40280561122244,4,"Shanghai, Shanghai, China",CH,CH23,13243,31.2222,121.458,-1924465,4,"Shanghai, Shanghai, China",CH,CH23,13243,31.2222,121.458,-1924465,4,"Shanghai, Shanghai, China",CH,CH23,13243,31.2222,121.458,-1924465,20181027013000,Investigate,Material cooperation
797876100,20181027,201810,CHN,CHINESE,CHN,,,,,,,,USA,UNITED STATES,USA,,,,,,,,1,060,060,06,2,6.0,10,1,10,-2.20588235294117,1,China,CH,CH,,35.0,105.0,CH,1,India,IN,IN,,20.0,77.0,IN,1,India,IN,IN,,20.0,77.0,IN,20181027023000,Engage in material cooperation,Material cooperation
797892537,20181027,201810,USA,UNITED STATES,USA,,,,,,,,CHN,CHINA,CHN,,,,,,,,1,061,061,06,2,6.4,6,1,6,-3.17460317460318,4,"Beijing, Beijing, China",CH,CH22,13001,39.9289,116.388,-1898541,3,"Smithfield, Illinois, United States",US,USIL,IL057,40.4734,-90.2918,418653,3,"Smithfield, Illinois, United States",US,USIL,IL057,40.4734,-90.2918,418653,20181027043000,Engage in material cooperation,Material cooperation
797894566,20181027,201810,USA,AMERICAN,USA,,,,,,,,CHN,SHENZHEN,CHN,,,,,,,,1,061,061,06,2,6.4,7,1,7,-1.32780082987552,2,"California, United States",US,USCA,,36.17,-119.746,CA,4,"Shenzhen, Guangdong, China",CH,CH30,13036,22.2,111.117,-1925267,2,"California, United States",US,USCA,,36.17,-119.746,CA,20181027044500,Engage in material cooperation,Material cooperation
797894567,20181027,201810,USA,UNITED STATES,USA,,,,,,,,CHN,CHINA,CHN,,,,,,,,1,138,138,13,3,-7.0,6,1,6,4.31034482758621,1,United States,US,US,,39.828175,-98.5795,US,1,China,CH,CH,,35.0,105.0,CH,1,United States,US,US,,39.828175,-98.5795,US,20181027044500,Threaten,Verbal conflict
797898967,20171027,201710,MNCUSA,GOLDMAN SACHS,USA,,,,,MNC,,,CHN,CHINA,CHN,,,,,,,,1,120,120,12,3,-4.0,8,1,8,0.0,1,China,CH,CH,,35.0,105.0,CH,1,China,CH,CH,,35.0,105.0,CH,1,China,CH,CH,,35.0,105.0,CH,20181027053000,Reject,Verbal conflict
797906330,20181027,201810,CHNGOV,XI JINPING,CHN,,,,,GOV,,,USA,ALASKA,USA,,,,,,,,1,042,042,04,1,1.9,6,1,6,0.719424460431655,4,"Shanghai, Shanghai, China",CH,CH23,13243,31.2222,121.458,-1924465,2,"Alaska, United States",US,USAK,,61.385,-152.268,AK,2,"Alaska, United States",US,USAK,,61.385,-152.268,AK,20181027063000,Consult,Verbal cooperation
797907117,20181027,201810,USA,ALASKA,USA,,,,,,,,CHNGOV,XI JINPING,CHN,,,,,GOV,,,1,043,043,04,1,2.8,6,1,6,0.719424460431655,2,"Alaska, United States",US,USAK,,61.385,-152.268,AK,4,"Shanghai, Shanghai, China",CH,CH23,13243,31.2222,121.458,-1924465,2,"Alaska, United States",US,USAK,,61.385,-152.268,AK,20181027063000,Consult,Verbal cooperation
797935994,20181027,201810,CHN,CHINA,CHN,,,,,,,,USA,UNITED STATES,USA,,,,,,,,1,0311,031,03,1,5.2,6,1,6,-0.27855153203343,4,"Shanghai, Shanghai, China",CH,CH23,13243,31.2222,121.458,-1924465,4,"Shanghai, Shanghai, China",CH,CH23,13243,31.2222,121.458,-1924465,4,"Shanghai, Shanghai, China",CH,CH23,13243,31.2222,121.458,-1924465,20181027101500,Express intent to cooperate,Verbal cooperation
797958873,20181027,201810,CHN,CHINA,CHN,,,,,,,,USA,OREGON,USA,,,,,,,,1,042,042,04,1,1.9,8,2,8,1.57431666727239,2,"Oregon, United States",US,USOR,,44.5672,-122.127,OR,2,"Oregon, United States",US,USOR,,44.5672,-122.127,OR,2,"Oregon, United States",US,USOR,,44.5672,-122.127,OR,20181027130000,Consult,Verbal cooperation
797959601,20181027,201810,USA,OREGON,USA,,,,,,,,CHN,CHINA,CHN,,,,,,,,1,043,043,04,1,2.8,16,2,16,1.57431666727239,2,"Oregon, United States",US,USOR,,44.5672,-122.127,OR,4,"Shanghai, Shanghai, China",CH,CH23,13243,31.2222,121.458,-1924465,4,"Shanghai, Shanghai, China",CH,CH23,13243,31.2222,121.458,-1924465,20181027130000,Consult,Verbal cooperation
797959607,20181027,201810,USA,OREGON,USA,,,,,,,,CHN,CHINA,CHN,,,,,,,,1,061,061,06,2,6.4,12,2,12,1.57431666727239,2,"Oregon, United States",US,USOR,,44.5672,-122.127,OR,4,"Shanghai, Shanghai, China",CH,CH23,13243,31.2222,121.458,-1924465,2,"Oregon, United States",US,USOR,,44.5672,-122.127,OR,20181027130000,Engage in material cooperation,Material cooperation
797965886,20181020,201810,CHN,CHINESE,CHN,,,,,,,,USA,WASHINGTON,USA,,,,,,,,1,036,036,03,1,4.0,6,1,6,-4.39560439560439,4,"South China Sea, Brunei (general), Brunei",BX,BX00,,15.0,115.0,-1337919,4,"South China Sea, Brunei (general), Brunei",BX,BX00,,15.0,115.0,-1337919,4,"South China Sea, Brunei (general), Brunei",BX,BX00,,15.0,115.0,-1337919,20181027140000,Express intent to cooperate,Verbal cooperation
797989226,20181027,201810,USA,WASHINGTON,USA,,,,,,,,CHN,CHINA,CHN,,,,,,,,1,0356,035,03,1,7.0,8,1,8,-1.41442715700141,3,"Washington, District of Columbia, United States",US,USDC,DC001,38.8951,-77.0364,531871,4,"Beijing, Beijing, China",CH,CH22,13001,39.9289,116.388,-1898541,1,Argentina,AR,AR,,-34.0,-64.0,AR,20181027164500,Express intent to cooperate,Verbal cooperation
798007326,20181027,201810,CHN,CHINESE,CHN,,,,,,,,MNCUSAMED,QUALCOMM,USA,,,,,MNC,MED,,1,020,020,02,1,3.0,10,1,10,-2.66666666666667,1,China,CH,CH,,35.0,105.0,CH,1,China,CH,CH,,35.0,105.0,CH,1,China,CH,CH,,35.0,105.0,CH,20181027193000,Appeal,Verbal cooperation
798012413,20181027,201810,CHN,BEIJING,CHN,,,,,,,,USA,THE US,USA,,,,,,,,1,040,040,04,1,1.0,10,1,10,-0.42826552462527,4,"Beijing, Beijing, China",CH,CH22,13001,39.9289,116.388,-1898541,4,"Beijing, Beijing, China",CH,CH22,13001,39.9289,116.388,-1898541,4,"Beijing, Beijing, China",CH,CH22,13001,39.9289,116.388,-1898541,20181027201500,Consult,Verbal cooperation
798013178,20181027,201810,USA,THE US,USA,,,,,,,,CHN,BEIJING,CHN,,,,,,,,1,040,040,04,1,1.0,10,1,10,-0.42826552462527,4,"Beijing, Beijing, China",CH,CH22,13001,39.9289,116.388,-1898541,4,"Beijing, Beijing, China",CH,CH22,13001,39.9289,116.388,-1898541,4,"Beijing, Beijing, China",CH,CH22,13001,39.9289,116.388,-1898541,20181027201500,Consult,Verbal cooperation
798016916,20181027,201810,CHN,GREAT WALL,CHN,,,,,,,,USA,COLUMBUS,USA,,,,,,,,1,036,036,03,1,4.0,10,1,10,-3.01724137931035,2,"Ohio, United States",US,USOH,,40.3736,-82.7755,OH,3,"Columbus, Ohio, United States",US,USOH,OH049,39.9612,-82.9988,1080996,2,"Ohio, United States",US,USOH,,40.3736,-82.7755,OH,20181027210000,Express intent to cooperate,Verbal cooperation
798017624,20181027,201810,USA,COLUMBUS,USA,,,,,,,,CHN,GREAT WALL,CHN,,,,,,,,1,036,036,03,1,4.0,10,1,10,-3.01724137931035,3,"Columbus, Ohio, United States",US,USOH,OH049,39.9612,-82.9988,1080996,2,"Ohio, United States",US,USOH,,40.3736,-82.7755,OH,2,"Ohio, United States",US,USOH,,40.3736,-82.7755,OH,20181027210000,Express intent to cooperate,Verbal cooperation
798021775,20181027,201810,USA,THE US,USA,,,,,,,,CHN,CHINA,CHN,,,,,,,,1,036,036,03,1,4.0,10,1,10,1.80995475113122,1,China,CH,CH,,35.0,105.0,CH,1,China,CH,CH,,35.0,105.0,CH,1,China,CH,CH,,35.0,105.0,CH,20181027214500,Express intent to cooperate,Verbal cooperation
798021778,20181027,201810,USA,WASHINGTON,USA,,,,,,,,CHN,CHINA,CHN,,,,,,,,1,040,040,04,1,1.0,6,1,6,-1.26582278481013,3,"White House, District of Columbia, United States",US,USDC,,38.8951,-77.0364,531871,3,"White House, District of Columbia, United States",US,USDC,,38.8951,-77.0364,531871,3,"White House, District of Columbia, United States",US,USDC,,38.8951,-77.0364,531871,20181027214500,Consult,Verbal cooperation
798025617,20181027,201810,CHN,BEIJING,CHN,,,,,,,,USA,A US,USA,,,,,,,,1,112,112,11,3,-2.0,10,1,10,-6.89655172413793,4,"Beijing, Beijing, China",CH,CH22,13001,39.9289,116.388,-1898541,1,Russia,RS,RS,,60.0,100.0,RS,1,Russia,RS,RS,,60.0,100.0,RS,20181027223000,Disapprove,Verbal conflict
798028046,20181027,201810,USAMED,REUTERS,USA,,,,,MED,,,CHN,CHINA,CHN,,,,,,,,1,163,163,16,4,-8.0,10,1,10,-9.52380952380951,4,"Beijing, Beijing, China",CH,CH22,13001,39.9289,116.388,-1898541,4,"Beijing, Beijing, China",CH,CH22,13001,39.9289,116.388,-1898541,3,"Washington, District of Columbia, United States",US,USDC,DC001,38.8951,-77.0364,531871,20181027224500,Reduce relations,Material conflict
798031305,20181027,201810,CHN,BEIJING,CHN,,,,,,,,USA,A US,USA,,,,,,,,1,112,112,11,3,-2.0,10,1,10,-7.69230769230769,4,"Beijing, Beijing, China",CH,CH22,13001,39.9289,116.388,-1898541,4,"Moscow, Moskva, Russia",RS,RS48,25106,55.7522,37.6156,-2960561,4,"Moscow, Moskva, Russia",RS,RS48,25106,55.7522,37.6156,-2960561,20181027233000,Disapprove,Verbal conflict
798032512,20181027,201810,CHN,CHINA,CHN,,,,,,,,USA,UNITED STATES,USA,,,,,,,,1,050,050,05,1,3.5,10,1,10,7.14285714285715,1,China,CH,CH,,35.0,105.0,CH,1,China,CH,CH,,35.0,105.0,CH,1,China,CH,CH,,35.0,105.0,CH,20181027234500,Engage in diplomatic cooperation,Verbal cooperation
798033156,20181027,201810,USA,UNITED STATES,USA,,,,,,,,CHN,CHINA,CHN,,,,,,,,1,050,050,05,1,3.5,8,1,8,7.14285714285715,3,"Houston, Texas, United States",US,USTX,TX201,29.7633,-95.3633,1380948,1,China,CH,CH,,35.0,105.0,CH,3,"Houston, Texas, United States",US,USTX,TX201,29.7633,-95.3633,1380948,20181027234500,Engage in diplomatic cooperation,Verbal cooperation
798054076,20181021,201810,CHN,CHINESE,CHN,,,,,,,,USA,WASHINGTON,USA,,,,,,,,1,036,036,03,1,4.0,10,1,10,-4.29447852760737,4,"Beijing, Beijing, China",CH,CH22,13001,39.9289,116.388,-1898541,4,"Beijing, Beijing, China",CH,CH22,13001,39.9289,116.388,-1898541,4,"Beijing, Beijing, China",CH,CH22,13001,39.9289,116.388,-1898541,20181028021500,Express intent to cooperate,Verbal cooperation
798055265,20181028,201810,USA,THE US,USA,,,,,,,,CHN,CHINA,CHN,,,,,,,,1,040,040,04,1,1.0,12,1,10,-1.24513618677043,4,"Nanjing, Jiangsu, China",CH,CH04,13144,32.0617,118.778,-1919548,4,"Nanjing, Jiangsu, China",CH,CH04,13144,32.0617,118.778,-1919548,4,"Nanjing, Jiangsu, China",CH,CH04,13144,32.0617,118.778,-1919548,20181028021500,Consult,Verbal cooperation
798055269,20181028,201810,USA,WASHINGTON,USA,,,,,,,,CHN,CHINA,CHN,,,,,,,,1,040,040,04,1,1.0,6,1,6,-1.24513618677043,3,"White House, District of Columbia, United States",US,USDC,,38.8951,-77.0364,531871,3,"White House, District of Columbia, United States",US,USDC,,38.8951,-77.0364,531871,3,"White House, District of Columbia, United States",US,USDC,,38.8951,-77.0364,531871,20181028021500,Consult,Verbal cooperation
798058895,20181028,201810,CHN,CHINA,CHN,,,,,,,,USA,PITTSBURGH,USA,,,,,,,,1,193,193,19,4,-10.0,10,1,10,-7.43494423791821,2,"Indiana, United States",US,USIN,,39.8647,-86.2604,IN,2,"Indiana, United States",US,USIN,,39.8647,-86.2604,IN,2,"Indiana, United States",US,USIN,,39.8647,-86.2604,IN,20181028030000,Fight,Material conflict
798069190,20181028,201810,CHN,CHINESE,CHN,,,,,,,,USA,WASHINGTON,USA,,,,,,,,1,036,036,03,1,4.0,8,1,8,-3.2258064516129,4,"Beijing, Beijing, China",CH,CH22,13001,39.9289,116.388,-1898541,4,"Beijing, Beijing, China",CH,CH22,13001,39.9289,116.388,-1898541,4,"Beijing, Beijing, China",CH,CH22,13001,39.9289,116.388,-1898541,20181028044500,Express intent to cooperate,Verbal cooperation
798071768,20181028,201810,USA,AMERICAN,USA,,,,,,,,CHN,SHENZHEN,CHN,,,,,,,,1,061,061,06,2,6.4,7,1,7,-1.32780082987552,2,"California, United States",US,USCA,,36.17,-119.746,CA,4,"Shenzhen, Guangdong, China",CH,CH30,13036,22.2,111.117,-1925267,2,"California, United States",US,USCA,,36.17,-119.746,CA,20181028050000,Engage in material cooperation,Material cooperation
798071769,20181028,201810,USA,WASHINGTON,USA,,,,,,,,CHN,CHINA,CHN,,,,,,,,1,112,112,11,3,-2.0,6,1,6,-4.95626822157435,3,"Washington, District of Columbia, United States",US,USDC,DC001,38.8951,-77.0364,531871,4,"Beijing, Beijing, China",CH,CH22,13001,39.9289,116.388,-1898541,4,"Beijing, Beijing, China",CH,CH22,13001,39.9289,116.388,-1898541,20181028050000,Disapprove,Verbal conflict
798074755,20181028,201810,USA,UNITED STATES,USA,,,,,,,,CHN,CHINA,CHN,,,,,,,,1,138,138,13,3,-7.0,6,1,6,3.51966873706004,1,United States,US,US,,39.828175,-98.5795,US,4,"Shenzhen, Guangdong, China",CH,CH30,13036,22.2,111.117,-1925267,1,United States,US,US,,39.828175,-98.5795,US,20181028053000,Threaten,Verbal conflict
798075527,20181028,201810,CHN,CHINA,CHN,,,,,,,,USA,UNITED STATES,USA,,,,,,,,1,050,050,05,1,3.5,10,1,10,7.32758620689655,1,China,CH,CH,,35.0,105.0,CH,1,China,CH,CH,,35.0,105.0,CH,1,China,CH,CH,,35.0,105.0,CH,20181028054500,Engage in diplomatic cooperation,Verbal cooperation
798076212,20181028,201810,USA,UNITED STATES,USA,,,,,,,,CHN,CHINA,CHN,,,,,,,,1,050,050,05,1,3.5,8,1,8,7.32758620689655,3,"Houston, Texas, United States",US,USTX,TX201,29.7633,-95.3633,1380948,1,China,CH,CH,,35.0,105.0,CH,3,"Houston, Texas, United States",US,USTX,TX201,29.7633,-95.3633,1380948,20181028054500,Engage in diplomatic cooperation,Verbal cooperation
798096350,20181028,201810,USA,TENNESSEE,USA,,,,,,,,CHN,CHINA,CHN,,,,,,,,1,061,061,06,2,6.4,10,1,10,-0.97680097680097,2,"Tennessee, United States",US,USTN,,35.7449,-86.7489,TN,2,"Tennessee, United States",US,USTN,,35.7449,-86.7489,TN,2,"Tennessee, United States",US,USTN,,35.7449,-86.7489,TN,20181028084500,Engage in material cooperation,Material cooperation
798097249,20181028,201810,CHN,CHINA,CHN,,,,,,,,USA,UNITED STATES,USA,,,,,,,,1,050,050,05,1,3.5,8,1,8,7.31707317073171,1,China,CH,CH,,35.0,105.0,CH,3,"Houston, Texas, United States",US,USTX,TX201,29.7633,-95.3633,1380948,3,"Houston, Texas, United States",US,USTX,TX201,29.7633,-95.3633,1380948,20181028090000,Engage in diplomatic cooperation,Verbal cooperation
798100467,20181028,201810,CHN,CHINESE,CHN,,,,,,,,USA,NEW YORK,USA,,,,,,,,1,043,043,04,1,2.8,8,1,8,-0.31948881789137,1,India,IN,IN,,20.0,77.0,IN,1,India,IN,IN,,20.0,77.0,IN,1,India,IN,IN,,20.0,77.0,IN,20181028093000,Consult,Verbal cooperation
798100477,20181028,201810,CHNGOVMED,CHINESE,CHN,,,,,GOV,MED,,USA,PITTSBURGH,USA,,,,,,,,1,193,193,19,4,-10.0,6,1,6,-9.22330097087378,4,"Xinjiang, Jiangxi, China",CH,CH03,13167,27.7481,116.274,11065838,4,"Xinjiang, Jiangxi, China",CH,CH03,13167,27.7481,116.274,11065838,4,"Xinjiang, Jiangxi, China",CH,CH03,13167,27.7481,116.274,11065838,20181028093000,Fight,Material conflict
798101056,20181028,201810,USA,NEW YORK,USA,,,,,,,,CHN,CHINESE,CHN,,,,,,,,1,042,042,04,1,1.9,6,1,6,-0.31948881789137,2,"New York, United States",US,USNY,,42.1497,-74.9384,NY,4,"Xiaomi, Fujian, China",CH,CH07,13163,25.2225,116.057,10999868,4,"Xiaomi, Fujian, China",CH,CH07,13163,25.2225,116.057,10999868,20181028093000,Consult,Verbal cooperation
798106617,20181028,201810,CHN,CHINA,CHN,,,,,,,,USA,UNITED STATES,USA,,,,,,,,1,013,013,01,1,0.4,6,1,6,-0.85653104925053,1,Australia,AS,AS,,-25.0,135.0,AS,1,Australia,AS,AS,,-25.0,135.0,AS,1,Australia,AS,AS,,-25.0,135.0,AS,20181028103000,Make public statement,Verbal cooperation
798109266,20181028,201810,USA,LAWRENCE,USA,,,,,,,,CHN,CANTON,CHN,,,,,,,,1,173,173,17,4,-5.0,10,1,10,-11.3467656415695,1,China,CH,CH,,35.0,105.0,CH,1,China,CH,CH,,35.0,105.0,CH,1,China,CH,CH,,35.0,105.0,CH,20181028104500,Coerce,Material conflict
798113956,20181028,201810,CHN,CHINA,CHN,,,,,,,,USA,THE US,USA,,,,,,,,1,112,112,11,3,-2.0,40,1,10,-9.41828254847644,1,China,CH,CH,,35.0,105.0,CH,1,China,CH,CH,,35.0,105.0,CH,1,China,CH,CH,,35.0,105.0,CH,20181028113000,Disapprove,Verbal conflict
798119592,20181028,201810,CHN,CHINA,CHN,,,,,,,,USA,UNITED STATES,USA,,,,,,,,1,061,061,06,2,6.4,8,1,8,4.61095100864554,1,China,CH,CH,,35.0,105.0,CH,1,United States,US,US,,39.828175,-98.5795,US,1,United States,US,US,,39.828175,-98.5795,US,20181028121500,Engage in material cooperation,Material cooperation
798120528,20181028,201810,USA,UNITED STATES,USA,,,,,,,,CHN,CHINA,CHN,,,,,,,,1,061,061,06,2,6.4,10,1,10,4.61095100864554,1,Canada,CA,CA,,60.0,-96.0,CA,1,Canada,CA,CA,,60.0,-96.0,CA,1,Canada,CA,CA,,60.0,-96.0,CA,20181028121500,Engage in material cooperation,Material cooperation
798123463,20181028,201810,CHN,CHINESE,CHN,,,,,,,,USA,UNITED STATES,USA,,,,,,,,1,036,036,03,1,4.0,10,1,10,-2.41691842900302,1,China,CH,CH,,35.0,105.0,CH,3,"Washington, District of Columbia, United States",US,USDC,DC001,38.8951,-77.0364,531871,4,"Moscow, Moskva, Russia",RS,RS48,25106,55.7522,37.6156,-2960561,20181028124500,Express intent to cooperate,Verbal cooperation
798124112,20181028,201810,USA,UNITED STATES,USA,,,,,,,,CHN,CHINESE,CHN,,,,,,,,1,020,020,02,1,3.0,10,1,10,-2.41691842900302,3,"Washington, District of Columbia, United States",US,USDC,DC001,38.8951,-77.0364,531871,1,China,CH,CH,,35.0,105.0,CH,3,"Washington, District of Columbia, United States",US,USDC,DC001,38.8951,-77.0364,531871,20181028124500,Appeal,Verbal cooperation
798124113,20181028,201810,USA,UNITED STATES,USA,,,,,,,,CHN,CHINESE,CHN,,,,,,,,1,036,036,03,1,4.0,10,1,10,-2.41691842900302,3,"Washington, District of Columbia, United States",US,USDC,DC001,38.8951,-77.0364,531871,1,China,CH,CH,,35.0,105.0,CH,4,"Moscow, Moskva, Russia",RS,RS48,25106,55.7522,37.6156,-2960561,20181028124500,Express intent to cooperate,Verbal cooperation
798127570,20181028,201810,USA,NEW YORK,USA,,,,,,,,CHN,BEIJING,CHN,,,,,,,,1,080,080,08,2,5.0,9,1,9,-1.61870503597122,2,"New York, United States",US,USNY,,42.1497,-74.9384,NY,2,"New York, United States",US,USNY,,42.1497,-74.9384,NY,2,"New York, United States",US,USNY,,42.1497,-74.9384,NY,20181028131500,Yield,Material cooperation
798128732,20181028,201810,CHN,CHINA,CHN,,,,,,,,USA,THE US,USA,,,,,,,,1,130,130,13,3,-4.4,8,1,8,0.22962112514352,1,China,CH,CH,,35.0,105.0,CH,4,"Anatolia, Turkey (general), Turkey",TU,TU00,28356,39.0,35.0,-735281,4,"Anatolia, Turkey (general), Turkey",TU,TU00,28356,39.0,35.0,-735281,20181028133000,Threaten,Verbal conflict
798129580,20181028,201810,USA,THE US,USA,,,,,,,,CHN,CHINA,CHN,,,,,,,,1,061,061,06,2,6.4,10,1,10,-2.57234726688103,4,"Hebei, Jilin, China",CH,CH05,13176,43.0999,129.768,10869701,4,"Hebei, Jilin, China",CH,CH05,13176,43.0999,129.768,10869701,4,"Hebei, Jilin, China",CH,CH05,13176,43.0999,129.768,10869701,20181028133000,Engage in material cooperation,Material cooperation
798135728,20181028,201810,USAMED,REUTERS,USA,,,,,MED,,,CHN,HUNAN,CHN,,,,,,,,1,190,190,19,4,-10.0,7,1,7,-10.0,4,"Beijing, Beijing, China",CH,CH22,13001,39.9289,116.388,-1898541,4,"Hunan, Jiangsu, China",CH,CH04,13155,32.9274,120.18,10865123,4,"Hunan, Jiangsu, China",CH,CH04,13155,32.9274,120.18,10865123,20181028141500,Fight,Material conflict
798143504,20181028,201810,USA,AMERICAN,USA,,,,,,,,CHN,CHINA,CHN,,,,,,,,1,061,061,06,2,6.4,11,1,9,-1.79775280898877,2,"Iowa, United States",US,USIA,,42.0046,-93.214,IA,1,China,CH,CH,,35.0,105.0,CH,2,"Iowa, United States",US,USIA,,42.0046,-93.214,IA,20181028151500,Engage in material cooperation,Material cooperation
798181353,20181028,201810,USA,AMERICAN,USA,,,,,,,,CHN,CHINESE,CHN,,,,,,,,1,060,060,06,2,6.0,6,1,6,3.34928229665072,4,"Paris, France (general), France",FR,FR00,16282,48.8667,2.33333,-1456928,4,"Paris, France (general), France",FR,FR00,16282,48.8667,2.33333,-1456928,4,"Paris, France (general), France",FR,FR00,16282,48.8667,2.33333,-1456928,20181028204500,Engage in material cooperation,Material cooperation
798185071,20181028,201810,CHNBUS,CHINESE,CHN,,,,,BUS,,,USA,FLORIDA,USA,,,,,,,,1,051,051,05,1,3.4,7,1,7,0.0978473581213297,2,"Florida, United States",US,USFL,,27.8333,-81.717,FL,2,"Florida, United States",US,USFL,,27.8333,-81.717,FL,2,"Florida, United States",US,USFL,,27.8333,-81.717,FL,20181028213000,Engage in diplomatic cooperation,Verbal cooperation
798188272,20181028,201810,CHN,CHINA,CHN,,,,,,,,USA,UNITED STATES,USA,,,,,,,,1,012,012,01,1,-0.4,8,1,8,-0.2791346824843,1,China,CH,CH,,35.0,105.0,CH,1,United States,US,US,,39.828175,-98.5795,US,1,United States,US,US,,39.828175,-98.5795,US,20181028220000,Make public statement,Verbal cooperation
798198534,20181028,201810,CHN,CHINESE,CHN,,,,,,,,USA,UNITED STATES,USA,,,,,,,,1,042,042,04,1,1.9,10,1,10,-1.92307692307692,2,"Tennessee, United States",US,USTN,,35.7449,-86.7489,TN,2,"Tennessee, United States",US,USTN,,35.7449,-86.7489,TN,2,"Tennessee, United States",US,USTN,,35.7449,-86.7489,TN,20181028234500,Consult,Verbal cooperation
798199208,20181028,201810,USA,UNITED STATES,USA,,,,,,,,CHN,CHINESE,CHN,,,,,,,,1,043,043,04,1,2.8,6,1,6,-1.92307692307692,2,"Tennessee, United States",US,USTN,,35.7449,-86.7489,TN,4,"Meishan, Anhui, China",CH,CH01,12998,31.7054,118.131,10555370,4,"Meishan, Anhui, China",CH,CH01,12998,31.7054,118.131,10555370,20181028234500,Consult,Verbal cooperation
798223138,20181029,201810,CHNBUS,CHINESE,CHN,,,,,BUS,,,USA,FLORIDA,USA,,,,,,,,1,051,051,05,1,3.4,6,1,6,-0.10080645161291,2,"Florida, United States",US,USFL,,27.8333,-81.717,FL,2,"Florida, United States",US,USFL,,27.8333,-81.717,FL,2,"Florida, United States",US,USFL,,27.8333,-81.717,FL,20181029021500,Engage in diplomatic cooperation,Verbal cooperation
798230545,20181029,201810,USA,OREGON,USA,,,,,,,,CHN,CHINA,CHN,,,,,,,,1,043,043,04,1,2.8,8,1,8,1.4207650273224,2,"Oregon, United States",US,USOR,,44.5672,-122.127,OR,4,"Shanghai, Shanghai, China",CH,CH23,13243,31.2222,121.458,-1924465,4,"Shanghai, Shanghai, China",CH,CH23,13243,31.2222,121.458,-1924465,20181029030000,Consult,Verbal cooperation
798230547,20181029,201810,USA,OREGON,USA,,,,,,,,CHN,CHINA,CHN,,,,,,,,1,061,061,06,2,6.4,6,1,6,1.4207650273224,2,"Oregon, United States",US,USOR,,44.5672,-122.127,OR,4,"Shanghai, Shanghai, China",CH,CH23,13243,31.2222,121.458,-1924465,2,"Oregon, United States",US,USOR,,44.5672,-122.127,OR,20181029030000,Engage in material cooperation,Material cooperation
798233593,20181029,201810,CHN,CHINA,CHN,,,,,,,,USA,UNITED STATES,USA,,,,,,,,1,050,050,05,1,3.5,10,1,10,6.94444444444444,1,China,CH,CH,,35.0,105.0,CH,1,China,CH,CH,,35.0,105.0,CH,1,China,CH,CH,,35.0,105.0,CH,20181029033000,Engage in diplomatic cooperation,Verbal cooperation
798234541,20181029,201810,USA,UNITED STATES,USA,,,,,,,,CHN,CHINA,CHN,,,,,,,,1,050,050,05,1,3.5,6,1,6,6.94444444444444,3,"Houston, Texas, United States",US,USTX,TX201,29.7633,-95.3633,1380948,1,China,CH,CH,,35.0,105.0,CH,3,"Houston, Texas, United States",US,USTX,TX201,29.7633,-95.3633,1380948,20181029033000,Engage in diplomatic cooperation,Verbal cooperation
798236218,20181029,201810,MNCUSAMED,GOOGLE,USA,,,,,MNC,MED,,CHNBUS,CHINA,CHN,,,,,BUS,,,1,090,090,09,2,-2.0,10,1,10,-10.7142857142857,1,China,CH,CH,,35.0,105.0,CH,1,China,CH,CH,,35.0,105.0,CH,1,China,CH,CH,,35.0,105.0,CH,20181029034500,Investigate,Material cooperation
798237439,20181029,201810,CHN,CHINA,CHN,,,,,,,,USA,UNITED STATES,USA,,,,,,,,1,010,010,01,1,0.0,10,1,10,-3.27102803738318,1,Thailand,TH,TH,,15.0,100.0,TH,1,Thailand,TH,TH,,15.0,100.0,TH,1,Thailand,TH,TH,,15.0,100.0,TH,20181029040000,Make public statement,Verbal cooperation
798243755,20181029,201810,USA,WASHINGTON,USA,,,,,,,,CHN,CHINA,CHN,,,,,,,,1,193,193,19,4,-10.0,10,1,10,-4.95049504950495,2,"Pennsylvania, United States",US,USPA,,40.5773,-77.264,PA,2,"Pennsylvania, United States",US,USPA,,40.5773,-77.264,PA,2,"Pennsylvania, United States",US,USPA,,40.5773,-77.264,PA,20181029044500,Fight,Material conflict
798243759,20181029,201810,USA,THE US,USA,,,,,,,,CHNMIL,CHINESE,CHN,,,,,MIL,,,1,130,130,13,3,-4.4,8,1,8,-4.74683544303797,4,"Beijing, Beijing, China",CH,CH22,13001,39.9289,116.388,-1898541,4,"Beijing, Beijing, China",CH,CH22,13001,39.9289,116.388,-1898541,4,"Beijing, Beijing, China",CH,CH22,13001,39.9289,116.388,-1898541,20181029044500,Threaten,Verbal conflict
798244765,20181029,201810,CHN,BEIJING,CHN,,,,,,,,USA,A US,USA,,,,,,,,1,071,071,07,2,7.4,10,1,10,0.769230769230769,4,"Beijing, Beijing, China",CH,CH22,13001,39.9289,116.388,-1898541,4,"Beijing, Beijing, China",CH,CH22,13001,39.9289,116.388,-1898541,4,"Beijing, Beijing, China",CH,CH22,13001,39.9289,116.388,-1898541,20181029050000,Provide aid,Material cooperation
798251623,20181029,201810,CHN,CHINA,CHN,,,,,,,,USAMED,REUTERS,USA,,,,,MED,,,1,057,057,05,1,8.0,8,1,8,1.02040816326531,4,"Beijing, Beijing, China",CH,CH22,13001,39.9289,116.388,-1898541,1,Germany,GM,GM,,51.5,10.5,GM,4,"Beijing, Beijing, China",CH,CH22,13001,39.9289,116.388,-1898541,20181029054500,Engage in diplomatic cooperation,Verbal cooperation
798252993,20181029,201810,USA,UNITED STATES,USA,,,,,,,,CHN,CHINA,CHN,,,,,,,,1,010,010,01,1,0.0,10,1,10,-0.47694753577107,4,"Montego Bay, Saint James, Jamaica",JM,JM12,18429,18.4712,-77.9188,-3752832,4,"Montego Bay, Saint James, Jamaica",JM,JM12,18429,18.4712,-77.9188,-3752832,4,"Ottawa, Ontario, Canada",CA,CA08,12755,45.4167,-75.7,-570760,20181029054500,Make public statement,Verbal cooperation
798253129,20181029,201810,USAMED,REUTERS,USA,,,,,MED,,,CHN,CHINA,CHN,,,,,,,,1,057,057,05,1,8.0,8,1,8,1.02040816326531,1,Germany,GM,GM,,51.5,10.5,GM,4,"Beijing, Beijing, China",CH,CH22,13001,39.9289,116.388,-1898541,4,"Beijing, Beijing, China",CH,CH22,13001,39.9289,116.388,-1898541,20181029054500,Engage in diplomatic cooperation,Verbal cooperation
798264905,20181029,201810,CHN,CHINESE,CHN,,,,,,,,USA,CHICAGO,USA,,,,,,,,1,040,040,04,1,1.0,8,1,8,2.6525198938992,4,"Qing Ming, Jiangxi, China",CH,CH03,13166,26.642,115.104,10812185,3,"Chicago, Illinois, United States",US,USIL,IL031,41.85,-87.6501,423587,4,"Qing Ming, Jiangxi, China",CH,CH03,13166,26.642,115.104,10812185,20181029071500,Consult,Verbal cooperation
798264906,20181029,201810,CHN,CHINESE,CHN,,,,,,,,USA,UNITED STATES,USA,,,,,,,,1,040,040,04,1,1.0,12,1,12,2.6525198938992,4,"Qing Ming, Jiangxi, China",CH,CH03,13166,26.642,115.104,10812185,3,"Chicago, Illinois, United States",US,USIL,IL031,41.85,-87.6501,423587,3,"Chicago, Illinois, United States",US,USIL,IL031,41.85,-87.6501,423587,20181029071500,Consult,Verbal cooperation
798264907,20181029,201810,CHN,CHINESE,CHN,,,,,,,,USA,UNITED STATES,USA,,,,,,,,1,043,043,04,1,2.8,8,1,8,2.6525198938992,4,"Qing Ming, Jiangxi, China",CH,CH03,13166,26.642,115.104,10812185,4,"Qing Ming, Jiangxi, China",CH,CH03,13166,26.642,115.104,10812185,4,"Qing Ming, Jiangxi, China",CH,CH03,13166,26.642,115.104,10812185,20181029071500,Consult,Verbal cooperation
798265998,20181029,201810,USA,CHICAGO,USA,,,,,,,,CHN,CHINESE,CHN,,,,,,,,1,040,040,04,1,1.0,8,1,8,2.6525198938992,3,"Chicago, Illinois, United States",US,USIL,IL031,41.85,-87.6501,423587,4,"Qing Ming, Jiangxi, China",CH,CH03,13166,26.642,115.104,10812185,4,"Qing Ming, Jiangxi, China",CH,CH03,13166,26.642,115.104,10812185,20181029071500,Consult,Verbal cooperation
798265999,20181029,201810,USA,UNITED STATES,USA,,,,,,,,CHN,CHINESE,CHN,,,,,,,,1,040,040,04,1,1.0,12,1,12,2.6525198938992,3,"Chicago, Illinois, United States",US,USIL,IL031,41.85,-87.6501,423587,4,"Qing Ming, Jiangxi, China",CH,CH03,13166,26.642,115.104,10812185,3,"Chicago, Illinois, United States",US,USIL,IL031,41.85,-87.6501,423587,20181029071500,Consult,Verbal cooperation
798266000,20181029,201810,USA,UNITED STATES,USA,,,,,,,,CHN,CHINESE,CHN,,,,,,,,1,042,042,04,1,1.9,8,1,8,2.6525198938992,3,"Chicago, Illinois, United States",US,USIL,IL031,41.85,-87.6501,423587,4,"Qing Ming, Jiangxi, China",CH,CH03,13166,26.642,115.104,10812185,3,"Chicago, Illinois, United States",US,USIL,IL031,41.85,-87.6501,423587,20181029071500,Consult,Verbal cooperation
798266001,20181029,201810,USA,CHICAGO,USA,,,,,,,,CHN,CHINESE,CHN,,,,,,,,1,051,051,05,1,3.4,12,1,12,2.6525198938992,4,"Qing Ming, Jiangxi, China",CH,CH03,13166,26.642,115.104,10812185,4,"Qing Ming, Jiangxi, China",CH,CH03,13166,26.642,115.104,10812185,4,"Qing Ming, Jiangxi, China",CH,CH03,13166,26.642,115.104,10812185,20181029071500,Engage in diplomatic cooperation,Verbal cooperation
798274801,20181029,201810,CHNGOV,CHINA,CHN,,,,,GOV,,,USA,THE US,USA,,,,,,,,1,154,154,15,4,-7.2,6,1,6,-3.85356454720617,4,"Guangdong, Jilin, China",CH,CH05,13176,42.7683,129.336,10884162,4,"South China Sea, Brunei (general), Brunei",BX,BX00,,15.0,115.0,-1337919,4,"Guangdong, Jilin, China",CH,CH05,13176,42.7683,129.336,10884162,20181029081500,Exhibit force posture,Material conflict
798274803,20181029,201810,CHNGOV,CHINA,CHN,,,,,GOV,,,USA,THE US,USA,,,,,,,,1,190,190,19,4,-10.0,8,1,8,-3.85356454720617,4,"Guangdong, Jilin, China",CH,CH05,13176,42.7683,129.336,10884162,4,"South China Sea, Brunei (general), Brunei",BX,BX00,,15.0,115.0,-1337919,4,"Guangdong, Jilin, China",CH,CH05,13176,42.7683,129.336,10884162,20181029081500,Fight,Material conflict
798277685,20181029,201810,USA,THE US,USA,,,,,,,,CHN,CHINA,CHN,,,,,,,,1,112,112,11,3,-2.0,10,1,10,-7.09071949947862,4,"Guangdong, Jilin, China",CH,CH05,13176,42.7683,129.336,10884162,4,"Guangdong, Jilin, China",CH,CH05,13176,42.7683,129.336,10884162,4,"Guangdong, Jilin, China",CH,CH05,13176,42.7683,129.336,10884162,20181029083000,Disapprove,Verbal conflict
798285193,20181029,201810,USA,NEW YORK,USA,,,,,,,,CHN,CHINA,CHN,,,,,,,,1,010,010,01,1,0.0,7,1,7,-3.15203955500618,2,"New York, United States",US,USNY,,42.1497,-74.9384,NY,1,China,CH,CH,,35.0,105.0,CH,1,China,CH,CH,,35.0,105.0,CH,20181029091500,Make public statement,Verbal cooperation
798298626,20181029,201810,CHN,CHINA,CHN,,,,,,,,MNCUSAMED,GOOGLE,USA,,,,,MNC,MED,,1,071,071,07,2,7.4,10,1,10,3.93258426966292,1,China,CH,CH,,35.0,105.0,CH,1,China,CH,CH,,35.0,105.0,CH,1,China,CH,CH,,35.0,105.0,CH,20181029103000,Provide aid,Material cooperation
798311784,20181029,201810,USA,UNITED STATES,USA,,,,,,,,CHN,CHINA,CHN,,,,,,,,1,061,061,06,2,6.4,6,1,6,-1.20689655172414,1,United States,US,US,,39.828175,-98.5795,US,1,China,CH,CH,,35.0,105.0,CH,1,Canada,CA,CA,,60.0,-96.0,CA,20181029113000,Engage in material cooperation,Material cooperation
798315055,20181029,201810,USA,THE US,USA,,,,,,,,CHN,CHINA,CHN,,,,,,,,1,010,010,01,1,0.0,6,1,6,1.2,4,"Paris, France (general), France",FR,FR00,16282,48.8667,2.33333,-1456928,4,"Paris, France (general), France",FR,FR00,16282,48.8667,2.33333,-1456928,4,"Paris, France (general), France",FR,FR00,16282,48.8667,2.33333,-1456928,20181029114500,Make public statement,Verbal cooperation
798323623,20181029,201810,CHN,BEIJING,CHN,,,,,,,,USA,UNITED STATES,USA,,,,,,,,1,061,061,06,2,6.4,10,1,10,-6.25,1,Thailand,TH,TH,,15.0,100.0,TH,1,Thailand,TH,TH,,15.0,100.0,TH,1,Thailand,TH,TH,,15.0,100.0,TH,20181029123000,Engage in material cooperation,Material cooperation
798326526,20181029,201810,CHN,CANTON,CHN,,,,,,,,USA,NEW YORK,USA,,,,,,,,1,040,040,04,1,1.0,7,1,7,0.38684719535784,2,"Michigan, United States",US,USMI,,43.3504,-84.5603,MI,2,"Michigan, United States",US,USMI,,43.3504,-84.5603,MI,2,"Michigan, United States",US,USMI,,43.3504,-84.5603,MI,20181029124500,Consult,Verbal cooperation
798326527,20181029,201810,CHN,CHINA,CHN,,,,,,,,USA,UNITED STATES,USA,,,,,,,,1,042,042,04,1,1.9,8,1,8,-5.70719602977667,4,"Beijing, Beijing, China",CH,CH22,13001,39.9289,116.388,-1898541,3,"Washington, District of Columbia, United States",US,USDC,DC001,38.8951,-77.0364,531871,3,"Washington, District of Columbia, United States",US,USDC,DC001,38.8951,-77.0364,531871,20181029124500,Consult,Verbal cooperation
798326531,20181029,201810,CHN,SHANGHAI,CHN,,,,,,,,USAMED,REUTERS,USA,,,,,MED,,,1,112,112,11,3,-2.0,7,1,7,-0.89285714285714,4,"Ping An, Jilin, China",CH,CH05,13176,43.2894,129.601,10869879,4,"Ping An, Jilin, China",CH,CH05,13176,43.2894,129.601,10869879,4,"Ping An, Jilin, China",CH,CH05,13176,43.2894,129.601,10869879,20181029124500,Disapprove,Verbal conflict
798327949,20181029,201810,USA,NEW YORK,USA,,,,,,,,CHN,CANTON,CHN,,,,,,,,1,040,040,04,1,1.0,7,1,7,0.38684719535784,1,China,CH,CH,,35.0,105.0,CH,1,China,CH,CH,,35.0,105.0,CH,1,China,CH,CH,,35.0,105.0,CH,20181029124500,Consult,Verbal cooperation
798327950,20181029,201810,USA,UNITED STATES,USA,,,,,,,,CHN,CHINA,CHN,,,,,,,,1,043,043,04,1,2.8,8,1,8,-5.70719602977667,3,"Washington, District of Columbia, United States",US,USDC,DC001,38.8951,-77.0364,531871,4,"Beijing, Beijing, China",CH,CH22,13001,39.9289,116.388,-1898541,3,"Washington, District of Columbia, United States",US,USDC,DC001,38.8951,-77.0364,531871,20181029124500,Consult,Verbal cooperation
798328126,20181029,201810,USAMED,REUTERS,USA,,,,,MED,,,CHN,CHINA,CHN,,,,,,,,1,020,020,02,1,3.0,10,1,10,-11.2903225806452,1,China,CH,CH,,35.0,105.0,CH,1,China,CH,CH,,35.0,105.0,CH,1,China,CH,CH,,35.0,105.0,CH,20181029124500,Appeal,Verbal cooperation
798331309,20181029,201810,USA,CALIFORNIA,USA,,,,,,,,CHN,CHINA,CHN,,,,,,,,1,061,061,06,2,6.4,7,1,7,-0.45019696117051,4,"Shenzhen, Guangdong, China",CH,CH30,13036,22.2,111.117,-1925267,4,"Shenzhen, Guangdong, China",CH,CH30,13036,22.2,111.117,-1925267,4,"Shenzhen, Guangdong, China",CH,CH30,13036,22.2,111.117,-1925267,20181029130000,Engage in material cooperation,Material cooperation
798336186,20181029,201810,CHN,CHINESE,CHN,,,,,,,,USA,UNITED STATES,USA,,,,,,,,1,061,061,06,2,6.4,10,1,10,-3.01724137931035,1,China,CH,CH,,35.0,105.0,CH,1,China,CH,CH,,35.0,105.0,CH,1,China,CH,CH,,35.0,105.0,CH,20181029133000,Engage in material cooperation,Material cooperation
798343240,20181029,201810,CHN,CHINA,CHN,,,,,,,,USA,UNITED STATES,USA,,,,,,,,1,160,160,16,4,-4.0,10,1,10,0.53763440860215,4,"Beijing, Beijing, China",CH,CH22,13001,39.9289,116.388,-1898541,4,"Beijing, Beijing, China",CH,CH22,13001,39.9289,116.388,-1898541,4,"Beijing, Beijing, China",CH,CH22,13001,39.9289,116.388,-1898541,20181029140000,Reduce relations,Material conflict
798347703,20181029,201810,USAGOV,NASA,USA,,,,,GOV,,,CHN,CHINA,CHN,,,,,,,,1,071,071,07,2,7.4,7,1,7,0.0,4,"Jiuquan, Gansu, China",CH,CH15,13202,39.7432,98.5174,-1927510,4,"Jiuquan, Gansu, China",CH,CH15,13202,39.7432,98.5174,-1927510,4,"Jiuquan, Gansu, China",CH,CH15,13202,39.7432,98.5174,-1927510,20181029141500,Provide aid,Material cooperation
798352708,20181022,201810,MNCUSA,GOLDMAN SACHS,USA,,,,,MNC,,,CHN,CHINA,CHN,,,,,,,,1,110,110,11,3,-2.0,10,1,10,-3.87096774193549,1,China,CH,CH,,35.0,105.0,CH,1,China,CH,CH,,35.0,105.0,CH,1,China,CH,CH,,35.0,105.0,CH,20181029144500,Disapprove,Verbal conflict
798353150,20181029,201810,CHN,CHINA,CHN,,,,,,,,USAMED,REUTERS,USA,,,,,MED,,,1,010,010,01,1,0.0,6,1,6,-0.43859649122807,1,China,CH,CH,,35.0,105.0,CH,1,China,CH,CH,,35.0,105.0,CH,1,China,CH,CH,,35.0,105.0,CH,20181029144500,Make public statement,Verbal cooperation
798353992,20181029,201810,MNCUSA,BANK OF AMERICA,USA,,,,,MNC,,,CHN,CHINA,CHN,,,,,,,,1,012,012,01,1,-0.4,8,1,8,-3.87096774193549,1,China,CH,CH,,35.0,105.0,CH,1,China,CH,CH,,35.0,105.0,CH,1,China,CH,CH,,35.0,105.0,CH,20181029144500,Make public statement,Verbal cooperation
798359834,20181029,201810,CHN,CHINA,CHN,,,,,,,,USA,UNITED STATES,USA,,,,,,,,1,130,130,13,3,-4.4,8,1,8,-3.54609929078014,4,"Beijing, Beijing, China",CH,CH22,13001,39.9289,116.388,-1898541,1,United States,US,US,,39.828175,-98.5795,US,1,United States,US,US,,39.828175,-98.5795,US,20181029151500,Threaten,Verbal conflict
798367535,20181029,201810,CHNGOV,CHINA,CHN,,,,,GOV,,,USA,UNITED STATES,USA,,,,,,,,1,061,061,06,2,6.4,10,1,10,-6.2992125984252,1,Thailand,TH,TH,,15.0,100.0,TH,1,Thailand,TH,TH,,15.0,100.0,TH,1,Thailand,TH,TH,,15.0,100.0,TH,20181029154500,Engage in material cooperation,Material cooperation
798371077,20181029,201810,CHN,CHINA,CHN,,,,,,,,USA,THE US,USA,,,,,,,,1,040,040,04,1,1.0,10,1,10,-7.87878787878788,1,China,CH,CH,,35.0,105.0,CH,1,China,CH,CH,,35.0,105.0,CH,1,China,CH,CH,,35.0,105.0,CH,20181029160000,Consult,Verbal cooperation
798371078,20181029,201810,CHN,CHINA,CHN,,,,,,,,USA,THE US,USA,,,,,,,,1,110,110,11,3,-2.0,10,1,10,-7.87878787878788,1,China,CH,CH,,35.0,105.0,CH,1,China,CH,CH,,35.0,105.0,CH,1,China,CH,CH,,35.0,105.0,CH,20181029160000,Disapprove,Verbal conflict
798371079,20181029,201810,CHN,CHINA,CHN,,,,,,,,USA,AMERICAN,USA,,,,,,,,1,173,173,17,4,-5.0,10,1,10,1.78571428571428,1,United States,US,US,,39.828175,-98.5795,US,1,United States,US,US,,39.828175,-98.5795,US,1,United States,US,US,,39.828175,-98.5795,US,20181029160000,Coerce,Material conflict
798372679,20181029,201810,USA,THE US,USA,,,,,,,,CHN,CHINA,CHN,,,,,,,,1,110,110,11,3,-2.0,10,1,10,-7.87878787878788,1,China,CH,CH,,35.0,105.0,CH,1,China,CH,CH,,35.0,105.0,CH,1,China,CH,CH,,35.0,105.0,CH,20181029160000,Disapprove,Verbal conflict
798386475,20181029,201810,USA,THE US,USA,,,,,,,,CHN,CHINA,CHN,,,,,,,,1,010,010,01,1,0.0,6,1,6,0.47021943573668,1,Saudi Arabia,SA,SA,,25.0,45.0,SA,1,Saudi Arabia,SA,SA,,25.0,45.0,SA,1,Saudi Arabia,SA,SA,,25.0,45.0,SA,20181029170000,Make public statement,Verbal cooperation
798399317,20181029,201810,MNCUSAMED,QUALCOMM,USA,,,,,MNC,MED,,CHN,CHINA,CHN,,,,,,,,1,172,172,17,4,-5.0,10,1,10,-4.73372781065089,1,China,CH,CH,,35.0,105.0,CH,1,China,CH,CH,,35.0,105.0,CH,1,China,CH,CH,,35.0,105.0,CH,20181029180000,Coerce,Material conflict
798399719,20181029,201810,USA,CHICAGO,USA,,,,,,,,CHNOPP,TIBET,CHN,,,,,OPP,,,1,051,051,05,1,3.4,10,1,10,0.0,3,"Chicago, Illinois, United States",US,USIL,IL031,41.85,-87.6501,423587,3,"Chicago, Illinois, United States",US,USIL,IL031,41.85,-87.6501,423587,3,"Chicago, Illinois, United States",US,USIL,IL031,41.85,-87.6501,423587,20181029180000,Engage in diplomatic cooperation,Verbal cooperation
798399720,20181029,201810,USA,CHICAGO,USA,,,,,,,,CHNOPP,TIBET,CHN,,,,,OPP,,,1,141,141,14,3,-6.5,10,1,10,0.0,3,"Chicago, Illinois, United States",US,USIL,IL031,41.85,-87.6501,423587,3,"Chicago, Illinois, United States",US,USIL,IL031,41.85,-87.6501,423587,3,"Chicago, Illinois, United States",US,USIL,IL031,41.85,-87.6501,423587,20181029180000,Protest,Verbal conflict
798401517,20181029,201810,CHN,CHINA,CHN,,,,,,,,USA,UNITED STATES,USA,,,,,,,,1,050,050,05,1,3.5,8,1,8,-5.0251256281407,1,China,CH,CH,,35.0,105.0,CH,1,United States,US,US,,39.828175,-98.5795,US,1,China,CH,CH,,35.0,105.0,CH,20181029181500,Engage in diplomatic cooperation,Verbal cooperation
798402895,20181029,201810,USA,UNITED STATES,USA,,,,,,,,CHN,CHINA,CHN,,,,,,,,1,050,050,05,1,3.5,8,1,8,-5.0251256281407,1,United States,US,US,,39.828175,-98.5795,US,1,China,CH,CH,,35.0,105.0,CH,1,China,CH,CH,,35.0,105.0,CH,20181029181500,Engage in diplomatic cooperation,Verbal cooperation
798404858,20181029,201810,CHN,CHINA,CHN,,,,,,,,USA,UNITED STATES,USA,,,,,,,,1,051,051,05,1,3.4,6,1,6,-1.89189189189189,1,China,CH,CH,,35.0,105.0,CH,3,"Los Angeles, California, United States",US,USCA,,34.0522,-118.244,1662328,3,"Los Angeles, California, United States",US,USCA,,34.0522,-118.244,1662328,20181029183000,Engage in diplomatic cooperation,Verbal cooperation
798406554,20181029,201810,USAMIL,THE US,USA,,,,,MIL,,,CHN,CHINA,CHN,,,,,,,,1,0841,084,08,2,7.0,6,1,6,-5.01792114695341,4,"Beijing, Beijing, China",CH,CH22,13001,39.9289,116.388,-1898541,4,"South China Sea, Brunei (general), Brunei",BX,BX00,,15.0,115.0,-1337919,4,"South China Sea, Brunei (general), Brunei",BX,BX00,,15.0,115.0,-1337919,20181029183000,Yield,Material cooperation
798416077,20181029,201810,USA,UNITED STATES,USA,,,,,,,,CHN,CHINA,CHN,,,,,,,,1,036,036,03,1,4.0,6,1,6,5.2,1,China,CH,CH,,35.0,105.0,CH,1,China,CH,CH,,35.0,105.0,CH,1,China,CH,CH,,35.0,105.0,CH,20181029191500,Express intent to cooperate,Verbal cooperation
798417974,20181029,201810,CHN,CHINA,CHN,,,,,,,,USA,UNITED STATES,USA,,,,,,,,1,046,046,04,1,7.0,10,1,10,4.51127819548872,4,"Xueying, Anhui, China",CH,CH01,12993,32.6222,118.344,-3805008,1,United States,US,US,,39.828175,-98.5795,US,4,"Xueying, Anhui, China",CH,CH01,12993,32.6222,118.344,-3805008,20181029193000,Consult,Verbal cooperation
798419426,20181029,201810,USA,UNITED STATES,USA,,,,,,,,CHN,CHINA,CHN,,,,,,,,1,046,046,04,1,7.0,10,1,10,4.51127819548872,1,United States,US,US,,39.828175,-98.5795,US,4,"Xueying, Anhui, China",CH,CH01,12993,32.6222,118.344,-3805008,4,"Xueying, Anhui, China",CH,CH01,12993,32.6222,118.344,-3805008,20181029193000,Consult,Verbal cooperation
798432827,20181029,201810,USA,THE US,USA,,,,,,,,CHN,CHINA,CHN,,,,,,,,1,010,010,01,1,0.0,6,1,6,0.92592592592593,4,"London, London, City of, United Kingdom",UK,UKH9,40110,51.5,-0.116667,-2601889,4,"London, London, City of, United Kingdom",UK,UKH9,40110,51.5,-0.116667,-2601889,4,"London, London, City of, United Kingdom",UK,UKH9,40110,51.5,-0.116667,-2601889,20181029203000,Make public statement,Verbal cooperation
798445516,20181029,201810,USA,UNITED STATES,USA,,,,,,,,CHNBUS,CHINESE,CHN,,,,,BUS,,,1,061,061,06,2,6.4,6,2,6,-5.6533716612768,4,"Beijing, Beijing, China",CH,CH22,13001,39.9289,116.388,-1898541,4,"Beijing, Beijing, China",CH,CH22,13001,39.9289,116.388,-1898541,4,"Beijing, Beijing, China",CH,CH22,13001,39.9289,116.388,-1898541,20181029213000,Engage in material cooperation,Material cooperation
798451303,20181029,201810,USA,INDIANA,USA,,,,,,,,CHN,CHINA,CHN,,,,,,,,1,061,061,06,2,6.4,6,1,6,-1.93370165745857,3,"Chicago, Illinois, United States",US,USIL,IL031,41.85,-87.6501,423587,3,"Chicago, Illinois, United States",US,USIL,IL031,41.85,-87.6501,423587,3,"Chicago, Illinois, United States",US,USIL,IL031,41.85,-87.6501,423587,20181029220000,Engage in material cooperation,Material cooperation
798451305,20181029,201810,USA,AMERICAN,USA,,,,,,,,CHN,CHINA,CHN,,,,,,,,1,061,061,06,2,6.4,8,1,8,-1.93370165745857,2,"Indiana, United States",US,USIN,,39.8647,-86.2604,IN,1,China,CH,CH,,35.0,105.0,CH,1,China,CH,CH,,35.0,105.0,CH,20181029220000,Engage in material cooperation,Material cooperation
798455732,20181029,201810,CHN,CANTON,CHN,,,,,,,,USA,UNITED STATES,USA,,,,,,,,1,190,190,19,4,-10.0,6,1,6,-9.03490759753595,1,China,CH,CH,,35.0,105.0,CH,3,"Ball Ground, Georgia, United States",US,USGA,,34.3382,-84.3766,354443,3,"Ball Ground, Georgia, United States",US,USGA,,34.3382,-84.3766,354443,20181029223000,Fight,Material conflict
798461526,20181029,201810,USALEG,THE US,USA,,,,,LEG,,,CHN,CHINA,CHN,,,,,,,,1,020,020,02,1,3.0,10,1,10,-4.11392405063291,1,China,CH,CH,,35.0,105.0,CH,1,China,CH,CH,,35.0,105.0,CH,1,China,CH,CH,,35.0,105.0,CH,20181029230000,Appeal,Verbal cooperation
798462217,20171029,201710,USA,THE US,USA,,,,,,,,CHN,CHINA,CHN,,,,,,,,1,061,061,06,2,6.4,10,1,10,3.13253012048193,1,China,CH,CH,,35.0,105.0,CH,1,China,CH,CH,,35.0,105.0,CH,1,China,CH,CH,,35.0,105.0,CH,20181029231500,Engage in material cooperation,Material cooperation
798467632,20181029,201810,CHN,CHINESE,CHN,,,,,,,,USAGOV,THE US,USA,,,,,GOV,,,1,036,036,03,1,4.0,10,1,10,-1.21951219512196,4,"Liang Huang, Zhejiang, China",CH,CH02,13328,29.2494,121.327,6965,4,"Liang Huang, Zhejiang, China",CH,CH02,13328,29.2494,121.327,6965,4,"Liang Huang, Zhejiang, China",CH,CH02,13328,29.2494,121.327,6965,20181029234500,Express intent to cooperate,Verbal cooperation
798469056,20181029,201810,USAGOV,THE US,USA,,,,,GOV,,,CHN,CHINESE,CHN,,,,,,,,1,036,036,03,1,4.0,10,1,10,-1.21951219512196,4,"Liang Huang, Zhejiang, China",CH,CH02,13328,29.2494,121.327,6965,4,"Liang Huang, Zhejiang, China",CH,CH02,13328,29.2494,121.327,6965,4,"Liang Huang, Zhejiang, China",CH,CH02,13328,29.2494,121.327,6965,20181029234500,Express intent to cooperate,Verbal cooperation
798478685,20181030,201810,USA,UNITED STATES,USA,,,,,,,,CHN,CHINA,CHN,,,,,,,,1,120,120,12,3,-4.0,10,1,10,2.55813953488372,1,China,CH,CH,,35.0,105.0,CH,1,China,CH,CH,,35.0,105.0,CH,1,China,CH,CH,,35.0,105.0,CH,20181030001500,Reject,Verbal conflict
798481513,20181030,201810,CHN,CHINA,CHN,,,,,,,,USA,UNITED STATES,USA,,,,,,,,1,0311,031,03,1,5.2,10,1,10,-1.15874855156431,4,"Brasilia, Distrito Federal, Brazil",BR,BR07,40202,-15.7833,-47.9167,-631243,4,"Brasilia, Distrito Federal, Brazil",BR,BR07,40202,-15.7833,-47.9167,-631243,4,"Brasilia, Distrito Federal, Brazil",BR,BR07,40202,-15.7833,-47.9167,-631243,20181030003000,Express intent to cooperate,Verbal cooperation
798481514,20181030,201810,CHN,CHINA,CHN,,,,,,,,USA,UNITED STATES,USA,,,,,,,,1,046,046,04,1,7.0,10,1,10,4.41176470588235,4,"Beijing, Beijing, China",CH,CH22,13001,39.9289,116.388,-1898541,1,United States,US,US,,39.828175,-98.5795,US,4,"Beijing, Beijing, China",CH,CH22,13001,39.9289,116.388,-1898541,20181030003000,Consult,Verbal cooperation
798481515,20181030,201810,CHN,CHINA,CHN,,,,,,,,USA,UNITED STATES,USA,,,,,,,,1,160,160,16,4,-4.0,10,1,10,0.49504950495049,4,"Beijing, Beijing, China",CH,CH22,13001,39.9289,116.388,-1898541,4,"Beijing, Beijing, China",CH,CH22,13001,39.9289,116.388,-1898541,4,"Beijing, Beijing, China",CH,CH22,13001,39.9289,116.388,-1898541,20181030003000,Reduce relations,Material conflict
798483330,20181030,201810,USA,UNITED STATES,USA,,,,,,,,CHN,CHINA,CHN,,,,,,,,1,046,046,04,1,7.0,10,1,10,4.41176470588235,1,United States,US,US,,39.828175,-98.5795,US,4,"Beijing, Beijing, China",CH,CH22,13001,39.9289,116.388,-1898541,4,"Beijing, Beijing, China",CH,CH22,13001,39.9289,116.388,-1898541,20181030003000,Consult,Verbal cooperation
798491174,20181030,201810,USA,UNITED STATES,USA,,,,,,,,CHN,CHINA,CHN,,,,,,,,1,090,090,09,2,-2.0,10,1,10,-0.784313725490195,1,United States,US,US,,39.828175,-98.5795,US,1,China,CH,CH,,35.0,105.0,CH,1,China,CH,CH,,35.0,105.0,CH,20181030010000,Investigate,Material cooperation
798491175,20181030,201810,USA,UNITED STATES,USA,,,,,,,,CHN,CHINA,CHN,,,,,,,,1,100,100,10,3,-5.0,6,1,6,-0.784313725490195,4,"Dubai, Dubayy, United Arab Emirates",AE,AE03,28575,25.2522,55.28,-782831,1,Thailand,TH,TH,,15.0,100.0,TH,1,South Africa,SF,SF,,-30.0,26.0,SF,20181030010000,Demand,Verbal conflict
798495187,20181030,201810,USA,AMERICAN,USA,,,,,,,,CHN,CHINA,CHN,,,,,,,,1,061,061,06,2,6.4,12,1,9,-1.75644028103045,2,"Iowa, United States",US,USIA,,42.0046,-93.214,IA,1,China,CH,CH,,35.0,105.0,CH,2,"Iowa, United States",US,USIA,,42.0046,-93.214,IA,20181030011500,Engage in material cooperation,Material cooperation
798500094,20181030,201810,CHN,CHINA,CHN,,,,,,,,USA,UNITED STATES,USA,,,,,,,,1,0311,031,03,1,5.2,6,1,6,-8.86699507389163,1,China,CH,CH,,35.0,105.0,CH,1,China,CH,CH,,35.0,105.0,CH,1,China,CH,CH,,35.0,105.0,CH,20181030014500,Express intent to cooperate,Verbal cooperation
798500095,20181030,201810,CHN,CHINA,CHN,,,,,,,,USA,UNITED STATES,USA,,,,,,,,1,040,040,04,1,1.0,10,1,10,2.04081632653061,1,Hong Kong,HK,HK,,22.25,114.166667,HK,1,Hong Kong,HK,HK,,22.25,114.166667,HK,1,Hong Kong,HK,HK,,22.25,114.166667,HK,20181030014500,Consult,Verbal cooperation
798501532,20181030,201810,USA,UNITED STATES,USA,,,,,,,,CHN,CHINA,CHN,,,,,,,,1,040,040,04,1,1.0,6,1,6,2.04081632653061,2,"Michigan, United States",US,USMI,,43.3504,-84.5603,MI,1,China,CH,CH,,35.0,105.0,CH,1,China,CH,CH,,35.0,105.0,CH,20181030014500,Consult,Verbal cooperation
798501536,20181030,201810,USA,AMERICAN,USA,,,,,,,,CHN,CHINA,CHN,,,,,,,,1,061,061,06,2,6.4,6,1,6,-2.05278592375366,3,"Chicago, Illinois, United States",US,USIL,IL031,41.85,-87.6501,423587,3,"Chicago, Illinois, United States",US,USIL,IL031,41.85,-87.6501,423587,3,"Chicago, Illinois, United States",US,USIL,IL031,41.85,-87.6501,423587,20181030014500,Engage in material cooperation,Material cooperation
798503110,20181030,201810,CHN,CHINA,CHN,,,,,,,,USA,UNITED STATES,USA,,,,,,,,1,020,020,02,1,3.0,10,1,10,-0.89686098654708,5,"Anhui, Anhui, China",CH,CH01,12996,32.0,117.0,-1896677,5,"Anhui, Anhui, China",CH,CH01,12996,32.0,117.0,-1896677,5,"Anhui, Anhui, China",CH,CH01,12996,32.0,117.0,-1896677,20181030020000,Appeal,Verbal cooperation
798520523,20181030,201810,USA,THE US,USA,,,,,,,,CHN,CHINA,CHN,,,,,,,,1,130,130,13,3,-4.4,10,1,10,-3.89105058365759,1,China,CH,CH,,35.0,105.0,CH,1,China,CH,CH,,35.0,105.0,CH,1,China,CH,CH,,35.0,105.0,CH,20181030033000,Threaten,Verbal conflict
798524268,20181030,201810,CHNGOV,CHINA,CHN,,,,,GOV,,,USA,UNITED STATES,USA,,,,,,,,1,061,061,06,2,6.4,10,1,10,-6.55737704918033,1,Thailand,TH,TH,,15.0,100.0,TH,1,Thailand,TH,TH,,15.0,100.0,TH,1,Thailand,TH,TH,,15.0,100.0,TH,20181030040000,Engage in material cooperation,Material cooperation
798526872,20181030,201810,CHN,CHINA,CHN,,,,,,,,USA,THE US,USA,,,,,,,,1,120,120,12,3,-4.0,8,1,8,-4.9800796812749,3,"Washington, District of Columbia, United States",US,USDC,DC001,38.8951,-77.0364,531871,1,Canada,CA,CA,,60.0,-96.0,CA,3,"Washington, District of Columbia, United States",US,USDC,DC001,38.8951,-77.0364,531871,20181030041500,Reject,Verbal conflict
798526874,20181030,201810,CHN,CHINESE,CHN,,,,,,,,USABUS,SAN DIEGO,USA,,,,,BUS,,,1,057,057,05,1,8.0,8,1,8,0.40160642570281,1,China,CH,CH,,35.0,105.0,CH,3,"San Diego, California, United States",US,USCA,,32.7153,-117.157,1661377,3,"San Diego, California, United States",US,USCA,,32.7153,-117.157,1661377,20181030041500,Engage in diplomatic cooperation,Verbal cooperation
798528234,20181030,201810,USABUS,SAN DIEGO,USA,,,,,BUS,,,CHN,CHINESE,CHN,,,,,,,,1,057,057,05,1,8.0,8,1,8,0.40160642570281,1,Taiwan,TW,TW,,24.0,121.0,TW,1,Taiwan,TW,TW,,24.0,121.0,TW,1,Taiwan,TW,TW,,24.0,121.0,TW,20181030041500,Engage in diplomatic cooperation,Verbal cooperation
798534849,20181030,201810,USA,UNITED STATES,USA,,,,,,,,CHN,CHINESE,CHN,,,,,,,,1,163,163,16,4,-8.0,7,1,7,-2.15053763440861,1,Japan,JA,JA,,36.0,138.0,JA,4,"Beijing, Beijing, China",CH,CH22,13001,39.9289,116.388,-1898541,1,Japan,JA,JA,,36.0,138.0,JA,20181030050000,Reduce relations,Material conflict
798536186,20181030,201810,CHN,CHINESE,CHN,,,,,,,,USA,UNITED STATES,USA,,,,,,,,1,012,012,01,1,-0.4,8,4,8,-5.72456320657759,4,"Beijing, Beijing, China",CH,CH22,13001,39.9289,116.388,-1898541,3,"Washington, District of Columbia, United States",US,USDC,DC001,38.8951,-77.0364,531871,4,"Beijing, Beijing, China",CH,CH22,13001,39.9289,116.388,-1898541,20181030051500,Make public statement,Verbal cooperation
798536190,20181030,201810,CHN,CANTON,CHN,,,,,,,,USA,SOUTH DAKOTA,USA,,,,,,,,1,186,186,18,4,-10.0,6,1,6,-5.77200577200577,2,"South Dakota, United States",US,USSD,,44.2853,-99.4632,SD,2,"South Dakota, United States",US,USSD,,44.2853,-99.4632,SD,2,"South Dakota, United States",US,USSD,,44.2853,-99.4632,SD,20181030051500,Assault,Material conflict
798536191,20181030,201810,CHN,BEIJING,CHN,,,,,,,,USA,WASHINGTON,USA,,,,,,,,1,190,190,19,4,-10.0,6,3,6,-5.71428571428571,4,"Beijing, Beijing, China",CH,CH22,13001,39.9289,116.388,-1898541,3,"Washington, District of Columbia, United States",US,USDC,DC001,38.8951,-77.0364,531871,4,"Beijing, Beijing, China",CH,CH22,13001,39.9289,116.388,-1898541,20181030051500,Fight,Material conflict
798537173,20181030,201810,USA,WASHINGTON,USA,,,,,,,,CHN,BEIJING,CHN,,,,,,,,1,012,012,01,1,-0.4,8,4,8,-5.72456320657759,3,"Washington, District of Columbia, United States",US,USDC,DC001,38.8951,-77.0364,531871,4,"Beijing, Beijing, China",CH,CH22,13001,39.9289,116.388,-1898541,3,"Washington, District of Columbia, United States",US,USDC,DC001,38.8951,-77.0364,531871,20181030051500,Make public statement,Verbal cooperation
798537174,20181030,201810,USA,WASHINGTON,USA,,,,,,,,CHN,BEIJING,CHN,,,,,,,,1,190,190,19,4,-10.0,6,3,6,-5.71428571428571,3,"Washington, District of Columbia, United States",US,USDC,DC001,38.8951,-77.0364,531871,4,"Beijing, Beijing, China",CH,CH22,13001,39.9289,116.388,-1898541,4,"Beijing, Beijing, China",CH,CH22,13001,39.9289,116.388,-1898541,20181030051500,Fight,Material conflict
798539285,20181030,201810,USA,THE US,USA,,,,,,,,CHN,CHINA,CHN,,,,,,,,1,192,192,19,4,-9.5,10,1,10,-1.0989010989011,1,Brazil,BR,BR,,-10.0,-55.0,BR,1,Brazil,BR,BR,,-10.0,-55.0,BR,1,Brazil,BR,BR,,-10.0,-55.0,BR,20181030053000,Fight,Material conflict
798544168,20181030,201810,USA,UNITED STATES,USA,,,,,,,,CHNBUS,CHINESE,CHN,,,,,BUS,,,1,061,061,06,2,6.4,6,1,6,-1.76991150442478,2,"Virginia, United States",US,USVA,,37.768,-78.2057,VA,1,China,CH,CH,,35.0,105.0,CH,2,"Virginia, United States",US,USVA,,37.768,-78.2057,VA,20181030060000,Engage in material cooperation,Material cooperation
798554844,20181030,201810,CHN,CHINA,CHN,,,,,,,,USA,UNITED STATES,USA,,,,,,,,1,043,043,04,1,2.8,6,1,6,1.77514792899409,1,China,CH,CH,,35.0,105.0,CH,3,"Palo Alto, California, United States",US,USCA,,37.4419,-122.143,277572,3,"Palo Alto, California, United States",US,USCA,,37.4419,-122.143,277572,20181030071500,Consult,Verbal cooperation
798555704,20181030,201810,USA,UNITED STATES,USA,,,,,,,,CHN,CHINA,CHN,,,,,,,,1,042,042,04,1,1.9,6,1,6,1.77514792899409,3,"Palo Alto, California, United States",US,USCA,CA085,37.4419,-122.143,277572,3,"Palo Alto, California, United States",US,USCA,,37.4419,-122.143,277572,3,"Palo Alto, California, United States",US,USCA,,37.4419,-122.143,277572,20181030071500,Consult,Verbal cooperation
798555705,20181030,201810,USA,THE US,USA,,,,,,,,CHN,CHINA,CHN,,,,,,,,1,061,061,06,2,6.4,10,1,10,1.25,1,China,CH,CH,,35.0,105.0,CH,1,India,IN,IN,,20.0,77.0,IN,1,India,IN,IN,,20.0,77.0,IN,20181030071500,Engage in material cooperation,Material cooperation
798555710,20181030,201810,USA,CHICAGO,USA,,,,,,,,CHNCVL,CHINESE,CHN,,,,,CVL,,,1,070,070,07,2,7.0,6,1,6,7.35930735930736,3,"Chicago, Illinois, United States",US,USIL,IL031,41.85,-87.6501,423587,1,China,CH,CH,,35.0,105.0,CH,3,"Chicago, Illinois, United States",US,USIL,IL031,41.85,-87.6501,423587,20181030071500,Provide aid,Material cooperation
798555713,20181030,201810,USA,CHICAGO,USA,,,,,,,,CHNCVL,CHINESE,CHN,,,,,CVL,,,1,0833,083,08,2,5.0,7,1,7,7.35930735930736,1,China,CH,CH,,35.0,105.0,CH,1,China,CH,CH,,35.0,105.0,CH,1,China,CH,CH,,35.0,105.0,CH,20181030071500,Yield,Material cooperation
798557102,20181030,201810,CHN,CHINA,CHN,,,,,,,,USA,WASHINGTON,USA,,,,,,,,1,061,061,06,2,6.4,7,1,7,-5.13447432762836,4,"Jinhua, Zhejiang, China",CH,CH02,13319,30.1952,120.471,11005723,4,"Jinhua, Zhejiang, China",CH,CH02,13319,30.1952,120.471,11005723,4,"Jinhua, Zhejiang, China",CH,CH02,13319,30.1952,120.471,11005723,20181030073000,Engage in material cooperation,Material cooperation
798557103,20181030,201810,CHN,CHINA,CHN,,,,,,,,USA,WASHINGTON,USA,,,,,,,,1,061,061,06,2,6.4,7,1,7,-5.13447432762836,4,"Jinhua, Zhejiang, China",CH,CH02,13319,30.1952,120.471,11005723,3,"Washington, District of Columbia, United States",US,USDC,DC001,38.8951,-77.0364,531871,4,"Jinhua, Zhejiang, China",CH,CH02,13319,30.1952,120.471,11005723,20181030073000,Engage in material cooperation,Material cooperation
798564751,20181030,201810,CHN,CHINA,CHN,,,,,,,,USA,THE US,USA,,,,,,,,1,046,046,04,1,7.0,10,2,10,1.63202162219036,1,Japan,JA,JA,,36.0,138.0,JA,1,Japan,JA,JA,,36.0,138.0,JA,1,Japan,JA,JA,,36.0,138.0,JA,20181030081500,Consult,Verbal cooperation
798565835,20181030,201810,USA,THE US,USA,,,,,,,,CHN,CHINA,CHN,,,,,,,,1,046,046,04,1,7.0,10,1,10,1.61870503597122,4,"Beijing, Beijing, China",CH,CH22,13001,39.9289,116.388,-1898541,4,"Beijing, Beijing, China",CH,CH22,13001,39.9289,116.388,-1898541,4,"Beijing, Beijing, China",CH,CH22,13001,39.9289,116.388,-1898541,20181030081500,Consult,Verbal cooperation
798565836,20181030,201810,USA,THE US,USA,,,,,,,,CHN,CHINA,CHN,,,,,,,,1,046,046,04,1,7.0,10,1,10,1.64533820840951,4,"Zhang Xia, Guangdong, China",CH,CH30,13041,23.7864,115.454,10849288,4,"Zhang Xia, Guangdong, China",CH,CH30,13041,23.7864,115.454,10849288,4,"Zhang Xia, Guangdong, China",CH,CH30,13041,23.7864,115.454,10849288,20181030081500,Consult,Verbal cooperation
798568253,20181030,201810,USA,LOS ANGELES,USA,,,,,,,,CHN,CHINA,CHN,,,,,,,,1,193,193,19,4,-10.0,10,1,10,1.81159420289855,4,"Shanghai, Shanghai, China",CH,CH23,13243,31.2222,121.458,-1924465,4,"Shanghai, Shanghai, China",CH,CH23,13243,31.2222,121.458,-1924465,4,"Shanghai, Shanghai, China",CH,CH23,13243,31.2222,121.458,-1924465,20181030083000,Fight,Material conflict
798568364,20181030,201810,USAMED,REUTERS,USA,,,,,MED,,,CHNGOV,CHINESE,CHN,,,,,GOV,,,1,040,040,04,1,1.0,6,1,6,1.91082802547771,4,"Beijing, Beijing, China",CH,CH22,13001,39.9289,116.388,-1898541,4,"Beijing, Beijing, China",CH,CH22,13001,39.9289,116.388,-1898541,4,"Beijing, Beijing, China",CH,CH22,13001,39.9289,116.388,-1898541,20181030083000,Consult,Verbal cooperation
798568365,20181030,201810,USAMED,REUTERS,USA,,,,,MED,,,CHNGOV,CHINESE,CHN,,,,,GOV,,,1,044,044,04,1,2.5,6,1,6,1.91082802547771,4,"Beijing, Beijing, China",CH,CH22,13001,39.9289,116.388,-1898541,4,"Beijing, Beijing, China",CH,CH22,13001,39.9289,116.388,-1898541,1,Japan,JA,JA,,36.0,138.0,JA,20181030083000,Consult,Verbal cooperation
798575565,20181030,201810,CHN,BEIJING,CHN,,,,,,,,USAMED,REUTERS,USA,,,,,MED,,,1,010,010,01,1,0.0,10,1,10,2.1978021978022,4,"Beijing, Beijing, China",CH,CH22,13001,39.9289,116.388,-1898541,4,"Beijing, Beijing, China",CH,CH22,13001,39.9289,116.388,-1898541,4,"Beijing, Beijing, China",CH,CH22,13001,39.9289,116.388,-1898541,20181030091500,Make public statement,Verbal cooperation
798581032,20181030,201810,CHN,CHINA,CHN,,,,,,,,USA,UNITED STATES,USA,,,,,,,,1,043,043,04,1,2.8,8,1,8,-1.52733118971061,4,"Beijing, Beijing, China",CH,CH22,13001,39.9289,116.388,-1898541,3,"Watertown, New York, United States",US,USNY,NY045,43.9748,-75.9108,968914,4,"Beijing, Beijing, China",CH,CH22,13001,39.9289,116.388,-1898541,20181030094500,Consult,Verbal cooperation
798585194,20181030,201810,USA,A US,USA,,,,,,,,CHN,FUJIAN,CHN,,,,,,,,1,172,172,17,4,-5.0,10,1,10,-2.08643815201193,4,"Beijing, Beijing, China",CH,CH22,13001,39.9289,116.388,-1898541,4,"Beijing, Beijing, China",CH,CH22,13001,39.9289,116.388,-1898541,4,"Beijing, Beijing, China",CH,CH22,13001,39.9289,116.388,-1898541,20181030100000,Coerce,Material conflict
798604465,20181030,201810,USAGOVBUS,THE US,USA,,,,,GOV,BUS,,CHN,CHINESE,CHN,,,,,,,,1,061,061,06,2,6.4,6,1,6,-4.7008547008547,4,"Jinhua, Zhejiang, China",CH,CH02,13319,30.1952,120.471,11005723,4,"Jinhua, Zhejiang, China",CH,CH02,13319,30.1952,120.471,11005723,2,"California, United States",US,USCA,,36.17,-119.746,CA,20181030113000,Engage in material cooperation,Material cooperation
798604466,20181030,201810,USAGOVBUS,THE US,USA,,,,,GOV,BUS,,CHN,CHINESE,CHN,,,,,,,,1,160,160,16,4,-4.0,10,1,10,-4.7008547008547,2,"California, United States",US,USCA,,36.17,-119.746,CA,4,"Jinhua, Zhejiang, China",CH,CH02,13319,30.1952,120.471,11005723,2,"California, United States",US,USCA,,36.17,-119.746,CA,20181030113000,Reduce relations,Material conflict
798607461,20181030,201810,USA,IDAHO,USA,,,,,,,,CHNGOV,CHINESE,CHN,,,,,GOV,,,1,112,112,11,3,-2.0,6,1,6,-5.69105691056911,4,"Jinhua, Zhejiang, China",CH,CH02,13319,30.1952,120.471,11005723,4,"Jinhua, Zhejiang, China",CH,CH02,13319,30.1952,120.471,11005723,4,"Jinhua, Zhejiang, China",CH,CH02,13319,30.1952,120.471,11005723,20181030114500,Disapprove,Verbal conflict
798609527,20181030,201810,CHN,CHINA,CHN,,,,,,,,USA,UNITED STATES,USA,,,,,,,,1,036,036,03,1,4.0,8,1,8,1.75438596491228,4,"Beijing, Beijing, China",CH,CH22,13001,39.9289,116.388,-1898541,4,"Beijing, Beijing, China",CH,CH22,13001,39.9289,116.388,-1898541,4,"Beijing, Beijing, China",CH,CH22,13001,39.9289,116.388,-1898541,20181030120000,Express intent to cooperate,Verbal cooperation
798610969,20181030,201810,USA,UNITED STATES,USA,,,,,,,,CHN,CHINA,CHN,,,,,,,,1,036,036,03,1,4.0,8,1,8,1.75438596491228,4,"Beijing, Beijing, China",CH,CH22,13001,39.9289,116.388,-1898541,4,"Beijing, Beijing, China",CH,CH22,13001,39.9289,116.388,-1898541,4,"Beijing, Beijing, China",CH,CH22,13001,39.9289,116.388,-1898541,20181030120000,Express intent to cooperate,Verbal cooperation
798615971,20181030,201810,CHN,CHINESE,CHN,,,,,,,,USA,UNITED STATES,USA,,,,,,,,1,036,036,03,1,4.0,10,1,10,-0.51440329218107,1,China,CH,CH,,35.0,105.0,CH,1,China,CH,CH,,35.0,105.0,CH,1,China,CH,CH,,35.0,105.0,CH,20181030123000,Express intent to cooperate,Verbal cooperation
798617223,20181030,201810,USA,UNITED STATES,USA,,,,,,,,CHN,CHINESE,CHN,,,,,,,,1,036,036,03,1,4.0,10,1,10,-0.51440329218107,1,United States,US,US,,39.828175,-98.5795,US,1,China,CH,CH,,35.0,105.0,CH,1,United States,US,US,,39.828175,-98.5795,US,20181030123000,Express intent to cooperate,Verbal cooperation
798620339,20181030,201810,MNCUSA,ISHARES,USA,,,,,MNC,,,CHN,CHINA,CHN,,,,,,,,1,071,071,07,2,7.4,10,1,10,1.94647201946472,1,China,CH,CH,,35.0,105.0,CH,1,China,CH,CH,,35.0,105.0,CH,1,China,CH,CH,,35.0,105.0,CH,20181030124500,Provide aid,Material cooperation
798626615,20181030,201810,CHNGOV,CHINESE,CHN,,,,,GOV,,,USA,THE US,USA,,,,,,,,1,154,154,15,4,-7.2,6,1,6,-9.25925925925926,4,"Beijing, Beijing, China",CH,CH22,13001,39.9289,116.388,-1898541,4,"Beijing, Beijing, China",CH,CH22,13001,39.9289,116.388,-1898541,4,"South China Sea, Brunei (general), Brunei",BX,BX00,,15.0,115.0,-1337919,20181030131500,Exhibit force posture,Material conflict
798630332,20181030,201810,CHN,CHINA,CHN,,,,,,,,USAGOV,RICHARD NIXON,USA,,,,,GOV,,,1,043,043,04,1,2.8,10,1,10,-2.49653259361997,4,"Beijing, Beijing, China",CH,CH22,13001,39.9289,116.388,-1898541,4,"Beijing, Beijing, China",CH,CH22,13001,39.9289,116.388,-1898541,4,"Beijing, Beijing, China",CH,CH22,13001,39.9289,116.388,-1898541,20181030133000,Consult,Verbal cooperation
798631752,20181030,201810,USAGOV,RICHARD NIXON,USA,,,,,GOV,,,CHN,CHINA,CHN,,,,,,,,1,042,042,04,1,1.9,10,1,10,-2.49653259361997,3,"Puget Sound, Washington, United States",US,USWA,WA035,47.8332,-122.435,1507653,3,"Puget Sound, Washington, United States",US,USWA,,47.8332,-122.435,1507653,3,"Puget Sound, Washington, United States",US,USWA,,47.8332,-122.435,1507653,20181030133000,Consult,Verbal cooperation
798634894,20181030,201810,USA,THE US,USA,,,,,,,,CHN,CHINESE,CHN,,,,,,,,1,172,172,17,4,-5.0,8,1,8,-4.05797101449275,1,Iran,IR,IR,,32.0,53.0,IR,1,Iran,IR,IR,,32.0,53.0,IR,1,Iran,IR,IR,,32.0,53.0,IR,20181030134500,Coerce,Material conflict
798636921,20181030,201810,CHN,CHINA,CHN,,,,,,,,USA,UNITED STATES,USA,,,,,,,,1,036,036,03,1,4.0,6,1,6,2.12765957446809,4,"Beijing, Beijing, China",CH,CH22,13001,39.9289,116.388,-1898541,3,"Decatur, Washington, United States",US,USWA,WA055,48.5004,-122.82,1534563,4,"Beijing, Beijing, China",CH,CH22,13001,39.9289,116.388,-1898541,20181030140000,Express intent to cooperate,Verbal cooperation
798638588,20181030,201810,USA,UNITED STATES,USA,,,,,,,,CHN,CHINA,CHN,,,,,,,,1,036,036,03,1,4.0,6,1,6,2.12765957446809,3,"Decatur, Washington, United States",US,USWA,WA055,48.5004,-122.82,1534563,4,"Beijing, Beijing, China",CH,CH22,13001,39.9289,116.388,-1898541,4,"Beijing, Beijing, China",CH,CH22,13001,39.9289,116.388,-1898541,20181030140000,Express intent to cooperate,Verbal cooperation
798645811,20181030,201810,USAGOVBUS,THE US,USA,,,,,GOV,BUS,,CHN,FUJIAN,CHN,,,,,,,,1,172,172,17,4,-5.0,10,1,10,-3.94431554524362,4,"Fuzhou, Fujian, China",CH,CH07,13005,26.0614,119.306,-1905938,4,"Fuzhou, Fujian, China",CH,CH07,13005,26.0614,119.306,-1905938,4,"Fuzhou, Fujian, China",CH,CH07,13005,26.0614,119.306,-1905938,20181030143000,Coerce,Material conflict
798652127,20181030,201810,USA,THE US,USA,,,,,,,,CHN,CHINA,CHN,,,,,,,,1,173,173,17,4,-5.0,8,1,8,-7.89473684210526,1,Russia,RS,RS,,60.0,100.0,RS,1,China,CH,CH,,35.0,105.0,CH,1,Russia,RS,RS,,60.0,100.0,RS,20181030150000,Coerce,Material conflict
798655818,20181030,201810,USA,IOWA,USA,,,,,,,,CHN,CHINESE,CHN,,,,,,,,1,120,120,12,3,-4.0,8,1,8,-3.34168755221387,1,China,CH,CH,,35.0,105.0,CH,1,Japan,JA,JA,,36.0,138.0,JA,1,Japan,JA,JA,,36.0,138.0,JA,20181030151500,Reject,Verbal conflict
798665045,20181030,201810,CHN,CHINA,CHN,,,,,,,,MNCUSA,STARBUCKS,USA,,,,,MNC,,,1,020,020,02,1,3.0,10,1,10,-1.75438596491228,1,China,CH,CH,,35.0,105.0,CH,1,China,CH,CH,,35.0,105.0,CH,1,China,CH,CH,,35.0,105.0,CH,20181030160000,Appeal,Verbal cooperation
798668696,20181030,201810,CHN,CHINA,CHN,,,,,,,,USA,WASHINGTON,USA,,,,,,,,1,043,043,04,1,2.8,8,1,8,-0.74550999661132,4,"Peking, Beijing, China",CH,CH22,13001,39.9289,116.388,-1898541,3,"Washington, District of Columbia, United States",US,USDC,DC001,38.8951,-77.0364,531871,3,"San Francisco Bay, California, United States",US,USCA,,37.7083,-122.28,1654951,20181030161500,Consult,Verbal cooperation
798670376,20181030,201810,USA,WASHINGTON,USA,,,,,,,,CHN,CHINA,CHN,,,,,,,,1,042,042,04,1,1.9,8,1,8,-0.74550999661132,3,"San Bruno, California, United States",US,USCA,CA081,37.6305,-122.411,277616,3,"San Bruno, California, United States",US,USCA,,37.6305,-122.411,277616,3,"San Bruno, California, United States",US,USCA,,37.6305,-122.411,277616,20181030161500,Consult,Verbal cooperation
798672380,20181030,201810,CHNCVL,CHINESE,CHN,,,,,CVL,,,USA,THE US,USA,,,,,,,,1,042,042,04,1,1.9,6,1,6,0.62266500622665,4,"Salar De Uyuni, PotosíL, Bolivia",BL,BL07,40197,-20.3333,-67.7,-703929,4,"Salar De Uyuni, PotosíL, Bolivia",BL,BL07,40197,-20.3333,-67.7,-703929,4,"Salar De Uyuni, PotosíL, Bolivia",BL,BL07,40197,-20.3333,-67.7,-703929,20181030163000,Consult,Verbal cooperation
798673749,20181030,201810,USA,THE US,USA,,,,,,,,CHNCVL,CHINESE,CHN,,,,,CVL,,,1,043,043,04,1,2.8,6,1,6,0.62266500622665,4,"Beijing, Beijing, China",CH,CH22,13001,39.9289,116.388,-1898541,4,"Beijing, Beijing, China",CH,CH22,13001,39.9289,116.388,-1898541,4,"Beijing, Beijing, China",CH,CH22,13001,39.9289,116.388,-1898541,20181030163000,Consult,Verbal cooperation
798677370,20181030,201810,USA,NEW MEXICO,USA,,,,,,,,CHN,CHINA,CHN,,,,,,,,1,061,061,06,2,6.4,8,1,8,-3.33796940194715,2,"New Mexico, United States",US,USNM,,34.8375,-106.237,NM,4,"Shanghai, Shanghai, China",CH,CH23,13243,31.2222,121.458,-1924465,4,"Shanghai, Shanghai, China",CH,CH23,13243,31.2222,121.458,-1924465,20181030164500,Engage in material cooperation,Material cooperation
798677371,20181030,201810,USA,NEW ORLEANS,USA,,,,,,,,CHN,CHINA,CHN,,,,,,,,1,061,061,06,2,6.4,6,1,6,-3.33796940194715,2,"Texas, United States",US,USTX,,31.106,-97.6475,TX,2,"Texas, United States",US,USTX,,31.106,-97.6475,TX,4,"Shanghai, Shanghai, China",CH,CH23,13243,31.2222,121.458,-1924465,20181030164500,Engage in material cooperation,Material cooperation
798679395,20181030,201810,CHN,CHINA,CHN,,,,,,,,USA,UNITED STATES,USA,,,,,,,,1,042,042,04,1,1.9,6,1,6,-0.35087719298246,4,"Lu Kang, Anhui, China",CH,CH01,13144,31.2728,118.337,-1916844,1,United States,US,US,,39.828175,-98.5795,US,1,United States,US,US,,39.828175,-98.5795,US,20181030170000,Consult,Verbal cooperation
798679396,20181030,201810,CHN,CANTON,CHN,,,,,,,,USA,MASSACHUSETTS,USA,,,,,,,,1,090,090,09,2,-2.0,10,1,10,-6.08695652173913,1,China,CH,CH,,35.0,105.0,CH,1,China,CH,CH,,35.0,105.0,CH,1,China,CH,CH,,35.0,105.0,CH,20181030170000,Investigate,Material cooperation
798679397,20181030,201810,CHN,CANTON,CHN,,,,,,,,USA,MASSACHUSETTS,USA,,,,,,,,1,112,112,11,3,-2.0,10,1,10,-6.08695652173913,1,China,CH,CH,,35.0,105.0,CH,2,"Massachusetts, United States",US,USMA,,42.2373,-71.5314,MA,2,"Massachusetts, United States",US,USMA,,42.2373,-71.5314,MA,20181030170000,Disapprove,Verbal conflict
798680961,20181030,201810,USA,UNITED STATES,USA,,,,,,,,CHN,CHINA,CHN,,,,,,,,1,043,043,04,1,2.8,6,1,6,-0.35087719298246,1,United States,US,US,,39.828175,-98.5795,US,4,"Lu Kang, Anhui, China",CH,CH01,13144,31.2728,118.337,-1916844,1,United States,US,US,,39.828175,-98.5795,US,20181030170000,Consult,Verbal cooperation
798681216,20181030,201810,USAGOV,THE US,USA,,,,,GOV,,,CHN,CHINA,CHN,,,,,,,,1,100,100,10,3,-5.0,8,1,8,-0.970873786407767,4,"Jakarta, Jakarta Raya, Indonesia",ID,ID04,18585,-6.17444,106.829,-2679652,1,China,CH,CH,,35.0,105.0,CH,1,China,CH,CH,,35.0,105.0,CH,20181030170000,Demand,Verbal conflict
798682454,20180930,201809,USA,LOS ANGELES,USA,,,,,,,,CHN,CHINA,CHN,,,,,,,,1,084,084,08,2,7.0,10,1,10,0.98039215686275,4,"Shanghai, Shanghai, China",CH,CH23,13243,31.2222,121.458,-1924465,4,"Shanghai, Shanghai, China",CH,CH23,13243,31.2222,121.458,-1924465,4,"Shanghai, Shanghai, China",CH,CH23,13243,31.2222,121.458,-1924465,20181030171500,Yield,Material cooperation
798682455,20180930,201809,USA,LOS ANGELES,USA,,,,,,,,CHN,CHINA,CHN,,,,,,,,1,1384,138,13,3,-7.0,10,1,10,0.98039215686275,4,"Shanghai, Shanghai, China",CH,CH23,13243,31.2222,121.458,-1924465,4,"Shanghai, Shanghai, China",CH,CH23,13243,31.2222,121.458,-1924465,4,"Shanghai, Shanghai, China",CH,CH23,13243,31.2222,121.458,-1924465,20181030171500,Threaten,Verbal conflict
798683860,20181030,201810,MNCUSA,COCA COLA,USA,,,,,MNC,,,CHN,CHINA,CHN,,,,,,,,1,013,013,01,1,0.4,10,1,10,2.96052631578948,1,China,CH,CH,,35.0,105.0,CH,1,China,CH,CH,,35.0,105.0,CH,1,China,CH,CH,,35.0,105.0,CH,20181030171500,Make public statement,Verbal cooperation
798685767,20180930,201809,CHN,BEIJING,CHN,,,,,,,,USAMIL,THE US,USA,,,,,MIL,,,1,0841,084,08,2,7.0,6,1,6,-2.37388724035608,4,"Beijing, Beijing, China",CH,CH22,13001,39.9289,116.388,-1898541,4,"South China Sea, Brunei (general), Brunei",BX,BX00,,15.0,115.0,-1337919,4,"Beijing, Beijing, China",CH,CH22,13001,39.9289,116.388,-1898541,20181030173000,Yield,Material cooperation
798685769,20180930,201809,CHN,BEIJING,CHN,,,,,,,,USAMIL,THE US,USA,,,,,MIL,,,1,141,141,14,3,-6.5,6,1,6,-2.37388724035608,4,"Beijing, Beijing, China",CH,CH22,13001,39.9289,116.388,-1898541,4,"South China Sea, Brunei (general), Brunei",BX,BX00,,15.0,115.0,-1337919,4,"Beijing, Beijing, China",CH,CH22,13001,39.9289,116.388,-1898541,20181030173000,Protest,Verbal conflict
798691685,20181030,201810,USAGOV,THE US,USA,,,,,GOV,,,CHN,CHINESE,CHN,,,,,,,,1,012,012,01,1,-0.4,10,1,10,-4.63121783876501,1,China,CH,CH,,35.0,105.0,CH,1,China,CH,CH,,35.0,105.0,CH,1,China,CH,CH,,35.0,105.0,CH,20181030174500,Make public statement,Verbal cooperation
798693670,20181030,201810,CHN,SHANGHAI,CHN,,,,,,,,MNCUSA,CATERPILLAR INC,USA,,,,,MNC,,,1,040,040,04,1,1.0,7,1,7,1.96078431372549,4,"Shanghai, Shanghai, China",CH,CH23,13243,31.2222,121.458,-1924465,4,"Shanghai, Shanghai, China",CH,CH23,13243,31.2222,121.458,-1924465,4,"Shanghai, Shanghai, China",CH,CH23,13243,31.2222,121.458,-1924465,20181030180000,Consult,Verbal cooperation
798693671,20181030,201810,CHN,SHANGHAI,CHN,,,,,,,,MNCUSA,CATERPILLAR INC,USA,,,,,MNC,,,1,084,084,08,2,7.0,7,1,7,1.96078431372549,4,"Shanghai, Shanghai, China",CH,CH23,13243,31.2222,121.458,-1924465,4,"Shanghai, Shanghai, China",CH,CH23,13243,31.2222,121.458,-1924465,4,"Shanghai, Shanghai, China",CH,CH23,13243,31.2222,121.458,-1924465,20181030180000,Yield,Material cooperation
798693683,20181030,201810,CHN,BEIJING,CHN,,,,,,,,USA,UNITED STATES,USA,,,,,,,,1,154,154,15,4,-7.2,8,1,8,-6.83760683760684,4,"Beijing, Beijing, China",CH,CH22,13001,39.9289,116.388,-1898541,3,"Washington, District of Columbia, United States",US,USDC,DC001,38.8951,-77.0364,531871,4,"Guangdong, Jilin, China",CH,CH05,13176,42.7683,129.336,10884162,20181030180000,Exhibit force posture,Material conflict
798694951,20181030,201810,MNCUSA,CATERPILLAR INC,USA,,,,,MNC,,,CHN,SHANGHAI,CHN,,,,,,,,1,040,040,04,1,1.0,7,1,7,1.96078431372549,4,"Shanghai, Shanghai, China",CH,CH23,13243,31.2222,121.458,-1924465,4,"Shanghai, Shanghai, China",CH,CH23,13243,31.2222,121.458,-1924465,4,"Shanghai, Shanghai, China",CH,CH23,13243,31.2222,121.458,-1924465,20181030180000,Consult,Verbal cooperation
798695592,20181030,201810,USA,THE US,USA,,,,,,,,CHN,CHINA,CHN,,,,,,,,1,012,012,01,1,-0.4,8,1,8,0.2724795640327,1,Denmark,DA,DA,,56.0,10.0,DA,4,"Beijing, Beijing, China",CH,CH22,13001,39.9289,116.388,-1898541,4,"Beijing, Beijing, China",CH,CH22,13001,39.9289,116.388,-1898541,20181030180000,Make public statement,Verbal cooperation
798695594,20181030,201810,USA,SAN DIEGO,USA,,,,,,,,CHN,CHINA,CHN,,,,,,,,1,042,042,04,1,1.9,6,1,6,1.17233294255569,3,"San Diego, California, United States",US,USCA,CA073,32.7153,-117.157,1661377,3,"San Diego, California, United States",US,USCA,,32.7153,-117.157,1661377,3,"San Diego, California, United States",US,USCA,,32.7153,-117.157,1661377,20181030180000,Consult,Verbal cooperation
798703907,20181030,201810,CHN,CANTON,CHN,,,,,,,,USA,PITTSBURGH,USA,,,,,,,,1,043,043,04,1,2.8,6,1,6,-3.05084745762712,1,China,CH,CH,,35.0,105.0,CH,1,China,CH,CH,,35.0,105.0,CH,1,China,CH,CH,,35.0,105.0,CH,20181030184500,Consult,Verbal cooperation
798705295,20181030,201810,USA,PITTSBURGH,USA,,,,,,,,CHN,CANTON,CHN,,,,,,,,1,042,042,04,1,1.9,10,1,10,-3.05084745762712,3,"White House, District of Columbia, United States",US,USDC,,38.8951,-77.0364,531871,3,"White House, District of Columbia, United States",US,USDC,,38.8951,-77.0364,531871,3,"White House, District of Columbia, United States",US,USDC,,38.8951,-77.0364,531871,20181030184500,Consult,Verbal cooperation
798705298,20181030,201810,USA,LOUISIANA,USA,,,,,,,,CHNBUS,CHINESE,CHN,,,,,BUS,,,1,020,020,02,1,3.0,6,1,6,-0.12531328320802,1,Canada,CA,CA,,60.0,-96.0,CA,1,Canada,CA,CA,,60.0,-96.0,CA,1,Canada,CA,CA,,60.0,-96.0,CA,20181030184500,Appeal,Verbal cooperation
798706833,20180930,201809,USA,A US,USA,,,,,,,,CHN,CHINA,CHN,,,,,,,,1,071,071,07,2,7.4,10,1,10,-2.35294117647059,4,"Suzhou, Jiangsu, China",CH,CH04,13148,31.3114,120.618,79514,4,"Suzhou, Jiangsu, China",CH,CH04,13148,31.3114,120.618,79514,4,"Suzhou, Jiangsu, China",CH,CH04,13148,31.3114,120.618,79514,20181030190000,Provide aid,Material cooperation
798712591,20181030,201810,USA,UTAH,USA,,,,,,,,CHN,CHINESE,CHN,,,,,,,,1,111,111,11,3,-2.0,10,1,10,-1.21212121212121,4,"Pocahontas, Alberta, Canada",CA,CA01,154724,53.2,-117.917,-571422,4,"Pocahontas, Alberta, Canada",CA,CA01,154724,53.2,-117.917,-571422,4,"Pocahontas, Alberta, Canada",CA,CA01,154724,53.2,-117.917,-571422,20181030191500,Disapprove,Verbal conflict
798713872,20171030,201710,CHNCVL,CHINESE,CHN,,,,,CVL,,,USA,UNITED STATES,USA,,,,,,,,1,042,042,04,1,1.9,6,1,6,-2.18728639781271,3,"Washington, District of Columbia, United States",US,USDC,DC001,38.8951,-77.0364,531871,3,"Los Angeles, California, United States",US,USCA,,34.0522,-118.244,1662328,3,"Los Angeles, California, United States",US,USCA,,34.0522,-118.244,1662328,20181030193000,Consult,Verbal cooperation
798716129,20181030,201810,USA,SAN DIEGO,USA,,,,,,,,CHN,CHINA,CHN,,,,,,,,1,042,042,04,1,1.9,10,1,10,1.73913043478261,1,China,CH,CH,,35.0,105.0,CH,1,China,CH,CH,,35.0,105.0,CH,1,China,CH,CH,,35.0,105.0,CH,20181030193000,Consult,Verbal cooperation
798732183,20181030,201810,USAGOV,THE US,USA,,,,,GOV,,,CHN,CHINESE,CHN,,,,,,,,1,163,163,16,4,-8.0,8,1,8,-4.07725321888412,1,China,CH,CH,,35.0,105.0,CH,1,China,CH,CH,,35.0,105.0,CH,1,China,CH,CH,,35.0,105.0,CH,20181030204500,Reduce relations,Material conflict
798740377,20181030,201810,USA,AMERICAN,USA,,,,,,,,CHN,CHINA,CHN,,,,,,,,1,111,111,11,3,-2.0,10,1,10,-12.5,1,United States,US,US,,39.828175,-98.5795,US,1,China,CH,CH,,35.0,105.0,CH,1,China,CH,CH,,35.0,105.0,CH,20181030213000,Disapprove,Verbal conflict
798743782,20181030,201810,USA,NEW YORK,USA,,,,,,,,CHNGOV,CHINESE,CHN,,,,,GOV,,,1,172,172,17,4,-5.0,10,1,10,-2.53164556962025,1,China,CH,CH,,35.0,105.0,CH,1,China,CH,CH,,35.0,105.0,CH,1,China,CH,CH,,35.0,105.0,CH,20181030214500,Coerce,Material conflict
798744170,20181030,201810,USAMED,REUTERS,USA,,,,,MED,,,CHNEDU,CHINESE,CHN,,,,,EDU,,,1,0841,084,08,2,7.0,10,1,10,-4.50450450450451,1,China,CH,CH,,35.0,105.0,CH,1,China,CH,CH,,35.0,105.0,CH,1,China,CH,CH,,35.0,105.0,CH,20181030214500,Yield,Material cooperation
798745459,20181030,201810,CHN,BEIJING,CHN,,,,,,,,USA,WASHINGTON,USA,,,,,,,,1,043,043,04,1,2.8,6,1,6,-3.90428211586902,4,"Beijing, Beijing, China",CH,CH22,13001,39.9289,116.388,-1898541,3,"Washington, District of Columbia, United States",US,USDC,DC001,38.8951,-77.0364,531871,3,"Washington, District of Columbia, United States",US,USDC,DC001,38.8951,-77.0364,531871,20181030220000,Consult,Verbal cooperation
798745462,20181030,201810,CHN,CHINESE,CHN,,,,,,,,USA,AMERICAN,USA,,,,,,,,1,046,046,04,1,7.0,6,1,6,-4.36607892527288,2,"Washington, United States",US,USWA,,47.3917,-121.571,WA,2,"Washington, United States",US,USWA,,47.3917,-121.571,WA,1,Russia,RS,RS,,60.0,100.0,RS,20181030220000,Consult,Verbal cooperation
798746606,20181030,201810,USA,WASHINGTON,USA,,,,,,,,CHN,BEIJING,CHN,,,,,,,,1,042,042,04,1,1.9,6,1,6,-3.90428211586902,1,Iran,IR,IR,,32.0,53.0,IR,1,Iran,IR,IR,,32.0,53.0,IR,1,Iran,IR,IR,,32.0,53.0,IR,20181030220000,Consult,Verbal cooperation
798754614,20181030,201810,USA,THE US,USA,,,,,,,,CHN,CHINESE,CHN,,,,,,,,1,173,173,17,4,-5.0,10,1,10,-3.34821428571428,4,"Suzhou, Jiangsu, China",CH,CH04,13148,31.3114,120.618,79514,4,"Suzhou, Jiangsu, China",CH,CH04,13148,31.3114,120.618,79514,4,"Suzhou, Jiangsu, China",CH,CH04,13148,31.3114,120.618,79514,20181030224500,Coerce,Material conflict
798761164,20181030,201810,CHN,CHINESE,CHN,,,,,,,,USA,LOS ANGELES,USA,,,,,,,,1,036,036,03,1,4.0,6,1,6,1.41509433962264,3,"Los Angeles, California, United States",US,USCA,CA037,34.0522,-118.244,1662328,3,"Los Angeles, California, United States",US,USCA,,34.0522,-118.244,1662328,3,"Los Angeles, California, United States",US,USCA,,34.0522,-118.244,1662328,20181030233000,Express intent to cooperate,Verbal cooperation
798761792,20181030,201810,MNCUSAMED,GOOGLE,USA,,,,,MNC,MED,,CHN,CHINA,CHN,,,,,,,,1,181,181,18,4,-9.0,8,1,8,0.13717421124828,4,"Huatai, Jiangxi, China",CH,CH03,13165,28.1199,118.172,10550847,4,"Baoquan, Sichuan, China",CH,CH32,13262,30.8111,105.138,10334376,4,"Baoquan, Sichuan, China",CH,CH32,13262,30.8111,105.138,10334376,20181030233000,Assault,Material conflict
798766514,20181031,201810,CHNGOV,CHINA,CHN,,,,,GOV,,,USAMED,REUTERS,USA,,,,,MED,,,1,011,011,01,1,-0.1,10,1,10,-4.7008547008547,4,"Beijing, Beijing, China",CH,CH22,13001,39.9289,116.388,-1898541,4,"Beijing, Beijing, China",CH,CH22,13001,39.9289,116.388,-1898541,4,"Beijing, Beijing, China",CH,CH22,13001,39.9289,116.388,-1898541,20181031000000,Make public statement,Verbal cooperation
798766515,20181031,201810,CHNGOV,CHINA,CHN,,,,,GOV,,,USAMED,REUTERS,USA,,,,,MED,,,1,120,120,12,3,-4.0,10,1,10,-4.7008547008547,4,"Beijing, Beijing, China",CH,CH22,13001,39.9289,116.388,-1898541,4,"Beijing, Beijing, China",CH,CH22,13001,39.9289,116.388,-1898541,4,"Beijing, Beijing, China",CH,CH22,13001,39.9289,116.388,-1898541,20181031000000,Reject,Verbal conflict
798766516,20181031,201810,CHNGOV,CHINA,CHN,,,,,GOV,,,USAMED,REUTERS,USA,,,,,MED,,,1,124,124,12,3,-4.0,10,1,10,-4.7008547008547,4,"Wuzhen, Hubei, China",CH,CH12,13129,31.6836,112.004,-1931252,4,"Wuzhen, Hubei, China",CH,CH12,13129,31.6836,112.004,-1931252,4,"Wuzhen, Hubei, China",CH,CH12,13129,31.6836,112.004,-1931252,20181031000000,Reject,Verbal conflict
798769685,20181031,201810,USA,THE US,USA,,,,,,,,CHN,CHINESE,CHN,,,,,,,,1,173,173,17,4,-5.0,10,1,10,-3.34821428571428,4,"Suzhou, Jiangsu, China",CH,CH04,13148,31.3114,120.618,79514,4,"Suzhou, Jiangsu, China",CH,CH04,13148,31.3114,120.618,79514,4,"Suzhou, Jiangsu, China",CH,CH04,13148,31.3114,120.618,79514,20181031000000,Coerce,Material conflict
798777550,20181031,201810,CHN,CHINA,CHN,,,,,,,,USA,UNITED STATES,USA,,,,,,,,1,036,036,03,1,4.0,6,1,6,2.18579234972678,4,"Beijing, Beijing, China",CH,CH22,13001,39.9289,116.388,-1898541,3,"Decatur, Washington, United States",US,USWA,WA055,48.5004,-122.82,1534563,4,"Beijing, Beijing, China",CH,CH22,13001,39.9289,116.388,-1898541,20181031003000,Express intent to cooperate,Verbal cooperation
798779668,20181031,201810,USA,UNITED STATES,USA,,,,,,,,CHN,CHINA,CHN,,,,,,,,1,036,036,03,1,4.0,6,1,6,2.18579234972678,3,"Decatur, Washington, United States",US,USWA,WA055,48.5004,-122.82,1534563,4,"Beijing, Beijing, China",CH,CH22,13001,39.9289,116.388,-1898541,4,"Beijing, Beijing, China",CH,CH22,13001,39.9289,116.388,-1898541,20181031003000,Express intent to cooperate,Verbal cooperation
798779674,20181031,201810,USA,UNITED STATES,USA,,,,,,,,CHN,CHINA,CHN,,,,,,,,1,051,051,05,1,3.4,8,2,8,1.6597510373444,3,"White House, District of Columbia, United States",US,USDC,,38.8951,-77.0364,531871,5,"Tibet, Xizang, China",CH,CH14,13213,32.0,90.0,-1934604,5,"Tibet, Xizang, China",CH,CH14,13213,32.0,90.0,-1934604,20181031003000,Engage in diplomatic cooperation,Verbal cooperation
798779679,20181031,201810,USA,CHICAGO,USA,,,,,,,,CHNOPP,TIBET,CHN,,,,,OPP,,,1,051,051,05,1,3.4,10,1,10,-2.5,3,"Chicago, Illinois, United States",US,USIL,IL031,41.85,-87.6501,423587,3,"Chicago, Illinois, United States",US,USIL,IL031,41.85,-87.6501,423587,3,"Chicago, Illinois, United States",US,USIL,IL031,41.85,-87.6501,423587,20181031003000,Engage in diplomatic cooperation,Verbal cooperation
798779680,20181031,201810,USA,CHICAGO,USA,,,,,,,,CHNOPP,TIBET,CHN,,,,,OPP,,,1,141,141,14,3,-6.5,10,1,10,-2.5,3,"Chicago, Illinois, United States",US,USIL,IL031,41.85,-87.6501,423587,3,"Chicago, Illinois, United States",US,USIL,IL031,41.85,-87.6501,423587,3,"Chicago, Illinois, United States",US,USIL,IL031,41.85,-87.6501,423587,20181031003000,Protest,Verbal conflict
798784526,20181031,201810,USA,THE US,USA,,,,,,,,CHN,CHINA,CHN,,,,,,,,1,112,112,11,3,-2.0,12,1,10,-3.78378378378379,1,China,CH,CH,,35.0,105.0,CH,1,China,CH,CH,,35.0,105.0,CH,1,China,CH,CH,,35.0,105.0,CH,20181031004500,Disapprove,Verbal conflict
798788279,20181031,201810,USA,BOSTON,USA,,,,,,,,CHNGOV,CHINESE,CHN,,,,,GOV,,,1,020,020,02,1,3.0,6,1,6,0.26385224274406,1,China,CH,CH,,35.0,105.0,CH,1,China,CH,CH,,35.0,105.0,CH,1,China,CH,CH,,35.0,105.0,CH,20181031010000,Appeal,Verbal cooperation
798791891,20181031,201810,USA,WASHINGTON,USA,,,,,,,,CHN,CHINESE,CHN,,,,,,,,1,173,173,17,4,-5.0,7,1,7,-3.41113105924597,3,"Washington, District of Columbia, United States",US,USDC,DC001,38.8951,-77.0364,531871,4,"Then On, Aquitaine, France",FR,FR97,16240,45.139,1.07211,-1472534,4,"Then On, Aquitaine, France",FR,FR97,16240,45.139,1.07211,-1472534,20181031011500,Coerce,Material conflict
798795705,20181031,201810,USA,CHICAGO,USA,,,,,,,,CHN,CHINESE,CHN,,,,,,,,1,173,173,17,4,-5.0,6,1,6,-7.06006322444678,3,"Chicago, Illinois, United States",US,USIL,IL031,41.85,-87.6501,423587,4,"Suzhou, Jiangsu, China",CH,CH04,13148,31.3114,120.618,79514,4,"Suzhou, Jiangsu, China",CH,CH04,13148,31.3114,120.618,79514,20181031013000,Coerce,Material conflict
798795707,20181031,201810,USA,UNITED STATES,USA,,,,,,,,CHN,CHINESE,CHN,,,,,,,,1,173,173,17,4,-5.0,56,1,56,-1.19244462317483,1,United States,US,US,,39.828175,-98.5795,US,1,China,CH,CH,,35.0,105.0,CH,1,China,CH,CH,,35.0,105.0,CH,20181031013000,Coerce,Material conflict
798795708,20181031,201810,USA,UNITED STATES,USA,,,,,,,,CHN,CHINA,CHN,,,,,,,,1,173,173,17,4,-5.0,14,1,14,-1.19244462317483,1,United States,US,US,,39.828175,-98.5795,US,1,United States,US,US,,39.828175,-98.5795,US,1,United States,US,US,,39.828175,-98.5795,US,20181031013000,Coerce,Material conflict
798811935,20181031,201810,USA,AMERICAN,USA,,,,,,,,CHNCVL,CHINESE,CHN,,,,,CVL,,,1,020,020,02,1,3.0,8,1,8,-3.52112676056338,1,United States,US,US,,39.828175,-98.5795,US,1,China,CH,CH,,35.0,105.0,CH,1,China,CH,CH,,35.0,105.0,CH,20181031024500,Appeal,Verbal cooperation
798813500,20181031,201810,CHN,CHINA,CHN,,,,,,,,USA,THE US,USA,,,,,,,,1,020,020,02,1,3.0,10,1,10,-9.8901098901099,1,China,CH,CH,,35.0,105.0,CH,1,China,CH,CH,,35.0,105.0,CH,1,China,CH,CH,,35.0,105.0,CH,20181031030000,Appeal,Verbal cooperation
798814743,20181031,201810,USA,WASHINGTON,USA,,,,,,,,CHN,FUJIAN,CHN,,,,,,,,1,080,080,08,2,5.0,6,1,6,-2.81690140845071,3,"Washington, District of Columbia, United States",US,USDC,DC001,38.8951,-77.0364,531871,3,"Washington, District of Columbia, United States",US,USDC,DC001,38.8951,-77.0364,531871,3,"Washington, District of Columbia, United States",US,USDC,DC001,38.8951,-77.0364,531871,20181031030000,Yield,Material cooperation
798814747,20181031,201810,USA,UNITED STATES,USA,,,,,,,,CHN,CHINESE,CHN,,,,,,,,1,173,173,17,4,-5.0,6,1,6,-1.72413793103448,2,"Puerto Rico, United States",US,USPR,,18.2766,-66.335,PR,1,China,CH,CH,,35.0,105.0,CH,1,China,CH,CH,,35.0,105.0,CH,20181031030000,Coerce,Material conflict
798818620,20181031,201810,CHN,CHINA,CHN,,,,,,,,USACVL,BROOKINGS INSTITUT,USA,,,,,CVL,,,1,043,043,04,1,2.8,8,1,8,-2.85204991087344,4,"Beijing, Beijing, China",CH,CH22,13001,39.9289,116.388,-1898541,4,"Beijing, Beijing, China",CH,CH22,13001,39.9289,116.388,-1898541,4,"Beijing, Beijing, China",CH,CH22,13001,39.9289,116.388,-1898541,20181031033000,Consult,Verbal cooperation
798818625,20181031,201810,CHNSPY,CHINESE,CHN,,,,,SPY,,,USA,THE US,USA,,,,,,,,1,112,112,11,3,-2.0,6,1,6,-7.45967741935484,4,"Suzhou, Jiangsu, China",CH,CH04,13148,31.3114,120.618,79514,4,"Suzhou, Jiangsu, China",CH,CH04,13148,31.3114,120.618,79514,4,"Suzhou, Jiangsu, China",CH,CH04,13148,31.3114,120.618,79514,20181031033000,Disapprove,Verbal conflict
798820191,20181031,201810,USACVL,BROOKINGS INSTITUT,USA,,,,,CVL,,,CHN,CHINA,CHN,,,,,,,,1,042,042,04,1,1.9,8,1,8,-2.85204991087344,4,"Beijing, Beijing, China",CH,CH22,13001,39.9289,116.388,-1898541,4,"Beijing, Beijing, China",CH,CH22,13001,39.9289,116.388,-1898541,4,"Beijing, Beijing, China",CH,CH22,13001,39.9289,116.388,-1898541,20181031033000,Consult,Verbal cooperation
798821252,20181031,201810,CHNCVL,CHINESE,CHN,,,,,CVL,,,USA,SAN FRANCISCO,USA,,,,,,,,1,043,043,04,1,2.8,6,1,6,0.0,1,China,CH,CH,,35.0,105.0,CH,3,"San Francisco, California, United States",US,USCA,,37.7749,-122.419,277593,1,China,CH,CH,,35.0,105.0,CH,20181031034500,Consult,Verbal cooperation
798822545,20181031,201810,USA,SAN FRANCISCO,USA,,,,,,,,CHNCVL,CHINESE,CHN,,,,,CVL,,,1,042,042,04,1,1.9,6,1,6,0.0,3,"San Francisco, California, United States",US,USCA,CA075,37.7749,-122.419,277593,1,China,CH,CH,,35.0,105.0,CH,1,China,CH,CH,,35.0,105.0,CH,20181031034500,Consult,Verbal cooperation
798822546,20181031,201810,USA,SAN FRANCISCO,USA,,,,,,,,CHNCVL,CHINESE,CHN,,,,,CVL,,,1,120,120,12,3,-4.0,10,1,10,0.0,1,China,CH,CH,,35.0,105.0,CH,1,China,CH,CH,,35.0,105.0,CH,1,China,CH,CH,,35.0,105.0,CH,20181031034500,Reject,Verbal conflict
798826161,20181031,201810,CHNGOV,CHINESE,CHN,,,,,GOV,,,USA,THE US,USA,,,,,,,,1,154,154,15,4,-7.2,6,1,6,-6.52173913043478,4,"Beijing, Beijing, China",CH,CH22,13001,39.9289,116.388,-1898541,4,"Beijing, Beijing, China",CH,CH22,13001,39.9289,116.388,-1898541,4,"South China Sea, Brunei (general), Brunei",BX,BX00,,15.0,115.0,-1337919,20181031041500,Exhibit force posture,Material conflict
798829858,20181031,201810,USAMIL,THE US,USA,,,,,MIL,,,CHN,CHINESE,CHN,,,,,,,,1,173,173,17,4,-5.0,10,1,10,-3.68932038834951,4,"Beijing, Beijing, China",CH,CH22,13001,39.9289,116.388,-1898541,4,"Beijing, Beijing, China",CH,CH22,13001,39.9289,116.388,-1898541,4,"Beijing, Beijing, China",CH,CH22,13001,39.9289,116.388,-1898541,20181031043000,Coerce,Material conflict
798834431,20181031,201810,USA,THE US,USA,,,,,,,,CHNSPY,CHINESE,CHN,,,,,SPY,,,1,173,173,17,4,-5.0,8,1,8,-6.25,4,"Beijing, Beijing, China",CH,CH22,13001,39.9289,116.388,-1898541,4,"Beijing, Beijing, China",CH,CH22,13001,39.9289,116.388,-1898541,4,"Beijing, Beijing, China",CH,CH22,13001,39.9289,116.388,-1898541,20181031050000,Coerce,Material conflict
798837288,20181031,201810,USALAB,AMERICAN,USA,,,,,LAB,,,CHN,CHINA,CHN,,,,,,,,1,112,112,11,3,-2.0,6,1,6,2.33853006681514,1,United States,US,US,,39.828175,-98.5795,US,1,Singapore,SN,SN,,1.366667,103.8,SN,1,Singapore,SN,SN,,1.366667,103.8,SN,20181031051500,Disapprove,Verbal conflict
798838517,20181031,201810,CHN,CHINA,CHN,,,,,,,,USA,AMERICAN,USA,,,,,,,,1,130,130,13,3,-4.4,8,1,8,-4.22535211267605,4,"Beijing, Beijing, China",CH,CH22,13001,39.9289,116.388,-1898541,4,"Beijing, Beijing, China",CH,CH22,13001,39.9289,116.388,-1898541,4,"Beijing, Beijing, China",CH,CH22,13001,39.9289,116.388,-1898541,20181031053000,Threaten,Verbal conflict
798838518,20181031,201810,CHN,BEIJING,CHN,,,,,,,,USA,THE US,USA,,,,,,,,1,154,154,15,4,-7.2,14,2,14,-5.09773529665031,4,"Beijing, Beijing, China",CH,CH22,13001,39.9289,116.388,-1898541,4,"Beijing, Beijing, China",CH,CH22,13001,39.9289,116.388,-1898541,4,"Beijing, Beijing, China",CH,CH22,13001,39.9289,116.388,-1898541,20181031053000,Exhibit force posture,Material conflict
798838524,20181031,201810,CHNCVL,CHINESE,CHN,,,,,CVL,,,USA,SAN FRANCISCO,USA,,,,,,,,1,173,173,17,4,-5.0,6,1,6,-1.17508813160987,2,"South Carolina, United States",US,USSC,,33.8191,-80.9066,SC,2,"South Carolina, United States",US,USSC,,33.8191,-80.9066,SC,2,"South Carolina, United States",US,USSC,,33.8191,-80.9066,SC,20181031053000,Coerce,Material conflict
798838525,20181031,201810,CHNGOV,CHINESE,CHN,,,,,GOV,,,USA,THE US,USA,,,,,,,,1,154,154,15,4,-7.2,6,1,6,-4.74683544303798,4,"Beijing, Beijing, China",CH,CH22,13001,39.9289,116.388,-1898541,4,"Beijing, Beijing, China",CH,CH22,13001,39.9289,116.388,-1898541,4,"Beijing, Beijing, China",CH,CH22,13001,39.9289,116.388,-1898541,20181031053000,Exhibit force posture,Material conflict
798841219,20181031,201810,CHN,CHINA,CHN,,,,,,,,USA,SAN DIEGO,USA,,,,,,,,1,043,043,04,1,2.8,10,1,7,1.49960536700868,4,"Dujiangyan, Sichuan, China",CH,CH32,13270,31.0167,103.633,-1904597,3,"San Diego, California, United States",US,USCA,,32.7153,-117.157,1661377,4,"Dujiangyan, Sichuan, China",CH,CH32,13270,31.0167,103.633,-1904597,20181031054500,Consult,Verbal cooperation
798841220,20181031,201810,CHN,CHINA,CHN,,,,,,,,USA,UNITED STATES,USA,,,,,,,,1,043,043,04,1,2.8,7,1,6,1.49960536700868,4,"Dujiangyan, Sichuan, China",CH,CH32,13270,31.0167,103.633,-1904597,3,"San Diego, California, United States",US,USCA,,32.7153,-117.157,1661377,3,"San Diego, California, United States",US,USCA,,32.7153,-117.157,1661377,20181031054500,Consult,Verbal cooperation
798841223,20181031,201810,CHN,CHINESE,CHN,,,,,,,,USA,UNITED STATES,USA,,,,,,,,1,172,172,17,4,-5.0,10,1,10,-3.25814536340852,2,"California, United States",US,USCA,,36.17,-119.746,CA,2,"California, United States",US,USCA,,36.17,-119.746,CA,2,"California, United States",US,USCA,,36.17,-119.746,CA,20181031054500,Coerce,Material conflict
798842322,20181031,201810,USA,SAN DIEGO,USA,,,,,,,,CHN,CHINA,CHN,,,,,,,,1,042,042,04,1,1.9,7,1,7,1.49960536700868,3,"San Diego, California, United States",US,USCA,CA073,32.7153,-117.157,1661377,3,"San Diego, California, United States",US,USCA,,32.7153,-117.157,1661377,3,"San Diego, California, United States",US,USCA,,32.7153,-117.157,1661377,20181031054500,Consult,Verbal cooperation
798843681,20181031,201810,CHN,CHINA,CHN,,,,,,,,USA,UNITED STATES,USA,,,,,,,,1,020,020,02,1,3.0,8,1,8,0.87912087912088,1,China,CH,CH,,35.0,105.0,CH,2,"Louisiana, United States",US,USLA,,31.1801,-91.8749,LA,2,"Louisiana, United States",US,USLA,,31.1801,-91.8749,LA,20181031060000,Appeal,Verbal cooperation
798843682,20181031,201810,CHN,CHINA,CHN,,,,,,,,USA,AMERICAN,USA,,,,,,,,1,130,130,13,3,-4.4,6,1,6,-4.16666666666667,4,"Beijing, Beijing, China",CH,CH22,13001,39.9289,116.388,-1898541,1,Taiwan,TW,TW,,24.0,121.0,TW,4,"Beijing, Beijing, China",CH,CH22,13001,39.9289,116.388,-1898541,20181031060000,Threaten,Verbal conflict
798844696,20181031,201810,MNCUSA,ISHARES,USA,,,,,MNC,,,CHN,CHINA,CHN,,,,,,,,1,010,010,01,1,0.0,10,1,10,0.632911392405063,1,China,CH,CH,,35.0,105.0,CH,1,China,CH,CH,,35.0,105.0,CH,1,China,CH,CH,,35.0,105.0,CH,20181031060000,Make public statement,Verbal cooperation
798844697,20181031,201810,MNCUSA,ISHARES,USA,,,,,MNC,,,CHN,CHINA,CHN,,,,,,,,1,071,071,07,2,7.4,10,1,10,0.632911392405063,1,China,CH,CH,,35.0,105.0,CH,1,China,CH,CH,,35.0,105.0,CH,1,China,CH,CH,,35.0,105.0,CH,20181031060000,Provide aid,Material cooperation
798845195,20181031,201810,USA,UNITED STATES,USA,,,,,,,,CHN,CHINESE,CHN,,,,,,,,1,061,061,06,2,6.4,8,1,8,-3.07692307692308,2,"California, United States",US,USCA,,36.17,-119.746,CA,4,"Beijing, Beijing, China",CH,CH22,13001,39.9289,116.388,-1898541,2,"California, United States",US,USCA,,36.17,-119.746,CA,20181031060000,Engage in material cooperation,Material cooperation
798845197,20181031,201810,USA,UNITED STATES,USA,,,,,,,,CHN,CHINESE,CHN,,,,,,,,1,172,172,17,4,-5.0,8,1,8,-3.07692307692308,2,"California, United States",US,USCA,,36.17,-119.746,CA,4,"Beijing, Beijing, China",CH,CH22,13001,39.9289,116.388,-1898541,2,"California, United States",US,USCA,,36.17,-119.746,CA,20181031060000,Coerce,Material conflict
798846446,20181031,201810,CHN,CHINA,CHN,,,,,,,,MNCUSAMED,GOOGLE,USA,,,,,MNC,MED,,1,020,020,02,1,3.0,10,2,10,-2.37746511359705,4,"Beijing, Beijing, China",CH,CH22,13001,39.9289,116.388,-1898541,4,"Beijing, Beijing, China",CH,CH22,13001,39.9289,116.388,-1898541,4,"Beijing, Beijing, China",CH,CH22,13001,39.9289,116.388,-1898541,20181031061500,Appeal,Verbal cooperation
798851228,20181031,201810,CHN,CHINESE,CHN,,,,,,,,MNCUSAMED,MOTOROLA,USA,,,,,MNC,MED,,1,111,111,11,3,-2.0,6,1,6,2.39043824701195,5,"Uttar Pradesh, Uttar Pradesh, India",IN,IN36,17938,27.25,80.75,-2113996,4,"Xiaomi, Fujian, China",CH,CH07,13163,25.2225,116.057,10999868,4,"Xiaomi, Fujian, China",CH,CH07,13163,25.2225,116.057,10999868,20181031064500,Disapprove,Verbal conflict
798851238,20181031,201810,CHN,CHINA,CHN,,,,,,,,USA,THE US,USA,,,,,,,,1,043,043,04,1,2.8,8,1,8,0.95693779904306,1,China,CH,CH,,35.0,105.0,CH,1,China,CH,CH,,35.0,105.0,CH,1,China,CH,CH,,35.0,105.0,CH,20181031064500,Consult,Verbal cooperation
798852367,20181031,201810,USA,THE US,USA,,,,,,,,CHN,CHINA,CHN,,,,,,,,1,042,042,04,1,1.9,8,1,8,0.95693779904306,1,China,CH,CH,,35.0,105.0,CH,1,China,CH,CH,,35.0,105.0,CH,1,China,CH,CH,,35.0,105.0,CH,20181031064500,Consult,Verbal cooperation
798852370,20181031,201810,USA,UNITED STATES,USA,,,,,,,,CHN,CHINESE,CHN,,,,,,,,1,061,061,06,2,6.4,6,1,6,-3.03448275862069,2,"Florida, United States",US,USFL,,27.8333,-81.717,FL,1,China,CH,CH,,35.0,105.0,CH,1,China,CH,CH,,35.0,105.0,CH,20181031064500,Engage in material cooperation,Material cooperation
798852373,20181031,201810,USA,UNITED STATES,USA,,,,,,,,CHN,CHINESE,CHN,,,,,,,,1,061,061,06,2,6.4,8,1,8,-5.81395348837209,2,"Idaho, United States",US,USID,,44.2394,-114.51,ID,4,"Beijing, Beijing, China",CH,CH22,13001,39.9289,116.388,-1898541,4,"Beijing, Beijing, China",CH,CH22,13001,39.9289,116.388,-1898541,20181031064500,Engage in material cooperation,Material cooperation
798852379,20181031,201810,USA,UNITED STATES,USA,,,,,,,,CHN,CHINESE,CHN,,,,,,,,1,160,160,16,4,-4.0,8,1,8,-3.03448275862069,2,"Florida, United States",US,USFL,,27.8333,-81.717,FL,1,China,CH,CH,,35.0,105.0,CH,2,"Florida, United States",US,USFL,,27.8333,-81.717,FL,20181031064500,Reduce relations,Material conflict
798852381,20181031,201810,USA,UNITED STATES,USA,,,,,,,,CHN,CHINESE,CHN,,,,,,,,1,160,160,16,4,-4.0,8,1,8,-5.81395348837209,2,"Idaho, United States",US,USID,,44.2394,-114.51,ID,2,"Idaho, United States",US,USID,,44.2394,-114.51,ID,2,"Idaho, United States",US,USID,,44.2394,-114.51,ID,20181031064500,Reduce relations,Material conflict
798859057,20181031,201810,CHN,CHINA,CHN,,,,,,,,USA,UNITED STATES,USA,,,,,,,,1,130,130,13,3,-4.4,10,1,10,-3.68421052631579,4,"Beijing, Beijing, China",CH,CH22,13001,39.9289,116.388,-1898541,3,"Washington, District of Columbia, United States",US,USDC,DC001,38.8951,-77.0364,531871,4,"Beijing, Beijing, China",CH,CH22,13001,39.9289,116.388,-1898541,20181031073000,Threaten,Verbal conflict
798864473,20181031,201810,CHN,CHINA,CHN,,,,,,,,USA,SAN DIEGO,USA,,,,,,,,1,042,042,04,1,1.9,10,1,10,1.1639185257032,4,"Dujiangyan, Sichuan, China",CH,CH32,13270,31.0167,103.633,-1904597,4,"Dujiangyan, Sichuan, China",CH,CH32,13270,31.0167,103.633,-1904597,4,"Dujiangyan, Sichuan, China",CH,CH32,13270,31.0167,103.633,-1904597,20181031080000,Consult,Verbal cooperation
798864474,20181031,201810,CHN,CHINA,CHN,,,,,,,,USA,SAN DIEGO,USA,,,,,,,,1,043,043,04,1,2.8,6,1,6,1.1639185257032,4,"Dujiangyan, Sichuan, China",CH,CH32,13270,31.0167,103.633,-1904597,4,"Dujiangyan, Sichuan, China",CH,CH32,13270,31.0167,103.633,-1904597,4,"Dujiangyan, Sichuan, China",CH,CH32,13270,31.0167,103.633,-1904597,20181031080000,Consult,Verbal cooperation
798865686,20181031,201810,USA,SAN DIEGO,USA,,,,,,,,CHN,CHINA,CHN,,,,,,,,1,043,043,04,1,2.8,10,1,10,1.1639185257032,4,"Dujiangyan, Sichuan, China",CH,CH32,13270,31.0167,103.633,-1904597,4,"Dujiangyan, Sichuan, China",CH,CH32,13270,31.0167,103.633,-1904597,4,"Dujiangyan, Sichuan, China",CH,CH32,13270,31.0167,103.633,-1904597,20181031080000,Consult,Verbal cooperation
798867220,20181031,201810,CHN,CHINA,CHN,,,,,,,,USA,UNITED STATES,USA,,,,,,,,1,061,061,06,2,6.4,10,1,10,-2.69541778975742,1,China,CH,CH,,35.0,105.0,CH,1,China,CH,CH,,35.0,105.0,CH,1,China,CH,CH,,35.0,105.0,CH,20181031081500,Engage in material cooperation,Material cooperation
798869924,20181031,201810,CHN,CHINA,CHN,,,,,,,,USACVL,BROOKINGS INSTITUT,USA,,,,,CVL,,,1,043,043,04,1,2.8,7,1,7,-3.39892665474061,3,"Washington, District of Columbia, United States",US,USDC,DC001,38.8951,-77.0364,531871,4,"Beijing, Beijing, China",CH,CH22,13001,39.9289,116.388,-1898541,3,"Washington, District of Columbia, United States",US,USDC,DC001,38.8951,-77.0364,531871,20181031083000,Consult,Verbal cooperation
798872914,20181031,201810,CHN,CHINA,CHN,,,,,,,,USA,TEXAS,USA,,,,,,,,1,043,043,04,1,2.8,8,1,8,1.99501246882793,1,China,CH,CH,,35.0,105.0,CH,2,"Texas, United States",US,USTX,,31.106,-97.6475,TX,1,China,CH,CH,,35.0,105.0,CH,20181031084500,Consult,Verbal cooperation
798872916,20181031,201810,CHN,BEIJING,CHN,,,,,,,,USA,UNITED STATES,USA,,,,,,,,1,154,154,15,4,-7.2,8,1,8,-6.83760683760684,4,"Beijing, Beijing, China",CH,CH22,13001,39.9289,116.388,-1898541,3,"Washington, District of Columbia, United States",US,USDC,DC001,38.8951,-77.0364,531871,4,"Guangdong, Jilin, China",CH,CH05,13176,42.7683,129.336,10884162,20181031084500,Exhibit force posture,Material conflict
798873928,20181031,201810,USA,TEXAS,USA,,,,,,,,CHN,CHINA,CHN,,,,,,,,1,042,042,04,1,1.9,8,1,8,1.99501246882793,2,"Texas, United States",US,USTX,,31.106,-97.6475,TX,1,China,CH,CH,,35.0,105.0,CH,1,China,CH,CH,,35.0,105.0,CH,20181031084500,Consult,Verbal cooperation
798875553,20181031,201810,CHN,SHANGHAI,CHN,,,,,,,,MNCUSA,DISNEY,USA,,,,,MNC,,,1,036,036,03,1,4.0,10,1,10,-5.08083140877598,4,"Shanghai, Shanghai, China",CH,CH23,13243,31.2222,121.458,-1924465,4,"Shanghai, Shanghai, China",CH,CH23,13243,31.2222,121.458,-1924465,4,"Shanghai, Shanghai, China",CH,CH23,13243,31.2222,121.458,-1924465,20181031090000,Express intent to cooperate,Verbal cooperation
798876403,20181031,201810,MNCUSA,DISNEY,USA,,,,,MNC,,,CHN,SHANGHAI,CHN,,,,,,,,1,036,036,03,1,4.0,8,1,8,-5.08083140877598,4,"Shanghai, Shanghai, China",CH,CH23,13243,31.2222,121.458,-1924465,4,"Shanghai, Shanghai, China",CH,CH23,13243,31.2222,121.458,-1924465,4,"Shanghai, Shanghai, China",CH,CH23,13243,31.2222,121.458,-1924465,20181031090000,Express intent to cooperate,Verbal cooperation
798879190,20181031,201810,MNCUSAMED,GOOGLE,USA,,,,,MNC,MED,,CHN,CHINA,CHN,,,,,,,,1,090,090,09,2,-2.0,10,1,10,-1.71673819742489,4,"Yang Ge, Guangdong, China",CH,CH30,13163,24.6943,116.414,10073147,4,"Yang Ge, Guangdong, China",CH,CH30,13163,24.6943,116.414,10073147,4,"Yang Ge, Guangdong, China",CH,CH30,13163,24.6943,116.414,10073147,20181031091500,Investigate,Material cooperation
798879610,20181031,201810,USAGOV,US GOVERNMENT,USA,,,,,GOV,,,CHN,CHINESE,CHN,,,,,,,,1,112,112,11,3,-2.0,10,1,10,-5.99250936329588,2,"Ohio, United States",US,USOH,,40.3736,-82.7755,OH,2,"Ohio, United States",US,USOH,,40.3736,-82.7755,OH,2,"Ohio, United States",US,USOH,,40.3736,-82.7755,OH,20181031091500,Disapprove,Verbal conflict
798886829,20181031,201810,CHN,CHINESE,CHN,,,,,,,,USAMED,REUTERS,USA,,,,,MED,,,1,010,010,01,1,0.0,6,1,6,-8.86075949367089,4,"Beijing, Beijing, China",CH,CH22,13001,39.9289,116.388,-1898541,4,"Beijing, Beijing, China",CH,CH22,13001,39.9289,116.388,-1898541,4,"Jilin, Jilin, China",CH,CH05,13169,43.8508,126.56,-1912247,20181031100000,Make public statement,Verbal cooperation
798892572,20171031,201710,CHNCVL,CHINESE,CHN,,,,,CVL,,,USA,UNITED STATES,USA,,,,,,,,1,042,042,04,1,1.9,6,1,6,-2.15924426450742,3,"Washington, District of Columbia, United States",US,USDC,DC001,38.8951,-77.0364,531871,3,"Los Angeles, California, United States",US,USCA,,34.0522,-118.244,1662328,3,"Los Angeles, California, United States",US,USCA,,34.0522,-118.244,1662328,20181031103000,Consult,Verbal cooperation
798892585,20171031,201710,USA,UNITED STATES,USA,,,,,,,,CHNCVL,CHINESE,CHN,,,,,CVL,,,1,043,043,04,1,2.8,10,1,7,-2.15924426450742,3,"Washington, District of Columbia, United States",US,USDC,DC001,38.8951,-77.0364,531871,4,"Beijing, Beijing, China",CH,CH22,13001,39.9289,116.388,-1898541,3,"Washington, District of Columbia, United States",US,USDC,DC001,38.8951,-77.0364,531871,20181031103000,Consult,Verbal cooperation
798907706,20181031,201810,USA,THE US,USA,,,,,,,,CHNSPY,CHINESE,CHN,,,,,SPY,,,1,173,173,17,4,-5.0,6,1,6,-6.94444444444446,4,"Suzhou, Jiangsu, China",CH,CH04,13148,31.3114,120.618,79514,4,"Suzhou, Jiangsu, China",CH,CH04,13148,31.3114,120.618,79514,4,"Suzhou, Jiangsu, China",CH,CH04,13148,31.3114,120.618,79514,20181031113000,Coerce,Material conflict
798912469,20181031,201810,CHN,CHINA,CHN,,,,,,,,USA,UNITED STATES,USA,,,,,,,,1,120,120,12,3,-4.0,6,1,6,-0.12853470437018,1,China,CH,CH,,35.0,105.0,CH,2,"California, United States",US,USCA,,36.17,-119.746,CA,2,"California, United States",US,USCA,,36.17,-119.746,CA,20181031120000,Reject,Verbal conflict
798913781,20181031,201810,USA,DALLAS,USA,,,,,,,,CHN,JIANGSU,CHN,,,,,,,,1,061,061,06,2,6.4,8,1,8,2.50368188512519,4,"Lianshui, Shaanxi, China",CH,CH26,13221,32.9322,106.828,-1914847,4,"Huaian, Fujian, China",CH,CH07,13005,26.1014,119.223,8034853,4,"Huaian, Fujian, China",CH,CH07,13005,26.1014,119.223,8034853,20181031120000,Engage in material cooperation,Material cooperation
798920725,20181031,201810,USA,UNITED STATES,USA,,,,,,,,CHNCVL,CHINESE,CHN,,,,,CVL,,,1,173,173,17,4,-5.0,6,1,6,-4.41176470588236,1,United States,US,US,,39.828175,-98.5795,US,1,United States,US,US,,39.828175,-98.5795,US,1,United States,US,US,,39.828175,-98.5795,US,20181031123000,Coerce,Material conflict
798920726,20181031,201810,USA,THE US,USA,,,,,,,,CHNGOV,CHINESE,CHN,,,,,GOV,,,1,112,112,11,3,-2.0,6,1,6,-4.41176470588236,1,United States,US,US,,39.828175,-98.5795,US,1,China,CH,CH,,35.0,105.0,CH,1,China,CH,CH,,35.0,105.0,CH,20181031123000,Disapprove,Verbal conflict
798926117,20181031,201810,CHN,CHINA,CHN,,,,,,,,USA,UNITED STATES,USA,,,,,,,,1,017,017,01,1,0.0,6,1,6,4.09836065573771,4,"Beijing, Beijing, China",CH,CH22,13001,39.9289,116.388,-1898541,3,"Washington, District of Columbia, United States",US,USDC,DC001,38.8951,-77.0364,531871,3,"Washington, District of Columbia, United States",US,USDC,DC001,38.8951,-77.0364,531871,20181031130000,Make public statement,Verbal cooperation
798927600,20181031,201810,USA,WASHINGTON,USA,,,,,,,,CHN,CHINA,CHN,,,,,,,,1,012,012,01,1,-0.4,10,1,10,4.09836065573771,3,"Washington, District of Columbia, United States",US,USDC,DC001,38.8951,-77.0364,531871,4,"Beijing, Beijing, China",CH,CH22,13001,39.9289,116.388,-1898541,3,"Washington, District of Columbia, United States",US,USDC,DC001,38.8951,-77.0364,531871,20181031130000,Make public statement,Verbal cooperation
798927602,20181031,201810,USA,WASHINGTON,USA,,,,,,,,CHN,CHINA,CHN,,,,,,,,1,100,100,10,3,-5.0,10,1,10,4.09836065573771,4,"Beijing, Beijing, China",CH,CH22,13001,39.9289,116.388,-1898541,3,"Washington, District of Columbia, United States",US,USDC,DC001,38.8951,-77.0364,531871,3,"Washington, District of Columbia, United States",US,USDC,DC001,38.8951,-77.0364,531871,20181031130000,Demand,Verbal conflict
798927603,20181031,201810,USA,THE US,USA,,,,,,,,CHNMIL,CHINESE,CHN,,,,,MIL,,,1,020,020,02,1,3.0,6,1,6,-0.22779043280182,4,"Taipei, T'ai-pei, Taiwan",TW,TW03,13277,25.0478,121.532,-2637882,1,China,CH,CH,,35.0,105.0,CH,2,"Maryland, United States",US,USMD,,39.0724,-76.7902,MD,20181031130000,Appeal,Verbal cooperation
798934606,20181031,201810,USA,UTAH,USA,,,,,,,,CHN,CHINESE,CHN,,,,,,,,1,111,111,11,3,-2.0,10,1,10,-1.61904761904762,4,"Sierra Nevada, San Luis PotosíX, Mexico",MX,MX24,20887,24.0667,-100.667,-3858705,4,"Sierra Nevada, San Luis PotosíX, Mexico",MX,MX24,20887,24.0667,-100.667,-3858705,4,"Sierra Nevada, San Luis PotosíX, Mexico",MX,MX24,20887,24.0667,-100.667,-3858705,20181031133000,Disapprove,Verbal conflict
798941920,20181031,201810,USA,THE US,USA,,,,,,,,CHN,CHINA,CHN,,,,,,,,1,061,061,06,2,6.4,10,1,10,0.0,4,"Philippine, Benguet, Philippines",RP,RP10,24213,16.45,120.55,-2445611,1,China,CH,CH,,35.0,105.0,CH,4,"Philippine, Benguet, Philippines",RP,RP10,24213,16.45,120.55,-2445611,20181031140000,Engage in material cooperation,Material cooperation
798941924,20181031,201810,USA,WASHINGTON,USA,,,,,,,,CHNSPY,CHINESE,CHN,,,,,SPY,,,1,173,173,17,4,-5.0,6,1,6,-3.45423143350604,4,"Nanjing, Jiangsu, China",CH,CH04,13144,32.0617,118.778,-1919548,4,"Nanjing, Jiangsu, China",CH,CH04,13144,32.0617,118.778,-1919548,4,"Nanjing, Jiangsu, China",CH,CH04,13144,32.0617,118.778,-1919548,20181031140000,Coerce,Material conflict
798942105,20181031,201810,USABUS,AMERICAN,USA,,,,,BUS,,,CHNSPY,CHINESE,CHN,,,,,SPY,,,1,010,010,01,1,0.0,6,1,6,-8.60215053763445,1,United States,US,US,,39.828175,-98.5795,US,1,China,CH,CH,,35.0,105.0,CH,1,United States,US,US,,39.828175,-98.5795,US,20181031140000,Make public statement,Verbal cooperation
798942106,20181031,201810,USABUS,AMERICAN,USA,,,,,BUS,,,CHNSPY,CHINESE,CHN,,,,,SPY,,,1,112,112,11,3,-2.0,6,1,6,-8.60215053763445,1,China,CH,CH,,35.0,105.0,CH,1,China,CH,CH,,35.0,105.0,CH,1,China,CH,CH,,35.0,105.0,CH,20181031140000,Disapprove,Verbal conflict
798967192,20181031,201810,CHN,CHINA,CHN,,,,,,,,USA,THE US,USA,,,,,,,,1,040,040,04,1,1.0,6,1,6,2.2038567493113,1,South Korea,KS,KS,,37.0,127.5,KS,1,South Korea,KS,KS,,37.0,127.5,KS,1,South Korea,KS,KS,,37.0,127.5,KS,20181031154500,Consult,Verbal cooperation
798968848,20181031,201810,USA,THE US,USA,,,,,,,,CHN,CHINA,CHN,,,,,,,,1,040,040,04,1,1.0,6,1,6,2.2038567493113,1,China,CH,CH,,35.0,105.0,CH,1,China,CH,CH,,35.0,105.0,CH,1,China,CH,CH,,35.0,105.0,CH,20181031154500,Consult,Verbal cooperation
798970993,20181031,201810,CHN,CHINA,CHN,,,,,,,,USA,UNITED STATES,USA,,,,,,,,1,046,046,04,1,7.0,6,1,6,-3.33333333333333,4,"Beijing, Beijing, China",CH,CH22,13001,39.9289,116.388,-1898541,3,"White House, District of Columbia, United States",US,USDC,,38.8951,-77.0364,531871,1,Taiwan,TW,TW,,24.0,121.0,TW,20181031160000,Consult,Verbal cooperation
798970994,20181031,201810,CHN,CHINESE,CHN,,,,,,,,USA,UNITED STATES,USA,,,,,,,,1,061,061,06,2,6.4,10,1,10,1.31578947368421,1,Canada,CA,CA,,60.0,-96.0,CA,1,Canada,CA,CA,,60.0,-96.0,CA,1,Canada,CA,CA,,60.0,-96.0,CA,20181031160000,Engage in material cooperation,Material cooperation
798972590,20181031,201810,USA,SAN DIEGO,USA,,,,,,,,CHNGOV,CHINESE,CHN,,,,,GOV,,,1,040,040,04,1,1.0,6,1,6,-2.77777777777778,3,"San Diego, California, United States",US,USCA,CA073,32.7153,-117.157,1661377,1,China,CH,CH,,35.0,105.0,CH,1,China,CH,CH,,35.0,105.0,CH,20181031160000,Consult,Verbal cooperation
798972592,20181031,201810,USA,SAN DIEGO,USA,,,,,,,,CHNGOV,CHINESE,CHN,,,,,GOV,,,1,090,090,09,2,-2.0,6,1,6,-2.77777777777778,3,"San Diego, California, United States",US,USCA,CA073,32.7153,-117.157,1661377,1,China,CH,CH,,35.0,105.0,CH,3,"San Diego, California, United States",US,USCA,,32.7153,-117.157,1661377,20181031160000,Investigate,Material cooperation
798972593,20181031,201810,USA,THE US,USA,,,,,,,,CHNSPY,CHINESE,CHN,,,,,SPY,,,1,173,173,17,4,-5.0,6,1,6,-2.77777777777778,1,China,CH,CH,,35.0,105.0,CH,1,China,CH,CH,,35.0,105.0,CH,1,China,CH,CH,,35.0,105.0,CH,20181031160000,Coerce,Material conflict
798976612,20181031,201810,USA,UNITED STATES,USA,,,,,,,,CHN,CHINESE,CHN,,,,,,,,1,173,173,17,4,-5.0,8,1,8,-6.46950092421442,4,"Shanghai, Shanghai, China",CH,CH23,13243,31.2222,121.458,-1924465,4,"Shanghai, Shanghai, China",CH,CH23,13243,31.2222,121.458,-1924465,4,"Shanghai, Shanghai, China",CH,CH23,13243,31.2222,121.458,-1924465,20181031161500,Coerce,Material conflict
798978760,20181031,201810,CHN,CHINESE,CHN,,,,,,,,MNCUSAMED,GOOGLE,USA,,,,,MNC,MED,,1,013,013,01,1,0.4,10,1,10,1.00671140939598,4,"Beijing, Beijing, China",CH,CH22,13001,39.9289,116.388,-1898541,4,"Beijing, Beijing, China",CH,CH22,13001,39.9289,116.388,-1898541,4,"Beijing, Beijing, China",CH,CH22,13001,39.9289,116.388,-1898541,20181031163000,Make public statement,Verbal cooperation
798986440,20181031,201810,CHNSPY,CHINESE,CHN,,,,,SPY,,,USAMIL,A US,USA,,,,,MIL,,,1,173,173,17,4,-5.0,6,1,6,-5.03432494279176,4,"Lu Kang, Anhui, China",CH,CH01,13144,31.2728,118.337,-1916844,4,"Lu Kang, Anhui, China",CH,CH01,13144,31.2728,118.337,-1916844,4,"Lu Kang, Anhui, China",CH,CH01,13144,31.2728,118.337,-1916844,20181031170000,Coerce,Material conflict
798988300,20181031,201810,USA,UNITED STATES,USA,,,,,,,,CHNGOV,CHINESE,CHN,,,,,GOV,,,1,112,112,11,3,-2.0,6,1,6,-2.15311004784689,1,Australia,AS,AS,,-25.0,135.0,AS,1,China,CH,CH,,35.0,105.0,CH,1,Australia,AS,AS,,-25.0,135.0,AS,20181031170000,Disapprove,Verbal conflict
798990566,20181031,201810,CHN,BEIJING,CHN,,,,,,,,USA,THE US,USA,,,,,,,,1,111,111,11,3,-2.0,8,1,8,-1.0507880910683,4,"Beijing, Beijing, China",CH,CH22,13001,39.9289,116.388,-1898541,4,"Lu Kang, Zhanghua Xian, Taiwan",TW,TW05,13277,24.0558,120.435,-2633646,4,"Beijing, Beijing, China",CH,CH22,13001,39.9289,116.388,-1898541,20181031171500,Disapprove,Verbal conflict
798992100,20181031,201810,USA,NEW YORK,USA,,,,,,,,CHN,CHINA,CHN,,,,,,,,1,010,010,01,1,0.0,10,1,10,-2.39520958083833,2,"New York, United States",US,USNY,,42.1497,-74.9384,NY,2,"New York, United States",US,USNY,,42.1497,-74.9384,NY,2,"New York, United States",US,USNY,,42.1497,-74.9384,NY,20181031171500,Make public statement,Verbal cooperation
799017635,20181031,201810,USA,THE US,USA,,,,,,,,CHN,CHINA,CHN,,,,,,,,1,010,010,01,1,0.0,8,1,8,-5.26315789473684,4,"Beijing, Beijing, China",CH,CH22,13001,39.9289,116.388,-1898541,4,"Beijing, Beijing, China",CH,CH22,13001,39.9289,116.388,-1898541,4,"Beijing, Beijing, China",CH,CH22,13001,39.9289,116.388,-1898541,20181031190000,Make public statement,Verbal cooperation
799035565,20181031,201810,CHN,CHINA,CHN,,,,,,,,USA,THE US,USA,,,,,,,,1,080,080,08,2,5.0,6,1,6,-2.55102040816327,4,"Beijing, Beijing, China",CH,CH22,13001,39.9289,116.388,-1898541,4,"Beijing, Beijing, China",CH,CH22,13001,39.9289,116.388,-1898541,4,"Beijing, Beijing, China",CH,CH22,13001,39.9289,116.388,-1898541,20181031203000,Yield,Material cooperation
799035569,20181031,201810,CHN,CHINA,CHN,,,,,,,,USA,THE US,USA,,,,,,,,1,110,110,11,3,-2.0,8,1,8,-0.76530612244898,1,China,CH,CH,,35.0,105.0,CH,1,China,CH,CH,,35.0,105.0,CH,1,South Korea,KS,KS,,37.0,127.5,KS,20181031203000,Disapprove,Verbal conflict
799036728,20181031,201810,USA,THE US,USA,,,,,,,,CHN,CHINA,CHN,,,,,,,,1,110,110,11,3,-2.0,8,1,8,-0.76530612244898,1,China,CH,CH,,35.0,105.0,CH,1,China,CH,CH,,35.0,105.0,CH,1,South Korea,KS,KS,,37.0,127.5,KS,20181031203000,Disapprove,Verbal conflict
799036730,20181031,201810,USA,WASHINGTON,USA,,,,,,,,CHN,FUJIAN,CHN,,,,,,,,1,112,112,11,3,-2.0,8,1,8,-2.08845208845209,3,"Washington, District of Columbia, United States",US,USDC,DC001,38.8951,-77.0364,531871,4,"Shanghai, Shanghai, China",CH,CH23,13243,31.2222,121.458,-1924465,4,"Shanghai, Shanghai, China",CH,CH23,13243,31.2222,121.458,-1924465,20181031203000,Disapprove,Verbal conflict
799036731,20181031,201810,USA,WASHINGTON,USA,,,,,,,,CHN,CHINESE,CHN,,,,,,,,1,172,172,17,4,-5.0,8,1,8,-2.08845208845209,4,"Beijing, Beijing, China",CH,CH22,13001,39.9289,116.388,-1898541,4,"Beijing, Beijing, China",CH,CH22,13001,39.9289,116.388,-1898541,4,"Beijing, Beijing, China",CH,CH22,13001,39.9289,116.388,-1898541,20181031203000,Coerce,Material conflict
799036732,20181031,201810,USA,A US,USA,,,,,,,,CHN,FUJIAN,CHN,,,,,,,,1,172,172,17,4,-5.0,10,1,10,-2.08845208845209,4,"Shanghai, Shanghai, China",CH,CH23,13243,31.2222,121.458,-1924465,4,"Shanghai, Shanghai, China",CH,CH23,13243,31.2222,121.458,-1924465,4,"Shanghai, Shanghai, China",CH,CH23,13243,31.2222,121.458,-1924465,20181031203000,Coerce,Material conflict
799038290,20181031,201810,CHN,CHINESE,CHN,,,,,,,,USA,OHIO,USA,,,,,,,,1,084,084,08,2,7.0,7,1,7,-1.7921146953405,1,China,CH,CH,,35.0,105.0,CH,2,"Ohio, United States",US,USOH,,40.3736,-82.7755,OH,2,"Ohio, United States",US,USOH,,40.3736,-82.7755,OH,20181031204500,Yield,Material cooperation
799038291,20181031,201810,CHN,CHINESE,CHN,,,,,,,,USA,CINCINNATI,USA,,,,,,,,1,090,090,09,2,-2.0,10,1,10,-1.7921146953405,3,"Chicago, Illinois, United States",US,USIL,IL031,41.85,-87.6501,423587,3,"Chicago, Illinois, United States",US,USIL,IL031,41.85,-87.6501,423587,3,"Chicago, Illinois, United States",US,USIL,IL031,41.85,-87.6501,423587,20181031204500,Investigate,Material cooperation
799039692,20181031,201810,USA,SAN FRANCISCO,USA,,,,,,,,CHN,CHINA,CHN,,,,,,,,1,043,043,04,1,2.8,6,1,6,-1.81818181818181,3,"San Francisco, California, United States",US,USCA,CA075,37.7749,-122.419,277593,1,China,CH,CH,,35.0,105.0,CH,1,China,CH,CH,,35.0,105.0,CH,20181031204500,Consult,Verbal cooperation
799039696,20181031,201810,USA,UNITED STATES,USA,,,,,,,,CHN,CHINA,CHN,,,,,,,,1,160,160,16,4,-4.0,10,1,10,-1.81818181818181,3,"San Francisco, California, United States",US,USCA,CA075,37.7749,-122.419,277593,1,China,CH,CH,,35.0,105.0,CH,3,"San Francisco, California, United States",US,USCA,,37.7749,-122.419,277593,20181031204500,Reduce relations,Material conflict
799041328,20181031,201810,CHNGOVHLH,MATTHEW CHEUNG KIN CHUNG,CHN,,,,,GOV,HLH,,USA,UNITED STATES,USA,,,,,,,,1,050,050,05,1,3.5,6,1,6,-1.28205128205129,1,United States,US,US,,39.828175,-98.5795,US,1,United States,US,US,,39.828175,-98.5795,US,1,United States,US,US,,39.828175,-98.5795,US,20181031210000,Engage in diplomatic cooperation,Verbal cooperation
799042589,20181031,201810,USA,UNITED STATES,USA,,,,,,,,CHNGOVHLH,MATTHEW CHEUNG KIN CHUNG,CHN,,,,,GOV,HLH,,1,050,050,05,1,3.5,6,1,6,-1.28205128205129,1,United States,US,US,,39.828175,-98.5795,US,1,United States,US,US,,39.828175,-98.5795,US,1,United States,US,US,,39.828175,-98.5795,US,20181031210000,Engage in diplomatic cooperation,Verbal cooperation
799045717,20181031,201810,USA,UNITED STATES,USA,,,,,,,,CHN,CHINA,CHN,,,,,,,,1,010,010,01,1,0.0,6,1,6,-1.52671755725191,2,"South Dakota, United States",US,USSD,,44.2853,-99.4632,SD,2,"South Dakota, United States",US,USSD,,44.2853,-99.4632,SD,2,"South Dakota, United States",US,USSD,,44.2853,-99.4632,SD,20181031211500,Make public statement,Verbal cooperation
799062145,20181031,201810,USA,UNITED STATES,USA,,,,,,,,CHN,CHINESE,CHN,,,,,,,,1,026,026,02,1,4.0,8,1,8,-0.233726518130185,3,"Washington, District of Columbia, United States",US,USDC,DC001,38.8951,-77.0364,531871,3,"Washington, District of Columbia, United States",US,USDC,DC001,38.8951,-77.0364,531871,3,"Washington, District of Columbia, United States",US,USDC,DC001,38.8951,-77.0364,531871,20181031224500,Appeal,Verbal cooperation
799070074,20181031,201810,USA,WASHINGTON,USA,,,,,,,,CHN,CHINESE,CHN,,,,,,,,1,012,012,01,1,-0.4,8,1,8,-0.43499275012083,5,"Plateau State, Plateau, Nigeria",NI,NI49,23046,9.16667,9.75,-2024992,1,Rwanda,RW,RW,,-2.0,30.0,RW,5,"Plateau State, Plateau, Nigeria",NI,NI49,23046,9.16667,9.75,-2024992,20181031233000,Make public statement,Verbal cooperation
799071559,20181031,201810,CHNGOV,CHINA,CHN,,,,,GOV,,,USA,UNITED STATES,USA,,,,,,,,1,112,112,11,3,-2.0,8,1,8,-5.52845528455285,4,"Jinhua, Zhejiang, China",CH,CH02,13319,30.1952,120.471,11005723,1,United States,US,US,,39.828175,-98.5795,US,1,United States,US,US,,39.828175,-98.5795,US,20181031234500,Disapprove,Verbal conflict
799072747,20181031,201810,USAMED,REUTERS,USA,,,,,MED,,,CHN,CHINA,CHN,,,,,,,,1,012,012,01,1,-0.4,8,1,8,-5.52845528455285,4,"Jinhua, Zhejiang, China",CH,CH02,13319,30.1952,120.471,11005723,4,"Jinhua, Zhejiang, China",CH,CH02,13319,30.1952,120.471,11005723,4,"Jinhua, Zhejiang, China",CH,CH02,13319,30.1952,120.471,11005723,20181031234500,Make public statement,Verbal cooperation
